timestamp_local,timestamp_epoch_s,x_mg,y_mg,z_mg
2026-09-13 19:49:58.965,1789339798.965792,-139,-967,109
2026-09-13 19:49:58.985,1789339798.985792,-140,-969,98
2026-09-13 19:49:59.005,1789339799.005792,-139,-970,105
2026-09-13 19:49:59.025,1789339799.025792,-140,-970,99
2026-09-13 19:49:59.045,1789339799.0457919,-140,-972,113
2026-09-13 19:49:59.065,1789339799.0657918,-142,-972,119
2026-09-13 19:49:59.085,1789339799.0857918,-142,-969,115
2026-09-13 19:49:59.105,1789339799.105792,-142,-967,114
2026-09-13 19:49:59.125,1789339799.125792,-143,-967,111
2026-09-13 19:49:59.145,1789339799.145792,-142,-968,106
2026-09-13 19:49:59.165,1789339799.165792,-142,-970,101
2026-09-13 19:49:59.185,1789339799.185792,-143,-973,107
2026-09-13 19:49:59.205,1789339799.205792,-142,-973,106
2026-09-13 19:49:59.225,1789339799.225792,-143,-971,110
2026-09-13 19:49:59.245,1789339799.245792,-143,-971,111
2026-09-13 19:49:59.265,1789339799.265792,-143,-967,119
2026-09-13 19:49:59.285,1789339799.2857919,-142,-965,120
2026-09-13 19:49:59.305,1789339799.3057919,-144,-967,119
2026-09-13 19:49:59.325,1789339799.3257918,-143,-966,120
2026-09-13 19:49:59.345,1789339799.345792,-143,-966,116
2026-09-13 19:49:59.365,1789339799.365792,-142,-967,122
2026-09-13 19:49:59.385,1789339799.385792,-143,-967,122
2026-09-13 19:49:59.405,1789339799.405792,-144,-968,125
2026-09-13 19:49:59.425,1789339799.425792,-145,-965,127
2026-09-13 19:49:59.445,1789339799.445792,-145,-968,128
2026-09-13 19:49:59.465,1789339799.465792,-146,-967,126
2026-09-13 19:49:59.485,1789339799.485792,-144,-972,119
2026-09-13 19:49:59.505,1789339799.505792,-142,-972,111
2026-09-13 19:49:59.525,1789339799.525792,-140,-970,107
2026-09-13 19:49:59.545,1789339799.5457919,-143,-967,116
2026-09-13 19:49:59.565,1789339799.5657918,-144,-969,122
2026-09-13 19:49:59.585,1789339799.5857918,-144,-972,116
2026-09-13 19:49:59.605,1789339799.605792,-142,-974,97
2026-09-13 19:49:59.625,1789339799.625792,-139,-975,120
2026-09-13 19:49:59.645,1789339799.645792,-141,-974,129
2026-09-13 19:49:59.665,1789339799.665792,-143,-969,105
2026-09-13 19:49:59.673,1789339799.6732602,-141,-970,104
2026-09-13 19:49:59.693,1789339799.6932602,-140,-966,119
2026-09-13 19:49:59.713,1789339799.7132602,-144,-959,122
2026-09-13 19:49:59.733,1789339799.7332602,-146,-964,125
2026-09-13 19:49:59.753,1789339799.7532601,-148,-970,120
2026-09-13 19:49:59.773,1789339799.77326,-146,-971,116
2026-09-13 19:49:59.793,1789339799.79326,-143,-972,115
2026-09-13 19:49:59.813,1789339799.8132603,-141,-972,114
2026-09-13 19:49:59.833,1789339799.8332603,-140,-970,115
2026-09-13 19:49:59.853,1789339799.8532603,-141,-966,117
2026-09-13 19:49:59.873,1789339799.8732603,-141,-965,123
2026-09-13 19:49:59.893,1789339799.8932602,-141,-966,123
2026-09-13 19:49:59.913,1789339799.9132602,-142,-969,118
2026-09-13 19:49:59.933,1789339799.9332602,-142,-968,113
2026-09-13 19:49:59.953,1789339799.9532602,-140,-970,114
2026-09-13 19:49:59.973,1789339799.9732602,-140,-967,113
2026-09-13 19:49:59.993,1789339799.9932601,-142,-964,116
2026-09-13 19:50:00.013,1789339800.0132601,-144,-965,120
2026-09-13 19:50:00.033,1789339800.03326,-146,-965,122
2026-09-13 19:50:00.053,1789339800.0532603,-146,-967,120
2026-09-13 19:50:00.073,1789339800.0732603,-144,-969,116
2026-09-13 19:50:00.093,1789339800.0932603,-142,-969,114
2026-09-13 19:50:00.113,1789339800.1132603,-142,-969,113
2026-09-13 19:50:00.133,1789339800.1332603,-144,-970,111
2026-09-13 19:50:00.153,1789339800.1532602,-144,-971,110
2026-09-13 19:50:00.173,1789339800.1732602,-143,-970,107
2026-09-13 19:50:00.193,1789339800.1932602,-142,-974,106
2026-09-13 19:50:00.213,1789339800.2132602,-142,-973,109
2026-09-13 19:50:00.233,1789339800.2332602,-142,-970,107
2026-09-13 19:50:00.253,1789339800.2532601,-142,-970,108
2026-09-13 19:50:00.273,1789339800.27326,-142,-970,110
2026-09-13 19:50:00.293,1789339800.29326,-143,-968,114
2026-09-13 19:50:00.313,1789339800.3132603,-144,-970,114
2026-09-13 19:50:00.333,1789339800.3332603,-144,-972,115
2026-09-13 19:50:00.353,1789339800.3532603,-142,-971,114
2026-09-13 19:50:00.373,1789339800.3732603,-142,-969,111
2026-09-13 19:50:00.380,1789339800.3807895,-143,-970,114
2026-09-13 19:50:00.400,1789339800.4007895,-143,-970,113
2026-09-13 19:50:00.420,1789339800.4207895,-143,-969,112
2026-09-13 19:50:00.440,1789339800.4407895,-143,-968,116
2026-09-13 19:50:00.460,1789339800.4607894,-144,-967,117
2026-09-13 19:50:00.480,1789339800.4807894,-144,-968,116
2026-09-13 19:50:00.500,1789339800.5007894,-143,-968,117
2026-09-13 19:50:00.520,1789339800.5207896,-143,-967,112
2026-09-13 19:50:00.540,1789339800.5407896,-143,-967,115
2026-09-13 19:50:00.560,1789339800.5607896,-143,-968,120
2026-09-13 19:50:00.580,1789339800.5807896,-145,-965,116
2026-09-13 19:50:00.600,1789339800.6007895,-143,-968,103
2026-09-13 19:50:00.620,1789339800.6207895,-141,-972,121
2026-09-13 19:50:00.640,1789339800.6407895,-141,-973,125
2026-09-13 19:50:00.660,1789339800.6607895,-142,-969,109
2026-09-13 19:50:00.680,1789339800.6807895,-142,-972,102
2026-09-13 19:50:00.700,1789339800.7007895,-143,-966,117
2026-09-13 19:50:00.720,1789339800.7207894,-147,-961,116
2026-09-13 19:50:00.740,1789339800.7407894,-145,-968,115
2026-09-13 19:50:00.760,1789339800.7607896,-147,-971,117
2026-09-13 19:50:00.780,1789339800.7807896,-145,-972,113
2026-09-13 19:50:00.800,1789339800.8007896,-143,-970,111
2026-09-13 19:50:00.820,1789339800.8207896,-143,-970,114
2026-09-13 19:50:00.840,1789339800.8407896,-143,-971,114
2026-09-13 19:50:00.860,1789339800.8607895,-142,-970,117
2026-09-13 19:50:00.880,1789339800.8807895,-143,-969,116
2026-09-13 19:50:00.900,1789339800.9007895,-143,-967,120
2026-09-13 19:50:00.920,1789339800.9207895,-144,-971,120
2026-09-13 19:50:00.940,1789339800.9407895,-142,-963,116
2026-09-13 19:50:00.960,1789339800.9607894,-142,-970,119
2026-09-13 19:50:00.980,1789339800.9807894,-144,-969,120
2026-09-13 19:50:01.000,1789339801.0007894,-144,-968,118
2026-09-13 19:50:01.020,1789339801.0207896,-145,-969,122
2026-09-13 19:50:01.040,1789339801.0407896,-146,-967,126
2026-09-13 19:50:01.060,1789339801.0607896,-146,-966,124
2026-09-13 19:50:01.080,1789339801.0807896,-146,-966,125
2026-09-13 19:50:01.088,1789339801.0884104,-146,-966,124
2026-09-13 19:50:01.108,1789339801.1084104,-144,-967,120
2026-09-13 19:50:01.128,1789339801.1284103,-144,-968,122
2026-09-13 19:50:01.148,1789339801.1484103,-144,-968,121
2026-09-13 19:50:01.168,1789339801.1684103,-145,-966,123
2026-09-13 19:50:01.188,1789339801.1884103,-144,-969,124
2026-09-13 19:50:01.208,1789339801.2084103,-144,-968,122
2026-09-13 19:50:01.228,1789339801.2284105,-144,-969,123
2026-09-13 19:50:01.248,1789339801.2484105,-144,-967,121
2026-09-13 19:50:01.268,1789339801.2684104,-144,-969,122
2026-09-13 19:50:01.288,1789339801.2884104,-145,-968,122
2026-09-13 19:50:01.308,1789339801.3084104,-146,-968,122
2026-09-13 19:50:01.328,1789339801.3284104,-146,-969,118
2026-09-13 19:50:01.348,1789339801.3484104,-145,-969,121
2026-09-13 19:50:01.368,1789339801.3684103,-149,-970,119
2026-09-13 19:50:01.388,1789339801.3884103,-146,-970,118
2026-09-13 19:50:01.408,1789339801.4084103,-144,-971,122
2026-09-13 19:50:01.428,1789339801.4284103,-145,-968,120
2026-09-13 19:50:01.448,1789339801.4484103,-145,-969,117
2026-09-13 19:50:01.468,1789339801.4684105,-146,-969,118
2026-09-13 19:50:01.488,1789339801.4884105,-148,-970,121
2026-09-13 19:50:01.508,1789339801.5084105,-146,-967,129
2026-09-13 19:50:01.528,1789339801.5284104,-147,-966,106
2026-09-13 19:50:01.548,1789339801.5484104,-142,-973,124
2026-09-13 19:50:01.568,1789339801.5684104,-143,-974,125
2026-09-13 19:50:01.588,1789339801.5884104,-142,-975,122
2026-09-13 19:50:01.608,1789339801.6084104,-141,-970,113
2026-09-13 19:50:01.628,1789339801.6284103,-143,-968,124
2026-09-13 19:50:01.648,1789339801.6484103,-150,-960,132
2026-09-13 19:50:01.668,1789339801.6684103,-148,-963,131
2026-09-13 19:50:01.688,1789339801.6884103,-146,-966,129
2026-09-13 19:50:01.708,1789339801.7084103,-144,-967,129
2026-09-13 19:50:01.728,1789339801.7284105,-143,-969,128
2026-09-13 19:50:01.748,1789339801.7484105,-139,-971,125
2026-09-13 19:50:01.768,1789339801.7684104,-141,-967,128
2026-09-13 19:50:01.788,1789339801.7884104,-141,-966,127
2026-09-13 19:50:01.795,1789339801.7958176,-140,-964,130
2026-09-13 19:50:01.815,1789339801.8158176,-141,-964,132
2026-09-13 19:50:01.835,1789339801.8358176,-142,-969,128
2026-09-13 19:50:01.855,1789339801.8558176,-138,-966,130
2026-09-13 19:50:01.875,1789339801.8758175,-140,-967,117
2026-09-13 19:50:01.895,1789339801.8958175,-138,-970,128
2026-09-13 19:50:01.915,1789339801.9158175,-140,-965,122
2026-09-13 19:50:01.935,1789339801.9358177,-140,-969,126
2026-09-13 19:50:01.955,1789339801.9558177,-141,-970,127
2026-09-13 19:50:01.975,1789339801.9758177,-142,-969,129
2026-09-13 19:50:01.995,1789339801.9958177,-141,-968,123
2026-09-13 19:50:02.015,1789339802.0158176,-141,-969,119
2026-09-13 19:50:02.035,1789339802.0358176,-137,-970,122
2026-09-13 19:50:02.055,1789339802.0558176,-138,-967,125
2026-09-13 19:50:02.075,1789339802.0758176,-137,-969,123
2026-09-13 19:50:02.095,1789339802.0958176,-136,-966,118
2026-09-13 19:50:02.115,1789339802.1158175,-135,-967,115
2026-09-13 19:50:02.135,1789339802.1358175,-136,-971,115
2026-09-13 19:50:02.155,1789339802.1558175,-135,-970,113
2026-09-13 19:50:02.175,1789339802.1758177,-134,-971,111
2026-09-13 19:50:02.195,1789339802.1958177,-133,-971,109
2026-09-13 19:50:02.215,1789339802.2158177,-133,-971,116
2026-09-13 19:50:02.235,1789339802.2358177,-135,-971,108
2026-09-13 19:50:02.255,1789339802.2558177,-135,-968,111
2026-09-13 19:50:02.275,1789339802.2758176,-137,-969,110
2026-09-13 19:50:02.295,1789339802.2958176,-132,-968,120
2026-09-13 19:50:02.315,1789339802.3158176,-136,-969,107
2026-09-13 19:50:02.335,1789339802.3358176,-134,-972,86
2026-09-13 19:50:02.355,1789339802.3558176,-123,-977,120
2026-09-13 19:50:02.375,1789339802.3758175,-129,-975,110
2026-09-13 19:50:02.395,1789339802.3958175,-132,-969,106
2026-09-13 19:50:02.415,1789339802.4158175,-133,-965,96
2026-09-13 19:50:02.435,1789339802.4358177,-136,-969,107
2026-09-13 19:50:02.455,1789339802.4558177,-137,-970,105
2026-09-13 19:50:02.475,1789339802.4758177,-134,-975,99
2026-09-13 19:50:02.495,1789339802.4958177,-130,-976,102
2026-09-13 19:50:02.503,1789339802.5031028,-122,-973,103
2026-09-13 19:50:02.523,1789339802.5231028,-125,-968,108
2026-09-13 19:50:02.543,1789339802.5431027,-131,-969,110
2026-09-13 19:50:02.563,1789339802.5631027,-131,-971,106
2026-09-13 19:50:02.583,1789339802.5831027,-132,-971,99
2026-09-13 19:50:02.603,1789339802.6031027,-130,-971,94
2026-09-13 19:50:02.623,1789339802.6231027,-126,-975,92
2026-09-13 19:50:02.643,1789339802.643103,-124,-975,110
2026-09-13 19:50:02.663,1789339802.6631029,-125,-969,87
2026-09-13 19:50:02.683,1789339802.6831028,-128,-974,90
2026-09-13 19:50:02.703,1789339802.7031028,-132,-969,96
2026-09-13 19:50:02.723,1789339802.7231028,-132,-974,93
2026-09-13 19:50:02.743,1789339802.7431028,-129,-976,96
2026-09-13 19:50:02.763,1789339802.7631028,-129,-973,93
2026-09-13 19:50:02.783,1789339802.7831028,-130,-973,93
2026-09-13 19:50:02.803,1789339802.8031027,-130,-972,94
2026-09-13 19:50:02.823,1789339802.8231027,-132,-972,94
2026-09-13 19:50:02.843,1789339802.8431027,-131,-974,90
2026-09-13 19:50:02.863,1789339802.8631027,-127,-975,89
2026-09-13 19:50:02.883,1789339802.883103,-129,-971,88
2026-09-13 19:50:02.903,1789339802.9031029,-130,-972,86
2026-09-13 19:50:02.923,1789339802.9231029,-117,-974,91
2026-09-13 19:50:02.943,1789339802.9431028,-121,-972,91
2026-09-13 19:50:02.963,1789339802.9631028,-129,-972,90
2026-09-13 19:50:02.983,1789339802.9831028,-126,-973,85
2026-09-13 19:50:03.003,1789339803.0031028,-128,-975,85
2026-09-13 19:50:03.023,1789339803.0231028,-128,-975,87
2026-09-13 19:50:03.043,1789339803.0431027,-129,-974,64
2026-09-13 19:50:03.063,1789339803.0631027,-120,-979,74
2026-09-13 19:50:03.083,1789339803.0831027,-115,-978,90
2026-09-13 19:50:03.103,1789339803.1031027,-122,-979,74
2026-09-13 19:50:03.123,1789339803.1231027,-126,-972,71
2026-09-13 19:50:03.143,1789339803.143103,-130,-973,83
2026-09-13 19:50:03.163,1789339803.1631029,-130,-971,84
2026-09-13 19:50:03.183,1789339803.1831028,-131,-977,75
2026-09-13 19:50:03.203,1789339803.2031028,-128,-978,75
2026-09-13 19:50:03.210,1789339803.210571,-124,-978,76
2026-09-13 19:50:03.230,1789339803.230571,-118,-977,82
2026-09-13 19:50:03.250,1789339803.250571,-120,-975,77
2026-09-13 19:50:03.270,1789339803.270571,-114,-975,82
2026-09-13 19:50:03.290,1789339803.290571,-123,-974,83
2026-09-13 19:50:03.310,1789339803.310571,-127,-976,79
2026-09-13 19:50:03.330,1789339803.330571,-116,-977,80
2026-09-13 19:50:03.350,1789339803.3505712,-117,-977,78
2026-09-13 19:50:03.370,1789339803.3705711,-113,-972,88
2026-09-13 19:50:03.390,1789339803.390571,-106,-972,72
2026-09-13 19:50:03.410,1789339803.410571,-111,-975,72
2026-09-13 19:50:03.430,1789339803.430571,-115,-971,83
2026-09-13 19:50:03.450,1789339803.450571,-127,-972,76
2026-09-13 19:50:03.470,1789339803.470571,-129,-975,79
2026-09-13 19:50:03.490,1789339803.490571,-127,-977,76
2026-09-13 19:50:03.510,1789339803.510571,-125,-977,77
2026-09-13 19:50:03.530,1789339803.530571,-128,-976,65
2026-09-13 19:50:03.550,1789339803.550571,-125,-978,65
2026-09-13 19:50:03.570,1789339803.570571,-124,-978,66
2026-09-13 19:50:03.590,1789339803.5905712,-123,-978,72
2026-09-13 19:50:03.610,1789339803.6105711,-124,-978,71
2026-09-13 19:50:03.630,1789339803.6305711,-121,-977,74
2026-09-13 19:50:03.650,1789339803.650571,-119,-976,68
2026-09-13 19:50:03.670,1789339803.670571,-122,-973,71
2026-09-13 19:50:03.690,1789339803.690571,-125,-976,71
2026-09-13 19:50:03.710,1789339803.710571,-121,-977,76
2026-09-13 19:50:03.730,1789339803.730571,-122,-976,63
2026-09-13 19:50:03.750,1789339803.750571,-114,-977,66
2026-09-13 19:50:03.770,1789339803.770571,-114,-976,91
2026-09-13 19:50:03.790,1789339803.790571,-118,-978,78
2026-09-13 19:50:03.810,1789339803.810571,-121,-971,65
2026-09-13 19:50:03.830,1789339803.830571,-123,-973,75
2026-09-13 19:50:03.850,1789339803.8505712,-134,-969,80
2026-09-13 19:50:03.870,1789339803.8705711,-136,-972,72
2026-09-13 19:50:03.890,1789339803.890571,-131,-978,70
2026-09-13 19:50:03.910,1789339803.910571,-131,-978,70
2026-09-13 19:50:03.917,1789339803.9176424,-129,-979,72
2026-09-13 19:50:03.937,1789339803.9376423,-127,-978,73
2026-09-13 19:50:03.957,1789339803.9576423,-129,-975,72
2026-09-13 19:50:03.977,1789339803.9776423,-127,-974,71
2026-09-13 19:50:03.997,1789339803.9976423,-127,-973,77
2026-09-13 19:50:04.017,1789339804.0176423,-129,-975,75
2026-09-13 19:50:04.037,1789339804.0376422,-130,-976,77
2026-09-13 19:50:04.057,1789339804.0576425,-133,-973,87
2026-09-13 19:50:04.077,1789339804.0776424,-128,-971,67
2026-09-13 19:50:04.097,1789339804.0976424,-126,-977,80
2026-09-13 19:50:04.117,1789339804.1176424,-131,-966,71
2026-09-13 19:50:04.137,1789339804.1376424,-133,-973,80
2026-09-13 19:50:04.157,1789339804.1576424,-137,-977,83
2026-09-13 19:50:04.177,1789339804.1776423,-134,-975,83
2026-09-13 19:50:04.197,1789339804.1976423,-134,-973,85
2026-09-13 19:50:04.217,1789339804.2176423,-136,-972,80
2026-09-13 19:50:04.237,1789339804.2376423,-138,-973,81
2026-09-13 19:50:04.257,1789339804.2576423,-136,-974,87
2026-09-13 19:50:04.277,1789339804.2776423,-136,-973,83
2026-09-13 19:50:04.297,1789339804.2976425,-136,-973,81
2026-09-13 19:50:04.317,1789339804.3176425,-135,-973,84
2026-09-13 19:50:04.337,1789339804.3376424,-134,-974,85
2026-09-13 19:50:04.357,1789339804.3576424,-134,-974,83
2026-09-13 19:50:04.377,1789339804.3776424,-134,-970,81
2026-09-13 19:50:04.397,1789339804.3976424,-137,-970,89
2026-09-13 19:50:04.417,1789339804.4176424,-137,-972,98
2026-09-13 19:50:04.437,1789339804.4376423,-139,-969,81
2026-09-13 19:50:04.457,1789339804.4576423,-135,-973,79
2026-09-13 19:50:04.477,1789339804.4776423,-133,-973,93
2026-09-13 19:50:04.497,1789339804.4976423,-134,-974,102
2026-09-13 19:50:04.517,1789339804.5176423,-138,-969,74
2026-09-13 19:50:04.537,1789339804.5376422,-133,-975,75
2026-09-13 19:50:04.557,1789339804.5576425,-137,-975,91
2026-09-13 19:50:04.577,1789339804.5776424,-141,-970,91
2026-09-13 19:50:04.597,1789339804.5976424,-141,-969,96
2026-09-13 19:50:04.617,1789339804.6176424,-144,-965,94
2026-09-13 19:50:04.624,1789339804.6248972,-143,-967,91
2026-09-13 19:50:04.644,1789339804.6448972,-141,-974,90
2026-09-13 19:50:04.664,1789339804.6648972,-138,-976,86
2026-09-13 19:50:04.684,1789339804.6848972,-137,-975,84
2026-09-13 19:50:04.704,1789339804.7048972,-137,-975,88
2026-09-13 19:50:04.724,1789339804.7248971,-138,-972,93
2026-09-13 19:50:04.744,1789339804.7448971,-141,-973,91
2026-09-13 19:50:04.764,1789339804.7648973,-140,-970,100
2026-09-13 19:50:04.784,1789339804.7848973,-141,-965,87
2026-09-13 19:50:04.804,1789339804.8048973,-138,-973,94
2026-09-13 19:50:04.824,1789339804.8248973,-138,-970,90
2026-09-13 19:50:04.844,1789339804.8448973,-138,-971,100
2026-09-13 19:50:04.864,1789339804.8648973,-141,-972,107
2026-09-13 19:50:04.884,1789339804.8848972,-143,-969,104
2026-09-13 19:50:04.904,1789339804.9048972,-142,-968,101
2026-09-13 19:50:04.924,1789339804.9248972,-142,-969,99
2026-09-13 19:50:04.944,1789339804.9448972,-142,-971,103
2026-09-13 19:50:04.964,1789339804.9648972,-142,-972,103
2026-09-13 19:50:04.984,1789339804.9848971,-142,-969,104
2026-09-13 19:50:05.004,1789339805.0048974,-143,-969,102
2026-09-13 19:50:05.024,1789339805.0248973,-143,-971,104
2026-09-13 19:50:05.044,1789339805.0448973,-142,-971,104
2026-09-13 19:50:05.064,1789339805.0648973,-142,-972,101
2026-09-13 19:50:05.084,1789339805.0848973,-143,-961,111
2026-09-13 19:50:05.104,1789339805.1048973,-149,-959,124
2026-09-13 19:50:05.124,1789339805.1248972,-147,-967,112
2026-09-13 19:50:05.144,1789339805.1448972,-142,-966,102
2026-09-13 19:50:05.164,1789339805.1648972,-142,-969,100
2026-09-13 19:50:05.184,1789339805.1848972,-143,-971,96
2026-09-13 19:50:05.204,1789339805.2048972,-142,-972,93
2026-09-13 19:50:05.224,1789339805.2248971,-143,-972,108
2026-09-13 19:50:05.244,1789339805.2448971,-143,-975,108
2026-09-13 19:50:05.264,1789339805.2648973,-144,-974,112
2026-09-13 19:50:05.284,1789339805.2848973,-146,-971,87
2026-09-13 19:50:05.304,1789339805.3048973,-142,-974,116
2026-09-13 19:50:05.324,1789339805.3248973,-141,-972,124
2026-09-13 19:50:05.332,1789339805.3322434,-142,-971,109
2026-09-13 19:50:05.352,1789339805.3522434,-141,-974,96
2026-09-13 19:50:05.372,1789339805.3722434,-140,-975,108
2026-09-13 19:50:05.392,1789339805.3922434,-144,-962,116
2026-09-13 19:50:05.412,1789339805.4122434,-146,-964,122
2026-09-13 19:50:05.432,1789339805.4322433,-147,-963,123
2026-09-13 19:50:05.452,1789339805.4522433,-146,-968,117
2026-09-13 19:50:05.472,1789339805.4722435,-144,-972,111
2026-09-13 19:50:05.492,1789339805.4922435,-142,-971,112
2026-09-13 19:50:05.512,1789339805.5122435,-142,-972,114
2026-09-13 19:50:05.532,1789339805.5322435,-144,-967,116
2026-09-13 19:50:05.552,1789339805.5522435,-143,-963,117
2026-09-13 19:50:05.572,1789339805.5722435,-143,-962,120
2026-09-13 19:50:05.592,1789339805.5922434,-144,-965,114
2026-09-13 19:50:05.612,1789339805.6122434,-141,-961,111
2026-09-13 19:50:05.632,1789339805.6322434,-140,-971,108
2026-09-13 19:50:05.652,1789339805.6522434,-141,-971,106
2026-09-13 19:50:05.672,1789339805.6722434,-142,-969,105
2026-09-13 19:50:05.692,1789339805.6922433,-143,-968,113
2026-09-13 19:50:05.712,1789339805.7122436,-145,-967,115
2026-09-13 19:50:05.732,1789339805.7322435,-146,-969,111
2026-09-13 19:50:05.752,1789339805.7522435,-146,-971,104
2026-09-13 19:50:05.772,1789339805.7722435,-145,-971,102
2026-09-13 19:50:05.792,1789339805.7922435,-145,-968,103
2026-09-13 19:50:05.812,1789339805.8122435,-143,-971,101
2026-09-13 19:50:05.832,1789339805.8322434,-142,-973,98
2026-09-13 19:50:05.852,1789339805.8522434,-142,-972,97
2026-09-13 19:50:05.872,1789339805.8722434,-142,-970,98
2026-09-13 19:50:05.892,1789339805.8922434,-143,-969,102
2026-09-13 19:50:05.912,1789339805.9122434,-143,-971,102
2026-09-13 19:50:05.932,1789339805.9322433,-143,-971,101
2026-09-13 19:50:05.952,1789339805.9522433,-142,-970,97
2026-09-13 19:50:05.972,1789339805.9722435,-142,-973,92
2026-09-13 19:50:05.992,1789339805.9922435,-143,-973,93
2026-09-13 19:50:06.012,1789339806.0122435,-142,-969,100
2026-09-13 19:50:06.032,1789339806.0322435,-143,-969,99
2026-09-13 19:50:06.039,1789339806.0397422,-143,-973,98
2026-09-13 19:50:06.059,1789339806.0597422,-143,-974,95
2026-09-13 19:50:06.079,1789339806.0797422,-143,-973,93
2026-09-13 19:50:06.099,1789339806.0997422,-142,-970,99
2026-09-13 19:50:06.119,1789339806.1197422,-143,-969,99
2026-09-13 19:50:06.139,1789339806.1397421,-143,-972,99
2026-09-13 19:50:06.159,1789339806.159742,-142,-973,98
2026-09-13 19:50:06.179,1789339806.1797423,-141,-971,95
2026-09-13 19:50:06.199,1789339806.1997423,-142,-967,93
2026-09-13 19:50:06.219,1789339806.2197423,-141,-966,95
2026-09-13 19:50:06.239,1789339806.2397423,-142,-970,97
2026-09-13 19:50:06.259,1789339806.2597423,-143,-970,89
2026-09-13 19:50:06.279,1789339806.2797422,-140,-972,91
2026-09-13 19:50:06.299,1789339806.2997422,-140,-972,111
2026-09-13 19:50:06.319,1789339806.3197422,-142,-975,103
2026-09-13 19:50:06.339,1789339806.3397422,-140,-972,83
2026-09-13 19:50:06.359,1789339806.3597422,-141,-970,95
2026-09-13 19:50:06.379,1789339806.3797421,-143,-965,99
2026-09-13 19:50:06.399,1789339806.3997421,-145,-971,92
2026-09-13 19:50:06.419,1789339806.4197423,-144,-975,93
2026-09-13 19:50:06.439,1789339806.4397423,-145,-973,95
2026-09-13 19:50:06.459,1789339806.4597423,-144,-973,99
2026-09-13 19:50:06.479,1789339806.4797423,-142,-973,99
2026-09-13 19:50:06.499,1789339806.4997423,-142,-971,102
2026-09-13 19:50:06.519,1789339806.5197423,-141,-969,103
2026-09-13 19:50:06.539,1789339806.5397422,-141,-965,102
2026-09-13 19:50:06.559,1789339806.5597422,-140,-966,101
2026-09-13 19:50:06.579,1789339806.5797422,-140,-969,104
2026-09-13 19:50:06.599,1789339806.5997422,-139,-969,107
2026-09-13 19:50:06.619,1789339806.6197422,-139,-969,100
2026-09-13 19:50:06.639,1789339806.6397421,-139,-972,106
2026-09-13 19:50:06.659,1789339806.659742,-140,-969,102
2026-09-13 19:50:06.679,1789339806.6797423,-143,-967,105
2026-09-13 19:50:06.699,1789339806.6997423,-145,-967,112
2026-09-13 19:50:06.719,1789339806.7197423,-146,-965,111
2026-09-13 19:50:06.739,1789339806.7397423,-144,-965,111
2026-09-13 19:50:06.747,1789339806.74718,-144,-968,109
2026-09-13 19:50:06.767,1789339806.76718,-142,-969,104
2026-09-13 19:50:06.787,1789339806.78718,-142,-968,106
2026-09-13 19:50:06.807,1789339806.80718,-142,-970,101
2026-09-13 19:50:06.827,1789339806.82718,-142,-970,105
2026-09-13 19:50:06.847,1789339806.84718,-143,-971,101
2026-09-13 19:50:06.867,1789339806.8671799,-141,-973,103
2026-09-13 19:50:06.887,1789339806.88718,-140,-972,97
2026-09-13 19:50:06.907,1789339806.90718,-141,-972,102
2026-09-13 19:50:06.927,1789339806.92718,-141,-970,102
2026-09-13 19:50:06.947,1789339806.94718,-142,-968,105
2026-09-13 19:50:06.967,1789339806.96718,-144,-969,103
2026-09-13 19:50:06.987,1789339806.98718,-144,-970,106
2026-09-13 19:50:07.007,1789339807.00718,-142,-971,103
2026-09-13 19:50:07.027,1789339807.02718,-143,-970,103
2026-09-13 19:50:07.047,1789339807.04718,-142,-971,101
2026-09-13 19:50:07.067,1789339807.06718,-143,-969,102
2026-09-13 19:50:07.087,1789339807.08718,-144,-971,105
2026-09-13 19:50:07.107,1789339807.1071799,-143,-971,103
2026-09-13 19:50:07.127,1789339807.12718,-143,-971,109
2026-09-13 19:50:07.147,1789339807.14718,-143,-970,107
2026-09-13 19:50:07.167,1789339807.16718,-142,-969,101
2026-09-13 19:50:07.187,1789339807.18718,-142,-969,109
2026-09-13 19:50:07.207,1789339807.20718,-143,-968,104
2026-09-13 19:50:07.227,1789339807.22718,-143,-970,95
2026-09-13 19:50:07.247,1789339807.24718,-141,-975,110
2026-09-13 19:50:07.267,1789339807.26718,-141,-974,115
2026-09-13 19:50:07.287,1789339807.28718,-141,-970,98
2026-09-13 19:50:07.307,1789339807.30718,-141,-970,96
2026-09-13 19:50:07.327,1789339807.32718,-145,-966,111
2026-09-13 19:50:07.347,1789339807.34718,-147,-966,111
2026-09-13 19:50:07.367,1789339807.3671799,-144,-969,114
2026-09-13 19:50:07.387,1789339807.38718,-144,-966,116
2026-09-13 19:50:07.407,1789339807.40718,-145,-968,116
2026-09-13 19:50:07.427,1789339807.42718,-143,-968,114
2026-09-13 19:50:07.447,1789339807.44718,-141,-972,105
2026-09-13 19:50:07.454,1789339807.4548008,-141,-976,103
2026-09-13 19:50:07.474,1789339807.4748008,-141,-975,104
2026-09-13 19:50:07.494,1789339807.4948008,-139,-970,106
2026-09-13 19:50:07.514,1789339807.5148008,-141,-969,108
2026-09-13 19:50:07.534,1789339807.5348008,-142,-972,108
2026-09-13 19:50:07.554,1789339807.5548007,-141,-972,106
2026-09-13 19:50:07.574,1789339807.5748007,-139,-976,108
2026-09-13 19:50:07.594,1789339807.594801,-140,-971,109
2026-09-13 19:50:07.614,1789339807.614801,-142,-968,107
2026-09-13 19:50:07.634,1789339807.634801,-144,-968,117
2026-09-13 19:50:07.654,1789339807.654801,-143,-968,119
2026-09-13 19:50:07.674,1789339807.6748009,-144,-967,125
2026-09-13 19:50:07.694,1789339807.6948009,-146,-967,122
2026-09-13 19:50:07.714,1789339807.7148008,-146,-968,122
2026-09-13 19:50:07.734,1789339807.7348008,-143,-969,121
2026-09-13 19:50:07.754,1789339807.7548008,-141,-970,118
2026-09-13 19:50:07.774,1789339807.7748008,-140,-969,119
2026-09-13 19:50:07.794,1789339807.7948008,-141,-966,117
2026-09-13 19:50:07.814,1789339807.8148007,-142,-968,119
2026-09-13 19:50:07.834,1789339807.834801,-142,-969,116
2026-09-13 19:50:07.854,1789339807.854801,-141,-970,121
2026-09-13 19:50:07.874,1789339807.874801,-141,-969,123
2026-09-13 19:50:07.894,1789339807.894801,-141,-971,122
2026-09-13 19:50:07.914,1789339807.914801,-141,-969,120
2026-09-13 19:50:07.934,1789339807.9348009,-142,-967,121
2026-09-13 19:50:07.954,1789339807.9548008,-142,-967,122
2026-09-13 19:50:07.974,1789339807.9748008,-140,-969,119
2026-09-13 19:50:07.994,1789339807.9948008,-139,-970,123
2026-09-13 19:50:08.014,1789339808.0148008,-140,-969,125
2026-09-13 19:50:08.034,1789339808.0348008,-141,-968,121
2026-09-13 19:50:08.054,1789339808.0548007,-140,-968,126
2026-09-13 19:50:08.074,1789339808.0748007,-141,-964,129
2026-09-13 19:50:08.094,1789339808.094801,-142,-964,104
2026-09-13 19:50:08.114,1789339808.114801,-136,-973,115
2026-09-13 19:50:08.134,1789339808.134801,-130,-974,132
2026-09-13 19:50:08.154,1789339808.154801,-138,-971,121
2026-09-13 19:50:08.162,1789339808.162025,-140,-965,111
2026-09-13 19:50:08.182,1789339808.182025,-142,-966,120
2026-09-13 19:50:08.202,1789339808.202025,-144,-962,122
2026-09-13 19:50:08.222,1789339808.222025,-143,-968,117
2026-09-13 19:50:08.242,1789339808.242025,-139,-974,117
2026-09-13 19:50:08.262,1789339808.2620249,-140,-974,113
2026-09-13 19:50:08.282,1789339808.2820249,-141,-973,115
2026-09-13 19:50:08.302,1789339808.302025,-139,-972,117
2026-09-13 19:50:08.322,1789339808.322025,-139,-970,112
2026-09-13 19:50:08.342,1789339808.342025,-136,-969,115
2026-09-13 19:50:08.362,1789339808.362025,-132,-969,115
2026-09-13 19:50:08.382,1789339808.382025,-135,-968,119
2026-09-13 19:50:08.402,1789339808.402025,-138,-969,128
2026-09-13 19:50:08.422,1789339808.422025,-140,-964,106
2026-09-13 19:50:08.442,1789339808.442025,-136,-973,107
2026-09-13 19:50:08.462,1789339808.462025,-136,-971,114
2026-09-13 19:50:08.482,1789339808.482025,-137,-965,114
2026-09-13 19:50:08.502,1789339808.502025,-139,-970,119
2026-09-13 19:50:08.522,1789339808.5220249,-139,-970,117
2026-09-13 19:50:08.542,1789339808.542025,-137,-971,118
2026-09-13 19:50:08.562,1789339808.562025,-138,-971,115
2026-09-13 19:50:08.582,1789339808.582025,-139,-968,115
2026-09-13 19:50:08.602,1789339808.602025,-138,-969,116
2026-09-13 19:50:08.622,1789339808.622025,-138,-970,111
2026-09-13 19:50:08.642,1789339808.642025,-138,-970,117
2026-09-13 19:50:08.662,1789339808.662025,-138,-971,113
2026-09-13 19:50:08.682,1789339808.682025,-135,-972,109
2026-09-13 19:50:08.702,1789339808.702025,-134,-974,109
2026-09-13 19:50:08.722,1789339808.722025,-135,-970,113
2026-09-13 19:50:08.742,1789339808.742025,-135,-972,113
2026-09-13 19:50:08.762,1789339808.7620249,-136,-970,115
2026-09-13 19:50:08.782,1789339808.7820249,-137,-969,110
2026-09-13 19:50:08.802,1789339808.802025,-136,-967,118
2026-09-13 19:50:08.822,1789339808.822025,-139,-966,113
2026-09-13 19:50:08.842,1789339808.842025,-133,-974,90
2026-09-13 19:50:08.862,1789339808.862025,-123,-976,123
2026-09-13 19:50:08.869,1789339808.8693407,-129,-975,105
2026-09-13 19:50:08.889,1789339808.8893406,-133,-970,99
2026-09-13 19:50:08.909,1789339808.9093406,-136,-967,102
2026-09-13 19:50:08.929,1789339808.9293406,-138,-964,113
2026-09-13 19:50:08.949,1789339808.9493406,-138,-966,106
2026-09-13 19:50:08.969,1789339808.9693406,-134,-976,105
2026-09-13 19:50:08.989,1789339808.9893405,-132,-976,104
2026-09-13 19:50:09.009,1789339809.0093408,-130,-974,106
2026-09-13 19:50:09.029,1789339809.0293407,-131,-972,109
2026-09-13 19:50:09.049,1789339809.0493407,-128,-971,109
2026-09-13 19:50:09.069,1789339809.0693407,-130,-970,109
2026-09-13 19:50:09.089,1789339809.0893407,-131,-967,110
2026-09-13 19:50:09.109,1789339809.1093407,-132,-969,106
2026-09-13 19:50:09.129,1789339809.1293406,-132,-972,100
2026-09-13 19:50:09.149,1789339809.1493406,-132,-975,114
2026-09-13 19:50:09.169,1789339809.1693406,-127,-969,93
2026-09-13 19:50:09.189,1789339809.1893406,-128,-975,98
2026-09-13 19:50:09.209,1789339809.2093406,-125,-970,107
2026-09-13 19:50:09.229,1789339809.2293406,-130,-968,107
2026-09-13 19:50:09.249,1789339809.2493408,-133,-973,111
2026-09-13 19:50:09.269,1789339809.2693408,-135,-975,111
2026-09-13 19:50:09.289,1789339809.2893407,-135,-975,106
2026-09-13 19:50:09.309,1789339809.3093407,-131,-973,96
2026-09-13 19:50:09.329,1789339809.3293407,-126,-973,98
2026-09-13 19:50:09.349,1789339809.3493407,-127,-971,96
2026-09-13 19:50:09.369,1789339809.3693407,-126,-970,94
2026-09-13 19:50:09.389,1789339809.3893406,-123,-974,93
2026-09-13 19:50:09.409,1789339809.4093406,-123,-974,91
2026-09-13 19:50:09.429,1789339809.4293406,-125,-974,86
2026-09-13 19:50:09.449,1789339809.4493406,-121,-975,86
2026-09-13 19:50:09.469,1789339809.4693406,-126,-973,91
2026-09-13 19:50:09.489,1789339809.4893405,-127,-971,93
2026-09-13 19:50:09.509,1789339809.5093408,-126,-969,93
2026-09-13 19:50:09.529,1789339809.5293407,-123,-970,86
2026-09-13 19:50:09.549,1789339809.5493407,-120,-976,71
2026-09-13 19:50:09.569,1789339809.5693407,-112,-976,117
2026-09-13 19:50:09.576,1789339809.5768394,-119,-977,93
2026-09-13 19:50:09.596,1789339809.5968394,-119,-969,80
2026-09-13 19:50:09.616,1789339809.6168394,-120,-971,85
2026-09-13 19:50:09.636,1789339809.6368394,-134,-966,83
2026-09-13 19:50:09.656,1789339809.6568394,-132,-970,81
2026-09-13 19:50:09.676,1789339809.6768394,-132,-977,83
2026-09-13 19:50:09.696,1789339809.6968393,-133,-978,84
2026-09-13 19:50:09.716,1789339809.7168396,-131,-978,79
2026-09-13 19:50:09.736,1789339809.7368395,-125,-979,81
2026-09-13 19:50:09.756,1789339809.7568395,-123,-978,83
2026-09-13 19:50:09.776,1789339809.7768395,-125,-974,89
2026-09-13 19:50:09.796,1789339809.7968395,-131,-970,90
2026-09-13 19:50:09.816,1789339809.8168395,-129,-969,88
2026-09-13 19:50:09.836,1789339809.8368394,-127,-972,78
2026-09-13 19:50:09.856,1789339809.8568394,-127,-976,93
2026-09-13 19:50:09.876,1789339809.8768394,-125,-974,73
2026-09-13 19:50:09.896,1789339809.8968394,-125,-979,77
2026-09-13 19:50:09.916,1789339809.9168394,-129,-970,77
2026-09-13 19:50:09.936,1789339809.9368393,-132,-974,85
2026-09-13 19:50:09.956,1789339809.9568396,-135,-975,84
2026-09-13 19:50:09.976,1789339809.9768395,-131,-976,88
2026-09-13 19:50:09.996,1789339809.9968395,-132,-974,90
2026-09-13 19:50:10.016,1789339810.0168395,-136,-972,85
2026-09-13 19:50:10.036,1789339810.0368395,-138,-973,86
2026-09-13 19:50:10.056,1789339810.0568395,-136,-974,86
2026-09-13 19:50:10.076,1789339810.0768394,-135,-975,85
2026-09-13 19:50:10.096,1789339810.0968394,-135,-973,84
2026-09-13 19:50:10.116,1789339810.1168394,-135,-975,83
2026-09-13 19:50:10.136,1789339810.1368394,-132,-973,89
2026-09-13 19:50:10.156,1789339810.1568394,-133,-974,83
2026-09-13 19:50:10.176,1789339810.1768394,-136,-972,87
2026-09-13 19:50:10.196,1789339810.1968393,-135,-972,90
2026-09-13 19:50:10.216,1789339810.2168396,-137,-971,96
2026-09-13 19:50:10.236,1789339810.2368395,-139,-973,73
2026-09-13 19:50:10.256,1789339810.2568395,-132,-974,98
2026-09-13 19:50:10.276,1789339810.2768395,-134,-972,107
2026-09-13 19:50:10.284,1789339810.284216,-137,-974,83
2026-09-13 19:50:10.304,1789339810.304216,-130,-973,74
2026-09-13 19:50:10.324,1789339810.324216,-134,-974,92
2026-09-13 19:50:10.344,1789339810.3442159,-141,-968,92
2026-09-13 19:50:10.364,1789339810.3642159,-141,-971,95
2026-09-13 19:50:10.384,1789339810.3842158,-141,-972,93
2026-09-13 19:50:10.404,1789339810.4042158,-141,-973,93
2026-09-13 19:50:10.424,1789339810.424216,-140,-974,91
2026-09-13 19:50:10.444,1789339810.444216,-139,-974,88
2026-09-13 19:50:10.464,1789339810.464216,-139,-974,87
2026-09-13 19:50:10.484,1789339810.484216,-137,-973,91
2026-09-13 19:50:10.504,1789339810.504216,-136,-974,93
2026-09-13 19:50:10.524,1789339810.524216,-138,-971,95
2026-09-13 19:50:10.544,1789339810.544216,-138,-972,95
2026-09-13 19:50:10.564,1789339810.564216,-138,-965,87
2026-09-13 19:50:10.584,1789339810.5842159,-136,-974,92
2026-09-13 19:50:10.604,1789339810.6042159,-138,-972,90
2026-09-13 19:50:10.624,1789339810.6242158,-138,-970,92
2026-09-13 19:50:10.644,1789339810.6442158,-141,-975,101
2026-09-13 19:50:10.664,1789339810.664216,-141,-973,97
2026-09-13 19:50:10.684,1789339810.684216,-141,-972,94
2026-09-13 19:50:10.704,1789339810.704216,-141,-972,93
2026-09-13 19:50:10.724,1789339810.724216,-142,-973,94
2026-09-13 19:50:10.744,1789339810.744216,-142,-973,96
2026-09-13 19:50:10.764,1789339810.764216,-141,-971,95
2026-09-13 19:50:10.784,1789339810.784216,-140,-970,93
2026-09-13 19:50:10.804,1789339810.804216,-140,-972,96
2026-09-13 19:50:10.824,1789339810.824216,-140,-972,100
2026-09-13 19:50:10.844,1789339810.8442159,-140,-972,98
2026-09-13 19:50:10.864,1789339810.8642159,-140,-973,100
2026-09-13 19:50:10.884,1789339810.8842158,-140,-972,90
2026-09-13 19:50:10.904,1789339810.9042158,-139,-970,101
2026-09-13 19:50:10.924,1789339810.924216,-140,-969,107
2026-09-13 19:50:10.944,1789339810.944216,-142,-966,103
2026-09-13 19:50:10.964,1789339810.964216,-142,-966,88
2026-09-13 19:50:10.984,1789339810.984216,-139,-967,101
2026-09-13 19:50:10.991,1789339810.9913182,-137,-972,120
2026-09-13 19:50:11.011,1789339811.0113182,-141,-971,100
2026-09-13 19:50:11.031,1789339811.0313182,-138,-975,93
2026-09-13 19:50:11.051,1789339811.0513182,-139,-975,112
2026-09-13 19:50:11.071,1789339811.0713181,-144,-968,118
2026-09-13 19:50:11.091,1789339811.0913181,-147,-966,125
2026-09-13 19:50:11.111,1789339811.111318,-147,-966,122
2026-09-13 19:50:11.131,1789339811.1313183,-146,-971,113
2026-09-13 19:50:11.151,1789339811.1513183,-141,-972,114
2026-09-13 19:50:11.171,1789339811.1713183,-141,-974,116
2026-09-13 19:50:11.191,1789339811.1913183,-141,-971,114
2026-09-13 19:50:11.211,1789339811.2113183,-141,-970,119
2026-09-13 19:50:11.231,1789339811.2313182,-142,-966,121
2026-09-13 19:50:11.251,1789339811.2513182,-143,-967,121
2026-09-13 19:50:11.271,1789339811.2713182,-143,-965,123
2026-09-13 19:50:11.291,1789339811.2913182,-141,-965,124
2026-09-13 19:50:11.311,1789339811.3113182,-141,-967,125
2026-09-13 19:50:11.331,1789339811.3313181,-141,-969,122
2026-09-13 19:50:11.351,1789339811.3513181,-140,-967,119
2026-09-13 19:50:11.371,1789339811.3713183,-141,-965,126
2026-09-13 19:50:11.391,1789339811.3913183,-146,-964,126
2026-09-13 19:50:11.411,1789339811.4113183,-147,-967,128
2026-09-13 19:50:11.431,1789339811.4313183,-145,-967,128
2026-09-13 19:50:11.451,1789339811.4513183,-144,-969,124
2026-09-13 19:50:11.471,1789339811.4713182,-143,-969,122
2026-09-13 19:50:11.491,1789339811.4913182,-141,-972,120
2026-09-13 19:50:11.511,1789339811.5113182,-143,-971,113
2026-09-13 19:50:11.531,1789339811.5313182,-143,-968,119
2026-09-13 19:50:11.551,1789339811.5513182,-143,-969,121
2026-09-13 19:50:11.571,1789339811.5713181,-143,-969,120
2026-09-13 19:50:11.591,1789339811.5913181,-143,-966,116
2026-09-13 19:50:11.611,1789339811.611318,-143,-969,119
2026-09-13 19:50:11.631,1789339811.6313183,-142,-973,115
2026-09-13 19:50:11.651,1789339811.6513183,-141,-973,115
2026-09-13 19:50:11.671,1789339811.6713183,-141,-969,112
2026-09-13 19:50:11.691,1789339811.6913183,-142,-968,113
2026-09-13 19:50:11.698,1789339811.6986034,-142,-972,108
2026-09-13 19:50:11.718,1789339811.7186034,-143,-968,116
2026-09-13 19:50:11.738,1789339811.7386034,-142,-966,125
2026-09-13 19:50:11.758,1789339811.7586033,-144,-966,112
2026-09-13 19:50:11.778,1789339811.7786033,-141,-973,105
2026-09-13 19:50:11.798,1789339811.7986033,-139,-973,117
2026-09-13 19:50:11.818,1789339811.8186033,-140,-974,124
2026-09-13 19:50:11.838,1789339811.8386035,-139,-971,101
2026-09-13 19:50:11.858,1789339811.8586035,-137,-974,98
2026-09-13 19:50:11.878,1789339811.8786035,-139,-964,109
2026-09-13 19:50:11.898,1789339811.8986034,-143,-962,112
2026-09-13 19:50:11.918,1789339811.9186034,-145,-967,121
2026-09-13 19:50:11.938,1789339811.9386034,-146,-970,116
2026-09-13 19:50:11.958,1789339811.9586034,-144,-971,113
2026-09-13 19:50:11.978,1789339811.9786034,-141,-970,112
2026-09-13 19:50:11.998,1789339811.9986033,-140,-971,112
2026-09-13 19:50:12.018,1789339812.0186033,-142,-971,109
2026-09-13 19:50:12.038,1789339812.0386033,-141,-968,108
2026-09-13 19:50:12.058,1789339812.0586033,-139,-967,111
2026-09-13 19:50:12.078,1789339812.0786035,-139,-971,107
2026-09-13 19:50:12.098,1789339812.0986035,-137,-969,107
2026-09-13 19:50:12.118,1789339812.1186035,-138,-972,104
2026-09-13 19:50:12.138,1789339812.1386034,-139,-973,109
2026-09-13 19:50:12.158,1789339812.1586034,-139,-971,94
2026-09-13 19:50:12.178,1789339812.1786034,-137,-973,96
2026-09-13 19:50:12.198,1789339812.1986034,-139,-969,106
2026-09-13 19:50:12.218,1789339812.2186034,-140,-969,104
2026-09-13 19:50:12.238,1789339812.2386034,-139,-972,104
2026-09-13 19:50:12.258,1789339812.2586033,-141,-970,103
2026-09-13 19:50:12.278,1789339812.2786033,-141,-970,100
2026-09-13 19:50:12.298,1789339812.2986033,-140,-973,95
2026-09-13 19:50:12.318,1789339812.3186033,-139,-975,92
2026-09-13 19:50:12.338,1789339812.3386035,-140,-974,91
2026-09-13 19:50:12.358,1789339812.3586035,-141,-973,97
2026-09-13 19:50:12.378,1789339812.3786035,-141,-972,100
2026-09-13 19:50:12.398,1789339812.3986034,-141,-974,99
2026-09-13 19:50:12.405,1789339812.405797,-139,-971,99
2026-09-13 19:50:12.425,1789339812.425797,-139,-971,98
2026-09-13 19:50:12.445,1789339812.445797,-140,-971,96
2026-09-13 19:50:12.465,1789339812.465797,-139,-973,96
2026-09-13 19:50:12.485,1789339812.485797,-138,-973,98
2026-09-13 19:50:12.505,1789339812.505797,-138,-973,102
2026-09-13 19:50:12.525,1789339812.525797,-140,-971,105
2026-09-13 19:50:12.545,1789339812.545797,-140,-968,103
2026-09-13 19:50:12.565,1789339812.565797,-140,-970,102
2026-09-13 19:50:12.585,1789339812.585797,-139,-970,103
2026-09-13 19:50:12.605,1789339812.605797,-139,-971,103
2026-09-13 19:50:12.625,1789339812.625797,-137,-968,110
2026-09-13 19:50:12.645,1789339812.645797,-140,-967,105
2026-09-13 19:50:12.665,1789339812.665797,-138,-973,88
2026-09-13 19:50:12.685,1789339812.685797,-134,-975,105
2026-09-13 19:50:12.705,1789339812.705797,-136,-974,111
2026-09-13 19:50:12.725,1789339812.725797,-139,-969,91
2026-09-13 19:50:12.745,1789339812.745797,-137,-970,97
2026-09-13 19:50:12.765,1789339812.765797,-142,-967,105
2026-09-13 19:50:12.785,1789339812.785797,-144,-968,99
2026-09-13 19:50:12.805,1789339812.805797,-142,-969,104
2026-09-13 19:50:12.825,1789339812.825797,-142,-969,102
2026-09-13 19:50:12.845,1789339812.845797,-140,-972,98
2026-09-13 19:50:12.865,1789339812.865797,-139,-974,99
2026-09-13 19:50:12.885,1789339812.885797,-138,-974,100
2026-09-13 19:50:12.905,1789339812.905797,-139,-972,100
2026-09-13 19:50:12.925,1789339812.925797,-139,-971,94
2026-09-13 19:50:12.945,1789339812.945797,-137,-972,102
2026-09-13 19:50:12.965,1789339812.965797,-137,-974,94
2026-09-13 19:50:12.985,1789339812.985797,-135,-970,101
2026-09-13 19:50:13.005,1789339813.005797,-134,-969,92
2026-09-13 19:50:13.025,1789339813.025797,-135,-971,103
2026-09-13 19:50:13.045,1789339813.045797,-139,-971,93
2026-09-13 19:50:13.065,1789339813.065797,-138,-973,100
2026-09-13 19:50:13.085,1789339813.085797,-143,-971,104
2026-09-13 19:50:13.105,1789339813.105797,-144,-969,97
2026-09-13 19:50:13.113,1789339813.1131432,-142,-969,99
2026-09-13 19:50:13.133,1789339813.1331432,-141,-971,100
2026-09-13 19:50:13.153,1789339813.1531432,-140,-971,100
2026-09-13 19:50:13.173,1789339813.1731431,-141,-971,97
2026-09-13 19:50:13.193,1789339813.1931431,-141,-971,101
2026-09-13 19:50:13.213,1789339813.213143,-139,-974,99
2026-09-13 19:50:13.233,1789339813.233143,-140,-972,95
2026-09-13 19:50:13.253,1789339813.2531433,-141,-972,98
2026-09-13 19:50:13.273,1789339813.2731433,-140,-971,97
2026-09-13 19:50:13.293,1789339813.2931433,-140,-970,100
2026-09-13 19:50:13.313,1789339813.3131433,-141,-968,104
2026-09-13 19:50:13.333,1789339813.3331432,-142,-971,100
2026-09-13 19:50:13.353,1789339813.3531432,-141,-971,97
2026-09-13 19:50:13.373,1789339813.3731432,-138,-968,95
2026-09-13 19:50:13.393,1789339813.3931432,-138,-970,96
2026-09-13 19:50:13.413,1789339813.4131432,-140,-972,96
2026-09-13 19:50:13.433,1789339813.4331431,-142,-976,103
2026-09-13 19:50:13.453,1789339813.4531431,-145,-974,108
2026-09-13 19:50:13.473,1789339813.473143,-147,-967,101
2026-09-13 19:50:13.493,1789339813.4931433,-142,-968,97
2026-09-13 19:50:13.513,1789339813.5131433,-141,-968,103
2026-09-13 19:50:13.533,1789339813.5331433,-144,-967,117
2026-09-13 19:50:13.553,1789339813.5531433,-144,-970,94
2026-09-13 19:50:13.573,1789339813.5731432,-139,-978,96
2026-09-13 19:50:13.593,1789339813.5931432,-140,-976,102
2026-09-13 19:50:13.613,1789339813.6131432,-141,-975,104
2026-09-13 19:50:13.633,1789339813.6331432,-142,-977,85
2026-09-13 19:50:13.653,1789339813.6531432,-141,-975,95
2026-09-13 19:50:13.673,1789339813.6731431,-145,-962,105
2026-09-13 19:50:13.693,1789339813.6931431,-147,-964,114
2026-09-13 19:50:13.713,1789339813.713143,-146,-969,118
2026-09-13 19:50:13.733,1789339813.733143,-144,-970,119
2026-09-13 19:50:13.753,1789339813.7531433,-144,-969,120
2026-09-13 19:50:13.773,1789339813.7731433,-143,-968,118
2026-09-13 19:50:13.793,1789339813.7931433,-142,-969,117
2026-09-13 19:50:13.813,1789339813.8131433,-141,-967,113
2026-09-13 19:50:13.820,1789339813.8200927,-141,-970,110
2026-09-13 19:50:13.840,1789339813.8400927,-140,-969,116
2026-09-13 19:50:13.860,1789339813.8600926,-139,-971,120
2026-09-13 19:50:13.880,1789339813.8800926,-139,-969,111
2026-09-13 19:50:13.900,1789339813.9000926,-140,-973,111
2026-09-13 19:50:13.920,1789339813.9200926,-140,-969,119
2026-09-13 19:50:13.940,1789339813.9400926,-142,-964,117
2026-09-13 19:50:13.960,1789339813.9600928,-143,-968,123
2026-09-13 19:50:13.980,1789339813.9800928,-145,-967,119
2026-09-13 19:50:14.000,1789339814.0000927,-143,-969,116
2026-09-13 19:50:14.020,1789339814.0200927,-142,-970,114
2026-09-13 19:50:14.040,1789339814.0400927,-141,-967,119
2026-09-13 19:50:14.060,1789339814.0600927,-142,-965,114
2026-09-13 19:50:14.080,1789339814.0800927,-142,-966,111
2026-09-13 19:50:14.100,1789339814.1000926,-141,-969,109
2026-09-13 19:50:14.120,1789339814.1200926,-141,-970,111
2026-09-13 19:50:14.140,1789339814.1400926,-140,-970,106
2026-09-13 19:50:14.160,1789339814.1600926,-140,-972,109
2026-09-13 19:50:14.180,1789339814.1800926,-141,-971,104
2026-09-13 19:50:14.200,1789339814.2000928,-140,-970,107
2026-09-13 19:50:14.220,1789339814.2200928,-140,-971,102
2026-09-13 19:50:14.240,1789339814.2400928,-139,-971,107
2026-09-13 19:50:14.260,1789339814.2600927,-139,-973,107
2026-09-13 19:50:14.280,1789339814.2800927,-139,-970,105
2026-09-13 19:50:14.300,1789339814.3000927,-141,-966,112
2026-09-13 19:50:14.320,1789339814.3200927,-141,-968,117
2026-09-13 19:50:14.340,1789339814.3400927,-140,-966,101
2026-09-13 19:50:14.360,1789339814.3600926,-139,-971,83
2026-09-13 19:50:14.380,1789339814.3800926,-129,-978,118
2026-09-13 19:50:14.400,1789339814.4000926,-136,-977,110
2026-09-13 19:50:14.420,1789339814.4200926,-139,-970,99
2026-09-13 19:50:14.440,1789339814.4400926,-141,-969,96
2026-09-13 19:50:14.460,1789339814.4600928,-140,-967,107
2026-09-13 19:50:14.480,1789339814.4800928,-143,-967,106
2026-09-13 19:50:14.500,1789339814.5000927,-140,-974,103
2026-09-13 19:50:14.520,1789339814.5200927,-138,-974,104
2026-09-13 19:50:14.526,1789339814.5269506,-135,-972,108
2026-09-13 19:50:14.546,1789339814.5469506,-136,-972,106
2026-09-13 19:50:14.566,1789339814.5669506,-133,-971,106
2026-09-13 19:50:14.586,1789339814.5869505,-136,-970,108
2026-09-13 19:50:14.606,1789339814.6069505,-136,-967,106
2026-09-13 19:50:14.626,1789339814.6269505,-135,-969,110
2026-09-13 19:50:14.646,1789339814.6469505,-135,-972,114
2026-09-13 19:50:14.666,1789339814.6669507,-136,-968,108
2026-09-13 19:50:14.686,1789339814.6869507,-132,-970,98
2026-09-13 19:50:14.706,1789339814.7069507,-133,-971,99
2026-09-13 19:50:14.726,1789339814.7269506,-134,-966,103
2026-09-13 19:50:14.746,1789339814.7469506,-136,-967,103
2026-09-13 19:50:14.766,1789339814.7669506,-137,-972,106
2026-09-13 19:50:14.786,1789339814.7869506,-138,-973,105
2026-09-13 19:50:14.806,1789339814.8069506,-136,-972,102
2026-09-13 19:50:14.826,1789339814.8269506,-135,-971,102
2026-09-13 19:50:14.846,1789339814.8469505,-137,-969,98
2026-09-13 19:50:14.866,1789339814.8669505,-135,-971,98
2026-09-13 19:50:14.886,1789339814.8869505,-134,-972,99
2026-09-13 19:50:14.906,1789339814.9069507,-133,-971,98
2026-09-13 19:50:14.926,1789339814.9269507,-131,-972,96
2026-09-13 19:50:14.946,1789339814.9469507,-130,-973,92
2026-09-13 19:50:14.966,1789339814.9669507,-129,-974,94
2026-09-13 19:50:14.986,1789339814.9869506,-134,-972,95
2026-09-13 19:50:15.006,1789339815.0069506,-133,-970,95
2026-09-13 19:50:15.026,1789339815.0269506,-134,-969,99
2026-09-13 19:50:15.046,1789339815.0469506,-133,-969,102
2026-09-13 19:50:15.066,1789339815.0669506,-137,-968,82
2026-09-13 19:50:15.086,1789339815.0869505,-130,-976,79
2026-09-13 19:50:15.106,1789339815.1069505,-125,-977,104
2026-09-13 19:50:15.126,1789339815.1269505,-131,-977,92
2026-09-13 19:50:15.146,1789339815.1469505,-134,-972,76
2026-09-13 19:50:15.166,1789339815.1669507,-133,-972,85
2026-09-13 19:50:15.186,1789339815.1869507,-138,-965,95
2026-09-13 19:50:15.206,1789339815.2069507,-139,-971,89
2026-09-13 19:50:15.226,1789339815.2269506,-134,-976,90
2026-09-13 19:50:15.233,1789339815.233717,-132,-975,92
2026-09-13 19:50:15.253,1789339815.253717,-132,-974,91
2026-09-13 19:50:15.273,1789339815.273717,-131,-974,89
2026-09-13 19:50:15.293,1789339815.293717,-134,-972,86
2026-09-13 19:50:15.313,1789339815.313717,-132,-974,85
2026-09-13 19:50:15.333,1789339815.3337169,-126,-973,89
2026-09-13 19:50:15.353,1789339815.3537169,-124,-972,93
2026-09-13 19:50:15.373,1789339815.373717,-128,-973,92
2026-09-13 19:50:15.393,1789339815.393717,-126,-972,99
2026-09-13 19:50:15.413,1789339815.413717,-125,-970,81
2026-09-13 19:50:15.433,1789339815.433717,-124,-974,88
2026-09-13 19:50:15.453,1789339815.453717,-130,-970,88
2026-09-13 19:50:15.473,1789339815.473717,-134,-973,89
2026-09-13 19:50:15.493,1789339815.493717,-130,-976,92
2026-09-13 19:50:15.513,1789339815.513717,-131,-973,88
2026-09-13 19:50:15.533,1789339815.533717,-130,-974,87
2026-09-13 19:50:15.553,1789339815.553717,-130,-971,85
2026-09-13 19:50:15.573,1789339815.5737169,-132,-972,82
2026-09-13 19:50:15.593,1789339815.5937169,-130,-974,86
2026-09-13 19:50:15.613,1789339815.613717,-127,-975,85
2026-09-13 19:50:15.633,1789339815.633717,-128,-973,82
2026-09-13 19:50:15.653,1789339815.653717,-127,-974,81
2026-09-13 19:50:15.673,1789339815.673717,-127,-974,84
2026-09-13 19:50:15.693,1789339815.693717,-127,-973,74
2026-09-13 19:50:15.713,1789339815.713717,-129,-973,79
2026-09-13 19:50:15.733,1789339815.733717,-128,-974,82
2026-09-13 19:50:15.753,1789339815.753717,-128,-972,87
2026-09-13 19:50:15.773,1789339815.773717,-130,-970,67
2026-09-13 19:50:15.793,1789339815.793717,-120,-977,89
2026-09-13 19:50:15.813,1789339815.813717,-132,-975,83
2026-09-13 19:50:15.833,1789339815.8337169,-128,-977,74
2026-09-13 19:50:15.853,1789339815.8537169,-121,-974,68
2026-09-13 19:50:15.873,1789339815.873717,-127,-973,83
2026-09-13 19:50:15.893,1789339815.893717,-137,-965,86
2026-09-13 19:50:15.913,1789339815.913717,-135,-972,85
2026-09-13 19:50:15.933,1789339815.933717,-132,-974,81
2026-09-13 19:50:15.940,1789339815.940636,-132,-974,83
2026-09-13 19:50:15.960,1789339815.960636,-129,-973,82
2026-09-13 19:50:15.980,1789339815.980636,-129,-974,82
2026-09-13 19:50:16.000,1789339816.0006359,-128,-974,78
2026-09-13 19:50:16.020,1789339816.0206358,-127,-973,83
2026-09-13 19:50:16.040,1789339816.0406358,-129,-971,83
2026-09-13 19:50:16.060,1789339816.0606358,-133,-974,83
2026-09-13 19:50:16.080,1789339816.080636,-134,-975,86
2026-09-13 19:50:16.100,1789339816.100636,-135,-969,81
2026-09-13 19:50:16.120,1789339816.120636,-129,-975,73
2026-09-13 19:50:16.140,1789339816.140636,-130,-975,82
2026-09-13 19:50:16.160,1789339816.160636,-130,-970,78
2026-09-13 19:50:16.180,1789339816.180636,-135,-974,91
2026-09-13 19:50:16.200,1789339816.200636,-137,-973,88
2026-09-13 19:50:16.220,1789339816.220636,-136,-971,87
2026-09-13 19:50:16.240,1789339816.2406359,-138,-974,87
2026-09-13 19:50:16.260,1789339816.2606359,-137,-971,82
2026-09-13 19:50:16.280,1789339816.2806358,-135,-970,84
2026-09-13 19:50:16.300,1789339816.3006358,-135,-972,88
2026-09-13 19:50:16.320,1789339816.320636,-136,-974,87
2026-09-13 19:50:16.340,1789339816.340636,-135,-971,87
2026-09-13 19:50:16.360,1789339816.360636,-136,-972,85
2026-09-13 19:50:16.380,1789339816.380636,-135,-970,91
2026-09-13 19:50:16.400,1789339816.400636,-136,-972,85
2026-09-13 19:50:16.420,1789339816.420636,-135,-972,81
2026-09-13 19:50:16.440,1789339816.440636,-139,-971,87
2026-09-13 19:50:16.460,1789339816.460636,-137,-972,93
2026-09-13 19:50:16.480,1789339816.480636,-139,-971,91
2026-09-13 19:50:16.500,1789339816.5006359,-139,-972,72
2026-09-13 19:50:16.520,1789339816.5206358,-134,-974,98
2026-09-13 19:50:16.540,1789339816.5406358,-138,-972,109
2026-09-13 19:50:16.560,1789339816.5606358,-140,-970,84
2026-09-13 19:50:16.580,1789339816.580636,-136,-974,75
2026-09-13 19:50:16.600,1789339816.600636,-136,-975,88
2026-09-13 19:50:16.620,1789339816.620636,-140,-968,89
2026-09-13 19:50:16.640,1789339816.640636,-141,-971,97
2026-09-13 19:50:16.647,1789339816.647616,-143,-971,94
2026-09-13 19:50:16.667,1789339816.667616,-142,-973,92
2026-09-13 19:50:16.687,1789339816.6876159,-140,-974,93
2026-09-13 19:50:16.707,1789339816.7076159,-139,-973,90
2026-09-13 19:50:16.727,1789339816.7276158,-138,-973,89
2026-09-13 19:50:16.747,1789339816.7476158,-139,-971,95
2026-09-13 19:50:16.767,1789339816.7676158,-138,-969,98
2026-09-13 19:50:16.787,1789339816.787616,-137,-970,96
2026-09-13 19:50:16.807,1789339816.807616,-137,-968,104
2026-09-13 19:50:16.827,1789339816.827616,-139,-961,96
2026-09-13 19:50:16.847,1789339816.847616,-139,-969,109
2026-09-13 19:50:16.867,1789339816.867616,-141,-964,103
2026-09-13 19:50:16.887,1789339816.887616,-137,-963,108
2026-09-13 19:50:16.907,1789339816.907616,-137,-962,114
2026-09-13 19:50:16.927,1789339816.927616,-137,-966,100
2026-09-13 19:50:16.947,1789339816.9476159,-141,-971,100
2026-09-13 19:50:16.967,1789339816.9676158,-143,-976,92
2026-09-13 19:50:16.987,1789339816.9876158,-142,-974,90
2026-09-13 19:50:17.007,1789339817.0076158,-142,-966,94
2026-09-13 19:50:17.027,1789339817.027616,-144,-964,98
2026-09-13 19:50:17.047,1789339817.047616,-145,-967,100
2026-09-13 19:50:17.067,1789339817.067616,-143,-972,98
2026-09-13 19:50:17.087,1789339817.087616,-140,-972,96
2026-09-13 19:50:17.107,1789339817.107616,-139,-975,95
2026-09-13 19:50:17.127,1789339817.127616,-140,-975,99
2026-09-13 19:50:17.147,1789339817.147616,-141,-976,99
2026-09-13 19:50:17.167,1789339817.167616,-143,-973,107
2026-09-13 19:50:17.187,1789339817.1876159,-144,-970,106
2026-09-13 19:50:17.207,1789339817.2076159,-144,-968,106
2026-09-13 19:50:17.227,1789339817.2276158,-144,-970,100
2026-09-13 19:50:17.247,1789339817.2476158,-142,-971,99
2026-09-13 19:50:17.267,1789339817.2676158,-141,-970,104
2026-09-13 19:50:17.287,1789339817.287616,-139,-968,111
2026-09-13 19:50:17.307,1789339817.307616,-141,-964,85
2026-09-13 19:50:17.327,1789339817.327616,-138,-977,100
2026-09-13 19:50:17.347,1789339817.347616,-140,-975,110
2026-09-13 19:50:17.354,1789339817.3543823,-142,-967,102
2026-09-13 19:50:17.374,1789339817.3743823,-141,-968,88
2026-09-13 19:50:17.394,1789339817.3943822,-139,-970,104
2026-09-13 19:50:17.414,1789339817.4143822,-142,-962,108
2026-09-13 19:50:17.434,1789339817.4343822,-143,-970,109
2026-09-13 19:50:17.454,1789339817.4543822,-145,-970,106
2026-09-13 19:50:17.474,1789339817.4743822,-145,-970,96
2026-09-13 19:50:17.494,1789339817.4943824,-143,-972,97
2026-09-13 19:50:17.514,1789339817.5143824,-141,-973,96
2026-09-13 19:50:17.534,1789339817.5343823,-141,-974,94
2026-09-13 19:50:17.554,1789339817.5543823,-141,-972,98
2026-09-13 19:50:17.574,1789339817.5743823,-142,-968,101
2026-09-13 19:50:17.594,1789339817.5943823,-143,-971,102
2026-09-13 19:50:17.614,1789339817.6143823,-140,-972,92
2026-09-13 19:50:17.634,1789339817.6343822,-140,-969,94
2026-09-13 19:50:17.654,1789339817.6543822,-140,-975,96
2026-09-13 19:50:17.674,1789339817.6743822,-139,-968,95
2026-09-13 19:50:17.694,1789339817.6943822,-139,-968,96
2026-09-13 19:50:17.714,1789339817.7143822,-140,-969,103
2026-09-13 19:50:17.734,1789339817.7343824,-142,-967,100
2026-09-13 19:50:17.754,1789339817.7543824,-142,-969,101
2026-09-13 19:50:17.774,1789339817.7743824,-141,-972,100
2026-09-13 19:50:17.794,1789339817.7943823,-141,-971,96
2026-09-13 19:50:17.814,1789339817.8143823,-141,-970,96
2026-09-13 19:50:17.834,1789339817.8343823,-140,-969,93
2026-09-13 19:50:17.854,1789339817.8543823,-140,-973,97
2026-09-13 19:50:17.874,1789339817.8743823,-140,-972,93
2026-09-13 19:50:17.894,1789339817.8943822,-139,-972,96
2026-09-13 19:50:17.914,1789339817.9143822,-139,-971,95
2026-09-13 19:50:17.934,1789339817.9343822,-141,-972,92
2026-09-13 19:50:17.954,1789339817.9543822,-141,-973,95
2026-09-13 19:50:17.974,1789339817.9743822,-141,-971,92
2026-09-13 19:50:17.994,1789339817.9943824,-140,-971,91
2026-09-13 19:50:18.014,1789339818.0143824,-140,-971,89
2026-09-13 19:50:18.034,1789339818.0343823,-140,-972,93
2026-09-13 19:50:18.054,1789339818.0543823,-140,-971,91
2026-09-13 19:50:18.061,1789339818.0616064,-141,-969,92
2026-09-13 19:50:18.081,1789339818.0816064,-141,-971,87
2026-09-13 19:50:18.101,1789339818.1016064,-140,-973,90
2026-09-13 19:50:18.121,1789339818.1216063,-139,-970,91
2026-09-13 19:50:18.141,1789339818.1416063,-141,-971,81
2026-09-13 19:50:18.161,1789339818.1616063,-138,-975,82
2026-09-13 19:50:18.181,1789339818.1816063,-136,-974,93
2026-09-13 19:50:18.201,1789339818.2016065,-136,-974,94
2026-09-13 19:50:18.221,1789339818.2216065,-138,-972,76
2026-09-13 19:50:18.241,1789339818.2416065,-138,-973,81
2026-09-13 19:50:18.261,1789339818.2616065,-142,-969,86
2026-09-13 19:50:18.281,1789339818.2816064,-142,-970,81
2026-09-13 19:50:18.301,1789339818.3016064,-142,-974,84
2026-09-13 19:50:18.321,1789339818.3216064,-139,-976,83
2026-09-13 19:50:18.341,1789339818.3416064,-137,-975,85
2026-09-13 19:50:18.361,1789339818.3616064,-140,-972,87
2026-09-13 19:50:18.381,1789339818.3816063,-141,-972,86
2026-09-13 19:50:18.401,1789339818.4016063,-141,-972,88
2026-09-13 19:50:18.421,1789339818.4216063,-141,-970,86
2026-09-13 19:50:18.441,1789339818.4416065,-140,-972,85
2026-09-13 19:50:18.461,1789339818.4616065,-139,-974,86
2026-09-13 19:50:18.481,1789339818.4816065,-137,-974,80
2026-09-13 19:50:18.501,1789339818.5016065,-137,-975,80
2026-09-13 19:50:18.521,1789339818.5216064,-139,-971,87
2026-09-13 19:50:18.541,1789339818.5416064,-141,-972,86
2026-09-13 19:50:18.561,1789339818.5616064,-142,-972,89
2026-09-13 19:50:18.581,1789339818.5816064,-143,-970,93
2026-09-13 19:50:18.601,1789339818.6016064,-142,-972,91
2026-09-13 19:50:18.621,1789339818.6216063,-142,-972,87
2026-09-13 19:50:18.641,1789339818.6416063,-142,-969,86
2026-09-13 19:50:18.661,1789339818.6616063,-142,-971,86
2026-09-13 19:50:18.681,1789339818.6816063,-140,-973,84
2026-09-13 19:50:18.701,1789339818.7016065,-139,-973,88
2026-09-13 19:50:18.721,1789339818.7216065,-142,-971,89
2026-09-13 19:50:18.741,1789339818.7416065,-143,-973,87
2026-09-13 19:50:18.761,1789339818.7616065,-141,-973,88
2026-09-13 19:50:18.769,1789339818.769288,-139,-972,85
2026-09-13 19:50:18.789,1789339818.789288,-140,-972,85
2026-09-13 19:50:18.809,1789339818.809288,-141,-973,90
2026-09-13 19:50:18.829,1789339818.829288,-141,-974,91
2026-09-13 19:50:18.849,1789339818.849288,-141,-972,90
2026-09-13 19:50:18.869,1789339818.869288,-141,-970,90
2026-09-13 19:50:18.889,1789339818.889288,-142,-970,88
2026-09-13 19:50:18.909,1789339818.9092882,-142,-971,88
2026-09-13 19:50:18.929,1789339818.9292881,-142,-971,91
2026-09-13 19:50:18.949,1789339818.9492881,-142,-972,91
2026-09-13 19:50:18.969,1789339818.969288,-142,-972,88
2026-09-13 19:50:18.989,1789339818.989288,-142,-970,91
2026-09-13 19:50:19.009,1789339819.009288,-141,-970,97
2026-09-13 19:50:19.029,1789339819.029288,-143,-969,81
2026-09-13 19:50:19.049,1789339819.049288,-139,-976,86
2026-09-13 19:50:19.069,1789339819.069288,-138,-975,98
2026-09-13 19:50:19.089,1789339819.089288,-139,-973,92
2026-09-13 19:50:19.109,1789339819.109288,-142,-971,82
2026-09-13 19:50:19.129,1789339819.129288,-141,-968,92
2026-09-13 19:50:19.149,1789339819.1492882,-146,-961,92
2026-09-13 19:50:19.169,1789339819.1692882,-146,-967,91
2026-09-13 19:50:19.189,1789339819.1892881,-145,-973,91
2026-09-13 19:50:19.209,1789339819.2092881,-143,-973,87
2026-09-13 19:50:19.229,1789339819.229288,-141,-974,82
2026-09-13 19:50:19.249,1789339819.249288,-141,-973,87
2026-09-13 19:50:19.269,1789339819.269288,-141,-973,86
2026-09-13 19:50:19.289,1789339819.289288,-142,-971,86
2026-09-13 19:50:19.309,1789339819.309288,-143,-969,89
2026-09-13 19:50:19.329,1789339819.329288,-143,-969,95
2026-09-13 19:50:19.349,1789339819.349288,-144,-969,89
2026-09-13 19:50:19.369,1789339819.369288,-141,-969,81
2026-09-13 19:50:19.389,1789339819.389288,-140,-973,82
2026-09-13 19:50:19.409,1789339819.4092882,-140,-973,80
2026-09-13 19:50:19.429,1789339819.4292881,-143,-973,89
2026-09-13 19:50:19.449,1789339819.4492881,-143,-973,100
2026-09-13 19:50:19.469,1789339819.469288,-147,-971,104
2026-09-13 19:50:19.476,1789339819.4768786,-149,-971,93
2026-09-13 19:50:19.496,1789339819.4968786,-145,-974,88
2026-09-13 19:50:19.516,1789339819.5168786,-140,-972,89
2026-09-13 19:50:19.536,1789339819.5368786,-136,-974,87
2026-09-13 19:50:19.556,1789339819.5568786,-137,-978,88
2026-09-13 19:50:19.576,1789339819.5768785,-137,-975,87
2026-09-13 19:50:19.596,1789339819.5968785,-139,-970,92
2026-09-13 19:50:19.616,1789339819.6168787,-141,-969,99
2026-09-13 19:50:19.636,1789339819.6368787,-141,-969,103
2026-09-13 19:50:19.656,1789339819.6568787,-139,-971,109
2026-09-13 19:50:19.676,1789339819.6768787,-140,-969,107
2026-09-13 19:50:19.696,1789339819.6968787,-138,-969,105
2026-09-13 19:50:19.716,1789339819.7168787,-137,-967,105
2026-09-13 19:50:19.736,1789339819.7368786,-136,-967,107
2026-09-13 19:50:19.756,1789339819.7568786,-139,-966,104
2026-09-13 19:50:19.776,1789339819.7768786,-141,-966,111
2026-09-13 19:50:19.796,1789339819.7968786,-144,-970,112
2026-09-13 19:50:19.816,1789339819.8168786,-144,-971,115
2026-09-13 19:50:19.836,1789339819.8368785,-144,-966,112
2026-09-13 19:50:19.856,1789339819.8568788,-142,-964,119
2026-09-13 19:50:19.876,1789339819.8768787,-143,-965,111
2026-09-13 19:50:19.896,1789339819.8968787,-143,-969,90
2026-09-13 19:50:19.916,1789339819.9168787,-133,-976,113
2026-09-13 19:50:19.936,1789339819.9368787,-135,-974,113
2026-09-13 19:50:19.956,1789339819.9568787,-139,-969,105
2026-09-13 19:50:19.976,1789339819.9768786,-143,-968,101
2026-09-13 19:50:19.996,1789339819.9968786,-144,-964,114
2026-09-13 19:50:20.016,1789339820.0168786,-146,-965,117
2026-09-13 19:50:20.036,1789339820.0368786,-142,-972,110
2026-09-13 19:50:20.056,1789339820.0568786,-140,-975,107
2026-09-13 19:50:20.076,1789339820.0768785,-138,-971,105
2026-09-13 19:50:20.096,1789339820.0968785,-137,-970,106
2026-09-13 19:50:20.116,1789339820.1168787,-137,-971,108
2026-09-13 19:50:20.136,1789339820.1368787,-139,-969,106
2026-09-13 19:50:20.156,1789339820.1568787,-138,-969,105
2026-09-13 19:50:20.176,1789339820.1768787,-138,-967,109
2026-09-13 19:50:20.184,1789339820.1843772,-137,-969,119
2026-09-13 19:50:20.204,1789339820.2043772,-139,-967,114
2026-09-13 19:50:20.224,1789339820.2243772,-140,-968,104
2026-09-13 19:50:20.244,1789339820.2443771,-134,-971,109
2026-09-13 19:50:20.264,1789339820.264377,-135,-966,110
2026-09-13 19:50:20.284,1789339820.284377,-137,-968,113
2026-09-13 19:50:20.304,1789339820.304377,-139,-971,119
2026-09-13 19:50:20.324,1789339820.3243773,-139,-969,109
2026-09-13 19:50:20.344,1789339820.3443773,-138,-970,110
2026-09-13 19:50:20.364,1789339820.3643773,-138,-971,106
2026-09-13 19:50:20.384,1789339820.3843772,-138,-971,108
2026-09-13 19:50:20.404,1789339820.4043772,-137,-971,106
2026-09-13 19:50:20.424,1789339820.4243772,-135,-972,105
2026-09-13 19:50:20.444,1789339820.4443772,-134,-970,104
2026-09-13 19:50:20.464,1789339820.4643772,-131,-969,101
2026-09-13 19:50:20.484,1789339820.4843771,-131,-970,111
2026-09-13 19:50:20.504,1789339820.5043771,-132,-973,107
2026-09-13 19:50:20.524,1789339820.524377,-134,-969,104
2026-09-13 19:50:20.544,1789339820.544377,-135,-971,106
2026-09-13 19:50:20.564,1789339820.5643773,-135,-971,101
2026-09-13 19:50:20.584,1789339820.5843773,-137,-969,105
2026-09-13 19:50:20.604,1789339820.6043773,-136,-970,111
2026-09-13 19:50:20.624,1789339820.6243773,-136,-966,104
2026-09-13 19:50:20.644,1789339820.6443772,-134,-969,81
2026-09-13 19:50:20.664,1789339820.6643772,-123,-977,117
2026-09-13 19:50:20.684,1789339820.6843772,-133,-973,106
2026-09-13 19:50:20.704,1789339820.7043772,-135,-971,94
2026-09-13 19:50:20.724,1789339820.7243772,-133,-968,90
2026-09-13 19:50:20.744,1789339820.7443771,-138,-967,97
2026-09-13 19:50:20.764,1789339820.764377,-139,-964,106
2026-09-13 19:50:20.784,1789339820.784377,-136,-974,99
2026-09-13 19:50:20.804,1789339820.804377,-132,-975,95
2026-09-13 19:50:20.824,1789339820.8243773,-128,-974,101
2026-09-13 19:50:20.844,1789339820.8443773,-130,-972,98
2026-09-13 19:50:20.864,1789339820.8643773,-133,-970,100
2026-09-13 19:50:20.884,1789339820.8843772,-134,-971,101
2026-09-13 19:50:20.891,1789339820.891632,-127,-974,100
2026-09-13 19:50:20.911,1789339820.911632,-125,-972,102
2026-09-13 19:50:20.931,1789339820.931632,-125,-973,96
2026-09-13 19:50:20.951,1789339820.951632,-120,-973,112
2026-09-13 19:50:20.971,1789339820.971632,-121,-967,90
2026-09-13 19:50:20.991,1789339820.991632,-134,-968,95
2026-09-13 19:50:21.011,1789339821.011632,-135,-967,91
2026-09-13 19:50:21.031,1789339821.0316322,-134,-973,93
2026-09-13 19:50:21.051,1789339821.0516322,-131,-975,95
2026-09-13 19:50:21.071,1789339821.0716321,-132,-974,92
2026-09-13 19:50:21.091,1789339821.0916321,-128,-973,91
2026-09-13 19:50:21.111,1789339821.111632,-128,-973,90
2026-09-13 19:50:21.131,1789339821.131632,-127,-971,88
2026-09-13 19:50:21.151,1789339821.151632,-130,-971,87
2026-09-13 19:50:21.171,1789339821.171632,-131,-972,89
2026-09-13 19:50:21.191,1789339821.191632,-129,-974,91
2026-09-13 19:50:21.211,1789339821.211632,-128,-974,85
2026-09-13 19:50:21.231,1789339821.231632,-126,-976,82
2026-09-13 19:50:21.251,1789339821.251632,-126,-975,81
2026-09-13 19:50:21.271,1789339821.2716322,-126,-973,82
2026-09-13 19:50:21.291,1789339821.2916322,-128,-972,87
2026-09-13 19:50:21.311,1789339821.3116322,-130,-972,85
2026-09-13 19:50:21.331,1789339821.3316321,-131,-972,74
2026-09-13 19:50:21.351,1789339821.351632,-124,-978,61
2026-09-13 19:50:21.371,1789339821.371632,-116,-978,102
2026-09-13 19:50:21.391,1789339821.391632,-119,-979,84
2026-09-13 19:50:21.411,1789339821.411632,-121,-969,72
2026-09-13 19:50:21.431,1789339821.431632,-121,-973,79
2026-09-13 19:50:21.451,1789339821.451632,-131,-969,90
2026-09-13 19:50:21.471,1789339821.471632,-133,-972,86
2026-09-13 19:50:21.491,1789339821.491632,-127,-977,83
2026-09-13 19:50:21.511,1789339821.511632,-123,-975,87
2026-09-13 19:50:21.531,1789339821.5316322,-118,-973,87
2026-09-13 19:50:21.551,1789339821.5516322,-124,-972,84
2026-09-13 19:50:21.571,1789339821.5716321,-127,-974,75
2026-09-13 19:50:21.591,1789339821.5916321,-125,-977,70
2026-09-13 19:50:21.599,1789339821.599039,-119,-977,75
2026-09-13 19:50:21.619,1789339821.619039,-112,-977,80
2026-09-13 19:50:21.639,1789339821.639039,-117,-975,81
2026-09-13 19:50:21.659,1789339821.659039,-115,-974,96
2026-09-13 19:50:21.679,1789339821.679039,-105,-970,75
2026-09-13 19:50:21.699,1789339821.699039,-104,-976,86
2026-09-13 19:50:21.719,1789339821.719039,-115,-967,80
2026-09-13 19:50:21.739,1789339821.7390392,-119,-970,84
2026-09-13 19:50:21.759,1789339821.7590392,-123,-972,88
2026-09-13 19:50:21.779,1789339821.7790391,-122,-975,81
2026-09-13 19:50:21.799,1789339821.7990391,-116,-974,80
2026-09-13 19:50:21.819,1789339821.819039,-130,-971,64
2026-09-13 19:50:21.839,1789339821.839039,-135,-973,57
2026-09-13 19:50:21.859,1789339821.859039,-134,-980,61
2026-09-13 19:50:21.879,1789339821.879039,-129,-982,68
2026-09-13 19:50:21.899,1789339821.899039,-121,-978,74
2026-09-13 19:50:21.919,1789339821.919039,-121,-973,76
2026-09-13 19:50:21.939,1789339821.939039,-125,-971,68
2026-09-13 19:50:21.959,1789339821.959039,-126,-974,60
2026-09-13 19:50:21.979,1789339821.9790392,-132,-973,67
2026-09-13 19:50:21.999,1789339821.9990392,-133,-976,76
2026-09-13 19:50:22.019,1789339822.0190392,-136,-978,54
2026-09-13 19:50:22.039,1789339822.0390391,-125,-981,69
2026-09-13 19:50:22.059,1789339822.059039,-126,-975,81
2026-09-13 19:50:22.079,1789339822.079039,-128,-976,75
2026-09-13 19:50:22.099,1789339822.099039,-126,-971,54
2026-09-13 19:50:22.119,1789339822.119039,-129,-978,64
2026-09-13 19:50:22.139,1789339822.139039,-138,-972,74
2026-09-13 19:50:22.159,1789339822.159039,-140,-975,77
2026-09-13 19:50:22.179,1789339822.179039,-139,-976,75
2026-09-13 19:50:22.199,1789339822.199039,-139,-974,75
2026-09-13 19:50:22.219,1789339822.219039,-137,-973,75
2026-09-13 19:50:22.239,1789339822.2390392,-136,-974,72
2026-09-13 19:50:22.259,1789339822.2590392,-134,-975,70
2026-09-13 19:50:22.279,1789339822.2790391,-135,-976,72
2026-09-13 19:50:22.299,1789339822.2990391,-137,-975,70
2026-09-13 19:50:22.306,1789339822.3064466,-135,-974,74
2026-09-13 19:50:22.326,1789339822.3264465,-135,-975,77
2026-09-13 19:50:22.346,1789339822.3464465,-134,-967,79
2026-09-13 19:50:22.366,1789339822.3664465,-133,-972,72
2026-09-13 19:50:22.386,1789339822.3864465,-136,-971,80
2026-09-13 19:50:22.406,1789339822.4064465,-136,-967,76
2026-09-13 19:50:22.426,1789339822.4264464,-138,-974,84
2026-09-13 19:50:22.446,1789339822.4464467,-140,-973,87
2026-09-13 19:50:22.466,1789339822.4664466,-137,-971,86
2026-09-13 19:50:22.486,1789339822.4864466,-136,-971,86
2026-09-13 19:50:22.506,1789339822.5064466,-136,-969,80
2026-09-13 19:50:22.526,1789339822.5264466,-138,-971,79
2026-09-13 19:50:22.546,1789339822.5464466,-139,-971,83
2026-09-13 19:50:22.566,1789339822.5664465,-141,-972,81
2026-09-13 19:50:22.586,1789339822.5864465,-139,-974,82
2026-09-13 19:50:22.606,1789339822.6064465,-138,-974,79
2026-09-13 19:50:22.626,1789339822.6264465,-137,-972,81
2026-09-13 19:50:22.646,1789339822.6464465,-139,-972,78
2026-09-13 19:50:22.666,1789339822.6664464,-139,-974,77
2026-09-13 19:50:22.686,1789339822.6864467,-140,-972,86
2026-09-13 19:50:22.706,1789339822.7064466,-142,-973,94
2026-09-13 19:50:22.726,1789339822.7264466,-143,-971,67
2026-09-13 19:50:22.746,1789339822.7464466,-136,-975,86
2026-09-13 19:50:22.766,1789339822.7664466,-136,-972,92
2026-09-13 19:50:22.786,1789339822.7864466,-137,-971,90
2026-09-13 19:50:22.806,1789339822.8064466,-136,-970,67
2026-09-13 19:50:22.826,1789339822.8264465,-136,-976,80
2026-09-13 19:50:22.846,1789339822.8464465,-139,-972,83
2026-09-13 19:50:22.866,1789339822.8664465,-140,-969,89
2026-09-13 19:50:22.886,1789339822.8864465,-141,-966,94
2026-09-13 19:50:22.906,1789339822.9064465,-142,-969,88
2026-09-13 19:50:22.926,1789339822.9264464,-142,-973,88
2026-09-13 19:50:22.946,1789339822.9464467,-139,-974,86
2026-09-13 19:50:22.966,1789339822.9664466,-138,-973,87
2026-09-13 19:50:22.986,1789339822.9864466,-137,-972,89
2026-09-13 19:50:23.006,1789339823.0064466,-138,-970,94
2026-09-13 19:50:23.014,1789339823.0140064,-141,-969,93
2026-09-13 19:50:23.034,1789339823.0340064,-141,-971,91
2026-09-13 19:50:23.054,1789339823.0540063,-138,-968,89
2026-09-13 19:50:23.074,1789339823.0740063,-140,-974,93
2026-09-13 19:50:23.094,1789339823.0940063,-141,-973,88
2026-09-13 19:50:23.114,1789339823.1140063,-140,-972,89
2026-09-13 19:50:23.134,1789339823.1340063,-142,-969,97
2026-09-13 19:50:23.154,1789339823.1540065,-142,-962,97
2026-09-13 19:50:23.174,1789339823.1740065,-142,-962,100
2026-09-13 19:50:23.194,1789339823.1940064,-141,-966,101
2026-09-13 19:50:23.214,1789339823.2140064,-142,-969,102
2026-09-13 19:50:23.234,1789339823.2340064,-144,-973,102
2026-09-13 19:50:23.254,1789339823.2540064,-145,-974,98
2026-09-13 19:50:23.274,1789339823.2740064,-143,-972,98
2026-09-13 19:50:23.294,1789339823.2940063,-143,-972,99
2026-09-13 19:50:23.314,1789339823.3140063,-142,-975,104
2026-09-13 19:50:23.334,1789339823.3340063,-142,-974,101
2026-09-13 19:50:23.354,1789339823.3540063,-142,-971,97
2026-09-13 19:50:23.374,1789339823.3740063,-141,-972,98
2026-09-13 19:50:23.394,1789339823.3940065,-143,-970,105
2026-09-13 19:50:23.414,1789339823.4140065,-145,-971,107
2026-09-13 19:50:23.434,1789339823.4340065,-144,-971,101
2026-09-13 19:50:23.454,1789339823.4540064,-143,-970,102
2026-09-13 19:50:23.474,1789339823.4740064,-143,-969,102
2026-09-13 19:50:23.494,1789339823.4940064,-144,-972,101
2026-09-13 19:50:23.514,1789339823.5140064,-142,-970,103
2026-09-13 19:50:23.534,1789339823.5340064,-143,-970,109
2026-09-13 19:50:23.554,1789339823.5540063,-144,-970,78
2026-09-13 19:50:23.574,1789339823.5740063,-140,-974,96
2026-09-13 19:50:23.594,1789339823.5940063,-140,-975,105
2026-09-13 19:50:23.614,1789339823.6140063,-141,-973,100
2026-09-13 19:50:23.634,1789339823.6340063,-142,-971,79
2026-09-13 19:50:23.654,1789339823.6540065,-140,-972,93
2026-09-13 19:50:23.674,1789339823.6740065,-143,-965,99
2026-09-13 19:50:23.694,1789339823.6940064,-144,-967,103
2026-09-13 19:50:23.714,1789339823.7140064,-147,-969,101
2026-09-13 19:50:23.721,1789339823.7214744,-146,-974,92
2026-09-13 19:50:23.741,1789339823.7414744,-144,-977,94
2026-09-13 19:50:23.761,1789339823.7614744,-143,-975,94
2026-09-13 19:50:23.781,1789339823.7814744,-141,-974,94
2026-09-13 19:50:23.801,1789339823.8014743,-140,-970,99
2026-09-13 19:50:23.821,1789339823.8214743,-140,-969,100
2026-09-13 19:50:23.841,1789339823.8414743,-141,-969,96
2026-09-13 19:50:23.861,1789339823.8614745,-140,-969,100
2026-09-13 19:50:23.881,1789339823.8814745,-138,-969,90
2026-09-13 19:50:23.901,1789339823.9014745,-136,-972,93
2026-09-13 19:50:23.921,1789339823.9214745,-139,-971,94
2026-09-13 19:50:23.941,1789339823.9414744,-141,-967,96
2026-09-13 19:50:23.961,1789339823.9614744,-142,-968,103
2026-09-13 19:50:23.981,1789339823.9814744,-145,-967,106
2026-09-13 19:50:24.001,1789339824.0014744,-144,-971,99
2026-09-13 19:50:24.021,1789339824.0214744,-143,-972,94
2026-09-13 19:50:24.041,1789339824.0414743,-142,-971,94
2026-09-13 19:50:24.061,1789339824.0614743,-140,-971,90
2026-09-13 19:50:24.081,1789339824.0814743,-141,-970,93
2026-09-13 19:50:24.101,1789339824.1014745,-142,-969,93
2026-09-13 19:50:24.121,1789339824.1214745,-142,-970,90
2026-09-13 19:50:24.141,1789339824.1414745,-141,-972,88
2026-09-13 19:50:24.161,1789339824.1614745,-141,-972,87
2026-09-13 19:50:24.181,1789339824.1814744,-141,-974,86
2026-09-13 19:50:24.201,1789339824.2014744,-141,-974,85
2026-09-13 19:50:24.221,1789339824.2214744,-139,-972,88
2026-09-13 19:50:24.241,1789339824.2414744,-141,-967,89
2026-09-13 19:50:24.261,1789339824.2614744,-138,-973,88
2026-09-13 19:50:24.281,1789339824.2814744,-137,-972,89
2026-09-13 19:50:24.301,1789339824.3014743,-140,-972,88
2026-09-13 19:50:24.321,1789339824.3214743,-142,-969,93
2026-09-13 19:50:24.341,1789339824.3414743,-142,-970,87
2026-09-13 19:50:24.361,1789339824.3614745,-142,-973,79
2026-09-13 19:50:24.381,1789339824.3814745,-139,-971,82
2026-09-13 19:50:24.401,1789339824.4014745,-139,-972,83
2026-09-13 19:50:24.421,1789339824.4214745,-140,-973,85
2026-09-13 19:50:24.428,1789339824.4286988,-140,-972,81
2026-09-13 19:50:24.448,1789339824.4486988,-140,-971,92
2026-09-13 19:50:24.468,1789339824.4686987,-144,-969,71
2026-09-13 19:50:24.488,1789339824.4886987,-139,-975,85
2026-09-13 19:50:24.508,1789339824.5086987,-140,-976,85
2026-09-13 19:50:24.528,1789339824.5286987,-137,-975,81
2026-09-13 19:50:24.548,1789339824.5486987,-138,-972,71
2026-09-13 19:50:24.568,1789339824.568699,-140,-971,82
2026-09-13 19:50:24.588,1789339824.5886989,-144,-967,87
2026-09-13 19:50:24.608,1789339824.6086988,-144,-971,88
2026-09-13 19:50:24.628,1789339824.6286988,-144,-973,88
2026-09-13 19:50:24.648,1789339824.6486988,-143,-973,83
2026-09-13 19:50:24.668,1789339824.6686988,-140,-974,82
2026-09-13 19:50:24.688,1789339824.6886988,-139,-970,87
2026-09-13 19:50:24.708,1789339824.7086987,-140,-970,88
2026-09-13 19:50:24.728,1789339824.7286987,-140,-972,87
2026-09-13 19:50:24.748,1789339824.7486987,-140,-973,87
2026-09-13 19:50:24.768,1789339824.7686987,-138,-971,88
2026-09-13 19:50:24.788,1789339824.7886987,-138,-971,89
2026-09-13 19:50:24.808,1789339824.808699,-139,-968,84
2026-09-13 19:50:24.828,1789339824.8286989,-138,-973,89
2026-09-13 19:50:24.848,1789339824.8486989,-140,-969,84
2026-09-13 19:50:24.868,1789339824.8686988,-141,-971,86
2026-09-13 19:50:24.888,1789339824.8886988,-142,-970,90
2026-09-13 19:50:24.908,1789339824.9086988,-144,-966,90
2026-09-13 19:50:24.928,1789339824.9286988,-143,-970,91
2026-09-13 19:50:24.948,1789339824.9486988,-142,-973,86
2026-09-13 19:50:24.968,1789339824.9686987,-142,-973,86
2026-09-13 19:50:24.988,1789339824.9886987,-142,-972,86
2026-09-13 19:50:25.008,1789339825.0086987,-141,-971,87
2026-09-13 19:50:25.028,1789339825.0286987,-143,-973,89
2026-09-13 19:50:25.048,1789339825.0486987,-142,-972,87
2026-09-13 19:50:25.068,1789339825.068699,-142,-972,85
2026-09-13 19:50:25.088,1789339825.0886989,-140,-973,87
2026-09-13 19:50:25.108,1789339825.1086988,-140,-972,84
2026-09-13 19:50:25.128,1789339825.1286988,-141,-972,89
2026-09-13 19:50:25.136,1789339825.1361976,-141,-973,90
2026-09-13 19:50:25.156,1789339825.1561975,-142,-973,95
2026-09-13 19:50:25.176,1789339825.1761975,-143,-975,90
2026-09-13 19:50:25.196,1789339825.1961975,-143,-970,80
2026-09-13 19:50:25.216,1789339825.2161975,-142,-969,83
2026-09-13 19:50:25.236,1789339825.2361975,-142,-971,90
2026-09-13 19:50:25.256,1789339825.2561975,-142,-970,88
2026-09-13 19:50:25.276,1789339825.2761977,-142,-972,86
2026-09-13 19:50:25.296,1789339825.2961977,-141,-973,85
2026-09-13 19:50:25.316,1789339825.3161976,-141,-973,84
2026-09-13 19:50:25.336,1789339825.3361976,-143,-972,88
2026-09-13 19:50:25.356,1789339825.3561976,-144,-970,88
2026-09-13 19:50:25.376,1789339825.3761976,-144,-968,81
2026-09-13 19:50:25.396,1789339825.3961976,-143,-967,94
2026-09-13 19:50:25.416,1789339825.4161975,-145,-967,72
2026-09-13 19:50:25.436,1789339825.4361975,-141,-978,86
2026-09-13 19:50:25.456,1789339825.4561975,-138,-978,89
2026-09-13 19:50:25.476,1789339825.4761975,-138,-976,91
2026-09-13 19:50:25.496,1789339825.4961975,-141,-975,73
2026-09-13 19:50:25.516,1789339825.5161977,-140,-976,74
2026-09-13 19:50:25.536,1789339825.5361977,-143,-967,88
2026-09-13 19:50:25.556,1789339825.5561976,-144,-969,86
2026-09-13 19:50:25.576,1789339825.5761976,-142,-971,79
2026-09-13 19:50:25.596,1789339825.5961976,-139,-965,79
2026-09-13 19:50:25.616,1789339825.6161976,-139,-967,82
2026-09-13 19:50:25.636,1789339825.6361976,-143,-970,85
2026-09-13 19:50:25.656,1789339825.6561975,-145,-970,87
2026-09-13 19:50:25.676,1789339825.6761975,-143,-975,83
2026-09-13 19:50:25.696,1789339825.6961975,-141,-973,79
2026-09-13 19:50:25.716,1789339825.7161975,-138,-973,76
2026-09-13 19:50:25.736,1789339825.7361975,-139,-975,73
2026-09-13 19:50:25.756,1789339825.7561975,-139,-973,70
2026-09-13 19:50:25.776,1789339825.7761977,-137,-977,72
2026-09-13 19:50:25.796,1789339825.7961977,-138,-975,73
2026-09-13 19:50:25.816,1789339825.8161976,-140,-973,74
2026-09-13 19:50:25.836,1789339825.8361976,-142,-975,82
2026-09-13 19:50:25.843,1789339825.8439405,-143,-976,81
2026-09-13 19:50:25.863,1789339825.8639405,-142,-974,80
2026-09-13 19:50:25.883,1789339825.8839405,-140,-975,76
2026-09-13 19:50:25.903,1789339825.9039404,-139,-975,77
2026-09-13 19:50:25.923,1789339825.9239404,-138,-975,80
2026-09-13 19:50:25.943,1789339825.9439404,-137,-974,78
2026-09-13 19:50:25.963,1789339825.9639404,-139,-974,79
2026-09-13 19:50:25.983,1789339825.9839406,-139,-973,78
2026-09-13 19:50:26.003,1789339826.0039406,-137,-973,82
2026-09-13 19:50:26.023,1789339826.0239406,-136,-976,82
2026-09-13 19:50:26.043,1789339826.0439405,-137,-974,80
2026-09-13 19:50:26.063,1789339826.0639405,-138,-971,83
2026-09-13 19:50:26.083,1789339826.0839405,-138,-970,86
2026-09-13 19:50:26.103,1789339826.1039405,-138,-972,92
2026-09-13 19:50:26.123,1789339826.1239405,-138,-973,86
2026-09-13 19:50:26.143,1789339826.1439404,-137,-972,85
2026-09-13 19:50:26.163,1789339826.1639404,-138,-970,85
2026-09-13 19:50:26.183,1789339826.1839404,-139,-972,91
2026-09-13 19:50:26.203,1789339826.2039404,-139,-972,88
2026-09-13 19:50:26.223,1789339826.2239406,-140,-971,90
2026-09-13 19:50:26.243,1789339826.2439406,-140,-970,94
2026-09-13 19:50:26.263,1789339826.2639406,-141,-970,67
2026-09-13 19:50:26.283,1789339826.2839406,-131,-978,81
2026-09-13 19:50:26.303,1789339826.3039405,-128,-977,104
2026-09-13 19:50:26.323,1789339826.3239405,-134,-975,92
2026-09-13 19:50:26.343,1789339826.3439405,-134,-969,76
2026-09-13 19:50:26.363,1789339826.3639405,-138,-968,86
2026-09-13 19:50:26.383,1789339826.3839405,-140,-964,93
2026-09-13 19:50:26.403,1789339826.4039404,-140,-971,93
2026-09-13 19:50:26.423,1789339826.4239404,-138,-974,92
2026-09-13 19:50:26.443,1789339826.4439404,-133,-975,90
2026-09-13 19:50:26.463,1789339826.4639404,-132,-974,94
2026-09-13 19:50:26.483,1789339826.4839406,-131,-972,92
2026-09-13 19:50:26.503,1789339826.5039406,-134,-969,93
2026-09-13 19:50:26.523,1789339826.5239406,-134,-972,96
2026-09-13 19:50:26.543,1789339826.5439405,-132,-970,92
2026-09-13 19:50:26.551,1789339826.551378,-134,-975,93
2026-09-13 19:50:26.571,1789339826.571378,-132,-975,106
2026-09-13 19:50:26.591,1789339826.591378,-130,-970,83
2026-09-13 19:50:26.611,1789339826.611378,-131,-974,90
2026-09-13 19:50:26.631,1789339826.631378,-131,-970,93
2026-09-13 19:50:26.651,1789339826.651378,-133,-970,99
2026-09-13 19:50:26.671,1789339826.671378,-135,-973,94
2026-09-13 19:50:26.691,1789339826.691378,-136,-974,98
2026-09-13 19:50:26.711,1789339826.711378,-136,-973,95
2026-09-13 19:50:26.731,1789339826.731378,-134,-973,89
2026-09-13 19:50:26.751,1789339826.751378,-131,-974,86
2026-09-13 19:50:26.771,1789339826.771378,-133,-973,92
2026-09-13 19:50:26.791,1789339826.791378,-136,-973,89
2026-09-13 19:50:26.811,1789339826.811378,-137,-973,85
2026-09-13 19:50:26.831,1789339826.831378,-133,-975,86
2026-09-13 19:50:26.851,1789339826.851378,-130,-976,87
2026-09-13 19:50:26.871,1789339826.871378,-129,-977,88
2026-09-13 19:50:26.891,1789339826.891378,-125,-976,84
2026-09-13 19:50:26.911,1789339826.911378,-126,-974,87
2026-09-13 19:50:26.931,1789339826.9313781,-128,-973,87
2026-09-13 19:50:26.951,1789339826.951378,-129,-970,89
2026-09-13 19:50:26.971,1789339826.971378,-130,-969,95
2026-09-13 19:50:26.991,1789339826.991378,-134,-967,99
2026-09-13 19:50:27.011,1789339827.011378,-132,-971,75
2026-09-13 19:50:27.031,1789339827.031378,-115,-977,112
2026-09-13 19:50:27.051,1789339827.051378,-125,-973,101
2026-09-13 19:50:27.071,1789339827.071378,-130,-972,82
2026-09-13 19:50:27.091,1789339827.091378,-122,-970,87
2026-09-13 19:50:27.111,1789339827.111378,-134,-968,95
2026-09-13 19:50:27.131,1789339827.131378,-137,-968,92
2026-09-13 19:50:27.151,1789339827.151378,-128,-977,87
2026-09-13 19:50:27.171,1789339827.171378,-126,-975,90
2026-09-13 19:50:27.191,1789339827.191378,-129,-972,91
2026-09-13 19:50:27.211,1789339827.211378,-128,-974,86
2026-09-13 19:50:27.231,1789339827.231378,-125,-974,83
2026-09-13 19:50:27.251,1789339827.251378,-124,-974,90
2026-09-13 19:50:27.259,1789339827.259152,-125,-974,87
2026-09-13 19:50:27.279,1789339827.279152,-121,-975,84
2026-09-13 19:50:27.299,1789339827.299152,-120,-974,85
2026-09-13 19:50:27.319,1789339827.3191519,-128,-973,98
2026-09-13 19:50:27.339,1789339827.3391519,-123,-970,75
2026-09-13 19:50:27.359,1789339827.3591518,-122,-977,80
2026-09-13 19:50:27.379,1789339827.3791518,-121,-971,86
2026-09-13 19:50:27.399,1789339827.399152,-126,-972,86
2026-09-13 19:50:27.419,1789339827.419152,-128,-973,93
2026-09-13 19:50:27.439,1789339827.439152,-126,-973,92
2026-09-13 19:50:27.459,1789339827.459152,-129,-974,93
2026-09-13 19:50:27.479,1789339827.479152,-130,-974,87
2026-09-13 19:50:27.499,1789339827.499152,-128,-974,82
2026-09-13 19:50:27.519,1789339827.519152,-122,-976,83
2026-09-13 19:50:27.539,1789339827.539152,-127,-976,84
2026-09-13 19:50:27.559,1789339827.559152,-127,-974,82
2026-09-13 19:50:27.579,1789339827.5791519,-122,-976,80
2026-09-13 19:50:27.599,1789339827.5991518,-120,-973,75
2026-09-13 19:50:27.619,1789339827.6191518,-124,-977,80
2026-09-13 19:50:27.639,1789339827.639152,-128,-974,77
2026-09-13 19:50:27.659,1789339827.659152,-133,-973,75
2026-09-13 19:50:27.679,1789339827.679152,-131,-973,76
2026-09-13 19:50:27.699,1789339827.699152,-131,-974,82
2026-09-13 19:50:27.719,1789339827.719152,-128,-974,61
2026-09-13 19:50:27.739,1789339827.739152,-120,-977,86
2026-09-13 19:50:27.759,1789339827.759152,-129,-973,82
2026-09-13 19:50:27.779,1789339827.779152,-132,-976,68
2026-09-13 19:50:27.799,1789339827.799152,-127,-975,55
2026-09-13 19:50:27.819,1789339827.8191519,-122,-979,77
2026-09-13 19:50:27.839,1789339827.8391519,-130,-970,87
2026-09-13 19:50:27.859,1789339827.8591518,-128,-973,88
2026-09-13 19:50:27.879,1789339827.8791518,-132,-973,86
2026-09-13 19:50:27.899,1789339827.899152,-131,-973,84
2026-09-13 19:50:27.919,1789339827.919152,-134,-972,74
2026-09-13 19:50:27.939,1789339827.939152,-132,-973,74
2026-09-13 19:50:27.959,1789339827.959152,-130,-976,72
2026-09-13 19:50:27.966,1789339827.966864,-129,-978,77
2026-09-13 19:50:27.986,1789339827.986864,-131,-977,80
2026-09-13 19:50:28.006,1789339828.006864,-131,-974,79
2026-09-13 19:50:28.026,1789339828.026864,-134,-972,87
2026-09-13 19:50:28.046,1789339828.046864,-133,-963,78
2026-09-13 19:50:28.066,1789339828.066864,-136,-974,78
2026-09-13 19:50:28.086,1789339828.086864,-139,-971,77
2026-09-13 19:50:28.106,1789339828.1068642,-133,-970,76
2026-09-13 19:50:28.126,1789339828.1268642,-136,-976,83
2026-09-13 19:50:28.146,1789339828.1468642,-136,-976,86
2026-09-13 19:50:28.166,1789339828.1668642,-136,-973,85
2026-09-13 19:50:28.186,1789339828.1868641,-137,-973,83
2026-09-13 19:50:28.206,1789339828.206864,-138,-972,78
2026-09-13 19:50:28.226,1789339828.226864,-137,-973,79
2026-09-13 19:50:28.246,1789339828.246864,-137,-974,83
2026-09-13 19:50:28.266,1789339828.266864,-137,-973,82
2026-09-13 19:50:28.286,1789339828.286864,-138,-974,83
2026-09-13 19:50:28.306,1789339828.306864,-136,-973,85
2026-09-13 19:50:28.326,1789339828.326864,-136,-973,82
2026-09-13 19:50:28.346,1789339828.3468642,-134,-973,83
2026-09-13 19:50:28.366,1789339828.3668642,-137,-972,81
2026-09-13 19:50:28.386,1789339828.3868642,-139,-970,79
2026-09-13 19:50:28.406,1789339828.4068642,-140,-971,86
2026-09-13 19:50:28.426,1789339828.4268641,-141,-973,96
2026-09-13 19:50:28.446,1789339828.4468641,-141,-974,63
2026-09-13 19:50:28.466,1789339828.466864,-134,-977,82
2026-09-13 19:50:28.486,1789339828.486864,-135,-974,96
2026-09-13 19:50:28.506,1789339828.506864,-139,-973,90
2026-09-13 19:50:28.526,1789339828.526864,-139,-972,69
2026-09-13 19:50:28.546,1789339828.546864,-139,-978,87
2026-09-13 19:50:28.566,1789339828.566864,-144,-969,93
2026-09-13 19:50:28.586,1789339828.586864,-143,-969,99
2026-09-13 19:50:28.606,1789339828.6068642,-143,-969,97
2026-09-13 19:50:28.626,1789339828.6268642,-143,-971,93
2026-09-13 19:50:28.646,1789339828.6468642,-143,-973,94
2026-09-13 19:50:28.666,1789339828.6668642,-141,-973,94
2026-09-13 19:50:28.674,1789339828.6745155,-140,-974,91
2026-09-13 19:50:28.694,1789339828.6945155,-140,-972,91
2026-09-13 19:50:28.714,1789339828.7145154,-139,-970,97
2026-09-13 19:50:28.734,1789339828.7345154,-141,-970,98
2026-09-13 19:50:28.754,1789339828.7545154,-141,-971,101
2026-09-13 19:50:28.774,1789339828.7745154,-142,-963,98
2026-09-13 19:50:28.794,1789339828.7945154,-140,-972,98
2026-09-13 19:50:28.814,1789339828.8145156,-141,-968,100
2026-09-13 19:50:28.834,1789339828.8345156,-141,-964,99
2026-09-13 19:50:28.854,1789339828.8545156,-142,-970,108
2026-09-13 19:50:28.874,1789339828.8745155,-143,-968,108
2026-09-13 19:50:28.894,1789339828.8945155,-143,-970,99
2026-09-13 19:50:28.914,1789339828.9145155,-143,-972,102
2026-09-13 19:50:28.934,1789339828.9345155,-144,-972,99
2026-09-13 19:50:28.954,1789339828.9545155,-143,-971,102
2026-09-13 19:50:28.974,1789339828.9745154,-144,-970,106
2026-09-13 19:50:28.994,1789339828.9945154,-144,-967,105
2026-09-13 19:50:29.014,1789339829.0145154,-143,-965,105
2026-09-13 19:50:29.034,1789339829.0345154,-141,-964,108
2026-09-13 19:50:29.054,1789339829.0545156,-141,-966,107
2026-09-13 19:50:29.074,1789339829.0745156,-143,-969,105
2026-09-13 19:50:29.094,1789339829.0945156,-141,-971,105
2026-09-13 19:50:29.114,1789339829.1145155,-142,-972,107
2026-09-13 19:50:29.134,1789339829.1345155,-141,-971,109
2026-09-13 19:50:29.154,1789339829.1545155,-143,-969,113
2026-09-13 19:50:29.174,1789339829.1745155,-144,-969,111
2026-09-13 19:50:29.194,1789339829.1945155,-144,-972,113
2026-09-13 19:50:29.214,1789339829.2145154,-144,-972,111
2026-09-13 19:50:29.234,1789339829.2345154,-142,-971,112
2026-09-13 19:50:29.254,1789339829.2545154,-144,-970,109
2026-09-13 19:50:29.274,1789339829.2745154,-145,-969,109
2026-09-13 19:50:29.294,1789339829.2945154,-144,-969,116
2026-09-13 19:50:29.314,1789339829.3145156,-144,-971,123
2026-09-13 19:50:29.334,1789339829.3345156,-146,-970,96
2026-09-13 19:50:29.354,1789339829.3545156,-141,-974,116
2026-09-13 19:50:29.374,1789339829.3745155,-142,-970,126
2026-09-13 19:50:29.382,1789339829.3821974,-142,-969,117
2026-09-13 19:50:29.402,1789339829.4021974,-142,-973,100
2026-09-13 19:50:29.422,1789339829.4221973,-142,-974,113
2026-09-13 19:50:29.442,1789339829.4421973,-147,-961,118
2026-09-13 19:50:29.462,1789339829.4621973,-146,-960,120
2026-09-13 19:50:29.482,1789339829.4821973,-148,-964,118
2026-09-13 19:50:29.502,1789339829.5021973,-146,-970,113
2026-09-13 19:50:29.522,1789339829.5221975,-144,-970,110
2026-09-13 19:50:29.542,1789339829.5421975,-142,-972,110
2026-09-13 19:50:29.562,1789339829.5621974,-141,-972,106
2026-09-13 19:50:29.582,1789339829.5821974,-142,-970,108
2026-09-13 19:50:29.602,1789339829.6021974,-142,-967,113
2026-09-13 19:50:29.622,1789339829.6221974,-143,-968,113
2026-09-13 19:50:29.642,1789339829.6421974,-145,-971,112
2026-09-13 19:50:29.662,1789339829.6621974,-143,-967,105
2026-09-13 19:50:29.682,1789339829.6821973,-143,-973,108
2026-09-13 19:50:29.702,1789339829.7021973,-144,-971,112
2026-09-13 19:50:29.722,1789339829.7221973,-143,-970,109
2026-09-13 19:50:29.742,1789339829.7421973,-143,-971,118
2026-09-13 19:50:29.762,1789339829.7621975,-144,-967,120
2026-09-13 19:50:29.782,1789339829.7821975,-144,-968,116
2026-09-13 19:50:29.802,1789339829.8021975,-144,-967,115
2026-09-13 19:50:29.822,1789339829.8221974,-143,-968,114
2026-09-13 19:50:29.842,1789339829.8421974,-143,-968,112
2026-09-13 19:50:29.862,1789339829.8621974,-144,-972,109
2026-09-13 19:50:29.882,1789339829.8821974,-142,-972,110
2026-09-13 19:50:29.902,1789339829.9021974,-142,-969,108
2026-09-13 19:50:29.922,1789339829.9221973,-141,-970,108
2026-09-13 19:50:29.942,1789339829.9421973,-141,-969,109
2026-09-13 19:50:29.962,1789339829.9621973,-141,-970,112
2026-09-13 19:50:29.982,1789339829.9821973,-142,-968,114
2026-09-13 19:50:30.002,1789339830.0021973,-143,-968,115
2026-09-13 19:50:30.022,1789339830.0221975,-143,-972,111
2026-09-13 19:50:30.042,1789339830.0421975,-142,-971,111
2026-09-13 19:50:30.062,1789339830.0621974,-142,-969,111
2026-09-13 19:50:30.082,1789339830.0821974,-143,-968,114
2026-09-13 19:50:30.089,1789339830.08991,-143,-969,113
2026-09-13 19:50:30.109,1789339830.10991,-142,-969,115
2026-09-13 19:50:30.129,1789339830.12991,-143,-970,116
2026-09-13 19:50:30.149,1789339830.14991,-143,-968,113
2026-09-13 19:50:30.169,1789339830.16991,-143,-968,113
2026-09-13 19:50:30.189,1789339830.18991,-142,-968,113
2026-09-13 19:50:30.209,1789339830.20991,-142,-969,114
2026-09-13 19:50:30.229,1789339830.2299101,-142,-969,114
2026-09-13 19:50:30.249,1789339830.24991,-143,-969,113
2026-09-13 19:50:30.269,1789339830.26991,-141,-967,116
2026-09-13 19:50:30.289,1789339830.28991,-143,-965,119
2026-09-13 19:50:30.309,1789339830.30991,-144,-967,95
2026-09-13 19:50:30.329,1789339830.32991,-140,-974,115
2026-09-13 19:50:30.349,1789339830.34991,-139,-973,126
2026-09-13 19:50:30.369,1789339830.36991,-141,-970,108
2026-09-13 19:50:30.389,1789339830.38991,-141,-971,98
2026-09-13 19:50:30.409,1789339830.40991,-142,-968,112
2026-09-13 19:50:30.429,1789339830.42991,-147,-963,112
2026-09-13 19:50:30.449,1789339830.44991,-147,-968,119
2026-09-13 19:50:30.469,1789339830.4699101,-146,-969,113
2026-09-13 19:50:30.489,1789339830.4899101,-145,-972,109
2026-09-13 19:50:30.509,1789339830.50991,-144,-972,108
2026-09-13 19:50:30.529,1789339830.52991,-141,-972,109
2026-09-13 19:50:30.549,1789339830.54991,-141,-970,111
2026-09-13 19:50:30.569,1789339830.56991,-142,-969,114
2026-09-13 19:50:30.589,1789339830.58991,-142,-969,113
2026-09-13 19:50:30.609,1789339830.60991,-143,-968,115
2026-09-13 19:50:30.629,1789339830.62991,-142,-971,113
2026-09-13 19:50:30.649,1789339830.64991,-141,-967,105
2026-09-13 19:50:30.669,1789339830.66991,-140,-971,114
2026-09-13 19:50:30.689,1789339830.68991,-143,-967,115
2026-09-13 19:50:30.709,1789339830.70991,-142,-969,111
2026-09-13 19:50:30.729,1789339830.7299101,-144,-969,118
2026-09-13 19:50:30.749,1789339830.74991,-147,-966,118
2026-09-13 19:50:30.769,1789339830.76991,-146,-969,116
2026-09-13 19:50:30.789,1789339830.78991,-145,-968,113
2026-09-13 19:50:30.797,1789339830.7976835,-144,-970,114
2026-09-13 19:50:30.817,1789339830.8176835,-143,-968,109
2026-09-13 19:50:30.837,1789339830.8376834,-143,-971,111
2026-09-13 19:50:30.857,1789339830.8576834,-144,-971,108
2026-09-13 19:50:30.877,1789339830.8776834,-143,-971,107
2026-09-13 19:50:30.897,1789339830.8976834,-143,-971,109
2026-09-13 19:50:30.917,1789339830.9176834,-142,-970,108
2026-09-13 19:50:30.937,1789339830.9376836,-143,-972,110
2026-09-13 19:50:30.957,1789339830.9576836,-144,-970,111
2026-09-13 19:50:30.977,1789339830.9776835,-143,-968,111
2026-09-13 19:50:30.997,1789339830.9976835,-143,-969,112
2026-09-13 19:50:31.017,1789339831.0176835,-143,-970,110
2026-09-13 19:50:31.037,1789339831.0376835,-143,-969,109
2026-09-13 19:50:31.057,1789339831.0576835,-143,-970,111
2026-09-13 19:50:31.077,1789339831.0776834,-144,-970,108
2026-09-13 19:50:31.097,1789339831.0976834,-144,-970,111
2026-09-13 19:50:31.117,1789339831.1176834,-144,-970,111
2026-09-13 19:50:31.137,1789339831.1376834,-144,-968,109
2026-09-13 19:50:31.157,1789339831.1576834,-144,-968,112
2026-09-13 19:50:31.177,1789339831.1776836,-144,-970,110
2026-09-13 19:50:31.197,1789339831.1976836,-144,-970,110
2026-09-13 19:50:31.217,1789339831.2176836,-144,-969,113
2026-09-13 19:50:31.237,1789339831.2376835,-144,-967,112
2026-09-13 19:50:31.257,1789339831.2576835,-144,-966,113
2026-09-13 19:50:31.277,1789339831.2776835,-143,-967,123
2026-09-13 19:50:31.297,1789339831.2976835,-147,-965,103
2026-09-13 19:50:31.317,1789339831.3176835,-143,-974,111
2026-09-13 19:50:31.337,1789339831.3376834,-142,-973,117
2026-09-13 19:50:31.357,1789339831.3576834,-140,-971,118
2026-09-13 19:50:31.377,1789339831.3776834,-140,-969,97
2026-09-13 19:50:31.397,1789339831.3976834,-142,-974,98
2026-09-13 19:50:31.417,1789339831.4176834,-147,-967,115
2026-09-13 19:50:31.437,1789339831.4376836,-149,-968,113
2026-09-13 19:50:31.457,1789339831.4576836,-147,-969,106
2026-09-13 19:50:31.477,1789339831.4776835,-149,-973,98
2026-09-13 19:50:31.497,1789339831.4976835,-146,-975,94
2026-09-13 19:50:31.505,1789339831.5056398,-143,-974,107
2026-09-13 19:50:31.525,1789339831.5256398,-140,-971,117
2026-09-13 19:50:31.545,1789339831.5456398,-143,-974,117
2026-09-13 19:50:31.565,1789339831.5656397,-143,-973,113
2026-09-13 19:50:31.585,1789339831.5856397,-142,-968,115
2026-09-13 19:50:31.605,1789339831.6056397,-141,-970,116
2026-09-13 19:50:31.625,1789339831.6256397,-141,-963,111
2026-09-13 19:50:31.645,1789339831.64564,-137,-970,106
2026-09-13 19:50:31.665,1789339831.6656399,-136,-971,121
2026-09-13 19:50:31.685,1789339831.6856399,-140,-966,114
2026-09-13 19:50:31.705,1789339831.7056398,-141,-968,119
2026-09-13 19:50:31.725,1789339831.7256398,-143,-967,125
2026-09-13 19:50:31.745,1789339831.7456398,-144,-966,123
2026-09-13 19:50:31.765,1789339831.7656398,-144,-964,120
2026-09-13 19:50:31.785,1789339831.7856398,-141,-966,122
2026-09-13 19:50:31.805,1789339831.8056397,-140,-968,119
2026-09-13 19:50:31.825,1789339831.8256397,-140,-966,116
2026-09-13 19:50:31.845,1789339831.8456397,-138,-966,114
2026-09-13 19:50:31.865,1789339831.8656397,-140,-968,114
2026-09-13 19:50:31.885,1789339831.88564,-139,-970,115
2026-09-13 19:50:31.905,1789339831.90564,-137,-969,114
2026-09-13 19:50:31.925,1789339831.9256399,-138,-968,116
2026-09-13 19:50:31.945,1789339831.9456398,-137,-967,117
2026-09-13 19:50:31.965,1789339831.9656398,-138,-967,115
2026-09-13 19:50:31.985,1789339831.9856398,-137,-967,118
2026-09-13 19:50:32.005,1789339832.0056398,-138,-968,115
2026-09-13 19:50:32.025,1789339832.0256398,-138,-968,113
2026-09-13 19:50:32.045,1789339832.0456398,-137,-969,113
2026-09-13 19:50:32.065,1789339832.0656397,-137,-970,113
2026-09-13 19:50:32.085,1789339832.0856397,-139,-970,109
2026-09-13 19:50:32.105,1789339832.1056397,-137,-969,108
2026-09-13 19:50:32.125,1789339832.1256397,-138,-971,109
2026-09-13 19:50:32.145,1789339832.14564,-139,-972,109
2026-09-13 19:50:32.165,1789339832.1656399,-139,-970,106
2026-09-13 19:50:32.185,1789339832.1856399,-137,-969,111
2026-09-13 19:50:32.205,1789339832.2056398,-138,-969,109
2026-09-13 19:50:32.213,1789339832.2134438,-139,-969,87
2026-09-13 19:50:32.233,1789339832.2334437,-127,-977,105
2026-09-13 19:50:32.253,1789339832.2534437,-127,-975,119
2026-09-13 19:50:32.273,1789339832.2734437,-134,-973,106
2026-09-13 19:50:32.293,1789339832.2934437,-136,-969,90
2026-09-13 19:50:32.313,1789339832.3134437,-138,-969,105
2026-09-13 19:50:32.333,1789339832.3334436,-140,-965,106
2026-09-13 19:50:32.353,1789339832.3534439,-138,-973,103
2026-09-13 19:50:32.373,1789339832.3734438,-134,-975,105
2026-09-13 19:50:32.393,1789339832.3934438,-131,-973,98
2026-09-13 19:50:32.413,1789339832.4134438,-131,-971,102
2026-09-13 19:50:32.433,1789339832.4334438,-133,-970,101
2026-09-13 19:50:32.453,1789339832.4534438,-130,-972,103
2026-09-13 19:50:32.473,1789339832.4734437,-132,-971,104
2026-09-13 19:50:32.493,1789339832.4934437,-132,-970,99
2026-09-13 19:50:32.513,1789339832.5134437,-133,-974,95
2026-09-13 19:50:32.533,1789339832.5334437,-131,-975,107
2026-09-13 19:50:32.553,1789339832.5534437,-125,-973,88
2026-09-13 19:50:32.573,1789339832.5734437,-126,-973,98
2026-09-13 19:50:32.593,1789339832.5934439,-130,-966,100
2026-09-13 19:50:32.613,1789339832.6134439,-133,-965,105
2026-09-13 19:50:32.633,1789339832.6334438,-135,-970,100
2026-09-13 19:50:32.653,1789339832.6534438,-134,-974,96
2026-09-13 19:50:32.673,1789339832.6734438,-135,-974,89
2026-09-13 19:50:32.693,1789339832.6934438,-131,-974,88
2026-09-13 19:50:32.713,1789339832.7134438,-128,-971,88
2026-09-13 19:50:32.733,1789339832.7334437,-128,-973,87
2026-09-13 19:50:32.753,1789339832.7534437,-131,-973,83
2026-09-13 19:50:32.773,1789339832.7734437,-129,-974,85
2026-09-13 19:50:32.793,1789339832.7934437,-124,-973,88
2026-09-13 19:50:32.813,1789339832.8134437,-126,-974,79
2026-09-13 19:50:32.833,1789339832.8334436,-124,-975,87
2026-09-13 19:50:32.853,1789339832.8534439,-125,-975,84
2026-09-13 19:50:32.873,1789339832.8734438,-125,-975,85
2026-09-13 19:50:32.893,1789339832.8934438,-123,-976,79
2026-09-13 19:50:32.913,1789339832.9134438,-127,-975,78
2026-09-13 19:50:32.921,1789339832.9213393,-128,-972,80
2026-09-13 19:50:32.941,1789339832.9413393,-127,-973,79
2026-09-13 19:50:32.961,1789339832.9613392,-129,-974,85
2026-09-13 19:50:32.981,1789339832.9813392,-123,-975,60
2026-09-13 19:50:33.001,1789339833.0013392,-114,-981,83
2026-09-13 19:50:33.021,1789339833.0213392,-124,-976,91
2026-09-13 19:50:33.041,1789339833.0413392,-127,-977,78
2026-09-13 19:50:33.061,1789339833.0613394,-122,-970,69
2026-09-13 19:50:33.081,1789339833.0813394,-126,-972,80
2026-09-13 19:50:33.101,1789339833.1013393,-132,-970,79
2026-09-13 19:50:33.121,1789339833.1213393,-127,-978,77
2026-09-13 19:50:33.141,1789339833.1413393,-127,-979,74
2026-09-13 19:50:33.161,1789339833.1613393,-122,-977,80
2026-09-13 19:50:33.181,1789339833.1813393,-123,-978,80
2026-09-13 19:50:33.201,1789339833.2013392,-117,-975,74
2026-09-13 19:50:33.221,1789339833.2213392,-110,-975,77
2026-09-13 19:50:33.241,1789339833.2413392,-116,-974,75
2026-09-13 19:50:33.261,1789339833.2613392,-116,-974,71
2026-09-13 19:50:33.281,1789339833.2813392,-115,-975,68
2026-09-13 19:50:33.301,1789339833.3013394,-115,-978,76
2026-09-13 19:50:33.321,1789339833.3213394,-110,-975,74
2026-09-13 19:50:33.341,1789339833.3413393,-117,-975,64
2026-09-13 19:50:33.361,1789339833.3613393,-117,-975,62
2026-09-13 19:50:33.381,1789339833.3813393,-117,-972,73
2026-09-13 19:50:33.401,1789339833.4013393,-120,-975,72
2026-09-13 19:50:33.421,1789339833.4213393,-118,-976,72
2026-09-13 19:50:33.441,1789339833.4413393,-117,-976,72
2026-09-13 19:50:33.461,1789339833.4613392,-124,-976,70
2026-09-13 19:50:33.481,1789339833.4813392,-122,-975,65
2026-09-13 19:50:33.501,1789339833.5013392,-120,-974,66
2026-09-13 19:50:33.521,1789339833.5213392,-119,-976,67
2026-09-13 19:50:33.541,1789339833.5413392,-123,-976,63
2026-09-13 19:50:33.561,1789339833.5613394,-116,-977,62
2026-09-13 19:50:33.581,1789339833.5813394,-115,-978,61
2026-09-13 19:50:33.601,1789339833.6013393,-107,-977,66
2026-09-13 19:50:33.621,1789339833.6213393,-118,-975,66
2026-09-13 19:50:33.628,1789339833.6289907,-117,-975,61
2026-09-13 19:50:33.648,1789339833.6489906,-116,-975,63
2026-09-13 19:50:33.668,1789339833.6689906,-119,-975,68
2026-09-13 19:50:33.688,1789339833.6889906,-125,-972,63
2026-09-13 19:50:33.708,1789339833.7089906,-117,-975,42
2026-09-13 19:50:33.728,1789339833.7289906,-109,-979,79
2026-09-13 19:50:33.748,1789339833.7489905,-112,-980,69
2026-09-13 19:50:33.768,1789339833.7689908,-118,-973,53
2026-09-13 19:50:33.788,1789339833.7889907,-115,-974,57
2026-09-13 19:50:33.808,1789339833.8089907,-126,-973,68
2026-09-13 19:50:33.828,1789339833.8289907,-135,-971,61
2026-09-13 19:50:33.848,1789339833.8489907,-129,-978,55
2026-09-13 19:50:33.868,1789339833.8689907,-127,-978,56
2026-09-13 19:50:33.888,1789339833.8889906,-125,-978,58
2026-09-13 19:50:33.908,1789339833.9089906,-128,-979,61
2026-09-13 19:50:33.928,1789339833.9289906,-124,-979,61
2026-09-13 19:50:33.948,1789339833.9489906,-120,-978,63
2026-09-13 19:50:33.968,1789339833.9689906,-123,-975,61
2026-09-13 19:50:33.988,1789339833.9889905,-127,-973,62
2026-09-13 19:50:34.008,1789339834.0089908,-127,-975,63
2026-09-13 19:50:34.028,1789339834.0289907,-127,-976,68
2026-09-13 19:50:34.048,1789339834.0489907,-131,-970,61
2026-09-13 19:50:34.068,1789339834.0689907,-127,-976,55
2026-09-13 19:50:34.088,1789339834.0889907,-127,-974,61
2026-09-13 19:50:34.108,1789339834.1089907,-128,-971,60
2026-09-13 19:50:34.128,1789339834.1289907,-131,-974,70
2026-09-13 19:50:34.148,1789339834.1489906,-135,-975,67
2026-09-13 19:50:34.168,1789339834.1689906,-135,-974,68
2026-09-13 19:50:34.188,1789339834.1889906,-136,-976,67
2026-09-13 19:50:34.208,1789339834.2089906,-134,-975,61
2026-09-13 19:50:34.228,1789339834.2289906,-135,-976,64
2026-09-13 19:50:34.248,1789339834.2489905,-134,-975,67
2026-09-13 19:50:34.268,1789339834.2689908,-133,-976,66
2026-09-13 19:50:34.288,1789339834.2889907,-133,-975,61
2026-09-13 19:50:34.308,1789339834.3089907,-134,-975,66
2026-09-13 19:50:34.328,1789339834.3289907,-134,-975,69
2026-09-13 19:50:34.336,1789339834.3365507,-134,-973,68
2026-09-13 19:50:34.356,1789339834.3565507,-134,-975,66
2026-09-13 19:50:34.376,1789339834.3765507,-134,-973,68
2026-09-13 19:50:34.396,1789339834.3965507,-135,-972,70
2026-09-13 19:50:34.416,1789339834.4165506,-137,-972,79
2026-09-13 19:50:34.436,1789339834.4365506,-138,-971,51
2026-09-13 19:50:34.456,1789339834.4565506,-130,-976,73
2026-09-13 19:50:34.476,1789339834.4765508,-132,-976,84
2026-09-13 19:50:34.496,1789339834.4965508,-136,-974,70
2026-09-13 19:50:34.516,1789339834.5165508,-130,-973,52
2026-09-13 19:50:34.536,1789339834.5365508,-134,-977,68
2026-09-13 19:50:34.556,1789339834.5565507,-138,-970,72
2026-09-13 19:50:34.576,1789339834.5765507,-139,-973,76
2026-09-13 19:50:34.596,1789339834.5965507,-140,-971,77
2026-09-13 19:50:34.616,1789339834.6165507,-141,-972,77
2026-09-13 19:50:34.636,1789339834.6365507,-140,-974,75
2026-09-13 19:50:34.656,1789339834.6565506,-140,-973,77
2026-09-13 19:50:34.676,1789339834.6765506,-139,-975,74
2026-09-13 19:50:34.696,1789339834.6965506,-135,-973,71
2026-09-13 19:50:34.716,1789339834.7165508,-134,-974,74
2026-09-13 19:50:34.736,1789339834.7365508,-135,-973,71
2026-09-13 19:50:34.756,1789339834.7565508,-134,-974,73
2026-09-13 19:50:34.776,1789339834.7765508,-137,-968,76
2026-09-13 19:50:34.796,1789339834.7965508,-137,-975,72
2026-09-13 19:50:34.816,1789339834.8165507,-138,-973,78
2026-09-13 19:50:34.836,1789339834.8365507,-135,-973,69
2026-09-13 19:50:34.856,1789339834.8565507,-137,-974,79
2026-09-13 19:50:34.876,1789339834.8765507,-139,-971,81
2026-09-13 19:50:34.896,1789339834.8965507,-140,-971,79
2026-09-13 19:50:34.916,1789339834.9165506,-141,-972,81
2026-09-13 19:50:34.936,1789339834.9365506,-141,-974,76
2026-09-13 19:50:34.956,1789339834.9565506,-139,-974,76
2026-09-13 19:50:34.976,1789339834.9765508,-139,-973,76
2026-09-13 19:50:34.996,1789339834.9965508,-140,-974,75
2026-09-13 19:50:35.016,1789339835.0165508,-139,-974,77
2026-09-13 19:50:35.036,1789339835.0365508,-139,-973,79
2026-09-13 19:50:35.044,1789339835.044385,-138,-974,81
2026-09-13 19:50:35.064,1789339835.064385,-140,-972,80
2026-09-13 19:50:35.084,1789339835.084385,-138,-971,79
2026-09-13 19:50:35.104,1789339835.104385,-139,-972,82
2026-09-13 19:50:35.124,1789339835.1243849,-138,-970,85
2026-09-13 19:50:35.144,1789339835.1443849,-139,-972,85
2026-09-13 19:50:35.164,1789339835.1643848,-139,-973,82
2026-09-13 19:50:35.184,1789339835.184385,-139,-973,73
2026-09-13 19:50:35.204,1789339835.204385,-139,-974,73
2026-09-13 19:50:35.224,1789339835.224385,-141,-973,85
2026-09-13 19:50:35.244,1789339835.244385,-141,-971,91
2026-09-13 19:50:35.264,1789339835.264385,-142,-967,66
2026-09-13 19:50:35.284,1789339835.284385,-137,-973,87
2026-09-13 19:50:35.304,1789339835.304385,-138,-974,95
2026-09-13 19:50:35.324,1789339835.324385,-139,-972,77
2026-09-13 19:50:35.344,1789339835.344385,-136,-974,66
2026-09-13 19:50:35.364,1789339835.364385,-138,-975,76
2026-09-13 19:50:35.384,1789339835.3843849,-142,-966,83
2026-09-13 19:50:35.404,1789339835.4043849,-144,-967,86
2026-09-13 19:50:35.424,1789339835.424385,-146,-970,81
2026-09-13 19:50:35.444,1789339835.444385,-145,-976,73
2026-09-13 19:50:35.464,1789339835.464385,-143,-977,73
2026-09-13 19:50:35.484,1789339835.484385,-140,-977,75
2026-09-13 19:50:35.504,1789339835.504385,-140,-976,75
2026-09-13 19:50:35.524,1789339835.524385,-141,-974,73
2026-09-13 19:50:35.544,1789339835.544385,-142,-973,77
2026-09-13 19:50:35.564,1789339835.564385,-141,-971,78
2026-09-13 19:50:35.584,1789339835.584385,-142,-973,79
2026-09-13 19:50:35.604,1789339835.604385,-141,-969,78
2026-09-13 19:50:35.624,1789339835.6243849,-141,-974,82
2026-09-13 19:50:35.644,1789339835.6443849,-142,-971,81
2026-09-13 19:50:35.664,1789339835.6643848,-141,-970,76
2026-09-13 19:50:35.684,1789339835.684385,-143,-972,87
2026-09-13 19:50:35.704,1789339835.704385,-145,-971,89
2026-09-13 19:50:35.724,1789339835.724385,-146,-969,89
2026-09-13 19:50:35.744,1789339835.744385,-144,-969,88
2026-09-13 19:50:35.751,1789339835.751945,-144,-971,89
2026-09-13 19:50:35.771,1789339835.771945,-143,-970,88
2026-09-13 19:50:35.791,1789339835.791945,-142,-975,86
2026-09-13 19:50:35.811,1789339835.811945,-141,-975,88
2026-09-13 19:50:35.831,1789339835.831945,-142,-972,90
2026-09-13 19:50:35.851,1789339835.851945,-143,-968,95
2026-09-13 19:50:35.871,1789339835.871945,-143,-966,101
2026-09-13 19:50:35.891,1789339835.8919451,-144,-971,100
2026-09-13 19:50:35.911,1789339835.911945,-145,-973,95
2026-09-13 19:50:35.931,1789339835.931945,-145,-968,93
2026-09-13 19:50:35.951,1789339835.951945,-144,-968,96
2026-09-13 19:50:35.971,1789339835.971945,-142,-970,92
2026-09-13 19:50:35.991,1789339835.991945,-143,-970,92
2026-09-13 19:50:36.011,1789339836.011945,-144,-970,93
2026-09-13 19:50:36.031,1789339836.031945,-145,-971,95
2026-09-13 19:50:36.051,1789339836.051945,-145,-972,92
2026-09-13 19:50:36.071,1789339836.071945,-144,-972,87
2026-09-13 19:50:36.091,1789339836.091945,-143,-972,86
2026-09-13 19:50:36.111,1789339836.111945,-144,-971,91
2026-09-13 19:50:36.131,1789339836.1319451,-145,-971,89
2026-09-13 19:50:36.151,1789339836.151945,-144,-974,89
2026-09-13 19:50:36.171,1789339836.171945,-143,-972,89
2026-09-13 19:50:36.191,1789339836.191945,-143,-972,87
2026-09-13 19:50:36.211,1789339836.211945,-142,-970,89
2026-09-13 19:50:36.231,1789339836.231945,-144,-971,85
2026-09-13 19:50:36.251,1789339836.251945,-144,-973,92
2026-09-13 19:50:36.271,1789339836.271945,-144,-969,76
2026-09-13 19:50:36.291,1789339836.291945,-141,-974,86
2026-09-13 19:50:36.311,1789339836.311945,-141,-975,91
2026-09-13 19:50:36.331,1789339836.331945,-140,-973,93
2026-09-13 19:50:36.351,1789339836.351945,-141,-972,72
2026-09-13 19:50:36.371,1789339836.371945,-142,-975,84
2026-09-13 19:50:36.391,1789339836.3919451,-143,-967,89
2026-09-13 19:50:36.411,1789339836.411945,-146,-968,91
2026-09-13 19:50:36.431,1789339836.431945,-149,-970,90
2026-09-13 19:50:36.451,1789339836.451945,-145,-973,87
2026-09-13 19:50:36.459,1789339836.4596267,-141,-976,86
2026-09-13 19:50:36.479,1789339836.4796267,-141,-974,84
2026-09-13 19:50:36.499,1789339836.4996266,-141,-973,84
2026-09-13 19:50:36.519,1789339836.5196266,-142,-973,85
2026-09-13 19:50:36.539,1789339836.5396266,-140,-972,87
2026-09-13 19:50:36.559,1789339836.5596266,-141,-973,85
2026-09-13 19:50:36.579,1789339836.5796266,-140,-973,85
2026-09-13 19:50:36.599,1789339836.5996268,-140,-969,88
2026-09-13 19:50:36.619,1789339836.6196268,-140,-972,84
2026-09-13 19:50:36.639,1789339836.6396267,-141,-972,91
2026-09-13 19:50:36.659,1789339836.6596267,-143,-970,86
2026-09-13 19:50:36.679,1789339836.6796267,-142,-972,89
2026-09-13 19:50:36.699,1789339836.6996267,-144,-967,91
2026-09-13 19:50:36.719,1789339836.7196267,-144,-970,93
2026-09-13 19:50:36.739,1789339836.7396266,-143,-971,94
2026-09-13 19:50:36.759,1789339836.7596266,-143,-972,93
2026-09-13 19:50:36.779,1789339836.7796266,-143,-971,91
2026-09-13 19:50:36.799,1789339836.7996266,-141,-970,89
2026-09-13 19:50:36.819,1789339836.8196266,-142,-971,89
2026-09-13 19:50:36.839,1789339836.8396268,-143,-972,91
2026-09-13 19:50:36.859,1789339836.8596268,-142,-973,89
2026-09-13 19:50:36.879,1789339836.8796268,-142,-971,90
2026-09-13 19:50:36.899,1789339836.8996267,-142,-970,86
2026-09-13 19:50:36.919,1789339836.9196267,-143,-971,91
2026-09-13 19:50:36.939,1789339836.9396267,-143,-970,91
2026-09-13 19:50:36.959,1789339836.9596267,-143,-971,90
2026-09-13 19:50:36.979,1789339836.9796267,-143,-971,91
2026-09-13 19:50:36.999,1789339836.9996266,-145,-972,91
2026-09-13 19:50:37.019,1789339837.0196266,-143,-973,88
2026-09-13 19:50:37.039,1789339837.0396266,-144,-972,88
2026-09-13 19:50:37.059,1789339837.0596266,-143,-972,90
2026-09-13 19:50:37.079,1789339837.0796266,-143,-973,88
2026-09-13 19:50:37.099,1789339837.0996268,-143,-972,89
2026-09-13 19:50:37.119,1789339837.1196268,-143,-972,91
2026-09-13 19:50:37.139,1789339837.1396267,-143,-969,90
2026-09-13 19:50:37.159,1789339837.1596267,-143,-972,90
2026-09-13 19:50:37.167,1789339837.1672783,-144,-971,88
2026-09-13 19:50:37.187,1789339837.1872783,-143,-972,91
2026-09-13 19:50:37.207,1789339837.2072783,-144,-971,90
2026-09-13 19:50:37.227,1789339837.2272782,-144,-970,86
2026-09-13 19:50:37.247,1789339837.2472782,-143,-972,96
2026-09-13 19:50:37.267,1789339837.2672782,-145,-970,89
2026-09-13 19:50:37.287,1789339837.2872782,-144,-971,80
2026-09-13 19:50:37.307,1789339837.3072784,-142,-975,90
2026-09-13 19:50:37.327,1789339837.3272784,-141,-974,99
2026-09-13 19:50:37.347,1789339837.3472784,-144,-971,82
2026-09-13 19:50:37.367,1789339837.3672783,-143,-973,84
2026-09-13 19:50:37.387,1789339837.3872783,-147,-969,95
2026-09-13 19:50:37.407,1789339837.4072783,-152,-967,89
2026-09-13 19:50:37.427,1789339837.4272783,-149,-968,92
2026-09-13 19:50:37.447,1789339837.4472783,-149,-973,92
2026-09-13 19:50:37.467,1789339837.4672782,-146,-976,88
2026-09-13 19:50:37.487,1789339837.4872782,-143,-973,88
2026-09-13 19:50:37.507,1789339837.5072782,-142,-974,86
2026-09-13 19:50:37.527,1789339837.5272782,-141,-974,91
2026-09-13 19:50:37.547,1789339837.5472784,-142,-973,92
2026-09-13 19:50:37.567,1789339837.5672784,-144,-973,93
2026-09-13 19:50:37.587,1789339837.5872784,-143,-972,89
2026-09-13 19:50:37.607,1789339837.6072783,-143,-972,97
2026-09-13 19:50:37.627,1789339837.6272783,-143,-972,88
2026-09-13 19:50:37.647,1789339837.6472783,-142,-974,96
2026-09-13 19:50:37.667,1789339837.6672783,-143,-971,93
2026-09-13 19:50:37.687,1789339837.6872783,-141,-970,92
2026-09-13 19:50:37.707,1789339837.7072783,-142,-972,99
2026-09-13 19:50:37.727,1789339837.7272782,-144,-970,102
2026-09-13 19:50:37.747,1789339837.7472782,-144,-968,104
2026-09-13 19:50:37.767,1789339837.7672782,-144,-969,102
2026-09-13 19:50:37.787,1789339837.7872782,-142,-970,100
2026-09-13 19:50:37.807,1789339837.8072784,-142,-968,102
2026-09-13 19:50:37.827,1789339837.8272784,-141,-970,102
2026-09-13 19:50:37.847,1789339837.8472784,-140,-968,98
2026-09-13 19:50:37.867,1789339837.8672783,-140,-967,102
2026-09-13 19:50:37.875,1789339837.8752651,-140,-970,108
2026-09-13 19:50:37.895,1789339837.895265,-140,-971,102
2026-09-13 19:50:37.915,1789339837.915265,-141,-971,102
2026-09-13 19:50:37.935,1789339837.935265,-140,-971,109
2026-09-13 19:50:37.955,1789339837.955265,-140,-971,107
2026-09-13 19:50:37.975,1789339837.975265,-140,-969,104
2026-09-13 19:50:37.995,1789339837.995265,-140,-970,105
2026-09-13 19:50:38.015,1789339838.0152652,-140,-969,105
2026-09-13 19:50:38.035,1789339838.0352652,-139,-970,104
2026-09-13 19:50:38.055,1789339838.0552652,-139,-970,100
2026-09-13 19:50:38.075,1789339838.0752652,-139,-971,100
2026-09-13 19:50:38.095,1789339838.0952652,-139,-972,103
2026-09-13 19:50:38.115,1789339838.1152651,-140,-973,103
2026-09-13 19:50:38.135,1789339838.135265,-140,-968,98
2026-09-13 19:50:38.155,1789339838.155265,-140,-969,105
2026-09-13 19:50:38.175,1789339838.175265,-139,-969,100
2026-09-13 19:50:38.195,1789339838.195265,-140,-973,81
2026-09-13 19:50:38.215,1789339838.215265,-132,-978,106
2026-09-13 19:50:38.235,1789339838.235265,-135,-975,110
2026-09-13 19:50:38.255,1789339838.2552652,-139,-972,99
2026-09-13 19:50:38.275,1789339838.2752652,-140,-968,86
2026-09-13 19:50:38.295,1789339838.2952652,-140,-970,98
2026-09-13 19:50:38.315,1789339838.3152652,-142,-966,102
2026-09-13 19:50:38.335,1789339838.3352652,-141,-973,98
2026-09-13 19:50:38.355,1789339838.3552651,-139,-975,97
2026-09-13 19:50:38.375,1789339838.3752651,-135,-974,96
2026-09-13 19:50:38.395,1789339838.395265,-136,-974,100
2026-09-13 19:50:38.415,1789339838.415265,-136,-972,98
2026-09-13 19:50:38.435,1789339838.435265,-137,-972,98
2026-09-13 19:50:38.455,1789339838.455265,-136,-971,98
2026-09-13 19:50:38.475,1789339838.475265,-135,-972,93
2026-09-13 19:50:38.495,1789339838.495265,-135,-974,100
2026-09-13 19:50:38.515,1789339838.5152652,-132,-972,107
2026-09-13 19:50:38.535,1789339838.5352652,-134,-971,86
2026-09-13 19:50:38.555,1789339838.5552652,-134,-972,95
2026-09-13 19:50:38.575,1789339838.5752652,-134,-970,99
2026-09-13 19:50:38.583,1789339838.583069,-137,-971,101
2026-09-13 19:50:38.603,1789339838.603069,-137,-972,98
2026-09-13 19:50:38.623,1789339838.623069,-138,-973,101
2026-09-13 19:50:38.643,1789339838.643069,-135,-971,98
2026-09-13 19:50:38.663,1789339838.663069,-136,-971,96
2026-09-13 19:50:38.683,1789339838.683069,-137,-971,96
2026-09-13 19:50:38.703,1789339838.703069,-135,-970,95
2026-09-13 19:50:38.723,1789339838.7230692,-133,-972,93
2026-09-13 19:50:38.743,1789339838.7430692,-135,-972,91
2026-09-13 19:50:38.763,1789339838.7630692,-134,-972,89
2026-09-13 19:50:38.783,1789339838.7830691,-131,-972,89
2026-09-13 19:50:38.803,1789339838.803069,-132,-971,87
2026-09-13 19:50:38.823,1789339838.823069,-133,-974,87
2026-09-13 19:50:38.843,1789339838.843069,-133,-972,89
2026-09-13 19:50:38.863,1789339838.863069,-133,-974,90
2026-09-13 19:50:38.883,1789339838.883069,-135,-973,86
2026-09-13 19:50:38.903,1789339838.903069,-132,-973,84
2026-09-13 19:50:38.923,1789339838.923069,-132,-972,87
2026-09-13 19:50:38.943,1789339838.943069,-130,-971,94
2026-09-13 19:50:38.963,1789339838.9630692,-131,-971,69
2026-09-13 19:50:38.983,1789339838.9830692,-117,-979,95
2026-09-13 19:50:39.003,1789339839.0030692,-125,-975,93
2026-09-13 19:50:39.023,1789339839.0230691,-130,-974,83
2026-09-13 19:50:39.043,1789339839.0430691,-129,-970,77
2026-09-13 19:50:39.063,1789339839.063069,-133,-973,87
2026-09-13 19:50:39.083,1789339839.083069,-139,-969,86
2026-09-13 19:50:39.103,1789339839.103069,-133,-976,81
2026-09-13 19:50:39.123,1789339839.123069,-131,-977,82
2026-09-13 19:50:39.143,1789339839.143069,-126,-976,82
2026-09-13 19:50:39.163,1789339839.163069,-129,-975,85
2026-09-13 19:50:39.183,1789339839.183069,-131,-973,83
2026-09-13 19:50:39.203,1789339839.203069,-129,-973,81
2026-09-13 19:50:39.223,1789339839.2230692,-124,-973,85
2026-09-13 19:50:39.243,1789339839.2430692,-124,-972,85
2026-09-13 19:50:39.263,1789339839.2630692,-122,-974,83
2026-09-13 19:50:39.283,1789339839.2830691,-127,-974,89
2026-09-13 19:50:39.290,1789339839.2908733,-125,-971,85
2026-09-13 19:50:39.310,1789339839.3108733,-124,-973,74
2026-09-13 19:50:39.330,1789339839.3308733,-125,-975,78
2026-09-13 19:50:39.350,1789339839.3508732,-127,-972,82
2026-09-13 19:50:39.370,1789339839.3708732,-132,-973,85
2026-09-13 19:50:39.390,1789339839.3908732,-132,-975,83
2026-09-13 19:50:39.410,1789339839.4108732,-126,-976,87
2026-09-13 19:50:39.430,1789339839.4308734,-129,-974,83
2026-09-13 19:50:39.450,1789339839.4508734,-127,-973,78
2026-09-13 19:50:39.470,1789339839.4708734,-126,-973,76
2026-09-13 19:50:39.490,1789339839.4908733,-127,-975,76
2026-09-13 19:50:39.510,1789339839.5108733,-121,-976,83
2026-09-13 19:50:39.530,1789339839.5308733,-122,-974,82
2026-09-13 19:50:39.550,1789339839.5508733,-120,-974,84
2026-09-13 19:50:39.570,1789339839.5708733,-118,-971,84
2026-09-13 19:50:39.590,1789339839.5908732,-120,-972,85
2026-09-13 19:50:39.610,1789339839.6108732,-126,-971,80
2026-09-13 19:50:39.630,1789339839.6308732,-122,-972,81
2026-09-13 19:50:39.650,1789339839.6508732,-126,-971,80
2026-09-13 19:50:39.670,1789339839.6708734,-124,-972,73
2026-09-13 19:50:39.690,1789339839.6908734,-123,-973,55
2026-09-13 19:50:39.710,1789339839.7108734,-121,-976,88
2026-09-13 19:50:39.730,1789339839.7308733,-130,-974,81
2026-09-13 19:50:39.750,1789339839.7508733,-134,-974,60
2026-09-13 19:50:39.770,1789339839.7708733,-127,-973,59
2026-09-13 19:50:39.790,1789339839.7908733,-135,-976,68
2026-09-13 19:50:39.810,1789339839.8108733,-139,-974,64
2026-09-13 19:50:39.830,1789339839.8308733,-138,-979,70
2026-09-13 19:50:39.850,1789339839.8508732,-136,-979,68
2026-09-13 19:50:39.870,1789339839.8708732,-133,-977,69
2026-09-13 19:50:39.890,1789339839.8908732,-132,-977,72
2026-09-13 19:50:39.910,1789339839.9108732,-131,-975,69
2026-09-13 19:50:39.930,1789339839.9308734,-131,-974,67
2026-09-13 19:50:39.950,1789339839.9508734,-128,-975,72
2026-09-13 19:50:39.970,1789339839.9708734,-132,-975,74
2026-09-13 19:50:39.990,1789339839.9908733,-131,-974,74
2026-09-13 19:50:39.998,1789339839.9984634,-132,-975,78
2026-09-13 19:50:40.018,1789339840.0184634,-132,-968,70
2026-09-13 19:50:40.038,1789339840.0384634,-132,-975,64
2026-09-13 19:50:40.058,1789339840.0584633,-136,-976,75
2026-09-13 19:50:40.078,1789339840.0784633,-136,-970,70
2026-09-13 19:50:40.098,1789339840.0984633,-138,-975,80
2026-09-13 19:50:40.118,1789339840.1184633,-141,-975,80
2026-09-13 19:50:40.138,1789339840.1384635,-139,-975,79
2026-09-13 19:50:40.158,1789339840.1584635,-138,-974,81
2026-09-13 19:50:40.178,1789339840.1784635,-138,-972,77
2026-09-13 19:50:40.198,1789339840.1984634,-138,-972,76
2026-09-13 19:50:40.218,1789339840.2184634,-139,-973,75
2026-09-13 19:50:40.238,1789339840.2384634,-138,-973,73
2026-09-13 19:50:40.258,1789339840.2584634,-138,-972,73
2026-09-13 19:50:40.278,1789339840.2784634,-135,-974,79
2026-09-13 19:50:40.298,1789339840.2984633,-138,-974,80
2026-09-13 19:50:40.318,1789339840.3184633,-138,-973,81
2026-09-13 19:50:40.338,1789339840.3384633,-136,-973,78
2026-09-13 19:50:40.358,1789339840.3584633,-137,-973,75
2026-09-13 19:50:40.378,1789339840.3784635,-136,-970,80
2026-09-13 19:50:40.398,1789339840.3984635,-138,-972,88
2026-09-13 19:50:40.418,1789339840.4184635,-140,-971,85
2026-09-13 19:50:40.438,1789339840.4384634,-139,-970,65
2026-09-13 19:50:40.458,1789339840.4584634,-135,-974,83
2026-09-13 19:50:40.478,1789339840.4784634,-137,-975,95
2026-09-13 19:50:40.498,1789339840.4984634,-140,-972,78
2026-09-13 19:50:40.518,1789339840.5184634,-136,-973,64
2026-09-13 19:50:40.538,1789339840.5384634,-138,-976,78
2026-09-13 19:50:40.558,1789339840.5584633,-141,-970,82
2026-09-13 19:50:40.578,1789339840.5784633,-142,-970,85
2026-09-13 19:50:40.598,1789339840.5984633,-144,-969,83
2026-09-13 19:50:40.618,1789339840.6184633,-143,-973,81
2026-09-13 19:50:40.638,1789339840.6384635,-142,-974,80
2026-09-13 19:50:40.658,1789339840.6584635,-141,-975,81
2026-09-13 19:50:40.678,1789339840.6784635,-140,-975,81
2026-09-13 19:50:40.698,1789339840.6984634,-139,-974,83
2026-09-13 19:50:40.706,1789339840.7062676,-139,-969,88
2026-09-13 19:50:40.726,1789339840.7262676,-140,-970,88
2026-09-13 19:50:40.746,1789339840.7462676,-140,-972,88
2026-09-13 19:50:40.766,1789339840.7662675,-138,-968,89
2026-09-13 19:50:40.786,1789339840.7862675,-139,-974,89
2026-09-13 19:50:40.806,1789339840.8062675,-139,-972,87
2026-09-13 19:50:40.826,1789339840.8262675,-139,-969,82
2026-09-13 19:50:40.846,1789339840.8462677,-141,-972,86
2026-09-13 19:50:40.866,1789339840.8662677,-143,-973,88
2026-09-13 19:50:40.886,1789339840.8862677,-144,-973,88
2026-09-13 19:50:40.906,1789339840.9062676,-142,-971,90
2026-09-13 19:50:40.926,1789339840.9262676,-143,-970,92
2026-09-13 19:50:40.946,1789339840.9462676,-143,-970,90
2026-09-13 19:50:40.966,1789339840.9662676,-142,-970,86
2026-09-13 19:50:40.986,1789339840.9862676,-142,-972,80
2026-09-13 19:50:41.006,1789339841.0062675,-141,-974,83
2026-09-13 19:50:41.026,1789339841.0262675,-140,-975,85
2026-09-13 19:50:41.046,1789339841.0462675,-141,-973,86
2026-09-13 19:50:41.066,1789339841.0662675,-142,-972,87
2026-09-13 19:50:41.086,1789339841.0862677,-143,-972,87
2026-09-13 19:50:41.106,1789339841.1062677,-142,-973,86
2026-09-13 19:50:41.126,1789339841.1262677,-140,-973,86
2026-09-13 19:50:41.146,1789339841.1462677,-141,-971,88
2026-09-13 19:50:41.166,1789339841.1662676,-142,-972,86
2026-09-13 19:50:41.186,1789339841.1862676,-141,-972,87
2026-09-13 19:50:41.206,1789339841.2062676,-141,-972,87
2026-09-13 19:50:41.226,1789339841.2262676,-141,-970,86
2026-09-13 19:50:41.246,1789339841.2462676,-143,-971,84
2026-09-13 19:50:41.266,1789339841.2662675,-143,-970,86
2026-09-13 19:50:41.286,1789339841.2862675,-141,-971,90
2026-09-13 19:50:41.306,1789339841.3062675,-143,-968,79
2026-09-13 19:50:41.326,1789339841.3262675,-142,-974,71
2026-09-13 19:50:41.346,1789339841.3462677,-139,-976,88
2026-09-13 19:50:41.366,1789339841.3662677,-139,-973,99
2026-09-13 19:50:41.386,1789339841.3862677,-142,-970,75
2026-09-13 19:50:41.406,1789339841.4062676,-141,-974,73
2026-09-13 19:50:41.414,1789339841.414102,-144,-969,82
2026-09-13 19:50:41.434,1789339841.434102,-144,-963,86
2026-09-13 19:50:41.454,1789339841.454102,-146,-969,93
2026-09-13 19:50:41.474,1789339841.474102,-146,-971,91
2026-09-13 19:50:41.494,1789339841.494102,-145,-973,89
2026-09-13 19:50:41.514,1789339841.514102,-144,-975,87
2026-09-13 19:50:41.534,1789339841.534102,-143,-975,85
2026-09-13 19:50:41.554,1789339841.5541022,-143,-973,84
2026-09-13 19:50:41.574,1789339841.5741022,-142,-972,91
2026-09-13 19:50:41.594,1789339841.5941021,-143,-971,94
2026-09-13 19:50:41.614,1789339841.6141021,-142,-971,95
2026-09-13 19:50:41.634,1789339841.634102,-140,-969,97
2026-09-13 19:50:41.654,1789339841.654102,-142,-967,91
2026-09-13 19:50:41.674,1789339841.674102,-142,-975,103
2026-09-13 19:50:41.694,1789339841.694102,-144,-968,98
2026-09-13 19:50:41.714,1789339841.714102,-144,-969,99
2026-09-13 19:50:41.734,1789339841.734102,-146,-971,105
2026-09-13 19:50:41.754,1789339841.754102,-145,-969,103
2026-09-13 19:50:41.774,1789339841.774102,-145,-967,105
2026-09-13 19:50:41.794,1789339841.7941022,-146,-968,104
2026-09-13 19:50:41.814,1789339841.8141022,-144,-969,99
2026-09-13 19:50:41.834,1789339841.8341022,-143,-968,101
2026-09-13 19:50:41.854,1789339841.8541021,-144,-972,101
2026-09-13 19:50:41.874,1789339841.874102,-144,-972,100
2026-09-13 19:50:41.894,1789339841.894102,-143,-969,102
2026-09-13 19:50:41.914,1789339841.914102,-143,-968,102
2026-09-13 19:50:41.934,1789339841.934102,-144,-969,103
2026-09-13 19:50:41.954,1789339841.954102,-143,-968,102
2026-09-13 19:50:41.974,1789339841.974102,-144,-969,103
2026-09-13 19:50:41.994,1789339841.994102,-143,-970,98
2026-09-13 19:50:42.014,1789339842.014102,-143,-972,99
2026-09-13 19:50:42.034,1789339842.034102,-143,-970,98
2026-09-13 19:50:42.054,1789339842.0541022,-144,-971,99
2026-09-13 19:50:42.074,1789339842.0741022,-144,-970,99
2026-09-13 19:50:42.094,1789339842.0941021,-145,-971,100
2026-09-13 19:50:42.114,1789339842.1141021,-144,-970,99
2026-09-13 19:50:42.121,1789339842.121845,-145,-970,100
2026-09-13 19:50:42.141,1789339842.141845,-143,-970,100
2026-09-13 19:50:42.161,1789339842.161845,-144,-971,97
2026-09-13 19:50:42.181,1789339842.181845,-143,-972,93
2026-09-13 19:50:42.201,1789339842.201845,-144,-971,94
2026-09-13 19:50:42.221,1789339842.221845,-145,-971,94
2026-09-13 19:50:42.241,1789339842.241845,-145,-968,99
2026-09-13 19:50:42.261,1789339842.261845,-144,-970,100
2026-09-13 19:50:42.281,1789339842.281845,-144,-972,100
2026-09-13 19:50:42.301,1789339842.301845,-145,-969,82
2026-09-13 19:50:42.321,1789339842.321845,-142,-974,101
2026-09-13 19:50:42.341,1789339842.341845,-142,-974,109
2026-09-13 19:50:42.361,1789339842.361845,-142,-972,89
2026-09-13 19:50:42.381,1789339842.381845,-141,-972,81
2026-09-13 19:50:42.401,1789339842.401845,-142,-971,95
2026-09-13 19:50:42.421,1789339842.421845,-146,-965,98
2026-09-13 19:50:42.441,1789339842.441845,-145,-967,104
2026-09-13 19:50:42.461,1789339842.461845,-146,-970,100
2026-09-13 19:50:42.481,1789339842.481845,-145,-972,95
2026-09-13 19:50:42.501,1789339842.5018451,-143,-972,96
2026-09-13 19:50:42.521,1789339842.521845,-142,-970,97
2026-09-13 19:50:42.541,1789339842.541845,-143,-971,98
2026-09-13 19:50:42.561,1789339842.561845,-143,-970,103
2026-09-13 19:50:42.581,1789339842.581845,-143,-969,102
2026-09-13 19:50:42.601,1789339842.601845,-142,-969,98
2026-09-13 19:50:42.621,1789339842.621845,-142,-972,99
2026-09-13 19:50:42.641,1789339842.641845,-142,-966,95
2026-09-13 19:50:42.661,1789339842.661845,-142,-971,99
2026-09-13 19:50:42.681,1789339842.681845,-144,-970,101
2026-09-13 19:50:42.701,1789339842.701845,-144,-970,94
2026-09-13 19:50:42.721,1789339842.721845,-144,-971,98
2026-09-13 19:50:42.741,1789339842.741845,-147,-969,102
2026-09-13 19:50:42.761,1789339842.761845,-146,-969,105
2026-09-13 19:50:42.781,1789339842.781845,-146,-969,101
2026-09-13 19:50:42.801,1789339842.801845,-144,-970,98
2026-09-13 19:50:42.821,1789339842.821845,-143,-970,95
2026-09-13 19:50:42.829,1789339842.8296487,-144,-969,97
2026-09-13 19:50:42.849,1789339842.8496487,-143,-972,98
2026-09-13 19:50:42.869,1789339842.8696487,-143,-972,98
2026-09-13 19:50:42.889,1789339842.8896487,-143,-971,96
2026-09-13 19:50:42.909,1789339842.9096487,-142,-971,97
2026-09-13 19:50:42.929,1789339842.9296486,-143,-972,100
2026-09-13 19:50:42.949,1789339842.9496486,-143,-971,96
2026-09-13 19:50:42.969,1789339842.9696488,-144,-971,97
2026-09-13 19:50:42.989,1789339842.9896488,-144,-969,99
2026-09-13 19:50:43.009,1789339843.0096488,-145,-969,100
2026-09-13 19:50:43.029,1789339843.0296488,-144,-969,99
2026-09-13 19:50:43.049,1789339843.0496488,-146,-972,97
2026-09-13 19:50:43.069,1789339843.0696487,-144,-973,98
2026-09-13 19:50:43.089,1789339843.0896487,-144,-971,101
2026-09-13 19:50:43.109,1789339843.1096487,-144,-970,102
2026-09-13 19:50:43.129,1789339843.1296487,-144,-967,105
2026-09-13 19:50:43.149,1789339843.1496487,-146,-969,102
2026-09-13 19:50:43.169,1789339843.1696486,-146,-969,100
2026-09-13 19:50:43.189,1789339843.1896486,-145,-971,106
2026-09-13 19:50:43.209,1789339843.2096488,-146,-969,101
2026-09-13 19:50:43.229,1789339843.2296488,-146,-967,101
2026-09-13 19:50:43.249,1789339843.2496488,-145,-968,113
2026-09-13 19:50:43.269,1789339843.2696488,-147,-966,98
2026-09-13 19:50:43.289,1789339843.2896488,-143,-972,97
2026-09-13 19:50:43.309,1789339843.3096488,-144,-975,104
2026-09-13 19:50:43.329,1789339843.3296487,-142,-975,111
2026-09-13 19:50:43.349,1789339843.3496487,-149,-971,90
2026-09-13 19:50:43.369,1789339843.3696487,-145,-973,86
2026-09-13 19:50:43.389,1789339843.3896487,-146,-963,103
2026-09-13 19:50:43.409,1789339843.4096487,-150,-963,111
2026-09-13 19:50:43.429,1789339843.4296486,-150,-973,114
2026-09-13 19:50:43.449,1789339843.4496486,-148,-974,104
2026-09-13 19:50:43.469,1789339843.4696488,-146,-969,105
2026-09-13 19:50:43.489,1789339843.4896488,-146,-969,112
2026-09-13 19:50:43.509,1789339843.5096488,-145,-970,105
2026-09-13 19:50:43.529,1789339843.5296488,-144,-972,104
2026-09-13 19:50:43.536,1789339843.5368423,-143,-970,114
2026-09-13 19:50:43.556,1789339843.5568423,-143,-971,112
2026-09-13 19:50:43.576,1789339843.5768423,-141,-974,110
2026-09-13 19:50:43.596,1789339843.5968423,-138,-965,111
2026-09-13 19:50:43.616,1789339843.6168423,-139,-964,111
2026-09-13 19:50:43.636,1789339843.6368423,-138,-969,116
2026-09-13 19:50:43.656,1789339843.6568422,-142,-966,111
2026-09-13 19:50:43.676,1789339843.6768425,-141,-966,117
2026-09-13 19:50:43.696,1789339843.6968424,-143,-967,121
2026-09-13 19:50:43.716,1789339843.7168424,-143,-965,121
2026-09-13 19:50:43.736,1789339843.7368424,-144,-965,124
2026-09-13 19:50:43.756,1789339843.7568424,-143,-967,115
2026-09-13 19:50:43.776,1789339843.7768424,-142,-968,117
2026-09-13 19:50:43.796,1789339843.7968423,-142,-965,115
2026-09-13 19:50:43.816,1789339843.8168423,-141,-968,111
2026-09-13 19:50:43.836,1789339843.8368423,-142,-969,111
2026-09-13 19:50:43.856,1789339843.8568423,-142,-969,111
2026-09-13 19:50:43.876,1789339843.8768423,-140,-971,112
2026-09-13 19:50:43.896,1789339843.8968422,-139,-969,111
2026-09-13 19:50:43.916,1789339843.9168425,-140,-968,111
2026-09-13 19:50:43.936,1789339843.9368424,-139,-969,113
2026-09-13 19:50:43.956,1789339843.9568424,-136,-970,112
2026-09-13 19:50:43.976,1789339843.9768424,-138,-968,112
2026-09-13 19:50:43.996,1789339843.9968424,-139,-968,108
2026-09-13 19:50:44.016,1789339844.0168424,-139,-968,110
2026-09-13 19:50:44.036,1789339844.0368423,-139,-968,111
2026-09-13 19:50:44.056,1789339844.0568423,-139,-970,112
2026-09-13 19:50:44.076,1789339844.0768423,-138,-972,111
2026-09-13 19:50:44.096,1789339844.0968423,-139,-968,106
2026-09-13 19:50:44.116,1789339844.1168423,-139,-967,112
2026-09-13 19:50:44.136,1789339844.1368423,-137,-968,113
2026-09-13 19:50:44.156,1789339844.1568422,-139,-966,94
2026-09-13 19:50:44.176,1789339844.1768425,-135,-974,99
2026-09-13 19:50:44.196,1789339844.1968424,-127,-976,123
2026-09-13 19:50:44.216,1789339844.2168424,-137,-973,119
2026-09-13 19:50:44.236,1789339844.2368424,-139,-964,96
2026-09-13 19:50:44.243,1789339844.243853,-140,-963,108
2026-09-13 19:50:44.263,1789339844.263853,-141,-964,117
2026-09-13 19:50:44.283,1789339844.283853,-139,-969,113
2026-09-13 19:50:44.303,1789339844.303853,-138,-973,103
2026-09-13 19:50:44.323,1789339844.323853,-139,-975,101
2026-09-13 19:50:44.343,1789339844.343853,-134,-975,107
2026-09-13 19:50:44.363,1789339844.363853,-135,-972,105
2026-09-13 19:50:44.383,1789339844.3838532,-135,-968,108
2026-09-13 19:50:44.403,1789339844.4038532,-135,-969,104
2026-09-13 19:50:44.423,1789339844.4238532,-132,-968,102
2026-09-13 19:50:44.443,1789339844.4438531,-129,-971,106
2026-09-13 19:50:44.463,1789339844.4638531,-128,-972,115
2026-09-13 19:50:44.483,1789339844.483853,-134,-963,100
2026-09-13 19:50:44.503,1789339844.503853,-134,-971,101
2026-09-13 19:50:44.523,1789339844.523853,-130,-972,98
2026-09-13 19:50:44.543,1789339844.543853,-128,-970,106
2026-09-13 19:50:44.563,1789339844.563853,-131,-969,102
2026-09-13 19:50:44.583,1789339844.583853,-129,-972,102
2026-09-13 19:50:44.603,1789339844.603853,-131,-970,101
2026-09-13 19:50:44.623,1789339844.6238532,-133,-971,100
2026-09-13 19:50:44.643,1789339844.6438532,-134,-971,98
2026-09-13 19:50:44.663,1789339844.6638532,-133,-971,96
2026-09-13 19:50:44.683,1789339844.6838531,-133,-973,94
2026-09-13 19:50:44.703,1789339844.7038531,-126,-974,87
2026-09-13 19:50:44.723,1789339844.723853,-123,-971,85
2026-09-13 19:50:44.743,1789339844.743853,-128,-975,93
2026-09-13 19:50:44.763,1789339844.763853,-126,-975,89
2026-09-13 19:50:44.783,1789339844.783853,-129,-974,85
2026-09-13 19:50:44.803,1789339844.803853,-126,-973,88
2026-09-13 19:50:44.823,1789339844.823853,-127,-971,88
2026-09-13 19:50:44.843,1789339844.843853,-133,-971,88
2026-09-13 19:50:44.863,1789339844.863853,-130,-973,85
2026-09-13 19:50:44.883,1789339844.8838532,-129,-972,89
2026-09-13 19:50:44.903,1789339844.9038532,-131,-972,80
2026-09-13 19:50:44.923,1789339844.9238532,-127,-977,67
2026-09-13 19:50:44.943,1789339844.9438531,-121,-979,100
2026-09-13 19:50:44.950,1789339844.9507415,-127,-979,82
2026-09-13 19:50:44.970,1789339844.9707415,-127,-972,72
2026-09-13 19:50:44.990,1789339844.9907415,-130,-971,82
2026-09-13 19:50:45.010,1789339845.0107415,-132,-969,89
2026-09-13 19:50:45.030,1789339845.0307415,-134,-973,81
2026-09-13 19:50:45.050,1789339845.0507414,-129,-978,81
2026-09-13 19:50:45.070,1789339845.0707414,-125,-976,79
2026-09-13 19:50:45.090,1789339845.0907416,-122,-973,84
2026-09-13 19:50:45.110,1789339845.1107416,-124,-972,85
2026-09-13 19:50:45.130,1789339845.1307416,-127,-971,86
2026-09-13 19:50:45.150,1789339845.1507416,-127,-972,86
2026-09-13 19:50:45.170,1789339845.1707416,-127,-973,82
2026-09-13 19:50:45.190,1789339845.1907415,-124,-973,79
2026-09-13 19:50:45.210,1789339845.2107415,-123,-975,76
2026-09-13 19:50:45.230,1789339845.2307415,-125,-976,96
2026-09-13 19:50:45.250,1789339845.2507415,-121,-971,72
2026-09-13 19:50:45.270,1789339845.2707415,-125,-973,78
2026-09-13 19:50:45.290,1789339845.2907414,-126,-968,83
2026-09-13 19:50:45.310,1789339845.3107414,-131,-972,79
2026-09-13 19:50:45.330,1789339845.3307416,-130,-975,76
2026-09-13 19:50:45.350,1789339845.3507416,-123,-976,79
2026-09-13 19:50:45.370,1789339845.3707416,-125,-976,80
2026-09-13 19:50:45.390,1789339845.3907416,-127,-973,76
2026-09-13 19:50:45.410,1789339845.4107416,-126,-972,78
2026-09-13 19:50:45.430,1789339845.4307415,-128,-972,77
2026-09-13 19:50:45.450,1789339845.4507415,-127,-975,76
2026-09-13 19:50:45.470,1789339845.4707415,-123,-973,73
2026-09-13 19:50:45.490,1789339845.4907415,-119,-974,72
2026-09-13 19:50:45.510,1789339845.5107415,-115,-975,74
2026-09-13 19:50:45.530,1789339845.5307415,-115,-974,70
2026-09-13 19:50:45.550,1789339845.5507414,-115,-974,66
2026-09-13 19:50:45.570,1789339845.5707414,-117,-974,67
2026-09-13 19:50:45.590,1789339845.5907416,-121,-975,66
2026-09-13 19:50:45.610,1789339845.6107416,-125,-975,73
2026-09-13 19:50:45.630,1789339845.6307416,-122,-974,59
2026-09-13 19:50:45.650,1789339845.6507416,-109,-978,62
2026-09-13 19:50:45.657,1789339845.6572027,-109,-976,80
2026-09-13 19:50:45.677,1789339845.6772027,-116,-977,68
2026-09-13 19:50:45.697,1789339845.6972027,-114,-969,51
2026-09-13 19:50:45.717,1789339845.7172027,-120,-972,61
2026-09-13 19:50:45.737,1789339845.7372026,-136,-970,68
2026-09-13 19:50:45.757,1789339845.7572026,-133,-975,61
2026-09-13 19:50:45.777,1789339845.7772026,-129,-979,61
2026-09-13 19:50:45.797,1789339845.7972028,-129,-978,62
2026-09-13 19:50:45.817,1789339845.8172028,-129,-977,61
2026-09-13 19:50:45.837,1789339845.8372028,-132,-976,58
2026-09-13 19:50:45.857,1789339845.8572028,-129,-977,55
2026-09-13 19:50:45.877,1789339845.8772027,-118,-979,59
2026-09-13 19:50:45.897,1789339845.8972027,-117,-977,68
2026-09-13 19:50:45.917,1789339845.9172027,-124,-973,70
2026-09-13 19:50:45.937,1789339845.9372027,-128,-973,64
2026-09-13 19:50:45.957,1789339845.9572027,-128,-971,71
2026-09-13 19:50:45.977,1789339845.9772027,-130,-971,50
2026-09-13 19:50:45.997,1789339845.9972026,-124,-980,60
2026-09-13 19:50:46.017,1789339846.0172026,-127,-974,59
2026-09-13 19:50:46.037,1789339846.0372028,-128,-972,63
2026-09-13 19:50:46.057,1789339846.0572028,-136,-974,69
2026-09-13 19:50:46.077,1789339846.0772028,-136,-972,69
2026-09-13 19:50:46.097,1789339846.0972028,-136,-975,70
2026-09-13 19:50:46.117,1789339846.1172028,-135,-975,69
2026-09-13 19:50:46.137,1789339846.1372027,-135,-972,69
2026-09-13 19:50:46.157,1789339846.1572027,-135,-972,71
2026-09-13 19:50:46.177,1789339846.1772027,-134,-971,71
2026-09-13 19:50:46.197,1789339846.1972027,-136,-971,65
2026-09-13 19:50:46.217,1789339846.2172027,-136,-975,63
2026-09-13 19:50:46.237,1789339846.2372026,-133,-975,63
2026-09-13 19:50:46.257,1789339846.2572026,-131,-976,67
2026-09-13 19:50:46.277,1789339846.2772026,-132,-973,70
2026-09-13 19:50:46.297,1789339846.2972028,-134,-971,68
2026-09-13 19:50:46.317,1789339846.3172028,-136,-971,72
2026-09-13 19:50:46.337,1789339846.3372028,-134,-972,73
2026-09-13 19:50:46.357,1789339846.3572028,-134,-972,78
2026-09-13 19:50:46.363,1789339846.3636334,-137,-970,56
2026-09-13 19:50:46.383,1789339846.3836334,-127,-978,76
2026-09-13 19:50:46.403,1789339846.4036334,-133,-975,81
2026-09-13 19:50:46.423,1789339846.4236333,-137,-974,70
2026-09-13 19:50:46.443,1789339846.4436333,-133,-973,53
2026-09-13 19:50:46.463,1789339846.4636333,-133,-978,70
2026-09-13 19:50:46.483,1789339846.4836333,-139,-970,71
2026-09-13 19:50:46.503,1789339846.5036335,-140,-973,74
2026-09-13 19:50:46.523,1789339846.5236335,-140,-973,72
2026-09-13 19:50:46.543,1789339846.5436335,-141,-975,68
2026-09-13 19:50:46.563,1789339846.5636334,-138,-975,69
2026-09-13 19:50:46.583,1789339846.5836334,-137,-973,66
2026-09-13 19:50:46.603,1789339846.6036334,-136,-975,69
2026-09-13 19:50:46.623,1789339846.6236334,-135,-974,70
2026-09-13 19:50:46.643,1789339846.6436334,-137,-974,74
2026-09-13 19:50:46.663,1789339846.6636333,-136,-972,72
2026-09-13 19:50:46.683,1789339846.6836333,-136,-971,70
2026-09-13 19:50:46.703,1789339846.7036333,-135,-966,82
2026-09-13 19:50:46.723,1789339846.7236333,-137,-971,70
2026-09-13 19:50:46.743,1789339846.7436335,-135,-974,80
2026-09-13 19:50:46.763,1789339846.7636335,-136,-968,71
2026-09-13 19:50:46.783,1789339846.7836335,-136,-973,79
2026-09-13 19:50:46.803,1789339846.8036335,-140,-971,79
2026-09-13 19:50:46.823,1789339846.8236334,-142,-970,80
2026-09-13 19:50:46.843,1789339846.8436334,-140,-973,78
2026-09-13 19:50:46.863,1789339846.8636334,-141,-972,79
2026-09-13 19:50:46.883,1789339846.8836334,-142,-970,79
2026-09-13 19:50:46.903,1789339846.9036334,-140,-972,77
2026-09-13 19:50:46.923,1789339846.9236333,-141,-972,76
2026-09-13 19:50:46.943,1789339846.9436333,-140,-973,72
2026-09-13 19:50:46.963,1789339846.9636333,-139,-974,75
2026-09-13 19:50:46.983,1789339846.9836333,-138,-974,77
2026-09-13 19:50:47.003,1789339847.0036335,-140,-972,81
2026-09-13 19:50:47.023,1789339847.0236335,-140,-971,81
2026-09-13 19:50:47.043,1789339847.0436335,-139,-972,77
2026-09-13 19:50:47.063,1789339847.0636334,-140,-970,77
2026-09-13 19:50:47.069,1789339847.0699115,-139,-970,76
2026-09-13 19:50:47.089,1789339847.0899115,-140,-971,80
2026-09-13 19:50:47.109,1789339847.1099114,-140,-971,81
2026-09-13 19:50:47.129,1789339847.1299114,-141,-971,82
2026-09-13 19:50:47.149,1789339847.1499114,-140,-971,83
2026-09-13 19:50:47.169,1789339847.1699114,-141,-970,83
2026-09-13 19:50:47.189,1789339847.1899114,-141,-971,78
2026-09-13 19:50:47.209,1789339847.2099116,-142,-970,77
2026-09-13 19:50:47.229,1789339847.2299116,-142,-969,82
2026-09-13 19:50:47.249,1789339847.2499115,-141,-970,89
2026-09-13 19:50:47.269,1789339847.2699115,-143,-966,78
2026-09-13 19:50:47.289,1789339847.2899115,-142,-970,70
2026-09-13 19:50:47.309,1789339847.3099115,-142,-973,89
2026-09-13 19:50:47.329,1789339847.3299115,-141,-974,103
2026-09-13 19:50:47.349,1789339847.3499115,-143,-972,70
2026-09-13 19:50:47.369,1789339847.3699114,-141,-975,67
2026-09-13 19:50:47.389,1789339847.3899114,-142,-966,78
2026-09-13 19:50:47.409,1789339847.4099114,-143,-958,85
2026-09-13 19:50:47.429,1789339847.4299114,-144,-963,92
2026-09-13 19:50:47.449,1789339847.4499116,-145,-970,91
2026-09-13 19:50:47.469,1789339847.4699116,-145,-973,85
2026-09-13 19:50:47.489,1789339847.4899116,-144,-975,84
2026-09-13 19:50:47.509,1789339847.5099115,-144,-975,83
2026-09-13 19:50:47.529,1789339847.5299115,-142,-973,85
2026-09-13 19:50:47.549,1789339847.5499115,-143,-971,92
2026-09-13 19:50:47.569,1789339847.5699115,-144,-970,94
2026-09-13 19:50:47.589,1789339847.5899115,-145,-971,94
2026-09-13 19:50:47.609,1789339847.6099114,-143,-972,92
2026-09-13 19:50:47.629,1789339847.6299114,-142,-967,91
2026-09-13 19:50:47.649,1789339847.6499114,-143,-974,98
2026-09-13 19:50:47.669,1789339847.6699114,-144,-970,97
2026-09-13 19:50:47.689,1789339847.6899114,-145,-968,98
2026-09-13 19:50:47.709,1789339847.7099116,-145,-968,107
2026-09-13 19:50:47.729,1789339847.7299116,-148,-965,108
2026-09-13 19:50:47.749,1789339847.7499115,-149,-967,106
2026-09-13 19:50:47.769,1789339847.7699115,-146,-970,103
2026-09-13 19:50:47.776,1789339847.7768304,-145,-969,100
2026-09-13 19:50:47.796,1789339847.7968304,-144,-969,100
2026-09-13 19:50:47.816,1789339847.8168304,-144,-971,98
2026-09-13 19:50:47.836,1789339847.8368304,-145,-969,100
2026-09-13 19:50:47.856,1789339847.8568304,-144,-968,102
2026-09-13 19:50:47.876,1789339847.8768303,-143,-971,99
2026-09-13 19:50:47.896,1789339847.8968303,-142,-971,97
2026-09-13 19:50:47.916,1789339847.9168305,-143,-970,97
2026-09-13 19:50:47.936,1789339847.9368305,-144,-970,93
2026-09-13 19:50:47.956,1789339847.9568305,-143,-969,97
2026-09-13 19:50:47.976,1789339847.9768305,-144,-968,95
2026-09-13 19:50:47.996,1789339847.9968305,-144,-966,100
2026-09-13 19:50:48.016,1789339848.0168304,-145,-969,101
2026-09-13 19:50:48.036,1789339848.0368304,-145,-972,96
2026-09-13 19:50:48.056,1789339848.0568304,-144,-972,93
2026-09-13 19:50:48.076,1789339848.0768304,-143,-969,97
2026-09-13 19:50:48.096,1789339848.0968304,-143,-970,90
2026-09-13 19:50:48.116,1789339848.1168303,-143,-970,89
2026-09-13 19:50:48.136,1789339848.1368303,-144,-971,91
2026-09-13 19:50:48.156,1789339848.1568305,-143,-971,91
2026-09-13 19:50:48.176,1789339848.1768305,-144,-973,87
2026-09-13 19:50:48.196,1789339848.1968305,-145,-973,87
2026-09-13 19:50:48.216,1789339848.2168305,-144,-970,83
2026-09-13 19:50:48.236,1789339848.2368305,-144,-970,85
2026-09-13 19:50:48.256,1789339848.2568305,-144,-968,89
2026-09-13 19:50:48.276,1789339848.2768304,-145,-967,89
2026-09-13 19:50:48.296,1789339848.2968304,-144,-972,75
2026-09-13 19:50:48.316,1789339848.3168304,-140,-978,87
2026-09-13 19:50:48.336,1789339848.3368304,-140,-974,92
2026-09-13 19:50:48.356,1789339848.3568304,-141,-971,76
2026-09-13 19:50:48.376,1789339848.3768303,-139,-974,76
2026-09-13 19:50:48.396,1789339848.3968303,-140,-971,86
2026-09-13 19:50:48.416,1789339848.4168305,-142,-969,89
2026-09-13 19:50:48.436,1789339848.4368305,-144,-968,96
2026-09-13 19:50:48.456,1789339848.4568305,-146,-965,94
2026-09-13 19:50:48.476,1789339848.4768305,-145,-967,89
2026-09-13 19:50:48.483,1789339848.4839935,-141,-970,89
2026-09-13 19:50:48.503,1789339848.5039935,-141,-971,89
2026-09-13 19:50:48.523,1789339848.5239935,-141,-970,84
2026-09-13 19:50:48.543,1789339848.5439935,-140,-971,81
2026-09-13 19:50:48.563,1789339848.5639935,-141,-972,82
2026-09-13 19:50:48.583,1789339848.5839934,-142,-972,88
2026-09-13 19:50:48.603,1789339848.6039934,-141,-972,83
2026-09-13 19:50:48.623,1789339848.6239936,-141,-967,77
2026-09-13 19:50:48.643,1789339848.6439936,-139,-973,83
2026-09-13 19:50:48.663,1789339848.6639936,-141,-972,85
2026-09-13 19:50:48.683,1789339848.6839936,-140,-969,84
2026-09-13 19:50:48.703,1789339848.7039936,-140,-970,84
2026-09-13 19:50:48.723,1789339848.7239935,-144,-968,88
2026-09-13 19:50:48.743,1789339848.7439935,-144,-969,86
2026-09-13 19:50:48.763,1789339848.7639935,-143,-972,82
2026-09-13 19:50:48.783,1789339848.7839935,-141,-971,79
2026-09-13 19:50:48.803,1789339848.8039935,-140,-972,80
2026-09-13 19:50:48.823,1789339848.8239934,-140,-971,85
2026-09-13 19:50:48.843,1789339848.8439934,-141,-971,84
2026-09-13 19:50:48.863,1789339848.8639936,-140,-972,79
2026-09-13 19:50:48.883,1789339848.8839936,-140,-973,78
2026-09-13 19:50:48.903,1789339848.9039936,-140,-970,80
2026-09-13 19:50:48.923,1789339848.9239936,-141,-970,83
2026-09-13 19:50:48.943,1789339848.9439936,-142,-971,81
2026-09-13 19:50:48.963,1789339848.9639935,-141,-971,83
2026-09-13 19:50:48.983,1789339848.9839935,-142,-971,83
2026-09-13 19:50:49.003,1789339849.0039935,-142,-971,83
2026-09-13 19:50:49.023,1789339849.0239935,-141,-972,82
2026-09-13 19:50:49.043,1789339849.0439935,-141,-971,83
2026-09-13 19:50:49.063,1789339849.0639935,-141,-971,84
2026-09-13 19:50:49.083,1789339849.0839934,-142,-970,86
2026-09-13 19:50:49.103,1789339849.1039934,-142,-971,88
2026-09-13 19:50:49.123,1789339849.1239936,-142,-970,88
2026-09-13 19:50:49.143,1789339849.1439936,-142,-971,85
2026-09-13 19:50:49.163,1789339849.1639936,-141,-970,84
2026-09-13 19:50:49.183,1789339849.1839936,-141,-971,85
2026-09-13 19:50:49.191,1789339849.1910346,-140,-970,88
2026-09-13 19:50:49.211,1789339849.2110345,-142,-970,90
2026-09-13 19:50:49.231,1789339849.2310345,-143,-968,86
2026-09-13 19:50:49.251,1789339849.2510345,-142,-969,89
2026-09-13 19:50:49.271,1789339849.2710345,-143,-969,93
2026-09-13 19:50:49.291,1789339849.2910345,-143,-968,78
2026-09-13 19:50:49.311,1789339849.3110344,-140,-975,88
2026-09-13 19:50:49.331,1789339849.3310347,-139,-974,95
2026-09-13 19:50:49.351,1789339849.3510346,-140,-972,85
2026-09-13 19:50:49.371,1789339849.3710346,-142,-971,75
2026-09-13 19:50:49.391,1789339849.3910346,-143,-968,88
2026-09-13 19:50:49.411,1789339849.4110346,-146,-963,92
2026-09-13 19:50:49.431,1789339849.4310346,-148,-966,88
2026-09-13 19:50:49.451,1789339849.4510345,-148,-969,84
2026-09-13 19:50:49.471,1789339849.4710345,-151,-977,78
2026-09-13 19:50:49.491,1789339849.4910345,-145,-977,93
2026-09-13 19:50:49.511,1789339849.5110345,-140,-975,92
2026-09-13 19:50:49.531,1789339849.5310345,-137,-971,85
2026-09-13 19:50:49.551,1789339849.5510345,-137,-968,82
2026-09-13 19:50:49.571,1789339849.5710347,-137,-972,85
2026-09-13 19:50:49.591,1789339849.5910347,-139,-975,87
2026-09-13 19:50:49.611,1789339849.6110346,-142,-975,84
2026-09-13 19:50:49.631,1789339849.6310346,-142,-970,85
2026-09-13 19:50:49.651,1789339849.6510346,-144,-972,83
2026-09-13 19:50:49.671,1789339849.6710346,-143,-976,93
2026-09-13 19:50:49.691,1789339849.6910346,-141,-973,87
2026-09-13 19:50:49.711,1789339849.7110345,-140,-972,95
2026-09-13 19:50:49.731,1789339849.7310345,-143,-971,102
2026-09-13 19:50:49.751,1789339849.7510345,-143,-970,102
2026-09-13 19:50:49.771,1789339849.7710345,-143,-968,99
2026-09-13 19:50:49.791,1789339849.7910345,-143,-969,98
2026-09-13 19:50:49.811,1789339849.8110344,-141,-969,102
2026-09-13 19:50:49.831,1789339849.8310347,-141,-967,100
2026-09-13 19:50:49.851,1789339849.8510346,-140,-970,106
2026-09-13 19:50:49.871,1789339849.8710346,-140,-970,103
2026-09-13 19:50:49.891,1789339849.8910346,-140,-968,101
2026-09-13 19:50:49.898,1789339849.8987775,-139,-966,105
2026-09-13 19:50:49.918,1789339849.9187775,-139,-970,109
2026-09-13 19:50:49.938,1789339849.9387774,-137,-972,106
2026-09-13 19:50:49.958,1789339849.9587774,-139,-968,104
2026-09-13 19:50:49.978,1789339849.9787774,-139,-966,109
2026-09-13 19:50:49.998,1789339849.9987774,-139,-966,110
2026-09-13 19:50:50.018,1789339850.0187774,-139,-966,113
2026-09-13 19:50:50.038,1789339850.0387776,-140,-966,111
2026-09-13 19:50:50.058,1789339850.0587776,-141,-970,111
2026-09-13 19:50:50.078,1789339850.0787776,-141,-970,109
2026-09-13 19:50:50.098,1789339850.0987775,-141,-969,107
2026-09-13 19:50:50.118,1789339850.1187775,-140,-973,108
2026-09-13 19:50:50.138,1789339850.1387775,-140,-969,104
2026-09-13 19:50:50.158,1789339850.1587775,-140,-969,105
2026-09-13 19:50:50.178,1789339850.1787775,-139,-970,115
2026-09-13 19:50:50.198,1789339850.1987774,-140,-967,99
2026-09-13 19:50:50.218,1789339850.2187774,-138,-973,79
2026-09-13 19:50:50.238,1789339850.2387774,-130,-977,122
2026-09-13 19:50:50.258,1789339850.2587774,-135,-974,116
2026-09-13 19:50:50.278,1789339850.2787776,-140,-965,96
2026-09-13 19:50:50.298,1789339850.2987776,-140,-967,97
2026-09-13 19:50:50.318,1789339850.3187776,-141,-966,109
2026-09-13 19:50:50.338,1789339850.3387775,-141,-969,109
2026-09-13 19:50:50.358,1789339850.3587775,-137,-975,102
2026-09-13 19:50:50.378,1789339850.3787775,-134,-973,104
2026-09-13 19:50:50.398,1789339850.3987775,-133,-971,109
2026-09-13 19:50:50.418,1789339850.4187775,-134,-971,111
2026-09-13 19:50:50.438,1789339850.4387774,-134,-970,110
2026-09-13 19:50:50.458,1789339850.4587774,-135,-969,107
2026-09-13 19:50:50.478,1789339850.4787774,-134,-969,106
2026-09-13 19:50:50.498,1789339850.4987774,-132,-968,106
2026-09-13 19:50:50.518,1789339850.5187774,-131,-974,112
2026-09-13 19:50:50.538,1789339850.5387776,-131,-969,106
2026-09-13 19:50:50.558,1789339850.5587776,-133,-970,100
2026-09-13 19:50:50.578,1789339850.5787776,-131,-971,100
2026-09-13 19:50:50.598,1789339850.5987775,-130,-968,105
2026-09-13 19:50:50.606,1789339850.6066728,-135,-971,104
2026-09-13 19:50:50.626,1789339850.6266727,-134,-972,106
2026-09-13 19:50:50.646,1789339850.6466727,-133,-971,108
2026-09-13 19:50:50.666,1789339850.6666727,-134,-970,108
2026-09-13 19:50:50.686,1789339850.6866727,-136,-968,104
2026-09-13 19:50:50.706,1789339850.7066727,-136,-967,102
2026-09-13 19:50:50.726,1789339850.7266726,-131,-973,102
2026-09-13 19:50:50.746,1789339850.7466729,-131,-974,99
2026-09-13 19:50:50.766,1789339850.7666728,-132,-973,94
2026-09-13 19:50:50.786,1789339850.7866728,-130,-974,97
2026-09-13 19:50:50.806,1789339850.8066728,-130,-974,93
2026-09-13 19:50:50.826,1789339850.8266728,-131,-973,93
2026-09-13 19:50:50.846,1789339850.8466728,-129,-972,94
2026-09-13 19:50:50.866,1789339850.8666728,-128,-971,93
2026-09-13 19:50:50.886,1789339850.8866727,-128,-974,92
2026-09-13 19:50:50.906,1789339850.9066727,-131,-971,91
2026-09-13 19:50:50.926,1789339850.9266727,-129,-971,90
2026-09-13 19:50:50.946,1789339850.9466727,-127,-971,98
2026-09-13 19:50:50.966,1789339850.9666727,-130,-971,80
2026-09-13 19:50:50.986,1789339850.9866729,-126,-975,70
2026-09-13 19:50:51.006,1789339851.0066729,-115,-979,106
2026-09-13 19:50:51.026,1789339851.0266728,-127,-978,83
2026-09-13 19:50:51.046,1789339851.0466728,-128,-972,74
2026-09-13 19:50:51.066,1789339851.0666728,-126,-971,80
2026-09-13 19:50:51.086,1789339851.0866728,-131,-967,87
2026-09-13 19:50:51.106,1789339851.1066728,-131,-971,82
2026-09-13 19:50:51.126,1789339851.1266727,-124,-976,86
2026-09-13 19:50:51.146,1789339851.1466727,-117,-977,88
2026-09-13 19:50:51.166,1789339851.1666727,-119,-974,85
2026-09-13 19:50:51.186,1789339851.1866727,-123,-974,83
2026-09-13 19:50:51.206,1789339851.2066727,-124,-975,83
2026-09-13 19:50:51.226,1789339851.2266726,-122,-976,84
2026-09-13 19:50:51.246,1789339851.2466729,-114,-974,81
2026-09-13 19:50:51.266,1789339851.2666728,-120,-972,81
2026-09-13 19:50:51.286,1789339851.2866728,-121,-973,78
2026-09-13 19:50:51.306,1789339851.3066728,-116,-975,88
2026-09-13 19:50:51.314,1789339851.314416,-111,-971,72
2026-09-13 19:50:51.334,1789339851.334416,-119,-975,74
2026-09-13 19:50:51.354,1789339851.354416,-119,-973,79
2026-09-13 19:50:51.374,1789339851.3744159,-120,-975,83
2026-09-13 19:50:51.394,1789339851.3944159,-119,-974,82
2026-09-13 19:50:51.414,1789339851.4144158,-125,-972,87
2026-09-13 19:50:51.434,1789339851.4344158,-123,-977,81
2026-09-13 19:50:51.454,1789339851.454416,-124,-975,74
2026-09-13 19:50:51.474,1789339851.474416,-114,-976,75
2026-09-13 19:50:51.494,1789339851.494416,-116,-975,79
2026-09-13 19:50:51.514,1789339851.514416,-113,-977,74
2026-09-13 19:50:51.534,1789339851.534416,-118,-974,77
2026-09-13 19:50:51.554,1789339851.554416,-105,-976,74
2026-09-13 19:50:51.574,1789339851.574416,-110,-975,76
2026-09-13 19:50:51.594,1789339851.594416,-114,-975,71
2026-09-13 19:50:51.614,1789339851.614416,-119,-973,68
2026-09-13 19:50:51.634,1789339851.6344159,-115,-972,75
2026-09-13 19:50:51.654,1789339851.6544158,-111,-974,74
2026-09-13 19:50:51.674,1789339851.6744158,-120,-972,75
2026-09-13 19:50:51.694,1789339851.694416,-129,-974,47
2026-09-13 19:50:51.714,1789339851.714416,-126,-979,77
2026-09-13 19:50:51.734,1789339851.734416,-127,-980,79
2026-09-13 19:50:51.754,1789339851.754416,-124,-977,58
2026-09-13 19:50:51.774,1789339851.774416,-115,-976,58
2026-09-13 19:50:51.794,1789339851.794416,-125,-976,71
2026-09-13 19:50:51.814,1789339851.814416,-132,-969,71
2026-09-13 19:50:51.834,1789339851.834416,-131,-976,68
2026-09-13 19:50:51.854,1789339851.854416,-131,-978,66
2026-09-13 19:50:51.874,1789339851.8744159,-129,-978,69
2026-09-13 19:50:51.894,1789339851.8944159,-121,-977,69
2026-09-13 19:50:51.914,1789339851.9144158,-119,-977,71
2026-09-13 19:50:51.934,1789339851.9344158,-122,-974,71
2026-09-13 19:50:51.954,1789339851.954416,-127,-974,77
2026-09-13 19:50:51.974,1789339851.974416,-126,-976,77
2026-09-13 19:50:51.994,1789339851.994416,-128,-975,76
2026-09-13 19:50:52.014,1789339852.014416,-129,-976,77
2026-09-13 19:50:52.022,1789339852.0220978,-130,-970,82
2026-09-13 19:50:52.042,1789339852.0420978,-128,-974,66
2026-09-13 19:50:52.062,1789339852.0620978,-124,-976,80
2026-09-13 19:50:52.082,1789339852.0820978,-130,-969,69
2026-09-13 19:50:52.102,1789339852.1020977,-134,-973,79
2026-09-13 19:50:52.122,1789339852.1220977,-137,-975,81
2026-09-13 19:50:52.142,1789339852.1420977,-135,-975,84
2026-09-13 19:50:52.162,1789339852.162098,-135,-973,83
2026-09-13 19:50:52.182,1789339852.182098,-136,-971,78
2026-09-13 19:50:52.202,1789339852.202098,-136,-973,78
2026-09-13 19:50:52.222,1789339852.2220979,-132,-975,77
2026-09-13 19:50:52.242,1789339852.2420979,-133,-974,76
2026-09-13 19:50:52.262,1789339852.2620978,-133,-974,78
2026-09-13 19:50:52.282,1789339852.2820978,-133,-974,82
2026-09-13 19:50:52.302,1789339852.3020978,-132,-974,79
2026-09-13 19:50:52.322,1789339852.3220978,-133,-974,80
2026-09-13 19:50:52.342,1789339852.3420978,-131,-971,75
2026-09-13 19:50:52.362,1789339852.3620977,-135,-971,79
2026-09-13 19:50:52.382,1789339852.3820977,-136,-971,82
2026-09-13 19:50:52.402,1789339852.402098,-137,-972,83
2026-09-13 19:50:52.422,1789339852.422098,-137,-973,61
2026-09-13 19:50:52.442,1789339852.442098,-132,-977,84
2026-09-13 19:50:52.462,1789339852.462098,-130,-977,89
2026-09-13 19:50:52.482,1789339852.4820979,-135,-972,71
2026-09-13 19:50:52.502,1789339852.5020978,-131,-974,66
2026-09-13 19:50:52.522,1789339852.5220978,-135,-976,82
2026-09-13 19:50:52.542,1789339852.5420978,-140,-969,84
2026-09-13 19:50:52.562,1789339852.5620978,-141,-972,86
2026-09-13 19:50:52.582,1789339852.5820978,-141,-972,84
2026-09-13 19:50:52.602,1789339852.6020977,-140,-972,80
2026-09-13 19:50:52.622,1789339852.6220977,-138,-973,80
2026-09-13 19:50:52.642,1789339852.6420977,-137,-974,78
2026-09-13 19:50:52.662,1789339852.662098,-137,-974,80
2026-09-13 19:50:52.682,1789339852.682098,-134,-974,80
2026-09-13 19:50:52.702,1789339852.702098,-134,-972,85
2026-09-13 19:50:52.722,1789339852.7220979,-136,-972,84
2026-09-13 19:50:52.729,1789339852.7298408,-136,-972,83
2026-09-13 19:50:52.749,1789339852.7498407,-137,-966,86
2026-09-13 19:50:52.769,1789339852.7698407,-136,-972,80
2026-09-13 19:50:52.789,1789339852.7898407,-137,-973,86
2026-09-13 19:50:52.809,1789339852.8098407,-136,-970,79
2026-09-13 19:50:52.829,1789339852.8298407,-138,-972,91
2026-09-13 19:50:52.849,1789339852.8498406,-141,-971,87
2026-09-13 19:50:52.869,1789339852.8698409,-141,-970,89
2026-09-13 19:50:52.889,1789339852.8898408,-141,-971,87
2026-09-13 19:50:52.909,1789339852.9098408,-141,-973,86
2026-09-13 19:50:52.929,1789339852.9298408,-139,-972,87
2026-09-13 19:50:52.949,1789339852.9498408,-139,-972,87
2026-09-13 19:50:52.969,1789339852.9698408,-139,-972,84
2026-09-13 19:50:52.989,1789339852.9898407,-139,-971,84
2026-09-13 19:50:53.009,1789339853.0098407,-139,-973,87
2026-09-13 19:50:53.029,1789339853.0298407,-139,-973,92
2026-09-13 19:50:53.049,1789339853.0498407,-141,-972,90
2026-09-13 19:50:53.069,1789339853.0698407,-140,-971,89
2026-09-13 19:50:53.089,1789339853.0898407,-140,-971,89
2026-09-13 19:50:53.109,1789339853.1098409,-141,-972,88
2026-09-13 19:50:53.129,1789339853.1298409,-140,-973,91
2026-09-13 19:50:53.149,1789339853.1498408,-140,-973,91
2026-09-13 19:50:53.169,1789339853.1698408,-140,-973,87
2026-09-13 19:50:53.189,1789339853.1898408,-139,-969,87
2026-09-13 19:50:53.209,1789339853.2098408,-140,-967,92
2026-09-13 19:50:53.229,1789339853.2298408,-141,-968,104
2026-09-13 19:50:53.249,1789339853.2498407,-142,-968,83
2026-09-13 19:50:53.269,1789339853.2698407,-140,-974,88
2026-09-13 19:50:53.289,1789339853.2898407,-140,-974,97
2026-09-13 19:50:53.309,1789339853.3098407,-138,-975,110
2026-09-13 19:50:53.329,1789339853.3298407,-141,-969,81
2026-09-13 19:50:53.349,1789339853.3498406,-139,-975,86
2026-09-13 19:50:53.369,1789339853.3698409,-143,-968,94
2026-09-13 19:50:53.389,1789339853.3898408,-145,-964,105
2026-09-13 19:50:53.409,1789339853.4098408,-146,-965,109
2026-09-13 19:50:53.429,1789339853.4298408,-147,-969,104
2026-09-13 19:50:53.437,1789339853.437431,-146,-971,97
2026-09-13 19:50:53.457,1789339853.457431,-142,-972,92
2026-09-13 19:50:53.477,1789339853.477431,-141,-971,88
2026-09-13 19:50:53.497,1789339853.497431,-140,-972,90
2026-09-13 19:50:53.517,1789339853.517431,-141,-972,93
2026-09-13 19:50:53.537,1789339853.537431,-142,-973,95
2026-09-13 19:50:53.557,1789339853.557431,-143,-972,92
2026-09-13 19:50:53.577,1789339853.5774312,-141,-972,95
2026-09-13 19:50:53.597,1789339853.5974312,-142,-968,93
2026-09-13 19:50:53.617,1789339853.6174312,-141,-970,98
2026-09-13 19:50:53.637,1789339853.6374311,-141,-969,91
2026-09-13 19:50:53.657,1789339853.6574311,-142,-969,97
2026-09-13 19:50:53.677,1789339853.677431,-143,-970,106
2026-09-13 19:50:53.697,1789339853.697431,-146,-970,108
2026-09-13 19:50:53.717,1789339853.717431,-147,-970,106
2026-09-13 19:50:53.737,1789339853.737431,-146,-970,105
2026-09-13 19:50:53.757,1789339853.757431,-144,-972,105
2026-09-13 19:50:53.777,1789339853.777431,-144,-972,106
2026-09-13 19:50:53.797,1789339853.797431,-144,-969,110
2026-09-13 19:50:53.817,1789339853.8174312,-144,-970,111
2026-09-13 19:50:53.837,1789339853.8374312,-143,-970,105
2026-09-13 19:50:53.857,1789339853.8574312,-143,-968,108
2026-09-13 19:50:53.877,1789339853.8774312,-143,-968,107
2026-09-13 19:50:53.897,1789339853.8974311,-144,-970,107
2026-09-13 19:50:53.917,1789339853.917431,-143,-970,107
2026-09-13 19:50:53.937,1789339853.937431,-143,-968,114
2026-09-13 19:50:53.957,1789339853.957431,-143,-969,112
2026-09-13 19:50:53.977,1789339853.977431,-144,-971,106
2026-09-13 19:50:53.997,1789339853.997431,-144,-968,108
2026-09-13 19:50:54.017,1789339854.017431,-146,-969,107
2026-09-13 19:50:54.037,1789339854.037431,-145,-970,110
2026-09-13 19:50:54.057,1789339854.057431,-143,-975,105
2026-09-13 19:50:54.077,1789339854.0774312,-142,-973,103
2026-09-13 19:50:54.097,1789339854.0974312,-143,-968,109
2026-09-13 19:50:54.117,1789339854.1174312,-141,-968,109
2026-09-13 19:50:54.137,1789339854.1374311,-143,-972,104
2026-09-13 19:50:54.145,1789339854.145113,-144,-973,106
2026-09-13 19:50:54.165,1789339854.165113,-145,-970,106
2026-09-13 19:50:54.185,1789339854.185113,-144,-967,107
2026-09-13 19:50:54.205,1789339854.205113,-143,-968,110
2026-09-13 19:50:54.225,1789339854.225113,-143,-969,109
2026-09-13 19:50:54.245,1789339854.245113,-143,-971,85
2026-09-13 19:50:54.265,1789339854.2651129,-140,-973,114
2026-09-13 19:50:54.285,1789339854.285113,-141,-973,122
2026-09-13 19:50:54.305,1789339854.305113,-141,-968,98
2026-09-13 19:50:54.325,1789339854.325113,-140,-972,95
2026-09-13 19:50:54.345,1789339854.345113,-142,-966,109
2026-09-13 19:50:54.365,1789339854.365113,-146,-963,112
2026-09-13 19:50:54.385,1789339854.385113,-146,-966,116
2026-09-13 19:50:54.405,1789339854.405113,-146,-971,109
2026-09-13 19:50:54.425,1789339854.425113,-143,-972,105
2026-09-13 19:50:54.445,1789339854.445113,-142,-972,103
2026-09-13 19:50:54.465,1789339854.465113,-142,-972,104
2026-09-13 19:50:54.485,1789339854.485113,-141,-971,105
2026-09-13 19:50:54.505,1789339854.505113,-141,-968,108
2026-09-13 19:50:54.525,1789339854.525113,-140,-967,105
2026-09-13 19:50:54.545,1789339854.545113,-140,-969,107
2026-09-13 19:50:54.565,1789339854.565113,-141,-971,103
2026-09-13 19:50:54.585,1789339854.585113,-141,-968,98
2026-09-13 19:50:54.605,1789339854.605113,-139,-971,104
2026-09-13 19:50:54.625,1789339854.625113,-141,-967,102
2026-09-13 19:50:54.645,1789339854.645113,-142,-969,97
2026-09-13 19:50:54.665,1789339854.665113,-142,-972,103
2026-09-13 19:50:54.685,1789339854.685113,-144,-969,106
2026-09-13 19:50:54.705,1789339854.705113,-145,-967,106
2026-09-13 19:50:54.725,1789339854.725113,-144,-972,104
2026-09-13 19:50:54.745,1789339854.745113,-142,-972,100
2026-09-13 19:50:54.765,1789339854.7651129,-141,-968,97
2026-09-13 19:50:54.785,1789339854.785113,-141,-969,97
2026-09-13 19:50:54.805,1789339854.805113,-142,-972,94
2026-09-13 19:50:54.825,1789339854.825113,-141,-972,101
2026-09-13 19:50:54.845,1789339854.845113,-141,-971,102
2026-09-13 19:50:54.852,1789339854.8523371,-142,-970,101
2026-09-13 19:50:54.872,1789339854.872337,-141,-969,102
2026-09-13 19:50:54.892,1789339854.892337,-141,-970,104
2026-09-13 19:50:54.912,1789339854.912337,-142,-970,102
2026-09-13 19:50:54.932,1789339854.932337,-141,-970,103
2026-09-13 19:50:54.952,1789339854.952337,-142,-971,102
2026-09-13 19:50:54.972,1789339854.972337,-142,-970,101
2026-09-13 19:50:54.992,1789339854.9923372,-142,-970,102
2026-09-13 19:50:55.012,1789339855.0123372,-142,-972,101
2026-09-13 19:50:55.032,1789339855.0323372,-142,-970,102
2026-09-13 19:50:55.052,1789339855.0523372,-142,-970,103
2026-09-13 19:50:55.072,1789339855.0723372,-142,-970,102
2026-09-13 19:50:55.092,1789339855.0923371,-142,-969,103
2026-09-13 19:50:55.112,1789339855.112337,-142,-967,102
2026-09-13 19:50:55.132,1789339855.132337,-143,-968,104
2026-09-13 19:50:55.152,1789339855.152337,-142,-971,102
2026-09-13 19:50:55.172,1789339855.172337,-142,-970,103
2026-09-13 19:50:55.192,1789339855.192337,-142,-970,99
2026-09-13 19:50:55.212,1789339855.212337,-142,-967,106
2026-09-13 19:50:55.232,1789339855.2323372,-143,-968,108
2026-09-13 19:50:55.252,1789339855.2523372,-143,-967,88
2026-09-13 19:50:55.272,1789339855.2723372,-140,-972,105
2026-09-13 19:50:55.292,1789339855.2923372,-140,-974,113
2026-09-13 19:50:55.312,1789339855.3123372,-142,-970,95
2026-09-13 19:50:55.332,1789339855.3323371,-141,-970,89
2026-09-13 19:50:55.352,1789339855.3523371,-142,-966,107
2026-09-13 19:50:55.372,1789339855.372337,-148,-960,99
2026-09-13 19:50:55.392,1789339855.392337,-147,-968,100
2026-09-13 19:50:55.412,1789339855.412337,-147,-972,106
2026-09-13 19:50:55.432,1789339855.432337,-147,-974,100
2026-09-13 19:50:55.452,1789339855.452337,-144,-974,96
2026-09-13 19:50:55.472,1789339855.472337,-140,-970,98
2026-09-13 19:50:55.492,1789339855.4923372,-142,-967,98
2026-09-13 19:50:55.512,1789339855.5123372,-144,-967,96
2026-09-13 19:50:55.532,1789339855.5323372,-144,-969,108
2026-09-13 19:50:55.552,1789339855.5523372,-144,-972,109
2026-09-13 19:50:55.559,1789339855.559195,-142,-976,107
2026-09-13 19:50:55.579,1789339855.579195,-140,-971,108
2026-09-13 19:50:55.599,1789339855.599195,-141,-974,104
2026-09-13 19:50:55.619,1789339855.619195,-142,-975,112
2026-09-13 19:50:55.639,1789339855.639195,-143,-970,108
2026-09-13 19:50:55.659,1789339855.659195,-144,-971,120
2026-09-13 19:50:55.679,1789339855.679195,-144,-969,119
2026-09-13 19:50:55.699,1789339855.6991951,-143,-965,120
2026-09-13 19:50:55.719,1789339855.7191951,-141,-962,115
2026-09-13 19:50:55.739,1789339855.739195,-139,-967,113
2026-09-13 19:50:55.759,1789339855.759195,-139,-965,123
2026-09-13 19:50:55.779,1789339855.779195,-138,-968,124
2026-09-13 19:50:55.799,1789339855.799195,-138,-968,119
2026-09-13 19:50:55.819,1789339855.819195,-139,-964,121
2026-09-13 19:50:55.839,1789339855.839195,-139,-964,126
2026-09-13 19:50:55.859,1789339855.859195,-138,-964,128
2026-09-13 19:50:55.879,1789339855.879195,-140,-962,130
2026-09-13 19:50:55.899,1789339855.899195,-140,-965,125
2026-09-13 19:50:55.919,1789339855.919195,-138,-963,125
2026-09-13 19:50:55.939,1789339855.9391952,-138,-963,126
2026-09-13 19:50:55.959,1789339855.9591951,-137,-966,123
2026-09-13 19:50:55.979,1789339855.979195,-138,-966,126
2026-09-13 19:50:55.999,1789339855.999195,-138,-966,126
2026-09-13 19:50:56.019,1789339856.019195,-138,-968,124
2026-09-13 19:50:56.039,1789339856.039195,-136,-966,122
2026-09-13 19:50:56.059,1789339856.059195,-138,-967,122
2026-09-13 19:50:56.079,1789339856.079195,-137,-969,124
2026-09-13 19:50:56.099,1789339856.099195,-139,-965,125
2026-09-13 19:50:56.119,1789339856.119195,-138,-967,125
2026-09-13 19:50:56.139,1789339856.139195,-135,-967,126
2026-09-13 19:50:56.159,1789339856.159195,-137,-964,108
2026-09-13 19:50:56.179,1789339856.179195,-129,-972,113
2026-09-13 19:50:56.199,1789339856.1991951,-128,-973,133
2026-09-13 19:50:56.219,1789339856.2191951,-131,-972,125
2026-09-13 19:50:56.239,1789339856.239195,-138,-962,107
2026-09-13 19:50:56.259,1789339856.259195,-136,-966,117
2026-09-13 19:50:56.266,1789339856.266114,-140,-964,123
2026-09-13 19:50:56.286,1789339856.286114,-139,-969,114
2026-09-13 19:50:56.306,1789339856.306114,-134,-975,119
2026-09-13 19:50:56.326,1789339856.326114,-132,-973,114
2026-09-13 19:50:56.346,1789339856.346114,-131,-969,115
2026-09-13 19:50:56.366,1789339856.366114,-133,-968,119
2026-09-13 19:50:56.386,1789339856.386114,-131,-967,118
2026-09-13 19:50:56.406,1789339856.406114,-131,-968,119
2026-09-13 19:50:56.426,1789339856.426114,-132,-968,116
2026-09-13 19:50:56.446,1789339856.446114,-134,-969,117
2026-09-13 19:50:56.466,1789339856.466114,-131,-973,123
2026-09-13 19:50:56.486,1789339856.486114,-130,-967,101
2026-09-13 19:50:56.506,1789339856.506114,-130,-970,109
2026-09-13 19:50:56.526,1789339856.526114,-133,-969,107
2026-09-13 19:50:56.546,1789339856.546114,-133,-971,112
2026-09-13 19:50:56.566,1789339856.566114,-133,-970,111
2026-09-13 19:50:56.586,1789339856.586114,-135,-971,115
2026-09-13 19:50:56.606,1789339856.606114,-134,-970,106
2026-09-13 19:50:56.626,1789339856.626114,-131,-972,106
2026-09-13 19:50:56.646,1789339856.646114,-129,-972,99
2026-09-13 19:50:56.666,1789339856.666114,-131,-971,100
2026-09-13 19:50:56.686,1789339856.686114,-131,-974,104
2026-09-13 19:50:56.706,1789339856.706114,-128,-974,100
2026-09-13 19:50:56.726,1789339856.726114,-128,-971,101
2026-09-13 19:50:56.746,1789339856.746114,-128,-971,101
2026-09-13 19:50:56.766,1789339856.766114,-126,-972,97
2026-09-13 19:50:56.786,1789339856.786114,-126,-973,98
2026-09-13 19:50:56.806,1789339856.806114,-128,-972,97
2026-09-13 19:50:56.826,1789339856.826114,-128,-974,93
2026-09-13 19:50:56.846,1789339856.846114,-130,-974,92
2026-09-13 19:50:56.866,1789339856.866114,-129,-972,91
2026-09-13 19:50:56.886,1789339856.886114,-129,-971,90
2026-09-13 19:50:56.906,1789339856.906114,-130,-970,96
2026-09-13 19:50:56.926,1789339856.926114,-127,-972,75
2026-09-13 19:50:56.946,1789339856.946114,-112,-979,103
2026-09-13 19:50:56.966,1789339856.966114,-124,-974,99
2026-09-13 19:50:56.973,1789339856.973277,-131,-973,89
2026-09-13 19:50:56.993,1789339856.993277,-126,-971,90
2026-09-13 19:50:57.013,1789339857.013277,-129,-968,99
2026-09-13 19:50:57.033,1789339857.033277,-135,-965,99
2026-09-13 19:50:57.053,1789339857.053277,-128,-975,88
2026-09-13 19:50:57.073,1789339857.073277,-125,-976,91
2026-09-13 19:50:57.093,1789339857.093277,-124,-974,95
2026-09-13 19:50:57.113,1789339857.1132772,-126,-973,86
2026-09-13 19:50:57.133,1789339857.1332772,-126,-973,87
2026-09-13 19:50:57.153,1789339857.1532772,-125,-972,87
2026-09-13 19:50:57.173,1789339857.1732771,-118,-973,92
2026-09-13 19:50:57.193,1789339857.1932771,-123,-974,93
2026-09-13 19:50:57.213,1789339857.213277,-117,-973,87
2026-09-13 19:50:57.233,1789339857.233277,-122,-975,93
2026-09-13 19:50:57.253,1789339857.253277,-118,-972,100
2026-09-13 19:50:57.273,1789339857.273277,-120,-972,82
2026-09-13 19:50:57.293,1789339857.293277,-121,-974,85
2026-09-13 19:50:57.313,1789339857.313277,-119,-970,87
2026-09-13 19:50:57.333,1789339857.333277,-126,-972,86
2026-09-13 19:50:57.353,1789339857.3532772,-129,-976,88
2026-09-13 19:50:57.373,1789339857.3732772,-120,-977,92
2026-09-13 19:50:57.393,1789339857.3932772,-127,-974,84
2026-09-13 19:50:57.413,1789339857.4132771,-127,-972,83
2026-09-13 19:50:57.433,1789339857.4332771,-122,-974,84
2026-09-13 19:50:57.453,1789339857.453277,-116,-975,83
2026-09-13 19:50:57.473,1789339857.473277,-117,-972,87
2026-09-13 19:50:57.493,1789339857.493277,-122,-973,86
2026-09-13 19:50:57.513,1789339857.513277,-114,-976,80
2026-09-13 19:50:57.533,1789339857.533277,-112,-974,82
2026-09-13 19:50:57.553,1789339857.553277,-125,-973,77
2026-09-13 19:50:57.573,1789339857.573277,-117,-975,73
2026-09-13 19:50:57.593,1789339857.593277,-115,-976,77
2026-09-13 19:50:57.613,1789339857.6132772,-113,-974,84
2026-09-13 19:50:57.633,1789339857.6332772,-116,-972,80
2026-09-13 19:50:57.653,1789339857.6532772,-115,-974,64
2026-09-13 19:50:57.673,1789339857.6732771,-111,-977,95
2026-09-13 19:50:57.680,1789339857.6806843,-114,-978,79
2026-09-13 19:50:57.700,1789339857.7006843,-115,-974,57
2026-09-13 19:50:57.720,1789339857.7206843,-106,-976,65
2026-09-13 19:50:57.740,1789339857.7406843,-123,-971,79
2026-09-13 19:50:57.760,1789339857.7606843,-129,-973,74
2026-09-13 19:50:57.780,1789339857.7806842,-124,-976,75
2026-09-13 19:50:57.800,1789339857.8006842,-128,-974,73
2026-09-13 19:50:57.820,1789339857.8206844,-122,-975,73
2026-09-13 19:50:57.840,1789339857.8406844,-122,-976,73
2026-09-13 19:50:57.860,1789339857.8606844,-120,-978,73
2026-09-13 19:50:57.880,1789339857.8806844,-117,-977,71
2026-09-13 19:50:57.900,1789339857.9006844,-117,-977,72
2026-09-13 19:50:57.920,1789339857.9206843,-118,-975,75
2026-09-13 19:50:57.940,1789339857.9406843,-122,-973,75
2026-09-13 19:50:57.960,1789339857.9606843,-124,-975,76
2026-09-13 19:50:57.980,1789339857.9806843,-124,-969,74
2026-09-13 19:50:58.000,1789339858.0006843,-120,-977,63
2026-09-13 19:50:58.020,1789339858.0206842,-122,-976,73
2026-09-13 19:50:58.040,1789339858.0406842,-125,-970,67
2026-09-13 19:50:58.060,1789339858.0606844,-129,-975,78
2026-09-13 19:50:58.080,1789339858.0806844,-132,-975,78
2026-09-13 19:50:58.100,1789339858.1006844,-132,-974,79
2026-09-13 19:50:58.120,1789339858.1206844,-136,-974,76
2026-09-13 19:50:58.140,1789339858.1406844,-134,-972,74
2026-09-13 19:50:58.160,1789339858.1606843,-135,-973,72
2026-09-13 19:50:58.180,1789339858.1806843,-131,-975,76
2026-09-13 19:50:58.200,1789339858.2006843,-133,-976,76
2026-09-13 19:50:58.220,1789339858.2206843,-132,-976,73
2026-09-13 19:50:58.240,1789339858.2406843,-132,-976,76
2026-09-13 19:50:58.260,1789339858.2606843,-131,-976,76
2026-09-13 19:50:58.280,1789339858.2806842,-131,-975,79
2026-09-13 19:50:58.300,1789339858.3006842,-132,-973,75
2026-09-13 19:50:58.320,1789339858.3206844,-134,-972,78
2026-09-13 19:50:58.340,1789339858.3406844,-136,-972,80
2026-09-13 19:50:58.360,1789339858.3606844,-135,-974,88
2026-09-13 19:50:58.380,1789339858.3806844,-134,-973,61
2026-09-13 19:50:58.388,1789339858.388702,-126,-978,82
2026-09-13 19:50:58.408,1789339858.408702,-131,-974,88
2026-09-13 19:50:58.428,1789339858.4287019,-135,-974,84
2026-09-13 19:50:58.448,1789339858.4487019,-133,-971,64
2026-09-13 19:50:58.468,1789339858.4687018,-132,-976,83
2026-09-13 19:50:58.488,1789339858.4887018,-136,-970,82
2026-09-13 19:50:58.508,1789339858.5087018,-139,-972,85
2026-09-13 19:50:58.528,1789339858.528702,-140,-971,87
2026-09-13 19:50:58.548,1789339858.548702,-140,-973,86
2026-09-13 19:50:58.568,1789339858.568702,-139,-973,87
2026-09-13 19:50:58.588,1789339858.588702,-139,-973,87
2026-09-13 19:50:58.608,1789339858.608702,-136,-974,84
2026-09-13 19:50:58.628,1789339858.628702,-135,-973,84
2026-09-13 19:50:58.648,1789339858.648702,-136,-972,87
2026-09-13 19:50:58.668,1789339858.668702,-138,-973,89
2026-09-13 19:50:58.688,1789339858.6887019,-137,-973,87
2026-09-13 19:50:58.708,1789339858.7087018,-137,-966,95
2026-09-13 19:50:58.728,1789339858.7287018,-137,-970,84
2026-09-13 19:50:58.748,1789339858.7487018,-138,-974,95
2026-09-13 19:50:58.768,1789339858.768702,-138,-966,85
2026-09-13 19:50:58.788,1789339858.788702,-136,-974,93
2026-09-13 19:50:58.808,1789339858.808702,-139,-972,93
2026-09-13 19:50:58.828,1789339858.828702,-140,-971,95
2026-09-13 19:50:58.848,1789339858.848702,-141,-971,93
2026-09-13 19:50:58.868,1789339858.868702,-141,-971,92
2026-09-13 19:50:58.888,1789339858.888702,-140,-972,93
2026-09-13 19:50:58.908,1789339858.908702,-139,-970,94
2026-09-13 19:50:58.928,1789339858.9287019,-139,-970,96
2026-09-13 19:50:58.948,1789339858.9487019,-140,-971,93
2026-09-13 19:50:58.968,1789339858.9687018,-139,-972,93
2026-09-13 19:50:58.988,1789339858.9887018,-137,-970,94
2026-09-13 19:50:59.008,1789339859.0087018,-138,-972,95
2026-09-13 19:50:59.028,1789339859.028702,-138,-973,98
2026-09-13 19:50:59.048,1789339859.048702,-139,-971,98
2026-09-13 19:50:59.068,1789339859.068702,-141,-971,96
2026-09-13 19:50:59.088,1789339859.088702,-141,-970,94
2026-09-13 19:50:59.096,1789339859.0963838,-142,-975,98
2026-09-13 19:50:59.116,1789339859.1163838,-139,-972,97
2026-09-13 19:50:59.136,1789339859.1363838,-140,-972,100
2026-09-13 19:50:59.156,1789339859.1563838,-141,-970,103
2026-09-13 19:50:59.176,1789339859.1763837,-141,-968,99
2026-09-13 19:50:59.196,1789339859.1963837,-141,-969,97
2026-09-13 19:50:59.216,1789339859.2163837,-141,-969,99
2026-09-13 19:50:59.236,1789339859.236384,-141,-970,111
2026-09-13 19:50:59.256,1789339859.256384,-143,-967,91
2026-09-13 19:50:59.276,1789339859.2763839,-139,-972,95
2026-09-13 19:50:59.296,1789339859.2963839,-140,-972,107
2026-09-13 19:50:59.316,1789339859.3163838,-139,-972,119
2026-09-13 19:50:59.336,1789339859.3363838,-141,-970,87
2026-09-13 19:50:59.356,1789339859.3563838,-139,-977,96
2026-09-13 19:50:59.376,1789339859.3763838,-140,-968,104
2026-09-13 19:50:59.396,1789339859.3963838,-144,-961,110
2026-09-13 19:50:59.416,1789339859.4163837,-147,-963,113
2026-09-13 19:50:59.436,1789339859.4363837,-146,-968,108
2026-09-13 19:50:59.456,1789339859.4563837,-144,-966,105
2026-09-13 19:50:59.476,1789339859.476384,-143,-969,105
2026-09-13 19:50:59.496,1789339859.496384,-142,-972,110
2026-09-13 19:50:59.516,1789339859.516384,-142,-973,105
2026-09-13 19:50:59.536,1789339859.5363839,-140,-971,109
2026-09-13 19:50:59.556,1789339859.5563838,-139,-966,112
2026-09-13 19:50:59.576,1789339859.5763838,-143,-967,114
2026-09-13 19:50:59.596,1789339859.5963838,-143,-968,116
2026-09-13 19:50:59.616,1789339859.6163838,-142,-967,111
2026-09-13 19:50:59.636,1789339859.6363838,-142,-973,118
2026-09-13 19:50:59.656,1789339859.6563838,-144,-969,111
2026-09-13 19:50:59.676,1789339859.6763837,-144,-968,115
2026-09-13 19:50:59.696,1789339859.6963837,-145,-969,120
2026-09-13 19:50:59.716,1789339859.7163837,-145,-969,119
2026-09-13 19:50:59.736,1789339859.736384,-145,-969,120
2026-09-13 19:50:59.756,1789339859.756384,-146,-969,123
2026-09-13 19:50:59.776,1789339859.7763839,-146,-969,119
2026-09-13 19:50:59.796,1789339859.7963839,-144,-969,116
2026-09-13 19:50:59.804,1789339859.8040962,-142,-969,115
2026-09-13 19:50:59.824,1789339859.8240962,-142,-969,118
2026-09-13 19:50:59.844,1789339859.8440962,-143,-970,116
2026-09-13 19:50:59.864,1789339859.8640962,-142,-969,115
2026-09-13 19:50:59.884,1789339859.8840961,-142,-967,116
2026-09-13 19:50:59.904,1789339859.9040961,-142,-967,119
2026-09-13 19:50:59.924,1789339859.924096,-142,-967,119
2026-09-13 19:50:59.944,1789339859.9440963,-143,-969,116
2026-09-13 19:50:59.964,1789339859.9640963,-143,-965,117
2026-09-13 19:50:59.984,1789339859.9840963,-142,-968,120
2026-09-13 19:51:00.004,1789339860.0040963,-142,-970,118
2026-09-13 19:51:00.024,1789339860.0240963,-142,-969,114
2026-09-13 19:51:00.044,1789339860.0440962,-144,-970,114
2026-09-13 19:51:00.064,1789339860.0640962,-144,-967,118
2026-09-13 19:51:00.084,1789339860.0840962,-146,-968,118
2026-09-13 19:51:00.104,1789339860.1040962,-145,-970,113
2026-09-13 19:51:00.124,1789339860.1240962,-143,-969,107
2026-09-13 19:51:00.144,1789339860.1440961,-143,-972,109
2026-09-13 19:51:00.164,1789339860.164096,-142,-970,109
2026-09-13 19:51:00.184,1789339860.1840963,-143,-971,111
2026-09-13 19:51:00.204,1789339860.2040963,-144,-970,105
2026-09-13 19:51:00.224,1789339860.2240963,-143,-969,106
2026-09-13 19:51:00.244,1789339860.2440963,-142,-969,114
2026-09-13 19:51:00.264,1789339860.2640963,-144,-967,105
2026-09-13 19:51:00.284,1789339860.2840962,-142,-971,95
2026-09-13 19:51:00.304,1789339860.3040962,-141,-972,112
2026-09-13 19:51:00.324,1789339860.3240962,-139,-975,118
2026-09-13 19:51:00.344,1789339860.3440962,-142,-973,89
2026-09-13 19:51:00.364,1789339860.3640962,-139,-973,97
2026-09-13 19:51:00.384,1789339860.3840961,-143,-966,109
2026-09-13 19:51:00.404,1789339860.4040961,-144,-967,112
2026-09-13 19:51:00.424,1789339860.424096,-146,-970,110
2026-09-13 19:51:00.444,1789339860.4440963,-144,-969,108
2026-09-13 19:51:00.464,1789339860.4640963,-143,-970,103
2026-09-13 19:51:00.484,1789339860.4840963,-142,-973,105
2026-09-13 19:51:00.504,1789339860.5040963,-141,-971,108
2026-09-13 19:51:00.511,1789339860.511717,-141,-972,105
2026-09-13 19:51:00.531,1789339860.531717,-141,-969,107
2026-09-13 19:51:00.551,1789339860.551717,-141,-968,109
2026-09-13 19:51:00.571,1789339860.571717,-140,-973,107
2026-09-13 19:51:00.591,1789339860.591717,-139,-970,106
2026-09-13 19:51:00.611,1789339860.611717,-139,-963,104
2026-09-13 19:51:00.631,1789339860.631717,-141,-971,109
2026-09-13 19:51:00.651,1789339860.6517172,-142,-968,108
2026-09-13 19:51:00.671,1789339860.6717172,-142,-973,106
2026-09-13 19:51:00.691,1789339860.6917171,-143,-972,105
2026-09-13 19:51:00.711,1789339860.7117171,-143,-970,105
2026-09-13 19:51:00.731,1789339860.731717,-143,-971,102
2026-09-13 19:51:00.751,1789339860.751717,-141,-971,106
2026-09-13 19:51:00.771,1789339860.771717,-140,-970,101
2026-09-13 19:51:00.791,1789339860.791717,-140,-972,99
2026-09-13 19:51:00.811,1789339860.811717,-139,-973,104
2026-09-13 19:51:00.831,1789339860.831717,-139,-971,104
2026-09-13 19:51:00.851,1789339860.851717,-138,-969,104
2026-09-13 19:51:00.871,1789339860.871717,-137,-969,108
2026-09-13 19:51:00.891,1789339860.8917172,-138,-967,105
2026-09-13 19:51:00.911,1789339860.9117172,-138,-970,108
2026-09-13 19:51:00.931,1789339860.9317172,-140,-968,111
2026-09-13 19:51:00.951,1789339860.9517171,-140,-967,111
2026-09-13 19:51:00.971,1789339860.9717171,-141,-967,110
2026-09-13 19:51:00.991,1789339860.991717,-140,-966,113
2026-09-13 19:51:01.011,1789339861.011717,-141,-966,110
2026-09-13 19:51:01.031,1789339861.031717,-141,-969,110
2026-09-13 19:51:01.051,1789339861.051717,-142,-970,110
2026-09-13 19:51:01.071,1789339861.071717,-141,-970,107
2026-09-13 19:51:01.091,1789339861.091717,-140,-967,106
2026-09-13 19:51:01.111,1789339861.111717,-141,-970,109
2026-09-13 19:51:01.131,1789339861.131717,-141,-969,109
2026-09-13 19:51:01.151,1789339861.1517172,-140,-971,107
2026-09-13 19:51:01.171,1789339861.1717172,-141,-971,108
2026-09-13 19:51:01.191,1789339861.1917171,-142,-970,109
2026-09-13 19:51:01.211,1789339861.2117171,-141,-967,107
2026-09-13 19:51:01.219,1789339861.2192466,-142,-970,107
2026-09-13 19:51:01.239,1789339861.2392466,-142,-968,115
2026-09-13 19:51:01.259,1789339861.2592466,-143,-966,96
2026-09-13 19:51:01.279,1789339861.2792466,-139,-973,107
2026-09-13 19:51:01.299,1789339861.2992465,-137,-975,116
2026-09-13 19:51:01.319,1789339861.3192465,-138,-972,105
2026-09-13 19:51:01.339,1789339861.3392465,-140,-970,92
2026-09-13 19:51:01.359,1789339861.3592467,-140,-969,109
2026-09-13 19:51:01.379,1789339861.3792467,-146,-968,116
2026-09-13 19:51:01.399,1789339861.3992467,-145,-967,112
2026-09-13 19:51:01.419,1789339861.4192467,-145,-970,111
2026-09-13 19:51:01.439,1789339861.4392467,-144,-972,106
2026-09-13 19:51:01.459,1789339861.4592466,-143,-971,110
2026-09-13 19:51:01.479,1789339861.4792466,-143,-971,106
2026-09-13 19:51:01.499,1789339861.4992466,-142,-973,115
2026-09-13 19:51:01.519,1789339861.5192466,-145,-970,108
2026-09-13 19:51:01.539,1789339861.5392466,-142,-971,110
2026-09-13 19:51:01.559,1789339861.5592465,-140,-967,108
2026-09-13 19:51:01.579,1789339861.5792465,-139,-971,108
2026-09-13 19:51:01.599,1789339861.5992467,-140,-966,113
2026-09-13 19:51:01.619,1789339861.6192467,-142,-972,107
2026-09-13 19:51:01.639,1789339861.6392467,-142,-973,114
2026-09-13 19:51:01.659,1789339861.6592467,-143,-970,106
2026-09-13 19:51:01.679,1789339861.6792467,-142,-970,109
2026-09-13 19:51:01.699,1789339861.6992466,-143,-968,114
2026-09-13 19:51:01.719,1789339861.7192466,-144,-968,119
2026-09-13 19:51:01.739,1789339861.7392466,-144,-967,111
2026-09-13 19:51:01.759,1789339861.7592466,-144,-969,116
2026-09-13 19:51:01.779,1789339861.7792466,-143,-971,109
2026-09-13 19:51:01.799,1789339861.7992465,-143,-970,108
2026-09-13 19:51:01.819,1789339861.8192465,-142,-973,110
2026-09-13 19:51:01.839,1789339861.8392465,-140,-970,112
2026-09-13 19:51:01.859,1789339861.8592467,-141,-972,114
2026-09-13 19:51:01.879,1789339861.8792467,-139,-973,112
2026-09-13 19:51:01.899,1789339861.8992467,-138,-969,113
2026-09-13 19:51:01.919,1789339861.9192467,-139,-966,117
2026-09-13 19:51:01.926,1789339861.9269893,-141,-970,120
2026-09-13 19:51:01.946,1789339861.9469893,-140,-968,122
2026-09-13 19:51:01.966,1789339861.9669893,-140,-968,116
2026-09-13 19:51:01.986,1789339861.9869893,-138,-968,117
2026-09-13 19:51:02.006,1789339862.0069892,-139,-967,120
2026-09-13 19:51:02.026,1789339862.0269892,-139,-969,120
2026-09-13 19:51:02.046,1789339862.0469892,-139,-968,119
2026-09-13 19:51:02.066,1789339862.0669894,-138,-967,121
2026-09-13 19:51:02.086,1789339862.0869894,-140,-968,123
2026-09-13 19:51:02.106,1789339862.1069894,-139,-969,124
2026-09-13 19:51:02.126,1789339862.1269894,-139,-968,119
2026-09-13 19:51:02.146,1789339862.1469893,-140,-966,124
2026-09-13 19:51:02.166,1789339862.1669893,-139,-966,126
2026-09-13 19:51:02.186,1789339862.1869893,-141,-965,109
2026-09-13 19:51:02.206,1789339862.2069893,-138,-971,97
2026-09-13 19:51:02.226,1789339862.2269893,-130,-977,131
2026-09-13 19:51:02.246,1789339862.2469893,-136,-976,122
2026-09-13 19:51:02.266,1789339862.2669892,-139,-969,106
2026-09-13 19:51:02.286,1789339862.2869892,-139,-967,112
2026-09-13 19:51:02.306,1789339862.3069894,-141,-963,121
2026-09-13 19:51:02.326,1789339862.3269894,-141,-967,121
2026-09-13 19:51:02.346,1789339862.3469894,-139,-973,117
2026-09-13 19:51:02.366,1789339862.3669894,-137,-973,111
2026-09-13 19:51:02.386,1789339862.3869894,-136,-972,117
2026-09-13 19:51:02.406,1789339862.4069893,-135,-971,117
2026-09-13 19:51:02.426,1789339862.4269893,-134,-970,115
2026-09-13 19:51:02.446,1789339862.4469893,-136,-968,114
2026-09-13 19:51:02.466,1789339862.4669893,-136,-969,114
2026-09-13 19:51:02.486,1789339862.4869893,-135,-971,116
2026-09-13 19:51:02.506,1789339862.5069892,-133,-974,124
2026-09-13 19:51:02.526,1789339862.5269892,-134,-968,108
2026-09-13 19:51:02.546,1789339862.5469892,-134,-967,110
2026-09-13 19:51:02.566,1789339862.5669894,-135,-971,109
2026-09-13 19:51:02.586,1789339862.5869894,-136,-969,111
2026-09-13 19:51:02.606,1789339862.6069894,-136,-969,108
2026-09-13 19:51:02.626,1789339862.6269894,-136,-972,113
2026-09-13 19:51:02.634,1789339862.6347017,-137,-971,108
2026-09-13 19:51:02.654,1789339862.6547017,-136,-970,111
2026-09-13 19:51:02.674,1789339862.6747017,-137,-968,108
2026-09-13 19:51:02.694,1789339862.6947017,-134,-969,108
2026-09-13 19:51:02.714,1789339862.7147017,-135,-969,110
2026-09-13 19:51:02.734,1789339862.7347016,-136,-971,109
2026-09-13 19:51:02.754,1789339862.7547016,-133,-973,101
2026-09-13 19:51:02.774,1789339862.7747018,-131,-972,103
2026-09-13 19:51:02.794,1789339862.7947018,-132,-970,105
2026-09-13 19:51:02.814,1789339862.8147018,-134,-972,105
2026-09-13 19:51:02.834,1789339862.8347018,-132,-972,105
2026-09-13 19:51:02.854,1789339862.8547018,-133,-970,101
2026-09-13 19:51:02.874,1789339862.8747017,-134,-972,104
2026-09-13 19:51:02.894,1789339862.8947017,-136,-973,100
2026-09-13 19:51:02.914,1789339862.9147017,-135,-971,99
2026-09-13 19:51:02.934,1789339862.9347017,-132,-972,105
2026-09-13 19:51:02.954,1789339862.9547017,-134,-970,100
2026-09-13 19:51:02.974,1789339862.9747016,-134,-971,81
2026-09-13 19:51:02.994,1789339862.9947016,-123,-978,104
2026-09-13 19:51:03.014,1789339863.0147018,-128,-975,109
2026-09-13 19:51:03.034,1789339863.0347018,-131,-973,99
2026-09-13 19:51:03.054,1789339863.0547018,-129,-969,90
2026-09-13 19:51:03.074,1789339863.0747018,-133,-969,100
2026-09-13 19:51:03.094,1789339863.0947018,-137,-966,101
2026-09-13 19:51:03.114,1789339863.1147017,-134,-974,100
2026-09-13 19:51:03.134,1789339863.1347017,-130,-975,96
2026-09-13 19:51:03.154,1789339863.1547017,-128,-974,97
2026-09-13 19:51:03.174,1789339863.1747017,-130,-974,99
2026-09-13 19:51:03.194,1789339863.1947017,-126,-972,100
2026-09-13 19:51:03.214,1789339863.2147017,-128,-971,97
2026-09-13 19:51:03.234,1789339863.2347016,-127,-970,97
2026-09-13 19:51:03.254,1789339863.2547016,-125,-971,98
2026-09-13 19:51:03.274,1789339863.2747018,-123,-972,97
2026-09-13 19:51:03.294,1789339863.2947018,-125,-974,98
2026-09-13 19:51:03.314,1789339863.3147018,-123,-971,98
2026-09-13 19:51:03.334,1789339863.3347018,-124,-969,89
2026-09-13 19:51:03.342,1789339863.3424752,-125,-973,91
2026-09-13 19:51:03.362,1789339863.3624752,-129,-969,97
2026-09-13 19:51:03.382,1789339863.3824751,-133,-973,99
2026-09-13 19:51:03.402,1789339863.402475,-131,-975,93
2026-09-13 19:51:03.422,1789339863.422475,-130,-975,94
2026-09-13 19:51:03.442,1789339863.442475,-128,-976,95
2026-09-13 19:51:03.462,1789339863.462475,-128,-971,93
2026-09-13 19:51:03.482,1789339863.4824753,-128,-970,92
2026-09-13 19:51:03.502,1789339863.5024753,-126,-971,96
2026-09-13 19:51:03.522,1789339863.5224752,-126,-973,95
2026-09-13 19:51:03.542,1789339863.5424752,-127,-973,90
2026-09-13 19:51:03.562,1789339863.5624752,-127,-973,88
2026-09-13 19:51:03.582,1789339863.5824752,-122,-974,86
2026-09-13 19:51:03.602,1789339863.6024752,-123,-974,87
2026-09-13 19:51:03.622,1789339863.6224751,-125,-973,85
2026-09-13 19:51:03.642,1789339863.6424751,-128,-972,84
2026-09-13 19:51:03.662,1789339863.662475,-123,-974,86
2026-09-13 19:51:03.682,1789339863.682475,-126,-975,94
2026-09-13 19:51:03.702,1789339863.702475,-128,-971,75
2026-09-13 19:51:03.722,1789339863.7224753,-118,-975,88
2026-09-13 19:51:03.742,1789339863.7424753,-124,-973,99
2026-09-13 19:51:03.762,1789339863.7624753,-128,-975,86
2026-09-13 19:51:03.782,1789339863.7824752,-123,-972,73
2026-09-13 19:51:03.802,1789339863.8024752,-127,-974,90
2026-09-13 19:51:03.822,1789339863.8224752,-136,-968,90
2026-09-13 19:51:03.842,1789339863.8424752,-134,-975,83
2026-09-13 19:51:03.862,1789339863.8624752,-130,-977,85
2026-09-13 19:51:03.882,1789339863.8824751,-125,-975,83
2026-09-13 19:51:03.902,1789339863.902475,-122,-974,82
2026-09-13 19:51:03.922,1789339863.922475,-124,-976,86
2026-09-13 19:51:03.942,1789339863.942475,-127,-974,85
2026-09-13 19:51:03.962,1789339863.962475,-125,-974,92
2026-09-13 19:51:03.982,1789339863.9824753,-119,-973,94
2026-09-13 19:51:04.002,1789339864.0024753,-116,-971,93
2026-09-13 19:51:04.022,1789339864.0224752,-119,-970,92
2026-09-13 19:51:04.042,1789339864.0424752,-117,-969,110
2026-09-13 19:51:04.050,1789339864.050218,-120,-965,86
2026-09-13 19:51:04.070,1789339864.070218,-126,-970,94
2026-09-13 19:51:04.090,1789339864.090218,-137,-961,74
2026-09-13 19:51:04.110,1789339864.110218,-138,-974,77
2026-09-13 19:51:04.130,1789339864.130218,-138,-981,79
2026-09-13 19:51:04.150,1789339864.150218,-136,-981,76
2026-09-13 19:51:04.170,1789339864.170218,-133,-979,78
2026-09-13 19:51:04.190,1789339864.1902182,-136,-975,82
2026-09-13 19:51:04.210,1789339864.2102182,-133,-971,82
2026-09-13 19:51:04.230,1789339864.2302182,-133,-970,82
2026-09-13 19:51:04.250,1789339864.2502182,-131,-974,83
2026-09-13 19:51:04.270,1789339864.2702181,-130,-974,84
2026-09-13 19:51:04.290,1789339864.290218,-132,-975,86
2026-09-13 19:51:04.310,1789339864.310218,-132,-975,85
2026-09-13 19:51:04.330,1789339864.330218,-130,-972,88
2026-09-13 19:51:04.350,1789339864.350218,-131,-972,86
2026-09-13 19:51:04.370,1789339864.370218,-135,-971,80
2026-09-13 19:51:04.390,1789339864.390218,-138,-971,83
2026-09-13 19:51:04.410,1789339864.410218,-139,-973,87
2026-09-13 19:51:04.430,1789339864.4302182,-139,-975,87
2026-09-13 19:51:04.450,1789339864.4502182,-137,-975,68
2026-09-13 19:51:04.470,1789339864.4702182,-132,-975,92
2026-09-13 19:51:04.490,1789339864.4902182,-135,-974,101
2026-09-13 19:51:04.510,1789339864.5102181,-139,-972,77
2026-09-13 19:51:04.530,1789339864.5302181,-133,-974,71
2026-09-13 19:51:04.550,1789339864.550218,-134,-975,89
2026-09-13 19:51:04.570,1789339864.570218,-140,-967,88
2026-09-13 19:51:04.590,1789339864.590218,-141,-972,94
2026-09-13 19:51:04.610,1789339864.610218,-142,-972,91
2026-09-13 19:51:04.630,1789339864.630218,-140,-974,88
2026-09-13 19:51:04.650,1789339864.650218,-138,-973,90
2026-09-13 19:51:04.670,1789339864.670218,-138,-972,87
2026-09-13 19:51:04.690,1789339864.6902182,-137,-972,90
2026-09-13 19:51:04.710,1789339864.7102182,-137,-972,90
2026-09-13 19:51:04.730,1789339864.7302182,-135,-970,96
2026-09-13 19:51:04.750,1789339864.7502182,-134,-971,95
2026-09-13 19:51:04.758,1789339864.7582052,-137,-971,96
2026-09-13 19:51:04.778,1789339864.7782052,-136,-962,93
2026-09-13 19:51:04.798,1789339864.7982051,-138,-968,91
2026-09-13 19:51:04.818,1789339864.818205,-138,-967,96
2026-09-13 19:51:04.838,1789339864.838205,-135,-963,88
2026-09-13 19:51:04.858,1789339864.858205,-137,-975,97
2026-09-13 19:51:04.878,1789339864.878205,-142,-976,103
2026-09-13 19:51:04.898,1789339864.8982053,-142,-973,103
2026-09-13 19:51:04.918,1789339864.9182053,-143,-969,104
2026-09-13 19:51:04.938,1789339864.9382052,-143,-967,107
2026-09-13 19:51:04.958,1789339864.9582052,-142,-970,107
2026-09-13 19:51:04.978,1789339864.9782052,-141,-970,101
2026-09-13 19:51:04.998,1789339864.9982052,-141,-973,99
2026-09-13 19:51:05.018,1789339865.0182052,-140,-971,99
2026-09-13 19:51:05.038,1789339865.0382051,-139,-971,102
2026-09-13 19:51:05.058,1789339865.0582051,-141,-967,107
2026-09-13 19:51:05.078,1789339865.078205,-142,-962,110
2026-09-13 19:51:05.098,1789339865.098205,-143,-965,112
2026-09-13 19:51:05.118,1789339865.118205,-143,-969,109
2026-09-13 19:51:05.138,1789339865.1382053,-141,-971,107
2026-09-13 19:51:05.158,1789339865.1582053,-138,-971,105
2026-09-13 19:51:05.178,1789339865.1782053,-139,-969,102
2026-09-13 19:51:05.198,1789339865.1982052,-141,-967,101
2026-09-13 19:51:05.218,1789339865.2182052,-141,-966,109
2026-09-13 19:51:05.238,1789339865.2382052,-143,-966,116
2026-09-13 19:51:05.258,1789339865.2582052,-143,-967,122
2026-09-13 19:51:05.278,1789339865.2782052,-145,-966,92
2026-09-13 19:51:05.298,1789339865.2982051,-140,-973,109
2026-09-13 19:51:05.318,1789339865.318205,-140,-975,116
2026-09-13 19:51:05.338,1789339865.338205,-141,-973,115
2026-09-13 19:51:05.358,1789339865.358205,-141,-971,96
2026-09-13 19:51:05.378,1789339865.378205,-141,-974,108
2026-09-13 19:51:05.398,1789339865.3982053,-145,-966,116
2026-09-13 19:51:05.418,1789339865.4182053,-146,-966,121
2026-09-13 19:51:05.438,1789339865.4382052,-148,-967,122
2026-09-13 19:51:05.458,1789339865.4582052,-146,-969,117
2026-09-13 19:51:05.466,1789339865.4660094,-143,-971,120
2026-09-13 19:51:05.486,1789339865.4860094,-143,-970,121
2026-09-13 19:51:05.506,1789339865.5060093,-143,-970,118
2026-09-13 19:51:05.526,1789339865.5260093,-142,-967,119
2026-09-13 19:51:05.546,1789339865.5460093,-143,-969,121
2026-09-13 19:51:05.566,1789339865.5660093,-141,-969,120
2026-09-13 19:51:05.586,1789339865.5860093,-142,-971,118
2026-09-13 19:51:05.606,1789339865.6060095,-142,-967,120
2026-09-13 19:51:05.626,1789339865.6260095,-141,-965,119
2026-09-13 19:51:05.646,1789339865.6460094,-142,-964,121
2026-09-13 19:51:05.666,1789339865.6660094,-144,-962,121
2026-09-13 19:51:05.686,1789339865.6860094,-144,-962,124
2026-09-13 19:51:05.706,1789339865.7060094,-146,-966,124
2026-09-13 19:51:05.726,1789339865.7260094,-146,-965,123
2026-09-13 19:51:05.746,1789339865.7460093,-146,-968,123
2026-09-13 19:51:05.766,1789339865.7660093,-145,-969,116
2026-09-13 19:51:05.786,1789339865.7860093,-144,-969,112
2026-09-13 19:51:05.806,1789339865.8060093,-144,-967,111
2026-09-13 19:51:05.826,1789339865.8260093,-145,-970,109
2026-09-13 19:51:05.846,1789339865.8460095,-145,-971,108
2026-09-13 19:51:05.866,1789339865.8660095,-143,-973,109
2026-09-13 19:51:05.886,1789339865.8860095,-140,-973,108
2026-09-13 19:51:05.906,1789339865.9060094,-142,-971,111
2026-09-13 19:51:05.926,1789339865.9260094,-143,-969,108
2026-09-13 19:51:05.946,1789339865.9460094,-145,-969,111
2026-09-13 19:51:05.966,1789339865.9660094,-144,-969,110
2026-09-13 19:51:05.986,1789339865.9860094,-143,-972,109
2026-09-13 19:51:06.006,1789339866.0060093,-143,-973,108
2026-09-13 19:51:06.026,1789339866.0260093,-142,-973,104
2026-09-13 19:51:06.046,1789339866.0460093,-141,-969,105
2026-09-13 19:51:06.066,1789339866.0660093,-139,-971,111
2026-09-13 19:51:06.086,1789339866.0860093,-141,-967,111
2026-09-13 19:51:06.106,1789339866.1060095,-142,-967,112
2026-09-13 19:51:06.126,1789339866.1260095,-143,-969,111
2026-09-13 19:51:06.146,1789339866.1460094,-143,-968,109
2026-09-13 19:51:06.166,1789339866.1660094,-140,-969,122
2026-09-13 19:51:06.173,1789339866.173447,-144,-968,98
2026-09-13 19:51:06.193,1789339866.1934469,-140,-971,108
2026-09-13 19:51:06.213,1789339866.2134469,-140,-973,108
2026-09-13 19:51:06.233,1789339866.2334468,-139,-970,107
2026-09-13 19:51:06.253,1789339866.2534468,-139,-969,87
2026-09-13 19:51:06.273,1789339866.2734468,-137,-971,102
2026-09-13 19:51:06.293,1789339866.2934468,-142,-962,112
2026-09-13 19:51:06.313,1789339866.313447,-144,-964,116
2026-09-13 19:51:06.333,1789339866.333447,-145,-966,113
2026-09-13 19:51:06.353,1789339866.353447,-143,-969,106
2026-09-13 19:51:06.373,1789339866.373447,-140,-970,107
2026-09-13 19:51:06.393,1789339866.393447,-140,-970,107
2026-09-13 19:51:06.413,1789339866.413447,-139,-968,105
2026-09-13 19:51:06.433,1789339866.433447,-140,-971,102
2026-09-13 19:51:06.453,1789339866.4534469,-140,-971,101
2026-09-13 19:51:06.473,1789339866.4734468,-140,-970,102
2026-09-13 19:51:06.493,1789339866.4934468,-142,-974,99
2026-09-13 19:51:06.513,1789339866.5134468,-140,-967,100
2026-09-13 19:51:06.533,1789339866.5334468,-139,-969,92
2026-09-13 19:51:06.553,1789339866.553447,-139,-971,106
2026-09-13 19:51:06.573,1789339866.573447,-141,-970,96
2026-09-13 19:51:06.593,1789339866.593447,-141,-973,95
2026-09-13 19:51:06.613,1789339866.613447,-142,-972,99
2026-09-13 19:51:06.633,1789339866.633447,-143,-970,100
2026-09-13 19:51:06.653,1789339866.653447,-142,-971,102
2026-09-13 19:51:06.673,1789339866.673447,-142,-970,102
2026-09-13 19:51:06.693,1789339866.6934469,-141,-968,102
2026-09-13 19:51:06.713,1789339866.7134469,-141,-970,102
2026-09-13 19:51:06.733,1789339866.7334468,-141,-969,102
2026-09-13 19:51:06.753,1789339866.7534468,-139,-970,99
2026-09-13 19:51:06.773,1789339866.7734468,-140,-969,97
2026-09-13 19:51:06.793,1789339866.7934468,-140,-971,100
2026-09-13 19:51:06.813,1789339866.813447,-140,-971,99
2026-09-13 19:51:06.833,1789339866.833447,-140,-970,100
2026-09-13 19:51:06.853,1789339866.853447,-140,-970,103
2026-09-13 19:51:06.873,1789339866.873447,-141,-969,102
2026-09-13 19:51:06.881,1789339866.881129,-141,-970,104
2026-09-13 19:51:06.901,1789339866.901129,-141,-968,104
2026-09-13 19:51:06.921,1789339866.921129,-141,-969,107
2026-09-13 19:51:06.941,1789339866.941129,-142,-970,103
2026-09-13 19:51:06.961,1789339866.961129,-141,-968,102
2026-09-13 19:51:06.981,1789339866.981129,-140,-971,104
2026-09-13 19:51:07.001,1789339867.001129,-140,-970,104
2026-09-13 19:51:07.021,1789339867.0211291,-140,-971,104
2026-09-13 19:51:07.041,1789339867.041129,-141,-971,105
2026-09-13 19:51:07.061,1789339867.061129,-142,-970,104
2026-09-13 19:51:07.081,1789339867.081129,-141,-969,102
2026-09-13 19:51:07.101,1789339867.101129,-141,-970,102
2026-09-13 19:51:07.121,1789339867.121129,-139,-973,109
2026-09-13 19:51:07.141,1789339867.141129,-142,-967,94
2026-09-13 19:51:07.161,1789339867.161129,-139,-972,101
2026-09-13 19:51:07.181,1789339867.181129,-139,-973,107
2026-09-13 19:51:07.201,1789339867.201129,-138,-974,109
2026-09-13 19:51:07.221,1789339867.221129,-140,-971,93
2026-09-13 19:51:07.241,1789339867.241129,-141,-969,99
2026-09-13 19:51:07.261,1789339867.2611291,-145,-963,105
2026-09-13 19:51:07.281,1789339867.2811291,-145,-966,106
2026-09-13 19:51:07.301,1789339867.301129,-145,-968,109
2026-09-13 19:51:07.321,1789339867.321129,-144,-973,104
2026-09-13 19:51:07.341,1789339867.341129,-141,-973,100
2026-09-13 19:51:07.361,1789339867.361129,-139,-972,104
2026-09-13 19:51:07.381,1789339867.381129,-140,-970,110
2026-09-13 19:51:07.401,1789339867.401129,-142,-968,112
2026-09-13 19:51:07.421,1789339867.421129,-142,-968,110
2026-09-13 19:51:07.441,1789339867.441129,-142,-969,110
2026-09-13 19:51:07.461,1789339867.461129,-141,-974,102
2026-09-13 19:51:07.481,1789339867.481129,-137,-970,99
2026-09-13 19:51:07.501,1789339867.501129,-138,-969,100
2026-09-13 19:51:07.521,1789339867.5211291,-141,-973,109
2026-09-13 19:51:07.541,1789339867.541129,-141,-969,112
2026-09-13 19:51:07.561,1789339867.561129,-143,-970,113
2026-09-13 19:51:07.581,1789339867.581129,-148,-971,118
2026-09-13 19:51:07.588,1789339867.5889328,-147,-971,117
2026-09-13 19:51:07.608,1789339867.6089327,-143,-971,117
2026-09-13 19:51:07.628,1789339867.6289327,-141,-969,117
2026-09-13 19:51:07.648,1789339867.6489327,-142,-966,124
2026-09-13 19:51:07.668,1789339867.6689327,-143,-968,122
2026-09-13 19:51:07.688,1789339867.6889327,-143,-966,122
2026-09-13 19:51:07.708,1789339867.7089326,-141,-967,119
2026-09-13 19:51:07.728,1789339867.7289329,-140,-968,119
2026-09-13 19:51:07.748,1789339867.7489328,-137,-970,120
2026-09-13 19:51:07.768,1789339867.7689328,-138,-969,122
2026-09-13 19:51:07.788,1789339867.7889328,-140,-967,125
2026-09-13 19:51:07.808,1789339867.8089328,-141,-965,123
2026-09-13 19:51:07.828,1789339867.8289328,-140,-963,127
2026-09-13 19:51:07.848,1789339867.8489327,-140,-964,127
2026-09-13 19:51:07.868,1789339867.8689327,-138,-967,127
2026-09-13 19:51:07.888,1789339867.8889327,-139,-967,127
2026-09-13 19:51:07.908,1789339867.9089327,-136,-964,127
2026-09-13 19:51:07.928,1789339867.9289327,-139,-965,125
2026-09-13 19:51:07.948,1789339867.9489326,-139,-964,123
2026-09-13 19:51:07.968,1789339867.9689329,-140,-967,126
2026-09-13 19:51:07.988,1789339867.9889328,-140,-969,127
2026-09-13 19:51:08.008,1789339868.0089328,-138,-965,124
2026-09-13 19:51:08.028,1789339868.0289328,-138,-962,127
2026-09-13 19:51:08.048,1789339868.0489328,-139,-964,130
2026-09-13 19:51:08.068,1789339868.0689328,-141,-966,110
2026-09-13 19:51:08.088,1789339868.0889328,-134,-973,112
2026-09-13 19:51:08.108,1789339868.1089327,-129,-974,132
2026-09-13 19:51:08.128,1789339868.1289327,-136,-972,127
2026-09-13 19:51:08.148,1789339868.1489327,-140,-964,109
2026-09-13 19:51:08.168,1789339868.1689327,-139,-965,121
2026-09-13 19:51:08.188,1789339868.1889327,-142,-964,125
2026-09-13 19:51:08.208,1789339868.2089326,-142,-969,120
2026-09-13 19:51:08.228,1789339868.2289329,-138,-974,123
2026-09-13 19:51:08.248,1789339868.2489328,-135,-972,120
2026-09-13 19:51:08.268,1789339868.2689328,-135,-970,120
2026-09-13 19:51:08.288,1789339868.2889328,-136,-971,123
2026-09-13 19:51:08.296,1789339868.2968895,-134,-970,122
2026-09-13 19:51:08.316,1789339868.3168895,-134,-969,121
2026-09-13 19:51:08.336,1789339868.3368895,-133,-968,118
2026-09-13 19:51:08.356,1789339868.3568895,-134,-969,121
2026-09-13 19:51:08.376,1789339868.3768895,-135,-971,129
2026-09-13 19:51:08.396,1789339868.3968894,-134,-968,112
2026-09-13 19:51:08.416,1789339868.4168894,-129,-970,119
2026-09-13 19:51:08.436,1789339868.4368896,-132,-968,120
2026-09-13 19:51:08.456,1789339868.4568896,-135,-965,124
2026-09-13 19:51:08.476,1789339868.4768896,-136,-968,119
2026-09-13 19:51:08.496,1789339868.4968896,-136,-971,123
2026-09-13 19:51:08.516,1789339868.5168896,-137,-968,117
2026-09-13 19:51:08.536,1789339868.5368896,-136,-968,119
2026-09-13 19:51:08.556,1789339868.5568895,-138,-968,120
2026-09-13 19:51:08.576,1789339868.5768895,-136,-970,116
2026-09-13 19:51:08.596,1789339868.5968895,-135,-971,119
2026-09-13 19:51:08.616,1789339868.6168895,-131,-971,117
2026-09-13 19:51:08.636,1789339868.6368895,-132,-968,115
2026-09-13 19:51:08.656,1789339868.6568894,-133,-969,116
2026-09-13 19:51:08.676,1789339868.6768897,-134,-969,117
2026-09-13 19:51:08.696,1789339868.6968896,-132,-970,114
2026-09-13 19:51:08.716,1789339868.7168896,-132,-969,113
2026-09-13 19:51:08.736,1789339868.7368896,-134,-969,114
2026-09-13 19:51:08.756,1789339868.7568896,-137,-972,112
2026-09-13 19:51:08.776,1789339868.7768896,-135,-973,111
2026-09-13 19:51:08.796,1789339868.7968895,-135,-968,112
2026-09-13 19:51:08.816,1789339868.8168895,-137,-967,111
2026-09-13 19:51:08.836,1789339868.8368895,-134,-968,116
2026-09-13 19:51:08.856,1789339868.8568895,-136,-971,91
2026-09-13 19:51:08.876,1789339868.8768895,-124,-976,110
2026-09-13 19:51:08.896,1789339868.8968894,-129,-974,118
2026-09-13 19:51:08.916,1789339868.9168894,-134,-973,109
2026-09-13 19:51:08.936,1789339868.9368896,-132,-970,89
2026-09-13 19:51:08.956,1789339868.9568896,-133,-970,107
2026-09-13 19:51:08.976,1789339868.9768896,-137,-964,114
2026-09-13 19:51:08.996,1789339868.9968896,-136,-970,105
2026-09-13 19:51:09.004,1789339869.0048156,-131,-973,111
2026-09-13 19:51:09.024,1789339869.0248156,-132,-973,107
2026-09-13 19:51:09.044,1789339869.0448155,-133,-971,107
2026-09-13 19:51:09.064,1789339869.0648155,-132,-972,105
2026-09-13 19:51:09.084,1789339869.0848155,-130,-971,105
2026-09-13 19:51:09.104,1789339869.1048155,-126,-969,106
2026-09-13 19:51:09.124,1789339869.1248155,-126,-972,107
2026-09-13 19:51:09.144,1789339869.1448157,-130,-970,100
2026-09-13 19:51:09.164,1789339869.1648157,-130,-975,106
2026-09-13 19:51:09.184,1789339869.1848156,-128,-972,107
2026-09-13 19:51:09.204,1789339869.2048156,-128,-970,96
2026-09-13 19:51:09.224,1789339869.2248156,-130,-972,100
2026-09-13 19:51:09.244,1789339869.2448156,-132,-971,100
2026-09-13 19:51:09.264,1789339869.2648156,-134,-970,103
2026-09-13 19:51:09.284,1789339869.2848155,-133,-973,105
2026-09-13 19:51:09.304,1789339869.3048155,-130,-971,103
2026-09-13 19:51:09.324,1789339869.3248155,-131,-972,103
2026-09-13 19:51:09.344,1789339869.3448155,-131,-971,101
2026-09-13 19:51:09.364,1789339869.3648155,-130,-973,95
2026-09-13 19:51:09.384,1789339869.3848157,-131,-974,96
2026-09-13 19:51:09.404,1789339869.4048157,-129,-973,100
2026-09-13 19:51:09.424,1789339869.4248157,-126,-972,100
2026-09-13 19:51:09.444,1789339869.4448156,-126,-971,99
2026-09-13 19:51:09.464,1789339869.4648156,-123,-972,97
2026-09-13 19:51:09.484,1789339869.4848156,-120,-973,97
2026-09-13 19:51:09.504,1789339869.5048156,-125,-972,92
2026-09-13 19:51:09.524,1789339869.5248156,-128,-968,92
2026-09-13 19:51:09.544,1789339869.5448155,-132,-971,92
2026-09-13 19:51:09.564,1789339869.5648155,-135,-973,94
2026-09-13 19:51:09.584,1789339869.5848155,-133,-974,78
2026-09-13 19:51:09.604,1789339869.6048155,-116,-978,95
2026-09-13 19:51:09.624,1789339869.6248155,-119,-972,106
2026-09-13 19:51:09.644,1789339869.6448157,-129,-973,98
2026-09-13 19:51:09.664,1789339869.6648157,-126,-964,83
2026-09-13 19:51:09.684,1789339869.6848156,-126,-969,96
2026-09-13 19:51:09.704,1789339869.7048156,-136,-965,96
2026-09-13 19:51:09.712,1789339869.7123752,-134,-974,90
2026-09-13 19:51:09.732,1789339869.7323751,-127,-977,91
2026-09-13 19:51:09.752,1789339869.7523751,-124,-975,87
2026-09-13 19:51:09.772,1789339869.772375,-122,-974,89
2026-09-13 19:51:09.792,1789339869.792375,-127,-972,91
2026-09-13 19:51:09.812,1789339869.812375,-129,-970,90
2026-09-13 19:51:09.832,1789339869.832375,-130,-972,90
2026-09-13 19:51:09.852,1789339869.8523753,-129,-972,92
2026-09-13 19:51:09.872,1789339869.8723752,-128,-973,96
2026-09-13 19:51:09.892,1789339869.8923752,-128,-972,90
2026-09-13 19:51:09.912,1789339869.9123752,-130,-972,101
2026-09-13 19:51:09.932,1789339869.9323752,-129,-963,73
2026-09-13 19:51:09.952,1789339869.9523752,-130,-976,82
2026-09-13 19:51:09.972,1789339869.9723752,-134,-973,80
2026-09-13 19:51:09.992,1789339869.9923751,-133,-977,89
2026-09-13 19:51:10.012,1789339870.012375,-137,-976,94
2026-09-13 19:51:10.032,1789339870.032375,-137,-971,88
2026-09-13 19:51:10.052,1789339870.052375,-136,-970,91
2026-09-13 19:51:10.072,1789339870.072375,-137,-971,87
2026-09-13 19:51:10.092,1789339870.0923753,-136,-973,86
2026-09-13 19:51:10.112,1789339870.1123753,-134,-974,89
2026-09-13 19:51:10.132,1789339870.1323752,-135,-974,87
2026-09-13 19:51:10.152,1789339870.1523752,-136,-974,86
2026-09-13 19:51:10.172,1789339870.1723752,-137,-973,86
2026-09-13 19:51:10.192,1789339870.1923752,-138,-973,90
2026-09-13 19:51:10.212,1789339870.2123752,-137,-974,88
2026-09-13 19:51:10.232,1789339870.2323751,-137,-972,91
2026-09-13 19:51:10.252,1789339870.2523751,-137,-971,84
2026-09-13 19:51:10.272,1789339870.272375,-138,-970,90
2026-09-13 19:51:10.292,1789339870.292375,-138,-971,95
2026-09-13 19:51:10.312,1789339870.312375,-139,-972,99
2026-09-13 19:51:10.332,1789339870.332375,-140,-970,74
2026-09-13 19:51:10.352,1789339870.3523753,-135,-975,97
2026-09-13 19:51:10.372,1789339870.3723752,-137,-972,106
2026-09-13 19:51:10.392,1789339870.3923752,-140,-971,85
2026-09-13 19:51:10.412,1789339870.4123752,-136,-973,79
2026-09-13 19:51:10.420,1789339870.4200878,-136,-974,96
2026-09-13 19:51:10.440,1789339870.4400878,-142,-968,98
2026-09-13 19:51:10.460,1789339870.4600878,-141,-970,102
2026-09-13 19:51:10.480,1789339870.4800878,-142,-968,94
2026-09-13 19:51:10.500,1789339870.5000877,-141,-972,96
2026-09-13 19:51:10.520,1789339870.5200877,-141,-974,95
2026-09-13 19:51:10.540,1789339870.5400877,-140,-974,96
2026-09-13 19:51:10.560,1789339870.560088,-139,-974,91
2026-09-13 19:51:10.580,1789339870.580088,-139,-971,93
2026-09-13 19:51:10.600,1789339870.600088,-138,-970,98
2026-09-13 19:51:10.620,1789339870.6200879,-137,-969,98
2026-09-13 19:51:10.640,1789339870.6400878,-138,-971,96
2026-09-13 19:51:10.660,1789339870.6600878,-139,-964,98
2026-09-13 19:51:10.680,1789339870.6800878,-139,-970,91
2026-09-13 19:51:10.700,1789339870.7000878,-139,-971,99
2026-09-13 19:51:10.720,1789339870.7200878,-138,-966,91
2026-09-13 19:51:10.740,1789339870.7400877,-139,-970,105
2026-09-13 19:51:10.760,1789339870.7600877,-143,-968,105
2026-09-13 19:51:10.780,1789339870.7800877,-143,-968,104
2026-09-13 19:51:10.800,1789339870.800088,-143,-968,99
2026-09-13 19:51:10.820,1789339870.820088,-142,-971,98
2026-09-13 19:51:10.840,1789339870.840088,-141,-971,95
2026-09-13 19:51:10.860,1789339870.8600879,-141,-972,96
2026-09-13 19:51:10.880,1789339870.8800879,-141,-971,94
2026-09-13 19:51:10.900,1789339870.9000878,-141,-970,94
2026-09-13 19:51:10.920,1789339870.9200878,-141,-970,101
2026-09-13 19:51:10.940,1789339870.9400878,-141,-971,106
2026-09-13 19:51:10.960,1789339870.9600878,-142,-971,103
2026-09-13 19:51:10.980,1789339870.9800878,-141,-971,102
2026-09-13 19:51:11.000,1789339871.0000877,-141,-971,101
2026-09-13 19:51:11.020,1789339871.0200877,-141,-968,100
2026-09-13 19:51:11.040,1789339871.0400877,-141,-969,102
2026-09-13 19:51:11.060,1789339871.060088,-141,-971,100
2026-09-13 19:51:11.080,1789339871.080088,-140,-972,98
2026-09-13 19:51:11.100,1789339871.100088,-142,-972,100
2026-09-13 19:51:11.120,1789339871.1200879,-141,-970,103
2026-09-13 19:51:11.127,1789339871.1275866,-141,-970,112
2026-09-13 19:51:11.147,1789339871.1475866,-144,-969,93
2026-09-13 19:51:11.167,1789339871.1675866,-138,-973,92
2026-09-13 19:51:11.187,1789339871.1875865,-140,-973,103
2026-09-13 19:51:11.207,1789339871.2075865,-139,-973,114
2026-09-13 19:51:11.227,1789339871.2275865,-141,-969,85
2026-09-13 19:51:11.247,1789339871.2475865,-139,-974,94
2026-09-13 19:51:11.267,1789339871.2675867,-142,-968,102
2026-09-13 19:51:11.287,1789339871.2875867,-145,-966,106
2026-09-13 19:51:11.307,1789339871.3075867,-146,-967,106
2026-09-13 19:51:11.327,1789339871.3275867,-145,-972,96
2026-09-13 19:51:11.347,1789339871.3475866,-144,-973,97
2026-09-13 19:51:11.367,1789339871.3675866,-143,-973,99
2026-09-13 19:51:11.387,1789339871.3875866,-142,-973,97
2026-09-13 19:51:11.407,1789339871.4075866,-141,-972,97
2026-09-13 19:51:11.427,1789339871.4275866,-140,-969,106
2026-09-13 19:51:11.447,1789339871.4475865,-141,-966,108
2026-09-13 19:51:11.467,1789339871.4675865,-141,-968,105
2026-09-13 19:51:11.487,1789339871.4875865,-141,-967,106
2026-09-13 19:51:11.507,1789339871.5075867,-141,-964,98
2026-09-13 19:51:11.527,1789339871.5275867,-141,-973,105
2026-09-13 19:51:11.547,1789339871.5475867,-141,-971,96
2026-09-13 19:51:11.567,1789339871.5675867,-141,-971,95
2026-09-13 19:51:11.587,1789339871.5875866,-144,-971,104
2026-09-13 19:51:11.607,1789339871.6075866,-144,-970,102
2026-09-13 19:51:11.627,1789339871.6275866,-144,-971,103
2026-09-13 19:51:11.647,1789339871.6475866,-143,-970,103
2026-09-13 19:51:11.667,1789339871.6675866,-143,-969,100
2026-09-13 19:51:11.687,1789339871.6875865,-142,-969,98
2026-09-13 19:51:11.707,1789339871.7075865,-143,-969,99
2026-09-13 19:51:11.727,1789339871.7275865,-142,-968,98
2026-09-13 19:51:11.747,1789339871.7475865,-142,-970,98
2026-09-13 19:51:11.767,1789339871.7675867,-142,-970,97
2026-09-13 19:51:11.787,1789339871.7875867,-142,-972,99
2026-09-13 19:51:11.807,1789339871.8075867,-142,-970,103
2026-09-13 19:51:11.827,1789339871.8275867,-143,-970,104
2026-09-13 19:51:11.835,1789339871.8352683,-142,-969,103
2026-09-13 19:51:11.855,1789339871.8552682,-141,-972,100
2026-09-13 19:51:11.875,1789339871.8752682,-142,-972,105
2026-09-13 19:51:11.895,1789339871.8952682,-143,-973,106
2026-09-13 19:51:11.915,1789339871.9152682,-143,-973,104
2026-09-13 19:51:11.935,1789339871.9352682,-142,-970,99
2026-09-13 19:51:11.955,1789339871.9552681,-142,-968,101
2026-09-13 19:51:11.975,1789339871.9752684,-142,-969,106
2026-09-13 19:51:11.995,1789339871.9952683,-142,-970,105
2026-09-13 19:51:12.015,1789339872.0152683,-144,-970,109
2026-09-13 19:51:12.035,1789339872.0352683,-142,-971,102
2026-09-13 19:51:12.055,1789339872.0552683,-142,-972,100
2026-09-13 19:51:12.075,1789339872.0752683,-142,-969,103
2026-09-13 19:51:12.095,1789339872.0952682,-142,-969,106
2026-09-13 19:51:12.115,1789339872.1152682,-143,-966,106
2026-09-13 19:51:12.135,1789339872.1352682,-143,-968,112
2026-09-13 19:51:12.155,1789339872.1552682,-143,-965,101
2026-09-13 19:51:12.175,1789339872.1752682,-142,-970,93
2026-09-13 19:51:12.195,1789339872.1952682,-140,-973,111
2026-09-13 19:51:12.215,1789339872.2152684,-140,-972,123
2026-09-13 19:51:12.235,1789339872.2352684,-142,-970,96
2026-09-13 19:51:12.255,1789339872.2552683,-141,-975,101
2026-09-13 19:51:12.275,1789339872.2752683,-144,-966,114
2026-09-13 19:51:12.295,1789339872.2952683,-146,-963,115
2026-09-13 19:51:12.315,1789339872.3152683,-147,-966,118
2026-09-13 19:51:12.335,1789339872.3352683,-146,-970,111
2026-09-13 19:51:12.355,1789339872.3552682,-144,-972,109
2026-09-13 19:51:12.375,1789339872.3752682,-142,-972,112
2026-09-13 19:51:12.395,1789339872.3952682,-141,-972,113
2026-09-13 19:51:12.415,1789339872.4152682,-142,-971,113
2026-09-13 19:51:12.435,1789339872.4352682,-142,-969,115
2026-09-13 19:51:12.455,1789339872.4552681,-142,-968,115
2026-09-13 19:51:12.475,1789339872.4752684,-141,-968,116
2026-09-13 19:51:12.495,1789339872.4952683,-140,-968,115
2026-09-13 19:51:12.515,1789339872.5152683,-141,-965,110
2026-09-13 19:51:12.535,1789339872.5352683,-141,-971,117
2026-09-13 19:51:12.542,1789339872.5427673,-142,-969,114
2026-09-13 19:51:12.562,1789339872.5627673,-142,-967,114
2026-09-13 19:51:12.582,1789339872.5827672,-143,-970,120
2026-09-13 19:51:12.602,1789339872.6027672,-146,-967,122
2026-09-13 19:51:12.622,1789339872.6227672,-145,-968,119
2026-09-13 19:51:12.642,1789339872.6427672,-145,-968,119
2026-09-13 19:51:12.662,1789339872.6627672,-143,-970,115
2026-09-13 19:51:12.682,1789339872.6827674,-142,-969,113
2026-09-13 19:51:12.702,1789339872.7027674,-144,-968,116
2026-09-13 19:51:12.722,1789339872.7227674,-143,-968,117
2026-09-13 19:51:12.742,1789339872.7427673,-143,-969,118
2026-09-13 19:51:12.762,1789339872.7627673,-142,-969,116
2026-09-13 19:51:12.782,1789339872.7827673,-143,-970,119
2026-09-13 19:51:12.802,1789339872.8027673,-143,-969,119
2026-09-13 19:51:12.822,1789339872.8227673,-143,-969,118
2026-09-13 19:51:12.842,1789339872.8427672,-143,-966,118
2026-09-13 19:51:12.862,1789339872.8627672,-142,-966,120
2026-09-13 19:51:12.882,1789339872.8827672,-143,-967,117
2026-09-13 19:51:12.902,1789339872.9027672,-143,-968,119
2026-09-13 19:51:12.922,1789339872.9227674,-143,-968,119
2026-09-13 19:51:12.942,1789339872.9427674,-144,-968,119
2026-09-13 19:51:12.962,1789339872.9627674,-144,-968,119
2026-09-13 19:51:12.982,1789339872.9827673,-143,-968,120
2026-09-13 19:51:13.002,1789339873.0027673,-144,-968,118
2026-09-13 19:51:13.022,1789339873.0227673,-143,-969,118
2026-09-13 19:51:13.042,1789339873.0427673,-144,-968,119
2026-09-13 19:51:13.062,1789339873.0627673,-143,-968,118
2026-09-13 19:51:13.082,1789339873.0827672,-144,-970,121
2026-09-13 19:51:13.102,1789339873.1027672,-144,-968,120
2026-09-13 19:51:13.122,1789339873.1227672,-143,-966,120
2026-09-13 19:51:13.142,1789339873.1427672,-143,-966,125
2026-09-13 19:51:13.162,1789339873.1627672,-146,-965,109
2026-09-13 19:51:13.182,1789339873.1827674,-142,-973,112
2026-09-13 19:51:13.202,1789339873.2027674,-142,-975,116
2026-09-13 19:51:13.222,1789339873.2227674,-142,-972,121
2026-09-13 19:51:13.242,1789339873.2427673,-143,-968,105
2026-09-13 19:51:13.250,1789339873.2505102,-142,-970,117
2026-09-13 19:51:13.270,1789339873.2705102,-147,-960,126
2026-09-13 19:51:13.290,1789339873.2905102,-150,-963,132
2026-09-13 19:51:13.310,1789339873.3105102,-151,-968,129
2026-09-13 19:51:13.330,1789339873.3305101,-148,-969,121
2026-09-13 19:51:13.350,1789339873.3505101,-145,-969,118
2026-09-13 19:51:13.370,1789339873.37051,-143,-971,121
2026-09-13 19:51:13.390,1789339873.3905103,-142,-972,122
2026-09-13 19:51:13.410,1789339873.4105103,-141,-971,120
2026-09-13 19:51:13.430,1789339873.4305103,-141,-967,122
2026-09-13 19:51:13.450,1789339873.4505103,-142,-968,127
2026-09-13 19:51:13.470,1789339873.4705102,-142,-970,126
2026-09-13 19:51:13.490,1789339873.4905102,-140,-961,126
2026-09-13 19:51:13.510,1789339873.5105102,-142,-964,118
2026-09-13 19:51:13.530,1789339873.5305102,-141,-971,127
2026-09-13 19:51:13.550,1789339873.5505102,-140,-968,124
2026-09-13 19:51:13.570,1789339873.5705101,-139,-967,127
2026-09-13 19:51:13.590,1789339873.5905101,-144,-969,128
2026-09-13 19:51:13.610,1789339873.61051,-144,-965,130
2026-09-13 19:51:13.630,1789339873.6305103,-144,-965,128
2026-09-13 19:51:13.650,1789339873.6505103,-143,-966,128
2026-09-13 19:51:13.670,1789339873.6705103,-143,-967,128
2026-09-13 19:51:13.690,1789339873.6905103,-143,-966,124
2026-09-13 19:51:13.710,1789339873.7105103,-140,-968,126
2026-09-13 19:51:13.730,1789339873.7305102,-139,-969,128
2026-09-13 19:51:13.750,1789339873.7505102,-138,-967,126
2026-09-13 19:51:13.770,1789339873.7705102,-139,-964,128
2026-09-13 19:51:13.790,1789339873.7905102,-139,-966,131
2026-09-13 19:51:13.810,1789339873.8105102,-138,-964,128
2026-09-13 19:51:13.830,1789339873.8305101,-139,-965,128
2026-09-13 19:51:13.850,1789339873.8505101,-137,-966,128
2026-09-13 19:51:13.870,1789339873.87051,-138,-966,127
2026-09-13 19:51:13.890,1789339873.8905103,-138,-965,128
2026-09-13 19:51:13.910,1789339873.9105103,-140,-967,126
2026-09-13 19:51:13.930,1789339873.9305103,-140,-968,123
2026-09-13 19:51:13.950,1789339873.9505103,-138,-967,123
2026-09-13 19:51:13.958,1789339873.958253,-139,-969,125
2026-09-13 19:51:13.978,1789339873.978253,-139,-971,124
2026-09-13 19:51:13.998,1789339873.9982529,-139,-967,121
2026-09-13 19:51:14.018,1789339874.0182528,-137,-969,126
2026-09-13 19:51:14.038,1789339874.0382528,-138,-968,119
2026-09-13 19:51:14.058,1789339874.0582528,-138,-971,93
2026-09-13 19:51:14.078,1789339874.0782528,-131,-978,118
2026-09-13 19:51:14.098,1789339874.098253,-129,-977,128
2026-09-13 19:51:14.118,1789339874.118253,-135,-970,116
2026-09-13 19:51:14.138,1789339874.138253,-135,-963,108
2026-09-13 19:51:14.158,1789339874.158253,-139,-963,120
2026-09-13 19:51:14.178,1789339874.178253,-140,-962,121
2026-09-13 19:51:14.198,1789339874.198253,-137,-973,113
2026-09-13 19:51:14.218,1789339874.218253,-135,-976,113
2026-09-13 19:51:14.238,1789339874.2382529,-134,-974,108
2026-09-13 19:51:14.258,1789339874.2582529,-133,-973,115
2026-09-13 19:51:14.278,1789339874.2782528,-129,-973,112
2026-09-13 19:51:14.298,1789339874.2982528,-130,-969,113
2026-09-13 19:51:14.318,1789339874.3182528,-134,-969,113
2026-09-13 19:51:14.338,1789339874.338253,-134,-968,116
2026-09-13 19:51:14.358,1789339874.358253,-137,-970,113
2026-09-13 19:51:14.378,1789339874.378253,-132,-972,123
2026-09-13 19:51:14.398,1789339874.398253,-131,-970,104
2026-09-13 19:51:14.418,1789339874.418253,-128,-971,112
2026-09-13 19:51:14.438,1789339874.438253,-131,-967,108
2026-09-13 19:51:14.458,1789339874.458253,-131,-967,117
2026-09-13 19:51:14.478,1789339874.478253,-135,-970,114
2026-09-13 19:51:14.498,1789339874.4982529,-135,-971,115
2026-09-13 19:51:14.518,1789339874.5182528,-135,-971,111
2026-09-13 19:51:14.538,1789339874.5382528,-132,-971,110
2026-09-13 19:51:14.558,1789339874.5582528,-135,-971,102
2026-09-13 19:51:14.578,1789339874.5782528,-133,-971,103
2026-09-13 19:51:14.598,1789339874.598253,-131,-973,101
2026-09-13 19:51:14.618,1789339874.618253,-129,-973,98
2026-09-13 19:51:14.638,1789339874.638253,-126,-975,96
2026-09-13 19:51:14.658,1789339874.658253,-125,-973,97
2026-09-13 19:51:14.666,1789339874.6661181,-124,-973,95
2026-09-13 19:51:14.686,1789339874.6861181,-127,-973,93
2026-09-13 19:51:14.706,1789339874.706118,-128,-972,101
2026-09-13 19:51:14.726,1789339874.726118,-131,-973,94
2026-09-13 19:51:14.746,1789339874.746118,-129,-973,90
2026-09-13 19:51:14.766,1789339874.766118,-129,-973,95
2026-09-13 19:51:14.786,1789339874.786118,-129,-973,100
2026-09-13 19:51:14.806,1789339874.8061182,-131,-971,93
2026-09-13 19:51:14.826,1789339874.8261182,-131,-976,71
2026-09-13 19:51:14.846,1789339874.8461182,-116,-979,105
2026-09-13 19:51:14.866,1789339874.8661182,-119,-977,99
2026-09-13 19:51:14.886,1789339874.8861182,-128,-973,86
2026-09-13 19:51:14.906,1789339874.9061182,-124,-969,86
2026-09-13 19:51:14.926,1789339874.9261181,-130,-969,98
2026-09-13 19:51:14.946,1789339874.946118,-132,-970,93
2026-09-13 19:51:14.966,1789339874.966118,-128,-978,87
2026-09-13 19:51:14.986,1789339874.986118,-120,-978,85
2026-09-13 19:51:15.006,1789339875.006118,-118,-975,91
2026-09-13 19:51:15.026,1789339875.026118,-127,-973,91
2026-09-13 19:51:15.046,1789339875.0461183,-126,-973,88
2026-09-13 19:51:15.066,1789339875.0661182,-119,-975,88
2026-09-13 19:51:15.086,1789339875.0861182,-119,-973,87
2026-09-13 19:51:15.106,1789339875.1061182,-119,-972,89
2026-09-13 19:51:15.126,1789339875.1261182,-119,-972,88
2026-09-13 19:51:15.146,1789339875.1461182,-121,-976,91
2026-09-13 19:51:15.166,1789339875.1661181,-120,-969,81
2026-09-13 19:51:15.186,1789339875.1861181,-116,-974,79
2026-09-13 19:51:15.206,1789339875.206118,-119,-975,81
2026-09-13 19:51:15.226,1789339875.226118,-122,-973,84
2026-09-13 19:51:15.246,1789339875.246118,-124,-973,86
2026-09-13 19:51:15.266,1789339875.266118,-125,-975,84
2026-09-13 19:51:15.286,1789339875.286118,-126,-975,84
2026-09-13 19:51:15.306,1789339875.3061182,-121,-978,80
2026-09-13 19:51:15.326,1789339875.3261182,-119,-975,78
2026-09-13 19:51:15.346,1789339875.3461182,-116,-974,78
2026-09-13 19:51:15.366,1789339875.3661182,-117,-976,79
2026-09-13 19:51:15.373,1789339875.3738306,-119,-977,75
2026-09-13 19:51:15.393,1789339875.3938305,-120,-976,72
2026-09-13 19:51:15.413,1789339875.4138305,-111,-977,79
2026-09-13 19:51:15.433,1789339875.4338305,-115,-977,77
2026-09-13 19:51:15.453,1789339875.4538305,-111,-974,82
2026-09-13 19:51:15.473,1789339875.4738305,-117,-970,76
2026-09-13 19:51:15.493,1789339875.4938304,-123,-972,78
2026-09-13 19:51:15.513,1789339875.5138307,-122,-974,82
2026-09-13 19:51:15.533,1789339875.5338306,-114,-976,70
2026-09-13 19:51:15.553,1789339875.5538306,-113,-979,68
2026-09-13 19:51:15.573,1789339875.5738306,-110,-977,93
2026-09-13 19:51:15.593,1789339875.5938306,-106,-978,80
2026-09-13 19:51:15.613,1789339875.6138306,-114,-969,62
2026-09-13 19:51:15.633,1789339875.6338305,-117,-975,72
2026-09-13 19:51:15.653,1789339875.6538305,-124,-972,78
2026-09-13 19:51:15.673,1789339875.6738305,-114,-977,71
2026-09-13 19:51:15.693,1789339875.6938305,-106,-977,76
2026-09-13 19:51:15.713,1789339875.7138305,-109,-977,77
2026-09-13 19:51:15.733,1789339875.7338305,-113,-974,86
2026-09-13 19:51:15.753,1789339875.7538307,-119,-971,80
2026-09-13 19:51:15.773,1789339875.7738307,-118,-971,75
2026-09-13 19:51:15.793,1789339875.7938306,-111,-974,74
2026-09-13 19:51:15.813,1789339875.8138306,-115,-976,81
2026-09-13 19:51:15.833,1789339875.8338306,-110,-974,79
2026-09-13 19:51:15.853,1789339875.8538306,-110,-972,70
2026-09-13 19:51:15.873,1789339875.8738306,-128,-975,79
2026-09-13 19:51:15.893,1789339875.8938305,-129,-973,67
2026-09-13 19:51:15.913,1789339875.9138305,-131,-979,68
2026-09-13 19:51:15.933,1789339875.9338305,-130,-975,69
2026-09-13 19:51:15.953,1789339875.9538305,-126,-975,72
2026-09-13 19:51:15.973,1789339875.9738305,-125,-976,77
2026-09-13 19:51:15.993,1789339875.9938304,-127,-974,78
2026-09-13 19:51:16.013,1789339876.0138307,-128,-976,81
2026-09-13 19:51:16.033,1789339876.0338306,-132,-975,76
2026-09-13 19:51:16.053,1789339876.0538306,-130,-975,76
2026-09-13 19:51:16.073,1789339876.0738306,-126,-976,79
2026-09-13 19:51:16.081,1789339876.081665,-128,-976,79
2026-09-13 19:51:16.101,1789339876.101665,-126,-974,79
2026-09-13 19:51:16.121,1789339876.121665,-129,-975,76
2026-09-13 19:51:16.141,1789339876.141665,-127,-975,75
2026-09-13 19:51:16.161,1789339876.161665,-129,-975,79
2026-09-13 19:51:16.181,1789339876.181665,-131,-975,75
2026-09-13 19:51:16.201,1789339876.201665,-133,-973,80
2026-09-13 19:51:16.221,1789339876.2216651,-134,-973,83
2026-09-13 19:51:16.241,1789339876.2416651,-133,-973,81
2026-09-13 19:51:16.261,1789339876.261665,-134,-975,62
2026-09-13 19:51:16.281,1789339876.281665,-127,-978,94
2026-09-13 19:51:16.301,1789339876.301665,-132,-976,91
2026-09-13 19:51:16.321,1789339876.321665,-135,-971,72
2026-09-13 19:51:16.341,1789339876.341665,-127,-973,68
2026-09-13 19:51:16.361,1789339876.361665,-131,-974,83
2026-09-13 19:51:16.381,1789339876.381665,-139,-969,87
2026-09-13 19:51:16.401,1789339876.401665,-139,-972,90
2026-09-13 19:51:16.421,1789339876.421665,-138,-974,87
2026-09-13 19:51:16.441,1789339876.441665,-133,-973,87
2026-09-13 19:51:16.461,1789339876.4616652,-132,-972,85
2026-09-13 19:51:16.481,1789339876.4816651,-133,-974,87
2026-09-13 19:51:16.501,1789339876.501665,-133,-975,87
2026-09-13 19:51:16.521,1789339876.521665,-132,-974,89
2026-09-13 19:51:16.541,1789339876.541665,-130,-973,89
2026-09-13 19:51:16.561,1789339876.561665,-130,-971,89
2026-09-13 19:51:16.581,1789339876.581665,-132,-971,89
2026-09-13 19:51:16.601,1789339876.601665,-131,-966,88
2026-09-13 19:51:16.621,1789339876.621665,-131,-974,88
2026-09-13 19:51:16.641,1789339876.641665,-136,-970,90
2026-09-13 19:51:16.661,1789339876.661665,-136,-969,86
2026-09-13 19:51:16.681,1789339876.681665,-138,-974,97
2026-09-13 19:51:16.701,1789339876.701665,-140,-972,95
2026-09-13 19:51:16.721,1789339876.7216651,-136,-972,93
2026-09-13 19:51:16.741,1789339876.7416651,-138,-973,90
2026-09-13 19:51:16.761,1789339876.761665,-137,-972,88
2026-09-13 19:51:16.781,1789339876.781665,-137,-972,89
2026-09-13 19:51:16.789,1789339876.7892249,-135,-971,89
2026-09-13 19:51:16.809,1789339876.8092248,-136,-972,90
2026-09-13 19:51:16.829,1789339876.8292248,-136,-972,90
2026-09-13 19:51:16.849,1789339876.8492248,-136,-973,94
2026-09-13 19:51:16.869,1789339876.8692248,-137,-973,93
2026-09-13 19:51:16.889,1789339876.8892248,-137,-972,90
2026-09-13 19:51:16.909,1789339876.9092247,-135,-972,91
2026-09-13 19:51:16.929,1789339876.929225,-135,-973,92
2026-09-13 19:51:16.949,1789339876.949225,-135,-972,93
2026-09-13 19:51:16.969,1789339876.969225,-137,-971,88
2026-09-13 19:51:16.989,1789339876.989225,-138,-970,93
2026-09-13 19:51:17.009,1789339877.009225,-139,-970,98
2026-09-13 19:51:17.029,1789339877.0292249,-140,-969,99
2026-09-13 19:51:17.049,1789339877.0492249,-139,-970,76
2026-09-13 19:51:17.069,1789339877.0692248,-135,-975,99
2026-09-13 19:51:17.089,1789339877.0892248,-135,-976,110
2026-09-13 19:51:17.109,1789339877.1092248,-138,-971,86
2026-09-13 19:51:17.129,1789339877.1292248,-134,-974,81
2026-09-13 19:51:17.149,1789339877.1492248,-137,-972,98
2026-09-13 19:51:17.169,1789339877.169225,-142,-966,101
2026-09-13 19:51:17.189,1789339877.189225,-143,-969,102
2026-09-13 19:51:17.209,1789339877.209225,-143,-970,101
2026-09-13 19:51:17.229,1789339877.229225,-142,-972,97
2026-09-13 19:51:17.249,1789339877.249225,-140,-973,98
2026-09-13 19:51:17.269,1789339877.269225,-140,-973,97
2026-09-13 19:51:17.289,1789339877.2892249,-138,-973,97
2026-09-13 19:51:17.309,1789339877.3092248,-139,-972,99
2026-09-13 19:51:17.329,1789339877.3292248,-137,-970,101
2026-09-13 19:51:17.349,1789339877.3492248,-138,-969,103
2026-09-13 19:51:17.369,1789339877.3692248,-139,-972,102
2026-09-13 19:51:17.389,1789339877.3892248,-141,-964,105
2026-09-13 19:51:17.409,1789339877.4092247,-141,-973,104
2026-09-13 19:51:17.429,1789339877.429225,-140,-973,105
2026-09-13 19:51:17.449,1789339877.449225,-137,-970,96
2026-09-13 19:51:17.469,1789339877.469225,-138,-970,105
2026-09-13 19:51:17.489,1789339877.489225,-142,-971,109
2026-09-13 19:51:17.496,1789339877.4969068,-141,-969,109
2026-09-13 19:51:17.516,1789339877.5169067,-140,-971,106
2026-09-13 19:51:17.536,1789339877.5369067,-141,-970,102
2026-09-13 19:51:17.556,1789339877.5569067,-140,-971,102
2026-09-13 19:51:17.576,1789339877.5769067,-139,-969,104
2026-09-13 19:51:17.596,1789339877.5969067,-140,-970,104
2026-09-13 19:51:17.616,1789339877.6169066,-140,-970,104
2026-09-13 19:51:17.636,1789339877.6369069,-139,-969,107
2026-09-13 19:51:17.656,1789339877.6569068,-140,-970,108
2026-09-13 19:51:17.676,1789339877.6769068,-140,-969,106
2026-09-13 19:51:17.696,1789339877.6969068,-140,-971,106
2026-09-13 19:51:17.716,1789339877.7169068,-141,-970,104
2026-09-13 19:51:17.736,1789339877.7369068,-141,-970,107
2026-09-13 19:51:17.756,1789339877.7569067,-142,-971,109
2026-09-13 19:51:17.776,1789339877.7769067,-143,-971,110
2026-09-13 19:51:17.796,1789339877.7969067,-142,-971,106
2026-09-13 19:51:17.816,1789339877.8169067,-142,-969,104
2026-09-13 19:51:17.836,1789339877.8369067,-141,-969,108
2026-09-13 19:51:17.856,1789339877.8569067,-141,-969,106
2026-09-13 19:51:17.876,1789339877.8769069,-141,-972,104
2026-09-13 19:51:17.896,1789339877.8969069,-142,-972,106
2026-09-13 19:51:17.916,1789339877.9169068,-141,-971,104
2026-09-13 19:51:17.936,1789339877.9369068,-142,-971,105
2026-09-13 19:51:17.956,1789339877.9569068,-143,-966,107
2026-09-13 19:51:17.976,1789339877.9769068,-143,-967,117
2026-09-13 19:51:17.996,1789339877.9969068,-145,-965,107
2026-09-13 19:51:18.016,1789339878.0169067,-143,-969,96
2026-09-13 19:51:18.036,1789339878.0369067,-141,-973,113
2026-09-13 19:51:18.056,1789339878.0569067,-138,-973,127
2026-09-13 19:51:18.076,1789339878.0769067,-141,-968,102
2026-09-13 19:51:18.096,1789339878.0969067,-141,-973,107
2026-09-13 19:51:18.116,1789339878.1169066,-144,-968,120
2026-09-13 19:51:18.136,1789339878.1369069,-146,-962,123
2026-09-13 19:51:18.156,1789339878.1569068,-147,-967,123
2026-09-13 19:51:18.176,1789339878.1769068,-145,-968,118
2026-09-13 19:51:18.196,1789339878.1969068,-144,-969,117
2026-09-13 19:51:18.204,1789339878.2047107,-143,-973,116
2026-09-13 19:51:18.224,1789339878.2247107,-141,-972,121
2026-09-13 19:51:18.244,1789339878.2447107,-142,-969,119
2026-09-13 19:51:18.264,1789339878.2647107,-142,-964,123
2026-09-13 19:51:18.284,1789339878.2847106,-142,-963,127
2026-09-13 19:51:18.304,1789339878.3047106,-142,-966,125
2026-09-13 19:51:18.324,1789339878.3247106,-142,-968,123
2026-09-13 19:51:18.344,1789339878.3447108,-141,-962,117
2026-09-13 19:51:18.364,1789339878.3647108,-141,-969,122
2026-09-13 19:51:18.384,1789339878.3847108,-142,-964,122
2026-09-13 19:51:18.404,1789339878.4047108,-143,-967,120
2026-09-13 19:51:18.424,1789339878.4247108,-144,-968,124
2026-09-13 19:51:18.444,1789339878.4447107,-145,-968,124
2026-09-13 19:51:18.464,1789339878.4647107,-146,-969,123
2026-09-13 19:51:18.484,1789339878.4847107,-144,-969,118
2026-09-13 19:51:18.504,1789339878.5047107,-143,-968,119
2026-09-13 19:51:18.524,1789339878.5247107,-144,-967,116
2026-09-13 19:51:18.544,1789339878.5447106,-143,-969,116
2026-09-13 19:51:18.564,1789339878.5647106,-141,-968,118
2026-09-13 19:51:18.584,1789339878.5847108,-141,-970,114
2026-09-13 19:51:18.604,1789339878.6047108,-142,-969,117
2026-09-13 19:51:18.624,1789339878.6247108,-143,-971,116
2026-09-13 19:51:18.644,1789339878.6447108,-142,-970,116
2026-09-13 19:51:18.664,1789339878.6647108,-143,-970,116
2026-09-13 19:51:18.684,1789339878.6847107,-143,-966,115
2026-09-13 19:51:18.704,1789339878.7047107,-142,-966,116
2026-09-13 19:51:18.724,1789339878.7247107,-142,-969,113
2026-09-13 19:51:18.744,1789339878.7447107,-142,-969,115
2026-09-13 19:51:18.764,1789339878.7647107,-143,-968,117
2026-09-13 19:51:18.784,1789339878.7847106,-143,-969,114
2026-09-13 19:51:18.804,1789339878.8047106,-143,-968,115
2026-09-13 19:51:18.824,1789339878.8247106,-142,-968,116
2026-09-13 19:51:18.844,1789339878.8447108,-144,-967,114
2026-09-13 19:51:18.864,1789339878.8647108,-142,-967,115
2026-09-13 19:51:18.884,1789339878.8847108,-142,-970,115
2026-09-13 19:51:18.904,1789339878.9047108,-142,-968,115
2026-09-13 19:51:18.912,1789339878.912484,-142,-967,115
2026-09-13 19:51:18.932,1789339878.932484,-143,-965,116
2026-09-13 19:51:18.952,1789339878.952484,-143,-965,117
2026-09-13 19:51:18.972,1789339878.9724839,-144,-965,125
2026-09-13 19:51:18.992,1789339878.9924839,-144,-966,100
2026-09-13 19:51:19.012,1789339879.0124838,-140,-973,114
2026-09-13 19:51:19.032,1789339879.0324838,-140,-972,124
2026-09-13 19:51:19.052,1789339879.052484,-141,-968,113
2026-09-13 19:51:19.072,1789339879.072484,-140,-970,100
2026-09-13 19:51:19.092,1789339879.092484,-141,-969,115
2026-09-13 19:51:19.112,1789339879.112484,-144,-964,120
2026-09-13 19:51:19.132,1789339879.132484,-145,-964,122
2026-09-13 19:51:19.152,1789339879.152484,-146,-967,119
2026-09-13 19:51:19.172,1789339879.172484,-144,-968,116
2026-09-13 19:51:19.192,1789339879.192484,-143,-969,114
2026-09-13 19:51:19.212,1789339879.212484,-142,-969,119
2026-09-13 19:51:19.232,1789339879.2324839,-142,-968,118
2026-09-13 19:51:19.252,1789339879.2524838,-142,-967,117
2026-09-13 19:51:19.272,1789339879.2724838,-142,-967,118
2026-09-13 19:51:19.292,1789339879.292484,-142,-967,118
2026-09-13 19:51:19.312,1789339879.312484,-142,-971,119
2026-09-13 19:51:19.332,1789339879.332484,-141,-963,120
2026-09-13 19:51:19.352,1789339879.352484,-141,-968,118
2026-09-13 19:51:19.372,1789339879.372484,-142,-966,123
2026-09-13 19:51:19.392,1789339879.392484,-143,-967,120
2026-09-13 19:51:19.412,1789339879.412484,-143,-967,123
2026-09-13 19:51:19.432,1789339879.432484,-145,-962,125
2026-09-13 19:51:19.452,1789339879.452484,-146,-967,126
2026-09-13 19:51:19.472,1789339879.4724839,-143,-967,121
2026-09-13 19:51:19.492,1789339879.4924839,-143,-967,120
2026-09-13 19:51:19.512,1789339879.5124838,-144,-969,115
2026-09-13 19:51:19.532,1789339879.5324838,-145,-968,117
2026-09-13 19:51:19.552,1789339879.552484,-145,-970,116
2026-09-13 19:51:19.572,1789339879.572484,-145,-970,121
2026-09-13 19:51:19.592,1789339879.592484,-146,-970,113
2026-09-13 19:51:19.612,1789339879.612484,-144,-972,110
2026-09-13 19:51:19.620,1789339879.6201355,-142,-972,119
2026-09-13 19:51:19.640,1789339879.6401355,-142,-970,121
2026-09-13 19:51:19.660,1789339879.6601355,-142,-971,122
2026-09-13 19:51:19.680,1789339879.6801355,-142,-966,126
2026-09-13 19:51:19.700,1789339879.7001355,-143,-965,125
2026-09-13 19:51:19.720,1789339879.7201355,-142,-965,120
2026-09-13 19:51:19.740,1789339879.7401354,-140,-964,124
2026-09-13 19:51:19.760,1789339879.7601357,-141,-967,123
2026-09-13 19:51:19.780,1789339879.7801356,-140,-968,124
2026-09-13 19:51:19.800,1789339879.8001356,-141,-968,125
2026-09-13 19:51:19.820,1789339879.8201356,-142,-967,118
2026-09-13 19:51:19.840,1789339879.8401356,-141,-965,119
2026-09-13 19:51:19.860,1789339879.8601356,-141,-970,125
2026-09-13 19:51:19.880,1789339879.8801355,-140,-970,122
2026-09-13 19:51:19.900,1789339879.9001355,-141,-966,123
2026-09-13 19:51:19.920,1789339879.9201355,-141,-965,130
2026-09-13 19:51:19.940,1789339879.9401355,-143,-964,117
2026-09-13 19:51:19.960,1789339879.9601355,-140,-969,103
2026-09-13 19:51:19.980,1789339879.9801354,-132,-972,135
2026-09-13 19:51:20.000,1789339880.0001357,-135,-970,133
2026-09-13 19:51:20.020,1789339880.0201356,-140,-965,116
2026-09-13 19:51:20.040,1789339880.0401356,-141,-963,118
2026-09-13 19:51:20.060,1789339880.0601356,-143,-960,130
2026-09-13 19:51:20.080,1789339880.0801356,-143,-960,129
2026-09-13 19:51:20.100,1789339880.1001356,-140,-970,124
2026-09-13 19:51:20.120,1789339880.1201355,-139,-968,125
2026-09-13 19:51:20.140,1789339880.1401355,-139,-967,125
2026-09-13 19:51:20.160,1789339880.1601355,-137,-969,125
2026-09-13 19:51:20.180,1789339880.1801355,-134,-968,126
2026-09-13 19:51:20.200,1789339880.2001355,-138,-964,124
2026-09-13 19:51:20.220,1789339880.2201355,-138,-966,123
2026-09-13 19:51:20.240,1789339880.2401354,-135,-967,122
2026-09-13 19:51:20.260,1789339880.2601357,-136,-971,120
2026-09-13 19:51:20.280,1789339880.2801356,-132,-967,125
2026-09-13 19:51:20.300,1789339880.3001356,-135,-967,112
2026-09-13 19:51:20.320,1789339880.3201356,-135,-967,118
2026-09-13 19:51:20.327,1789339880.3277564,-137,-964,120
2026-09-13 19:51:20.347,1789339880.3477564,-138,-967,122
2026-09-13 19:51:20.367,1789339880.3677564,-140,-969,122
2026-09-13 19:51:20.387,1789339880.3877563,-140,-969,121
2026-09-13 19:51:20.407,1789339880.4077563,-140,-969,117
2026-09-13 19:51:20.427,1789339880.4277563,-135,-971,113
2026-09-13 19:51:20.447,1789339880.4477563,-136,-972,114
2026-09-13 19:51:20.467,1789339880.4677565,-136,-969,111
2026-09-13 19:51:20.487,1789339880.4877565,-137,-969,113
2026-09-13 19:51:20.507,1789339880.5077565,-136,-972,111
2026-09-13 19:51:20.527,1789339880.5277565,-134,-971,111
2026-09-13 19:51:20.547,1789339880.5477564,-132,-971,109
2026-09-13 19:51:20.567,1789339880.5677564,-133,-971,107
2026-09-13 19:51:20.587,1789339880.5877564,-135,-970,110
2026-09-13 19:51:20.607,1789339880.6077564,-134,-970,114
2026-09-13 19:51:20.627,1789339880.6277564,-134,-970,113
2026-09-13 19:51:20.647,1789339880.6477563,-136,-967,112
2026-09-13 19:51:20.667,1789339880.6677563,-138,-969,113
2026-09-13 19:51:20.687,1789339880.6877563,-137,-969,109
2026-09-13 19:51:20.707,1789339880.7077565,-135,-968,109
2026-09-13 19:51:20.727,1789339880.7277565,-134,-968,120
2026-09-13 19:51:20.747,1789339880.7477565,-138,-967,100
2026-09-13 19:51:20.767,1789339880.7677565,-135,-973,89
2026-09-13 19:51:20.787,1789339880.7877564,-126,-976,127
2026-09-13 19:51:20.807,1789339880.8077564,-134,-975,118
2026-09-13 19:51:20.827,1789339880.8277564,-137,-965,97
2026-09-13 19:51:20.847,1789339880.8477564,-136,-967,104
2026-09-13 19:51:20.867,1789339880.8677564,-139,-963,110
2026-09-13 19:51:20.887,1789339880.8877563,-138,-971,106
2026-09-13 19:51:20.907,1789339880.9077563,-135,-976,107
2026-09-13 19:51:20.927,1789339880.9277563,-135,-975,108
2026-09-13 19:51:20.947,1789339880.9477563,-133,-974,107
2026-09-13 19:51:20.967,1789339880.9677565,-134,-971,110
2026-09-13 19:51:20.987,1789339880.9877565,-135,-969,107
2026-09-13 19:51:21.007,1789339881.0077565,-132,-972,108
2026-09-13 19:51:21.027,1789339881.0277565,-133,-971,110
2026-09-13 19:51:21.035,1789339881.0353773,-132,-970,109
2026-09-13 19:51:21.055,1789339881.0553772,-132,-971,103
2026-09-13 19:51:21.075,1789339881.0753772,-128,-973,117
2026-09-13 19:51:21.095,1789339881.0953772,-129,-967,92
2026-09-13 19:51:21.115,1789339881.1153772,-130,-974,105
2026-09-13 19:51:21.135,1789339881.1353772,-133,-967,104
2026-09-13 19:51:21.155,1789339881.1553771,-135,-968,109
2026-09-13 19:51:21.175,1789339881.1753774,-136,-972,109
2026-09-13 19:51:21.195,1789339881.1953773,-134,-972,103
2026-09-13 19:51:21.215,1789339881.2153773,-135,-973,101
2026-09-13 19:51:21.235,1789339881.2353773,-133,-972,104
2026-09-13 19:51:21.255,1789339881.2553773,-132,-971,102
2026-09-13 19:51:21.275,1789339881.2753773,-136,-969,102
2026-09-13 19:51:21.295,1789339881.2953773,-134,-972,104
2026-09-13 19:51:21.315,1789339881.3153772,-132,-971,106
2026-09-13 19:51:21.335,1789339881.3353772,-132,-972,102
2026-09-13 19:51:21.355,1789339881.3553772,-134,-971,103
2026-09-13 19:51:21.375,1789339881.3753772,-128,-973,98
2026-09-13 19:51:21.395,1789339881.3953772,-124,-973,96
2026-09-13 19:51:21.415,1789339881.4153774,-130,-972,95
2026-09-13 19:51:21.435,1789339881.4353774,-131,-970,98
2026-09-13 19:51:21.455,1789339881.4553773,-135,-972,95
2026-09-13 19:51:21.475,1789339881.4753773,-130,-971,104
2026-09-13 19:51:21.495,1789339881.4953773,-133,-969,86
2026-09-13 19:51:21.515,1789339881.5153773,-126,-977,90
2026-09-13 19:51:21.535,1789339881.5353773,-120,-974,114
2026-09-13 19:51:21.555,1789339881.5553772,-124,-974,105
2026-09-13 19:51:21.575,1789339881.5753772,-127,-965,85
2026-09-13 19:51:21.595,1789339881.5953772,-131,-968,99
2026-09-13 19:51:21.615,1789339881.6153772,-135,-967,108
2026-09-13 19:51:21.635,1789339881.6353772,-136,-972,97
2026-09-13 19:51:21.655,1789339881.6553771,-132,-975,96
2026-09-13 19:51:21.675,1789339881.6753774,-128,-974,93
2026-09-13 19:51:21.695,1789339881.6953773,-126,-975,94
2026-09-13 19:51:21.715,1789339881.7153773,-132,-971,90
2026-09-13 19:51:21.735,1789339881.7353773,-131,-971,91
2026-09-13 19:51:21.742,1789339881.742937,-129,-974,95
2026-09-13 19:51:21.762,1789339881.762937,-129,-972,99
2026-09-13 19:51:21.782,1789339881.782937,-127,-971,100
2026-09-13 19:51:21.802,1789339881.802937,-130,-969,95
2026-09-13 19:51:21.822,1789339881.822937,-131,-971,104
2026-09-13 19:51:21.842,1789339881.842937,-130,-968,86
2026-09-13 19:51:21.862,1789339881.862937,-129,-974,95
2026-09-13 19:51:21.882,1789339881.8829372,-134,-968,92
2026-09-13 19:51:21.902,1789339881.9029372,-134,-970,87
2026-09-13 19:51:21.922,1789339881.9229372,-138,-976,89
2026-09-13 19:51:21.942,1789339881.9429371,-136,-978,92
2026-09-13 19:51:21.962,1789339881.962937,-134,-976,98
2026-09-13 19:51:21.982,1789339881.982937,-137,-973,98
2026-09-13 19:51:22.002,1789339882.002937,-136,-969,93
2026-09-13 19:51:22.022,1789339882.022937,-134,-966,91
2026-09-13 19:51:22.042,1789339882.042937,-134,-970,95
2026-09-13 19:51:22.062,1789339882.062937,-134,-972,92
2026-09-13 19:51:22.082,1789339882.082937,-133,-975,91
2026-09-13 19:51:22.102,1789339882.102937,-132,-974,92
2026-09-13 19:51:22.122,1789339882.1229372,-133,-973,93
2026-09-13 19:51:22.142,1789339882.1429372,-136,-972,91
2026-09-13 19:51:22.162,1789339882.1629372,-138,-970,87
2026-09-13 19:51:22.182,1789339882.1829371,-139,-970,93
2026-09-13 19:51:22.202,1789339882.2029371,-139,-972,103
2026-09-13 19:51:22.222,1789339882.222937,-140,-969,83
2026-09-13 19:51:22.242,1789339882.242937,-139,-975,84
2026-09-13 19:51:22.262,1789339882.262937,-136,-973,101
2026-09-13 19:51:22.282,1789339882.282937,-135,-974,108
2026-09-13 19:51:22.302,1789339882.302937,-137,-971,80
2026-09-13 19:51:22.322,1789339882.322937,-134,-973,86
2026-09-13 19:51:22.342,1789339882.342937,-139,-967,100
2026-09-13 19:51:22.362,1789339882.362937,-143,-964,100
2026-09-13 19:51:22.382,1789339882.3829372,-142,-969,102
2026-09-13 19:51:22.402,1789339882.4029372,-142,-972,98
2026-09-13 19:51:22.422,1789339882.4229372,-139,-973,96
2026-09-13 19:51:22.442,1789339882.4429371,-139,-971,96
2026-09-13 19:51:22.450,1789339882.4507716,-140,-973,97
2026-09-13 19:51:22.470,1789339882.4707716,-138,-973,93
2026-09-13 19:51:22.490,1789339882.4907715,-137,-972,95
2026-09-13 19:51:22.510,1789339882.5107715,-138,-971,101
2026-09-13 19:51:22.530,1789339882.5307715,-137,-971,98
2026-09-13 19:51:22.550,1789339882.5507715,-138,-970,106
2026-09-13 19:51:22.570,1789339882.5707715,-140,-965,91
2026-09-13 19:51:22.590,1789339882.5907717,-137,-975,103
2026-09-13 19:51:22.610,1789339882.6107717,-139,-968,93
2026-09-13 19:51:22.630,1789339882.6307716,-139,-969,100
2026-09-13 19:51:22.650,1789339882.6507716,-141,-970,109
2026-09-13 19:51:22.670,1789339882.6707716,-143,-969,104
2026-09-13 19:51:22.690,1789339882.6907716,-142,-970,105
2026-09-13 19:51:22.710,1789339882.7107716,-141,-971,103
2026-09-13 19:51:22.730,1789339882.7307715,-142,-971,98
2026-09-13 19:51:22.750,1789339882.7507715,-141,-971,98
2026-09-13 19:51:22.770,1789339882.7707715,-140,-972,100
2026-09-13 19:51:22.790,1789339882.7907715,-140,-970,101
2026-09-13 19:51:22.810,1789339882.8107715,-142,-970,102
2026-09-13 19:51:22.830,1789339882.8307717,-142,-971,105
2026-09-13 19:51:22.850,1789339882.8507717,-141,-971,108
2026-09-13 19:51:22.870,1789339882.8707716,-142,-970,110
2026-09-13 19:51:22.890,1789339882.8907716,-140,-969,107
2026-09-13 19:51:22.910,1789339882.9107716,-140,-968,101
2026-09-13 19:51:22.930,1789339882.9307716,-139,-967,105
2026-09-13 19:51:22.950,1789339882.9507716,-139,-966,113
2026-09-13 19:51:22.970,1789339882.9707716,-141,-970,114
2026-09-13 19:51:22.990,1789339882.9907715,-142,-969,87
2026-09-13 19:51:23.010,1789339883.0107715,-136,-970,109
2026-09-13 19:51:23.030,1789339883.0307715,-139,-971,117
2026-09-13 19:51:23.050,1789339883.0507715,-142,-971,104
2026-09-13 19:51:23.070,1789339883.0707715,-140,-973,86
2026-09-13 19:51:23.090,1789339883.0907717,-139,-975,100
2026-09-13 19:51:23.110,1789339883.1107717,-143,-963,105
2026-09-13 19:51:23.130,1789339883.1307716,-145,-964,113
2026-09-13 19:51:23.150,1789339883.1507716,-147,-965,111
2026-09-13 19:51:23.158,1789339883.1583622,-145,-970,105
2026-09-13 19:51:23.178,1789339883.1783621,-143,-971,103
2026-09-13 19:51:23.198,1789339883.198362,-140,-971,103
2026-09-13 19:51:23.218,1789339883.218362,-141,-972,103
2026-09-13 19:51:23.238,1789339883.238362,-141,-972,108
2026-09-13 19:51:23.258,1789339883.258362,-142,-968,112
2026-09-13 19:51:23.278,1789339883.278362,-141,-968,109
2026-09-13 19:51:23.298,1789339883.2983623,-141,-969,104
2026-09-13 19:51:23.318,1789339883.3183622,-140,-962,105
2026-09-13 19:51:23.338,1789339883.3383622,-140,-971,108
2026-09-13 19:51:23.358,1789339883.3583622,-141,-969,107
2026-09-13 19:51:23.378,1789339883.3783622,-141,-967,103
2026-09-13 19:51:23.398,1789339883.3983622,-143,-970,114
2026-09-13 19:51:23.418,1789339883.4183621,-144,-969,113
2026-09-13 19:51:23.438,1789339883.4383621,-145,-968,109
2026-09-13 19:51:23.458,1789339883.458362,-145,-969,110
2026-09-13 19:51:23.478,1789339883.478362,-144,-969,108
2026-09-13 19:51:23.498,1789339883.498362,-144,-971,107
2026-09-13 19:51:23.518,1789339883.518362,-143,-971,105
2026-09-13 19:51:23.538,1789339883.5383623,-143,-970,106
2026-09-13 19:51:23.558,1789339883.5583622,-143,-970,106
2026-09-13 19:51:23.578,1789339883.5783622,-143,-970,106
2026-09-13 19:51:23.598,1789339883.5983622,-143,-970,109
2026-09-13 19:51:23.618,1789339883.6183622,-142,-969,110
2026-09-13 19:51:23.638,1789339883.6383622,-143,-968,110
2026-09-13 19:51:23.658,1789339883.6583622,-142,-968,110
2026-09-13 19:51:23.678,1789339883.6783621,-142,-968,111
2026-09-13 19:51:23.698,1789339883.698362,-145,-970,109
2026-09-13 19:51:23.718,1789339883.718362,-145,-968,114
2026-09-13 19:51:23.738,1789339883.738362,-143,-964,112
2026-09-13 19:51:23.758,1789339883.758362,-142,-969,121
2026-09-13 19:51:23.778,1789339883.778362,-144,-967,94
2026-09-13 19:51:23.798,1789339883.7983623,-141,-975,110
2026-09-13 19:51:23.818,1789339883.8183622,-140,-973,116
2026-09-13 19:51:23.838,1789339883.8383622,-138,-971,118
2026-09-13 19:51:23.858,1789339883.8583622,-140,-965,100
2026-09-13 19:51:23.866,1789339883.8661356,-142,-970,113
2026-09-13 19:51:23.886,1789339883.8861356,-146,-960,120
2026-09-13 19:51:23.906,1789339883.9061356,-147,-961,121
2026-09-13 19:51:23.926,1789339883.9261355,-148,-967,118
2026-09-13 19:51:23.946,1789339883.9461355,-145,-972,111
2026-09-13 19:51:23.966,1789339883.9661355,-143,-971,111
2026-09-13 19:51:23.986,1789339883.9861355,-143,-970,112
2026-09-13 19:51:24.006,1789339884.0061357,-141,-970,112
2026-09-13 19:51:24.026,1789339884.0261357,-141,-968,116
2026-09-13 19:51:24.046,1789339884.0461357,-141,-965,118
2026-09-13 19:51:24.066,1789339884.0661356,-142,-966,119
2026-09-13 19:51:24.086,1789339884.0861356,-142,-968,116
2026-09-13 19:51:24.106,1789339884.1061356,-142,-962,110
2026-09-13 19:51:24.126,1789339884.1261356,-141,-971,112
2026-09-13 19:51:24.146,1789339884.1461356,-142,-970,114
2026-09-13 19:51:24.166,1789339884.1661355,-141,-966,111
2026-09-13 19:51:24.186,1789339884.1861355,-143,-968,119
2026-09-13 19:51:24.206,1789339884.2061355,-147,-968,119
2026-09-13 19:51:24.226,1789339884.2261355,-146,-969,114
2026-09-13 19:51:24.246,1789339884.2461357,-145,-968,111
2026-09-13 19:51:24.266,1789339884.2661357,-143,-970,109
2026-09-13 19:51:24.286,1789339884.2861357,-142,-969,109
2026-09-13 19:51:24.306,1789339884.3061357,-143,-969,113
2026-09-13 19:51:24.326,1789339884.3261356,-143,-968,117
2026-09-13 19:51:24.346,1789339884.3461356,-143,-967,115
2026-09-13 19:51:24.366,1789339884.3661356,-143,-967,114
2026-09-13 19:51:24.386,1789339884.3861356,-141,-968,107
2026-09-13 19:51:24.406,1789339884.4061356,-141,-971,108
2026-09-13 19:51:24.426,1789339884.4261355,-131,-970,106
2026-09-13 19:51:24.446,1789339884.4461355,-141,-969,119
2026-09-13 19:51:24.466,1789339884.4661355,-145,-965,113
2026-09-13 19:51:24.486,1789339884.4861355,-145,-966,114
2026-09-13 19:51:24.506,1789339884.5061357,-144,-966,121
2026-09-13 19:51:24.526,1789339884.5261357,-145,-968,111
2026-09-13 19:51:24.546,1789339884.5461357,-142,-972,98
2026-09-13 19:51:24.566,1789339884.5661356,-142,-973,114
2026-09-13 19:51:24.573,1789339884.5736647,-141,-972,125
2026-09-13 19:51:24.593,1789339884.5936646,-143,-966,107
2026-09-13 19:51:24.613,1789339884.6136646,-141,-972,99
2026-09-13 19:51:24.633,1789339884.6336646,-143,-970,117
2026-09-13 19:51:24.653,1789339884.6536646,-147,-965,125
2026-09-13 19:51:24.673,1789339884.6736646,-145,-968,126
2026-09-13 19:51:24.693,1789339884.6936646,-145,-968,121
2026-09-13 19:51:24.713,1789339884.7136648,-144,-969,116
2026-09-13 19:51:24.733,1789339884.7336648,-142,-967,117
2026-09-13 19:51:24.753,1789339884.7536647,-141,-968,116
2026-09-13 19:51:24.773,1789339884.7736647,-141,-967,114
2026-09-13 19:51:24.793,1789339884.7936647,-140,-967,115
2026-09-13 19:51:24.813,1789339884.8136647,-142,-966,117
2026-09-13 19:51:24.833,1789339884.8336647,-142,-967,115
2026-09-13 19:51:24.853,1789339884.8536646,-141,-965,116
2026-09-13 19:51:24.873,1789339884.8736646,-141,-967,108
2026-09-13 19:51:24.893,1789339884.8936646,-141,-972,117
2026-09-13 19:51:24.913,1789339884.9136646,-141,-967,112
2026-09-13 19:51:24.933,1789339884.9336646,-142,-967,117
2026-09-13 19:51:24.953,1789339884.9536648,-146,-968,120
2026-09-13 19:51:24.973,1789339884.9736648,-147,-966,122
2026-09-13 19:51:24.993,1789339884.9936647,-147,-969,119
2026-09-13 19:51:25.013,1789339885.0136647,-146,-969,114
2026-09-13 19:51:25.033,1789339885.0336647,-145,-969,117
2026-09-13 19:51:25.053,1789339885.0536647,-144,-968,116
2026-09-13 19:51:25.073,1789339885.0736647,-144,-968,116
2026-09-13 19:51:25.093,1789339885.0936646,-143,-969,118
2026-09-13 19:51:25.113,1789339885.1136646,-144,-970,116
2026-09-13 19:51:25.133,1789339885.1336646,-142,-969,118
2026-09-13 19:51:25.153,1789339885.1536646,-143,-968,119
2026-09-13 19:51:25.173,1789339885.1736646,-143,-969,116
2026-09-13 19:51:25.193,1789339885.1936646,-144,-965,116
2026-09-13 19:51:25.213,1789339885.2136648,-144,-965,125
2026-09-13 19:51:25.233,1789339885.2336648,-145,-963,123
2026-09-13 19:51:25.253,1789339885.2536647,-144,-969,107
2026-09-13 19:51:25.273,1789339885.2736647,-143,-971,117
2026-09-13 19:51:25.280,1789339885.2807362,-142,-971,130
2026-09-13 19:51:25.300,1789339885.3007362,-146,-966,118
2026-09-13 19:51:25.320,1789339885.3207362,-144,-968,108
2026-09-13 19:51:25.340,1789339885.3407362,-145,-966,121
2026-09-13 19:51:25.360,1789339885.3607361,-149,-959,123
2026-09-13 19:51:25.380,1789339885.380736,-149,-962,121
2026-09-13 19:51:25.400,1789339885.400736,-150,-968,121
2026-09-13 19:51:25.420,1789339885.4207363,-149,-972,117
2026-09-13 19:51:25.440,1789339885.4407363,-144,-975,116
2026-09-13 19:51:25.460,1789339885.4607363,-141,-975,119
2026-09-13 19:51:25.480,1789339885.4807363,-141,-967,122
2026-09-13 19:51:25.500,1789339885.5007362,-143,-964,128
2026-09-13 19:51:25.520,1789339885.5207362,-145,-968,127
2026-09-13 19:51:25.540,1789339885.5407362,-142,-969,125
2026-09-13 19:51:25.560,1789339885.5607362,-142,-964,123
2026-09-13 19:51:25.580,1789339885.5807362,-141,-968,124
2026-09-13 19:51:25.600,1789339885.6007361,-140,-968,129
2026-09-13 19:51:25.620,1789339885.6207361,-141,-963,124
2026-09-13 19:51:25.640,1789339885.640736,-144,-964,128
2026-09-13 19:51:25.660,1789339885.6607363,-146,-967,129
2026-09-13 19:51:25.680,1789339885.6807363,-143,-965,127
2026-09-13 19:51:25.700,1789339885.7007363,-142,-964,127
2026-09-13 19:51:25.720,1789339885.7207363,-142,-965,125
2026-09-13 19:51:25.740,1789339885.7407362,-140,-967,126
2026-09-13 19:51:25.760,1789339885.7607362,-143,-967,126
2026-09-13 19:51:25.780,1789339885.7807362,-143,-964,123
2026-09-13 19:51:25.800,1789339885.8007362,-141,-968,123
2026-09-13 19:51:25.820,1789339885.8207362,-136,-972,121
2026-09-13 19:51:25.840,1789339885.8407362,-133,-969,124
2026-09-13 19:51:25.860,1789339885.8607361,-138,-967,122
2026-09-13 19:51:25.880,1789339885.880736,-140,-964,122
2026-09-13 19:51:25.900,1789339885.900736,-140,-964,123
2026-09-13 19:51:25.920,1789339885.9207363,-139,-966,127
2026-09-13 19:51:25.940,1789339885.9407363,-141,-964,122
2026-09-13 19:51:25.960,1789339885.9607363,-140,-970,101
2026-09-13 19:51:25.980,1789339885.9807363,-132,-975,134
2026-09-13 19:51:25.987,1789339885.9876552,-133,-973,121
2026-09-13 19:51:26.007,1789339886.0076551,-138,-967,113
2026-09-13 19:51:26.027,1789339886.0276551,-139,-965,109
2026-09-13 19:51:26.047,1789339886.047655,-141,-961,123
2026-09-13 19:51:26.067,1789339886.067655,-142,-965,121
2026-09-13 19:51:26.087,1789339886.087655,-140,-973,122
2026-09-13 19:51:26.107,1789339886.107655,-139,-972,115
2026-09-13 19:51:26.127,1789339886.1276553,-136,-972,115
2026-09-13 19:51:26.147,1789339886.1476552,-137,-970,114
2026-09-13 19:51:26.167,1789339886.1676552,-137,-969,112
2026-09-13 19:51:26.187,1789339886.1876552,-138,-969,111
2026-09-13 19:51:26.207,1789339886.2076552,-135,-970,109
2026-09-13 19:51:26.227,1789339886.2276552,-135,-969,113
2026-09-13 19:51:26.247,1789339886.2476552,-135,-972,121
2026-09-13 19:51:26.267,1789339886.2676551,-136,-968,104
2026-09-13 19:51:26.287,1789339886.287655,-131,-970,109
2026-09-13 19:51:26.307,1789339886.307655,-135,-968,108
2026-09-13 19:51:26.327,1789339886.327655,-136,-968,113
2026-09-13 19:51:26.347,1789339886.347655,-135,-969,114
2026-09-13 19:51:26.367,1789339886.3676553,-137,-972,112
2026-09-13 19:51:26.387,1789339886.3876553,-136,-969,113
2026-09-13 19:51:26.407,1789339886.4076552,-137,-971,111
2026-09-13 19:51:26.427,1789339886.4276552,-134,-970,106
2026-09-13 19:51:26.447,1789339886.4476552,-134,-970,108
2026-09-13 19:51:26.467,1789339886.4676552,-134,-970,104
2026-09-13 19:51:26.487,1789339886.4876552,-133,-971,106
2026-09-13 19:51:26.507,1789339886.5076551,-133,-972,105
2026-09-13 19:51:26.527,1789339886.5276551,-132,-971,101
2026-09-13 19:51:26.547,1789339886.547655,-132,-972,105
2026-09-13 19:51:26.567,1789339886.567655,-131,-971,103
2026-09-13 19:51:26.587,1789339886.587655,-133,-967,102
2026-09-13 19:51:26.607,1789339886.607655,-132,-968,116
2026-09-13 19:51:26.627,1789339886.6276553,-135,-967,98
2026-09-13 19:51:26.647,1789339886.6476552,-132,-973,82
2026-09-13 19:51:26.667,1789339886.6676552,-122,-975,121
2026-09-13 19:51:26.687,1789339886.6876552,-128,-974,105
2026-09-13 19:51:26.694,1789339886.6946352,-132,-969,86
2026-09-13 19:51:26.714,1789339886.7146351,-128,-970,93
2026-09-13 19:51:26.734,1789339886.734635,-138,-966,102
2026-09-13 19:51:26.754,1789339886.754635,-136,-967,94
2026-09-13 19:51:26.774,1789339886.774635,-131,-974,97
2026-09-13 19:51:26.794,1789339886.794635,-133,-973,96
2026-09-13 19:51:26.814,1789339886.814635,-133,-973,94
2026-09-13 19:51:26.834,1789339886.8346353,-129,-974,91
2026-09-13 19:51:26.854,1789339886.8546352,-128,-975,89
2026-09-13 19:51:26.874,1789339886.8746352,-131,-974,93
2026-09-13 19:51:26.894,1789339886.8946352,-131,-974,89
2026-09-13 19:51:26.914,1789339886.9146352,-128,-975,92
2026-09-13 19:51:26.934,1789339886.9346352,-128,-974,93
2026-09-13 19:51:26.954,1789339886.9546351,-126,-969,96
2026-09-13 19:51:26.974,1789339886.9746351,-126,-973,90
2026-09-13 19:51:26.994,1789339886.994635,-125,-972,93
2026-09-13 19:51:27.014,1789339887.014635,-129,-966,93
2026-09-13 19:51:27.034,1789339887.034635,-129,-971,96
2026-09-13 19:51:27.054,1789339887.054635,-131,-974,94
2026-09-13 19:51:27.074,1789339887.0746353,-132,-973,94
2026-09-13 19:51:27.094,1789339887.0946352,-132,-975,89
2026-09-13 19:51:27.114,1789339887.1146352,-128,-972,88
2026-09-13 19:51:27.134,1789339887.1346352,-131,-974,85
2026-09-13 19:51:27.154,1789339887.1546352,-129,-974,85
2026-09-13 19:51:27.174,1789339887.1746352,-125,-975,88
2026-09-13 19:51:27.194,1789339887.1946352,-128,-974,85
2026-09-13 19:51:27.214,1789339887.2146351,-120,-973,92
2026-09-13 19:51:27.234,1789339887.234635,-124,-972,90
2026-09-13 19:51:27.254,1789339887.254635,-124,-970,86
2026-09-13 19:51:27.274,1789339887.274635,-126,-970,87
2026-09-13 19:51:27.294,1789339887.294635,-123,-971,101
2026-09-13 19:51:27.314,1789339887.314635,-129,-971,76
2026-09-13 19:51:27.334,1789339887.3346353,-120,-977,75
2026-09-13 19:51:27.354,1789339887.3546352,-126,-973,94
2026-09-13 19:51:27.374,1789339887.3746352,-125,-978,86
2026-09-13 19:51:27.394,1789339887.3946352,-124,-971,65
2026-09-13 19:51:27.402,1789339887.4021952,-126,-973,71
2026-09-13 19:51:27.422,1789339887.4221952,-137,-970,79
2026-09-13 19:51:27.442,1789339887.4421952,-136,-975,79
2026-09-13 19:51:27.462,1789339887.4621952,-130,-978,82
2026-09-13 19:51:27.482,1789339887.4821951,-126,-977,83
2026-09-13 19:51:27.502,1789339887.5021951,-124,-976,80
2026-09-13 19:51:27.522,1789339887.522195,-124,-974,83
2026-09-13 19:51:27.542,1789339887.5421953,-128,-973,80
2026-09-13 19:51:27.562,1789339887.5621953,-128,-974,84
2026-09-13 19:51:27.582,1789339887.5821953,-123,-975,84
2026-09-13 19:51:27.602,1789339887.6021953,-120,-974,82
2026-09-13 19:51:27.622,1789339887.6221952,-124,-975,87
2026-09-13 19:51:27.642,1789339887.6421952,-121,-971,86
2026-09-13 19:51:27.662,1789339887.6621952,-122,-973,85
2026-09-13 19:51:27.682,1789339887.6821952,-126,-964,91
2026-09-13 19:51:27.702,1789339887.7021952,-128,-964,87
2026-09-13 19:51:27.722,1789339887.7221951,-134,-968,86
2026-09-13 19:51:27.742,1789339887.7421951,-136,-972,80
2026-09-13 19:51:27.762,1789339887.762195,-137,-977,78
2026-09-13 19:51:27.782,1789339887.7821953,-134,-979,80
2026-09-13 19:51:27.802,1789339887.8021953,-131,-976,77
2026-09-13 19:51:27.822,1789339887.8221953,-130,-972,78
2026-09-13 19:51:27.842,1789339887.8421953,-131,-970,84
2026-09-13 19:51:27.862,1789339887.8621953,-133,-972,82
2026-09-13 19:51:27.882,1789339887.8821952,-134,-972,83
2026-09-13 19:51:27.902,1789339887.9021952,-134,-973,83
2026-09-13 19:51:27.922,1789339887.9221952,-132,-975,81
2026-09-13 19:51:27.942,1789339887.9421952,-130,-975,79
2026-09-13 19:51:27.962,1789339887.9621952,-131,-973,78
2026-09-13 19:51:27.982,1789339887.9821951,-133,-973,77
2026-09-13 19:51:28.002,1789339888.0021951,-133,-973,83
2026-09-13 19:51:28.022,1789339888.022195,-137,-975,91
2026-09-13 19:51:28.042,1789339888.0421953,-139,-972,69
2026-09-13 19:51:28.062,1789339888.0621953,-133,-977,78
2026-09-13 19:51:28.082,1789339888.0821953,-137,-974,90
2026-09-13 19:51:28.102,1789339888.1021953,-134,-976,96
2026-09-13 19:51:28.109,1789339888.1095717,-136,-970,66
2026-09-13 19:51:28.129,1789339888.1295717,-132,-976,77
2026-09-13 19:51:28.149,1789339888.1495717,-137,-970,86
2026-09-13 19:51:28.169,1789339888.1695716,-142,-972,85
2026-09-13 19:51:28.189,1789339888.1895716,-141,-972,87
2026-09-13 19:51:28.209,1789339888.2095716,-141,-974,84
2026-09-13 19:51:28.229,1789339888.2295716,-140,-974,85
2026-09-13 19:51:28.249,1789339888.2495718,-137,-974,87
2026-09-13 19:51:28.269,1789339888.2695718,-135,-976,85
2026-09-13 19:51:28.289,1789339888.2895718,-136,-973,88
2026-09-13 19:51:28.309,1789339888.3095717,-136,-972,94
2026-09-13 19:51:28.329,1789339888.3295717,-137,-970,91
2026-09-13 19:51:28.349,1789339888.3495717,-137,-971,91
2026-09-13 19:51:28.369,1789339888.3695717,-138,-964,87
2026-09-13 19:51:28.389,1789339888.3895717,-135,-974,87
2026-09-13 19:51:28.409,1789339888.4095716,-138,-971,90
2026-09-13 19:51:28.429,1789339888.4295716,-137,-969,85
2026-09-13 19:51:28.449,1789339888.4495716,-139,-972,94
2026-09-13 19:51:28.469,1789339888.4695716,-142,-970,96
2026-09-13 19:51:28.489,1789339888.4895718,-141,-971,96
2026-09-13 19:51:28.509,1789339888.5095718,-140,-971,96
2026-09-13 19:51:28.529,1789339888.5295718,-140,-972,95
2026-09-13 19:51:28.549,1789339888.5495718,-140,-971,93
2026-09-13 19:51:28.569,1789339888.5695717,-140,-971,90
2026-09-13 19:51:28.589,1789339888.5895717,-141,-972,90
2026-09-13 19:51:28.609,1789339888.6095717,-140,-972,91
2026-09-13 19:51:28.629,1789339888.6295717,-139,-972,92
2026-09-13 19:51:28.649,1789339888.6495717,-140,-973,91
2026-09-13 19:51:28.669,1789339888.6695716,-141,-972,93
2026-09-13 19:51:28.689,1789339888.6895716,-141,-972,90
2026-09-13 19:51:28.709,1789339888.7095716,-139,-971,92
2026-09-13 19:51:28.729,1789339888.7295716,-140,-971,93
2026-09-13 19:51:28.749,1789339888.7495718,-141,-969,96
2026-09-13 19:51:28.769,1789339888.7695718,-141,-970,97
2026-09-13 19:51:28.789,1789339888.7895718,-141,-971,95
2026-09-13 19:51:28.809,1789339888.8095717,-141,-973,97
2026-09-13 19:51:28.817,1789339888.8170705,-140,-971,90
2026-09-13 19:51:28.837,1789339888.8370705,-141,-970,93
2026-09-13 19:51:28.857,1789339888.8570704,-141,-970,104
2026-09-13 19:51:28.877,1789339888.8770704,-142,-968,101
2026-09-13 19:51:28.897,1789339888.8970704,-143,-968,80
2026-09-13 19:51:28.917,1789339888.9170704,-141,-973,104
2026-09-13 19:51:28.937,1789339888.9370704,-140,-973,119
2026-09-13 19:51:28.957,1789339888.9570706,-142,-969,87
2026-09-13 19:51:28.977,1789339888.9770706,-138,-974,80
2026-09-13 19:51:28.997,1789339888.9970706,-140,-972,96
2026-09-13 19:51:29.017,1789339889.0170705,-143,-965,101
2026-09-13 19:51:29.037,1789339889.0370705,-145,-965,108
2026-09-13 19:51:29.057,1789339889.0570705,-145,-967,100
2026-09-13 19:51:29.077,1789339889.0770705,-144,-970,97
2026-09-13 19:51:29.097,1789339889.0970705,-142,-972,93
2026-09-13 19:51:29.117,1789339889.1170704,-141,-974,94
2026-09-13 19:51:29.137,1789339889.1370704,-140,-974,97
2026-09-13 19:51:29.157,1789339889.1570704,-140,-970,98
2026-09-13 19:51:29.177,1789339889.1770704,-141,-966,103
2026-09-13 19:51:29.197,1789339889.1970706,-142,-969,99
2026-09-13 19:51:29.217,1789339889.2170706,-140,-967,106
2026-09-13 19:51:29.237,1789339889.2370706,-141,-963,96
2026-09-13 19:51:29.257,1789339889.2570705,-142,-973,108
2026-09-13 19:51:29.277,1789339889.2770705,-142,-967,100
2026-09-13 19:51:29.297,1789339889.2970705,-141,-971,104
2026-09-13 19:51:29.317,1789339889.3170705,-144,-970,108
2026-09-13 19:51:29.337,1789339889.3370705,-145,-969,106
2026-09-13 19:51:29.357,1789339889.3570704,-145,-967,106
2026-09-13 19:51:29.377,1789339889.3770704,-142,-967,106
2026-09-13 19:51:29.397,1789339889.3970704,-142,-968,103
2026-09-13 19:51:29.417,1789339889.4170704,-142,-969,103
2026-09-13 19:51:29.437,1789339889.4370704,-142,-969,105
2026-09-13 19:51:29.457,1789339889.4570706,-143,-969,106
2026-09-13 19:51:29.477,1789339889.4770706,-143,-970,108
2026-09-13 19:51:29.497,1789339889.4970706,-142,-970,110
2026-09-13 19:51:29.517,1789339889.5170705,-143,-970,109
2026-09-13 19:51:29.524,1789339889.5245693,-144,-971,106
2026-09-13 19:51:29.544,1789339889.5445693,-143,-970,108
2026-09-13 19:51:29.564,1789339889.5645692,-143,-969,110
2026-09-13 19:51:29.584,1789339889.5845692,-144,-970,111
2026-09-13 19:51:29.604,1789339889.6045692,-145,-967,111
2026-09-13 19:51:29.624,1789339889.6245692,-145,-970,111
2026-09-13 19:51:29.644,1789339889.6445692,-144,-969,113
2026-09-13 19:51:29.664,1789339889.6645694,-144,-969,114
2026-09-13 19:51:29.684,1789339889.6845694,-144,-969,114
2026-09-13 19:51:29.704,1789339889.7045693,-143,-969,113
2026-09-13 19:51:29.724,1789339889.7245693,-144,-969,116
2026-09-13 19:51:29.744,1789339889.7445693,-144,-970,111
2026-09-13 19:51:29.764,1789339889.7645693,-144,-971,113
2026-09-13 19:51:29.784,1789339889.7845693,-144,-970,109
2026-09-13 19:51:29.804,1789339889.8045692,-144,-965,118
2026-09-13 19:51:29.824,1789339889.8245692,-144,-968,124
2026-09-13 19:51:29.844,1789339889.8445692,-147,-966,102
2026-09-13 19:51:29.864,1789339889.8645692,-142,-970,109
2026-09-13 19:51:29.884,1789339889.8845692,-143,-973,117
2026-09-13 19:51:29.904,1789339889.9045694,-142,-973,122
2026-09-13 19:51:29.924,1789339889.9245694,-143,-968,102
2026-09-13 19:51:29.944,1789339889.9445693,-141,-972,110
2026-09-13 19:51:29.964,1789339889.9645693,-145,-961,119
2026-09-13 19:51:29.984,1789339889.9845693,-149,-963,119
2026-09-13 19:51:30.004,1789339890.0045693,-148,-968,120
2026-09-13 19:51:30.024,1789339890.0245693,-146,-971,112
2026-09-13 19:51:30.044,1789339890.0445693,-144,-973,109
2026-09-13 19:51:30.064,1789339890.0645692,-142,-970,111
2026-09-13 19:51:30.084,1789339890.0845692,-142,-971,113
2026-09-13 19:51:30.104,1789339890.1045692,-143,-969,110
2026-09-13 19:51:30.124,1789339890.1245692,-142,-967,111
2026-09-13 19:51:30.144,1789339890.1445692,-142,-967,117
2026-09-13 19:51:30.164,1789339890.1645694,-143,-969,111
2026-09-13 19:51:30.184,1789339890.1845694,-141,-965,110
2026-09-13 19:51:30.204,1789339890.2045693,-141,-973,104
2026-09-13 19:51:30.224,1789339890.2245693,-142,-969,113
2026-09-13 19:51:30.232,1789339890.232068,-143,-967,105
2026-09-13 19:51:30.252,1789339890.252068,-143,-971,111
2026-09-13 19:51:30.272,1789339890.272068,-145,-967,114
2026-09-13 19:51:30.292,1789339890.292068,-147,-969,115
2026-09-13 19:51:30.312,1789339890.312068,-145,-971,110
2026-09-13 19:51:30.332,1789339890.332068,-142,-971,105
2026-09-13 19:51:30.352,1789339890.352068,-143,-970,105
2026-09-13 19:51:30.372,1789339890.3720682,-143,-969,103
2026-09-13 19:51:30.392,1789339890.3920681,-142,-969,106
2026-09-13 19:51:30.412,1789339890.4120681,-142,-970,108
2026-09-13 19:51:30.432,1789339890.432068,-141,-971,105
2026-09-13 19:51:30.452,1789339890.452068,-141,-970,104
2026-09-13 19:51:30.472,1789339890.472068,-140,-972,106
2026-09-13 19:51:30.492,1789339890.492068,-141,-970,105
2026-09-13 19:51:30.512,1789339890.512068,-141,-969,103
2026-09-13 19:51:30.532,1789339890.532068,-140,-968,104
2026-09-13 19:51:30.552,1789339890.552068,-142,-967,109
2026-09-13 19:51:30.572,1789339890.572068,-143,-971,108
2026-09-13 19:51:30.592,1789339890.592068,-142,-969,106
2026-09-13 19:51:30.612,1789339890.6120682,-142,-970,107
2026-09-13 19:51:30.632,1789339890.6320682,-144,-969,109
2026-09-13 19:51:30.652,1789339890.6520681,-146,-965,112
2026-09-13 19:51:30.672,1789339890.672068,-148,-968,105
2026-09-13 19:51:30.692,1789339890.692068,-146,-972,114
2026-09-13 19:51:30.712,1789339890.712068,-146,-976,102
2026-09-13 19:51:30.732,1789339890.732068,-140,-973,113
2026-09-13 19:51:30.752,1789339890.752068,-139,-963,105
2026-09-13 19:51:30.772,1789339890.772068,-139,-963,88
2026-09-13 19:51:30.792,1789339890.792068,-137,-973,113
2026-09-13 19:51:30.812,1789339890.812068,-135,-973,117
2026-09-13 19:51:30.832,1789339890.832068,-140,-969,108
2026-09-13 19:51:30.852,1789339890.852068,-143,-966,98
2026-09-13 19:51:30.872,1789339890.8720682,-145,-963,120
2026-09-13 19:51:30.892,1789339890.8920681,-151,-964,113
2026-09-13 19:51:30.912,1789339890.9120681,-145,-972,109
2026-09-13 19:51:30.932,1789339890.932068,-142,-973,105
2026-09-13 19:51:30.939,1789339890.939628,-140,-973,114
2026-09-13 19:51:30.959,1789339890.9596279,-141,-972,110
2026-09-13 19:51:30.979,1789339890.9796278,-138,-969,124
2026-09-13 19:51:30.999,1789339890.9996278,-139,-966,116
2026-09-13 19:51:31.019,1789339891.0196278,-141,-967,119
2026-09-13 19:51:31.039,1789339891.0396278,-137,-966,113
2026-09-13 19:51:31.059,1789339891.0596278,-134,-968,111
2026-09-13 19:51:31.079,1789339891.079628,-133,-968,121
2026-09-13 19:51:31.099,1789339891.099628,-139,-967,116
2026-09-13 19:51:31.119,1789339891.119628,-138,-971,126
2026-09-13 19:51:31.139,1789339891.139628,-141,-965,122
2026-09-13 19:51:31.159,1789339891.159628,-140,-963,124
2026-09-13 19:51:31.179,1789339891.179628,-141,-967,117
2026-09-13 19:51:31.199,1789339891.1996279,-138,-967,123
2026-09-13 19:51:31.219,1789339891.2196279,-135,-971,119
2026-09-13 19:51:31.239,1789339891.2396278,-138,-970,115
2026-09-13 19:51:31.259,1789339891.2596278,-140,-967,123
2026-09-13 19:51:31.279,1789339891.2796278,-138,-967,122
2026-09-13 19:51:31.299,1789339891.2996278,-139,-963,122
2026-09-13 19:51:31.319,1789339891.319628,-136,-967,121
2026-09-13 19:51:31.339,1789339891.339628,-134,-970,123
2026-09-13 19:51:31.359,1789339891.359628,-132,-966,126
2026-09-13 19:51:31.379,1789339891.379628,-132,-967,121
2026-09-13 19:51:31.399,1789339891.399628,-133,-969,119
2026-09-13 19:51:31.419,1789339891.419628,-135,-967,121
2026-09-13 19:51:31.439,1789339891.439628,-133,-967,122
2026-09-13 19:51:31.459,1789339891.4596279,-135,-967,123
2026-09-13 19:51:31.479,1789339891.4796278,-137,-969,121
2026-09-13 19:51:31.499,1789339891.4996278,-136,-970,116
2026-09-13 19:51:31.519,1789339891.5196278,-134,-969,118
2026-09-13 19:51:31.539,1789339891.5396278,-134,-969,115
2026-09-13 19:51:31.559,1789339891.5596278,-140,-966,110
2026-09-13 19:51:31.579,1789339891.579628,-139,-971,84
2026-09-13 19:51:31.599,1789339891.599628,-114,-981,118
2026-09-13 19:51:31.619,1789339891.619628,-124,-974,124
2026-09-13 19:51:31.639,1789339891.639628,-137,-966,116
2026-09-13 19:51:31.647,1789339891.6470354,-139,-965,104
2026-09-13 19:51:31.667,1789339891.6670353,-137,-967,117
2026-09-13 19:51:31.687,1789339891.6870353,-136,-965,119
2026-09-13 19:51:31.707,1789339891.7070353,-137,-971,112
2026-09-13 19:51:31.727,1789339891.7270353,-138,-973,110
2026-09-13 19:51:31.747,1789339891.7470353,-132,-973,115
2026-09-13 19:51:31.767,1789339891.7670352,-131,-972,116
2026-09-13 19:51:31.787,1789339891.7870355,-131,-967,114
2026-09-13 19:51:31.807,1789339891.8070354,-129,-969,111
2026-09-13 19:51:31.827,1789339891.8270354,-131,-968,113
2026-09-13 19:51:31.847,1789339891.8470354,-128,-969,113
2026-09-13 19:51:31.867,1789339891.8670354,-130,-972,115
2026-09-13 19:51:31.887,1789339891.8870354,-130,-967,120
2026-09-13 19:51:31.907,1789339891.9070354,-130,-965,98
2026-09-13 19:51:31.927,1789339891.9270353,-131,-969,104
2026-09-13 19:51:31.947,1789339891.9470353,-133,-967,99
2026-09-13 19:51:31.967,1789339891.9670353,-138,-967,101
2026-09-13 19:51:31.987,1789339891.9870353,-140,-970,100
2026-09-13 19:51:32.007,1789339892.0070353,-139,-974,100
2026-09-13 19:51:32.027,1789339892.0270355,-138,-975,100
2026-09-13 19:51:32.047,1789339892.0470355,-137,-972,102
2026-09-13 19:51:32.067,1789339892.0670354,-138,-971,103
2026-09-13 19:51:32.087,1789339892.0870354,-138,-969,102
2026-09-13 19:51:32.107,1789339892.1070354,-137,-971,102
2026-09-13 19:51:32.127,1789339892.1270354,-137,-971,100
2026-09-13 19:51:32.147,1789339892.1470354,-136,-971,99
2026-09-13 19:51:32.167,1789339892.1670353,-135,-972,100
2026-09-13 19:51:32.187,1789339892.1870353,-137,-974,97
2026-09-13 19:51:32.207,1789339892.2070353,-138,-972,99
2026-09-13 19:51:32.227,1789339892.2270353,-139,-971,101
2026-09-13 19:51:32.247,1789339892.2470353,-139,-971,98
2026-09-13 19:51:32.267,1789339892.2670352,-140,-969,100
2026-09-13 19:51:32.287,1789339892.2870355,-137,-970,111
2026-09-13 19:51:32.307,1789339892.3070354,-141,-968,95
2026-09-13 19:51:32.327,1789339892.3270354,-137,-974,92
2026-09-13 19:51:32.347,1789339892.3470354,-137,-972,115
2026-09-13 19:51:32.354,1789339892.3545034,-137,-975,114
2026-09-13 19:51:32.374,1789339892.3745034,-138,-969,90
2026-09-13 19:51:32.394,1789339892.3945034,-136,-972,94
2026-09-13 19:51:32.414,1789339892.4145033,-141,-965,109
2026-09-13 19:51:32.434,1789339892.4345033,-143,-964,108
2026-09-13 19:51:32.454,1789339892.4545033,-141,-970,110
2026-09-13 19:51:32.474,1789339892.4745033,-141,-973,106
2026-09-13 19:51:32.494,1789339892.4945035,-139,-972,106
2026-09-13 19:51:32.514,1789339892.5145035,-137,-972,103
2026-09-13 19:51:32.534,1789339892.5345035,-135,-970,104
2026-09-13 19:51:32.554,1789339892.5545034,-136,-969,107
2026-09-13 19:51:32.574,1789339892.5745034,-140,-968,109
2026-09-13 19:51:32.594,1789339892.5945034,-139,-969,114
2026-09-13 19:51:32.614,1789339892.6145034,-139,-970,104
2026-09-13 19:51:32.634,1789339892.6345034,-135,-969,112
2026-09-13 19:51:32.654,1789339892.6545033,-136,-967,96
2026-09-13 19:51:32.674,1789339892.6745033,-137,-973,108
2026-09-13 19:51:32.694,1789339892.6945033,-140,-967,104
2026-09-13 19:51:32.714,1789339892.7145033,-139,-968,109
2026-09-13 19:51:32.734,1789339892.7345035,-142,-971,115
2026-09-13 19:51:32.754,1789339892.7545035,-142,-969,111
2026-09-13 19:51:32.774,1789339892.7745035,-140,-970,110
2026-09-13 19:51:32.794,1789339892.7945035,-142,-969,108
2026-09-13 19:51:32.814,1789339892.8145034,-139,-970,104
2026-09-13 19:51:32.834,1789339892.8345034,-140,-970,107
2026-09-13 19:51:32.854,1789339892.8545034,-139,-970,109
2026-09-13 19:51:32.874,1789339892.8745034,-139,-969,107
2026-09-13 19:51:32.894,1789339892.8945034,-139,-968,107
2026-09-13 19:51:32.914,1789339892.9145033,-140,-970,108
2026-09-13 19:51:32.934,1789339892.9345033,-139,-970,105
2026-09-13 19:51:32.954,1789339892.9545033,-137,-969,110
2026-09-13 19:51:32.974,1789339892.9745033,-141,-969,106
2026-09-13 19:51:32.994,1789339892.9945035,-141,-968,109
2026-09-13 19:51:33.014,1789339893.0145035,-142,-967,112
2026-09-13 19:51:33.034,1789339893.0345035,-141,-968,113
2026-09-13 19:51:33.054,1789339893.0545034,-142,-969,89
2026-09-13 19:51:33.061,1789339893.0619717,-138,-972,114
2026-09-13 19:51:33.081,1789339893.0819716,-138,-972,121
2026-09-13 19:51:33.101,1789339893.1019716,-141,-968,103
2026-09-13 19:51:33.121,1789339893.1219716,-139,-968,93
2026-09-13 19:51:33.141,1789339893.1419716,-141,-969,108
2026-09-13 19:51:33.161,1789339893.1619716,-145,-963,113
2026-09-13 19:51:33.181,1789339893.1819715,-144,-969,116
2026-09-13 19:51:33.201,1789339893.2019718,-143,-971,110
2026-09-13 19:51:33.221,1789339893.2219718,-141,-973,109
2026-09-13 19:51:33.241,1789339893.2419717,-140,-971,108
2026-09-13 19:51:33.261,1789339893.2619717,-139,-970,111
2026-09-13 19:51:33.281,1789339893.2819717,-139,-970,112
2026-09-13 19:51:33.301,1789339893.3019717,-140,-969,115
2026-09-13 19:51:33.321,1789339893.3219717,-140,-966,115
2026-09-13 19:51:33.341,1789339893.3419716,-140,-968,113
2026-09-13 19:51:33.361,1789339893.3619716,-140,-970,116
2026-09-13 19:51:33.381,1789339893.3819716,-140,-964,108
2026-09-13 19:51:33.401,1789339893.4019716,-139,-972,109
2026-09-13 19:51:33.421,1789339893.4219716,-140,-969,111
2026-09-13 19:51:33.441,1789339893.4419718,-142,-965,114
2026-09-13 19:51:33.461,1789339893.4619718,-144,-969,118
2026-09-13 19:51:33.481,1789339893.4819717,-145,-968,118
2026-09-13 19:51:33.501,1789339893.5019717,-143,-969,116
2026-09-13 19:51:33.521,1789339893.5219717,-142,-971,113
2026-09-13 19:51:33.541,1789339893.5419717,-141,-970,111
2026-09-13 19:51:33.561,1789339893.5619717,-140,-969,113
2026-09-13 19:51:33.581,1789339893.5819716,-141,-969,112
2026-09-13 19:51:33.601,1789339893.6019716,-142,-970,110
2026-09-13 19:51:33.621,1789339893.6219716,-142,-970,110
2026-09-13 19:51:33.641,1789339893.6419716,-140,-970,110
2026-09-13 19:51:33.661,1789339893.6619716,-140,-970,112
2026-09-13 19:51:33.681,1789339893.6819715,-141,-969,113
2026-09-13 19:51:33.701,1789339893.7019718,-141,-968,112
2026-09-13 19:51:33.721,1789339893.7219718,-141,-969,114
2026-09-13 19:51:33.741,1789339893.7419717,-141,-969,112
2026-09-13 19:51:33.761,1789339893.7619717,-140,-966,112
2026-09-13 19:51:33.769,1789339893.7694094,-143,-968,113
2026-09-13 19:51:33.789,1789339893.7894094,-142,-969,120
2026-09-13 19:51:33.809,1789339893.8094094,-144,-968,91
2026-09-13 19:51:33.829,1789339893.8294094,-139,-973,112
2026-09-13 19:51:33.849,1789339893.8494093,-140,-971,119
2026-09-13 19:51:33.869,1789339893.8694093,-142,-969,113
2026-09-13 19:51:33.889,1789339893.8894093,-141,-967,93
2026-09-13 19:51:33.909,1789339893.9094095,-140,-968,110
2026-09-13 19:51:33.929,1789339893.9294095,-145,-961,116
2026-09-13 19:51:33.949,1789339893.9494095,-145,-967,118
2026-09-13 19:51:33.969,1789339893.9694095,-144,-972,114
2026-09-13 19:51:33.989,1789339893.9894094,-141,-972,111
2026-09-13 19:51:34.009,1789339894.0094094,-141,-971,110
2026-09-13 19:51:34.029,1789339894.0294094,-140,-970,113
2026-09-13 19:51:34.049,1789339894.0494094,-141,-968,114
2026-09-13 19:51:34.069,1789339894.0694094,-141,-968,114
2026-09-13 19:51:34.089,1789339894.0894094,-140,-966,116
2026-09-13 19:51:34.109,1789339894.1094093,-141,-968,117
2026-09-13 19:51:34.129,1789339894.1294093,-140,-970,117
2026-09-13 19:51:34.149,1789339894.1494095,-139,-963,111
2026-09-13 19:51:34.169,1789339894.1694095,-140,-971,109
2026-09-13 19:51:34.189,1789339894.1894095,-142,-969,116
2026-09-13 19:51:34.209,1789339894.2094095,-142,-963,109
2026-09-13 19:51:34.229,1789339894.2294095,-145,-970,120
2026-09-13 19:51:34.249,1789339894.2494094,-145,-971,120
2026-09-13 19:51:34.269,1789339894.2694094,-144,-969,117
2026-09-13 19:51:34.289,1789339894.2894094,-144,-970,113
2026-09-13 19:51:34.309,1789339894.3094094,-143,-970,109
2026-09-13 19:51:34.329,1789339894.3294094,-141,-968,110
2026-09-13 19:51:34.349,1789339894.3494093,-141,-968,111
2026-09-13 19:51:34.369,1789339894.3694093,-142,-969,114
2026-09-13 19:51:34.389,1789339894.3894093,-141,-970,113
2026-09-13 19:51:34.409,1789339894.4094095,-141,-968,111
2026-09-13 19:51:34.429,1789339894.4294095,-140,-969,113
2026-09-13 19:51:34.449,1789339894.4494095,-141,-969,114
2026-09-13 19:51:34.469,1789339894.4694095,-141,-968,116
2026-09-13 19:51:34.476,1789339894.4767556,-142,-969,116
2026-09-13 19:51:34.496,1789339894.4967556,-141,-968,114
2026-09-13 19:51:34.516,1789339894.5167556,-143,-967,117
2026-09-13 19:51:34.536,1789339894.5367556,-142,-970,111
2026-09-13 19:51:34.556,1789339894.5567555,-143,-969,113
2026-09-13 19:51:34.576,1789339894.5767555,-143,-968,118
2026-09-13 19:51:34.596,1789339894.5967555,-143,-968,119
2026-09-13 19:51:34.616,1789339894.6167557,-144,-970,93
2026-09-13 19:51:34.636,1789339894.6367557,-138,-974,118
2026-09-13 19:51:34.656,1789339894.6567557,-138,-974,126
2026-09-13 19:51:34.676,1789339894.6767557,-141,-968,108
2026-09-13 19:51:34.696,1789339894.6967556,-141,-969,99
2026-09-13 19:51:34.716,1789339894.7167556,-143,-967,116
2026-09-13 19:51:34.736,1789339894.7367556,-145,-960,118
2026-09-13 19:51:34.756,1789339894.7567556,-146,-968,123
2026-09-13 19:51:34.776,1789339894.7767556,-144,-969,117
2026-09-13 19:51:34.796,1789339894.7967556,-143,-972,111
2026-09-13 19:51:34.816,1789339894.8167555,-140,-972,114
2026-09-13 19:51:34.836,1789339894.8367555,-140,-971,114
2026-09-13 19:51:34.856,1789339894.8567557,-141,-968,114
2026-09-13 19:51:34.876,1789339894.8767557,-140,-967,117
2026-09-13 19:51:34.896,1789339894.8967557,-141,-968,118
2026-09-13 19:51:34.916,1789339894.9167557,-140,-967,114
2026-09-13 19:51:34.936,1789339894.9367557,-138,-970,118
2026-09-13 19:51:34.956,1789339894.9567556,-140,-963,106
2026-09-13 19:51:34.976,1789339894.9767556,-140,-972,111
2026-09-13 19:51:34.996,1789339894.9967556,-143,-970,114
2026-09-13 19:51:35.016,1789339895.0167556,-141,-964,113
2026-09-13 19:51:35.036,1789339895.0367556,-144,-969,119
2026-09-13 19:51:35.056,1789339895.0567555,-145,-969,120
2026-09-13 19:51:35.076,1789339895.0767555,-144,-970,116
2026-09-13 19:51:35.096,1789339895.0967555,-143,-969,111
2026-09-13 19:51:35.116,1789339895.1167557,-142,-969,110
2026-09-13 19:51:35.136,1789339895.1367557,-141,-971,108
2026-09-13 19:51:35.156,1789339895.1567557,-140,-969,108
2026-09-13 19:51:35.176,1789339895.1767557,-141,-969,114
2026-09-13 19:51:35.184,1789339895.1842852,-140,-969,113
2026-09-13 19:51:35.204,1789339895.2042851,-141,-969,113
2026-09-13 19:51:35.224,1789339895.2242851,-140,-969,114
2026-09-13 19:51:35.244,1789339895.244285,-141,-968,114
2026-09-13 19:51:35.264,1789339895.264285,-141,-967,115
2026-09-13 19:51:35.284,1789339895.284285,-141,-968,116
2026-09-13 19:51:35.304,1789339895.304285,-141,-967,115
2026-09-13 19:51:35.324,1789339895.3242853,-142,-967,112
2026-09-13 19:51:35.344,1789339895.3442852,-142,-969,112
2026-09-13 19:51:35.364,1789339895.3642852,-141,-969,113
2026-09-13 19:51:35.384,1789339895.3842852,-141,-969,112
2026-09-13 19:51:35.404,1789339895.4042852,-142,-968,113
2026-09-13 19:51:35.424,1789339895.4242852,-143,-965,112
2026-09-13 19:51:35.444,1789339895.4442852,-142,-967,119
2026-09-13 19:51:35.464,1789339895.4642851,-143,-967,104
2026-09-13 19:51:35.484,1789339895.484285,-141,-971,102
2026-09-13 19:51:35.504,1789339895.504285,-140,-972,120
2026-09-13 19:51:35.524,1789339895.524285,-140,-973,125
2026-09-13 19:51:35.544,1789339895.544285,-142,-966,97
2026-09-13 19:51:35.564,1789339895.5642853,-139,-969,103
2026-09-13 19:51:35.584,1789339895.5842853,-144,-960,118
2026-09-13 19:51:35.604,1789339895.6042852,-146,-964,120
2026-09-13 19:51:35.624,1789339895.6242852,-146,-968,120
2026-09-13 19:51:35.644,1789339895.6442852,-144,-970,113
2026-09-13 19:51:35.664,1789339895.6642852,-140,-971,110
2026-09-13 19:51:35.684,1789339895.6842852,-140,-969,112
2026-09-13 19:51:35.704,1789339895.7042851,-139,-971,113
2026-09-13 19:51:35.724,1789339895.7242851,-141,-968,115
2026-09-13 19:51:35.744,1789339895.744285,-140,-967,116
2026-09-13 19:51:35.764,1789339895.764285,-140,-965,117
2026-09-13 19:51:35.784,1789339895.784285,-140,-968,113
2026-09-13 19:51:35.804,1789339895.804285,-140,-967,119
2026-09-13 19:51:35.824,1789339895.8242853,-141,-966,100
2026-09-13 19:51:35.844,1789339895.8442852,-141,-974,117
2026-09-13 19:51:35.864,1789339895.8642852,-142,-966,110
2026-09-13 19:51:35.884,1789339895.8842852,-142,-967,118
2026-09-13 19:51:35.891,1789339895.8918447,-146,-967,122
2026-09-13 19:51:35.911,1789339895.9118447,-145,-968,120
2026-09-13 19:51:35.931,1789339895.9318447,-143,-967,117
2026-09-13 19:51:35.951,1789339895.9518447,-143,-968,114
2026-09-13 19:51:35.971,1789339895.9718447,-141,-969,114
2026-09-13 19:51:35.991,1789339895.9918447,-142,-969,114
2026-09-13 19:51:36.011,1789339896.0118446,-142,-969,113
2026-09-13 19:51:36.031,1789339896.0318449,-141,-970,112
2026-09-13 19:51:36.051,1789339896.0518448,-141,-969,114
2026-09-13 19:51:36.071,1789339896.0718448,-141,-967,114
2026-09-13 19:51:36.091,1789339896.0918448,-141,-969,114
2026-09-13 19:51:36.111,1789339896.1118448,-141,-968,115
2026-09-13 19:51:36.131,1789339896.1318448,-140,-967,116
2026-09-13 19:51:36.151,1789339896.1518447,-142,-967,117
2026-09-13 19:51:36.171,1789339896.1718447,-143,-968,117
2026-09-13 19:51:36.191,1789339896.1918447,-143,-968,113
2026-09-13 19:51:36.211,1789339896.2118447,-142,-970,111
2026-09-13 19:51:36.231,1789339896.2318447,-142,-969,113
2026-09-13 19:51:36.251,1789339896.2518446,-142,-969,110
2026-09-13 19:51:36.271,1789339896.2718449,-142,-967,112
2026-09-13 19:51:36.291,1789339896.2918448,-142,-968,114
2026-09-13 19:51:36.311,1789339896.3118448,-142,-967,112
2026-09-13 19:51:36.331,1789339896.3318448,-142,-969,111
2026-09-13 19:51:36.351,1789339896.3518448,-142,-968,109
2026-09-13 19:51:36.371,1789339896.3718448,-143,-967,113
2026-09-13 19:51:36.391,1789339896.3918447,-143,-967,119
2026-09-13 19:51:36.411,1789339896.4118447,-144,-967,110
2026-09-13 19:51:36.431,1789339896.4318447,-141,-970,98
2026-09-13 19:51:36.451,1789339896.4518447,-138,-971,122
2026-09-13 19:51:36.471,1789339896.4718447,-137,-970,128
2026-09-13 19:51:36.491,1789339896.4918447,-141,-965,103
2026-09-13 19:51:36.511,1789339896.5118446,-140,-970,105
2026-09-13 19:51:36.531,1789339896.5318449,-143,-963,118
2026-09-13 19:51:36.551,1789339896.5518448,-146,-962,120
2026-09-13 19:51:36.571,1789339896.5718448,-145,-969,117
2026-09-13 19:51:36.591,1789339896.5918448,-144,-969,112
2026-09-13 19:51:36.599,1789339896.5991302,-141,-971,114
2026-09-13 19:51:36.619,1789339896.6191301,-142,-970,113
2026-09-13 19:51:36.639,1789339896.63913,-141,-970,113
2026-09-13 19:51:36.659,1789339896.65913,-141,-968,116
2026-09-13 19:51:36.679,1789339896.67913,-141,-966,118
2026-09-13 19:51:36.699,1789339896.69913,-141,-965,120
2026-09-13 19:51:36.719,1789339896.71913,-141,-966,119
2026-09-13 19:51:36.739,1789339896.7391303,-141,-969,119
2026-09-13 19:51:36.759,1789339896.7591302,-141,-964,110
2026-09-13 19:51:36.779,1789339896.7791302,-140,-970,112
2026-09-13 19:51:36.799,1789339896.7991302,-142,-969,116
2026-09-13 19:51:36.819,1789339896.8191302,-141,-964,112
2026-09-13 19:51:36.839,1789339896.8391302,-144,-968,123
2026-09-13 19:51:36.859,1789339896.8591301,-146,-969,119
2026-09-13 19:51:36.879,1789339896.8791301,-144,-969,116
2026-09-13 19:51:36.899,1789339896.89913,-144,-968,117
2026-09-13 19:51:36.919,1789339896.91913,-143,-969,113
2026-09-13 19:51:36.939,1789339896.93913,-143,-967,112
2026-09-13 19:51:36.959,1789339896.95913,-142,-967,114
2026-09-13 19:51:36.979,1789339896.9791303,-142,-969,114
2026-09-13 19:51:36.999,1789339896.9991302,-141,-969,113
2026-09-13 19:51:37.019,1789339897.0191302,-142,-969,113
2026-09-13 19:51:37.039,1789339897.0391302,-142,-970,112
2026-09-13 19:51:37.059,1789339897.0591302,-141,-967,116
2026-09-13 19:51:37.079,1789339897.0791302,-141,-968,116
2026-09-13 19:51:37.099,1789339897.0991302,-141,-969,117
2026-09-13 19:51:37.119,1789339897.1191301,-142,-967,115
2026-09-13 19:51:37.139,1789339897.13913,-142,-966,114
2026-09-13 19:51:37.159,1789339897.15913,-143,-967,115
2026-09-13 19:51:37.179,1789339897.17913,-143,-968,115
2026-09-13 19:51:37.199,1789339897.19913,-142,-968,114
2026-09-13 19:51:37.219,1789339897.21913,-142,-966,115
2026-09-13 19:51:37.239,1789339897.2391303,-143,-968,116
2026-09-13 19:51:37.259,1789339897.2591302,-143,-968,114
2026-09-13 19:51:37.279,1789339897.2791302,-142,-968,117
2026-09-13 19:51:37.299,1789339897.2991302,-142,-967,116
2026-09-13 19:51:37.306,1789339897.3066287,-144,-966,116
2026-09-13 19:51:37.326,1789339897.3266287,-144,-964,118
2026-09-13 19:51:37.346,1789339897.3466287,-143,-968,125
2026-09-13 19:51:37.366,1789339897.3666286,-142,-964,97
2026-09-13 19:51:37.386,1789339897.3866286,-139,-971,113
2026-09-13 19:51:37.406,1789339897.4066286,-140,-971,122
2026-09-13 19:51:37.426,1789339897.4266286,-140,-970,120
2026-09-13 19:51:37.446,1789339897.4466288,-141,-967,99
2026-09-13 19:51:37.466,1789339897.4666288,-141,-969,112
2026-09-13 19:51:37.486,1789339897.4866288,-146,-960,123
2026-09-13 19:51:37.506,1789339897.5066288,-146,-964,120
2026-09-13 19:51:37.526,1789339897.5266287,-145,-967,119
2026-09-13 19:51:37.546,1789339897.5466287,-143,-969,113
2026-09-13 19:51:37.566,1789339897.5666287,-141,-970,115
2026-09-13 19:51:37.586,1789339897.5866287,-140,-969,115
2026-09-13 19:51:37.606,1789339897.6066287,-142,-969,118
2026-09-13 19:51:37.626,1789339897.6266286,-143,-968,115
2026-09-13 19:51:37.646,1789339897.6466286,-143,-967,118
2026-09-13 19:51:37.666,1789339897.6666286,-141,-967,117
2026-09-13 19:51:37.686,1789339897.6866288,-140,-968,116
2026-09-13 19:51:37.706,1789339897.7066288,-138,-965,123
2026-09-13 19:51:37.726,1789339897.7266288,-141,-961,107
2026-09-13 19:51:37.746,1789339897.7466288,-142,-970,121
2026-09-13 19:51:37.766,1789339897.7666287,-144,-966,113
2026-09-13 19:51:37.786,1789339897.7866287,-141,-967,117
2026-09-13 19:51:37.806,1789339897.8066287,-146,-969,120
2026-09-13 19:51:37.826,1789339897.8266287,-144,-968,119
2026-09-13 19:51:37.846,1789339897.8466287,-144,-967,118
2026-09-13 19:51:37.866,1789339897.8666286,-144,-967,116
2026-09-13 19:51:37.886,1789339897.8866286,-142,-966,114
2026-09-13 19:51:37.906,1789339897.9066286,-143,-967,116
2026-09-13 19:51:37.926,1789339897.9266286,-142,-968,114
2026-09-13 19:51:37.946,1789339897.9466288,-142,-968,117
2026-09-13 19:51:37.966,1789339897.9666288,-141,-968,116
2026-09-13 19:51:37.986,1789339897.9866288,-141,-967,113
2026-09-13 19:51:38.006,1789339898.0066288,-142,-967,116
2026-09-13 19:51:38.014,1789339898.0140667,-142,-966,116
2026-09-13 19:51:38.034,1789339898.0340667,-142,-967,118
2026-09-13 19:51:38.054,1789339898.0540667,-142,-967,116
2026-09-13 19:51:38.074,1789339898.0740666,-143,-968,118
2026-09-13 19:51:38.094,1789339898.0940666,-143,-967,116
2026-09-13 19:51:38.114,1789339898.1140666,-144,-967,115
2026-09-13 19:51:38.134,1789339898.1340666,-143,-968,118
2026-09-13 19:51:38.154,1789339898.1540668,-143,-967,118
2026-09-13 19:51:38.174,1789339898.1740668,-143,-968,118
2026-09-13 19:51:38.194,1789339898.1940668,-144,-969,117
2026-09-13 19:51:38.214,1789339898.2140667,-143,-968,117
2026-09-13 19:51:38.234,1789339898.2340667,-143,-967,115
2026-09-13 19:51:38.254,1789339898.2540667,-143,-967,115
2026-09-13 19:51:38.274,1789339898.2740667,-143,-965,118
2026-09-13 19:51:38.294,1789339898.2940667,-142,-969,126
2026-09-13 19:51:38.314,1789339898.3140666,-145,-963,104
2026-09-13 19:51:38.334,1789339898.3340666,-141,-971,114
2026-09-13 19:51:38.354,1789339898.3540666,-141,-970,123
2026-09-13 19:51:38.374,1789339898.3740666,-140,-970,125
2026-09-13 19:51:38.394,1789339898.3940668,-143,-966,105
2026-09-13 19:51:38.414,1789339898.4140668,-141,-968,110
2026-09-13 19:51:38.434,1789339898.4340668,-145,-960,120
2026-09-13 19:51:38.454,1789339898.4540668,-146,-962,121
2026-09-13 19:51:38.474,1789339898.4740667,-146,-970,122
2026-09-13 19:51:38.494,1789339898.4940667,-146,-970,112
2026-09-13 19:51:38.514,1789339898.5140667,-143,-970,113
2026-09-13 19:51:38.534,1789339898.5340667,-142,-971,113
2026-09-13 19:51:38.554,1789339898.5540667,-142,-969,117
2026-09-13 19:51:38.574,1789339898.5740666,-141,-967,118
2026-09-13 19:51:38.594,1789339898.5940666,-142,-966,121
2026-09-13 19:51:38.614,1789339898.6140666,-142,-966,118
2026-09-13 19:51:38.634,1789339898.6340666,-141,-967,118
2026-09-13 19:51:38.654,1789339898.6540668,-141,-968,120
2026-09-13 19:51:38.674,1789339898.6740668,-142,-962,107
2026-09-13 19:51:38.694,1789339898.6940668,-142,-970,117
2026-09-13 19:51:38.714,1789339898.7140667,-145,-967,117
2026-09-13 19:51:38.721,1789339898.721535,-143,-965,118
2026-09-13 19:51:38.741,1789339898.741535,-146,-967,124
2026-09-13 19:51:38.761,1789339898.761535,-146,-968,122
2026-09-13 19:51:38.781,1789339898.781535,-143,-966,119
2026-09-13 19:51:38.801,1789339898.801535,-144,-968,117
2026-09-13 19:51:38.821,1789339898.8215349,-143,-968,116
2026-09-13 19:51:38.841,1789339898.8415349,-143,-968,117
2026-09-13 19:51:38.861,1789339898.861535,-143,-969,115
2026-09-13 19:51:38.881,1789339898.881535,-142,-969,118
2026-09-13 19:51:38.901,1789339898.901535,-143,-968,118
2026-09-13 19:51:38.921,1789339898.921535,-142,-967,117
2026-09-13 19:51:38.941,1789339898.941535,-142,-968,120
2026-09-13 19:51:38.961,1789339898.961535,-141,-967,118
2026-09-13 19:51:38.981,1789339898.981535,-142,-966,116
2026-09-13 19:51:39.001,1789339899.001535,-143,-967,117
2026-09-13 19:51:39.021,1789339899.021535,-143,-966,118
2026-09-13 19:51:39.041,1789339899.041535,-143,-966,119
2026-09-13 19:51:39.061,1789339899.061535,-143,-968,119
2026-09-13 19:51:39.081,1789339899.0815349,-144,-968,116
2026-09-13 19:51:39.101,1789339899.101535,-144,-970,116
2026-09-13 19:51:39.121,1789339899.121535,-143,-970,117
2026-09-13 19:51:39.141,1789339899.141535,-143,-969,117
2026-09-13 19:51:39.161,1789339899.161535,-144,-969,118
2026-09-13 19:51:39.181,1789339899.181535,-143,-969,117
2026-09-13 19:51:39.201,1789339899.201535,-143,-967,119
2026-09-13 19:51:39.221,1789339899.221535,-143,-965,120
2026-09-13 19:51:39.241,1789339899.241535,-144,-966,122
2026-09-13 19:51:39.261,1789339899.261535,-144,-965,100
2026-09-13 19:51:39.281,1789339899.281535,-141,-972,126
2026-09-13 19:51:39.301,1789339899.301535,-140,-971,131
2026-09-13 19:51:39.321,1789339899.3215349,-142,-968,116
2026-09-13 19:51:39.341,1789339899.3415349,-141,-967,106
2026-09-13 19:51:39.361,1789339899.361535,-142,-966,121
2026-09-13 19:51:39.381,1789339899.381535,-148,-959,126
2026-09-13 19:51:39.401,1789339899.401535,-147,-968,126
2026-09-13 19:51:39.421,1789339899.421535,-145,-971,121
2026-09-13 19:51:39.429,1789339899.429461,-143,-970,118
2026-09-13 19:51:39.449,1789339899.449461,-142,-971,117
2026-09-13 19:51:39.469,1789339899.469461,-142,-968,119
2026-09-13 19:51:39.489,1789339899.489461,-143,-968,118
2026-09-13 19:51:39.509,1789339899.509461,-142,-966,119
2026-09-13 19:51:39.529,1789339899.529461,-141,-966,119
2026-09-13 19:51:39.549,1789339899.549461,-141,-964,121
2026-09-13 19:51:39.569,1789339899.569461,-141,-969,119
2026-09-13 19:51:39.589,1789339899.589461,-141,-963,120
2026-09-13 19:51:39.609,1789339899.609461,-142,-966,113
2026-09-13 19:51:39.629,1789339899.629461,-143,-971,124
2026-09-13 19:51:39.649,1789339899.649461,-144,-962,114
2026-09-13 19:51:39.669,1789339899.669461,-144,-966,123
2026-09-13 19:51:39.689,1789339899.689461,-147,-967,125
2026-09-13 19:51:39.709,1789339899.709461,-145,-968,121
2026-09-13 19:51:39.729,1789339899.729461,-144,-967,121
2026-09-13 19:51:39.749,1789339899.749461,-144,-968,119
2026-09-13 19:51:39.769,1789339899.769461,-143,-969,117
2026-09-13 19:51:39.789,1789339899.789461,-143,-968,117
2026-09-13 19:51:39.809,1789339899.809461,-143,-968,122
2026-09-13 19:51:39.829,1789339899.829461,-143,-968,120
2026-09-13 19:51:39.849,1789339899.849461,-143,-967,119
2026-09-13 19:51:39.869,1789339899.869461,-143,-968,121
2026-09-13 19:51:39.889,1789339899.889461,-143,-968,119
2026-09-13 19:51:39.909,1789339899.909461,-143,-966,121
2026-09-13 19:51:39.929,1789339899.929461,-143,-966,122
2026-09-13 19:51:39.949,1789339899.949461,-143,-967,123
2026-09-13 19:51:39.969,1789339899.969461,-144,-966,123
2026-09-13 19:51:39.989,1789339899.989461,-143,-966,120
2026-09-13 19:51:40.009,1789339900.009461,-143,-968,119
2026-09-13 19:51:40.029,1789339900.029461,-144,-968,119
2026-09-13 19:51:40.049,1789339900.049461,-142,-965,119
2026-09-13 19:51:40.069,1789339900.069461,-143,-967,120
2026-09-13 19:51:40.089,1789339900.089461,-144,-968,118
2026-09-13 19:51:40.109,1789339900.109461,-144,-967,120
2026-09-13 19:51:40.129,1789339900.129461,-143,-968,127
2026-09-13 19:51:40.137,1789339900.1371734,-145,-965,109
2026-09-13 19:51:40.157,1789339900.1571734,-141,-972,114
2026-09-13 19:51:40.177,1789339900.1771734,-141,-971,123
2026-09-13 19:51:40.197,1789339900.1971734,-140,-969,129
2026-09-13 19:51:40.217,1789339900.2171733,-143,-965,107
2026-09-13 19:51:40.237,1789339900.2371733,-141,-968,114
2026-09-13 19:51:40.257,1789339900.2571733,-145,-961,125
2026-09-13 19:51:40.277,1789339900.2771735,-147,-962,124
2026-09-13 19:51:40.297,1789339900.2971735,-146,-970,125
2026-09-13 19:51:40.317,1789339900.3171735,-144,-970,119
2026-09-13 19:51:40.337,1789339900.3371735,-142,-969,119
2026-09-13 19:51:40.357,1789339900.3571734,-142,-966,119
2026-09-13 19:51:40.377,1789339900.3771734,-142,-968,119
2026-09-13 19:51:40.397,1789339900.3971734,-142,-967,123
2026-09-13 19:51:40.417,1789339900.4171734,-142,-965,122
2026-09-13 19:51:40.437,1789339900.4371734,-142,-964,122
2026-09-13 19:51:40.457,1789339900.4571733,-142,-967,123
2026-09-13 19:51:40.477,1789339900.4771733,-141,-967,124
2026-09-13 19:51:40.497,1789339900.4971733,-141,-963,109
2026-09-13 19:51:40.517,1789339900.5171735,-141,-970,119
2026-09-13 19:51:40.537,1789339900.5371735,-143,-968,119
2026-09-13 19:51:40.557,1789339900.5571735,-143,-963,120
2026-09-13 19:51:40.577,1789339900.5771735,-146,-966,126
2026-09-13 19:51:40.597,1789339900.5971735,-146,-967,125
2026-09-13 19:51:40.617,1789339900.6171734,-144,-966,123
2026-09-13 19:51:40.637,1789339900.6371734,-144,-967,120
2026-09-13 19:51:40.657,1789339900.6571734,-143,-968,117
2026-09-13 19:51:40.677,1789339900.6771734,-143,-968,118
2026-09-13 19:51:40.697,1789339900.6971734,-142,-969,117
2026-09-13 19:51:40.717,1789339900.7171733,-143,-968,120
2026-09-13 19:51:40.737,1789339900.7371733,-143,-966,119
2026-09-13 19:51:40.757,1789339900.7571733,-143,-966,119
2026-09-13 19:51:40.777,1789339900.7771735,-142,-966,120
2026-09-13 19:51:40.797,1789339900.7971735,-143,-966,120
2026-09-13 19:51:40.817,1789339900.8171735,-143,-966,122
2026-09-13 19:51:40.837,1789339900.8371735,-144,-966,122
2026-09-13 19:51:40.844,1789339900.8446414,-144,-966,119
2026-09-13 19:51:40.864,1789339900.8646414,-143,-967,120
2026-09-13 19:51:40.884,1789339900.8846414,-144,-967,120
2026-09-13 19:51:40.904,1789339900.9046414,-143,-968,119
2026-09-13 19:51:40.924,1789339900.9246414,-143,-969,120
2026-09-13 19:51:40.944,1789339900.9446414,-142,-968,120
2026-09-13 19:51:40.964,1789339900.9646413,-143,-969,120
2026-09-13 19:51:40.984,1789339900.9846416,-144,-964,119
2026-09-13 19:51:41.004,1789339901.0046415,-144,-964,122
2026-09-13 19:51:41.024,1789339901.0246415,-143,-967,125
2026-09-13 19:51:41.044,1789339901.0446415,-145,-967,102
2026-09-13 19:51:41.064,1789339901.0646415,-141,-972,122
2026-09-13 19:51:41.084,1789339901.0846415,-141,-971,126
2026-09-13 19:51:41.104,1789339901.1046414,-143,-966,122
2026-09-13 19:51:41.124,1789339901.1246414,-142,-964,107
2026-09-13 19:51:41.144,1789339901.1446414,-143,-968,121
2026-09-13 19:51:41.164,1789339901.1646414,-145,-959,125
2026-09-13 19:51:41.184,1789339901.1846414,-146,-965,124
2026-09-13 19:51:41.204,1789339901.2046413,-146,-970,122
2026-09-13 19:51:41.224,1789339901.2246416,-143,-969,117
2026-09-13 19:51:41.244,1789339901.2446415,-143,-969,118
2026-09-13 19:51:41.264,1789339901.2646415,-142,-969,119
2026-09-13 19:51:41.284,1789339901.2846415,-142,-967,120
2026-09-13 19:51:41.304,1789339901.3046415,-142,-967,121
2026-09-13 19:51:41.324,1789339901.3246415,-142,-966,121
2026-09-13 19:51:41.344,1789339901.3446414,-141,-965,122
2026-09-13 19:51:41.364,1789339901.3646414,-142,-969,120
2026-09-13 19:51:41.384,1789339901.3846414,-141,-963,123
2026-09-13 19:51:41.404,1789339901.4046414,-143,-965,111
2026-09-13 19:51:41.424,1789339901.4246414,-143,-971,125
2026-09-13 19:51:41.444,1789339901.4446414,-144,-963,117
2026-09-13 19:51:41.464,1789339901.4646413,-143,-965,122
2026-09-13 19:51:41.484,1789339901.4846416,-146,-967,125
2026-09-13 19:51:41.504,1789339901.5046415,-145,-965,123
2026-09-13 19:51:41.524,1789339901.5246415,-144,-966,121
2026-09-13 19:51:41.544,1789339901.5446415,-143,-967,119
2026-09-13 19:51:41.552,1789339901.5522318,-140,-965,120
2026-09-13 19:51:41.572,1789339901.5722318,-142,-967,117
2026-09-13 19:51:41.592,1789339901.5922318,-143,-967,120
2026-09-13 19:51:41.612,1789339901.6122317,-144,-967,121
2026-09-13 19:51:41.632,1789339901.6322317,-142,-967,119
2026-09-13 19:51:41.652,1789339901.6522317,-142,-967,122
2026-09-13 19:51:41.672,1789339901.6722317,-142,-967,121
2026-09-13 19:51:41.692,1789339901.692232,-143,-965,122
2026-09-13 19:51:41.712,1789339901.7122319,-143,-965,122
2026-09-13 19:51:41.732,1789339901.7322319,-144,-966,121
2026-09-13 19:51:41.752,1789339901.7522318,-144,-967,119
2026-09-13 19:51:41.772,1789339901.7722318,-143,-968,121
2026-09-13 19:51:41.792,1789339901.7922318,-144,-968,119
2026-09-13 19:51:41.812,1789339901.8122318,-145,-968,120
2026-09-13 19:51:41.832,1789339901.8322318,-144,-965,121
2026-09-13 19:51:41.852,1789339901.8522317,-143,-967,121
2026-09-13 19:51:41.872,1789339901.8722317,-144,-966,120
2026-09-13 19:51:41.892,1789339901.8922317,-144,-966,121
2026-09-13 19:51:41.912,1789339901.9122317,-144,-968,128
2026-09-13 19:51:41.932,1789339901.932232,-144,-964,104
2026-09-13 19:51:41.952,1789339901.952232,-140,-971,119
2026-09-13 19:51:41.972,1789339901.9722319,-141,-968,124
2026-09-13 19:51:41.992,1789339901.9922318,-141,-966,128
2026-09-13 19:51:42.012,1789339902.0122318,-143,-964,108
2026-09-13 19:51:42.032,1789339902.0322318,-142,-969,116
2026-09-13 19:51:42.052,1789339902.0522318,-145,-961,124
2026-09-13 19:51:42.072,1789339902.0722318,-146,-963,124
2026-09-13 19:51:42.092,1789339902.0922318,-147,-966,126
2026-09-13 19:51:42.112,1789339902.1122317,-145,-969,122
2026-09-13 19:51:42.132,1789339902.1322317,-143,-968,120
2026-09-13 19:51:42.152,1789339902.1522317,-141,-968,119
2026-09-13 19:51:42.172,1789339902.1722317,-143,-969,120
2026-09-13 19:51:42.192,1789339902.192232,-143,-967,121
2026-09-13 19:51:42.212,1789339902.2122319,-143,-965,123
2026-09-13 19:51:42.232,1789339902.2322319,-142,-965,123
2026-09-13 19:51:42.252,1789339902.2522318,-142,-967,121
2026-09-13 19:51:42.259,1789339902.2597306,-141,-965,127
2026-09-13 19:51:42.279,1789339902.2797306,-143,-962,113
2026-09-13 19:51:42.299,1789339902.2997305,-143,-969,126
2026-09-13 19:51:42.319,1789339902.3197305,-145,-964,117
2026-09-13 19:51:42.339,1789339902.3397305,-143,-965,119
2026-09-13 19:51:42.359,1789339902.3597305,-147,-967,126
2026-09-13 19:51:42.379,1789339902.3797305,-146,-966,125
2026-09-13 19:51:42.399,1789339902.3997307,-146,-965,122
2026-09-13 19:51:42.419,1789339902.4197307,-144,-967,121
2026-09-13 19:51:42.439,1789339902.4397306,-144,-969,120
2026-09-13 19:51:42.459,1789339902.4597306,-143,-969,117
2026-09-13 19:51:42.479,1789339902.4797306,-142,-968,120
2026-09-13 19:51:42.499,1789339902.4997306,-143,-967,121
2026-09-13 19:51:42.519,1789339902.5197306,-143,-965,123
2026-09-13 19:51:42.539,1789339902.5397305,-143,-966,122
2026-09-13 19:51:42.559,1789339902.5597305,-143,-966,121
2026-09-13 19:51:42.579,1789339902.5797305,-142,-968,123
2026-09-13 19:51:42.599,1789339902.5997305,-143,-967,122
2026-09-13 19:51:42.619,1789339902.6197305,-143,-965,123
2026-09-13 19:51:42.639,1789339902.6397307,-144,-966,123
2026-09-13 19:51:42.659,1789339902.6597307,-144,-965,123
2026-09-13 19:51:42.679,1789339902.6797307,-144,-966,121
2026-09-13 19:51:42.699,1789339902.6997306,-143,-968,120
2026-09-13 19:51:42.719,1789339902.7197306,-143,-967,121
2026-09-13 19:51:42.739,1789339902.7397306,-144,-966,120
2026-09-13 19:51:42.759,1789339902.7597306,-144,-967,119
2026-09-13 19:51:42.779,1789339902.7797306,-144,-965,121
2026-09-13 19:51:42.799,1789339902.7997305,-145,-965,125
2026-09-13 19:51:42.819,1789339902.8197305,-146,-966,119
2026-09-13 19:51:42.839,1789339902.8397305,-144,-967,106
2026-09-13 19:51:42.859,1789339902.8597305,-142,-971,124
2026-09-13 19:51:42.879,1789339902.8797305,-142,-971,133
2026-09-13 19:51:42.899,1789339902.8997307,-144,-965,116
2026-09-13 19:51:42.919,1789339902.9197307,-142,-967,114
2026-09-13 19:51:42.939,1789339902.9397306,-144,-965,125
2026-09-13 19:51:42.959,1789339902.9597306,-147,-960,124
2026-09-13 19:51:42.967,1789339902.967077,-148,-967,130
2026-09-13 19:51:42.987,1789339902.987077,-146,-970,123
2026-09-13 19:51:43.007,1789339903.007077,-144,-970,119
2026-09-13 19:51:43.027,1789339903.027077,-144,-970,120
2026-09-13 19:51:43.047,1789339903.047077,-142,-968,120
2026-09-13 19:51:43.067,1789339903.067077,-142,-968,122
2026-09-13 19:51:43.087,1789339903.087077,-143,-965,123
2026-09-13 19:51:43.107,1789339903.1070771,-143,-965,125
2026-09-13 19:51:43.127,1789339903.127077,-142,-964,127
2026-09-13 19:51:43.147,1789339903.147077,-142,-968,125
2026-09-13 19:51:43.167,1789339903.167077,-143,-960,121
2026-09-13 19:51:43.187,1789339903.187077,-141,-966,117
2026-09-13 19:51:43.207,1789339903.207077,-144,-968,124
2026-09-13 19:51:43.227,1789339903.227077,-144,-962,119
2026-09-13 19:51:43.247,1789339903.247077,-145,-966,128
2026-09-13 19:51:43.267,1789339903.267077,-148,-968,127
2026-09-13 19:51:43.287,1789339903.287077,-146,-965,125
2026-09-13 19:51:43.307,1789339903.307077,-145,-966,123
2026-09-13 19:51:43.327,1789339903.327077,-144,-965,122
2026-09-13 19:51:43.347,1789339903.3470771,-143,-967,120
2026-09-13 19:51:43.367,1789339903.367077,-144,-967,122
2026-09-13 19:51:43.387,1789339903.387077,-143,-967,122
2026-09-13 19:51:43.407,1789339903.407077,-143,-966,122
2026-09-13 19:51:43.427,1789339903.427077,-143,-965,123
2026-09-13 19:51:43.447,1789339903.447077,-143,-967,123
2026-09-13 19:51:43.467,1789339903.467077,-144,-965,123
2026-09-13 19:51:43.487,1789339903.487077,-143,-966,124
2026-09-13 19:51:43.507,1789339903.507077,-143,-966,123
2026-09-13 19:51:43.527,1789339903.527077,-144,-966,124
2026-09-13 19:51:43.547,1789339903.547077,-144,-966,122
2026-09-13 19:51:43.567,1789339903.567077,-144,-966,124
2026-09-13 19:51:43.587,1789339903.587077,-145,-969,124
2026-09-13 19:51:43.607,1789339903.6070771,-144,-968,121
2026-09-13 19:51:43.627,1789339903.627077,-144,-967,125
2026-09-13 19:51:43.647,1789339903.647077,-145,-966,123
2026-09-13 19:51:43.667,1789339903.667077,-145,-964,122
2026-09-13 19:51:43.674,1789339903.674759,-145,-966,126
2026-09-13 19:51:43.694,1789339903.694759,-145,-964,126
2026-09-13 19:51:43.714,1789339903.7147589,-145,-967,105
2026-09-13 19:51:43.734,1789339903.7347589,-142,-972,125
2026-09-13 19:51:43.754,1789339903.7547588,-142,-970,131
2026-09-13 19:51:43.774,1789339903.7747588,-144,-966,122
2026-09-13 19:51:43.794,1789339903.7947588,-143,-967,111
2026-09-13 19:51:43.814,1789339903.814759,-143,-967,124
2026-09-13 19:51:43.834,1789339903.834759,-146,-960,126
2026-09-13 19:51:43.854,1789339903.854759,-145,-965,129
2026-09-13 19:51:43.874,1789339903.874759,-148,-968,126
2026-09-13 19:51:43.894,1789339903.894759,-145,-969,121
2026-09-13 19:51:43.914,1789339903.914759,-144,-970,122
2026-09-13 19:51:43.934,1789339903.934759,-143,-970,122
2026-09-13 19:51:43.954,1789339903.954759,-143,-968,124
2026-09-13 19:51:43.974,1789339903.9747589,-144,-966,124
2026-09-13 19:51:43.994,1789339903.9947588,-143,-965,128
2026-09-13 19:51:44.014,1789339904.0147588,-143,-965,126
2026-09-13 19:51:44.034,1789339904.0347588,-143,-969,126
2026-09-13 19:51:44.054,1789339904.054759,-143,-962,124
2026-09-13 19:51:44.074,1789339904.074759,-143,-966,117
2026-09-13 19:51:44.094,1789339904.094759,-145,-969,128
2026-09-13 19:51:44.114,1789339904.114759,-145,-965,119
2026-09-13 19:51:44.134,1789339904.134759,-145,-967,127
2026-09-13 19:51:44.154,1789339904.154759,-149,-968,127
2026-09-13 19:51:44.174,1789339904.174759,-146,-968,128
2026-09-13 19:51:44.194,1789339904.194759,-146,-966,127
2026-09-13 19:51:44.214,1789339904.2147589,-144,-967,123
2026-09-13 19:51:44.234,1789339904.2347589,-144,-967,120
2026-09-13 19:51:44.254,1789339904.2547588,-144,-967,122
2026-09-13 19:51:44.274,1789339904.2747588,-144,-966,122
2026-09-13 19:51:44.294,1789339904.2947588,-144,-968,123
2026-09-13 19:51:44.314,1789339904.314759,-143,-967,123
2026-09-13 19:51:44.334,1789339904.334759,-143,-966,126
2026-09-13 19:51:44.354,1789339904.354759,-144,-967,124
2026-09-13 19:51:44.374,1789339904.374759,-144,-968,125
2026-09-13 19:51:44.382,1789339904.3823493,-143,-967,125
2026-09-13 19:51:44.402,1789339904.4023492,-144,-966,125
2026-09-13 19:51:44.422,1789339904.4223492,-145,-966,126
2026-09-13 19:51:44.442,1789339904.4423492,-145,-968,125
2026-09-13 19:51:44.462,1789339904.4623492,-145,-968,125
2026-09-13 19:51:44.482,1789339904.4823492,-145,-968,123
2026-09-13 19:51:44.502,1789339904.5023491,-144,-966,123
2026-09-13 19:51:44.522,1789339904.5223494,-145,-966,126
2026-09-13 19:51:44.542,1789339904.5423493,-145,-966,123
2026-09-13 19:51:44.562,1789339904.5623493,-146,-966,124
2026-09-13 19:51:44.582,1789339904.5823493,-144,-967,132
2026-09-13 19:51:44.602,1789339904.6023493,-145,-964,114
2026-09-13 19:51:44.622,1789339904.6223493,-142,-970,117
2026-09-13 19:51:44.642,1789339904.6423492,-144,-968,126
2026-09-13 19:51:44.662,1789339904.6623492,-141,-969,135
2026-09-13 19:51:44.682,1789339904.6823492,-145,-964,115
2026-09-13 19:51:44.702,1789339904.7023492,-143,-969,120
2026-09-13 19:51:44.722,1789339904.7223492,-146,-961,130
2026-09-13 19:51:44.742,1789339904.7423491,-148,-961,130
2026-09-13 19:51:44.762,1789339904.7623494,-149,-967,128
2026-09-13 19:51:44.782,1789339904.7823493,-145,-968,121
2026-09-13 19:51:44.802,1789339904.8023493,-143,-971,120
2026-09-13 19:51:44.822,1789339904.8223493,-143,-968,121
2026-09-13 19:51:44.842,1789339904.8423493,-143,-971,122
2026-09-13 19:51:44.862,1789339904.8623493,-144,-968,124
2026-09-13 19:51:44.882,1789339904.8823493,-145,-964,127
2026-09-13 19:51:44.902,1789339904.9023492,-144,-964,127
2026-09-13 19:51:44.922,1789339904.9223492,-143,-967,127
2026-09-13 19:51:44.942,1789339904.9423492,-141,-967,128
2026-09-13 19:51:44.962,1789339904.9623492,-143,-964,117
2026-09-13 19:51:44.982,1789339904.9823492,-143,-968,123
2026-09-13 19:51:45.002,1789339905.0023491,-146,-967,126
2026-09-13 19:51:45.022,1789339905.0223494,-145,-965,125
2026-09-13 19:51:45.042,1789339905.0423493,-148,-966,129
2026-09-13 19:51:45.062,1789339905.0623493,-149,-968,127
2026-09-13 19:51:45.082,1789339905.0823493,-146,-967,127
2026-09-13 19:51:45.089,1789339905.0899088,-145,-966,126
2026-09-13 19:51:45.109,1789339905.1099088,-145,-966,123
2026-09-13 19:51:45.129,1789339905.1299088,-144,-968,122
2026-09-13 19:51:45.149,1789339905.1499088,-144,-967,122
2026-09-13 19:51:45.169,1789339905.1699088,-144,-968,124
2026-09-13 19:51:45.189,1789339905.1899087,-145,-968,123
2026-09-13 19:51:45.209,1789339905.2099087,-144,-967,125
2026-09-13 19:51:45.229,1789339905.229909,-143,-967,126
2026-09-13 19:51:45.249,1789339905.249909,-144,-967,127
2026-09-13 19:51:45.269,1789339905.269909,-144,-966,125
2026-09-13 19:51:45.289,1789339905.289909,-145,-965,126
2026-09-13 19:51:45.309,1789339905.3099089,-145,-965,125
2026-09-13 19:51:45.329,1789339905.3299088,-145,-965,124
2026-09-13 19:51:45.349,1789339905.3499088,-145,-967,123
2026-09-13 19:51:45.369,1789339905.3699088,-145,-966,124
2026-09-13 19:51:45.389,1789339905.3899088,-145,-967,126
2026-09-13 19:51:45.409,1789339905.4099088,-146,-968,124
2026-09-13 19:51:45.429,1789339905.4299088,-145,-966,122
2026-09-13 19:51:45.449,1789339905.4499087,-146,-967,127
2026-09-13 19:51:45.469,1789339905.469909,-145,-966,128
2026-09-13 19:51:45.489,1789339905.489909,-146,-966,107
2026-09-13 19:51:45.509,1789339905.509909,-142,-972,124
2026-09-13 19:51:45.529,1789339905.529909,-142,-969,131
2026-09-13 19:51:45.549,1789339905.5499089,-145,-964,124
2026-09-13 19:51:45.569,1789339905.5699089,-142,-964,112
2026-09-13 19:51:45.589,1789339905.5899088,-144,-965,125
2026-09-13 19:51:45.609,1789339905.6099088,-147,-960,129
2026-09-13 19:51:45.629,1789339905.6299088,-147,-964,130
2026-09-13 19:51:45.649,1789339905.6499088,-147,-967,128
2026-09-13 19:51:45.669,1789339905.6699088,-146,-968,124
2026-09-13 19:51:45.689,1789339905.6899087,-143,-968,121
2026-09-13 19:51:45.709,1789339905.7099087,-143,-967,123
2026-09-13 19:51:45.729,1789339905.729909,-143,-966,125
2026-09-13 19:51:45.749,1789339905.749909,-144,-967,126
2026-09-13 19:51:45.769,1789339905.769909,-143,-964,127
2026-09-13 19:51:45.789,1789339905.789909,-143,-965,127
2026-09-13 19:51:45.797,1789339905.7971637,-143,-969,127
2026-09-13 19:51:45.817,1789339905.8171637,-144,-961,124
2026-09-13 19:51:45.837,1789339905.8371637,-143,-968,118
2026-09-13 19:51:45.857,1789339905.8571637,-145,-971,128
2026-09-13 19:51:45.877,1789339905.8771636,-145,-966,122
2026-09-13 19:51:45.897,1789339905.8971636,-146,-965,128
2026-09-13 19:51:45.917,1789339905.9171636,-149,-964,130
2026-09-13 19:51:45.937,1789339905.9371638,-147,-966,128
2026-09-13 19:51:45.957,1789339905.9571638,-145,-966,125
2026-09-13 19:51:45.977,1789339905.9771638,-145,-967,126
2026-09-13 19:51:45.997,1789339905.9971638,-144,-968,123
2026-09-13 19:51:46.017,1789339906.0171638,-144,-967,124
2026-09-13 19:51:46.037,1789339906.0371637,-144,-966,125
2026-09-13 19:51:46.057,1789339906.0571637,-144,-968,125
2026-09-13 19:51:46.077,1789339906.0771637,-144,-965,124
2026-09-13 19:51:46.097,1789339906.0971637,-143,-966,123
2026-09-13 19:51:46.117,1789339906.1171637,-144,-967,125
2026-09-13 19:51:46.137,1789339906.1371636,-144,-967,126
2026-09-13 19:51:46.157,1789339906.1571636,-144,-965,124
2026-09-13 19:51:46.177,1789339906.1771638,-145,-964,126
2026-09-13 19:51:46.197,1789339906.1971638,-145,-965,126
2026-09-13 19:51:46.217,1789339906.2171638,-145,-966,124
2026-09-13 19:51:46.237,1789339906.2371638,-144,-967,123
2026-09-13 19:51:46.257,1789339906.2571638,-145,-967,124
2026-09-13 19:51:46.277,1789339906.2771637,-145,-968,123
2026-09-13 19:51:46.297,1789339906.2971637,-145,-968,124
2026-09-13 19:51:46.317,1789339906.3171637,-145,-967,124
2026-09-13 19:51:46.337,1789339906.3371637,-146,-966,123
2026-09-13 19:51:46.357,1789339906.3571637,-145,-965,127
2026-09-13 19:51:46.377,1789339906.3771636,-147,-965,122
2026-09-13 19:51:46.397,1789339906.3971636,-146,-968,110
2026-09-13 19:51:46.417,1789339906.4171636,-142,-972,125
2026-09-13 19:51:46.437,1789339906.4371638,-142,-969,134
2026-09-13 19:51:46.457,1789339906.4571638,-144,-964,121
2026-09-13 19:51:46.477,1789339906.4771638,-143,-967,116
2026-09-13 19:51:46.497,1789339906.4971638,-145,-966,126
2026-09-13 19:51:46.503,1789339906.503747,-146,-958,130
2026-09-13 19:51:46.523,1789339906.523747,-148,-964,129
2026-09-13 19:51:46.543,1789339906.543747,-148,-969,126
2026-09-13 19:51:46.563,1789339906.563747,-146,-970,122
2026-09-13 19:51:46.583,1789339906.583747,-144,-969,123
2026-09-13 19:51:46.603,1789339906.603747,-143,-967,123
2026-09-13 19:51:46.623,1789339906.6237469,-143,-967,126
2026-09-13 19:51:46.643,1789339906.643747,-144,-966,125
2026-09-13 19:51:46.663,1789339906.663747,-143,-964,126
2026-09-13 19:51:46.683,1789339906.683747,-143,-965,128
2026-09-13 19:51:46.703,1789339906.703747,-143,-967,127
2026-09-13 19:51:46.723,1789339906.723747,-143,-961,120
2026-09-13 19:51:46.743,1789339906.743747,-144,-966,119
2026-09-13 19:51:46.763,1789339906.763747,-146,-970,129
2026-09-13 19:51:46.783,1789339906.783747,-144,-964,122
2026-09-13 19:51:46.803,1789339906.803747,-146,-964,128
2026-09-13 19:51:46.823,1789339906.823747,-149,-965,129
2026-09-13 19:51:46.843,1789339906.843747,-147,-965,127
2026-09-13 19:51:46.863,1789339906.863747,-146,-966,124
2026-09-13 19:51:46.883,1789339906.883747,-144,-966,122
2026-09-13 19:51:46.903,1789339906.903747,-144,-967,121
2026-09-13 19:51:46.923,1789339906.923747,-145,-967,119
2026-09-13 19:51:46.943,1789339906.943747,-144,-967,124
2026-09-13 19:51:46.963,1789339906.963747,-144,-969,125
2026-09-13 19:51:46.983,1789339906.983747,-144,-966,123
2026-09-13 19:51:47.003,1789339907.003747,-143,-965,123
2026-09-13 19:51:47.023,1789339907.023747,-144,-966,124
2026-09-13 19:51:47.043,1789339907.043747,-143,-965,126
2026-09-13 19:51:47.063,1789339907.063747,-144,-966,123
2026-09-13 19:51:47.083,1789339907.083747,-145,-965,124
2026-09-13 19:51:47.103,1789339907.103747,-144,-966,124
2026-09-13 19:51:47.123,1789339907.1237469,-145,-966,124
2026-09-13 19:51:47.143,1789339907.143747,-145,-966,122
2026-09-13 19:51:47.163,1789339907.163747,-145,-967,124
2026-09-13 19:51:47.183,1789339907.183747,-145,-966,125
2026-09-13 19:51:47.203,1789339907.203747,-145,-967,126
2026-09-13 19:51:47.210,1789339907.2105134,-146,-964,124
2026-09-13 19:51:47.230,1789339907.2305133,-145,-965,124
2026-09-13 19:51:47.250,1789339907.2505133,-144,-965,132
2026-09-13 19:51:47.270,1789339907.2705133,-145,-964,113
2026-09-13 19:51:47.290,1789339907.2905133,-143,-971,123
2026-09-13 19:51:47.310,1789339907.3105133,-144,-969,126
2026-09-13 19:51:47.330,1789339907.3305132,-142,-969,133
2026-09-13 19:51:47.350,1789339907.3505135,-144,-963,115
2026-09-13 19:51:47.370,1789339907.3705134,-144,-967,120
2026-09-13 19:51:47.390,1789339907.3905134,-146,-962,128
2026-09-13 19:51:47.410,1789339907.4105134,-148,-961,129
2026-09-13 19:51:47.430,1789339907.4305134,-149,-967,130
2026-09-13 19:51:47.450,1789339907.4505134,-148,-969,124
2026-09-13 19:51:47.470,1789339907.4705133,-145,-971,124
2026-09-13 19:51:47.490,1789339907.4905133,-144,-970,123
2026-09-13 19:51:47.510,1789339907.5105133,-143,-968,123
2026-09-13 19:51:47.530,1789339907.5305133,-144,-966,126
2026-09-13 19:51:47.550,1789339907.5505133,-144,-964,127
2026-09-13 19:51:47.570,1789339907.5705132,-144,-964,127
2026-09-13 19:51:47.590,1789339907.5905135,-143,-968,126
2026-09-13 19:51:47.610,1789339907.6105134,-142,-966,128
2026-09-13 19:51:47.630,1789339907.6305134,-144,-961,118
2026-09-13 19:51:47.650,1789339907.6505134,-143,-968,125
2026-09-13 19:51:47.670,1789339907.6705134,-147,-966,125
2026-09-13 19:51:47.690,1789339907.6905134,-144,-964,124
2026-09-13 19:51:47.710,1789339907.7105134,-148,-966,129
2026-09-13 19:51:47.730,1789339907.7305133,-148,-965,128
2026-09-13 19:51:47.750,1789339907.7505133,-148,-965,127
2026-09-13 19:51:47.770,1789339907.7705133,-145,-965,125
2026-09-13 19:51:47.790,1789339907.7905133,-144,-967,123
2026-09-13 19:51:47.810,1789339907.8105133,-144,-967,122
2026-09-13 19:51:47.830,1789339907.8305132,-144,-968,123
2026-09-13 19:51:47.850,1789339907.8505135,-145,-967,125
2026-09-13 19:51:47.870,1789339907.8705134,-143,-967,125
2026-09-13 19:51:47.890,1789339907.8905134,-143,-966,125
2026-09-13 19:51:47.910,1789339907.9105134,-144,-965,126
2026-09-13 19:51:47.917,1789339907.9172184,-144,-965,125
2026-09-13 19:51:47.937,1789339907.9372184,-145,-965,126
2026-09-13 19:51:47.957,1789339907.9572184,-145,-964,125
2026-09-13 19:51:47.977,1789339907.9772184,-145,-963,123
2026-09-13 19:51:47.997,1789339907.9972184,-145,-965,125
2026-09-13 19:51:48.017,1789339908.0172184,-145,-965,124
2026-09-13 19:51:48.037,1789339908.0372183,-145,-967,122
2026-09-13 19:51:48.057,1789339908.0572186,-145,-967,125
2026-09-13 19:51:48.077,1789339908.0772185,-144,-967,125
2026-09-13 19:51:48.097,1789339908.0972185,-145,-964,125
2026-09-13 19:51:48.117,1789339908.1172185,-146,-964,124
2026-09-13 19:51:48.137,1789339908.1372185,-145,-964,129
2026-09-13 19:51:48.157,1789339908.1572185,-145,-964,117
2026-09-13 19:51:48.177,1789339908.1772184,-143,-968,115
2026-09-13 19:51:48.197,1789339908.1972184,-144,-971,125
2026-09-13 19:51:48.217,1789339908.2172184,-142,-968,134
2026-09-13 19:51:48.237,1789339908.2372184,-145,-962,115
2026-09-13 19:51:48.257,1789339908.2572184,-143,-966,116
2026-09-13 19:51:48.277,1789339908.2772183,-146,-961,128
2026-09-13 19:51:48.297,1789339908.2972186,-147,-959,127
2026-09-13 19:51:48.317,1789339908.3172185,-147,-966,129
2026-09-13 19:51:48.337,1789339908.3372185,-148,-967,124
2026-09-13 19:51:48.357,1789339908.3572185,-145,-968,120
2026-09-13 19:51:48.377,1789339908.3772185,-144,-968,121
2026-09-13 19:51:48.397,1789339908.3972185,-143,-966,122
2026-09-13 19:51:48.417,1789339908.4172184,-144,-964,125
2026-09-13 19:51:48.437,1789339908.4372184,-143,-964,125
2026-09-13 19:51:48.457,1789339908.4572184,-143,-962,126
2026-09-13 19:51:48.477,1789339908.4772184,-142,-965,125
2026-09-13 19:51:48.497,1789339908.4972184,-142,-968,128
2026-09-13 19:51:48.517,1789339908.5172184,-144,-960,118
2026-09-13 19:51:48.537,1789339908.5372183,-144,-965,123
2026-09-13 19:51:48.557,1789339908.5572186,-146,-968,127
2026-09-13 19:51:48.577,1789339908.5772185,-144,-961,122
2026-09-13 19:51:48.597,1789339908.5972185,-146,-962,130
2026-09-13 19:51:48.617,1789339908.6172185,-148,-964,128
2026-09-13 19:51:48.623,1789339908.623924,-146,-962,125
2026-09-13 19:51:48.643,1789339908.643924,-145,-966,126
2026-09-13 19:51:48.663,1789339908.663924,-144,-967,124
2026-09-13 19:51:48.683,1789339908.683924,-143,-965,123
2026-09-13 19:51:48.703,1789339908.703924,-143,-966,124
2026-09-13 19:51:48.723,1789339908.723924,-145,-965,124
2026-09-13 19:51:48.743,1789339908.743924,-144,-965,126
2026-09-13 19:51:48.763,1789339908.7639241,-144,-964,125
2026-09-13 19:51:48.783,1789339908.783924,-144,-966,125
2026-09-13 19:51:48.803,1789339908.803924,-143,-964,127
2026-09-13 19:51:48.823,1789339908.823924,-143,-963,125
2026-09-13 19:51:48.843,1789339908.843924,-144,-965,124
2026-09-13 19:51:48.863,1789339908.863924,-145,-966,125
2026-09-13 19:51:48.883,1789339908.883924,-145,-965,125
2026-09-13 19:51:48.903,1789339908.903924,-145,-964,125
2026-09-13 19:51:48.923,1789339908.923924,-146,-966,125
2026-09-13 19:51:48.943,1789339908.943924,-145,-966,125
2026-09-13 19:51:48.963,1789339908.963924,-144,-967,125
2026-09-13 19:51:48.983,1789339908.983924,-144,-965,125
2026-09-13 19:51:49.003,1789339909.0039241,-144,-963,127
2026-09-13 19:51:49.023,1789339909.023924,-146,-962,130
2026-09-13 19:51:49.043,1789339909.043924,-145,-965,129
2026-09-13 19:51:49.063,1789339909.063924,-146,-964,110
2026-09-13 19:51:49.083,1789339909.083924,-142,-970,127
2026-09-13 19:51:49.103,1789339909.103924,-143,-967,132
2026-09-13 19:51:49.123,1789339909.123924,-144,-964,128
2026-09-13 19:51:49.143,1789339909.143924,-144,-964,116
2026-09-13 19:51:49.163,1789339909.163924,-144,-964,127
2026-09-13 19:51:49.183,1789339909.183924,-147,-957,130
2026-09-13 19:51:49.203,1789339909.203924,-147,-962,131
2026-09-13 19:51:49.223,1789339909.223924,-147,-967,129
2026-09-13 19:51:49.243,1789339909.243924,-146,-968,124
2026-09-13 19:51:49.263,1789339909.2639241,-144,-968,124
2026-09-13 19:51:49.283,1789339909.283924,-144,-966,125
2026-09-13 19:51:49.303,1789339909.303924,-143,-965,126
2026-09-13 19:51:49.323,1789339909.323924,-143,-966,126
2026-09-13 19:51:49.330,1789339909.3308427,-144,-964,129
2026-09-13 19:51:49.350,1789339909.3508427,-143,-963,128
2026-09-13 19:51:49.370,1789339909.3708427,-143,-969,128
2026-09-13 19:51:49.390,1789339909.3908427,-143,-961,127
2026-09-13 19:51:49.410,1789339909.4108427,-144,-966,117
2026-09-13 19:51:49.430,1789339909.4308426,-144,-968,129
2026-09-13 19:51:49.450,1789339909.4508426,-145,-964,122
2026-09-13 19:51:49.470,1789339909.4708428,-145,-965,130
2026-09-13 19:51:49.490,1789339909.4908428,-149,-967,133
2026-09-13 19:51:49.510,1789339909.5108428,-148,-967,129
2026-09-13 19:51:49.530,1789339909.5308428,-146,-964,128
2026-09-13 19:51:49.550,1789339909.5508428,-145,-966,126
2026-09-13 19:51:49.570,1789339909.5708427,-144,-968,126
2026-09-13 19:51:49.590,1789339909.5908427,-145,-968,122
2026-09-13 19:51:49.610,1789339909.6108427,-144,-967,126
2026-09-13 19:51:49.630,1789339909.6308427,-144,-966,128
2026-09-13 19:51:49.650,1789339909.6508427,-144,-965,127
2026-09-13 19:51:49.670,1789339909.6708426,-144,-965,127
2026-09-13 19:51:49.690,1789339909.6908426,-144,-967,127
2026-09-13 19:51:49.710,1789339909.7108428,-144,-966,126
2026-09-13 19:51:49.730,1789339909.7308428,-144,-964,127
2026-09-13 19:51:49.750,1789339909.7508428,-144,-964,127
2026-09-13 19:51:49.770,1789339909.7708428,-145,-965,129
2026-09-13 19:51:49.790,1789339909.7908428,-146,-966,124
2026-09-13 19:51:49.810,1789339909.8108428,-146,-968,125
2026-09-13 19:51:49.830,1789339909.8308427,-144,-967,123
2026-09-13 19:51:49.850,1789339909.8508427,-146,-966,127
2026-09-13 19:51:49.870,1789339909.8708427,-145,-967,126
2026-09-13 19:51:49.890,1789339909.8908427,-146,-963,124
2026-09-13 19:51:49.910,1789339909.9108427,-146,-963,129
2026-09-13 19:51:49.930,1789339909.9308426,-146,-964,127
2026-09-13 19:51:49.950,1789339909.9508426,-146,-964,110
2026-09-13 19:51:49.970,1789339909.9708428,-142,-971,129
2026-09-13 19:51:49.990,1789339909.9908428,-143,-969,133
2026-09-13 19:51:50.010,1789339910.0108428,-145,-964,125
2026-09-13 19:51:50.030,1789339910.0308428,-145,-965,114
2026-09-13 19:51:50.038,1789339910.0380363,-145,-966,127
2026-09-13 19:51:50.058,1789339910.0580363,-147,-959,131
2026-09-13 19:51:50.078,1789339910.0780363,-148,-963,132
2026-09-13 19:51:50.098,1789339910.0980363,-149,-966,131
2026-09-13 19:51:50.118,1789339910.1180363,-147,-968,126
2026-09-13 19:51:50.138,1789339910.1380363,-145,-970,125
2026-09-13 19:51:50.158,1789339910.1580362,-144,-967,127
2026-09-13 19:51:50.178,1789339910.1780365,-143,-967,127
2026-09-13 19:51:50.198,1789339910.1980364,-143,-965,129
2026-09-13 19:51:50.218,1789339910.2180364,-144,-964,131
2026-09-13 19:51:50.238,1789339910.2380364,-143,-964,129
2026-09-13 19:51:50.258,1789339910.2580364,-144,-968,130
2026-09-13 19:51:50.278,1789339910.2780364,-144,-962,127
2026-09-13 19:51:50.298,1789339910.2980363,-145,-964,120
2026-09-13 19:51:50.318,1789339910.3180363,-145,-969,130
2026-09-13 19:51:50.338,1789339910.3380363,-144,-963,123
2026-09-13 19:51:50.358,1789339910.3580363,-146,-966,131
2026-09-13 19:51:50.378,1789339910.3780363,-149,-966,133
2026-09-13 19:51:50.398,1789339910.3980362,-147,-965,131
2026-09-13 19:51:50.418,1789339910.4180365,-147,-964,129
2026-09-13 19:51:50.438,1789339910.4380364,-145,-967,126
2026-09-13 19:51:50.458,1789339910.4580364,-144,-968,125
2026-09-13 19:51:50.478,1789339910.4780364,-144,-969,126
2026-09-13 19:51:50.498,1789339910.4980364,-144,-968,127
2026-09-13 19:51:50.518,1789339910.5180364,-145,-967,126
2026-09-13 19:51:50.538,1789339910.5380363,-145,-964,128
2026-09-13 19:51:50.558,1789339910.5580363,-145,-966,127
2026-09-13 19:51:50.578,1789339910.5780363,-144,-965,129
2026-09-13 19:51:50.598,1789339910.5980363,-144,-965,129
2026-09-13 19:51:50.618,1789339910.6180363,-144,-965,128
2026-09-13 19:51:50.638,1789339910.6380363,-145,-964,127
2026-09-13 19:51:50.658,1789339910.6580362,-146,-963,128
2026-09-13 19:51:50.678,1789339910.6780365,-145,-966,127
2026-09-13 19:51:50.698,1789339910.6980364,-145,-966,126
2026-09-13 19:51:50.718,1789339910.7180364,-145,-965,127
2026-09-13 19:51:50.738,1789339910.7380364,-145,-965,127
2026-09-13 19:51:50.745,1789339910.745047,-146,-967,127
2026-09-13 19:51:50.765,1789339910.765047,-146,-966,127
2026-09-13 19:51:50.785,1789339910.785047,-146,-962,133
2026-09-13 19:51:50.805,1789339910.805047,-146,-962,127
2026-09-13 19:51:50.825,1789339910.825047,-145,-965,116
2026-09-13 19:51:50.845,1789339910.845047,-143,-971,129
2026-09-13 19:51:50.865,1789339910.865047,-142,-969,135
2026-09-13 19:51:50.885,1789339910.8850472,-144,-963,123
2026-09-13 19:51:50.905,1789339910.9050472,-143,-966,118
2026-09-13 19:51:50.925,1789339910.9250472,-145,-964,129
2026-09-13 19:51:50.945,1789339910.9450471,-147,-958,131
2026-09-13 19:51:50.965,1789339910.9650471,-148,-963,132
2026-09-13 19:51:50.985,1789339910.985047,-149,-968,128
2026-09-13 19:51:51.005,1789339911.005047,-145,-970,124
2026-09-13 19:51:51.025,1789339911.025047,-145,-968,125
2026-09-13 19:51:51.045,1789339911.045047,-143,-966,129
2026-09-13 19:51:51.065,1789339911.065047,-143,-965,129
2026-09-13 19:51:51.085,1789339911.085047,-144,-964,131
2026-09-13 19:51:51.105,1789339911.105047,-144,-962,130
2026-09-13 19:51:51.125,1789339911.1250472,-143,-962,130
2026-09-13 19:51:51.145,1789339911.1450472,-142,-968,130
2026-09-13 19:51:51.165,1789339911.1650472,-143,-960,126
2026-09-13 19:51:51.185,1789339911.1850471,-144,-966,123
2026-09-13 19:51:51.205,1789339911.2050471,-146,-968,131
2026-09-13 19:51:51.225,1789339911.225047,-146,-961,125
2026-09-13 19:51:51.245,1789339911.245047,-147,-964,132
2026-09-13 19:51:51.265,1789339911.265047,-150,-967,132
2026-09-13 19:51:51.285,1789339911.285047,-148,-964,129
2026-09-13 19:51:51.305,1789339911.305047,-146,-964,128
2026-09-13 19:51:51.325,1789339911.325047,-145,-964,128
2026-09-13 19:51:51.345,1789339911.345047,-144,-967,125
2026-09-13 19:51:51.365,1789339911.365047,-144,-966,126
2026-09-13 19:51:51.385,1789339911.3850472,-145,-965,128
2026-09-13 19:51:51.405,1789339911.4050472,-145,-967,129
2026-09-13 19:51:51.425,1789339911.4250472,-144,-965,126
2026-09-13 19:51:51.445,1789339911.4450471,-143,-965,129
2026-09-13 19:51:51.452,1789339911.4521184,-144,-965,128
2026-09-13 19:51:51.472,1789339911.4721184,-144,-963,130
2026-09-13 19:51:51.492,1789339911.4921184,-144,-963,129
2026-09-13 19:51:51.512,1789339911.5121183,-145,-963,129
2026-09-13 19:51:51.532,1789339911.5321183,-145,-965,130
2026-09-13 19:51:51.552,1789339911.5521183,-146,-965,126
2026-09-13 19:51:51.572,1789339911.5721183,-145,-967,128
2026-09-13 19:51:51.592,1789339911.5921185,-145,-967,126
2026-09-13 19:51:51.612,1789339911.6121185,-146,-965,128
2026-09-13 19:51:51.632,1789339911.6321185,-145,-965,127
2026-09-13 19:51:51.652,1789339911.6521184,-145,-962,127
2026-09-13 19:51:51.672,1789339911.6721184,-147,-963,132
2026-09-13 19:51:51.692,1789339911.6921184,-145,-963,127
2026-09-13 19:51:51.712,1789339911.7121184,-145,-965,114
2026-09-13 19:51:51.732,1789339911.7321184,-143,-971,131
2026-09-13 19:51:51.752,1789339911.7521183,-143,-968,135
2026-09-13 19:51:51.772,1789339911.7721183,-145,-964,126
2026-09-13 19:51:51.792,1789339911.7921183,-143,-967,120
2026-09-13 19:51:51.812,1789339911.8121183,-146,-965,130
2026-09-13 19:51:51.832,1789339911.8321185,-147,-958,131
2026-09-13 19:51:51.852,1789339911.8521185,-146,-962,131
2026-09-13 19:51:51.872,1789339911.8721185,-147,-965,131
2026-09-13 19:51:51.892,1789339911.8921185,-145,-967,126
2026-09-13 19:51:51.912,1789339911.9121184,-144,-967,127
2026-09-13 19:51:51.932,1789339911.9321184,-143,-968,128
2026-09-13 19:51:51.952,1789339911.9521184,-142,-967,127
2026-09-13 19:51:51.972,1789339911.9721184,-143,-965,128
2026-09-13 19:51:51.992,1789339911.9921184,-144,-962,130
2026-09-13 19:51:52.012,1789339912.0121183,-144,-963,130
2026-09-13 19:51:52.032,1789339912.0321183,-143,-968,129
2026-09-13 19:51:52.052,1789339912.0521183,-143,-959,125
2026-09-13 19:51:52.072,1789339912.0721183,-144,-965,123
2026-09-13 19:51:52.092,1789339912.0921185,-145,-967,131
2026-09-13 19:51:52.112,1789339912.1121185,-145,-961,124
2026-09-13 19:51:52.132,1789339912.1321185,-146,-964,131
2026-09-13 19:51:52.152,1789339912.1521184,-149,-966,132
2026-09-13 19:51:52.158,1789339912.1588848,-147,-964,132
2026-09-13 19:51:52.178,1789339912.1788847,-146,-963,130
2026-09-13 19:51:52.198,1789339912.1988847,-146,-965,126
2026-09-13 19:51:52.218,1789339912.2188847,-144,-967,126
2026-09-13 19:51:52.238,1789339912.2388847,-144,-969,127
2026-09-13 19:51:52.258,1789339912.2588847,-144,-966,128
2026-09-13 19:51:52.278,1789339912.2788846,-145,-963,129
2026-09-13 19:51:52.298,1789339912.2988849,-145,-964,128
2026-09-13 19:51:52.318,1789339912.3188848,-144,-966,129
2026-09-13 19:51:52.338,1789339912.3388848,-144,-965,127
2026-09-13 19:51:52.358,1789339912.3588848,-143,-963,128
2026-09-13 19:51:52.378,1789339912.3788848,-144,-964,128
2026-09-13 19:51:52.398,1789339912.3988848,-144,-963,128
2026-09-13 19:51:52.418,1789339912.4188848,-146,-965,129
2026-09-13 19:51:52.438,1789339912.4388847,-146,-965,128
2026-09-13 19:51:52.458,1789339912.4588847,-145,-967,127
2026-09-13 19:51:52.478,1789339912.4788847,-145,-967,126
2026-09-13 19:51:52.498,1789339912.4988847,-145,-965,127
2026-09-13 19:51:52.518,1789339912.5188847,-145,-964,126
2026-09-13 19:51:52.538,1789339912.5388849,-146,-963,130
2026-09-13 19:51:52.558,1789339912.5588849,-146,-966,132
2026-09-13 19:51:52.578,1789339912.5788848,-147,-965,113
2026-09-13 19:51:52.598,1789339912.5988848,-143,-971,128
2026-09-13 19:51:52.618,1789339912.6188848,-144,-968,130
2026-09-13 19:51:52.638,1789339912.6388848,-144,-966,132
2026-09-13 19:51:52.658,1789339912.6588848,-144,-964,120
2026-09-13 19:51:52.678,1789339912.6788847,-144,-967,126
2026-09-13 19:51:52.698,1789339912.6988847,-147,-960,132
2026-09-13 19:51:52.718,1789339912.7188847,-147,-961,133
2026-09-13 19:51:52.738,1789339912.7388847,-149,-966,132
2026-09-13 19:51:52.758,1789339912.7588847,-147,-967,129
2026-09-13 19:51:52.778,1789339912.7788846,-145,-967,128
2026-09-13 19:51:52.798,1789339912.7988849,-143,-966,129
2026-09-13 19:51:52.818,1789339912.8188848,-143,-966,128
2026-09-13 19:51:52.838,1789339912.8388848,-145,-965,130
2026-09-13 19:51:52.858,1789339912.8588848,-145,-963,131
2026-09-13 19:51:52.865,1789339912.8659258,-143,-963,129
2026-09-13 19:51:52.885,1789339912.8859258,-143,-966,131
2026-09-13 19:51:52.905,1789339912.9059258,-143,-963,132
2026-09-13 19:51:52.925,1789339912.9259257,-145,-963,122
2026-09-13 19:51:52.945,1789339912.9459257,-145,-970,130
2026-09-13 19:51:52.965,1789339912.9659257,-146,-965,126
2026-09-13 19:51:52.985,1789339912.9859257,-145,-966,129
2026-09-13 19:51:53.005,1789339913.005926,-149,-966,131
2026-09-13 19:51:53.025,1789339913.0259259,-147,-966,132
2026-09-13 19:51:53.045,1789339913.0459259,-147,-964,131
2026-09-13 19:51:53.065,1789339913.0659258,-146,-964,128
2026-09-13 19:51:53.085,1789339913.0859258,-144,-966,126
2026-09-13 19:51:53.105,1789339913.1059258,-144,-968,126
2026-09-13 19:51:53.125,1789339913.1259258,-144,-967,127
2026-09-13 19:51:53.145,1789339913.1459258,-145,-965,128
2026-09-13 19:51:53.165,1789339913.1659257,-145,-964,128
2026-09-13 19:51:53.185,1789339913.1859257,-145,-965,127
2026-09-13 19:51:53.205,1789339913.2059257,-144,-966,130
2026-09-13 19:51:53.225,1789339913.2259257,-144,-964,128
2026-09-13 19:51:53.245,1789339913.245926,-145,-964,128
2026-09-13 19:51:53.265,1789339913.265926,-145,-964,131
2026-09-13 19:51:53.285,1789339913.2859259,-145,-964,130
2026-09-13 19:51:53.305,1789339913.3059258,-146,-965,127
2026-09-13 19:51:53.325,1789339913.3259258,-146,-967,127
2026-09-13 19:51:53.345,1789339913.3459258,-145,-966,128
2026-09-13 19:51:53.365,1789339913.3659258,-146,-966,130
2026-09-13 19:51:53.385,1789339913.3859258,-145,-964,129
2026-09-13 19:51:53.405,1789339913.4059258,-146,-962,130
2026-09-13 19:51:53.425,1789339913.4259257,-146,-966,136
2026-09-13 19:51:53.445,1789339913.4459257,-146,-963,120
2026-09-13 19:51:53.465,1789339913.4659257,-142,-969,126
2026-09-13 19:51:53.485,1789339913.4859257,-144,-967,130
2026-09-13 19:51:53.505,1789339913.505926,-143,-968,136
2026-09-13 19:51:53.525,1789339913.5259259,-145,-963,122
2026-09-13 19:51:53.545,1789339913.5459259,-144,-969,123
2026-09-13 19:51:53.565,1789339913.5659258,-146,-963,131
2026-09-13 19:51:53.573,1789339913.5733333,-148,-958,132
2026-09-13 19:51:53.593,1789339913.5933332,-148,-967,134
2026-09-13 19:51:53.613,1789339913.6133332,-148,-969,129
2026-09-13 19:51:53.633,1789339913.6333332,-145,-967,127
2026-09-13 19:51:53.653,1789339913.6533332,-144,-970,129
2026-09-13 19:51:53.673,1789339913.6733332,-144,-968,128
2026-09-13 19:51:53.693,1789339913.6933331,-145,-966,130
2026-09-13 19:51:53.713,1789339913.7133334,-144,-964,130
2026-09-13 19:51:53.733,1789339913.7333333,-143,-964,130
2026-09-13 19:51:53.753,1789339913.7533333,-143,-965,130
2026-09-13 19:51:53.773,1789339913.7733333,-143,-967,132
2026-09-13 19:51:53.793,1789339913.7933333,-144,-961,124
2026-09-13 19:51:53.813,1789339913.8133333,-144,-968,128
2026-09-13 19:51:53.833,1789339913.8333333,-147,-968,131
2026-09-13 19:51:53.853,1789339913.8533332,-145,-963,129
2026-09-13 19:51:53.873,1789339913.8733332,-149,-965,133
2026-09-13 19:51:53.893,1789339913.8933332,-149,-966,133
2026-09-13 19:51:53.913,1789339913.9133332,-148,-965,132
2026-09-13 19:51:53.933,1789339913.9333332,-146,-965,129
2026-09-13 19:51:53.953,1789339913.9533334,-144,-966,126
2026-09-13 19:51:53.973,1789339913.9733334,-144,-968,125
2026-09-13 19:51:53.993,1789339913.9933333,-145,-968,128
2026-09-13 19:51:54.013,1789339914.0133333,-145,-968,129
2026-09-13 19:51:54.033,1789339914.0333333,-144,-967,129
2026-09-13 19:51:54.053,1789339914.0533333,-145,-966,128
2026-09-13 19:51:54.073,1789339914.0733333,-144,-966,127
2026-09-13 19:51:54.093,1789339914.0933332,-145,-966,130
2026-09-13 19:51:54.113,1789339914.1133332,-144,-965,128
2026-09-13 19:51:54.133,1789339914.1333332,-145,-966,129
2026-09-13 19:51:54.153,1789339914.1533332,-146,-967,127
2026-09-13 19:51:54.173,1789339914.1733332,-145,-966,128
2026-09-13 19:51:54.193,1789339914.1933331,-146,-967,130
2026-09-13 19:51:54.213,1789339914.2133334,-147,-966,127
2026-09-13 19:51:54.233,1789339914.2333333,-146,-966,127
2026-09-13 19:51:54.253,1789339914.2533333,-145,-965,131
2026-09-13 19:51:54.273,1789339914.2733333,-147,-965,130
2026-09-13 19:51:54.280,1789339914.280893,-147,-966,117
2026-09-13 19:51:54.300,1789339914.300893,-143,-970,131
2026-09-13 19:51:54.320,1789339914.320893,-143,-968,135
2026-09-13 19:51:54.340,1789339914.340893,-145,-965,133
2026-09-13 19:51:54.360,1789339914.360893,-145,-965,120
2026-09-13 19:51:54.380,1789339914.380893,-146,-967,130
2026-09-13 19:51:54.400,1789339914.400893,-147,-959,131
2026-09-13 19:51:54.420,1789339914.4208932,-148,-961,133
2026-09-13 19:51:54.440,1789339914.4408932,-148,-967,134
2026-09-13 19:51:54.460,1789339914.4608932,-146,-968,130
2026-09-13 19:51:54.480,1789339914.4808931,-144,-966,129
2026-09-13 19:51:54.500,1789339914.500893,-143,-967,130
2026-09-13 19:51:54.520,1789339914.520893,-144,-965,130
2026-09-13 19:51:54.540,1789339914.540893,-144,-965,131
2026-09-13 19:51:54.560,1789339914.560893,-145,-964,131
2026-09-13 19:51:54.580,1789339914.580893,-144,-965,132
2026-09-13 19:51:54.600,1789339914.600893,-144,-969,131
2026-09-13 19:51:54.620,1789339914.620893,-143,-961,130
2026-09-13 19:51:54.640,1789339914.640893,-145,-966,126
2026-09-13 19:51:54.660,1789339914.6608932,-146,-968,134
2026-09-13 19:51:54.680,1789339914.6808932,-146,-965,126
2026-09-13 19:51:54.700,1789339914.7008932,-146,-966,133
2026-09-13 19:51:54.720,1789339914.7208931,-151,-967,134
2026-09-13 19:51:54.740,1789339914.7408931,-148,-967,133
2026-09-13 19:51:54.760,1789339914.760893,-147,-966,132
2026-09-13 19:51:54.780,1789339914.780893,-145,-965,130
2026-09-13 19:51:54.800,1789339914.800893,-145,-969,128
2026-09-13 19:51:54.820,1789339914.820893,-144,-969,129
2026-09-13 19:51:54.840,1789339914.840893,-145,-968,130
2026-09-13 19:51:54.860,1789339914.860893,-146,-967,132
2026-09-13 19:51:54.880,1789339914.880893,-145,-965,132
2026-09-13 19:51:54.900,1789339914.900893,-145,-964,131
2026-09-13 19:51:54.920,1789339914.9208932,-145,-965,131
2026-09-13 19:51:54.940,1789339914.9408932,-144,-964,131
2026-09-13 19:51:54.960,1789339914.9608932,-144,-965,131
2026-09-13 19:51:54.980,1789339914.9808931,-145,-965,129
2026-09-13 19:51:54.988,1789339914.9884224,-147,-965,131
2026-09-13 19:51:55.008,1789339915.0084224,-145,-967,129
2026-09-13 19:51:55.028,1789339915.0284224,-146,-966,129
2026-09-13 19:51:55.048,1789339915.0484223,-145,-965,131
2026-09-13 19:51:55.068,1789339915.0684223,-146,-966,135
2026-09-13 19:51:55.088,1789339915.0884223,-146,-961,118
2026-09-13 19:51:55.108,1789339915.1084223,-143,-969,132
2026-09-13 19:51:55.128,1789339915.1284225,-145,-968,131
2026-09-13 19:51:55.148,1789339915.1484225,-145,-968,135
2026-09-13 19:51:55.168,1789339915.1684225,-144,-964,120
2026-09-13 19:51:55.188,1789339915.1884224,-144,-967,126
2026-09-13 19:51:55.208,1789339915.2084224,-147,-960,132
2026-09-13 19:51:55.228,1789339915.2284224,-147,-960,133
2026-09-13 19:51:55.248,1789339915.2484224,-149,-968,135
2026-09-13 19:51:55.268,1789339915.2684224,-146,-969,131
2026-09-13 19:51:55.288,1789339915.2884223,-145,-968,128
2026-09-13 19:51:55.308,1789339915.3084223,-144,-966,129
2026-09-13 19:51:55.328,1789339915.3284223,-144,-966,130
2026-09-13 19:51:55.348,1789339915.3484223,-144,-967,130
2026-09-13 19:51:55.368,1789339915.3684225,-144,-965,131
2026-09-13 19:51:55.388,1789339915.3884225,-145,-964,132
2026-09-13 19:51:55.408,1789339915.4084225,-144,-968,130
2026-09-13 19:51:55.428,1789339915.4284225,-143,-962,134
2026-09-13 19:51:55.448,1789339915.4484224,-145,-964,123
2026-09-13 19:51:55.468,1789339915.4684224,-145,-969,134
2026-09-13 19:51:55.488,1789339915.4884224,-146,-963,127
2026-09-13 19:51:55.508,1789339915.5084224,-147,-964,132
2026-09-13 19:51:55.528,1789339915.5284224,-150,-965,134
2026-09-13 19:51:55.548,1789339915.5484223,-150,-964,135
2026-09-13 19:51:55.568,1789339915.5684223,-147,-964,132
2026-09-13 19:51:55.588,1789339915.5884223,-145,-965,129
2026-09-13 19:51:55.608,1789339915.6084223,-143,-967,127
2026-09-13 19:51:55.628,1789339915.6284225,-144,-966,127
2026-09-13 19:51:55.648,1789339915.6484225,-144,-965,131
2026-09-13 19:51:55.668,1789339915.6684225,-145,-965,133
2026-09-13 19:51:55.688,1789339915.6884224,-145,-966,132
2026-09-13 19:51:55.696,1789339915.6960127,-144,-965,130
2026-09-13 19:51:55.716,1789339915.7160127,-144,-967,131
2026-09-13 19:51:55.736,1789339915.7360127,-145,-964,131
2026-09-13 19:51:55.756,1789339915.7560127,-144,-964,131
2026-09-13 19:51:55.776,1789339915.7760127,-145,-963,131
2026-09-13 19:51:55.796,1789339915.7960126,-145,-965,131
2026-09-13 19:51:55.816,1789339915.8160126,-146,-966,130
2026-09-13 19:51:55.836,1789339915.8360128,-147,-967,131
2026-09-13 19:51:55.856,1789339915.8560128,-146,-967,129
2026-09-13 19:51:55.876,1789339915.8760128,-145,-965,131
2026-09-13 19:51:55.896,1789339915.8960128,-145,-965,134
2026-09-13 19:51:55.916,1789339915.9160128,-146,-964,127
2026-09-13 19:51:55.936,1789339915.9360127,-145,-969,121
2026-09-13 19:51:55.956,1789339915.9560127,-144,-971,133
2026-09-13 19:51:55.976,1789339915.9760127,-143,-968,137
2026-09-13 19:51:55.996,1789339915.9960127,-145,-964,128
2026-09-13 19:51:56.016,1789339916.0160127,-144,-966,122
2026-09-13 19:51:56.036,1789339916.0360126,-145,-963,132
2026-09-13 19:51:56.056,1789339916.0560126,-147,-959,133
2026-09-13 19:51:56.076,1789339916.0760128,-147,-964,134
2026-09-13 19:51:56.096,1789339916.0960128,-149,-967,132
2026-09-13 19:51:56.116,1789339916.1160128,-147,-968,128
2026-09-13 19:51:56.136,1789339916.1360128,-146,-969,130
2026-09-13 19:51:56.156,1789339916.1560128,-144,-968,130
2026-09-13 19:51:56.176,1789339916.1760128,-144,-966,131
2026-09-13 19:51:56.196,1789339916.1960127,-144,-964,133
2026-09-13 19:51:56.216,1789339916.2160127,-144,-963,131
2026-09-13 19:51:56.236,1789339916.2360127,-144,-966,132
2026-09-13 19:51:56.256,1789339916.2560127,-144,-968,132
2026-09-13 19:51:56.276,1789339916.2760127,-144,-959,128
2026-09-13 19:51:56.296,1789339916.2960126,-144,-967,128
2026-09-13 19:51:56.316,1789339916.3160126,-145,-967,132
2026-09-13 19:51:56.336,1789339916.3360128,-144,-963,127
2026-09-13 19:51:56.356,1789339916.3560128,-147,-965,133
2026-09-13 19:51:56.376,1789339916.3760128,-150,-966,133
2026-09-13 19:51:56.396,1789339916.3960128,-148,-964,133
2026-09-13 19:51:56.403,1789339916.4037862,-146,-964,131
2026-09-13 19:51:56.423,1789339916.4237862,-144,-968,131
2026-09-13 19:51:56.443,1789339916.4437861,-144,-968,129
2026-09-13 19:51:56.463,1789339916.4637861,-144,-967,130
2026-09-13 19:51:56.483,1789339916.483786,-144,-965,132
2026-09-13 19:51:56.503,1789339916.503786,-145,-964,131
2026-09-13 19:51:56.523,1789339916.523786,-145,-966,132
2026-09-13 19:51:56.543,1789339916.5437863,-144,-965,131
2026-09-13 19:51:56.563,1789339916.5637863,-144,-965,130
2026-09-13 19:51:56.583,1789339916.5837862,-145,-965,129
2026-09-13 19:51:56.603,1789339916.6037862,-145,-963,132
2026-09-13 19:51:56.623,1789339916.6237862,-146,-965,131
2026-09-13 19:51:56.643,1789339916.6437862,-146,-964,133
2026-09-13 19:51:56.663,1789339916.6637862,-146,-965,130
2026-09-13 19:51:56.683,1789339916.6837862,-146,-966,129
2026-09-13 19:51:56.703,1789339916.7037861,-147,-968,129
2026-09-13 19:51:56.723,1789339916.723786,-145,-967,129
2026-09-13 19:51:56.743,1789339916.743786,-145,-967,129
2026-09-13 19:51:56.763,1789339916.763786,-146,-967,128
2026-09-13 19:51:56.783,1789339916.7837863,-146,-964,129
2026-09-13 19:51:56.803,1789339916.8037863,-146,-966,134
2026-09-13 19:51:56.823,1789339916.8237863,-146,-964,126
2026-09-13 19:51:56.843,1789339916.8437862,-144,-968,121
2026-09-13 19:51:56.863,1789339916.8637862,-144,-970,132
2026-09-13 19:51:56.883,1789339916.8837862,-143,-970,139
2026-09-13 19:51:56.903,1789339916.9037862,-146,-961,130
2026-09-13 19:51:56.923,1789339916.9237862,-144,-964,122
2026-09-13 19:51:56.943,1789339916.9437861,-145,-964,131
2026-09-13 19:51:56.963,1789339916.9637861,-147,-959,134
2026-09-13 19:51:56.983,1789339916.983786,-147,-965,136
2026-09-13 19:51:57.003,1789339917.003786,-149,-967,132
2026-09-13 19:51:57.023,1789339917.023786,-147,-968,130
2026-09-13 19:51:57.043,1789339917.0437863,-146,-967,131
2026-09-13 19:51:57.063,1789339917.0637863,-144,-967,130
2026-09-13 19:51:57.083,1789339917.0837862,-144,-968,132
2026-09-13 19:51:57.103,1789339917.1037862,-144,-964,131
2026-09-13 19:51:57.111,1789339917.1112237,-143,-963,133
2026-09-13 19:51:57.131,1789339917.1312237,-143,-961,133
2026-09-13 19:51:57.151,1789339917.1512237,-142,-965,133
2026-09-13 19:51:57.171,1789339917.1712236,-144,-956,128
2026-09-13 19:51:57.191,1789339917.1912236,-145,-966,126
2026-09-13 19:51:57.211,1789339917.2112236,-145,-967,133
2026-09-13 19:51:57.231,1789339917.2312236,-144,-962,126
2026-09-13 19:51:57.251,1789339917.2512238,-148,-965,133
2026-09-13 19:51:57.271,1789339917.2712238,-149,-964,134
2026-09-13 19:51:57.291,1789339917.2912238,-148,-965,133
2026-09-13 19:51:57.311,1789339917.3112237,-146,-964,131
2026-09-13 19:51:57.331,1789339917.3312237,-144,-964,128
2026-09-13 19:51:57.351,1789339917.3512237,-144,-967,128
2026-09-13 19:51:57.371,1789339917.3712237,-144,-966,127
2026-09-13 19:51:57.391,1789339917.3912237,-144,-966,130
2026-09-13 19:51:57.411,1789339917.4112236,-145,-965,130
2026-09-13 19:51:57.431,1789339917.4312236,-144,-964,132
2026-09-13 19:51:57.451,1789339917.4512236,-144,-964,130
2026-09-13 19:51:57.471,1789339917.4712236,-144,-964,130
2026-09-13 19:51:57.491,1789339917.4912238,-144,-964,130
2026-09-13 19:51:57.511,1789339917.5112238,-145,-964,130
2026-09-13 19:51:57.531,1789339917.5312238,-145,-965,131
2026-09-13 19:51:57.551,1789339917.5512238,-145,-963,129
2026-09-13 19:51:57.571,1789339917.5712237,-145,-963,130
2026-09-13 19:51:57.591,1789339917.5912237,-145,-963,131
2026-09-13 19:51:57.611,1789339917.6112237,-145,-965,130
2026-09-13 19:51:57.631,1789339917.6312237,-145,-964,131
2026-09-13 19:51:57.651,1789339917.6512237,-144,-962,133
2026-09-13 19:51:57.671,1789339917.6712236,-145,-965,130
2026-09-13 19:51:57.691,1789339917.6912236,-145,-965,130
2026-09-13 19:51:57.711,1789339917.7112236,-145,-966,130
2026-09-13 19:51:57.731,1789339917.7312236,-145,-964,130
2026-09-13 19:51:57.751,1789339917.7512238,-146,-966,131
2026-09-13 19:51:57.771,1789339917.7712238,-145,-964,130
2026-09-13 19:51:57.791,1789339917.7912238,-145,-964,135
2026-09-13 19:51:57.811,1789339917.8112237,-146,-964,133
2026-09-13 19:51:57.818,1789339917.818692,-146,-965,118
2026-09-13 19:51:57.838,1789339917.838692,-143,-970,134
2026-09-13 19:51:57.858,1789339917.858692,-143,-967,137
2026-09-13 19:51:57.878,1789339917.878692,-144,-966,132
2026-09-13 19:51:57.898,1789339917.898692,-144,-966,123
2026-09-13 19:51:57.918,1789339917.9186919,-145,-965,130
2026-09-13 19:51:57.938,1789339917.9386919,-148,-959,134
2026-09-13 19:51:57.958,1789339917.958692,-149,-962,133
2026-09-13 19:51:57.978,1789339917.978692,-149,-967,133
2026-09-13 19:51:57.998,1789339917.998692,-147,-967,130
2026-09-13 19:51:58.018,1789339918.018692,-145,-967,131
2026-09-13 19:51:58.038,1789339918.038692,-144,-967,131
2026-09-13 19:51:58.058,1789339918.058692,-143,-965,130
2026-09-13 19:51:58.078,1789339918.078692,-145,-966,132
2026-09-13 19:51:58.098,1789339918.098692,-144,-963,133
2026-09-13 19:51:58.118,1789339918.118692,-144,-962,132
2026-09-13 19:51:58.138,1789339918.138692,-143,-966,131
2026-09-13 19:51:58.158,1789339918.158692,-142,-962,135
2026-09-13 19:51:58.178,1789339918.1786919,-145,-962,126
2026-09-13 19:51:58.198,1789339918.198692,-145,-967,132
2026-09-13 19:51:58.218,1789339918.218692,-145,-964,128
2026-09-13 19:51:58.238,1789339918.238692,-145,-963,134
2026-09-13 19:51:58.258,1789339918.258692,-150,-964,134
2026-09-13 19:51:58.278,1789339918.278692,-149,-965,134
2026-09-13 19:51:58.298,1789339918.298692,-147,-965,132
2026-09-13 19:51:58.318,1789339918.318692,-144,-965,130
2026-09-13 19:51:58.338,1789339918.338692,-145,-967,130
2026-09-13 19:51:58.358,1789339918.358692,-145,-966,129
2026-09-13 19:51:58.378,1789339918.378692,-144,-966,131
2026-09-13 19:51:58.398,1789339918.398692,-145,-965,131
2026-09-13 19:51:58.418,1789339918.4186919,-145,-966,131
2026-09-13 19:51:58.438,1789339918.4386919,-144,-964,132
2026-09-13 19:51:58.458,1789339918.458692,-145,-964,131
2026-09-13 19:51:58.478,1789339918.478692,-143,-964,131
2026-09-13 19:51:58.498,1789339918.498692,-144,-964,131
2026-09-13 19:51:58.518,1789339918.518692,-145,-964,132
2026-09-13 19:51:58.526,1789339918.5262825,-146,-965,129
2026-09-13 19:51:58.546,1789339918.5462825,-147,-966,130
2026-09-13 19:51:58.566,1789339918.5662825,-146,-965,131
2026-09-13 19:51:58.586,1789339918.5862825,-145,-966,130
2026-09-13 19:51:58.606,1789339918.6062825,-146,-965,132
2026-09-13 19:51:58.626,1789339918.6262825,-146,-965,130
2026-09-13 19:51:58.646,1789339918.6462824,-145,-966,130
2026-09-13 19:51:58.666,1789339918.6662827,-145,-965,130
2026-09-13 19:51:58.686,1789339918.6862826,-145,-967,130
2026-09-13 19:51:58.706,1789339918.7062826,-145,-964,129
2026-09-13 19:51:58.726,1789339918.7262826,-145,-963,132
2026-09-13 19:51:58.746,1789339918.7462826,-145,-964,134
2026-09-13 19:51:58.766,1789339918.7662826,-146,-963,120
2026-09-13 19:51:58.786,1789339918.7862825,-143,-970,132
2026-09-13 19:51:58.806,1789339918.8062825,-143,-966,135
2026-09-13 19:51:58.826,1789339918.8262825,-143,-966,136
2026-09-13 19:51:58.846,1789339918.8462825,-145,-960,124
2026-09-13 19:51:58.866,1789339918.8662825,-144,-964,127
2026-09-13 19:51:58.886,1789339918.8862824,-147,-962,132
2026-09-13 19:51:58.906,1789339918.9062827,-148,-961,133
2026-09-13 19:51:58.926,1789339918.9262826,-148,-967,133
2026-09-13 19:51:58.946,1789339918.9462826,-147,-969,130
2026-09-13 19:51:58.966,1789339918.9662826,-146,-967,128
2026-09-13 19:51:58.986,1789339918.9862826,-145,-967,130
2026-09-13 19:51:59.006,1789339919.0062826,-143,-966,131
2026-09-13 19:51:59.026,1789339919.0262825,-144,-965,130
2026-09-13 19:51:59.046,1789339919.0462825,-144,-962,133
2026-09-13 19:51:59.066,1789339919.0662825,-144,-961,133
2026-09-13 19:51:59.086,1789339919.0862825,-144,-966,132
2026-09-13 19:51:59.106,1789339919.1062825,-143,-967,134
2026-09-13 19:51:59.126,1789339919.1262825,-145,-959,126
2026-09-13 19:51:59.146,1789339919.1462824,-144,-966,130
2026-09-13 19:51:59.166,1789339919.1662827,-146,-965,132
2026-09-13 19:51:59.186,1789339919.1862826,-144,-962,131
2026-09-13 19:51:59.206,1789339919.2062826,-148,-964,135
2026-09-13 19:51:59.226,1789339919.2262826,-149,-964,135
