timestamp_local,timestamp_epoch_s,ecg_uV
2026-09-11 19:25:37.231,1789165537.2315035,400
2026-09-11 19:25:37.239,1789165537.2391958,494
2026-09-11 19:25:37.246,1789165537.2468882,717
2026-09-11 19:25:37.254,1789165537.2545805,858
2026-09-11 19:25:37.262,1789165537.2622728,841
2026-09-11 19:25:37.269,1789165537.269965,851
2026-09-11 19:25:37.277,1789165537.2776573,902
2026-09-11 19:25:37.285,1789165537.2853496,882
2026-09-11 19:25:37.293,1789165537.293042,817
2026-09-11 19:25:37.300,1789165537.3007343,754
2026-09-11 19:25:37.308,1789165537.3084266,722
2026-09-11 19:25:37.316,1789165537.316119,756
2026-09-11 19:25:37.323,1789165537.3238113,761
2026-09-11 19:25:37.331,1789165537.3315034,664
2026-09-11 19:25:37.339,1789165537.3391957,596
2026-09-11 19:25:37.346,1789165537.346888,606
2026-09-11 19:25:37.354,1789165537.3545804,552
2026-09-11 19:25:37.362,1789165537.3622727,465
2026-09-11 19:25:37.369,1789165537.369965,477
2026-09-11 19:25:37.377,1789165537.3776574,562
2026-09-11 19:25:37.385,1789165537.3853498,615
2026-09-11 19:25:37.393,1789165537.3930418,601
2026-09-11 19:25:37.400,1789165537.4007342,548
2026-09-11 19:25:37.408,1789165537.4084265,509
2026-09-11 19:25:37.416,1789165537.4161189,511
2026-09-11 19:25:37.423,1789165537.4238112,472
2026-09-11 19:25:37.431,1789165537.4315035,395
2026-09-11 19:25:37.439,1789165537.4391959,371
2026-09-11 19:25:37.446,1789165537.4468882,390
2026-09-11 19:25:37.454,1789165537.4545803,380
2026-09-11 19:25:37.462,1789165537.4622726,337
2026-09-11 19:25:37.469,1789165537.469965,295
2026-09-11 19:25:37.477,1789165537.4776573,288
2026-09-11 19:25:37.485,1789165537.4853497,317
2026-09-11 19:25:37.493,1789165537.493042,341
2026-09-11 19:25:37.500,1789165537.5007343,344
2026-09-11 19:25:37.508,1789165537.5084267,349
2026-09-11 19:25:37.516,1789165537.5161188,341
2026-09-11 19:25:37.523,1789165537.523811,293
2026-09-11 19:25:37.531,1789165537.5315034,252
2026-09-11 19:25:37.539,1789165537.5391958,254
2026-09-11 19:25:37.546,1789165537.546888,242
2026-09-11 19:25:37.554,1789165537.5545805,201
2026-09-11 19:25:37.562,1789165537.5622728,194
2026-09-11 19:25:37.569,1789165537.5699651,210
2026-09-11 19:25:37.577,1789165537.5776572,232
2026-09-11 19:25:37.585,1789165537.5853496,283
2026-09-11 19:25:37.593,1789165537.593042,344
2026-09-11 19:25:37.600,1789165537.6007342,341
2026-09-11 19:25:37.608,1789165537.6084266,232
2026-09-11 19:25:37.616,1789165537.616119,118
2026-09-11 19:25:37.623,1789165537.6238112,126
2026-09-11 19:25:37.631,1789165537.6315036,269
2026-09-11 19:25:37.639,1789165537.6391957,434
2026-09-11 19:25:37.646,1789165537.646888,521
2026-09-11 19:25:37.654,1789165537.6545804,613
2026-09-11 19:25:37.662,1789165537.6622727,819
2026-09-11 19:25:37.669,1789165537.669965,1178
2026-09-11 19:25:37.677,1789165537.6776574,1297
2026-09-11 19:25:37.685,1789165537.6853497,654
2026-09-11 19:25:37.693,1789165537.693042,-16
2026-09-11 19:25:37.700,1789165537.7007341,133
2026-09-11 19:25:37.708,1789165537.7084265,404
2026-09-11 19:25:37.716,1789165537.7161188,274
2026-09-11 19:25:37.723,1789165537.7238111,225
2026-09-11 19:25:37.731,1789165537.7315035,317
2026-09-11 19:25:37.739,1789165537.7391958,278
2026-09-11 19:25:37.746,1789165537.7468882,247
2026-09-11 19:25:37.754,1789165537.7545805,303
2026-09-11 19:25:37.762,1789165537.7622728,295
2026-09-11 19:25:37.769,1789165537.769965,218
2026-09-11 19:25:37.777,1789165537.7776573,145
2026-09-11 19:25:37.785,1789165537.7853496,99
2026-09-11 19:25:37.792,1789165537.7924497,104
2026-09-11 19:25:37.800,1789165537.800142,130
2026-09-11 19:25:37.807,1789165537.8078344,82
2026-09-11 19:25:37.815,1789165537.8155267,12
2026-09-11 19:25:37.823,1789165537.823219,26
2026-09-11 19:25:37.830,1789165537.8309112,72
2026-09-11 19:25:37.838,1789165537.8386035,70
2026-09-11 19:25:37.846,1789165537.8462958,77
2026-09-11 19:25:37.853,1789165537.8539882,126
2026-09-11 19:25:37.861,1789165537.8616805,172
2026-09-11 19:25:37.869,1789165537.8693728,191
2026-09-11 19:25:37.877,1789165537.8770652,218
2026-09-11 19:25:37.884,1789165537.8847575,206
2026-09-11 19:25:37.892,1789165537.8924496,133
2026-09-11 19:25:37.900,1789165537.900142,104
2026-09-11 19:25:37.907,1789165537.9078343,106
2026-09-11 19:25:37.915,1789165537.9155266,43
2026-09-11 19:25:37.923,1789165537.923219,-55
2026-09-11 19:25:37.930,1789165537.9309113,-77
2026-09-11 19:25:37.938,1789165537.9386036,-53
2026-09-11 19:25:37.946,1789165537.946296,-55
2026-09-11 19:25:37.953,1789165537.953988,-43
2026-09-11 19:25:37.961,1789165537.9616804,-2
2026-09-11 19:25:37.969,1789165537.9693727,0
2026-09-11 19:25:37.977,1789165537.977065,-16
2026-09-11 19:25:37.984,1789165537.9847574,-19
2026-09-11 19:25:37.992,1789165537.9924498,-80
2026-09-11 19:25:38.000,1789165538.000142,-288
2026-09-11 19:25:38.007,1789165538.0078344,-548
2026-09-11 19:25:38.015,1789165538.0155265,-640
2026-09-11 19:25:38.023,1789165538.0232189,-603
2026-09-11 19:25:38.030,1789165538.0309112,-601
2026-09-11 19:25:38.038,1789165538.0386035,-613
2026-09-11 19:25:38.046,1789165538.046296,-645
2026-09-11 19:25:38.053,1789165538.0539882,-725
2026-09-11 19:25:38.061,1789165538.0616806,-768
2026-09-11 19:25:38.069,1789165538.069373,-754
2026-09-11 19:25:38.077,1789165538.077065,-739
2026-09-11 19:25:38.084,1789165538.0847573,-725
2026-09-11 19:25:38.092,1789165538.0924497,-696
2026-09-11 19:25:38.100,1789165538.100142,-686
2026-09-11 19:25:38.107,1789165538.1078343,-710
2026-09-11 19:25:38.115,1789165538.1155267,-744
2026-09-11 19:25:38.123,1789165538.123219,-737
2026-09-11 19:25:38.130,1789165538.1309114,-674
2026-09-11 19:25:38.138,1789165538.1386034,-620
2026-09-11 19:25:38.146,1789165538.1462958,-601
2026-09-11 19:25:38.153,1789165538.1539881,-572
2026-09-11 19:25:38.161,1789165538.1616805,-543
2026-09-11 19:25:38.169,1789165538.1693728,-533
2026-09-11 19:25:38.177,1789165538.1770651,-523
2026-09-11 19:25:38.184,1789165538.1847575,-511
2026-09-11 19:25:38.192,1789165538.1924498,-506
2026-09-11 19:25:38.200,1789165538.200142,-506
2026-09-11 19:25:38.207,1789165538.2078342,-489
2026-09-11 19:25:38.215,1789165538.2155266,-475
2026-09-11 19:25:38.223,1789165538.223219,-499
2026-09-11 19:25:38.230,1789165538.2309113,-533
2026-09-11 19:25:38.238,1789165538.2386036,-548
2026-09-11 19:25:38.246,1789165538.246296,-567
2026-09-11 19:25:38.253,1789165538.2539883,-562
2026-09-11 19:25:38.261,1789165538.2616804,-511
2026-09-11 19:25:38.269,1789165538.2693727,-465
2026-09-11 19:25:38.277,1789165538.277065,-448
2026-09-11 19:25:38.284,1789165538.2847574,-438
2026-09-11 19:25:38.292,1789165538.2924497,-431
2026-09-11 19:25:38.300,1789165538.300142,-431
2026-09-11 19:25:38.307,1789165538.3078344,-451
2026-09-11 19:25:38.315,1789165538.3155267,-453
2026-09-11 19:25:38.323,1789165538.323219,-426
2026-09-11 19:25:38.330,1789165538.3309112,-400
2026-09-11 19:25:38.338,1789165538.3386035,-378
2026-09-11 19:25:38.346,1789165538.3462958,-385
2026-09-11 19:25:38.353,1789165538.353396,-417
2026-09-11 19:25:38.361,1789165538.3610883,-431
2026-09-11 19:25:38.368,1789165538.3687806,-397
2026-09-11 19:25:38.376,1789165538.376473,-295
2026-09-11 19:25:38.384,1789165538.3841653,-109
2026-09-11 19:25:38.391,1789165538.3918574,130
2026-09-11 19:25:38.399,1789165538.3995497,412
2026-09-11 19:25:38.407,1789165538.407242,460
2026-09-11 19:25:38.414,1789165538.4149344,-65
2026-09-11 19:25:38.422,1789165538.4226267,-550
2026-09-11 19:25:38.430,1789165538.430319,-368
2026-09-11 19:25:38.438,1789165538.4380114,-94
2026-09-11 19:25:38.445,1789165538.4457037,-157
2026-09-11 19:25:38.453,1789165538.4533958,-218
2026-09-11 19:25:38.461,1789165538.4610882,-194
2026-09-11 19:25:38.468,1789165538.4687805,-240
2026-09-11 19:25:38.476,1789165538.4764729,-283
2026-09-11 19:25:38.484,1789165538.4841652,-276
2026-09-11 19:25:38.491,1789165538.4918575,-293
2026-09-11 19:25:38.499,1789165538.4995499,-300
2026-09-11 19:25:38.507,1789165538.5072422,-261
2026-09-11 19:25:38.514,1789165538.5149343,-252
2026-09-11 19:25:38.522,1789165538.5226266,-278
2026-09-11 19:25:38.530,1789165538.530319,-274
2026-09-11 19:25:38.538,1789165538.5380113,-254
2026-09-11 19:25:38.545,1789165538.5457036,-252
2026-09-11 19:25:38.553,1789165538.553396,-242
2026-09-11 19:25:38.561,1789165538.5610883,-208
2026-09-11 19:25:38.568,1789165538.5687807,-172
2026-09-11 19:25:38.576,1789165538.5764728,-150
2026-09-11 19:25:38.584,1789165538.584165,-123
2026-09-11 19:25:38.591,1789165538.5918574,-101
2026-09-11 19:25:38.599,1789165538.5995498,-92
2026-09-11 19:25:38.607,1789165538.607242,-92
2026-09-11 19:25:38.614,1789165538.6149344,-116
2026-09-11 19:25:38.622,1789165538.6226268,-135
2026-09-11 19:25:38.630,1789165538.630319,-116
2026-09-11 19:25:38.638,1789165538.6380112,-97
2026-09-11 19:25:38.645,1789165538.6457036,-126
2026-09-11 19:25:38.653,1789165538.653396,-152
2026-09-11 19:25:38.661,1789165538.6610882,-162
2026-09-11 19:25:38.668,1789165538.6687806,-184
2026-09-11 19:25:38.676,1789165538.676473,-198
2026-09-11 19:25:38.684,1789165538.6841652,-191
2026-09-11 19:25:38.691,1789165538.6918576,-206
2026-09-11 19:25:38.699,1789165538.6995497,-215
2026-09-11 19:25:38.707,1789165538.707242,-162
2026-09-11 19:25:38.714,1789165538.7149343,-75
2026-09-11 19:25:38.722,1789165538.7226267,-26
2026-09-11 19:25:38.730,1789165538.730319,-4
2026-09-11 19:25:38.738,1789165538.7380114,53
2026-09-11 19:25:38.745,1789165538.7457037,145
2026-09-11 19:25:38.753,1789165538.753396,194
2026-09-11 19:25:38.761,1789165538.7610881,167
2026-09-11 19:25:38.768,1789165538.7687805,143
2026-09-11 19:25:38.776,1789165538.7764728,174
2026-09-11 19:25:38.784,1789165538.7841651,218
2026-09-11 19:25:38.791,1789165538.7918575,203
2026-09-11 19:25:38.799,1789165538.7995498,162
2026-09-11 19:25:38.807,1789165538.8072422,150
2026-09-11 19:25:38.814,1789165538.8149345,174
2026-09-11 19:25:38.822,1789165538.8226266,206
2026-09-11 19:25:38.830,1789165538.830319,210
2026-09-11 19:25:38.838,1789165538.8380113,194
2026-09-11 19:25:38.845,1789165538.8457036,164
2026-09-11 19:25:38.853,1789165538.853396,123
2026-09-11 19:25:38.861,1789165538.8610883,87
2026-09-11 19:25:38.868,1789165538.8687806,70
2026-09-11 19:25:38.876,1789165538.876473,82
2026-09-11 19:25:38.884,1789165538.8841653,118
2026-09-11 19:25:38.891,1789165538.8918574,143
2026-09-11 19:25:38.899,1789165538.8995497,140
2026-09-11 19:25:38.907,1789165538.907242,143
2026-09-11 19:25:38.914,1789165538.9143424,147
2026-09-11 19:25:38.922,1789165538.9220347,135
2026-09-11 19:25:38.929,1789165538.929727,116
2026-09-11 19:25:38.937,1789165538.9374194,111
2026-09-11 19:25:38.945,1789165538.9451118,121
2026-09-11 19:25:38.952,1789165538.9528039,143
2026-09-11 19:25:38.960,1789165538.9604962,155
2026-09-11 19:25:38.968,1789165538.9681885,138
2026-09-11 19:25:38.975,1789165538.9758809,121
2026-09-11 19:25:38.983,1789165538.9835732,113
2026-09-11 19:25:38.991,1789165538.9912655,111
2026-09-11 19:25:38.998,1789165538.9989579,130
2026-09-11 19:25:39.006,1789165539.0066502,164
2026-09-11 19:25:39.014,1789165539.0143423,181
2026-09-11 19:25:39.022,1789165539.0220346,177
2026-09-11 19:25:39.029,1789165539.029727,157
2026-09-11 19:25:39.037,1789165539.0374193,123
2026-09-11 19:25:39.045,1789165539.0451117,89
2026-09-11 19:25:39.052,1789165539.052804,67
2026-09-11 19:25:39.060,1789165539.0604963,63
2026-09-11 19:25:39.068,1789165539.0681887,48
2026-09-11 19:25:39.075,1789165539.0758808,29
2026-09-11 19:25:39.083,1789165539.083573,21
2026-09-11 19:25:39.091,1789165539.0912654,14
2026-09-11 19:25:39.098,1789165539.0989578,-7
2026-09-11 19:25:39.106,1789165539.10665,-7
2026-09-11 19:25:39.114,1789165539.1143425,99
2026-09-11 19:25:39.122,1789165539.1220348,339
2026-09-11 19:25:39.129,1789165539.1297271,623
2026-09-11 19:25:39.137,1789165539.1374192,897
2026-09-11 19:25:39.145,1789165539.1451116,894
2026-09-11 19:25:39.152,1789165539.152804,310
2026-09-11 19:25:39.160,1789165539.1604962,-223
2026-09-11 19:25:39.168,1789165539.1681886,-80
2026-09-11 19:25:39.175,1789165539.175881,177
2026-09-11 19:25:39.183,1789165539.1835732,143
2026-09-11 19:25:39.191,1789165539.1912656,92
2026-09-11 19:25:39.198,1789165539.1989577,84
2026-09-11 19:25:39.206,1789165539.20665,26
2026-09-11 19:25:39.214,1789165539.2143424,-4
2026-09-11 19:25:39.222,1789165539.2220347,29
2026-09-11 19:25:39.229,1789165539.229727,75
2026-09-11 19:25:39.237,1789165539.2374194,116
2026-09-11 19:25:39.245,1789165539.2451117,130
2026-09-11 19:25:39.252,1789165539.252804,109
2026-09-11 19:25:39.260,1789165539.2604961,99
2026-09-11 19:25:39.268,1789165539.2681885,118
2026-09-11 19:25:39.275,1789165539.2758808,128
2026-09-11 19:25:39.283,1789165539.2835732,143
2026-09-11 19:25:39.291,1789165539.2912655,179
2026-09-11 19:25:39.298,1789165539.2989578,194
2026-09-11 19:25:39.306,1789165539.3066502,189
2026-09-11 19:25:39.314,1789165539.3143425,179
2026-09-11 19:25:39.322,1789165539.3220346,157
2026-09-11 19:25:39.329,1789165539.329727,133
2026-09-11 19:25:39.337,1789165539.3374193,128
2026-09-11 19:25:39.345,1789165539.3451116,147
2026-09-11 19:25:39.352,1789165539.352804,177
2026-09-11 19:25:39.360,1789165539.3604963,177
2026-09-11 19:25:39.368,1789165539.3681886,169
2026-09-11 19:25:39.375,1789165539.375881,169
2026-09-11 19:25:39.383,1789165539.383573,162
2026-09-11 19:25:39.391,1789165539.3912654,169
2026-09-11 19:25:39.398,1789165539.3989577,177
2026-09-11 19:25:39.406,1789165539.40665,143
2026-09-11 19:25:39.414,1789165539.4143424,94
2026-09-11 19:25:39.422,1789165539.4220347,48
2026-09-11 19:25:39.429,1789165539.429727,19
2026-09-11 19:25:39.437,1789165539.4374194,0
2026-09-11 19:25:39.445,1789165539.4451118,-24
2026-09-11 19:25:39.452,1789165539.4528039,-43
2026-09-11 19:25:39.460,1789165539.4604962,-41
2026-09-11 19:25:39.468,1789165539.4681885,-46
2026-09-11 19:25:39.475,1789165539.475319,-70
2026-09-11 19:25:39.483,1789165539.4830112,-80
2026-09-11 19:25:39.490,1789165539.4907036,-65
2026-09-11 19:25:39.498,1789165539.498396,-48
2026-09-11 19:25:39.506,1789165539.5060883,-48
2026-09-11 19:25:39.513,1789165539.5137804,-48
2026-09-11 19:25:39.521,1789165539.5214727,-33
2026-09-11 19:25:39.529,1789165539.529165,-33
2026-09-11 19:25:39.536,1789165539.5368574,-43
2026-09-11 19:25:39.544,1789165539.5445497,-29
2026-09-11 19:25:39.552,1789165539.552242,-33
2026-09-11 19:25:39.559,1789165539.5599344,-75
2026-09-11 19:25:39.567,1789165539.5676267,-92
2026-09-11 19:25:39.575,1789165539.5753188,-109
2026-09-11 19:25:39.583,1789165539.5830112,-157
2026-09-11 19:25:39.590,1789165539.5907035,-220
2026-09-11 19:25:39.598,1789165539.5983958,-351
2026-09-11 19:25:39.606,1789165539.6060882,-511
2026-09-11 19:25:39.613,1789165539.6137805,-565
2026-09-11 19:25:39.621,1789165539.6214728,-596
2026-09-11 19:25:39.629,1789165539.6291652,-703
2026-09-11 19:25:39.636,1789165539.6368573,-788
2026-09-11 19:25:39.644,1789165539.6445496,-805
2026-09-11 19:25:39.652,1789165539.652242,-831
2026-09-11 19:25:39.659,1789165539.6599343,-877
2026-09-11 19:25:39.667,1789165539.6676266,-875
2026-09-11 19:25:39.675,1789165539.675319,-848
2026-09-11 19:25:39.683,1789165539.6830113,-829
2026-09-11 19:25:39.690,1789165539.6907036,-812
2026-09-11 19:25:39.698,1789165539.6983957,-802
2026-09-11 19:25:39.706,1789165539.706088,-809
2026-09-11 19:25:39.713,1789165539.7137804,-814
2026-09-11 19:25:39.721,1789165539.7214727,-805
2026-09-11 19:25:39.729,1789165539.729165,-797
2026-09-11 19:25:39.736,1789165539.7368574,-795
2026-09-11 19:25:39.744,1789165539.7445498,-785
2026-09-11 19:25:39.752,1789165539.752242,-768
2026-09-11 19:25:39.759,1789165539.7599342,-756
2026-09-11 19:25:39.767,1789165539.7676265,-729
2026-09-11 19:25:39.775,1789165539.7753189,-703
2026-09-11 19:25:39.783,1789165539.7830112,-674
2026-09-11 19:25:39.790,1789165539.7907035,-535
2026-09-11 19:25:39.798,1789165539.7983959,-242
2026-09-11 19:25:39.806,1789165539.8060882,99
2026-09-11 19:25:39.813,1789165539.8137805,235
2026-09-11 19:25:39.821,1789165539.8214726,-252
2026-09-11 19:25:39.829,1789165539.829165,-1018
2026-09-11 19:25:39.836,1789165539.8368573,-1081
2026-09-11 19:25:39.844,1789165539.8445497,-681
2026-09-11 19:25:39.852,1789165539.852242,-628
2026-09-11 19:25:39.859,1789165539.8599343,-710
2026-09-11 19:25:39.867,1789165539.8676267,-637
2026-09-11 19:25:39.875,1789165539.875319,-620
2026-09-11 19:25:39.883,1789165539.883011,-659
2026-09-11 19:25:39.890,1789165539.8907034,-623
2026-09-11 19:25:39.898,1789165539.8983958,-572
2026-09-11 19:25:39.906,1789165539.906088,-565
2026-09-11 19:25:39.913,1789165539.9137805,-555
2026-09-11 19:25:39.921,1789165539.9214728,-523
2026-09-11 19:25:39.929,1789165539.9291651,-489
2026-09-11 19:25:39.936,1789165539.9368575,-460
2026-09-11 19:25:39.944,1789165539.9445496,-438
2026-09-11 19:25:39.952,1789165539.952242,-409
2026-09-11 19:25:39.959,1789165539.9599342,-366
2026-09-11 19:25:39.967,1789165539.9676266,-346
2026-09-11 19:25:39.975,1789165539.975319,-346
2026-09-11 19:25:39.983,1789165539.9830112,-320
2026-09-11 19:25:39.990,1789165539.9907036,-283
2026-09-11 19:25:39.998,1789165539.998396,-266
2026-09-11 19:25:40.006,1789165540.0060883,-240
2026-09-11 19:25:40.013,1789165540.0137804,-206
2026-09-11 19:25:40.021,1789165540.0214727,-189
2026-09-11 19:25:40.029,1789165540.029165,-179
2026-09-11 19:25:40.036,1789165540.0362654,-179
2026-09-11 19:25:40.043,1789165540.0439577,-186
2026-09-11 19:25:40.051,1789165540.05165,-201
2026-09-11 19:25:40.059,1789165540.0593424,-230
2026-09-11 19:25:40.067,1789165540.0670347,-274
2026-09-11 19:25:40.074,1789165540.0747268,-320
2026-09-11 19:25:40.082,1789165540.0824192,-354
2026-09-11 19:25:40.090,1789165540.0901115,-383
2026-09-11 19:25:40.097,1789165540.0978038,-402
2026-09-11 19:25:40.105,1789165540.1054962,-400
2026-09-11 19:25:40.113,1789165540.1131885,-390
2026-09-11 19:25:40.120,1789165540.1208808,-390
2026-09-11 19:25:40.128,1789165540.1285732,-388
2026-09-11 19:25:40.136,1789165540.1362653,-363
2026-09-11 19:25:40.143,1789165540.1439576,-341
2026-09-11 19:25:40.151,1789165540.15165,-329
2026-09-11 19:25:40.159,1789165540.1593423,-312
2026-09-11 19:25:40.167,1789165540.1670346,-293
2026-09-11 19:25:40.174,1789165540.174727,-274
2026-09-11 19:25:40.182,1789165540.1824193,-259
2026-09-11 19:25:40.190,1789165540.1901116,-257
2026-09-11 19:25:40.197,1789165540.1978037,-257
2026-09-11 19:25:40.205,1789165540.205496,-240
2026-09-11 19:25:40.213,1789165540.2131884,-220
2026-09-11 19:25:40.220,1789165540.2208807,-223
2026-09-11 19:25:40.228,1789165540.228573,-232
2026-09-11 19:25:40.236,1789165540.2362654,-232
2026-09-11 19:25:40.243,1789165540.2439578,-235
2026-09-11 19:25:40.251,1789165540.25165,-242
2026-09-11 19:25:40.259,1789165540.2593422,-247
2026-09-11 19:25:40.267,1789165540.2670345,-264
2026-09-11 19:25:40.274,1789165540.2747269,-283
2026-09-11 19:25:40.282,1789165540.2824192,-281
2026-09-11 19:25:40.290,1789165540.2901115,-271
2026-09-11 19:25:40.297,1789165540.2978039,-257
2026-09-11 19:25:40.305,1789165540.3054962,-227
2026-09-11 19:25:40.313,1789165540.3131886,-181
2026-09-11 19:25:40.320,1789165540.3208807,-128
2026-09-11 19:25:40.328,1789165540.328573,-70
2026-09-11 19:25:40.336,1789165540.3362653,-2
2026-09-11 19:25:40.343,1789165540.3439577,14
2026-09-11 19:25:40.351,1789165540.35165,-43
2026-09-11 19:25:40.359,1789165540.3593423,-97
2026-09-11 19:25:40.367,1789165540.3670347,-101
2026-09-11 19:25:40.374,1789165540.374727,-101
2026-09-11 19:25:40.382,1789165540.382419,-94
2026-09-11 19:25:40.390,1789165540.3901114,-41
2026-09-11 19:25:40.397,1789165540.3978038,14
2026-09-11 19:25:40.405,1789165540.4054961,21
2026-09-11 19:25:40.413,1789165540.4131885,14
2026-09-11 19:25:40.420,1789165540.4208808,36
2026-09-11 19:25:40.428,1789165540.4285731,138
2026-09-11 19:25:40.436,1789165540.4362655,378
2026-09-11 19:25:40.443,1789165540.4439576,708
2026-09-11 19:25:40.451,1789165540.45165,923
2026-09-11 19:25:40.459,1789165540.4593422,584
2026-09-11 19:25:40.467,1789165540.4670346,-247
2026-09-11 19:25:40.474,1789165540.474727,-531
2026-09-11 19:25:40.482,1789165540.4824193,-145
2026-09-11 19:25:40.490,1789165540.4901116,-29
2026-09-11 19:25:40.497,1789165540.497804,-169
2026-09-11 19:25:40.505,1789165540.505496,-99
2026-09-11 19:25:40.513,1789165540.5131884,-12
2026-09-11 19:25:40.520,1789165540.5208807,-43
2026-09-11 19:25:40.528,1789165540.528573,-31
2026-09-11 19:25:40.536,1789165540.5362654,26
2026-09-11 19:25:40.543,1789165540.5439577,63
2026-09-11 19:25:40.551,1789165540.55165,94
2026-09-11 19:25:40.559,1789165540.5593424,123
2026-09-11 19:25:40.567,1789165540.5670347,167
2026-09-11 19:25:40.574,1789165540.5747268,269
2026-09-11 19:25:40.582,1789165540.5824192,351
2026-09-11 19:25:40.590,1789165540.5901115,368
2026-09-11 19:25:40.597,1789165540.5972116,404
2026-09-11 19:25:40.604,1789165540.604904,443
2026-09-11 19:25:40.612,1789165540.6125963,424
2026-09-11 19:25:40.620,1789165540.6202886,417
2026-09-11 19:25:40.627,1789165540.627981,472
2026-09-11 19:25:40.635,1789165540.635673,548
2026-09-11 19:25:40.643,1789165540.6433654,640
2026-09-11 19:25:40.651,1789165540.6510577,771
2026-09-11 19:25:40.658,1789165540.65875,887
2026-09-11 19:25:40.666,1789165540.6664424,965
2026-09-11 19:25:40.674,1789165540.6741347,1023
2026-09-11 19:25:40.681,1789165540.681827,1035
2026-09-11 19:25:40.689,1789165540.6895194,996
2026-09-11 19:25:40.697,1789165540.6972115,919
2026-09-11 19:25:40.704,1789165540.7049038,797
2026-09-11 19:25:40.712,1789165540.7125962,642
2026-09-11 19:25:40.720,1789165540.7202885,472
2026-09-11 19:25:40.727,1789165540.7279809,298
2026-09-11 19:25:40.735,1789165540.7356732,133
2026-09-11 19:25:40.743,1789165540.7433655,38
2026-09-11 19:25:40.751,1789165540.7510579,7
2026-09-11 19:25:40.758,1789165540.75875,-12
2026-09-11 19:25:40.766,1789165540.7664423,-24
2026-09-11 19:25:40.774,1789165540.7741346,16
2026-09-11 19:25:40.781,1789165540.781827,189
2026-09-11 19:25:40.789,1789165540.7895193,443
2026-09-11 19:25:40.797,1789165540.7972116,591
2026-09-11 19:25:40.804,1789165540.804904,615
2026-09-11 19:25:40.812,1789165540.8125963,654
2026-09-11 19:25:40.820,1789165540.8202884,696
2026-09-11 19:25:40.827,1789165540.8279808,686
2026-09-11 19:25:40.835,1789165540.835673,686
2026-09-11 19:25:40.843,1789165540.8433654,696
2026-09-11 19:25:40.851,1789165540.8510578,647
2026-09-11 19:25:40.858,1789165540.85875,577
2026-09-11 19:25:40.866,1789165540.8664424,526
2026-09-11 19:25:40.874,1789165540.8741348,499
2026-09-11 19:25:40.881,1789165540.8818269,489
2026-09-11 19:25:40.889,1789165540.8895192,463
2026-09-11 19:25:40.897,1789165540.8972116,424
2026-09-11 19:25:40.904,1789165540.904904,424
2026-09-11 19:25:40.912,1789165540.9125962,441
2026-09-11 19:25:40.920,1789165540.9202886,438
2026-09-11 19:25:40.927,1789165540.927981,448
2026-09-11 19:25:40.935,1789165540.9356732,482
2026-09-11 19:25:40.943,1789165540.9433653,477
2026-09-11 19:25:40.951,1789165540.9510577,404
2026-09-11 19:25:40.958,1789165540.95875,324
2026-09-11 19:25:40.966,1789165540.9664423,230
2026-09-11 19:25:40.974,1789165540.9741347,58
2026-09-11 19:25:40.981,1789165540.981827,-164
2026-09-11 19:25:40.989,1789165540.9895194,-383
2026-09-11 19:25:40.997,1789165540.9972117,-548
2026-09-11 19:25:41.004,1789165541.0049038,-603
2026-09-11 19:25:41.012,1789165541.0125961,-560
2026-09-11 19:25:41.020,1789165541.0202885,-497
2026-09-11 19:25:41.027,1789165541.0279808,-468
2026-09-11 19:25:41.035,1789165541.0356731,-383
2026-09-11 19:25:41.043,1789165541.0433655,-109
2026-09-11 19:25:41.051,1789165541.0510578,378
2026-09-11 19:25:41.058,1789165541.0587502,851
2026-09-11 19:25:41.066,1789165541.0664423,858
2026-09-11 19:25:41.074,1789165541.0741346,113
2026-09-11 19:25:41.081,1789165541.081827,-708
2026-09-11 19:25:41.089,1789165541.0895193,-710
2026-09-11 19:25:41.097,1789165541.0972116,-426
2026-09-11 19:25:41.104,1789165541.104904,-550
2026-09-11 19:25:41.112,1789165541.1125963,-710
2026-09-11 19:25:41.120,1789165541.1202886,-696
2026-09-11 19:25:41.127,1789165541.127981,-720
2026-09-11 19:25:41.135,1789165541.135673,-771
2026-09-11 19:25:41.143,1789165541.1433654,-766
2026-09-11 19:25:41.151,1789165541.1510577,-737
2026-09-11 19:25:41.158,1789165541.1581578,-698
2026-09-11 19:25:41.165,1789165541.1658502,-620
2026-09-11 19:25:41.173,1789165541.1735425,-538
2026-09-11 19:25:41.181,1789165541.1812348,-477
2026-09-11 19:25:41.188,1789165541.1889272,-378
2026-09-11 19:25:41.196,1789165541.1966193,-230
2026-09-11 19:25:41.204,1789165541.2043116,-140
2026-09-11 19:25:41.212,1789165541.212004,-104
2026-09-11 19:25:41.219,1789165541.2196963,-50
2026-09-11 19:25:41.227,1789165541.2273886,4
2026-09-11 19:25:41.235,1789165541.235081,50
2026-09-11 19:25:41.242,1789165541.2427733,84
2026-09-11 19:25:41.250,1789165541.2504656,101
2026-09-11 19:25:41.258,1789165541.2581577,126
2026-09-11 19:25:41.265,1789165541.26585,167
2026-09-11 19:25:41.273,1789165541.2735424,208
2026-09-11 19:25:41.281,1789165541.2812347,232
2026-09-11 19:25:41.288,1789165541.288927,230
2026-09-11 19:25:41.296,1789165541.2966194,223
2026-09-11 19:25:41.304,1789165541.3043118,203
2026-09-11 19:25:41.312,1789165541.312004,145
2026-09-11 19:25:41.319,1789165541.3196962,77
2026-09-11 19:25:41.327,1789165541.3273885,48
2026-09-11 19:25:41.335,1789165541.3350809,29
2026-09-11 19:25:41.342,1789165541.3427732,-21
2026-09-11 19:25:41.350,1789165541.3504655,-65
2026-09-11 19:25:41.358,1789165541.3581579,-67
2026-09-11 19:25:41.365,1789165541.3658502,-60
2026-09-11 19:25:41.373,1789165541.3735425,-58
2026-09-11 19:25:41.381,1789165541.3812346,-46
2026-09-11 19:25:41.388,1789165541.388927,-38
2026-09-11 19:25:41.396,1789165541.3966193,-41
2026-09-11 19:25:41.404,1789165541.4043117,-19
2026-09-11 19:25:41.412,1789165541.412004,16
2026-09-11 19:25:41.419,1789165541.4196963,24
2026-09-11 19:25:41.427,1789165541.4273887,-2
2026-09-11 19:25:41.435,1789165541.435081,-46
2026-09-11 19:25:41.442,1789165541.442773,-92
2026-09-11 19:25:41.450,1789165541.4504654,-152
2026-09-11 19:25:41.458,1789165541.4581578,-210
2026-09-11 19:25:41.465,1789165541.46585,-220
2026-09-11 19:25:41.473,1789165541.4735425,-198
2026-09-11 19:25:41.481,1789165541.4812348,-215
2026-09-11 19:25:41.488,1789165541.4889271,-259
2026-09-11 19:25:41.496,1789165541.4966195,-286
2026-09-11 19:25:41.504,1789165541.5043116,-320
2026-09-11 19:25:41.512,1789165541.512004,-354
2026-09-11 19:25:41.519,1789165541.5196962,-349
2026-09-11 19:25:41.527,1789165541.5273886,-329
2026-09-11 19:25:41.535,1789165541.535081,-315
2026-09-11 19:25:41.542,1789165541.5427732,-305
2026-09-11 19:25:41.550,1789165541.5504656,-324
2026-09-11 19:25:41.558,1789165541.558158,-361
2026-09-11 19:25:41.565,1789165541.56585,-388
2026-09-11 19:25:41.573,1789165541.5735424,-414
2026-09-11 19:25:41.581,1789165541.5812347,-453
2026-09-11 19:25:41.588,1789165541.588927,-472
2026-09-11 19:25:41.596,1789165541.5966194,-472
2026-09-11 19:25:41.604,1789165541.6043117,-468
2026-09-11 19:25:41.612,1789165541.612004,-458
2026-09-11 19:25:41.619,1789165541.6196964,-453
2026-09-11 19:25:41.627,1789165541.6273885,-455
2026-09-11 19:25:41.635,1789165541.6350808,-409
2026-09-11 19:25:41.642,1789165541.6427732,-223
2026-09-11 19:25:41.650,1789165541.6504655,121
2026-09-11 19:25:41.658,1789165541.6581578,487
2026-09-11 19:25:41.665,1789165541.6658502,557
2026-09-11 19:25:41.673,1789165541.6735425,-33
2026-09-11 19:25:41.681,1789165541.6812348,-797
2026-09-11 19:25:41.688,1789165541.6889272,-800
2026-09-11 19:25:41.696,1789165541.6966193,-436
2026-09-11 19:25:41.704,1789165541.7043116,-455
2026-09-11 19:25:41.712,1789165541.712004,-535
2026-09-11 19:25:41.719,1789165541.7191346,-434
2026-09-11 19:25:41.726,1789165541.726827,-400
2026-09-11 19:25:41.734,1789165541.7345192,-404
2026-09-11 19:25:41.742,1789165541.7422116,-329
2026-09-11 19:25:41.749,1789165541.749904,-271
2026-09-11 19:25:41.757,1789165541.757596,-274
2026-09-11 19:25:41.765,1789165541.7652884,-266
2026-09-11 19:25:41.772,1789165541.7729807,-242
2026-09-11 19:25:41.780,1789165541.780673,-215
2026-09-11 19:25:41.788,1789165541.7883654,-184
2026-09-11 19:25:41.796,1789165541.7960577,-157
2026-09-11 19:25:41.803,1789165541.80375,-140
2026-09-11 19:25:41.811,1789165541.8114424,-111
2026-09-11 19:25:41.819,1789165541.8191345,-70
2026-09-11 19:25:41.826,1789165541.8268268,-19
2026-09-11 19:25:41.834,1789165541.8345191,33
2026-09-11 19:25:41.842,1789165541.8422115,53
2026-09-11 19:25:41.849,1789165541.8499038,31
2026-09-11 19:25:41.857,1789165541.8575962,-29
2026-09-11 19:25:41.865,1789165541.8652885,-99
2026-09-11 19:25:41.872,1789165541.8729808,-143
2026-09-11 19:25:41.880,1789165541.880673,-160
2026-09-11 19:25:41.888,1789165541.8883653,-181
2026-09-11 19:25:41.896,1789165541.8960576,-218
2026-09-11 19:25:41.903,1789165541.90375,-257
2026-09-11 19:25:41.911,1789165541.9114423,-295
2026-09-11 19:25:41.919,1789165541.9191346,-339
2026-09-11 19:25:41.926,1789165541.926827,-388
2026-09-11 19:25:41.934,1789165541.9345193,-419
2026-09-11 19:25:41.942,1789165541.9422114,-431
2026-09-11 19:25:41.949,1789165541.9499037,-441
2026-09-11 19:25:41.957,1789165541.957596,-446
2026-09-11 19:25:41.965,1789165541.9652884,-438
2026-09-11 19:25:41.972,1789165541.9729807,-429
2026-09-11 19:25:41.980,1789165541.980673,-417
2026-09-11 19:25:41.988,1789165541.9883654,-395
2026-09-11 19:25:41.996,1789165541.9960577,-375
2026-09-11 19:25:42.003,1789165542.0037498,-358
2026-09-11 19:25:42.011,1789165542.0114422,-344
2026-09-11 19:25:42.019,1789165542.0191345,-334
2026-09-11 19:25:42.026,1789165542.0268269,-329
2026-09-11 19:25:42.034,1789165542.0345192,-322
2026-09-11 19:25:42.042,1789165542.0422115,-312
2026-09-11 19:25:42.049,1789165542.0499039,-305
2026-09-11 19:25:42.057,1789165542.0575962,-303
2026-09-11 19:25:42.065,1789165542.0652883,-300
2026-09-11 19:25:42.072,1789165542.0729806,-295
2026-09-11 19:25:42.080,1789165542.080673,-291
2026-09-11 19:25:42.088,1789165542.0883653,-288
2026-09-11 19:25:42.096,1789165542.0960577,-281
2026-09-11 19:25:42.103,1789165542.10375,-274
2026-09-11 19:25:42.111,1789165542.1114423,-269
2026-09-11 19:25:42.119,1789165542.1191347,-264
2026-09-11 19:25:42.126,1789165542.1268268,-254
2026-09-11 19:25:42.134,1789165542.134519,-227
2026-09-11 19:25:42.142,1789165542.1422114,-194
2026-09-11 19:25:42.149,1789165542.1499038,-174
2026-09-11 19:25:42.157,1789165542.157596,-179
2026-09-11 19:25:42.165,1789165542.1652884,-201
2026-09-11 19:25:42.172,1789165542.1729808,-220
2026-09-11 19:25:42.180,1789165542.1806731,-218
2026-09-11 19:25:42.188,1789165542.1883652,-201
2026-09-11 19:25:42.196,1789165542.1960576,-186
2026-09-11 19:25:42.203,1789165542.20375,-174
2026-09-11 19:25:42.211,1789165542.2114422,-167
2026-09-11 19:25:42.219,1789165542.2191346,-162
2026-09-11 19:25:42.226,1789165542.226827,-162
2026-09-11 19:25:42.234,1789165542.2345192,-162
2026-09-11 19:25:42.242,1789165542.2422116,-123
2026-09-11 19:25:42.249,1789165542.249904,14
2026-09-11 19:25:42.257,1789165542.257596,278
2026-09-11 19:25:42.265,1789165542.2652884,618
2026-09-11 19:25:42.272,1789165542.2729807,892
2026-09-11 19:25:42.280,1789165542.2800808,611
2026-09-11 19:25:42.287,1789165542.2877731,-237
2026-09-11 19:25:42.295,1789165542.2954655,-594
2026-09-11 19:25:42.303,1789165542.3031578,-252
2026-09-11 19:25:42.310,1789165542.3108501,-128
2026-09-11 19:25:42.318,1789165542.3185422,-274
2026-09-11 19:25:42.326,1789165542.3262346,-252
2026-09-11 19:25:42.333,1789165542.333927,-196
2026-09-11 19:25:42.341,1789165542.3416193,-230
2026-09-11 19:25:42.349,1789165542.3493116,-227
2026-09-11 19:25:42.357,1789165542.357004,-210
2026-09-11 19:25:42.364,1789165542.3646963,-220
2026-09-11 19:25:42.372,1789165542.3723886,-206
2026-09-11 19:25:42.380,1789165542.3800807,-184
2026-09-11 19:25:42.387,1789165542.387773,-177
2026-09-11 19:25:42.395,1789165542.3954654,-167
2026-09-11 19:25:42.403,1789165542.4031577,-152
2026-09-11 19:25:42.410,1789165542.41085,-147
2026-09-11 19:25:42.418,1789165542.4185424,-135
2026-09-11 19:25:42.426,1789165542.4262347,-101
2026-09-11 19:25:42.433,1789165542.433927,-60
2026-09-11 19:25:42.441,1789165542.4416192,-36
2026-09-11 19:25:42.449,1789165542.4493115,-21
2026-09-11 19:25:42.457,1789165542.4570038,-2
2026-09-11 19:25:42.464,1789165542.4646962,12
2026-09-11 19:25:42.472,1789165542.4723885,14
2026-09-11 19:25:42.480,1789165542.4800808,9
2026-09-11 19:25:42.487,1789165542.4877732,0
2026-09-11 19:25:42.495,1789165542.4954655,-9
2026-09-11 19:25:42.503,1789165542.5031576,-21
2026-09-11 19:25:42.510,1789165542.51085,-46
2026-09-11 19:25:42.518,1789165542.5185423,-80
2026-09-11 19:25:42.526,1789165542.5262346,-113
2026-09-11 19:25:42.533,1789165542.533927,-145
2026-09-11 19:25:42.541,1789165542.5416193,-174
2026-09-11 19:25:42.549,1789165542.5493116,-201
2026-09-11 19:25:42.557,1789165542.557004,-218
2026-09-11 19:25:42.564,1789165542.564696,-223
2026-09-11 19:25:42.572,1789165542.5723884,-223
2026-09-11 19:25:42.580,1789165542.5800807,-223
2026-09-11 19:25:42.587,1789165542.587773,-220
2026-09-11 19:25:42.595,1789165542.5954654,-208
2026-09-11 19:25:42.603,1789165542.6031578,-196
2026-09-11 19:25:42.610,1789165542.61085,-189
2026-09-11 19:25:42.618,1789165542.6185424,-174
2026-09-11 19:25:42.626,1789165542.6262345,-150
2026-09-11 19:25:42.633,1789165542.6339269,-135
2026-09-11 19:25:42.641,1789165542.6416192,-135
2026-09-11 19:25:42.649,1789165542.6493115,-138
2026-09-11 19:25:42.657,1789165542.6570039,-135
2026-09-11 19:25:42.664,1789165542.6646962,-140
2026-09-11 19:25:42.672,1789165542.6723886,-143
2026-09-11 19:25:42.680,1789165542.680081,-135
2026-09-11 19:25:42.687,1789165542.687773,-130
2026-09-11 19:25:42.695,1789165542.6954653,-126
2026-09-11 19:25:42.703,1789165542.7031577,-113
2026-09-11 19:25:42.710,1789165542.71085,-104
2026-09-11 19:25:42.718,1789165542.7185423,-109
2026-09-11 19:25:42.726,1789165542.7262347,-116
2026-09-11 19:25:42.733,1789165542.733927,-111
2026-09-11 19:25:42.741,1789165542.7416193,-109
2026-09-11 19:25:42.749,1789165542.7493114,-126
2026-09-11 19:25:42.757,1789165542.7570038,-138
2026-09-11 19:25:42.764,1789165542.7646961,-135
2026-09-11 19:25:42.772,1789165542.7723885,-133
2026-09-11 19:25:42.780,1789165542.7800808,-130
2026-09-11 19:25:42.787,1789165542.7877731,-121
2026-09-11 19:25:42.795,1789165542.7954655,-104
2026-09-11 19:25:42.803,1789165542.8031578,-80
2026-09-11 19:25:42.810,1789165542.8108501,-55
2026-09-11 19:25:42.818,1789165542.8185422,-53
2026-09-11 19:25:42.826,1789165542.8262346,-80
2026-09-11 19:25:42.833,1789165542.833927,-113
2026-09-11 19:25:42.841,1789165542.8410273,-140
2026-09-11 19:25:42.848,1789165542.8487196,-152
2026-09-11 19:25:42.856,1789165542.856412,-150
2026-09-11 19:25:42.864,1789165542.8641043,-147
2026-09-11 19:25:42.871,1789165542.8717966,-147
2026-09-11 19:25:42.879,1789165542.8794887,-150
2026-09-11 19:25:42.887,1789165542.887181,-152
2026-09-11 19:25:42.894,1789165542.8948734,-152
2026-09-11 19:25:42.902,1789165542.9025657,-128
2026-09-11 19:25:42.910,1789165542.910258,-7
2026-09-11 19:25:42.917,1789165542.9179504,230
2026-09-11 19:25:42.925,1789165542.9256427,533
2026-09-11 19:25:42.933,1789165542.933335,829
2026-09-11 19:25:42.941,1789165542.9410272,674
2026-09-11 19:25:42.948,1789165542.9487195,-128
2026-09-11 19:25:42.956,1789165542.9564118,-586
2026-09-11 19:25:42.964,1789165542.9641042,-269
2026-09-11 19:25:42.971,1789165542.9717965,-67
2026-09-11 19:25:42.979,1789165542.9794888,-186
2026-09-11 19:25:42.987,1789165542.9871812,-162
2026-09-11 19:25:42.994,1789165542.9948735,-82
2026-09-11 19:25:43.002,1789165543.0025656,-101
2026-09-11 19:25:43.010,1789165543.010258,-87
2026-09-11 19:25:43.017,1789165543.0179503,-36
2026-09-11 19:25:43.025,1789165543.0256426,-29
2026-09-11 19:25:43.033,1789165543.033335,-31
2026-09-11 19:25:43.041,1789165543.0410273,-14
2026-09-11 19:25:43.048,1789165543.0487196,-14
2026-09-11 19:25:43.056,1789165543.056412,-29
2026-09-11 19:25:43.064,1789165543.064104,-21
2026-09-11 19:25:43.071,1789165543.0717964,-7
2026-09-11 19:25:43.079,1789165543.0794888,-4
2026-09-11 19:25:43.087,1789165543.087181,-4
2026-09-11 19:25:43.094,1789165543.0948734,4
2026-09-11 19:25:43.102,1789165543.1025658,24
2026-09-11 19:25:43.110,1789165543.110258,36
2026-09-11 19:25:43.117,1789165543.1179504,38
2026-09-11 19:25:43.125,1789165543.1256425,41
2026-09-11 19:25:43.133,1789165543.1333349,46
2026-09-11 19:25:43.141,1789165543.1410272,48
2026-09-11 19:25:43.148,1789165543.1487195,46
2026-09-11 19:25:43.156,1789165543.156412,41
2026-09-11 19:25:43.164,1789165543.1641042,33
2026-09-11 19:25:43.171,1789165543.1717966,12
2026-09-11 19:25:43.179,1789165543.179489,-12
2026-09-11 19:25:43.187,1789165543.187181,-29
2026-09-11 19:25:43.194,1789165543.1948733,-48
2026-09-11 19:25:43.202,1789165543.2025657,-82
2026-09-11 19:25:43.210,1789165543.210258,-113
2026-09-11 19:25:43.217,1789165543.2179503,-111
2026-09-11 19:25:43.225,1789165543.2256427,-87
2026-09-11 19:25:43.233,1789165543.233335,-82
2026-09-11 19:25:43.241,1789165543.2410274,-92
2026-09-11 19:25:43.248,1789165543.2487195,-92
2026-09-11 19:25:43.256,1789165543.2564118,-87
2026-09-11 19:25:43.264,1789165543.2641041,-80
2026-09-11 19:25:43.271,1789165543.2717965,-75
2026-09-11 19:25:43.279,1789165543.2794888,-58
2026-09-11 19:25:43.287,1789165543.2871811,-26
2026-09-11 19:25:43.294,1789165543.2948735,-19
2026-09-11 19:25:43.302,1789165543.3025658,-36
2026-09-11 19:25:43.310,1789165543.310258,-46
2026-09-11 19:25:43.317,1789165543.3179502,-53
2026-09-11 19:25:43.325,1789165543.3256426,-55
2026-09-11 19:25:43.333,1789165543.333335,-43
2026-09-11 19:25:43.341,1789165543.3410273,-26
2026-09-11 19:25:43.348,1789165543.3487196,-26
2026-09-11 19:25:43.356,1789165543.356412,-48
2026-09-11 19:25:43.364,1789165543.3641043,-55
2026-09-11 19:25:43.371,1789165543.3717966,-41
2026-09-11 19:25:43.379,1789165543.3794887,-31
2026-09-11 19:25:43.387,1789165543.387181,-26
2026-09-11 19:25:43.394,1789165543.3948734,-24
2026-09-11 19:25:43.402,1789165543.4020038,-24
2026-09-11 19:25:43.409,1789165543.409696,-26
2026-09-11 19:25:43.417,1789165543.4173884,-38
2026-09-11 19:25:43.425,1789165543.4250808,-55
2026-09-11 19:25:43.432,1789165543.432773,-65
2026-09-11 19:25:43.440,1789165543.4404652,-67
2026-09-11 19:25:43.448,1789165543.4481575,-67
2026-09-11 19:25:43.455,1789165543.45585,-60
2026-09-11 19:25:43.463,1789165543.4635422,-41
2026-09-11 19:25:43.471,1789165543.4712346,-24
2026-09-11 19:25:43.478,1789165543.478927,-24
2026-09-11 19:25:43.486,1789165543.4866192,-29
2026-09-11 19:25:43.494,1789165543.4943116,-19
2026-09-11 19:25:43.502,1789165543.5020037,-4
2026-09-11 19:25:43.509,1789165543.509696,7
2026-09-11 19:25:43.517,1789165543.5173883,9
2026-09-11 19:25:43.525,1789165543.5250807,2
2026-09-11 19:25:43.532,1789165543.532773,-12
2026-09-11 19:25:43.540,1789165543.5404654,-9
2026-09-11 19:25:43.548,1789165543.5481577,19
2026-09-11 19:25:43.555,1789165543.55585,48
2026-09-11 19:25:43.563,1789165543.5635421,41
2026-09-11 19:25:43.571,1789165543.5712345,21
2026-09-11 19:25:43.578,1789165543.5789268,46
2026-09-11 19:25:43.586,1789165543.5866191,63
2026-09-11 19:25:43.594,1789165543.5943115,46
2026-09-11 19:25:43.602,1789165543.6020038,48
2026-09-11 19:25:43.609,1789165543.6096961,50
2026-09-11 19:25:43.617,1789165543.6173885,31
2026-09-11 19:25:43.625,1789165543.6250806,26
2026-09-11 19:25:43.632,1789165543.632773,38
2026-09-11 19:25:43.640,1789165543.6404653,46
2026-09-11 19:25:43.648,1789165543.6481576,48
2026-09-11 19:25:43.655,1789165543.65585,31
2026-09-11 19:25:43.663,1789165543.6635423,-21
2026-09-11 19:25:43.671,1789165543.6712346,-80
2026-09-11 19:25:43.678,1789165543.678927,-92
2026-09-11 19:25:43.686,1789165543.686619,-16
2026-09-11 19:25:43.694,1789165543.6943114,169
2026-09-11 19:25:43.702,1789165543.7020037,448
2026-09-11 19:25:43.709,1789165543.709696,761
2026-09-11 19:25:43.717,1789165543.7173884,683
2026-09-11 19:25:43.725,1789165543.7250807,-63
2026-09-11 19:25:43.732,1789165543.732773,-586
2026-09-11 19:25:43.740,1789165543.7404654,-358
2026-09-11 19:25:43.748,1789165543.7481575,-174
2026-09-11 19:25:43.755,1789165543.7558498,-293
2026-09-11 19:25:43.763,1789165543.7635422,-293
2026-09-11 19:25:43.771,1789165543.7712345,-225
2026-09-11 19:25:43.778,1789165543.7789268,-257
2026-09-11 19:25:43.786,1789165543.7866192,-271
2026-09-11 19:25:43.794,1789165543.7943115,-244
2026-09-11 19:25:43.802,1789165543.8020039,-235
2026-09-11 19:25:43.809,1789165543.809696,-225
2026-09-11 19:25:43.817,1789165543.8173883,-201
2026-09-11 19:25:43.825,1789165543.8250806,-184
2026-09-11 19:25:43.832,1789165543.832773,-172
2026-09-11 19:25:43.840,1789165543.8404653,-160
2026-09-11 19:25:43.848,1789165543.8481576,-143
2026-09-11 19:25:43.855,1789165543.85585,-123
2026-09-11 19:25:43.863,1789165543.8635423,-111
2026-09-11 19:25:43.871,1789165543.8712344,-94
2026-09-11 19:25:43.878,1789165543.8789268,-67
2026-09-11 19:25:43.886,1789165543.886619,-55
2026-09-11 19:25:43.894,1789165543.8943114,-48
2026-09-11 19:25:43.902,1789165543.9020038,-33
2026-09-11 19:25:43.909,1789165543.909696,-36
2026-09-11 19:25:43.917,1789165543.9173884,-43
2026-09-11 19:25:43.925,1789165543.9250808,-41
2026-09-11 19:25:43.932,1789165543.932773,-41
2026-09-11 19:25:43.940,1789165543.9404652,-38
2026-09-11 19:25:43.948,1789165543.9481575,-33
2026-09-11 19:25:43.955,1789165543.95585,-43
2026-09-11 19:25:43.962,1789165543.9629502,-70
2026-09-11 19:25:43.970,1789165543.9706426,-97
2026-09-11 19:25:43.978,1789165543.978335,-118
2026-09-11 19:25:43.986,1789165543.9860272,-145
2026-09-11 19:25:43.993,1789165543.9937196,-172
2026-09-11 19:25:44.001,1789165544.0014117,-186
2026-09-11 19:25:44.009,1789165544.009104,-184
2026-09-11 19:25:44.016,1789165544.0167964,-172
2026-09-11 19:25:44.024,1789165544.0244887,-181
2026-09-11 19:25:44.032,1789165544.032181,-184
2026-09-11 19:25:44.039,1789165544.0398734,-164
2026-09-11 19:25:44.047,1789165544.0475657,-155
2026-09-11 19:25:44.055,1789165544.055258,-152
2026-09-11 19:25:44.062,1789165544.0629501,-150
2026-09-11 19:25:44.070,1789165544.0706425,-147
2026-09-11 19:25:44.078,1789165544.0783348,-147
2026-09-11 19:25:44.086,1789165544.0860271,-143
2026-09-11 19:25:44.093,1789165544.0937195,-133
2026-09-11 19:25:44.101,1789165544.1014118,-133
2026-09-11 19:25:44.109,1789165544.1091042,-147
2026-09-11 19:25:44.116,1789165544.1167965,-164
2026-09-11 19:25:44.124,1789165544.1244886,-147
2026-09-11 19:25:44.132,1789165544.132181,-75
2026-09-11 19:25:44.139,1789165544.1398733,-7
2026-09-11 19:25:44.147,1789165544.1475656,9
2026-09-11 19:25:44.155,1789165544.155258,19
2026-09-11 19:25:44.162,1789165544.1629503,41
2026-09-11 19:25:44.170,1789165544.1706426,50
2026-09-11 19:25:44.178,1789165544.178335,55
2026-09-11 19:25:44.186,1789165544.186027,63
2026-09-11 19:25:44.193,1789165544.1937194,65
2026-09-11 19:25:44.201,1789165544.2014117,63
2026-09-11 19:25:44.209,1789165544.209104,55
2026-09-11 19:25:44.216,1789165544.2167964,70
2026-09-11 19:25:44.224,1789165544.2244887,111
2026-09-11 19:25:44.232,1789165544.232181,116
2026-09-11 19:25:44.239,1789165544.2398734,80
2026-09-11 19:25:44.247,1789165544.2475655,46
2026-09-11 19:25:44.255,1789165544.2552578,43
2026-09-11 19:25:44.262,1789165544.2629502,36
2026-09-11 19:25:44.270,1789165544.2706425,29
2026-09-11 19:25:44.278,1789165544.2783349,41
2026-09-11 19:25:44.286,1789165544.2860272,55
2026-09-11 19:25:44.293,1789165544.2937195,60
2026-09-11 19:25:44.301,1789165544.3014119,63
2026-09-11 19:25:44.309,1789165544.309104,50
2026-09-11 19:25:44.316,1789165544.3167963,26
2026-09-11 19:25:44.324,1789165544.3244886,14
2026-09-11 19:25:44.332,1789165544.332181,16
2026-09-11 19:25:44.339,1789165544.3398733,12
2026-09-11 19:25:44.347,1789165544.3475657,19
2026-09-11 19:25:44.355,1789165544.355258,19
2026-09-11 19:25:44.362,1789165544.3629503,12
2026-09-11 19:25:44.370,1789165544.3706424,21
2026-09-11 19:25:44.378,1789165544.3783348,48
2026-09-11 19:25:44.386,1789165544.386027,70
2026-09-11 19:25:44.393,1789165544.3937194,75
2026-09-11 19:25:44.401,1789165544.4014118,89
2026-09-11 19:25:44.409,1789165544.409104,135
2026-09-11 19:25:44.416,1789165544.4167964,177
2026-09-11 19:25:44.424,1789165544.4244888,179
2026-09-11 19:25:44.432,1789165544.432181,167
2026-09-11 19:25:44.439,1789165544.4398732,135
2026-09-11 19:25:44.447,1789165544.4475656,94
2026-09-11 19:25:44.455,1789165544.455258,75
2026-09-11 19:25:44.462,1789165544.4629502,58
2026-09-11 19:25:44.470,1789165544.4706426,7
2026-09-11 19:25:44.478,1789165544.478335,-33
2026-09-11 19:25:44.486,1789165544.4860272,-31
2026-09-11 19:25:44.493,1789165544.4937196,-12
2026-09-11 19:25:44.501,1789165544.5014117,-9
2026-09-11 19:25:44.509,1789165544.509104,-26
2026-09-11 19:25:44.516,1789165544.5167964,-53
2026-09-11 19:25:44.523,1789165544.523927,-70
2026-09-11 19:25:44.531,1789165544.5316193,-46
2026-09-11 19:25:44.539,1789165544.5393116,63
2026-09-11 19:25:44.547,1789165544.547004,261
2026-09-11 19:25:44.554,1789165544.5546963,531
2026-09-11 19:25:44.562,1789165544.5623884,669
2026-09-11 19:25:44.570,1789165544.5700808,257
2026-09-11 19:25:44.577,1789165544.577773,-366
2026-09-11 19:25:44.585,1789165544.5854654,-400
2026-09-11 19:25:44.593,1789165544.5931578,-121
2026-09-11 19:25:44.600,1789165544.60085,-106
2026-09-11 19:25:44.608,1789165544.6085424,-157
2026-09-11 19:25:44.616,1789165544.6162348,-109
2026-09-11 19:25:44.623,1789165544.6239269,-97
2026-09-11 19:25:44.631,1789165544.6316192,-97
2026-09-11 19:25:44.639,1789165544.6393116,-67
2026-09-11 19:25:44.647,1789165544.647004,-67
2026-09-11 19:25:44.654,1789165544.6546962,-99
2026-09-11 19:25:44.662,1789165544.6623886,-106
2026-09-11 19:25:44.670,1789165544.670081,-77
2026-09-11 19:25:44.677,1789165544.6777732,-67
2026-09-11 19:25:44.685,1789165544.6854653,-67
2026-09-11 19:25:44.693,1789165544.6931577,-38
2026-09-11 19:25:44.700,1789165544.70085,-21
2026-09-11 19:25:44.708,1789165544.7085423,-58
2026-09-11 19:25:44.716,1789165544.7162347,-82
2026-09-11 19:25:44.723,1789165544.723927,-53
2026-09-11 19:25:44.731,1789165544.7316194,-19
2026-09-11 19:25:44.739,1789165544.7393117,0
2026-09-11 19:25:44.747,1789165544.7470038,26
2026-09-11 19:25:44.754,1789165544.7546961,36
2026-09-11 19:25:44.762,1789165544.7623885,14
2026-09-11 19:25:44.770,1789165544.7700808,4
2026-09-11 19:25:44.777,1789165544.7777731,14
2026-09-11 19:25:44.785,1789165544.7854655,12
2026-09-11 19:25:44.793,1789165544.7931578,4
2026-09-11 19:25:44.800,1789165544.8008502,2
2026-09-11 19:25:44.808,1789165544.8085423,0
2026-09-11 19:25:44.816,1789165544.8162346,-12
2026-09-11 19:25:44.823,1789165544.823927,-41
2026-09-11 19:25:44.831,1789165544.8316193,-65
2026-09-11 19:25:44.839,1789165544.8393116,-84
2026-09-11 19:25:44.847,1789165544.847004,-113
2026-09-11 19:25:44.854,1789165544.8546963,-152
2026-09-11 19:25:44.862,1789165544.8623886,-191
2026-09-11 19:25:44.870,1789165544.8700807,-215
2026-09-11 19:25:44.877,1789165544.877773,-220
2026-09-11 19:25:44.885,1789165544.8854654,-218
2026-09-11 19:25:44.893,1789165544.8931577,-203
2026-09-11 19:25:44.900,1789165544.90085,-194
2026-09-11 19:25:44.908,1789165544.9085424,-194
2026-09-11 19:25:44.916,1789165544.9162347,-181
2026-09-11 19:25:44.923,1789165544.923927,-172
2026-09-11 19:25:44.931,1789165544.9316192,-174
2026-09-11 19:25:44.939,1789165544.9393115,-181
2026-09-11 19:25:44.947,1789165544.9470038,-194
2026-09-11 19:25:44.954,1789165544.9546962,-198
2026-09-11 19:25:44.962,1789165544.9623885,-189
2026-09-11 19:25:44.970,1789165544.9700809,-198
2026-09-11 19:25:44.977,1789165544.9777732,-227
2026-09-11 19:25:44.985,1789165544.9854655,-227
2026-09-11 19:25:44.993,1789165544.9931576,-220
2026-09-11 19:25:45.000,1789165545.00085,-225
2026-09-11 19:25:45.008,1789165545.0085423,-215
2026-09-11 19:25:45.016,1789165545.0162346,-191
2026-09-11 19:25:45.023,1789165545.023927,-181
2026-09-11 19:25:45.031,1789165545.0316193,-189
2026-09-11 19:25:45.039,1789165545.0393116,-196
2026-09-11 19:25:45.047,1789165545.047004,-189
2026-09-11 19:25:45.054,1789165545.0546963,-179
2026-09-11 19:25:45.062,1789165545.0623884,-177
2026-09-11 19:25:45.070,1789165545.0700808,-181
2026-09-11 19:25:45.077,1789165545.077773,-179
2026-09-11 19:25:45.084,1789165545.0848734,-186
2026-09-11 19:25:45.092,1789165545.0925658,-196
2026-09-11 19:25:45.100,1789165545.100258,-177
2026-09-11 19:25:45.107,1789165545.1079504,-135
2026-09-11 19:25:45.115,1789165545.1156428,-99
2026-09-11 19:25:45.123,1789165545.123335,-82
2026-09-11 19:25:45.131,1789165545.1310272,-84
2026-09-11 19:25:45.138,1789165545.1387196,-94
2026-09-11 19:25:45.146,1789165545.146412,-97
2026-09-11 19:25:45.154,1789165545.1541042,-82
2026-09-11 19:25:45.161,1789165545.1617966,-65
2026-09-11 19:25:45.169,1789165545.169489,-53
2026-09-11 19:25:45.177,1789165545.1771812,-16
2026-09-11 19:25:45.184,1789165545.1848733,24
2026-09-11 19:25:45.192,1789165545.1925657,24
2026-09-11 19:25:45.200,1789165545.200258,9
2026-09-11 19:25:45.207,1789165545.2079504,21
2026-09-11 19:25:45.215,1789165545.2156427,60
2026-09-11 19:25:45.223,1789165545.223335,94
2026-09-11 19:25:45.231,1789165545.2310274,106
2026-09-11 19:25:45.238,1789165545.2387197,126
2026-09-11 19:25:45.246,1789165545.2464118,152
2026-09-11 19:25:45.254,1789165545.2541041,157
2026-09-11 19:25:45.261,1789165545.2617965,123
2026-09-11 19:25:45.269,1789165545.2694888,77
2026-09-11 19:25:45.277,1789165545.2771811,41
2026-09-11 19:25:45.284,1789165545.2848735,14
2026-09-11 19:25:45.292,1789165545.2925658,4
2026-09-11 19:25:45.300,1789165545.3002582,14
2026-09-11 19:25:45.307,1789165545.3079503,31
2026-09-11 19:25:45.315,1789165545.3156426,48
2026-09-11 19:25:45.323,1789165545.323335,67
2026-09-11 19:25:45.331,1789165545.3310273,67
2026-09-11 19:25:45.338,1789165545.3387196,53
2026-09-11 19:25:45.346,1789165545.346412,92
2026-09-11 19:25:45.354,1789165545.3541043,254
2026-09-11 19:25:45.361,1789165545.3617966,506
2026-09-11 19:25:45.369,1789165545.3694887,790
2026-09-11 19:25:45.377,1789165545.377181,773
2026-09-11 19:25:45.384,1789165545.3848734,109
2026-09-11 19:25:45.392,1789165545.3925657,-509
2026-09-11 19:25:45.400,1789165545.400258,-395
2026-09-11 19:25:45.407,1789165545.4079504,-162
2026-09-11 19:25:45.415,1789165545.4156427,-227
2026-09-11 19:25:45.423,1789165545.423335,-252
2026-09-11 19:25:45.431,1789165545.4310272,-189
2026-09-11 19:25:45.438,1789165545.4387195,-181
2026-09-11 19:25:45.446,1789165545.4464118,-155
2026-09-11 19:25:45.454,1789165545.4541042,-106
2026-09-11 19:25:45.461,1789165545.4617965,-111
2026-09-11 19:25:45.469,1789165545.4694889,-126
2026-09-11 19:25:45.477,1789165545.4771812,-109
2026-09-11 19:25:45.484,1789165545.4848735,-106
2026-09-11 19:25:45.492,1789165545.4925656,-111
2026-09-11 19:25:45.500,1789165545.500258,-97
2026-09-11 19:25:45.507,1789165545.5079503,-80
2026-09-11 19:25:45.515,1789165545.5156426,-72
2026-09-11 19:25:45.523,1789165545.523335,-53
2026-09-11 19:25:45.531,1789165545.5310273,-29
2026-09-11 19:25:45.538,1789165545.5387197,-16
2026-09-11 19:25:45.546,1789165545.546412,2
2026-09-11 19:25:45.554,1789165545.554104,41
2026-09-11 19:25:45.561,1789165545.5617964,67
2026-09-11 19:25:45.569,1789165545.5694888,65
2026-09-11 19:25:45.577,1789165545.577181,63
2026-09-11 19:25:45.584,1789165545.5848734,67
2026-09-11 19:25:45.592,1789165545.5925658,80
2026-09-11 19:25:45.600,1789165545.600258,97
2026-09-11 19:25:45.607,1789165545.6079504,109
2026-09-11 19:25:45.615,1789165545.6156428,89
2026-09-11 19:25:45.623,1789165545.623335,60
2026-09-11 19:25:45.631,1789165545.6310272,41
2026-09-11 19:25:45.638,1789165545.6387196,2
2026-09-11 19:25:45.645,1789165545.6458297,-67
2026-09-11 19:25:45.653,1789165545.653522,-130
2026-09-11 19:25:45.661,1789165545.6612144,-157
2026-09-11 19:25:45.668,1789165545.6689067,-157
2026-09-11 19:25:45.676,1789165545.676599,-147
2026-09-11 19:25:45.684,1789165545.6842911,-150
2026-09-11 19:25:45.691,1789165545.6919835,-167
2026-09-11 19:25:45.699,1789165545.6996758,-174
2026-09-11 19:25:45.707,1789165545.7073681,-177
2026-09-11 19:25:45.715,1789165545.7150605,-172
2026-09-11 19:25:45.722,1789165545.7227528,-155
2026-09-11 19:25:45.730,1789165545.7304451,-133
2026-09-11 19:25:45.738,1789165545.7381375,-111
2026-09-11 19:25:45.745,1789165545.7458296,-101
2026-09-11 19:25:45.753,1789165545.753522,-104
2026-09-11 19:25:45.761,1789165545.7612143,-99
2026-09-11 19:25:45.768,1789165545.7689066,-94
2026-09-11 19:25:45.776,1789165545.776599,-99
2026-09-11 19:25:45.784,1789165545.7842913,-97
2026-09-11 19:25:45.791,1789165545.7919836,-89
2026-09-11 19:25:45.799,1789165545.799676,-84
2026-09-11 19:25:45.807,1789165545.807368,-87
2026-09-11 19:25:45.815,1789165545.8150604,-94
2026-09-11 19:25:45.822,1789165545.8227527,-97
2026-09-11 19:25:45.830,1789165545.830445,-99
2026-09-11 19:25:45.838,1789165545.8381374,-97
2026-09-11 19:25:45.845,1789165545.8458297,-89
2026-09-11 19:25:45.853,1789165545.853522,-82
2026-09-11 19:25:45.861,1789165545.8612144,-77
2026-09-11 19:25:45.868,1789165545.8689065,-75
2026-09-11 19:25:45.876,1789165545.8765988,-72
2026-09-11 19:25:45.884,1789165545.8842912,-67
2026-09-11 19:25:45.891,1789165545.8919835,-55
2026-09-11 19:25:45.899,1789165545.8996758,-31
2026-09-11 19:25:45.907,1789165545.9073682,-24
2026-09-11 19:25:45.915,1789165545.9150605,-29
2026-09-11 19:25:45.922,1789165545.9227529,-9
2026-09-11 19:25:45.930,1789165545.930445,26
2026-09-11 19:25:45.938,1789165545.9381373,36
2026-09-11 19:25:45.945,1789165545.9458296,38
2026-09-11 19:25:45.953,1789165545.953522,43
2026-09-11 19:25:45.961,1789165545.9612143,33
2026-09-11 19:25:45.968,1789165545.9689066,0
2026-09-11 19:25:45.976,1789165545.976599,-38
2026-09-11 19:25:45.984,1789165545.9842913,-53
2026-09-11 19:25:45.991,1789165545.9919834,-60
2026-09-11 19:25:45.999,1789165545.9996758,-72
2026-09-11 19:25:46.007,1789165546.007368,-63
2026-09-11 19:25:46.015,1789165546.0150604,-36
2026-09-11 19:25:46.022,1789165546.0227528,-46
2026-09-11 19:25:46.030,1789165546.030445,-65
2026-09-11 19:25:46.038,1789165546.0381374,-50
2026-09-11 19:25:46.045,1789165546.0458298,-24
2026-09-11 19:25:46.053,1789165546.0535219,75
2026-09-11 19:25:46.061,1789165546.0612142,337
2026-09-11 19:25:46.068,1789165546.0689065,691
2026-09-11 19:25:46.076,1789165546.076599,890
2026-09-11 19:25:46.084,1789165546.0842912,518
2026-09-11 19:25:46.091,1789165546.0919836,-293
2026-09-11 19:25:46.099,1789165546.099676,-562
2026-09-11 19:25:46.107,1789165546.1073682,-208
2026-09-11 19:25:46.115,1789165546.1150603,-80
2026-09-11 19:25:46.122,1789165546.1227527,-169
2026-09-11 19:25:46.130,1789165546.130445,-116
2026-09-11 19:25:46.138,1789165546.1381373,-70
2026-09-11 19:25:46.145,1789165546.1458297,-99
2026-09-11 19:25:46.153,1789165546.153522,-87
2026-09-11 19:25:46.161,1789165546.1612144,-53
2026-09-11 19:25:46.168,1789165546.1689067,-36
2026-09-11 19:25:46.176,1789165546.176599,-24
2026-09-11 19:25:46.184,1789165546.1842911,-4
2026-09-11 19:25:46.191,1789165546.1919835,9
2026-09-11 19:25:46.199,1789165546.1996758,14
2026-09-11 19:25:46.206,1789165546.2067964,19
2026-09-11 19:25:46.214,1789165546.2144887,43
2026-09-11 19:25:46.222,1789165546.222181,63
2026-09-11 19:25:46.229,1789165546.2298734,65
2026-09-11 19:25:46.237,1789165546.2375658,77
2026-09-11 19:25:46.245,1789165546.2452579,123
2026-09-11 19:25:46.252,1789165546.2529502,181
2026-09-11 19:25:46.260,1789165546.2606425,225
2026-09-11 19:25:46.268,1789165546.2683349,276
2026-09-11 19:25:46.276,1789165546.2760272,332
2026-09-11 19:25:46.283,1789165546.2837195,446
2026-09-11 19:25:46.291,1789165546.2914119,666
2026-09-11 19:25:46.299,1789165546.2991042,814
2026-09-11 19:25:46.306,1789165546.3067963,785
2026-09-11 19:25:46.314,1789165546.3144886,717
2026-09-11 19:25:46.322,1789165546.322181,601
2026-09-11 19:25:46.329,1789165546.3298733,351
2026-09-11 19:25:46.337,1789165546.3375657,133
2026-09-11 19:25:46.345,1789165546.345258,31
2026-09-11 19:25:46.352,1789165546.3529503,-80
2026-09-11 19:25:46.360,1789165546.3606427,-189
2026-09-11 19:25:46.368,1789165546.3683348,-220
2026-09-11 19:25:46.376,1789165546.376027,-244
2026-09-11 19:25:46.383,1789165546.3837194,-278
2026-09-11 19:25:46.391,1789165546.3914118,-281
2026-09-11 19:25:46.399,1789165546.399104,-283
2026-09-11 19:25:46.406,1789165546.4067965,-300
2026-09-11 19:25:46.414,1789165546.4144888,-291
2026-09-11 19:25:46.422,1789165546.4221811,-252
2026-09-11 19:25:46.429,1789165546.4298732,-194
2026-09-11 19:25:46.437,1789165546.4375656,-128
2026-09-11 19:25:46.445,1789165546.445258,-89
2026-09-11 19:25:46.452,1789165546.4529502,-82
2026-09-11 19:25:46.460,1789165546.4606426,-70
2026-09-11 19:25:46.468,1789165546.468335,-46
2026-09-11 19:25:46.476,1789165546.4760273,-16
2026-09-11 19:25:46.483,1789165546.4837196,26
2026-09-11 19:25:46.491,1789165546.4914117,48
2026-09-11 19:25:46.499,1789165546.499104,4
2026-09-11 19:25:46.506,1789165546.5067964,-41
2026-09-11 19:25:46.514,1789165546.5144887,-43
2026-09-11 19:25:46.522,1789165546.522181,-67
2026-09-11 19:25:46.529,1789165546.5298734,-123
2026-09-11 19:25:46.537,1789165546.5375657,-133
2026-09-11 19:25:46.545,1789165546.545258,-128
2026-09-11 19:25:46.552,1789165546.5529501,-157
2026-09-11 19:25:46.560,1789165546.5606425,-181
2026-09-11 19:25:46.568,1789165546.5683348,-167
2026-09-11 19:25:46.576,1789165546.5760272,-145
2026-09-11 19:25:46.583,1789165546.5837195,-147
2026-09-11 19:25:46.591,1789165546.5914118,-145
2026-09-11 19:25:46.599,1789165546.5991042,-128
2026-09-11 19:25:46.606,1789165546.6067965,-123
2026-09-11 19:25:46.614,1789165546.6144886,-133
2026-09-11 19:25:46.622,1789165546.622181,-121
2026-09-11 19:25:46.629,1789165546.6298733,-75
2026-09-11 19:25:46.637,1789165546.6375656,-16
2026-09-11 19:25:46.645,1789165546.645258,38
2026-09-11 19:25:46.652,1789165546.6529503,92
2026-09-11 19:25:46.660,1789165546.6606426,89
2026-09-11 19:25:46.668,1789165546.668335,38
2026-09-11 19:25:46.676,1789165546.676027,33
2026-09-11 19:25:46.683,1789165546.6837194,58
2026-09-11 19:25:46.691,1789165546.6914117,70
2026-09-11 19:25:46.699,1789165546.699104,97
2026-09-11 19:25:46.706,1789165546.7067964,160
2026-09-11 19:25:46.714,1789165546.7144887,371
2026-09-11 19:25:46.722,1789165546.722181,826
2026-09-11 19:25:46.729,1789165546.7298734,1302
2026-09-11 19:25:46.737,1789165546.7375658,1343
2026-09-11 19:25:46.745,1789165546.7452579,666
2026-09-11 19:25:46.752,1789165546.7529502,-106
2026-09-11 19:25:46.760,1789165546.7606425,-70
2026-09-11 19:25:46.767,1789165546.7677426,271
2026-09-11 19:25:46.775,1789165546.775435,227
2026-09-11 19:25:46.783,1789165546.7831273,184
2026-09-11 19:25:46.790,1789165546.7908196,271
2026-09-11 19:25:46.798,1789165546.798512,244
2026-09-11 19:25:46.806,1789165546.806204,215
2026-09-11 19:25:46.813,1789165546.8138964,271
2026-09-11 19:25:46.821,1789165546.8215888,286
2026-09-11 19:25:46.829,1789165546.829281,300
2026-09-11 19:25:46.836,1789165546.8369734,397
2026-09-11 19:25:46.844,1789165546.8446658,504
2026-09-11 19:25:46.852,1789165546.852358,538
2026-09-11 19:25:46.860,1789165546.8600504,487
2026-09-11 19:25:46.867,1789165546.8677425,339
2026-09-11 19:25:46.875,1789165546.8754349,128
2026-09-11 19:25:46.883,1789165546.8831272,14
2026-09-11 19:25:46.890,1789165546.8908195,9
2026-09-11 19:25:46.898,1789165546.898512,-19
2026-09-11 19:25:46.906,1789165546.9062042,-26
2026-09-11 19:25:46.913,1789165546.9138966,12
2026-09-11 19:25:46.921,1789165546.921589,12
2026-09-11 19:25:46.929,1789165546.929281,16
2026-09-11 19:25:46.936,1789165546.9369733,89
2026-09-11 19:25:46.944,1789165546.9446657,140
2026-09-11 19:25:46.952,1789165546.952358,113
2026-09-11 19:25:46.960,1789165546.9600503,87
2026-09-11 19:25:46.967,1789165546.9677427,89
2026-09-11 19:25:46.975,1789165546.975435,67
2026-09-11 19:25:46.983,1789165546.9831274,29
2026-09-11 19:25:46.990,1789165546.9908195,0
2026-09-11 19:25:46.998,1789165546.9985118,-33
2026-09-11 19:25:47.006,1789165547.0062041,-58
2026-09-11 19:25:47.013,1789165547.0138965,-50
2026-09-11 19:25:47.021,1789165547.0215888,-53
2026-09-11 19:25:47.029,1789165547.0292811,-111
2026-09-11 19:25:47.036,1789165547.0369735,-181
2026-09-11 19:25:47.044,1789165547.0446658,-126
2026-09-11 19:25:47.052,1789165547.052358,84
2026-09-11 19:25:47.060,1789165547.0600502,249
2026-09-11 19:25:47.067,1789165547.0677426,157
2026-09-11 19:25:47.075,1789165547.075435,-97
2026-09-11 19:25:47.083,1789165547.0831273,-230
2026-09-11 19:25:47.090,1789165547.0908196,-240
2026-09-11 19:25:47.098,1789165547.098512,-271
2026-09-11 19:25:47.106,1789165547.1062043,-298
2026-09-11 19:25:47.113,1789165547.1138964,-286
2026-09-11 19:25:47.121,1789165547.1215887,-283
2026-09-11 19:25:47.129,1789165547.129281,-276
2026-09-11 19:25:47.136,1789165547.1369734,-264
2026-09-11 19:25:47.144,1789165547.1446657,-269
2026-09-11 19:25:47.152,1789165547.152358,-281
2026-09-11 19:25:47.160,1789165547.1600504,-283
2026-09-11 19:25:47.167,1789165547.1677427,-283
2026-09-11 19:25:47.175,1789165547.1754348,-283
2026-09-11 19:25:47.183,1789165547.1831272,-276
2026-09-11 19:25:47.190,1789165547.1908195,-264
2026-09-11 19:25:47.198,1789165547.1985118,-261
2026-09-11 19:25:47.206,1789165547.2062042,-242
2026-09-11 19:25:47.213,1789165547.2138965,-196
2026-09-11 19:25:47.221,1789165547.2215889,-201
2026-09-11 19:25:47.229,1789165547.2292812,-242
2026-09-11 19:25:47.236,1789165547.2369733,-218
2026-09-11 19:25:47.244,1789165547.2446656,-172
2026-09-11 19:25:47.252,1789165547.252358,-232
2026-09-11 19:25:47.260,1789165547.2600503,-305
2026-09-11 19:25:47.267,1789165547.2677426,-303
2026-09-11 19:25:47.275,1789165547.275435,-288
2026-09-11 19:25:47.283,1789165547.2831273,-283
2026-09-11 19:25:47.290,1789165547.2908196,-276
2026-09-11 19:25:47.298,1789165547.298512,-278
2026-09-11 19:25:47.306,1789165547.306204,-274
2026-09-11 19:25:47.313,1789165547.3138964,-254
2026-09-11 19:25:47.321,1789165547.3215888,-240
2026-09-11 19:25:47.328,1789165547.3286889,-194
2026-09-11 19:25:47.336,1789165547.3363812,-29
2026-09-11 19:25:47.344,1789165547.3440735,295
2026-09-11 19:25:47.351,1789165547.3517659,662
2026-09-11 19:25:47.359,1789165547.3594582,708
2026-09-11 19:25:47.367,1789165547.3671503,82
2026-09-11 19:25:47.374,1789165547.3748426,-683
2026-09-11 19:25:47.382,1789165547.382535,-659
2026-09-11 19:25:47.390,1789165547.3902273,-274
2026-09-11 19:25:47.397,1789165547.3979197,-278
2026-09-11 19:25:47.405,1789165547.405612,-344
2026-09-11 19:25:47.413,1789165547.4133043,-244
2026-09-11 19:25:47.420,1789165547.4209967,-218
2026-09-11 19:25:47.428,1789165547.4286888,-237
2026-09-11 19:25:47.436,1789165547.436381,-203
2026-09-11 19:25:47.444,1789165547.4440734,-177
2026-09-11 19:25:47.451,1789165547.4517658,-177
2026-09-11 19:25:47.459,1789165547.459458,-164
2026-09-11 19:25:47.467,1789165547.4671504,-140
2026-09-11 19:25:47.474,1789165547.4748428,-111
2026-09-11 19:25:47.482,1789165547.4825351,-80
2026-09-11 19:25:47.490,1789165547.4902272,-50
2026-09-11 19:25:47.497,1789165547.4979196,-26
2026-09-11 19:25:47.505,1789165547.505612,-24
2026-09-11 19:25:47.513,1789165547.5133042,-21
2026-09-11 19:25:47.520,1789165547.5209966,7
2026-09-11 19:25:47.528,1789165547.528689,29
2026-09-11 19:25:47.536,1789165547.5363812,41
2026-09-11 19:25:47.544,1789165547.5440736,72
2026-09-11 19:25:47.551,1789165547.5517657,101
2026-09-11 19:25:47.559,1789165547.559458,111
2026-09-11 19:25:47.567,1789165547.5671504,118
2026-09-11 19:25:47.574,1789165547.5748427,126
2026-09-11 19:25:47.582,1789165547.582535,118
2026-09-11 19:25:47.590,1789165547.5902274,94
2026-09-11 19:25:47.597,1789165547.5979197,63
2026-09-11 19:25:47.605,1789165547.605612,19
2026-09-11 19:25:47.613,1789165547.6133041,-38
2026-09-11 19:25:47.620,1789165547.6209965,-89
2026-09-11 19:25:47.628,1789165547.6286888,-126
2026-09-11 19:25:47.636,1789165547.6363811,-172
2026-09-11 19:25:47.644,1789165547.6440735,-196
2026-09-11 19:25:47.651,1789165547.6517658,-196
2026-09-11 19:25:47.659,1789165547.6594582,-203
2026-09-11 19:25:47.667,1789165547.6671505,-206
2026-09-11 19:25:47.674,1789165547.6748426,-198
2026-09-11 19:25:47.682,1789165547.682535,-198
2026-09-11 19:25:47.690,1789165547.6902273,-194
2026-09-11 19:25:47.697,1789165547.6979196,-179
2026-09-11 19:25:47.705,1789165547.705612,-167
2026-09-11 19:25:47.713,1789165547.7133043,-167
2026-09-11 19:25:47.720,1789165547.7209966,-160
2026-09-11 19:25:47.728,1789165547.728689,-145
2026-09-11 19:25:47.736,1789165547.736381,-126
2026-09-11 19:25:47.744,1789165547.7440734,-99
2026-09-11 19:25:47.751,1789165547.7517657,-67
2026-09-11 19:25:47.759,1789165547.759458,-46
2026-09-11 19:25:47.767,1789165547.7671504,-36
2026-09-11 19:25:47.774,1789165547.7748427,-29
2026-09-11 19:25:47.782,1789165547.782535,-26
2026-09-11 19:25:47.790,1789165547.7902274,-2
2026-09-11 19:25:47.797,1789165547.7979195,24
2026-09-11 19:25:47.805,1789165547.8056118,2
2026-09-11 19:25:47.813,1789165547.8133042,-38
2026-09-11 19:25:47.820,1789165547.8209965,-55
2026-09-11 19:25:47.828,1789165547.8286889,-55
2026-09-11 19:25:47.836,1789165547.8363812,-55
2026-09-11 19:25:47.844,1789165547.8440735,-55
2026-09-11 19:25:47.851,1789165547.8517659,-43
2026-09-11 19:25:47.859,1789165547.8594582,-31
2026-09-11 19:25:47.867,1789165547.8671503,-12
2026-09-11 19:25:47.874,1789165547.8748426,19
2026-09-11 19:25:47.882,1789165547.882535,16
2026-09-11 19:25:47.889,1789165547.8896353,-19
2026-09-11 19:25:47.897,1789165547.8973277,-33
2026-09-11 19:25:47.905,1789165547.90502,-24
2026-09-11 19:25:47.912,1789165547.9127123,-16
2026-09-11 19:25:47.920,1789165547.9204047,-36
2026-09-11 19:25:47.928,1789165547.9280968,-50
2026-09-11 19:25:47.935,1789165547.935789,-41
2026-09-11 19:25:47.943,1789165547.9434814,-36
2026-09-11 19:25:47.951,1789165547.9511738,-26
2026-09-11 19:25:47.958,1789165547.9588661,14
2026-09-11 19:25:47.966,1789165547.9665585,121
2026-09-11 19:25:47.974,1789165547.9742508,354
2026-09-11 19:25:47.981,1789165547.9819431,688
2026-09-11 19:25:47.989,1789165547.9896352,1008
2026-09-11 19:25:47.997,1789165547.9973276,909
2026-09-11 19:25:48.005,1789165548.00502,143
2026-09-11 19:25:48.012,1789165548.0127122,-443
2026-09-11 19:25:48.020,1789165548.0204046,-225
2026-09-11 19:25:48.028,1789165548.028097,16
2026-09-11 19:25:48.035,1789165548.0357893,-97
2026-09-11 19:25:48.043,1789165548.0434816,-101
2026-09-11 19:25:48.051,1789165548.0511737,4
2026-09-11 19:25:48.058,1789165548.058866,-14
2026-09-11 19:25:48.066,1789165548.0665584,-48
2026-09-11 19:25:48.074,1789165548.0742507,4
2026-09-11 19:25:48.081,1789165548.081943,36
2026-09-11 19:25:48.089,1789165548.0896354,31
2026-09-11 19:25:48.097,1789165548.0973277,58
2026-09-11 19:25:48.105,1789165548.10502,63
2026-09-11 19:25:48.112,1789165548.1127121,43
2026-09-11 19:25:48.120,1789165548.1204045,43
2026-09-11 19:25:48.128,1789165548.1280968,36
2026-09-11 19:25:48.135,1789165548.1357892,14
2026-09-11 19:25:48.143,1789165548.1434815,16
2026-09-11 19:25:48.151,1789165548.1511738,58
2026-09-11 19:25:48.158,1789165548.1588662,121
2026-09-11 19:25:48.166,1789165548.1665585,160
2026-09-11 19:25:48.174,1789165548.1742506,172
2026-09-11 19:25:48.181,1789165548.181943,210
2026-09-11 19:25:48.189,1789165548.1896353,249
2026-09-11 19:25:48.197,1789165548.1973276,232
2026-09-11 19:25:48.205,1789165548.20502,225
2026-09-11 19:25:48.212,1789165548.2127123,237
2026-09-11 19:25:48.220,1789165548.2204046,227
2026-09-11 19:25:48.228,1789165548.228097,252
2026-09-11 19:25:48.235,1789165548.235789,261
2026-09-11 19:25:48.243,1789165548.2434814,167
2026-09-11 19:25:48.251,1789165548.2511737,75
2026-09-11 19:25:48.258,1789165548.258866,63
2026-09-11 19:25:48.266,1789165548.2665584,31
2026-09-11 19:25:48.274,1789165548.2742507,-14
2026-09-11 19:25:48.281,1789165548.281943,-19
2026-09-11 19:25:48.289,1789165548.2896354,-36
2026-09-11 19:25:48.297,1789165548.2973275,-55
2026-09-11 19:25:48.305,1789165548.3050199,-31
2026-09-11 19:25:48.312,1789165548.3127122,-12
2026-09-11 19:25:48.320,1789165548.3204045,-26
2026-09-11 19:25:48.328,1789165548.3280969,-31
2026-09-11 19:25:48.335,1789165548.3357892,-24
2026-09-11 19:25:48.343,1789165548.3434815,-9
2026-09-11 19:25:48.351,1789165548.3511739,33
2026-09-11 19:25:48.358,1789165548.358866,65
2026-09-11 19:25:48.366,1789165548.3665583,63
2026-09-11 19:25:48.374,1789165548.3742507,65
2026-09-11 19:25:48.381,1789165548.381943,77
2026-09-11 19:25:48.389,1789165548.3896353,82
2026-09-11 19:25:48.397,1789165548.3973277,72
2026-09-11 19:25:48.405,1789165548.40502,60
2026-09-11 19:25:48.412,1789165548.4127123,70
2026-09-11 19:25:48.420,1789165548.4204047,94
2026-09-11 19:25:48.428,1789165548.4280968,89
2026-09-11 19:25:48.435,1789165548.435789,50
2026-09-11 19:25:48.443,1789165548.4434814,24
2026-09-11 19:25:48.450,1789165548.4506118,26
2026-09-11 19:25:48.458,1789165548.4583042,4
2026-09-11 19:25:48.465,1789165548.4659965,-48
2026-09-11 19:25:48.473,1789165548.4736888,-60
2026-09-11 19:25:48.481,1789165548.4813812,-16
2026-09-11 19:25:48.489,1789165548.4890733,16
2026-09-11 19:25:48.496,1789165548.4967656,46
2026-09-11 19:25:48.504,1789165548.504458,104
2026-09-11 19:25:48.512,1789165548.5121503,164
2026-09-11 19:25:48.519,1789165548.5198426,203
2026-09-11 19:25:48.527,1789165548.527535,215
2026-09-11 19:25:48.535,1789165548.5352273,189
2026-09-11 19:25:48.542,1789165548.5429196,143
2026-09-11 19:25:48.550,1789165548.5506117,121
2026-09-11 19:25:48.558,1789165548.558304,126
2026-09-11 19:25:48.565,1789165548.5659964,121
2026-09-11 19:25:48.573,1789165548.5736887,104
2026-09-11 19:25:48.581,1789165548.581381,97
2026-09-11 19:25:48.589,1789165548.5890734,80
2026-09-11 19:25:48.596,1789165548.5967658,46
2026-09-11 19:25:48.604,1789165548.604458,46
2026-09-11 19:25:48.612,1789165548.6121502,147
2026-09-11 19:25:48.619,1789165548.6198425,407
2026-09-11 19:25:48.627,1789165548.6275349,766
2026-09-11 19:25:48.635,1789165548.6352272,1101
2026-09-11 19:25:48.642,1789165548.6429195,1069
2026-09-11 19:25:48.650,1789165548.6506119,375
2026-09-11 19:25:48.658,1789165548.6583042,-261
2026-09-11 19:25:48.665,1789165548.6659966,-126
2026-09-11 19:25:48.673,1789165548.6736887,123
2026-09-11 19:25:48.681,1789165548.681381,19
2026-09-11 19:25:48.689,1789165548.6890733,0
2026-09-11 19:25:48.696,1789165548.6967657,82
2026-09-11 19:25:48.704,1789165548.704458,21
2026-09-11 19:25:48.712,1789165548.7121503,-33
2026-09-11 19:25:48.719,1789165548.7198427,4
2026-09-11 19:25:48.727,1789165548.727535,21
2026-09-11 19:25:48.735,1789165548.735227,9
2026-09-11 19:25:48.742,1789165548.7429194,21
2026-09-11 19:25:48.750,1789165548.7506118,29
2026-09-11 19:25:48.758,1789165548.758304,0
2026-09-11 19:25:48.765,1789165548.7659965,-16
2026-09-11 19:25:48.773,1789165548.7736888,19
2026-09-11 19:25:48.781,1789165548.7813811,58
2026-09-11 19:25:48.789,1789165548.7890735,65
2026-09-11 19:25:48.796,1789165548.7967656,92
2026-09-11 19:25:48.804,1789165548.804458,174
2026-09-11 19:25:48.812,1789165548.8121502,249
2026-09-11 19:25:48.819,1789165548.8198426,274
2026-09-11 19:25:48.827,1789165548.827535,286
2026-09-11 19:25:48.835,1789165548.8352273,293
2026-09-11 19:25:48.842,1789165548.8429196,303
2026-09-11 19:25:48.850,1789165548.850612,346
2026-09-11 19:25:48.858,1789165548.858304,407
2026-09-11 19:25:48.865,1789165548.8659964,434
2026-09-11 19:25:48.873,1789165548.8736887,407
2026-09-11 19:25:48.881,1789165548.881381,339
2026-09-11 19:25:48.889,1789165548.8890734,242
2026-09-11 19:25:48.896,1789165548.8967657,118
2026-09-11 19:25:48.904,1789165548.904458,-12
2026-09-11 19:25:48.912,1789165548.9121504,-121
2026-09-11 19:25:48.919,1789165548.9198425,-179
2026-09-11 19:25:48.927,1789165548.9275348,-184
2026-09-11 19:25:48.935,1789165548.9352272,-181
2026-09-11 19:25:48.942,1789165548.9429195,-177
2026-09-11 19:25:48.950,1789165548.9506118,-147
2026-09-11 19:25:48.958,1789165548.9583042,-111
2026-09-11 19:25:48.965,1789165548.9659965,-99
2026-09-11 19:25:48.973,1789165548.9736888,-104
2026-09-11 19:25:48.981,1789165548.9813812,-84
2026-09-11 19:25:48.989,1789165548.9890733,-67
2026-09-11 19:25:48.996,1789165548.9967656,-87
2026-09-11 19:25:49.004,1789165549.004458,-104
2026-09-11 19:25:49.011,1789165549.011599,-106
2026-09-11 19:25:49.019,1789165549.0192914,-75
2026-09-11 19:25:49.026,1789165549.0269837,0
2026-09-11 19:25:49.034,1789165549.034676,53
2026-09-11 19:25:49.042,1789165549.0423684,65
2026-09-11 19:25:49.050,1789165549.0500605,65
2026-09-11 19:25:49.057,1789165549.0577528,58
2026-09-11 19:25:49.065,1789165549.0654452,38
2026-09-11 19:25:49.073,1789165549.0731375,12
2026-09-11 19:25:49.080,1789165549.0808299,-12
2026-09-11 19:25:49.088,1789165549.0885222,-36
2026-09-11 19:25:49.096,1789165549.0962145,-77
2026-09-11 19:25:49.103,1789165549.1039069,-111
2026-09-11 19:25:49.111,1789165549.111599,-116
2026-09-11 19:25:49.119,1789165549.1192913,-111
2026-09-11 19:25:49.126,1789165549.1269836,-99
2026-09-11 19:25:49.134,1789165549.134676,-63
2026-09-11 19:25:49.142,1789165549.1423683,-9
2026-09-11 19:25:49.150,1789165549.1500607,41
2026-09-11 19:25:49.157,1789165549.157753,60
2026-09-11 19:25:49.165,1789165549.1654453,9
2026-09-11 19:25:49.173,1789165549.1731374,-53
2026-09-11 19:25:49.180,1789165549.1808298,-50
2026-09-11 19:25:49.188,1789165549.188522,-29
2026-09-11 19:25:49.196,1789165549.1962144,-41
2026-09-11 19:25:49.203,1789165549.2039068,-29
2026-09-11 19:25:49.211,1789165549.211599,9
2026-09-11 19:25:49.219,1789165549.2192914,31
2026-09-11 19:25:49.226,1789165549.2269838,67
2026-09-11 19:25:49.234,1789165549.234676,128
2026-09-11 19:25:49.242,1789165549.2423682,140
2026-09-11 19:25:49.250,1789165549.2500606,106
2026-09-11 19:25:49.257,1789165549.257753,84
2026-09-11 19:25:49.265,1789165549.2654452,53
2026-09-11 19:25:49.273,1789165549.2731376,26
2026-09-11 19:25:49.280,1789165549.28083,41
2026-09-11 19:25:49.288,1789165549.2885222,33
2026-09-11 19:25:49.296,1789165549.2962143,-7
2026-09-11 19:25:49.303,1789165549.3039067,-31
2026-09-11 19:25:49.311,1789165549.311599,-63
2026-09-11 19:25:49.319,1789165549.3192914,-84
2026-09-11 19:25:49.326,1789165549.3269837,-87
2026-09-11 19:25:49.334,1789165549.334676,-109
2026-09-11 19:25:49.342,1789165549.3423684,-58
2026-09-11 19:25:49.350,1789165549.3500607,169
2026-09-11 19:25:49.357,1789165549.3577528,504
2026-09-11 19:25:49.365,1789165549.3654451,817
2026-09-11 19:25:49.373,1789165549.3731375,712
2026-09-11 19:25:49.380,1789165549.3808298,-50
2026-09-11 19:25:49.388,1789165549.3885221,-620
2026-09-11 19:25:49.396,1789165549.3962145,-414
2026-09-11 19:25:49.403,1789165549.4039068,-186
2026-09-11 19:25:49.411,1789165549.4115992,-300
2026-09-11 19:25:49.419,1789165549.4192913,-341
2026-09-11 19:25:49.426,1789165549.4269836,-281
2026-09-11 19:25:49.434,1789165549.434676,-295
2026-09-11 19:25:49.442,1789165549.4423683,-307
2026-09-11 19:25:49.450,1789165549.4500606,-271
2026-09-11 19:25:49.457,1789165549.457753,-254
2026-09-11 19:25:49.465,1789165549.4654453,-252
2026-09-11 19:25:49.473,1789165549.4731376,-232
2026-09-11 19:25:49.480,1789165549.4808297,-201
2026-09-11 19:25:49.488,1789165549.488522,-174
2026-09-11 19:25:49.496,1789165549.4962144,-150
2026-09-11 19:25:49.503,1789165549.5039067,-123
2026-09-11 19:25:49.511,1789165549.511599,-101
2026-09-11 19:25:49.519,1789165549.5192914,-116
2026-09-11 19:25:49.526,1789165549.5269837,-147
2026-09-11 19:25:49.534,1789165549.534676,-152
2026-09-11 19:25:49.542,1789165549.5423684,-130
2026-09-11 19:25:49.550,1789165549.5500605,-82
2026-09-11 19:25:49.557,1789165549.5577528,-38
2026-09-11 19:25:49.565,1789165549.5654452,-7
2026-09-11 19:25:49.572,1789165549.5725045,24
2026-09-11 19:25:49.580,1789165549.5801969,38
2026-09-11 19:25:49.587,1789165549.5878892,-4
2026-09-11 19:25:49.595,1789165549.5955815,-67
2026-09-11 19:25:49.603,1789165549.6032739,-89
2026-09-11 19:25:49.610,1789165549.610966,-99
2026-09-11 19:25:49.618,1789165549.6186583,-155
2026-09-11 19:25:49.626,1789165549.6263506,-227
2026-09-11 19:25:49.634,1789165549.634043,-271
2026-09-11 19:25:49.641,1789165549.6417353,-298
2026-09-11 19:25:49.649,1789165549.6494277,-329
2026-09-11 19:25:49.657,1789165549.65712,-346
2026-09-11 19:25:49.664,1789165549.6648123,-375
2026-09-11 19:25:49.672,1789165549.6725044,-402
2026-09-11 19:25:49.680,1789165549.6801968,-383
2026-09-11 19:25:49.687,1789165549.687889,-368
2026-09-11 19:25:49.695,1789165549.6955814,-363
2026-09-11 19:25:49.703,1789165549.7032738,-332
2026-09-11 19:25:49.710,1789165549.710966,-305
2026-09-11 19:25:49.718,1789165549.7186584,-278
2026-09-11 19:25:49.726,1789165549.7263508,-235
2026-09-11 19:25:49.734,1789165549.734043,-201
2026-09-11 19:25:49.741,1789165549.7417352,-184
2026-09-11 19:25:49.749,1789165549.7494276,-126
2026-09-11 19:25:49.757,1789165549.75712,0
2026-09-11 19:25:49.764,1789165549.7648122,118
2026-09-11 19:25:49.772,1789165549.7725046,150
2026-09-11 19:25:49.780,1789165549.780197,130
2026-09-11 19:25:49.787,1789165549.7878892,130
2026-09-11 19:25:49.795,1789165549.7955813,143
2026-09-11 19:25:49.803,1789165549.8032737,147
2026-09-11 19:25:49.810,1789165549.810966,169
2026-09-11 19:25:49.818,1789165549.8186584,191
2026-09-11 19:25:49.826,1789165549.8263507,218
2026-09-11 19:25:49.834,1789165549.834043,274
2026-09-11 19:25:49.841,1789165549.8417354,261
2026-09-11 19:25:49.849,1789165549.8494277,201
2026-09-11 19:25:49.857,1789165549.8571198,143
2026-09-11 19:25:49.864,1789165549.8648121,24
2026-09-11 19:25:49.872,1789165549.8725045,-89
2026-09-11 19:25:49.880,1789165549.8801968,-135
2026-09-11 19:25:49.887,1789165549.8878891,-157
2026-09-11 19:25:49.895,1789165549.8955815,-172
2026-09-11 19:25:49.903,1789165549.9032738,-179
2026-09-11 19:25:49.910,1789165549.9109662,-140
2026-09-11 19:25:49.918,1789165549.9186583,-63
2026-09-11 19:25:49.926,1789165549.9263506,-43
2026-09-11 19:25:49.934,1789165549.934043,-67
2026-09-11 19:25:49.941,1789165549.9417353,-24
2026-09-11 19:25:49.949,1789165549.9494276,55
2026-09-11 19:25:49.957,1789165549.95712,65
2026-09-11 19:25:49.964,1789165549.9648123,116
2026-09-11 19:25:49.972,1789165549.9725046,310
2026-09-11 19:25:49.980,1789165549.9801967,380
2026-09-11 19:25:49.987,1789165549.987889,206
2026-09-11 19:25:49.995,1789165549.9955814,77
2026-09-11 19:25:50.003,1789165550.0032737,82
2026-09-11 19:25:50.010,1789165550.010966,130
2026-09-11 19:25:50.018,1789165550.0186584,307
2026-09-11 19:25:50.026,1789165550.0263507,521
2026-09-11 19:25:50.034,1789165550.034043,460
2026-09-11 19:25:50.041,1789165550.0417352,206
2026-09-11 19:25:50.049,1789165550.0494275,130
2026-09-11 19:25:50.057,1789165550.0571198,189
2026-09-11 19:25:50.064,1789165550.0648122,92
2026-09-11 19:25:50.072,1789165550.0725045,-38
2026-09-11 19:25:50.080,1789165550.0801969,-41
2026-09-11 19:25:50.087,1789165550.0878892,-43
2026-09-11 19:25:50.095,1789165550.0955815,-89
2026-09-11 19:25:50.103,1789165550.1032739,-75
2026-09-11 19:25:50.110,1789165550.110966,-7
2026-09-11 19:25:50.118,1789165550.1186583,-2
2026-09-11 19:25:50.126,1789165550.1263506,-92
2026-09-11 19:25:50.133,1789165550.1334507,-157
2026-09-11 19:25:50.141,1789165550.141143,-140
2026-09-11 19:25:50.148,1789165550.1488354,-145
2026-09-11 19:25:50.156,1789165550.1565278,-167
2026-09-11 19:25:50.164,1789165550.16422,-145
2026-09-11 19:25:50.171,1789165550.1719122,-152
2026-09-11 19:25:50.179,1789165550.1796045,-189
2026-09-11 19:25:50.187,1789165550.1872969,-123
2026-09-11 19:25:50.194,1789165550.1949892,72
2026-09-11 19:25:50.202,1789165550.2026815,312
2026-09-11 19:25:50.210,1789165550.2103739,618
2026-09-11 19:25:50.218,1789165550.2180662,870
2026-09-11 19:25:50.225,1789165550.2257586,521
2026-09-11 19:25:50.233,1789165550.2334507,-220
2026-09-11 19:25:50.241,1789165550.241143,-300
2026-09-11 19:25:50.248,1789165550.2488353,72
2026-09-11 19:25:50.256,1789165550.2565277,53
2026-09-11 19:25:50.264,1789165550.26422,-72
2026-09-11 19:25:50.271,1789165550.2719123,-41
2026-09-11 19:25:50.279,1789165550.2796047,-82
2026-09-11 19:25:50.287,1789165550.287297,-84
2026-09-11 19:25:50.294,1789165550.294989,19
2026-09-11 19:25:50.302,1789165550.3026814,65
2026-09-11 19:25:50.310,1789165550.3103738,99
2026-09-11 19:25:50.318,1789165550.3180661,152
2026-09-11 19:25:50.325,1789165550.3257585,63
2026-09-11 19:25:50.333,1789165550.3334508,-55
2026-09-11 19:25:50.341,1789165550.3411431,-41
2026-09-11 19:25:50.348,1789165550.3488355,-16
2026-09-11 19:25:50.356,1789165550.3565276,-7
2026-09-11 19:25:50.364,1789165550.36422,123
2026-09-11 19:25:50.371,1789165550.3719122,271
2026-09-11 19:25:50.379,1789165550.3796046,300
2026-09-11 19:25:50.387,1789165550.387297,298
2026-09-11 19:25:50.394,1789165550.3949893,307
2026-09-11 19:25:50.402,1789165550.4026816,278
2026-09-11 19:25:50.410,1789165550.410374,288
2026-09-11 19:25:50.418,1789165550.418066,383
2026-09-11 19:25:50.425,1789165550.4257584,431
2026-09-11 19:25:50.433,1789165550.4334507,412
2026-09-11 19:25:50.441,1789165550.441143,443
2026-09-11 19:25:50.448,1789165550.4488354,424
2026-09-11 19:25:50.456,1789165550.4565277,286
2026-09-11 19:25:50.464,1789165550.46422,271
2026-09-11 19:25:50.471,1789165550.4719124,339
2026-09-11 19:25:50.479,1789165550.4796045,242
2026-09-11 19:25:50.487,1789165550.4872968,194
2026-09-11 19:25:50.494,1789165550.4949892,395
2026-09-11 19:25:50.502,1789165550.5026815,586
2026-09-11 19:25:50.510,1789165550.5103738,567
2026-09-11 19:25:50.518,1789165550.5180662,504
2026-09-11 19:25:50.525,1789165550.5257585,552
2026-09-11 19:25:50.533,1789165550.5334508,615
2026-09-11 19:25:50.541,1789165550.541143,623
2026-09-11 19:25:50.548,1789165550.5488353,630
2026-09-11 19:25:50.556,1789165550.5565276,552
2026-09-11 19:25:50.564,1789165550.56422,351
2026-09-11 19:25:50.571,1789165550.5719123,225
2026-09-11 19:25:50.579,1789165550.5796046,278
2026-09-11 19:25:50.587,1789165550.587297,322
2026-09-11 19:25:50.594,1789165550.5949893,315
2026-09-11 19:25:50.602,1789165550.6026814,380
2026-09-11 19:25:50.610,1789165550.6103737,455
2026-09-11 19:25:50.618,1789165550.618066,455
2026-09-11 19:25:50.625,1789165550.6257584,482
2026-09-11 19:25:50.633,1789165550.6334507,518
2026-09-11 19:25:50.641,1789165550.641143,458
2026-09-11 19:25:50.648,1789165550.6488354,368
2026-09-11 19:25:50.656,1789165550.6565278,358
2026-09-11 19:25:50.664,1789165550.66422,434
2026-09-11 19:25:50.671,1789165550.6719122,475
2026-09-11 19:25:50.679,1789165550.6796045,397
2026-09-11 19:25:50.687,1789165550.6872969,351
2026-09-11 19:25:50.694,1789165550.6944225,388
2026-09-11 19:25:50.702,1789165550.7021148,339
2026-09-11 19:25:50.709,1789165550.7098072,257
2026-09-11 19:25:50.717,1789165550.7174995,329
2026-09-11 19:25:50.725,1789165550.7251918,419
2026-09-11 19:25:50.732,1789165550.732884,402
2026-09-11 19:25:50.740,1789165550.7405763,421
2026-09-11 19:25:50.748,1789165550.7482686,504
2026-09-11 19:25:50.755,1789165550.755961,504
2026-09-11 19:25:50.763,1789165550.7636533,407
2026-09-11 19:25:50.771,1789165550.7713456,307
2026-09-11 19:25:50.779,1789165550.779038,252
2026-09-11 19:25:50.786,1789165550.7867303,213
2026-09-11 19:25:50.794,1789165550.7944224,-12
2026-09-11 19:25:50.802,1789165550.8021147,-475
2026-09-11 19:25:50.809,1789165550.809807,-628
2026-09-11 19:25:50.817,1789165550.8174994,-366
2026-09-11 19:25:50.825,1789165550.8251917,-257
2026-09-11 19:25:50.832,1789165550.832884,-317
2026-09-11 19:25:50.840,1789165550.8405764,-247
2026-09-11 19:25:50.848,1789165550.8482687,-174
2026-09-11 19:25:50.855,1789165550.8559608,-208
2026-09-11 19:25:50.863,1789165550.8636532,-206
2026-09-11 19:25:50.871,1789165550.8713455,-80
2026-09-11 19:25:50.879,1789165550.8790379,89
2026-09-11 19:25:50.886,1789165550.8867302,135
2026-09-11 19:25:50.894,1789165550.8944225,80
2026-09-11 19:25:50.902,1789165550.9021149,70
2026-09-11 19:25:50.909,1789165550.9098072,92
2026-09-11 19:25:50.917,1789165550.9174993,104
2026-09-11 19:25:50.925,1789165550.9251916,128
2026-09-11 19:25:50.932,1789165550.932884,92
2026-09-11 19:25:50.940,1789165550.9405763,-60
2026-09-11 19:25:50.948,1789165550.9482687,-194
2026-09-11 19:25:50.955,1789165550.955961,-237
2026-09-11 19:25:50.963,1789165550.9636533,-237
2026-09-11 19:25:50.971,1789165550.9713457,-286
2026-09-11 19:25:50.979,1789165550.9790378,-489
2026-09-11 19:25:50.986,1789165550.98673,-715
2026-09-11 19:25:50.994,1789165550.9944224,-688
2026-09-11 19:25:51.002,1789165551.0021148,-482
2026-09-11 19:25:51.009,1789165551.009807,-305
2026-09-11 19:25:51.017,1789165551.0174994,-87
2026-09-11 19:25:51.025,1789165551.0251918,237
2026-09-11 19:25:51.032,1789165551.0328841,482
2026-09-11 19:25:51.040,1789165551.0405762,599
2026-09-11 19:25:51.048,1789165551.0482686,739
2026-09-11 19:25:51.055,1789165551.055961,834
2026-09-11 19:25:51.063,1789165551.0636532,826
2026-09-11 19:25:51.071,1789165551.0713456,916
2026-09-11 19:25:51.079,1789165551.079038,1229
2026-09-11 19:25:51.086,1789165551.0867302,1571
2026-09-11 19:25:51.094,1789165551.0944226,1321
2026-09-11 19:25:51.102,1789165551.1021147,366
2026-09-11 19:25:51.109,1789165551.109807,-189
2026-09-11 19:25:51.117,1789165551.1174994,82
2026-09-11 19:25:51.125,1789165551.1251917,196
2026-09-11 19:25:51.132,1789165551.132884,-2
2026-09-11 19:25:51.140,1789165551.1405764,189
2026-09-11 19:25:51.148,1789165551.1482687,577
2026-09-11 19:25:51.155,1789165551.155961,557
2026-09-11 19:25:51.163,1789165551.1636531,315
2026-09-11 19:25:51.171,1789165551.1713455,213
2026-09-11 19:25:51.179,1789165551.1790378,140
2026-09-11 19:25:51.186,1789165551.1867301,92
2026-09-11 19:25:51.194,1789165551.1944225,210
2026-09-11 19:25:51.202,1789165551.2021148,240
2026-09-11 19:25:51.209,1789165551.2098072,135
2026-09-11 19:25:51.217,1789165551.2174995,177
2026-09-11 19:25:51.225,1789165551.2251918,286
2026-09-11 19:25:51.232,1789165551.232884,354
2026-09-11 19:25:51.240,1789165551.2405763,388
2026-09-11 19:25:51.248,1789165551.2482686,349
2026-09-11 19:25:51.255,1789165551.2553737,320
2026-09-11 19:25:51.263,1789165551.263066,337
2026-09-11 19:25:51.270,1789165551.2707584,288
2026-09-11 19:25:51.278,1789165551.2784507,186
2026-09-11 19:25:51.286,1789165551.286143,162
2026-09-11 19:25:51.293,1789165551.2938352,259
2026-09-11 19:25:51.301,1789165551.3015275,402
2026-09-11 19:25:51.309,1789165551.3092198,443
2026-09-11 19:25:51.316,1789165551.3169122,329
2026-09-11 19:25:51.324,1789165551.3246045,201
2026-09-11 19:25:51.332,1789165551.3322968,162
2026-09-11 19:25:51.339,1789165551.3399892,109
2026-09-11 19:25:51.347,1789165551.3476815,12
2026-09-11 19:25:51.355,1789165551.3553736,-70
2026-09-11 19:25:51.363,1789165551.363066,-128
2026-09-11 19:25:51.370,1789165551.3707583,-145
2026-09-11 19:25:51.378,1789165551.3784506,-67
2026-09-11 19:25:51.386,1789165551.386143,24
2026-09-11 19:25:51.393,1789165551.3938353,-26
2026-09-11 19:25:51.401,1789165551.4015276,-223
2026-09-11 19:25:51.409,1789165551.40922,-373
2026-09-11 19:25:51.416,1789165551.416912,-312
2026-09-11 19:25:51.424,1789165551.4246044,-174
2026-09-11 19:25:51.432,1789165551.4322968,-174
2026-09-11 19:25:51.439,1789165551.439989,-223
2026-09-11 19:25:51.447,1789165551.4476814,-218
2026-09-11 19:25:51.455,1789165551.4553738,-259
2026-09-11 19:25:51.463,1789165551.463066,-366
2026-09-11 19:25:51.470,1789165551.4707584,-361
2026-09-11 19:25:51.478,1789165551.4784505,-194
2026-09-11 19:25:51.486,1789165551.4861429,-101
2026-09-11 19:25:51.493,1789165551.4938352,-167
2026-09-11 19:25:51.501,1789165551.5015275,-179
2026-09-11 19:25:51.509,1789165551.50922,-89
2026-09-11 19:25:51.516,1789165551.5169122,-92
2026-09-11 19:25:51.524,1789165551.5246046,-186
2026-09-11 19:25:51.532,1789165551.532297,-218
2026-09-11 19:25:51.539,1789165551.539989,-186
2026-09-11 19:25:51.547,1789165551.5476813,-106
2026-09-11 19:25:51.555,1789165551.5553737,-41
2026-09-11 19:25:51.563,1789165551.563066,-80
2026-09-11 19:25:51.570,1789165551.5707583,-130
2026-09-11 19:25:51.578,1789165551.5784507,-133
2026-09-11 19:25:51.586,1789165551.586143,-172
2026-09-11 19:25:51.593,1789165551.5938354,-230
2026-09-11 19:25:51.601,1789165551.6015275,-164
2026-09-11 19:25:51.609,1789165551.6092198,-31
2026-09-11 19:25:51.616,1789165551.6169121,-26
2026-09-11 19:25:51.624,1789165551.6246045,-84
2026-09-11 19:25:51.632,1789165551.6322968,12
2026-09-11 19:25:51.639,1789165551.6399891,235
2026-09-11 19:25:51.647,1789165551.6476815,356
2026-09-11 19:25:51.655,1789165551.6553738,305
2026-09-11 19:25:51.663,1789165551.663066,317
2026-09-11 19:25:51.670,1789165551.6707582,589
2026-09-11 19:25:51.678,1789165551.6784506,955
2026-09-11 19:25:51.686,1789165551.686143,1171
2026-09-11 19:25:51.693,1789165551.6938353,1295
2026-09-11 19:25:51.701,1789165551.7015276,1457
2026-09-11 19:25:51.709,1789165551.70922,1571
2026-09-11 19:25:51.716,1789165551.7169123,1479
2026-09-11 19:25:51.724,1789165551.7246044,1227
2026-09-11 19:25:51.732,1789165551.7322967,1013
2026-09-11 19:25:51.739,1789165551.739989,911
2026-09-11 19:25:51.747,1789165551.7476814,909
2026-09-11 19:25:51.755,1789165551.7553737,1016
2026-09-11 19:25:51.763,1789165551.763066,1108
2026-09-11 19:25:51.770,1789165551.7707584,1137
2026-09-11 19:25:51.778,1789165551.7784507,1297
2026-09-11 19:25:51.786,1789165551.786143,1547
2026-09-11 19:25:51.793,1789165551.7938352,1862
2026-09-11 19:25:51.801,1789165551.8015275,2291
2026-09-11 19:25:51.809,1789165551.8092198,2374
2026-09-11 19:25:51.816,1789165551.8163202,2170
2026-09-11 19:25:51.824,1789165551.8240125,2160
2026-09-11 19:25:51.831,1789165551.8317049,2010
2026-09-11 19:25:51.839,1789165551.8393972,1595
2026-09-11 19:25:51.847,1789165551.8470895,1088
2026-09-11 19:25:51.854,1789165551.8547816,344
2026-09-11 19:25:51.862,1789165551.862474,-126
2026-09-11 19:25:51.870,1789165551.8701663,160
2026-09-11 19:25:51.877,1789165551.8778586,419
2026-09-11 19:25:51.885,1789165551.885551,150
2026-09-11 19:25:51.893,1789165551.8932433,2
2026-09-11 19:25:51.900,1789165551.9009356,237
2026-09-11 19:25:51.908,1789165551.908628,341
2026-09-11 19:25:51.916,1789165551.91632,130
2026-09-11 19:25:51.924,1789165551.9240124,7
2026-09-11 19:25:51.931,1789165551.9317048,242
2026-09-11 19:25:51.939,1789165551.939397,807
2026-09-11 19:25:51.947,1789165551.9470894,1445
2026-09-11 19:25:51.954,1789165551.9547818,1651
2026-09-11 19:25:51.962,1789165551.962474,1292
2026-09-11 19:25:51.970,1789165551.9701664,671
2026-09-11 19:25:51.977,1789165551.9778585,-46
2026-09-11 19:25:51.985,1789165551.9855509,-637
2026-09-11 19:25:51.993,1789165551.9932432,-858
2026-09-11 19:25:52.000,1789165552.0009356,-936
2026-09-11 19:25:52.008,1789165552.008628,-1054
2026-09-11 19:25:52.016,1789165552.0163202,-1067
2026-09-11 19:25:52.024,1789165552.0240126,-1020
2026-09-11 19:25:52.031,1789165552.031705,-1062
2026-09-11 19:25:52.039,1789165552.039397,-1101
2026-09-11 19:25:52.047,1789165552.0470893,-1144
2026-09-11 19:25:52.054,1789165552.0547817,-1239
2026-09-11 19:25:52.062,1789165552.062474,-1268
2026-09-11 19:25:52.070,1789165552.0701663,-1214
2026-09-11 19:25:52.077,1789165552.0778587,-1159
2026-09-11 19:25:52.085,1789165552.085551,-1173
2026-09-11 19:25:52.093,1789165552.0932434,-1253
2026-09-11 19:25:52.100,1789165552.1009355,-1307
2026-09-11 19:25:52.108,1789165552.1086278,-1282
2026-09-11 19:25:52.116,1789165552.1163201,-1246
2026-09-11 19:25:52.124,1789165552.1240125,-1273
2026-09-11 19:25:52.131,1789165552.1317048,-1319
2026-09-11 19:25:52.139,1789165552.1393971,-1309
2026-09-11 19:25:52.147,1789165552.1470895,-1222
2026-09-11 19:25:52.154,1789165552.1547818,-1037
2026-09-11 19:25:52.162,1789165552.162474,-819
2026-09-11 19:25:52.170,1789165552.1701663,-703
2026-09-11 19:25:52.177,1789165552.1778586,-637
2026-09-11 19:25:52.185,1789165552.185551,-516
2026-09-11 19:25:52.193,1789165552.1932433,-412
2026-09-11 19:25:52.200,1789165552.2009356,-385
2026-09-11 19:25:52.208,1789165552.208628,-322
2026-09-11 19:25:52.216,1789165552.2163203,-252
2026-09-11 19:25:52.224,1789165552.2240124,-303
2026-09-11 19:25:52.231,1789165552.2317047,-339
2026-09-11 19:25:52.239,1789165552.239397,-271
2026-09-11 19:25:52.247,1789165552.2470894,-257
2026-09-11 19:25:52.254,1789165552.2547817,-322
2026-09-11 19:25:52.262,1789165552.262474,-315
2026-09-11 19:25:52.270,1789165552.2701664,-247
2026-09-11 19:25:52.277,1789165552.2778587,-230
2026-09-11 19:25:52.285,1789165552.2855508,-227
2026-09-11 19:25:52.293,1789165552.2932432,-189
2026-09-11 19:25:52.300,1789165552.3009355,-186
2026-09-11 19:25:52.308,1789165552.3086278,-210
2026-09-11 19:25:52.316,1789165552.3163202,-186
2026-09-11 19:25:52.324,1789165552.3240125,-150
2026-09-11 19:25:52.331,1789165552.3317049,-133
2026-09-11 19:25:52.339,1789165552.3393972,-133
2026-09-11 19:25:52.347,1789165552.3470895,-128
2026-09-11 19:25:52.354,1789165552.3547816,-111
2026-09-11 19:25:52.362,1789165552.362474,-106
2026-09-11 19:25:52.370,1789165552.3701663,-109
2026-09-11 19:25:52.377,1789165552.3772767,-109
2026-09-11 19:25:52.384,1789165552.384969,-121
2026-09-11 19:25:52.392,1789165552.3926613,-140
2026-09-11 19:25:52.400,1789165552.4003537,-164
2026-09-11 19:25:52.408,1789165552.408046,-230
2026-09-11 19:25:52.415,1789165552.415738,-307
2026-09-11 19:25:52.423,1789165552.4234304,-334
2026-09-11 19:25:52.431,1789165552.4311228,-334
2026-09-11 19:25:52.438,1789165552.438815,-320
2026-09-11 19:25:52.446,1789165552.4465075,-300
2026-09-11 19:25:52.454,1789165552.4541998,-305
2026-09-11 19:25:52.461,1789165552.4618921,-298
2026-09-11 19:25:52.469,1789165552.4695845,-291
2026-09-11 19:25:52.477,1789165552.4772766,-298
2026-09-11 19:25:52.484,1789165552.484969,-203
2026-09-11 19:25:52.492,1789165552.4926612,104
2026-09-11 19:25:52.500,1789165552.5003536,535
2026-09-11 19:25:52.508,1789165552.508046,860
2026-09-11 19:25:52.515,1789165552.5157382,725
2026-09-11 19:25:52.523,1789165552.5234306,-72
2026-09-11 19:25:52.531,1789165552.531123,-732
2026-09-11 19:25:52.538,1789165552.538815,-511
2026-09-11 19:25:52.546,1789165552.5465074,-128
2026-09-11 19:25:52.554,1789165552.5541997,-126
2026-09-11 19:25:52.561,1789165552.561892,-138
2026-09-11 19:25:52.569,1789165552.5695844,-128
2026-09-11 19:25:52.577,1789165552.5772767,-177
2026-09-11 19:25:52.584,1789165552.584969,-174
2026-09-11 19:25:52.592,1789165552.5926614,-189
2026-09-11 19:25:52.600,1789165552.6003535,-213
2026-09-11 19:25:52.608,1789165552.6080458,-179
2026-09-11 19:25:52.615,1789165552.6157382,-196
2026-09-11 19:25:52.623,1789165552.6234305,-237
2026-09-11 19:25:52.631,1789165552.6311228,-218
2026-09-11 19:25:52.638,1789165552.6388152,-227
2026-09-11 19:25:52.646,1789165552.6465075,-271
2026-09-11 19:25:52.654,1789165552.6541998,-215
2026-09-11 19:25:52.661,1789165552.661892,-43
2026-09-11 19:25:52.669,1789165552.6695843,215
2026-09-11 19:25:52.677,1789165552.6772766,518
2026-09-11 19:25:52.684,1789165552.684969,868
2026-09-11 19:25:52.692,1789165552.6926613,1081
2026-09-11 19:25:52.700,1789165552.7003536,797
2026-09-11 19:25:52.708,1789165552.708046,373
2026-09-11 19:25:52.715,1789165552.7157383,266
2026-09-11 19:25:52.723,1789165552.7234304,184
2026-09-11 19:25:52.731,1789165552.7311227,0
2026-09-11 19:25:52.738,1789165552.738815,-50
2026-09-11 19:25:52.746,1789165552.7465074,-4
2026-09-11 19:25:52.754,1789165552.7541997,-48
2026-09-11 19:25:52.761,1789165552.761892,-123
2026-09-11 19:25:52.769,1789165552.7695844,-113
2026-09-11 19:25:52.777,1789165552.7772768,-111
2026-09-11 19:25:52.784,1789165552.7849689,-210
2026-09-11 19:25:52.792,1789165552.7926612,-291
2026-09-11 19:25:52.800,1789165552.8003535,-295
2026-09-11 19:25:52.808,1789165552.8080459,-283
2026-09-11 19:25:52.815,1789165552.8157382,-271
2026-09-11 19:25:52.823,1789165552.8234305,-324
2026-09-11 19:25:52.831,1789165552.8311229,-497
2026-09-11 19:25:52.838,1789165552.8388152,-671
2026-09-11 19:25:52.846,1789165552.8465073,-703
2026-09-11 19:25:52.854,1789165552.8541996,-615
2026-09-11 19:25:52.861,1789165552.861892,-518
2026-09-11 19:25:52.869,1789165552.8695843,-443
2026-09-11 19:25:52.877,1789165552.8772767,-414
2026-09-11 19:25:52.884,1789165552.884969,-465
2026-09-11 19:25:52.892,1789165552.8926613,-468
2026-09-11 19:25:52.900,1789165552.9003537,-385
2026-09-11 19:25:52.908,1789165552.908046,-390
2026-09-11 19:25:52.915,1789165552.915738,-455
2026-09-11 19:25:52.923,1789165552.9234304,-434
2026-09-11 19:25:52.931,1789165552.9311228,-366
2026-09-11 19:25:52.938,1789165552.9382432,-295
2026-09-11 19:25:52.945,1789165552.9459355,-240
2026-09-11 19:25:52.953,1789165552.9536278,-213
2026-09-11 19:25:52.961,1789165552.9613202,-133
2026-09-11 19:25:52.969,1789165552.9690125,-72
2026-09-11 19:25:52.976,1789165552.9767046,-140
2026-09-11 19:25:52.984,1789165552.984397,-152
2026-09-11 19:25:52.992,1789165552.9920893,14
2026-09-11 19:25:52.999,1789165552.9997816,210
2026-09-11 19:25:53.007,1789165553.007474,329
2026-09-11 19:25:53.015,1789165553.0151663,455
2026-09-11 19:25:53.022,1789165553.0228586,577
2026-09-11 19:25:53.030,1789165553.030551,552
2026-09-11 19:25:53.038,1789165553.038243,497
2026-09-11 19:25:53.045,1789165553.0459354,586
2026-09-11 19:25:53.053,1789165553.0536277,734
2026-09-11 19:25:53.061,1789165553.06132,892
2026-09-11 19:25:53.069,1789165553.0690124,1561
2026-09-11 19:25:53.076,1789165553.0767047,2919
2026-09-11 19:25:53.084,1789165553.084397,3271
2026-09-11 19:25:53.092,1789165553.0920894,1920
2026-09-11 19:25:53.099,1789165553.0997815,1018
2026-09-11 19:25:53.107,1789165553.1074739,1062
2026-09-11 19:25:53.115,1789165553.1151662,853
2026-09-11 19:25:53.122,1789165553.1228585,715
2026-09-11 19:25:53.130,1789165553.1305509,984
2026-09-11 19:25:53.138,1789165553.1382432,999
2026-09-11 19:25:53.145,1789165553.1459355,320
2026-09-11 19:25:53.153,1789165553.1536279,-640
2026-09-11 19:25:53.161,1789165553.16132,-970
2026-09-11 19:25:53.169,1789165553.1690123,-717
2026-09-11 19:25:53.176,1789165553.1767046,-727
2026-09-11 19:25:53.184,1789165553.184397,-892
2026-09-11 19:25:53.192,1789165553.1920893,-843
2026-09-11 19:25:53.199,1789165553.1997817,-805
2026-09-11 19:25:53.207,1789165553.207474,-826
2026-09-11 19:25:53.215,1789165553.2151663,-732
2026-09-11 19:25:53.222,1789165553.2228584,-586
2026-09-11 19:25:53.230,1789165553.2305508,-523
2026-09-11 19:25:53.238,1789165553.238243,-509
2026-09-11 19:25:53.245,1789165553.2459354,-489
2026-09-11 19:25:53.253,1789165553.2536278,-475
2026-09-11 19:25:53.261,1789165553.26132,-468
2026-09-11 19:25:53.269,1789165553.2690125,-472
2026-09-11 19:25:53.276,1789165553.2767048,-482
2026-09-11 19:25:53.284,1789165553.284397,-494
2026-09-11 19:25:53.292,1789165553.2920892,-516
2026-09-11 19:25:53.299,1789165553.2997816,-511
2026-09-11 19:25:53.307,1789165553.307474,-468
2026-09-11 19:25:53.315,1789165553.3151662,-424
2026-09-11 19:25:53.322,1789165553.3228586,-385
2026-09-11 19:25:53.330,1789165553.330551,-366
2026-09-11 19:25:53.338,1789165553.3382432,-356
2026-09-11 19:25:53.345,1789165553.3459353,-327
2026-09-11 19:25:53.353,1789165553.3536277,-291
2026-09-11 19:25:53.361,1789165553.36132,-274
2026-09-11 19:25:53.369,1789165553.3690124,-269
2026-09-11 19:25:53.376,1789165553.3767047,-305
2026-09-11 19:25:53.384,1789165553.384397,-390
2026-09-11 19:25:53.392,1789165553.3920894,-453
2026-09-11 19:25:53.399,1789165553.3997817,-497
2026-09-11 19:25:53.407,1789165553.4074738,-589
2026-09-11 19:25:53.415,1789165553.4151661,-688
2026-09-11 19:25:53.422,1789165553.4228585,-734
2026-09-11 19:25:53.430,1789165553.4305508,-725
2026-09-11 19:25:53.438,1789165553.4382432,-705
2026-09-11 19:25:53.445,1789165553.4459355,-696
2026-09-11 19:25:53.453,1789165553.4536278,-679
2026-09-11 19:25:53.461,1789165553.4613202,-681
2026-09-11 19:25:53.469,1789165553.4690125,-700
2026-09-11 19:25:53.476,1789165553.4767046,-671
2026-09-11 19:25:53.484,1789165553.484397,-625
2026-09-11 19:25:53.492,1789165553.4920893,-625
2026-09-11 19:25:53.499,1789165553.49922,-640
2026-09-11 19:25:53.506,1789165553.5069122,-637
2026-09-11 19:25:53.514,1789165553.5146046,-615
2026-09-11 19:25:53.522,1789165553.522297,-565
2026-09-11 19:25:53.529,1789165553.5299892,-518
2026-09-11 19:25:53.537,1789165553.5376813,-487
2026-09-11 19:25:53.545,1789165553.5453737,-409
2026-09-11 19:25:53.553,1789165553.553066,-201
2026-09-11 19:25:53.560,1789165553.5607584,147
2026-09-11 19:25:53.568,1789165553.5684507,540
2026-09-11 19:25:53.576,1789165553.576143,921
2026-09-11 19:25:53.583,1789165553.5838354,1263
2026-09-11 19:25:53.591,1789165553.5915277,1530
2026-09-11 19:25:53.599,1789165553.5992198,1651
2026-09-11 19:25:53.606,1789165553.6069121,1559
2026-09-11 19:25:53.614,1789165553.6146045,1394
2026-09-11 19:25:53.622,1789165553.6222968,1382
2026-09-11 19:25:53.629,1789165553.6299891,1309
2026-09-11 19:25:53.637,1789165553.6376815,1006
2026-09-11 19:25:53.645,1789165553.6453738,938
2026-09-11 19:25:53.653,1789165553.6530662,1263
2026-09-11 19:25:53.660,1789165553.6607583,1455
2026-09-11 19:25:53.668,1789165553.6684506,1423
2026-09-11 19:25:53.676,1789165553.676143,1406
2026-09-11 19:25:53.683,1789165553.6838353,1392
2026-09-11 19:25:53.691,1789165553.6915276,1438
2026-09-11 19:25:53.699,1789165553.69922,1564
2026-09-11 19:25:53.706,1789165553.7069123,1593
2026-09-11 19:25:53.714,1789165553.7146046,1527
2026-09-11 19:25:53.722,1789165553.7222967,1455
2026-09-11 19:25:53.729,1789165553.729989,1409
2026-09-11 19:25:53.737,1789165553.7376814,1518
2026-09-11 19:25:53.745,1789165553.7453737,1874
2026-09-11 19:25:53.753,1789165553.753066,2182
2026-09-11 19:25:53.760,1789165553.7607584,2029
2026-09-11 19:25:53.768,1789165553.7684507,1275
2026-09-11 19:25:53.776,1789165553.776143,371
2026-09-11 19:25:53.783,1789165553.7838352,237
2026-09-11 19:25:53.791,1789165553.7915275,691
2026-09-11 19:25:53.799,1789165553.7992198,793
2026-09-11 19:25:53.806,1789165553.8069122,630
2026-09-11 19:25:53.814,1789165553.8146045,681
2026-09-11 19:25:53.822,1789165553.8222969,788
2026-09-11 19:25:53.829,1789165553.8299892,812
2026-09-11 19:25:53.837,1789165553.8376815,950
2026-09-11 19:25:53.845,1789165553.8453736,1261
2026-09-11 19:25:53.853,1789165553.853066,1658
2026-09-11 19:25:53.860,1789165553.8607583,1981
2026-09-11 19:25:53.868,1789165553.8684506,1991
2026-09-11 19:25:53.876,1789165553.876143,1879
2026-09-11 19:25:53.883,1789165553.8838353,2153
2026-09-11 19:25:53.891,1789165553.8915277,2434
2026-09-11 19:25:53.899,1789165553.89922,2168
2026-09-11 19:25:53.906,1789165553.906912,1957
2026-09-11 19:25:53.914,1789165553.9146044,2374
2026-09-11 19:25:53.922,1789165553.9222968,2757
2026-09-11 19:25:53.929,1789165553.929989,2495
2026-09-11 19:25:53.937,1789165553.9376814,2449
2026-09-11 19:25:53.945,1789165553.9453738,2956
2026-09-11 19:25:53.953,1789165553.953066,2757
2026-09-11 19:25:53.960,1789165553.9607584,1860
2026-09-11 19:25:53.968,1789165553.9684505,1234
2026-09-11 19:25:53.976,1789165553.976143,712
2026-09-11 19:25:53.983,1789165553.9838352,288
2026-09-11 19:25:53.991,1789165553.9915276,278
2026-09-11 19:25:53.999,1789165553.99922,160
2026-09-11 19:25:54.006,1789165554.0069122,-470
2026-09-11 19:25:54.014,1789165554.0146046,-1093
2026-09-11 19:25:54.022,1789165554.022297,-1372
2026-09-11 19:25:54.029,1789165554.0299892,-1520
2026-09-11 19:25:54.037,1789165554.0376813,-1571
2026-09-11 19:25:54.045,1789165554.0453737,-1496
2026-09-11 19:25:54.053,1789165554.053066,-1404
2026-09-11 19:25:54.060,1789165554.0601664,-1392
2026-09-11 19:25:54.067,1789165554.0678587,-1476
2026-09-11 19:25:54.075,1789165554.075551,-1530
2026-09-11 19:25:54.083,1789165554.0832434,-1459
2026-09-11 19:25:54.090,1789165554.0909357,-1423
2026-09-11 19:25:54.098,1789165554.0986278,-1515
2026-09-11 19:25:54.106,1789165554.1063201,-1522
2026-09-11 19:25:54.114,1789165554.1140125,-1176
2026-09-11 19:25:54.121,1789165554.1217048,-751
2026-09-11 19:25:54.129,1789165554.1293972,-773
2026-09-11 19:25:54.137,1789165554.1370895,-923
2026-09-11 19:25:54.144,1789165554.1447818,-788
2026-09-11 19:25:54.152,1789165554.1524742,-671
2026-09-11 19:25:54.160,1789165554.1601663,-715
2026-09-11 19:25:54.167,1789165554.1678586,-785
2026-09-11 19:25:54.175,1789165554.175551,-829
2026-09-11 19:25:54.183,1789165554.1832433,-761
2026-09-11 19:25:54.190,1789165554.1909356,-632
2026-09-11 19:25:54.198,1789165554.198628,-509
2026-09-11 19:25:54.206,1789165554.2063203,-349
2026-09-11 19:25:54.214,1789165554.2140126,-172
2026-09-11 19:25:54.221,1789165554.2217047,97
2026-09-11 19:25:54.229,1789165554.229397,700
2026-09-11 19:25:54.237,1789165554.2370894,1377
2026-09-11 19:25:54.244,1789165554.2447817,1367
2026-09-11 19:25:54.252,1789165554.252474,1011
2026-09-11 19:25:54.260,1789165554.2601664,1071
2026-09-11 19:25:54.267,1789165554.2678587,1103
2026-09-11 19:25:54.275,1789165554.275551,853
2026-09-11 19:25:54.283,1789165554.2832432,746
2026-09-11 19:25:54.290,1789165554.2909355,848
2026-09-11 19:25:54.298,1789165554.2986279,899
2026-09-11 19:25:54.306,1789165554.3063202,742
2026-09-11 19:25:54.314,1789165554.3140125,601
2026-09-11 19:25:54.321,1789165554.3217049,611
2026-09-11 19:25:54.329,1789165554.3293972,589
2026-09-11 19:25:54.337,1789165554.3370895,528
2026-09-11 19:25:54.344,1789165554.3447816,606
2026-09-11 19:25:54.352,1789165554.352474,1047
2026-09-11 19:25:54.360,1789165554.3601663,1809
2026-09-11 19:25:54.367,1789165554.3678586,2301
2026-09-11 19:25:54.375,1789165554.375551,2073
2026-09-11 19:25:54.383,1789165554.3832433,1302
2026-09-11 19:25:54.390,1789165554.3909357,584
2026-09-11 19:25:54.398,1789165554.398628,390
2026-09-11 19:25:54.406,1789165554.40632,341
2026-09-11 19:25:54.414,1789165554.4140124,77
2026-09-11 19:25:54.421,1789165554.4217048,-84
2026-09-11 19:25:54.429,1789165554.429397,-135
2026-09-11 19:25:54.437,1789165554.4370894,-232
2026-09-11 19:25:54.444,1789165554.4447818,-189
2026-09-11 19:25:54.452,1789165554.452474,-2
2026-09-11 19:25:54.460,1789165554.4601665,-87
2026-09-11 19:25:54.467,1789165554.4678586,-511
2026-09-11 19:25:54.475,1789165554.475551,-826
2026-09-11 19:25:54.483,1789165554.4832432,-863
2026-09-11 19:25:54.490,1789165554.4909356,-831
2026-09-11 19:25:54.498,1789165554.498628,-766
2026-09-11 19:25:54.506,1789165554.5063202,-591
2026-09-11 19:25:54.514,1789165554.5140126,-538
2026-09-11 19:25:54.521,1789165554.521705,-819
2026-09-11 19:25:54.529,1789165554.529397,-1122
2026-09-11 19:25:54.537,1789165554.5370893,-1198
2026-09-11 19:25:54.544,1789165554.5447817,-1326
2026-09-11 19:25:54.552,1789165554.552474,-1522
2026-09-11 19:25:54.560,1789165554.5601664,-1539
2026-09-11 19:25:54.567,1789165554.5678587,-1508
2026-09-11 19:25:54.575,1789165554.575551,-1525
2026-09-11 19:25:54.583,1789165554.5832434,-1459
2026-09-11 19:25:54.590,1789165554.5909357,-1336
2026-09-11 19:25:54.598,1789165554.5986278,-1268
2026-09-11 19:25:54.606,1789165554.6063201,-1202
2026-09-11 19:25:54.614,1789165554.6140125,-1059
2026-09-11 19:25:54.621,1789165554.6211429,-732
2026-09-11 19:25:54.628,1789165554.6288352,-266
2026-09-11 19:25:54.636,1789165554.6365275,-138
2026-09-11 19:25:54.644,1789165554.6442199,-354
2026-09-11 19:25:54.651,1789165554.6519122,-400
2026-09-11 19:25:54.659,1789165554.6596043,-327
2026-09-11 19:25:54.667,1789165554.6672966,-371
2026-09-11 19:25:54.674,1789165554.674989,-332
2026-09-11 19:25:54.682,1789165554.6826813,-138
2026-09-11 19:25:54.690,1789165554.6903737,-82
2026-09-11 19:25:54.698,1789165554.698066,-244
2026-09-11 19:25:54.705,1789165554.7057583,-375
2026-09-11 19:25:54.713,1789165554.7134507,-426
2026-09-11 19:25:54.721,1789165554.7211428,-567
2026-09-11 19:25:54.728,1789165554.728835,-756
2026-09-11 19:25:54.736,1789165554.7365274,-785
2026-09-11 19:25:54.744,1789165554.7442198,-763
2026-09-11 19:25:54.751,1789165554.751912,-887
2026-09-11 19:25:54.759,1789165554.7596045,-936
2026-09-11 19:25:54.767,1789165554.7672968,-826
2026-09-11 19:25:54.774,1789165554.7749891,-797
2026-09-11 19:25:54.782,1789165554.7826812,-814
2026-09-11 19:25:54.790,1789165554.7903736,-751
2026-09-11 19:25:54.798,1789165554.798066,-751
2026-09-11 19:25:54.805,1789165554.8057582,-824
2026-09-11 19:25:54.813,1789165554.8134506,-824
2026-09-11 19:25:54.821,1789165554.821143,-768
2026-09-11 19:25:54.828,1789165554.8288352,-608
2026-09-11 19:25:54.836,1789165554.8365276,-446
2026-09-11 19:25:54.844,1789165554.8442197,-679
2026-09-11 19:25:54.851,1789165554.851912,-1081
2026-09-11 19:25:54.859,1789165554.8596044,-1127
2026-09-11 19:25:54.867,1789165554.8672967,-1052
2026-09-11 19:25:54.874,1789165554.874989,-1127
2026-09-11 19:25:54.882,1789165554.8826814,-1171
2026-09-11 19:25:54.890,1789165554.8903737,-1139
2026-09-11 19:25:54.898,1789165554.898066,-1142
2026-09-11 19:25:54.905,1789165554.9057581,-1139
2026-09-11 19:25:54.913,1789165554.9134505,-1103
2026-09-11 19:25:54.921,1789165554.9211428,-1093
2026-09-11 19:25:54.928,1789165554.9288352,-1091
2026-09-11 19:25:54.936,1789165554.9365275,-1040
2026-09-11 19:25:54.944,1789165554.9442198,-967
2026-09-11 19:25:54.951,1789165554.9519122,-904
2026-09-11 19:25:54.959,1789165554.9596045,-848
2026-09-11 19:25:54.967,1789165554.9672966,-790
2026-09-11 19:25:54.974,1789165554.974989,-691
2026-09-11 19:25:54.982,1789165554.9826813,-463
2026-09-11 19:25:54.990,1789165554.9903736,-111
2026-09-11 19:25:54.998,1789165554.998066,266
2026-09-11 19:25:55.005,1789165555.0057583,249
2026-09-11 19:25:55.013,1789165555.0134506,-475
2026-09-11 19:25:55.021,1789165555.021143,-1088
2026-09-11 19:25:55.028,1789165555.028835,-890
2026-09-11 19:25:55.036,1789165555.0365274,-603
2026-09-11 19:25:55.044,1789165555.0442197,-679
2026-09-11 19:25:55.051,1789165555.051912,-696
2026-09-11 19:25:55.059,1789165555.0596044,-630
2026-09-11 19:25:55.067,1789165555.0672967,-630
2026-09-11 19:25:55.074,1789165555.074989,-582
2026-09-11 19:25:55.082,1789165555.0826814,-489
2026-09-11 19:25:55.090,1789165555.0903735,-451
2026-09-11 19:25:55.098,1789165555.0980659,-424
2026-09-11 19:25:55.105,1789165555.1057582,-363
2026-09-11 19:25:55.113,1789165555.1134505,-269
2026-09-11 19:25:55.121,1789165555.1211429,-116
2026-09-11 19:25:55.128,1789165555.1288352,-12
2026-09-11 19:25:55.136,1789165555.1365275,-89
2026-09-11 19:25:55.144,1789165555.1442199,-203
2026-09-11 19:25:55.151,1789165555.1519122,-203
2026-09-11 19:25:55.159,1789165555.1596043,-198
2026-09-11 19:25:55.167,1789165555.1672966,-269
2026-09-11 19:25:55.174,1789165555.174989,-303
2026-09-11 19:25:55.182,1789165555.1820893,-242
2026-09-11 19:25:55.189,1789165555.1897817,-138
2026-09-11 19:25:55.197,1789165555.197474,-36
2026-09-11 19:25:55.205,1789165555.2051663,31
2026-09-11 19:25:55.212,1789165555.2128587,65
2026-09-11 19:25:55.220,1789165555.2205508,101
2026-09-11 19:25:55.228,1789165555.228243,155
2026-09-11 19:25:55.235,1789165555.2359354,201
2026-09-11 19:25:55.243,1789165555.2436278,164
2026-09-11 19:25:55.251,1789165555.2513201,48
2026-09-11 19:25:55.259,1789165555.2590125,-48
2026-09-11 19:25:55.266,1789165555.2667048,-101
2026-09-11 19:25:55.274,1789165555.2743971,-157
2026-09-11 19:25:55.282,1789165555.2820892,-186
2026-09-11 19:25:55.289,1789165555.2897816,-215
2026-09-11 19:25:55.297,1789165555.297474,-266
2026-09-11 19:25:55.305,1789165555.3051662,-240
2026-09-11 19:25:55.312,1789165555.3128586,-80
2026-09-11 19:25:55.320,1789165555.320551,67
2026-09-11 19:25:55.328,1789165555.3282433,104
2026-09-11 19:25:55.335,1789165555.3359356,121
2026-09-11 19:25:55.343,1789165555.3436277,162
2026-09-11 19:25:55.351,1789165555.35132,181
2026-09-11 19:25:55.359,1789165555.3590124,242
2026-09-11 19:25:55.366,1789165555.3667047,327
2026-09-11 19:25:55.374,1789165555.374397,329
2026-09-11 19:25:55.382,1789165555.3820894,298
2026-09-11 19:25:55.389,1789165555.3897817,320
2026-09-11 19:25:55.397,1789165555.397474,409
2026-09-11 19:25:55.405,1789165555.4051661,526
2026-09-11 19:25:55.412,1789165555.4128585,569
2026-09-11 19:25:55.420,1789165555.4205508,601
2026-09-11 19:25:55.428,1789165555.4282432,700
2026-09-11 19:25:55.435,1789165555.4359355,729
2026-09-11 19:25:55.443,1789165555.4436278,662
2026-09-11 19:25:55.451,1789165555.4513202,589
2026-09-11 19:25:55.459,1789165555.4590125,499
2026-09-11 19:25:55.466,1789165555.4667046,446
2026-09-11 19:25:55.474,1789165555.474397,434
2026-09-11 19:25:55.482,1789165555.4820893,371
2026-09-11 19:25:55.489,1789165555.4897816,320
2026-09-11 19:25:55.497,1789165555.497474,378
2026-09-11 19:25:55.505,1789165555.5051663,499
2026-09-11 19:25:55.512,1789165555.5128586,686
2026-09-11 19:25:55.520,1789165555.520551,892
2026-09-11 19:25:55.528,1789165555.528243,955
2026-09-11 19:25:55.535,1789165555.5359354,882
2026-09-11 19:25:55.543,1789165555.5436277,916
2026-09-11 19:25:55.551,1789165555.55132,1241
2026-09-11 19:25:55.559,1789165555.5590124,1641
2026-09-11 19:25:55.566,1789165555.5667048,1714
2026-09-11 19:25:55.574,1789165555.574397,1632
2026-09-11 19:25:55.582,1789165555.5820894,1760
2026-09-11 19:25:55.589,1789165555.5897815,1937
2026-09-11 19:25:55.597,1789165555.5974739,2015
2026-09-11 19:25:55.605,1789165555.6051662,2185
2026-09-11 19:25:55.612,1789165555.6128585,2541
2026-09-11 19:25:55.620,1789165555.6205509,2861
2026-09-11 19:25:55.628,1789165555.6282432,2990
2026-09-11 19:25:55.635,1789165555.6359355,2939
2026-09-11 19:25:55.643,1789165555.643628,2655
2026-09-11 19:25:55.651,1789165555.65132,2308
2026-09-11 19:25:55.659,1789165555.6590123,2206
2026-09-11 19:25:55.666,1789165555.6667047,2335
2026-09-11 19:25:55.674,1789165555.674397,2522
2026-09-11 19:25:55.682,1789165555.6820893,2679
2026-09-11 19:25:55.689,1789165555.6897817,2737
2026-09-11 19:25:55.697,1789165555.697474,2672
2026-09-11 19:25:55.705,1789165555.7051663,2752
2026-09-11 19:25:55.712,1789165555.7128587,3135
2026-09-11 19:25:55.720,1789165555.7205508,3181
2026-09-11 19:25:55.728,1789165555.728243,2718
2026-09-11 19:25:55.735,1789165555.7359354,2733
2026-09-11 19:25:55.743,1789165555.7430458,3375
2026-09-11 19:25:55.750,1789165555.7507381,3802
2026-09-11 19:25:55.758,1789165555.7584305,3606
2026-09-11 19:25:55.766,1789165555.7661228,3426
2026-09-11 19:25:55.773,1789165555.7738152,4360
2026-09-11 19:25:55.781,1789165555.7815073,5640
2026-09-11 19:25:55.789,1789165555.7891996,4947
2026-09-11 19:25:55.796,1789165555.796892,2941
2026-09-11 19:25:55.804,1789165555.8045843,2560
2026-09-11 19:25:55.812,1789165555.8122766,3339
2026-09-11 19:25:55.819,1789165555.819969,3315
2026-09-11 19:25:55.827,1789165555.8276613,3096
2026-09-11 19:25:55.835,1789165555.8353536,3528
2026-09-11 19:25:55.843,1789165555.8430457,4285
2026-09-11 19:25:55.850,1789165555.850738,4828
2026-09-11 19:25:55.858,1789165555.8584304,4816
2026-09-11 19:25:55.866,1789165555.8661227,4762
2026-09-11 19:25:55.873,1789165555.873815,4993
2026-09-11 19:25:55.881,1789165555.8815074,4973
2026-09-11 19:25:55.889,1789165555.8891997,4670
2026-09-11 19:25:55.896,1789165555.896892,4850
2026-09-11 19:25:55.904,1789165555.9045842,6019
2026-09-11 19:25:55.912,1789165555.9122765,8216
2026-09-11 19:25:55.919,1789165555.9199688,10607
2026-09-11 19:25:55.927,1789165555.9276612,11558
2026-09-11 19:25:55.935,1789165555.9353535,11461
2026-09-11 19:25:55.943,1789165555.9430459,11781
2026-09-11 19:25:55.950,1789165555.9507382,12120
2026-09-11 19:25:55.958,1789165555.9584305,12026
2026-09-11 19:25:55.966,1789165555.9661226,11904
2026-09-11 19:25:55.973,1789165555.973815,11558
2026-09-11 19:25:55.981,1789165555.9815073,11061
2026-09-11 19:25:55.989,1789165555.9891996,10670
2026-09-11 19:25:55.996,1789165555.996892,9103
2026-09-11 19:25:56.004,1789165556.0045843,5766
2026-09-11 19:25:56.012,1789165556.0122766,1937
2026-09-11 19:25:56.019,1789165556.019969,-1348
2026-09-11 19:25:56.027,1789165556.027661,-3455
2026-09-11 19:25:56.035,1789165556.0353534,-4673
2026-09-11 19:25:56.043,1789165556.0430458,-5669
2026-09-11 19:25:56.050,1789165556.050738,-6310
2026-09-11 19:25:56.058,1789165556.0584304,-6676
2026-09-11 19:25:56.066,1789165556.0661228,-7064
2026-09-11 19:25:56.073,1789165556.073815,-7379
2026-09-11 19:25:56.081,1789165556.0815074,-7503
2026-09-11 19:25:56.089,1789165556.0891995,-7525
2026-09-11 19:25:56.096,1789165556.0968919,-7505
2026-09-11 19:25:56.104,1789165556.1045842,-7423
2026-09-11 19:25:56.112,1789165556.1122766,-7287
2026-09-11 19:25:56.119,1789165556.119969,-7149
2026-09-11 19:25:56.127,1789165556.1276612,-7069
2026-09-11 19:25:56.135,1789165556.1353536,-6952
2026-09-11 19:25:56.143,1789165556.143046,-6712
2026-09-11 19:25:56.150,1789165556.150738,-6504
2026-09-11 19:25:56.158,1789165556.1584303,-6368
2026-09-11 19:25:56.166,1789165556.1661227,-6198
2026-09-11 19:25:56.173,1789165556.173815,-5977
2026-09-11 19:25:56.181,1789165556.1815073,-5725
2026-09-11 19:25:56.189,1789165556.1891997,-5497
2026-09-11 19:25:56.196,1789165556.196892,-5308
2026-09-11 19:25:56.204,1789165556.2045844,-5126
2026-09-11 19:25:56.212,1789165556.2122765,-4988
2026-09-11 19:25:56.219,1789165556.2199688,-4886
2026-09-11 19:25:56.227,1789165556.2276611,-4755
2026-09-11 19:25:56.235,1789165556.2353535,-4617
2026-09-11 19:25:56.243,1789165556.2430458,-4442
2026-09-11 19:25:56.250,1789165556.2507381,-4236
2026-09-11 19:25:56.258,1789165556.2584305,-4166
2026-09-11 19:25:56.266,1789165556.2661228,-4144
2026-09-11 19:25:56.273,1789165556.2738152,-3948
2026-09-11 19:25:56.281,1789165556.2815073,-3678
2026-09-11 19:25:56.289,1789165556.2891996,-3482
2026-09-11 19:25:56.296,1789165556.296892,-3220
2026-09-11 19:25:56.304,1789165556.3040125,-2910
2026-09-11 19:25:56.311,1789165556.3117049,-2818
2026-09-11 19:25:56.319,1789165556.3193972,-2764
2026-09-11 19:25:56.327,1789165556.3270895,-2563
2026-09-11 19:25:56.334,1789165556.334782,-2539
2026-09-11 19:25:56.342,1789165556.342474,-2733
2026-09-11 19:25:56.350,1789165556.3501663,-2776
2026-09-11 19:25:56.357,1789165556.3578587,-2655
2026-09-11 19:25:56.365,1789165556.365551,-2497
2026-09-11 19:25:56.373,1789165556.3732433,-2337
2026-09-11 19:25:56.380,1789165556.3809357,-2245
2026-09-11 19:25:56.388,1789165556.388628,-2218
2026-09-11 19:25:56.396,1789165556.3963203,-2252
2026-09-11 19:25:56.404,1789165556.4040124,-2301
2026-09-11 19:25:56.411,1789165556.4117048,-2177
2026-09-11 19:25:56.419,1789165556.419397,-1954
2026-09-11 19:25:56.427,1789165556.4270895,-1872
2026-09-11 19:25:56.434,1789165556.4347818,-1830
2026-09-11 19:25:56.442,1789165556.4424741,-1738
2026-09-11 19:25:56.450,1789165556.4501665,-1653
2026-09-11 19:25:56.457,1789165556.4578588,-1544
2026-09-11 19:25:56.465,1789165556.465551,-1411
2026-09-11 19:25:56.473,1789165556.4732432,-1149
2026-09-11 19:25:56.480,1789165556.4809356,-574
2026-09-11 19:25:56.488,1789165556.488628,-48
2026-09-11 19:25:56.496,1789165556.4963202,-288
2026-09-11 19:25:56.504,1789165556.5040126,-1064
2026-09-11 19:25:56.511,1789165556.511705,-1166
2026-09-11 19:25:56.519,1789165556.5193973,-518
2026-09-11 19:25:56.527,1789165556.5270894,-293
2026-09-11 19:25:56.534,1789165556.5347817,-509
2026-09-11 19:25:56.542,1789165556.542474,-540
2026-09-11 19:25:56.550,1789165556.5501664,-652
2026-09-11 19:25:56.557,1789165556.5578587,-962
2026-09-11 19:25:56.565,1789165556.565551,-1074
2026-09-11 19:25:56.573,1789165556.5732434,-1006
2026-09-11 19:25:56.580,1789165556.5809357,-996
2026-09-11 19:25:56.588,1789165556.5886278,-979
2026-09-11 19:25:56.596,1789165556.5963202,-802
2026-09-11 19:25:56.604,1789165556.6040125,-569
2026-09-11 19:25:56.611,1789165556.6117048,-443
2026-09-11 19:25:56.619,1789165556.6193972,-368
2026-09-11 19:25:56.627,1789165556.6270895,-300
2026-09-11 19:25:56.634,1789165556.6347818,-269
2026-09-11 19:25:56.642,1789165556.6424742,-274
2026-09-11 19:25:56.650,1789165556.6501663,-291
2026-09-11 19:25:56.657,1789165556.6578586,-213
2026-09-11 19:25:56.665,1789165556.665551,-41
2026-09-11 19:25:56.673,1789165556.6732433,48
2026-09-11 19:25:56.680,1789165556.6809356,29
2026-09-11 19:25:56.688,1789165556.688628,-7
2026-09-11 19:25:56.696,1789165556.6963203,-55
2026-09-11 19:25:56.704,1789165556.7040126,-58
2026-09-11 19:25:56.711,1789165556.7117047,-14
2026-09-11 19:25:56.719,1789165556.719397,12
2026-09-11 19:25:56.727,1789165556.7270894,-55
2026-09-11 19:25:56.734,1789165556.7347817,-409
2026-09-11 19:25:56.742,1789165556.742474,-865
2026-09-11 19:25:56.750,1789165556.7501664,-999
2026-09-11 19:25:56.757,1789165556.7578588,-953
2026-09-11 19:25:56.765,1789165556.765551,-982
2026-09-11 19:25:56.773,1789165556.7732432,-953
2026-09-11 19:25:56.780,1789165556.7809355,-841
2026-09-11 19:25:56.788,1789165556.7886279,-698
2026-09-11 19:25:56.796,1789165556.7963202,-446
2026-09-11 19:25:56.804,1789165556.8040125,-223
2026-09-11 19:25:56.811,1789165556.8117049,-152
2026-09-11 19:25:56.819,1789165556.8193972,-48
2026-09-11 19:25:56.827,1789165556.8270895,121
2026-09-11 19:25:56.834,1789165556.834782,135
2026-09-11 19:25:56.842,1789165556.842474,19
2026-09-11 19:25:56.850,1789165556.8501663,-4
2026-09-11 19:25:56.857,1789165556.8578587,48
2026-09-11 19:25:56.864,1789165556.8649585,77
2026-09-11 19:25:56.872,1789165556.8726509,128
2026-09-11 19:25:56.880,1789165556.8803432,113
2026-09-11 19:25:56.888,1789165556.8880355,-223
2026-09-11 19:25:56.895,1789165556.8957279,-734
2026-09-11 19:25:56.903,1789165556.90342,-928
2026-09-11 19:25:56.911,1789165556.9111123,-875
2026-09-11 19:25:56.918,1789165556.9188046,-909
2026-09-11 19:25:56.926,1789165556.926497,-977
2026-09-11 19:25:56.934,1789165556.9341893,-962
2026-09-11 19:25:56.941,1789165556.9418817,-950
2026-09-11 19:25:56.949,1789165556.949574,-965
2026-09-11 19:25:56.957,1789165556.9572663,-945
2026-09-11 19:25:56.964,1789165556.9649584,-919
2026-09-11 19:25:56.972,1789165556.9726508,-919
2026-09-11 19:25:56.980,1789165556.980343,-916
2026-09-11 19:25:56.988,1789165556.9880354,-909
2026-09-11 19:25:56.995,1789165556.9957278,-919
2026-09-11 19:25:57.003,1789165557.00342,-914
2026-09-11 19:25:57.011,1789165557.0111125,-870
2026-09-11 19:25:57.018,1789165557.0188048,-824
2026-09-11 19:25:57.026,1789165557.026497,-797
2026-09-11 19:25:57.034,1789165557.0341892,-780
2026-09-11 19:25:57.041,1789165557.0418816,-776
2026-09-11 19:25:57.049,1789165557.049574,-780
2026-09-11 19:25:57.057,1789165557.0572662,-785
2026-09-11 19:25:57.064,1789165557.0649586,-768
2026-09-11 19:25:57.072,1789165557.072651,-693
2026-09-11 19:25:57.080,1789165557.0803432,-615
2026-09-11 19:25:57.088,1789165557.0880353,-608
2026-09-11 19:25:57.095,1789165557.0957277,-623
2026-09-11 19:25:57.103,1789165557.10342,-608
2026-09-11 19:25:57.111,1789165557.1111124,-531
2026-09-11 19:25:57.118,1789165557.1188047,-378
2026-09-11 19:25:57.126,1789165557.126497,-261
2026-09-11 19:25:57.134,1789165557.1341894,-242
2026-09-11 19:25:57.141,1789165557.1418817,-223
2026-09-11 19:25:57.149,1789165557.1495738,-220
2026-09-11 19:25:57.157,1789165557.1572661,-307
2026-09-11 19:25:57.164,1789165557.1649585,-426
2026-09-11 19:25:57.172,1789165557.1726508,-538
2026-09-11 19:25:57.180,1789165557.1803432,-623
2026-09-11 19:25:57.188,1789165557.1880355,-647
2026-09-11 19:25:57.195,1789165557.1957278,-662
2026-09-11 19:25:57.203,1789165557.2034202,-705
2026-09-11 19:25:57.211,1789165557.2111123,-700
2026-09-11 19:25:57.218,1789165557.2188046,-485
2026-09-11 19:25:57.226,1789165557.226497,150
2026-09-11 19:25:57.234,1789165557.2341893,991
2026-09-11 19:25:57.241,1789165557.2418816,1338
2026-09-11 19:25:57.249,1789165557.249574,1253
2026-09-11 19:25:57.257,1789165557.2572663,1489
2026-09-11 19:25:57.264,1789165557.2649586,1959
2026-09-11 19:25:57.272,1789165557.2726507,2194
2026-09-11 19:25:57.280,1789165557.280343,2107
2026-09-11 19:25:57.288,1789165557.2880354,1552
2026-09-11 19:25:57.295,1789165557.2957277,1076
2026-09-11 19:25:57.303,1789165557.30342,1360
2026-09-11 19:25:57.311,1789165557.3111124,1797
2026-09-11 19:25:57.318,1789165557.3188047,1559
2026-09-11 19:25:57.326,1789165557.326497,579
2026-09-11 19:25:57.334,1789165557.3341892,-291
2026-09-11 19:25:57.341,1789165557.3418815,-414
2026-09-11 19:25:57.349,1789165557.3495739,-385
2026-09-11 19:25:57.357,1789165557.3572662,-535
2026-09-11 19:25:57.364,1789165557.3649585,-543
2026-09-11 19:25:57.372,1789165557.3726509,-477
2026-09-11 19:25:57.380,1789165557.3803432,-511
2026-09-11 19:25:57.388,1789165557.3880355,-421
2026-09-11 19:25:57.395,1789165557.3957279,126
2026-09-11 19:25:57.403,1789165557.40342,858
2026-09-11 19:25:57.411,1789165557.4111123,1091
2026-09-11 19:25:57.418,1789165557.4188046,950
2026-09-11 19:25:57.425,1789165557.4259305,1008
2026-09-11 19:25:57.433,1789165557.4336228,1195
2026-09-11 19:25:57.441,1789165557.4413152,1018
2026-09-11 19:25:57.449,1789165557.4490075,412
2026-09-11 19:25:57.456,1789165557.4566998,-116
2026-09-11 19:25:57.464,1789165557.464392,-307
2026-09-11 19:25:57.472,1789165557.4720843,-366
2026-09-11 19:25:57.479,1789165557.4797766,-327
2026-09-11 19:25:57.487,1789165557.487469,-72
2026-09-11 19:25:57.495,1789165557.4951613,419
2026-09-11 19:25:57.502,1789165557.5028536,914
2026-09-11 19:25:57.510,1789165557.510546,1067
2026-09-11 19:25:57.518,1789165557.5182383,982
2026-09-11 19:25:57.525,1789165557.5259304,853
2026-09-11 19:25:57.533,1789165557.5336227,594
2026-09-11 19:25:57.541,1789165557.541315,215
2026-09-11 19:25:57.549,1789165557.5490074,-138
2026-09-11 19:25:57.556,1789165557.5566998,-310
2026-09-11 19:25:57.564,1789165557.564392,-324
2026-09-11 19:25:57.572,1789165557.5720844,-225
2026-09-11 19:25:57.579,1789165557.5797768,-157
2026-09-11 19:25:57.587,1789165557.5874689,-443
2026-09-11 19:25:57.595,1789165557.5951612,-773
2026-09-11 19:25:57.602,1789165557.6028535,-768
2026-09-11 19:25:57.610,1789165557.6105459,-717
2026-09-11 19:25:57.618,1789165557.6182382,-746
2026-09-11 19:25:57.625,1789165557.6259305,-691
2026-09-11 19:25:57.633,1789165557.633623,-594
2026-09-11 19:25:57.641,1789165557.6413152,-608
2026-09-11 19:25:57.649,1789165557.6490073,-805
2026-09-11 19:25:57.656,1789165557.6566997,-987
2026-09-11 19:25:57.664,1789165557.664392,-1011
2026-09-11 19:25:57.672,1789165557.6720843,-1059
2026-09-11 19:25:57.679,1789165557.6797767,-1144
2026-09-11 19:25:57.687,1789165557.687469,-1110
2026-09-11 19:25:57.695,1789165557.6951613,-1062
2026-09-11 19:25:57.702,1789165557.7028537,-1088
2026-09-11 19:25:57.710,1789165557.7105458,-1120
2026-09-11 19:25:57.718,1789165557.718238,-1110
2026-09-11 19:25:57.725,1789165557.7259305,-1098
2026-09-11 19:25:57.733,1789165557.7336228,-1113
2026-09-11 19:25:57.741,1789165557.7413151,-1105
2026-09-11 19:25:57.749,1789165557.7490075,-1023
2026-09-11 19:25:57.756,1789165557.7566998,-928
2026-09-11 19:25:57.764,1789165557.7643921,-906
2026-09-11 19:25:57.772,1789165557.7720842,-926
2026-09-11 19:25:57.779,1789165557.7797766,-933
2026-09-11 19:25:57.787,1789165557.787469,-923
2026-09-11 19:25:57.795,1789165557.7951612,-897
2026-09-11 19:25:57.802,1789165557.8028536,-853
2026-09-11 19:25:57.810,1789165557.810546,-812
2026-09-11 19:25:57.818,1789165557.8182383,-788
2026-09-11 19:25:57.825,1789165557.8259306,-744
2026-09-11 19:25:57.833,1789165557.8336227,-652
2026-09-11 19:25:57.841,1789165557.841315,-557
2026-09-11 19:25:57.849,1789165557.8490074,-509
2026-09-11 19:25:57.856,1789165557.8566997,-472
2026-09-11 19:25:57.864,1789165557.864392,-390
2026-09-11 19:25:57.872,1789165557.8720844,-349
2026-09-11 19:25:57.879,1789165557.8797767,-434
2026-09-11 19:25:57.887,1789165557.887469,-528
2026-09-11 19:25:57.895,1789165557.8951612,-489
2026-09-11 19:25:57.902,1789165557.9028535,-264
2026-09-11 19:25:57.910,1789165557.9105458,75
2026-09-11 19:25:57.918,1789165557.9182382,373
2026-09-11 19:25:57.925,1789165557.9259305,613
2026-09-11 19:25:57.933,1789165557.9336228,771
2026-09-11 19:25:57.941,1789165557.9413152,1011
2026-09-11 19:25:57.949,1789165557.9490075,1503
2026-09-11 19:25:57.956,1789165557.9566998,1976
2026-09-11 19:25:57.964,1789165557.964392,1833
2026-09-11 19:25:57.972,1789165557.9720843,865
2026-09-11 19:25:57.979,1789165557.9797766,21
2026-09-11 19:25:57.986,1789165557.9868817,-84
2026-09-11 19:25:57.994,1789165557.994574,-177
2026-09-11 19:25:58.002,1789165558.0022664,-458
2026-09-11 19:25:58.009,1789165558.0099587,-533
2026-09-11 19:25:58.017,1789165558.017651,-540
2026-09-11 19:25:58.025,1789165558.0253432,-618
2026-09-11 19:25:58.033,1789165558.0330355,-620
2026-09-11 19:25:58.040,1789165558.0407279,-535
2026-09-11 19:25:58.048,1789165558.0484202,-288
2026-09-11 19:25:58.056,1789165558.0561125,48
2026-09-11 19:25:58.063,1789165558.0638049,58
2026-09-11 19:25:58.071,1789165558.0714972,-138
2026-09-11 19:25:58.079,1789165558.0791895,-198
2026-09-11 19:25:58.086,1789165558.0868816,-92
2026-09-11 19:25:58.094,1789165558.094574,324
2026-09-11 19:25:58.102,1789165558.1022663,676
2026-09-11 19:25:58.109,1789165558.1099586,307
2026-09-11 19:25:58.117,1789165558.117651,-329
2026-09-11 19:25:58.125,1789165558.1253433,-487
2026-09-11 19:25:58.133,1789165558.1330357,-448
2026-09-11 19:25:58.140,1789165558.140728,-555
2026-09-11 19:25:58.148,1789165558.14842,-601
2026-09-11 19:25:58.156,1789165558.1561124,-550
2026-09-11 19:25:58.163,1789165558.1638048,-540
2026-09-11 19:25:58.171,1789165558.171497,-540
2026-09-11 19:25:58.179,1789165558.1791894,-511
2026-09-11 19:25:58.186,1789165558.1868818,-497
2026-09-11 19:25:58.194,1789165558.194574,-509
2026-09-11 19:25:58.202,1789165558.2022665,-535
2026-09-11 19:25:58.209,1789165558.2099586,-577
2026-09-11 19:25:58.217,1789165558.217651,-628
2026-09-11 19:25:58.225,1789165558.2253432,-676
2026-09-11 19:25:58.233,1789165558.2330356,-708
2026-09-11 19:25:58.240,1789165558.240728,-729
2026-09-11 19:25:58.248,1789165558.2484202,-749
2026-09-11 19:25:58.256,1789165558.2561126,-742
2026-09-11 19:25:58.263,1789165558.263805,-734
2026-09-11 19:25:58.271,1789165558.271497,-751
2026-09-11 19:25:58.279,1789165558.2791893,-746
2026-09-11 19:25:58.286,1789165558.2868817,-727
2026-09-11 19:25:58.294,1789165558.294574,-722
2026-09-11 19:25:58.302,1789165558.3022664,-708
2026-09-11 19:25:58.309,1789165558.3099587,-679
2026-09-11 19:25:58.317,1789165558.317651,-657
2026-09-11 19:25:58.325,1789165558.3253434,-625
2026-09-11 19:25:58.333,1789165558.3330355,-599
2026-09-11 19:25:58.340,1789165558.3407278,-594
2026-09-11 19:25:58.348,1789165558.3484201,-582
2026-09-11 19:25:58.356,1789165558.3561125,-562
2026-09-11 19:25:58.363,1789165558.3638048,-548
2026-09-11 19:25:58.371,1789165558.3714972,-533
2026-09-11 19:25:58.379,1789165558.3791895,-518
2026-09-11 19:25:58.386,1789165558.3868818,-504
2026-09-11 19:25:58.394,1789165558.394574,-492
2026-09-11 19:25:58.402,1789165558.4022663,-485
2026-09-11 19:25:58.409,1789165558.4099586,-475
2026-09-11 19:25:58.417,1789165558.417651,-468
2026-09-11 19:25:58.425,1789165558.4253433,-468
2026-09-11 19:25:58.433,1789165558.4330356,-458
2026-09-11 19:25:58.440,1789165558.440728,-438
2026-09-11 19:25:58.448,1789165558.4484203,-426
2026-09-11 19:25:58.456,1789165558.4561124,-414
2026-09-11 19:25:58.463,1789165558.4638047,-388
2026-09-11 19:25:58.471,1789165558.471497,-346
2026-09-11 19:25:58.479,1789165558.4791894,-334
2026-09-11 19:25:58.486,1789165558.4868817,-344
2026-09-11 19:25:58.494,1789165558.494574,-334
2026-09-11 19:25:58.502,1789165558.5022664,-332
2026-09-11 19:25:58.509,1789165558.5099587,-363
2026-09-11 19:25:58.517,1789165558.517651,-371
2026-09-11 19:25:58.525,1789165558.5253432,-344
2026-09-11 19:25:58.533,1789165558.5330355,-327
2026-09-11 19:25:58.540,1789165558.5407279,-315
2026-09-11 19:25:58.547,1789165558.547828,-307
2026-09-11 19:25:58.555,1789165558.5555203,-305
2026-09-11 19:25:58.563,1789165558.5632126,-303
2026-09-11 19:25:58.570,1789165558.570905,-298
2026-09-11 19:25:58.578,1789165558.5785973,-242
2026-09-11 19:25:58.586,1789165558.5862894,-38
2026-09-11 19:25:58.593,1789165558.5939817,332
2026-09-11 19:25:58.601,1789165558.601674,698
2026-09-11 19:25:58.609,1789165558.6093664,669
2026-09-11 19:25:58.617,1789165558.6170588,-50
2026-09-11 19:25:58.624,1789165558.624751,-761
2026-09-11 19:25:58.632,1789165558.6324434,-630
2026-09-11 19:25:58.640,1789165558.6401358,-278
2026-09-11 19:25:58.647,1789165558.6478279,-317
2026-09-11 19:25:58.655,1789165558.6555202,-339
2026-09-11 19:25:58.663,1789165558.6632125,-244
2026-09-11 19:25:58.670,1789165558.6709049,-254
2026-09-11 19:25:58.678,1789165558.6785972,-271
2026-09-11 19:25:58.686,1789165558.6862895,-230
2026-09-11 19:25:58.693,1789165558.693982,-203
2026-09-11 19:25:58.701,1789165558.7016742,-201
2026-09-11 19:25:58.709,1789165558.7093663,-198
2026-09-11 19:25:58.717,1789165558.7170587,-181
2026-09-11 19:25:58.724,1789165558.724751,-162
2026-09-11 19:25:58.732,1789165558.7324433,-150
2026-09-11 19:25:58.740,1789165558.7401357,-135
2026-09-11 19:25:58.747,1789165558.747828,-123
2026-09-11 19:25:58.755,1789165558.7555203,-106
2026-09-11 19:25:58.763,1789165558.7632127,-75
2026-09-11 19:25:58.770,1789165558.7709048,-50
2026-09-11 19:25:58.778,1789165558.778597,-46
2026-09-11 19:25:58.786,1789165558.7862895,-21
2026-09-11 19:25:58.793,1789165558.7939818,19
2026-09-11 19:25:58.801,1789165558.8016741,46
2026-09-11 19:25:58.809,1789165558.8093665,60
2026-09-11 19:25:58.817,1789165558.8170588,77
2026-09-11 19:25:58.824,1789165558.8247511,92
2026-09-11 19:25:58.832,1789165558.8324432,97
2026-09-11 19:25:58.840,1789165558.8401356,80
2026-09-11 19:25:58.847,1789165558.847828,31
2026-09-11 19:25:58.855,1789165558.8555202,-26
2026-09-11 19:25:58.863,1789165558.8632126,-72
2026-09-11 19:25:58.870,1789165558.870905,-128
2026-09-11 19:25:58.878,1789165558.8785973,-194
2026-09-11 19:25:58.886,1789165558.8862896,-232
2026-09-11 19:25:58.893,1789165558.8939817,-237
2026-09-11 19:25:58.901,1789165558.901674,-244
2026-09-11 19:25:58.909,1789165558.9093664,-264
2026-09-11 19:25:58.917,1789165558.9170587,-264
2026-09-11 19:25:58.924,1789165558.924751,-259
2026-09-11 19:25:58.932,1789165558.9324434,-259
2026-09-11 19:25:58.940,1789165558.9401357,-242
2026-09-11 19:25:58.947,1789165558.947828,-220
2026-09-11 19:25:58.955,1789165558.9555202,-206
2026-09-11 19:25:58.963,1789165558.9632125,-208
2026-09-11 19:25:58.970,1789165558.9709048,-201
2026-09-11 19:25:58.978,1789165558.9785972,-181
2026-09-11 19:25:58.986,1789165558.9862895,-177
2026-09-11 19:25:58.993,1789165558.9939818,-174
2026-09-11 19:25:59.001,1789165559.0016742,-162
2026-09-11 19:25:59.009,1789165559.0093665,-169
2026-09-11 19:25:59.017,1789165559.0170586,-179
2026-09-11 19:25:59.024,1789165559.024751,-162
2026-09-11 19:25:59.032,1789165559.0324433,-152
2026-09-11 19:25:59.040,1789165559.0401356,-164
2026-09-11 19:25:59.047,1789165559.047828,-157
2026-09-11 19:25:59.055,1789165559.0555203,-155
2026-09-11 19:25:59.063,1789165559.0632126,-172
2026-09-11 19:25:59.070,1789165559.070905,-169
2026-09-11 19:25:59.078,1789165559.0785973,-138
2026-09-11 19:25:59.086,1789165559.0862894,-116
2026-09-11 19:25:59.093,1789165559.0939817,-116
2026-09-11 19:25:59.101,1789165559.101674,-116
2026-09-11 19:25:59.108,1789165559.1088047,-121
2026-09-11 19:25:59.116,1789165559.116497,-135
2026-09-11 19:25:59.124,1789165559.1241894,-150
2026-09-11 19:25:59.131,1789165559.1318817,-155
2026-09-11 19:25:59.139,1789165559.139574,-157
2026-09-11 19:25:59.147,1789165559.1472661,-162
2026-09-11 19:25:59.154,1789165559.1549585,-157
2026-09-11 19:25:59.162,1789165559.1626508,-147
2026-09-11 19:25:59.170,1789165559.1703432,-152
2026-09-11 19:25:59.178,1789165559.1780355,-150
2026-09-11 19:25:59.185,1789165559.1857278,-133
2026-09-11 19:25:59.193,1789165559.1934202,-118
2026-09-11 19:25:59.201,1789165559.2011125,-9
2026-09-11 19:25:59.208,1789165559.2088046,293
2026-09-11 19:25:59.216,1789165559.216497,686
2026-09-11 19:25:59.224,1789165559.2241893,865
2026-09-11 19:25:59.231,1789165559.2318816,436
2026-09-11 19:25:59.239,1789165559.239574,-392
2026-09-11 19:25:59.247,1789165559.2472663,-625
2026-09-11 19:25:59.254,1789165559.2549586,-249
2026-09-11 19:25:59.262,1789165559.262651,-143
2026-09-11 19:25:59.270,1789165559.270343,-244
2026-09-11 19:25:59.278,1789165559.2780354,-177
2026-09-11 19:25:59.285,1789165559.2857277,-130
2026-09-11 19:25:59.293,1789165559.29342,-169
2026-09-11 19:25:59.301,1789165559.3011124,-150
2026-09-11 19:25:59.308,1789165559.3088048,-113
2026-09-11 19:25:59.316,1789165559.316497,-113
2026-09-11 19:25:59.324,1789165559.3241894,-109
2026-09-11 19:25:59.331,1789165559.3318815,-94
2026-09-11 19:25:59.339,1789165559.3395739,-94
2026-09-11 19:25:59.347,1789165559.3472662,-80
2026-09-11 19:25:59.354,1789165559.3549585,-58
2026-09-11 19:25:59.362,1789165559.3626509,-50
2026-09-11 19:25:59.370,1789165559.3703432,-46
2026-09-11 19:25:59.378,1789165559.3780355,-21
2026-09-11 19:25:59.385,1789165559.385728,0
2026-09-11 19:25:59.393,1789165559.39342,12
2026-09-11 19:25:59.401,1789165559.4011123,29
2026-09-11 19:25:59.408,1789165559.4088047,55
2026-09-11 19:25:59.416,1789165559.416497,80
2026-09-11 19:25:59.424,1789165559.4241893,97
2026-09-11 19:25:59.431,1789165559.4318817,111
2026-09-11 19:25:59.439,1789165559.439574,121
2026-09-11 19:25:59.447,1789165559.4472663,116
2026-09-11 19:25:59.454,1789165559.4549584,101
2026-09-11 19:25:59.462,1789165559.4626508,77
2026-09-11 19:25:59.470,1789165559.470343,31
2026-09-11 19:25:59.478,1789165559.4780354,-26
2026-09-11 19:25:59.485,1789165559.4857278,-77
2026-09-11 19:25:59.493,1789165559.4934201,-123
2026-09-11 19:25:59.501,1789165559.5011125,-160
2026-09-11 19:25:59.508,1789165559.5088048,-181
2026-09-11 19:25:59.516,1789165559.516497,-194
2026-09-11 19:25:59.524,1789165559.5241892,-198
2026-09-11 19:25:59.531,1789165559.5318816,-196
2026-09-11 19:25:59.539,1789165559.539574,-194
2026-09-11 19:25:59.547,1789165559.5472662,-191
2026-09-11 19:25:59.554,1789165559.5549586,-181
2026-09-11 19:25:59.562,1789165559.562651,-167
2026-09-11 19:25:59.570,1789165559.5703433,-157
2026-09-11 19:25:59.578,1789165559.5780354,-147
2026-09-11 19:25:59.585,1789165559.5857277,-138
2026-09-11 19:25:59.593,1789165559.59342,-130
2026-09-11 19:25:59.601,1789165559.6011124,-123
2026-09-11 19:25:59.608,1789165559.6088047,-113
2026-09-11 19:25:59.616,1789165559.616497,-109
2026-09-11 19:25:59.624,1789165559.6241894,-109
2026-09-11 19:25:59.631,1789165559.6318817,-109
2026-09-11 19:25:59.639,1789165559.639574,-109
2026-09-11 19:25:59.647,1789165559.6472661,-106
2026-09-11 19:25:59.654,1789165559.6549585,-101
2026-09-11 19:25:59.662,1789165559.6626508,-99
2026-09-11 19:25:59.669,1789165559.669751,-109
2026-09-11 19:25:59.677,1789165559.6774433,-118
2026-09-11 19:25:59.685,1789165559.6851356,-116
2026-09-11 19:25:59.692,1789165559.692828,-106
2026-09-11 19:25:59.700,1789165559.7005203,-101
2026-09-11 19:25:59.708,1789165559.7082124,-89
2026-09-11 19:25:59.715,1789165559.7159047,-67
2026-09-11 19:25:59.723,1789165559.723597,-55
2026-09-11 19:25:59.731,1789165559.7312894,-58
2026-09-11 19:25:59.738,1789165559.7389817,-67
2026-09-11 19:25:59.746,1789165559.746674,-82
2026-09-11 19:25:59.754,1789165559.7543664,-97
2026-09-11 19:25:59.762,1789165559.7620587,-101
2026-09-11 19:25:59.769,1789165559.7697508,-101
2026-09-11 19:25:59.777,1789165559.7774432,-101
2026-09-11 19:25:59.785,1789165559.7851355,-99
2026-09-11 19:25:59.792,1789165559.7928278,-94
2026-09-11 19:25:59.800,1789165559.8005202,-94
2026-09-11 19:25:59.808,1789165559.8082125,-97
2026-09-11 19:25:59.815,1789165559.8159049,-87
2026-09-11 19:25:59.823,1789165559.8235972,-2
2026-09-11 19:25:59.831,1789165559.8312893,230
2026-09-11 19:25:59.838,1789165559.8389816,574
2026-09-11 19:25:59.846,1789165559.846674,897
2026-09-11 19:25:59.854,1789165559.8543663,812
2026-09-11 19:25:59.862,1789165559.8620586,65
2026-09-11 19:25:59.869,1789165559.869751,-526
2026-09-11 19:25:59.877,1789165559.8774433,-327
2026-09-11 19:25:59.885,1789165559.8851357,-82
2026-09-11 19:25:59.892,1789165559.8928277,-203
2026-09-11 19:25:59.900,1789165559.90052,-227
2026-09-11 19:25:59.908,1789165559.9082124,-138
2026-09-11 19:25:59.915,1789165559.9159048,-152
2026-09-11 19:25:59.923,1789165559.923597,-167
2026-09-11 19:25:59.931,1789165559.9312894,-128
2026-09-11 19:25:59.938,1789165559.9389818,-123
2026-09-11 19:25:59.946,1789165559.946674,-130
2026-09-11 19:25:59.954,1789165559.9543662,-116
2026-09-11 19:25:59.962,1789165559.9620585,-109
2026-09-11 19:25:59.969,1789165559.969751,-111
2026-09-11 19:25:59.977,1789165559.9774432,-99
2026-09-11 19:25:59.985,1789165559.9851356,-89
2026-09-11 19:25:59.992,1789165559.992828,-89
2026-09-11 19:26:00.000,1789165560.0005202,-77
2026-09-11 19:26:00.008,1789165560.0082126,-63
2026-09-11 19:26:00.015,1789165560.0159047,-53
2026-09-11 19:26:00.023,1789165560.023597,-43
2026-09-11 19:26:00.031,1789165560.0312893,-31
2026-09-11 19:26:00.038,1789165560.0389817,-16
2026-09-11 19:26:00.046,1789165560.046674,-7
2026-09-11 19:26:00.054,1789165560.0543664,4
2026-09-11 19:26:00.062,1789165560.0620587,12
2026-09-11 19:26:00.069,1789165560.069751,9
2026-09-11 19:26:00.077,1789165560.0774431,7
2026-09-11 19:26:00.085,1789165560.0851355,-2
2026-09-11 19:26:00.092,1789165560.0928278,-26
2026-09-11 19:26:00.100,1789165560.1005201,-58
2026-09-11 19:26:00.108,1789165560.1082125,-94
2026-09-11 19:26:00.115,1789165560.1159048,-128
2026-09-11 19:26:00.123,1789165560.1235971,-155
2026-09-11 19:26:00.131,1789165560.1312895,-174
2026-09-11 19:26:00.138,1789165560.1389816,-189
2026-09-11 19:26:00.146,1789165560.146674,-196
2026-09-11 19:26:00.154,1789165560.1543663,-196
2026-09-11 19:26:00.162,1789165560.1620586,-191
2026-09-11 19:26:00.169,1789165560.169751,-181
2026-09-11 19:26:00.177,1789165560.1774433,-174
2026-09-11 19:26:00.185,1789165560.1851356,-164
2026-09-11 19:26:00.192,1789165560.192828,-157
2026-09-11 19:26:00.200,1789165560.2005203,-150
2026-09-11 19:26:00.208,1789165560.2082124,-143
2026-09-11 19:26:00.215,1789165560.2159047,-138
2026-09-11 19:26:00.223,1789165560.223597,-138
2026-09-11 19:26:00.230,1789165560.2306974,-135
2026-09-11 19:26:00.238,1789165560.2383897,-130
2026-09-11 19:26:00.246,1789165560.246082,-135
2026-09-11 19:26:00.253,1789165560.2537744,-138
2026-09-11 19:26:00.261,1789165560.2614667,-135
2026-09-11 19:26:00.269,1789165560.2691588,-133
2026-09-11 19:26:00.276,1789165560.2768512,-135
2026-09-11 19:26:00.284,1789165560.2845435,-133
2026-09-11 19:26:00.292,1789165560.2922359,-133
2026-09-11 19:26:00.299,1789165560.2999282,-135
2026-09-11 19:26:00.307,1789165560.3076205,-143
2026-09-11 19:26:00.315,1789165560.3153129,-143
2026-09-11 19:26:00.323,1789165560.3230052,-138
2026-09-11 19:26:00.330,1789165560.3306973,-130
2026-09-11 19:26:00.338,1789165560.3383896,-121
2026-09-11 19:26:00.346,1789165560.346082,-101
2026-09-11 19:26:00.353,1789165560.3537743,-80
2026-09-11 19:26:00.361,1789165560.3614666,-75
2026-09-11 19:26:00.369,1789165560.369159,-87
2026-09-11 19:26:00.376,1789165560.3768513,-106
2026-09-11 19:26:00.384,1789165560.3845437,-118
2026-09-11 19:26:00.392,1789165560.3922358,-126
2026-09-11 19:26:00.399,1789165560.399928,-128
2026-09-11 19:26:00.407,1789165560.4076204,-128
2026-09-11 19:26:00.415,1789165560.4153128,-126
2026-09-11 19:26:00.423,1789165560.423005,-118
2026-09-11 19:26:00.430,1789165560.4306974,-116
2026-09-11 19:26:00.438,1789165560.4383898,-118
2026-09-11 19:26:00.446,1789165560.446082,-113
2026-09-11 19:26:00.453,1789165560.4537742,-46
2026-09-11 19:26:00.461,1789165560.4614666,147
2026-09-11 19:26:00.469,1789165560.469159,448
2026-09-11 19:26:00.476,1789165560.4768512,783
2026-09-11 19:26:00.484,1789165560.4845436,856
2026-09-11 19:26:00.492,1789165560.492236,240
2026-09-11 19:26:00.499,1789165560.4999282,-497
2026-09-11 19:26:00.507,1789165560.5076206,-446
2026-09-11 19:26:00.515,1789165560.5153127,-116
2026-09-11 19:26:00.523,1789165560.523005,-177
2026-09-11 19:26:00.530,1789165560.5306973,-252
2026-09-11 19:26:00.538,1789165560.5383897,-162
2026-09-11 19:26:00.546,1789165560.546082,-155
2026-09-11 19:26:00.553,1789165560.5537744,-186
2026-09-11 19:26:00.561,1789165560.5614667,-155
2026-09-11 19:26:00.569,1789165560.569159,-135
2026-09-11 19:26:00.576,1789165560.5768511,-143
2026-09-11 19:26:00.584,1789165560.5845435,-135
2026-09-11 19:26:00.592,1789165560.5922358,-121
2026-09-11 19:26:00.599,1789165560.5999281,-113
2026-09-11 19:26:00.607,1789165560.6076205,-106
2026-09-11 19:26:00.615,1789165560.6153128,-99
2026-09-11 19:26:00.623,1789165560.6230052,-94
2026-09-11 19:26:00.630,1789165560.6306975,-87
2026-09-11 19:26:00.638,1789165560.6383896,-75
2026-09-11 19:26:00.646,1789165560.646082,-63
2026-09-11 19:26:00.653,1789165560.6537743,-50
2026-09-11 19:26:00.661,1789165560.6614666,-41
2026-09-11 19:26:00.669,1789165560.669159,-24
2026-09-11 19:26:00.676,1789165560.6768513,-7
2026-09-11 19:26:00.684,1789165560.6845436,4
2026-09-11 19:26:00.692,1789165560.692236,7
2026-09-11 19:26:00.699,1789165560.699928,2
2026-09-11 19:26:00.707,1789165560.7076204,-2
2026-09-11 19:26:00.715,1789165560.7153127,-12
2026-09-11 19:26:00.723,1789165560.723005,-29
2026-09-11 19:26:00.730,1789165560.7306974,-58
2026-09-11 19:26:00.738,1789165560.7383897,-94
2026-09-11 19:26:00.746,1789165560.746082,-128
2026-09-11 19:26:00.753,1789165560.7537744,-155
2026-09-11 19:26:00.761,1789165560.7614667,-174
2026-09-11 19:26:00.769,1789165560.7691588,-189
2026-09-11 19:26:00.776,1789165560.7768512,-194
2026-09-11 19:26:00.784,1789165560.7845435,-196
2026-09-11 19:26:00.791,1789165560.7916436,-191
2026-09-11 19:26:00.799,1789165560.799336,-181
2026-09-11 19:26:00.807,1789165560.8070283,-174
2026-09-11 19:26:00.814,1789165560.8147206,-169
2026-09-11 19:26:00.822,1789165560.822413,-160
2026-09-11 19:26:00.830,1789165560.830105,-152
2026-09-11 19:26:00.837,1789165560.8377974,-147
2026-09-11 19:26:00.845,1789165560.8454897,-140
2026-09-11 19:26:00.853,1789165560.853182,-138
2026-09-11 19:26:00.860,1789165560.8608744,-138
2026-09-11 19:26:00.868,1789165560.8685668,-133
2026-09-11 19:26:00.876,1789165560.876259,-130
2026-09-11 19:26:00.883,1789165560.8839514,-133
2026-09-11 19:26:00.891,1789165560.8916435,-133
2026-09-11 19:26:00.899,1789165560.8993359,-133
2026-09-11 19:26:00.907,1789165560.9070282,-130
2026-09-11 19:26:00.914,1789165560.9147205,-126
2026-09-11 19:26:00.922,1789165560.9224129,-123
2026-09-11 19:26:00.930,1789165560.9301052,-126
2026-09-11 19:26:00.937,1789165560.9377975,-126
2026-09-11 19:26:00.945,1789165560.94549,-123
2026-09-11 19:26:00.953,1789165560.953182,-123
2026-09-11 19:26:00.960,1789165560.9608743,-121
2026-09-11 19:26:00.968,1789165560.9685667,-121
2026-09-11 19:26:00.976,1789165560.976259,-121
2026-09-11 19:26:00.983,1789165560.9839513,-128
2026-09-11 19:26:00.991,1789165560.9916437,-133
2026-09-11 19:26:00.999,1789165560.999336,-130
2026-09-11 19:26:01.007,1789165561.0070283,-123
2026-09-11 19:26:01.014,1789165561.0147204,-118
2026-09-11 19:26:01.022,1789165561.0224128,-111
2026-09-11 19:26:01.030,1789165561.030105,-87
2026-09-11 19:26:01.037,1789165561.0377975,-65
2026-09-11 19:26:01.045,1789165561.0454898,-63
2026-09-11 19:26:01.053,1789165561.0531821,-75
2026-09-11 19:26:01.060,1789165561.0608745,-94
2026-09-11 19:26:01.068,1789165561.0685668,-109
2026-09-11 19:26:01.076,1789165561.076259,-116
2026-09-11 19:26:01.083,1789165561.0839512,-118
2026-09-11 19:26:01.091,1789165561.0916436,-118
2026-09-11 19:26:01.099,1789165561.099336,-111
2026-09-11 19:26:01.107,1789165561.1070282,-106
2026-09-11 19:26:01.114,1789165561.1147206,-104
2026-09-11 19:26:01.122,1789165561.122413,-106
2026-09-11 19:26:01.130,1789165561.1301053,-97
2026-09-11 19:26:01.137,1789165561.1377974,-14
2026-09-11 19:26:01.145,1789165561.1454897,186
2026-09-11 19:26:01.153,1789165561.153182,468
2026-09-11 19:26:01.160,1789165561.1608744,788
2026-09-11 19:26:01.168,1789165561.1685667,812
2026-09-11 19:26:01.176,1789165561.176259,133
2026-09-11 19:26:01.183,1789165561.1839514,-533
2026-09-11 19:26:01.191,1789165561.1916437,-380
2026-09-11 19:26:01.199,1789165561.1993358,-84
2026-09-11 19:26:01.207,1789165561.2070282,-181
2026-09-11 19:26:01.214,1789165561.2147205,-227
2026-09-11 19:26:01.222,1789165561.2224128,-135
2026-09-11 19:26:01.230,1789165561.2301052,-143
2026-09-11 19:26:01.237,1789165561.2377975,-167
2026-09-11 19:26:01.245,1789165561.2454898,-133
2026-09-11 19:26:01.253,1789165561.2531822,-118
2026-09-11 19:26:01.260,1789165561.2608743,-123
2026-09-11 19:26:01.268,1789165561.2685666,-111
2026-09-11 19:26:01.276,1789165561.276259,-99
2026-09-11 19:26:01.283,1789165561.2839513,-94
2026-09-11 19:26:01.291,1789165561.2916436,-89
2026-09-11 19:26:01.299,1789165561.299336,-80
2026-09-11 19:26:01.307,1789165561.3070283,-72
2026-09-11 19:26:01.314,1789165561.3147206,-60
2026-09-11 19:26:01.322,1789165561.322413,-48
2026-09-11 19:26:01.330,1789165561.330105,-38
2026-09-11 19:26:01.337,1789165561.3377974,-26
2026-09-11 19:26:01.345,1789165561.3454897,-14
2026-09-11 19:26:01.352,1789165561.3526204,2
2026-09-11 19:26:01.360,1789165561.3603127,16
2026-09-11 19:26:01.368,1789165561.368005,21
2026-09-11 19:26:01.375,1789165561.3756974,24
2026-09-11 19:26:01.383,1789165561.3833897,26
2026-09-11 19:26:01.391,1789165561.3910818,21
2026-09-11 19:26:01.398,1789165561.3987741,12
2026-09-11 19:26:01.406,1789165561.4064665,-4
2026-09-11 19:26:01.414,1789165561.4141588,-29
2026-09-11 19:26:01.421,1789165561.4218512,-58
2026-09-11 19:26:01.429,1789165561.4295435,-89
2026-09-11 19:26:01.437,1789165561.4372358,-118
2026-09-11 19:26:01.444,1789165561.4449282,-140
2026-09-11 19:26:01.452,1789165561.4526203,-155
2026-09-11 19:26:01.460,1789165561.4603126,-160
2026-09-11 19:26:01.468,1789165561.468005,-160
2026-09-11 19:26:01.475,1789165561.4756973,-157
2026-09-11 19:26:01.483,1789165561.4833896,-152
2026-09-11 19:26:01.491,1789165561.491082,-140
2026-09-11 19:26:01.498,1789165561.4987743,-130
2026-09-11 19:26:01.506,1789165561.5064666,-126
2026-09-11 19:26:01.514,1789165561.5141587,-118
2026-09-11 19:26:01.521,1789165561.521851,-111
2026-09-11 19:26:01.529,1789165561.5295434,-106
2026-09-11 19:26:01.537,1789165561.5372357,-109
2026-09-11 19:26:01.544,1789165561.544928,-109
2026-09-11 19:26:01.552,1789165561.5526204,-104
2026-09-11 19:26:01.560,1789165561.5603127,-104
2026-09-11 19:26:01.568,1789165561.568005,-109
2026-09-11 19:26:01.575,1789165561.5756972,-106
2026-09-11 19:26:01.583,1789165561.5833895,-104
2026-09-11 19:26:01.591,1789165561.5910819,-106
2026-09-11 19:26:01.598,1789165561.5987742,-109
2026-09-11 19:26:01.606,1789165561.6064665,-104
2026-09-11 19:26:01.614,1789165561.6141589,-101
2026-09-11 19:26:01.621,1789165561.6218512,-104
2026-09-11 19:26:01.629,1789165561.6295435,-104
2026-09-11 19:26:01.637,1789165561.6372356,-101
2026-09-11 19:26:01.644,1789165561.644928,-97
2026-09-11 19:26:01.652,1789165561.6526203,-97
2026-09-11 19:26:01.660,1789165561.6603127,-99
2026-09-11 19:26:01.668,1789165561.668005,-97
2026-09-11 19:26:01.675,1789165561.6756973,-97
2026-09-11 19:26:01.683,1789165561.6833897,-97
2026-09-11 19:26:01.691,1789165561.691082,-94
2026-09-11 19:26:01.698,1789165561.698774,-92
2026-09-11 19:26:01.706,1789165561.7064664,-92
2026-09-11 19:26:01.714,1789165561.7141588,-92
2026-09-11 19:26:01.721,1789165561.721851,-89
2026-09-11 19:26:01.729,1789165561.7295434,-84
2026-09-11 19:26:01.737,1789165561.7372358,-92
2026-09-11 19:26:01.744,1789165561.7449281,-101
2026-09-11 19:26:01.752,1789165561.7526205,-94
2026-09-11 19:26:01.760,1789165561.7603126,-84
2026-09-11 19:26:01.768,1789165561.768005,-77
2026-09-11 19:26:01.775,1789165561.7756972,-58
2026-09-11 19:26:01.783,1789165561.7833896,-29
2026-09-11 19:26:01.791,1789165561.791082,-14
2026-09-11 19:26:01.798,1789165561.7987742,-21
2026-09-11 19:26:01.806,1789165561.8064666,-33
2026-09-11 19:26:01.814,1789165561.814159,-53
2026-09-11 19:26:01.821,1789165561.821851,-67
2026-09-11 19:26:01.829,1789165561.8295434,-72
2026-09-11 19:26:01.837,1789165561.8372357,-75
2026-09-11 19:26:01.844,1789165561.844928,-77
2026-09-11 19:26:01.852,1789165561.8526204,-72
2026-09-11 19:26:01.860,1789165561.8603127,-67
2026-09-11 19:26:01.868,1789165561.868005,-67
2026-09-11 19:26:01.875,1789165561.8756974,-72
2026-09-11 19:26:01.883,1789165561.8833897,-55
2026-09-11 19:26:01.891,1789165561.8910818,48
2026-09-11 19:26:01.898,1789165561.8987741,257
2026-09-11 19:26:01.906,1789165561.9064665,531
2026-09-11 19:26:01.913,1789165561.9135666,797
2026-09-11 19:26:01.921,1789165561.921259,625
2026-09-11 19:26:01.928,1789165561.9289513,-130
2026-09-11 19:26:01.936,1789165561.9366436,-518
2026-09-11 19:26:01.944,1789165561.944336,-210
2026-09-11 19:26:01.952,1789165561.952028,-55
2026-09-11 19:26:01.959,1789165561.9597204,-177
2026-09-11 19:26:01.967,1789165561.9674127,-152
2026-09-11 19:26:01.975,1789165561.975105,-94
2026-09-11 19:26:01.982,1789165561.9827974,-123
2026-09-11 19:26:01.990,1789165561.9904897,-121
2026-09-11 19:26:01.998,1789165561.998182,-84
2026-09-11 19:26:02.005,1789165562.0058744,-87
2026-09-11 19:26:02.013,1789165562.0135665,-89
2026-09-11 19:26:02.021,1789165562.0212588,-70
2026-09-11 19:26:02.028,1789165562.0289512,-63
2026-09-11 19:26:02.036,1789165562.0366435,-60
2026-09-11 19:26:02.044,1789165562.0443358,-53
2026-09-11 19:26:02.052,1789165562.0520282,-48
2026-09-11 19:26:02.059,1789165562.0597205,-38
2026-09-11 19:26:02.067,1789165562.0674129,-29
2026-09-11 19:26:02.075,1789165562.075105,-16
2026-09-11 19:26:02.082,1789165562.0827973,-4
2026-09-11 19:26:02.090,1789165562.0904896,7
2026-09-11 19:26:02.098,1789165562.098182,19
2026-09-11 19:26:02.105,1789165562.1058743,29
2026-09-11 19:26:02.113,1789165562.1135666,41
2026-09-11 19:26:02.121,1789165562.121259,48
2026-09-11 19:26:02.128,1789165562.1289513,46
2026-09-11 19:26:02.136,1789165562.1366434,46
2026-09-11 19:26:02.144,1789165562.1443357,43
2026-09-11 19:26:02.152,1789165562.152028,31
2026-09-11 19:26:02.159,1789165562.1597204,12
2026-09-11 19:26:02.167,1789165562.1674128,-4
2026-09-11 19:26:02.175,1789165562.175105,-29
2026-09-11 19:26:02.182,1789165562.1827974,-63
2026-09-11 19:26:02.190,1789165562.1904898,-89
2026-09-11 19:26:02.198,1789165562.1981819,-111
2026-09-11 19:26:02.205,1789165562.2058742,-126
2026-09-11 19:26:02.213,1789165562.2135665,-135
2026-09-11 19:26:02.221,1789165562.2212589,-138
2026-09-11 19:26:02.228,1789165562.2289512,-130
2026-09-11 19:26:02.236,1789165562.2366436,-123
2026-09-11 19:26:02.244,1789165562.244336,-118
2026-09-11 19:26:02.252,1789165562.2520282,-113
2026-09-11 19:26:02.259,1789165562.2597203,-106
2026-09-11 19:26:02.267,1789165562.2674127,-101
2026-09-11 19:26:02.275,1789165562.275105,-101
2026-09-11 19:26:02.282,1789165562.2827973,-99
2026-09-11 19:26:02.290,1789165562.2904897,-99
2026-09-11 19:26:02.298,1789165562.298182,-97
2026-09-11 19:26:02.305,1789165562.3058743,-94
2026-09-11 19:26:02.313,1789165562.3135667,-94
2026-09-11 19:26:02.321,1789165562.3212588,-94
2026-09-11 19:26:02.328,1789165562.3289511,-94
2026-09-11 19:26:02.336,1789165562.3366435,-99
2026-09-11 19:26:02.344,1789165562.3443358,-94
2026-09-11 19:26:02.352,1789165562.3520281,-92
2026-09-11 19:26:02.359,1789165562.3597205,-94
2026-09-11 19:26:02.367,1789165562.3674128,-94
2026-09-11 19:26:02.375,1789165562.3751051,-94
2026-09-11 19:26:02.382,1789165562.3827972,-99
2026-09-11 19:26:02.390,1789165562.3904896,-99
2026-09-11 19:26:02.398,1789165562.398182,-92
2026-09-11 19:26:02.405,1789165562.4058743,-89
2026-09-11 19:26:02.413,1789165562.4135666,-89
2026-09-11 19:26:02.421,1789165562.421259,-87
2026-09-11 19:26:02.428,1789165562.4289513,-84
2026-09-11 19:26:02.436,1789165562.4366436,-89
2026-09-11 19:26:02.444,1789165562.444336,-84
2026-09-11 19:26:02.452,1789165562.452028,-82
2026-09-11 19:26:02.459,1789165562.4597204,-84
2026-09-11 19:26:02.467,1789165562.4674127,-82
2026-09-11 19:26:02.474,1789165562.474523,-80
2026-09-11 19:26:02.482,1789165562.4822154,-82
2026-09-11 19:26:02.489,1789165562.4899077,-84
2026-09-11 19:26:02.497,1789165562.4976,-84
2026-09-11 19:26:02.505,1789165562.5052924,-89
2026-09-11 19:26:02.512,1789165562.5129845,-87
2026-09-11 19:26:02.520,1789165562.5206769,-77
2026-09-11 19:26:02.528,1789165562.5283692,-67
2026-09-11 19:26:02.536,1789165562.5360615,-46
2026-09-11 19:26:02.543,1789165562.5437539,-19
2026-09-11 19:26:02.551,1789165562.5514462,-12
2026-09-11 19:26:02.559,1789165562.5591385,-19
2026-09-11 19:26:02.566,1789165562.5668309,-33
2026-09-11 19:26:02.574,1789165562.574523,-55
2026-09-11 19:26:02.582,1789165562.5822153,-67
2026-09-11 19:26:02.589,1789165562.5899076,-72
2026-09-11 19:26:02.597,1789165562.5976,-75
2026-09-11 19:26:02.605,1789165562.6052923,-80
2026-09-11 19:26:02.612,1789165562.6129847,-75
2026-09-11 19:26:02.620,1789165562.620677,-72
2026-09-11 19:26:02.628,1789165562.6283693,-75
2026-09-11 19:26:02.636,1789165562.6360614,-77
2026-09-11 19:26:02.643,1789165562.6437538,-65
2026-09-11 19:26:02.651,1789165562.651446,21
2026-09-11 19:26:02.659,1789165562.6591384,215
2026-09-11 19:26:02.666,1789165562.6668308,470
2026-09-11 19:26:02.674,1789165562.674523,698
2026-09-11 19:26:02.682,1789165562.6822155,518
2026-09-11 19:26:02.689,1789165562.6899078,-155
2026-09-11 19:26:02.697,1789165562.6976,-485
2026-09-11 19:26:02.705,1789165562.7052922,-210
2026-09-11 19:26:02.712,1789165562.7129846,-70
2026-09-11 19:26:02.720,1789165562.720677,-162
2026-09-11 19:26:02.728,1789165562.7283692,-138
2026-09-11 19:26:02.736,1789165562.7360616,-84
2026-09-11 19:26:02.743,1789165562.743754,-111
2026-09-11 19:26:02.751,1789165562.7514462,-111
2026-09-11 19:26:02.759,1789165562.7591383,-84
2026-09-11 19:26:02.766,1789165562.7668307,-82
2026-09-11 19:26:02.774,1789165562.774523,-80
2026-09-11 19:26:02.782,1789165562.7822154,-63
2026-09-11 19:26:02.789,1789165562.7899077,-55
2026-09-11 19:26:02.797,1789165562.7976,-50
2026-09-11 19:26:02.805,1789165562.8052924,-41
2026-09-11 19:26:02.812,1789165562.8129847,-33
2026-09-11 19:26:02.820,1789165562.8206768,-24
2026-09-11 19:26:02.828,1789165562.8283691,-14
2026-09-11 19:26:02.836,1789165562.8360615,-4
2026-09-11 19:26:02.843,1789165562.8437538,4
2026-09-11 19:26:02.851,1789165562.8514462,21
2026-09-11 19:26:02.859,1789165562.8591385,33
2026-09-11 19:26:02.866,1789165562.8668308,41
2026-09-11 19:26:02.874,1789165562.8745232,48
2026-09-11 19:26:02.882,1789165562.8822153,58
2026-09-11 19:26:02.889,1789165562.8899076,58
2026-09-11 19:26:02.897,1789165562.8976,60
2026-09-11 19:26:02.905,1789165562.9052923,60
2026-09-11 19:26:02.912,1789165562.9129846,58
2026-09-11 19:26:02.920,1789165562.920677,46
2026-09-11 19:26:02.928,1789165562.9283693,19
2026-09-11 19:26:02.936,1789165562.9360616,-19
2026-09-11 19:26:02.943,1789165562.9437537,-55
2026-09-11 19:26:02.951,1789165562.951446,-80
2026-09-11 19:26:02.959,1789165562.9591384,-104
2026-09-11 19:26:02.966,1789165562.9668307,-126
2026-09-11 19:26:02.974,1789165562.974523,-138
2026-09-11 19:26:02.982,1789165562.9822154,-135
2026-09-11 19:26:02.989,1789165562.9899077,-128
2026-09-11 19:26:02.997,1789165562.9976,-123
2026-09-11 19:26:03.005,1789165563.0052924,-116
2026-09-11 19:26:03.012,1789165563.0129845,-109
2026-09-11 19:26:03.020,1789165563.0206769,-104
2026-09-11 19:26:03.028,1789165563.0283692,-101
2026-09-11 19:26:03.035,1789165563.0354898,-99
2026-09-11 19:26:03.043,1789165563.0431821,-92
2026-09-11 19:26:03.050,1789165563.0508745,-87
2026-09-11 19:26:03.058,1789165563.0585668,-89
2026-09-11 19:26:03.066,1789165563.0662591,-89
2026-09-11 19:26:03.073,1789165563.0739512,-89
2026-09-11 19:26:03.081,1789165563.0816436,-87
2026-09-11 19:26:03.089,1789165563.089336,-87
2026-09-11 19:26:03.097,1789165563.0970283,-89
2026-09-11 19:26:03.104,1789165563.1047206,-89
2026-09-11 19:26:03.112,1789165563.112413,-87
2026-09-11 19:26:03.120,1789165563.1201053,-84
2026-09-11 19:26:03.127,1789165563.1277976,-87
2026-09-11 19:26:03.135,1789165563.1354897,-87
2026-09-11 19:26:03.143,1789165563.143182,-84
2026-09-11 19:26:03.150,1789165563.1508744,-87
2026-09-11 19:26:03.158,1789165563.1585667,-84
2026-09-11 19:26:03.166,1789165563.166259,-72
2026-09-11 19:26:03.173,1789165563.1739514,-70
2026-09-11 19:26:03.181,1789165563.1816437,-80
2026-09-11 19:26:03.189,1789165563.189336,-82
2026-09-11 19:26:03.197,1789165563.1970282,-72
2026-09-11 19:26:03.204,1789165563.2047205,-67
2026-09-11 19:26:03.212,1789165563.2124128,-67
2026-09-11 19:26:03.220,1789165563.2201052,-65
2026-09-11 19:26:03.227,1789165563.2277975,-65
2026-09-11 19:26:03.235,1789165563.2354898,-67
2026-09-11 19:26:03.243,1789165563.2431822,-67
2026-09-11 19:26:03.250,1789165563.2508745,-55
2026-09-11 19:26:03.258,1789165563.2585666,-26
2026-09-11 19:26:03.266,1789165563.266259,9
2026-09-11 19:26:03.273,1789165563.2739513,29
2026-09-11 19:26:03.281,1789165563.2816436,29
2026-09-11 19:26:03.289,1789165563.289336,16
2026-09-11 19:26:03.297,1789165563.2970283,2
2026-09-11 19:26:03.304,1789165563.3047206,0
2026-09-11 19:26:03.312,1789165563.312413,12
2026-09-11 19:26:03.320,1789165563.320105,14
2026-09-11 19:26:03.327,1789165563.3277974,4
2026-09-11 19:26:03.335,1789165563.3354897,14
2026-09-11 19:26:03.343,1789165563.343182,33
2026-09-11 19:26:03.350,1789165563.3508744,50
2026-09-11 19:26:03.358,1789165563.3585668,92
2026-09-11 19:26:03.366,1789165563.366259,167
2026-09-11 19:26:03.373,1789165563.3739514,303
2026-09-11 19:26:03.381,1789165563.3816435,521
2026-09-11 19:26:03.389,1789165563.3893359,802
2026-09-11 19:26:03.397,1789165563.3970282,1132
2026-09-11 19:26:03.404,1789165563.4047205,1231
2026-09-11 19:26:03.412,1789165563.412413,666
2026-09-11 19:26:03.420,1789165563.4201052,-99
2026-09-11 19:26:03.427,1789165563.4277976,-162
2026-09-11 19:26:03.435,1789165563.43549,201
2026-09-11 19:26:03.443,1789165563.443182,312
2026-09-11 19:26:03.450,1789165563.4508743,303
2026-09-11 19:26:03.458,1789165563.4585667,375
2026-09-11 19:26:03.466,1789165563.466259,380
2026-09-11 19:26:03.473,1789165563.4739513,307
2026-09-11 19:26:03.481,1789165563.4816437,254
2026-09-11 19:26:03.489,1789165563.489336,172
2026-09-11 19:26:03.497,1789165563.4970284,109
2026-09-11 19:26:03.504,1789165563.5047204,157
2026-09-11 19:26:03.512,1789165563.5124128,257
2026-09-11 19:26:03.520,1789165563.5201051,317
2026-09-11 19:26:03.527,1789165563.5277975,327
2026-09-11 19:26:03.535,1789165563.5354898,312
2026-09-11 19:26:03.543,1789165563.5431821,307
2026-09-11 19:26:03.550,1789165563.5508745,305
2026-09-11 19:26:03.558,1789165563.5585668,327
2026-09-11 19:26:03.566,1789165563.5662591,407
2026-09-11 19:26:03.573,1789165563.5739512,516
2026-09-11 19:26:03.581,1789165563.5816436,569
2026-09-11 19:26:03.589,1789165563.589336,557
2026-09-11 19:26:03.596,1789165563.5964358,543
2026-09-11 19:26:03.604,1789165563.6041281,582
2026-09-11 19:26:03.611,1789165563.6118205,676
2026-09-11 19:26:03.619,1789165563.6195128,746
2026-09-11 19:26:03.627,1789165563.6272051,734
2026-09-11 19:26:03.634,1789165563.6348972,754
2026-09-11 19:26:03.642,1789165563.6425896,909
2026-09-11 19:26:03.650,1789165563.650282,1033
2026-09-11 19:26:03.657,1789165563.6579742,1004
2026-09-11 19:26:03.665,1789165563.6656666,1023
2026-09-11 19:26:03.673,1789165563.673359,1166
2026-09-11 19:26:03.681,1789165563.6810513,1268
2026-09-11 19:26:03.688,1789165563.6887436,1292
2026-09-11 19:26:03.696,1789165563.6964357,1319
2026-09-11 19:26:03.704,1789165563.704128,1348
2026-09-11 19:26:03.711,1789165563.7118204,1275
2026-09-11 19:26:03.719,1789165563.7195127,1273
2026-09-11 19:26:03.727,1789165563.727205,1358
2026-09-11 19:26:03.734,1789165563.7348974,1268
2026-09-11 19:26:03.742,1789165563.7425897,1372
2026-09-11 19:26:03.750,1789165563.750282,1896
2026-09-11 19:26:03.757,1789165563.7579741,2003
2026-09-11 19:26:03.765,1789165563.7656665,1101
2026-09-11 19:26:03.773,1789165563.7733588,82
2026-09-11 19:26:03.781,1789165563.7810512,-87
2026-09-11 19:26:03.788,1789165563.7887435,-21
2026-09-11 19:26:03.796,1789165563.7964358,-189
2026-09-11 19:26:03.804,1789165563.8041282,-174
2026-09-11 19:26:03.811,1789165563.8118205,-55
2026-09-11 19:26:03.819,1789165563.8195126,-63
2026-09-11 19:26:03.827,1789165563.827205,-9
2026-09-11 19:26:03.834,1789165563.8348973,172
2026-09-11 19:26:03.842,1789165563.8425896,210
2026-09-11 19:26:03.850,1789165563.850282,-2
2026-09-11 19:26:03.857,1789165563.8579743,-196
2026-09-11 19:26:03.865,1789165563.8656666,-240
2026-09-11 19:26:03.873,1789165563.873359,-324
2026-09-11 19:26:03.881,1789165563.881051,-502
2026-09-11 19:26:03.888,1789165563.8887434,-618
2026-09-11 19:26:03.896,1789165563.8964357,-662
2026-09-11 19:26:03.904,1789165563.904128,-693
2026-09-11 19:26:03.911,1789165563.9118204,-662
2026-09-11 19:26:03.919,1789165563.9195127,-596
2026-09-11 19:26:03.927,1789165563.927205,-601
2026-09-11 19:26:03.934,1789165563.9348974,-645
2026-09-11 19:26:03.942,1789165563.9425895,-572
2026-09-11 19:26:03.950,1789165563.9502819,-388
2026-09-11 19:26:03.957,1789165563.9579742,-322
2026-09-11 19:26:03.965,1789165563.9656665,-380
2026-09-11 19:26:03.973,1789165563.9733589,-460
2026-09-11 19:26:03.981,1789165563.9810512,-652
2026-09-11 19:26:03.988,1789165563.9887435,-819
2026-09-11 19:26:03.996,1789165563.9964359,-834
2026-09-11 19:26:04.004,1789165564.004128,-846
2026-09-11 19:26:04.011,1789165564.0118203,-875
2026-09-11 19:26:04.019,1789165564.0195127,-863
2026-09-11 19:26:04.027,1789165564.027205,-839
2026-09-11 19:26:04.034,1789165564.0348973,-722
2026-09-11 19:26:04.042,1789165564.0425897,-414
2026-09-11 19:26:04.050,1789165564.050282,-26
2026-09-11 19:26:04.057,1789165564.0579743,143
2026-09-11 19:26:04.065,1789165564.0656664,-300
2026-09-11 19:26:04.073,1789165564.0733588,-1098
2026-09-11 19:26:04.081,1789165564.081051,-1258
2026-09-11 19:26:04.088,1789165564.0887434,-858
2026-09-11 19:26:04.096,1789165564.0964358,-751
2026-09-11 19:26:04.104,1789165564.1041281,-817
2026-09-11 19:26:04.111,1789165564.1118205,-698
2026-09-11 19:26:04.119,1789165564.1195128,-628
2026-09-11 19:26:04.127,1789165564.1272051,-654
2026-09-11 19:26:04.134,1789165564.1348972,-599
2026-09-11 19:26:04.142,1789165564.1425896,-506
2026-09-11 19:26:04.150,1789165564.150282,-448
2026-09-11 19:26:04.157,1789165564.1574128,-380
2026-09-11 19:26:04.165,1789165564.165105,-278
2026-09-11 19:26:04.172,1789165564.1727974,-203
2026-09-11 19:26:04.180,1789165564.1804898,-184
2026-09-11 19:26:04.188,1789165564.188182,-143
2026-09-11 19:26:04.195,1789165564.1958742,-53
2026-09-11 19:26:04.203,1789165564.2035666,77
2026-09-11 19:26:04.211,1789165564.211259,269
2026-09-11 19:26:04.218,1789165564.2189512,453
2026-09-11 19:26:04.226,1789165564.2266436,545
2026-09-11 19:26:04.234,1789165564.234336,455
2026-09-11 19:26:04.242,1789165564.2420282,288
2026-09-11 19:26:04.249,1789165564.2497206,269
2026-09-11 19:26:04.257,1789165564.2574127,601
2026-09-11 19:26:04.265,1789165564.265105,1101
2026-09-11 19:26:04.272,1789165564.2727973,1137
2026-09-11 19:26:04.280,1789165564.2804897,882
2026-09-11 19:26:04.288,1789165564.288182,1059
2026-09-11 19:26:04.295,1789165564.2958744,1479
2026-09-11 19:26:04.303,1789165564.3035667,1811
2026-09-11 19:26:04.311,1789165564.311259,2277
2026-09-11 19:26:04.318,1789165564.3189511,2820
2026-09-11 19:26:04.326,1789165564.3266435,3060
2026-09-11 19:26:04.334,1789165564.3343358,2815
2026-09-11 19:26:04.342,1789165564.3420281,2090
2026-09-11 19:26:04.349,1789165564.3497205,1409
2026-09-11 19:26:04.357,1789165564.3574128,1074
2026-09-11 19:26:04.365,1789165564.3651052,637
2026-09-11 19:26:04.372,1789165564.3727975,259
2026-09-11 19:26:04.380,1789165564.3804896,259
2026-09-11 19:26:04.388,1789165564.388182,223
2026-09-11 19:26:04.395,1789165564.3958743,-16
2026-09-11 19:26:04.403,1789165564.4035666,-203
2026-09-11 19:26:04.411,1789165564.411259,-295
2026-09-11 19:26:04.418,1789165564.4189513,-363
2026-09-11 19:26:04.426,1789165564.4266436,-438
2026-09-11 19:26:04.434,1789165564.434336,-492
2026-09-11 19:26:04.442,1789165564.442028,-492
2026-09-11 19:26:04.449,1789165564.4497204,-470
2026-09-11 19:26:04.457,1789165564.4574127,-487
2026-09-11 19:26:04.465,1789165564.465105,-502
2026-09-11 19:26:04.472,1789165564.4727974,-453
2026-09-11 19:26:04.480,1789165564.4804897,-375
2026-09-11 19:26:04.488,1789165564.488182,-310
2026-09-11 19:26:04.495,1789165564.4958744,-235
2026-09-11 19:26:04.503,1789165564.5035665,-123
2026-09-11 19:26:04.511,1789165564.5112588,191
2026-09-11 19:26:04.518,1789165564.5189512,746
2026-09-11 19:26:04.526,1789165564.5266435,1079
2026-09-11 19:26:04.534,1789165564.5343359,1117
2026-09-11 19:26:04.542,1789165564.5420282,2085
2026-09-11 19:26:04.549,1789165564.5497205,3989
2026-09-11 19:26:04.557,1789165564.5574129,4581
2026-09-11 19:26:04.565,1789165564.565105,4144
2026-09-11 19:26:04.572,1789165564.5727973,4930
2026-09-11 19:26:04.580,1789165564.5804896,6169
2026-09-11 19:26:04.588,1789165564.588182,5735
2026-09-11 19:26:04.595,1789165564.5958743,3518
2026-09-11 19:26:04.603,1789165564.6035666,1321
2026-09-11 19:26:04.611,1789165564.611259,470
2026-09-11 19:26:04.618,1789165564.6189513,247
2026-09-11 19:26:04.626,1789165564.6266434,-55
2026-09-11 19:26:04.634,1789165564.6343358,-29
2026-09-11 19:26:04.642,1789165564.642028,43
2026-09-11 19:26:04.649,1789165564.6497204,-356
2026-09-11 19:26:04.657,1789165564.6574128,-700
2026-09-11 19:26:04.665,1789165564.665105,-712
2026-09-11 19:26:04.672,1789165564.6727974,-606
2026-09-11 19:26:04.680,1789165564.6804898,-385
2026-09-11 19:26:04.688,1789165564.688182,-327
2026-09-11 19:26:04.695,1789165564.6958742,-887
2026-09-11 19:26:04.703,1789165564.7035666,-1804
2026-09-11 19:26:04.711,1789165564.711259,-2126
2026-09-11 19:26:04.718,1789165564.718359,-1833
2026-09-11 19:26:04.726,1789165564.7260513,-1724
2026-09-11 19:26:04.733,1789165564.7337437,-1772
2026-09-11 19:26:04.741,1789165564.741436,-1670
2026-09-11 19:26:04.749,1789165564.7491283,-1569
2026-09-11 19:26:04.756,1789165564.7568204,-1396
2026-09-11 19:26:04.764,1789165564.7645128,-1202
2026-09-11 19:26:04.772,1789165564.772205,-1333
2026-09-11 19:26:04.779,1789165564.7798975,-1544
2026-09-11 19:26:04.787,1789165564.7875898,-1496
2026-09-11 19:26:04.795,1789165564.7952821,-1409
2026-09-11 19:26:04.802,1789165564.8029745,-1387
2026-09-11 19:26:04.810,1789165564.8106668,-1314
2026-09-11 19:26:04.818,1789165564.818359,-1234
2026-09-11 19:26:04.826,1789165564.8260512,-1212
2026-09-11 19:26:04.833,1789165564.8337436,-1171
2026-09-11 19:26:04.841,1789165564.841436,-1101
2026-09-11 19:26:04.849,1789165564.8491282,-1037
2026-09-11 19:26:04.856,1789165564.8568206,-977
2026-09-11 19:26:04.864,1789165564.864513,-931
2026-09-11 19:26:04.872,1789165564.8722053,-897
2026-09-11 19:26:04.879,1789165564.8798974,-887
2026-09-11 19:26:04.887,1789165564.8875897,-914
2026-09-11 19:26:04.895,1789165564.895282,-897
2026-09-11 19:26:04.902,1789165564.9029744,-846
2026-09-11 19:26:04.910,1789165564.9106667,-841
2026-09-11 19:26:04.918,1789165564.918359,-843
2026-09-11 19:26:04.926,1789165564.9260514,-826
2026-09-11 19:26:04.933,1789165564.9337437,-836
2026-09-11 19:26:04.941,1789165564.9414358,-858
2026-09-11 19:26:04.949,1789165564.9491282,-890
2026-09-11 19:26:04.956,1789165564.9568205,-928
2026-09-11 19:26:04.964,1789165564.9645128,-933
2026-09-11 19:26:04.972,1789165564.9722052,-923
2026-09-11 19:26:04.979,1789165564.9798975,-928
2026-09-11 19:26:04.987,1789165564.9875898,-923
2026-09-11 19:26:04.995,1789165564.9952822,-882
2026-09-11 19:26:05.002,1789165565.0029743,-841
2026-09-11 19:26:05.010,1789165565.0106666,-785
2026-09-11 19:26:05.018,1789165565.018359,-632
2026-09-11 19:26:05.026,1789165565.0260513,-431
2026-09-11 19:26:05.033,1789165565.0337436,-33
2026-09-11 19:26:05.041,1789165565.041436,1321
2026-09-11 19:26:05.049,1789165565.0491283,3111
2026-09-11 19:26:05.056,1789165565.0568206,2968
2026-09-11 19:26:05.064,1789165565.0645127,982
2026-09-11 19:26:05.072,1789165565.072205,-113
2026-09-11 19:26:05.079,1789165565.0798974,-72
2026-09-11 19:26:05.087,1789165565.0875897,-327
2026-09-11 19:26:05.095,1789165565.095282,-662
2026-09-11 19:26:05.102,1789165565.1029744,-628
2026-09-11 19:26:05.110,1789165565.1106668,-632
2026-09-11 19:26:05.118,1789165565.118359,-737
2026-09-11 19:26:05.126,1789165565.1260512,-739
2026-09-11 19:26:05.133,1789165565.1337435,-727
2026-09-11 19:26:05.141,1789165565.1414359,-756
2026-09-11 19:26:05.149,1789165565.1491282,-746
2026-09-11 19:26:05.156,1789165565.1568205,-712
2026-09-11 19:26:05.164,1789165565.1645129,-688
2026-09-11 19:26:05.172,1789165565.1722052,-676
2026-09-11 19:26:05.179,1789165565.1798975,-683
2026-09-11 19:26:05.187,1789165565.1875896,-696
2026-09-11 19:26:05.195,1789165565.195282,-698
2026-09-11 19:26:05.202,1789165565.2029743,-683
2026-09-11 19:26:05.210,1789165565.2106667,-666
2026-09-11 19:26:05.218,1789165565.218359,-652
2026-09-11 19:26:05.226,1789165565.2260513,-630
2026-09-11 19:26:05.233,1789165565.2337437,-613
2026-09-11 19:26:05.241,1789165565.241436,-606
2026-09-11 19:26:05.249,1789165565.2491283,-584
2026-09-11 19:26:05.256,1789165565.2568204,-560
2026-09-11 19:26:05.264,1789165565.2645128,-521
2026-09-11 19:26:05.272,1789165565.272205,-346
2026-09-11 19:26:05.279,1789165565.2793357,9
2026-09-11 19:26:05.287,1789165565.287028,397
2026-09-11 19:26:05.294,1789165565.2947204,465
2026-09-11 19:26:05.302,1789165565.3024127,-130
2026-09-11 19:26:05.310,1789165565.310105,-877
2026-09-11 19:26:05.317,1789165565.3177972,-848
2026-09-11 19:26:05.325,1789165565.3254895,-472
2026-09-11 19:26:05.333,1789165565.3331819,-482
2026-09-11 19:26:05.340,1789165565.3408742,-540
2026-09-11 19:26:05.348,1789165565.3485665,-446
2026-09-11 19:26:05.356,1789165565.3562589,-434
2026-09-11 19:26:05.363,1789165565.3639512,-436
2026-09-11 19:26:05.371,1789165565.3716435,-363
2026-09-11 19:26:05.379,1789165565.3793356,-322
2026-09-11 19:26:05.387,1789165565.387028,-329
2026-09-11 19:26:05.394,1789165565.3947203,-317
2026-09-11 19:26:05.402,1789165565.4024127,-300
2026-09-11 19:26:05.410,1789165565.410105,-288
2026-09-11 19:26:05.417,1789165565.4177973,-266
2026-09-11 19:26:05.425,1789165565.4254897,-242
2026-09-11 19:26:05.433,1789165565.433182,-225
2026-09-11 19:26:05.440,1789165565.440874,-201
2026-09-11 19:26:05.448,1789165565.4485664,-164
2026-09-11 19:26:05.456,1789165565.4562588,-118
2026-09-11 19:26:05.463,1789165565.463951,-63
2026-09-11 19:26:05.471,1789165565.4716434,-14
2026-09-11 19:26:05.479,1789165565.4793358,24
2026-09-11 19:26:05.487,1789165565.4870281,77
2026-09-11 19:26:05.494,1789165565.4947205,147
2026-09-11 19:26:05.502,1789165565.5024126,194
2026-09-11 19:26:05.510,1789165565.510105,181
2026-09-11 19:26:05.517,1789165565.5177972,213
2026-09-11 19:26:05.525,1789165565.5254896,310
2026-09-11 19:26:05.533,1789165565.533182,334
2026-09-11 19:26:05.540,1789165565.5408742,334
2026-09-11 19:26:05.548,1789165565.5485666,409
2026-09-11 19:26:05.556,1789165565.556259,453
2026-09-11 19:26:05.563,1789165565.563951,460
2026-09-11 19:26:05.571,1789165565.5716434,618
2026-09-11 19:26:05.579,1789165565.5793357,902
2026-09-11 19:26:05.587,1789165565.587028,1147
2026-09-11 19:26:05.594,1789165565.5947204,1292
2026-09-11 19:26:05.602,1789165565.6024127,1278
2026-09-11 19:26:05.610,1789165565.610105,1263
2026-09-11 19:26:05.617,1789165565.6177974,1423
2026-09-11 19:26:05.625,1789165565.6254895,1469
2026-09-11 19:26:05.633,1789165565.6331818,1350
2026-09-11 19:26:05.640,1789165565.6408741,1362
2026-09-11 19:26:05.648,1789165565.6485665,1457
2026-09-11 19:26:05.656,1789165565.6562588,1590
2026-09-11 19:26:05.663,1789165565.6639512,1738
2026-09-11 19:26:05.671,1789165565.6716435,1780
2026-09-11 19:26:05.679,1789165565.6793358,1935
2026-09-11 19:26:05.687,1789165565.687028,2194
2026-09-11 19:26:05.694,1789165565.6947203,2223
2026-09-11 19:26:05.702,1789165565.7024126,2306
2026-09-11 19:26:05.710,1789165565.710105,2638
2026-09-11 19:26:05.717,1789165565.7177973,2733
2026-09-11 19:26:05.725,1789165565.7254896,2434
2026-09-11 19:26:05.733,1789165565.733182,1906
2026-09-11 19:26:05.740,1789165565.7408743,1304
2026-09-11 19:26:05.748,1789165565.7485664,906
2026-09-11 19:26:05.756,1789165565.7562587,805
2026-09-11 19:26:05.763,1789165565.763951,763
2026-09-11 19:26:05.771,1789165565.7716434,429
2026-09-11 19:26:05.779,1789165565.7793357,-80
2026-09-11 19:26:05.787,1789165565.787028,-208
2026-09-11 19:26:05.794,1789165565.7947204,-58
2026-09-11 19:26:05.802,1789165565.8024127,-111
2026-09-11 19:26:05.810,1789165565.810105,-324
2026-09-11 19:26:05.817,1789165565.8177972,-346
2026-09-11 19:26:05.825,1789165565.8254895,-104
2026-09-11 19:26:05.833,1789165565.8331819,55
2026-09-11 19:26:05.840,1789165565.840282,72
2026-09-11 19:26:05.847,1789165565.8479743,186
2026-09-11 19:26:05.855,1789165565.8556666,339
2026-09-11 19:26:05.863,1789165565.863359,494
2026-09-11 19:26:05.871,1789165565.8710513,812
2026-09-11 19:26:05.878,1789165565.8787434,1183
2026-09-11 19:26:05.886,1789165565.8864357,1355
2026-09-11 19:26:05.894,1789165565.894128,1532
2026-09-11 19:26:05.901,1789165565.9018204,1840
2026-09-11 19:26:05.909,1789165565.9095128,1646
2026-09-11 19:26:05.917,1789165565.917205,836
2026-09-11 19:26:05.924,1789165565.9248974,560
2026-09-11 19:26:05.932,1789165565.9325898,1103
2026-09-11 19:26:05.940,1789165565.9402819,1486
2026-09-11 19:26:05.947,1789165565.9479742,1472
2026-09-11 19:26:05.955,1789165565.9556665,1607
2026-09-11 19:26:05.963,1789165565.9633589,2119
2026-09-11 19:26:05.971,1789165565.9710512,2480
2026-09-11 19:26:05.978,1789165565.9787436,2369
2026-09-11 19:26:05.986,1789165565.986436,2607
2026-09-11 19:26:05.994,1789165565.9941282,3184
2026-09-11 19:26:06.001,1789165566.0018203,3135
2026-09-11 19:26:06.009,1789165566.0095127,3172
2026-09-11 19:26:06.017,1789165566.017205,4447
2026-09-11 19:26:06.024,1789165566.0248973,5410
2026-09-11 19:26:06.032,1789165566.0325897,4588
2026-09-11 19:26:06.040,1789165566.040282,3989
2026-09-11 19:26:06.047,1789165566.0479743,4593
2026-09-11 19:26:06.055,1789165566.0556667,4813
2026-09-11 19:26:06.063,1789165566.0633588,4779
2026-09-11 19:26:06.071,1789165566.0710511,5347
2026-09-11 19:26:06.078,1789165566.0787435,5669
2026-09-11 19:26:06.086,1789165566.0864358,5146
2026-09-11 19:26:06.094,1789165566.0941281,4685
2026-09-11 19:26:06.101,1789165566.1018205,4753
2026-09-11 19:26:06.109,1789165566.1095128,4668
2026-09-11 19:26:06.117,1789165566.1172051,4105
2026-09-11 19:26:06.124,1789165566.1248972,3390
2026-09-11 19:26:06.132,1789165566.1325896,2854
2026-09-11 19:26:06.140,1789165566.140282,2636
2026-09-11 19:26:06.147,1789165566.1479743,2551
2026-09-11 19:26:06.155,1789165566.1556666,2422
2026-09-11 19:26:06.163,1789165566.163359,2134
2026-09-11 19:26:06.171,1789165566.1710513,1552
2026-09-11 19:26:06.178,1789165566.1787436,1103
2026-09-11 19:26:06.186,1789165566.1864357,1246
2026-09-11 19:26:06.194,1789165566.194128,1765
2026-09-11 19:26:06.201,1789165566.2018204,2289
2026-09-11 19:26:06.209,1789165566.2095127,2410
2026-09-11 19:26:06.217,1789165566.217205,2097
2026-09-11 19:26:06.224,1789165566.2248974,2073
2026-09-11 19:26:06.232,1789165566.2325897,2556
2026-09-11 19:26:06.240,1789165566.240282,2614
2026-09-11 19:26:06.247,1789165566.2479742,2165
2026-09-11 19:26:06.255,1789165566.2556665,2138
2026-09-11 19:26:06.263,1789165566.2633588,2442
2026-09-11 19:26:06.271,1789165566.2710512,2279
2026-09-11 19:26:06.278,1789165566.2787435,1646
2026-09-11 19:26:06.286,1789165566.2864358,1147
2026-09-11 19:26:06.294,1789165566.2941282,1045
2026-09-11 19:26:06.301,1789165566.3018205,1176
2026-09-11 19:26:06.309,1789165566.3095126,1113
2026-09-11 19:26:06.317,1789165566.317205,873
2026-09-11 19:26:06.324,1789165566.3248973,1088
2026-09-11 19:26:06.332,1789165566.3325896,1658
2026-09-11 19:26:06.340,1789165566.340282,1850
2026-09-11 19:26:06.347,1789165566.3479743,1738
2026-09-11 19:26:06.355,1789165566.3556666,1627
2026-09-11 19:26:06.363,1789165566.363359,1375
2026-09-11 19:26:06.371,1789165566.3710513,943
2026-09-11 19:26:06.378,1789165566.3787434,315
2026-09-11 19:26:06.386,1789165566.3864357,-50
2026-09-11 19:26:06.394,1789165566.394128,237
2026-09-11 19:26:06.401,1789165566.401259,591
2026-09-11 19:26:06.408,1789165566.4089513,545
2026-09-11 19:26:06.416,1789165566.4166436,184
2026-09-11 19:26:06.424,1789165566.424336,-295
2026-09-11 19:26:06.432,1789165566.4320283,-354
2026-09-11 19:26:06.439,1789165566.4397204,550
2026-09-11 19:26:06.447,1789165566.4474127,2199
2026-09-11 19:26:06.455,1789165566.455105,3526
2026-09-11 19:26:06.462,1789165566.4627974,3870
2026-09-11 19:26:06.470,1789165566.4704897,4146
2026-09-11 19:26:06.478,1789165566.478182,5080
2026-09-11 19:26:06.485,1789165566.4858744,5398
2026-09-11 19:26:06.493,1789165566.4935668,4712
2026-09-11 19:26:06.501,1789165566.5012589,5153
2026-09-11 19:26:06.508,1789165566.5089512,7309
2026-09-11 19:26:06.516,1789165566.5166435,8689
2026-09-11 19:26:06.524,1789165566.5243359,8041
2026-09-11 19:26:06.532,1789165566.5320282,7321
2026-09-11 19:26:06.539,1789165566.5397205,7646
2026-09-11 19:26:06.547,1789165566.5474129,7935
2026-09-11 19:26:06.555,1789165566.5551052,7782
2026-09-11 19:26:06.562,1789165566.5627973,7561
2026-09-11 19:26:06.570,1789165566.5704896,7580
2026-09-11 19:26:06.578,1789165566.578182,7952
2026-09-11 19:26:06.585,1789165566.5858743,8262
2026-09-11 19:26:06.593,1789165566.5935667,8230
2026-09-11 19:26:06.601,1789165566.601259,7593
2026-09-11 19:26:06.608,1789165566.6089513,5660
2026-09-11 19:26:06.616,1789165566.6166437,3708
2026-09-11 19:26:06.624,1789165566.6243358,3642
2026-09-11 19:26:06.632,1789165566.632028,3523
2026-09-11 19:26:06.639,1789165566.6397204,1889
2026-09-11 19:26:06.647,1789165566.6474128,659
2026-09-11 19:26:06.655,1789165566.655105,80
2026-09-11 19:26:06.662,1789165566.6627975,-550
2026-09-11 19:26:06.670,1789165566.6704898,-1222
2026-09-11 19:26:06.678,1789165566.6781821,-2364
2026-09-11 19:26:06.685,1789165566.6858742,-3269
2026-09-11 19:26:06.693,1789165566.6935666,-3392
2026-09-11 19:26:06.701,1789165566.701259,-3514
2026-09-11 19:26:06.708,1789165566.7089512,-3775
2026-09-11 19:26:06.716,1789165566.7166436,-3572
2026-09-11 19:26:06.724,1789165566.724336,-2917
2026-09-11 19:26:06.732,1789165566.7320282,-2577
2026-09-11 19:26:06.739,1789165566.7397206,-2286
2026-09-11 19:26:06.747,1789165566.7474127,-1353
2026-09-11 19:26:06.755,1789165566.755105,-754
2026-09-11 19:26:06.762,1789165566.7627974,-1025
2026-09-11 19:26:06.770,1789165566.7704897,-1394
2026-09-11 19:26:06.778,1789165566.778182,-1646
2026-09-11 19:26:06.785,1789165566.7858744,-1510
2026-09-11 19:26:06.793,1789165566.7935667,-613
2026-09-11 19:26:06.801,1789165566.801259,334
2026-09-11 19:26:06.808,1789165566.8089511,303
2026-09-11 19:26:06.816,1789165566.8166435,-244
2026-09-11 19:26:06.824,1789165566.8243358,9
2026-09-11 19:26:06.832,1789165566.8320282,608
2026-09-11 19:26:06.839,1789165566.8397205,870
2026-09-11 19:26:06.847,1789165566.8474128,982
2026-09-11 19:26:06.855,1789165566.8551052,390
2026-09-11 19:26:06.862,1789165566.8627975,-174
2026-09-11 19:26:06.870,1789165566.8704896,126
2026-09-11 19:26:06.878,1789165566.878182,4
2026-09-11 19:26:06.885,1789165566.8858743,-613
2026-09-11 19:26:06.893,1789165566.8935666,-601
2026-09-11 19:26:06.901,1789165566.901259,-567
2026-09-11 19:26:06.908,1789165566.9089513,-996
2026-09-11 19:26:06.916,1789165566.9166436,-778
2026-09-11 19:26:06.924,1789165566.924336,-12
2026-09-11 19:26:06.932,1789165566.9320283,-84
2026-09-11 19:26:06.939,1789165566.9397204,-814
2026-09-11 19:26:06.947,1789165566.9474127,-1384
2026-09-11 19:26:06.955,1789165566.955105,-1738
2026-09-11 19:26:06.962,1789165566.9622052,-1678
2026-09-11 19:26:06.969,1789165566.9698975,-1627
2026-09-11 19:26:06.977,1789165566.9775898,-2209
2026-09-11 19:26:06.985,1789165566.9852822,-2706
2026-09-11 19:26:06.992,1789165566.9929745,-2653
2026-09-11 19:26:07.000,1789165567.0006666,-2597
2026-09-11 19:26:07.008,1789165567.008359,-2754
2026-09-11 19:26:07.016,1789165567.0160513,-3070
2026-09-11 19:26:07.023,1789165567.0237436,-3239
2026-09-11 19:26:07.031,1789165567.031436,-3045
2026-09-11 19:26:07.039,1789165567.0391283,-2767
2026-09-11 19:26:07.046,1789165567.0468206,-2502
2026-09-11 19:26:07.054,1789165567.054513,-2243
2026-09-11 19:26:07.062,1789165567.062205,-2143
2026-09-11 19:26:07.069,1789165567.0698974,-2117
2026-09-11 19:26:07.077,1789165567.0775898,-1833
2026-09-11 19:26:07.085,1789165567.085282,-1168
2026-09-11 19:26:07.092,1789165567.0929744,-201
2026-09-11 19:26:07.100,1789165567.1006668,649
2026-09-11 19:26:07.108,1789165567.108359,671
2026-09-11 19:26:07.116,1789165567.1160514,230
2026-09-11 19:26:07.123,1789165567.1237435,264
2026-09-11 19:26:07.131,1789165567.1314359,375
2026-09-11 19:26:07.139,1789165567.1391282,133
2026-09-11 19:26:07.146,1789165567.1468205,252
2026-09-11 19:26:07.154,1789165567.154513,906
2026-09-11 19:26:07.162,1789165567.1622052,1290
2026-09-11 19:26:07.169,1789165567.1698976,1161
2026-09-11 19:26:07.177,1789165567.17759,994
2026-09-11 19:26:07.185,1789165567.185282,822
2026-09-11 19:26:07.192,1789165567.1929743,851
2026-09-11 19:26:07.200,1789165567.2006667,1246
2026-09-11 19:26:07.208,1789165567.208359,1256
2026-09-11 19:26:07.216,1789165567.2160513,851
2026-09-11 19:26:07.223,1789165567.2237437,397
2026-09-11 19:26:07.231,1789165567.231436,-249
2026-09-11 19:26:07.239,1789165567.2391284,-169
2026-09-11 19:26:07.246,1789165567.2468204,1035
2026-09-11 19:26:07.254,1789165567.2545128,1459
2026-09-11 19:26:07.262,1789165567.2622051,589
2026-09-11 19:26:07.269,1789165567.2698975,295
2026-09-11 19:26:07.277,1789165567.2775898,-140
2026-09-11 19:26:07.285,1789165567.2852821,-2000
2026-09-11 19:26:07.292,1789165567.2929745,-3244
2026-09-11 19:26:07.300,1789165567.3006668,-3514
2026-09-11 19:26:07.308,1789165567.308359,-4183
2026-09-11 19:26:07.316,1789165567.3160512,-4345
2026-09-11 19:26:07.323,1789165567.3237436,-3526
2026-09-11 19:26:07.331,1789165567.331436,-2582
2026-09-11 19:26:07.339,1789165567.3391283,-1937
2026-09-11 19:26:07.346,1789165567.3468206,-2398
2026-09-11 19:26:07.354,1789165567.354513,-3618
2026-09-11 19:26:07.362,1789165567.3622053,-3926
2026-09-11 19:26:07.369,1789165567.3698974,-3601
2026-09-11 19:26:07.377,1789165567.3775897,-3484
2026-09-11 19:26:07.385,1789165567.385282,-3206
2026-09-11 19:26:07.392,1789165567.3929744,-2759
2026-09-11 19:26:07.400,1789165567.4006667,-2354
2026-09-11 19:26:07.408,1789165567.408359,-1940
2026-09-11 19:26:07.416,1789165567.4160514,-1700
2026-09-11 19:26:07.423,1789165567.4237437,-1605
2026-09-11 19:26:07.431,1789165567.4314358,-1503
2026-09-11 19:26:07.439,1789165567.4391282,-1455
2026-09-11 19:26:07.446,1789165567.4468205,-1319
2026-09-11 19:26:07.454,1789165567.4545128,-1067
2026-09-11 19:26:07.462,1789165567.4622052,-1054
2026-09-11 19:26:07.469,1789165567.4698975,-882
2026-09-11 19:26:07.477,1789165567.4775898,-46
2026-09-11 19:26:07.485,1789165567.4852822,720
2026-09-11 19:26:07.492,1789165567.4929745,1074
2026-09-11 19:26:07.500,1789165567.5006666,1469
2026-09-11 19:26:07.508,1789165567.508359,1869
2026-09-11 19:26:07.516,1789165567.5160513,2143
2026-09-11 19:26:07.523,1789165567.5231512,2105
2026-09-11 19:26:07.530,1789165567.5308435,1692
2026-09-11 19:26:07.538,1789165567.5385358,1578
2026-09-11 19:26:07.546,1789165567.5462282,1881
2026-09-11 19:26:07.553,1789165567.5539205,1729
2026-09-11 19:26:07.561,1789165567.5616126,1295
2026-09-11 19:26:07.569,1789165567.569305,1566
2026-09-11 19:26:07.576,1789165567.5769973,1816
2026-09-11 19:26:07.584,1789165567.5846896,914
2026-09-11 19:26:07.592,1789165567.592382,-121
2026-09-11 19:26:07.600,1789165567.6000743,-223
2026-09-11 19:26:07.607,1789165567.6077666,-157
2026-09-11 19:26:07.615,1789165567.615459,-339
2026-09-11 19:26:07.623,1789165567.623151,-240
2026-09-11 19:26:07.630,1789165567.6308434,82
2026-09-11 19:26:07.638,1789165567.6385357,281
2026-09-11 19:26:07.646,1789165567.646228,274
2026-09-11 19:26:07.653,1789165567.6539204,235
2026-09-11 19:26:07.661,1789165567.6616127,528
2026-09-11 19:26:07.669,1789165567.669305,994
2026-09-11 19:26:07.676,1789165567.6769974,1217
2026-09-11 19:26:07.684,1789165567.6846895,1343
2026-09-11 19:26:07.692,1789165567.6923819,1552
2026-09-11 19:26:07.700,1789165567.7000742,1355
2026-09-11 19:26:07.707,1789165567.7077665,836
2026-09-11 19:26:07.715,1789165567.7154589,737
2026-09-11 19:26:07.723,1789165567.7231512,591
2026-09-11 19:26:07.730,1789165567.7308435,-55
2026-09-11 19:26:07.738,1789165567.738536,-613
2026-09-11 19:26:07.746,1789165567.746228,-865
2026-09-11 19:26:07.753,1789165567.7539203,-1469
2026-09-11 19:26:07.761,1789165567.7616127,-2461
2026-09-11 19:26:07.769,1789165567.769305,-2837
2026-09-11 19:26:07.776,1789165567.7769973,-2728
2026-09-11 19:26:07.784,1789165567.7846897,-2878
2026-09-11 19:26:07.792,1789165567.792382,-3038
2026-09-11 19:26:07.800,1789165567.8000743,-3084
2026-09-11 19:26:07.807,1789165567.8077664,-3174
2026-09-11 19:26:07.815,1789165567.8154588,-2871
2026-09-11 19:26:07.823,1789165567.823151,-2248
2026-09-11 19:26:07.830,1789165567.8308434,-2117
2026-09-11 19:26:07.838,1789165567.8385358,-2454
2026-09-11 19:26:07.846,1789165567.8462281,-2699
2026-09-11 19:26:07.853,1789165567.8539205,-2682
2026-09-11 19:26:07.861,1789165567.8616128,-2602
2026-09-11 19:26:07.869,1789165567.869305,-2439
2026-09-11 19:26:07.876,1789165567.8769972,-1932
2026-09-11 19:26:07.884,1789165567.8846896,-1520
2026-09-11 19:26:07.892,1789165567.892382,-1685
2026-09-11 19:26:07.900,1789165567.9000742,-1758
2026-09-11 19:26:07.907,1789165567.9077666,-1193
2026-09-11 19:26:07.915,1789165567.915459,-790
2026-09-11 19:26:07.923,1789165567.9231513,-1338
2026-09-11 19:26:07.930,1789165567.9308434,-2022
2026-09-11 19:26:07.938,1789165567.9385357,-1823
2026-09-11 19:26:07.946,1789165567.946228,-1404
2026-09-11 19:26:07.953,1789165567.9539204,-1154
2026-09-11 19:26:07.961,1789165567.9616127,-613
2026-09-11 19:26:07.969,1789165567.969305,-545
2026-09-11 19:26:07.976,1789165567.9769974,-1292
2026-09-11 19:26:07.984,1789165567.9846897,-1617
2026-09-11 19:26:07.992,1789165567.9923818,-1350
2026-09-11 19:26:08.000,1789165568.0000741,-1207
2026-09-11 19:26:08.007,1789165568.0077665,-1028
2026-09-11 19:26:08.015,1789165568.0154588,-458
2026-09-11 19:26:08.023,1789165568.0231512,225
2026-09-11 19:26:08.030,1789165568.0308435,565
2026-09-11 19:26:08.038,1789165568.0385358,400
2026-09-11 19:26:08.046,1789165568.0462282,-60
2026-09-11 19:26:08.053,1789165568.0539205,-322
2026-09-11 19:26:08.061,1789165568.0616126,-305
2026-09-11 19:26:08.069,1789165568.069305,-177
2026-09-11 19:26:08.076,1789165568.0769973,152
2026-09-11 19:26:08.084,1789165568.0841281,562
2026-09-11 19:26:08.091,1789165568.0918205,805
2026-09-11 19:26:08.099,1789165568.0995128,882
2026-09-11 19:26:08.107,1789165568.1072052,817
2026-09-11 19:26:08.114,1789165568.1148975,746
2026-09-11 19:26:08.122,1789165568.1225896,875
2026-09-11 19:26:08.130,1789165568.130282,1108
2026-09-11 19:26:08.137,1789165568.1379743,1299
2026-09-11 19:26:08.145,1789165568.1456666,1619
2026-09-11 19:26:08.153,1789165568.153359,2206
2026-09-11 19:26:08.161,1789165568.1610513,2616
2026-09-11 19:26:08.168,1789165568.1687436,2500
2026-09-11 19:26:08.176,1789165568.176436,2233
2026-09-11 19:26:08.184,1789165568.184128,2235
2026-09-11 19:26:08.191,1789165568.1918204,2371
2026-09-11 19:26:08.199,1789165568.1995127,2340
2026-09-11 19:26:08.207,1789165568.207205,2315
2026-09-11 19:26:08.214,1789165568.2148974,2189
2026-09-11 19:26:08.222,1789165568.2225897,1847
2026-09-11 19:26:08.230,1789165568.230282,1894
2026-09-11 19:26:08.237,1789165568.2379744,2318
2026-09-11 19:26:08.245,1789165568.2456665,3208
2026-09-11 19:26:08.253,1789165568.2533588,4743
2026-09-11 19:26:08.261,1789165568.2610512,5674
2026-09-11 19:26:08.268,1789165568.2687435,5679
2026-09-11 19:26:08.276,1789165568.2764359,5769
2026-09-11 19:26:08.284,1789165568.2841282,5759
2026-09-11 19:26:08.291,1789165568.2918205,5121
2026-09-11 19:26:08.299,1789165568.2995129,4826
2026-09-11 19:26:08.307,1789165568.307205,5572
2026-09-11 19:26:08.314,1789165568.3148973,6281
2026-09-11 19:26:08.322,1789165568.3225896,6254
2026-09-11 19:26:08.330,1789165568.330282,5985
2026-09-11 19:26:08.337,1789165568.3379743,5747
2026-09-11 19:26:08.345,1789165568.3456666,5636
2026-09-11 19:26:08.353,1789165568.353359,5735
2026-09-11 19:26:08.361,1789165568.3610513,5723
2026-09-11 19:26:08.368,1789165568.3687434,5340
2026-09-11 19:26:08.376,1789165568.3764358,4823
2026-09-11 19:26:08.384,1789165568.384128,4527
2026-09-11 19:26:08.391,1789165568.3918204,4401
2026-09-11 19:26:08.399,1789165568.3995128,4260
2026-09-11 19:26:08.407,1789165568.407205,4256
2026-09-11 19:26:08.414,1789165568.4148974,4350
2026-09-11 19:26:08.422,1789165568.4225898,4452
2026-09-11 19:26:08.430,1789165568.4302819,4578
2026-09-11 19:26:08.437,1789165568.4379742,4433
2026-09-11 19:26:08.445,1789165568.4456666,4011
2026-09-11 19:26:08.453,1789165568.453359,3441
2026-09-11 19:26:08.461,1789165568.4610512,2728
2026-09-11 19:26:08.468,1789165568.4687436,2463
2026-09-11 19:26:08.476,1789165568.476436,2383
2026-09-11 19:26:08.484,1789165568.4841282,1673
2026-09-11 19:26:08.491,1789165568.4918203,1338
2026-09-11 19:26:08.499,1789165568.4995127,2063
2026-09-11 19:26:08.507,1789165568.507205,2488
2026-09-11 19:26:08.514,1789165568.5148973,1898
2026-09-11 19:26:08.522,1789165568.5225897,1149
2026-09-11 19:26:08.530,1789165568.530282,853
2026-09-11 19:26:08.537,1789165568.5379744,742
2026-09-11 19:26:08.545,1789165568.5456667,890
2026-09-11 19:26:08.553,1789165568.5533588,1278
2026-09-11 19:26:08.561,1789165568.5610511,768
2026-09-11 19:26:08.568,1789165568.5687435,-281
2026-09-11 19:26:08.576,1789165568.5764358,-601
2026-09-11 19:26:08.584,1789165568.5841281,-732
2026-09-11 19:26:08.591,1789165568.5918205,-1185
2026-09-11 19:26:08.599,1789165568.5995128,-1404
2026-09-11 19:26:08.607,1789165568.6072052,-1273
2026-09-11 19:26:08.614,1789165568.6148975,-1581
2026-09-11 19:26:08.622,1789165568.6225896,-2425
2026-09-11 19:26:08.630,1789165568.630282,-3058
2026-09-11 19:26:08.637,1789165568.6379743,-3332
2026-09-11 19:26:08.645,1789165568.6450896,-3397
2026-09-11 19:26:08.652,1789165568.652782,-3021
2026-09-11 19:26:08.660,1789165568.6604743,-2371
2026-09-11 19:26:08.668,1789165568.6681666,-2480
2026-09-11 19:26:08.675,1789165568.675859,-3230
2026-09-11 19:26:08.683,1789165568.683551,-3397
2026-09-11 19:26:08.691,1789165568.6912434,-2910
2026-09-11 19:26:08.698,1789165568.6989357,-2148
2026-09-11 19:26:08.706,1789165568.706628,-1324
2026-09-11 19:26:08.714,1789165568.7143204,-645
2026-09-11 19:26:08.722,1789165568.7220128,528
2026-09-11 19:26:08.729,1789165568.729705,2257
2026-09-11 19:26:08.737,1789165568.7373974,3288
2026-09-11 19:26:08.745,1789165568.7450895,3392
2026-09-11 19:26:08.752,1789165568.7527819,3249
2026-09-11 19:26:08.760,1789165568.7604742,3312
2026-09-11 19:26:08.768,1789165568.7681665,4069
2026-09-11 19:26:08.775,1789165568.7758589,5197
2026-09-11 19:26:08.783,1789165568.7835512,5752
2026-09-11 19:26:08.791,1789165568.7912436,5844
2026-09-11 19:26:08.798,1789165568.798936,5810
2026-09-11 19:26:08.806,1789165568.806628,5121
2026-09-11 19:26:08.814,1789165568.8143203,4741
2026-09-11 19:26:08.822,1789165568.8220127,6009
2026-09-11 19:26:08.829,1789165568.829705,7377
2026-09-11 19:26:08.837,1789165568.8373973,7961
2026-09-11 19:26:08.845,1789165568.8450897,8723
2026-09-11 19:26:08.852,1789165568.852782,9278
2026-09-11 19:26:08.860,1789165568.8604743,9150
2026-09-11 19:26:08.868,1789165568.8681664,8674
2026-09-11 19:26:08.875,1789165568.8758588,8049
2026-09-11 19:26:08.883,1789165568.8835511,7578
2026-09-11 19:26:08.891,1789165568.8912435,7297
2026-09-11 19:26:08.898,1789165568.8989358,6933
2026-09-11 19:26:08.906,1789165568.9066281,6458
2026-09-11 19:26:08.914,1789165568.9143205,5679
2026-09-11 19:26:08.922,1789165568.9220128,4612
2026-09-11 19:26:08.929,1789165568.929705,3904
2026-09-11 19:26:08.937,1789165568.9373972,3649
2026-09-11 19:26:08.945,1789165568.9450896,3443
2026-09-11 19:26:08.952,1789165568.952782,3271
2026-09-11 19:26:08.960,1789165568.9604743,3036
2026-09-11 19:26:08.968,1789165568.9681666,2340
2026-09-11 19:26:08.975,1789165568.975859,1377
2026-09-11 19:26:08.983,1789165568.9835513,819
2026-09-11 19:26:08.991,1789165568.9912434,880
2026-09-11 19:26:08.998,1789165568.9989357,1205
2026-09-11 19:26:09.006,1789165569.006628,1263
2026-09-11 19:26:09.014,1789165569.0143204,829
2026-09-11 19:26:09.022,1789165569.0220127,237
2026-09-11 19:26:09.029,1789165569.029705,-19
2026-09-11 19:26:09.037,1789165569.0373974,109
2026-09-11 19:26:09.045,1789165569.0450897,198
2026-09-11 19:26:09.052,1789165569.0527818,113
2026-09-11 19:26:09.060,1789165569.0604742,106
2026-09-11 19:26:09.068,1789165569.0681665,-113
2026-09-11 19:26:09.075,1789165569.0758588,-528
2026-09-11 19:26:09.083,1789165569.0835512,-392
2026-09-11 19:26:09.091,1789165569.0912435,19
2026-09-11 19:26:09.098,1789165569.0989358,177
2026-09-11 19:26:09.106,1789165569.1066282,186
2026-09-11 19:26:09.114,1789165569.1143203,-264
2026-09-11 19:26:09.122,1789165569.1220126,-1268
2026-09-11 19:26:09.129,1789165569.129705,-2197
2026-09-11 19:26:09.137,1789165569.1373973,-2444
2026-09-11 19:26:09.145,1789165569.1450896,-1925
2026-09-11 19:26:09.152,1789165569.152782,-1855
2026-09-11 19:26:09.160,1789165569.1604743,-2934
2026-09-11 19:26:09.168,1789165569.1681666,-3666
2026-09-11 19:26:09.175,1789165569.175859,-3603
2026-09-11 19:26:09.183,1789165569.183551,-3812
2026-09-11 19:26:09.191,1789165569.1912434,-4047
2026-09-11 19:26:09.198,1789165569.1989357,-3851
2026-09-11 19:26:09.206,1789165569.206051,-3715
2026-09-11 19:26:09.213,1789165569.2137434,-3863
2026-09-11 19:26:09.221,1789165569.2214358,-3817
2026-09-11 19:26:09.229,1789165569.2291281,-3278
2026-09-11 19:26:09.236,1789165569.2368205,-3070
2026-09-11 19:26:09.244,1789165569.2445126,-3846
2026-09-11 19:26:09.252,1789165569.252205,-4639
2026-09-11 19:26:09.259,1789165569.2598972,-4685
2026-09-11 19:26:09.267,1789165569.2675896,-4542
2026-09-11 19:26:09.275,1789165569.275282,-4513
2026-09-11 19:26:09.282,1789165569.2829742,-4343
2026-09-11 19:26:09.290,1789165569.2906666,-4151
2026-09-11 19:26:09.298,1789165569.298359,-4081
2026-09-11 19:26:09.306,1789165569.306051,-3999
2026-09-11 19:26:09.313,1789165569.3137434,-4049
2026-09-11 19:26:09.321,1789165569.3214357,-4387
2026-09-11 19:26:09.329,1789165569.329128,-4821
2026-09-11 19:26:09.336,1789165569.3368204,-5153
2026-09-11 19:26:09.344,1789165569.3445127,-5374
2026-09-11 19:26:09.352,1789165569.352205,-5553
2026-09-11 19:26:09.359,1789165569.3598974,-5650
2026-09-11 19:26:09.367,1789165569.3675895,-5483
2026-09-11 19:26:09.375,1789165569.3752818,-5087
2026-09-11 19:26:09.382,1789165569.3829741,-4697
2026-09-11 19:26:09.390,1789165569.3906665,-4716
2026-09-11 19:26:09.398,1789165569.3983588,-5330
2026-09-11 19:26:09.406,1789165569.4060512,-5783
2026-09-11 19:26:09.413,1789165569.4137435,-5648
2026-09-11 19:26:09.421,1789165569.4214358,-5577
2026-09-11 19:26:09.429,1789165569.429128,-5783
2026-09-11 19:26:09.436,1789165569.4368203,-5907
2026-09-11 19:26:09.444,1789165569.4445126,-5965
2026-09-11 19:26:09.452,1789165569.452205,-6033
2026-09-11 19:26:09.459,1789165569.4598973,-6016
2026-09-11 19:26:09.467,1789165569.4675896,-5977
2026-09-11 19:26:09.475,1789165569.475282,-5958
2026-09-11 19:26:09.482,1789165569.4829743,-5871
2026-09-11 19:26:09.490,1789165569.4906664,-5762
2026-09-11 19:26:09.498,1789165569.4983587,-5679
2026-09-11 19:26:09.506,1789165569.506051,-5541
2026-09-11 19:26:09.513,1789165569.5137434,-5369
2026-09-11 19:26:09.521,1789165569.5214357,-5250
2026-09-11 19:26:09.529,1789165569.529128,-5141
2026-09-11 19:26:09.536,1789165569.5368204,-4995
2026-09-11 19:26:09.544,1789165569.5445127,-4857
2026-09-11 19:26:09.552,1789165569.5522048,-4716
2026-09-11 19:26:09.559,1789165569.5598972,-4564
2026-09-11 19:26:09.567,1789165569.5675895,-4430
2026-09-11 19:26:09.575,1789165569.5752819,-4299
2026-09-11 19:26:09.582,1789165569.5829742,-4178
2026-09-11 19:26:09.590,1789165569.5906665,-4049
2026-09-11 19:26:09.598,1789165569.5983589,-3885
2026-09-11 19:26:09.606,1789165569.6060512,-3749
2026-09-11 19:26:09.613,1789165569.6137433,-3666
2026-09-11 19:26:09.621,1789165569.6214356,-3572
2026-09-11 19:26:09.629,1789165569.629128,-3467
2026-09-11 19:26:09.636,1789165569.6368203,-3390
2026-09-11 19:26:09.644,1789165569.6445127,-3336
2026-09-11 19:26:09.652,1789165569.652205,-3283
2026-09-11 19:26:09.659,1789165569.6598973,-3230
2026-09-11 19:26:09.667,1789165569.6675897,-3174
2026-09-11 19:26:09.675,1789165569.6752818,-3106
2026-09-11 19:26:09.682,1789165569.682974,-3036
2026-09-11 19:26:09.690,1789165569.6906664,-2961
2026-09-11 19:26:09.698,1789165569.6983588,-2878
2026-09-11 19:26:09.706,1789165569.706051,-2788
2026-09-11 19:26:09.713,1789165569.7137434,-2708
2026-09-11 19:26:09.721,1789165569.7214358,-2626
2026-09-11 19:26:09.729,1789165569.7291281,-2539
2026-09-11 19:26:09.736,1789165569.7368205,-2461
2026-09-11 19:26:09.744,1789165569.7445126,-2393
2026-09-11 19:26:09.752,1789165569.752205,-2325
2026-09-11 19:26:09.759,1789165569.7598972,-2265
2026-09-11 19:26:09.767,1789165569.767028,-2206
2026-09-11 19:26:09.774,1789165569.7747204,-2138
2026-09-11 19:26:09.782,1789165569.7824128,-2083
2026-09-11 19:26:09.790,1789165569.790105,-2034
2026-09-11 19:26:09.797,1789165569.7977974,-1981
2026-09-11 19:26:09.805,1789165569.8054895,-1944
2026-09-11 19:26:09.813,1789165569.8131819,-1906
2026-09-11 19:26:09.820,1789165569.8208742,-1838
2026-09-11 19:26:09.828,1789165569.8285666,-1780
2026-09-11 19:26:09.836,1789165569.836259,-1743
2026-09-11 19:26:09.843,1789165569.8439512,-1704
2026-09-11 19:26:09.851,1789165569.8516436,-1663
2026-09-11 19:26:09.859,1789165569.859336,-1605
2026-09-11 19:26:09.867,1789165569.867028,-1384
2026-09-11 19:26:09.874,1789165569.8747203,-1144
2026-09-11 19:26:09.882,1789165569.8824127,-1212
2026-09-11 19:26:09.890,1789165569.890105,-1316
2026-09-11 19:26:09.897,1789165569.8977973,-1195
2026-09-11 19:26:09.905,1789165569.9054897,-1115
2026-09-11 19:26:09.913,1789165569.913182,-1125
2026-09-11 19:26:09.920,1789165569.9208744,-1096
2026-09-11 19:26:09.928,1789165569.9285665,-1086
2026-09-11 19:26:09.936,1789165569.9362588,-1132
2026-09-11 19:26:09.943,1789165569.9439511,-1173
2026-09-11 19:26:09.951,1789165569.9516435,-1181
2026-09-11 19:26:09.959,1789165569.9593358,-1176
2026-09-11 19:26:09.967,1789165569.9670281,-1168
2026-09-11 19:26:09.974,1789165569.9747205,-1144
2026-09-11 19:26:09.982,1789165569.9824128,-1122
2026-09-11 19:26:09.990,1789165569.990105,-1120
2026-09-11 19:26:09.997,1789165569.9977973,-1108
2026-09-11 19:26:10.005,1789165570.0054896,-1040
2026-09-11 19:26:10.013,1789165570.013182,-848
2026-09-11 19:26:10.020,1789165570.0208743,-518
2026-09-11 19:26:10.028,1789165570.0285666,-160
2026-09-11 19:26:10.036,1789165570.036259,-128
2026-09-11 19:26:10.043,1789165570.0439513,-768
2026-09-11 19:26:10.051,1789165570.0516434,-1442
2026-09-11 19:26:10.059,1789165570.0593357,-1326
2026-09-11 19:26:10.067,1789165570.067028,-977
2026-09-11 19:26:10.074,1789165570.0747204,-996
2026-09-11 19:26:10.082,1789165570.0824127,-1013
2026-09-11 19:26:10.090,1789165570.090105,-904
2026-09-11 19:26:10.097,1789165570.0977974,-882
2026-09-11 19:26:10.105,1789165570.1054897,-880
2026-09-11 19:26:10.113,1789165570.1131818,-822
2026-09-11 19:26:10.120,1789165570.1208742,-729
2026-09-11 19:26:10.128,1789165570.1285665,-470
2026-09-11 19:26:10.136,1789165570.1362588,101
2026-09-11 19:26:10.143,1789165570.1439512,766
2026-09-11 19:26:10.151,1789165570.1516435,991
2026-09-11 19:26:10.159,1789165570.1593359,720
2026-09-11 19:26:10.167,1789165570.1670282,443
2026-09-11 19:26:10.174,1789165570.1747203,409
2026-09-11 19:26:10.182,1789165570.1824126,458
2026-09-11 19:26:10.190,1789165570.190105,274
2026-09-11 19:26:10.197,1789165570.1977973,-67
2026-09-11 19:26:10.205,1789165570.2054896,-145
2026-09-11 19:26:10.213,1789165570.213182,-111
2026-09-11 19:26:10.220,1789165570.2208743,-218
2026-09-11 19:26:10.228,1789165570.2285666,-266
2026-09-11 19:26:10.236,1789165570.2362587,-324
2026-09-11 19:26:10.243,1789165570.243951,-502
2026-09-11 19:26:10.251,1789165570.2516434,-562
2026-09-11 19:26:10.259,1789165570.2593358,-543
2026-09-11 19:26:10.267,1789165570.267028,-606
2026-09-11 19:26:10.274,1789165570.2747204,-671
2026-09-11 19:26:10.282,1789165570.2824128,-691
2026-09-11 19:26:10.290,1789165570.290105,-727
2026-09-11 19:26:10.297,1789165570.2977974,-783
2026-09-11 19:26:10.305,1789165570.3054895,-836
2026-09-11 19:26:10.313,1789165570.3131819,-863
2026-09-11 19:26:10.320,1789165570.3208742,-870
2026-09-11 19:26:10.327,1789165570.3279743,-880
2026-09-11 19:26:10.335,1789165570.3356667,-885
2026-09-11 19:26:10.343,1789165570.343359,-863
2026-09-11 19:26:10.351,1789165570.3510513,-836
2026-09-11 19:26:10.358,1789165570.3587437,-817
2026-09-11 19:26:10.366,1789165570.3664358,-790
2026-09-11 19:26:10.374,1789165570.374128,-759
2026-09-11 19:26:10.381,1789165570.3818204,-739
2026-09-11 19:26:10.389,1789165570.3895128,-742
2026-09-11 19:26:10.397,1789165570.397205,-737
2026-09-11 19:26:10.404,1789165570.4048975,-708
2026-09-11 19:26:10.412,1789165570.4125898,-686
2026-09-11 19:26:10.420,1789165570.4202821,-686
2026-09-11 19:26:10.427,1789165570.4279742,-671
2026-09-11 19:26:10.435,1789165570.4356666,-654
2026-09-11 19:26:10.443,1789165570.443359,-649
2026-09-11 19:26:10.451,1789165570.4510512,-635
2026-09-11 19:26:10.458,1789165570.4587436,-620
2026-09-11 19:26:10.466,1789165570.466436,-611
2026-09-11 19:26:10.474,1789165570.4741282,-601
2026-09-11 19:26:10.481,1789165570.4818206,-599
2026-09-11 19:26:10.489,1789165570.4895127,-606
2026-09-11 19:26:10.497,1789165570.497205,-591
2026-09-11 19:26:10.504,1789165570.5048974,-567
2026-09-11 19:26:10.512,1789165570.5125897,-555
2026-09-11 19:26:10.520,1789165570.520282,-526
2026-09-11 19:26:10.527,1789165570.5279744,-482
2026-09-11 19:26:10.535,1789165570.5356667,-468
2026-09-11 19:26:10.543,1789165570.543359,-480
2026-09-11 19:26:10.551,1789165570.5510511,-494
2026-09-11 19:26:10.558,1789165570.5587435,-509
2026-09-11 19:26:10.566,1789165570.5664358,-492
2026-09-11 19:26:10.574,1789165570.5741282,-434
2026-09-11 19:26:10.581,1789165570.5818205,-397
2026-09-11 19:26:10.589,1789165570.5895128,-421
2026-09-11 19:26:10.597,1789165570.5972052,-446
2026-09-11 19:26:10.604,1789165570.6048975,-429
2026-09-11 19:26:10.612,1789165570.6125896,-421
2026-09-11 19:26:10.620,1789165570.620282,-431
2026-09-11 19:26:10.627,1789165570.6279743,-400
2026-09-11 19:26:10.635,1789165570.6356666,-257
2026-09-11 19:26:10.643,1789165570.643359,55
2026-09-11 19:26:10.651,1789165570.6510513,446
2026-09-11 19:26:10.658,1789165570.6587436,635
2026-09-11 19:26:10.666,1789165570.666436,210
2026-09-11 19:26:10.674,1789165570.674128,-630
2026-09-11 19:26:10.681,1789165570.6818204,-831
2026-09-11 19:26:10.689,1789165570.6895127,-218
2026-09-11 19:26:10.697,1789165570.697205,732
2026-09-11 19:26:10.704,1789165570.7048974,2056
2026-09-11 19:26:10.712,1789165570.7125897,3201
2026-09-11 19:26:10.720,1789165570.720282,3523
2026-09-11 19:26:10.727,1789165570.7279744,3802
2026-09-11 19:26:10.735,1789165570.7356665,4670
2026-09-11 19:26:10.743,1789165570.7433589,4501
2026-09-11 19:26:10.751,1789165570.7510512,2497
2026-09-11 19:26:10.758,1789165570.7587435,887
2026-09-11 19:26:10.766,1789165570.7664359,485
2026-09-11 19:26:10.774,1789165570.7741282,14
2026-09-11 19:26:10.781,1789165570.7818205,-487
2026-09-11 19:26:10.789,1789165570.7895129,-555
2026-09-11 19:26:10.797,1789165570.797205,-514
2026-09-11 19:26:10.804,1789165570.8048973,-477
2026-09-11 19:26:10.812,1789165570.8125896,-489
2026-09-11 19:26:10.820,1789165570.820282,-676
2026-09-11 19:26:10.827,1789165570.8279743,-785
2026-09-11 19:26:10.835,1789165570.8356667,-725
2026-09-11 19:26:10.843,1789165570.843359,-712
2026-09-11 19:26:10.851,1789165570.8510513,-715
2026-09-11 19:26:10.858,1789165570.8587437,-594
2026-09-11 19:26:10.866,1789165570.8664358,-400
2026-09-11 19:26:10.874,1789165570.874128,-223
2026-09-11 19:26:10.881,1789165570.8818204,4
2026-09-11 19:26:10.888,1789165570.888946,441
2026-09-11 19:26:10.896,1789165570.8966384,1205
2026-09-11 19:26:10.904,1789165570.9043307,1913
2026-09-11 19:26:10.912,1789165570.912023,2391
2026-09-11 19:26:10.919,1789165570.9197154,3116
2026-09-11 19:26:10.927,1789165570.9274075,3729
2026-09-11 19:26:10.935,1789165570.9350998,3472
2026-09-11 19:26:10.942,1789165570.9427922,2202
2026-09-11 19:26:10.950,1789165570.9504845,911
2026-09-11 19:26:10.958,1789165570.9581769,1011
2026-09-11 19:26:10.965,1789165570.9658692,2148
2026-09-11 19:26:10.973,1789165570.9735615,3766
2026-09-11 19:26:10.981,1789165570.9812539,5764
2026-09-11 19:26:10.988,1789165570.988946,6897
2026-09-11 19:26:10.996,1789165570.9966383,7071
2026-09-11 19:26:11.004,1789165571.0043306,7515
2026-09-11 19:26:11.012,1789165571.012023,7687
2026-09-11 19:26:11.019,1789165571.0197153,6977
2026-09-11 19:26:11.027,1789165571.0274076,6448
2026-09-11 19:26:11.035,1789165571.0351,6254
2026-09-11 19:26:11.042,1789165571.0427923,5238
2026-09-11 19:26:11.050,1789165571.0504844,3836
2026-09-11 19:26:11.058,1789165571.0581768,3761
2026-09-11 19:26:11.065,1789165571.065869,4610
2026-09-11 19:26:11.073,1789165571.0735614,4454
2026-09-11 19:26:11.081,1789165571.0812538,3419
2026-09-11 19:26:11.088,1789165571.088946,3353
2026-09-11 19:26:11.096,1789165571.0966384,3484
2026-09-11 19:26:11.104,1789165571.1043308,1969
2026-09-11 19:26:11.112,1789165571.1120229,400
2026-09-11 19:26:11.119,1789165571.1197152,213
2026-09-11 19:26:11.127,1789165571.1274076,162
2026-09-11 19:26:11.135,1789165571.1351,-89
2026-09-11 19:26:11.142,1789165571.1427922,99
2026-09-11 19:26:11.150,1789165571.1504846,75
2026-09-11 19:26:11.158,1789165571.158177,-574
2026-09-11 19:26:11.165,1789165571.1658692,-1059
2026-09-11 19:26:11.173,1789165571.1735613,-1464
2026-09-11 19:26:11.181,1789165571.1812537,-2206
2026-09-11 19:26:11.188,1789165571.188946,-2556
2026-09-11 19:26:11.196,1789165571.1966383,-2274
2026-09-11 19:26:11.204,1789165571.2043307,-2010
2026-09-11 19:26:11.212,1789165571.212023,-1767
2026-09-11 19:26:11.219,1789165571.2197154,-894
2026-09-11 19:26:11.227,1789165571.2274077,388
2026-09-11 19:26:11.235,1789165571.2350998,994
2026-09-11 19:26:11.242,1789165571.2427921,1428
2026-09-11 19:26:11.250,1789165571.2504845,2471
2026-09-11 19:26:11.258,1789165571.2581768,3353
2026-09-11 19:26:11.265,1789165571.2658691,3746
2026-09-11 19:26:11.273,1789165571.2735615,3458
2026-09-11 19:26:11.281,1789165571.2812538,3276
2026-09-11 19:26:11.288,1789165571.2889462,4083
2026-09-11 19:26:11.296,1789165571.2966383,3543
2026-09-11 19:26:11.304,1789165571.3043306,1037
2026-09-11 19:26:11.312,1789165571.312023,-404
2026-09-11 19:26:11.319,1789165571.3197153,63
2026-09-11 19:26:11.327,1789165571.3274076,1081
2026-09-11 19:26:11.335,1789165571.3351,1610
2026-09-11 19:26:11.342,1789165571.3427923,1498
2026-09-11 19:26:11.350,1789165571.3504846,1952
2026-09-11 19:26:11.358,1789165571.3581767,2922
2026-09-11 19:26:11.365,1789165571.365869,3021
2026-09-11 19:26:11.373,1789165571.3735614,2830
2026-09-11 19:26:11.381,1789165571.3812537,2689
2026-09-11 19:26:11.388,1789165571.388946,1755
2026-09-11 19:26:11.396,1789165571.3966384,407
2026-09-11 19:26:11.404,1789165571.4043307,-734
2026-09-11 19:26:11.412,1789165571.412023,-1433
2026-09-11 19:26:11.419,1789165571.4197154,-1680
2026-09-11 19:26:11.427,1789165571.4274075,-1959
2026-09-11 19:26:11.435,1789165571.4350998,-2235
2026-09-11 19:26:11.442,1789165571.4427922,-2211
2026-09-11 19:26:11.449,1789165571.449887,-2294
2026-09-11 19:26:11.457,1789165571.4575794,-2425
2026-09-11 19:26:11.465,1789165571.4652717,-2100
2026-09-11 19:26:11.472,1789165571.472964,-1886
2026-09-11 19:26:11.480,1789165571.4806564,-2289
2026-09-11 19:26:11.488,1789165571.4883485,-2776
2026-09-11 19:26:11.496,1789165571.4960408,-3162
2026-09-11 19:26:11.503,1789165571.5037332,-3533
2026-09-11 19:26:11.511,1789165571.5114255,-3715
2026-09-11 19:26:11.519,1789165571.5191178,-3773
2026-09-11 19:26:11.526,1789165571.5268102,-3831
2026-09-11 19:26:11.534,1789165571.5345025,-3792
2026-09-11 19:26:11.542,1789165571.5421948,-3676
2026-09-11 19:26:11.549,1789165571.549887,-3545
2026-09-11 19:26:11.557,1789165571.5575793,-3397
2026-09-11 19:26:11.565,1789165571.5652716,-3295
2026-09-11 19:26:11.572,1789165571.572964,-3232
2026-09-11 19:26:11.580,1789165571.5806563,-3159
2026-09-11 19:26:11.588,1789165571.5883486,-3104
2026-09-11 19:26:11.596,1789165571.596041,-3075
2026-09-11 19:26:11.603,1789165571.6037333,-3007
2026-09-11 19:26:11.611,1789165571.6114254,-2832
2026-09-11 19:26:11.619,1789165571.6191177,-2597
2026-09-11 19:26:11.626,1789165571.62681,-2417
2026-09-11 19:26:11.634,1789165571.6345024,-2209
2026-09-11 19:26:11.642,1789165571.6421947,-1860
2026-09-11 19:26:11.649,1789165571.649887,-1350
2026-09-11 19:26:11.657,1789165571.6575794,-783
2026-09-11 19:26:11.665,1789165571.6652718,-523
2026-09-11 19:26:11.672,1789165571.6729639,-664
2026-09-11 19:26:11.680,1789165571.6806562,-715
2026-09-11 19:26:11.688,1789165571.6883485,-303
2026-09-11 19:26:11.696,1789165571.6960409,274
2026-09-11 19:26:11.703,1789165571.7037332,560
2026-09-11 19:26:11.711,1789165571.7114255,603
2026-09-11 19:26:11.719,1789165571.7191179,691
2026-09-11 19:26:11.726,1789165571.7268102,953
2026-09-11 19:26:11.734,1789165571.7345023,1428
2026-09-11 19:26:11.742,1789165571.7421947,1860
2026-09-11 19:26:11.749,1789165571.749887,1908
2026-09-11 19:26:11.757,1789165571.7575793,1860
2026-09-11 19:26:11.765,1789165571.7652717,1966
2026-09-11 19:26:11.772,1789165571.772964,2238
2026-09-11 19:26:11.780,1789165571.7806563,2524
2026-09-11 19:26:11.788,1789165571.7883487,2296
2026-09-11 19:26:11.796,1789165571.7960408,1794
2026-09-11 19:26:11.803,1789165571.803733,1404
2026-09-11 19:26:11.811,1789165571.8114254,1098
2026-09-11 19:26:11.819,1789165571.8191178,1741
2026-09-11 19:26:11.826,1789165571.8268101,2953
2026-09-11 19:26:11.834,1789165571.8345025,3033
2026-09-11 19:26:11.842,1789165571.8421948,2628
2026-09-11 19:26:11.849,1789165571.8498871,2391
2026-09-11 19:26:11.857,1789165571.8575792,1598
2026-09-11 19:26:11.865,1789165571.8652716,1016
2026-09-11 19:26:11.872,1789165571.872964,1161
2026-09-11 19:26:11.880,1789165571.8806562,1035
2026-09-11 19:26:11.888,1789165571.8883486,300
2026-09-11 19:26:11.896,1789165571.896041,46
2026-09-11 19:26:11.903,1789165571.9037333,800
2026-09-11 19:26:11.911,1789165571.9114256,1311
2026-09-11 19:26:11.919,1789165571.9191177,574
2026-09-11 19:26:11.926,1789165571.92681,-751
2026-09-11 19:26:11.934,1789165571.9345024,-1353
2026-09-11 19:26:11.942,1789165571.9421947,-1348
2026-09-11 19:26:11.949,1789165571.949887,-1544
2026-09-11 19:26:11.957,1789165571.9575794,-1801
2026-09-11 19:26:11.965,1789165571.9652717,-2058
2026-09-11 19:26:11.972,1789165571.972964,-2286
2026-09-11 19:26:11.980,1789165571.9806564,-2366
2026-09-11 19:26:11.988,1789165571.9883485,-2645
2026-09-11 19:26:11.996,1789165571.9960408,-2927
2026-09-11 19:26:12.003,1789165572.0037332,-2890
2026-09-11 19:26:12.010,1789165572.0108435,-2861
2026-09-11 19:26:12.018,1789165572.0185359,-2895
2026-09-11 19:26:12.026,1789165572.0262282,-2825
2026-09-11 19:26:12.033,1789165572.0339205,-2737
2026-09-11 19:26:12.041,1789165572.0416129,-2689
2026-09-11 19:26:12.049,1789165572.049305,-2611
2026-09-11 19:26:12.056,1789165572.0569973,-2529
2026-09-11 19:26:12.064,1789165572.0646896,-2461
2026-09-11 19:26:12.072,1789165572.072382,-2371
2026-09-11 19:26:12.080,1789165572.0800743,-2294
2026-09-11 19:26:12.087,1789165572.0877666,-2240
2026-09-11 19:26:12.095,1789165572.095459,-2182
2026-09-11 19:26:12.103,1789165572.1031513,-2129
2026-09-11 19:26:12.110,1789165572.1108434,-2085
2026-09-11 19:26:12.118,1789165572.1185358,-2044
2026-09-11 19:26:12.126,1789165572.126228,-2017
2026-09-11 19:26:12.133,1789165572.1339204,-2008
2026-09-11 19:26:12.141,1789165572.1416128,-1983
2026-09-11 19:26:12.149,1789165572.149305,-1959
2026-09-11 19:26:12.156,1789165572.1569974,-1932
2026-09-11 19:26:12.164,1789165572.1646898,-1891
2026-09-11 19:26:12.172,1789165572.1723819,-1847
2026-09-11 19:26:12.180,1789165572.1800742,-1804
2026-09-11 19:26:12.187,1789165572.1877666,-1750
2026-09-11 19:26:12.195,1789165572.195459,-1695
2026-09-11 19:26:12.203,1789165572.2031512,-1644
2026-09-11 19:26:12.210,1789165572.2108436,-1588
2026-09-11 19:26:12.218,1789165572.218536,-1535
2026-09-11 19:26:12.226,1789165572.2262282,-1489
2026-09-11 19:26:12.233,1789165572.2339203,-1450
2026-09-11 19:26:12.241,1789165572.2416127,-1416
2026-09-11 19:26:12.249,1789165572.249305,-1372
2026-09-11 19:26:12.256,1789165572.2569973,-1328
2026-09-11 19:26:12.264,1789165572.2646897,-1297
2026-09-11 19:26:12.272,1789165572.272382,-1263
2026-09-11 19:26:12.280,1789165572.2800744,-1227
2026-09-11 19:26:12.287,1789165572.2877667,-1198
2026-09-11 19:26:12.295,1789165572.2954588,-1166
2026-09-11 19:26:12.303,1789165572.3031511,-1139
2026-09-11 19:26:12.310,1789165572.3108435,-1120
2026-09-11 19:26:12.318,1789165572.3185358,-1088
2026-09-11 19:26:12.326,1789165572.3262281,-1052
2026-09-11 19:26:12.333,1789165572.3339205,-1023
2026-09-11 19:26:12.341,1789165572.3416128,-982
2026-09-11 19:26:12.349,1789165572.3493052,-931
2026-09-11 19:26:12.356,1789165572.3569973,-897
2026-09-11 19:26:12.364,1789165572.3646896,-880
2026-09-11 19:26:12.372,1789165572.372382,-870
2026-09-11 19:26:12.380,1789165572.3800743,-865
2026-09-11 19:26:12.387,1789165572.3877666,-856
2026-09-11 19:26:12.395,1789165572.395459,-841
2026-09-11 19:26:12.403,1789165572.4031513,-824
2026-09-11 19:26:12.410,1789165572.4108436,-805
2026-09-11 19:26:12.418,1789165572.4185357,-788
2026-09-11 19:26:12.426,1789165572.426228,-768
2026-09-11 19:26:12.433,1789165572.4339204,-746
2026-09-11 19:26:12.441,1789165572.4416127,-727
2026-09-11 19:26:12.449,1789165572.449305,-691
2026-09-11 19:26:12.456,1789165572.4569974,-557
2026-09-11 19:26:12.464,1789165572.4646897,-293
2026-09-11 19:26:12.472,1789165572.472382,50
2026-09-11 19:26:12.480,1789165572.4800742,366
2026-09-11 19:26:12.487,1789165572.4877665,194
2026-09-11 19:26:12.495,1789165572.4954588,-618
2026-09-11 19:26:12.503,1789165572.5031512,-1067
2026-09-11 19:26:12.510,1789165572.5108435,-754
2026-09-11 19:26:12.518,1789165572.5185359,-574
2026-09-11 19:26:12.526,1789165572.5262282,-700
2026-09-11 19:26:12.533,1789165572.5339205,-664
2026-09-11 19:26:12.541,1789165572.5416129,-579
2026-09-11 19:26:12.549,1789165572.549305,-603
2026-09-11 19:26:12.556,1789165572.5569973,-594
2026-09-11 19:26:12.564,1789165572.5646896,-548
2026-09-11 19:26:12.571,1789165572.57179,-535
2026-09-11 19:26:12.579,1789165572.5794823,-528
2026-09-11 19:26:12.587,1789165572.5871747,-504
2026-09-11 19:26:12.594,1789165572.594867,-487
2026-09-11 19:26:12.602,1789165572.6025593,-472
2026-09-11 19:26:12.610,1789165572.6102514,-453
2026-09-11 19:26:12.617,1789165572.6179438,-438
2026-09-11 19:26:12.625,1789165572.625636,-426
2026-09-11 19:26:12.633,1789165572.6333284,-409
2026-09-11 19:26:12.641,1789165572.6410208,-390
2026-09-11 19:26:12.648,1789165572.648713,-371
2026-09-11 19:26:12.656,1789165572.6564054,-346
2026-09-11 19:26:12.664,1789165572.6640978,-322
2026-09-11 19:26:12.671,1789165572.67179,-303
2026-09-11 19:26:12.679,1789165572.6794822,-288
2026-09-11 19:26:12.687,1789165572.6871746,-274
2026-09-11 19:26:12.694,1789165572.694867,-266
2026-09-11 19:26:12.702,1789165572.7025592,-261
2026-09-11 19:26:12.710,1789165572.7102516,-264
2026-09-11 19:26:12.717,1789165572.717944,-274
2026-09-11 19:26:12.725,1789165572.7256362,-295
2026-09-11 19:26:12.733,1789165572.7333283,-324
2026-09-11 19:26:12.741,1789165572.7410207,-351
2026-09-11 19:26:12.748,1789165572.748713,-378
2026-09-11 19:26:12.756,1789165572.7564054,-395
2026-09-11 19:26:12.764,1789165572.7640977,-404
2026-09-11 19:26:12.771,1789165572.77179,-409
2026-09-11 19:26:12.779,1789165572.7794824,-412
2026-09-11 19:26:12.787,1789165572.7871747,-407
2026-09-11 19:26:12.794,1789165572.7948668,-400
2026-09-11 19:26:12.802,1789165572.8025591,-385
2026-09-11 19:26:12.810,1789165572.8102515,-371
2026-09-11 19:26:12.817,1789165572.8179438,-361
2026-09-11 19:26:12.825,1789165572.8256361,-354
2026-09-11 19:26:12.833,1789165572.8333285,-341
2026-09-11 19:26:12.841,1789165572.8410208,-332
2026-09-11 19:26:12.848,1789165572.8487132,-327
2026-09-11 19:26:12.856,1789165572.8564053,-322
2026-09-11 19:26:12.864,1789165572.8640976,-317
2026-09-11 19:26:12.871,1789165572.87179,-315
2026-09-11 19:26:12.879,1789165572.8794823,-310
2026-09-11 19:26:12.887,1789165572.8871746,-305
2026-09-11 19:26:12.894,1789165572.894867,-303
2026-09-11 19:26:12.902,1789165572.9025593,-298
2026-09-11 19:26:12.910,1789165572.9102516,-293
2026-09-11 19:26:12.917,1789165572.9179437,-293
2026-09-11 19:26:12.925,1789165572.925636,-293
2026-09-11 19:26:12.933,1789165572.9333284,-288
2026-09-11 19:26:12.941,1789165572.9410207,-283
2026-09-11 19:26:12.948,1789165572.948713,-286
2026-09-11 19:26:12.956,1789165572.9564054,-291
2026-09-11 19:26:12.964,1789165572.9640977,-293
2026-09-11 19:26:12.971,1789165572.97179,-283
2026-09-11 19:26:12.979,1789165572.9794822,-276
2026-09-11 19:26:12.987,1789165572.9871745,-269
2026-09-11 19:26:12.994,1789165572.9948668,-247
2026-09-11 19:26:13.002,1789165573.0025592,-220
2026-09-11 19:26:13.010,1789165573.0102515,-206
2026-09-11 19:26:13.017,1789165573.0179439,-210
2026-09-11 19:26:13.025,1789165573.0256362,-227
2026-09-11 19:26:13.033,1789165573.0333285,-242
2026-09-11 19:26:13.041,1789165573.0410206,-249
2026-09-11 19:26:13.048,1789165573.048713,-252
2026-09-11 19:26:13.056,1789165573.0564053,-252
2026-09-11 19:26:13.064,1789165573.0640976,-249
2026-09-11 19:26:13.071,1789165573.07179,-247
2026-09-11 19:26:13.079,1789165573.0794823,-240
2026-09-11 19:26:13.087,1789165573.0871747,-235
2026-09-11 19:26:13.094,1789165573.094867,-235
2026-09-11 19:26:13.102,1789165573.1025593,-191
2026-09-11 19:26:13.110,1789165573.1102514,-26
2026-09-11 19:26:13.117,1789165573.1179438,237
2026-09-11 19:26:13.125,1789165573.125636,562
2026-09-11 19:26:13.132,1789165573.1327362,766
2026-09-11 19:26:13.140,1789165573.1404285,332
2026-09-11 19:26:13.148,1789165573.1481209,-489
2026-09-11 19:26:13.155,1789165573.1558132,-630
2026-09-11 19:26:13.163,1789165573.1635056,-264
2026-09-11 19:26:13.171,1789165573.1711977,-249
2026-09-11 19:26:13.178,1789165573.17889,-361
2026-09-11 19:26:13.186,1789165573.1865823,-286
2026-09-11 19:26:13.194,1789165573.1942747,-249
2026-09-11 19:26:13.201,1789165573.201967,-283
2026-09-11 19:26:13.209,1789165573.2096593,-257
2026-09-11 19:26:13.217,1789165573.2173517,-227
2026-09-11 19:26:13.225,1789165573.225044,-232
2026-09-11 19:26:13.232,1789165573.232736,-227
2026-09-11 19:26:13.240,1789165573.2404284,-213
2026-09-11 19:26:13.248,1789165573.2481208,-206
2026-09-11 19:26:13.255,1789165573.2558131,-198
2026-09-11 19:26:13.263,1789165573.2635055,-184
2026-09-11 19:26:13.271,1789165573.2711978,-174
2026-09-11 19:26:13.278,1789165573.2788901,-167
2026-09-11 19:26:13.286,1789165573.2865825,-155
2026-09-11 19:26:13.294,1789165573.2942746,-143
2026-09-11 19:26:13.301,1789165573.301967,-128
2026-09-11 19:26:13.309,1789165573.3096592,-111
2026-09-11 19:26:13.317,1789165573.3173516,-97
2026-09-11 19:26:13.325,1789165573.325044,-84
2026-09-11 19:26:13.332,1789165573.3327363,-72
2026-09-11 19:26:13.340,1789165573.3404286,-65
2026-09-11 19:26:13.348,1789165573.348121,-65
2026-09-11 19:26:13.355,1789165573.355813,-67
2026-09-11 19:26:13.363,1789165573.3635054,-75
2026-09-11 19:26:13.371,1789165573.3711977,-89
2026-09-11 19:26:13.378,1789165573.37889,-111
2026-09-11 19:26:13.386,1789165573.3865824,-145
2026-09-11 19:26:13.394,1789165573.3942747,-177
2026-09-11 19:26:13.401,1789165573.401967,-198
2026-09-11 19:26:13.409,1789165573.4096594,-218
2026-09-11 19:26:13.417,1789165573.4173515,-232
2026-09-11 19:26:13.425,1789165573.4250438,-242
2026-09-11 19:26:13.432,1789165573.4327362,-244
2026-09-11 19:26:13.440,1789165573.4404285,-240
2026-09-11 19:26:13.448,1789165573.4481208,-232
2026-09-11 19:26:13.455,1789165573.4558132,-220
2026-09-11 19:26:13.463,1789165573.4635055,-210
2026-09-11 19:26:13.471,1789165573.4711978,-203
2026-09-11 19:26:13.478,1789165573.47889,-198
2026-09-11 19:26:13.486,1789165573.4865823,-189
2026-09-11 19:26:13.494,1789165573.4942746,-181
2026-09-11 19:26:13.501,1789165573.501967,-179
2026-09-11 19:26:13.509,1789165573.5096593,-177
2026-09-11 19:26:13.517,1789165573.5173516,-174
2026-09-11 19:26:13.525,1789165573.525044,-174
2026-09-11 19:26:13.532,1789165573.5327363,-174
2026-09-11 19:26:13.540,1789165573.5404284,-172
2026-09-11 19:26:13.548,1789165573.5481207,-167
2026-09-11 19:26:13.555,1789165573.555813,-162
2026-09-11 19:26:13.563,1789165573.5635054,-160
2026-09-11 19:26:13.571,1789165573.5711977,-160
2026-09-11 19:26:13.578,1789165573.57889,-160
2026-09-11 19:26:13.586,1789165573.5865824,-160
2026-09-11 19:26:13.594,1789165573.5942748,-160
2026-09-11 19:26:13.601,1789165573.6019669,-157
2026-09-11 19:26:13.609,1789165573.6096592,-155
2026-09-11 19:26:13.617,1789165573.6173515,-152
2026-09-11 19:26:13.625,1789165573.6250439,-147
2026-09-11 19:26:13.632,1789165573.6327362,-145
2026-09-11 19:26:13.640,1789165573.6404285,-145
2026-09-11 19:26:13.648,1789165573.6481209,-143
2026-09-11 19:26:13.655,1789165573.6558132,-140
2026-09-11 19:26:13.663,1789165573.6635056,-138
2026-09-11 19:26:13.671,1789165573.6711977,-140
2026-09-11 19:26:13.678,1789165573.67889,-145
2026-09-11 19:26:13.686,1789165573.6865823,-147
2026-09-11 19:26:13.693,1789165573.6936824,-143
2026-09-11 19:26:13.701,1789165573.7013748,-135
2026-09-11 19:26:13.709,1789165573.709067,-126
2026-09-11 19:26:13.716,1789165573.7167594,-106
2026-09-11 19:26:13.724,1789165573.7244518,-80
2026-09-11 19:26:13.732,1789165573.7321439,-65
2026-09-11 19:26:13.739,1789165573.7398362,-67
2026-09-11 19:26:13.747,1789165573.7475286,-80
2026-09-11 19:26:13.755,1789165573.755221,-99
2026-09-11 19:26:13.762,1789165573.7629132,-113
2026-09-11 19:26:13.770,1789165573.7706056,-118
2026-09-11 19:26:13.778,1789165573.778298,-116
2026-09-11 19:26:13.785,1789165573.7859902,-118
2026-09-11 19:26:13.793,1789165573.7936823,-116
2026-09-11 19:26:13.801,1789165573.8013747,-113
2026-09-11 19:26:13.809,1789165573.809067,-111
2026-09-11 19:26:13.816,1789165573.8167593,-113
2026-09-11 19:26:13.824,1789165573.8244517,-87
2026-09-11 19:26:13.832,1789165573.832144,31
2026-09-11 19:26:13.839,1789165573.8398364,254
2026-09-11 19:26:13.847,1789165573.8475287,540
2026-09-11 19:26:13.855,1789165573.8552208,783
2026-09-11 19:26:13.862,1789165573.8629131,502
2026-09-11 19:26:13.870,1789165573.8706055,-274
2026-09-11 19:26:13.878,1789165573.8782978,-533
2026-09-11 19:26:13.885,1789165573.8859901,-191
2026-09-11 19:26:13.893,1789165573.8936825,-104
2026-09-11 19:26:13.901,1789165573.9013748,-227
2026-09-11 19:26:13.909,1789165573.9090672,-181
2026-09-11 19:26:13.916,1789165573.9167593,-133
2026-09-11 19:26:13.924,1789165573.9244516,-167
2026-09-11 19:26:13.932,1789165573.932144,-155
2026-09-11 19:26:13.939,1789165573.9398363,-123
2026-09-11 19:26:13.947,1789165573.9475286,-123
2026-09-11 19:26:13.955,1789165573.955221,-121
2026-09-11 19:26:13.962,1789165573.9629133,-106
2026-09-11 19:26:13.970,1789165573.9706056,-97
2026-09-11 19:26:13.978,1789165573.9782977,-92
2026-09-11 19:26:13.985,1789165573.98599,-87
2026-09-11 19:26:13.993,1789165573.9936824,-77
2026-09-11 19:26:14.001,1789165574.0013747,-67
2026-09-11 19:26:14.009,1789165574.009067,-58
2026-09-11 19:26:14.016,1789165574.0167594,-48
2026-09-11 19:26:14.024,1789165574.0244517,-36
2026-09-11 19:26:14.032,1789165574.032144,-24
2026-09-11 19:26:14.039,1789165574.0398362,-12
2026-09-11 19:26:14.047,1789165574.0475285,-2
2026-09-11 19:26:14.055,1789165574.0552208,9
2026-09-11 19:26:14.062,1789165574.0629132,14
2026-09-11 19:26:14.070,1789165574.0706055,12
2026-09-11 19:26:14.078,1789165574.0782979,12
2026-09-11 19:26:14.085,1789165574.0859902,7
2026-09-11 19:26:14.093,1789165574.0936825,-7
2026-09-11 19:26:14.101,1789165574.1013746,-26
2026-09-11 19:26:14.109,1789165574.109067,-48
2026-09-11 19:26:14.116,1789165574.1167593,-80
2026-09-11 19:26:14.124,1789165574.1244516,-113
2026-09-11 19:26:14.132,1789165574.132144,-143
2026-09-11 19:26:14.139,1789165574.1398363,-160
2026-09-11 19:26:14.147,1789165574.1475286,-172
2026-09-11 19:26:14.155,1789165574.155221,-179
2026-09-11 19:26:14.162,1789165574.162913,-181
2026-09-11 19:26:14.170,1789165574.1706054,-177
2026-09-11 19:26:14.178,1789165574.1782978,-167
2026-09-11 19:26:14.185,1789165574.18599,-164
2026-09-11 19:26:14.193,1789165574.1936824,-160
2026-09-11 19:26:14.201,1789165574.2013748,-155
2026-09-11 19:26:14.209,1789165574.209067,-150
2026-09-11 19:26:14.216,1789165574.2167594,-150
2026-09-11 19:26:14.224,1789165574.2244518,-145
2026-09-11 19:26:14.232,1789165574.2321439,-145
2026-09-11 19:26:14.239,1789165574.2398362,-145
2026-09-11 19:26:14.247,1789165574.2475286,-145
2026-09-11 19:26:14.254,1789165574.2546287,-145
2026-09-11 19:26:14.262,1789165574.262321,-147
2026-09-11 19:26:14.270,1789165574.2700133,-147
2026-09-11 19:26:14.277,1789165574.2777057,-145
2026-09-11 19:26:14.285,1789165574.285398,-145
2026-09-11 19:26:14.293,1789165574.29309,-150
2026-09-11 19:26:14.300,1789165574.3007824,-150
2026-09-11 19:26:14.308,1789165574.3084748,-150
2026-09-11 19:26:14.316,1789165574.316167,-150
2026-09-11 19:26:14.323,1789165574.3238595,-147
2026-09-11 19:26:14.331,1789165574.3315518,-147
2026-09-11 19:26:14.339,1789165574.3392441,-147
2026-09-11 19:26:14.346,1789165574.3469365,-150
2026-09-11 19:26:14.354,1789165574.3546286,-152
2026-09-11 19:26:14.362,1789165574.362321,-152
2026-09-11 19:26:14.370,1789165574.3700132,-147
2026-09-11 19:26:14.377,1789165574.3777056,-147
2026-09-11 19:26:14.385,1789165574.385398,-150
2026-09-11 19:26:14.393,1789165574.3930902,-147
2026-09-11 19:26:14.400,1789165574.4007826,-145
2026-09-11 19:26:14.408,1789165574.408475,-147
2026-09-11 19:26:14.416,1789165574.416167,-157
2026-09-11 19:26:14.423,1789165574.4238594,-162
2026-09-11 19:26:14.431,1789165574.4315517,-155
2026-09-11 19:26:14.439,1789165574.439244,-145
2026-09-11 19:26:14.446,1789165574.4469364,-130
2026-09-11 19:26:14.454,1789165574.4546287,-106
2026-09-11 19:26:14.462,1789165574.462321,-87
2026-09-11 19:26:14.470,1789165574.4700134,-80
2026-09-11 19:26:14.477,1789165574.4777055,-92
2026-09-11 19:26:14.485,1789165574.4853978,-113
2026-09-11 19:26:14.493,1789165574.4930902,-135
2026-09-11 19:26:14.500,1789165574.5007825,-145
2026-09-11 19:26:14.508,1789165574.5084748,-150
2026-09-11 19:26:14.516,1789165574.5161672,-150
2026-09-11 19:26:14.523,1789165574.5238595,-150
2026-09-11 19:26:14.531,1789165574.5315518,-150
2026-09-11 19:26:14.539,1789165574.539244,-145
2026-09-11 19:26:14.546,1789165574.5469363,-145
2026-09-11 19:26:14.554,1789165574.5546286,-145
2026-09-11 19:26:14.562,1789165574.562321,-113
2026-09-11 19:26:14.570,1789165574.5700133,19
2026-09-11 19:26:14.577,1789165574.5777056,242
2026-09-11 19:26:14.585,1789165574.585398,511
2026-09-11 19:26:14.593,1789165574.5930903,657
2026-09-11 19:26:14.600,1789165574.6007824,257
2026-09-11 19:26:14.608,1789165574.6084747,-414
2026-09-11 19:26:14.616,1789165574.616167,-487
2026-09-11 19:26:14.623,1789165574.6238594,-181
2026-09-11 19:26:14.631,1789165574.6315517,-164
2026-09-11 19:26:14.639,1789165574.639244,-237
2026-09-11 19:26:14.646,1789165574.6469364,-179
2026-09-11 19:26:14.654,1789165574.6546288,-160
2026-09-11 19:26:14.662,1789165574.6623209,-186
2026-09-11 19:26:14.670,1789165574.6700132,-164
2026-09-11 19:26:14.677,1789165574.6777055,-147
2026-09-11 19:26:14.685,1789165574.6853979,-152
2026-09-11 19:26:14.693,1789165574.6930902,-138
2026-09-11 19:26:14.700,1789165574.7007825,-121
2026-09-11 19:26:14.708,1789165574.7084749,-118
2026-09-11 19:26:14.716,1789165574.7161672,-113
2026-09-11 19:26:14.723,1789165574.7238593,-106
2026-09-11 19:26:14.731,1789165574.7315516,-97
2026-09-11 19:26:14.739,1789165574.739244,-84
2026-09-11 19:26:14.746,1789165574.7469363,-75
2026-09-11 19:26:14.754,1789165574.7546287,-63
2026-09-11 19:26:14.762,1789165574.762321,-48
2026-09-11 19:26:14.770,1789165574.7700133,-38
2026-09-11 19:26:14.777,1789165574.7777057,-29
2026-09-11 19:26:14.785,1789165574.785398,-9
2026-09-11 19:26:14.793,1789165574.79309,0
2026-09-11 19:26:14.800,1789165574.8007824,0
2026-09-11 19:26:14.808,1789165574.8084748,4
2026-09-11 19:26:14.815,1789165574.8156054,9
2026-09-11 19:26:14.823,1789165574.8232977,-2
2026-09-11 19:26:14.830,1789165574.83099,-14
2026-09-11 19:26:14.838,1789165574.8386824,-26
2026-09-11 19:26:14.846,1789165574.8463748,-50
2026-09-11 19:26:14.854,1789165574.8540668,-87
2026-09-11 19:26:14.861,1789165574.8617592,-118
2026-09-11 19:26:14.869,1789165574.8694515,-150
2026-09-11 19:26:14.877,1789165574.8771439,-169
2026-09-11 19:26:14.884,1789165574.8848362,-179
2026-09-11 19:26:14.892,1789165574.8925285,-186
2026-09-11 19:26:14.900,1789165574.9002209,-189
2026-09-11 19:26:14.907,1789165574.9079132,-177
2026-09-11 19:26:14.915,1789165574.9156053,-164
2026-09-11 19:26:14.923,1789165574.9232976,-160
2026-09-11 19:26:14.930,1789165574.93099,-157
2026-09-11 19:26:14.938,1789165574.9386823,-152
2026-09-11 19:26:14.946,1789165574.9463747,-150
2026-09-11 19:26:14.954,1789165574.954067,-147
2026-09-11 19:26:14.961,1789165574.9617593,-145
2026-09-11 19:26:14.969,1789165574.9694517,-143
2026-09-11 19:26:14.977,1789165574.9771438,-145
2026-09-11 19:26:14.984,1789165574.984836,-143
2026-09-11 19:26:14.992,1789165574.9925284,-138
2026-09-11 19:26:15.000,1789165575.0002208,-135
2026-09-11 19:26:15.007,1789165575.007913,-135
2026-09-11 19:26:15.015,1789165575.0156054,-140
2026-09-11 19:26:15.023,1789165575.0232978,-145
2026-09-11 19:26:15.030,1789165575.0309901,-138
2026-09-11 19:26:15.038,1789165575.0386822,-130
2026-09-11 19:26:15.046,1789165575.0463746,-130
2026-09-11 19:26:15.054,1789165575.054067,-130
2026-09-11 19:26:15.061,1789165575.0617592,-130
2026-09-11 19:26:15.069,1789165575.0694516,-138
2026-09-11 19:26:15.077,1789165575.077144,-140
2026-09-11 19:26:15.084,1789165575.0848362,-133
2026-09-11 19:26:15.092,1789165575.0925286,-128
2026-09-11 19:26:15.100,1789165575.1002207,-130
2026-09-11 19:26:15.107,1789165575.107913,-128
2026-09-11 19:26:15.115,1789165575.1156054,-116
2026-09-11 19:26:15.123,1789165575.1232977,-113
2026-09-11 19:26:15.130,1789165575.13099,-118
2026-09-11 19:26:15.138,1789165575.1386824,-121
2026-09-11 19:26:15.146,1789165575.1463747,-126
2026-09-11 19:26:15.154,1789165575.154067,-133
2026-09-11 19:26:15.161,1789165575.1617591,-133
2026-09-11 19:26:15.169,1789165575.1694515,-123
2026-09-11 19:26:15.177,1789165575.1771438,-104
2026-09-11 19:26:15.184,1789165575.1848361,-75
2026-09-11 19:26:15.192,1789165575.1925285,-58
2026-09-11 19:26:15.200,1789165575.2002208,-55
2026-09-11 19:26:15.207,1789165575.2079132,-70
2026-09-11 19:26:15.215,1789165575.2156055,-92
2026-09-11 19:26:15.223,1789165575.2232976,-113
2026-09-11 19:26:15.230,1789165575.23099,-121
2026-09-11 19:26:15.238,1789165575.2386823,-123
2026-09-11 19:26:15.246,1789165575.2463746,-121
2026-09-11 19:26:15.254,1789165575.254067,-118
2026-09-11 19:26:15.261,1789165575.2617593,-118
2026-09-11 19:26:15.269,1789165575.2694516,-118
2026-09-11 19:26:15.277,1789165575.277144,-113
2026-09-11 19:26:15.284,1789165575.284836,-113
2026-09-11 19:26:15.292,1789165575.2925284,-75
2026-09-11 19:26:15.300,1789165575.3002207,80
2026-09-11 19:26:15.307,1789165575.307913,339
2026-09-11 19:26:15.315,1789165575.3156054,632
2026-09-11 19:26:15.323,1789165575.3232977,705
2026-09-11 19:26:15.330,1789165575.33099,174
2026-09-11 19:26:15.338,1789165575.3386824,-499
2026-09-11 19:26:15.346,1789165575.3463748,-477
2026-09-11 19:26:15.354,1789165575.3540668,-157
2026-09-11 19:26:15.361,1789165575.3617592,-160
2026-09-11 19:26:15.369,1789165575.3694515,-203
2026-09-11 19:26:15.376,1789165575.3765519,-126
2026-09-11 19:26:15.384,1789165575.3842442,-123
2026-09-11 19:26:15.391,1789165575.3919365,-152
2026-09-11 19:26:15.399,1789165575.3996289,-123
2026-09-11 19:26:15.407,1789165575.4073212,-99
2026-09-11 19:26:15.415,1789165575.4150133,-101
2026-09-11 19:26:15.422,1789165575.4227057,-92
2026-09-11 19:26:15.430,1789165575.430398,-75
2026-09-11 19:26:15.438,1789165575.4380903,-67
2026-09-11 19:26:15.445,1789165575.4457827,-60
2026-09-11 19:26:15.453,1789165575.453475,-43
2026-09-11 19:26:15.461,1789165575.4611673,-36
2026-09-11 19:26:15.468,1789165575.4688597,-29
2026-09-11 19:26:15.476,1789165575.4765518,-19
2026-09-11 19:26:15.484,1789165575.484244,0
2026-09-11 19:26:15.491,1789165575.4919364,19
2026-09-11 19:26:15.499,1789165575.4996288,33
2026-09-11 19:26:15.507,1789165575.5073211,48
2026-09-11 19:26:15.515,1789165575.5150135,65
2026-09-11 19:26:15.522,1789165575.5227058,77
2026-09-11 19:26:15.530,1789165575.5303981,87
2026-09-11 19:26:15.538,1789165575.5380902,99
2026-09-11 19:26:15.545,1789165575.5457826,104
2026-09-11 19:26:15.553,1789165575.553475,97
2026-09-11 19:26:15.561,1789165575.5611672,82
2026-09-11 19:26:15.568,1789165575.5688596,55
2026-09-11 19:26:15.576,1789165575.576552,14
2026-09-11 19:26:15.584,1789165575.5842443,-38
2026-09-11 19:26:15.591,1789165575.5919366,-92
2026-09-11 19:26:15.599,1789165575.5996287,-128
2026-09-11 19:26:15.607,1789165575.607321,-152
2026-09-11 19:26:15.615,1789165575.6150134,-179
2026-09-11 19:26:15.622,1789165575.6227057,-194
2026-09-11 19:26:15.630,1789165575.630398,-184
2026-09-11 19:26:15.638,1789165575.6380904,-179
2026-09-11 19:26:15.645,1789165575.6457827,-179
2026-09-11 19:26:15.653,1789165575.653475,-169
2026-09-11 19:26:15.661,1789165575.6611671,-150
2026-09-11 19:26:15.668,1789165575.6688595,-143
2026-09-11 19:26:15.676,1789165575.6765518,-143
2026-09-11 19:26:15.684,1789165575.6842442,-143
2026-09-11 19:26:15.691,1789165575.6919365,-135
2026-09-11 19:26:15.699,1789165575.6996288,-126
2026-09-11 19:26:15.707,1789165575.7073212,-126
2026-09-11 19:26:15.715,1789165575.7150135,-128
2026-09-11 19:26:15.722,1789165575.7227056,-126
2026-09-11 19:26:15.730,1789165575.730398,-113
2026-09-11 19:26:15.738,1789165575.7380903,-113
2026-09-11 19:26:15.745,1789165575.7457826,-123
2026-09-11 19:26:15.753,1789165575.753475,-123
2026-09-11 19:26:15.761,1789165575.7611673,-121
2026-09-11 19:26:15.768,1789165575.7688596,-123
2026-09-11 19:26:15.776,1789165575.776552,-123
2026-09-11 19:26:15.784,1789165575.784244,-116
2026-09-11 19:26:15.791,1789165575.7919364,-121
2026-09-11 19:26:15.799,1789165575.7996287,-130
2026-09-11 19:26:15.807,1789165575.807321,-128
2026-09-11 19:26:15.815,1789165575.8150134,-121
2026-09-11 19:26:15.822,1789165575.8227057,-104
2026-09-11 19:26:15.830,1789165575.830398,-75
2026-09-11 19:26:15.838,1789165575.8380904,-58
2026-09-11 19:26:15.845,1789165575.8457825,-53
2026-09-11 19:26:15.853,1789165575.8534749,-60
2026-09-11 19:26:15.861,1789165575.8611672,-84
2026-09-11 19:26:15.868,1789165575.8688595,-109
2026-09-11 19:26:15.876,1789165575.8765519,-118
2026-09-11 19:26:15.884,1789165575.8842442,-111
2026-09-11 19:26:15.891,1789165575.8919365,-106
2026-09-11 19:26:15.899,1789165575.8996289,-106
2026-09-11 19:26:15.907,1789165575.9073212,-104
2026-09-11 19:26:15.915,1789165575.9150133,-99
2026-09-11 19:26:15.922,1789165575.9227057,-104
2026-09-11 19:26:15.930,1789165575.930398,-109
2026-09-11 19:26:15.937,1789165575.937498,-65
2026-09-11 19:26:15.945,1789165575.9451904,99
2026-09-11 19:26:15.952,1789165575.9528828,407
2026-09-11 19:26:15.960,1789165575.960575,761
2026-09-11 19:26:15.968,1789165575.9682674,826
2026-09-11 19:26:15.975,1789165575.9759595,220
2026-09-11 19:26:15.983,1789165575.9836519,-526
2026-09-11 19:26:15.991,1789165575.9913442,-511
2026-09-11 19:26:15.999,1789165575.9990366,-155
2026-09-11 19:26:16.006,1789165576.006729,-150
2026-09-11 19:26:16.014,1789165576.0144212,-196
2026-09-11 19:26:16.022,1789165576.0221136,-113
2026-09-11 19:26:16.029,1789165576.029806,-106
2026-09-11 19:26:16.037,1789165576.037498,-130
2026-09-11 19:26:16.045,1789165576.0451903,-106
2026-09-11 19:26:16.052,1789165576.0528827,-87
2026-09-11 19:26:16.060,1789165576.060575,-82
2026-09-11 19:26:16.068,1789165576.0682673,-70
2026-09-11 19:26:16.075,1789165576.0759597,-58
2026-09-11 19:26:16.083,1789165576.083652,-48
2026-09-11 19:26:16.091,1789165576.0913444,-33
2026-09-11 19:26:16.099,1789165576.0990365,-24
2026-09-11 19:26:16.106,1789165576.1067288,-14
2026-09-11 19:26:16.114,1789165576.1144211,0
2026-09-11 19:26:16.122,1789165576.1221135,7
2026-09-11 19:26:16.129,1789165576.1298058,24
2026-09-11 19:26:16.137,1789165576.1374981,60
2026-09-11 19:26:16.145,1789165576.1451905,82
2026-09-11 19:26:16.152,1789165576.1528828,92
2026-09-11 19:26:16.160,1789165576.160575,111
2026-09-11 19:26:16.168,1789165576.1682673,140
2026-09-11 19:26:16.175,1789165576.1759596,157
2026-09-11 19:26:16.183,1789165576.183652,157
2026-09-11 19:26:16.191,1789165576.1913443,155
2026-09-11 19:26:16.199,1789165576.1990366,147
2026-09-11 19:26:16.206,1789165576.206729,123
2026-09-11 19:26:16.214,1789165576.2144213,75
2026-09-11 19:26:16.222,1789165576.2221134,21
2026-09-11 19:26:16.229,1789165576.2298057,-36
2026-09-11 19:26:16.237,1789165576.237498,-99
2026-09-11 19:26:16.245,1789165576.2451904,-143
2026-09-11 19:26:16.252,1789165576.2528827,-164
2026-09-11 19:26:16.260,1789165576.260575,-184
2026-09-11 19:26:16.268,1789165576.2682674,-194
2026-09-11 19:26:16.275,1789165576.2759597,-198
2026-09-11 19:26:16.283,1789165576.2836518,-194
2026-09-11 19:26:16.291,1789165576.2913442,-177
2026-09-11 19:26:16.299,1789165576.2990365,-169
2026-09-11 19:26:16.306,1789165576.3067288,-169
2026-09-11 19:26:16.314,1789165576.3144212,-157
2026-09-11 19:26:16.322,1789165576.3221135,-135
2026-09-11 19:26:16.329,1789165576.3298059,-135
2026-09-11 19:26:16.337,1789165576.3374982,-133
2026-09-11 19:26:16.345,1789165576.3451903,-116
2026-09-11 19:26:16.352,1789165576.3528826,-109
2026-09-11 19:26:16.360,1789165576.360575,-111
2026-09-11 19:26:16.368,1789165576.3682673,-109
2026-09-11 19:26:16.375,1789165576.3759596,-104
2026-09-11 19:26:16.383,1789165576.383652,-111
2026-09-11 19:26:16.391,1789165576.3913443,-113
2026-09-11 19:26:16.399,1789165576.3990366,-111
2026-09-11 19:26:16.406,1789165576.4067287,-109
2026-09-11 19:26:16.414,1789165576.414421,-113
2026-09-11 19:26:16.422,1789165576.4221134,-126
2026-09-11 19:26:16.429,1789165576.4298058,-121
2026-09-11 19:26:16.437,1789165576.437498,-109
2026-09-11 19:26:16.445,1789165576.4451904,-109
2026-09-11 19:26:16.452,1789165576.4528828,-92
2026-09-11 19:26:16.460,1789165576.460575,-55
2026-09-11 19:26:16.468,1789165576.4682674,-43
2026-09-11 19:26:16.475,1789165576.4759595,-55
2026-09-11 19:26:16.483,1789165576.4836519,-77
2026-09-11 19:26:16.491,1789165576.4913442,-94
2026-09-11 19:26:16.498,1789165576.4984748,-94
2026-09-11 19:26:16.506,1789165576.5061672,-97
2026-09-11 19:26:16.513,1789165576.5138595,-109
2026-09-11 19:26:16.521,1789165576.5215518,-106
2026-09-11 19:26:16.529,1789165576.5292442,-89
2026-09-11 19:26:16.536,1789165576.5369363,-89
2026-09-11 19:26:16.544,1789165576.5446286,-99
2026-09-11 19:26:16.552,1789165576.552321,-87
2026-09-11 19:26:16.560,1789165576.5600133,-72
2026-09-11 19:26:16.567,1789165576.5677056,-26
2026-09-11 19:26:16.575,1789165576.575398,179
2026-09-11 19:26:16.583,1789165576.5830903,550
2026-09-11 19:26:16.590,1789165576.5907826,894
2026-09-11 19:26:16.598,1789165576.5984747,831
2026-09-11 19:26:16.606,1789165576.606167,87
2026-09-11 19:26:16.613,1789165576.6138594,-601
2026-09-11 19:26:16.621,1789165576.6215518,-436
2026-09-11 19:26:16.629,1789165576.629244,-89
2026-09-11 19:26:16.636,1789165576.6369364,-152
2026-09-11 19:26:16.644,1789165576.6446288,-191
2026-09-11 19:26:16.652,1789165576.652321,-92
2026-09-11 19:26:16.660,1789165576.6600132,-89
2026-09-11 19:26:16.667,1789165576.6677055,-116
2026-09-11 19:26:16.675,1789165576.6753979,-77
2026-09-11 19:26:16.683,1789165576.6830902,-53
2026-09-11 19:26:16.690,1789165576.6907825,-65
2026-09-11 19:26:16.698,1789165576.698475,-63
2026-09-11 19:26:16.706,1789165576.7061672,-38
2026-09-11 19:26:16.713,1789165576.7138596,-26
2026-09-11 19:26:16.721,1789165576.7215517,-14
2026-09-11 19:26:16.729,1789165576.729244,0
2026-09-11 19:26:16.736,1789165576.7369363,7
2026-09-11 19:26:16.744,1789165576.7446287,16
2026-09-11 19:26:16.752,1789165576.752321,41
2026-09-11 19:26:16.760,1789165576.7600133,70
2026-09-11 19:26:16.767,1789165576.7677057,84
2026-09-11 19:26:16.775,1789165576.775398,106
2026-09-11 19:26:16.783,1789165576.78309,140
2026-09-11 19:26:16.790,1789165576.7907825,162
2026-09-11 19:26:16.798,1789165576.7984748,179
2026-09-11 19:26:16.806,1789165576.8061671,191
2026-09-11 19:26:16.813,1789165576.8138595,184
2026-09-11 19:26:16.821,1789165576.8215518,186
2026-09-11 19:26:16.829,1789165576.8292441,184
2026-09-11 19:26:16.836,1789165576.8369365,145
2026-09-11 19:26:16.844,1789165576.8446286,87
2026-09-11 19:26:16.852,1789165576.852321,21
2026-09-11 19:26:16.860,1789165576.8600132,-36
2026-09-11 19:26:16.867,1789165576.8677056,-75
2026-09-11 19:26:16.875,1789165576.875398,-111
2026-09-11 19:26:16.883,1789165576.8830903,-130
2026-09-11 19:26:16.890,1789165576.8907826,-138
2026-09-11 19:26:16.898,1789165576.898475,-164
2026-09-11 19:26:16.906,1789165576.906167,-181
2026-09-11 19:26:16.913,1789165576.9138594,-169
2026-09-11 19:26:16.921,1789165576.9215517,-152
2026-09-11 19:26:16.929,1789165576.929244,-147
2026-09-11 19:26:16.936,1789165576.9369364,-130
2026-09-11 19:26:16.944,1789165576.9446287,-109
2026-09-11 19:26:16.952,1789165576.952321,-101
2026-09-11 19:26:16.960,1789165576.9600134,-99
2026-09-11 19:26:16.967,1789165576.9677055,-89
2026-09-11 19:26:16.975,1789165576.9753978,-67
2026-09-11 19:26:16.983,1789165576.9830902,-31
2026-09-11 19:26:16.990,1789165576.9907825,-29
2026-09-11 19:26:16.998,1789165576.9984748,-50
2026-09-11 19:26:17.006,1789165577.0061672,-65
2026-09-11 19:26:17.013,1789165577.0138595,-70
2026-09-11 19:26:17.021,1789165577.0215518,-65
2026-09-11 19:26:17.029,1789165577.0292442,-65
2026-09-11 19:26:17.036,1789165577.0369363,-63
2026-09-11 19:26:17.044,1789165577.0446286,-24
2026-09-11 19:26:17.052,1789165577.052321,24
2026-09-11 19:26:17.059,1789165577.059421,89
2026-09-11 19:26:17.067,1789165577.0671134,189
2026-09-11 19:26:17.074,1789165577.0748057,220
2026-09-11 19:26:17.082,1789165577.082498,194
2026-09-11 19:26:17.090,1789165577.0901904,147
2026-09-11 19:26:17.097,1789165577.0978825,41
2026-09-11 19:26:17.105,1789165577.1055748,-46
2026-09-11 19:26:17.113,1789165577.1132672,-55
2026-09-11 19:26:17.120,1789165577.1209595,-77
2026-09-11 19:26:17.128,1789165577.1286519,-106
2026-09-11 19:26:17.136,1789165577.1363442,-104
2026-09-11 19:26:17.144,1789165577.1440365,-111
2026-09-11 19:26:17.151,1789165577.1517289,-116
2026-09-11 19:26:17.159,1789165577.159421,-97
2026-09-11 19:26:17.167,1789165577.1671133,-97
2026-09-11 19:26:17.174,1789165577.1748056,-80
2026-09-11 19:26:17.182,1789165577.182498,109
2026-09-11 19:26:17.190,1789165577.1901903,494
2026-09-11 19:26:17.197,1789165577.1978827,868
2026-09-11 19:26:17.205,1789165577.205575,877
2026-09-11 19:26:17.213,1789165577.2132673,227
2026-09-11 19:26:17.220,1789165577.2209594,-535
2026-09-11 19:26:17.228,1789165577.2286518,-504
2026-09-11 19:26:17.236,1789165577.236344,-130
2026-09-11 19:26:17.244,1789165577.2440364,-152
2026-09-11 19:26:17.251,1789165577.2517288,-232
2026-09-11 19:26:17.259,1789165577.259421,-143
2026-09-11 19:26:17.267,1789165577.2671134,-113
2026-09-11 19:26:17.274,1789165577.2748058,-138
2026-09-11 19:26:17.282,1789165577.282498,-118
2026-09-11 19:26:17.290,1789165577.2901902,-106
2026-09-11 19:26:17.297,1789165577.2978826,-109
2026-09-11 19:26:17.305,1789165577.305575,-84
2026-09-11 19:26:17.313,1789165577.3132672,-60
2026-09-11 19:26:17.320,1789165577.3209596,-50
2026-09-11 19:26:17.328,1789165577.328652,-38
2026-09-11 19:26:17.336,1789165577.3363442,-26
2026-09-11 19:26:17.344,1789165577.3440363,-9
2026-09-11 19:26:17.351,1789165577.3517287,7
2026-09-11 19:26:17.359,1789165577.359421,19
2026-09-11 19:26:17.367,1789165577.3671134,41
2026-09-11 19:26:17.374,1789165577.3748057,67
2026-09-11 19:26:17.382,1789165577.382498,87
2026-09-11 19:26:17.390,1789165577.3901904,116
2026-09-11 19:26:17.397,1789165577.3978827,150
2026-09-11 19:26:17.405,1789165577.4055748,167
2026-09-11 19:26:17.413,1789165577.4132671,177
2026-09-11 19:26:17.420,1789165577.4209595,184
2026-09-11 19:26:17.428,1789165577.4286518,177
2026-09-11 19:26:17.436,1789165577.4363441,155
2026-09-11 19:26:17.444,1789165577.4440365,118
2026-09-11 19:26:17.451,1789165577.4517288,58
2026-09-11 19:26:17.459,1789165577.4594212,-12
2026-09-11 19:26:17.467,1789165577.4671133,-65
2026-09-11 19:26:17.474,1789165577.4748056,-111
2026-09-11 19:26:17.482,1789165577.482498,-150
2026-09-11 19:26:17.490,1789165577.4901903,-167
2026-09-11 19:26:17.497,1789165577.4978826,-174
2026-09-11 19:26:17.505,1789165577.505575,-179
2026-09-11 19:26:17.513,1789165577.5132673,-179
2026-09-11 19:26:17.520,1789165577.5209596,-172
2026-09-11 19:26:17.528,1789165577.5286517,-167
2026-09-11 19:26:17.536,1789165577.536344,-155
2026-09-11 19:26:17.544,1789165577.5440364,-143
2026-09-11 19:26:17.551,1789165577.5517287,-138
2026-09-11 19:26:17.559,1789165577.559421,-128
2026-09-11 19:26:17.567,1789165577.5671134,-116
2026-09-11 19:26:17.574,1789165577.5748057,-109
2026-09-11 19:26:17.582,1789165577.582498,-106
2026-09-11 19:26:17.590,1789165577.5901904,-99
2026-09-11 19:26:17.597,1789165577.5978825,-87
2026-09-11 19:26:17.605,1789165577.6055748,-84
2026-09-11 19:26:17.613,1789165577.6132672,-89
2026-09-11 19:26:17.620,1789165577.6203673,-82
2026-09-11 19:26:17.628,1789165577.6280596,-80
2026-09-11 19:26:17.635,1789165577.635752,-89
2026-09-11 19:26:17.643,1789165577.6434443,-92
2026-09-11 19:26:17.651,1789165577.6511366,-84
2026-09-11 19:26:17.658,1789165577.6588287,-75
2026-09-11 19:26:17.666,1789165577.666521,-63
2026-09-11 19:26:17.674,1789165577.6742134,-48
2026-09-11 19:26:17.681,1789165577.6819057,-43
2026-09-11 19:26:17.689,1789165577.689598,-41
2026-09-11 19:26:17.697,1789165577.6972904,-48
2026-09-11 19:26:17.704,1789165577.7049828,-63
2026-09-11 19:26:17.712,1789165577.712675,-82
2026-09-11 19:26:17.720,1789165577.7203672,-87
2026-09-11 19:26:17.728,1789165577.7280595,-80
2026-09-11 19:26:17.735,1789165577.7357519,-80
2026-09-11 19:26:17.743,1789165577.7434442,-77
2026-09-11 19:26:17.751,1789165577.7511365,-72
2026-09-11 19:26:17.758,1789165577.7588289,-75
2026-09-11 19:26:17.766,1789165577.7665212,-77
2026-09-11 19:26:17.774,1789165577.7742136,-65
2026-09-11 19:26:17.781,1789165577.7819057,33
2026-09-11 19:26:17.789,1789165577.789598,303
2026-09-11 19:26:17.797,1789165577.7972903,688
2026-09-11 19:26:17.804,1789165577.8049827,999
2026-09-11 19:26:17.812,1789165577.812675,814
2026-09-11 19:26:17.820,1789165577.8203673,-2
2026-09-11 19:26:17.828,1789165577.8280597,-526
2026-09-11 19:26:17.835,1789165577.835752,-257
2026-09-11 19:26:17.843,1789165577.843444,-48
2026-09-11 19:26:17.851,1789165577.8511364,-184
2026-09-11 19:26:17.858,1789165577.8588288,-181
2026-09-11 19:26:17.866,1789165577.8665211,-94
2026-09-11 19:26:17.874,1789165577.8742135,-123
2026-09-11 19:26:17.881,1789165577.8819058,-133
2026-09-11 19:26:17.889,1789165577.8895981,-92
2026-09-11 19:26:17.897,1789165577.8972905,-87
2026-09-11 19:26:17.904,1789165577.9049826,-92
2026-09-11 19:26:17.912,1789165577.912675,-77
2026-09-11 19:26:17.920,1789165577.9203672,-67
2026-09-11 19:26:17.928,1789165577.9280596,-63
2026-09-11 19:26:17.935,1789165577.935752,-48
2026-09-11 19:26:17.943,1789165577.9434443,-33
2026-09-11 19:26:17.951,1789165577.9511366,-26
2026-09-11 19:26:17.958,1789165577.958829,-16
2026-09-11 19:26:17.966,1789165577.966521,-2
2026-09-11 19:26:17.974,1789165577.9742134,16
2026-09-11 19:26:17.981,1789165577.9819057,46
2026-09-11 19:26:17.989,1789165577.989598,72
2026-09-11 19:26:17.997,1789165577.9972904,99
2026-09-11 19:26:18.004,1789165578.0049827,121
2026-09-11 19:26:18.012,1789165578.012675,128
2026-09-11 19:26:18.020,1789165578.0203674,130
2026-09-11 19:26:18.028,1789165578.0280595,130
2026-09-11 19:26:18.035,1789165578.0357518,128
2026-09-11 19:26:18.043,1789165578.0434442,126
2026-09-11 19:26:18.051,1789165578.0511365,104
2026-09-11 19:26:18.058,1789165578.0588288,58
2026-09-11 19:26:18.066,1789165578.0665212,12
2026-09-11 19:26:18.074,1789165578.0742135,-29
2026-09-11 19:26:18.081,1789165578.0819058,-70
2026-09-11 19:26:18.089,1789165578.089598,-97
2026-09-11 19:26:18.097,1789165578.0972903,-101
2026-09-11 19:26:18.104,1789165578.1049826,-101
2026-09-11 19:26:18.112,1789165578.112675,-99
2026-09-11 19:26:18.120,1789165578.1203673,-82
2026-09-11 19:26:18.128,1789165578.1280596,-60
2026-09-11 19:26:18.135,1789165578.135752,-48
2026-09-11 19:26:18.143,1789165578.1434443,-43
2026-09-11 19:26:18.151,1789165578.1511366,-26
2026-09-11 19:26:18.158,1789165578.1588287,2
2026-09-11 19:26:18.166,1789165578.166521,36
2026-09-11 19:26:18.174,1789165578.1742134,53
2026-09-11 19:26:18.181,1789165578.181334,55
2026-09-11 19:26:18.189,1789165578.1890264,89
2026-09-11 19:26:18.196,1789165578.1967187,140
2026-09-11 19:26:18.204,1789165578.204411,147
2026-09-11 19:26:18.212,1789165578.2121034,133
2026-09-11 19:26:18.219,1789165578.2197955,113
2026-09-11 19:26:18.227,1789165578.2274878,82
2026-09-11 19:26:18.235,1789165578.2351801,70
2026-09-11 19:26:18.242,1789165578.2428725,84
2026-09-11 19:26:18.250,1789165578.2505648,104
2026-09-11 19:26:18.258,1789165578.2582572,162
2026-09-11 19:26:18.265,1789165578.2659495,215
2026-09-11 19:26:18.273,1789165578.2736418,218
2026-09-11 19:26:18.281,1789165578.281334,215
2026-09-11 19:26:18.289,1789165578.2890263,215
2026-09-11 19:26:18.296,1789165578.2967186,196
2026-09-11 19:26:18.304,1789165578.304411,184
2026-09-11 19:26:18.312,1789165578.3121033,167
2026-09-11 19:26:18.319,1789165578.3197956,138
2026-09-11 19:26:18.327,1789165578.327488,111
2026-09-11 19:26:18.335,1789165578.3351803,97
2026-09-11 19:26:18.342,1789165578.3428724,77
2026-09-11 19:26:18.350,1789165578.3505647,41
2026-09-11 19:26:18.358,1789165578.358257,7
2026-09-11 19:26:18.365,1789165578.3659494,14
2026-09-11 19:26:18.373,1789165578.3736417,50
2026-09-11 19:26:18.381,1789165578.381334,24
2026-09-11 19:26:18.389,1789165578.3890264,-50
2026-09-11 19:26:18.396,1789165578.3967187,-26
2026-09-11 19:26:18.404,1789165578.4044108,143
2026-09-11 19:26:18.412,1789165578.4121032,402
2026-09-11 19:26:18.419,1789165578.4197955,746
2026-09-11 19:26:18.427,1789165578.4274879,919
2026-09-11 19:26:18.435,1789165578.4351802,397
2026-09-11 19:26:18.442,1789165578.4428725,-400
2026-09-11 19:26:18.450,1789165578.4505649,-458
2026-09-11 19:26:18.458,1789165578.4582572,-113
2026-09-11 19:26:18.465,1789165578.4659493,-155
2026-09-11 19:26:18.473,1789165578.4736416,-274
2026-09-11 19:26:18.481,1789165578.481334,-191
2026-09-11 19:26:18.489,1789165578.4890263,-169
2026-09-11 19:26:18.496,1789165578.4967186,-213
2026-09-11 19:26:18.504,1789165578.504411,-174
2026-09-11 19:26:18.512,1789165578.5121033,-126
2026-09-11 19:26:18.519,1789165578.5197957,-145
2026-09-11 19:26:18.527,1789165578.5274878,-169
2026-09-11 19:26:18.535,1789165578.53518,-157
2026-09-11 19:26:18.542,1789165578.5428724,-133
2026-09-11 19:26:18.550,1789165578.5505648,-121
2026-09-11 19:26:18.558,1789165578.558257,-123
2026-09-11 19:26:18.565,1789165578.5659494,-118
2026-09-11 19:26:18.573,1789165578.5736418,-101
2026-09-11 19:26:18.581,1789165578.581334,-89
2026-09-11 19:26:18.589,1789165578.5890262,-82
2026-09-11 19:26:18.596,1789165578.5967185,-82
2026-09-11 19:26:18.604,1789165578.604411,-87
2026-09-11 19:26:18.612,1789165578.6121032,-84
2026-09-11 19:26:18.619,1789165578.6197956,-80
2026-09-11 19:26:18.627,1789165578.627488,-72
2026-09-11 19:26:18.635,1789165578.6351802,-70
2026-09-11 19:26:18.642,1789165578.6428726,-80
2026-09-11 19:26:18.650,1789165578.6505647,-87
2026-09-11 19:26:18.658,1789165578.658257,-94
2026-09-11 19:26:18.665,1789165578.6659493,-111
2026-09-11 19:26:18.673,1789165578.6736417,-135
2026-09-11 19:26:18.681,1789165578.681334,-162
2026-09-11 19:26:18.689,1789165578.6890264,-191
2026-09-11 19:26:18.696,1789165578.6967187,-218
2026-09-11 19:26:18.704,1789165578.704411,-230
2026-09-11 19:26:18.712,1789165578.7121034,-240
2026-09-11 19:26:18.719,1789165578.7197955,-247
2026-09-11 19:26:18.727,1789165578.7274878,-240
2026-09-11 19:26:18.735,1789165578.7351801,-232
2026-09-11 19:26:18.742,1789165578.7422903,-225
2026-09-11 19:26:18.749,1789165578.7499826,-215
2026-09-11 19:26:18.757,1789165578.757675,-206
2026-09-11 19:26:18.765,1789165578.7653673,-196
2026-09-11 19:26:18.773,1789165578.7730596,-189
2026-09-11 19:26:18.780,1789165578.7807517,-179
2026-09-11 19:26:18.788,1789165578.788444,-172
2026-09-11 19:26:18.796,1789165578.7961364,-169
2026-09-11 19:26:18.803,1789165578.8038287,-162
2026-09-11 19:26:18.811,1789165578.811521,-157
2026-09-11 19:26:18.819,1789165578.8192134,-157
2026-09-11 19:26:18.826,1789165578.8269057,-155
2026-09-11 19:26:18.834,1789165578.834598,-150
2026-09-11 19:26:18.842,1789165578.8422902,-147
2026-09-11 19:26:18.849,1789165578.8499825,-145
2026-09-11 19:26:18.857,1789165578.8576748,-143
2026-09-11 19:26:18.865,1789165578.8653672,-140
2026-09-11 19:26:18.873,1789165578.8730595,-138
2026-09-11 19:26:18.880,1789165578.8807518,-135
2026-09-11 19:26:18.888,1789165578.8884442,-133
2026-09-11 19:26:18.896,1789165578.8961365,-130
2026-09-11 19:26:18.903,1789165578.9038286,-135
2026-09-11 19:26:18.911,1789165578.911521,-140
2026-09-11 19:26:18.919,1789165578.9192133,-133
2026-09-11 19:26:18.926,1789165578.9269056,-128
2026-09-11 19:26:18.934,1789165578.934598,-126
2026-09-11 19:26:18.942,1789165578.9422903,-109
2026-09-11 19:26:18.949,1789165578.9499826,-82
2026-09-11 19:26:18.957,1789165578.957675,-65
2026-09-11 19:26:18.965,1789165578.965367,-65
2026-09-11 19:26:18.973,1789165578.9730594,-80
2026-09-11 19:26:18.980,1789165578.9807518,-97
2026-09-11 19:26:18.988,1789165578.988444,-109
2026-09-11 19:26:18.996,1789165578.9961364,-111
2026-09-11 19:26:19.003,1789165579.0038288,-109
2026-09-11 19:26:19.011,1789165579.011521,-109
2026-09-11 19:26:19.019,1789165579.0192134,-106
2026-09-11 19:26:19.026,1789165579.0269055,-104
2026-09-11 19:26:19.034,1789165579.0345979,-99
2026-09-11 19:26:19.042,1789165579.0422902,-97
2026-09-11 19:26:19.049,1789165579.0499825,-80
2026-09-11 19:26:19.057,1789165579.057675,26
2026-09-11 19:26:19.065,1789165579.0653672,254
2026-09-11 19:26:19.073,1789165579.0730596,567
2026-09-11 19:26:19.080,1789165579.080752,906
2026-09-11 19:26:19.088,1789165579.088444,819
2026-09-11 19:26:19.096,1789165579.0961363,38
2026-09-11 19:26:19.103,1789165579.1038287,-487
2026-09-11 19:26:19.111,1789165579.111521,-215
2026-09-11 19:26:19.119,1789165579.1192133,-9
2026-09-11 19:26:19.126,1789165579.1269057,-147
2026-09-11 19:26:19.134,1789165579.134598,-157
2026-09-11 19:26:19.142,1789165579.1422904,-97
2026-09-11 19:26:19.149,1789165579.1499825,-138
2026-09-11 19:26:19.157,1789165579.1576748,-150
2026-09-11 19:26:19.165,1789165579.1653671,-111
2026-09-11 19:26:19.173,1789165579.1730595,-111
2026-09-11 19:26:19.180,1789165579.1807518,-113
2026-09-11 19:26:19.188,1789165579.1884441,-99
2026-09-11 19:26:19.196,1789165579.1961365,-92
2026-09-11 19:26:19.203,1789165579.2038288,-89
2026-09-11 19:26:19.211,1789165579.211521,-82
2026-09-11 19:26:19.219,1789165579.2192132,-72
2026-09-11 19:26:19.226,1789165579.2269056,-65
2026-09-11 19:26:19.234,1789165579.234598,-58
2026-09-11 19:26:19.242,1789165579.2422903,-46
2026-09-11 19:26:19.249,1789165579.2499826,-33
2026-09-11 19:26:19.257,1789165579.257675,-21
2026-09-11 19:26:19.265,1789165579.2653673,-7
2026-09-11 19:26:19.273,1789165579.2730596,7
2026-09-11 19:26:19.280,1789165579.2807517,16
2026-09-11 19:26:19.288,1789165579.288444,24
2026-09-11 19:26:19.296,1789165579.2961364,29
2026-09-11 19:26:19.303,1789165579.303247,29
2026-09-11 19:26:19.310,1789165579.3109393,26
2026-09-11 19:26:19.318,1789165579.3186316,16
2026-09-11 19:26:19.326,1789165579.326324,-2
2026-09-11 19:26:19.334,1789165579.3340163,-31
2026-09-11 19:26:19.341,1789165579.3417084,-60
2026-09-11 19:26:19.349,1789165579.3494008,-89
2026-09-11 19:26:19.357,1789165579.357093,-113
2026-09-11 19:26:19.364,1789165579.3647854,-128
2026-09-11 19:26:19.372,1789165579.3724778,-130
2026-09-11 19:26:19.380,1789165579.38017,-135
2026-09-11 19:26:19.387,1789165579.3878624,-133
2026-09-11 19:26:19.395,1789165579.3955548,-128
2026-09-11 19:26:19.403,1789165579.4032469,-121
2026-09-11 19:26:19.410,1789165579.4109392,-113
2026-09-11 19:26:19.418,1789165579.4186316,-106
2026-09-11 19:26:19.426,1789165579.426324,-104
2026-09-11 19:26:19.434,1789165579.4340162,-99
2026-09-11 19:26:19.441,1789165579.4417086,-92
2026-09-11 19:26:19.449,1789165579.449401,-87
2026-09-11 19:26:19.457,1789165579.4570932,-87
2026-09-11 19:26:19.464,1789165579.4647853,-89
2026-09-11 19:26:19.472,1789165579.4724777,-89
2026-09-11 19:26:19.480,1789165579.48017,-89
2026-09-11 19:26:19.487,1789165579.4878623,-87
2026-09-11 19:26:19.495,1789165579.4955547,-77
2026-09-11 19:26:19.503,1789165579.503247,-72
2026-09-11 19:26:19.510,1789165579.5109394,-72
2026-09-11 19:26:19.518,1789165579.5186317,-72
2026-09-11 19:26:19.526,1789165579.5263238,-72
2026-09-11 19:26:19.534,1789165579.5340161,-72
2026-09-11 19:26:19.541,1789165579.5417085,-72
2026-09-11 19:26:19.549,1789165579.5494008,-75
2026-09-11 19:26:19.557,1789165579.5570931,-75
2026-09-11 19:26:19.564,1789165579.5647855,-72
2026-09-11 19:26:19.572,1789165579.5724778,-72
2026-09-11 19:26:19.580,1789165579.5801702,-75
2026-09-11 19:26:19.587,1789165579.5878623,-75
2026-09-11 19:26:19.595,1789165579.5955546,-77
2026-09-11 19:26:19.603,1789165579.603247,-70
2026-09-11 19:26:19.610,1789165579.6109393,-63
2026-09-11 19:26:19.618,1789165579.6186316,-55
2026-09-11 19:26:19.626,1789165579.626324,-43
2026-09-11 19:26:19.634,1789165579.6340163,-29
2026-09-11 19:26:19.641,1789165579.6417086,-21
2026-09-11 19:26:19.649,1789165579.6494007,-7
2026-09-11 19:26:19.657,1789165579.657093,4
2026-09-11 19:26:19.664,1789165579.6647854,2
2026-09-11 19:26:19.672,1789165579.6724777,9
2026-09-11 19:26:19.680,1789165579.68017,14
2026-09-11 19:26:19.687,1789165579.6878624,-9
2026-09-11 19:26:19.695,1789165579.6955547,-12
2026-09-11 19:26:19.703,1789165579.703247,16
2026-09-11 19:26:19.710,1789165579.7109392,33
2026-09-11 19:26:19.718,1789165579.7186315,21
2026-09-11 19:26:19.726,1789165579.7263238,2
2026-09-11 19:26:19.734,1789165579.7340162,-16
2026-09-11 19:26:19.741,1789165579.7417085,-38
2026-09-11 19:26:19.749,1789165579.7494009,-53
2026-09-11 19:26:19.757,1789165579.7570932,-60
2026-09-11 19:26:19.764,1789165579.7647855,-60
2026-09-11 19:26:19.772,1789165579.7724776,-63
2026-09-11 19:26:19.780,1789165579.78017,-63
2026-09-11 19:26:19.787,1789165579.7878623,-63
2026-09-11 19:26:19.795,1789165579.7955546,-70
2026-09-11 19:26:19.803,1789165579.803247,-63
2026-09-11 19:26:19.810,1789165579.8109393,21
2026-09-11 19:26:19.818,1789165579.8186316,213
2026-09-11 19:26:19.826,1789165579.826324,477
2026-09-11 19:26:19.834,1789165579.8340163,795
2026-09-11 19:26:19.841,1789165579.8417084,766
2026-09-11 19:26:19.849,1789165579.8494008,53
2026-09-11 19:26:19.857,1789165579.857093,-502
2026-09-11 19:26:19.864,1789165579.8642135,-281
2026-09-11 19:26:19.871,1789165579.8719058,-55
2026-09-11 19:26:19.879,1789165579.8795981,-169
2026-09-11 19:26:19.887,1789165579.8872905,-184
2026-09-11 19:26:19.894,1789165579.8949828,-106
2026-09-11 19:26:19.902,1789165579.902675,-128
2026-09-11 19:26:19.910,1789165579.9103673,-138
2026-09-11 19:26:19.918,1789165579.9180596,-101
2026-09-11 19:26:19.925,1789165579.925752,-94
2026-09-11 19:26:19.933,1789165579.9334443,-99
2026-09-11 19:26:19.941,1789165579.9411366,-84
2026-09-11 19:26:19.948,1789165579.948829,-72
2026-09-11 19:26:19.956,1789165579.9565213,-67
2026-09-11 19:26:19.964,1789165579.9642134,-58
2026-09-11 19:26:19.971,1789165579.9719057,-46
2026-09-11 19:26:19.979,1789165579.979598,-36
2026-09-11 19:26:19.987,1789165579.9872904,-29
2026-09-11 19:26:19.994,1789165579.9949827,-16
2026-09-11 19:26:20.002,1789165580.002675,-4
2026-09-11 19:26:20.010,1789165580.0103674,4
2026-09-11 19:26:20.018,1789165580.0180597,19
2026-09-11 19:26:20.025,1789165580.0257518,33
2026-09-11 19:26:20.033,1789165580.0334442,43
2026-09-11 19:26:20.041,1789165580.0411365,53
2026-09-11 19:26:20.048,1789165580.0488288,55
2026-09-11 19:26:20.056,1789165580.0565212,53
2026-09-11 19:26:20.064,1789165580.0642135,50
2026-09-11 19:26:20.071,1789165580.0719059,46
2026-09-11 19:26:20.079,1789165580.0795982,33
2026-09-11 19:26:20.087,1789165580.0872903,16
2026-09-11 19:26:20.094,1789165580.0949826,-12
2026-09-11 19:26:20.102,1789165580.102675,-41
2026-09-11 19:26:20.110,1789165580.1103673,-65
2026-09-11 19:26:20.118,1789165580.1180596,-89
2026-09-11 19:26:20.125,1789165580.125752,-109
2026-09-11 19:26:20.133,1789165580.1334443,-113
2026-09-11 19:26:20.141,1789165580.1411366,-111
2026-09-11 19:26:20.148,1789165580.1488287,-111
2026-09-11 19:26:20.156,1789165580.156521,-104
2026-09-11 19:26:20.164,1789165580.1642134,-99
2026-09-11 19:26:20.171,1789165580.1719058,-94
2026-09-11 19:26:20.179,1789165580.179598,-87
2026-09-11 19:26:20.187,1789165580.1872904,-82
2026-09-11 19:26:20.194,1789165580.1949828,-80
2026-09-11 19:26:20.202,1789165580.202675,-80
2026-09-11 19:26:20.210,1789165580.2103672,-72
2026-09-11 19:26:20.218,1789165580.2180595,-67
2026-09-11 19:26:20.225,1789165580.2257519,-72
2026-09-11 19:26:20.233,1789165580.2334442,-77
2026-09-11 19:26:20.241,1789165580.2411366,-75
2026-09-11 19:26:20.248,1789165580.248829,-75
2026-09-11 19:26:20.256,1789165580.2565212,-72
2026-09-11 19:26:20.264,1789165580.2642136,-65
2026-09-11 19:26:20.271,1789165580.2719057,-60
2026-09-11 19:26:20.279,1789165580.279598,-60
2026-09-11 19:26:20.287,1789165580.2872903,-55
2026-09-11 19:26:20.294,1789165580.2949827,-53
2026-09-11 19:26:20.302,1789165580.302675,-60
2026-09-11 19:26:20.310,1789165580.3103673,-65
2026-09-11 19:26:20.318,1789165580.3180597,-65
2026-09-11 19:26:20.325,1789165580.325752,-65
2026-09-11 19:26:20.333,1789165580.333444,-65
2026-09-11 19:26:20.341,1789165580.3411365,-65
2026-09-11 19:26:20.348,1789165580.3488288,-63
2026-09-11 19:26:20.356,1789165580.3565211,-60
2026-09-11 19:26:20.364,1789165580.3642135,-60
2026-09-11 19:26:20.371,1789165580.3719058,-58
2026-09-11 19:26:20.379,1789165580.3795981,-53
2026-09-11 19:26:20.387,1789165580.3872905,-53
2026-09-11 19:26:20.394,1789165580.3949828,-50
2026-09-11 19:26:20.402,1789165580.402675,-48
2026-09-11 19:26:20.410,1789165580.4103673,-46
2026-09-11 19:26:20.418,1789165580.4180596,-41
2026-09-11 19:26:20.425,1789165580.42516,-33
2026-09-11 19:26:20.432,1789165580.4328523,-36
2026-09-11 19:26:20.440,1789165580.4405446,-38
2026-09-11 19:26:20.448,1789165580.448237,-38
2026-09-11 19:26:20.455,1789165580.4559293,-33
2026-09-11 19:26:20.463,1789165580.4636214,-36
2026-09-11 19:26:20.471,1789165580.4713137,-41
2026-09-11 19:26:20.479,1789165580.479006,-43
2026-09-11 19:26:20.486,1789165580.4866984,-26
2026-09-11 19:26:20.494,1789165580.4943907,-9
2026-09-11 19:26:20.502,1789165580.502083,7
2026-09-11 19:26:20.509,1789165580.5097754,24
2026-09-11 19:26:20.517,1789165580.5174677,26
2026-09-11 19:26:20.525,1789165580.5251598,24
2026-09-11 19:26:20.532,1789165580.5328522,16
2026-09-11 19:26:20.540,1789165580.5405445,-2
2026-09-11 19:26:20.548,1789165580.5482368,-26
2026-09-11 19:26:20.555,1789165580.5559292,-31
2026-09-11 19:26:20.563,1789165580.5636215,-29
2026-09-11 19:26:20.571,1789165580.5713139,-24
2026-09-11 19:26:20.579,1789165580.5790062,-14
2026-09-11 19:26:20.586,1789165580.5866983,-14
2026-09-11 19:26:20.594,1789165580.5943906,-24
2026-09-11 19:26:20.602,1789165580.602083,-33
2026-09-11 19:26:20.609,1789165580.6097753,-16
2026-09-11 19:26:20.617,1789165580.6174676,67
2026-09-11 19:26:20.625,1789165580.62516,257
2026-09-11 19:26:20.632,1789165580.6328523,521
2026-09-11 19:26:20.640,1789165580.6405447,780
2026-09-11 19:26:20.648,1789165580.6482368,608
2026-09-11 19:26:20.655,1789165580.655929,-99
2026-09-11 19:26:20.663,1789165580.6636214,-443
2026-09-11 19:26:20.671,1789165580.6713138,-167
2026-09-11 19:26:20.679,1789165580.679006,-41
2026-09-11 19:26:20.686,1789165580.6866984,-152
2026-09-11 19:26:20.694,1789165580.6943908,-128
2026-09-11 19:26:20.702,1789165580.702083,-75
2026-09-11 19:26:20.709,1789165580.7097752,-104
2026-09-11 19:26:20.717,1789165580.7174675,-94
2026-09-11 19:26:20.725,1789165580.72516,-58
2026-09-11 19:26:20.732,1789165580.7328522,-58
2026-09-11 19:26:20.740,1789165580.7405446,-63
2026-09-11 19:26:20.748,1789165580.748237,-53
2026-09-11 19:26:20.755,1789165580.7559292,-48
2026-09-11 19:26:20.763,1789165580.7636216,-48
2026-09-11 19:26:20.771,1789165580.7713137,-41
2026-09-11 19:26:20.779,1789165580.779006,-33
2026-09-11 19:26:20.786,1789165580.7866983,-24
2026-09-11 19:26:20.794,1789165580.7943907,-9
2026-09-11 19:26:20.802,1789165580.802083,7
2026-09-11 19:26:20.809,1789165580.8097754,19
2026-09-11 19:26:20.817,1789165580.8174677,31
2026-09-11 19:26:20.825,1789165580.82516,41
2026-09-11 19:26:20.832,1789165580.8328521,48
2026-09-11 19:26:20.840,1789165580.8405445,53
2026-09-11 19:26:20.848,1789165580.8482368,63
2026-09-11 19:26:20.855,1789165580.8559291,72
2026-09-11 19:26:20.863,1789165580.8636215,70
2026-09-11 19:26:20.871,1789165580.8713138,63
2026-09-11 19:26:20.879,1789165580.8790061,55
2026-09-11 19:26:20.886,1789165580.8866985,46
2026-09-11 19:26:20.894,1789165580.8943906,33
2026-09-11 19:26:20.902,1789165580.902083,12
2026-09-11 19:26:20.909,1789165580.9097753,-21
2026-09-11 19:26:20.917,1789165580.9174676,-48
2026-09-11 19:26:20.925,1789165580.92516,-70
2026-09-11 19:26:20.932,1789165580.9328523,-94
2026-09-11 19:26:20.940,1789165580.9405446,-111
2026-09-11 19:26:20.948,1789165580.948237,-113
2026-09-11 19:26:20.955,1789165580.9559293,-106
2026-09-11 19:26:20.963,1789165580.9636214,-101
2026-09-11 19:26:20.971,1789165580.9713137,-99
2026-09-11 19:26:20.979,1789165580.979006,-82
2026-09-11 19:26:20.986,1789165580.986101,-67
2026-09-11 19:26:20.993,1789165580.9937932,-72
2026-09-11 19:26:21.001,1789165581.0014856,-80
2026-09-11 19:26:21.009,1789165581.009178,-70
2026-09-11 19:26:21.016,1789165581.0168703,-65
2026-09-11 19:26:21.024,1789165581.0245624,-67
2026-09-11 19:26:21.032,1789165581.0322547,-58
2026-09-11 19:26:21.039,1789165581.039947,-58
2026-09-11 19:26:21.047,1789165581.0476394,-70
2026-09-11 19:26:21.055,1789165581.0553317,-72
2026-09-11 19:26:21.063,1789165581.063024,-67
2026-09-11 19:26:21.070,1789165581.0707164,-72
2026-09-11 19:26:21.078,1789165581.0784087,-70
2026-09-11 19:26:21.086,1789165581.0861008,-58
2026-09-11 19:26:21.093,1789165581.0937932,-58
2026-09-11 19:26:21.101,1789165581.1014855,-60
2026-09-11 19:26:21.109,1789165581.1091778,-36
2026-09-11 19:26:21.116,1789165581.1168702,14
2026-09-11 19:26:21.124,1789165581.1245625,41
2026-09-11 19:26:21.132,1789165581.1322548,26
2026-09-11 19:26:21.139,1789165581.1399472,29
2026-09-11 19:26:21.147,1789165581.1476393,53
2026-09-11 19:26:21.155,1789165581.1553316,55
2026-09-11 19:26:21.163,1789165581.163024,58
2026-09-11 19:26:21.170,1789165581.1707163,72
2026-09-11 19:26:21.178,1789165581.1784086,82
2026-09-11 19:26:21.186,1789165581.186101,72
2026-09-11 19:26:21.193,1789165581.1937933,33
2026-09-11 19:26:21.201,1789165581.2014856,-2
2026-09-11 19:26:21.209,1789165581.2091777,-14
2026-09-11 19:26:21.216,1789165581.21687,-29
2026-09-11 19:26:21.224,1789165581.2245624,-50
2026-09-11 19:26:21.232,1789165581.2322547,-65
2026-09-11 19:26:21.239,1789165581.239947,-72
2026-09-11 19:26:21.247,1789165581.2476394,-55
2026-09-11 19:26:21.255,1789165581.2553318,-21
2026-09-11 19:26:21.263,1789165581.263024,-7
2026-09-11 19:26:21.270,1789165581.2707162,-9
2026-09-11 19:26:21.278,1789165581.2784085,-4
2026-09-11 19:26:21.286,1789165581.2861009,7
2026-09-11 19:26:21.293,1789165581.2937932,14
2026-09-11 19:26:21.301,1789165581.3014855,16
2026-09-11 19:26:21.309,1789165581.3091779,12
2026-09-11 19:26:21.316,1789165581.3168702,-9
2026-09-11 19:26:21.324,1789165581.3245625,-24
2026-09-11 19:26:21.332,1789165581.3322546,-14
2026-09-11 19:26:21.339,1789165581.339947,0
2026-09-11 19:26:21.347,1789165581.3476393,16
2026-09-11 19:26:21.355,1789165581.3553317,31
2026-09-11 19:26:21.363,1789165581.363024,94
2026-09-11 19:26:21.370,1789165581.3707163,305
2026-09-11 19:26:21.378,1789165581.3784087,632
2026-09-11 19:26:21.386,1789165581.386101,909
2026-09-11 19:26:21.393,1789165581.393793,771
2026-09-11 19:26:21.401,1789165581.4014854,29
2026-09-11 19:26:21.409,1789165581.4091778,-511
2026-09-11 19:26:21.416,1789165581.41687,-288
2026-09-11 19:26:21.424,1789165581.4245625,-41
2026-09-11 19:26:21.432,1789165581.4322548,-118
2026-09-11 19:26:21.439,1789165581.4399471,-106
2026-09-11 19:26:21.447,1789165581.4476395,-19
2026-09-11 19:26:21.455,1789165581.4553316,-26
2026-09-11 19:26:21.463,1789165581.463024,-12
2026-09-11 19:26:21.470,1789165581.4707162,38
2026-09-11 19:26:21.478,1789165581.4784086,31
2026-09-11 19:26:21.486,1789165581.486101,16
2026-09-11 19:26:21.493,1789165581.4937932,46
2026-09-11 19:26:21.501,1789165581.5014856,70
2026-09-11 19:26:21.509,1789165581.509178,65
2026-09-11 19:26:21.516,1789165581.5168703,67
2026-09-11 19:26:21.524,1789165581.5245624,84
2026-09-11 19:26:21.532,1789165581.5322547,89
2026-09-11 19:26:21.539,1789165581.539947,101
2026-09-11 19:26:21.547,1789165581.5470524,138
2026-09-11 19:26:21.554,1789165581.5547447,160
2026-09-11 19:26:21.562,1789165581.562437,143
2026-09-11 19:26:21.570,1789165581.5701294,123
2026-09-11 19:26:21.577,1789165581.5778217,126
2026-09-11 19:26:21.585,1789165581.5855138,150
2026-09-11 19:26:21.593,1789165581.5932062,181
2026-09-11 19:26:21.600,1789165581.6008985,215
2026-09-11 19:26:21.608,1789165581.6085908,240
2026-09-11 19:26:21.616,1789165581.6162832,254
2026-09-11 19:26:21.623,1789165581.6239755,247
2026-09-11 19:26:21.631,1789165581.6316679,213
2026-09-11 19:26:21.639,1789165581.6393602,138
2026-09-11 19:26:21.647,1789165581.6470523,48
2026-09-11 19:26:21.654,1789165581.6547446,-4
2026-09-11 19:26:21.662,1789165581.662437,-38
2026-09-11 19:26:21.670,1789165581.6701293,-75
2026-09-11 19:26:21.677,1789165581.6778216,-111
2026-09-11 19:26:21.685,1789165581.685514,-118
2026-09-11 19:26:21.693,1789165581.6932063,-82
2026-09-11 19:26:21.700,1789165581.7008986,-46
2026-09-11 19:26:21.708,1789165581.7085907,-21
2026-09-11 19:26:21.716,1789165581.716283,24
2026-09-11 19:26:21.723,1789165581.7239754,77
2026-09-11 19:26:21.731,1789165581.7316678,111
2026-09-11 19:26:21.739,1789165581.73936,145
2026-09-11 19:26:21.747,1789165581.7470524,191
2026-09-11 19:26:21.754,1789165581.7547448,232
2026-09-11 19:26:21.762,1789165581.762437,210
2026-09-11 19:26:21.770,1789165581.7701292,123
2026-09-11 19:26:21.777,1789165581.7778215,60
2026-09-11 19:26:21.785,1789165581.7855139,53
2026-09-11 19:26:21.793,1789165581.7932062,60
2026-09-11 19:26:21.800,1789165581.8008986,50
2026-09-11 19:26:21.808,1789165581.808591,46
2026-09-11 19:26:21.816,1789165581.8162832,50
2026-09-11 19:26:21.823,1789165581.8239756,50
2026-09-11 19:26:21.831,1789165581.8316677,53
2026-09-11 19:26:21.839,1789165581.83936,65
2026-09-11 19:26:21.847,1789165581.8470523,65
2026-09-11 19:26:21.854,1789165581.8547447,72
2026-09-11 19:26:21.862,1789165581.862437,126
2026-09-11 19:26:21.870,1789165581.8701293,186
2026-09-11 19:26:21.877,1789165581.8778217,203
2026-09-11 19:26:21.885,1789165581.885514,191
2026-09-11 19:26:21.893,1789165581.8932061,194
2026-09-11 19:26:21.900,1789165581.9008985,223
2026-09-11 19:26:21.908,1789165581.9085908,283
2026-09-11 19:26:21.916,1789165581.9162831,356
2026-09-11 19:26:21.923,1789165581.9239755,392
2026-09-11 19:26:21.931,1789165581.9316678,373
2026-09-11 19:26:21.939,1789165581.9393601,344
2026-09-11 19:26:21.947,1789165581.9470525,354
2026-09-11 19:26:21.954,1789165581.9547446,373
2026-09-11 19:26:21.962,1789165581.962437,341
2026-09-11 19:26:21.970,1789165581.9701293,286
2026-09-11 19:26:21.977,1789165581.9778216,254
2026-09-11 19:26:21.985,1789165581.985514,215
2026-09-11 19:26:21.993,1789165581.9932063,184
2026-09-11 19:26:22.000,1789165582.0008986,203
2026-09-11 19:26:22.008,1789165582.008591,341
2026-09-11 19:26:22.016,1789165582.016283,618
2026-09-11 19:26:22.023,1789165582.0239754,936
2026-09-11 19:26:22.031,1789165582.0316677,1268
2026-09-11 19:26:22.039,1789165582.03936,1508
2026-09-11 19:26:22.047,1789165582.0470524,1161
2026-09-11 19:26:22.054,1789165582.0547447,361
2026-09-11 19:26:22.062,1789165582.062437,147
2026-09-11 19:26:22.070,1789165582.0701294,526
2026-09-11 19:26:22.077,1789165582.0778217,647
2026-09-11 19:26:22.085,1789165582.0855138,591
2026-09-11 19:26:22.093,1789165582.0932062,630
2026-09-11 19:26:22.100,1789165582.1008985,599
2026-09-11 19:26:22.108,1789165582.1080136,531
2026-09-11 19:26:22.115,1789165582.115706,545
2026-09-11 19:26:22.123,1789165582.1233983,521
2026-09-11 19:26:22.131,1789165582.1310906,385
2026-09-11 19:26:22.138,1789165582.138783,315
2026-09-11 19:26:22.146,1789165582.146475,349
2026-09-11 19:26:22.154,1789165582.1541674,341
2026-09-11 19:26:22.161,1789165582.1618598,300
2026-09-11 19:26:22.169,1789165582.169552,312
2026-09-11 19:26:22.177,1789165582.1772444,383
2026-09-11 19:26:22.184,1789165582.1849368,453
2026-09-11 19:26:22.192,1789165582.192629,443
2026-09-11 19:26:22.200,1789165582.2003214,378
2026-09-11 19:26:22.208,1789165582.2080135,317
2026-09-11 19:26:22.215,1789165582.2157059,186
2026-09-11 19:26:22.223,1789165582.2233982,21
2026-09-11 19:26:22.231,1789165582.2310905,-14
2026-09-11 19:26:22.238,1789165582.238783,2
2026-09-11 19:26:22.246,1789165582.2464752,-19
2026-09-11 19:26:22.254,1789165582.2541676,-60
2026-09-11 19:26:22.261,1789165582.26186,-92
2026-09-11 19:26:22.269,1789165582.269552,-87
2026-09-11 19:26:22.277,1789165582.2772443,-104
2026-09-11 19:26:22.284,1789165582.2849367,-174
2026-09-11 19:26:22.292,1789165582.292629,-206
2026-09-11 19:26:22.300,1789165582.3003213,-191
2026-09-11 19:26:22.308,1789165582.3080137,-223
2026-09-11 19:26:22.315,1789165582.315706,-291
2026-09-11 19:26:22.323,1789165582.3233984,-341
2026-09-11 19:26:22.331,1789165582.3310905,-368
2026-09-11 19:26:22.338,1789165582.3387828,-383
2026-09-11 19:26:22.346,1789165582.3464751,-392
2026-09-11 19:26:22.354,1789165582.3541675,-332
2026-09-11 19:26:22.361,1789165582.3618598,-244
2026-09-11 19:26:22.369,1789165582.3695521,-244
2026-09-11 19:26:22.377,1789165582.3772445,-295
2026-09-11 19:26:22.384,1789165582.3849368,-337
2026-09-11 19:26:22.392,1789165582.392629,-358
2026-09-11 19:26:22.400,1789165582.4003212,-358
2026-09-11 19:26:22.408,1789165582.4080136,-346
2026-09-11 19:26:22.415,1789165582.415706,-303
2026-09-11 19:26:22.423,1789165582.4233983,-252
2026-09-11 19:26:22.431,1789165582.4310906,-237
2026-09-11 19:26:22.438,1789165582.438783,-240
2026-09-11 19:26:22.446,1789165582.4464753,-218
2026-09-11 19:26:22.454,1789165582.4541674,-196
2026-09-11 19:26:22.461,1789165582.4618597,-172
2026-09-11 19:26:22.469,1789165582.469552,-48
2026-09-11 19:26:22.477,1789165582.4772444,225
2026-09-11 19:26:22.484,1789165582.4849367,543
2026-09-11 19:26:22.492,1789165582.492629,744
2026-09-11 19:26:22.500,1789165582.5003214,657
2026-09-11 19:26:22.508,1789165582.5080137,404
2026-09-11 19:26:22.515,1789165582.5157058,307
2026-09-11 19:26:22.523,1789165582.5233982,320
2026-09-11 19:26:22.531,1789165582.5310905,286
2026-09-11 19:26:22.538,1789165582.5387828,242
2026-09-11 19:26:22.546,1789165582.5464752,181
2026-09-11 19:26:22.554,1789165582.5541675,116
2026-09-11 19:26:22.561,1789165582.5618598,99
2026-09-11 19:26:22.569,1789165582.5695522,113
2026-09-11 19:26:22.577,1789165582.5772443,99
2026-09-11 19:26:22.584,1789165582.5849366,48
2026-09-11 19:26:22.592,1789165582.592629,12
2026-09-11 19:26:22.600,1789165582.6003213,31
2026-09-11 19:26:22.608,1789165582.6080136,55
2026-09-11 19:26:22.615,1789165582.615706,19
2026-09-11 19:26:22.623,1789165582.6233983,-9
2026-09-11 19:26:22.631,1789165582.6310906,12
2026-09-11 19:26:22.638,1789165582.638783,87
2026-09-11 19:26:22.646,1789165582.646475,332
2026-09-11 19:26:22.654,1789165582.6541674,722
2026-09-11 19:26:22.661,1789165582.6618598,974
2026-09-11 19:26:22.668,1789165582.668955,674
2026-09-11 19:26:22.676,1789165582.6766474,-172
2026-09-11 19:26:22.684,1789165582.6843398,-618
2026-09-11 19:26:22.692,1789165582.692032,-300
2026-09-11 19:26:22.699,1789165582.6997244,-65
2026-09-11 19:26:22.707,1789165582.7074165,-130
2026-09-11 19:26:22.715,1789165582.7151089,-99
2026-09-11 19:26:22.722,1789165582.7228012,-46
2026-09-11 19:26:22.730,1789165582.7304935,-77
2026-09-11 19:26:22.738,1789165582.738186,-101
2026-09-11 19:26:22.745,1789165582.7458782,-113
2026-09-11 19:26:22.753,1789165582.7535706,-80
2026-09-11 19:26:22.761,1789165582.761263,26
2026-09-11 19:26:22.768,1789165582.768955,116
2026-09-11 19:26:22.776,1789165582.7766473,174
2026-09-11 19:26:22.784,1789165582.7843397,286
2026-09-11 19:26:22.792,1789165582.792032,448
2026-09-11 19:26:22.799,1789165582.7997243,584
2026-09-11 19:26:22.807,1789165582.8074167,664
2026-09-11 19:26:22.815,1789165582.815109,703
2026-09-11 19:26:22.822,1789165582.8228014,720
2026-09-11 19:26:22.830,1789165582.8304935,759
2026-09-11 19:26:22.838,1789165582.8381858,882
2026-09-11 19:26:22.845,1789165582.8458781,1018
2026-09-11 19:26:22.853,1789165582.8535705,1110
2026-09-11 19:26:22.861,1789165582.8612628,1234
2026-09-11 19:26:22.868,1789165582.8689551,1333
2026-09-11 19:26:22.876,1789165582.8766475,1573
2026-09-11 19:26:22.884,1789165582.8843398,1995
2026-09-11 19:26:22.892,1789165582.892032,2075
2026-09-11 19:26:22.899,1789165582.8997242,1855
2026-09-11 19:26:22.907,1789165582.9074166,1840
2026-09-11 19:26:22.915,1789165582.915109,1974
2026-09-11 19:26:22.922,1789165582.9228013,1976
2026-09-11 19:26:22.930,1789165582.9304936,1872
2026-09-11 19:26:22.938,1789165582.938186,1857
2026-09-11 19:26:22.945,1789165582.9458783,1850
2026-09-11 19:26:22.953,1789165582.9535704,1731
2026-09-11 19:26:22.961,1789165582.9612627,1801
2026-09-11 19:26:22.968,1789165582.968955,1957
2026-09-11 19:26:22.976,1789165582.9766474,1721
2026-09-11 19:26:22.984,1789165582.9843397,1401
2026-09-11 19:26:22.992,1789165582.992032,1392
2026-09-11 19:26:22.999,1789165582.9997244,1406
2026-09-11 19:26:23.007,1789165583.0074167,1234
2026-09-11 19:26:23.015,1789165583.0151088,1004
2026-09-11 19:26:23.022,1789165583.0228012,836
2026-09-11 19:26:23.030,1789165583.0304935,778
2026-09-11 19:26:23.038,1789165583.0381858,780
2026-09-11 19:26:23.045,1789165583.0458782,836
2026-09-11 19:26:23.053,1789165583.0535705,1295
2026-09-11 19:26:23.061,1789165583.0612628,2153
2026-09-11 19:26:23.068,1789165583.0689552,2631
2026-09-11 19:26:23.076,1789165583.0766473,2446
2026-09-11 19:26:23.084,1789165583.0843396,2083
2026-09-11 19:26:23.092,1789165583.092032,1835
2026-09-11 19:26:23.099,1789165583.0997243,1755
2026-09-11 19:26:23.107,1789165583.1074166,1809
2026-09-11 19:26:23.115,1789165583.115109,1944
2026-09-11 19:26:23.122,1789165583.1228013,2202
2026-09-11 19:26:23.130,1789165583.1304936,2514
2026-09-11 19:26:23.138,1789165583.1381857,2706
2026-09-11 19:26:23.145,1789165583.145878,2716
2026-09-11 19:26:23.153,1789165583.1535704,2657
2026-09-11 19:26:23.161,1789165583.1612628,2517
2026-09-11 19:26:23.168,1789165583.168955,2369
2026-09-11 19:26:23.176,1789165583.1766474,2393
2026-09-11 19:26:23.184,1789165583.1843398,2451
2026-09-11 19:26:23.192,1789165583.192032,2374
2026-09-11 19:26:23.199,1789165583.1997244,2054
2026-09-11 19:26:23.207,1789165583.2074165,1479
2026-09-11 19:26:23.215,1789165583.2151089,1096
2026-09-11 19:26:23.222,1789165583.2228012,1040
2026-09-11 19:26:23.229,1789165583.2299216,938
2026-09-11 19:26:23.237,1789165583.237614,826
2026-09-11 19:26:23.245,1789165583.2453063,906
2026-09-11 19:26:23.252,1789165583.2529986,1161
2026-09-11 19:26:23.260,1789165583.260691,1532
2026-09-11 19:26:23.268,1789165583.268383,1508
2026-09-11 19:26:23.276,1789165583.2760754,497
2026-09-11 19:26:23.283,1789165583.2837677,-526
2026-09-11 19:26:23.291,1789165583.29146,-368
2026-09-11 19:26:23.299,1789165583.2991524,92
2026-09-11 19:26:23.306,1789165583.3068447,-19
2026-09-11 19:26:23.314,1789165583.314537,-155
2026-09-11 19:26:23.322,1789165583.3222294,-293
2026-09-11 19:26:23.329,1789165583.3299215,-768
2026-09-11 19:26:23.337,1789165583.3376138,-1088
2026-09-11 19:26:23.345,1789165583.3453062,-1047
2026-09-11 19:26:23.352,1789165583.3529985,-1042
2026-09-11 19:26:23.360,1789165583.3606908,-1103
2026-09-11 19:26:23.368,1789165583.3683832,-1088
2026-09-11 19:26:23.376,1789165583.3760755,-1067
2026-09-11 19:26:23.383,1789165583.3837678,-1057
2026-09-11 19:26:23.391,1789165583.39146,-1023
2026-09-11 19:26:23.399,1789165583.3991523,-984
2026-09-11 19:26:23.406,1789165583.4068446,-921
2026-09-11 19:26:23.414,1789165583.414537,-890
2026-09-11 19:26:23.422,1789165583.4222293,-914
2026-09-11 19:26:23.429,1789165583.4299216,-865
2026-09-11 19:26:23.437,1789165583.437614,-785
2026-09-11 19:26:23.445,1789165583.4453063,-773
2026-09-11 19:26:23.452,1789165583.4529984,-749
2026-09-11 19:26:23.460,1789165583.4606907,-688
2026-09-11 19:26:23.468,1789165583.468383,-632
2026-09-11 19:26:23.476,1789165583.4760754,-577
2026-09-11 19:26:23.483,1789165583.4837677,-552
2026-09-11 19:26:23.491,1789165583.49146,-591
2026-09-11 19:26:23.499,1789165583.4991524,-613
2026-09-11 19:26:23.506,1789165583.5068448,-596
2026-09-11 19:26:23.514,1789165583.5145369,-623
2026-09-11 19:26:23.522,1789165583.5222292,-674
2026-09-11 19:26:23.529,1789165583.5299215,-698
2026-09-11 19:26:23.537,1789165583.5376139,-732
2026-09-11 19:26:23.545,1789165583.5453062,-763
2026-09-11 19:26:23.552,1789165583.5529985,-717
2026-09-11 19:26:23.560,1789165583.5606909,-642
2026-09-11 19:26:23.568,1789165583.5683832,-591
2026-09-11 19:26:23.576,1789165583.5760753,-552
2026-09-11 19:26:23.583,1789165583.5837677,-521
2026-09-11 19:26:23.591,1789165583.59146,-472
2026-09-11 19:26:23.599,1789165583.5991523,-421
2026-09-11 19:26:23.606,1789165583.6068447,-380
2026-09-11 19:26:23.614,1789165583.614537,-344
2026-09-11 19:26:23.622,1789165583.6222293,-329
2026-09-11 19:26:23.629,1789165583.6299217,-371
2026-09-11 19:26:23.637,1789165583.6376138,-426
2026-09-11 19:26:23.645,1789165583.645306,-407
2026-09-11 19:26:23.652,1789165583.6529984,-332
2026-09-11 19:26:23.660,1789165583.6606908,-305
2026-09-11 19:26:23.668,1789165583.6683831,-332
2026-09-11 19:26:23.676,1789165583.6760755,-344
2026-09-11 19:26:23.683,1789165583.6837678,-252
2026-09-11 19:26:23.691,1789165583.6914601,-70
2026-09-11 19:26:23.699,1789165583.6991522,48
2026-09-11 19:26:23.706,1789165583.7068446,60
2026-09-11 19:26:23.714,1789165583.714537,50
2026-09-11 19:26:23.722,1789165583.7222292,7
2026-09-11 19:26:23.729,1789165583.7299216,-75
2026-09-11 19:26:23.737,1789165583.737614,-63
2026-09-11 19:26:23.745,1789165583.7453063,55
2026-09-11 19:26:23.752,1789165583.7529986,82
2026-09-11 19:26:23.760,1789165583.760691,7
2026-09-11 19:26:23.768,1789165583.768383,-48
2026-09-11 19:26:23.776,1789165583.7760754,-58
2026-09-11 19:26:23.783,1789165583.7837677,-48
2026-09-11 19:26:23.790,1789165583.7908678,-31
2026-09-11 19:26:23.798,1789165583.7985601,-19
2026-09-11 19:26:23.806,1789165583.8062525,-33
2026-09-11 19:26:23.813,1789165583.8139448,-70
2026-09-11 19:26:23.821,1789165583.8216372,-99
2026-09-11 19:26:23.829,1789165583.8293293,-118
2026-09-11 19:26:23.837,1789165583.8370216,-128
2026-09-11 19:26:23.844,1789165583.844714,-72
2026-09-11 19:26:23.852,1789165583.8524063,167
2026-09-11 19:26:23.860,1789165583.8600986,565
2026-09-11 19:26:23.867,1789165583.867791,953
2026-09-11 19:26:23.875,1789165583.8754833,1057
2026-09-11 19:26:23.883,1789165583.8831756,502
2026-09-11 19:26:23.890,1789165583.8908677,-327
2026-09-11 19:26:23.898,1789165583.89856,-458
2026-09-11 19:26:23.906,1789165583.9062524,-121
2026-09-11 19:26:23.913,1789165583.9139447,-106
2026-09-11 19:26:23.921,1789165583.921637,-213
2026-09-11 19:26:23.929,1789165583.9293294,-147
2026-09-11 19:26:23.937,1789165583.9370217,-101
2026-09-11 19:26:23.944,1789165583.944714,-82
2026-09-11 19:26:23.952,1789165583.9524062,21
2026-09-11 19:26:23.960,1789165583.9600985,145
2026-09-11 19:26:23.967,1789165583.9677908,210
2026-09-11 19:26:23.975,1789165583.9754832,232
2026-09-11 19:26:23.983,1789165583.9831755,254
2026-09-11 19:26:23.990,1789165583.9908679,269
2026-09-11 19:26:23.998,1789165583.9985602,259
2026-09-11 19:26:24.006,1789165584.0062525,230
2026-09-11 19:26:24.013,1789165584.0139446,189
2026-09-11 19:26:24.021,1789165584.021637,92
2026-09-11 19:26:24.029,1789165584.0293293,-50
2026-09-11 19:26:24.037,1789165584.0370216,-89
2026-09-11 19:26:24.044,1789165584.044714,33
2026-09-11 19:26:24.052,1789165584.0524063,140
2026-09-11 19:26:24.060,1789165584.0600986,179
2026-09-11 19:26:24.067,1789165584.067791,264
2026-09-11 19:26:24.075,1789165584.075483,327
2026-09-11 19:26:24.083,1789165584.0831754,344
2026-09-11 19:26:24.090,1789165584.0908678,438
2026-09-11 19:26:24.098,1789165584.09856,523
2026-09-11 19:26:24.106,1789165584.1062524,548
2026-09-11 19:26:24.113,1789165584.1139448,645
2026-09-11 19:26:24.121,1789165584.121637,729
2026-09-11 19:26:24.129,1789165584.1293294,669
2026-09-11 19:26:24.137,1789165584.1370215,591
2026-09-11 19:26:24.144,1789165584.1447139,589
2026-09-11 19:26:24.152,1789165584.1524062,594
2026-09-11 19:26:24.160,1789165584.1600986,586
2026-09-11 19:26:24.167,1789165584.167791,579
2026-09-11 19:26:24.175,1789165584.1754832,567
2026-09-11 19:26:24.183,1789165584.1831756,516
2026-09-11 19:26:24.190,1789165584.190868,409
2026-09-11 19:26:24.198,1789165584.19856,269
2026-09-11 19:26:24.206,1789165584.2062523,157
2026-09-11 19:26:24.213,1789165584.2139447,160
2026-09-11 19:26:24.221,1789165584.221637,254
2026-09-11 19:26:24.229,1789165584.2293293,329
2026-09-11 19:26:24.237,1789165584.2370217,317
2026-09-11 19:26:24.244,1789165584.244714,283
2026-09-11 19:26:24.252,1789165584.2524064,300
2026-09-11 19:26:24.260,1789165584.2600985,298
2026-09-11 19:26:24.267,1789165584.2677908,237
2026-09-11 19:26:24.275,1789165584.2754831,215
2026-09-11 19:26:24.283,1789165584.2831755,230
2026-09-11 19:26:24.290,1789165584.2908678,191
2026-09-11 19:26:24.298,1789165584.2985601,174
2026-09-11 19:26:24.306,1789165584.3062525,266
2026-09-11 19:26:24.313,1789165584.3139448,412
2026-09-11 19:26:24.321,1789165584.3216372,485
2026-09-11 19:26:24.329,1789165584.3293293,494
2026-09-11 19:26:24.337,1789165584.3370216,497
2026-09-11 19:26:24.344,1789165584.344714,463
2026-09-11 19:26:24.351,1789165584.3518448,424
2026-09-11 19:26:24.359,1789165584.3595371,429
2026-09-11 19:26:24.367,1789165584.3672295,470
2026-09-11 19:26:24.374,1789165584.3749218,523
2026-09-11 19:26:24.382,1789165584.3826141,412
2026-09-11 19:26:24.390,1789165584.3903062,46
2026-09-11 19:26:24.397,1789165584.3979986,-177
2026-09-11 19:26:24.405,1789165584.405691,-126
2026-09-11 19:26:24.413,1789165584.4133832,-184
2026-09-11 19:26:24.421,1789165584.4210756,-371
2026-09-11 19:26:24.428,1789165584.428768,-470
2026-09-11 19:26:24.436,1789165584.4364603,-485
2026-09-11 19:26:24.444,1789165584.4441526,-402
2026-09-11 19:26:24.451,1789165584.4518447,-213
2026-09-11 19:26:24.459,1789165584.459537,50
2026-09-11 19:26:24.467,1789165584.4672294,421
2026-09-11 19:26:24.474,1789165584.4749217,749
2026-09-11 19:26:24.482,1789165584.482614,434
2026-09-11 19:26:24.490,1789165584.4903064,-492
2026-09-11 19:26:24.497,1789165584.4979987,-870
2026-09-11 19:26:24.505,1789165584.505691,-533
2026-09-11 19:26:24.513,1789165584.5133832,-448
2026-09-11 19:26:24.521,1789165584.5210755,-589
2026-09-11 19:26:24.528,1789165584.5287678,-531
2026-09-11 19:26:24.536,1789165584.5364602,-480
2026-09-11 19:26:24.544,1789165584.5441525,-516
2026-09-11 19:26:24.551,1789165584.5518448,-506
2026-09-11 19:26:24.559,1789165584.5595372,-506
2026-09-11 19:26:24.567,1789165584.5672295,-528
2026-09-11 19:26:24.574,1789165584.5749216,-477
2026-09-11 19:26:24.582,1789165584.582614,-424
2026-09-11 19:26:24.590,1789165584.5903063,-441
2026-09-11 19:26:24.597,1789165584.5979986,-334
2026-09-11 19:26:24.605,1789165584.605691,70
2026-09-11 19:26:24.613,1789165584.6133833,482
2026-09-11 19:26:24.621,1789165584.6210756,528
2026-09-11 19:26:24.628,1789165584.628768,419
2026-09-11 19:26:24.636,1789165584.63646,448
2026-09-11 19:26:24.644,1789165584.6441524,489
2026-09-11 19:26:24.651,1789165584.6518447,409
2026-09-11 19:26:24.659,1789165584.659537,315
2026-09-11 19:26:24.667,1789165584.6672294,344
2026-09-11 19:26:24.674,1789165584.6749218,472
2026-09-11 19:26:24.682,1789165584.682614,538
2026-09-11 19:26:24.690,1789165584.6903064,468
2026-09-11 19:26:24.697,1789165584.6979985,295
2026-09-11 19:26:24.705,1789165584.7056909,116
2026-09-11 19:26:24.713,1789165584.7133832,26
2026-09-11 19:26:24.721,1789165584.7210755,12
2026-09-11 19:26:24.728,1789165584.7287679,21
2026-09-11 19:26:24.736,1789165584.7364602,46
2026-09-11 19:26:24.744,1789165584.7441525,80
2026-09-11 19:26:24.751,1789165584.751845,109
2026-09-11 19:26:24.759,1789165584.759537,94
2026-09-11 19:26:24.767,1789165584.7672293,50
2026-09-11 19:26:24.774,1789165584.7749217,75
2026-09-11 19:26:24.782,1789165584.782614,113
2026-09-11 19:26:24.790,1789165584.7903063,130
2026-09-11 19:26:24.797,1789165584.7979987,203
2026-09-11 19:26:24.805,1789165584.805691,254
2026-09-11 19:26:24.813,1789165584.8133833,220
2026-09-11 19:26:24.821,1789165584.8210754,227
2026-09-11 19:26:24.828,1789165584.8287678,281
2026-09-11 19:26:24.836,1789165584.83646,291
2026-09-11 19:26:24.844,1789165584.8441525,283
2026-09-11 19:26:24.851,1789165584.8518448,310
2026-09-11 19:26:24.859,1789165584.8595371,327
2026-09-11 19:26:24.867,1789165584.8672295,278
2026-09-11 19:26:24.874,1789165584.8749218,184
2026-09-11 19:26:24.882,1789165584.8826141,94
2026-09-11 19:26:24.890,1789165584.8903062,7
2026-09-11 19:26:24.897,1789165584.8979986,-116
2026-09-11 19:26:24.905,1789165584.905691,-257
2026-09-11 19:26:24.912,1789165584.912791,-295
2026-09-11 19:26:24.920,1789165584.9204834,-181
2026-09-11 19:26:24.928,1789165584.9281757,-9
2026-09-11 19:26:24.935,1789165584.935868,36
2026-09-11 19:26:24.943,1789165584.9435604,-31
2026-09-11 19:26:24.951,1789165584.9512525,-67
2026-09-11 19:26:24.958,1789165584.9589448,-92
2026-09-11 19:26:24.966,1789165584.9666371,-181
2026-09-11 19:26:24.974,1789165584.9743295,-286
2026-09-11 19:26:24.982,1789165584.9820218,-305
2026-09-11 19:26:24.989,1789165584.9897141,-278
2026-09-11 19:26:24.997,1789165584.9974065,-269
2026-09-11 19:26:25.005,1789165585.0050988,-247
2026-09-11 19:26:25.012,1789165585.012791,-169
2026-09-11 19:26:25.020,1789165585.0204833,-77
2026-09-11 19:26:25.028,1789165585.0281756,-65
2026-09-11 19:26:25.035,1789165585.035868,-140
2026-09-11 19:26:25.043,1789165585.0435603,-218
2026-09-11 19:26:25.051,1789165585.0512526,-271
2026-09-11 19:26:25.058,1789165585.058945,-320
2026-09-11 19:26:25.066,1789165585.0666373,-356
2026-09-11 19:26:25.074,1789165585.0743294,-327
2026-09-11 19:26:25.082,1789165585.0820217,-213
2026-09-11 19:26:25.089,1789165585.089714,-26
2026-09-11 19:26:25.097,1789165585.0974064,227
2026-09-11 19:26:25.105,1789165585.1050987,550
2026-09-11 19:26:25.112,1789165585.112791,887
2026-09-11 19:26:25.120,1789165585.1204834,712
2026-09-11 19:26:25.128,1789165585.1281757,-184
2026-09-11 19:26:25.135,1789165585.1358678,-712
2026-09-11 19:26:25.143,1789165585.1435602,-371
2026-09-11 19:26:25.151,1789165585.1512525,-87
2026-09-11 19:26:25.158,1789165585.1589448,-164
2026-09-11 19:26:25.166,1789165585.1666372,-157
2026-09-11 19:26:25.174,1789165585.1743295,-106
2026-09-11 19:26:25.182,1789165585.1820219,-157
2026-09-11 19:26:25.189,1789165585.1897142,-206
2026-09-11 19:26:25.197,1789165585.1974063,-266
2026-09-11 19:26:25.205,1789165585.2050986,-431
2026-09-11 19:26:25.212,1789165585.212791,-657
2026-09-11 19:26:25.220,1789165585.2204833,-795
2026-09-11 19:26:25.228,1789165585.2281756,-776
2026-09-11 19:26:25.235,1789165585.235868,-712
2026-09-11 19:26:25.243,1789165585.2435603,-732
2026-09-11 19:26:25.251,1789165585.2512527,-742
2026-09-11 19:26:25.258,1789165585.2589447,-703
2026-09-11 19:26:25.266,1789165585.266637,-712
2026-09-11 19:26:25.274,1789165585.2743294,-754
2026-09-11 19:26:25.282,1789165585.2820218,-841
2026-09-11 19:26:25.289,1789165585.289714,-972
2026-09-11 19:26:25.297,1789165585.2974064,-1016
2026-09-11 19:26:25.305,1789165585.3050988,-970
2026-09-11 19:26:25.312,1789165585.312791,-950
2026-09-11 19:26:25.320,1789165585.3204832,-962
2026-09-11 19:26:25.328,1789165585.3281755,-982
2026-09-11 19:26:25.335,1789165585.335868,-1016
2026-09-11 19:26:25.343,1789165585.3435602,-1025
2026-09-11 19:26:25.351,1789165585.3512526,-1004
2026-09-11 19:26:25.358,1789165585.358945,-987
2026-09-11 19:26:25.366,1789165585.3666372,-982
2026-09-11 19:26:25.374,1789165585.3743296,-957
2026-09-11 19:26:25.382,1789165585.3820217,-887
2026-09-11 19:26:25.389,1789165585.389714,-809
2026-09-11 19:26:25.397,1789165585.3974063,-790
2026-09-11 19:26:25.405,1789165585.4050987,-868
2026-09-11 19:26:25.412,1789165585.412791,-970
2026-09-11 19:26:25.420,1789165585.4204834,-960
2026-09-11 19:26:25.428,1789165585.4281757,-928
2026-09-11 19:26:25.435,1789165585.435868,-994
2026-09-11 19:26:25.443,1789165585.4435604,-1037
2026-09-11 19:26:25.451,1789165585.4512525,-999
2026-09-11 19:26:25.458,1789165585.4589448,-957
2026-09-11 19:26:25.466,1789165585.4666371,-960
2026-09-11 19:26:25.473,1789165585.4737525,-970
2026-09-11 19:26:25.481,1789165585.4814448,-955
2026-09-11 19:26:25.489,1789165585.4891372,-911
2026-09-11 19:26:25.496,1789165585.4968295,-868
2026-09-11 19:26:25.504,1789165585.5045218,-822
2026-09-11 19:26:25.512,1789165585.512214,-754
2026-09-11 19:26:25.519,1789165585.5199063,-681
2026-09-11 19:26:25.527,1789165585.5275986,-613
2026-09-11 19:26:25.535,1789165585.535291,-586
2026-09-11 19:26:25.542,1789165585.5429833,-601
2026-09-11 19:26:25.550,1789165585.5506756,-582
2026-09-11 19:26:25.558,1789165585.558368,-545
2026-09-11 19:26:25.566,1789165585.5660603,-550
2026-09-11 19:26:25.573,1789165585.5737524,-557
2026-09-11 19:26:25.581,1789165585.5814447,-550
2026-09-11 19:26:25.589,1789165585.589137,-565
2026-09-11 19:26:25.596,1789165585.5968294,-586
2026-09-11 19:26:25.604,1789165585.6045218,-572
2026-09-11 19:26:25.612,1789165585.612214,-543
2026-09-11 19:26:25.619,1789165585.6199064,-538
2026-09-11 19:26:25.627,1789165585.6275988,-526
2026-09-11 19:26:25.635,1789165585.6352909,-482
2026-09-11 19:26:25.642,1789165585.6429832,-441
2026-09-11 19:26:25.650,1789165585.6506755,-414
2026-09-11 19:26:25.658,1789165585.6583679,-390
2026-09-11 19:26:25.666,1789165585.6660602,-390
2026-09-11 19:26:25.673,1789165585.6737525,-395
2026-09-11 19:26:25.681,1789165585.681445,-371
2026-09-11 19:26:25.689,1789165585.6891372,-332
2026-09-11 19:26:25.696,1789165585.6968293,-291
2026-09-11 19:26:25.704,1789165585.7045217,-259
2026-09-11 19:26:25.712,1789165585.712214,-274
2026-09-11 19:26:25.719,1789165585.7199063,-300
2026-09-11 19:26:25.727,1789165585.7275987,-293
2026-09-11 19:26:25.735,1789165585.735291,-288
2026-09-11 19:26:25.742,1789165585.7429833,-288
2026-09-11 19:26:25.750,1789165585.7506757,-269
2026-09-11 19:26:25.758,1789165585.7583678,-266
2026-09-11 19:26:25.766,1789165585.76606,-288
2026-09-11 19:26:25.773,1789165585.7737525,-305
2026-09-11 19:26:25.781,1789165585.7814448,-332
2026-09-11 19:26:25.789,1789165585.7891371,-356
2026-09-11 19:26:25.796,1789165585.7968295,-317
2026-09-11 19:26:25.804,1789165585.8045218,-184
2026-09-11 19:26:25.812,1789165585.8122141,16
2026-09-11 19:26:25.819,1789165585.8199062,266
2026-09-11 19:26:25.827,1789165585.8275986,569
2026-09-11 19:26:25.835,1789165585.835291,637
2026-09-11 19:26:25.842,1789165585.8429832,67
2026-09-11 19:26:25.850,1789165585.8506756,-548
2026-09-11 19:26:25.858,1789165585.858368,-431
2026-09-11 19:26:25.866,1789165585.8660603,-111
2026-09-11 19:26:25.873,1789165585.8737526,-109
2026-09-11 19:26:25.881,1789165585.8814447,-160
2026-09-11 19:26:25.889,1789165585.889137,-177
2026-09-11 19:26:25.896,1789165585.8968294,-218
2026-09-11 19:26:25.904,1789165585.9045217,-194
2026-09-11 19:26:25.912,1789165585.912214,-133
2026-09-11 19:26:25.919,1789165585.9199064,-121
2026-09-11 19:26:25.927,1789165585.9275987,-58
2026-09-11 19:26:25.935,1789165585.935291,133
2026-09-11 19:26:25.942,1789165585.9429832,312
2026-09-11 19:26:25.950,1789165585.9506755,380
2026-09-11 19:26:25.958,1789165585.9583678,414
2026-09-11 19:26:25.966,1789165585.9660602,455
2026-09-11 19:26:25.973,1789165585.9737525,482
2026-09-11 19:26:25.981,1789165585.9814448,485
2026-09-11 19:26:25.989,1789165585.9891372,504
2026-09-11 19:26:25.996,1789165585.9968295,528
2026-09-11 19:26:26.004,1789165586.0045218,502
2026-09-11 19:26:26.012,1789165586.012214,455
2026-09-11 19:26:26.019,1789165586.0199063,458
2026-09-11 19:26:26.027,1789165586.0275986,489
2026-09-11 19:26:26.034,1789165586.034714,518
2026-09-11 19:26:26.042,1789165586.0424063,540
2026-09-11 19:26:26.050,1789165586.0500987,540
2026-09-11 19:26:26.057,1789165586.057791,531
2026-09-11 19:26:26.065,1789165586.0654833,506
2026-09-11 19:26:26.073,1789165586.0731754,438
2026-09-11 19:26:26.080,1789165586.0808678,324
2026-09-11 19:26:26.088,1789165586.08856,206
2026-09-11 19:26:26.096,1789165586.0962524,126
2026-09-11 19:26:26.103,1789165586.1039448,143
2026-09-11 19:26:26.111,1789165586.111637,334
2026-09-11 19:26:26.119,1789165586.1193295,914
2026-09-11 19:26:26.127,1789165586.1270218,1903
2026-09-11 19:26:26.134,1789165586.134714,2905
2026-09-11 19:26:26.142,1789165586.1424062,3778
2026-09-11 19:26:26.150,1789165586.1500986,4401
2026-09-11 19:26:26.157,1789165586.157791,4564
2026-09-11 19:26:26.165,1789165586.1654832,4486
2026-09-11 19:26:26.173,1789165586.1731756,4454
2026-09-11 19:26:26.180,1789165586.180868,4530
2026-09-11 19:26:26.188,1789165586.1885602,4731
2026-09-11 19:26:26.196,1789165586.1962523,5039
2026-09-11 19:26:26.203,1789165586.2039447,5352
2026-09-11 19:26:26.211,1789165586.211637,5655
2026-09-11 19:26:26.219,1789165586.2193294,5985
2026-09-11 19:26:26.227,1789165586.2270217,6341
2026-09-11 19:26:26.234,1789165586.234714,6654
2026-09-11 19:26:26.242,1789165586.2424064,6768
2026-09-11 19:26:26.250,1789165586.2500987,6853
2026-09-11 19:26:26.257,1789165586.2577908,7049
2026-09-11 19:26:26.265,1789165586.2654831,7071
2026-09-11 19:26:26.273,1789165586.2731755,6955
2026-09-11 19:26:26.280,1789165586.2808678,6914
2026-09-11 19:26:26.288,1789165586.2885602,6860
2026-09-11 19:26:26.296,1789165586.2962525,6775
2026-09-11 19:26:26.303,1789165586.3039448,6700
2026-09-11 19:26:26.311,1789165586.3116372,6598
2026-09-11 19:26:26.319,1789165586.3193293,6475
2026-09-11 19:26:26.327,1789165586.3270216,6346
2026-09-11 19:26:26.334,1789165586.334714,6230
2026-09-11 19:26:26.342,1789165586.3424063,6104
2026-09-11 19:26:26.350,1789165586.3500986,5893
2026-09-11 19:26:26.357,1789165586.357791,5626
2026-09-11 19:26:26.365,1789165586.3654833,5395
2026-09-11 19:26:26.373,1789165586.3731756,5199
2026-09-11 19:26:26.380,1789165586.3808677,4981
2026-09-11 19:26:26.388,1789165586.38856,4748
2026-09-11 19:26:26.396,1789165586.3962524,4564
2026-09-11 19:26:26.403,1789165586.4039447,4445
2026-09-11 19:26:26.411,1789165586.411637,4299
2026-09-11 19:26:26.419,1789165586.4193294,3868
2026-09-11 19:26:26.427,1789165586.4270217,2720
2026-09-11 19:26:26.434,1789165586.434714,1263
2026-09-11 19:26:26.442,1789165586.4424062,429
2026-09-11 19:26:26.450,1789165586.4500985,-174
2026-09-11 19:26:26.457,1789165586.4577909,-858
2026-09-11 19:26:26.465,1789165586.4654832,-1008
2026-09-11 19:26:26.473,1789165586.4731755,-943
2026-09-11 19:26:26.480,1789165586.4808679,-1134
2026-09-11 19:26:26.488,1789165586.4885602,-1190
2026-09-11 19:26:26.496,1789165586.4962525,-1280
2026-09-11 19:26:26.503,1789165586.5039446,-1736
2026-09-11 19:26:26.511,1789165586.511637,-1966
2026-09-11 19:26:26.519,1789165586.5193293,-2041
2026-09-11 19:26:26.527,1789165586.5270216,-2590
2026-09-11 19:26:26.534,1789165586.534714,-3050
2026-09-11 19:26:26.542,1789165586.5424063,-2958
2026-09-11 19:26:26.550,1789165586.5500987,-2827
2026-09-11 19:26:26.557,1789165586.557791,-2752
2026-09-11 19:26:26.565,1789165586.5654833,-2497
2026-09-11 19:26:26.573,1789165586.5731754,-2153
2026-09-11 19:26:26.580,1789165586.5808678,-1935
2026-09-11 19:26:26.588,1789165586.58856,-2202
2026-09-11 19:26:26.595,1789165586.5956604,-2716
2026-09-11 19:26:26.603,1789165586.6033528,-2704
2026-09-11 19:26:26.611,1789165586.6110451,-2352
2026-09-11 19:26:26.618,1789165586.6187375,-2158
2026-09-11 19:26:26.626,1789165586.6264298,-2017
2026-09-11 19:26:26.634,1789165586.634122,-1927
2026-09-11 19:26:26.641,1789165586.6418142,-1906
2026-09-11 19:26:26.649,1789165586.6495066,-1901
2026-09-11 19:26:26.657,1789165586.657199,-1881
2026-09-11 19:26:26.664,1789165586.6648912,-1605
2026-09-11 19:26:26.672,1789165586.6725836,-1008
2026-09-11 19:26:26.680,1789165586.680276,-349
2026-09-11 19:26:26.687,1789165586.6879683,-31
2026-09-11 19:26:26.695,1789165586.6956604,-291
2026-09-11 19:26:26.703,1789165586.7033527,-720
2026-09-11 19:26:26.711,1789165586.711045,-814
2026-09-11 19:26:26.718,1789165586.7187374,-696
2026-09-11 19:26:26.726,1789165586.7264297,-572
2026-09-11 19:26:26.734,1789165586.734122,-441
2026-09-11 19:26:26.741,1789165586.7418144,-358
2026-09-11 19:26:26.749,1789165586.7495067,-276
2026-09-11 19:26:26.757,1789165586.7571988,-157
2026-09-11 19:26:26.764,1789165586.7648911,-89
2026-09-11 19:26:26.772,1789165586.7725835,-48
2026-09-11 19:26:26.780,1789165586.7802758,-31
2026-09-11 19:26:26.787,1789165586.7879682,2
2026-09-11 19:26:26.795,1789165586.7956605,356
2026-09-11 19:26:26.803,1789165586.8033528,914
2026-09-11 19:26:26.811,1789165586.8110452,1350
2026-09-11 19:26:26.818,1789165586.8187373,1867
2026-09-11 19:26:26.826,1789165586.8264296,2483
2026-09-11 19:26:26.834,1789165586.834122,2929
2026-09-11 19:26:26.841,1789165586.8418143,2888
2026-09-11 19:26:26.849,1789165586.8495066,2311
2026-09-11 19:26:26.857,1789165586.857199,2143
2026-09-11 19:26:26.864,1789165586.8648913,2776
2026-09-11 19:26:26.872,1789165586.8725836,2888
2026-09-11 19:26:26.880,1789165586.8802757,2432
2026-09-11 19:26:26.887,1789165586.887968,2980
2026-09-11 19:26:26.895,1789165586.8956604,4093
2026-09-11 19:26:26.903,1789165586.9033527,4379
2026-09-11 19:26:26.911,1789165586.911045,4202
2026-09-11 19:26:26.918,1789165586.9187374,3877
2026-09-11 19:26:26.926,1789165586.9264297,3121
2026-09-11 19:26:26.934,1789165586.934122,2636
2026-09-11 19:26:26.941,1789165586.9418142,2529
2026-09-11 19:26:26.949,1789165586.9495065,1911
2026-09-11 19:26:26.957,1789165586.9571989,1244
2026-09-11 19:26:26.964,1789165586.9648912,1173
2026-09-11 19:26:26.972,1789165586.9725835,950
2026-09-11 19:26:26.980,1789165586.9802759,446
2026-09-11 19:26:26.987,1789165586.9879682,274
2026-09-11 19:26:26.995,1789165586.9956605,53
2026-09-11 19:26:27.003,1789165587.0033526,-858
2026-09-11 19:26:27.011,1789165587.011045,-2039
2026-09-11 19:26:27.018,1789165587.0187373,-2347
2026-09-11 19:26:27.026,1789165587.0264297,-443
2026-09-11 19:26:27.034,1789165587.034122,2873
2026-09-11 19:26:27.041,1789165587.0418143,4433
2026-09-11 19:26:27.049,1789165587.0495067,4222
2026-09-11 19:26:27.057,1789165587.057199,4333
2026-09-11 19:26:27.064,1789165587.064891,4505
2026-09-11 19:26:27.072,1789165587.0725834,4348
2026-09-11 19:26:27.080,1789165587.0802758,4382
2026-09-11 19:26:27.087,1789165587.087968,4459
2026-09-11 19:26:27.095,1789165587.0956604,4234
2026-09-11 19:26:27.103,1789165587.1033528,3691
2026-09-11 19:26:27.111,1789165587.1110451,2689
2026-09-11 19:26:27.118,1789165587.1187375,1496
2026-09-11 19:26:27.126,1789165587.1264298,271
2026-09-11 19:26:27.134,1789165587.134122,-1714
2026-09-11 19:26:27.141,1789165587.1418142,-3872
2026-09-11 19:26:27.149,1789165587.1495066,-4731
2026-09-11 19:26:27.156,1789165587.1566372,-4896
2026-09-11 19:26:27.164,1789165587.1643295,-5323
2026-09-11 19:26:27.172,1789165587.1720219,-5621
2026-09-11 19:26:27.179,1789165587.1797142,-5628
2026-09-11 19:26:27.187,1789165587.1874065,-5672
2026-09-11 19:26:27.195,1789165587.1950986,-5740
2026-09-11 19:26:27.202,1789165587.202791,-5711
2026-09-11 19:26:27.210,1789165587.2104833,-5652
2026-09-11 19:26:27.218,1789165587.2181756,-5614
2026-09-11 19:26:27.225,1789165587.225868,-5572
2026-09-11 19:26:27.233,1789165587.2335603,-5449
2026-09-11 19:26:27.241,1789165587.2412527,-5277
2026-09-11 19:26:27.248,1789165587.248945,-5184
2026-09-11 19:26:27.256,1789165587.256637,-5112
2026-09-11 19:26:27.264,1789165587.2643294,-4973
2026-09-11 19:26:27.272,1789165587.2720218,-4855
2026-09-11 19:26:27.279,1789165587.279714,-4724
2026-09-11 19:26:27.287,1789165587.2874064,-4484
2026-09-11 19:26:27.295,1789165587.2950988,-4134
2026-09-11 19:26:27.302,1789165587.302791,-3703
2026-09-11 19:26:27.310,1789165587.3104835,-3375
2026-09-11 19:26:27.318,1789165587.3181756,-3528
2026-09-11 19:26:27.325,1789165587.325868,-3955
2026-09-11 19:26:27.333,1789165587.3335602,-3899
2026-09-11 19:26:27.341,1789165587.3412526,-3450
2026-09-11 19:26:27.348,1789165587.348945,-3184
2026-09-11 19:26:27.356,1789165587.3566372,-3009
2026-09-11 19:26:27.364,1789165587.3643296,-2740
2026-09-11 19:26:27.372,1789165587.372022,-2558
2026-09-11 19:26:27.379,1789165587.379714,-2522
2026-09-11 19:26:27.387,1789165587.3874063,-2468
2026-09-11 19:26:27.395,1789165587.3950987,-2347
2026-09-11 19:26:27.402,1789165587.402791,-2223
2026-09-11 19:26:27.410,1789165587.4104834,-2119
2026-09-11 19:26:27.418,1789165587.4181757,-2044
2026-09-11 19:26:27.425,1789165587.425868,-1944
2026-09-11 19:26:27.433,1789165587.4335604,-1719
2026-09-11 19:26:27.441,1789165587.4412525,-1413
2026-09-11 19:26:27.448,1789165587.4489448,-1195
2026-09-11 19:26:27.456,1789165587.4566371,-1115
2026-09-11 19:26:27.464,1789165587.4643295,-1108
2026-09-11 19:26:27.472,1789165587.4720218,-1093
2026-09-11 19:26:27.479,1789165587.4797142,-1037
2026-09-11 19:26:27.487,1789165587.4874065,-999
2026-09-11 19:26:27.495,1789165587.4950988,-1059
2026-09-11 19:26:27.502,1789165587.502791,-1176
2026-09-11 19:26:27.510,1789165587.5104833,-1217
2026-09-11 19:26:27.518,1789165587.5181756,-1181
2026-09-11 19:26:27.525,1789165587.525868,-1130
2026-09-11 19:26:27.533,1789165587.5335603,-1088
2026-09-11 19:26:27.541,1789165587.5412526,-1088
2026-09-11 19:26:27.548,1789165587.548945,-1125
2026-09-11 19:26:27.556,1789165587.5566373,-1156
2026-09-11 19:26:27.564,1789165587.5643294,-1176
2026-09-11 19:26:27.572,1789165587.5720217,-1207
2026-09-11 19:26:27.579,1789165587.579714,-1278
2026-09-11 19:26:27.587,1789165587.5874064,-1360
2026-09-11 19:26:27.595,1789165587.5950987,-1411
2026-09-11 19:26:27.602,1789165587.602791,-1467
2026-09-11 19:26:27.610,1789165587.6104834,-1619
2026-09-11 19:26:27.618,1789165587.6181757,-1823
2026-09-11 19:26:27.625,1789165587.6258678,-1889
2026-09-11 19:26:27.633,1789165587.6335602,-1843
2026-09-11 19:26:27.641,1789165587.6412525,-1828
2026-09-11 19:26:27.648,1789165587.6489449,-1811
2026-09-11 19:26:27.656,1789165587.6566372,-1738
2026-09-11 19:26:27.664,1789165587.6643295,-1658
2026-09-11 19:26:27.672,1789165587.6720219,-1612
2026-09-11 19:26:27.679,1789165587.6797142,-1573
2026-09-11 19:26:27.687,1789165587.6874065,-1532
2026-09-11 19:26:27.695,1789165587.6950986,-1498
2026-09-11 19:26:27.702,1789165587.702791,-1457
2026-09-11 19:26:27.710,1789165587.7104833,-1404
2026-09-11 19:26:27.717,1789165587.7175832,-1365
2026-09-11 19:26:27.725,1789165587.7252755,-1355
2026-09-11 19:26:27.732,1789165587.7329679,-1338
2026-09-11 19:26:27.740,1789165587.7406602,-1290
2026-09-11 19:26:27.748,1789165587.7483525,-1241
2026-09-11 19:26:27.756,1789165587.7560446,-1210
2026-09-11 19:26:27.763,1789165587.763737,-1190
2026-09-11 19:26:27.771,1789165587.7714293,-1151
2026-09-11 19:26:27.779,1789165587.7791216,-1103
2026-09-11 19:26:27.786,1789165587.786814,-1067
2026-09-11 19:26:27.794,1789165587.7945063,-1011
2026-09-11 19:26:27.802,1789165587.8021986,-940
2026-09-11 19:26:27.809,1789165587.809891,-882
2026-09-11 19:26:27.817,1789165587.817583,-814
2026-09-11 19:26:27.825,1789165587.8252754,-683
2026-09-11 19:26:27.832,1789165587.8329678,-465
2026-09-11 19:26:27.840,1789165587.84066,-341
2026-09-11 19:26:27.848,1789165587.8483524,-468
2026-09-11 19:26:27.856,1789165587.8560448,-649
2026-09-11 19:26:27.863,1789165587.863737,-715
2026-09-11 19:26:27.871,1789165587.8714294,-756
2026-09-11 19:26:27.879,1789165587.8791215,-783
2026-09-11 19:26:27.886,1789165587.8868139,-756
2026-09-11 19:26:27.894,1789165587.8945062,-710
2026-09-11 19:26:27.902,1789165587.9021986,-645
2026-09-11 19:26:27.909,1789165587.909891,-562
2026-09-11 19:26:27.917,1789165587.9175832,-502
2026-09-11 19:26:27.925,1789165587.9252756,-482
2026-09-11 19:26:27.932,1789165587.932968,-400
2026-09-11 19:26:27.940,1789165587.94066,-106
2026-09-11 19:26:27.948,1789165587.9483523,392
2026-09-11 19:26:27.956,1789165587.9560447,885
2026-09-11 19:26:27.963,1789165587.963737,834
2026-09-11 19:26:27.971,1789165587.9714293,80
2026-09-11 19:26:27.979,1789165587.9791217,-344
2026-09-11 19:26:27.986,1789165587.986814,-36
2026-09-11 19:26:27.994,1789165587.9945064,26
2026-09-11 19:26:28.002,1789165588.0021985,-312
2026-09-11 19:26:28.009,1789165588.0098908,-429
2026-09-11 19:26:28.017,1789165588.0175831,-407
2026-09-11 19:26:28.025,1789165588.0252755,-506
2026-09-11 19:26:28.032,1789165588.0329678,-552
2026-09-11 19:26:28.040,1789165588.0406601,-518
2026-09-11 19:26:28.048,1789165588.0483525,-511
2026-09-11 19:26:28.056,1789165588.0560448,-465
2026-09-11 19:26:28.063,1789165588.063737,-358
2026-09-11 19:26:28.071,1789165588.0714293,-286
2026-09-11 19:26:28.079,1789165588.0791216,-257
2026-09-11 19:26:28.086,1789165588.086814,-220
2026-09-11 19:26:28.094,1789165588.0945063,-160
2026-09-11 19:26:28.102,1789165588.1021986,-94
2026-09-11 19:26:28.109,1789165588.109891,-50
2026-09-11 19:26:28.117,1789165588.1175833,-14
2026-09-11 19:26:28.125,1789165588.1252754,46
2026-09-11 19:26:28.132,1789165588.1329677,99
2026-09-11 19:26:28.140,1789165588.14066,138
2026-09-11 19:26:28.148,1789165588.1483524,210
2026-09-11 19:26:28.156,1789165588.1560447,249
2026-09-11 19:26:28.163,1789165588.163737,210
2026-09-11 19:26:28.171,1789165588.1714294,242
2026-09-11 19:26:28.179,1789165588.1791217,402
2026-09-11 19:26:28.186,1789165588.1868138,514
2026-09-11 19:26:28.194,1789165588.1945062,521
2026-09-11 19:26:28.202,1789165588.2021985,649
2026-09-11 19:26:28.209,1789165588.2098908,751
2026-09-11 19:26:28.217,1789165588.2175832,560
2026-09-11 19:26:28.225,1789165588.2252755,315
2026-09-11 19:26:28.232,1789165588.2329679,254
2026-09-11 19:26:28.240,1789165588.2406602,235
2026-09-11 19:26:28.248,1789165588.2483525,126
2026-09-11 19:26:28.256,1789165588.2560446,-24
2026-09-11 19:26:28.263,1789165588.263737,-121
2026-09-11 19:26:28.271,1789165588.2714293,-9
2026-09-11 19:26:28.278,1789165588.27855,295
2026-09-11 19:26:28.286,1789165588.2862422,392
2026-09-11 19:26:28.293,1789165588.2939346,259
2026-09-11 19:26:28.301,1789165588.301627,349
2026-09-11 19:26:28.309,1789165588.3093193,485
2026-09-11 19:26:28.317,1789165588.3170114,288
2026-09-11 19:26:28.324,1789165588.3247037,-12
2026-09-11 19:26:28.332,1789165588.332396,-220
2026-09-11 19:26:28.340,1789165588.3400884,-385
2026-09-11 19:26:28.347,1789165588.3477807,-458
2026-09-11 19:26:28.355,1789165588.355473,-460
2026-09-11 19:26:28.363,1789165588.3631654,-475
2026-09-11 19:26:28.370,1789165588.3708577,-497
2026-09-11 19:26:28.378,1789165588.3785498,-499
2026-09-11 19:26:28.386,1789165588.3862422,-482
2026-09-11 19:26:28.393,1789165588.3939345,-502
2026-09-11 19:26:28.401,1789165588.4016268,-562
2026-09-11 19:26:28.409,1789165588.4093192,-599
2026-09-11 19:26:28.417,1789165588.4170115,-601
2026-09-11 19:26:28.424,1789165588.4247038,-635
2026-09-11 19:26:28.432,1789165588.4323962,-664
2026-09-11 19:26:28.440,1789165588.4400883,-649
2026-09-11 19:26:28.447,1789165588.4477806,-666
2026-09-11 19:26:28.455,1789165588.455473,-674
2026-09-11 19:26:28.463,1789165588.4631653,-601
2026-09-11 19:26:28.470,1789165588.4708576,-557
2026-09-11 19:26:28.478,1789165588.47855,-545
2026-09-11 19:26:28.486,1789165588.4862423,-421
2026-09-11 19:26:28.493,1789165588.4939346,-281
2026-09-11 19:26:28.501,1789165588.5016267,-266
2026-09-11 19:26:28.509,1789165588.509319,-274
2026-09-11 19:26:28.517,1789165588.5170114,-208
2026-09-11 19:26:28.524,1789165588.5247037,-162
2026-09-11 19:26:28.532,1789165588.532396,-210
2026-09-11 19:26:28.540,1789165588.5400884,-278
2026-09-11 19:26:28.547,1789165588.5477808,-307
2026-09-11 19:26:28.555,1789165588.555473,-315
2026-09-11 19:26:28.563,1789165588.5631652,-225
2026-09-11 19:26:28.570,1789165588.5708575,75
2026-09-11 19:26:28.578,1789165588.5785499,489
2026-09-11 19:26:28.586,1789165588.5862422,822
2026-09-11 19:26:28.593,1789165588.5939345,674
2026-09-11 19:26:28.601,1789165588.6016269,-104
2026-09-11 19:26:28.609,1789165588.6093192,-540
2026-09-11 19:26:28.617,1789165588.6170115,-172
2026-09-11 19:26:28.624,1789165588.6247036,21
2026-09-11 19:26:28.632,1789165588.632396,-157
2026-09-11 19:26:28.640,1789165588.6400883,-140
2026-09-11 19:26:28.647,1789165588.6477807,-19
2026-09-11 19:26:28.655,1789165588.655473,-29
2026-09-11 19:26:28.663,1789165588.6631653,4
2026-09-11 19:26:28.670,1789165588.6708577,172
2026-09-11 19:26:28.678,1789165588.67855,305
2026-09-11 19:26:28.686,1789165588.686242,349
2026-09-11 19:26:28.693,1789165588.6939344,402
2026-09-11 19:26:28.701,1789165588.7016268,494
2026-09-11 19:26:28.709,1789165588.709319,579
2026-09-11 19:26:28.717,1789165588.7170115,618
2026-09-11 19:26:28.724,1789165588.7247038,596
2026-09-11 19:26:28.732,1789165588.7323961,569
2026-09-11 19:26:28.740,1789165588.7400885,596
2026-09-11 19:26:28.747,1789165588.7477806,625
2026-09-11 19:26:28.755,1789165588.755473,623
2026-09-11 19:26:28.763,1789165588.7631652,645
2026-09-11 19:26:28.770,1789165588.7708576,688
2026-09-11 19:26:28.778,1789165588.77855,676
2026-09-11 19:26:28.786,1789165588.7862422,608
2026-09-11 19:26:28.793,1789165588.7939346,589
2026-09-11 19:26:28.801,1789165588.801627,608
2026-09-11 19:26:28.809,1789165588.8093193,591
2026-09-11 19:26:28.817,1789165588.8170114,535
2026-09-11 19:26:28.824,1789165588.8247037,477
2026-09-11 19:26:28.832,1789165588.832396,424
2026-09-11 19:26:28.839,1789165588.8395064,383
2026-09-11 19:26:28.847,1789165588.8471987,341
2026-09-11 19:26:28.854,1789165588.854891,298
2026-09-11 19:26:28.862,1789165588.8625834,249
2026-09-11 19:26:28.870,1789165588.8702757,198
2026-09-11 19:26:28.877,1789165588.8779678,169
2026-09-11 19:26:28.885,1789165588.8856602,169
2026-09-11 19:26:28.893,1789165588.8933525,150
2026-09-11 19:26:28.901,1789165588.9010448,118
2026-09-11 19:26:28.908,1789165588.9087372,116
2026-09-11 19:26:28.916,1789165588.9164295,118
2026-09-11 19:26:28.924,1789165588.9241219,82
2026-09-11 19:26:28.931,1789165588.9318142,36
2026-09-11 19:26:28.939,1789165588.9395063,9
2026-09-11 19:26:28.947,1789165588.9471986,-14
2026-09-11 19:26:28.954,1789165588.954891,-26
2026-09-11 19:26:28.962,1789165588.9625833,-12
2026-09-11 19:26:28.970,1789165588.9702756,9
2026-09-11 19:26:28.977,1789165588.977968,46
2026-09-11 19:26:28.985,1789165588.9856603,111
2026-09-11 19:26:28.993,1789165588.9933527,145
2026-09-11 19:26:29.001,1789165589.0010448,123
2026-09-11 19:26:29.008,1789165589.008737,97
2026-09-11 19:26:29.016,1789165589.0164294,89
2026-09-11 19:26:29.024,1789165589.0241218,89
2026-09-11 19:26:29.031,1789165589.031814,50
2026-09-11 19:26:29.039,1789165589.0395064,12
2026-09-11 19:26:29.047,1789165589.0471988,31
2026-09-11 19:26:29.054,1789165589.054891,38
2026-09-11 19:26:29.062,1789165589.0625832,-9
2026-09-11 19:26:29.070,1789165589.0702755,-72
2026-09-11 19:26:29.077,1789165589.077968,-113
2026-09-11 19:26:29.085,1789165589.0856602,-113
2026-09-11 19:26:29.093,1789165589.0933526,-138
2026-09-11 19:26:29.101,1789165589.101045,-201
2026-09-11 19:26:29.108,1789165589.1087372,-184
2026-09-11 19:26:29.116,1789165589.1164296,-106
2026-09-11 19:26:29.124,1789165589.1241217,-99
2026-09-11 19:26:29.131,1789165589.131814,-104
2026-09-11 19:26:29.139,1789165589.1395063,-67
2026-09-11 19:26:29.147,1789165589.1471987,-89
2026-09-11 19:26:29.154,1789165589.154891,-160
2026-09-11 19:26:29.162,1789165589.1625834,-167
2026-09-11 19:26:29.170,1789165589.1702757,-43
2026-09-11 19:26:29.177,1789165589.177968,249
2026-09-11 19:26:29.185,1789165589.1856601,625
2026-09-11 19:26:29.193,1789165589.1933525,860
2026-09-11 19:26:29.201,1789165589.2010448,538
2026-09-11 19:26:29.208,1789165589.2087371,-322
2026-09-11 19:26:29.216,1789165589.2164295,-717
2026-09-11 19:26:29.224,1789165589.2241218,-346
2026-09-11 19:26:29.231,1789165589.2318141,-135
2026-09-11 19:26:29.239,1789165589.2395065,-210
2026-09-11 19:26:29.247,1789165589.2471986,-106
2026-09-11 19:26:29.254,1789165589.254891,-4
2026-09-11 19:26:29.262,1789165589.2625833,-58
2026-09-11 19:26:29.270,1789165589.2702756,-41
2026-09-11 19:26:29.277,1789165589.277968,53
2026-09-11 19:26:29.285,1789165589.2856603,60
2026-09-11 19:26:29.293,1789165589.2933526,29
2026-09-11 19:26:29.301,1789165589.301045,77
2026-09-11 19:26:29.308,1789165589.308737,155
2026-09-11 19:26:29.316,1789165589.3164294,186
2026-09-11 19:26:29.324,1789165589.3241217,172
2026-09-11 19:26:29.331,1789165589.331814,143
2026-09-11 19:26:29.339,1789165589.3395064,155
2026-09-11 19:26:29.347,1789165589.3471987,191
2026-09-11 19:26:29.354,1789165589.354891,198
2026-09-11 19:26:29.362,1789165589.3625834,201
2026-09-11 19:26:29.370,1789165589.3702757,201
2026-09-11 19:26:29.377,1789165589.3779678,196
2026-09-11 19:26:29.385,1789165589.3856602,220
2026-09-11 19:26:29.393,1789165589.3933525,254
2026-09-11 19:26:29.400,1789165589.400463,329
2026-09-11 19:26:29.408,1789165589.4081554,429
2026-09-11 19:26:29.415,1789165589.4158478,373
2026-09-11 19:26:29.423,1789165589.42354,206
2026-09-11 19:26:29.431,1789165589.4312325,138
2026-09-11 19:26:29.438,1789165589.4389246,133
2026-09-11 19:26:29.446,1789165589.446617,70
2026-09-11 19:26:29.454,1789165589.4543092,19
2026-09-11 19:26:29.462,1789165589.4620016,46
2026-09-11 19:26:29.469,1789165589.469694,97
2026-09-11 19:26:29.477,1789165589.4773862,147
2026-09-11 19:26:29.485,1789165589.4850786,220
2026-09-11 19:26:29.492,1789165589.492771,254
2026-09-11 19:26:29.500,1789165589.500463,191
2026-09-11 19:26:29.508,1789165589.5081553,109
2026-09-11 19:26:29.515,1789165589.5158477,84
2026-09-11 19:26:29.523,1789165589.52354,58
2026-09-11 19:26:29.531,1789165589.5312324,21
2026-09-11 19:26:29.538,1789165589.5389247,14
2026-09-11 19:26:29.546,1789165589.546617,-19
2026-09-11 19:26:29.554,1789165589.5543094,-65
2026-09-11 19:26:29.562,1789165589.5620015,-65
2026-09-11 19:26:29.569,1789165589.5696938,-50
2026-09-11 19:26:29.577,1789165589.5773861,-89
2026-09-11 19:26:29.585,1789165589.5850785,-177
2026-09-11 19:26:29.592,1789165589.5927708,-230
2026-09-11 19:26:29.600,1789165589.6004632,-208
2026-09-11 19:26:29.608,1789165589.6081555,-152
2026-09-11 19:26:29.615,1789165589.6158478,-118
2026-09-11 19:26:29.623,1789165589.62354,-123
2026-09-11 19:26:29.631,1789165589.6312323,-89
2026-09-11 19:26:29.638,1789165589.6389246,-19
2026-09-11 19:26:29.646,1789165589.646617,-33
2026-09-11 19:26:29.654,1789165589.6543093,-157
2026-09-11 19:26:29.662,1789165589.6620016,-271
2026-09-11 19:26:29.669,1789165589.669694,-278
2026-09-11 19:26:29.677,1789165589.6773863,-259
2026-09-11 19:26:29.685,1789165589.6850784,-310
2026-09-11 19:26:29.692,1789165589.6927707,-351
2026-09-11 19:26:29.700,1789165589.700463,-334
2026-09-11 19:26:29.708,1789165589.7081554,-303
2026-09-11 19:26:29.715,1789165589.7158477,-274
2026-09-11 19:26:29.723,1789165589.72354,-281
2026-09-11 19:26:29.731,1789165589.7312324,-307
2026-09-11 19:26:29.738,1789165589.7389247,-293
2026-09-11 19:26:29.746,1789165589.7466168,-261
2026-09-11 19:26:29.754,1789165589.7543092,-283
2026-09-11 19:26:29.762,1789165589.7620015,-436
2026-09-11 19:26:29.769,1789165589.7696939,-630
2026-09-11 19:26:29.777,1789165589.7773862,-654
2026-09-11 19:26:29.785,1789165589.7850785,-441
2026-09-11 19:26:29.792,1789165589.7927709,-41
2026-09-11 19:26:29.800,1789165589.8004632,380
2026-09-11 19:26:29.808,1789165589.8081553,351
2026-09-11 19:26:29.815,1789165589.8158476,-395
2026-09-11 19:26:29.823,1789165589.82354,-1033
2026-09-11 19:26:29.831,1789165589.8312323,-936
2026-09-11 19:26:29.838,1789165589.8389246,-797
2026-09-11 19:26:29.846,1789165589.846617,-938
2026-09-11 19:26:29.854,1789165589.8543093,-945
2026-09-11 19:26:29.862,1789165589.8620017,-863
2026-09-11 19:26:29.869,1789165589.8696938,-875
2026-09-11 19:26:29.877,1789165589.877386,-868
2026-09-11 19:26:29.885,1789165589.8850784,-812
2026-09-11 19:26:29.892,1789165589.8927708,-800
2026-09-11 19:26:29.900,1789165589.900463,-807
2026-09-11 19:26:29.908,1789165589.9081554,-783
2026-09-11 19:26:29.915,1789165589.9158478,-732
2026-09-11 19:26:29.923,1789165589.92354,-679
2026-09-11 19:26:29.931,1789165589.9312325,-647
2026-09-11 19:26:29.938,1789165589.9389246,-625
2026-09-11 19:26:29.946,1789165589.946617,-599
2026-09-11 19:26:29.954,1789165589.9543092,-567
2026-09-11 19:26:29.961,1789165589.9614294,-545
2026-09-11 19:26:29.969,1789165589.9691217,-528
2026-09-11 19:26:29.976,1789165589.976814,-480
2026-09-11 19:26:29.984,1789165589.9845064,-400
2026-09-11 19:26:29.992,1789165589.9921987,-371
2026-09-11 19:26:29.999,1789165589.9998908,-407
2026-09-11 19:26:30.007,1789165590.0075831,-424
2026-09-11 19:26:30.015,1789165590.0152755,-404
2026-09-11 19:26:30.022,1789165590.0229678,-395
2026-09-11 19:26:30.030,1789165590.0306602,-419
2026-09-11 19:26:30.038,1789165590.0383525,-460
2026-09-11 19:26:30.046,1789165590.0460448,-497
2026-09-11 19:26:30.053,1789165590.0537372,-533
2026-09-11 19:26:30.061,1789165590.0614293,-565
2026-09-11 19:26:30.069,1789165590.0691216,-577
2026-09-11 19:26:30.076,1789165590.076814,-548
2026-09-11 19:26:30.084,1789165590.0845063,-506
2026-09-11 19:26:30.092,1789165590.0921986,-477
2026-09-11 19:26:30.099,1789165590.099891,-438
2026-09-11 19:26:30.107,1789165590.1075833,-395
2026-09-11 19:26:30.115,1789165590.1152756,-373
2026-09-11 19:26:30.122,1789165590.1229677,-349
2026-09-11 19:26:30.130,1789165590.13066,-317
2026-09-11 19:26:30.138,1789165590.1383524,-298
2026-09-11 19:26:30.146,1789165590.1460447,-298
2026-09-11 19:26:30.153,1789165590.153737,-303
2026-09-11 19:26:30.161,1789165590.1614294,-310
2026-09-11 19:26:30.169,1789165590.1691217,-312
2026-09-11 19:26:30.176,1789165590.176814,-295
2026-09-11 19:26:30.184,1789165590.1845062,-252
2026-09-11 19:26:30.192,1789165590.1921985,-179
2026-09-11 19:26:30.199,1789165590.1998909,-99
2026-09-11 19:26:30.207,1789165590.2075832,-50
2026-09-11 19:26:30.215,1789165590.2152755,-53
2026-09-11 19:26:30.222,1789165590.2229679,-63
2026-09-11 19:26:30.230,1789165590.2306602,-31
2026-09-11 19:26:30.238,1789165590.2383525,21
2026-09-11 19:26:30.246,1789165590.2460446,58
2026-09-11 19:26:30.253,1789165590.253737,157
2026-09-11 19:26:30.261,1789165590.2614293,310
2026-09-11 19:26:30.269,1789165590.2691216,378
2026-09-11 19:26:30.276,1789165590.276814,378
2026-09-11 19:26:30.284,1789165590.2845063,392
2026-09-11 19:26:30.292,1789165590.2921987,407
2026-09-11 19:26:30.299,1789165590.299891,451
2026-09-11 19:26:30.307,1789165590.307583,504
2026-09-11 19:26:30.315,1789165590.3152754,492
2026-09-11 19:26:30.322,1789165590.3229678,443
2026-09-11 19:26:30.330,1789165590.33066,426
2026-09-11 19:26:30.338,1789165590.3383524,390
2026-09-11 19:26:30.346,1789165590.3460448,286
2026-09-11 19:26:30.353,1789165590.353737,242
2026-09-11 19:26:30.361,1789165590.3614295,317
2026-09-11 19:26:30.369,1789165590.3691216,361
2026-09-11 19:26:30.376,1789165590.376814,322
2026-09-11 19:26:30.384,1789165590.3845062,317
2026-09-11 19:26:30.392,1789165590.3921986,443
2026-09-11 19:26:30.399,1789165590.399891,642
2026-09-11 19:26:30.407,1789165590.4075832,836
2026-09-11 19:26:30.415,1789165590.4152756,1105
2026-09-11 19:26:30.422,1789165590.422968,1023
2026-09-11 19:26:30.430,1789165590.43066,220
2026-09-11 19:26:30.438,1789165590.4383523,-307
2026-09-11 19:26:30.446,1789165590.4460447,-2
2026-09-11 19:26:30.453,1789165590.453737,194
2026-09-11 19:26:30.461,1789165590.4614294,36
2026-09-11 19:26:30.469,1789165590.4691217,60
2026-09-11 19:26:30.476,1789165590.476814,172
2026-09-11 19:26:30.484,1789165590.4845064,150
2026-09-11 19:26:30.492,1789165590.4921987,174
2026-09-11 19:26:30.499,1789165590.4998908,281
2026-09-11 19:26:30.507,1789165590.5075831,339
2026-09-11 19:26:30.515,1789165590.5152755,366
2026-09-11 19:26:30.522,1789165590.5223758,419
2026-09-11 19:26:30.530,1789165590.5300682,482
2026-09-11 19:26:30.537,1789165590.5377605,514
2026-09-11 19:26:30.545,1789165590.5454528,470
2026-09-11 19:26:30.553,1789165590.5531452,392
2026-09-11 19:26:30.560,1789165590.5608373,385
2026-09-11 19:26:30.568,1789165590.5685296,434
2026-09-11 19:26:30.576,1789165590.576222,426
2026-09-11 19:26:30.583,1789165590.5839143,368
2026-09-11 19:26:30.591,1789165590.5916066,363
2026-09-11 19:26:30.599,1789165590.599299,460
2026-09-11 19:26:30.606,1789165590.6069913,630
2026-09-11 19:26:30.614,1789165590.6146836,805
2026-09-11 19:26:30.622,1789165590.6223757,919
2026-09-11 19:26:30.630,1789165590.630068,977
2026-09-11 19:26:30.637,1789165590.6377604,999
2026-09-11 19:26:30.645,1789165590.6454527,933
2026-09-11 19:26:30.653,1789165590.653145,749
2026-09-11 19:26:30.660,1789165590.6608374,567
2026-09-11 19:26:30.668,1789165590.6685297,567
2026-09-11 19:26:30.676,1789165590.676222,642
2026-09-11 19:26:30.683,1789165590.6839142,582
2026-09-11 19:26:30.691,1789165590.6916065,506
2026-09-11 19:26:30.699,1789165590.6992989,514
2026-09-11 19:26:30.706,1789165590.7069912,455
2026-09-11 19:26:30.714,1789165590.7146835,315
2026-09-11 19:26:30.722,1789165590.7223759,274
2026-09-11 19:26:30.730,1789165590.7300682,337
2026-09-11 19:26:30.737,1789165590.7377605,329
2026-09-11 19:26:30.745,1789165590.7454526,266
2026-09-11 19:26:30.753,1789165590.753145,249
2026-09-11 19:26:30.760,1789165590.7608373,223
2026-09-11 19:26:30.768,1789165590.7685297,177
2026-09-11 19:26:30.776,1789165590.776222,191
2026-09-11 19:26:30.783,1789165590.7839143,240
2026-09-11 19:26:30.791,1789165590.7916067,227
2026-09-11 19:26:30.799,1789165590.799299,191
2026-09-11 19:26:30.806,1789165590.806991,227
2026-09-11 19:26:30.814,1789165590.8146834,281
2026-09-11 19:26:30.822,1789165590.8223758,276
2026-09-11 19:26:30.830,1789165590.830068,230
2026-09-11 19:26:30.837,1789165590.8377604,162
2026-09-11 19:26:30.845,1789165590.8454528,126
2026-09-11 19:26:30.853,1789165590.8531451,150
2026-09-11 19:26:30.860,1789165590.8608375,118
2026-09-11 19:26:30.868,1789165590.8685296,-12
2026-09-11 19:26:30.876,1789165590.876222,-140
2026-09-11 19:26:30.883,1789165590.8839142,-172
2026-09-11 19:26:30.891,1789165590.8916066,-133
2026-09-11 19:26:30.899,1789165590.899299,-143
2026-09-11 19:26:30.906,1789165590.9069912,-230
2026-09-11 19:26:30.914,1789165590.9146836,-320
2026-09-11 19:26:30.922,1789165590.922376,-324
2026-09-11 19:26:30.930,1789165590.930068,-218
2026-09-11 19:26:30.937,1789165590.9377604,-116
2026-09-11 19:26:30.945,1789165590.9454527,-84
2026-09-11 19:26:30.953,1789165590.953145,-19
2026-09-11 19:26:30.960,1789165590.9608374,140
2026-09-11 19:26:30.968,1789165590.9685297,218
2026-09-11 19:26:30.976,1789165590.976222,16
2026-09-11 19:26:30.983,1789165590.9839144,-266
2026-09-11 19:26:30.991,1789165590.9916065,-203
2026-09-11 19:26:30.999,1789165590.9992988,75
2026-09-11 19:26:31.006,1789165591.0069911,60
2026-09-11 19:26:31.014,1789165591.0146835,-189
2026-09-11 19:26:31.022,1789165591.0223758,-249
2026-09-11 19:26:31.030,1789165591.0300682,-140
2026-09-11 19:26:31.037,1789165591.0377605,-109
2026-09-11 19:26:31.045,1789165591.0454528,2
2026-09-11 19:26:31.053,1789165591.0531452,349
2026-09-11 19:26:31.060,1789165591.0608373,414
2026-09-11 19:26:31.068,1789165591.0685296,-254
2026-09-11 19:26:31.076,1789165591.076222,-909
2026-09-11 19:26:31.083,1789165591.0833526,-802
2026-09-11 19:26:31.091,1789165591.091045,-531
2026-09-11 19:26:31.098,1789165591.0987372,-567
2026-09-11 19:26:31.106,1789165591.1064296,-562
2026-09-11 19:26:31.114,1789165591.114122,-489
2026-09-11 19:26:31.121,1789165591.121814,-586
2026-09-11 19:26:31.129,1789165591.1295063,-688
2026-09-11 19:26:31.137,1789165591.1371987,-625
2026-09-11 19:26:31.144,1789165591.144891,-560
2026-09-11 19:26:31.152,1789165591.1525834,-574
2026-09-11 19:26:31.160,1789165591.1602757,-584
2026-09-11 19:26:31.167,1789165591.167968,-596
2026-09-11 19:26:31.175,1789165591.1756604,-635
2026-09-11 19:26:31.183,1789165591.1833525,-654
2026-09-11 19:26:31.191,1789165591.1910448,-649
2026-09-11 19:26:31.198,1789165591.1987371,-654
2026-09-11 19:26:31.206,1789165591.2064295,-664
2026-09-11 19:26:31.214,1789165591.2141218,-642
2026-09-11 19:26:31.221,1789165591.2218142,-611
2026-09-11 19:26:31.229,1789165591.2295065,-606
2026-09-11 19:26:31.237,1789165591.2371988,-531
2026-09-11 19:26:31.244,1789165591.244891,-375
2026-09-11 19:26:31.252,1789165591.2525833,-266
2026-09-11 19:26:31.260,1789165591.2602756,-227
2026-09-11 19:26:31.267,1789165591.267968,-196
2026-09-11 19:26:31.275,1789165591.2756603,-191
2026-09-11 19:26:31.283,1789165591.2833526,-206
2026-09-11 19:26:31.291,1789165591.291045,-152
2026-09-11 19:26:31.298,1789165591.2987373,-84
2026-09-11 19:26:31.306,1789165591.3064294,-177
2026-09-11 19:26:31.314,1789165591.3141217,-414
2026-09-11 19:26:31.321,1789165591.321814,-594
2026-09-11 19:26:31.329,1789165591.3295064,-645
2026-09-11 19:26:31.337,1789165591.3371987,-664
2026-09-11 19:26:31.344,1789165591.344891,-657
2026-09-11 19:26:31.352,1789165591.3525834,-623
2026-09-11 19:26:31.360,1789165591.3602757,-594
2026-09-11 19:26:31.367,1789165591.3679678,-545
2026-09-11 19:26:31.375,1789165591.3756602,-477
2026-09-11 19:26:31.383,1789165591.3833525,-446
2026-09-11 19:26:31.391,1789165591.3910449,-417
2026-09-11 19:26:31.398,1789165591.3987372,-337
2026-09-11 19:26:31.406,1789165591.4064295,-288
2026-09-11 19:26:31.414,1789165591.4141219,-329
2026-09-11 19:26:31.421,1789165591.4218142,-375
2026-09-11 19:26:31.429,1789165591.4295063,-346
2026-09-11 19:26:31.437,1789165591.4371986,-310
2026-09-11 19:26:31.444,1789165591.444891,-315
2026-09-11 19:26:31.452,1789165591.4525833,-295
2026-09-11 19:26:31.460,1789165591.4602757,-227
2026-09-11 19:26:31.467,1789165591.467968,-152
2026-09-11 19:26:31.475,1789165591.4756603,-113
2026-09-11 19:26:31.483,1789165591.4833527,-116
2026-09-11 19:26:31.491,1789165591.4910448,-94
2026-09-11 19:26:31.498,1789165591.498737,43
2026-09-11 19:26:31.506,1789165591.5064294,230
2026-09-11 19:26:31.514,1789165591.5141218,237
2026-09-11 19:26:31.521,1789165591.521814,155
2026-09-11 19:26:31.529,1789165591.5295064,344
2026-09-11 19:26:31.537,1789165591.5371988,552
2026-09-11 19:26:31.544,1789165591.544891,361
2026-09-11 19:26:31.552,1789165591.5525832,230
2026-09-11 19:26:31.560,1789165591.5602756,465
2026-09-11 19:26:31.567,1789165591.567968,514
2026-09-11 19:26:31.575,1789165591.5756602,191
2026-09-11 19:26:31.583,1789165591.5833526,-174
2026-09-11 19:26:31.591,1789165591.591045,-383
2026-09-11 19:26:31.598,1789165591.5987372,-395
2026-09-11 19:26:31.606,1789165591.6064296,-332
2026-09-11 19:26:31.614,1789165591.614122,-274
2026-09-11 19:26:31.621,1789165591.621814,-259
2026-09-11 19:26:31.629,1789165591.6295063,-402
2026-09-11 19:26:31.637,1789165591.6371987,-642
2026-09-11 19:26:31.644,1789165591.6442988,-759
2026-09-11 19:26:31.651,1789165591.6519911,-785
2026-09-11 19:26:31.659,1789165591.6596835,-809
2026-09-11 19:26:31.667,1789165591.6673758,-807
2026-09-11 19:26:31.675,1789165591.6750681,-807
2026-09-11 19:26:31.682,1789165591.6827602,-841
2026-09-11 19:26:31.690,1789165591.6904526,-863
2026-09-11 19:26:31.698,1789165591.698145,-863
2026-09-11 19:26:31.705,1789165591.7058372,-860
2026-09-11 19:26:31.713,1789165591.7135296,-822
2026-09-11 19:26:31.721,1789165591.721222,-698
2026-09-11 19:26:31.728,1789165591.7289143,-489
2026-09-11 19:26:31.736,1789165591.7366066,-201
2026-09-11 19:26:31.744,1789165591.7442987,97
2026-09-11 19:26:31.751,1789165591.751991,-58
2026-09-11 19:26:31.759,1789165591.7596834,-814
2026-09-11 19:26:31.767,1789165591.7673757,-1185
2026-09-11 19:26:31.775,1789165591.775068,-846
2026-09-11 19:26:31.782,1789165591.7827604,-674
2026-09-11 19:26:31.790,1789165591.7904527,-793
2026-09-11 19:26:31.798,1789165591.798145,-746
2026-09-11 19:26:31.805,1789165591.8058372,-647
2026-09-11 19:26:31.813,1789165591.8135295,-657
2026-09-11 19:26:31.821,1789165591.8212218,-649
2026-09-11 19:26:31.828,1789165591.8289142,-603
2026-09-11 19:26:31.836,1789165591.8366065,-589
2026-09-11 19:26:31.844,1789165591.8442988,-579
2026-09-11 19:26:31.851,1789165591.8519912,-552
2026-09-11 19:26:31.859,1789165591.8596835,-521
2026-09-11 19:26:31.867,1789165591.8673756,-487
2026-09-11 19:26:31.875,1789165591.875068,-451
2026-09-11 19:26:31.882,1789165591.8827603,-431
2026-09-11 19:26:31.890,1789165591.8904526,-407
2026-09-11 19:26:31.898,1789165591.898145,-380
2026-09-11 19:26:31.905,1789165591.9058373,-375
2026-09-11 19:26:31.913,1789165591.9135296,-361
2026-09-11 19:26:31.921,1789165591.921222,-337
2026-09-11 19:26:31.928,1789165591.928914,-312
2026-09-11 19:26:31.936,1789165591.9366064,-283
2026-09-11 19:26:31.944,1789165591.9442987,-264
2026-09-11 19:26:31.951,1789165591.951991,-264
2026-09-11 19:26:31.959,1789165591.9596834,-261
2026-09-11 19:26:31.967,1789165591.9673758,-254
2026-09-11 19:26:31.975,1789165591.975068,-242
2026-09-11 19:26:31.982,1789165591.9827604,-244
2026-09-11 19:26:31.990,1789165591.9904525,-261
2026-09-11 19:26:31.998,1789165591.9981449,-281
2026-09-11 19:26:32.005,1789165592.0058372,-307
2026-09-11 19:26:32.013,1789165592.0135295,-344
2026-09-11 19:26:32.021,1789165592.0212219,-363
2026-09-11 19:26:32.028,1789165592.0289142,-371
2026-09-11 19:26:32.036,1789165592.0366066,-375
2026-09-11 19:26:32.044,1789165592.044299,-375
2026-09-11 19:26:32.051,1789165592.051991,-361
2026-09-11 19:26:32.059,1789165592.0596833,-344
2026-09-11 19:26:32.067,1789165592.0673757,-329
2026-09-11 19:26:32.075,1789165592.075068,-317
2026-09-11 19:26:32.082,1789165592.0827603,-312
2026-09-11 19:26:32.090,1789165592.0904527,-303
2026-09-11 19:26:32.098,1789165592.098145,-286
2026-09-11 19:26:32.105,1789165592.1058373,-283
2026-09-11 19:26:32.113,1789165592.1135294,-283
2026-09-11 19:26:32.121,1789165592.1212218,-281
2026-09-11 19:26:32.128,1789165592.128914,-281
2026-09-11 19:26:32.136,1789165592.1366065,-286
2026-09-11 19:26:32.144,1789165592.1442988,-278
2026-09-11 19:26:32.151,1789165592.1519911,-276
2026-09-11 19:26:32.159,1789165592.1596835,-281
2026-09-11 19:26:32.167,1789165592.1673758,-278
2026-09-11 19:26:32.175,1789165592.1750681,-271
2026-09-11 19:26:32.182,1789165592.1827602,-264
2026-09-11 19:26:32.190,1789165592.1904526,-261
2026-09-11 19:26:32.198,1789165592.198145,-257
2026-09-11 19:26:32.205,1789165592.2052755,-249
2026-09-11 19:26:32.212,1789165592.2129679,-247
2026-09-11 19:26:32.220,1789165592.2206602,-252
2026-09-11 19:26:32.228,1789165592.2283525,-254
2026-09-11 19:26:32.236,1789165592.236045,-247
2026-09-11 19:26:32.243,1789165592.243737,-244
2026-09-11 19:26:32.251,1789165592.2514293,-240
2026-09-11 19:26:32.259,1789165592.2591217,-230
2026-09-11 19:26:32.266,1789165592.266814,-230
2026-09-11 19:26:32.274,1789165592.2745063,-232
2026-09-11 19:26:32.282,1789165592.2821987,-225
2026-09-11 19:26:32.289,1789165592.289891,-210
2026-09-11 19:26:32.297,1789165592.2975833,-196
2026-09-11 19:26:32.305,1789165592.3052754,-184
2026-09-11 19:26:32.312,1789165592.3129678,-174
2026-09-11 19:26:32.320,1789165592.32066,-157
2026-09-11 19:26:32.328,1789165592.3283525,-130
2026-09-11 19:26:32.336,1789165592.3360448,-104
2026-09-11 19:26:32.343,1789165592.3437371,-65
2026-09-11 19:26:32.351,1789165592.3514295,-24
2026-09-11 19:26:32.359,1789165592.3591218,21
2026-09-11 19:26:32.366,1789165592.366814,82
2026-09-11 19:26:32.374,1789165592.3745062,101
2026-09-11 19:26:32.382,1789165592.3821986,67
2026-09-11 19:26:32.389,1789165592.389891,70
2026-09-11 19:26:32.397,1789165592.3975832,101
2026-09-11 19:26:32.405,1789165592.4052756,111
2026-09-11 19:26:32.412,1789165592.412968,116
2026-09-11 19:26:32.420,1789165592.4206603,128
2026-09-11 19:26:32.428,1789165592.4283524,121
2026-09-11 19:26:32.436,1789165592.4360447,94
2026-09-11 19:26:32.443,1789165592.443737,89
2026-09-11 19:26:32.451,1789165592.4514294,135
2026-09-11 19:26:32.459,1789165592.4591217,274
2026-09-11 19:26:32.466,1789165592.466814,499
2026-09-11 19:26:32.474,1789165592.4745064,793
2026-09-11 19:26:32.482,1789165592.4821987,940
2026-09-11 19:26:32.489,1789165592.4898908,499
2026-09-11 19:26:32.497,1789165592.4975832,-172
2026-09-11 19:26:32.505,1789165592.5052755,-198
2026-09-11 19:26:32.512,1789165592.5129678,97
2026-09-11 19:26:32.520,1789165592.5206602,70
2026-09-11 19:26:32.528,1789165592.5283525,-16
2026-09-11 19:26:32.536,1789165592.5360448,38
2026-09-11 19:26:32.543,1789165592.5437372,38
2026-09-11 19:26:32.551,1789165592.5514293,12
2026-09-11 19:26:32.559,1789165592.5591216,41
2026-09-11 19:26:32.566,1789165592.566814,60
2026-09-11 19:26:32.574,1789165592.5745063,43
2026-09-11 19:26:32.582,1789165592.5821986,36
2026-09-11 19:26:32.589,1789165592.589891,41
2026-09-11 19:26:32.597,1789165592.5975833,41
2026-09-11 19:26:32.605,1789165592.6052756,43
2026-09-11 19:26:32.612,1789165592.6129677,58
2026-09-11 19:26:32.620,1789165592.62066,72
2026-09-11 19:26:32.628,1789165592.6283524,82
2026-09-11 19:26:32.636,1789165592.6360447,89
2026-09-11 19:26:32.643,1789165592.643737,104
2026-09-11 19:26:32.651,1789165592.6514294,118
2026-09-11 19:26:32.659,1789165592.6591218,126
2026-09-11 19:26:32.666,1789165592.666814,135
2026-09-11 19:26:32.674,1789165592.6745062,145
2026-09-11 19:26:32.682,1789165592.6821985,143
2026-09-11 19:26:32.689,1789165592.6898909,150
2026-09-11 19:26:32.697,1789165592.6975832,186
2026-09-11 19:26:32.705,1789165592.7052755,208
2026-09-11 19:26:32.712,1789165592.7129679,201
2026-09-11 19:26:32.720,1789165592.7206602,184
2026-09-11 19:26:32.728,1789165592.7283525,157
2026-09-11 19:26:32.736,1789165592.736045,111
2026-09-11 19:26:32.743,1789165592.743737,63
2026-09-11 19:26:32.751,1789165592.7514293,24
2026-09-11 19:26:32.759,1789165592.7591217,-4
2026-09-11 19:26:32.766,1789165592.7662423,-26
2026-09-11 19:26:32.773,1789165592.7739346,-38
2026-09-11 19:26:32.781,1789165592.781627,-46
2026-09-11 19:26:32.789,1789165592.7893193,-53
2026-09-11 19:26:32.797,1789165592.7970116,-50
2026-09-11 19:26:32.804,1789165592.8047037,-50
2026-09-11 19:26:32.812,1789165592.812396,-82
2026-09-11 19:26:32.820,1789165592.8200884,-121
2026-09-11 19:26:32.827,1789165592.8277807,-140
2026-09-11 19:26:32.835,1789165592.835473,-155
2026-09-11 19:26:32.843,1789165592.8431654,-184
2026-09-11 19:26:32.850,1789165592.8508577,-215
2026-09-11 19:26:32.858,1789165592.85855,-177
2026-09-11 19:26:32.866,1789165592.8662422,80
2026-09-11 19:26:32.873,1789165592.8739345,417
2026-09-11 19:26:32.881,1789165592.8816268,514
2026-09-11 19:26:32.889,1789165592.8893192,499
2026-09-11 19:26:32.897,1789165592.8970115,538
2026-09-11 19:26:32.904,1789165592.9047039,557
2026-09-11 19:26:32.912,1789165592.9123962,562
2026-09-11 19:26:32.920,1789165592.9200885,562
2026-09-11 19:26:32.927,1789165592.9277806,545
2026-09-11 19:26:32.935,1789165592.935473,509
2026-09-11 19:26:32.943,1789165592.9431653,458
2026-09-11 19:26:32.950,1789165592.9508576,412
2026-09-11 19:26:32.958,1789165592.95855,368
2026-09-11 19:26:32.966,1789165592.9662423,375
2026-09-11 19:26:32.973,1789165592.9739347,431
2026-09-11 19:26:32.981,1789165592.981627,458
2026-09-11 19:26:32.989,1789165592.989319,438
2026-09-11 19:26:32.997,1789165592.9970114,419
2026-09-11 19:26:33.004,1789165593.0047038,451
2026-09-11 19:26:33.012,1789165593.012396,480
2026-09-11 19:26:33.020,1789165593.0200884,458
2026-09-11 19:26:33.027,1789165593.0277808,480
2026-09-11 19:26:33.035,1789165593.035473,552
2026-09-11 19:26:33.043,1789165593.0431654,509
2026-09-11 19:26:33.050,1789165593.0508575,322
2026-09-11 19:26:33.058,1789165593.05855,133
2026-09-11 19:26:33.066,1789165593.0662422,58
2026-09-11 19:26:33.073,1789165593.0739346,53
2026-09-11 19:26:33.081,1789165593.081627,26
2026-09-11 19:26:33.089,1789165593.0893192,-21
2026-09-11 19:26:33.097,1789165593.0970116,-89
2026-09-11 19:26:33.104,1789165593.104704,-162
2026-09-11 19:26:33.112,1789165593.112396,-174
2026-09-11 19:26:33.120,1789165593.1200883,-111
2026-09-11 19:26:33.127,1789165593.1277807,-48
2026-09-11 19:26:33.135,1789165593.135473,-46
2026-09-11 19:26:33.143,1789165593.1431653,-65
2026-09-11 19:26:33.150,1789165593.1508577,-67
2026-09-11 19:26:33.158,1789165593.15855,-65
2026-09-11 19:26:33.166,1789165593.1662424,-84
2026-09-11 19:26:33.173,1789165593.1739345,-111
2026-09-11 19:26:33.181,1789165593.1816268,-50
2026-09-11 19:26:33.189,1789165593.1893191,145
2026-09-11 19:26:33.197,1789165593.1970115,431
2026-09-11 19:26:33.204,1789165593.2047038,756
2026-09-11 19:26:33.212,1789165593.2123961,839
2026-09-11 19:26:33.220,1789165593.2200885,341
2026-09-11 19:26:33.227,1789165593.2277808,-184
2026-09-11 19:26:33.235,1789165593.235473,-50
2026-09-11 19:26:33.243,1789165593.2431653,261
2026-09-11 19:26:33.250,1789165593.2508576,293
2026-09-11 19:26:33.258,1789165593.25855,334
2026-09-11 19:26:33.266,1789165593.2662423,429
2026-09-11 19:26:33.273,1789165593.2739346,310
2026-09-11 19:26:33.281,1789165593.281627,63
2026-09-11 19:26:33.289,1789165593.2893193,-43
2026-09-11 19:26:33.297,1789165593.2970116,-43
2026-09-11 19:26:33.304,1789165593.3047037,-118
2026-09-11 19:26:33.312,1789165593.312396,-191
2026-09-11 19:26:33.320,1789165593.3200884,-179
2026-09-11 19:26:33.327,1789165593.3271985,-174
2026-09-11 19:26:33.334,1789165593.3348908,-223
2026-09-11 19:26:33.342,1789165593.3425832,-247
2026-09-11 19:26:33.350,1789165593.3502755,-213
2026-09-11 19:26:33.357,1789165593.3579679,-179
2026-09-11 19:26:33.365,1789165593.36566,-167
2026-09-11 19:26:33.373,1789165593.3733523,-121
2026-09-11 19:26:33.381,1789165593.3810446,-53
2026-09-11 19:26:33.388,1789165593.388737,-29
2026-09-11 19:26:33.396,1789165593.3964293,-46
2026-09-11 19:26:33.404,1789165593.4041216,-12
2026-09-11 19:26:33.411,1789165593.411814,341
2026-09-11 19:26:33.419,1789165593.4195063,1052
2026-09-11 19:26:33.427,1789165593.4271984,1578
2026-09-11 19:26:33.434,1789165593.4348907,1549
2026-09-11 19:26:33.442,1789165593.442583,1324
2026-09-11 19:26:33.450,1789165593.4502754,1362
2026-09-11 19:26:33.457,1789165593.4579678,1544
2026-09-11 19:26:33.465,1789165593.46566,1576
2026-09-11 19:26:33.473,1789165593.4733524,1547
2026-09-11 19:26:33.481,1789165593.4810448,1595
2026-09-11 19:26:33.488,1789165593.4887369,1668
2026-09-11 19:26:33.496,1789165593.4964292,1680
2026-09-11 19:26:33.504,1789165593.5041215,1588
2026-09-11 19:26:33.511,1789165593.5118139,1489
2026-09-11 19:26:33.519,1789165593.5195062,1489
2026-09-11 19:26:33.527,1789165593.5271986,1520
2026-09-11 19:26:33.534,1789165593.534891,1571
2026-09-11 19:26:33.542,1789165593.5425832,1605
2026-09-11 19:26:33.550,1789165593.5502753,1576
2026-09-11 19:26:33.557,1789165593.5579677,1624
2026-09-11 19:26:33.565,1789165593.56566,1712
2026-09-11 19:26:33.573,1789165593.5733523,1586
2026-09-11 19:26:33.581,1789165593.5810447,1392
2026-09-11 19:26:33.588,1789165593.588737,1399
2026-09-11 19:26:33.596,1789165593.5964293,1450
2026-09-11 19:26:33.604,1789165593.6041217,1365
2026-09-11 19:26:33.611,1789165593.6118138,1248
2026-09-11 19:26:33.619,1789165593.6195061,1241
2026-09-11 19:26:33.627,1789165593.6271985,1227
2026-09-11 19:26:33.634,1789165593.6348908,987
2026-09-11 19:26:33.642,1789165593.6425831,630
2026-09-11 19:26:33.650,1789165593.6502755,329
2026-09-11 19:26:33.657,1789165593.6579678,16
2026-09-11 19:26:33.665,1789165593.6656601,-312
2026-09-11 19:26:33.673,1789165593.6733522,-584
2026-09-11 19:26:33.681,1789165593.6810446,-788
2026-09-11 19:26:33.688,1789165593.688737,-892
2026-09-11 19:26:33.696,1789165593.6964293,-853
2026-09-11 19:26:33.704,1789165593.7041216,-688
2026-09-11 19:26:33.711,1789165593.711814,-535
2026-09-11 19:26:33.719,1789165593.7195063,-441
2026-09-11 19:26:33.727,1789165593.7271986,-121
2026-09-11 19:26:33.734,1789165593.7348907,441
2026-09-11 19:26:33.742,1789165593.742583,826
2026-09-11 19:26:33.750,1789165593.7502754,943
2026-09-11 19:26:33.757,1789165593.7579677,979
2026-09-11 19:26:33.765,1789165593.76566,831
2026-09-11 19:26:33.773,1789165593.7733524,388
2026-09-11 19:26:33.781,1789165593.7810447,-75
2026-09-11 19:26:33.788,1789165593.788737,-249
2026-09-11 19:26:33.796,1789165593.7964292,-312
2026-09-11 19:26:33.804,1789165593.8041215,-436
2026-09-11 19:26:33.811,1789165593.8118138,-375
2026-09-11 19:26:33.819,1789165593.8195062,-167
2026-09-11 19:26:33.827,1789165593.8271985,-261
2026-09-11 19:26:33.834,1789165593.8348908,-625
2026-09-11 19:26:33.842,1789165593.8425832,-679
2026-09-11 19:26:33.850,1789165593.8502755,-288
2026-09-11 19:26:33.857,1789165593.8579679,-4
2026-09-11 19:26:33.865,1789165593.86566,-361
2026-09-11 19:26:33.873,1789165593.8733523,-1212
2026-09-11 19:26:33.881,1789165593.8810446,-1595
2026-09-11 19:26:33.888,1789165593.888145,-1202
2026-09-11 19:26:33.895,1789165593.8958373,-887
2026-09-11 19:26:33.903,1789165593.9035296,-945
2026-09-11 19:26:33.911,1789165593.911222,-955
2026-09-11 19:26:33.918,1789165593.9189143,-894
2026-09-11 19:26:33.926,1789165593.9266064,-887
2026-09-11 19:26:33.934,1789165593.9342988,-669
2026-09-11 19:26:33.941,1789165593.941991,-240
2026-09-11 19:26:33.949,1789165593.9496834,-60
2026-09-11 19:26:33.957,1789165593.9573758,7
2026-09-11 19:26:33.965,1789165593.965068,111
2026-09-11 19:26:33.972,1789165593.9727604,-201
2026-09-11 19:26:33.980,1789165593.9804528,-691
2026-09-11 19:26:33.988,1789165593.9881449,-865
2026-09-11 19:26:33.995,1789165593.9958372,-931
2026-09-11 19:26:34.003,1789165594.0035295,-1008
2026-09-11 19:26:34.011,1789165594.011222,-953
2026-09-11 19:26:34.018,1789165594.0189142,-761
2026-09-11 19:26:34.026,1789165594.0266066,-620
2026-09-11 19:26:34.034,1789165594.034299,-671
2026-09-11 19:26:34.041,1789165594.0419912,-751
2026-09-11 19:26:34.049,1789165594.0496833,-763
2026-09-11 19:26:34.057,1789165594.0573757,-809
2026-09-11 19:26:34.065,1789165594.065068,-851
2026-09-11 19:26:34.072,1789165594.0727603,-841
2026-09-11 19:26:34.080,1789165594.0804527,-868
2026-09-11 19:26:34.088,1789165594.088145,-933
2026-09-11 19:26:34.095,1789165594.0958374,-974
2026-09-11 19:26:34.103,1789165594.1035297,-982
2026-09-11 19:26:34.111,1789165594.1112218,-1020
2026-09-11 19:26:34.118,1789165594.1189141,-1091
2026-09-11 19:26:34.126,1789165594.1266065,-1137
2026-09-11 19:26:34.134,1789165594.1342988,-1149
2026-09-11 19:26:34.141,1789165594.1419911,-1159
2026-09-11 19:26:34.149,1789165594.1496835,-1164
2026-09-11 19:26:34.157,1789165594.1573758,-1134
2026-09-11 19:26:34.165,1789165594.1650681,-1103
2026-09-11 19:26:34.172,1789165594.1727602,-1091
2026-09-11 19:26:34.180,1789165594.1804526,-1069
2026-09-11 19:26:34.188,1789165594.188145,-1025
2026-09-11 19:26:34.195,1789165594.1958373,-982
2026-09-11 19:26:34.203,1789165594.2035296,-943
2026-09-11 19:26:34.211,1789165594.211222,-914
2026-09-11 19:26:34.218,1789165594.2189143,-890
2026-09-11 19:26:34.226,1789165594.2266066,-858
2026-09-11 19:26:34.234,1789165594.2342987,-826
2026-09-11 19:26:34.241,1789165594.241991,-805
2026-09-11 19:26:34.249,1789165594.2496834,-776
2026-09-11 19:26:34.257,1789165594.2573757,-749
2026-09-11 19:26:34.265,1789165594.265068,-734
2026-09-11 19:26:34.272,1789165594.2727604,-710
2026-09-11 19:26:34.280,1789165594.2804527,-683
2026-09-11 19:26:34.288,1789165594.288145,-679
2026-09-11 19:26:34.295,1789165594.2958372,-671
2026-09-11 19:26:34.303,1789165594.3035295,-645
2026-09-11 19:26:34.311,1789165594.3112218,-628
2026-09-11 19:26:34.318,1789165594.3189142,-608
2026-09-11 19:26:34.326,1789165594.3266065,-594
2026-09-11 19:26:34.334,1789165594.3342988,-586
2026-09-11 19:26:34.341,1789165594.3419912,-557
2026-09-11 19:26:34.349,1789165594.3496835,-523
2026-09-11 19:26:34.357,1789165594.3573756,-494
2026-09-11 19:26:34.365,1789165594.365068,-463
2026-09-11 19:26:34.372,1789165594.3727603,-458
2026-09-11 19:26:34.380,1789165594.3804526,-480
2026-09-11 19:26:34.388,1789165594.388145,-487
2026-09-11 19:26:34.395,1789165594.3958373,-475
2026-09-11 19:26:34.403,1789165594.4035296,-468
2026-09-11 19:26:34.411,1789165594.411222,-460
2026-09-11 19:26:34.418,1789165594.4189143,-438
2026-09-11 19:26:34.426,1789165594.4266064,-431
2026-09-11 19:26:34.434,1789165594.4342988,-431
2026-09-11 19:26:34.441,1789165594.441991,-412
2026-09-11 19:26:34.449,1789165594.4490912,-390
2026-09-11 19:26:34.456,1789165594.4567835,-361
2026-09-11 19:26:34.464,1789165594.4644759,-210
2026-09-11 19:26:34.472,1789165594.4721682,130
2026-09-11 19:26:34.479,1789165594.4798605,528
2026-09-11 19:26:34.487,1789165594.4875526,652
2026-09-11 19:26:34.495,1789165594.495245,126
2026-09-11 19:26:34.502,1789165594.5029373,-696
2026-09-11 19:26:34.510,1789165594.5106297,-805
2026-09-11 19:26:34.518,1789165594.518322,-397
2026-09-11 19:26:34.526,1789165594.5260143,-337
2026-09-11 19:26:34.533,1789165594.5337067,-419
2026-09-11 19:26:34.541,1789165594.541399,-329
2026-09-11 19:26:34.549,1789165594.549091,-300
2026-09-11 19:26:34.556,1789165594.5567834,-337
2026-09-11 19:26:34.564,1789165594.5644758,-300
2026-09-11 19:26:34.572,1789165594.572168,-259
2026-09-11 19:26:34.579,1789165594.5798604,-259
2026-09-11 19:26:34.587,1789165594.5875528,-244
2026-09-11 19:26:34.595,1789165594.5952451,-215
2026-09-11 19:26:34.602,1789165594.6029375,-203
2026-09-11 19:26:34.610,1789165594.6106296,-191
2026-09-11 19:26:34.618,1789165594.618322,-181
2026-09-11 19:26:34.626,1789165594.6260142,-172
2026-09-11 19:26:34.633,1789165594.6337066,-143
2026-09-11 19:26:34.641,1789165594.641399,-116
2026-09-11 19:26:34.649,1789165594.6490912,-104
2026-09-11 19:26:34.656,1789165594.6567836,-84
2026-09-11 19:26:34.664,1789165594.664476,-53
2026-09-11 19:26:34.672,1789165594.672168,-14
2026-09-11 19:26:34.679,1789165594.6798604,21
2026-09-11 19:26:34.687,1789165594.6875527,38
2026-09-11 19:26:34.695,1789165594.695245,46
2026-09-11 19:26:34.702,1789165594.7029374,50
2026-09-11 19:26:34.710,1789165594.7106297,58
2026-09-11 19:26:34.718,1789165594.718322,46
2026-09-11 19:26:34.726,1789165594.7260144,9
2026-09-11 19:26:34.733,1789165594.7337065,-31
2026-09-11 19:26:34.741,1789165594.7413988,-77
2026-09-11 19:26:34.749,1789165594.7490911,-135
2026-09-11 19:26:34.756,1789165594.7567835,-186
2026-09-11 19:26:34.764,1789165594.7644758,-225
2026-09-11 19:26:34.772,1789165594.7721682,-247
2026-09-11 19:26:34.779,1789165594.7798605,-240
2026-09-11 19:26:34.787,1789165594.7875528,-240
2026-09-11 19:26:34.795,1789165594.795245,-259
2026-09-11 19:26:34.802,1789165594.8029373,-249
2026-09-11 19:26:34.810,1789165594.8106296,-218
2026-09-11 19:26:34.818,1789165594.818322,-215
2026-09-11 19:26:34.826,1789165594.8260143,-220
2026-09-11 19:26:34.833,1789165594.8337066,-196
2026-09-11 19:26:34.841,1789165594.841399,-172
2026-09-11 19:26:34.849,1789165594.8490913,-169
2026-09-11 19:26:34.856,1789165594.8567834,-162
2026-09-11 19:26:34.864,1789165594.8644757,-150
2026-09-11 19:26:34.872,1789165594.872168,-138
2026-09-11 19:26:34.879,1789165594.8798604,-133
2026-09-11 19:26:34.887,1789165594.8875527,-130
2026-09-11 19:26:34.895,1789165594.895245,-126
2026-09-11 19:26:34.902,1789165594.9029374,-135
2026-09-11 19:26:34.910,1789165594.9106297,-138
2026-09-11 19:26:34.918,1789165594.9183218,-121
2026-09-11 19:26:34.926,1789165594.9260142,-128
2026-09-11 19:26:34.933,1789165594.9337065,-143
2026-09-11 19:26:34.941,1789165594.9413989,-133
2026-09-11 19:26:34.949,1789165594.9490912,-109
2026-09-11 19:26:34.956,1789165594.9567835,-87
2026-09-11 19:26:34.964,1789165594.9644759,-77
2026-09-11 19:26:34.972,1789165594.9721682,-77
2026-09-11 19:26:34.979,1789165594.9798605,-72
2026-09-11 19:26:34.987,1789165594.9875526,-87
2026-09-11 19:26:34.995,1789165594.995245,-123
2026-09-11 19:26:35.002,1789165595.0029373,-121
2026-09-11 19:26:35.010,1789165595.010058,-97
2026-09-11 19:26:35.017,1789165595.0177503,-118
2026-09-11 19:26:35.025,1789165595.0254426,-140
2026-09-11 19:26:35.033,1789165595.033135,-118
2026-09-11 19:26:35.040,1789165595.0408273,-104
2026-09-11 19:26:35.048,1789165595.0485194,-109
2026-09-11 19:26:35.056,1789165595.0562117,-109
2026-09-11 19:26:35.063,1789165595.063904,-92
2026-09-11 19:26:35.071,1789165595.0715964,-12
2026-09-11 19:26:35.079,1789165595.0792887,235
2026-09-11 19:26:35.086,1789165595.086981,637
2026-09-11 19:26:35.094,1789165595.0946734,943
2026-09-11 19:26:35.102,1789165595.1023657,688
2026-09-11 19:26:35.110,1789165595.1100578,-160
2026-09-11 19:26:35.117,1789165595.1177502,-623
2026-09-11 19:26:35.125,1789165595.1254425,-315
2026-09-11 19:26:35.133,1789165595.1331348,-106
2026-09-11 19:26:35.140,1789165595.1408272,-203
2026-09-11 19:26:35.148,1789165595.1485195,-181
2026-09-11 19:26:35.156,1789165595.1562119,-123
2026-09-11 19:26:35.163,1789165595.1639042,-150
2026-09-11 19:26:35.171,1789165595.1715963,-140
2026-09-11 19:26:35.179,1789165595.1792886,-109
2026-09-11 19:26:35.186,1789165595.186981,-113
2026-09-11 19:26:35.194,1789165595.1946733,-109
2026-09-11 19:26:35.202,1789165595.2023656,-87
2026-09-11 19:26:35.210,1789165595.210058,-80
2026-09-11 19:26:35.217,1789165595.2177503,-75
2026-09-11 19:26:35.225,1789165595.2254426,-63
2026-09-11 19:26:35.233,1789165595.2331347,-48
2026-09-11 19:26:35.240,1789165595.240827,-33
2026-09-11 19:26:35.248,1789165595.2485194,-19
2026-09-11 19:26:35.256,1789165595.2562118,-9
2026-09-11 19:26:35.263,1789165595.263904,2
2026-09-11 19:26:35.271,1789165595.2715964,29
2026-09-11 19:26:35.279,1789165595.2792888,55
2026-09-11 19:26:35.286,1789165595.286981,77
2026-09-11 19:26:35.294,1789165595.2946732,97
2026-09-11 19:26:35.302,1789165595.3023655,109
2026-09-11 19:26:35.310,1789165595.3100579,113
2026-09-11 19:26:35.317,1789165595.3177502,111
2026-09-11 19:26:35.325,1789165595.3254426,94
2026-09-11 19:26:35.333,1789165595.333135,60
2026-09-11 19:26:35.340,1789165595.3408272,14
2026-09-11 19:26:35.348,1789165595.3485196,-41
2026-09-11 19:26:35.356,1789165595.3562117,-97
2026-09-11 19:26:35.363,1789165595.363904,-143
2026-09-11 19:26:35.371,1789165595.3715963,-177
2026-09-11 19:26:35.379,1789165595.3792887,-201
2026-09-11 19:26:35.386,1789165595.386981,-215
2026-09-11 19:26:35.394,1789165595.3946733,-227
2026-09-11 19:26:35.402,1789165595.4023657,-232
2026-09-11 19:26:35.410,1789165595.410058,-220
2026-09-11 19:26:35.417,1789165595.4177501,-215
2026-09-11 19:26:35.425,1789165595.4254425,-213
2026-09-11 19:26:35.433,1789165595.4331348,-208
2026-09-11 19:26:35.440,1789165595.4408271,-196
2026-09-11 19:26:35.448,1789165595.4485195,-179
2026-09-11 19:26:35.456,1789165595.4562118,-172
2026-09-11 19:26:35.463,1789165595.4639041,-172
2026-09-11 19:26:35.471,1789165595.4715965,-160
2026-09-11 19:26:35.479,1789165595.4792886,-155
2026-09-11 19:26:35.486,1789165595.486981,-162
2026-09-11 19:26:35.494,1789165595.4946733,-152
2026-09-11 19:26:35.502,1789165595.5023656,-140
2026-09-11 19:26:35.510,1789165595.510058,-145
2026-09-11 19:26:35.517,1789165595.5177503,-145
2026-09-11 19:26:35.525,1789165595.5254426,-145
2026-09-11 19:26:35.533,1789165595.533135,-162
2026-09-11 19:26:35.540,1789165595.5408273,-164
2026-09-11 19:26:35.548,1789165595.5485194,-147
2026-09-11 19:26:35.556,1789165595.5562117,-145
2026-09-11 19:26:35.563,1789165595.563904,-140
2026-09-11 19:26:35.571,1789165595.5710144,-118
2026-09-11 19:26:35.578,1789165595.5787067,-106
2026-09-11 19:26:35.586,1789165595.586399,-106
2026-09-11 19:26:35.594,1789165595.5940914,-113
2026-09-11 19:26:35.601,1789165595.6017838,-133
2026-09-11 19:26:35.609,1789165595.6094759,-150
2026-09-11 19:26:35.617,1789165595.6171682,-155
2026-09-11 19:26:35.624,1789165595.6248605,-155
2026-09-11 19:26:35.632,1789165595.6325529,-155
2026-09-11 19:26:35.640,1789165595.6402452,-152
2026-09-11 19:26:35.647,1789165595.6479375,-147
2026-09-11 19:26:35.655,1789165595.6556299,-145
2026-09-11 19:26:35.663,1789165595.6633222,-147
2026-09-11 19:26:35.671,1789165595.6710143,-140
2026-09-11 19:26:35.678,1789165595.6787066,-63
2026-09-11 19:26:35.686,1789165595.686399,164
2026-09-11 19:26:35.694,1789165595.6940913,521
2026-09-11 19:26:35.701,1789165595.7017837,865
2026-09-11 19:26:35.709,1789165595.709476,817
2026-09-11 19:26:35.717,1789165595.7171683,87
2026-09-11 19:26:35.724,1789165595.7248607,-560
2026-09-11 19:26:35.732,1789165595.7325528,-397
2026-09-11 19:26:35.740,1789165595.740245,-118
2026-09-11 19:26:35.747,1789165595.7479374,-220
2026-09-11 19:26:35.755,1789165595.7556298,-259
2026-09-11 19:26:35.763,1789165595.763322,-169
2026-09-11 19:26:35.771,1789165595.7710145,-179
2026-09-11 19:26:35.778,1789165595.7787068,-201
2026-09-11 19:26:35.786,1789165595.7863991,-162
2026-09-11 19:26:35.794,1789165595.7940912,-152
2026-09-11 19:26:35.801,1789165595.8017836,-160
2026-09-11 19:26:35.809,1789165595.809476,-145
2026-09-11 19:26:35.817,1789165595.8171682,-133
2026-09-11 19:26:35.824,1789165595.8248606,-128
2026-09-11 19:26:35.832,1789165595.832553,-118
2026-09-11 19:26:35.840,1789165595.8402452,-109
2026-09-11 19:26:35.847,1789165595.8479376,-104
2026-09-11 19:26:35.855,1789165595.8556297,-92
2026-09-11 19:26:35.863,1789165595.863322,-75
2026-09-11 19:26:35.871,1789165595.8710144,-60
2026-09-11 19:26:35.878,1789165595.8787067,-46
2026-09-11 19:26:35.886,1789165595.886399,-29
2026-09-11 19:26:35.894,1789165595.8940914,-12
2026-09-11 19:26:35.901,1789165595.9017837,0
2026-09-11 19:26:35.909,1789165595.909476,7
2026-09-11 19:26:35.917,1789165595.9171681,14
2026-09-11 19:26:35.924,1789165595.9248605,16
2026-09-11 19:26:35.932,1789165595.9325528,9
2026-09-11 19:26:35.940,1789165595.9402452,-7
2026-09-11 19:26:35.947,1789165595.9479375,-33
2026-09-11 19:26:35.955,1789165595.9556298,-65
2026-09-11 19:26:35.963,1789165595.9633222,-101
2026-09-11 19:26:35.971,1789165595.9710145,-138
2026-09-11 19:26:35.978,1789165595.9787066,-167
2026-09-11 19:26:35.986,1789165595.986399,-181
2026-09-11 19:26:35.994,1789165595.9940913,-191
2026-09-11 19:26:36.001,1789165596.0017836,-198
2026-09-11 19:26:36.009,1789165596.009476,-198
2026-09-11 19:26:36.017,1789165596.0171683,-191
2026-09-11 19:26:36.024,1789165596.0248606,-186
2026-09-11 19:26:36.032,1789165596.032553,-179
2026-09-11 19:26:36.040,1789165596.040245,-172
2026-09-11 19:26:36.047,1789165596.0479374,-162
2026-09-11 19:26:36.055,1789165596.0556297,-152
2026-09-11 19:26:36.063,1789165596.063322,-145
2026-09-11 19:26:36.071,1789165596.0710144,-140
2026-09-11 19:26:36.078,1789165596.0787067,-135
2026-09-11 19:26:36.086,1789165596.086399,-130
2026-09-11 19:26:36.094,1789165596.0940914,-128
2026-09-11 19:26:36.101,1789165596.1017838,-128
2026-09-11 19:26:36.109,1789165596.1094759,-128
2026-09-11 19:26:36.117,1789165596.1171682,-128
2026-09-11 19:26:36.124,1789165596.1248605,-126
2026-09-11 19:26:36.131,1789165596.1319604,-128
2026-09-11 19:26:36.139,1789165596.1396527,-138
2026-09-11 19:26:36.147,1789165596.147345,-138
2026-09-11 19:26:36.155,1789165596.1550374,-133
2026-09-11 19:26:36.162,1789165596.1627297,-126
2026-09-11 19:26:36.170,1789165596.1704218,-113
2026-09-11 19:26:36.178,1789165596.1781142,-97
2026-09-11 19:26:36.185,1789165596.1858065,-77
2026-09-11 19:26:36.193,1789165596.1934988,-67
2026-09-11 19:26:36.201,1789165596.2011912,-80
2026-09-11 19:26:36.208,1789165596.2088835,-99
2026-09-11 19:26:36.216,1789165596.2165759,-113
2026-09-11 19:26:36.224,1789165596.2242682,-121
2026-09-11 19:26:36.231,1789165596.2319603,-121
2026-09-11 19:26:36.239,1789165596.2396526,-118
2026-09-11 19:26:36.247,1789165596.247345,-116
2026-09-11 19:26:36.255,1789165596.2550373,-116
2026-09-11 19:26:36.262,1789165596.2627296,-113
2026-09-11 19:26:36.270,1789165596.270422,-111
2026-09-11 19:26:36.278,1789165596.2781143,-106
2026-09-11 19:26:36.285,1789165596.2858067,-26
2026-09-11 19:26:36.293,1789165596.2934988,191
2026-09-11 19:26:36.301,1789165596.301191,511
2026-09-11 19:26:36.308,1789165596.3088834,863
2026-09-11 19:26:36.316,1789165596.3165758,880
2026-09-11 19:26:36.324,1789165596.324268,174
2026-09-11 19:26:36.331,1789165596.3319604,-504
2026-09-11 19:26:36.339,1789165596.3396528,-363
2026-09-11 19:26:36.347,1789165596.347345,-89
2026-09-11 19:26:36.355,1789165596.3550372,-198
2026-09-11 19:26:36.362,1789165596.3627295,-240
2026-09-11 19:26:36.370,1789165596.370422,-143
2026-09-11 19:26:36.378,1789165596.3781142,-150
2026-09-11 19:26:36.385,1789165596.3858066,-174
2026-09-11 19:26:36.393,1789165596.393499,-138
2026-09-11 19:26:36.401,1789165596.4011912,-126
2026-09-11 19:26:36.408,1789165596.4088836,-130
2026-09-11 19:26:36.416,1789165596.4165757,-113
2026-09-11 19:26:36.424,1789165596.424268,-101
2026-09-11 19:26:36.431,1789165596.4319603,-104
2026-09-11 19:26:36.439,1789165596.4396527,-97
2026-09-11 19:26:36.447,1789165596.447345,-89
2026-09-11 19:26:36.455,1789165596.4550374,-84
2026-09-11 19:26:36.462,1789165596.4627297,-72
2026-09-11 19:26:36.470,1789165596.470422,-60
2026-09-11 19:26:36.478,1789165596.4781141,-50
2026-09-11 19:26:36.485,1789165596.4858065,-33
2026-09-11 19:26:36.493,1789165596.4934988,-21
2026-09-11 19:26:36.501,1789165596.5011911,-9
2026-09-11 19:26:36.508,1789165596.5088835,2
2026-09-11 19:26:36.516,1789165596.5165758,12
2026-09-11 19:26:36.524,1789165596.5242682,12
2026-09-11 19:26:36.531,1789165596.5319605,9
2026-09-11 19:26:36.539,1789165596.5396526,7
2026-09-11 19:26:36.547,1789165596.547345,-7
2026-09-11 19:26:36.555,1789165596.5550373,-29
2026-09-11 19:26:36.562,1789165596.5627296,-58
2026-09-11 19:26:36.570,1789165596.570422,-89
2026-09-11 19:26:36.578,1789165596.5781143,-118
2026-09-11 19:26:36.585,1789165596.5858066,-140
2026-09-11 19:26:36.593,1789165596.593499,-152
2026-09-11 19:26:36.601,1789165596.601191,-160
2026-09-11 19:26:36.608,1789165596.6088834,-164
2026-09-11 19:26:36.616,1789165596.6165757,-162
2026-09-11 19:26:36.624,1789165596.624268,-157
2026-09-11 19:26:36.631,1789165596.6319604,-150
2026-09-11 19:26:36.639,1789165596.6396527,-145
2026-09-11 19:26:36.647,1789165596.647345,-140
2026-09-11 19:26:36.655,1789165596.6550374,-133
2026-09-11 19:26:36.662,1789165596.6627297,-126
2026-09-11 19:26:36.670,1789165596.6704218,-121
2026-09-11 19:26:36.678,1789165596.6781142,-118
2026-09-11 19:26:36.685,1789165596.6858065,-116
2026-09-11 19:26:36.692,1789165596.6929374,-116
2026-09-11 19:26:36.700,1789165596.7006297,-111
2026-09-11 19:26:36.708,1789165596.708322,-109
2026-09-11 19:26:36.716,1789165596.7160144,-109
2026-09-11 19:26:36.723,1789165596.7237067,-109
2026-09-11 19:26:36.731,1789165596.7313988,-106
2026-09-11 19:26:36.739,1789165596.7390912,-101
2026-09-11 19:26:36.746,1789165596.7467835,-101
2026-09-11 19:26:36.754,1789165596.7544758,-106
2026-09-11 19:26:36.762,1789165596.7621682,-113
2026-09-11 19:26:36.769,1789165596.7698605,-123
2026-09-11 19:26:36.777,1789165596.7775528,-121
2026-09-11 19:26:36.785,1789165596.7852452,-106
2026-09-11 19:26:36.792,1789165596.7929373,-101
2026-09-11 19:26:36.800,1789165596.8006296,-94
2026-09-11 19:26:36.808,1789165596.808322,-72
2026-09-11 19:26:36.816,1789165596.8160143,-43
2026-09-11 19:26:36.823,1789165596.8237066,-38
2026-09-11 19:26:36.831,1789165596.831399,-60
2026-09-11 19:26:36.839,1789165596.8390913,-80
2026-09-11 19:26:36.846,1789165596.8467836,-89
2026-09-11 19:26:36.854,1789165596.8544757,-97
2026-09-11 19:26:36.862,1789165596.862168,-99
2026-09-11 19:26:36.869,1789165596.8698604,-97
2026-09-11 19:26:36.877,1789165596.8775527,-94
2026-09-11 19:26:36.885,1789165596.885245,-89
2026-09-11 19:26:36.892,1789165596.8929374,-89
2026-09-11 19:26:36.900,1789165596.9006298,-92
2026-09-11 19:26:36.908,1789165596.908322,-75
2026-09-11 19:26:36.916,1789165596.9160142,21
2026-09-11 19:26:36.923,1789165596.9237065,237
2026-09-11 19:26:36.931,1789165596.9313989,543
2026-09-11 19:26:36.939,1789165596.9390912,880
2026-09-11 19:26:36.946,1789165596.9467835,836
2026-09-11 19:26:36.954,1789165596.9544759,80
2026-09-11 19:26:36.962,1789165596.9621682,-521
2026-09-11 19:26:36.969,1789165596.9698606,-303
2026-09-11 19:26:36.977,1789165596.9775527,-63
2026-09-11 19:26:36.985,1789165596.985245,-191
2026-09-11 19:26:36.992,1789165596.9929373,-210
2026-09-11 19:26:37.000,1789165597.0006297,-121
2026-09-11 19:26:37.008,1789165597.008322,-140
2026-09-11 19:26:37.016,1789165597.0160143,-155
2026-09-11 19:26:37.023,1789165597.0237067,-116
2026-09-11 19:26:37.031,1789165597.031399,-104
2026-09-11 19:26:37.039,1789165597.039091,-109
2026-09-11 19:26:37.046,1789165597.0467834,-97
2026-09-11 19:26:37.054,1789165597.0544758,-87
2026-09-11 19:26:37.062,1789165597.0621681,-82
2026-09-11 19:26:37.069,1789165597.0698605,-70
2026-09-11 19:26:37.077,1789165597.0775528,-60
2026-09-11 19:26:37.085,1789165597.0852451,-55
2026-09-11 19:26:37.092,1789165597.0929375,-46
2026-09-11 19:26:37.100,1789165597.1006296,-36
2026-09-11 19:26:37.108,1789165597.108322,-24
2026-09-11 19:26:37.116,1789165597.1160142,-9
2026-09-11 19:26:37.123,1789165597.1237066,2
2026-09-11 19:26:37.131,1789165597.131399,14
2026-09-11 19:26:37.139,1789165597.1390913,26
2026-09-11 19:26:37.146,1789165597.1467836,31
2026-09-11 19:26:37.154,1789165597.154476,29
2026-09-11 19:26:37.162,1789165597.162168,31
2026-09-11 19:26:37.169,1789165597.1698604,24
2026-09-11 19:26:37.177,1789165597.1775527,9
2026-09-11 19:26:37.185,1789165597.185245,-7
2026-09-11 19:26:37.192,1789165597.1929374,-31
2026-09-11 19:26:37.200,1789165597.2006297,-63
2026-09-11 19:26:37.208,1789165597.208322,-89
2026-09-11 19:26:37.216,1789165597.2160144,-109
2026-09-11 19:26:37.223,1789165597.2237067,-126
2026-09-11 19:26:37.231,1789165597.2313988,-135
2026-09-11 19:26:37.239,1789165597.2390912,-138
2026-09-11 19:26:37.246,1789165597.2467835,-138
2026-09-11 19:26:37.253,1789165597.2538836,-133
2026-09-11 19:26:37.261,1789165597.261576,-123
2026-09-11 19:26:37.269,1789165597.2692683,-116
2026-09-11 19:26:37.276,1789165597.2769606,-109
2026-09-11 19:26:37.284,1789165597.284653,-104
2026-09-11 19:26:37.292,1789165597.292345,-94
2026-09-11 19:26:37.300,1789165597.3000374,-89
2026-09-11 19:26:37.307,1789165597.3077297,-92
2026-09-11 19:26:37.315,1789165597.315422,-89
2026-09-11 19:26:37.323,1789165597.3231144,-87
2026-09-11 19:26:37.330,1789165597.3308067,-84
2026-09-11 19:26:37.338,1789165597.338499,-84
2026-09-11 19:26:37.346,1789165597.3461914,-82
2026-09-11 19:26:37.353,1789165597.3538835,-80
2026-09-11 19:26:37.361,1789165597.3615758,-77
2026-09-11 19:26:37.369,1789165597.3692682,-77
2026-09-11 19:26:37.376,1789165597.3769605,-72
2026-09-11 19:26:37.384,1789165597.3846529,-65
2026-09-11 19:26:37.392,1789165597.3923452,-55
2026-09-11 19:26:37.400,1789165597.4000375,-48
2026-09-11 19:26:37.407,1789165597.4077299,-31
2026-09-11 19:26:37.415,1789165597.415422,-9
2026-09-11 19:26:37.423,1789165597.4231143,29
2026-09-11 19:26:37.430,1789165597.4308066,143
2026-09-11 19:26:37.438,1789165597.438499,356
2026-09-11 19:26:37.446,1789165597.4461913,538
2026-09-11 19:26:37.453,1789165597.4538836,645
2026-09-11 19:26:37.461,1789165597.461576,987
2026-09-11 19:26:37.469,1789165597.4692683,1760
2026-09-11 19:26:37.476,1789165597.4769604,2614
2026-09-11 19:26:37.484,1789165597.4846528,3232
2026-09-11 19:26:37.492,1789165597.492345,3715
2026-09-11 19:26:37.500,1789165597.5000374,4037
2026-09-11 19:26:37.507,1789165597.5077298,4071
2026-09-11 19:26:37.515,1789165597.515422,4011
2026-09-11 19:26:37.523,1789165597.5231144,4016
2026-09-11 19:26:37.530,1789165597.5308068,4057
2026-09-11 19:26:37.538,1789165597.5384989,4183
2026-09-11 19:26:37.546,1789165597.5461912,4248
2026-09-11 19:26:37.553,1789165597.5538836,4115
2026-09-11 19:26:37.561,1789165597.561576,4108
2026-09-11 19:26:37.569,1789165597.5692682,4239
2026-09-11 19:26:37.576,1789165597.5769606,4200
2026-09-11 19:26:37.584,1789165597.584653,4127
2026-09-11 19:26:37.592,1789165597.5923452,4411
2026-09-11 19:26:37.600,1789165597.6000373,5216
2026-09-11 19:26:37.607,1789165597.6077297,6150
2026-09-11 19:26:37.615,1789165597.615422,6683
2026-09-11 19:26:37.623,1789165597.6231143,7066
2026-09-11 19:26:37.630,1789165597.6308067,7665
2026-09-11 19:26:37.638,1789165597.638499,7682
2026-09-11 19:26:37.646,1789165597.6461914,6867
2026-09-11 19:26:37.653,1789165597.6538837,6557
2026-09-11 19:26:37.661,1789165597.6615758,6875
2026-09-11 19:26:37.669,1789165597.6692681,6802
2026-09-11 19:26:37.676,1789165597.6769605,6540
2026-09-11 19:26:37.684,1789165597.6846528,6543
2026-09-11 19:26:37.692,1789165597.6923451,6455
2026-09-11 19:26:37.700,1789165597.7000375,6077
2026-09-11 19:26:37.707,1789165597.7077298,5662
2026-09-11 19:26:37.715,1789165597.7154222,5444
2026-09-11 19:26:37.723,1789165597.7231143,5415
2026-09-11 19:26:37.730,1789165597.7308066,5417
2026-09-11 19:26:37.738,1789165597.738499,5560
2026-09-11 19:26:37.746,1789165597.7461913,5810
2026-09-11 19:26:37.753,1789165597.7538836,5846
2026-09-11 19:26:37.761,1789165597.761576,5733
2026-09-11 19:26:37.769,1789165597.7692683,5640
2026-09-11 19:26:37.776,1789165597.7769606,5485
2026-09-11 19:26:37.784,1789165597.784653,5313
2026-09-11 19:26:37.792,1789165597.792345,5233
2026-09-11 19:26:37.800,1789165597.8000374,5245
2026-09-11 19:26:37.807,1789165597.8077297,5332
2026-09-11 19:26:37.814,1789165597.81483,5325
2026-09-11 19:26:37.822,1789165597.8225224,5318
2026-09-11 19:26:37.830,1789165597.8302147,5614
2026-09-11 19:26:37.837,1789165597.837907,5902
2026-09-11 19:26:37.845,1789165597.8455994,5946
2026-09-11 19:26:37.853,1789165597.8532915,5987
2026-09-11 19:26:37.860,1789165597.8609838,6220
2026-09-11 19:26:37.868,1789165597.8686762,6528
2026-09-11 19:26:37.876,1789165597.8763685,6465
2026-09-11 19:26:37.884,1789165597.8840609,6111
2026-09-11 19:26:37.891,1789165597.8917532,5893
2026-09-11 19:26:37.899,1789165597.8994455,5757
2026-09-11 19:26:37.907,1789165597.9071379,5672
2026-09-11 19:26:37.914,1789165597.91483,5800
2026-09-11 19:26:37.922,1789165597.9225223,5997
2026-09-11 19:26:37.930,1789165597.9302146,6070
2026-09-11 19:26:37.937,1789165597.937907,6111
2026-09-11 19:26:37.945,1789165597.9455993,6244
2026-09-11 19:26:37.953,1789165597.9532917,6438
2026-09-11 19:26:37.960,1789165597.960984,6489
2026-09-11 19:26:37.968,1789165597.9686763,6353
2026-09-11 19:26:37.976,1789165597.9763684,6259
2026-09-11 19:26:37.984,1789165597.9840608,6087
2026-09-11 19:26:37.991,1789165597.991753,5757
2026-09-11 19:26:37.999,1789165597.9994454,5599
2026-09-11 19:26:38.007,1789165598.0071378,5602
2026-09-11 19:26:38.014,1789165598.01483,5538
2026-09-11 19:26:38.022,1789165598.0225224,5488
2026-09-11 19:26:38.030,1789165598.0302148,5398
2026-09-11 19:26:38.037,1789165598.037907,5233
2026-09-11 19:26:38.045,1789165598.0455992,5090
2026-09-11 19:26:38.053,1789165598.0532916,4932
2026-09-11 19:26:38.060,1789165598.060984,4818
2026-09-11 19:26:38.068,1789165598.0686762,4758
2026-09-11 19:26:38.076,1789165598.0763686,4743
2026-09-11 19:26:38.084,1789165598.084061,4792
2026-09-11 19:26:38.091,1789165598.0917532,4646
2026-09-11 19:26:38.099,1789165598.0994453,4324
2026-09-11 19:26:38.107,1789165598.1071377,4168
2026-09-11 19:26:38.114,1789165598.11483,4336
2026-09-11 19:26:38.122,1789165598.1225224,4668
2026-09-11 19:26:38.130,1789165598.1302147,4813
2026-09-11 19:26:38.137,1789165598.137907,4767
2026-09-11 19:26:38.145,1789165598.1455994,4697
2026-09-11 19:26:38.153,1789165598.1532917,4588
2026-09-11 19:26:38.160,1789165598.1609838,4486
2026-09-11 19:26:38.168,1789165598.1686761,4399
2026-09-11 19:26:38.176,1789165598.1763685,4275
2026-09-11 19:26:38.184,1789165598.1840608,4134
2026-09-11 19:26:38.191,1789165598.1917531,4028
2026-09-11 19:26:38.199,1789165598.1994455,3982
2026-09-11 19:26:38.207,1789165598.2071378,3923
2026-09-11 19:26:38.214,1789165598.2148302,3836
2026-09-11 19:26:38.222,1789165598.2225223,3785
2026-09-11 19:26:38.230,1789165598.2302146,3756
2026-09-11 19:26:38.237,1789165598.237907,3703
2026-09-11 19:26:38.245,1789165598.2455993,3649
2026-09-11 19:26:38.253,1789165598.2532916,3574
2026-09-11 19:26:38.260,1789165598.260984,3477
2026-09-11 19:26:38.268,1789165598.2686763,3409
2026-09-11 19:26:38.276,1789165598.2763686,3383
2026-09-11 19:26:38.284,1789165598.2840607,3363
2026-09-11 19:26:38.291,1789165598.291753,3320
2026-09-11 19:26:38.299,1789165598.2994454,3247
2026-09-11 19:26:38.307,1789165598.3071377,3186
2026-09-11 19:26:38.314,1789165598.31483,3145
2026-09-11 19:26:38.322,1789165598.3225224,3099
2026-09-11 19:26:38.330,1789165598.3302147,3138
2026-09-11 19:26:38.337,1789165598.337907,3298
2026-09-11 19:26:38.345,1789165598.3455994,3484
2026-09-11 19:26:38.353,1789165598.3532915,3477
2026-09-11 19:26:38.360,1789165598.3609838,2968
2026-09-11 19:26:38.368,1789165598.3686762,2318
2026-09-11 19:26:38.375,1789165598.3758066,2240
2026-09-11 19:26:38.383,1789165598.383499,2439
2026-09-11 19:26:38.391,1789165598.3911912,2393
2026-09-11 19:26:38.398,1789165598.3988836,2315
2026-09-11 19:26:38.406,1789165598.406576,2364
2026-09-11 19:26:38.414,1789165598.414268,2337
2026-09-11 19:26:38.421,1789165598.4219604,2228
2026-09-11 19:26:38.429,1789165598.4296527,2148
2026-09-11 19:26:38.437,1789165598.437345,2085
2026-09-11 19:26:38.445,1789165598.4450374,1998
2026-09-11 19:26:38.452,1789165598.4527297,1847
2026-09-11 19:26:38.460,1789165598.460422,1610
2026-09-11 19:26:38.468,1789165598.4681144,1409
2026-09-11 19:26:38.475,1789165598.4758065,1370
2026-09-11 19:26:38.483,1789165598.4834988,1358
2026-09-11 19:26:38.491,1789165598.4911911,1285
2026-09-11 19:26:38.498,1789165598.4988835,1345
2026-09-11 19:26:38.506,1789165598.5065758,1561
2026-09-11 19:26:38.514,1789165598.5142682,1709
2026-09-11 19:26:38.521,1789165598.5219605,1760
2026-09-11 19:26:38.529,1789165598.5296528,1797
2026-09-11 19:26:38.537,1789165598.537345,1797
2026-09-11 19:26:38.545,1789165598.5450373,1797
2026-09-11 19:26:38.552,1789165598.5527296,1847
2026-09-11 19:26:38.560,1789165598.560422,1872
2026-09-11 19:26:38.568,1789165598.5681143,1823
2026-09-11 19:26:38.575,1789165598.5758066,1765
2026-09-11 19:26:38.583,1789165598.583499,1733
2026-09-11 19:26:38.591,1789165598.5911913,1692
2026-09-11 19:26:38.598,1789165598.5988834,1641
2026-09-11 19:26:38.606,1789165598.6065757,1598
2026-09-11 19:26:38.614,1789165598.614268,1573
2026-09-11 19:26:38.621,1789165598.6219604,1547
2026-09-11 19:26:38.629,1789165598.6296527,1452
2026-09-11 19:26:38.637,1789165598.637345,1302
2026-09-11 19:26:38.645,1789165598.6450374,1210
2026-09-11 19:26:38.652,1789165598.6527297,1282
2026-09-11 19:26:38.660,1789165598.6604218,1416
2026-09-11 19:26:38.668,1789165598.6681142,1418
2026-09-11 19:26:38.675,1789165598.6758065,1379
2026-09-11 19:26:38.683,1789165598.6834989,1418
2026-09-11 19:26:38.691,1789165598.6911912,1442
2026-09-11 19:26:38.698,1789165598.6988835,1416
2026-09-11 19:26:38.706,1789165598.7065759,1416
2026-09-11 19:26:38.714,1789165598.7142682,1438
2026-09-11 19:26:38.721,1789165598.7219603,1425
2026-09-11 19:26:38.729,1789165598.7296526,1384
2026-09-11 19:26:38.737,1789165598.737345,1360
2026-09-11 19:26:38.745,1789165598.7450373,1355
2026-09-11 19:26:38.752,1789165598.7527297,1345
2026-09-11 19:26:38.760,1789165598.760422,1348
2026-09-11 19:26:38.768,1789165598.7681143,1358
2026-09-11 19:26:38.775,1789165598.7758067,1341
2026-09-11 19:26:38.783,1789165598.7834988,1307
2026-09-11 19:26:38.791,1789165598.791191,1295
2026-09-11 19:26:38.798,1789165598.7988834,1282
2026-09-11 19:26:38.806,1789165598.8065758,1253
2026-09-11 19:26:38.814,1789165598.814268,1178
2026-09-11 19:26:38.821,1789165598.8219604,979
2026-09-11 19:26:38.829,1789165598.8296528,785
2026-09-11 19:26:38.837,1789165598.8373451,652
2026-09-11 19:26:38.845,1789165598.8450372,-274
2026-09-11 19:26:38.852,1789165598.8527296,-2129
2026-09-11 19:26:38.860,1789165598.860422,-3261
2026-09-11 19:26:38.868,1789165598.8681142,-3632
2026-09-11 19:26:38.875,1789165598.8758066,-5180
2026-09-11 19:26:38.883,1789165598.883499,-7670
2026-09-11 19:26:38.891,1789165598.8911912,-9365
2026-09-11 19:26:38.898,1789165598.8988836,-10318
2026-09-11 19:26:38.906,1789165598.906576,-11082
2026-09-11 19:26:38.914,1789165598.914268,-11509
2026-09-11 19:26:38.921,1789165598.9219604,-11849
2026-09-11 19:26:38.929,1789165598.9296527,-12157
2026-09-11 19:26:38.936,1789165598.936768,-12171
2026-09-11 19:26:38.944,1789165598.9444604,-12077
2026-09-11 19:26:38.952,1789165598.9521527,-12055
2026-09-11 19:26:38.959,1789165598.959845,-11997
2026-09-11 19:26:38.967,1789165598.9675374,-11839
2026-09-11 19:26:38.975,1789165598.9752295,-11621
2026-09-11 19:26:38.982,1789165598.9829218,-11366
2026-09-11 19:26:38.990,1789165598.9906142,-11080
2026-09-11 19:26:38.998,1789165598.9983065,-10779
2026-09-11 19:26:39.005,1789165599.0059988,-10525
2026-09-11 19:26:39.013,1789165599.0136912,-10301
2026-09-11 19:26:39.021,1789165599.0213835,-9996
2026-09-11 19:26:39.029,1789165599.0290759,-9550
2026-09-11 19:26:39.036,1789165599.036768,-9009
2026-09-11 19:26:39.044,1789165599.0444603,-8555
2026-09-11 19:26:39.052,1789165599.0521526,-8618
2026-09-11 19:26:39.059,1789165599.059845,-9082
2026-09-11 19:26:39.067,1789165599.0675373,-9004
2026-09-11 19:26:39.075,1789165599.0752296,-8383
2026-09-11 19:26:39.082,1789165599.082922,-8056
2026-09-11 19:26:39.090,1789165599.0906143,-7918
2026-09-11 19:26:39.098,1789165599.0983064,-7627
2026-09-11 19:26:39.105,1789165599.1059988,-7374
2026-09-11 19:26:39.113,1789165599.113691,-7190
2026-09-11 19:26:39.121,1789165599.1213834,-6957
2026-09-11 19:26:39.129,1789165599.1290758,-6724
2026-09-11 19:26:39.136,1789165599.136768,-6521
2026-09-11 19:26:39.144,1789165599.1444604,-6319
2026-09-11 19:26:39.152,1789165599.1521528,-6130
2026-09-11 19:26:39.159,1789165599.1598449,-5939
2026-09-11 19:26:39.167,1789165599.1675372,-5747
2026-09-11 19:26:39.175,1789165599.1752295,-5568
2026-09-11 19:26:39.182,1789165599.182922,-5386
2026-09-11 19:26:39.190,1789165599.1906142,-5218
2026-09-11 19:26:39.198,1789165599.1983066,-5061
2026-09-11 19:26:39.205,1789165599.205999,-4896
2026-09-11 19:26:39.213,1789165599.2136912,-4736
2026-09-11 19:26:39.221,1789165599.2213833,-4588
2026-09-11 19:26:39.229,1789165599.2290757,-4433
2026-09-11 19:26:39.236,1789165599.236768,-4287
2026-09-11 19:26:39.244,1789165599.2444603,-4159
2026-09-11 19:26:39.252,1789165599.2521527,-4025
2026-09-11 19:26:39.259,1789165599.259845,-3906
2026-09-11 19:26:39.267,1789165599.2675374,-3807
2026-09-11 19:26:39.275,1789165599.2752297,-3691
2026-09-11 19:26:39.282,1789165599.2829218,-3594
2026-09-11 19:26:39.290,1789165599.2906141,-3528
2026-09-11 19:26:39.298,1789165599.2983065,-3436
2026-09-11 19:26:39.305,1789165599.3059988,-3358
2026-09-11 19:26:39.313,1789165599.3136911,-3307
2026-09-11 19:26:39.321,1789165599.3213835,-3237
2026-09-11 19:26:39.329,1789165599.3290758,-3159
2026-09-11 19:26:39.336,1789165599.3367682,-3092
2026-09-11 19:26:39.344,1789165599.3444602,-3012
2026-09-11 19:26:39.352,1789165599.3521526,-2924
2026-09-11 19:26:39.359,1789165599.359845,-2844
2026-09-11 19:26:39.367,1789165599.3675373,-2759
2026-09-11 19:26:39.375,1789165599.3752296,-2682
2026-09-11 19:26:39.382,1789165599.382922,-2607
2026-09-11 19:26:39.390,1789165599.3906143,-2536
2026-09-11 19:26:39.398,1789165599.3983066,-2483
2026-09-11 19:26:39.405,1789165599.4059987,-2420
2026-09-11 19:26:39.413,1789165599.413691,-2337
2026-09-11 19:26:39.421,1789165599.4213834,-2279
2026-09-11 19:26:39.429,1789165599.4290757,-2226
2026-09-11 19:26:39.436,1789165599.436768,-2160
2026-09-11 19:26:39.444,1789165599.4444604,-2112
2026-09-11 19:26:39.452,1789165599.4521527,-2071
2026-09-11 19:26:39.459,1789165599.459845,-2020
2026-09-11 19:26:39.467,1789165599.4675374,-1966
2026-09-11 19:26:39.475,1789165599.4752295,-1915
2026-09-11 19:26:39.482,1789165599.4829218,-1867
2026-09-11 19:26:39.490,1789165599.4906142,-1826
2026-09-11 19:26:39.497,1789165599.4977095,-1780
2026-09-11 19:26:39.505,1789165599.5054018,-1733
2026-09-11 19:26:39.513,1789165599.5130942,-1700
2026-09-11 19:26:39.520,1789165599.5207865,-1658
2026-09-11 19:26:39.528,1789165599.5284789,-1612
2026-09-11 19:26:39.536,1789165599.536171,-1576
2026-09-11 19:26:39.543,1789165599.5438633,-1544
2026-09-11 19:26:39.551,1789165599.5515556,-1518
2026-09-11 19:26:39.559,1789165599.559248,-1501
2026-09-11 19:26:39.566,1789165599.5669403,-1457
2026-09-11 19:26:39.574,1789165599.5746326,-1401
2026-09-11 19:26:39.582,1789165599.582325,-1365
2026-09-11 19:26:39.590,1789165599.5900173,-1316
2026-09-11 19:26:39.597,1789165599.5977094,-1258
2026-09-11 19:26:39.605,1789165599.6054018,-1222
2026-09-11 19:26:39.613,1789165599.613094,-1200
2026-09-11 19:26:39.620,1789165599.6207864,-1188
2026-09-11 19:26:39.628,1789165599.6284788,-1185
2026-09-11 19:26:39.636,1789165599.636171,-1178
2026-09-11 19:26:39.643,1789165599.6438634,-1159
2026-09-11 19:26:39.651,1789165599.6515558,-1134
2026-09-11 19:26:39.659,1789165599.6592479,-1108
2026-09-11 19:26:39.666,1789165599.6669402,-1086
2026-09-11 19:26:39.674,1789165599.6746325,-1064
2026-09-11 19:26:39.682,1789165599.682325,-1040
2026-09-11 19:26:39.690,1789165599.6900172,-1023
2026-09-11 19:26:39.697,1789165599.6977096,-982
2026-09-11 19:26:39.705,1789165599.705402,-856
2026-09-11 19:26:39.713,1789165599.7130942,-640
2026-09-11 19:26:39.720,1789165599.7207863,-358
2026-09-11 19:26:39.728,1789165599.7284787,-164
2026-09-11 19:26:39.736,1789165599.736171,-480
2026-09-11 19:26:39.743,1789165599.7438633,-1127
2026-09-11 19:26:39.751,1789165599.7515557,-1241
2026-09-11 19:26:39.759,1789165599.759248,-931
2026-09-11 19:26:39.766,1789165599.7669404,-865
2026-09-11 19:26:39.774,1789165599.7746327,-911
2026-09-11 19:26:39.782,1789165599.7823248,-843
2026-09-11 19:26:39.790,1789165599.7900171,-809
2026-09-11 19:26:39.797,1789165599.7977095,-822
2026-09-11 19:26:39.805,1789165599.8054018,-793
2026-09-11 19:26:39.813,1789165599.8130941,-761
2026-09-11 19:26:39.820,1789165599.8207865,-749
2026-09-11 19:26:39.828,1789165599.8284788,-727
2026-09-11 19:26:39.836,1789165599.8361712,-700
2026-09-11 19:26:39.843,1789165599.8438632,-683
2026-09-11 19:26:39.851,1789165599.8515556,-666
2026-09-11 19:26:39.859,1789165599.859248,-649
2026-09-11 19:26:39.866,1789165599.8669403,-632
2026-09-11 19:26:39.874,1789165599.8746326,-611
2026-09-11 19:26:39.882,1789165599.882325,-589
2026-09-11 19:26:39.890,1789165599.8900173,-569
2026-09-11 19:26:39.897,1789165599.8977096,-552
2026-09-11 19:26:39.905,1789165599.9054017,-535
2026-09-11 19:26:39.913,1789165599.913094,-511
2026-09-11 19:26:39.920,1789165599.9207864,-485
2026-09-11 19:26:39.928,1789165599.9284787,-468
2026-09-11 19:26:39.936,1789165599.936171,-455
2026-09-11 19:26:39.943,1789165599.9438634,-443
2026-09-11 19:26:39.951,1789165599.9515557,-436
2026-09-11 19:26:39.959,1789165599.959248,-429
2026-09-11 19:26:39.966,1789165599.9669402,-431
2026-09-11 19:26:39.974,1789165599.9746325,-441
2026-09-11 19:26:39.982,1789165599.9823248,-460
2026-09-11 19:26:39.990,1789165599.9900172,-489
2026-09-11 19:26:39.997,1789165599.9977095,-516
2026-09-11 19:26:40.005,1789165600.0054018,-540
2026-09-11 19:26:40.013,1789165600.0130942,-552
2026-09-11 19:26:40.020,1789165600.0207865,-555
2026-09-11 19:26:40.028,1789165600.0284789,-552
2026-09-11 19:26:40.036,1789165600.036171,-545
2026-09-11 19:26:40.043,1789165600.0438633,-538
2026-09-11 19:26:40.051,1789165600.0515556,-531
2026-09-11 19:26:40.058,1789165600.0587065,-514
2026-09-11 19:26:40.066,1789165600.0663989,-497
2026-09-11 19:26:40.074,1789165600.0740912,-487
2026-09-11 19:26:40.081,1789165600.0817835,-480
2026-09-11 19:26:40.089,1789165600.0894759,-470
2026-09-11 19:26:40.097,1789165600.097168,-465
2026-09-11 19:26:40.104,1789165600.1048603,-458
2026-09-11 19:26:40.112,1789165600.1125526,-446
2026-09-11 19:26:40.120,1789165600.120245,-438
2026-09-11 19:26:40.127,1789165600.1279373,-434
2026-09-11 19:26:40.135,1789165600.1356297,-426
2026-09-11 19:26:40.143,1789165600.143322,-424
2026-09-11 19:26:40.151,1789165600.1510143,-419
2026-09-11 19:26:40.158,1789165600.1587064,-414
2026-09-11 19:26:40.166,1789165600.1663988,-407
2026-09-11 19:26:40.174,1789165600.174091,-402
2026-09-11 19:26:40.181,1789165600.1817834,-400
2026-09-11 19:26:40.189,1789165600.1894758,-395
2026-09-11 19:26:40.197,1789165600.197168,-390
2026-09-11 19:26:40.204,1789165600.2048604,-388
2026-09-11 19:26:40.212,1789165600.2125528,-390
2026-09-11 19:26:40.220,1789165600.220245,-388
2026-09-11 19:26:40.227,1789165600.2279372,-378
2026-09-11 19:26:40.235,1789165600.2356296,-363
2026-09-11 19:26:40.243,1789165600.243322,-344
2026-09-11 19:26:40.251,1789165600.2510142,-315
2026-09-11 19:26:40.258,1789165600.2587066,-288
2026-09-11 19:26:40.266,1789165600.266399,-283
2026-09-11 19:26:40.274,1789165600.2740912,-295
2026-09-11 19:26:40.281,1789165600.2817833,-312
2026-09-11 19:26:40.289,1789165600.2894757,-329
2026-09-11 19:26:40.297,1789165600.297168,-337
2026-09-11 19:26:40.304,1789165600.3048604,-334
2026-09-11 19:26:40.312,1789165600.3125527,-329
2026-09-11 19:26:40.320,1789165600.320245,-324
2026-09-11 19:26:40.327,1789165600.3279374,-320
2026-09-11 19:26:40.335,1789165600.3356297,-315
2026-09-11 19:26:40.343,1789165600.3433218,-315
2026-09-11 19:26:40.351,1789165600.3510141,-312
2026-09-11 19:26:40.358,1789165600.3587065,-276
2026-09-11 19:26:40.366,1789165600.3663988,-145
2026-09-11 19:26:40.374,1789165600.3740911,87
2026-09-11 19:26:40.381,1789165600.3817835,380
2026-09-11 19:26:40.389,1789165600.3894758,463
2026-09-11 19:26:40.397,1789165600.3971682,-36
2026-09-11 19:26:40.404,1789165600.4048603,-647
2026-09-11 19:26:40.412,1789165600.4125526,-601
2026-09-11 19:26:40.420,1789165600.420245,-307
2026-09-11 19:26:40.427,1789165600.4279373,-322
2026-09-11 19:26:40.435,1789165600.4356296,-361
2026-09-11 19:26:40.443,1789165600.443322,-291
2026-09-11 19:26:40.451,1789165600.4510143,-288
2026-09-11 19:26:40.458,1789165600.4587066,-310
2026-09-11 19:26:40.466,1789165600.4663987,-281
2026-09-11 19:26:40.474,1789165600.474091,-261
2026-09-11 19:26:40.481,1789165600.4817834,-266
2026-09-11 19:26:40.489,1789165600.4894757,-254
2026-09-11 19:26:40.497,1789165600.497168,-237
2026-09-11 19:26:40.504,1789165600.5048604,-232
2026-09-11 19:26:40.512,1789165600.5125527,-223
2026-09-11 19:26:40.520,1789165600.520245,-213
2026-09-11 19:26:40.527,1789165600.5279372,-203
2026-09-11 19:26:40.535,1789165600.5356295,-194
2026-09-11 19:26:40.543,1789165600.5433218,-184
2026-09-11 19:26:40.551,1789165600.5510142,-172
2026-09-11 19:26:40.558,1789165600.5587065,-157
2026-09-11 19:26:40.566,1789165600.5663989,-143
2026-09-11 19:26:40.574,1789165600.5740912,-128
2026-09-11 19:26:40.581,1789165600.5817835,-113
2026-09-11 19:26:40.589,1789165600.5894759,-104
2026-09-11 19:26:40.597,1789165600.597168,-101
2026-09-11 19:26:40.604,1789165600.6048603,-99
2026-09-11 19:26:40.612,1789165600.6125526,-97
2026-09-11 19:26:40.619,1789165600.6196527,-106
2026-09-11 19:26:40.627,1789165600.627345,-121
2026-09-11 19:26:40.635,1789165600.6350374,-143
2026-09-11 19:26:40.642,1789165600.6427298,-179
2026-09-11 19:26:40.650,1789165600.650422,-213
2026-09-11 19:26:40.658,1789165600.6581142,-244
2026-09-11 19:26:40.665,1789165600.6658065,-271
2026-09-11 19:26:40.673,1789165600.6734989,-293
2026-09-11 19:26:40.681,1789165600.6811912,-310
2026-09-11 19:26:40.688,1789165600.6888835,-315
2026-09-11 19:26:40.696,1789165600.6965759,-307
2026-09-11 19:26:40.704,1789165600.7042682,-300
2026-09-11 19:26:40.711,1789165600.7119606,-295
2026-09-11 19:26:40.719,1789165600.7196527,-286
2026-09-11 19:26:40.727,1789165600.727345,-276
2026-09-11 19:26:40.735,1789165600.7350373,-271
2026-09-11 19:26:40.742,1789165600.7427297,-269
2026-09-11 19:26:40.750,1789165600.750422,-269
2026-09-11 19:26:40.758,1789165600.7581143,-264
2026-09-11 19:26:40.765,1789165600.7658067,-261
2026-09-11 19:26:40.773,1789165600.773499,-261
2026-09-11 19:26:40.781,1789165600.781191,-261
2026-09-11 19:26:40.788,1789165600.7888834,-257
2026-09-11 19:26:40.796,1789165600.7965758,-254
2026-09-11 19:26:40.804,1789165600.8042681,-254
2026-09-11 19:26:40.811,1789165600.8119605,-259
2026-09-11 19:26:40.819,1789165600.8196528,-261
2026-09-11 19:26:40.827,1789165600.8273451,-261
2026-09-11 19:26:40.835,1789165600.8350375,-259
2026-09-11 19:26:40.842,1789165600.8427296,-259
2026-09-11 19:26:40.850,1789165600.850422,-261
2026-09-11 19:26:40.858,1789165600.8581142,-266
2026-09-11 19:26:40.865,1789165600.8658066,-271
2026-09-11 19:26:40.873,1789165600.873499,-266
2026-09-11 19:26:40.881,1789165600.8811913,-254
2026-09-11 19:26:40.888,1789165600.8888836,-240
2026-09-11 19:26:40.896,1789165600.896576,-220
2026-09-11 19:26:40.904,1789165600.904268,-196
2026-09-11 19:26:40.911,1789165600.9119604,-194
2026-09-11 19:26:40.919,1789165600.9196527,-208
2026-09-11 19:26:40.927,1789165600.927345,-223
2026-09-11 19:26:40.935,1789165600.9350374,-240
2026-09-11 19:26:40.942,1789165600.9427297,-254
2026-09-11 19:26:40.950,1789165600.950422,-261
2026-09-11 19:26:40.958,1789165600.9581144,-261
2026-09-11 19:26:40.965,1789165600.9658065,-259
2026-09-11 19:26:40.973,1789165600.9734988,-254
2026-09-11 19:26:40.981,1789165600.9811912,-249
2026-09-11 19:26:40.988,1789165600.9888835,-252
2026-09-11 19:26:40.996,1789165600.9965758,-254
2026-09-11 19:26:41.004,1789165601.0042682,-240
2026-09-11 19:26:41.011,1789165601.0119605,-145
2026-09-11 19:26:41.019,1789165601.0196528,55
2026-09-11 19:26:41.027,1789165601.027345,334
2026-09-11 19:26:41.035,1789165601.0350373,555
2026-09-11 19:26:41.042,1789165601.0427296,298
2026-09-11 19:26:41.050,1789165601.050422,-395
2026-09-11 19:26:41.058,1789165601.0581143,-632
2026-09-11 19:26:41.065,1789165601.0658066,-339
2026-09-11 19:26:41.073,1789165601.073499,-247
2026-09-11 19:26:41.081,1789165601.0811913,-327
2026-09-11 19:26:41.088,1789165601.0888834,-281
2026-09-11 19:26:41.096,1789165601.0965757,-244
2026-09-11 19:26:41.104,1789165601.104268,-269
2026-09-11 19:26:41.111,1789165601.1119604,-257
2026-09-11 19:26:41.119,1789165601.1196527,-232
2026-09-11 19:26:41.127,1789165601.127345,-232
2026-09-11 19:26:41.135,1789165601.1350374,-225
2026-09-11 19:26:41.142,1789165601.1427298,-208
2026-09-11 19:26:41.150,1789165601.150422,-206
2026-09-11 19:26:41.158,1789165601.1581142,-198
2026-09-11 19:26:41.165,1789165601.1658065,-186
2026-09-11 19:26:41.173,1789165601.1734989,-177
2026-09-11 19:26:41.180,1789165601.1806297,-169
2026-09-11 19:26:41.188,1789165601.188322,-157
2026-09-11 19:26:41.196,1789165601.1960144,-145
2026-09-11 19:26:41.203,1789165601.2037067,-133
2026-09-11 19:26:41.211,1789165601.211399,-113
2026-09-11 19:26:41.219,1789165601.2190912,-99
2026-09-11 19:26:41.226,1789165601.2267835,-89
2026-09-11 19:26:41.234,1789165601.2344759,-77
2026-09-11 19:26:41.242,1789165601.2421682,-67
2026-09-11 19:26:41.249,1789165601.2498605,-63
2026-09-11 19:26:41.257,1789165601.2575529,-65
2026-09-11 19:26:41.265,1789165601.2652452,-72
2026-09-11 19:26:41.272,1789165601.2729375,-80
2026-09-11 19:26:41.280,1789165601.2806296,-101
2026-09-11 19:26:41.288,1789165601.288322,-133
2026-09-11 19:26:41.296,1789165601.2960143,-167
2026-09-11 19:26:41.303,1789165601.3037066,-201
2026-09-11 19:26:41.311,1789165601.311399,-227
2026-09-11 19:26:41.319,1789165601.3190913,-247
2026-09-11 19:26:41.326,1789165601.3267837,-259
2026-09-11 19:26:41.334,1789165601.334476,-261
2026-09-11 19:26:41.342,1789165601.342168,-261
2026-09-11 19:26:41.349,1789165601.3498604,-259
2026-09-11 19:26:41.357,1789165601.3575528,-252
2026-09-11 19:26:41.365,1789165601.365245,-242
2026-09-11 19:26:41.372,1789165601.3729374,-232
2026-09-11 19:26:41.380,1789165601.3806298,-227
2026-09-11 19:26:41.388,1789165601.388322,-225
2026-09-11 19:26:41.396,1789165601.3960145,-220
2026-09-11 19:26:41.403,1789165601.4037066,-215
2026-09-11 19:26:41.411,1789165601.411399,-213
2026-09-11 19:26:41.419,1789165601.4190912,-210
2026-09-11 19:26:41.426,1789165601.4267836,-210
2026-09-11 19:26:41.434,1789165601.434476,-208
2026-09-11 19:26:41.442,1789165601.4421682,-206
2026-09-11 19:26:41.449,1789165601.4498606,-203
2026-09-11 19:26:41.457,1789165601.457553,-198
2026-09-11 19:26:41.465,1789165601.465245,-196
2026-09-11 19:26:41.472,1789165601.4729373,-198
2026-09-11 19:26:41.480,1789165601.4806297,-201
2026-09-11 19:26:41.488,1789165601.488322,-203
2026-09-11 19:26:41.496,1789165601.4960144,-201
2026-09-11 19:26:41.503,1789165601.5037067,-203
2026-09-11 19:26:41.511,1789165601.511399,-210
2026-09-11 19:26:41.519,1789165601.5190914,-210
2026-09-11 19:26:41.526,1789165601.5267835,-203
2026-09-11 19:26:41.534,1789165601.5344758,-191
2026-09-11 19:26:41.542,1789165601.5421681,-177
2026-09-11 19:26:41.549,1789165601.5498605,-150
2026-09-11 19:26:41.557,1789165601.5575528,-133
2026-09-11 19:26:41.565,1789165601.5652452,-138
2026-09-11 19:26:41.572,1789165601.5729375,-155
2026-09-11 19:26:41.580,1789165601.5806298,-167
2026-09-11 19:26:41.588,1789165601.588322,-186
2026-09-11 19:26:41.596,1789165601.5960143,-198
2026-09-11 19:26:41.603,1789165601.6037066,-198
2026-09-11 19:26:41.611,1789165601.611399,-198
2026-09-11 19:26:41.619,1789165601.6190913,-196
2026-09-11 19:26:41.626,1789165601.6267836,-189
2026-09-11 19:26:41.634,1789165601.634476,-186
2026-09-11 19:26:41.642,1789165601.6421683,-189
2026-09-11 19:26:41.649,1789165601.6498604,-191
2026-09-11 19:26:41.657,1789165601.6575527,-152
2026-09-11 19:26:41.665,1789165601.665245,-7
2026-09-11 19:26:41.672,1789165601.6729374,235
2026-09-11 19:26:41.680,1789165601.6806297,526
2026-09-11 19:26:41.688,1789165601.688322,608
2026-09-11 19:26:41.696,1789165601.6960144,92
2026-09-11 19:26:41.703,1789165601.7037067,-538
2026-09-11 19:26:41.711,1789165601.711399,-492
2026-09-11 19:26:41.719,1789165601.7190912,-198
2026-09-11 19:26:41.726,1789165601.7267835,-227
2026-09-11 19:26:41.734,1789165601.7344759,-271
2026-09-11 19:26:41.741,1789165601.7415757,-203
2026-09-11 19:26:41.749,1789165601.749268,-203
2026-09-11 19:26:41.756,1789165601.7569604,-223
2026-09-11 19:26:41.764,1789165601.7646527,-196
2026-09-11 19:26:41.772,1789165601.772345,-181
2026-09-11 19:26:41.780,1789165601.7800372,-186
2026-09-11 19:26:41.787,1789165601.7877295,-172
2026-09-11 19:26:41.795,1789165601.7954218,-152
2026-09-11 19:26:41.803,1789165601.8031142,-150
2026-09-11 19:26:41.810,1789165601.8108065,-145
2026-09-11 19:26:41.818,1789165601.8184988,-130
2026-09-11 19:26:41.826,1789165601.8261912,-123
2026-09-11 19:26:41.833,1789165601.8338835,-113
2026-09-11 19:26:41.841,1789165601.8415756,-97
2026-09-11 19:26:41.849,1789165601.849268,-82
2026-09-11 19:26:41.856,1789165601.8569603,-67
2026-09-11 19:26:41.864,1789165601.8646526,-53
2026-09-11 19:26:41.872,1789165601.872345,-36
2026-09-11 19:26:41.880,1789165601.8800373,-19
2026-09-11 19:26:41.887,1789165601.8877296,-7
2026-09-11 19:26:41.895,1789165601.895422,-2
2026-09-11 19:26:41.903,1789165601.903114,-2
2026-09-11 19:26:41.910,1789165601.9108064,-4
2026-09-11 19:26:41.918,1789165601.9184988,-14
2026-09-11 19:26:41.926,1789165601.926191,-36
2026-09-11 19:26:41.933,1789165601.9338834,-72
2026-09-11 19:26:41.941,1789165601.9415758,-111
2026-09-11 19:26:41.949,1789165601.949268,-145
2026-09-11 19:26:41.956,1789165601.9569604,-177
2026-09-11 19:26:41.964,1789165601.9646525,-203
2026-09-11 19:26:41.972,1789165601.9723449,-220
2026-09-11 19:26:41.980,1789165601.9800372,-232
2026-09-11 19:26:41.987,1789165601.9877295,-235
2026-09-11 19:26:41.995,1789165601.995422,-227
2026-09-11 19:26:42.003,1789165602.0031142,-223
2026-09-11 19:26:42.010,1789165602.0108066,-215
2026-09-11 19:26:42.018,1789165602.018499,-208
2026-09-11 19:26:42.026,1789165602.026191,-201
2026-09-11 19:26:42.033,1789165602.0338833,-194
2026-09-11 19:26:42.041,1789165602.0415757,-186
2026-09-11 19:26:42.049,1789165602.049268,-179
2026-09-11 19:26:42.056,1789165602.0569603,-174
2026-09-11 19:26:42.064,1789165602.0646527,-172
2026-09-11 19:26:42.072,1789165602.072345,-169
2026-09-11 19:26:42.080,1789165602.0800374,-167
2026-09-11 19:26:42.087,1789165602.0877295,-169
2026-09-11 19:26:42.095,1789165602.0954218,-169
2026-09-11 19:26:42.103,1789165602.1031141,-164
2026-09-11 19:26:42.110,1789165602.1108065,-160
2026-09-11 19:26:42.118,1789165602.1184988,-164
2026-09-11 19:26:42.126,1789165602.1261911,-169
2026-09-11 19:26:42.133,1789165602.1338835,-164
2026-09-11 19:26:42.141,1789165602.1415758,-162
2026-09-11 19:26:42.149,1789165602.149268,-167
2026-09-11 19:26:42.156,1789165602.1569602,-169
2026-09-11 19:26:42.164,1789165602.1646526,-167
2026-09-11 19:26:42.172,1789165602.172345,-164
2026-09-11 19:26:42.180,1789165602.1800373,-155
2026-09-11 19:26:42.187,1789165602.1877296,-135
2026-09-11 19:26:42.195,1789165602.195422,-113
2026-09-11 19:26:42.203,1789165602.2031143,-99
2026-09-11 19:26:42.210,1789165602.2108064,-104
2026-09-11 19:26:42.218,1789165602.2184987,-118
2026-09-11 19:26:42.226,1789165602.226191,-138
2026-09-11 19:26:42.233,1789165602.2338834,-152
2026-09-11 19:26:42.241,1789165602.2415757,-157
2026-09-11 19:26:42.249,1789165602.249268,-157
2026-09-11 19:26:42.256,1789165602.2569604,-160
2026-09-11 19:26:42.264,1789165602.2646527,-155
2026-09-11 19:26:42.272,1789165602.272345,-147
2026-09-11 19:26:42.280,1789165602.2800372,-143
2026-09-11 19:26:42.287,1789165602.2877295,-147
2026-09-11 19:26:42.295,1789165602.2954218,-133
2026-09-11 19:26:42.302,1789165602.3025527,-9
2026-09-11 19:26:42.310,1789165602.310245,242
2026-09-11 19:26:42.317,1789165602.3179374,555
2026-09-11 19:26:42.325,1789165602.3256297,802
2026-09-11 19:26:42.333,1789165602.333322,523
2026-09-11 19:26:42.341,1789165602.3410141,-298
2026-09-11 19:26:42.348,1789165602.3487065,-615
2026-09-11 19:26:42.356,1789165602.3563988,-254
2026-09-11 19:26:42.364,1789165602.3640912,-140
2026-09-11 19:26:42.371,1789165602.3717835,-269
2026-09-11 19:26:42.379,1789165602.3794758,-215
2026-09-11 19:26:42.387,1789165602.3871682,-157
2026-09-11 19:26:42.394,1789165602.3948605,-198
2026-09-11 19:26:42.402,1789165602.4025526,-186
2026-09-11 19:26:42.410,1789165602.410245,-147
2026-09-11 19:26:42.417,1789165602.4179373,-150
2026-09-11 19:26:42.425,1789165602.4256296,-150
2026-09-11 19:26:42.433,1789165602.433322,-133
2026-09-11 19:26:42.441,1789165602.4410143,-126
2026-09-11 19:26:42.448,1789165602.4487066,-121
2026-09-11 19:26:42.456,1789165602.456399,-106
2026-09-11 19:26:42.464,1789165602.464091,-99
2026-09-11 19:26:42.471,1789165602.4717834,-94
2026-09-11 19:26:42.479,1789165602.4794757,-77
2026-09-11 19:26:42.487,1789165602.487168,-58
2026-09-11 19:26:42.494,1789165602.4948604,-43
2026-09-11 19:26:42.502,1789165602.5025527,-26
2026-09-11 19:26:42.510,1789165602.510245,-9
2026-09-11 19:26:42.517,1789165602.5179374,4
2026-09-11 19:26:42.525,1789165602.5256295,14
2026-09-11 19:26:42.533,1789165602.5333219,19
2026-09-11 19:26:42.541,1789165602.5410142,26
2026-09-11 19:26:42.548,1789165602.5487065,26
2026-09-11 19:26:42.556,1789165602.5563989,14
2026-09-11 19:26:42.564,1789165602.5640912,-7
2026-09-11 19:26:42.571,1789165602.5717835,-33
2026-09-11 19:26:42.579,1789165602.5794759,-70
2026-09-11 19:26:42.587,1789165602.587168,-106
2026-09-11 19:26:42.594,1789165602.5948603,-140
2026-09-11 19:26:42.602,1789165602.6025527,-172
2026-09-11 19:26:42.610,1789165602.610245,-191
2026-09-11 19:26:42.617,1789165602.6179373,-198
2026-09-11 19:26:42.625,1789165602.6256297,-206
2026-09-11 19:26:42.633,1789165602.633322,-206
2026-09-11 19:26:42.641,1789165602.6410143,-198
2026-09-11 19:26:42.648,1789165602.6487064,-194
2026-09-11 19:26:42.656,1789165602.6563988,-191
2026-09-11 19:26:42.664,1789165602.664091,-181
2026-09-11 19:26:42.671,1789165602.6717834,-167
2026-09-11 19:26:42.679,1789165602.6794758,-160
2026-09-11 19:26:42.687,1789165602.6871681,-157
2026-09-11 19:26:42.694,1789165602.6948605,-155
2026-09-11 19:26:42.702,1789165602.7025528,-147
2026-09-11 19:26:42.710,1789165602.710245,-140
2026-09-11 19:26:42.717,1789165602.7179372,-143
2026-09-11 19:26:42.725,1789165602.7256296,-143
2026-09-11 19:26:42.733,1789165602.733322,-140
2026-09-11 19:26:42.741,1789165602.7410142,-140
2026-09-11 19:26:42.748,1789165602.7487066,-140
2026-09-11 19:26:42.756,1789165602.756399,-138
2026-09-11 19:26:42.764,1789165602.7640913,-133
2026-09-11 19:26:42.771,1789165602.7717834,-133
2026-09-11 19:26:42.779,1789165602.7794757,-138
2026-09-11 19:26:42.787,1789165602.787168,-150
2026-09-11 19:26:42.794,1789165602.7948604,-155
2026-09-11 19:26:42.802,1789165602.8025527,-147
2026-09-11 19:26:42.810,1789165602.810245,-135
2026-09-11 19:26:42.817,1789165602.8179374,-118
2026-09-11 19:26:42.825,1789165602.8256297,-94
2026-09-11 19:26:42.833,1789165602.833322,-77
2026-09-11 19:26:42.841,1789165602.8410141,-77
2026-09-11 19:26:42.848,1789165602.8487065,-89
2026-09-11 19:26:42.856,1789165602.8563988,-109
2026-09-11 19:26:42.863,1789165602.863499,-128
2026-09-11 19:26:42.871,1789165602.8711913,-130
2026-09-11 19:26:42.878,1789165602.8788836,-130
2026-09-11 19:26:42.886,1789165602.886576,-133
2026-09-11 19:26:42.894,1789165602.8942683,-130
2026-09-11 19:26:42.901,1789165602.9019604,-128
2026-09-11 19:26:42.909,1789165602.9096527,-128
2026-09-11 19:26:42.917,1789165602.917345,-130
2026-09-11 19:26:42.925,1789165602.9250374,-121
2026-09-11 19:26:42.932,1789165602.9327297,-38
2026-09-11 19:26:42.940,1789165602.940422,179
2026-09-11 19:26:42.948,1789165602.9481144,482
2026-09-11 19:26:42.955,1789165602.9558067,795
2026-09-11 19:26:42.963,1789165602.9634988,759
2026-09-11 19:26:42.971,1789165602.9711912,29
2026-09-11 19:26:42.978,1789165602.9788835,-579
2026-09-11 19:26:42.986,1789165602.9865758,-363
2026-09-11 19:26:42.994,1789165602.9942682,-94
2026-09-11 19:26:43.001,1789165603.0019605,-201
2026-09-11 19:26:43.009,1789165603.0096529,-223
2026-09-11 19:26:43.017,1789165603.0173452,-140
2026-09-11 19:26:43.025,1789165603.0250373,-160
2026-09-11 19:26:43.032,1789165603.0327296,-174
2026-09-11 19:26:43.040,1789165603.040422,-135
2026-09-11 19:26:43.048,1789165603.0481143,-126
2026-09-11 19:26:43.055,1789165603.0558066,-128
2026-09-11 19:26:43.063,1789165603.063499,-113
2026-09-11 19:26:43.071,1789165603.0711913,-106
2026-09-11 19:26:43.078,1789165603.0788836,-101
2026-09-11 19:26:43.086,1789165603.0865757,-94
2026-09-11 19:26:43.094,1789165603.094268,-82
2026-09-11 19:26:43.101,1789165603.1019604,-72
2026-09-11 19:26:43.109,1789165603.1096528,-63
2026-09-11 19:26:43.117,1789165603.117345,-50
2026-09-11 19:26:43.125,1789165603.1250374,-33
2026-09-11 19:26:43.132,1789165603.1327298,-16
2026-09-11 19:26:43.140,1789165603.140422,-2
2026-09-11 19:26:43.148,1789165603.1481142,12
2026-09-11 19:26:43.155,1789165603.1558065,19
2026-09-11 19:26:43.163,1789165603.1634989,26
2026-09-11 19:26:43.171,1789165603.1711912,29
2026-09-11 19:26:43.178,1789165603.1788836,24
2026-09-11 19:26:43.186,1789165603.186576,12
2026-09-11 19:26:43.194,1789165603.1942682,-2
2026-09-11 19:26:43.201,1789165603.2019606,-24
2026-09-11 19:26:43.209,1789165603.2096527,-53
2026-09-11 19:26:43.217,1789165603.217345,-84
2026-09-11 19:26:43.225,1789165603.2250373,-116
2026-09-11 19:26:43.232,1789165603.2327297,-145
2026-09-11 19:26:43.240,1789165603.240422,-164
2026-09-11 19:26:43.248,1789165603.2481143,-174
2026-09-11 19:26:43.255,1789165603.2558067,-179
2026-09-11 19:26:43.263,1789165603.263499,-179
2026-09-11 19:26:43.271,1789165603.2711911,-174
2026-09-11 19:26:43.278,1789165603.2788835,-164
2026-09-11 19:26:43.286,1789165603.2865758,-155
2026-09-11 19:26:43.294,1789165603.2942681,-145
2026-09-11 19:26:43.301,1789165603.3019605,-140
2026-09-11 19:26:43.309,1789165603.3096528,-135
2026-09-11 19:26:43.317,1789165603.3173451,-128
2026-09-11 19:26:43.325,1789165603.3250375,-126
2026-09-11 19:26:43.332,1789165603.3327296,-126
2026-09-11 19:26:43.340,1789165603.340422,-123
2026-09-11 19:26:43.348,1789165603.3481143,-118
2026-09-11 19:26:43.355,1789165603.3558066,-118
2026-09-11 19:26:43.363,1789165603.363499,-121
2026-09-11 19:26:43.371,1789165603.3711913,-118
2026-09-11 19:26:43.378,1789165603.3788836,-116
2026-09-11 19:26:43.386,1789165603.386576,-116
2026-09-11 19:26:43.394,1789165603.3942683,-116
2026-09-11 19:26:43.401,1789165603.4019604,-116
2026-09-11 19:26:43.409,1789165603.4096527,-118
2026-09-11 19:26:43.417,1789165603.417345,-121
2026-09-11 19:26:43.424,1789165603.424476,-126
2026-09-11 19:26:43.432,1789165603.4321682,-133
2026-09-11 19:26:43.439,1789165603.4398606,-130
2026-09-11 19:26:43.447,1789165603.447553,-128
2026-09-11 19:26:43.455,1789165603.4552453,-118
2026-09-11 19:26:43.462,1789165603.4629374,-97
2026-09-11 19:26:43.470,1789165603.4706297,-72
2026-09-11 19:26:43.478,1789165603.478322,-60
2026-09-11 19:26:43.486,1789165603.4860144,-55
2026-09-11 19:26:43.493,1789165603.4937067,-70
2026-09-11 19:26:43.501,1789165603.501399,-94
2026-09-11 19:26:43.509,1789165603.5090914,-111
2026-09-11 19:26:43.516,1789165603.5167837,-113
2026-09-11 19:26:43.524,1789165603.5244758,-113
2026-09-11 19:26:43.532,1789165603.5321681,-113
2026-09-11 19:26:43.539,1789165603.5398605,-113
2026-09-11 19:26:43.547,1789165603.5475528,-111
2026-09-11 19:26:43.555,1789165603.5552452,-104
2026-09-11 19:26:43.562,1789165603.5629375,-104
2026-09-11 19:26:43.570,1789165603.5706298,-82
2026-09-11 19:26:43.578,1789165603.5783222,48
2026-09-11 19:26:43.586,1789165603.5860143,310
2026-09-11 19:26:43.593,1789165603.5937066,623
2026-09-11 19:26:43.601,1789165603.601399,856
2026-09-11 19:26:43.609,1789165603.6090913,545
2026-09-11 19:26:43.616,1789165603.6167836,-281
2026-09-11 19:26:43.624,1789165603.624476,-572
2026-09-11 19:26:43.632,1789165603.6321683,-203
2026-09-11 19:26:43.639,1789165603.6398606,-97
2026-09-11 19:26:43.647,1789165603.6475527,-227
2026-09-11 19:26:43.655,1789165603.655245,-174
2026-09-11 19:26:43.662,1789165603.6629374,-116
2026-09-11 19:26:43.670,1789165603.6706297,-152
2026-09-11 19:26:43.678,1789165603.678322,-145
2026-09-11 19:26:43.686,1789165603.6860144,-113
2026-09-11 19:26:43.693,1789165603.6937068,-116
2026-09-11 19:26:43.701,1789165603.701399,-116
2026-09-11 19:26:43.709,1789165603.7090912,-97
2026-09-11 19:26:43.716,1789165603.7167835,-82
2026-09-11 19:26:43.724,1789165603.7244759,-80
2026-09-11 19:26:43.732,1789165603.7321682,-72
2026-09-11 19:26:43.739,1789165603.7398605,-63
2026-09-11 19:26:43.747,1789165603.7475529,-48
2026-09-11 19:26:43.755,1789165603.7552452,-36
2026-09-11 19:26:43.762,1789165603.7629375,-24
2026-09-11 19:26:43.770,1789165603.7706296,-14
2026-09-11 19:26:43.778,1789165603.778322,0
2026-09-11 19:26:43.786,1789165603.7860143,14
2026-09-11 19:26:43.793,1789165603.7937067,24
2026-09-11 19:26:43.801,1789165603.801399,33
2026-09-11 19:26:43.809,1789165603.8090913,38
2026-09-11 19:26:43.816,1789165603.8167837,41
2026-09-11 19:26:43.824,1789165603.824476,36
2026-09-11 19:26:43.832,1789165603.832168,26
2026-09-11 19:26:43.839,1789165603.8398604,9
2026-09-11 19:26:43.847,1789165603.8475528,-16
2026-09-11 19:26:43.855,1789165603.855245,-53
2026-09-11 19:26:43.862,1789165603.8629375,-87
2026-09-11 19:26:43.870,1789165603.8706298,-116
2026-09-11 19:26:43.878,1789165603.8783221,-143
2026-09-11 19:26:43.886,1789165603.8860145,-160
2026-09-11 19:26:43.893,1789165603.8937066,-169
2026-09-11 19:26:43.901,1789165603.901399,-172
2026-09-11 19:26:43.909,1789165603.9090912,-174
2026-09-11 19:26:43.916,1789165603.9167836,-172
2026-09-11 19:26:43.924,1789165603.924476,-164
2026-09-11 19:26:43.932,1789165603.9321682,-150
2026-09-11 19:26:43.939,1789165603.9398606,-140
2026-09-11 19:26:43.947,1789165603.947553,-135
2026-09-11 19:26:43.955,1789165603.9552453,-128
2026-09-11 19:26:43.962,1789165603.9629374,-123
2026-09-11 19:26:43.970,1789165603.9706297,-116
2026-09-11 19:26:43.978,1789165603.978322,-111
2026-09-11 19:26:43.985,1789165603.985422,-109
2026-09-11 19:26:43.993,1789165603.9931142,-109
2026-09-11 19:26:44.000,1789165604.0008066,-109
2026-09-11 19:26:44.008,1789165604.008499,-109
2026-09-11 19:26:44.016,1789165604.0161912,-106
2026-09-11 19:26:44.023,1789165604.0238833,-101
2026-09-11 19:26:44.031,1789165604.0315757,-104
2026-09-11 19:26:44.039,1789165604.039268,-109
2026-09-11 19:26:44.046,1789165604.0469604,-109
2026-09-11 19:26:44.054,1789165604.0546527,-109
2026-09-11 19:26:44.062,1789165604.062345,-106
2026-09-11 19:26:44.070,1789165604.0700374,-109
2026-09-11 19:26:44.077,1789165604.0777297,-111
2026-09-11 19:26:44.085,1789165604.0854218,-113
2026-09-11 19:26:44.093,1789165604.0931141,-118
2026-09-11 19:26:44.100,1789165604.1008065,-121
2026-09-11 19:26:44.108,1789165604.1084988,-109
2026-09-11 19:26:44.116,1789165604.1161911,-106
2026-09-11 19:26:44.123,1789165604.1238835,-101
2026-09-11 19:26:44.131,1789165604.1315758,-75
2026-09-11 19:26:44.139,1789165604.1392682,-46
2026-09-11 19:26:44.146,1789165604.1469603,-43
2026-09-11 19:26:44.154,1789165604.1546526,-55
2026-09-11 19:26:44.162,1789165604.162345,-72
2026-09-11 19:26:44.170,1789165604.1700373,-92
2026-09-11 19:26:44.177,1789165604.1777296,-99
2026-09-11 19:26:44.185,1789165604.185422,-104
2026-09-11 19:26:44.193,1789165604.1931143,-106
2026-09-11 19:26:44.200,1789165604.2008066,-104
2026-09-11 19:26:44.208,1789165604.2084987,-97
2026-09-11 19:26:44.216,1789165604.216191,-94
2026-09-11 19:26:44.223,1789165604.2238834,-94
2026-09-11 19:26:44.231,1789165604.2315757,-94
2026-09-11 19:26:44.239,1789165604.239268,-38
2026-09-11 19:26:44.246,1789165604.2469604,152
2026-09-11 19:26:44.254,1789165604.2546527,446
2026-09-11 19:26:44.262,1789165604.262345,754
2026-09-11 19:26:44.270,1789165604.2700372,805
2026-09-11 19:26:44.277,1789165604.2777295,191
2026-09-11 19:26:44.285,1789165604.2854218,-516
2026-09-11 19:26:44.293,1789165604.2931142,-431
2026-09-11 19:26:44.300,1789165604.3008065,-92
2026-09-11 19:26:44.308,1789165604.3084989,-143
2026-09-11 19:26:44.316,1789165604.3161912,-206
2026-09-11 19:26:44.323,1789165604.3238835,-121
2026-09-11 19:26:44.331,1789165604.3315756,-121
2026-09-11 19:26:44.339,1789165604.339268,-147
2026-09-11 19:26:44.346,1789165604.3469603,-116
2026-09-11 19:26:44.354,1789165604.3546526,-99
2026-09-11 19:26:44.362,1789165604.362345,-104
2026-09-11 19:26:44.370,1789165604.3700373,-92
2026-09-11 19:26:44.377,1789165604.3777297,-80
2026-09-11 19:26:44.385,1789165604.385422,-75
2026-09-11 19:26:44.393,1789165604.393114,-65
2026-09-11 19:26:44.400,1789165604.4008064,-53
2026-09-11 19:26:44.408,1789165604.4084988,-48
2026-09-11 19:26:44.416,1789165604.416191,-43
2026-09-11 19:26:44.423,1789165604.4238834,-29
2026-09-11 19:26:44.431,1789165604.4315758,-12
2026-09-11 19:26:44.439,1789165604.439268,0
2026-09-11 19:26:44.446,1789165604.4469604,16
2026-09-11 19:26:44.454,1789165604.4546525,29
2026-09-11 19:26:44.462,1789165604.462345,36
2026-09-11 19:26:44.470,1789165604.4700372,41
2026-09-11 19:26:44.477,1789165604.4777296,46
2026-09-11 19:26:44.485,1789165604.485422,48
2026-09-11 19:26:44.493,1789165604.4931142,43
2026-09-11 19:26:44.500,1789165604.5008066,29
2026-09-11 19:26:44.508,1789165604.508499,16
2026-09-11 19:26:44.516,1789165604.5161912,-7
2026-09-11 19:26:44.523,1789165604.5238833,-43
2026-09-11 19:26:44.531,1789165604.5315757,-77
2026-09-11 19:26:44.539,1789165604.539268,-104
2026-09-11 19:26:44.546,1789165604.5463936,-130
2026-09-11 19:26:44.554,1789165604.554086,-147
2026-09-11 19:26:44.561,1789165604.5617783,-152
2026-09-11 19:26:44.569,1789165604.5694706,-152
2026-09-11 19:26:44.577,1789165604.577163,-152
2026-09-11 19:26:44.584,1789165604.584855,-150
2026-09-11 19:26:44.592,1789165604.5925474,-140
2026-09-11 19:26:44.600,1789165604.6002398,-126
2026-09-11 19:26:44.607,1789165604.607932,-113
2026-09-11 19:26:44.615,1789165604.6156244,-109
2026-09-11 19:26:44.623,1789165604.6233168,-104
2026-09-11 19:26:44.631,1789165604.631009,-99
2026-09-11 19:26:44.638,1789165604.6387014,-94
2026-09-11 19:26:44.646,1789165604.6463935,-97
2026-09-11 19:26:44.654,1789165604.6540859,-97
2026-09-11 19:26:44.661,1789165604.6617782,-94
2026-09-11 19:26:44.669,1789165604.6694705,-94
2026-09-11 19:26:44.677,1789165604.677163,-94
2026-09-11 19:26:44.684,1789165604.6848552,-97
2026-09-11 19:26:44.692,1789165604.6925476,-101
2026-09-11 19:26:44.700,1789165604.70024,-99
2026-09-11 19:26:44.707,1789165604.707932,-94
2026-09-11 19:26:44.715,1789165604.7156243,-92
2026-09-11 19:26:44.723,1789165604.7233167,-94
2026-09-11 19:26:44.731,1789165604.731009,-94
2026-09-11 19:26:44.738,1789165604.7387013,-92
2026-09-11 19:26:44.746,1789165604.7463937,-92
2026-09-11 19:26:44.754,1789165604.754086,-94
2026-09-11 19:26:44.761,1789165604.7617784,-97
2026-09-11 19:26:44.769,1789165604.7694705,-104
2026-09-11 19:26:44.777,1789165604.7771628,-109
2026-09-11 19:26:44.784,1789165604.7848551,-101
2026-09-11 19:26:44.792,1789165604.7925475,-94
2026-09-11 19:26:44.800,1789165604.8002398,-87
2026-09-11 19:26:44.807,1789165604.8079321,-63
2026-09-11 19:26:44.815,1789165604.8156245,-38
2026-09-11 19:26:44.823,1789165604.8233168,-33
2026-09-11 19:26:44.831,1789165604.831009,-48
2026-09-11 19:26:44.838,1789165604.8387012,-70
2026-09-11 19:26:44.846,1789165604.8463936,-87
2026-09-11 19:26:44.854,1789165604.854086,-92
2026-09-11 19:26:44.861,1789165604.8617783,-94
2026-09-11 19:26:44.869,1789165604.8694706,-97
2026-09-11 19:26:44.877,1789165604.877163,-94
2026-09-11 19:26:44.884,1789165604.8848553,-92
2026-09-11 19:26:44.892,1789165604.8925474,-92
2026-09-11 19:26:44.900,1789165604.9002397,-89
2026-09-11 19:26:44.907,1789165604.907932,-80
2026-09-11 19:26:44.915,1789165604.9156244,0
2026-09-11 19:26:44.923,1789165604.9233167,215
2026-09-11 19:26:44.931,1789165604.931009,516
2026-09-11 19:26:44.938,1789165604.9387014,805
2026-09-11 19:26:44.946,1789165604.9463937,717
2026-09-11 19:26:44.954,1789165604.9540858,-19
2026-09-11 19:26:44.961,1789165604.9617782,-582
2026-09-11 19:26:44.969,1789165604.9694705,-334
2026-09-11 19:26:44.977,1789165604.9771628,-70
2026-09-11 19:26:44.984,1789165604.9848552,-169
2026-09-11 19:26:44.992,1789165604.9925475,-181
2026-09-11 19:26:45.000,1789165605.0002398,-101
2026-09-11 19:26:45.007,1789165605.0079322,-123
2026-09-11 19:26:45.015,1789165605.0156243,-135
2026-09-11 19:26:45.023,1789165605.0233166,-97
2026-09-11 19:26:45.031,1789165605.031009,-89
2026-09-11 19:26:45.038,1789165605.0387013,-92
2026-09-11 19:26:45.046,1789165605.0463936,-77
2026-09-11 19:26:45.054,1789165605.054086,-67
2026-09-11 19:26:45.061,1789165605.0617783,-65
2026-09-11 19:26:45.069,1789165605.0694706,-55
2026-09-11 19:26:45.077,1789165605.077163,-43
2026-09-11 19:26:45.084,1789165605.084855,-31
2026-09-11 19:26:45.092,1789165605.0925474,-21
2026-09-11 19:26:45.100,1789165605.1002398,-12
2026-09-11 19:26:45.107,1789165605.107345,-2
2026-09-11 19:26:45.115,1789165605.1150374,9
2026-09-11 19:26:45.122,1789165605.1227298,24
2026-09-11 19:26:45.130,1789165605.130422,33
2026-09-11 19:26:45.138,1789165605.1381145,41
2026-09-11 19:26:45.145,1789165605.1458066,48
2026-09-11 19:26:45.153,1789165605.153499,53
2026-09-11 19:26:45.161,1789165605.1611912,50
2026-09-11 19:26:45.168,1789165605.1688836,41
2026-09-11 19:26:45.176,1789165605.176576,31
2026-09-11 19:26:45.184,1789165605.1842682,12
2026-09-11 19:26:45.191,1789165605.1919606,-16
2026-09-11 19:26:45.199,1789165605.199653,-48
2026-09-11 19:26:45.207,1789165605.207345,-77
2026-09-11 19:26:45.215,1789165605.2150373,-104
2026-09-11 19:26:45.222,1789165605.2227297,-123
2026-09-11 19:26:45.230,1789165605.230422,-138
2026-09-11 19:26:45.238,1789165605.2381144,-143
2026-09-11 19:26:45.245,1789165605.2458067,-143
2026-09-11 19:26:45.253,1789165605.253499,-140
2026-09-11 19:26:45.261,1789165605.2611914,-133
2026-09-11 19:26:45.268,1789165605.2688835,-123
2026-09-11 19:26:45.276,1789165605.2765758,-116
2026-09-11 19:26:45.284,1789165605.2842681,-106
2026-09-11 19:26:45.291,1789165605.2919605,-97
2026-09-11 19:26:45.299,1789165605.2996528,-92
2026-09-11 19:26:45.307,1789165605.3073452,-92
2026-09-11 19:26:45.315,1789165605.3150375,-87
2026-09-11 19:26:45.322,1789165605.3227298,-84
2026-09-11 19:26:45.330,1789165605.330422,-84
2026-09-11 19:26:45.338,1789165605.3381143,-84
2026-09-11 19:26:45.345,1789165605.3458066,-80
2026-09-11 19:26:45.353,1789165605.353499,-80
2026-09-11 19:26:45.361,1789165605.3611913,-82
2026-09-11 19:26:45.368,1789165605.3688836,-84
2026-09-11 19:26:45.376,1789165605.376576,-84
2026-09-11 19:26:45.384,1789165605.3842683,-87
2026-09-11 19:26:45.391,1789165605.3919604,-87
2026-09-11 19:26:45.399,1789165605.3996527,-89
2026-09-11 19:26:45.407,1789165605.407345,-89
2026-09-11 19:26:45.415,1789165605.4150374,-87
2026-09-11 19:26:45.422,1789165605.4227297,-87
2026-09-11 19:26:45.430,1789165605.430422,-87
2026-09-11 19:26:45.438,1789165605.4381144,-92
2026-09-11 19:26:45.445,1789165605.4458067,-99
2026-09-11 19:26:45.453,1789165605.4534988,-99
2026-09-11 19:26:45.461,1789165605.4611912,-89
2026-09-11 19:26:45.468,1789165605.4688835,-84
2026-09-11 19:26:45.476,1789165605.4765759,-67
2026-09-11 19:26:45.484,1789165605.4842682,-38
2026-09-11 19:26:45.491,1789165605.4919605,-19
2026-09-11 19:26:45.499,1789165605.4996529,-26
2026-09-11 19:26:45.507,1789165605.5073452,-48
2026-09-11 19:26:45.515,1789165605.5150373,-65
2026-09-11 19:26:45.522,1789165605.5227296,-75
2026-09-11 19:26:45.530,1789165605.530422,-82
2026-09-11 19:26:45.538,1789165605.5381143,-82
2026-09-11 19:26:45.545,1789165605.5458066,-82
2026-09-11 19:26:45.553,1789165605.553499,-80
2026-09-11 19:26:45.561,1789165605.5611913,-75
2026-09-11 19:26:45.568,1789165605.5688837,-75
2026-09-11 19:26:45.576,1789165605.5765758,-75
2026-09-11 19:26:45.584,1789165605.584268,-36
2026-09-11 19:26:45.591,1789165605.5919604,116
2026-09-11 19:26:45.599,1789165605.5996528,380
2026-09-11 19:26:45.607,1789165605.607345,686
2026-09-11 19:26:45.615,1789165605.6150374,826
2026-09-11 19:26:45.622,1789165605.6227298,363
2026-09-11 19:26:45.630,1789165605.630422,-409
2026-09-11 19:26:45.638,1789165605.6381145,-492
2026-09-11 19:26:45.645,1789165605.6458066,-109
2026-09-11 19:26:45.653,1789165605.653499,-84
2026-09-11 19:26:45.661,1789165605.6611912,-186
2026-09-11 19:26:45.668,1789165605.6683066,-111
2026-09-11 19:26:45.675,1789165605.675999,-87
2026-09-11 19:26:45.683,1789165605.6836913,-121
2026-09-11 19:26:45.691,1789165605.6913836,-94
2026-09-11 19:26:45.699,1789165605.699076,-72
2026-09-11 19:26:45.706,1789165605.706768,-82
2026-09-11 19:26:45.714,1789165605.7144604,-72
2026-09-11 19:26:45.722,1789165605.7221527,-58
2026-09-11 19:26:45.729,1789165605.729845,-55
2026-09-11 19:26:45.737,1789165605.7375374,-46
2026-09-11 19:26:45.745,1789165605.7452297,-33
2026-09-11 19:26:45.752,1789165605.752922,-31
2026-09-11 19:26:45.760,1789165605.7606144,-24
2026-09-11 19:26:45.768,1789165605.7683065,-9
2026-09-11 19:26:45.775,1789165605.7759988,0
2026-09-11 19:26:45.783,1789165605.7836912,9
2026-09-11 19:26:45.791,1789165605.7913835,21
2026-09-11 19:26:45.799,1789165605.7990758,33
2026-09-11 19:26:45.806,1789165605.8067682,41
2026-09-11 19:26:45.814,1789165605.8144605,48
2026-09-11 19:26:45.822,1789165605.8221529,55
2026-09-11 19:26:45.829,1789165605.829845,53
2026-09-11 19:26:45.837,1789165605.8375373,46
2026-09-11 19:26:45.845,1789165605.8452296,36
2026-09-11 19:26:45.852,1789165605.852922,19
2026-09-11 19:26:45.860,1789165605.8606143,-4
2026-09-11 19:26:45.868,1789165605.8683066,-31
2026-09-11 19:26:45.875,1789165605.875999,-63
2026-09-11 19:26:45.883,1789165605.8836913,-89
2026-09-11 19:26:45.891,1789165605.8913834,-111
2026-09-11 19:26:45.899,1789165605.8990757,-123
2026-09-11 19:26:45.906,1789165605.906768,-128
2026-09-11 19:26:45.914,1789165605.9144604,-133
2026-09-11 19:26:45.922,1789165605.9221528,-135
2026-09-11 19:26:45.929,1789165605.929845,-123
2026-09-11 19:26:45.937,1789165605.9375374,-111
2026-09-11 19:26:45.945,1789165605.9452298,-104
2026-09-11 19:26:45.952,1789165605.9529219,-94
2026-09-11 19:26:45.960,1789165605.9606142,-89
2026-09-11 19:26:45.968,1789165605.9683065,-87
2026-09-11 19:26:45.975,1789165605.9759989,-84
2026-09-11 19:26:45.983,1789165605.9836912,-82
2026-09-11 19:26:45.991,1789165605.9913836,-84
2026-09-11 19:26:45.999,1789165605.999076,-82
2026-09-11 19:26:46.006,1789165606.0067682,-80
2026-09-11 19:26:46.014,1789165606.0144603,-82
2026-09-11 19:26:46.022,1789165606.0221527,-82
2026-09-11 19:26:46.029,1789165606.029845,-80
2026-09-11 19:26:46.037,1789165606.0375373,-77
2026-09-11 19:26:46.045,1789165606.0452297,-80
2026-09-11 19:26:46.052,1789165606.052922,-82
2026-09-11 19:26:46.060,1789165606.0606143,-82
2026-09-11 19:26:46.068,1789165606.0683067,-84
2026-09-11 19:26:46.075,1789165606.0759988,-87
2026-09-11 19:26:46.083,1789165606.0836911,-92
2026-09-11 19:26:46.091,1789165606.0913835,-97
2026-09-11 19:26:46.099,1789165606.0990758,-89
2026-09-11 19:26:46.106,1789165606.1067681,-82
2026-09-11 19:26:46.114,1789165606.1144605,-75
2026-09-11 19:26:46.122,1789165606.1221528,-58
2026-09-11 19:26:46.129,1789165606.1298451,-33
2026-09-11 19:26:46.137,1789165606.1375372,-19
2026-09-11 19:26:46.145,1789165606.1452296,-26
2026-09-11 19:26:46.152,1789165606.152922,-43
2026-09-11 19:26:46.160,1789165606.1606143,-67
2026-09-11 19:26:46.168,1789165606.1683066,-80
2026-09-11 19:26:46.175,1789165606.175999,-80
2026-09-11 19:26:46.183,1789165606.1836913,-80
2026-09-11 19:26:46.191,1789165606.1913836,-82
2026-09-11 19:26:46.199,1789165606.199076,-82
2026-09-11 19:26:46.206,1789165606.206768,-77
2026-09-11 19:26:46.214,1789165606.2144604,-75
2026-09-11 19:26:46.222,1789165606.2221527,-77
2026-09-11 19:26:46.229,1789165606.229268,-50
2026-09-11 19:26:46.236,1789165606.2369604,89
2026-09-11 19:26:46.244,1789165606.2446527,356
2026-09-11 19:26:46.252,1789165606.252345,674
2026-09-11 19:26:46.260,1789165606.2600374,839
2026-09-11 19:26:46.267,1789165606.2677295,400
2026-09-11 19:26:46.275,1789165606.2754219,-385
2026-09-11 19:26:46.283,1789165606.2831142,-504
2026-09-11 19:26:46.290,1789165606.2908065,-121
2026-09-11 19:26:46.298,1789165606.2984989,-80
2026-09-11 19:26:46.306,1789165606.3061912,-181
2026-09-11 19:26:46.313,1789165606.3138835,-106
2026-09-11 19:26:46.321,1789165606.3215759,-72
2026-09-11 19:26:46.329,1789165606.329268,-111
2026-09-11 19:26:46.336,1789165606.3369603,-97
2026-09-11 19:26:46.344,1789165606.3446527,-70
2026-09-11 19:26:46.352,1789165606.352345,-77
2026-09-11 19:26:46.360,1789165606.3600373,-72
2026-09-11 19:26:46.367,1789165606.3677297,-55
2026-09-11 19:26:46.375,1789165606.375422,-48
2026-09-11 19:26:46.383,1789165606.3831143,-41
2026-09-11 19:26:46.390,1789165606.3908064,-29
2026-09-11 19:26:46.398,1789165606.3984988,-21
2026-09-11 19:26:46.406,1789165606.406191,-14
2026-09-11 19:26:46.413,1789165606.4138834,-2
2026-09-11 19:26:46.421,1789165606.4215758,9
2026-09-11 19:26:46.429,1789165606.4292681,26
2026-09-11 19:26:46.436,1789165606.4369605,43
2026-09-11 19:26:46.444,1789165606.4446528,60
2026-09-11 19:26:46.452,1789165606.452345,77
2026-09-11 19:26:46.460,1789165606.4600372,82
2026-09-11 19:26:46.467,1789165606.4677296,77
2026-09-11 19:26:46.475,1789165606.475422,75
2026-09-11 19:26:46.483,1789165606.4831142,67
2026-09-11 19:26:46.490,1789165606.4908066,55
2026-09-11 19:26:46.498,1789165606.498499,36
2026-09-11 19:26:46.506,1789165606.5061913,14
2026-09-11 19:26:46.513,1789165606.5138834,-21
2026-09-11 19:26:46.521,1789165606.5215757,-60
2026-09-11 19:26:46.529,1789165606.529268,-89
2026-09-11 19:26:46.536,1789165606.5369604,-109
2026-09-11 19:26:46.544,1789165606.5446527,-123
2026-09-11 19:26:46.552,1789165606.552345,-130
2026-09-11 19:26:46.560,1789165606.5600374,-133
2026-09-11 19:26:46.567,1789165606.5677297,-138
2026-09-11 19:26:46.575,1789165606.5754218,-128
2026-09-11 19:26:46.583,1789165606.5831141,-116
2026-09-11 19:26:46.590,1789165606.5908065,-111
2026-09-11 19:26:46.598,1789165606.5984988,-101
2026-09-11 19:26:46.606,1789165606.6061912,-92
2026-09-11 19:26:46.613,1789165606.6138835,-89
2026-09-11 19:26:46.621,1789165606.6215758,-84
2026-09-11 19:26:46.629,1789165606.6292682,-84
2026-09-11 19:26:46.636,1789165606.6369603,-87
2026-09-11 19:26:46.644,1789165606.6446526,-87
2026-09-11 19:26:46.652,1789165606.652345,-84
2026-09-11 19:26:46.660,1789165606.6600373,-84
2026-09-11 19:26:46.667,1789165606.6677296,-82
2026-09-11 19:26:46.675,1789165606.675422,-80
2026-09-11 19:26:46.683,1789165606.6831143,-80
2026-09-11 19:26:46.690,1789165606.6908066,-82
2026-09-11 19:26:46.698,1789165606.6984987,-82
2026-09-11 19:26:46.706,1789165606.706191,-87
2026-09-11 19:26:46.713,1789165606.7138834,-89
2026-09-11 19:26:46.721,1789165606.7215757,-82
2026-09-11 19:26:46.729,1789165606.729268,-75
2026-09-11 19:26:46.736,1789165606.7369604,-63
2026-09-11 19:26:46.744,1789165606.7446527,-41
2026-09-11 19:26:46.752,1789165606.752345,-26
2026-09-11 19:26:46.760,1789165606.7600374,-26
2026-09-11 19:26:46.767,1789165606.7677295,-43
2026-09-11 19:26:46.775,1789165606.7754219,-65
2026-09-11 19:26:46.783,1789165606.7831142,-80
2026-09-11 19:26:46.790,1789165606.790245,-82
2026-09-11 19:26:46.797,1789165606.7979374,-80
2026-09-11 19:26:46.805,1789165606.8056297,-77
2026-09-11 19:26:46.813,1789165606.813322,-72
2026-09-11 19:26:46.821,1789165606.8210144,-67
2026-09-11 19:26:46.828,1789165606.8287065,-67
2026-09-11 19:26:46.836,1789165606.8363988,-72
2026-09-11 19:26:46.844,1789165606.8440912,-60
2026-09-11 19:26:46.851,1789165606.8517835,46
2026-09-11 19:26:46.859,1789165606.8594759,293
2026-09-11 19:26:46.867,1789165606.8671682,618
2026-09-11 19:26:46.874,1789165606.8748605,858
2026-09-11 19:26:46.882,1789165606.8825529,567
2026-09-11 19:26:46.890,1789165606.890245,-227
2026-09-11 19:26:46.897,1789165606.8979373,-509
2026-09-11 19:26:46.905,1789165606.9056296,-145
2026-09-11 19:26:46.913,1789165606.913322,-33
2026-09-11 19:26:46.921,1789165606.9210143,-155
2026-09-11 19:26:46.928,1789165606.9287066,-104
2026-09-11 19:26:46.936,1789165606.936399,-53
2026-09-11 19:26:46.944,1789165606.9440913,-92
2026-09-11 19:26:46.951,1789165606.9517834,-82
2026-09-11 19:26:46.959,1789165606.9594758,-48
2026-09-11 19:26:46.967,1789165606.967168,-53
2026-09-11 19:26:46.974,1789165606.9748604,-50
2026-09-11 19:26:46.982,1789165606.9825528,-36
2026-09-11 19:26:46.990,1789165606.990245,-31
2026-09-11 19:26:46.997,1789165606.9979374,-21
2026-09-11 19:26:47.005,1789165607.0056298,-9
2026-09-11 19:26:47.013,1789165607.0133219,0
2026-09-11 19:26:47.021,1789165607.0210142,12
2026-09-11 19:26:47.028,1789165607.0287066,29
2026-09-11 19:26:47.036,1789165607.036399,46
2026-09-11 19:26:47.044,1789165607.0440912,65
2026-09-11 19:26:47.051,1789165607.0517836,77
2026-09-11 19:26:47.059,1789165607.059476,84
2026-09-11 19:26:47.067,1789165607.0671682,97
2026-09-11 19:26:47.074,1789165607.0748603,113
2026-09-11 19:26:47.082,1789165607.0825527,118
2026-09-11 19:26:47.090,1789165607.090245,113
2026-09-11 19:26:47.097,1789165607.0979373,101
2026-09-11 19:26:47.105,1789165607.1056297,89
2026-09-11 19:26:47.113,1789165607.113322,77
2026-09-11 19:26:47.121,1789165607.1210144,53
2026-09-11 19:26:47.128,1789165607.1287067,21
2026-09-11 19:26:47.136,1789165607.1363988,-9
2026-09-11 19:26:47.144,1789165607.1440911,-38
2026-09-11 19:26:47.151,1789165607.1517835,-63
2026-09-11 19:26:47.159,1789165607.1594758,-82
2026-09-11 19:26:47.167,1789165607.1671681,-84
2026-09-11 19:26:47.174,1789165607.1748605,-87
2026-09-11 19:26:47.182,1789165607.1825528,-87
2026-09-11 19:26:47.190,1789165607.1902452,-77
2026-09-11 19:26:47.197,1789165607.1979373,-65
2026-09-11 19:26:47.205,1789165607.2056296,-55
2026-09-11 19:26:47.213,1789165607.213322,-48
2026-09-11 19:26:47.221,1789165607.2210143,-38
2026-09-11 19:26:47.228,1789165607.2287066,-33
2026-09-11 19:26:47.236,1789165607.236399,-29
2026-09-11 19:26:47.244,1789165607.2440913,-24
2026-09-11 19:26:47.251,1789165607.2517836,-24
2026-09-11 19:26:47.259,1789165607.2594757,-21
2026-09-11 19:26:47.267,1789165607.267168,-16
2026-09-11 19:26:47.274,1789165607.2748604,-19
2026-09-11 19:26:47.282,1789165607.2825527,-21
2026-09-11 19:26:47.290,1789165607.290245,-21
2026-09-11 19:26:47.297,1789165607.2979374,-26
2026-09-11 19:26:47.305,1789165607.3056297,-38
2026-09-11 19:26:47.313,1789165607.313322,-38
2026-09-11 19:26:47.321,1789165607.3210144,-31
2026-09-11 19:26:47.328,1789165607.3287065,-29
2026-09-11 19:26:47.336,1789165607.3363988,-16
2026-09-11 19:26:47.344,1789165607.3440912,9
2026-09-11 19:26:47.351,1789165607.3511913,26
2026-09-11 19:26:47.358,1789165607.3588836,24
2026-09-11 19:26:47.366,1789165607.366576,7
2026-09-11 19:26:47.374,1789165607.3742683,-16
2026-09-11 19:26:47.381,1789165607.3819606,-31
2026-09-11 19:26:47.389,1789165607.3896527,-36
2026-09-11 19:26:47.397,1789165607.397345,-36
2026-09-11 19:26:47.405,1789165607.4050374,-33
2026-09-11 19:26:47.412,1789165607.4127297,-29
2026-09-11 19:26:47.420,1789165607.420422,-29
2026-09-11 19:26:47.428,1789165607.4281144,-29
2026-09-11 19:26:47.435,1789165607.4358068,-33
2026-09-11 19:26:47.443,1789165607.443499,-31
2026-09-11 19:26:47.451,1789165607.4511912,36
2026-09-11 19:26:47.458,1789165607.4588835,244
2026-09-11 19:26:47.466,1789165607.4665759,555
2026-09-11 19:26:47.474,1789165607.4742682,851
2026-09-11 19:26:47.481,1789165607.4819605,698
2026-09-11 19:26:47.489,1789165607.4896529,-67
2026-09-11 19:26:47.497,1789165607.4973452,-511
2026-09-11 19:26:47.505,1789165607.5050375,-196
2026-09-11 19:26:47.512,1789165607.5127296,4
2026-09-11 19:26:47.520,1789165607.520422,-111
2026-09-11 19:26:47.528,1789165607.5281143,-97
2026-09-11 19:26:47.535,1789165607.5358067,-29
2026-09-11 19:26:47.543,1789165607.543499,-60
2026-09-11 19:26:47.551,1789165607.5511913,-65
2026-09-11 19:26:47.558,1789165607.5588837,-29
2026-09-11 19:26:47.566,1789165607.566576,-29
2026-09-11 19:26:47.574,1789165607.574268,-31
2026-09-11 19:26:47.581,1789165607.5819604,-14
2026-09-11 19:26:47.589,1789165607.5896528,-4
2026-09-11 19:26:47.597,1789165607.597345,-2
2026-09-11 19:26:47.605,1789165607.6050375,4
2026-09-11 19:26:47.612,1789165607.6127298,12
2026-09-11 19:26:47.620,1789165607.6204221,19
2026-09-11 19:26:47.628,1789165607.6281145,31
2026-09-11 19:26:47.635,1789165607.6358066,50
2026-09-11 19:26:47.643,1789165607.643499,63
2026-09-11 19:26:47.651,1789165607.6511912,72
2026-09-11 19:26:47.658,1789165607.6588836,87
2026-09-11 19:26:47.666,1789165607.666576,97
2026-09-11 19:26:47.674,1789165607.6742682,97
2026-09-11 19:26:47.681,1789165607.6819606,94
2026-09-11 19:26:47.689,1789165607.689653,89
2026-09-11 19:26:47.697,1789165607.697345,82
2026-09-11 19:26:47.705,1789165607.7050374,72
2026-09-11 19:26:47.712,1789165607.7127297,60
2026-09-11 19:26:47.720,1789165607.720422,36
2026-09-11 19:26:47.728,1789165607.7281144,7
2026-09-11 19:26:47.735,1789165607.7358067,-29
2026-09-11 19:26:47.743,1789165607.743499,-65
2026-09-11 19:26:47.751,1789165607.7511914,-87
2026-09-11 19:26:47.758,1789165607.7588835,-99
2026-09-11 19:26:47.766,1789165607.7665758,-111
2026-09-11 19:26:47.774,1789165607.7742682,-118
2026-09-11 19:26:47.781,1789165607.7819605,-116
2026-09-11 19:26:47.789,1789165607.7896528,-106
2026-09-11 19:26:47.797,1789165607.7973452,-97
2026-09-11 19:26:47.805,1789165607.8050375,-89
2026-09-11 19:26:47.812,1789165607.8127298,-82
2026-09-11 19:26:47.820,1789165607.820422,-70
2026-09-11 19:26:47.828,1789165607.8281143,-63
2026-09-11 19:26:47.835,1789165607.8358066,-63
2026-09-11 19:26:47.843,1789165607.843499,-63
2026-09-11 19:26:47.851,1789165607.8511913,-60
2026-09-11 19:26:47.858,1789165607.8588836,-63
2026-09-11 19:26:47.866,1789165607.866576,-67
2026-09-11 19:26:47.874,1789165607.8742683,-67
2026-09-11 19:26:47.881,1789165607.8819606,-65
2026-09-11 19:26:47.889,1789165607.8896527,-67
2026-09-11 19:26:47.897,1789165607.897345,-77
2026-09-11 19:26:47.905,1789165607.9050374,-82
2026-09-11 19:26:47.912,1789165607.912168,-80
2026-09-11 19:26:47.919,1789165607.9198604,-72
2026-09-11 19:26:47.927,1789165607.9275527,-60
2026-09-11 19:26:47.935,1789165607.935245,-36
2026-09-11 19:26:47.942,1789165607.9429374,-16
2026-09-11 19:26:47.950,1789165607.9506295,-21
2026-09-11 19:26:47.958,1789165607.9583218,-36
2026-09-11 19:26:47.966,1789165607.9660141,-55
2026-09-11 19:26:47.973,1789165607.9737065,-75
2026-09-11 19:26:47.981,1789165607.9813988,-82
2026-09-11 19:26:47.989,1789165607.9890912,-82
2026-09-11 19:26:47.996,1789165607.9967835,-89
2026-09-11 19:26:48.004,1789165608.0044758,-89
2026-09-11 19:26:48.012,1789165608.012168,-82
2026-09-11 19:26:48.019,1789165608.0198603,-77
2026-09-11 19:26:48.027,1789165608.0275526,-82
2026-09-11 19:26:48.035,1789165608.035245,-89
2026-09-11 19:26:48.042,1789165608.0429373,-43
2026-09-11 19:26:48.050,1789165608.0506296,135
2026-09-11 19:26:48.058,1789165608.058322,436
2026-09-11 19:26:48.066,1789165608.0660143,756
2026-09-11 19:26:48.073,1789165608.0737064,720
2026-09-11 19:26:48.081,1789165608.0813987,26
2026-09-11 19:26:48.089,1789165608.089091,-540
2026-09-11 19:26:48.096,1789165608.0967834,-324
2026-09-11 19:26:48.104,1789165608.1044757,-55
2026-09-11 19:26:48.112,1789165608.112168,-145
2026-09-11 19:26:48.119,1789165608.1198604,-160
2026-09-11 19:26:48.127,1789165608.1275527,-82
2026-09-11 19:26:48.135,1789165608.1352448,-99
2026-09-11 19:26:48.142,1789165608.1429372,-111
2026-09-11 19:26:48.150,1789165608.1506295,-72
2026-09-11 19:26:48.158,1789165608.1583219,-63
2026-09-11 19:26:48.166,1789165608.1660142,-65
2026-09-11 19:26:48.173,1789165608.1737065,-46
2026-09-11 19:26:48.181,1789165608.1813989,-26
2026-09-11 19:26:48.189,1789165608.1890912,-24
2026-09-11 19:26:48.196,1789165608.1967833,-24
2026-09-11 19:26:48.204,1789165608.2044756,-19
2026-09-11 19:26:48.212,1789165608.212168,-16
2026-09-11 19:26:48.219,1789165608.2198603,-14
2026-09-11 19:26:48.227,1789165608.2275527,-4
2026-09-11 19:26:48.235,1789165608.235245,12
2026-09-11 19:26:48.242,1789165608.2429373,33
2026-09-11 19:26:48.250,1789165608.2506297,50
2026-09-11 19:26:48.258,1789165608.2583218,67
2026-09-11 19:26:48.266,1789165608.266014,77
2026-09-11 19:26:48.273,1789165608.2737064,80
2026-09-11 19:26:48.281,1789165608.2813988,82
2026-09-11 19:26:48.289,1789165608.289091,82
2026-09-11 19:26:48.296,1789165608.2967834,72
2026-09-11 19:26:48.304,1789165608.3044758,48
2026-09-11 19:26:48.312,1789165608.3121681,19
2026-09-11 19:26:48.319,1789165608.3198602,-14
2026-09-11 19:26:48.327,1789165608.3275526,-53
2026-09-11 19:26:48.335,1789165608.335245,-84
2026-09-11 19:26:48.342,1789165608.3429372,-104
2026-09-11 19:26:48.350,1789165608.3506296,-123
2026-09-11 19:26:48.358,1789165608.358322,-138
2026-09-11 19:26:48.366,1789165608.3660142,-143
2026-09-11 19:26:48.373,1789165608.3737066,-140
2026-09-11 19:26:48.381,1789165608.3813987,-135
2026-09-11 19:26:48.389,1789165608.389091,-126
2026-09-11 19:26:48.396,1789165608.3967834,-116
2026-09-11 19:26:48.404,1789165608.4044757,-109
2026-09-11 19:26:48.412,1789165608.412168,-104
2026-09-11 19:26:48.419,1789165608.4198604,-97
2026-09-11 19:26:48.427,1789165608.4275527,-89
2026-09-11 19:26:48.435,1789165608.435245,-84
2026-09-11 19:26:48.442,1789165608.4429374,-80
2026-09-11 19:26:48.450,1789165608.4506295,-75
2026-09-11 19:26:48.458,1789165608.4583218,-75
2026-09-11 19:26:48.466,1789165608.4660141,-80
2026-09-11 19:26:48.473,1789165608.4731143,-77
2026-09-11 19:26:48.480,1789165608.4808066,-82
2026-09-11 19:26:48.488,1789165608.488499,-87
2026-09-11 19:26:48.496,1789165608.4961913,-82
2026-09-11 19:26:48.503,1789165608.5038836,-72
2026-09-11 19:26:48.511,1789165608.5115757,-65
2026-09-11 19:26:48.519,1789165608.519268,-46
2026-09-11 19:26:48.526,1789165608.5269604,-21
2026-09-11 19:26:48.534,1789165608.5346527,-16
2026-09-11 19:26:48.542,1789165608.542345,-29
2026-09-11 19:26:48.550,1789165608.5500374,-43
2026-09-11 19:26:48.557,1789165608.5577297,-60
2026-09-11 19:26:48.565,1789165608.565422,-77
2026-09-11 19:26:48.573,1789165608.5731142,-84
2026-09-11 19:26:48.580,1789165608.5808065,-80
2026-09-11 19:26:48.588,1789165608.5884988,-75
2026-09-11 19:26:48.596,1789165608.5961912,-72
2026-09-11 19:26:48.603,1789165608.6038835,-65
2026-09-11 19:26:48.611,1789165608.6115758,-70
2026-09-11 19:26:48.619,1789165608.6192682,-87
2026-09-11 19:26:48.626,1789165608.6269605,-84
2026-09-11 19:26:48.634,1789165608.6346526,7
2026-09-11 19:26:48.642,1789165608.642345,227
2026-09-11 19:26:48.650,1789165608.6500373,545
2026-09-11 19:26:48.657,1789165608.6577296,790
2026-09-11 19:26:48.665,1789165608.665422,489
2026-09-11 19:26:48.673,1789165608.6731143,-303
2026-09-11 19:26:48.680,1789165608.6808066,-560
2026-09-11 19:26:48.688,1789165608.688499,-189
2026-09-11 19:26:48.696,1789165608.696191,-84
2026-09-11 19:26:48.703,1789165608.7038834,-198
2026-09-11 19:26:48.711,1789165608.7115757,-138
2026-09-11 19:26:48.719,1789165608.719268,-87
2026-09-11 19:26:48.726,1789165608.7269604,-130
2026-09-11 19:26:48.734,1789165608.7346528,-116
2026-09-11 19:26:48.742,1789165608.742345,-80
2026-09-11 19:26:48.750,1789165608.7500374,-84
2026-09-11 19:26:48.757,1789165608.7577295,-87
2026-09-11 19:26:48.765,1789165608.7654219,-72
2026-09-11 19:26:48.773,1789165608.7731142,-63
2026-09-11 19:26:48.780,1789165608.7808065,-55
2026-09-11 19:26:48.788,1789165608.7884989,-41
2026-09-11 19:26:48.796,1789165608.7961912,-31
2026-09-11 19:26:48.803,1789165608.8038836,-24
2026-09-11 19:26:48.811,1789165608.811576,-9
2026-09-11 19:26:48.819,1789165608.819268,9
2026-09-11 19:26:48.826,1789165608.8269603,31
2026-09-11 19:26:48.834,1789165608.8346527,46
2026-09-11 19:26:48.842,1789165608.842345,55
2026-09-11 19:26:48.850,1789165608.8500373,65
2026-09-11 19:26:48.857,1789165608.8577297,70
2026-09-11 19:26:48.865,1789165608.865422,72
2026-09-11 19:26:48.873,1789165608.8731143,72
2026-09-11 19:26:48.880,1789165608.8808064,60
2026-09-11 19:26:48.888,1789165608.8884988,41
2026-09-11 19:26:48.896,1789165608.8961911,19
2026-09-11 19:26:48.903,1789165608.9038835,-7
2026-09-11 19:26:48.911,1789165608.9115758,-38
2026-09-11 19:26:48.919,1789165608.9192681,-75
2026-09-11 19:26:48.926,1789165608.9269605,-111
2026-09-11 19:26:48.934,1789165608.9346528,-135
2026-09-11 19:26:48.942,1789165608.942345,-150
2026-09-11 19:26:48.950,1789165608.9500372,-160
2026-09-11 19:26:48.957,1789165608.9577296,-164
2026-09-11 19:26:48.965,1789165608.965422,-160
2026-09-11 19:26:48.973,1789165608.9731143,-150
2026-09-11 19:26:48.980,1789165608.9808066,-143
2026-09-11 19:26:48.988,1789165608.988499,-135
2026-09-11 19:26:48.996,1789165608.9961913,-126
2026-09-11 19:26:49.003,1789165609.0038836,-121
2026-09-11 19:26:49.011,1789165609.0115757,-116
2026-09-11 19:26:49.019,1789165609.019268,-104
2026-09-11 19:26:49.026,1789165609.0269604,-92
2026-09-11 19:26:49.034,1789165609.034091,-94
2026-09-11 19:26:49.041,1789165609.0417833,-99
2026-09-11 19:26:49.049,1789165609.0494757,-94
2026-09-11 19:26:49.057,1789165609.057168,-84
2026-09-11 19:26:49.064,1789165609.0648603,-82
2026-09-11 19:26:49.072,1789165609.0725524,-87
2026-09-11 19:26:49.080,1789165609.0802448,-92
2026-09-11 19:26:49.087,1789165609.087937,-87
2026-09-11 19:26:49.095,1789165609.0956295,-87
2026-09-11 19:26:49.103,1789165609.1033218,-82
2026-09-11 19:26:49.111,1789165609.1110141,-60
2026-09-11 19:26:49.118,1789165609.1187065,-43
2026-09-11 19:26:49.126,1789165609.1263988,-48
2026-09-11 19:26:49.134,1789165609.134091,-55
2026-09-11 19:26:49.141,1789165609.1417832,-67
2026-09-11 19:26:49.149,1789165609.1494756,-97
2026-09-11 19:26:49.157,1789165609.157168,-113
2026-09-11 19:26:49.164,1789165609.1648602,-111
2026-09-11 19:26:49.172,1789165609.1725526,-109
2026-09-11 19:26:49.180,1789165609.180245,-111
2026-09-11 19:26:49.187,1789165609.1879373,-106
2026-09-11 19:26:49.195,1789165609.1956294,-97
2026-09-11 19:26:49.203,1789165609.2033217,-99
2026-09-11 19:26:49.211,1789165609.211014,-111
2026-09-11 19:26:49.218,1789165609.2187064,-89
2026-09-11 19:26:49.226,1789165609.2263987,55
2026-09-11 19:26:49.234,1789165609.234091,332
2026-09-11 19:26:49.241,1789165609.2417834,664
2026-09-11 19:26:49.249,1789165609.2494757,795
2026-09-11 19:26:49.257,1789165609.2571678,274
2026-09-11 19:26:49.264,1789165609.2648602,-468
2026-09-11 19:26:49.272,1789165609.2725525,-465
2026-09-11 19:26:49.280,1789165609.2802448,-109
2026-09-11 19:26:49.287,1789165609.2879372,-128
2026-09-11 19:26:49.295,1789165609.2956295,-208
2026-09-11 19:26:49.303,1789165609.3033218,-130
2026-09-11 19:26:49.311,1789165609.3110142,-121
2026-09-11 19:26:49.318,1789165609.3187063,-150
2026-09-11 19:26:49.326,1789165609.3263986,-121
2026-09-11 19:26:49.334,1789165609.334091,-101
2026-09-11 19:26:49.341,1789165609.3417833,-106
2026-09-11 19:26:49.349,1789165609.3494756,-89
2026-09-11 19:26:49.357,1789165609.357168,-67
2026-09-11 19:26:49.364,1789165609.3648603,-55
2026-09-11 19:26:49.372,1789165609.3725526,-43
2026-09-11 19:26:49.380,1789165609.3802447,-36
2026-09-11 19:26:49.387,1789165609.387937,-24
2026-09-11 19:26:49.395,1789165609.3956294,-14
2026-09-11 19:26:49.403,1789165609.4033217,-7
2026-09-11 19:26:49.411,1789165609.411014,2
2026-09-11 19:26:49.418,1789165609.4187064,16
2026-09-11 19:26:49.426,1789165609.4263988,29
2026-09-11 19:26:49.434,1789165609.434091,41
2026-09-11 19:26:49.441,1789165609.4417832,58
2026-09-11 19:26:49.449,1789165609.4494755,70
2026-09-11 19:26:49.457,1789165609.4571679,70
2026-09-11 19:26:49.464,1789165609.4648602,67
2026-09-11 19:26:49.472,1789165609.4725525,58
2026-09-11 19:26:49.480,1789165609.4802449,43
2026-09-11 19:26:49.487,1789165609.4879372,21
2026-09-11 19:26:49.495,1789165609.4956295,-4
2026-09-11 19:26:49.503,1789165609.5033216,-36
2026-09-11 19:26:49.511,1789165609.511014,-67
2026-09-11 19:26:49.518,1789165609.5187063,-97
2026-09-11 19:26:49.526,1789165609.5263987,-116
2026-09-11 19:26:49.534,1789165609.534091,-126
2026-09-11 19:26:49.541,1789165609.5417833,-123
2026-09-11 19:26:49.549,1789165609.5494757,-113
2026-09-11 19:26:49.557,1789165609.557168,-106
2026-09-11 19:26:49.564,1789165609.5648603,-106
2026-09-11 19:26:49.572,1789165609.5725524,-109
2026-09-11 19:26:49.580,1789165609.5802448,-106
2026-09-11 19:26:49.587,1789165609.587937,-94
2026-09-11 19:26:49.595,1789165609.5950475,-80
2026-09-11 19:26:49.602,1789165609.6027398,-75
2026-09-11 19:26:49.610,1789165609.6104321,-80
2026-09-11 19:26:49.618,1789165609.6181245,-84
2026-09-11 19:26:49.625,1789165609.6258168,-84
2026-09-11 19:26:49.633,1789165609.633509,-82
2026-09-11 19:26:49.641,1789165609.6412013,-82
2026-09-11 19:26:49.648,1789165609.6488936,-80
2026-09-11 19:26:49.656,1789165609.656586,-75
2026-09-11 19:26:49.664,1789165609.6642783,-84
2026-09-11 19:26:49.671,1789165609.6719706,-109
2026-09-11 19:26:49.679,1789165609.679663,-116
2026-09-11 19:26:49.687,1789165609.6873553,-111
2026-09-11 19:26:49.695,1789165609.6950474,-111
2026-09-11 19:26:49.702,1789165609.7027397,-99
2026-09-11 19:26:49.710,1789165609.710432,-75
2026-09-11 19:26:49.718,1789165609.7181244,-55
2026-09-11 19:26:49.725,1789165609.7258167,-50
2026-09-11 19:26:49.733,1789165609.733509,-55
2026-09-11 19:26:49.741,1789165609.7412014,-72
2026-09-11 19:26:49.748,1789165609.7488937,-89
2026-09-11 19:26:49.756,1789165609.7565858,-94
2026-09-11 19:26:49.764,1789165609.7642782,-94
2026-09-11 19:26:49.771,1789165609.7719705,-97
2026-09-11 19:26:49.779,1789165609.7796628,-97
2026-09-11 19:26:49.787,1789165609.7873552,-92
2026-09-11 19:26:49.795,1789165609.7950475,-92
2026-09-11 19:26:49.802,1789165609.8027399,-97
2026-09-11 19:26:49.810,1789165609.8104322,-94
2026-09-11 19:26:49.818,1789165609.8181243,-36
2026-09-11 19:26:49.825,1789165609.8258166,152
2026-09-11 19:26:49.833,1789165609.833509,458
2026-09-11 19:26:49.841,1789165609.8412013,771
2026-09-11 19:26:49.848,1789165609.8488936,722
2026-09-11 19:26:49.856,1789165609.856586,21
2026-09-11 19:26:49.864,1789165609.8642783,-550
2026-09-11 19:26:49.871,1789165609.8719707,-329
2026-09-11 19:26:49.879,1789165609.8796628,-50
2026-09-11 19:26:49.887,1789165609.887355,-140
2026-09-11 19:26:49.895,1789165609.8950474,-157
2026-09-11 19:26:49.902,1789165609.9027398,-80
2026-09-11 19:26:49.910,1789165609.910432,-101
2026-09-11 19:26:49.918,1789165609.9181244,-113
2026-09-11 19:26:49.925,1789165609.9258168,-72
2026-09-11 19:26:49.933,1789165609.933509,-65
2026-09-11 19:26:49.941,1789165609.9412012,-72
2026-09-11 19:26:49.948,1789165609.9488935,-55
2026-09-11 19:26:49.956,1789165609.956586,-46
2026-09-11 19:26:49.964,1789165609.9642782,-41
2026-09-11 19:26:49.971,1789165609.9719706,-29
2026-09-11 19:26:49.979,1789165609.979663,-19
2026-09-11 19:26:49.987,1789165609.9873552,-14
2026-09-11 19:26:49.995,1789165609.9950476,-7
2026-09-11 19:26:50.002,1789165610.0027397,9
2026-09-11 19:26:50.010,1789165610.010432,29
2026-09-11 19:26:50.018,1789165610.0181243,38
2026-09-11 19:26:50.025,1789165610.0258167,48
2026-09-11 19:26:50.033,1789165610.033509,65
2026-09-11 19:26:50.041,1789165610.0412014,70
2026-09-11 19:26:50.048,1789165610.0488937,65
2026-09-11 19:26:50.056,1789165610.056586,63
2026-09-11 19:26:50.064,1789165610.0642781,65
2026-09-11 19:26:50.071,1789165610.0719705,58
2026-09-11 19:26:50.079,1789165610.0796628,46
2026-09-11 19:26:50.087,1789165610.0873551,21
2026-09-11 19:26:50.095,1789165610.0950475,-16
2026-09-11 19:26:50.102,1789165610.1027398,-50
2026-09-11 19:26:50.110,1789165610.1104321,-75
2026-09-11 19:26:50.118,1789165610.1181245,-94
2026-09-11 19:26:50.125,1789165610.1258168,-109
2026-09-11 19:26:50.133,1789165610.133509,-113
2026-09-11 19:26:50.141,1789165610.1412013,-121
2026-09-11 19:26:50.148,1789165610.1488936,-128
2026-09-11 19:26:50.156,1789165610.156014,-118
2026-09-11 19:26:50.163,1789165610.1637063,-101
2026-09-11 19:26:50.171,1789165610.1713986,-94
2026-09-11 19:26:50.179,1789165610.179091,-87
2026-09-11 19:26:50.186,1789165610.1867833,-75
2026-09-11 19:26:50.194,1789165610.1944754,-63
2026-09-11 19:26:50.202,1789165610.2021677,-58
2026-09-11 19:26:50.209,1789165610.20986,-53
2026-09-11 19:26:50.217,1789165610.2175524,-50
2026-09-11 19:26:50.225,1789165610.2252448,-58
2026-09-11 19:26:50.232,1789165610.232937,-60
2026-09-11 19:26:50.240,1789165610.2406294,-58
2026-09-11 19:26:50.248,1789165610.2483218,-58
2026-09-11 19:26:50.256,1789165610.2560139,-60
2026-09-11 19:26:50.263,1789165610.2637062,-58
2026-09-11 19:26:50.271,1789165610.2713985,-55
2026-09-11 19:26:50.279,1789165610.279091,-65
2026-09-11 19:26:50.286,1789165610.2867832,-80
2026-09-11 19:26:50.294,1789165610.2944756,-84
2026-09-11 19:26:50.302,1789165610.302168,-75
2026-09-11 19:26:50.309,1789165610.3098602,-63
2026-09-11 19:26:50.317,1789165610.3175523,-50
2026-09-11 19:26:50.325,1789165610.3252447,-29
2026-09-11 19:26:50.332,1789165610.332937,-2
2026-09-11 19:26:50.340,1789165610.3406293,7
2026-09-11 19:26:50.348,1789165610.3483217,-4
2026-09-11 19:26:50.356,1789165610.356014,-26
2026-09-11 19:26:50.363,1789165610.3637064,-50
2026-09-11 19:26:50.371,1789165610.3713987,-70
2026-09-11 19:26:50.379,1789165610.3790908,-70
2026-09-11 19:26:50.386,1789165610.3867831,-65
2026-09-11 19:26:50.394,1789165610.3944755,-65
2026-09-11 19:26:50.402,1789165610.4021678,-63
2026-09-11 19:26:50.409,1789165610.4098601,-55
2026-09-11 19:26:50.417,1789165610.4175525,-53
2026-09-11 19:26:50.425,1789165610.4252448,-55
2026-09-11 19:26:50.432,1789165610.4329371,-21
2026-09-11 19:26:50.440,1789165610.4406292,128
2026-09-11 19:26:50.448,1789165610.4483216,404
2026-09-11 19:26:50.456,1789165610.456014,732
2026-09-11 19:26:50.463,1789165610.4637063,868
2026-09-11 19:26:50.471,1789165610.4713986,356
2026-09-11 19:26:50.479,1789165610.479091,-419
2026-09-11 19:26:50.486,1789165610.4867833,-460
2026-09-11 19:26:50.494,1789165610.4944756,-80
2026-09-11 19:26:50.502,1789165610.5021677,-67
2026-09-11 19:26:50.509,1789165610.50986,-155
2026-09-11 19:26:50.517,1789165610.5175524,-87
2026-09-11 19:26:50.525,1789165610.5252447,-75
2026-09-11 19:26:50.532,1789165610.532937,-104
2026-09-11 19:26:50.540,1789165610.5406294,-72
2026-09-11 19:26:50.548,1789165610.5483217,-46
2026-09-11 19:26:50.556,1789165610.556014,-53
2026-09-11 19:26:50.563,1789165610.5637062,-43
2026-09-11 19:26:50.571,1789165610.5713985,-21
2026-09-11 19:26:50.579,1789165610.5790908,-12
2026-09-11 19:26:50.586,1789165610.5867832,-4
2026-09-11 19:26:50.594,1789165610.5944755,4
2026-09-11 19:26:50.602,1789165610.6021678,4
2026-09-11 19:26:50.609,1789165610.6098602,7
2026-09-11 19:26:50.617,1789165610.6175525,9
2026-09-11 19:26:50.625,1789165610.6252446,19
2026-09-11 19:26:50.632,1789165610.632937,33
2026-09-11 19:26:50.640,1789165610.6406293,46
2026-09-11 19:26:50.648,1789165610.6483216,55
2026-09-11 19:26:50.656,1789165610.656014,70
2026-09-11 19:26:50.663,1789165610.6637063,77
2026-09-11 19:26:50.671,1789165610.6713986,77
2026-09-11 19:26:50.679,1789165610.679091,80
2026-09-11 19:26:50.686,1789165610.6867833,80
2026-09-11 19:26:50.694,1789165610.6944754,67
2026-09-11 19:26:50.702,1789165610.7021677,50
2026-09-11 19:26:50.709,1789165610.70986,29
2026-09-11 19:26:50.716,1789165610.7169604,0
2026-09-11 19:26:50.724,1789165610.7246528,-31
2026-09-11 19:26:50.732,1789165610.732345,-67
2026-09-11 19:26:50.740,1789165610.7400374,-89
2026-09-11 19:26:50.747,1789165610.7477298,-97
2026-09-11 19:26:50.755,1789165610.7554219,-109
2026-09-11 19:26:50.763,1789165610.7631142,-113
2026-09-11 19:26:50.770,1789165610.7708066,-104
2026-09-11 19:26:50.778,1789165610.778499,-94
2026-09-11 19:26:50.786,1789165610.7861912,-99
2026-09-11 19:26:50.793,1789165610.7938836,-97
2026-09-11 19:26:50.801,1789165610.801576,-87
2026-09-11 19:26:50.809,1789165610.8092682,-80
2026-09-11 19:26:50.816,1789165610.8169603,-67
2026-09-11 19:26:50.824,1789165610.8246527,-58
2026-09-11 19:26:50.832,1789165610.832345,-58
2026-09-11 19:26:50.840,1789165610.8400373,-60
2026-09-11 19:26:50.847,1789165610.8477297,-55
2026-09-11 19:26:50.855,1789165610.855422,-53
2026-09-11 19:26:50.863,1789165610.8631144,-53
2026-09-11 19:26:50.870,1789165610.8708067,-60
2026-09-11 19:26:50.878,1789165610.8784988,-60
2026-09-11 19:26:50.886,1789165610.8861911,-50
2026-09-11 19:26:50.893,1789165610.8938835,-53
2026-09-11 19:26:50.901,1789165610.9015758,-72
2026-09-11 19:26:50.909,1789165610.9092681,-75
2026-09-11 19:26:50.916,1789165610.9169605,-70
2026-09-11 19:26:50.924,1789165610.9246528,-80
2026-09-11 19:26:50.932,1789165610.9323452,-84
2026-09-11 19:26:50.940,1789165610.9400373,-75
2026-09-11 19:26:50.947,1789165610.9477296,-72
2026-09-11 19:26:50.955,1789165610.955422,-70
2026-09-11 19:26:50.963,1789165610.9631143,-50
2026-09-11 19:26:50.970,1789165610.9708066,-31
2026-09-11 19:26:50.978,1789165610.978499,-29
2026-09-11 19:26:50.986,1789165610.9861913,-33
2026-09-11 19:26:50.993,1789165610.9938836,-48
2026-09-11 19:26:51.001,1789165611.0015757,-67
2026-09-11 19:26:51.009,1789165611.009268,-75
2026-09-11 19:26:51.016,1789165611.0169604,-77
2026-09-11 19:26:51.024,1789165611.0246527,-80
2026-09-11 19:26:51.032,1789165611.032345,-75
2026-09-11 19:26:51.040,1789165611.0400374,-65
2026-09-11 19:26:51.047,1789165611.0477297,-70
2026-09-11 19:26:51.055,1789165611.055422,-80
2026-09-11 19:26:51.063,1789165611.0631142,-82
2026-09-11 19:26:51.070,1789165611.0708065,-41
2026-09-11 19:26:51.078,1789165611.0784988,123
2026-09-11 19:26:51.086,1789165611.0861912,414
2026-09-11 19:26:51.093,1789165611.0938835,742
2026-09-11 19:26:51.101,1789165611.1015759,843
2026-09-11 19:26:51.109,1789165611.1092682,291
2026-09-11 19:26:51.116,1789165611.1169605,-465
2026-09-11 19:26:51.124,1789165611.1246526,-455
2026-09-11 19:26:51.132,1789165611.132345,-84
2026-09-11 19:26:51.140,1789165611.1400373,-104
2026-09-11 19:26:51.147,1789165611.1477296,-189
2026-09-11 19:26:51.155,1789165611.155422,-104
2026-09-11 19:26:51.163,1789165611.1631143,-89
2026-09-11 19:26:51.170,1789165611.1708066,-123
2026-09-11 19:26:51.178,1789165611.178499,-92
2026-09-11 19:26:51.186,1789165611.186191,-67
2026-09-11 19:26:51.193,1789165611.1938834,-77
2026-09-11 19:26:51.201,1789165611.2015758,-72
2026-09-11 19:26:51.209,1789165611.209268,-55
2026-09-11 19:26:51.216,1789165611.2169604,-48
2026-09-11 19:26:51.224,1789165611.2246528,-41
2026-09-11 19:26:51.232,1789165611.232345,-26
2026-09-11 19:26:51.240,1789165611.2400374,-9
2026-09-11 19:26:51.247,1789165611.2477298,-2
2026-09-11 19:26:51.255,1789165611.2554219,0
2026-09-11 19:26:51.263,1789165611.2631142,16
2026-09-11 19:26:51.270,1789165611.2708066,41
2026-09-11 19:26:51.277,1789165611.277937,50
2026-09-11 19:26:51.285,1789165611.2856293,55
2026-09-11 19:26:51.293,1789165611.2933216,60
2026-09-11 19:26:51.301,1789165611.301014,63
2026-09-11 19:26:51.308,1789165611.3087063,65
2026-09-11 19:26:51.316,1789165611.3163984,65
2026-09-11 19:26:51.324,1789165611.3240907,63
2026-09-11 19:26:51.331,1789165611.331783,50
2026-09-11 19:26:51.339,1789165611.3394754,29
2026-09-11 19:26:51.347,1789165611.3471677,0
2026-09-11 19:26:51.354,1789165611.35486,-36
2026-09-11 19:26:51.362,1789165611.3625524,-70
2026-09-11 19:26:51.370,1789165611.3702447,-97
2026-09-11 19:26:51.377,1789165611.3779368,-113
2026-09-11 19:26:51.385,1789165611.3856292,-128
2026-09-11 19:26:51.393,1789165611.3933215,-130
2026-09-11 19:26:51.401,1789165611.4010139,-123
2026-09-11 19:26:51.408,1789165611.4087062,-113
2026-09-11 19:26:51.416,1789165611.4163985,-111
2026-09-11 19:26:51.424,1789165611.4240909,-111
2026-09-11 19:26:51.431,1789165611.4317832,-101
2026-09-11 19:26:51.439,1789165611.4394753,-89
2026-09-11 19:26:51.447,1789165611.4471676,-80
2026-09-11 19:26:51.454,1789165611.45486,-70
2026-09-11 19:26:51.462,1789165611.4625523,-67
2026-09-11 19:26:51.470,1789165611.4702446,-75
2026-09-11 19:26:51.477,1789165611.477937,-77
2026-09-11 19:26:51.485,1789165611.4856293,-80
2026-09-11 19:26:51.493,1789165611.4933217,-82
2026-09-11 19:26:51.501,1789165611.5010138,-82
2026-09-11 19:26:51.508,1789165611.508706,-75
2026-09-11 19:26:51.516,1789165611.5163984,-72
2026-09-11 19:26:51.524,1789165611.5240908,-75
2026-09-11 19:26:51.531,1789165611.531783,-77
2026-09-11 19:26:51.539,1789165611.5394754,-75
2026-09-11 19:26:51.547,1789165611.5471678,-70
2026-09-11 19:26:51.554,1789165611.55486,-70
2026-09-11 19:26:51.562,1789165611.5625522,-70
2026-09-11 19:26:51.570,1789165611.5702446,-70
2026-09-11 19:26:51.577,1789165611.577937,-70
2026-09-11 19:26:51.585,1789165611.5856292,-70
2026-09-11 19:26:51.593,1789165611.5933216,-77
2026-09-11 19:26:51.601,1789165611.601014,-87
2026-09-11 19:26:51.608,1789165611.6087062,-84
2026-09-11 19:26:51.616,1789165611.6163986,-72
2026-09-11 19:26:51.624,1789165611.6240907,-60
2026-09-11 19:26:51.631,1789165611.631783,-43
2026-09-11 19:26:51.639,1789165611.6394753,-19
2026-09-11 19:26:51.647,1789165611.6471677,-2
2026-09-11 19:26:51.654,1789165611.65486,-4
2026-09-11 19:26:51.662,1789165611.6625524,-24
2026-09-11 19:26:51.670,1789165611.6702447,-53
2026-09-11 19:26:51.677,1789165611.677937,-65
2026-09-11 19:26:51.685,1789165611.6856291,-63
2026-09-11 19:26:51.693,1789165611.6933215,-58
2026-09-11 19:26:51.701,1789165611.7010138,-53
2026-09-11 19:26:51.708,1789165611.7087061,-50
2026-09-11 19:26:51.716,1789165611.7163985,-50
2026-09-11 19:26:51.724,1789165611.7240908,-55
2026-09-11 19:26:51.731,1789165611.7317832,-58
2026-09-11 19:26:51.739,1789165611.7394755,-19
2026-09-11 19:26:51.747,1789165611.7471676,130
2026-09-11 19:26:51.754,1789165611.75486,395
2026-09-11 19:26:51.762,1789165611.7625523,703
2026-09-11 19:26:51.770,1789165611.7702446,863
2026-09-11 19:26:51.777,1789165611.777937,426
2026-09-11 19:26:51.785,1789165611.7856293,-356
2026-09-11 19:26:51.793,1789165611.7933216,-470
2026-09-11 19:26:51.801,1789165611.801014,-92
2026-09-11 19:26:51.808,1789165611.8087063,-67
2026-09-11 19:26:51.816,1789165611.8163984,-172
2026-09-11 19:26:51.824,1789165611.8240907,-94
2026-09-11 19:26:51.831,1789165611.831783,-67
2026-09-11 19:26:51.838,1789165611.838914,-109
2026-09-11 19:26:51.846,1789165611.8466063,-87
2026-09-11 19:26:51.854,1789165611.8542986,-60
2026-09-11 19:26:51.861,1789165611.861991,-67
2026-09-11 19:26:51.869,1789165611.8696833,-58
2026-09-11 19:26:51.877,1789165611.8773754,-41
2026-09-11 19:26:51.885,1789165611.8850677,-36
2026-09-11 19:26:51.892,1789165611.89276,-29
2026-09-11 19:26:51.900,1789165611.9004524,-14
2026-09-11 19:26:51.908,1789165611.9081447,-9
2026-09-11 19:26:51.915,1789165611.915837,-4
2026-09-11 19:26:51.923,1789165611.9235294,4
2026-09-11 19:26:51.931,1789165611.9312217,16
2026-09-11 19:26:51.938,1789165611.9389138,36
2026-09-11 19:26:51.946,1789165611.9466062,58
2026-09-11 19:26:51.954,1789165611.9542985,75
2026-09-11 19:26:51.961,1789165611.9619908,87
2026-09-11 19:26:51.969,1789165611.9696832,94
2026-09-11 19:26:51.977,1789165611.9773755,106
2026-09-11 19:26:51.985,1789165611.9850678,113
2026-09-11 19:26:51.992,1789165611.9927602,106
2026-09-11 19:26:52.000,1789165612.0004523,94
2026-09-11 19:26:52.008,1789165612.0081446,77
2026-09-11 19:26:52.015,1789165612.015837,48
2026-09-11 19:26:52.023,1789165612.0235293,9
2026-09-11 19:26:52.031,1789165612.0312216,-26
2026-09-11 19:26:52.038,1789165612.038914,-58
2026-09-11 19:26:52.046,1789165612.0466063,-72
2026-09-11 19:26:52.054,1789165612.0542986,-87
2026-09-11 19:26:52.061,1789165612.0619907,-109
2026-09-11 19:26:52.069,1789165612.069683,-123
2026-09-11 19:26:52.077,1789165612.0773754,-106
2026-09-11 19:26:52.085,1789165612.0850677,-80
2026-09-11 19:26:52.092,1789165612.09276,-65
2026-09-11 19:26:52.100,1789165612.1004524,-48
2026-09-11 19:26:52.108,1789165612.1081448,-38
2026-09-11 19:26:52.115,1789165612.115837,-50
2026-09-11 19:26:52.123,1789165612.1235292,-53
2026-09-11 19:26:52.131,1789165612.1312215,-43
2026-09-11 19:26:52.138,1789165612.1389139,-50
2026-09-11 19:26:52.146,1789165612.1466062,-53
2026-09-11 19:26:52.154,1789165612.1542985,-43
2026-09-11 19:26:52.161,1789165612.161991,-36
2026-09-11 19:26:52.169,1789165612.1696832,-36
2026-09-11 19:26:52.177,1789165612.1773756,-41
2026-09-11 19:26:52.185,1789165612.1850677,-43
2026-09-11 19:26:52.192,1789165612.19276,-41
2026-09-11 19:26:52.200,1789165612.2004523,-43
2026-09-11 19:26:52.208,1789165612.2081447,-58
2026-09-11 19:26:52.215,1789165612.215837,-63
2026-09-11 19:26:52.223,1789165612.2235293,-58
2026-09-11 19:26:52.231,1789165612.2312217,-55
2026-09-11 19:26:52.238,1789165612.238914,-58
2026-09-11 19:26:52.246,1789165612.246606,-58
2026-09-11 19:26:52.254,1789165612.2542984,-58
2026-09-11 19:26:52.261,1789165612.2619908,-65
2026-09-11 19:26:52.269,1789165612.2696831,-72
2026-09-11 19:26:52.277,1789165612.2773755,-72
2026-09-11 19:26:52.285,1789165612.2850678,-67
2026-09-11 19:26:52.292,1789165612.2927601,-65
2026-09-11 19:26:52.300,1789165612.3004525,-58
2026-09-11 19:26:52.308,1789165612.3081446,-48
2026-09-11 19:26:52.315,1789165612.315837,-29
2026-09-11 19:26:52.323,1789165612.3235292,-12
2026-09-11 19:26:52.331,1789165612.3312216,-12
2026-09-11 19:26:52.338,1789165612.338914,-26
2026-09-11 19:26:52.346,1789165612.3466063,-46
2026-09-11 19:26:52.354,1789165612.3542986,-65
2026-09-11 19:26:52.361,1789165612.361991,-72
2026-09-11 19:26:52.369,1789165612.3696833,-72
2026-09-11 19:26:52.377,1789165612.3773754,-77
2026-09-11 19:26:52.385,1789165612.3850677,-80
2026-09-11 19:26:52.392,1789165612.39276,-75
2026-09-11 19:26:52.399,1789165612.3998601,-77
2026-09-11 19:26:52.407,1789165612.4075525,-82
2026-09-11 19:26:52.415,1789165612.4152448,-72
2026-09-11 19:26:52.422,1789165612.4229372,12
2026-09-11 19:26:52.430,1789165612.4306295,237
2026-09-11 19:26:52.438,1789165612.4383216,545
2026-09-11 19:26:52.446,1789165612.446014,831
2026-09-11 19:26:52.453,1789165612.4537063,727
2026-09-11 19:26:52.461,1789165612.4613986,-14
2026-09-11 19:26:52.469,1789165612.469091,-550
2026-09-11 19:26:52.476,1789165612.4767833,-288
2026-09-11 19:26:52.484,1789165612.4844756,-36
2026-09-11 19:26:52.492,1789165612.492168,-140
2026-09-11 19:26:52.499,1789165612.49986,-138
2026-09-11 19:26:52.507,1789165612.5075524,-55
2026-09-11 19:26:52.515,1789165612.5152447,-80
2026-09-11 19:26:52.522,1789165612.522937,-92
2026-09-11 19:26:52.530,1789165612.5306294,-53
2026-09-11 19:26:52.538,1789165612.5383217,-43
2026-09-11 19:26:52.546,1789165612.546014,-43
2026-09-11 19:26:52.553,1789165612.5537064,-29
2026-09-11 19:26:52.561,1789165612.5613985,-12
2026-09-11 19:26:52.569,1789165612.5690908,4
2026-09-11 19:26:52.576,1789165612.5767832,12
2026-09-11 19:26:52.584,1789165612.5844755,7
2026-09-11 19:26:52.592,1789165612.5921679,12
2026-09-11 19:26:52.599,1789165612.5998602,31
2026-09-11 19:26:52.607,1789165612.6075525,43
2026-09-11 19:26:52.615,1789165612.6152449,48
2026-09-11 19:26:52.622,1789165612.622937,60
2026-09-11 19:26:52.630,1789165612.6306293,77
2026-09-11 19:26:52.638,1789165612.6383216,87
2026-09-11 19:26:52.646,1789165612.646014,97
2026-09-11 19:26:52.653,1789165612.6537063,106
2026-09-11 19:26:52.661,1789165612.6613986,109
2026-09-11 19:26:52.669,1789165612.669091,106
2026-09-11 19:26:52.676,1789165612.6767833,99
2026-09-11 19:26:52.684,1789165612.6844754,84
2026-09-11 19:26:52.692,1789165612.6921678,67
2026-09-11 19:26:52.699,1789165612.69986,46
2026-09-11 19:26:52.707,1789165612.7075524,4
2026-09-11 19:26:52.715,1789165612.7152448,-46
2026-09-11 19:26:52.722,1789165612.722937,-75
2026-09-11 19:26:52.730,1789165612.7306294,-92
2026-09-11 19:26:52.738,1789165612.7383218,-101
2026-09-11 19:26:52.746,1789165612.7460139,-92
2026-09-11 19:26:52.753,1789165612.7537062,-84
2026-09-11 19:26:52.761,1789165612.7613986,-106
2026-09-11 19:26:52.769,1789165612.769091,-113
2026-09-11 19:26:52.776,1789165612.7767832,-87
2026-09-11 19:26:52.784,1789165612.7844756,-50
2026-09-11 19:26:52.792,1789165612.792168,-31
2026-09-11 19:26:52.799,1789165612.7998602,-24
2026-09-11 19:26:52.807,1789165612.8075523,-29
2026-09-11 19:26:52.815,1789165612.8152447,-50
2026-09-11 19:26:52.822,1789165612.822937,-72
2026-09-11 19:26:52.830,1789165612.8306293,-72
2026-09-11 19:26:52.838,1789165612.8383217,-72
2026-09-11 19:26:52.846,1789165612.846014,-75
2026-09-11 19:26:52.853,1789165612.8537064,-70
2026-09-11 19:26:52.861,1789165612.8613987,-53
2026-09-11 19:26:52.869,1789165612.8690908,-48
2026-09-11 19:26:52.876,1789165612.8767831,-67
2026-09-11 19:26:52.884,1789165612.8844755,-77
2026-09-11 19:26:52.892,1789165612.8921678,-67
2026-09-11 19:26:52.899,1789165612.8998601,-72
2026-09-11 19:26:52.907,1789165612.9075525,-82
2026-09-11 19:26:52.915,1789165612.9152448,-75
2026-09-11 19:26:52.922,1789165612.9229372,-72
2026-09-11 19:26:52.930,1789165612.9306295,-80
2026-09-11 19:26:52.938,1789165612.9383216,-80
2026-09-11 19:26:52.946,1789165612.946014,-72
2026-09-11 19:26:52.953,1789165612.9537063,-70
2026-09-11 19:26:52.960,1789165612.9608371,-70
2026-09-11 19:26:52.968,1789165612.9685295,-82
2026-09-11 19:26:52.976,1789165612.9762218,-94
2026-09-11 19:26:52.983,1789165612.9839141,-87
2026-09-11 19:26:52.991,1789165612.9916065,-77
2026-09-11 19:26:52.999,1789165612.9992986,-72
2026-09-11 19:26:53.006,1789165613.006991,-50
2026-09-11 19:26:53.014,1789165613.0146832,-16
2026-09-11 19:26:53.022,1789165613.0223756,7
2026-09-11 19:26:53.030,1789165613.030068,7
2026-09-11 19:26:53.037,1789165613.0377603,2
2026-09-11 19:26:53.045,1789165613.0454526,-12
2026-09-11 19:26:53.053,1789165613.053145,-31
2026-09-11 19:26:53.060,1789165613.060837,-53
2026-09-11 19:26:53.068,1789165613.0685294,-63
2026-09-11 19:26:53.076,1789165613.0762217,-50
2026-09-11 19:26:53.083,1789165613.083914,-31
2026-09-11 19:26:53.091,1789165613.0916064,-26
2026-09-11 19:26:53.099,1789165613.0992987,-29
2026-09-11 19:26:53.106,1789165613.106991,-26
2026-09-11 19:26:53.114,1789165613.1146834,21
2026-09-11 19:26:53.122,1789165613.1223755,179
2026-09-11 19:26:53.130,1789165613.1300678,443
2026-09-11 19:26:53.137,1789165613.1377602,756
2026-09-11 19:26:53.145,1789165613.1454525,831
2026-09-11 19:26:53.153,1789165613.1531448,247
2026-09-11 19:26:53.160,1789165613.1608372,-485
2026-09-11 19:26:53.168,1789165613.1685295,-438
2026-09-11 19:26:53.176,1789165613.1762218,-80
2026-09-11 19:26:53.183,1789165613.183914,-109
2026-09-11 19:26:53.191,1789165613.1916063,-179
2026-09-11 19:26:53.199,1789165613.1992986,-101
2026-09-11 19:26:53.206,1789165613.206991,-97
2026-09-11 19:26:53.214,1789165613.2146833,-126
2026-09-11 19:26:53.222,1789165613.2223756,-89
2026-09-11 19:26:53.230,1789165613.230068,-65
2026-09-11 19:26:53.237,1789165613.2377603,-72
2026-09-11 19:26:53.245,1789165613.2454524,-65
2026-09-11 19:26:53.253,1789165613.2531447,-55
2026-09-11 19:26:53.260,1789165613.260837,-50
2026-09-11 19:26:53.268,1789165613.2685294,-41
2026-09-11 19:26:53.276,1789165613.2762218,-31
2026-09-11 19:26:53.283,1789165613.283914,-24
2026-09-11 19:26:53.291,1789165613.2916064,-7
2026-09-11 19:26:53.299,1789165613.2992988,9
2026-09-11 19:26:53.306,1789165613.3069909,19
2026-09-11 19:26:53.314,1789165613.3146832,29
2026-09-11 19:26:53.322,1789165613.3223755,50
2026-09-11 19:26:53.330,1789165613.3300679,70
2026-09-11 19:26:53.337,1789165613.3377602,84
2026-09-11 19:26:53.345,1789165613.3454525,97
2026-09-11 19:26:53.353,1789165613.353145,106
2026-09-11 19:26:53.360,1789165613.3608372,109
2026-09-11 19:26:53.368,1789165613.3685293,104
2026-09-11 19:26:53.376,1789165613.3762217,82
2026-09-11 19:26:53.383,1789165613.383914,50
2026-09-11 19:26:53.391,1789165613.3916063,16
2026-09-11 19:26:53.399,1789165613.3992987,-19
2026-09-11 19:26:53.406,1789165613.406991,-60
2026-09-11 19:26:53.414,1789165613.4146833,-92
2026-09-11 19:26:53.422,1789165613.4223757,-111
2026-09-11 19:26:53.430,1789165613.4300678,-113
2026-09-11 19:26:53.437,1789165613.43776,-106
2026-09-11 19:26:53.445,1789165613.4454525,-97
2026-09-11 19:26:53.453,1789165613.4531448,-92
2026-09-11 19:26:53.460,1789165613.4608371,-84
2026-09-11 19:26:53.468,1789165613.4685295,-72
2026-09-11 19:26:53.476,1789165613.4762218,-63
2026-09-11 19:26:53.483,1789165613.4839141,-55
2026-09-11 19:26:53.491,1789165613.4916065,-53
2026-09-11 19:26:53.499,1789165613.4992986,-55
2026-09-11 19:26:53.506,1789165613.506991,-55
2026-09-11 19:26:53.514,1789165613.5146832,-58
2026-09-11 19:26:53.521,1789165613.5218139,-63
2026-09-11 19:26:53.529,1789165613.5295062,-63
2026-09-11 19:26:53.537,1789165613.5371985,-63
2026-09-11 19:26:53.544,1789165613.5448909,-67
2026-09-11 19:26:53.552,1789165613.5525832,-63
2026-09-11 19:26:53.560,1789165613.5602753,-33
2026-09-11 19:26:53.567,1789165613.5679677,-4
2026-09-11 19:26:53.575,1789165613.57566,-19
2026-09-11 19:26:53.583,1789165613.5833523,-50
2026-09-11 19:26:53.591,1789165613.5910447,-63
2026-09-11 19:26:53.598,1789165613.598737,-63
2026-09-11 19:26:53.606,1789165613.6064293,-65
2026-09-11 19:26:53.614,1789165613.6141217,-70
2026-09-11 19:26:53.621,1789165613.6218138,-70
2026-09-11 19:26:53.629,1789165613.629506,-60
2026-09-11 19:26:53.637,1789165613.6371984,-46
2026-09-11 19:26:53.644,1789165613.6448908,-43
2026-09-11 19:26:53.652,1789165613.6525831,-43
2026-09-11 19:26:53.660,1789165613.6602755,-43
2026-09-11 19:26:53.667,1789165613.6679678,-53
2026-09-11 19:26:53.675,1789165613.6756601,-67
2026-09-11 19:26:53.683,1789165613.6833522,-63
2026-09-11 19:26:53.691,1789165613.6910446,-46
2026-09-11 19:26:53.698,1789165613.698737,-33
2026-09-11 19:26:53.706,1789165613.7064292,-12
2026-09-11 19:26:53.714,1789165613.7141216,12
2026-09-11 19:26:53.721,1789165613.721814,12
2026-09-11 19:26:53.729,1789165613.7295063,-14
2026-09-11 19:26:53.737,1789165613.7371986,-43
2026-09-11 19:26:53.744,1789165613.7448907,-55
2026-09-11 19:26:53.752,1789165613.752583,-58
2026-09-11 19:26:53.760,1789165613.7602754,-63
2026-09-11 19:26:53.767,1789165613.7679677,-60
2026-09-11 19:26:53.775,1789165613.77566,-55
2026-09-11 19:26:53.783,1789165613.7833524,-55
2026-09-11 19:26:53.791,1789165613.7910447,-60
2026-09-11 19:26:53.798,1789165613.798737,-63
2026-09-11 19:26:53.806,1789165613.8064291,-41
2026-09-11 19:26:53.814,1789165613.8141215,82
2026-09-11 19:26:53.821,1789165613.8218138,337
2026-09-11 19:26:53.829,1789165613.8295062,652
2026-09-11 19:26:53.837,1789165613.8371985,858
2026-09-11 19:26:53.844,1789165613.8448908,506
2026-09-11 19:26:53.852,1789165613.8525832,-300
2026-09-11 19:26:53.860,1789165613.8602755,-538
2026-09-11 19:26:53.867,1789165613.8679676,-164
2026-09-11 19:26:53.875,1789165613.87566,-72
2026-09-11 19:26:53.883,1789165613.8833523,-186
2026-09-11 19:26:53.891,1789165613.8910446,-123
2026-09-11 19:26:53.898,1789165613.898737,-77
2026-09-11 19:26:53.906,1789165613.9064293,-116
2026-09-11 19:26:53.914,1789165613.9141216,-101
2026-09-11 19:26:53.921,1789165613.921814,-72
2026-09-11 19:26:53.929,1789165613.929506,-77
2026-09-11 19:26:53.937,1789165613.9371984,-72
2026-09-11 19:26:53.944,1789165613.9448907,-53
2026-09-11 19:26:53.952,1789165613.952583,-43
2026-09-11 19:26:53.960,1789165613.9602754,-33
2026-09-11 19:26:53.967,1789165613.9679677,-19
2026-09-11 19:26:53.975,1789165613.97566,-12
2026-09-11 19:26:53.983,1789165613.9833524,-4
2026-09-11 19:26:53.991,1789165613.9910445,4
2026-09-11 19:26:53.998,1789165613.9987369,16
2026-09-11 19:26:54.006,1789165614.0064292,31
2026-09-11 19:26:54.014,1789165614.0141215,50
2026-09-11 19:26:54.021,1789165614.0218139,67
2026-09-11 19:26:54.029,1789165614.0295062,80
2026-09-11 19:26:54.037,1789165614.0371985,87
2026-09-11 19:26:54.044,1789165614.0448909,92
2026-09-11 19:26:54.052,1789165614.0525832,97
2026-09-11 19:26:54.060,1789165614.0602753,94
2026-09-11 19:26:54.067,1789165614.0679677,80
2026-09-11 19:26:54.075,1789165614.07566,60
2026-09-11 19:26:54.082,1789165614.08276,29
2026-09-11 19:26:54.090,1789165614.0904524,-9
2026-09-11 19:26:54.098,1789165614.0981448,-50
2026-09-11 19:26:54.105,1789165614.105837,-82
2026-09-11 19:26:54.113,1789165614.1135294,-106
2026-09-11 19:26:54.121,1789165614.1212215,-128
2026-09-11 19:26:54.128,1789165614.1289139,-140
2026-09-11 19:26:54.136,1789165614.1366062,-135
2026-09-11 19:26:54.144,1789165614.1442986,-128
2026-09-11 19:26:54.151,1789165614.151991,-123
2026-09-11 19:26:54.159,1789165614.1596832,-113
2026-09-11 19:26:54.167,1789165614.1673756,-104
2026-09-11 19:26:54.175,1789165614.175068,-92
2026-09-11 19:26:54.182,1789165614.18276,-84
2026-09-11 19:26:54.190,1789165614.1904523,-82
2026-09-11 19:26:54.198,1789165614.1981447,-77
2026-09-11 19:26:54.205,1789165614.205837,-70
2026-09-11 19:26:54.213,1789165614.2135293,-65
2026-09-11 19:26:54.221,1789165614.2212217,-60
2026-09-11 19:26:54.228,1789165614.228914,-58
2026-09-11 19:26:54.236,1789165614.2366064,-50
2026-09-11 19:26:54.244,1789165614.2442985,-48
2026-09-11 19:26:54.251,1789165614.2519908,-50
2026-09-11 19:26:54.259,1789165614.2596831,-50
2026-09-11 19:26:54.267,1789165614.2673755,-50
2026-09-11 19:26:54.275,1789165614.2750678,-48
2026-09-11 19:26:54.282,1789165614.2827601,-31
2026-09-11 19:26:54.290,1789165614.2904525,-12
2026-09-11 19:26:54.298,1789165614.2981448,-12
2026-09-11 19:26:54.305,1789165614.305837,-24
2026-09-11 19:26:54.313,1789165614.3135293,-29
2026-09-11 19:26:54.321,1789165614.3212216,-26
2026-09-11 19:26:54.328,1789165614.328914,-26
2026-09-11 19:26:54.336,1789165614.3366063,-29
2026-09-11 19:26:54.344,1789165614.3442986,-36
2026-09-11 19:26:54.351,1789165614.351991,-43
2026-09-11 19:26:54.359,1789165614.3596833,-43
2026-09-11 19:26:54.367,1789165614.3673754,-43
2026-09-11 19:26:54.375,1789165614.3750677,-41
2026-09-11 19:26:54.382,1789165614.38276,-14
2026-09-11 19:26:54.390,1789165614.3904524,24
2026-09-11 19:26:54.398,1789165614.3981447,33
2026-09-11 19:26:54.405,1789165614.405837,19
2026-09-11 19:26:54.413,1789165614.4135294,4
2026-09-11 19:26:54.421,1789165614.4212217,-4
2026-09-11 19:26:54.428,1789165614.4289138,-14
2026-09-11 19:26:54.436,1789165614.4366062,-24
2026-09-11 19:26:54.444,1789165614.4442985,-26
2026-09-11 19:26:54.451,1789165614.4519908,-24
2026-09-11 19:26:54.459,1789165614.4596832,-21
2026-09-11 19:26:54.467,1789165614.4673755,-21
2026-09-11 19:26:54.475,1789165614.4750679,-24
2026-09-11 19:26:54.482,1789165614.4827602,-7
2026-09-11 19:26:54.490,1789165614.4904523,82
2026-09-11 19:26:54.498,1789165614.4981446,300
2026-09-11 19:26:54.505,1789165614.505837,608
2026-09-11 19:26:54.513,1789165614.5135293,880
2026-09-11 19:26:54.521,1789165614.5212216,703
2026-09-11 19:26:54.528,1789165614.528914,-75
2026-09-11 19:26:54.536,1789165614.5366063,-523
2026-09-11 19:26:54.544,1789165614.5442986,-206
2026-09-11 19:26:54.551,1789165614.5519907,2
2026-09-11 19:26:54.559,1789165614.559683,-118
2026-09-11 19:26:54.567,1789165614.5673754,-106
2026-09-11 19:26:54.575,1789165614.5750678,-41
2026-09-11 19:26:54.582,1789165614.58276,-65
2026-09-11 19:26:54.590,1789165614.5904524,-63
2026-09-11 19:26:54.598,1789165614.5981448,-33
2026-09-11 19:26:54.605,1789165614.605837,-43
2026-09-11 19:26:54.613,1789165614.6135294,-50
2026-09-11 19:26:54.621,1789165614.6212215,-31
2026-09-11 19:26:54.628,1789165614.6289139,-7
2026-09-11 19:26:54.636,1789165614.6366062,16
2026-09-11 19:26:54.643,1789165614.6437063,36
2026-09-11 19:26:54.651,1789165614.6513987,41
2026-09-11 19:26:54.659,1789165614.659091,48
2026-09-11 19:26:54.666,1789165614.6667833,50
2026-09-11 19:26:54.674,1789165614.6744757,53
2026-09-11 19:26:54.682,1789165614.6821678,60
2026-09-11 19:26:54.689,1789165614.68986,65
2026-09-11 19:26:54.697,1789165614.6975524,75
2026-09-11 19:26:54.705,1789165614.7052448,92
2026-09-11 19:26:54.712,1789165614.712937,99
2026-09-11 19:26:54.720,1789165614.7206295,106
2026-09-11 19:26:54.728,1789165614.7283218,130
2026-09-11 19:26:54.736,1789165614.7360141,138
2026-09-11 19:26:54.743,1789165614.7437062,101
2026-09-11 19:26:54.751,1789165614.7513986,75
2026-09-11 19:26:54.759,1789165614.759091,58
2026-09-11 19:26:54.766,1789165614.7667832,19
2026-09-11 19:26:54.774,1789165614.7744756,-24
2026-09-11 19:26:54.782,1789165614.782168,-50
2026-09-11 19:26:54.789,1789165614.7898602,-77
2026-09-11 19:26:54.797,1789165614.7975526,-101
2026-09-11 19:26:54.805,1789165614.8052447,-106
2026-09-11 19:26:54.812,1789165614.812937,-104
2026-09-11 19:26:54.820,1789165614.8206294,-113
2026-09-11 19:26:54.828,1789165614.8283217,-121
2026-09-11 19:26:54.836,1789165614.836014,-111
2026-09-11 19:26:54.843,1789165614.8437064,-92
2026-09-11 19:26:54.851,1789165614.8513987,-67
2026-09-11 19:26:54.859,1789165614.859091,-48
2026-09-11 19:26:54.866,1789165614.8667831,-50
2026-09-11 19:26:54.874,1789165614.8744755,-58
2026-09-11 19:26:54.882,1789165614.8821678,-53
2026-09-11 19:26:54.889,1789165614.8898602,-50
2026-09-11 19:26:54.897,1789165614.8975525,-48
2026-09-11 19:26:54.905,1789165614.9052448,-41
2026-09-11 19:26:54.912,1789165614.9129372,-29
2026-09-11 19:26:54.920,1789165614.9206295,-26
2026-09-11 19:26:54.928,1789165614.9283216,-24
2026-09-11 19:26:54.936,1789165614.936014,-19
2026-09-11 19:26:54.943,1789165614.9437063,-21
2026-09-11 19:26:54.951,1789165614.9513986,-26
2026-09-11 19:26:54.959,1789165614.959091,-31
2026-09-11 19:26:54.966,1789165614.9667833,-38
2026-09-11 19:26:54.974,1789165614.9744756,-50
2026-09-11 19:26:54.982,1789165614.982168,-55
2026-09-11 19:26:54.989,1789165614.98986,-58
2026-09-11 19:26:54.997,1789165614.9975524,-63
2026-09-11 19:26:55.005,1789165615.0052447,-60
2026-09-11 19:26:55.012,1789165615.012937,-60
2026-09-11 19:26:55.020,1789165615.0206294,-65
2026-09-11 19:26:55.028,1789165615.0283217,-65
2026-09-11 19:26:55.036,1789165615.036014,-63
2026-09-11 19:26:55.043,1789165615.0437064,-55
2026-09-11 19:26:55.051,1789165615.0513985,-36
2026-09-11 19:26:55.059,1789165615.0590909,-16
2026-09-11 19:26:55.066,1789165615.0667832,0
2026-09-11 19:26:55.074,1789165615.0744755,2
2026-09-11 19:26:55.082,1789165615.0821679,-14
2026-09-11 19:26:55.089,1789165615.0898602,-38
2026-09-11 19:26:55.097,1789165615.0975525,-55
2026-09-11 19:26:55.105,1789165615.1052449,-65
2026-09-11 19:26:55.112,1789165615.112937,-65
2026-09-11 19:26:55.120,1789165615.1206293,-48
2026-09-11 19:26:55.128,1789165615.1283216,-36
2026-09-11 19:26:55.136,1789165615.136014,-38
2026-09-11 19:26:55.143,1789165615.1437063,-43
2026-09-11 19:26:55.151,1789165615.1513987,-41
2026-09-11 19:26:55.159,1789165615.159091,-21
2026-09-11 19:26:55.166,1789165615.1667833,84
2026-09-11 19:26:55.174,1789165615.1744757,327
2026-09-11 19:26:55.182,1789165615.1821678,632
2026-09-11 19:26:55.189,1789165615.18986,887
2026-09-11 19:26:55.197,1789165615.1975524,679
2026-09-11 19:26:55.204,1789165615.204683,-118
2026-09-11 19:26:55.212,1789165615.2123754,-526
2026-09-11 19:26:55.220,1789165615.2200677,-194
2026-09-11 19:26:55.227,1789165615.22776,-16
2026-09-11 19:26:55.235,1789165615.2354524,-130
2026-09-11 19:26:55.243,1789165615.2431445,-92
2026-09-11 19:26:55.250,1789165615.2508368,-29
2026-09-11 19:26:55.258,1789165615.2585292,-84
2026-09-11 19:26:55.266,1789165615.2662215,-94
2026-09-11 19:26:55.273,1789165615.2739139,-43
2026-09-11 19:26:55.281,1789165615.2816062,-36
2026-09-11 19:26:55.289,1789165615.2892985,-46
2026-09-11 19:26:55.296,1789165615.2969909,-21
2026-09-11 19:26:55.304,1789165615.304683,-4
2026-09-11 19:26:55.312,1789165615.3123753,-16
2026-09-11 19:26:55.320,1789165615.3200676,-7
2026-09-11 19:26:55.327,1789165615.32776,16
2026-09-11 19:26:55.335,1789165615.3354523,19
2026-09-11 19:26:55.343,1789165615.3431447,21
2026-09-11 19:26:55.350,1789165615.350837,29
2026-09-11 19:26:55.358,1789165615.3585293,43
2026-09-11 19:26:55.366,1789165615.3662214,60
2026-09-11 19:26:55.373,1789165615.3739138,75
2026-09-11 19:26:55.381,1789165615.381606,80
2026-09-11 19:26:55.389,1789165615.3892984,92
2026-09-11 19:26:55.396,1789165615.3969908,99
2026-09-11 19:26:55.404,1789165615.404683,104
2026-09-11 19:26:55.412,1789165615.4123755,104
2026-09-11 19:26:55.420,1789165615.4200678,94
2026-09-11 19:26:55.427,1789165615.42776,72
2026-09-11 19:26:55.435,1789165615.4354522,46
2026-09-11 19:26:55.443,1789165615.4431446,9
2026-09-11 19:26:55.450,1789165615.450837,-29
2026-09-11 19:26:55.458,1789165615.4585292,-60
2026-09-11 19:26:55.466,1789165615.4662216,-84
2026-09-11 19:26:55.473,1789165615.473914,-101
2026-09-11 19:26:55.481,1789165615.4816062,-113
2026-09-11 19:26:55.489,1789165615.4892983,-121
2026-09-11 19:26:55.496,1789165615.4969907,-121
2026-09-11 19:26:55.504,1789165615.504683,-116
2026-09-11 19:26:55.512,1789165615.5123754,-106
2026-09-11 19:26:55.520,1789165615.5200677,-94
2026-09-11 19:26:55.527,1789165615.52776,-89
2026-09-11 19:26:55.535,1789165615.5354524,-84
2026-09-11 19:26:55.543,1789165615.5431447,-77
2026-09-11 19:26:55.550,1789165615.5508368,-77
2026-09-11 19:26:55.558,1789165615.5585291,-82
2026-09-11 19:26:55.566,1789165615.5662215,-82
2026-09-11 19:26:55.573,1789165615.5739138,-77
2026-09-11 19:26:55.581,1789165615.5816061,-75
2026-09-11 19:26:55.589,1789165615.5892985,-67
2026-09-11 19:26:55.596,1789165615.5969908,-65
2026-09-11 19:26:55.604,1789165615.6046832,-65
2026-09-11 19:26:55.612,1789165615.6123753,-63
2026-09-11 19:26:55.620,1789165615.6200676,-58
2026-09-11 19:26:55.627,1789165615.62776,-60
2026-09-11 19:26:55.635,1789165615.6354523,-60
2026-09-11 19:26:55.643,1789165615.6431446,-53
2026-09-11 19:26:55.650,1789165615.650837,-50
2026-09-11 19:26:55.658,1789165615.6585293,-48
2026-09-11 19:26:55.666,1789165615.6662216,-41
2026-09-11 19:26:55.673,1789165615.6739137,-38
2026-09-11 19:26:55.681,1789165615.681606,-43
2026-09-11 19:26:55.689,1789165615.6892984,-53
2026-09-11 19:26:55.696,1789165615.6969907,-60
2026-09-11 19:26:55.704,1789165615.704683,-58
2026-09-11 19:26:55.712,1789165615.7123754,-50
2026-09-11 19:26:55.720,1789165615.7200677,-43
2026-09-11 19:26:55.727,1789165615.72776,-29
2026-09-11 19:26:55.735,1789165615.7354524,-4
2026-09-11 19:26:55.743,1789165615.7431445,4
2026-09-11 19:26:55.750,1789165615.7508368,-12
2026-09-11 19:26:55.758,1789165615.7585292,-36
2026-09-11 19:26:55.765,1789165615.7656598,-46
2026-09-11 19:26:55.773,1789165615.7733521,-48
2026-09-11 19:26:55.781,1789165615.7810445,-50
2026-09-11 19:26:55.788,1789165615.7887368,-55
2026-09-11 19:26:55.796,1789165615.7964292,-60
2026-09-11 19:26:55.804,1789165615.8041213,-48
2026-09-11 19:26:55.811,1789165615.8118136,-41
2026-09-11 19:26:55.819,1789165615.819506,-55
2026-09-11 19:26:55.827,1789165615.8271983,-60
2026-09-11 19:26:55.834,1789165615.8348906,-2
2026-09-11 19:26:55.842,1789165615.842583,184
2026-09-11 19:26:55.850,1789165615.8502753,485
2026-09-11 19:26:55.857,1789165615.8579676,805
2026-09-11 19:26:55.865,1789165615.8656597,846
2026-09-11 19:26:55.873,1789165615.873352,230
2026-09-11 19:26:55.881,1789165615.8810444,-443
2026-09-11 19:26:55.888,1789165615.8887367,-329
2026-09-11 19:26:55.896,1789165615.896429,14
2026-09-11 19:26:55.904,1789165615.9041214,-46
2026-09-11 19:26:55.911,1789165615.9118137,-109
2026-09-11 19:26:55.919,1789165615.919506,-33
2026-09-11 19:26:55.927,1789165615.9271982,-50
2026-09-11 19:26:55.934,1789165615.9348905,-87
2026-09-11 19:26:55.942,1789165615.9425828,-48
2026-09-11 19:26:55.950,1789165615.9502752,-14
2026-09-11 19:26:55.957,1789165615.9579675,0
2026-09-11 19:26:55.965,1789165615.9656599,9
2026-09-11 19:26:55.973,1789165615.9733522,2
2026-09-11 19:26:55.981,1789165615.9810445,24
2026-09-11 19:26:55.988,1789165615.9887366,55
2026-09-11 19:26:55.996,1789165615.996429,58
2026-09-11 19:26:56.004,1789165616.0041213,55
2026-09-11 19:26:56.011,1789165616.0118136,72
2026-09-11 19:26:56.019,1789165616.019506,84
2026-09-11 19:26:56.027,1789165616.0271983,94
2026-09-11 19:26:56.034,1789165616.0348907,116
2026-09-11 19:26:56.042,1789165616.042583,164
2026-09-11 19:26:56.050,1789165616.050275,213
2026-09-11 19:26:56.057,1789165616.0579674,242
2026-09-11 19:26:56.065,1789165616.0656598,247
2026-09-11 19:26:56.073,1789165616.073352,240
2026-09-11 19:26:56.081,1789165616.0810444,240
2026-09-11 19:26:56.088,1789165616.0887368,237
2026-09-11 19:26:56.096,1789165616.096429,220
2026-09-11 19:26:56.104,1789165616.1041214,198
2026-09-11 19:26:56.111,1789165616.1118135,155
2026-09-11 19:26:56.119,1789165616.119506,104
2026-09-11 19:26:56.127,1789165616.1271982,70
2026-09-11 19:26:56.134,1789165616.1348906,38
2026-09-11 19:26:56.142,1789165616.142583,9
2026-09-11 19:26:56.150,1789165616.1502752,-4
2026-09-11 19:26:56.157,1789165616.1579676,0
2026-09-11 19:26:56.165,1789165616.16566,14
2026-09-11 19:26:56.173,1789165616.173352,36
2026-09-11 19:26:56.181,1789165616.1810443,48
2026-09-11 19:26:56.188,1789165616.1887367,48
2026-09-11 19:26:56.196,1789165616.196429,21
2026-09-11 19:26:56.204,1789165616.2041214,-53
2026-09-11 19:26:56.211,1789165616.2118137,-101
2026-09-11 19:26:56.219,1789165616.219506,-82
2026-09-11 19:26:56.227,1789165616.2271984,-72
2026-09-11 19:26:56.234,1789165616.2348905,-97
2026-09-11 19:26:56.242,1789165616.2425828,-104
2026-09-11 19:26:56.250,1789165616.2502751,-97
2026-09-11 19:26:56.257,1789165616.2579675,-99
2026-09-11 19:26:56.265,1789165616.2656598,-99
2026-09-11 19:26:56.273,1789165616.2733521,-84
2026-09-11 19:26:56.281,1789165616.2810445,-77
2026-09-11 19:26:56.288,1789165616.2887368,-72
2026-09-11 19:26:56.296,1789165616.2964292,-75
2026-09-11 19:26:56.304,1789165616.3041213,-82
2026-09-11 19:26:56.311,1789165616.3118136,-92
2026-09-11 19:26:56.319,1789165616.319506,-94
2026-09-11 19:26:56.326,1789165616.3266165,-92
2026-09-11 19:26:56.334,1789165616.3343089,-84
2026-09-11 19:26:56.342,1789165616.3420012,-89
2026-09-11 19:26:56.349,1789165616.3496935,-99
2026-09-11 19:26:56.357,1789165616.3573859,-84
2026-09-11 19:26:56.365,1789165616.365078,-50
2026-09-11 19:26:56.372,1789165616.3727703,-19
2026-09-11 19:26:56.380,1789165616.3804626,-4
2026-09-11 19:26:56.388,1789165616.388155,14
2026-09-11 19:26:56.395,1789165616.3958473,63
2026-09-11 19:26:56.403,1789165616.4035397,116
2026-09-11 19:26:56.411,1789165616.411232,128
2026-09-11 19:26:56.418,1789165616.4189243,113
2026-09-11 19:26:56.426,1789165616.4266164,126
2026-09-11 19:26:56.434,1789165616.4343088,130
2026-09-11 19:26:56.442,1789165616.442001,101
2026-09-11 19:26:56.449,1789165616.4496934,113
2026-09-11 19:26:56.457,1789165616.4573858,147
2026-09-11 19:26:56.465,1789165616.465078,147
2026-09-11 19:26:56.472,1789165616.4727705,140
2026-09-11 19:26:56.480,1789165616.4804628,121
2026-09-11 19:26:56.488,1789165616.488155,111
2026-09-11 19:26:56.495,1789165616.4958472,208
2026-09-11 19:26:56.503,1789165616.5035396,455
2026-09-11 19:26:56.511,1789165616.511232,759
2026-09-11 19:26:56.518,1789165616.5189242,972
2026-09-11 19:26:56.526,1789165616.5266166,700
2026-09-11 19:26:56.534,1789165616.534309,-111
2026-09-11 19:26:56.542,1789165616.5420012,-494
2026-09-11 19:26:56.549,1789165616.5496933,-174
2026-09-11 19:26:56.557,1789165616.5573857,-29
2026-09-11 19:26:56.565,1789165616.565078,-147
2026-09-11 19:26:56.572,1789165616.5727704,-104
2026-09-11 19:26:56.580,1789165616.5804627,-43
2026-09-11 19:26:56.588,1789165616.588155,-80
2026-09-11 19:26:56.595,1789165616.5958474,-75
2026-09-11 19:26:56.603,1789165616.6035397,-36
2026-09-11 19:26:56.611,1789165616.6112318,-33
2026-09-11 19:26:56.618,1789165616.6189241,-26
2026-09-11 19:26:56.626,1789165616.6266165,7
2026-09-11 19:26:56.634,1789165616.6343088,29
2026-09-11 19:26:56.642,1789165616.6420012,14
2026-09-11 19:26:56.649,1789165616.6496935,-7
2026-09-11 19:26:56.657,1789165616.6573858,-12
2026-09-11 19:26:56.665,1789165616.6650782,-4
2026-09-11 19:26:56.672,1789165616.6727703,9
2026-09-11 19:26:56.680,1789165616.6804626,26
2026-09-11 19:26:56.688,1789165616.688155,43
2026-09-11 19:26:56.695,1789165616.6958473,72
2026-09-11 19:26:56.703,1789165616.7035396,94
2026-09-11 19:26:56.711,1789165616.711232,84
2026-09-11 19:26:56.718,1789165616.7189243,72
2026-09-11 19:26:56.726,1789165616.7266166,80
2026-09-11 19:26:56.734,1789165616.7343087,82
2026-09-11 19:26:56.742,1789165616.742001,75
2026-09-11 19:26:56.749,1789165616.7496934,65
2026-09-11 19:26:56.757,1789165616.7573857,46
2026-09-11 19:26:56.765,1789165616.765078,14
2026-09-11 19:26:56.772,1789165616.7727704,-14
2026-09-11 19:26:56.780,1789165616.7804627,-46
2026-09-11 19:26:56.788,1789165616.788155,-77
2026-09-11 19:26:56.795,1789165616.7958472,-97
2026-09-11 19:26:56.803,1789165616.8035395,-111
2026-09-11 19:26:56.811,1789165616.8112319,-121
2026-09-11 19:26:56.818,1789165616.8189242,-121
2026-09-11 19:26:56.826,1789165616.8266165,-106
2026-09-11 19:26:56.834,1789165616.8343089,-84
2026-09-11 19:26:56.842,1789165616.8420012,-77
2026-09-11 19:26:56.849,1789165616.8496935,-80
2026-09-11 19:26:56.857,1789165616.8573859,-72
2026-09-11 19:26:56.865,1789165616.865078,-63
2026-09-11 19:26:56.872,1789165616.8727703,-50
2026-09-11 19:26:56.880,1789165616.8804626,-41
2026-09-11 19:26:56.887,1789165616.8875828,-41
2026-09-11 19:26:56.895,1789165616.895275,-43
2026-09-11 19:26:56.902,1789165616.9029675,-31
2026-09-11 19:26:56.910,1789165616.9106598,-24
2026-09-11 19:26:56.918,1789165616.9183521,-26
2026-09-11 19:26:56.926,1789165616.9260442,-16
2026-09-11 19:26:56.933,1789165616.9337366,-9
2026-09-11 19:26:56.941,1789165616.941429,-12
2026-09-11 19:26:56.949,1789165616.9491212,-12
2026-09-11 19:26:56.956,1789165616.9568136,-9
2026-09-11 19:26:56.964,1789165616.964506,-4
2026-09-11 19:26:56.972,1789165616.9721982,7
2026-09-11 19:26:56.979,1789165616.9798906,19
2026-09-11 19:26:56.987,1789165616.9875827,12
2026-09-11 19:26:56.995,1789165616.995275,2
2026-09-11 19:26:57.002,1789165617.0029674,12
2026-09-11 19:26:57.010,1789165617.0106597,24
2026-09-11 19:26:57.018,1789165617.018352,29
2026-09-11 19:26:57.026,1789165617.0260444,53
2026-09-11 19:26:57.033,1789165617.0337367,94
2026-09-11 19:26:57.041,1789165617.041429,116
2026-09-11 19:26:57.049,1789165617.0491211,123
2026-09-11 19:26:57.056,1789165617.0568135,130
2026-09-11 19:26:57.064,1789165617.0645058,99
2026-09-11 19:26:57.072,1789165617.0721982,46
2026-09-11 19:26:57.079,1789165617.0798905,24
2026-09-11 19:26:57.087,1789165617.0875828,26
2026-09-11 19:26:57.095,1789165617.0952752,24
2026-09-11 19:26:57.102,1789165617.1029675,36
2026-09-11 19:26:57.110,1789165617.1106596,67
2026-09-11 19:26:57.118,1789165617.118352,109
2026-09-11 19:26:57.126,1789165617.1260443,157
2026-09-11 19:26:57.133,1789165617.1337366,179
2026-09-11 19:26:57.141,1789165617.141429,181
2026-09-11 19:26:57.149,1789165617.1491213,295
2026-09-11 19:26:57.156,1789165617.1568136,548
2026-09-11 19:26:57.164,1789165617.164506,860
2026-09-11 19:26:57.172,1789165617.172198,1013
2026-09-11 19:26:57.179,1789165617.1798904,533
2026-09-11 19:26:57.187,1789165617.1875827,-271
2026-09-11 19:26:57.195,1789165617.195275,-366
2026-09-11 19:26:57.202,1789165617.2029674,19
2026-09-11 19:26:57.210,1789165617.2106597,29
2026-09-11 19:26:57.218,1789165617.218352,-84
2026-09-11 19:26:57.226,1789165617.2260444,2
2026-09-11 19:26:57.233,1789165617.2337365,29
2026-09-11 19:26:57.241,1789165617.2414289,-41
2026-09-11 19:26:57.249,1789165617.2491212,-31
2026-09-11 19:26:57.256,1789165617.2568135,-2
2026-09-11 19:26:57.264,1789165617.2645059,-21
2026-09-11 19:26:57.272,1789165617.2721982,-29
2026-09-11 19:26:57.279,1789165617.2798905,-16
2026-09-11 19:26:57.287,1789165617.2875829,-16
2026-09-11 19:26:57.295,1789165617.295275,-2
2026-09-11 19:26:57.302,1789165617.3029673,21
2026-09-11 19:26:57.310,1789165617.3106596,26
2026-09-11 19:26:57.318,1789165617.318352,29
2026-09-11 19:26:57.326,1789165617.3260443,48
2026-09-11 19:26:57.333,1789165617.3337367,60
2026-09-11 19:26:57.341,1789165617.341429,70
2026-09-11 19:26:57.349,1789165617.3491213,97
2026-09-11 19:26:57.356,1789165617.3568134,133
2026-09-11 19:26:57.364,1789165617.3645058,157
2026-09-11 19:26:57.372,1789165617.372198,174
2026-09-11 19:26:57.379,1789165617.3798904,203
2026-09-11 19:26:57.387,1789165617.3875828,232
2026-09-11 19:26:57.395,1789165617.395275,237
2026-09-11 19:26:57.402,1789165617.4029675,206
2026-09-11 19:26:57.410,1789165617.4106598,162
2026-09-11 19:26:57.418,1789165617.4183521,133
2026-09-11 19:26:57.426,1789165617.4260442,97
2026-09-11 19:26:57.433,1789165617.4337366,43
2026-09-11 19:26:57.441,1789165617.441429,-7
2026-09-11 19:26:57.448,1789165617.4485598,-33
2026-09-11 19:26:57.456,1789165617.456252,-48
2026-09-11 19:26:57.463,1789165617.4639444,-60
2026-09-11 19:26:57.471,1789165617.4716368,-63
2026-09-11 19:26:57.479,1789165617.479329,-72
2026-09-11 19:26:57.487,1789165617.4870212,-80
2026-09-11 19:26:57.494,1789165617.4947135,-63
2026-09-11 19:26:57.502,1789165617.502406,-41
2026-09-11 19:26:57.510,1789165617.5100982,-29
2026-09-11 19:26:57.517,1789165617.5177906,-12
2026-09-11 19:26:57.525,1789165617.525483,-12
2026-09-11 19:26:57.533,1789165617.5331752,-36
2026-09-11 19:26:57.540,1789165617.5408676,-46
2026-09-11 19:26:57.548,1789165617.5485597,-38
2026-09-11 19:26:57.556,1789165617.556252,-31
2026-09-11 19:26:57.563,1789165617.5639443,-14
2026-09-11 19:26:57.571,1789165617.5716367,12
2026-09-11 19:26:57.579,1789165617.579329,21
2026-09-11 19:26:57.587,1789165617.5870214,14
2026-09-11 19:26:57.594,1789165617.5947137,16
2026-09-11 19:26:57.602,1789165617.602406,24
2026-09-11 19:26:57.610,1789165617.6100981,14
2026-09-11 19:26:57.617,1789165617.6177905,-2
2026-09-11 19:26:57.625,1789165617.6254828,4
2026-09-11 19:26:57.633,1789165617.6331751,29
2026-09-11 19:26:57.640,1789165617.6408675,33
2026-09-11 19:26:57.648,1789165617.6485598,24
2026-09-11 19:26:57.656,1789165617.6562521,-2
2026-09-11 19:26:57.663,1789165617.6639445,-29
2026-09-11 19:26:57.671,1789165617.6716366,-12
2026-09-11 19:26:57.679,1789165617.679329,31
2026-09-11 19:26:57.687,1789165617.6870213,53
2026-09-11 19:26:57.694,1789165617.6947136,63
2026-09-11 19:26:57.702,1789165617.702406,60
2026-09-11 19:26:57.710,1789165617.7100983,31
2026-09-11 19:26:57.717,1789165617.7177906,-4
2026-09-11 19:26:57.725,1789165617.725483,-14
2026-09-11 19:26:57.733,1789165617.733175,-16
2026-09-11 19:26:57.740,1789165617.7408674,-24
2026-09-11 19:26:57.748,1789165617.7485597,-24
2026-09-11 19:26:57.756,1789165617.756252,-21
2026-09-11 19:26:57.763,1789165617.7639444,-16
2026-09-11 19:26:57.771,1789165617.7716367,12
2026-09-11 19:26:57.779,1789165617.779329,60
2026-09-11 19:26:57.787,1789165617.7870214,106
2026-09-11 19:26:57.794,1789165617.7947135,162
2026-09-11 19:26:57.802,1789165617.8024058,305
2026-09-11 19:26:57.810,1789165617.8100982,577
2026-09-11 19:26:57.817,1789165617.8177905,923
2026-09-11 19:26:57.825,1789165617.8254828,1147
2026-09-11 19:26:57.833,1789165617.8331752,744
2026-09-11 19:26:57.840,1789165617.8408675,-111
2026-09-11 19:26:57.848,1789165617.8485599,-341
2026-09-11 19:26:57.856,1789165617.856252,26
2026-09-11 19:26:57.863,1789165617.8639443,87
2026-09-11 19:26:57.871,1789165617.8716366,-14
2026-09-11 19:26:57.879,1789165617.879329,75
2026-09-11 19:26:57.887,1789165617.8870213,113
2026-09-11 19:26:57.894,1789165617.8947136,46
2026-09-11 19:26:57.902,1789165617.902406,55
2026-09-11 19:26:57.910,1789165617.9100983,99
2026-09-11 19:26:57.917,1789165617.9177904,67
2026-09-11 19:26:57.925,1789165617.9254827,29
2026-09-11 19:26:57.933,1789165617.933175,31
2026-09-11 19:26:57.940,1789165617.9408674,36
2026-09-11 19:26:57.948,1789165617.9485598,19
2026-09-11 19:26:57.956,1789165617.956252,19
2026-09-11 19:26:57.963,1789165617.9639444,46
2026-09-11 19:26:57.971,1789165617.9716368,63
2026-09-11 19:26:57.979,1789165617.979329,70
2026-09-11 19:26:57.987,1789165617.9870212,84
2026-09-11 19:26:57.994,1789165617.9947135,94
2026-09-11 19:26:58.002,1789165618.002406,97
2026-09-11 19:26:58.009,1789165618.009506,116
2026-09-11 19:26:58.017,1789165618.0171983,140
2026-09-11 19:26:58.024,1789165618.0248907,155
2026-09-11 19:26:58.032,1789165618.032583,189
2026-09-11 19:26:58.040,1789165618.0402753,225
2026-09-11 19:26:58.047,1789165618.0479674,247
2026-09-11 19:26:58.055,1789165618.0556598,271
2026-09-11 19:26:58.063,1789165618.063352,288
2026-09-11 19:26:58.071,1789165618.0710444,274
2026-09-11 19:26:58.078,1789165618.0787368,232
2026-09-11 19:26:58.086,1789165618.086429,201
2026-09-11 19:26:58.094,1789165618.0941215,179
2026-09-11 19:26:58.101,1789165618.1018138,143
2026-09-11 19:26:58.109,1789165618.109506,104
2026-09-11 19:26:58.117,1789165618.1171982,92
2026-09-11 19:26:58.124,1789165618.1248906,72
2026-09-11 19:26:58.132,1789165618.132583,38
2026-09-11 19:26:58.140,1789165618.1402752,16
2026-09-11 19:26:58.147,1789165618.1479676,9
2026-09-11 19:26:58.155,1789165618.15566,7
2026-09-11 19:26:58.163,1789165618.1633523,0
2026-09-11 19:26:58.171,1789165618.1710443,-12
2026-09-11 19:26:58.178,1789165618.1787367,-21
2026-09-11 19:26:58.186,1789165618.186429,-26
2026-09-11 19:26:58.194,1789165618.1941214,-43
2026-09-11 19:26:58.201,1789165618.2018137,-63
2026-09-11 19:26:58.209,1789165618.209506,-60
2026-09-11 19:26:58.217,1789165618.2171984,-29
2026-09-11 19:26:58.224,1789165618.2248907,-26
2026-09-11 19:26:58.232,1789165618.2325828,-58
2026-09-11 19:26:58.240,1789165618.2402751,-65
2026-09-11 19:26:58.247,1789165618.2479675,-55
2026-09-11 19:26:58.255,1789165618.2556598,-72
2026-09-11 19:26:58.263,1789165618.2633522,-99
2026-09-11 19:26:58.271,1789165618.2710445,-101
2026-09-11 19:26:58.278,1789165618.2787368,-84
2026-09-11 19:26:58.286,1789165618.2864292,-82
2026-09-11 19:26:58.294,1789165618.2941213,-92
2026-09-11 19:26:58.301,1789165618.3018136,-106
2026-09-11 19:26:58.309,1789165618.309506,-118
2026-09-11 19:26:58.317,1789165618.3171983,-113
2026-09-11 19:26:58.324,1789165618.3248906,-106
2026-09-11 19:26:58.332,1789165618.332583,-99
2026-09-11 19:26:58.340,1789165618.3402753,-70
2026-09-11 19:26:58.347,1789165618.3479676,-19
2026-09-11 19:26:58.355,1789165618.3556597,24
2026-09-11 19:26:58.363,1789165618.363352,29
2026-09-11 19:26:58.371,1789165618.3710444,-2
2026-09-11 19:26:58.378,1789165618.3787367,-33
2026-09-11 19:26:58.386,1789165618.386429,-31
2026-09-11 19:26:58.394,1789165618.3941214,-29
2026-09-11 19:26:58.401,1789165618.4018137,-33
2026-09-11 19:26:58.409,1789165618.409506,-26
2026-09-11 19:26:58.417,1789165618.4171982,-7
2026-09-11 19:26:58.424,1789165618.4248905,-4
2026-09-11 19:26:58.432,1789165618.4325829,-16
2026-09-11 19:26:58.440,1789165618.4402752,-16
2026-09-11 19:26:58.447,1789165618.4479675,63
2026-09-11 19:26:58.455,1789165618.4556599,271
2026-09-11 19:26:58.463,1789165618.4633522,574
2026-09-11 19:26:58.471,1789165618.4710445,904
2026-09-11 19:26:58.478,1789165618.4787366,1004
2026-09-11 19:26:58.486,1789165618.486429,429
2026-09-11 19:26:58.494,1789165618.4941213,-339
2026-09-11 19:26:58.501,1789165618.5018137,-329
2026-09-11 19:26:58.509,1789165618.509506,29
2026-09-11 19:26:58.517,1789165618.5171983,-2
2026-09-11 19:26:58.524,1789165618.5248907,-92
2026-09-11 19:26:58.532,1789165618.532583,-7
2026-09-11 19:26:58.540,1789165618.5402753,14
2026-09-11 19:26:58.547,1789165618.5479674,-19
2026-09-11 19:26:58.555,1789165618.5556598,-2
2026-09-11 19:26:58.563,1789165618.563352,7
2026-09-11 19:26:58.570,1789165618.5704827,-4
2026-09-11 19:26:58.578,1789165618.578175,14
2026-09-11 19:26:58.585,1789165618.5858674,46
2026-09-11 19:26:58.593,1789165618.5935597,94
2026-09-11 19:26:58.601,1789165618.601252,189
2026-09-11 19:26:58.608,1789165618.6089442,257
2026-09-11 19:26:58.616,1789165618.6166365,247
2026-09-11 19:26:58.624,1789165618.6243289,223
2026-09-11 19:26:58.632,1789165618.6320212,215
2026-09-11 19:26:58.639,1789165618.6397135,220
2026-09-11 19:26:58.647,1789165618.6474059,237
2026-09-11 19:26:58.655,1789165618.6550982,244
2026-09-11 19:26:58.662,1789165618.6627905,237
2026-09-11 19:26:58.670,1789165618.6704826,240
2026-09-11 19:26:58.678,1789165618.678175,249
2026-09-11 19:26:58.685,1789165618.6858673,244
2026-09-11 19:26:58.693,1789165618.6935596,220
2026-09-11 19:26:58.701,1789165618.701252,201
2026-09-11 19:26:58.708,1789165618.7089443,194
2026-09-11 19:26:58.716,1789165618.7166367,179
2026-09-11 19:26:58.724,1789165618.724329,150
2026-09-11 19:26:58.732,1789165618.732021,111
2026-09-11 19:26:58.739,1789165618.7397134,65
2026-09-11 19:26:58.747,1789165618.7474058,31
2026-09-11 19:26:58.755,1789165618.755098,7
2026-09-11 19:26:58.762,1789165618.7627904,-14
2026-09-11 19:26:58.770,1789165618.7704828,-24
2026-09-11 19:26:58.778,1789165618.778175,-12
2026-09-11 19:26:58.785,1789165618.7858675,2
2026-09-11 19:26:58.793,1789165618.7935596,14
2026-09-11 19:26:58.801,1789165618.801252,24
2026-09-11 19:26:58.808,1789165618.8089442,36
2026-09-11 19:26:58.816,1789165618.8166366,63
2026-09-11 19:26:58.824,1789165618.824329,104
2026-09-11 19:26:58.832,1789165618.8320212,155
2026-09-11 19:26:58.839,1789165618.8397136,191
2026-09-11 19:26:58.847,1789165618.847406,189
2026-09-11 19:26:58.855,1789165618.855098,157
2026-09-11 19:26:58.862,1789165618.8627903,145
2026-09-11 19:26:58.870,1789165618.8704827,145
2026-09-11 19:26:58.878,1789165618.878175,116
2026-09-11 19:26:58.885,1789165618.8858674,101
2026-09-11 19:26:58.893,1789165618.8935597,111
2026-09-11 19:26:58.901,1789165618.901252,82
2026-09-11 19:26:58.908,1789165618.9089444,46
2026-09-11 19:26:58.916,1789165618.9166365,65
2026-09-11 19:26:58.924,1789165618.9243288,113
2026-09-11 19:26:58.932,1789165618.9320211,138
2026-09-11 19:26:58.939,1789165618.9397135,121
2026-09-11 19:26:58.947,1789165618.9474058,67
2026-09-11 19:26:58.955,1789165618.9550982,21
2026-09-11 19:26:58.962,1789165618.9627905,9
2026-09-11 19:26:58.970,1789165618.9704828,0
2026-09-11 19:26:58.978,1789165618.978175,-9
2026-09-11 19:26:58.985,1789165618.9858673,-7
2026-09-11 19:26:58.993,1789165618.9935596,9
2026-09-11 19:26:59.001,1789165619.001252,21
2026-09-11 19:26:59.008,1789165619.0089443,29
2026-09-11 19:26:59.016,1789165619.0166366,33
2026-09-11 19:26:59.024,1789165619.024329,38
2026-09-11 19:26:59.032,1789165619.0320213,36
2026-09-11 19:26:59.039,1789165619.0397134,33
2026-09-11 19:26:59.047,1789165619.0474057,29
2026-09-11 19:26:59.055,1789165619.055098,21
2026-09-11 19:26:59.062,1789165619.0627904,16
2026-09-11 19:26:59.070,1789165619.0704827,16
2026-09-11 19:26:59.078,1789165619.078175,4
2026-09-11 19:26:59.085,1789165619.0858674,-7
2026-09-11 19:26:59.093,1789165619.0935597,14
2026-09-11 19:26:59.101,1789165619.101252,121
2026-09-11 19:26:59.108,1789165619.1089442,339
2026-09-11 19:26:59.116,1789165619.1166365,632
2026-09-11 19:26:59.124,1789165619.1243289,923
2026-09-11 19:26:59.131,1789165619.131429,814
2026-09-11 19:26:59.139,1789165619.1391213,72
2026-09-11 19:26:59.146,1789165619.1468136,-414
2026-09-11 19:26:59.154,1789165619.154506,-140
2026-09-11 19:26:59.162,1789165619.1621983,94
2026-09-11 19:26:59.169,1789165619.1698904,19
2026-09-11 19:26:59.177,1789165619.1775827,60
2026-09-11 19:26:59.185,1789165619.185275,160
2026-09-11 19:26:59.192,1789165619.1929674,150
2026-09-11 19:26:59.200,1789165619.2006598,160
2026-09-11 19:26:59.208,1789165619.208352,220
2026-09-11 19:26:59.216,1789165619.2160444,249
2026-09-11 19:26:59.223,1789165619.2237368,247
2026-09-11 19:26:59.231,1789165619.2314289,242
2026-09-11 19:26:59.239,1789165619.2391212,261
2026-09-11 19:26:59.246,1789165619.2468135,332
2026-09-11 19:26:59.254,1789165619.2545059,424
2026-09-11 19:26:59.262,1789165619.2621982,475
2026-09-11 19:26:59.269,1789165619.2698905,489
2026-09-11 19:26:59.277,1789165619.277583,480
2026-09-11 19:26:59.285,1789165619.2852752,436
2026-09-11 19:26:59.292,1789165619.2929673,436
2026-09-11 19:26:59.300,1789165619.3006597,499
2026-09-11 19:26:59.308,1789165619.308352,511
2026-09-11 19:26:59.316,1789165619.3160443,451
2026-09-11 19:26:59.323,1789165619.3237367,414
2026-09-11 19:26:59.331,1789165619.331429,407
2026-09-11 19:26:59.339,1789165619.3391213,378
2026-09-11 19:26:59.346,1789165619.3468137,337
2026-09-11 19:26:59.354,1789165619.3545058,322
2026-09-11 19:26:59.362,1789165619.362198,315
2026-09-11 19:26:59.369,1789165619.3698905,252
2026-09-11 19:26:59.377,1789165619.3775828,198
2026-09-11 19:26:59.385,1789165619.3852751,215
2026-09-11 19:26:59.392,1789165619.3929675,203
2026-09-11 19:26:59.400,1789165619.4006598,133
2026-09-11 19:26:59.408,1789165619.4083521,84
2026-09-11 19:26:59.416,1789165619.4160442,70
2026-09-11 19:26:59.423,1789165619.4237366,80
2026-09-11 19:26:59.431,1789165619.431429,101
2026-09-11 19:26:59.439,1789165619.4391212,111
2026-09-11 19:26:59.446,1789165619.4468136,123
2026-09-11 19:26:59.454,1789165619.454506,133
2026-09-11 19:26:59.462,1789165619.4621983,128
2026-09-11 19:26:59.469,1789165619.4698906,143
2026-09-11 19:26:59.477,1789165619.4775827,186
2026-09-11 19:26:59.485,1789165619.485275,194
2026-09-11 19:26:59.492,1789165619.4929674,172
2026-09-11 19:26:59.500,1789165619.5006597,143
2026-09-11 19:26:59.508,1789165619.508352,97
2026-09-11 19:26:59.516,1789165619.5160444,55
2026-09-11 19:26:59.523,1789165619.5237367,55
2026-09-11 19:26:59.531,1789165619.531429,92
2026-09-11 19:26:59.539,1789165619.5391212,121
2026-09-11 19:26:59.546,1789165619.5468135,109
2026-09-11 19:26:59.554,1789165619.5545058,97
2026-09-11 19:26:59.562,1789165619.5621982,118
2026-09-11 19:26:59.569,1789165619.5698905,133
2026-09-11 19:26:59.577,1789165619.5775828,138
2026-09-11 19:26:59.585,1789165619.5852752,150
2026-09-11 19:26:59.592,1789165619.5929675,162
2026-09-11 19:26:59.600,1789165619.6006596,162
2026-09-11 19:26:59.608,1789165619.608352,150
2026-09-11 19:26:59.616,1789165619.6160443,135
2026-09-11 19:26:59.623,1789165619.6237366,113
2026-09-11 19:26:59.631,1789165619.631429,82
2026-09-11 19:26:59.639,1789165619.6391213,53
2026-09-11 19:26:59.646,1789165619.6468136,50
2026-09-11 19:26:59.654,1789165619.654506,80
2026-09-11 19:26:59.662,1789165619.6621983,118
2026-09-11 19:26:59.669,1789165619.6698904,155
2026-09-11 19:26:59.677,1789165619.6775827,184
2026-09-11 19:26:59.685,1789165619.685275,164
2026-09-11 19:26:59.692,1789165619.692406,104
2026-09-11 19:26:59.700,1789165619.7000983,75
2026-09-11 19:26:59.707,1789165619.7077906,97
2026-09-11 19:26:59.715,1789165619.715483,109
2026-09-11 19:26:59.723,1789165619.7231753,101
2026-09-11 19:26:59.730,1789165619.7308674,113
2026-09-11 19:26:59.738,1789165619.7385597,138
2026-09-11 19:26:59.746,1789165619.746252,160
2026-09-11 19:26:59.753,1789165619.7539444,186
2026-09-11 19:26:59.761,1789165619.7616367,223
2026-09-11 19:26:59.769,1789165619.769329,288
2026-09-11 19:26:59.777,1789165619.7770214,453
2026-09-11 19:26:59.784,1789165619.7847137,729
2026-09-11 19:26:59.792,1789165619.7924058,1059
2026-09-11 19:26:59.800,1789165619.8000982,1350
2026-09-11 19:26:59.807,1789165619.8077905,1171
2026-09-11 19:26:59.815,1789165619.8154829,378
2026-09-11 19:26:59.823,1789165619.8231752,-19
2026-09-11 19:26:59.830,1789165619.8308675,349
2026-09-11 19:26:59.838,1789165619.8385599,550
2026-09-11 19:26:59.846,1789165619.8462522,424
2026-09-11 19:26:59.853,1789165619.8539443,458
2026-09-11 19:26:59.861,1789165619.8616366,531
2026-09-11 19:26:59.869,1789165619.869329,475
2026-09-11 19:26:59.877,1789165619.8770213,499
2026-09-11 19:26:59.884,1789165619.8847136,594
2026-09-11 19:26:59.892,1789165619.892406,584
2026-09-11 19:26:59.900,1789165619.9000983,562
2026-09-11 19:26:59.907,1789165619.9077907,632
2026-09-11 19:26:59.915,1789165619.9154828,705
2026-09-11 19:26:59.923,1789165619.923175,742
2026-09-11 19:26:59.930,1789165619.9308674,754
2026-09-11 19:26:59.938,1789165619.9385598,756
2026-09-11 19:26:59.946,1789165619.946252,759
2026-09-11 19:26:59.953,1789165619.9539444,780
2026-09-11 19:26:59.961,1789165619.9616368,851
2026-09-11 19:26:59.969,1789165619.969329,926
2026-09-11 19:26:59.977,1789165619.9770212,974
2026-09-11 19:26:59.984,1789165619.9847136,982
2026-09-11 19:26:59.992,1789165619.992406,945
2026-09-11 19:27:00.000,1789165620.0000982,897
2026-09-11 19:27:00.007,1789165620.0077906,860
2026-09-11 19:27:00.015,1789165620.015483,824
2026-09-11 19:27:00.023,1789165620.0231752,802
2026-09-11 19:27:00.030,1789165620.0308676,773
2026-09-11 19:27:00.038,1789165620.0385597,674
2026-09-11 19:27:00.046,1789165620.046252,560
2026-09-11 19:27:00.053,1789165620.0539443,485
2026-09-11 19:27:00.061,1789165620.0616367,412
2026-09-11 19:27:00.069,1789165620.069329,371
2026-09-11 19:27:00.077,1789165620.0770214,361
2026-09-11 19:27:00.084,1789165620.0847137,337
2026-09-11 19:27:00.092,1789165620.092406,312
2026-09-11 19:27:00.100,1789165620.1000981,283
2026-09-11 19:27:00.107,1789165620.1077905,261
2026-09-11 19:27:00.115,1789165620.1154828,264
2026-09-11 19:27:00.123,1789165620.1231751,281
2026-09-11 19:27:00.130,1789165620.1308675,344
2026-09-11 19:27:00.138,1789165620.1385598,426
2026-09-11 19:27:00.146,1789165620.1462522,441
2026-09-11 19:27:00.153,1789165620.1539445,419
2026-09-11 19:27:00.161,1789165620.1616366,482
2026-09-11 19:27:00.169,1789165620.169329,567
2026-09-11 19:27:00.177,1789165620.1770213,574
2026-09-11 19:27:00.184,1789165620.1847136,550
2026-09-11 19:27:00.192,1789165620.192406,526
2026-09-11 19:27:00.200,1789165620.2000983,511
2026-09-11 19:27:00.207,1789165620.2077906,640
2026-09-11 19:27:00.215,1789165620.215483,933
2026-09-11 19:27:00.223,1789165620.2231753,1210
2026-09-11 19:27:00.230,1789165620.2308674,1411
2026-09-11 19:27:00.238,1789165620.2385597,1578
2026-09-11 19:27:00.246,1789165620.246252,1644
2026-09-11 19:27:00.253,1789165620.2533522,1634
2026-09-11 19:27:00.261,1789165620.2610445,1712
2026-09-11 19:27:00.268,1789165620.2687368,1906
2026-09-11 19:27:00.276,1789165620.2764292,2117
2026-09-11 19:27:00.284,1789165620.2841215,2185
2026-09-11 19:27:00.291,1789165620.2918136,2143
2026-09-11 19:27:00.299,1789165620.299506,2209
2026-09-11 19:27:00.307,1789165620.3071983,2257
2026-09-11 19:27:00.314,1789165620.3148906,2262
2026-09-11 19:27:00.322,1789165620.322583,2342
2026-09-11 19:27:00.330,1789165620.3302753,2303
2026-09-11 19:27:00.337,1789165620.3379676,2269
2026-09-11 19:27:00.345,1789165620.34566,2383
2026-09-11 19:27:00.353,1789165620.353352,2386
2026-09-11 19:27:00.361,1789165620.3610444,2269
2026-09-11 19:27:00.368,1789165620.3687367,2148
2026-09-11 19:27:00.376,1789165620.376429,2049
2026-09-11 19:27:00.384,1789165620.3841214,2008
2026-09-11 19:27:00.391,1789165620.3918138,2078
2026-09-11 19:27:00.399,1789165620.399506,2284
2026-09-11 19:27:00.407,1789165620.4071984,2277
2026-09-11 19:27:00.414,1789165620.4148905,1986
2026-09-11 19:27:00.422,1789165620.4225829,1852
2026-09-11 19:27:00.430,1789165620.4302752,1911
2026-09-11 19:27:00.437,1789165620.4379675,2058
2026-09-11 19:27:00.445,1789165620.4456599,2255
2026-09-11 19:27:00.453,1789165620.4533522,2318
2026-09-11 19:27:00.461,1789165620.4610445,2449
2026-09-11 19:27:00.468,1789165620.468737,2842
2026-09-11 19:27:00.476,1789165620.476429,2987
2026-09-11 19:27:00.484,1789165620.4841213,2296
2026-09-11 19:27:00.491,1789165620.4918137,1433
2026-09-11 19:27:00.499,1789165620.499506,1406
2026-09-11 19:27:00.507,1789165620.5071983,1712
2026-09-11 19:27:00.514,1789165620.5148907,1690
2026-09-11 19:27:00.522,1789165620.522583,1683
2026-09-11 19:27:00.530,1789165620.5302753,1624
2026-09-11 19:27:00.537,1789165620.5379674,1193
2026-09-11 19:27:00.545,1789165620.5456598,863
2026-09-11 19:27:00.553,1789165620.553352,873
2026-09-11 19:27:00.561,1789165620.5610445,870
2026-09-11 19:27:00.568,1789165620.5687368,759
2026-09-11 19:27:00.576,1789165620.5764291,666
2026-09-11 19:27:00.584,1789165620.5841215,683
2026-09-11 19:27:00.591,1789165620.5918138,868
2026-09-11 19:27:00.599,1789165620.599506,1142
2026-09-11 19:27:00.607,1789165620.6071982,1418
2026-09-11 19:27:00.614,1789165620.6148906,1651
2026-09-11 19:27:00.622,1789165620.622583,1731
2026-09-11 19:27:00.630,1789165620.6302752,1673
2026-09-11 19:27:00.637,1789165620.6379676,1598
2026-09-11 19:27:00.645,1789165620.64566,1549
2026-09-11 19:27:00.653,1789165620.6533523,1593
2026-09-11 19:27:00.661,1789165620.6610444,1644
2026-09-11 19:27:00.668,1789165620.6687367,1544
2026-09-11 19:27:00.676,1789165620.676429,1396
2026-09-11 19:27:00.684,1789165620.6841214,1362
2026-09-11 19:27:00.691,1789165620.6918137,1348
2026-09-11 19:27:00.699,1789165620.699506,1336
2026-09-11 19:27:00.707,1789165620.7071984,1462
2026-09-11 19:27:00.714,1789165620.7148907,1554
2026-09-11 19:27:00.722,1789165620.7225828,1438
2026-09-11 19:27:00.730,1789165620.7302752,1353
2026-09-11 19:27:00.737,1789165620.7379675,1350
2026-09-11 19:27:00.745,1789165620.7456598,1241
2026-09-11 19:27:00.753,1789165620.7533522,1035
2026-09-11 19:27:00.761,1789165620.7610445,761
2026-09-11 19:27:00.768,1789165620.7687368,560
2026-09-11 19:27:00.776,1789165620.7764292,645
2026-09-11 19:27:00.784,1789165620.7841215,785
2026-09-11 19:27:00.791,1789165620.7918136,618
2026-09-11 19:27:00.799,1789165620.799506,298
2026-09-11 19:27:00.807,1789165620.8071983,169
2026-09-11 19:27:00.814,1789165620.8142986,198
2026-09-11 19:27:00.821,1789165620.821991,179
2026-09-11 19:27:00.829,1789165620.8296833,128
2026-09-11 19:27:00.837,1789165620.8373756,99
2026-09-11 19:27:00.845,1789165620.845068,-12
2026-09-11 19:27:00.852,1789165620.85276,-169
2026-09-11 19:27:00.860,1789165620.8604524,-291
2026-09-11 19:27:00.868,1789165620.8681448,-409
2026-09-11 19:27:00.875,1789165620.875837,-514
2026-09-11 19:27:00.883,1789165620.8835294,-557
2026-09-11 19:27:00.891,1789165620.8912218,-463
2026-09-11 19:27:00.898,1789165620.898914,-271
2026-09-11 19:27:00.906,1789165620.9066064,-140
2026-09-11 19:27:00.914,1789165620.9142985,-89
2026-09-11 19:27:00.921,1789165620.9219909,-150
2026-09-11 19:27:00.929,1789165620.9296832,-278
2026-09-11 19:27:00.937,1789165620.9373755,-215
2026-09-11 19:27:00.945,1789165620.945068,-21
2026-09-11 19:27:00.952,1789165620.9527602,-72
2026-09-11 19:27:00.960,1789165620.9604526,-322
2026-09-11 19:27:00.968,1789165620.968145,-426
2026-09-11 19:27:00.975,1789165620.975837,-375
2026-09-11 19:27:00.983,1789165620.9835293,-402
2026-09-11 19:27:00.991,1789165620.9912217,-470
2026-09-11 19:27:00.998,1789165620.998914,-392
2026-09-11 19:27:01.006,1789165621.0066063,-208
2026-09-11 19:27:01.014,1789165621.0142987,-99
2026-09-11 19:27:01.021,1789165621.021991,-87
2026-09-11 19:27:01.029,1789165621.0296834,-97
2026-09-11 19:27:01.037,1789165621.0373755,-143
2026-09-11 19:27:01.045,1789165621.0450678,-203
2026-09-11 19:27:01.052,1789165621.0527601,-235
2026-09-11 19:27:01.060,1789165621.0604525,-266
2026-09-11 19:27:01.068,1789165621.0681448,-269
2026-09-11 19:27:01.075,1789165621.0758371,-249
2026-09-11 19:27:01.083,1789165621.0835295,-266
2026-09-11 19:27:01.091,1789165621.0912218,-341
2026-09-11 19:27:01.098,1789165621.098914,-565
2026-09-11 19:27:01.106,1789165621.1066062,-906
2026-09-11 19:27:01.114,1789165621.1142986,-1161
2026-09-11 19:27:01.121,1789165621.121991,-1307
2026-09-11 19:27:01.129,1789165621.1296833,-1350
2026-09-11 19:27:01.137,1789165621.1373756,-1222
2026-09-11 19:27:01.145,1789165621.145068,-1067
2026-09-11 19:27:01.152,1789165621.1527603,-1324
2026-09-11 19:27:01.160,1789165621.1604524,-2037
2026-09-11 19:27:01.168,1789165621.1681447,-2282
2026-09-11 19:27:01.175,1789165621.175837,-1765
2026-09-11 19:27:01.183,1789165621.1835294,-1489
2026-09-11 19:27:01.191,1789165621.1912217,-1716
2026-09-11 19:27:01.198,1789165621.198914,-1879
2026-09-11 19:27:01.206,1789165621.2066064,-1915
2026-09-11 19:27:01.214,1789165621.2142987,-1988
2026-09-11 19:27:01.221,1789165621.2219908,-2015
2026-09-11 19:27:01.229,1789165621.2296832,-1959
2026-09-11 19:27:01.237,1789165621.2373755,-1906
2026-09-11 19:27:01.245,1789165621.2450678,-1845
2026-09-11 19:27:01.252,1789165621.2527602,-1704
2026-09-11 19:27:01.260,1789165621.2604525,-1532
2026-09-11 19:27:01.268,1789165621.2681448,-1457
2026-09-11 19:27:01.275,1789165621.2758372,-1455
2026-09-11 19:27:01.283,1789165621.2835293,-1406
2026-09-11 19:27:01.291,1789165621.2912216,-1350
2026-09-11 19:27:01.298,1789165621.298914,-1382
2026-09-11 19:27:01.306,1789165621.3066063,-1430
2026-09-11 19:27:01.314,1789165621.3142986,-1411
2026-09-11 19:27:01.321,1789165621.321991,-1328
2026-09-11 19:27:01.329,1789165621.3296833,-1248
2026-09-11 19:27:01.337,1789165621.3373756,-1231
2026-09-11 19:27:01.345,1789165621.345068,-1229
2026-09-11 19:27:01.352,1789165621.35276,-1151
2026-09-11 19:27:01.360,1789165621.3604524,-1057
2026-09-11 19:27:01.368,1789165621.3681448,-1016
2026-09-11 19:27:01.375,1789165621.3752751,-1018
2026-09-11 19:27:01.382,1789165621.3829675,-1076
2026-09-11 19:27:01.390,1789165621.3906598,-1207
2026-09-11 19:27:01.398,1789165621.3983521,-1362
2026-09-11 19:27:01.406,1789165621.4060445,-1450
2026-09-11 19:27:01.413,1789165621.4137366,-1459
2026-09-11 19:27:01.421,1789165621.421429,-1445
2026-09-11 19:27:01.429,1789165621.4291213,-1425
2026-09-11 19:27:01.436,1789165621.4368136,-1411
2026-09-11 19:27:01.444,1789165621.444506,-1399
2026-09-11 19:27:01.452,1789165621.4521983,-1396
2026-09-11 19:27:01.459,1789165621.4598906,-1389
2026-09-11 19:27:01.467,1789165621.467583,-1316
2026-09-11 19:27:01.475,1789165621.475275,-1214
2026-09-11 19:27:01.482,1789165621.4829674,-1142
2026-09-11 19:27:01.490,1789165621.4906597,-1103
2026-09-11 19:27:01.498,1789165621.498352,-1067
2026-09-11 19:27:01.506,1789165621.5060444,-923
2026-09-11 19:27:01.513,1789165621.5137367,-705
2026-09-11 19:27:01.521,1789165621.521429,-647
2026-09-11 19:27:01.529,1789165621.5291214,-776
2026-09-11 19:27:01.536,1789165621.5368135,-885
2026-09-11 19:27:01.544,1789165621.5445058,-894
2026-09-11 19:27:01.552,1789165621.5521982,-914
2026-09-11 19:27:01.559,1789165621.5598905,-1016
2026-09-11 19:27:01.567,1789165621.5675828,-1105
2026-09-11 19:27:01.575,1789165621.5752752,-1166
2026-09-11 19:27:01.582,1789165621.5829675,-1248
2026-09-11 19:27:01.590,1789165621.5906599,-1304
2026-09-11 19:27:01.598,1789165621.598352,-1307
2026-09-11 19:27:01.606,1789165621.6060443,-1314
2026-09-11 19:27:01.613,1789165621.6137366,-1297
2026-09-11 19:27:01.621,1789165621.621429,-1244
2026-09-11 19:27:01.629,1789165621.6291213,-1236
2026-09-11 19:27:01.636,1789165621.6368136,-1265
2026-09-11 19:27:01.644,1789165621.644506,-1246
2026-09-11 19:27:01.652,1789165621.6521983,-1188
2026-09-11 19:27:01.659,1789165621.6598904,-1149
2026-09-11 19:27:01.667,1789165621.6675828,-1125
2026-09-11 19:27:01.675,1789165621.675275,-1076
2026-09-11 19:27:01.682,1789165621.6829674,-1016
2026-09-11 19:27:01.690,1789165621.6906598,-979
2026-09-11 19:27:01.698,1789165621.698352,-950
2026-09-11 19:27:01.706,1789165621.7060444,-921
2026-09-11 19:27:01.713,1789165621.7137368,-923
2026-09-11 19:27:01.721,1789165621.7214289,-945
2026-09-11 19:27:01.729,1789165621.7291212,-945
2026-09-11 19:27:01.736,1789165621.7368135,-936
2026-09-11 19:27:01.744,1789165621.744506,-909
2026-09-11 19:27:01.752,1789165621.7521982,-865
2026-09-11 19:27:01.759,1789165621.7598906,-860
2026-09-11 19:27:01.767,1789165621.767583,-899
2026-09-11 19:27:01.775,1789165621.7752752,-902
2026-09-11 19:27:01.782,1789165621.7829673,-848
2026-09-11 19:27:01.790,1789165621.7906597,-797
2026-09-11 19:27:01.798,1789165621.798352,-773
2026-09-11 19:27:01.806,1789165621.8060443,-727
2026-09-11 19:27:01.813,1789165621.8137367,-574
2026-09-11 19:27:01.821,1789165621.821429,-298
2026-09-11 19:27:01.829,1789165621.8291214,19
2026-09-11 19:27:01.836,1789165621.8368137,303
2026-09-11 19:27:01.844,1789165621.8445058,164
2026-09-11 19:27:01.852,1789165621.8521981,-523
2026-09-11 19:27:01.859,1789165621.8598905,-851
2026-09-11 19:27:01.867,1789165621.8675828,-562
2026-09-11 19:27:01.875,1789165621.8752751,-499
2026-09-11 19:27:01.882,1789165621.8829675,-715
2026-09-11 19:27:01.890,1789165621.8906598,-749
2026-09-11 19:27:01.898,1789165621.8983521,-717
2026-09-11 19:27:01.906,1789165621.9060445,-766
2026-09-11 19:27:01.913,1789165621.9137366,-776
2026-09-11 19:27:01.921,1789165621.921429,-744
2026-09-11 19:27:01.929,1789165621.9291213,-737
2026-09-11 19:27:01.936,1789165621.9362216,-729
2026-09-11 19:27:01.943,1789165621.943914,-710
2026-09-11 19:27:01.951,1789165621.9516063,-686
2026-09-11 19:27:01.959,1789165621.9592986,-662
2026-09-11 19:27:01.966,1789165621.966991,-642
2026-09-11 19:27:01.974,1789165621.974683,-623
2026-09-11 19:27:01.982,1789165621.9823754,-603
2026-09-11 19:27:01.990,1789165621.9900677,-574
2026-09-11 19:27:01.997,1789165621.99776,-531
2026-09-11 19:27:02.005,1789165622.0054524,-499
2026-09-11 19:27:02.013,1789165622.0131447,-485
2026-09-11 19:27:02.020,1789165622.020837,-468
2026-09-11 19:27:02.028,1789165622.0285294,-448
2026-09-11 19:27:02.036,1789165622.0362215,-438
2026-09-11 19:27:02.043,1789165622.0439138,-421
2026-09-11 19:27:02.051,1789165622.0516062,-407
2026-09-11 19:27:02.059,1789165622.0592985,-400
2026-09-11 19:27:02.066,1789165622.0669909,-388
2026-09-11 19:27:02.074,1789165622.0746832,-390
2026-09-11 19:27:02.082,1789165622.0823755,-417
2026-09-11 19:27:02.090,1789165622.0900679,-448
2026-09-11 19:27:02.097,1789165622.09776,-477
2026-09-11 19:27:02.105,1789165622.1054523,-494
2026-09-11 19:27:02.113,1789165622.1131446,-494
2026-09-11 19:27:02.120,1789165622.120837,-504
2026-09-11 19:27:02.128,1789165622.1285293,-523
2026-09-11 19:27:02.136,1789165622.1362216,-518
2026-09-11 19:27:02.143,1789165622.143914,-509
2026-09-11 19:27:02.151,1789165622.1516063,-506
2026-09-11 19:27:02.159,1789165622.1592984,-497
2026-09-11 19:27:02.166,1789165622.1669908,-480
2026-09-11 19:27:02.174,1789165622.174683,-470
2026-09-11 19:27:02.182,1789165622.1823754,-455
2026-09-11 19:27:02.190,1789165622.1900678,-434
2026-09-11 19:27:02.197,1789165622.19776,-414
2026-09-11 19:27:02.205,1789165622.2054524,-407
2026-09-11 19:27:02.213,1789165622.2131448,-402
2026-09-11 19:27:02.220,1789165622.2208369,-397
2026-09-11 19:27:02.228,1789165622.2285292,-407
2026-09-11 19:27:02.236,1789165622.2362216,-414
2026-09-11 19:27:02.243,1789165622.243914,-392
2026-09-11 19:27:02.251,1789165622.2516062,-371
2026-09-11 19:27:02.259,1789165622.2592986,-368
2026-09-11 19:27:02.266,1789165622.266991,-373
2026-09-11 19:27:02.274,1789165622.2746832,-380
2026-09-11 19:27:02.282,1789165622.2823753,-383
2026-09-11 19:27:02.290,1789165622.2900677,-371
2026-09-11 19:27:02.297,1789165622.29776,-354
2026-09-11 19:27:02.305,1789165622.3054523,-341
2026-09-11 19:27:02.313,1789165622.3131447,-322
2026-09-11 19:27:02.320,1789165622.320837,-317
2026-09-11 19:27:02.328,1789165622.3285294,-322
2026-09-11 19:27:02.336,1789165622.3362217,-322
2026-09-11 19:27:02.343,1789165622.3439138,-329
2026-09-11 19:27:02.351,1789165622.3516061,-339
2026-09-11 19:27:02.359,1789165622.3592985,-346
2026-09-11 19:27:02.366,1789165622.3669908,-361
2026-09-11 19:27:02.374,1789165622.3746831,-363
2026-09-11 19:27:02.382,1789165622.3823755,-339
2026-09-11 19:27:02.390,1789165622.3900678,-320
2026-09-11 19:27:02.397,1789165622.3977602,-312
2026-09-11 19:27:02.405,1789165622.4054523,-300
2026-09-11 19:27:02.413,1789165622.4131446,-291
2026-09-11 19:27:02.420,1789165622.420837,-291
2026-09-11 19:27:02.428,1789165622.4285293,-298
2026-09-11 19:27:02.436,1789165622.4362216,-307
2026-09-11 19:27:02.443,1789165622.443914,-324
2026-09-11 19:27:02.451,1789165622.4516063,-334
2026-09-11 19:27:02.459,1789165622.4592986,-337
2026-09-11 19:27:02.466,1789165622.466991,-329
2026-09-11 19:27:02.474,1789165622.474683,-317
2026-09-11 19:27:02.482,1789165622.4823754,-307
2026-09-11 19:27:02.490,1789165622.4900677,-300
2026-09-11 19:27:02.497,1789165622.4971983,-288
2026-09-11 19:27:02.504,1789165622.5048907,-264
2026-09-11 19:27:02.512,1789165622.512583,-194
2026-09-11 19:27:02.520,1789165622.5202754,-4
2026-09-11 19:27:02.527,1789165622.5279677,278
2026-09-11 19:27:02.535,1789165622.5356598,584
2026-09-11 19:27:02.543,1789165622.5433521,628
2026-09-11 19:27:02.551,1789165622.5510445,4
2026-09-11 19:27:02.558,1789165622.5587368,-679
2026-09-11 19:27:02.566,1789165622.5664291,-565
2026-09-11 19:27:02.574,1789165622.5741215,-227
2026-09-11 19:27:02.581,1789165622.5818138,-283
2026-09-11 19:27:02.589,1789165622.5895061,-329
2026-09-11 19:27:02.597,1789165622.5971982,-240
2026-09-11 19:27:02.604,1789165622.6048906,-235
2026-09-11 19:27:02.612,1789165622.612583,-254
2026-09-11 19:27:02.620,1789165622.6202753,-218
2026-09-11 19:27:02.627,1789165622.6279676,-203
2026-09-11 19:27:02.635,1789165622.63566,-232
2026-09-11 19:27:02.643,1789165622.6433523,-247
2026-09-11 19:27:02.651,1789165622.6510446,-232
2026-09-11 19:27:02.658,1789165622.6587367,-225
2026-09-11 19:27:02.666,1789165622.666429,-225
2026-09-11 19:27:02.674,1789165622.6741214,-210
2026-09-11 19:27:02.681,1789165622.6818137,-196
2026-09-11 19:27:02.689,1789165622.689506,-189
2026-09-11 19:27:02.697,1789165622.6971984,-174
2026-09-11 19:27:02.704,1789165622.7048907,-150
2026-09-11 19:27:02.712,1789165622.712583,-135
2026-09-11 19:27:02.720,1789165622.7202752,-126
2026-09-11 19:27:02.727,1789165622.7279675,-104
2026-09-11 19:27:02.735,1789165622.7356598,-77
2026-09-11 19:27:02.743,1789165622.7433522,-48
2026-09-11 19:27:02.751,1789165622.7510445,-26
2026-09-11 19:27:02.758,1789165622.7587368,-2
2026-09-11 19:27:02.766,1789165622.7664292,16
2026-09-11 19:27:02.774,1789165622.7741215,19
2026-09-11 19:27:02.781,1789165622.7818136,-2
2026-09-11 19:27:02.789,1789165622.789506,-43
2026-09-11 19:27:02.797,1789165622.7971983,-75
2026-09-11 19:27:02.804,1789165622.8048906,-84
2026-09-11 19:27:02.812,1789165622.812583,-106
2026-09-11 19:27:02.820,1789165622.8202753,-155
2026-09-11 19:27:02.827,1789165622.8279676,-184
2026-09-11 19:27:02.835,1789165622.83566,-177
2026-09-11 19:27:02.843,1789165622.843352,-174
2026-09-11 19:27:02.851,1789165622.8510444,-174
2026-09-11 19:27:02.858,1789165622.8587368,-162
2026-09-11 19:27:02.866,1789165622.866429,-147
2026-09-11 19:27:02.874,1789165622.8741214,-140
2026-09-11 19:27:02.881,1789165622.8818138,-130
2026-09-11 19:27:02.889,1789165622.889506,-121
2026-09-11 19:27:02.897,1789165622.8971984,-116
2026-09-11 19:27:02.904,1789165622.9048905,-113
2026-09-11 19:27:02.912,1789165622.9125829,-111
2026-09-11 19:27:02.920,1789165622.9202752,-106
2026-09-11 19:27:02.927,1789165622.9279675,-97
2026-09-11 19:27:02.935,1789165622.93566,-87
2026-09-11 19:27:02.943,1789165622.9433522,-84
2026-09-11 19:27:02.951,1789165622.9510446,-77
2026-09-11 19:27:02.958,1789165622.958737,-70
2026-09-11 19:27:02.966,1789165622.966429,-63
2026-09-11 19:27:02.974,1789165622.9741213,-70
2026-09-11 19:27:02.981,1789165622.9818137,-94
2026-09-11 19:27:02.989,1789165622.989506,-109
2026-09-11 19:27:02.997,1789165622.9971983,-109
2026-09-11 19:27:03.004,1789165623.0048907,-113
2026-09-11 19:27:03.012,1789165623.012583,-121
2026-09-11 19:27:03.020,1789165623.0202754,-121
2026-09-11 19:27:03.027,1789165623.0279677,-116
2026-09-11 19:27:03.035,1789165623.0356598,-113
2026-09-11 19:27:03.043,1789165623.0433521,-109
2026-09-11 19:27:03.051,1789165623.0510445,-97
2026-09-11 19:27:03.058,1789165623.0581546,-94
2026-09-11 19:27:03.065,1789165623.065847,-104
2026-09-11 19:27:03.073,1789165623.0735393,-106
2026-09-11 19:27:03.081,1789165623.0812316,-104
2026-09-11 19:27:03.088,1789165623.088924,-111
2026-09-11 19:27:03.096,1789165623.096616,-109
2026-09-11 19:27:03.104,1789165623.1043084,-87
2026-09-11 19:27:03.112,1789165623.1120007,-72
2026-09-11 19:27:03.119,1789165623.119693,-72
2026-09-11 19:27:03.127,1789165623.1273854,-84
2026-09-11 19:27:03.135,1789165623.1350777,-104
2026-09-11 19:27:03.142,1789165623.14277,-116
2026-09-11 19:27:03.150,1789165623.1504624,-116
2026-09-11 19:27:03.158,1789165623.1581545,-123
2026-09-11 19:27:03.165,1789165623.1658468,-138
2026-09-11 19:27:03.173,1789165623.1735392,-140
2026-09-11 19:27:03.181,1789165623.1812315,-130
2026-09-11 19:27:03.188,1789165623.1889238,-118
2026-09-11 19:27:03.196,1789165623.1966162,-113
2026-09-11 19:27:03.204,1789165623.2043085,-113
2026-09-11 19:27:03.212,1789165623.2120008,-77
2026-09-11 19:27:03.219,1789165623.219693,82
2026-09-11 19:27:03.227,1789165623.2273853,361
2026-09-11 19:27:03.235,1789165623.2350776,679
2026-09-11 19:27:03.242,1789165623.24277,783
2026-09-11 19:27:03.250,1789165623.2504623,244
2026-09-11 19:27:03.258,1789165623.2581546,-511
2026-09-11 19:27:03.265,1789165623.265847,-509
2026-09-11 19:27:03.273,1789165623.2735393,-130
2026-09-11 19:27:03.281,1789165623.2812314,-133
2026-09-11 19:27:03.288,1789165623.2889237,-210
2026-09-11 19:27:03.296,1789165623.296616,-128
2026-09-11 19:27:03.304,1789165623.3043084,-109
2026-09-11 19:27:03.312,1789165623.3120008,-138
2026-09-11 19:27:03.319,1789165623.319693,-104
2026-09-11 19:27:03.327,1789165623.3273854,-70
2026-09-11 19:27:03.335,1789165623.3350778,-80
2026-09-11 19:27:03.342,1789165623.3427699,-84
2026-09-11 19:27:03.350,1789165623.3504622,-77
2026-09-11 19:27:03.358,1789165623.3581545,-75
2026-09-11 19:27:03.365,1789165623.3658469,-84
2026-09-11 19:27:03.373,1789165623.3735392,-92
2026-09-11 19:27:03.381,1789165623.3812315,-87
2026-09-11 19:27:03.388,1789165623.388924,-77
2026-09-11 19:27:03.396,1789165623.3966162,-65
2026-09-11 19:27:03.404,1789165623.4043083,-53
2026-09-11 19:27:03.412,1789165623.4120007,-41
2026-09-11 19:27:03.419,1789165623.419693,-21
2026-09-11 19:27:03.427,1789165623.4273853,-7
2026-09-11 19:27:03.435,1789165623.4350777,4
2026-09-11 19:27:03.442,1789165623.44277,9
2026-09-11 19:27:03.450,1789165623.4504623,7
2026-09-11 19:27:03.458,1789165623.4581547,7
2026-09-11 19:27:03.465,1789165623.4658468,4
2026-09-11 19:27:03.473,1789165623.473539,-4
2026-09-11 19:27:03.481,1789165623.4812315,-21
2026-09-11 19:27:03.488,1789165623.4889238,-53
2026-09-11 19:27:03.496,1789165623.4966161,-97
2026-09-11 19:27:03.504,1789165623.5043085,-140
2026-09-11 19:27:03.512,1789165623.5120008,-164
2026-09-11 19:27:03.519,1789165623.5196931,-177
2026-09-11 19:27:03.527,1789165623.5273852,-184
2026-09-11 19:27:03.535,1789165623.5350776,-186
2026-09-11 19:27:03.542,1789165623.54277,-189
2026-09-11 19:27:03.550,1789165623.5504622,-189
2026-09-11 19:27:03.558,1789165623.5581546,-181
2026-09-11 19:27:03.565,1789165623.565847,-169
2026-09-11 19:27:03.573,1789165623.5735393,-155
2026-09-11 19:27:03.581,1789165623.5812316,-140
2026-09-11 19:27:03.588,1789165623.588924,-135
2026-09-11 19:27:03.596,1789165623.596616,-135
2026-09-11 19:27:03.604,1789165623.6043084,-135
2026-09-11 19:27:03.612,1789165623.6120007,-143
2026-09-11 19:27:03.619,1789165623.6191213,-140
2026-09-11 19:27:03.626,1789165623.6268137,-121
2026-09-11 19:27:03.634,1789165623.634506,-111
2026-09-11 19:27:03.642,1789165623.6421983,-109
2026-09-11 19:27:03.649,1789165623.6498907,-104
2026-09-11 19:27:03.657,1789165623.6575828,-101
2026-09-11 19:27:03.665,1789165623.665275,-104
2026-09-11 19:27:03.672,1789165623.6729674,-99
2026-09-11 19:27:03.680,1789165623.6806598,-97
2026-09-11 19:27:03.688,1789165623.688352,-97
2026-09-11 19:27:03.696,1789165623.6960444,-92
2026-09-11 19:27:03.703,1789165623.7037368,-89
2026-09-11 19:27:03.711,1789165623.711429,-97
2026-09-11 19:27:03.719,1789165623.7191212,-106
2026-09-11 19:27:03.726,1789165623.7268136,-111
2026-09-11 19:27:03.734,1789165623.734506,-109
2026-09-11 19:27:03.742,1789165623.7421982,-109
2026-09-11 19:27:03.749,1789165623.7498906,-116
2026-09-11 19:27:03.757,1789165623.757583,-128
2026-09-11 19:27:03.765,1789165623.7652752,-133
2026-09-11 19:27:03.772,1789165623.7729676,-133
2026-09-11 19:27:03.780,1789165623.7806597,-130
2026-09-11 19:27:03.788,1789165623.788352,-118
2026-09-11 19:27:03.796,1789165623.7960443,-92
2026-09-11 19:27:03.803,1789165623.8037367,-72
2026-09-11 19:27:03.811,1789165623.811429,-75
2026-09-11 19:27:03.819,1789165623.8191214,-97
2026-09-11 19:27:03.826,1789165623.8268137,-116
2026-09-11 19:27:03.834,1789165623.834506,-121
2026-09-11 19:27:03.842,1789165623.8421981,-126
2026-09-11 19:27:03.849,1789165623.8498905,-130
2026-09-11 19:27:03.857,1789165623.8575828,-128
2026-09-11 19:27:03.865,1789165623.8652751,-121
2026-09-11 19:27:03.872,1789165623.8729675,-118
2026-09-11 19:27:03.880,1789165623.8806598,-123
2026-09-11 19:27:03.888,1789165623.8883522,-126
2026-09-11 19:27:03.896,1789165623.8960445,-104
2026-09-11 19:27:03.903,1789165623.9037366,21
2026-09-11 19:27:03.911,1789165623.911429,281
2026-09-11 19:27:03.919,1789165623.9191213,603
2026-09-11 19:27:03.926,1789165623.9268136,826
2026-09-11 19:27:03.934,1789165623.934506,504
2026-09-11 19:27:03.942,1789165623.9421983,-305
2026-09-11 19:27:03.949,1789165623.9498906,-567
2026-09-11 19:27:03.957,1789165623.957583,-179
2026-09-11 19:27:03.965,1789165623.965275,-65
2026-09-11 19:27:03.972,1789165623.9729674,-186
2026-09-11 19:27:03.980,1789165623.9806597,-123
2026-09-11 19:27:03.988,1789165623.988352,-67
2026-09-11 19:27:03.996,1789165623.9960444,-106
2026-09-11 19:27:04.003,1789165624.0037367,-94
2026-09-11 19:27:04.011,1789165624.011429,-55
2026-09-11 19:27:04.019,1789165624.0191214,-53
2026-09-11 19:27:04.026,1789165624.0268135,-41
2026-09-11 19:27:04.034,1789165624.0345058,-14
2026-09-11 19:27:04.042,1789165624.0421982,4
2026-09-11 19:27:04.049,1789165624.0498905,33
2026-09-11 19:27:04.057,1789165624.0575829,53
2026-09-11 19:27:04.065,1789165624.0652752,46
2026-09-11 19:27:04.072,1789165624.0729675,38
2026-09-11 19:27:04.080,1789165624.0806599,46
2026-09-11 19:27:04.088,1789165624.088352,60
2026-09-11 19:27:04.096,1789165624.0960443,70
2026-09-11 19:27:04.103,1789165624.1037366,77
2026-09-11 19:27:04.111,1789165624.111429,92
2026-09-11 19:27:04.119,1789165624.1191213,106
2026-09-11 19:27:04.126,1789165624.1268137,118
2026-09-11 19:27:04.134,1789165624.134506,126
2026-09-11 19:27:04.142,1789165624.1421983,128
2026-09-11 19:27:04.149,1789165624.1498907,128
2026-09-11 19:27:04.157,1789165624.1575828,126
2026-09-11 19:27:04.165,1789165624.165275,109
2026-09-11 19:27:04.172,1789165624.1729674,77
2026-09-11 19:27:04.180,1789165624.1800983,46
2026-09-11 19:27:04.187,1789165624.1877906,21
2026-09-11 19:27:04.195,1789165624.195483,-7
2026-09-11 19:27:04.203,1789165624.2031753,-41
2026-09-11 19:27:04.210,1789165624.2108676,-65
2026-09-11 19:27:04.218,1789165624.2185597,-77
2026-09-11 19:27:04.226,1789165624.226252,-106
2026-09-11 19:27:04.233,1789165624.2339444,-128
2026-09-11 19:27:04.241,1789165624.2416368,-113
2026-09-11 19:27:04.249,1789165624.249329,-99
2026-09-11 19:27:04.257,1789165624.2570214,-111
2026-09-11 19:27:04.264,1789165624.2647138,-116
2026-09-11 19:27:04.272,1789165624.272406,-92
2026-09-11 19:27:04.280,1789165624.2800982,-53
2026-09-11 19:27:04.287,1789165624.2877905,9
2026-09-11 19:27:04.295,1789165624.2954829,104
2026-09-11 19:27:04.303,1789165624.3031752,162
2026-09-11 19:27:04.310,1789165624.3108675,152
2026-09-11 19:27:04.318,1789165624.31856,94
2026-09-11 19:27:04.326,1789165624.3262522,2
2026-09-11 19:27:04.333,1789165624.3339446,-67
2026-09-11 19:27:04.341,1789165624.3416367,-75
2026-09-11 19:27:04.349,1789165624.349329,-77
2026-09-11 19:27:04.357,1789165624.3570213,-111
2026-09-11 19:27:04.364,1789165624.3647137,-140
2026-09-11 19:27:04.372,1789165624.372406,-147
2026-09-11 19:27:04.380,1789165624.3800983,-155
2026-09-11 19:27:04.387,1789165624.3877907,-174
2026-09-11 19:27:04.395,1789165624.395483,-179
2026-09-11 19:27:04.403,1789165624.403175,-174
2026-09-11 19:27:04.410,1789165624.4108675,-172
2026-09-11 19:27:04.418,1789165624.4185598,-169
2026-09-11 19:27:04.426,1789165624.4262521,-169
2026-09-11 19:27:04.433,1789165624.4339445,-167
2026-09-11 19:27:04.441,1789165624.4416368,-152
2026-09-11 19:27:04.449,1789165624.4493291,-128
2026-09-11 19:27:04.457,1789165624.4570215,-89
2026-09-11 19:27:04.464,1789165624.4647136,-58
2026-09-11 19:27:04.472,1789165624.472406,-58
2026-09-11 19:27:04.480,1789165624.4800982,-67
2026-09-11 19:27:04.487,1789165624.4877906,-58
2026-09-11 19:27:04.495,1789165624.495483,-38
2026-09-11 19:27:04.503,1789165624.5031753,-26
2026-09-11 19:27:04.510,1789165624.5108676,-31
2026-09-11 19:27:04.518,1789165624.51856,-38
2026-09-11 19:27:04.526,1789165624.526252,-33
2026-09-11 19:27:04.533,1789165624.5339444,-29
2026-09-11 19:27:04.541,1789165624.5416367,-31
2026-09-11 19:27:04.549,1789165624.549329,-26
2026-09-11 19:27:04.557,1789165624.5570214,-24
2026-09-11 19:27:04.564,1789165624.5647137,-4
2026-09-11 19:27:04.572,1789165624.572406,140
2026-09-11 19:27:04.580,1789165624.5800984,426
2026-09-11 19:27:04.587,1789165624.5877905,749
2026-09-11 19:27:04.595,1789165624.5954828,943
2026-09-11 19:27:04.603,1789165624.6031752,552
2026-09-11 19:27:04.610,1789165624.6108675,-278
2026-09-11 19:27:04.618,1789165624.6185598,-485
2026-09-11 19:27:04.626,1789165624.6262522,-104
2026-09-11 19:27:04.633,1789165624.6339445,-43
2026-09-11 19:27:04.641,1789165624.6416368,-155
2026-09-11 19:27:04.649,1789165624.649329,-70
2026-09-11 19:27:04.657,1789165624.6570213,-26
2026-09-11 19:27:04.664,1789165624.6647136,-87
2026-09-11 19:27:04.672,1789165624.672406,-82
2026-09-11 19:27:04.680,1789165624.6800983,-36
2026-09-11 19:27:04.687,1789165624.6877906,-4
2026-09-11 19:27:04.695,1789165624.695483,19
2026-09-11 19:27:04.703,1789165624.7031753,36
2026-09-11 19:27:04.710,1789165624.7108676,41
2026-09-11 19:27:04.718,1789165624.7185597,48
2026-09-11 19:27:04.726,1789165624.726252,65
2026-09-11 19:27:04.733,1789165624.7339444,70
2026-09-11 19:27:04.741,1789165624.7410443,53
2026-09-11 19:27:04.748,1789165624.7487366,31
2026-09-11 19:27:04.756,1789165624.756429,19
2026-09-11 19:27:04.764,1789165624.7641213,21
2026-09-11 19:27:04.771,1789165624.7718136,21
2026-09-11 19:27:04.779,1789165624.7795057,21
2026-09-11 19:27:04.787,1789165624.787198,43
2026-09-11 19:27:04.794,1789165624.7948904,65
2026-09-11 19:27:04.802,1789165624.8025827,50
2026-09-11 19:27:04.810,1789165624.810275,16
2026-09-11 19:27:04.817,1789165624.8179674,-9
2026-09-11 19:27:04.825,1789165624.8256598,-38
2026-09-11 19:27:04.833,1789165624.833352,-72
2026-09-11 19:27:04.841,1789165624.8410442,-111
2026-09-11 19:27:04.848,1789165624.8487365,-150
2026-09-11 19:27:04.856,1789165624.8564289,-174
2026-09-11 19:27:04.864,1789165624.8641212,-177
2026-09-11 19:27:04.871,1789165624.8718135,-181
2026-09-11 19:27:04.879,1789165624.8795059,-196
2026-09-11 19:27:04.887,1789165624.8871982,-196
2026-09-11 19:27:04.894,1789165624.8948905,-177
2026-09-11 19:27:04.902,1789165624.9025826,-157
2026-09-11 19:27:04.910,1789165624.910275,-152
2026-09-11 19:27:04.917,1789165624.9179673,-143
2026-09-11 19:27:04.925,1789165624.9256597,-118
2026-09-11 19:27:04.933,1789165624.933352,-104
2026-09-11 19:27:04.941,1789165624.9410443,-101
2026-09-11 19:27:04.948,1789165624.9487367,-92
2026-09-11 19:27:04.956,1789165624.956429,-75
2026-09-11 19:27:04.964,1789165624.964121,-58
2026-09-11 19:27:04.971,1789165624.9718134,-43
2026-09-11 19:27:04.979,1789165624.9795058,-16
2026-09-11 19:27:04.987,1789165624.987198,19
2026-09-11 19:27:04.994,1789165624.9948905,29
2026-09-11 19:27:05.002,1789165625.0025828,16
2026-09-11 19:27:05.010,1789165625.0102751,26
2026-09-11 19:27:05.017,1789165625.0179675,36
2026-09-11 19:27:05.025,1789165625.0256596,21
2026-09-11 19:27:05.033,1789165625.033352,12
2026-09-11 19:27:05.041,1789165625.0410442,26
2026-09-11 19:27:05.048,1789165625.0487366,36
2026-09-11 19:27:05.056,1789165625.056429,26
2026-09-11 19:27:05.064,1789165625.0641212,2
2026-09-11 19:27:05.071,1789165625.0718136,-19
2026-09-11 19:27:05.079,1789165625.079506,-31
2026-09-11 19:27:05.087,1789165625.087198,-33
2026-09-11 19:27:05.094,1789165625.0948904,-41
2026-09-11 19:27:05.102,1789165625.1025827,-41
2026-09-11 19:27:05.110,1789165625.110275,-14
2026-09-11 19:27:05.117,1789165625.1179674,12
2026-09-11 19:27:05.125,1789165625.1256597,16
2026-09-11 19:27:05.133,1789165625.133352,21
2026-09-11 19:27:05.141,1789165625.1410444,21
2026-09-11 19:27:05.148,1789165625.1487365,0
2026-09-11 19:27:05.156,1789165625.1564288,-2
2026-09-11 19:27:05.164,1789165625.1641212,31
2026-09-11 19:27:05.171,1789165625.1718135,48
2026-09-11 19:27:05.179,1789165625.1795058,24
2026-09-11 19:27:05.187,1789165625.1871982,0
2026-09-11 19:27:05.194,1789165625.1948905,-19
2026-09-11 19:27:05.202,1789165625.2025828,-33
2026-09-11 19:27:05.210,1789165625.210275,-38
2026-09-11 19:27:05.217,1789165625.2179673,-46
2026-09-11 19:27:05.225,1789165625.2256596,26
2026-09-11 19:27:05.233,1789165625.233352,266
2026-09-11 19:27:05.241,1789165625.2410443,591
2026-09-11 19:27:05.248,1789165625.2487366,875
2026-09-11 19:27:05.256,1789165625.256429,744
2026-09-11 19:27:05.264,1789165625.2641213,-19
2026-09-11 19:27:05.271,1789165625.2718136,-516
2026-09-11 19:27:05.279,1789165625.2795057,-235
2026-09-11 19:27:05.287,1789165625.287198,-31
2026-09-11 19:27:05.294,1789165625.2948904,-181
2026-09-11 19:27:05.302,1789165625.3020213,-194
2026-09-11 19:27:05.309,1789165625.3097136,-128
2026-09-11 19:27:05.317,1789165625.317406,-174
2026-09-11 19:27:05.325,1789165625.3250983,-203
2026-09-11 19:27:05.332,1789165625.3327906,-164
2026-09-11 19:27:05.340,1789165625.3404827,-150
2026-09-11 19:27:05.348,1789165625.348175,-162
2026-09-11 19:27:05.355,1789165625.3558674,-169
2026-09-11 19:27:05.363,1789165625.3635597,-155
2026-09-11 19:27:05.371,1789165625.371252,-143
2026-09-11 19:27:05.378,1789165625.3789444,-140
2026-09-11 19:27:05.386,1789165625.3866367,-138
2026-09-11 19:27:05.394,1789165625.394329,-130
2026-09-11 19:27:05.402,1789165625.4020212,-126
2026-09-11 19:27:05.409,1789165625.4097135,-123
2026-09-11 19:27:05.417,1789165625.4174058,-113
2026-09-11 19:27:05.425,1789165625.4250982,-94
2026-09-11 19:27:05.432,1789165625.4327905,-77
2026-09-11 19:27:05.440,1789165625.4404829,-53
2026-09-11 19:27:05.448,1789165625.4481752,-33
2026-09-11 19:27:05.455,1789165625.4558675,-26
2026-09-11 19:27:05.463,1789165625.4635596,-26
2026-09-11 19:27:05.471,1789165625.471252,-26
2026-09-11 19:27:05.478,1789165625.4789443,-31
2026-09-11 19:27:05.486,1789165625.4866366,-46
2026-09-11 19:27:05.494,1789165625.494329,-70
2026-09-11 19:27:05.502,1789165625.5020213,-104
2026-09-11 19:27:05.509,1789165625.5097136,-138
2026-09-11 19:27:05.517,1789165625.517406,-172
2026-09-11 19:27:05.525,1789165625.525098,-201
2026-09-11 19:27:05.532,1789165625.5327904,-218
2026-09-11 19:27:05.540,1789165625.5404828,-227
2026-09-11 19:27:05.548,1789165625.548175,-232
2026-09-11 19:27:05.555,1789165625.5558674,-225
2026-09-11 19:27:05.563,1789165625.5635598,-208
2026-09-11 19:27:05.571,1789165625.571252,-191
2026-09-11 19:27:05.578,1789165625.5789444,-186
2026-09-11 19:27:05.586,1789165625.5866365,-189
2026-09-11 19:27:05.594,1789165625.5943289,-186
2026-09-11 19:27:05.602,1789165625.6020212,-177
2026-09-11 19:27:05.609,1789165625.6097136,-174
2026-09-11 19:27:05.617,1789165625.617406,-181
2026-09-11 19:27:05.625,1789165625.6250982,-184
2026-09-11 19:27:05.632,1789165625.6327906,-177
2026-09-11 19:27:05.640,1789165625.640483,-174
2026-09-11 19:27:05.648,1789165625.648175,-172
2026-09-11 19:27:05.655,1789165625.6558673,-167
2026-09-11 19:27:05.663,1789165625.6635597,-164
2026-09-11 19:27:05.671,1789165625.671252,-167
2026-09-11 19:27:05.678,1789165625.6789443,-164
2026-09-11 19:27:05.686,1789165625.6866367,-162
2026-09-11 19:27:05.694,1789165625.694329,-167
2026-09-11 19:27:05.702,1789165625.7020214,-167
2026-09-11 19:27:05.709,1789165625.7097135,-164
2026-09-11 19:27:05.717,1789165625.7174058,-162
2026-09-11 19:27:05.725,1789165625.7250981,-162
2026-09-11 19:27:05.732,1789165625.7327905,-157
2026-09-11 19:27:05.740,1789165625.7404828,-160
2026-09-11 19:27:05.748,1789165625.7481751,-162
2026-09-11 19:27:05.755,1789165625.7558675,-155
2026-09-11 19:27:05.763,1789165625.7635598,-147
2026-09-11 19:27:05.771,1789165625.771252,-140
2026-09-11 19:27:05.778,1789165625.7789443,-121
2026-09-11 19:27:05.786,1789165625.7866366,-92
2026-09-11 19:27:05.794,1789165625.794329,-77
2026-09-11 19:27:05.802,1789165625.8020213,-82
2026-09-11 19:27:05.809,1789165625.8097136,-104
2026-09-11 19:27:05.817,1789165625.817406,-126
2026-09-11 19:27:05.825,1789165625.8250983,-128
2026-09-11 19:27:05.832,1789165625.8327906,-121
2026-09-11 19:27:05.840,1789165625.8404827,-118
2026-09-11 19:27:05.848,1789165625.848175,-121
2026-09-11 19:27:05.855,1789165625.8558674,-118
2026-09-11 19:27:05.862,1789165625.862998,-121
2026-09-11 19:27:05.870,1789165625.8706903,-118
2026-09-11 19:27:05.878,1789165625.8783827,-116
2026-09-11 19:27:05.886,1789165625.886075,-89
2026-09-11 19:27:05.893,1789165625.8937674,48
2026-09-11 19:27:05.901,1789165625.9014595,324
2026-09-11 19:27:05.909,1789165625.9091518,654
2026-09-11 19:27:05.916,1789165625.9168441,848
2026-09-11 19:27:05.924,1789165625.9245365,438
2026-09-11 19:27:05.932,1789165625.9322288,-373
2026-09-11 19:27:05.939,1789165625.9399211,-545
2026-09-11 19:27:05.947,1789165625.9476135,-160
2026-09-11 19:27:05.955,1789165625.9553058,-97
2026-09-11 19:27:05.962,1789165625.962998,-201
2026-09-11 19:27:05.970,1789165625.9706903,-133
2026-09-11 19:27:05.978,1789165625.9783826,-99
2026-09-11 19:27:05.986,1789165625.986075,-138
2026-09-11 19:27:05.993,1789165625.9937673,-121
2026-09-11 19:27:06.001,1789165626.0014596,-92
2026-09-11 19:27:06.009,1789165626.009152,-94
2026-09-11 19:27:06.016,1789165626.0168443,-92
2026-09-11 19:27:06.024,1789165626.0245364,-75
2026-09-11 19:27:06.032,1789165626.0322287,-67
2026-09-11 19:27:06.039,1789165626.039921,-60
2026-09-11 19:27:06.047,1789165626.0476134,-46
2026-09-11 19:27:06.055,1789165626.0553057,-31
2026-09-11 19:27:06.062,1789165626.062998,-19
2026-09-11 19:27:06.070,1789165626.0706904,-7
2026-09-11 19:27:06.078,1789165626.0783827,2
2026-09-11 19:27:06.086,1789165626.0860748,16
2026-09-11 19:27:06.093,1789165626.0937672,36
2026-09-11 19:27:06.101,1789165626.1014595,53
2026-09-11 19:27:06.109,1789165626.1091518,67
2026-09-11 19:27:06.116,1789165626.1168442,82
2026-09-11 19:27:06.124,1789165626.1245365,87
2026-09-11 19:27:06.132,1789165626.1322289,80
2026-09-11 19:27:06.139,1789165626.1399212,72
2026-09-11 19:27:06.147,1789165626.1476133,60
2026-09-11 19:27:06.155,1789165626.1553056,38
2026-09-11 19:27:06.162,1789165626.162998,-2
2026-09-11 19:27:06.170,1789165626.1706903,-43
2026-09-11 19:27:06.178,1789165626.1783826,-80
2026-09-11 19:27:06.186,1789165626.186075,-111
2026-09-11 19:27:06.193,1789165626.1937673,-135
2026-09-11 19:27:06.201,1789165626.2014596,-147
2026-09-11 19:27:06.209,1789165626.2091517,-152
2026-09-11 19:27:06.216,1789165626.216844,-152
2026-09-11 19:27:06.224,1789165626.2245364,-157
2026-09-11 19:27:06.232,1789165626.2322288,-162
2026-09-11 19:27:06.239,1789165626.239921,-160
2026-09-11 19:27:06.247,1789165626.2476134,-147
2026-09-11 19:27:06.255,1789165626.2553058,-140
2026-09-11 19:27:06.262,1789165626.262998,-138
2026-09-11 19:27:06.270,1789165626.2706902,-133
2026-09-11 19:27:06.278,1789165626.2783825,-126
2026-09-11 19:27:06.286,1789165626.2860749,-123
2026-09-11 19:27:06.293,1789165626.2937672,-118
2026-09-11 19:27:06.301,1789165626.3014596,-113
2026-09-11 19:27:06.309,1789165626.309152,-111
2026-09-11 19:27:06.316,1789165626.3168442,-109
2026-09-11 19:27:06.324,1789165626.3245366,-109
2026-09-11 19:27:06.332,1789165626.3322287,-109
2026-09-11 19:27:06.339,1789165626.339921,-106
2026-09-11 19:27:06.347,1789165626.3476133,-104
2026-09-11 19:27:06.355,1789165626.3553057,-104
2026-09-11 19:27:06.362,1789165626.362998,-106
2026-09-11 19:27:06.370,1789165626.3706903,-101
2026-09-11 19:27:06.378,1789165626.3783827,-101
2026-09-11 19:27:06.386,1789165626.386075,-101
2026-09-11 19:27:06.393,1789165626.3937674,-97
2026-09-11 19:27:06.401,1789165626.4014595,-84
2026-09-11 19:27:06.409,1789165626.4091518,-89
2026-09-11 19:27:06.416,1789165626.4168441,-104
2026-09-11 19:27:06.423,1789165626.4239542,-109
2026-09-11 19:27:06.431,1789165626.4316466,-99
2026-09-11 19:27:06.439,1789165626.439339,-94
2026-09-11 19:27:06.447,1789165626.4470313,-82
2026-09-11 19:27:06.454,1789165626.4547236,-55
2026-09-11 19:27:06.462,1789165626.4624157,-33
2026-09-11 19:27:06.470,1789165626.470108,-33
2026-09-11 19:27:06.477,1789165626.4778004,-43
2026-09-11 19:27:06.485,1789165626.4854927,-60
2026-09-11 19:27:06.493,1789165626.493185,-77
2026-09-11 19:27:06.500,1789165626.5008774,-84
2026-09-11 19:27:06.508,1789165626.5085697,-84
2026-09-11 19:27:06.516,1789165626.516262,-84
2026-09-11 19:27:06.523,1789165626.5239542,-82
2026-09-11 19:27:06.531,1789165626.5316465,-80
2026-09-11 19:27:06.539,1789165626.5393388,-80
2026-09-11 19:27:06.547,1789165626.5470312,-84
2026-09-11 19:27:06.554,1789165626.5547235,-87
2026-09-11 19:27:06.562,1789165626.5624158,-46
2026-09-11 19:27:06.570,1789165626.5701082,116
2026-09-11 19:27:06.577,1789165626.5778005,400
2026-09-11 19:27:06.585,1789165626.5854926,725
2026-09-11 19:27:06.593,1789165626.593185,836
2026-09-11 19:27:06.600,1789165626.6008773,291
2026-09-11 19:27:06.608,1789165626.6085696,-477
2026-09-11 19:27:06.616,1789165626.616262,-485
2026-09-11 19:27:06.623,1789165626.6239543,-113
2026-09-11 19:27:06.631,1789165626.6316466,-123
2026-09-11 19:27:06.639,1789165626.639339,-201
2026-09-11 19:27:06.647,1789165626.647031,-116
2026-09-11 19:27:06.654,1789165626.6547234,-104
2026-09-11 19:27:06.662,1789165626.6624157,-140
2026-09-11 19:27:06.670,1789165626.670108,-111
2026-09-11 19:27:06.677,1789165626.6778004,-87
2026-09-11 19:27:06.685,1789165626.6854928,-92
2026-09-11 19:27:06.693,1789165626.693185,-82
2026-09-11 19:27:06.700,1789165626.7008774,-67
2026-09-11 19:27:06.708,1789165626.7085695,-63
2026-09-11 19:27:06.716,1789165626.7162619,-55
2026-09-11 19:27:06.723,1789165626.7239542,-41
2026-09-11 19:27:06.731,1789165626.7316465,-33
2026-09-11 19:27:06.739,1789165626.7393389,-24
2026-09-11 19:27:06.747,1789165626.7470312,-7
2026-09-11 19:27:06.754,1789165626.7547235,7
2026-09-11 19:27:06.762,1789165626.762416,16
2026-09-11 19:27:06.770,1789165626.770108,38
2026-09-11 19:27:06.777,1789165626.7778003,65
2026-09-11 19:27:06.785,1789165626.7854927,80
2026-09-11 19:27:06.793,1789165626.793185,89
2026-09-11 19:27:06.800,1789165626.8008773,99
2026-09-11 19:27:06.808,1789165626.8085697,111
2026-09-11 19:27:06.816,1789165626.816262,155
2026-09-11 19:27:06.823,1789165626.8239543,206
2026-09-11 19:27:06.831,1789165626.8316464,201
2026-09-11 19:27:06.839,1789165626.8393388,152
2026-09-11 19:27:06.847,1789165626.847031,109
2026-09-11 19:27:06.854,1789165626.8547235,48
2026-09-11 19:27:06.862,1789165626.8624158,-19
2026-09-11 19:27:06.870,1789165626.8701081,-58
2026-09-11 19:27:06.877,1789165626.8778005,-65
2026-09-11 19:27:06.885,1789165626.8854928,-75
2026-09-11 19:27:06.893,1789165626.893185,-92
2026-09-11 19:27:06.900,1789165626.9008772,-94
2026-09-11 19:27:06.908,1789165626.9085696,-92
2026-09-11 19:27:06.916,1789165626.916262,-89
2026-09-11 19:27:06.923,1789165626.9239542,-67
2026-09-11 19:27:06.931,1789165626.9316466,-50
2026-09-11 19:27:06.939,1789165626.939339,-58
2026-09-11 19:27:06.947,1789165626.9470313,-63
2026-09-11 19:27:06.954,1789165626.9547236,-50
2026-09-11 19:27:06.962,1789165626.9624157,-31
2026-09-11 19:27:06.970,1789165626.970108,-16
2026-09-11 19:27:06.977,1789165626.9778004,-12
