timestamp_local,timestamp_epoch_s,x_mg,y_mg,z_mg
2026-09-13 19:03:50.063,1789337030.0636866,-953,51,105
2026-09-13 19:03:50.083,1789337030.0836866,-966,48,114
2026-09-13 19:03:50.103,1789337030.1036866,-973,53,124
2026-09-13 19:03:50.123,1789337030.1236866,-979,53,118
2026-09-13 19:03:50.143,1789337030.1436865,-971,52,114
2026-09-13 19:03:50.163,1789337030.1636865,-969,53,113
2026-09-13 19:03:50.183,1789337030.1836865,-971,52,120
2026-09-13 19:03:50.203,1789337030.2036867,-970,54,114
2026-09-13 19:03:50.223,1789337030.2236867,-968,54,117
2026-09-13 19:03:50.243,1789337030.2436867,-973,56,115
2026-09-13 19:03:50.263,1789337030.2636867,-967,55,109
2026-09-13 19:03:50.283,1789337030.2836866,-964,52,113
2026-09-13 19:03:50.303,1789337030.3036866,-970,53,119
2026-09-13 19:03:50.323,1789337030.3236866,-970,59,114
2026-09-13 19:03:50.343,1789337030.3436866,-971,60,125
2026-09-13 19:03:50.363,1789337030.3636866,-972,57,115
2026-09-13 19:03:50.383,1789337030.3836865,-966,53,117
2026-09-13 19:03:50.403,1789337030.4036865,-972,53,111
2026-09-13 19:03:50.423,1789337030.4236865,-968,57,115
2026-09-13 19:03:50.443,1789337030.4436867,-969,59,117
2026-09-13 19:03:50.463,1789337030.4636867,-970,57,121
2026-09-13 19:03:50.483,1789337030.4836867,-971,56,121
2026-09-13 19:03:50.503,1789337030.5036867,-970,55,118
2026-09-13 19:03:50.523,1789337030.5236866,-968,57,120
2026-09-13 19:03:50.543,1789337030.5436866,-969,57,120
2026-09-13 19:03:50.563,1789337030.5636866,-969,54,124
2026-09-13 19:03:50.583,1789337030.5836866,-967,54,120
2026-09-13 19:03:50.603,1789337030.6036866,-969,54,122
2026-09-13 19:03:50.623,1789337030.6236866,-968,55,121
2026-09-13 19:03:50.643,1789337030.6436865,-970,55,123
2026-09-13 19:03:50.663,1789337030.6636865,-970,51,121
2026-09-13 19:03:50.683,1789337030.6836865,-968,50,120
2026-09-13 19:03:50.703,1789337030.7036867,-966,50,131
2026-09-13 19:03:50.723,1789337030.7236867,-976,55,123
2026-09-13 19:03:50.743,1789337030.7436867,-966,54,109
2026-09-13 19:03:50.763,1789337030.7636867,-972,52,124
2026-09-13 19:03:50.770,1789337030.7706056,-970,53,136
2026-09-13 19:03:50.790,1789337030.7906055,-977,58,126
2026-09-13 19:03:50.810,1789337030.8106055,-963,63,122
2026-09-13 19:03:50.830,1789337030.8306055,-962,58,129
2026-09-13 19:03:50.850,1789337030.8506055,-960,55,140
2026-09-13 19:03:50.870,1789337030.8706055,-972,54,148
2026-09-13 19:03:50.890,1789337030.8906054,-983,49,143
2026-09-13 19:03:50.910,1789337030.9106057,-976,45,132
2026-09-13 19:03:50.930,1789337030.9306056,-969,47,119
2026-09-13 19:03:50.950,1789337030.9506056,-971,48,117
2026-09-13 19:03:50.970,1789337030.9706056,-972,52,126
2026-09-13 19:03:50.990,1789337030.9906056,-974,51,126
2026-09-13 19:03:51.010,1789337031.0106056,-977,56,122
2026-09-13 19:03:51.030,1789337031.0306056,-975,54,124
2026-09-13 19:03:51.050,1789337031.0506055,-976,51,117
2026-09-13 19:03:51.070,1789337031.0706055,-970,54,98
2026-09-13 19:03:51.090,1789337031.0906055,-962,55,101
2026-09-13 19:03:51.110,1789337031.1106055,-969,54,96
2026-09-13 19:03:51.130,1789337031.1306055,-967,54,93
2026-09-13 19:03:51.150,1789337031.1506057,-968,55,94
2026-09-13 19:03:51.170,1789337031.1706057,-974,51,94
2026-09-13 19:03:51.190,1789337031.1906056,-976,52,88
2026-09-13 19:03:51.210,1789337031.2106056,-972,51,82
2026-09-13 19:03:51.230,1789337031.2306056,-971,50,83
2026-09-13 19:03:51.250,1789337031.2506056,-969,51,87
2026-09-13 19:03:51.270,1789337031.2706056,-972,53,86
2026-09-13 19:03:51.290,1789337031.2906055,-972,51,88
2026-09-13 19:03:51.310,1789337031.3106055,-973,51,82
2026-09-13 19:03:51.330,1789337031.3306055,-973,51,79
2026-09-13 19:03:51.350,1789337031.3506055,-972,49,78
2026-09-13 19:03:51.370,1789337031.3706055,-970,51,79
2026-09-13 19:03:51.390,1789337031.3906054,-973,49,78
2026-09-13 19:03:51.410,1789337031.4106057,-972,46,76
2026-09-13 19:03:51.430,1789337031.4306056,-968,50,81
2026-09-13 19:03:51.450,1789337031.4506056,-978,52,77
2026-09-13 19:03:51.470,1789337031.4706056,-977,48,63
2026-09-13 19:03:51.477,1789337031.4776466,-971,42,68
2026-09-13 19:03:51.497,1789337031.4976466,-954,47,97
2026-09-13 19:03:51.517,1789337031.5176466,-982,50,82
2026-09-13 19:03:51.537,1789337031.5376465,-981,47,50
2026-09-13 19:03:51.557,1789337031.5576465,-966,42,70
2026-09-13 19:03:51.577,1789337031.5776465,-978,47,83
2026-09-13 19:03:51.597,1789337031.5976465,-977,50,72
2026-09-13 19:03:51.617,1789337031.6176467,-969,53,71
2026-09-13 19:03:51.637,1789337031.6376467,-969,50,63
2026-09-13 19:03:51.657,1789337031.6576467,-965,51,61
2026-09-13 19:03:51.677,1789337031.6776466,-969,49,68
2026-09-13 19:03:51.697,1789337031.6976466,-983,49,73
2026-09-13 19:03:51.717,1789337031.7176466,-977,49,76
2026-09-13 19:03:51.737,1789337031.7376466,-974,52,80
2026-09-13 19:03:51.757,1789337031.7576466,-975,52,61
2026-09-13 19:03:51.777,1789337031.7776465,-969,48,59
2026-09-13 19:03:51.797,1789337031.7976465,-968,49,69
2026-09-13 19:03:51.817,1789337031.8176465,-972,53,69
2026-09-13 19:03:51.837,1789337031.8376465,-972,56,71
2026-09-13 19:03:51.857,1789337031.8576467,-972,55,69
2026-09-13 19:03:51.877,1789337031.8776467,-973,55,70
2026-09-13 19:03:51.897,1789337031.8976467,-973,52,67
2026-09-13 19:03:51.917,1789337031.9176466,-974,52,66
2026-09-13 19:03:51.937,1789337031.9376466,-973,53,63
2026-09-13 19:03:51.957,1789337031.9576466,-973,55,67
2026-09-13 19:03:51.977,1789337031.9776466,-976,53,73
2026-09-13 19:03:51.997,1789337031.9976466,-977,51,72
2026-09-13 19:03:52.017,1789337032.0176466,-975,51,70
2026-09-13 19:03:52.037,1789337032.0376465,-974,54,62
2026-09-13 19:03:52.057,1789337032.0576465,-969,53,66
2026-09-13 19:03:52.077,1789337032.0776465,-974,53,65
2026-09-13 19:03:52.097,1789337032.0976465,-974,52,76
2026-09-13 19:03:52.117,1789337032.1176467,-980,54,58
2026-09-13 19:03:52.137,1789337032.1376467,-976,53,44
2026-09-13 19:03:52.157,1789337032.1576467,-966,49,66
2026-09-13 19:03:52.177,1789337032.1776466,-965,50,86
2026-09-13 19:03:52.184,1789337032.1846266,-980,52,60
2026-09-13 19:03:52.204,1789337032.2046266,-974,51,34
2026-09-13 19:03:52.224,1789337032.2246265,-972,48,74
2026-09-13 19:03:52.244,1789337032.2446265,-994,54,68
2026-09-13 19:03:52.264,1789337032.2646265,-974,54,63
2026-09-13 19:03:52.284,1789337032.2846265,-970,52,61
2026-09-13 19:03:52.304,1789337032.3046265,-970,52,57
2026-09-13 19:03:52.324,1789337032.3246267,-975,54,63
2026-09-13 19:03:52.344,1789337032.3446267,-977,50,61
2026-09-13 19:03:52.364,1789337032.3646266,-975,48,62
2026-09-13 19:03:52.384,1789337032.3846266,-975,52,68
2026-09-13 19:03:52.404,1789337032.4046266,-974,53,72
2026-09-13 19:03:52.424,1789337032.4246266,-975,50,49
2026-09-13 19:03:52.444,1789337032.4446266,-967,50,46
2026-09-13 19:03:52.464,1789337032.4646266,-971,50,62
2026-09-13 19:03:52.484,1789337032.4846265,-979,54,66
2026-09-13 19:03:52.504,1789337032.5046265,-977,56,66
2026-09-13 19:03:52.524,1789337032.5246265,-980,57,62
2026-09-13 19:03:52.544,1789337032.5446265,-971,56,62
2026-09-13 19:03:52.564,1789337032.5646267,-968,55,64
2026-09-13 19:03:52.584,1789337032.5846267,-973,55,57
2026-09-13 19:03:52.604,1789337032.6046267,-975,55,61
2026-09-13 19:03:52.624,1789337032.6246266,-971,54,64
2026-09-13 19:03:52.644,1789337032.6446266,-971,55,66
2026-09-13 19:03:52.664,1789337032.6646266,-976,56,63
2026-09-13 19:03:52.684,1789337032.6846266,-974,56,62
2026-09-13 19:03:52.704,1789337032.7046266,-973,55,60
2026-09-13 19:03:52.724,1789337032.7246265,-969,54,63
2026-09-13 19:03:52.744,1789337032.7446265,-974,56,61
2026-09-13 19:03:52.764,1789337032.7646265,-983,58,45
2026-09-13 19:03:52.784,1789337032.7846265,-976,55,55
2026-09-13 19:03:52.804,1789337032.8046265,-968,51,90
2026-09-13 19:03:52.824,1789337032.8246267,-979,53,82
2026-09-13 19:03:52.844,1789337032.8446267,-977,59,33
2026-09-13 19:03:52.864,1789337032.8646266,-962,55,67
2026-09-13 19:03:52.884,1789337032.8846266,-975,56,81
2026-09-13 19:03:52.891,1789337032.8917286,-976,55,70
2026-09-13 19:03:52.911,1789337032.9117286,-974,54,66
2026-09-13 19:03:52.931,1789337032.9317286,-973,58,64
2026-09-13 19:03:52.951,1789337032.9517286,-967,56,70
2026-09-13 19:03:52.971,1789337032.9717286,-968,54,65
2026-09-13 19:03:52.991,1789337032.9917285,-967,54,69
2026-09-13 19:03:53.011,1789337033.0117285,-960,56,63
2026-09-13 19:03:53.031,1789337033.0317287,-970,55,69
2026-09-13 19:03:53.051,1789337033.0517287,-968,57,54
2026-09-13 19:03:53.071,1789337033.0717287,-958,56,54
2026-09-13 19:03:53.091,1789337033.0917287,-969,51,73
2026-09-13 19:03:53.111,1789337033.1117287,-978,52,62
2026-09-13 19:03:53.131,1789337033.1317286,-972,51,60
2026-09-13 19:03:53.151,1789337033.1517286,-970,54,60
2026-09-13 19:03:53.171,1789337033.1717286,-968,56,61
2026-09-13 19:03:53.191,1789337033.1917286,-970,54,62
2026-09-13 19:03:53.211,1789337033.2117286,-970,54,58
2026-09-13 19:03:53.231,1789337033.2317286,-971,52,57
2026-09-13 19:03:53.251,1789337033.2517285,-975,57,59
2026-09-13 19:03:53.271,1789337033.2717288,-972,53,62
2026-09-13 19:03:53.291,1789337033.2917287,-976,55,62
2026-09-13 19:03:53.311,1789337033.3117287,-977,54,62
2026-09-13 19:03:53.331,1789337033.3317287,-977,51,62
2026-09-13 19:03:53.351,1789337033.3517287,-973,48,69
2026-09-13 19:03:53.371,1789337033.3717287,-976,57,51
2026-09-13 19:03:53.391,1789337033.3917286,-974,53,49
2026-09-13 19:03:53.411,1789337033.4117286,-965,54,70
2026-09-13 19:03:53.431,1789337033.4317286,-973,51,91
2026-09-13 19:03:53.451,1789337033.4517286,-989,53,45
2026-09-13 19:03:53.471,1789337033.4717286,-957,56,34
2026-09-13 19:03:53.491,1789337033.4917285,-967,54,73
2026-09-13 19:03:53.511,1789337033.5117285,-988,58,73
2026-09-13 19:03:53.531,1789337033.5317287,-975,58,73
2026-09-13 19:03:53.551,1789337033.5517287,-976,54,65
2026-09-13 19:03:53.571,1789337033.5717287,-973,52,59
2026-09-13 19:03:53.591,1789337033.5917287,-971,52,58
2026-09-13 19:03:53.598,1789337033.598617,-970,50,65
2026-09-13 19:03:53.618,1789337033.618617,-973,50,63
2026-09-13 19:03:53.638,1789337033.638617,-975,53,75
2026-09-13 19:03:53.658,1789337033.658617,-982,57,75
2026-09-13 19:03:53.678,1789337033.678617,-979,55,58
2026-09-13 19:03:53.698,1789337033.698617,-965,53,69
2026-09-13 19:03:53.718,1789337033.718617,-976,53,65
2026-09-13 19:03:53.738,1789337033.7386172,-976,54,67
2026-09-13 19:03:53.758,1789337033.7586172,-974,54,71
2026-09-13 19:03:53.778,1789337033.7786171,-975,56,71
2026-09-13 19:03:53.798,1789337033.7986171,-973,58,71
2026-09-13 19:03:53.818,1789337033.818617,-974,54,67
2026-09-13 19:03:53.838,1789337033.838617,-972,52,67
2026-09-13 19:03:53.858,1789337033.858617,-972,51,69
2026-09-13 19:03:53.878,1789337033.878617,-972,50,73
2026-09-13 19:03:53.898,1789337033.898617,-976,53,73
2026-09-13 19:03:53.918,1789337033.918617,-975,55,76
2026-09-13 19:03:53.938,1789337033.938617,-974,55,75
2026-09-13 19:03:53.958,1789337033.958617,-971,54,84
2026-09-13 19:03:53.978,1789337033.9786172,-978,52,73
2026-09-13 19:03:53.998,1789337033.9986172,-975,52,55
2026-09-13 19:03:54.018,1789337034.0186172,-958,53,87
2026-09-13 19:03:54.038,1789337034.0386171,-972,52,106
2026-09-13 19:03:54.058,1789337034.058617,-984,54,87
2026-09-13 19:03:54.078,1789337034.078617,-972,51,56
2026-09-13 19:03:54.098,1789337034.098617,-954,48,75
2026-09-13 19:03:54.118,1789337034.118617,-970,58,88
2026-09-13 19:03:54.138,1789337034.138617,-972,61,101
2026-09-13 19:03:54.158,1789337034.158617,-978,54,103
2026-09-13 19:03:54.178,1789337034.178617,-977,50,95
2026-09-13 19:03:54.198,1789337034.198617,-969,52,92
2026-09-13 19:03:54.218,1789337034.218617,-965,55,94
2026-09-13 19:03:54.238,1789337034.2386172,-970,50,85
2026-09-13 19:03:54.258,1789337034.2586172,-968,54,91
2026-09-13 19:03:54.278,1789337034.2786171,-972,54,104
2026-09-13 19:03:54.298,1789337034.2986171,-973,51,92
2026-09-13 19:03:54.305,1789337034.3054442,-968,48,109
2026-09-13 19:03:54.325,1789337034.3254442,-981,51,105
2026-09-13 19:03:54.345,1789337034.3454442,-977,53,93
2026-09-13 19:03:54.365,1789337034.3654442,-968,50,88
2026-09-13 19:03:54.385,1789337034.3854442,-965,49,86
2026-09-13 19:03:54.405,1789337034.4054441,-968,51,92
2026-09-13 19:03:54.425,1789337034.4254441,-969,49,97
2026-09-13 19:03:54.445,1789337034.4454443,-972,47,96
2026-09-13 19:03:54.465,1789337034.4654443,-972,45,100
2026-09-13 19:03:54.485,1789337034.4854443,-974,46,104
2026-09-13 19:03:54.505,1789337034.5054443,-973,47,98
2026-09-13 19:03:54.525,1789337034.5254443,-969,49,102
2026-09-13 19:03:54.545,1789337034.5454443,-970,53,102
2026-09-13 19:03:54.565,1789337034.5654442,-970,52,106
2026-09-13 19:03:54.585,1789337034.5854442,-968,54,109
2026-09-13 19:03:54.605,1789337034.6054442,-967,55,121
2026-09-13 19:03:54.625,1789337034.6254442,-980,55,92
2026-09-13 19:03:54.645,1789337034.6454442,-957,52,103
2026-09-13 19:03:54.665,1789337034.6654441,-966,50,125
2026-09-13 19:03:54.685,1789337034.6854444,-970,52,137
2026-09-13 19:03:54.705,1789337034.7054443,-978,51,96
2026-09-13 19:03:54.725,1789337034.7254443,-955,49,107
2026-09-13 19:03:54.745,1789337034.7454443,-964,51,123
2026-09-13 19:03:54.765,1789337034.7654443,-972,59,134
2026-09-13 19:03:54.785,1789337034.7854443,-973,56,136
2026-09-13 19:03:54.805,1789337034.8054442,-972,50,127
2026-09-13 19:03:54.825,1789337034.8254442,-965,52,123
2026-09-13 19:03:54.845,1789337034.8454442,-962,56,125
2026-09-13 19:03:54.865,1789337034.8654442,-968,55,129
2026-09-13 19:03:54.885,1789337034.8854442,-969,54,130
2026-09-13 19:03:54.905,1789337034.9054441,-966,52,135
2026-09-13 19:03:54.925,1789337034.9254441,-972,55,123
2026-09-13 19:03:54.945,1789337034.9454443,-958,55,128
2026-09-13 19:03:54.965,1789337034.9654443,-966,53,132
2026-09-13 19:03:54.985,1789337034.9854443,-968,55,127
2026-09-13 19:03:55.005,1789337035.0054443,-962,56,129
2026-09-13 19:03:55.012,1789337035.0123634,-966,55,132
2026-09-13 19:03:55.032,1789337035.0323634,-969,54,131
2026-09-13 19:03:55.052,1789337035.0523634,-964,55,132
2026-09-13 19:03:55.072,1789337035.0723634,-966,54,134
2026-09-13 19:03:55.092,1789337035.0923634,-967,55,133
2026-09-13 19:03:55.112,1789337035.1123633,-968,51,130
2026-09-13 19:03:55.132,1789337035.1323633,-964,52,132
2026-09-13 19:03:55.152,1789337035.1523635,-967,52,133
2026-09-13 19:03:55.172,1789337035.1723635,-966,51,134
2026-09-13 19:03:55.192,1789337035.1923635,-967,50,135
2026-09-13 19:03:55.212,1789337035.2123635,-966,56,135
2026-09-13 19:03:55.232,1789337035.2323635,-967,57,140
2026-09-13 19:03:55.252,1789337035.2523634,-967,55,138
2026-09-13 19:03:55.272,1789337035.2723634,-962,49,134
2026-09-13 19:03:55.292,1789337035.2923634,-961,46,140
2026-09-13 19:03:55.312,1789337035.3123634,-977,48,123
2026-09-13 19:03:55.332,1789337035.3323634,-955,48,118
2026-09-13 19:03:55.352,1789337035.3523633,-961,49,138
2026-09-13 19:03:55.372,1789337035.3723633,-966,51,145
2026-09-13 19:03:55.392,1789337035.3923635,-975,53,128
2026-09-13 19:03:55.412,1789337035.4123635,-959,50,130
2026-09-13 19:03:55.432,1789337035.4323635,-963,50,131
2026-09-13 19:03:55.452,1789337035.4523635,-964,57,137
2026-09-13 19:03:55.472,1789337035.4723635,-971,53,138
2026-09-13 19:03:55.492,1789337035.4923635,-969,48,136
2026-09-13 19:03:55.512,1789337035.5123634,-966,50,135
2026-09-13 19:03:55.532,1789337035.5323634,-969,56,136
2026-09-13 19:03:55.552,1789337035.5523634,-967,54,134
2026-09-13 19:03:55.572,1789337035.5723634,-966,51,136
2026-09-13 19:03:55.592,1789337035.5923634,-968,49,138
2026-09-13 19:03:55.612,1789337035.6123633,-970,52,130
2026-09-13 19:03:55.632,1789337035.6323633,-963,50,133
2026-09-13 19:03:55.652,1789337035.6523635,-967,50,140
2026-09-13 19:03:55.672,1789337035.6723635,-969,51,135
2026-09-13 19:03:55.692,1789337035.6923635,-964,49,139
2026-09-13 19:03:55.712,1789337035.7123635,-966,51,139
2026-09-13 19:03:55.719,1789337035.719221,-965,51,137
2026-09-13 19:03:55.739,1789337035.739221,-964,54,136
2026-09-13 19:03:55.759,1789337035.759221,-964,55,136
2026-09-13 19:03:55.779,1789337035.779221,-965,53,141
2026-09-13 19:03:55.799,1789337035.799221,-971,54,141
2026-09-13 19:03:55.819,1789337035.819221,-968,56,141
2026-09-13 19:03:55.839,1789337035.839221,-965,54,140
2026-09-13 19:03:55.859,1789337035.8592212,-964,55,139
2026-09-13 19:03:55.879,1789337035.8792212,-962,57,143
2026-09-13 19:03:55.899,1789337035.8992212,-966,56,142
2026-09-13 19:03:55.919,1789337035.9192212,-966,52,138
2026-09-13 19:03:55.939,1789337035.9392211,-963,55,139
2026-09-13 19:03:55.959,1789337035.9592211,-964,56,141
2026-09-13 19:03:55.979,1789337035.979221,-963,54,138
2026-09-13 19:03:55.999,1789337035.999221,-961,52,141
2026-09-13 19:03:56.019,1789337036.019221,-970,52,146
2026-09-13 19:03:56.039,1789337036.039221,-972,55,129
2026-09-13 19:03:56.059,1789337036.059221,-954,52,138
2026-09-13 19:03:56.079,1789337036.079221,-964,52,143
2026-09-13 19:03:56.099,1789337036.0992212,-969,56,144
2026-09-13 19:03:56.119,1789337036.1192212,-964,55,132
2026-09-13 19:03:56.139,1789337036.1392212,-961,52,131
2026-09-13 19:03:56.159,1789337036.1592212,-962,53,140
2026-09-13 19:03:56.179,1789337036.1792212,-968,55,141
2026-09-13 19:03:56.199,1789337036.1992211,-970,55,136
2026-09-13 19:03:56.219,1789337036.219221,-963,52,136
2026-09-13 19:03:56.239,1789337036.239221,-966,53,134
2026-09-13 19:03:56.259,1789337036.259221,-966,55,135
2026-09-13 19:03:56.279,1789337036.279221,-965,53,136
2026-09-13 19:03:56.299,1789337036.299221,-966,51,137
2026-09-13 19:03:56.319,1789337036.319221,-972,54,140
2026-09-13 19:03:56.339,1789337036.339221,-965,53,134
2026-09-13 19:03:56.359,1789337036.3592212,-960,50,135
2026-09-13 19:03:56.379,1789337036.3792212,-967,49,136
2026-09-13 19:03:56.399,1789337036.3992212,-965,55,135
2026-09-13 19:03:56.419,1789337036.4192212,-965,55,137
2026-09-13 19:03:56.426,1789337036.4262621,-967,52,140
2026-09-13 19:03:56.446,1789337036.4462621,-968,50,136
2026-09-13 19:03:56.466,1789337036.466262,-967,52,135
2026-09-13 19:03:56.486,1789337036.486262,-965,51,135
2026-09-13 19:03:56.506,1789337036.506262,-965,52,136
2026-09-13 19:03:56.526,1789337036.526262,-966,53,136
2026-09-13 19:03:56.546,1789337036.546262,-965,55,139
2026-09-13 19:03:56.566,1789337036.5662622,-966,54,138
2026-09-13 19:03:56.586,1789337036.5862622,-966,54,138
2026-09-13 19:03:56.606,1789337036.6062622,-964,53,137
2026-09-13 19:03:56.626,1789337036.6262622,-967,52,138
2026-09-13 19:03:56.646,1789337036.6462622,-964,53,133
2026-09-13 19:03:56.666,1789337036.6662621,-964,54,134
2026-09-13 19:03:56.686,1789337036.6862621,-967,53,134
2026-09-13 19:03:56.706,1789337036.706262,-965,52,137
2026-09-13 19:03:56.726,1789337036.726262,-966,54,142
2026-09-13 19:03:56.746,1789337036.746262,-973,56,130
2026-09-13 19:03:56.766,1789337036.766262,-957,54,134
2026-09-13 19:03:56.786,1789337036.786262,-965,53,135
2026-09-13 19:03:56.806,1789337036.8062623,-960,53,143
2026-09-13 19:03:56.826,1789337036.8262622,-971,56,123
2026-09-13 19:03:56.846,1789337036.8462622,-962,52,123
2026-09-13 19:03:56.866,1789337036.8662622,-969,50,135
2026-09-13 19:03:56.886,1789337036.8862622,-973,58,142
2026-09-13 19:03:56.906,1789337036.9062622,-978,59,139
2026-09-13 19:03:56.926,1789337036.9262621,-973,56,129
2026-09-13 19:03:56.946,1789337036.9462621,-959,54,117
2026-09-13 19:03:56.966,1789337036.966262,-959,57,121
2026-09-13 19:03:56.986,1789337036.986262,-970,54,132
2026-09-13 19:03:57.006,1789337037.006262,-974,49,125
2026-09-13 19:03:57.026,1789337037.026262,-970,53,125
2026-09-13 19:03:57.046,1789337037.046262,-973,57,108
2026-09-13 19:03:57.066,1789337037.0662622,-966,53,108
2026-09-13 19:03:57.086,1789337037.0862622,-972,49,101
2026-09-13 19:03:57.106,1789337037.1062622,-971,51,99
2026-09-13 19:03:57.126,1789337037.1262622,-972,48,114
2026-09-13 19:03:57.133,1789337037.1332119,-979,42,108
2026-09-13 19:03:57.153,1789337037.1532118,-975,42,102
2026-09-13 19:03:57.173,1789337037.1732118,-973,43,94
2026-09-13 19:03:57.193,1789337037.1932118,-975,45,86
2026-09-13 19:03:57.213,1789337037.2132118,-973,41,84
2026-09-13 19:03:57.233,1789337037.2332118,-971,44,83
2026-09-13 19:03:57.253,1789337037.2532117,-972,46,75
2026-09-13 19:03:57.273,1789337037.273212,-971,43,76
2026-09-13 19:03:57.293,1789337037.293212,-972,41,74
2026-09-13 19:03:57.313,1789337037.313212,-975,41,72
2026-09-13 19:03:57.333,1789337037.333212,-974,44,68
2026-09-13 19:03:57.353,1789337037.3532119,-975,43,66
2026-09-13 19:03:57.373,1789337037.3732119,-973,44,64
2026-09-13 19:03:57.393,1789337037.3932118,-972,42,67
2026-09-13 19:03:57.413,1789337037.4132118,-976,43,73
2026-09-13 19:03:57.433,1789337037.4332118,-980,45,58
2026-09-13 19:03:57.453,1789337037.4532118,-973,40,55
2026-09-13 19:03:57.473,1789337037.4732118,-970,40,64
2026-09-13 19:03:57.493,1789337037.4932117,-966,47,86
2026-09-13 19:03:57.513,1789337037.513212,-981,49,43
2026-09-13 19:03:57.533,1789337037.533212,-966,42,45
2026-09-13 19:03:57.553,1789337037.553212,-975,44,71
2026-09-13 19:03:57.573,1789337037.573212,-980,49,70
2026-09-13 19:03:57.593,1789337037.593212,-975,50,65
2026-09-13 19:03:57.613,1789337037.6132119,-974,46,58
2026-09-13 19:03:57.633,1789337037.6332119,-971,46,54
2026-09-13 19:03:57.653,1789337037.6532118,-968,44,59
2026-09-13 19:03:57.673,1789337037.6732118,-974,41,54
2026-09-13 19:03:57.693,1789337037.6932118,-976,44,64
2026-09-13 19:03:57.713,1789337037.7132118,-977,46,62
2026-09-13 19:03:57.733,1789337037.7332118,-976,47,56
2026-09-13 19:03:57.753,1789337037.7532117,-971,44,40
2026-09-13 19:03:57.773,1789337037.773212,-970,40,55
2026-09-13 19:03:57.793,1789337037.793212,-977,45,57
2026-09-13 19:03:57.813,1789337037.813212,-974,46,53
2026-09-13 19:03:57.833,1789337037.833212,-973,42,53
2026-09-13 19:03:57.840,1789337037.8403442,-975,44,55
2026-09-13 19:03:57.860,1789337037.8603442,-972,46,53
2026-09-13 19:03:57.880,1789337037.8803442,-974,41,48
2026-09-13 19:03:57.900,1789337037.9003441,-973,41,54
2026-09-13 19:03:57.920,1789337037.920344,-974,43,56
2026-09-13 19:03:57.940,1789337037.940344,-975,42,60
2026-09-13 19:03:57.960,1789337037.960344,-973,44,52
2026-09-13 19:03:57.980,1789337037.9803443,-973,47,55
2026-09-13 19:03:58.000,1789337038.0003443,-975,45,52
2026-09-13 19:03:58.020,1789337038.0203443,-974,46,52
2026-09-13 19:03:58.040,1789337038.0403442,-971,44,63
2026-09-13 19:03:58.060,1789337038.0603442,-978,46,54
2026-09-13 19:03:58.080,1789337038.0803442,-980,45,38
2026-09-13 19:03:58.100,1789337038.1003442,-970,42,53
2026-09-13 19:03:58.120,1789337038.1203442,-966,43,81
2026-09-13 19:03:58.140,1789337038.1403441,-982,45,57
2026-09-13 19:03:58.160,1789337038.1603441,-969,44,25
2026-09-13 19:03:58.180,1789337038.180344,-968,43,60
2026-09-13 19:03:58.200,1789337038.200344,-990,49,68
2026-09-13 19:03:58.220,1789337038.2203443,-980,47,62
2026-09-13 19:03:58.240,1789337038.2403443,-971,42,61
2026-09-13 19:03:58.260,1789337038.2603443,-972,44,53
2026-09-13 19:03:58.280,1789337038.2803442,-968,47,59
2026-09-13 19:03:58.300,1789337038.3003442,-974,44,58
2026-09-13 19:03:58.320,1789337038.3203442,-978,42,62
2026-09-13 19:03:58.340,1789337038.3403442,-974,44,67
2026-09-13 19:03:58.360,1789337038.3603442,-977,46,71
2026-09-13 19:03:58.380,1789337038.3803442,-975,47,49
2026-09-13 19:03:58.400,1789337038.4003441,-968,45,54
2026-09-13 19:03:58.420,1789337038.420344,-974,43,70
2026-09-13 19:03:58.440,1789337038.440344,-980,48,69
2026-09-13 19:03:58.460,1789337038.460344,-979,47,65
2026-09-13 19:03:58.480,1789337038.4803443,-972,43,67
2026-09-13 19:03:58.500,1789337038.5003443,-973,45,64
2026-09-13 19:03:58.520,1789337038.5203443,-976,46,61
2026-09-13 19:03:58.540,1789337038.5403442,-971,44,62
2026-09-13 19:03:58.547,1789337038.5475686,-971,45,68
2026-09-13 19:03:58.567,1789337038.5675685,-975,45,66
2026-09-13 19:03:58.587,1789337038.5875685,-976,47,64
2026-09-13 19:03:58.607,1789337038.6075685,-973,44,60
2026-09-13 19:03:58.627,1789337038.6275685,-972,43,65
2026-09-13 19:03:58.647,1789337038.6475685,-974,44,67
2026-09-13 19:03:58.667,1789337038.6675684,-971,45,69
2026-09-13 19:03:58.687,1789337038.6875687,-978,47,54
2026-09-13 19:03:58.707,1789337038.7075686,-975,41,48
2026-09-13 19:03:58.727,1789337038.7275686,-965,41,77
2026-09-13 19:03:58.747,1789337038.7475686,-975,42,78
2026-09-13 19:03:58.767,1789337038.7675686,-975,41,29
2026-09-13 19:03:58.787,1789337038.7875686,-962,41,59
2026-09-13 19:03:58.807,1789337038.8075686,-983,44,74
2026-09-13 19:03:58.827,1789337038.8275685,-981,46,72
2026-09-13 19:03:58.847,1789337038.8475685,-969,42,68
2026-09-13 19:03:58.867,1789337038.8675685,-970,43,62
2026-09-13 19:03:58.887,1789337038.8875685,-968,44,62
2026-09-13 19:03:58.907,1789337038.9075685,-970,41,66
2026-09-13 19:03:58.927,1789337038.9275687,-972,42,71
2026-09-13 19:03:58.947,1789337038.9475687,-971,41,72
2026-09-13 19:03:58.967,1789337038.9675686,-974,40,69
2026-09-13 19:03:58.987,1789337038.9875686,-969,45,53
2026-09-13 19:03:59.007,1789337039.0075686,-964,47,48
2026-09-13 19:03:59.027,1789337039.0275686,-969,43,74
2026-09-13 19:03:59.047,1789337039.0475686,-986,46,68
2026-09-13 19:03:59.067,1789337039.0675685,-976,44,69
2026-09-13 19:03:59.087,1789337039.0875685,-973,46,66
2026-09-13 19:03:59.107,1789337039.1075685,-973,45,61
2026-09-13 19:03:59.127,1789337039.1275685,-971,45,61
2026-09-13 19:03:59.147,1789337039.1475685,-971,45,63
2026-09-13 19:03:59.167,1789337039.1675684,-973,42,65
2026-09-13 19:03:59.187,1789337039.1875687,-973,45,63
2026-09-13 19:03:59.207,1789337039.2075686,-969,45,60
2026-09-13 19:03:59.227,1789337039.2275686,-970,45,59
2026-09-13 19:03:59.247,1789337039.2475686,-968,43,60
2026-09-13 19:03:59.254,1789337039.2545485,-965,41,67
2026-09-13 19:03:59.274,1789337039.2745485,-970,45,56
2026-09-13 19:03:59.294,1789337039.2945485,-974,46,41
2026-09-13 19:03:59.314,1789337039.3145485,-972,49,49
2026-09-13 19:03:59.334,1789337039.3345485,-973,47,84
2026-09-13 19:03:59.354,1789337039.3545485,-995,44,66
2026-09-13 19:03:59.374,1789337039.3745484,-971,41,34
2026-09-13 19:03:59.394,1789337039.3945487,-961,40,62
2026-09-13 19:03:59.414,1789337039.4145486,-988,47,71
2026-09-13 19:03:59.434,1789337039.4345486,-979,44,69
2026-09-13 19:03:59.454,1789337039.4545486,-976,42,63
2026-09-13 19:03:59.474,1789337039.4745486,-972,41,55
2026-09-13 19:03:59.494,1789337039.4945486,-969,44,55
2026-09-13 19:03:59.514,1789337039.5145485,-970,40,57
2026-09-13 19:03:59.534,1789337039.5345485,-975,41,58
2026-09-13 19:03:59.554,1789337039.5545485,-975,43,64
2026-09-13 19:03:59.574,1789337039.5745485,-978,45,66
2026-09-13 19:03:59.594,1789337039.5945485,-977,47,50
2026-09-13 19:03:59.614,1789337039.6145484,-966,46,54
2026-09-13 19:03:59.634,1789337039.6345487,-974,44,63
2026-09-13 19:03:59.654,1789337039.6545486,-980,50,65
2026-09-13 19:03:59.674,1789337039.6745486,-976,47,67
2026-09-13 19:03:59.694,1789337039.6945486,-976,48,72
2026-09-13 19:03:59.714,1789337039.7145486,-976,49,66
2026-09-13 19:03:59.734,1789337039.7345486,-971,49,60
2026-09-13 19:03:59.754,1789337039.7545485,-971,45,66
2026-09-13 19:03:59.774,1789337039.7745485,-975,44,67
2026-09-13 19:03:59.794,1789337039.7945485,-976,49,71
2026-09-13 19:03:59.814,1789337039.8145485,-973,50,70
2026-09-13 19:03:59.834,1789337039.8345485,-974,49,70
2026-09-13 19:03:59.854,1789337039.8545485,-974,48,68
2026-09-13 19:03:59.874,1789337039.8745484,-972,48,76
2026-09-13 19:03:59.894,1789337039.8945487,-981,53,52
2026-09-13 19:03:59.914,1789337039.9145486,-968,47,69
2026-09-13 19:03:59.934,1789337039.9345486,-970,44,96
2026-09-13 19:03:59.954,1789337039.9545486,-978,47,107
2026-09-13 19:03:59.961,1789337039.9614673,-987,48,49
2026-09-13 19:03:59.981,1789337039.9814672,-956,43,62
2026-09-13 19:04:00.001,1789337040.0014672,-969,49,86
2026-09-13 19:04:00.021,1789337040.0214672,-976,55,99
2026-09-13 19:04:00.041,1789337040.0414672,-975,53,103
2026-09-13 19:04:00.061,1789337040.0614672,-978,45,87
2026-09-13 19:04:00.081,1789337040.0814672,-970,48,80
2026-09-13 19:04:00.101,1789337040.1014674,-965,49,74
2026-09-13 19:04:00.121,1789337040.1214674,-964,50,85
2026-09-13 19:04:00.141,1789337040.1414673,-972,49,91
2026-09-13 19:04:00.161,1789337040.1614673,-975,49,107
2026-09-13 19:04:00.181,1789337040.1814673,-979,49,94
2026-09-13 19:04:00.201,1789337040.2014673,-969,49,82
2026-09-13 19:04:00.221,1789337040.2214673,-962,49,96
2026-09-13 19:04:00.241,1789337040.2414672,-972,51,87
2026-09-13 19:04:00.261,1789337040.2614672,-968,52,99
2026-09-13 19:04:00.281,1789337040.2814672,-974,50,101
2026-09-13 19:04:00.301,1789337040.3014672,-971,50,104
2026-09-13 19:04:00.321,1789337040.3214672,-970,51,100
2026-09-13 19:04:00.341,1789337040.3414674,-970,50,97
2026-09-13 19:04:00.361,1789337040.3614674,-971,47,97
2026-09-13 19:04:00.381,1789337040.3814673,-970,46,95
2026-09-13 19:04:00.401,1789337040.4014673,-970,51,99
2026-09-13 19:04:00.421,1789337040.4214673,-971,51,105
2026-09-13 19:04:00.441,1789337040.4414673,-974,50,108
2026-09-13 19:04:00.461,1789337040.4614673,-975,52,115
2026-09-13 19:04:00.481,1789337040.4814672,-973,51,130
2026-09-13 19:04:00.501,1789337040.5014672,-991,53,103
2026-09-13 19:04:00.521,1789337040.5214672,-964,51,101
2026-09-13 19:04:00.541,1789337040.5414672,-959,51,125
2026-09-13 19:04:00.561,1789337040.5614672,-963,52,136
2026-09-13 19:04:00.581,1789337040.5814672,-977,55,98
2026-09-13 19:04:00.601,1789337040.6014674,-960,52,103
2026-09-13 19:04:00.621,1789337040.6214674,-960,52,123
2026-09-13 19:04:00.641,1789337040.6414673,-968,59,132
2026-09-13 19:04:00.661,1789337040.6614673,-969,58,133
2026-09-13 19:04:00.668,1789337040.668478,-967,50,131
2026-09-13 19:04:00.688,1789337040.688478,-967,49,126
2026-09-13 19:04:00.708,1789337040.708478,-963,51,124
2026-09-13 19:04:00.728,1789337040.728478,-962,52,129
2026-09-13 19:04:00.748,1789337040.748478,-964,51,134
2026-09-13 19:04:00.768,1789337040.768478,-964,50,139
2026-09-13 19:04:00.788,1789337040.788478,-973,54,129
2026-09-13 19:04:00.808,1789337040.808478,-962,57,128
2026-09-13 19:04:00.828,1789337040.828478,-959,54,136
2026-09-13 19:04:00.848,1789337040.848478,-970,53,134
2026-09-13 19:04:00.868,1789337040.868478,-964,55,135
2026-09-13 19:04:00.888,1789337040.888478,-967,55,138
2026-09-13 19:04:00.908,1789337040.908478,-969,54,135
2026-09-13 19:04:00.928,1789337040.928478,-965,55,137
2026-09-13 19:04:00.948,1789337040.948478,-967,55,136
2026-09-13 19:04:00.968,1789337040.968478,-969,53,136
2026-09-13 19:04:00.988,1789337040.988478,-969,52,137
2026-09-13 19:04:01.008,1789337041.008478,-965,53,137
2026-09-13 19:04:01.028,1789337041.028478,-965,51,138
2026-09-13 19:04:01.048,1789337041.0484781,-966,53,138
2026-09-13 19:04:01.068,1789337041.068478,-964,57,139
2026-09-13 19:04:01.088,1789337041.088478,-967,56,137
2026-09-13 19:04:01.108,1789337041.108478,-965,55,138
2026-09-13 19:04:01.128,1789337041.128478,-963,57,141
2026-09-13 19:04:01.148,1789337041.148478,-974,55,131
2026-09-13 19:04:01.168,1789337041.168478,-960,53,127
2026-09-13 19:04:01.188,1789337041.188478,-960,51,142
2026-09-13 19:04:01.208,1789337041.208478,-962,52,155
2026-09-13 19:04:01.228,1789337041.228478,-973,58,133
2026-09-13 19:04:01.248,1789337041.248478,-954,56,132
2026-09-13 19:04:01.268,1789337041.268478,-959,55,135
2026-09-13 19:04:01.288,1789337041.288478,-963,59,145
2026-09-13 19:04:01.308,1789337041.308478,-970,57,143
2026-09-13 19:04:01.328,1789337041.328478,-965,54,140
2026-09-13 19:04:01.348,1789337041.348478,-966,55,140
2026-09-13 19:04:01.368,1789337041.368478,-967,57,140
2026-09-13 19:04:01.375,1789337041.3753967,-966,56,139
2026-09-13 19:04:01.395,1789337041.3953967,-965,55,142
2026-09-13 19:04:01.415,1789337041.4153967,-967,54,141
2026-09-13 19:04:01.435,1789337041.4353967,-965,57,135
2026-09-13 19:04:01.455,1789337041.4553967,-959,53,135
2026-09-13 19:04:01.475,1789337041.4753966,-965,50,141
2026-09-13 19:04:01.495,1789337041.4953966,-968,54,139
2026-09-13 19:04:01.515,1789337041.5153968,-966,55,139
2026-09-13 19:04:01.535,1789337041.5353968,-967,54,140
2026-09-13 19:04:01.555,1789337041.5553968,-965,53,138
2026-09-13 19:04:01.575,1789337041.5753968,-967,51,136
2026-09-13 19:04:01.595,1789337041.5953968,-963,54,136
2026-09-13 19:04:01.615,1789337041.6153967,-966,54,141
2026-09-13 19:04:01.635,1789337041.6353967,-966,53,144
2026-09-13 19:04:01.655,1789337041.6553967,-970,55,147
2026-09-13 19:04:01.675,1789337041.6753967,-970,54,142
2026-09-13 19:04:01.695,1789337041.6953967,-962,52,138
2026-09-13 19:04:01.715,1789337041.7153966,-963,53,139
2026-09-13 19:04:01.735,1789337041.7353966,-963,54,139
2026-09-13 19:04:01.755,1789337041.7553968,-960,54,138
2026-09-13 19:04:01.775,1789337041.7753968,-962,53,136
2026-09-13 19:04:01.795,1789337041.7953968,-962,54,143
2026-09-13 19:04:01.815,1789337041.8153968,-969,52,145
2026-09-13 19:04:01.835,1789337041.8353968,-970,54,134
2026-09-13 19:04:01.855,1789337041.8553967,-961,54,145
2026-09-13 19:04:01.875,1789337041.8753967,-964,53,149
2026-09-13 19:04:01.895,1789337041.8953967,-967,56,145
2026-09-13 19:04:01.915,1789337041.9153967,-962,54,134
2026-09-13 19:04:01.935,1789337041.9353967,-953,53,139
2026-09-13 19:04:01.955,1789337041.9553967,-964,53,146
2026-09-13 19:04:01.975,1789337041.9753966,-966,53,150
2026-09-13 19:04:01.995,1789337041.9953966,-968,56,145
2026-09-13 19:04:02.015,1789337042.0153968,-967,54,144
2026-09-13 19:04:02.035,1789337042.0353968,-965,53,140
2026-09-13 19:04:02.055,1789337042.0553968,-959,54,142
2026-09-13 19:04:02.075,1789337042.0753968,-964,55,142
2026-09-13 19:04:02.082,1789337042.0821939,-960,54,141
2026-09-13 19:04:02.102,1789337042.1021938,-966,55,143
2026-09-13 19:04:02.122,1789337042.1221938,-966,52,142
2026-09-13 19:04:02.142,1789337042.1421938,-965,52,144
2026-09-13 19:04:02.162,1789337042.1621938,-967,52,141
2026-09-13 19:04:02.182,1789337042.1821938,-967,51,145
2026-09-13 19:04:02.202,1789337042.2021937,-967,50,141
2026-09-13 19:04:02.222,1789337042.222194,-965,50,141
2026-09-13 19:04:02.242,1789337042.242194,-966,51,141
2026-09-13 19:04:02.262,1789337042.262194,-967,53,141
2026-09-13 19:04:02.282,1789337042.282194,-968,53,140
2026-09-13 19:04:02.302,1789337042.3021939,-966,53,140
2026-09-13 19:04:02.322,1789337042.3221939,-963,53,140
2026-09-13 19:04:02.342,1789337042.3421938,-968,54,140
2026-09-13 19:04:02.362,1789337042.3621938,-967,54,140
2026-09-13 19:04:02.382,1789337042.3821938,-961,50,141
2026-09-13 19:04:02.402,1789337042.4021938,-965,48,140
2026-09-13 19:04:02.422,1789337042.4221938,-964,52,137
2026-09-13 19:04:02.442,1789337042.4421937,-965,53,140
2026-09-13 19:04:02.462,1789337042.462194,-968,52,140
2026-09-13 19:04:02.482,1789337042.482194,-964,49,140
2026-09-13 19:04:02.502,1789337042.502194,-970,48,140
2026-09-13 19:04:02.522,1789337042.522194,-967,51,128
2026-09-13 19:04:02.542,1789337042.542194,-957,48,140
2026-09-13 19:04:02.562,1789337042.5621939,-964,48,146
2026-09-13 19:04:02.582,1789337042.5821939,-971,47,145
2026-09-13 19:04:02.602,1789337042.6021938,-966,49,130
2026-09-13 19:04:02.622,1789337042.6221938,-953,48,139
2026-09-13 19:04:02.642,1789337042.6421938,-965,50,143
2026-09-13 19:04:02.662,1789337042.6621938,-968,50,143
2026-09-13 19:04:02.682,1789337042.6821938,-966,48,146
2026-09-13 19:04:02.702,1789337042.7021937,-969,43,143
2026-09-13 19:04:02.722,1789337042.722194,-964,48,141
2026-09-13 19:04:02.742,1789337042.742194,-963,51,144
2026-09-13 19:04:02.762,1789337042.762194,-965,48,144
2026-09-13 19:04:02.782,1789337042.782194,-967,46,142
2026-09-13 19:04:02.788,1789337042.7888687,-966,51,143
2026-09-13 19:04:02.808,1789337042.8088686,-961,48,140
2026-09-13 19:04:02.828,1789337042.8288686,-959,46,139
2026-09-13 19:04:02.848,1789337042.8488686,-964,43,140
2026-09-13 19:04:02.868,1789337042.8688686,-963,45,141
2026-09-13 19:04:02.888,1789337042.8888686,-959,47,144
2026-09-13 19:04:02.908,1789337042.9088686,-964,50,149
2026-09-13 19:04:02.928,1789337042.9288688,-972,51,152
2026-09-13 19:04:02.948,1789337042.9488688,-974,54,152
2026-09-13 19:04:02.968,1789337042.9688687,-972,51,137
2026-09-13 19:04:02.988,1789337042.9888687,-962,50,131
2026-09-13 19:04:03.008,1789337043.0088687,-969,45,128
2026-09-13 19:04:03.028,1789337043.0288687,-971,41,125
2026-09-13 19:04:03.048,1789337043.0488687,-970,42,126
2026-09-13 19:04:03.068,1789337043.0688686,-971,46,127
2026-09-13 19:04:03.088,1789337043.0888686,-975,50,129
2026-09-13 19:04:03.108,1789337043.1088686,-974,47,129
2026-09-13 19:04:03.128,1789337043.1288686,-980,49,120
2026-09-13 19:04:03.148,1789337043.1488686,-971,46,113
2026-09-13 19:04:03.168,1789337043.1688688,-966,45,115
2026-09-13 19:04:03.188,1789337043.1888688,-972,50,94
2026-09-13 19:04:03.208,1789337043.2088687,-968,46,94
2026-09-13 19:04:03.228,1789337043.2288687,-972,47,100
2026-09-13 19:04:03.248,1789337043.2488687,-964,45,124
2026-09-13 19:04:03.268,1789337043.2688687,-983,47,83
2026-09-13 19:04:03.288,1789337043.2888687,-966,37,76
2026-09-13 19:04:03.308,1789337043.3088686,-970,35,97
2026-09-13 19:04:03.328,1789337043.3288686,-975,42,101
2026-09-13 19:04:03.348,1789337043.3488686,-976,47,104
2026-09-13 19:04:03.368,1789337043.3688686,-977,42,93
2026-09-13 19:04:03.388,1789337043.3888686,-969,43,82
2026-09-13 19:04:03.408,1789337043.4088686,-964,42,84
2026-09-13 19:04:03.428,1789337043.4288688,-972,45,88
2026-09-13 19:04:03.448,1789337043.4488688,-976,44,85
2026-09-13 19:04:03.468,1789337043.4688687,-969,43,86
2026-09-13 19:04:03.488,1789337043.4888687,-974,44,79
2026-09-13 19:04:03.495,1789337043.4958792,-969,38,73
2026-09-13 19:04:03.515,1789337043.5158792,-971,36,85
2026-09-13 19:04:03.535,1789337043.5358791,-981,45,83
2026-09-13 19:04:03.555,1789337043.555879,-973,44,83
2026-09-13 19:04:03.575,1789337043.575879,-970,39,80
2026-09-13 19:04:03.595,1789337043.595879,-971,35,73
2026-09-13 19:04:03.615,1789337043.615879,-970,37,76
2026-09-13 19:04:03.635,1789337043.6358793,-972,37,71
2026-09-13 19:04:03.655,1789337043.6558793,-971,37,71
2026-09-13 19:04:03.675,1789337043.6758792,-971,37,73
2026-09-13 19:04:03.695,1789337043.6958792,-971,39,72
2026-09-13 19:04:03.715,1789337043.7158792,-975,42,69
2026-09-13 19:04:03.735,1789337043.7358792,-973,41,66
2026-09-13 19:04:03.755,1789337043.7558792,-973,41,65
2026-09-13 19:04:03.775,1789337043.7758791,-972,41,67
2026-09-13 19:04:03.795,1789337043.7958791,-974,40,73
2026-09-13 19:04:03.815,1789337043.815879,-977,41,77
2026-09-13 19:04:03.835,1789337043.835879,-979,39,57
2026-09-13 19:04:03.855,1789337043.855879,-971,35,59
2026-09-13 19:04:03.875,1789337043.8758793,-966,38,74
2026-09-13 19:04:03.895,1789337043.8958793,-972,40,84
2026-09-13 19:04:03.915,1789337043.9158792,-979,42,39
2026-09-13 19:04:03.935,1789337043.9358792,-969,37,59
2026-09-13 19:04:03.955,1789337043.9558792,-985,39,81
2026-09-13 19:04:03.975,1789337043.9758792,-980,43,75
2026-09-13 19:04:03.995,1789337043.9958792,-972,39,69
2026-09-13 19:04:04.015,1789337044.0158792,-972,40,67
2026-09-13 19:04:04.035,1789337044.0358791,-971,42,66
2026-09-13 19:04:04.055,1789337044.055879,-968,42,72
2026-09-13 19:04:04.075,1789337044.075879,-971,42,71
2026-09-13 19:04:04.095,1789337044.095879,-974,44,78
2026-09-13 19:04:04.115,1789337044.115879,-976,45,85
2026-09-13 19:04:04.135,1789337044.1358793,-976,43,73
2026-09-13 19:04:04.155,1789337044.1558793,-969,41,65
2026-09-13 19:04:04.175,1789337044.1758792,-970,43,76
2026-09-13 19:04:04.195,1789337044.1958792,-975,45,78
2026-09-13 19:04:04.203,1789337044.2030115,-972,44,76
2026-09-13 19:04:04.223,1789337044.2230115,-968,41,82
2026-09-13 19:04:04.243,1789337044.2430115,-973,45,78
2026-09-13 19:04:04.263,1789337044.2630115,-970,48,77
2026-09-13 19:04:04.283,1789337044.2830114,-969,46,77
2026-09-13 19:04:04.303,1789337044.3030114,-972,44,82
2026-09-13 19:04:04.323,1789337044.3230114,-971,45,83
2026-09-13 19:04:04.343,1789337044.3430116,-972,46,79
2026-09-13 19:04:04.363,1789337044.3630116,-970,48,81
2026-09-13 19:04:04.383,1789337044.3830116,-972,47,80
2026-09-13 19:04:04.403,1789337044.4030116,-971,47,80
2026-09-13 19:04:04.423,1789337044.4230115,-969,46,91
2026-09-13 19:04:04.443,1789337044.4430115,-976,50,71
2026-09-13 19:04:04.463,1789337044.4630115,-973,48,66
2026-09-13 19:04:04.483,1789337044.4830115,-966,44,89
2026-09-13 19:04:04.503,1789337044.5030115,-968,44,115
2026-09-13 19:04:04.523,1789337044.5230114,-980,50,59
2026-09-13 19:04:04.543,1789337044.5430114,-964,51,71
2026-09-13 19:04:04.563,1789337044.5630114,-982,52,96
2026-09-13 19:04:04.583,1789337044.5830116,-988,56,92
2026-09-13 19:04:04.603,1789337044.6030116,-970,50,85
2026-09-13 19:04:04.623,1789337044.6230116,-967,47,86
2026-09-13 19:04:04.643,1789337044.6430116,-965,49,80
2026-09-13 19:04:04.663,1789337044.6630116,-967,53,82
2026-09-13 19:04:04.683,1789337044.6830115,-972,48,84
2026-09-13 19:04:04.703,1789337044.7030115,-971,49,90
2026-09-13 19:04:04.723,1789337044.7230115,-978,50,89
2026-09-13 19:04:04.743,1789337044.7430115,-974,50,80
2026-09-13 19:04:04.763,1789337044.7630115,-967,50,66
2026-09-13 19:04:04.783,1789337044.7830114,-966,50,85
2026-09-13 19:04:04.803,1789337044.8030114,-976,53,84
2026-09-13 19:04:04.823,1789337044.8230114,-972,51,82
2026-09-13 19:04:04.843,1789337044.8430116,-969,50,77
2026-09-13 19:04:04.863,1789337044.8630116,-970,51,79
2026-09-13 19:04:04.883,1789337044.8830116,-970,49,75
2026-09-13 19:04:04.903,1789337044.9030116,-961,48,83
2026-09-13 19:04:04.909,1789337044.9098694,-966,45,82
2026-09-13 19:04:04.929,1789337044.9298694,-969,52,79
2026-09-13 19:04:04.949,1789337044.9498694,-970,55,72
2026-09-13 19:04:04.969,1789337044.9698694,-968,51,69
2026-09-13 19:04:04.989,1789337044.9898694,-961,52,82
2026-09-13 19:04:05.009,1789337045.0098693,-972,50,89
2026-09-13 19:04:05.029,1789337045.0298693,-974,55,72
2026-09-13 19:04:05.049,1789337045.0498695,-971,51,64
2026-09-13 19:04:05.069,1789337045.0698695,-961,48,73
2026-09-13 19:04:05.089,1789337045.0898695,-959,49,112
2026-09-13 19:04:05.109,1789337045.1098695,-980,50,67
2026-09-13 19:04:05.129,1789337045.1298695,-955,54,47
2026-09-13 19:04:05.149,1789337045.1498694,-962,50,83
2026-09-13 19:04:05.169,1789337045.1698694,-993,57,85
2026-09-13 19:04:05.189,1789337045.1898694,-980,55,80
2026-09-13 19:04:05.209,1789337045.2098694,-974,51,76
2026-09-13 19:04:05.229,1789337045.2298694,-969,46,72
2026-09-13 19:04:05.249,1789337045.2498693,-969,48,74
2026-09-13 19:04:05.269,1789337045.2698693,-972,47,74
2026-09-13 19:04:05.289,1789337045.2898695,-972,46,76
2026-09-13 19:04:05.309,1789337045.3098695,-969,46,81
2026-09-13 19:04:05.329,1789337045.3298695,-976,46,80
2026-09-13 19:04:05.349,1789337045.3498695,-975,50,58
2026-09-13 19:04:05.369,1789337045.3698695,-963,48,71
2026-09-13 19:04:05.389,1789337045.3898695,-976,49,75
2026-09-13 19:04:05.409,1789337045.4098694,-977,51,74
2026-09-13 19:04:05.429,1789337045.4298694,-973,50,72
2026-09-13 19:04:05.449,1789337045.4498694,-973,45,72
2026-09-13 19:04:05.469,1789337045.4698694,-971,48,69
2026-09-13 19:04:05.489,1789337045.4898694,-970,48,70
2026-09-13 19:04:05.509,1789337045.5098693,-974,47,72
2026-09-13 19:04:05.529,1789337045.5298693,-975,46,72
2026-09-13 19:04:05.549,1789337045.5498695,-974,47,72
2026-09-13 19:04:05.569,1789337045.5698695,-973,48,68
2026-09-13 19:04:05.589,1789337045.5898695,-973,49,65
2026-09-13 19:04:05.609,1789337045.6098695,-969,48,78
2026-09-13 19:04:05.616,1789337045.6167884,-980,47,70
2026-09-13 19:04:05.636,1789337045.6367884,-979,46,57
2026-09-13 19:04:05.656,1789337045.6567883,-969,47,71
2026-09-13 19:04:05.676,1789337045.6767883,-968,46,106
2026-09-13 19:04:05.696,1789337045.6967883,-990,47,74
2026-09-13 19:04:05.716,1789337045.7167883,-971,45,36
2026-09-13 19:04:05.736,1789337045.7367883,-954,43,70
2026-09-13 19:04:05.756,1789337045.7567885,-979,50,83
2026-09-13 19:04:05.776,1789337045.7767885,-978,52,88
2026-09-13 19:04:05.796,1789337045.7967885,-980,46,80
2026-09-13 19:04:05.816,1789337045.8167884,-975,45,71
2026-09-13 19:04:05.836,1789337045.8367884,-970,49,70
2026-09-13 19:04:05.856,1789337045.8567884,-969,47,74
2026-09-13 19:04:05.876,1789337045.8767884,-972,43,78
2026-09-13 19:04:05.896,1789337045.8967884,-975,44,80
2026-09-13 19:04:05.916,1789337045.9167883,-976,48,82
2026-09-13 19:04:05.936,1789337045.9367883,-976,46,65
2026-09-13 19:04:05.956,1789337045.9567883,-965,45,78
2026-09-13 19:04:05.976,1789337045.9767883,-976,44,84
2026-09-13 19:04:05.996,1789337045.9967885,-978,46,77
2026-09-13 19:04:06.016,1789337046.0167885,-970,45,78
2026-09-13 19:04:06.036,1789337046.0367885,-972,48,76
2026-09-13 19:04:06.056,1789337046.0567884,-971,49,79
2026-09-13 19:04:06.076,1789337046.0767884,-971,47,81
2026-09-13 19:04:06.096,1789337046.0967884,-973,43,82
2026-09-13 19:04:06.116,1789337046.1167884,-974,42,81
2026-09-13 19:04:06.136,1789337046.1367884,-975,43,81
2026-09-13 19:04:06.156,1789337046.1567883,-972,46,81
2026-09-13 19:04:06.176,1789337046.1767883,-972,47,85
2026-09-13 19:04:06.196,1789337046.1967883,-971,47,88
2026-09-13 19:04:06.216,1789337046.2167883,-973,47,96
2026-09-13 19:04:06.236,1789337046.2367883,-985,46,65
2026-09-13 19:04:06.256,1789337046.2567885,-959,46,81
2026-09-13 19:04:06.276,1789337046.2767885,-966,44,99
2026-09-13 19:04:06.296,1789337046.2967885,-976,53,113
2026-09-13 19:04:06.316,1789337046.3167884,-983,47,71
2026-09-13 19:04:06.323,1789337046.3233716,-963,41,84
2026-09-13 19:04:06.343,1789337046.3433716,-969,47,99
2026-09-13 19:04:06.363,1789337046.3633716,-971,49,99
2026-09-13 19:04:06.383,1789337046.3833716,-971,53,95
2026-09-13 19:04:06.403,1789337046.4033716,-970,47,95
2026-09-13 19:04:06.423,1789337046.4233716,-973,47,95
2026-09-13 19:04:06.443,1789337046.4433715,-972,45,100
2026-09-13 19:04:06.463,1789337046.4633718,-972,43,98
2026-09-13 19:04:06.483,1789337046.4833717,-971,47,98
2026-09-13 19:04:06.503,1789337046.5033717,-971,48,106
2026-09-13 19:04:06.523,1789337046.5233717,-975,50,85
2026-09-13 19:04:06.543,1789337046.5433717,-962,48,102
2026-09-13 19:04:06.563,1789337046.5633717,-972,42,103
2026-09-13 19:04:06.583,1789337046.5833716,-974,47,103
2026-09-13 19:04:06.603,1789337046.6033716,-971,44,109
2026-09-13 19:04:06.623,1789337046.6233716,-973,42,108
2026-09-13 19:04:06.643,1789337046.6433716,-972,44,106
2026-09-13 19:04:06.663,1789337046.6633716,-967,46,102
2026-09-13 19:04:06.683,1789337046.6833715,-966,44,106
2026-09-13 19:04:06.703,1789337046.7033718,-969,45,106
2026-09-13 19:04:06.723,1789337046.7233717,-969,42,110
2026-09-13 19:04:06.743,1789337046.7433717,-971,41,114
2026-09-13 19:04:06.763,1789337046.7633717,-971,42,112
2026-09-13 19:04:06.783,1789337046.7833717,-971,43,114
2026-09-13 19:04:06.803,1789337046.8033717,-971,45,115
2026-09-13 19:04:06.823,1789337046.8233716,-965,44,129
2026-09-13 19:04:06.843,1789337046.8433716,-981,52,114
2026-09-13 19:04:06.863,1789337046.8633716,-963,49,105
2026-09-13 19:04:06.883,1789337046.8833716,-960,49,132
2026-09-13 19:04:06.903,1789337046.9033716,-964,50,144
2026-09-13 19:04:06.923,1789337046.9233716,-978,55,113
2026-09-13 19:04:06.943,1789337046.9433715,-957,52,104
2026-09-13 19:04:06.963,1789337046.9633718,-956,50,115
2026-09-13 19:04:06.983,1789337046.9833717,-966,59,135
2026-09-13 19:04:07.003,1789337047.0033717,-969,56,140
2026-09-13 19:04:07.023,1789337047.0233717,-970,50,132
2026-09-13 19:04:07.030,1789337047.030138,-965,48,127
2026-09-13 19:04:07.050,1789337047.050138,-965,48,130
2026-09-13 19:04:07.070,1789337047.070138,-969,50,131
2026-09-13 19:04:07.090,1789337047.090138,-966,53,130
2026-09-13 19:04:07.110,1789337047.110138,-964,53,134
2026-09-13 19:04:07.130,1789337047.130138,-971,54,126
2026-09-13 19:04:07.150,1789337047.150138,-964,52,121
2026-09-13 19:04:07.170,1789337047.1701381,-962,51,129
2026-09-13 19:04:07.190,1789337047.190138,-970,54,129
2026-09-13 19:04:07.210,1789337047.210138,-968,54,130
2026-09-13 19:04:07.230,1789337047.230138,-965,55,132
2026-09-13 19:04:07.250,1789337047.250138,-969,57,133
2026-09-13 19:04:07.270,1789337047.270138,-967,56,130
2026-09-13 19:04:07.290,1789337047.290138,-965,58,126
2026-09-13 19:04:07.310,1789337047.310138,-961,59,127
2026-09-13 19:04:07.330,1789337047.330138,-968,57,126
2026-09-13 19:04:07.350,1789337047.350138,-969,59,126
2026-09-13 19:04:07.370,1789337047.370138,-970,58,129
2026-09-13 19:04:07.390,1789337047.390138,-970,56,132
2026-09-13 19:04:07.410,1789337047.4101381,-969,55,127
2026-09-13 19:04:07.430,1789337047.430138,-966,56,124
2026-09-13 19:04:07.450,1789337047.450138,-965,55,126
2026-09-13 19:04:07.470,1789337047.470138,-967,52,126
2026-09-13 19:04:07.490,1789337047.490138,-966,53,135
2026-09-13 19:04:07.510,1789337047.510138,-979,55,119
2026-09-13 19:04:07.530,1789337047.530138,-955,54,115
2026-09-13 19:04:07.550,1789337047.550138,-966,48,129
2026-09-13 19:04:07.570,1789337047.570138,-967,50,135
2026-09-13 19:04:07.590,1789337047.590138,-972,52,119
2026-09-13 19:04:07.610,1789337047.610138,-964,49,115
2026-09-13 19:04:07.630,1789337047.630138,-965,53,123
2026-09-13 19:04:07.650,1789337047.650138,-968,58,131
2026-09-13 19:04:07.670,1789337047.6701381,-970,56,130
2026-09-13 19:04:07.690,1789337047.690138,-969,54,128
2026-09-13 19:04:07.710,1789337047.710138,-968,52,124
2026-09-13 19:04:07.730,1789337047.730138,-966,53,128
2026-09-13 19:04:07.736,1789337047.736691,-966,54,123
2026-09-13 19:04:07.756,1789337047.756691,-968,51,126
2026-09-13 19:04:07.776,1789337047.776691,-968,54,130
2026-09-13 19:04:07.796,1789337047.796691,-970,54,128
2026-09-13 19:04:07.816,1789337047.816691,-965,55,131
2026-09-13 19:04:07.836,1789337047.836691,-980,58,129
2026-09-13 19:04:07.856,1789337047.856691,-975,60,124
2026-09-13 19:04:07.876,1789337047.876691,-959,60,117
2026-09-13 19:04:07.896,1789337047.896691,-960,58,119
2026-09-13 19:04:07.916,1789337047.916691,-966,58,121
2026-09-13 19:04:07.936,1789337047.936691,-966,56,121
2026-09-13 19:04:07.956,1789337047.956691,-968,49,120
2026-09-13 19:04:07.976,1789337047.976691,-969,45,118
2026-09-13 19:04:07.996,1789337047.996691,-970,47,118
2026-09-13 19:04:08.016,1789337048.016691,-968,49,114
2026-09-13 19:04:08.036,1789337048.036691,-968,52,111
2026-09-13 19:04:08.056,1789337048.056691,-969,57,112
2026-09-13 19:04:08.076,1789337048.076691,-970,55,122
2026-09-13 19:04:08.096,1789337048.096691,-973,52,115
2026-09-13 19:04:08.116,1789337048.116691,-969,55,110
2026-09-13 19:04:08.136,1789337048.136691,-967,57,115
2026-09-13 19:04:08.156,1789337048.156691,-971,54,118
2026-09-13 19:04:08.176,1789337048.176691,-969,51,115
2026-09-13 19:04:08.196,1789337048.196691,-969,53,123
2026-09-13 19:04:08.216,1789337048.216691,-972,55,99
2026-09-13 19:04:08.236,1789337048.236691,-961,52,110
2026-09-13 19:04:08.256,1789337048.256691,-967,50,121
2026-09-13 19:04:08.276,1789337048.276691,-969,54,126
2026-09-13 19:04:08.296,1789337048.296691,-974,56,105
2026-09-13 19:04:08.316,1789337048.316691,-963,54,114
2026-09-13 19:04:08.336,1789337048.336691,-968,55,127
2026-09-13 19:04:08.356,1789337048.356691,-971,58,131
2026-09-13 19:04:08.376,1789337048.376691,-970,58,125
2026-09-13 19:04:08.396,1789337048.396691,-966,56,122
2026-09-13 19:04:08.416,1789337048.416691,-964,57,121
2026-09-13 19:04:08.436,1789337048.436691,-969,55,123
2026-09-13 19:04:08.443,1789337048.443671,-968,54,120
2026-09-13 19:04:08.463,1789337048.463671,-968,55,117
2026-09-13 19:04:08.483,1789337048.483671,-967,58,127
2026-09-13 19:04:08.503,1789337048.503671,-969,57,122
2026-09-13 19:04:08.523,1789337048.523671,-966,56,127
2026-09-13 19:04:08.543,1789337048.543671,-968,55,121
2026-09-13 19:04:08.563,1789337048.5636709,-963,54,127
2026-09-13 19:04:08.583,1789337048.583671,-969,54,129
2026-09-13 19:04:08.603,1789337048.603671,-969,55,127
2026-09-13 19:04:08.623,1789337048.623671,-967,56,122
2026-09-13 19:04:08.643,1789337048.643671,-969,57,125
2026-09-13 19:04:08.663,1789337048.663671,-969,57,133
2026-09-13 19:04:08.683,1789337048.683671,-970,55,131
2026-09-13 19:04:08.703,1789337048.703671,-970,56,125
2026-09-13 19:04:08.723,1789337048.723671,-966,54,127
2026-09-13 19:04:08.743,1789337048.743671,-965,55,124
2026-09-13 19:04:08.763,1789337048.763671,-965,56,126
2026-09-13 19:04:08.783,1789337048.783671,-971,57,125
2026-09-13 19:04:08.803,1789337048.803671,-972,57,128
2026-09-13 19:04:08.823,1789337048.823671,-970,61,128
2026-09-13 19:04:08.843,1789337048.843671,-971,56,128
2026-09-13 19:04:08.863,1789337048.863671,-970,57,129
2026-09-13 19:04:08.883,1789337048.883671,-970,57,134
2026-09-13 19:04:08.903,1789337048.903671,-973,60,130
2026-09-13 19:04:08.923,1789337048.923671,-960,56,127
2026-09-13 19:04:08.943,1789337048.943671,-961,57,133
2026-09-13 19:04:08.963,1789337048.963671,-940,59,147
2026-09-13 19:04:08.983,1789337048.983671,-977,60,134
2026-09-13 19:04:09.003,1789337049.003671,-967,58,132
2026-09-13 19:04:09.023,1789337049.023671,-973,55,142
2026-09-13 19:04:09.043,1789337049.043671,-979,61,142
2026-09-13 19:04:09.063,1789337049.0636709,-973,62,138
2026-09-13 19:04:09.083,1789337049.083671,-970,64,136
2026-09-13 19:04:09.103,1789337049.103671,-968,59,130
2026-09-13 19:04:09.123,1789337049.123671,-970,58,131
2026-09-13 19:04:09.143,1789337049.143671,-972,55,116
2026-09-13 19:04:09.150,1789337049.1501932,-967,54,115
2026-09-13 19:04:09.170,1789337049.1701932,-966,54,121
2026-09-13 19:04:09.190,1789337049.1901932,-976,54,101
2026-09-13 19:04:09.210,1789337049.2101932,-969,53,83
2026-09-13 19:04:09.230,1789337049.2301931,-964,50,100
2026-09-13 19:04:09.250,1789337049.250193,-972,51,111
2026-09-13 19:04:09.270,1789337049.270193,-976,54,104
2026-09-13 19:04:09.290,1789337049.2901933,-974,55,87
2026-09-13 19:04:09.310,1789337049.3101933,-967,52,87
2026-09-13 19:04:09.330,1789337049.3301933,-972,50,90
2026-09-13 19:04:09.350,1789337049.3501933,-972,48,83
2026-09-13 19:04:09.370,1789337049.3701932,-971,48,73
2026-09-13 19:04:09.390,1789337049.3901932,-968,52,84
2026-09-13 19:04:09.410,1789337049.4101932,-978,47,80
2026-09-13 19:04:09.430,1789337049.4301932,-975,44,74
2026-09-13 19:04:09.450,1789337049.4501932,-971,46,68
2026-09-13 19:04:09.470,1789337049.4701931,-968,45,62
2026-09-13 19:04:09.490,1789337049.4901931,-967,48,62
2026-09-13 19:04:09.510,1789337049.510193,-971,46,69
2026-09-13 19:04:09.530,1789337049.5301933,-975,42,63
2026-09-13 19:04:09.550,1789337049.5501933,-968,42,72
2026-09-13 19:04:09.570,1789337049.5701933,-977,42,65
2026-09-13 19:04:09.590,1789337049.5901933,-972,38,48
2026-09-13 19:04:09.610,1789337049.6101933,-971,40,56
2026-09-13 19:04:09.630,1789337049.6301932,-957,43,87
2026-09-13 19:04:09.650,1789337049.6501932,-986,47,62
2026-09-13 19:04:09.670,1789337049.6701932,-974,46,35
2026-09-13 19:04:09.690,1789337049.6901932,-967,40,58
2026-09-13 19:04:09.710,1789337049.7101932,-980,49,64
2026-09-13 19:04:09.730,1789337049.7301931,-975,49,64
2026-09-13 19:04:09.750,1789337049.750193,-976,49,58
2026-09-13 19:04:09.770,1789337049.770193,-974,45,54
2026-09-13 19:04:09.790,1789337049.7901933,-970,45,57
2026-09-13 19:04:09.810,1789337049.8101933,-974,41,52
2026-09-13 19:04:09.830,1789337049.8301933,-973,41,52
2026-09-13 19:04:09.850,1789337049.8501933,-973,44,55
2026-09-13 19:04:09.856,1789337049.856624,-976,50,61
2026-09-13 19:04:09.876,1789337049.8766239,-976,44,46
2026-09-13 19:04:09.896,1789337049.8966238,-974,41,44
2026-09-13 19:04:09.916,1789337049.9166238,-972,41,51
2026-09-13 19:04:09.936,1789337049.9366238,-973,47,44
2026-09-13 19:04:09.956,1789337049.9566238,-969,46,45
2026-09-13 19:04:09.976,1789337049.9766238,-971,43,47
2026-09-13 19:04:09.996,1789337049.996624,-974,43,49
2026-09-13 19:04:10.016,1789337050.016624,-978,44,50
2026-09-13 19:04:10.036,1789337050.036624,-976,43,51
2026-09-13 19:04:10.056,1789337050.056624,-976,40,55
2026-09-13 19:04:10.076,1789337050.076624,-977,41,51
2026-09-13 19:04:10.096,1789337050.096624,-976,42,50
2026-09-13 19:04:10.116,1789337050.1166239,-975,43,42
2026-09-13 19:04:10.136,1789337050.1366239,-972,46,46
2026-09-13 19:04:10.156,1789337050.1566238,-975,47,50
2026-09-13 19:04:10.176,1789337050.1766238,-976,43,59
2026-09-13 19:04:10.196,1789337050.1966238,-978,44,39
2026-09-13 19:04:10.216,1789337050.2166238,-973,41,37
2026-09-13 19:04:10.236,1789337050.236624,-975,39,51
2026-09-13 19:04:10.256,1789337050.256624,-966,44,82
2026-09-13 19:04:10.276,1789337050.276624,-986,47,46
2026-09-13 19:04:10.296,1789337050.296624,-967,42,28
2026-09-13 19:04:10.316,1789337050.316624,-969,40,55
2026-09-13 19:04:10.336,1789337050.336624,-985,46,62
2026-09-13 19:04:10.356,1789337050.356624,-976,46,55
2026-09-13 19:04:10.376,1789337050.3766239,-970,43,53
2026-09-13 19:04:10.396,1789337050.3966238,-968,46,48
2026-09-13 19:04:10.416,1789337050.4166238,-970,45,54
2026-09-13 19:04:10.436,1789337050.4366238,-976,41,55
2026-09-13 19:04:10.456,1789337050.4566238,-977,38,57
2026-09-13 19:04:10.476,1789337050.4766238,-980,42,70
2026-09-13 19:04:10.496,1789337050.496624,-984,48,70
2026-09-13 19:04:10.516,1789337050.516624,-974,44,42
2026-09-13 19:04:10.536,1789337050.536624,-963,42,49
2026-09-13 19:04:10.556,1789337050.556624,-972,43,62
2026-09-13 19:04:10.563,1789337050.5632377,-979,44,60
2026-09-13 19:04:10.583,1789337050.5832376,-976,41,60
2026-09-13 19:04:10.603,1789337050.6032376,-972,41,56
2026-09-13 19:04:10.623,1789337050.6232376,-970,41,57
2026-09-13 19:04:10.643,1789337050.6432376,-974,39,58
2026-09-13 19:04:10.663,1789337050.6632376,-976,42,61
2026-09-13 19:04:10.683,1789337050.6832376,-975,41,60
2026-09-13 19:04:10.703,1789337050.7032378,-973,44,56
2026-09-13 19:04:10.723,1789337050.7232378,-978,44,52
2026-09-13 19:04:10.743,1789337050.7432377,-976,43,52
2026-09-13 19:04:10.763,1789337050.7632377,-972,42,55
2026-09-13 19:04:10.783,1789337050.7832377,-971,43,67
2026-09-13 19:04:10.803,1789337050.8032377,-982,45,47
2026-09-13 19:04:10.823,1789337050.8232377,-975,43,36
2026-09-13 19:04:10.843,1789337050.8432376,-966,45,52
2026-09-13 19:04:10.863,1789337050.8632376,-964,41,85
2026-09-13 19:04:10.883,1789337050.8832376,-980,42,47
2026-09-13 19:04:10.903,1789337050.9032376,-967,43,35
2026-09-13 19:04:10.923,1789337050.9232376,-975,44,73
2026-09-13 19:04:10.943,1789337050.9432378,-988,47,76
2026-09-13 19:04:10.963,1789337050.9632378,-975,41,65
2026-09-13 19:04:10.983,1789337050.9832377,-960,41,58
2026-09-13 19:04:11.003,1789337051.0032377,-960,45,62
2026-09-13 19:04:11.023,1789337051.0232377,-963,41,63
2026-09-13 19:04:11.043,1789337051.0432377,-974,45,67
2026-09-13 19:04:11.063,1789337051.0632377,-974,50,67
2026-09-13 19:04:11.083,1789337051.0832376,-969,50,81
2026-09-13 19:04:11.103,1789337051.1032376,-977,48,81
2026-09-13 19:04:11.123,1789337051.1232376,-967,48,58
2026-09-13 19:04:11.143,1789337051.1432376,-953,46,66
2026-09-13 19:04:11.163,1789337051.1632376,-967,50,65
2026-09-13 19:04:11.183,1789337051.1832376,-961,46,65
2026-09-13 19:04:11.203,1789337051.2032378,-958,46,69
2026-09-13 19:04:11.223,1789337051.2232378,-971,49,72
2026-09-13 19:04:11.243,1789337051.2432377,-969,52,74
2026-09-13 19:04:11.263,1789337051.2632377,-970,49,71
2026-09-13 19:04:11.270,1789337051.2700648,-968,41,68
2026-09-13 19:04:11.290,1789337051.2900648,-968,44,63
2026-09-13 19:04:11.310,1789337051.3100648,-971,52,57
2026-09-13 19:04:11.330,1789337051.3300648,-966,49,63
2026-09-13 19:04:11.350,1789337051.3500648,-974,49,71
2026-09-13 19:04:11.370,1789337051.3700647,-983,46,69
2026-09-13 19:04:11.390,1789337051.3900647,-979,44,61
2026-09-13 19:04:11.410,1789337051.410065,-982,49,49
2026-09-13 19:04:11.430,1789337051.430065,-977,45,50
2026-09-13 19:04:11.450,1789337051.450065,-969,43,91
2026-09-13 19:04:11.470,1789337051.4700649,-984,38,85
2026-09-13 19:04:11.490,1789337051.4900649,-967,41,33
2026-09-13 19:04:11.510,1789337051.5100648,-945,48,62
2026-09-13 19:04:11.530,1789337051.5300648,-987,43,88
2026-09-13 19:04:11.550,1789337051.5500648,-994,44,84
2026-09-13 19:04:11.570,1789337051.5700648,-982,37,74
2026-09-13 19:04:11.590,1789337051.5900648,-972,36,62
2026-09-13 19:04:11.610,1789337051.6100647,-964,39,64
2026-09-13 19:04:11.630,1789337051.6300647,-968,37,72
2026-09-13 19:04:11.650,1789337051.650065,-976,38,69
2026-09-13 19:04:11.670,1789337051.670065,-977,40,76
2026-09-13 19:04:11.690,1789337051.690065,-979,41,77
2026-09-13 19:04:11.710,1789337051.710065,-980,45,60
2026-09-13 19:04:11.730,1789337051.7300649,-965,39,57
2026-09-13 19:04:11.750,1789337051.7500648,-966,34,73
2026-09-13 19:04:11.770,1789337051.7700648,-979,38,66
2026-09-13 19:04:11.790,1789337051.7900648,-974,39,70
2026-09-13 19:04:11.810,1789337051.8100648,-974,39,71
2026-09-13 19:04:11.830,1789337051.8300648,-974,40,68
2026-09-13 19:04:11.850,1789337051.8500648,-974,43,69
2026-09-13 19:04:11.870,1789337051.8700647,-976,42,70
2026-09-13 19:04:11.890,1789337051.8900647,-976,43,71
2026-09-13 19:04:11.910,1789337051.910065,-975,43,69
2026-09-13 19:04:11.930,1789337051.930065,-972,46,67
2026-09-13 19:04:11.950,1789337051.950065,-971,44,66
2026-09-13 19:04:11.970,1789337051.9700649,-971,40,67
2026-09-13 19:04:11.977,1789337051.9772584,-972,41,78
2026-09-13 19:04:11.997,1789337051.9972584,-981,43,54
2026-09-13 19:04:12.017,1789337052.0172584,-967,39,63
2026-09-13 19:04:12.037,1789337052.0372584,-970,36,86
2026-09-13 19:04:12.057,1789337052.0572584,-980,38,99
2026-09-13 19:04:12.077,1789337052.0772583,-988,40,50
2026-09-13 19:04:12.097,1789337052.0972583,-962,40,60
2026-09-13 19:04:12.117,1789337052.1172585,-973,44,85
2026-09-13 19:04:12.137,1789337052.1372585,-978,45,89
2026-09-13 19:04:12.157,1789337052.1572585,-976,38,84
2026-09-13 19:04:12.177,1789337052.1772585,-976,33,71
2026-09-13 19:04:12.197,1789337052.1972585,-966,36,68
2026-09-13 19:04:12.217,1789337052.2172585,-966,40,68
2026-09-13 19:04:12.237,1789337052.2372584,-971,34,70
2026-09-13 19:04:12.257,1789337052.2572584,-973,36,77
2026-09-13 19:04:12.277,1789337052.2772584,-976,38,89
2026-09-13 19:04:12.297,1789337052.2972584,-981,39,70
2026-09-13 19:04:12.317,1789337052.3172584,-967,39,64
2026-09-13 19:04:12.337,1789337052.3372583,-965,36,75
2026-09-13 19:04:12.357,1789337052.3572586,-976,41,73
2026-09-13 19:04:12.377,1789337052.3772585,-971,38,79
2026-09-13 19:04:12.397,1789337052.3972585,-972,37,80
2026-09-13 19:04:12.417,1789337052.4172585,-972,39,76
2026-09-13 19:04:12.437,1789337052.4372585,-970,40,73
2026-09-13 19:04:12.457,1789337052.4572585,-970,42,77
2026-09-13 19:04:12.477,1789337052.4772584,-973,40,82
2026-09-13 19:04:12.497,1789337052.4972584,-979,37,87
2026-09-13 19:04:12.517,1789337052.5172584,-976,41,85
2026-09-13 19:04:12.537,1789337052.5372584,-973,40,79
2026-09-13 19:04:12.557,1789337052.5572584,-970,40,71
2026-09-13 19:04:12.577,1789337052.5772583,-968,40,79
2026-09-13 19:04:12.597,1789337052.5972583,-976,37,84
2026-09-13 19:04:12.617,1789337052.6172585,-982,34,63
2026-09-13 19:04:12.637,1789337052.6372585,-964,36,93
2026-09-13 19:04:12.657,1789337052.6572585,-973,34,98
2026-09-13 19:04:12.677,1789337052.6772585,-976,37,89
2026-09-13 19:04:12.684,1789337052.684269,-973,36,54
2026-09-13 19:04:12.704,1789337052.704269,-962,33,78
2026-09-13 19:04:12.724,1789337052.724269,-973,39,91
2026-09-13 19:04:12.744,1789337052.744269,-973,39,91
2026-09-13 19:04:12.764,1789337052.7642689,-977,37,88
2026-09-13 19:04:12.784,1789337052.7842689,-973,32,80
2026-09-13 19:04:12.804,1789337052.8042688,-970,35,77
2026-09-13 19:04:12.824,1789337052.824269,-971,34,73
2026-09-13 19:04:12.844,1789337052.844269,-968,32,78
2026-09-13 19:04:12.864,1789337052.864269,-969,33,85
2026-09-13 19:04:12.884,1789337052.884269,-977,38,90
2026-09-13 19:04:12.904,1789337052.904269,-976,39,73
2026-09-13 19:04:12.924,1789337052.924269,-966,38,80
2026-09-13 19:04:12.944,1789337052.944269,-974,39,79
2026-09-13 19:04:12.964,1789337052.964269,-972,38,84
2026-09-13 19:04:12.984,1789337052.984269,-973,34,88
2026-09-13 19:04:13.004,1789337053.004269,-976,34,83
2026-09-13 19:04:13.024,1789337053.0242689,-972,34,90
2026-09-13 19:04:13.044,1789337053.0442688,-976,36,87
2026-09-13 19:04:13.064,1789337053.064269,-973,34,84
2026-09-13 19:04:13.084,1789337053.084269,-969,36,80
2026-09-13 19:04:13.104,1789337053.104269,-970,38,84
2026-09-13 19:04:13.124,1789337053.124269,-973,36,88
2026-09-13 19:04:13.144,1789337053.144269,-973,38,88
2026-09-13 19:04:13.164,1789337053.164269,-972,41,87
2026-09-13 19:04:13.184,1789337053.184269,-972,41,88
2026-09-13 19:04:13.204,1789337053.204269,-970,39,89
2026-09-13 19:04:13.224,1789337053.224269,-970,35,104
2026-09-13 19:04:13.244,1789337053.244269,-982,36,78
2026-09-13 19:04:13.264,1789337053.2642689,-964,38,84
2026-09-13 19:04:13.284,1789337053.2842689,-970,37,103
2026-09-13 19:04:13.304,1789337053.3042688,-965,37,118
2026-09-13 19:04:13.324,1789337053.324269,-970,41,81
2026-09-13 19:04:13.344,1789337053.344269,-964,38,81
2026-09-13 19:04:13.364,1789337053.364269,-965,40,107
2026-09-13 19:04:13.384,1789337053.384269,-978,44,115
2026-09-13 19:04:13.391,1789337053.391371,-982,44,111
2026-09-13 19:04:13.411,1789337053.411371,-974,39,106
2026-09-13 19:04:13.431,1789337053.431371,-971,40,105
2026-09-13 19:04:13.451,1789337053.451371,-967,46,108
2026-09-13 19:04:13.471,1789337053.471371,-968,45,100
2026-09-13 19:04:13.491,1789337053.491371,-967,44,103
2026-09-13 19:04:13.511,1789337053.511371,-968,50,114
2026-09-13 19:04:13.531,1789337053.531371,-975,52,102
2026-09-13 19:04:13.551,1789337053.551371,-966,48,109
2026-09-13 19:04:13.571,1789337053.571371,-972,45,115
2026-09-13 19:04:13.591,1789337053.591371,-972,52,110
2026-09-13 19:04:13.611,1789337053.611371,-967,53,113
2026-09-13 19:04:13.631,1789337053.631371,-970,55,119
2026-09-13 19:04:13.651,1789337053.651371,-970,54,121
2026-09-13 19:04:13.671,1789337053.671371,-971,55,125
2026-09-13 19:04:13.691,1789337053.691371,-971,57,130
2026-09-13 19:04:13.711,1789337053.711371,-971,58,119
2026-09-13 19:04:13.731,1789337053.731371,-966,57,113
2026-09-13 19:04:13.751,1789337053.751371,-967,58,120
2026-09-13 19:04:13.771,1789337053.7713711,-969,58,120
2026-09-13 19:04:13.791,1789337053.791371,-967,54,121
2026-09-13 19:04:13.811,1789337053.811371,-967,54,121
2026-09-13 19:04:13.831,1789337053.831371,-969,59,126
2026-09-13 19:04:13.851,1789337053.851371,-971,61,125
2026-09-13 19:04:13.871,1789337053.871371,-970,59,122
2026-09-13 19:04:13.891,1789337053.891371,-963,57,131
2026-09-13 19:04:13.911,1789337053.911371,-976,58,120
2026-09-13 19:04:13.931,1789337053.931371,-963,56,105
2026-09-13 19:04:13.951,1789337053.951371,-959,58,129
2026-09-13 19:04:13.971,1789337053.971371,-966,54,139
2026-09-13 19:04:13.991,1789337053.991371,-975,55,123
2026-09-13 19:04:14.011,1789337054.011371,-959,53,112
2026-09-13 19:04:14.031,1789337054.031371,-961,53,122
2026-09-13 19:04:14.051,1789337054.051371,-964,56,135
2026-09-13 19:04:14.071,1789337054.071371,-972,54,133
2026-09-13 19:04:14.091,1789337054.091371,-972,54,133
2026-09-13 19:04:14.098,1789337054.0983205,-969,51,132
2026-09-13 19:04:14.118,1789337054.1183205,-970,53,130
2026-09-13 19:04:14.138,1789337054.1383204,-967,52,130
2026-09-13 19:04:14.158,1789337054.1583204,-967,51,135
2026-09-13 19:04:14.178,1789337054.1783204,-967,49,134
2026-09-13 19:04:14.198,1789337054.1983204,-964,49,123
2026-09-13 19:04:14.218,1789337054.2183204,-956,50,130
2026-09-13 19:04:14.238,1789337054.2383206,-966,51,135
2026-09-13 19:04:14.258,1789337054.2583206,-969,53,131
2026-09-13 19:04:14.278,1789337054.2783206,-966,54,135
2026-09-13 19:04:14.298,1789337054.2983205,-971,52,133
2026-09-13 19:04:14.318,1789337054.3183205,-968,51,131
2026-09-13 19:04:14.338,1789337054.3383205,-968,52,130
2026-09-13 19:04:14.358,1789337054.3583205,-967,50,128
2026-09-13 19:04:14.378,1789337054.3783205,-965,48,132
2026-09-13 19:04:14.398,1789337054.3983204,-969,48,132
2026-09-13 19:04:14.418,1789337054.4183204,-966,49,132
2026-09-13 19:04:14.438,1789337054.4383204,-967,51,132
2026-09-13 19:04:14.458,1789337054.4583204,-969,51,138
2026-09-13 19:04:14.478,1789337054.4783206,-968,51,136
2026-09-13 19:04:14.498,1789337054.4983206,-963,48,131
2026-09-13 19:04:14.518,1789337054.5183206,-966,49,132
2026-09-13 19:04:14.538,1789337054.5383205,-967,50,135
2026-09-13 19:04:14.558,1789337054.5583205,-970,51,137
2026-09-13 19:04:14.578,1789337054.5783205,-965,51,136
2026-09-13 19:04:14.598,1789337054.5983205,-965,49,139
2026-09-13 19:04:14.618,1789337054.6183205,-971,46,124
2026-09-13 19:04:14.638,1789337054.6383204,-959,44,135
2026-09-13 19:04:14.658,1789337054.6583204,-965,46,139
2026-09-13 19:04:14.678,1789337054.6783204,-968,50,146
2026-09-13 19:04:14.698,1789337054.6983204,-969,50,130
2026-09-13 19:04:14.718,1789337054.7183204,-961,49,134
2026-09-13 19:04:14.738,1789337054.7383206,-968,50,134
2026-09-13 19:04:14.758,1789337054.7583206,-963,49,138
2026-09-13 19:04:14.778,1789337054.7783206,-965,48,137
2026-09-13 19:04:14.798,1789337054.7983205,-966,47,138
2026-09-13 19:04:14.805,1789337054.8056667,-965,46,136
2026-09-13 19:04:14.825,1789337054.8256667,-965,47,138
2026-09-13 19:04:14.845,1789337054.8456666,-966,49,139
2026-09-13 19:04:14.865,1789337054.8656666,-968,47,139
2026-09-13 19:04:14.885,1789337054.8856666,-964,52,142
2026-09-13 19:04:14.905,1789337054.9056666,-967,52,139
2026-09-13 19:04:14.925,1789337054.9256666,-969,50,140
2026-09-13 19:04:14.945,1789337054.9456668,-969,49,137
2026-09-13 19:04:14.965,1789337054.9656668,-968,54,138
2026-09-13 19:04:14.985,1789337054.9856668,-978,53,141
2026-09-13 19:04:15.005,1789337055.0056667,-984,51,149
2026-09-13 19:04:15.025,1789337055.0256667,-983,43,135
2026-09-13 19:04:15.045,1789337055.0456667,-974,45,122
2026-09-13 19:04:15.065,1789337055.0656667,-971,48,104
2026-09-13 19:04:15.085,1789337055.0856667,-954,52,99
2026-09-13 19:04:15.105,1789337055.1056666,-957,49,113
2026-09-13 19:04:15.125,1789337055.1256666,-973,39,118
2026-09-13 19:04:15.145,1789337055.1456666,-978,38,107
2026-09-13 19:04:15.165,1789337055.1656666,-975,38,87
2026-09-13 19:04:15.185,1789337055.1856668,-966,38,83
2026-09-13 19:04:15.205,1789337055.2056668,-968,40,86
2026-09-13 19:04:15.225,1789337055.2256668,-972,43,95
2026-09-13 19:04:15.245,1789337055.2456667,-973,41,90
2026-09-13 19:04:15.265,1789337055.2656667,-972,36,93
2026-09-13 19:04:15.285,1789337055.2856667,-981,39,85
2026-09-13 19:04:15.305,1789337055.3056667,-974,41,68
2026-09-13 19:04:15.325,1789337055.3256667,-969,40,70
2026-09-13 19:04:15.345,1789337055.3456666,-962,40,90
2026-09-13 19:04:15.365,1789337055.3656666,-974,46,94
2026-09-13 19:04:15.385,1789337055.3856666,-976,43,64
2026-09-13 19:04:15.405,1789337055.4056666,-966,41,76
2026-09-13 19:04:15.425,1789337055.4256666,-977,40,84
2026-09-13 19:04:15.445,1789337055.4456668,-978,40,72
2026-09-13 19:04:15.465,1789337055.4656668,-973,37,70
2026-09-13 19:04:15.485,1789337055.4856668,-970,32,70
2026-09-13 19:04:15.505,1789337055.5056667,-972,31,70
2026-09-13 19:04:15.512,1789337055.5124943,-973,37,69
2026-09-13 19:04:15.532,1789337055.5324943,-974,36,69
2026-09-13 19:04:15.552,1789337055.5524943,-971,39,71
2026-09-13 19:04:15.572,1789337055.5724943,-972,40,77
2026-09-13 19:04:15.592,1789337055.5924942,-974,36,60
2026-09-13 19:04:15.612,1789337055.6124942,-970,33,60
2026-09-13 19:04:15.632,1789337055.6324942,-974,34,66
2026-09-13 19:04:15.652,1789337055.6524944,-975,39,66
2026-09-13 19:04:15.672,1789337055.6724944,-975,38,68
2026-09-13 19:04:15.692,1789337055.6924944,-976,38,69
2026-09-13 19:04:15.712,1789337055.7124944,-976,37,67
2026-09-13 19:04:15.732,1789337055.7324944,-975,38,62
2026-09-13 19:04:15.752,1789337055.7524943,-971,38,62
2026-09-13 19:04:15.772,1789337055.7724943,-969,37,63
2026-09-13 19:04:15.792,1789337055.7924943,-974,38,65
2026-09-13 19:04:15.812,1789337055.8124943,-977,40,69
2026-09-13 19:04:15.832,1789337055.8324943,-976,35,63
2026-09-13 19:04:15.852,1789337055.8524942,-973,37,60
2026-09-13 19:04:15.872,1789337055.8724942,-971,37,62
2026-09-13 19:04:15.892,1789337055.8924944,-973,37,61
2026-09-13 19:04:15.912,1789337055.9124944,-968,34,65
2026-09-13 19:04:15.932,1789337055.9324944,-975,40,61
2026-09-13 19:04:15.952,1789337055.9524944,-979,38,52
2026-09-13 19:04:15.972,1789337055.9724944,-975,37,57
2026-09-13 19:04:15.992,1789337055.9924943,-962,40,88
2026-09-13 19:04:16.012,1789337056.0124943,-981,40,76
2026-09-13 19:04:16.032,1789337056.0324943,-973,39,39
2026-09-13 19:04:16.052,1789337056.0524943,-966,33,69
2026-09-13 19:04:16.072,1789337056.0724943,-984,36,77
2026-09-13 19:04:16.092,1789337056.0924942,-978,38,69
2026-09-13 19:04:16.112,1789337056.1124942,-971,35,66
2026-09-13 19:04:16.132,1789337056.1324942,-969,34,65
2026-09-13 19:04:16.152,1789337056.1524944,-968,34,65
2026-09-13 19:04:16.172,1789337056.1724944,-973,33,68
2026-09-13 19:04:16.192,1789337056.1924944,-976,32,66
2026-09-13 19:04:16.212,1789337056.2124944,-974,35,68
2026-09-13 19:04:16.219,1789337056.21923,-973,34,75
2026-09-13 19:04:16.239,1789337056.23923,-980,36,58
2026-09-13 19:04:16.259,1789337056.25923,-973,34,54
2026-09-13 19:04:16.279,1789337056.2792299,-974,30,70
2026-09-13 19:04:16.299,1789337056.2992299,-978,35,64
2026-09-13 19:04:16.319,1789337056.3192298,-975,34,69
2026-09-13 19:04:16.339,1789337056.3392298,-973,30,67
2026-09-13 19:04:16.359,1789337056.35923,-969,34,67
2026-09-13 19:04:16.379,1789337056.37923,-971,39,67
2026-09-13 19:04:16.399,1789337056.39923,-971,35,67
2026-09-13 19:04:16.419,1789337056.41923,-974,34,69
2026-09-13 19:04:16.439,1789337056.43923,-976,34,69
2026-09-13 19:04:16.459,1789337056.45923,-972,37,63
2026-09-13 19:04:16.479,1789337056.47923,-970,39,60
2026-09-13 19:04:16.499,1789337056.49923,-972,36,61
2026-09-13 19:04:16.519,1789337056.51923,-973,36,66
2026-09-13 19:04:16.539,1789337056.5392299,-973,34,79
2026-09-13 19:04:16.559,1789337056.5592299,-979,42,64
2026-09-13 19:04:16.579,1789337056.5792298,-978,39,60
2026-09-13 19:04:16.599,1789337056.59923,-970,36,74
2026-09-13 19:04:16.619,1789337056.61923,-968,38,105
2026-09-13 19:04:16.639,1789337056.63923,-980,37,54
2026-09-13 19:04:16.659,1789337056.65923,-958,41,49
2026-09-13 19:04:16.679,1789337056.67923,-975,36,81
2026-09-13 19:04:16.699,1789337056.69923,-978,39,79
2026-09-13 19:04:16.719,1789337056.71923,-973,41,78
2026-09-13 19:04:16.739,1789337056.73923,-979,38,74
2026-09-13 19:04:16.759,1789337056.75923,-975,38,71
2026-09-13 19:04:16.779,1789337056.7792299,-970,40,75
2026-09-13 19:04:16.799,1789337056.7992299,-968,38,74
2026-09-13 19:04:16.819,1789337056.8192298,-970,39,76
2026-09-13 19:04:16.839,1789337056.8392298,-975,37,85
2026-09-13 19:04:16.859,1789337056.85923,-975,37,75
2026-09-13 19:04:16.879,1789337056.87923,-968,39,52
2026-09-13 19:04:16.899,1789337056.89923,-971,43,69
2026-09-13 19:04:16.919,1789337056.91923,-976,37,75
2026-09-13 19:04:16.926,1789337056.9261796,-978,41,77
2026-09-13 19:04:16.946,1789337056.9461796,-977,42,77
2026-09-13 19:04:16.966,1789337056.9661796,-972,41,74
2026-09-13 19:04:16.986,1789337056.9861796,-968,37,75
2026-09-13 19:04:17.006,1789337057.0061796,-967,37,70
2026-09-13 19:04:17.026,1789337057.0261796,-968,37,68
2026-09-13 19:04:17.046,1789337057.0461795,-967,44,75
2026-09-13 19:04:17.066,1789337057.0661798,-964,44,79
2026-09-13 19:04:17.086,1789337057.0861797,-957,41,69
2026-09-13 19:04:17.106,1789337057.1061797,-955,40,59
2026-09-13 19:04:17.126,1789337057.1261797,-959,44,54
2026-09-13 19:04:17.146,1789337057.1461797,-969,43,67
2026-09-13 19:04:17.166,1789337057.1661797,-977,41,59
2026-09-13 19:04:17.186,1789337057.1861796,-981,41,55
2026-09-13 19:04:17.206,1789337057.2061796,-969,39,72
2026-09-13 19:04:17.226,1789337057.2261796,-971,39,100
2026-09-13 19:04:17.246,1789337057.2461796,-975,38,36
2026-09-13 19:04:17.266,1789337057.2661796,-939,42,39
2026-09-13 19:04:17.286,1789337057.2861795,-968,45,78
2026-09-13 19:04:17.306,1789337057.3061798,-992,52,80
2026-09-13 19:04:17.326,1789337057.3261797,-981,48,73
2026-09-13 19:04:17.346,1789337057.3461797,-975,43,64
2026-09-13 19:04:17.366,1789337057.3661797,-970,43,63
2026-09-13 19:04:17.386,1789337057.3861797,-970,40,62
2026-09-13 19:04:17.406,1789337057.4061797,-975,40,65
2026-09-13 19:04:17.426,1789337057.4261796,-980,44,68
2026-09-13 19:04:17.446,1789337057.4461796,-980,43,78
2026-09-13 19:04:17.466,1789337057.4661796,-983,44,70
2026-09-13 19:04:17.486,1789337057.4861796,-974,42,45
2026-09-13 19:04:17.506,1789337057.5061796,-958,38,58
2026-09-13 19:04:17.526,1789337057.5261796,-976,38,60
2026-09-13 19:04:17.546,1789337057.5461795,-976,42,66
2026-09-13 19:04:17.566,1789337057.5661798,-975,40,66
2026-09-13 19:04:17.586,1789337057.5861797,-977,41,68
2026-09-13 19:04:17.606,1789337057.6061797,-976,41,68
2026-09-13 19:04:17.626,1789337057.6261797,-974,37,67
2026-09-13 19:04:17.633,1789337057.6332815,-974,35,63
2026-09-13 19:04:17.653,1789337057.6532815,-972,34,63
2026-09-13 19:04:17.673,1789337057.6732814,-975,39,58
2026-09-13 19:04:17.693,1789337057.6932814,-974,38,62
2026-09-13 19:04:17.713,1789337057.7132814,-976,36,63
2026-09-13 19:04:17.733,1789337057.7332814,-974,36,69
2026-09-13 19:04:17.753,1789337057.7532814,-978,41,57
2026-09-13 19:04:17.773,1789337057.7732816,-978,38,45
2026-09-13 19:04:17.793,1789337057.7932816,-969,35,62
2026-09-13 19:04:17.813,1789337057.8132815,-970,33,89
2026-09-13 19:04:17.833,1789337057.8332815,-988,37,75
2026-09-13 19:04:17.853,1789337057.8532815,-975,34,36
2026-09-13 19:04:17.873,1789337057.8732815,-955,33,58
2026-09-13 19:04:17.893,1789337057.8932815,-978,32,71
2026-09-13 19:04:17.913,1789337057.9132814,-977,37,69
2026-09-13 19:04:17.933,1789337057.9332814,-976,33,66
2026-09-13 19:04:17.953,1789337057.9532814,-976,32,64
2026-09-13 19:04:17.973,1789337057.9732814,-974,33,66
2026-09-13 19:04:17.993,1789337057.9932814,-975,33,68
2026-09-13 19:04:18.013,1789337058.0132816,-975,33,67
2026-09-13 19:04:18.033,1789337058.0332816,-974,35,67
2026-09-13 19:04:18.053,1789337058.0532815,-975,38,70
2026-09-13 19:04:18.073,1789337058.0732815,-976,38,59
2026-09-13 19:04:18.093,1789337058.0932815,-967,37,64
2026-09-13 19:04:18.113,1789337058.1132815,-974,36,73
2026-09-13 19:04:18.133,1789337058.1332815,-978,37,74
2026-09-13 19:04:18.153,1789337058.1532815,-974,36,77
2026-09-13 19:04:18.173,1789337058.1732814,-971,34,72
2026-09-13 19:04:18.193,1789337058.1932814,-968,38,65
2026-09-13 19:04:18.213,1789337058.2132814,-966,42,75
2026-09-13 19:04:18.233,1789337058.2332814,-973,37,82
2026-09-13 19:04:18.253,1789337058.2532814,-978,34,83
2026-09-13 19:04:18.273,1789337058.2732816,-979,36,82
2026-09-13 19:04:18.293,1789337058.2932816,-974,40,87
2026-09-13 19:04:18.313,1789337058.3132815,-973,40,82
2026-09-13 19:04:18.333,1789337058.3332815,-971,41,81
2026-09-13 19:04:18.340,1789337058.340414,-969,39,88
2026-09-13 19:04:18.360,1789337058.360414,-983,42,67
2026-09-13 19:04:18.380,1789337058.380414,-970,36,73
2026-09-13 19:04:18.400,1789337058.400414,-968,36,102
2026-09-13 19:04:18.420,1789337058.420414,-970,41,117
2026-09-13 19:04:18.440,1789337058.440414,-983,39,70
2026-09-13 19:04:18.460,1789337058.460414,-960,35,67
2026-09-13 19:04:18.480,1789337058.4804142,-962,33,93
2026-09-13 19:04:18.500,1789337058.5004141,-976,44,101
2026-09-13 19:04:18.520,1789337058.520414,-976,42,112
2026-09-13 19:04:18.540,1789337058.540414,-978,39,102
2026-09-13 19:04:18.560,1789337058.560414,-974,35,91
2026-09-13 19:04:18.580,1789337058.580414,-966,37,91
2026-09-13 19:04:18.600,1789337058.600414,-969,36,92
2026-09-13 19:04:18.620,1789337058.620414,-971,36,94
2026-09-13 19:04:18.640,1789337058.640414,-971,36,105
2026-09-13 19:04:18.660,1789337058.660414,-976,39,98
2026-09-13 19:04:18.680,1789337058.680414,-971,38,89
2026-09-13 19:04:18.700,1789337058.700414,-963,37,104
2026-09-13 19:04:18.720,1789337058.7204142,-975,39,101
2026-09-13 19:04:18.740,1789337058.7404141,-969,38,108
2026-09-13 19:04:18.760,1789337058.7604141,-971,37,109
2026-09-13 19:04:18.780,1789337058.780414,-972,40,109
2026-09-13 19:04:18.800,1789337058.800414,-969,40,103
2026-09-13 19:04:18.820,1789337058.820414,-967,35,102
2026-09-13 19:04:18.840,1789337058.840414,-969,35,106
2026-09-13 19:04:18.860,1789337058.860414,-973,34,108
2026-09-13 19:04:18.880,1789337058.880414,-973,36,109
2026-09-13 19:04:18.900,1789337058.900414,-970,35,106
2026-09-13 19:04:18.920,1789337058.920414,-969,36,102
2026-09-13 19:04:18.940,1789337058.940414,-970,40,103
2026-09-13 19:04:18.960,1789337058.960414,-967,39,117
2026-09-13 19:04:18.980,1789337058.9804142,-982,43,95
2026-09-13 19:04:19.000,1789337059.0004141,-965,41,93
2026-09-13 19:04:19.020,1789337059.020414,-965,39,113
2026-09-13 19:04:19.040,1789337059.040414,-965,38,130
2026-09-13 19:04:19.047,1789337059.047516,-983,41,97
2026-09-13 19:04:19.067,1789337059.067516,-961,38,88
2026-09-13 19:04:19.087,1789337059.087516,-961,37,107
2026-09-13 19:04:19.107,1789337059.107516,-971,43,125
2026-09-13 19:04:19.127,1789337059.127516,-975,44,126
2026-09-13 19:04:19.147,1789337059.147516,-973,38,123
2026-09-13 19:04:19.167,1789337059.167516,-970,35,115
2026-09-13 19:04:19.187,1789337059.1875162,-967,36,115
2026-09-13 19:04:19.207,1789337059.2075162,-967,37,117
2026-09-13 19:04:19.227,1789337059.2275162,-967,38,122
2026-09-13 19:04:19.247,1789337059.2475162,-966,40,127
2026-09-13 19:04:19.267,1789337059.2675161,-974,48,126
2026-09-13 19:04:19.287,1789337059.287516,-967,51,119
2026-09-13 19:04:19.307,1789337059.307516,-962,50,127
2026-09-13 19:04:19.327,1789337059.327516,-967,51,126
2026-09-13 19:04:19.347,1789337059.347516,-970,53,128
2026-09-13 19:04:19.367,1789337059.367516,-971,48,132
2026-09-13 19:04:19.387,1789337059.387516,-970,50,127
2026-09-13 19:04:19.407,1789337059.407516,-967,52,128
2026-09-13 19:04:19.427,1789337059.4275162,-968,52,129
2026-09-13 19:04:19.447,1789337059.4475162,-968,49,126
2026-09-13 19:04:19.467,1789337059.4675162,-967,49,126
2026-09-13 19:04:19.487,1789337059.4875162,-967,50,130
2026-09-13 19:04:19.507,1789337059.5075161,-969,46,129
2026-09-13 19:04:19.527,1789337059.5275161,-966,48,128
2026-09-13 19:04:19.547,1789337059.547516,-968,44,129
2026-09-13 19:04:19.567,1789337059.567516,-968,45,131
2026-09-13 19:04:19.587,1789337059.587516,-966,46,134
2026-09-13 19:04:19.607,1789337059.607516,-975,48,122
2026-09-13 19:04:19.627,1789337059.627516,-955,46,121
2026-09-13 19:04:19.647,1789337059.647516,-964,45,140
2026-09-13 19:04:19.667,1789337059.667516,-969,49,144
2026-09-13 19:04:19.687,1789337059.6875162,-973,52,121
2026-09-13 19:04:19.707,1789337059.7075162,-954,47,122
2026-09-13 19:04:19.727,1789337059.7275162,-964,45,129
2026-09-13 19:04:19.747,1789337059.7475162,-967,50,134
2026-09-13 19:04:19.754,1789337059.7542825,-969,47,135
2026-09-13 19:04:19.774,1789337059.7742825,-968,44,135
2026-09-13 19:04:19.794,1789337059.7942824,-969,43,135
2026-09-13 19:04:19.814,1789337059.8142824,-970,45,135
2026-09-13 19:04:19.834,1789337059.8342824,-970,48,133
2026-09-13 19:04:19.854,1789337059.8542824,-966,47,129
2026-09-13 19:04:19.874,1789337059.8742824,-965,48,137
2026-09-13 19:04:19.894,1789337059.8942826,-968,48,126
2026-09-13 19:04:19.914,1789337059.9142826,-961,44,124
2026-09-13 19:04:19.934,1789337059.9342825,-964,44,134
2026-09-13 19:04:19.954,1789337059.9542825,-973,45,130
2026-09-13 19:04:19.974,1789337059.9742825,-969,41,129
2026-09-13 19:04:19.994,1789337059.9942825,-967,41,130
2026-09-13 19:04:20.014,1789337060.0142825,-969,42,131
2026-09-13 19:04:20.034,1789337060.0342824,-967,43,130
2026-09-13 19:04:20.054,1789337060.0542824,-969,43,133
2026-09-13 19:04:20.074,1789337060.0742824,-967,42,129
2026-09-13 19:04:20.094,1789337060.0942824,-965,41,128
2026-09-13 19:04:20.114,1789337060.1142824,-967,41,128
2026-09-13 19:04:20.134,1789337060.1342826,-967,43,129
2026-09-13 19:04:20.154,1789337060.1542826,-968,44,127
2026-09-13 19:04:20.174,1789337060.1742826,-967,45,127
2026-09-13 19:04:20.194,1789337060.1942825,-966,43,128
2026-09-13 19:04:20.214,1789337060.2142825,-966,43,135
2026-09-13 19:04:20.234,1789337060.2342825,-974,44,121
2026-09-13 19:04:20.254,1789337060.2542825,-960,43,119
2026-09-13 19:04:20.274,1789337060.2742825,-968,42,130
2026-09-13 19:04:20.294,1789337060.2942824,-968,44,142
2026-09-13 19:04:20.314,1789337060.3142824,-975,46,121
2026-09-13 19:04:20.334,1789337060.3342824,-957,42,117
2026-09-13 19:04:20.354,1789337060.3542824,-965,43,125
2026-09-13 19:04:20.374,1789337060.3742824,-966,47,133
2026-09-13 19:04:20.394,1789337060.3942826,-970,45,131
2026-09-13 19:04:20.414,1789337060.4142826,-967,44,128
2026-09-13 19:04:20.434,1789337060.4342825,-966,42,127
2026-09-13 19:04:20.454,1789337060.4542825,-966,42,127
2026-09-13 19:04:20.461,1789337060.4610488,-968,43,131
2026-09-13 19:04:20.481,1789337060.4810488,-969,39,126
2026-09-13 19:04:20.501,1789337060.5010488,-969,43,130
2026-09-13 19:04:20.521,1789337060.5210488,-970,45,122
2026-09-13 19:04:20.541,1789337060.5410488,-964,41,123
2026-09-13 19:04:20.561,1789337060.5610487,-965,42,126
2026-09-13 19:04:20.581,1789337060.5810487,-967,44,123
2026-09-13 19:04:20.601,1789337060.601049,-969,43,127
2026-09-13 19:04:20.621,1789337060.621049,-969,42,127
2026-09-13 19:04:20.641,1789337060.641049,-969,41,126
2026-09-13 19:04:20.661,1789337060.661049,-969,40,125
2026-09-13 19:04:20.681,1789337060.6810489,-969,42,126
2026-09-13 19:04:20.701,1789337060.7010489,-968,45,129
2026-09-13 19:04:20.721,1789337060.7210488,-967,47,132
2026-09-13 19:04:20.741,1789337060.7410488,-971,49,128
2026-09-13 19:04:20.761,1789337060.7610488,-969,43,128
2026-09-13 19:04:20.781,1789337060.7810488,-970,44,133
2026-09-13 19:04:20.801,1789337060.8010488,-972,47,133
2026-09-13 19:04:20.821,1789337060.8210487,-968,43,131
2026-09-13 19:04:20.841,1789337060.841049,-961,45,138
2026-09-13 19:04:20.861,1789337060.861049,-974,47,125
2026-09-13 19:04:20.881,1789337060.881049,-959,45,119
2026-09-13 19:04:20.901,1789337060.901049,-967,41,135
2026-09-13 19:04:20.921,1789337060.9210489,-970,43,149
2026-09-13 19:04:20.941,1789337060.9410489,-984,48,111
2026-09-13 19:04:20.961,1789337060.9610488,-952,44,110
2026-09-13 19:04:20.981,1789337060.9810488,-953,38,133
2026-09-13 19:04:21.001,1789337061.0010488,-978,45,133
2026-09-13 19:04:21.021,1789337061.0210488,-972,42,128
2026-09-13 19:04:21.041,1789337061.0410488,-970,43,122
2026-09-13 19:04:21.061,1789337061.0610487,-966,43,123
2026-09-13 19:04:21.081,1789337061.0810487,-969,43,115
2026-09-13 19:04:21.101,1789337061.101049,-967,43,122
2026-09-13 19:04:21.121,1789337061.121049,-973,42,123
2026-09-13 19:04:21.141,1789337061.141049,-972,41,120
2026-09-13 19:04:21.161,1789337061.161049,-971,44,101
2026-09-13 19:04:21.167,1789337061.1678154,-963,40,101
2026-09-13 19:04:21.187,1789337061.1878154,-969,38,102
2026-09-13 19:04:21.207,1789337061.2078154,-971,42,101
2026-09-13 19:04:21.227,1789337061.2278154,-971,43,97
2026-09-13 19:04:21.247,1789337061.2478154,-974,42,100
2026-09-13 19:04:21.267,1789337061.2678154,-972,41,98
2026-09-13 19:04:21.287,1789337061.2878153,-970,41,92
2026-09-13 19:04:21.307,1789337061.3078156,-969,44,89
2026-09-13 19:04:21.327,1789337061.3278155,-971,45,87
2026-09-13 19:04:21.347,1789337061.3478155,-969,40,84
2026-09-13 19:04:21.367,1789337061.3678155,-971,40,85
2026-09-13 19:04:21.387,1789337061.3878155,-970,41,81
2026-09-13 19:04:21.407,1789337061.4078155,-973,44,81
2026-09-13 19:04:21.427,1789337061.4278154,-974,45,86
2026-09-13 19:04:21.447,1789337061.4478154,-972,45,90
2026-09-13 19:04:21.467,1789337061.4678154,-976,47,79
2026-09-13 19:04:21.487,1789337061.4878154,-975,43,65
2026-09-13 19:04:21.507,1789337061.5078154,-971,42,66
2026-09-13 19:04:21.527,1789337061.5278153,-946,44,105
2026-09-13 19:04:21.547,1789337061.5478156,-982,50,92
2026-09-13 19:04:21.567,1789337061.5678155,-988,45,59
2026-09-13 19:04:21.587,1789337061.5878155,-971,39,84
2026-09-13 19:04:21.607,1789337061.6078155,-984,44,95
2026-09-13 19:04:21.627,1789337061.6278155,-976,47,73
2026-09-13 19:04:21.647,1789337061.6478155,-957,47,71
2026-09-13 19:04:21.667,1789337061.6678154,-967,42,76
2026-09-13 19:04:21.687,1789337061.6878154,-972,41,78
2026-09-13 19:04:21.707,1789337061.7078154,-971,44,78
2026-09-13 19:04:21.727,1789337061.7278154,-970,44,81
2026-09-13 19:04:21.747,1789337061.7478154,-972,42,87
2026-09-13 19:04:21.767,1789337061.7678154,-972,46,89
2026-09-13 19:04:21.787,1789337061.7878153,-971,45,70
2026-09-13 19:04:21.807,1789337061.8078156,-970,44,83
2026-09-13 19:04:21.827,1789337061.8278155,-978,45,98
2026-09-13 19:04:21.847,1789337061.8478155,-979,52,87
2026-09-13 19:04:21.867,1789337061.8678155,-968,49,82
2026-09-13 19:04:21.874,1789337061.874612,-962,45,84
2026-09-13 19:04:21.894,1789337061.894612,-963,43,82
2026-09-13 19:04:21.914,1789337061.914612,-967,46,79
2026-09-13 19:04:21.934,1789337061.934612,-971,44,81
2026-09-13 19:04:21.954,1789337061.954612,-970,45,84
2026-09-13 19:04:21.974,1789337061.974612,-972,46,80
2026-09-13 19:04:21.994,1789337061.994612,-972,48,78
2026-09-13 19:04:22.014,1789337062.0146122,-974,50,76
2026-09-13 19:04:22.034,1789337062.0346122,-970,55,80
2026-09-13 19:04:22.054,1789337062.0546122,-967,55,88
2026-09-13 19:04:22.074,1789337062.0746121,-980,52,75
2026-09-13 19:04:22.094,1789337062.0946121,-974,49,68
2026-09-13 19:04:22.114,1789337062.114612,-962,50,89
2026-09-13 19:04:22.134,1789337062.134612,-969,54,114
2026-09-13 19:04:22.154,1789337062.154612,-981,55,62
2026-09-13 19:04:22.174,1789337062.174612,-961,54,67
2026-09-13 19:04:22.194,1789337062.194612,-973,55,94
2026-09-13 19:04:22.214,1789337062.214612,-975,54,85
2026-09-13 19:04:22.234,1789337062.234612,-967,52,82
2026-09-13 19:04:22.254,1789337062.2546122,-972,51,79
2026-09-13 19:04:22.274,1789337062.2746122,-970,53,81
2026-09-13 19:04:22.294,1789337062.2946122,-969,55,86
2026-09-13 19:04:22.314,1789337062.3146122,-970,50,82
2026-09-13 19:04:22.334,1789337062.3346121,-971,50,87
2026-09-13 19:04:22.354,1789337062.354612,-974,52,89
2026-09-13 19:04:22.374,1789337062.374612,-974,57,76
2026-09-13 19:04:22.394,1789337062.394612,-968,53,70
2026-09-13 19:04:22.414,1789337062.414612,-968,51,91
2026-09-13 19:04:22.434,1789337062.434612,-978,53,84
2026-09-13 19:04:22.454,1789337062.454612,-974,52,82
2026-09-13 19:04:22.474,1789337062.474612,-963,52,78
2026-09-13 19:04:22.494,1789337062.494612,-969,53,74
2026-09-13 19:04:22.514,1789337062.5146122,-973,54,79
2026-09-13 19:04:22.534,1789337062.5346122,-972,52,78
2026-09-13 19:04:22.554,1789337062.5546122,-972,52,77
2026-09-13 19:04:22.574,1789337062.5746121,-971,54,74
2026-09-13 19:04:22.581,1789337062.5817142,-969,52,77
2026-09-13 19:04:22.601,1789337062.6017141,-973,51,74
2026-09-13 19:04:22.621,1789337062.621714,-972,51,78
2026-09-13 19:04:22.641,1789337062.641714,-976,54,72
2026-09-13 19:04:22.661,1789337062.661714,-973,53,65
2026-09-13 19:04:22.681,1789337062.681714,-968,48,63
2026-09-13 19:04:22.701,1789337062.701714,-964,50,99
2026-09-13 19:04:22.721,1789337062.7217143,-982,52,85
2026-09-13 19:04:22.741,1789337062.7417142,-964,50,42
2026-09-13 19:04:22.761,1789337062.7617142,-957,52,78
2026-09-13 19:04:22.781,1789337062.7817142,-987,56,78
2026-09-13 19:04:22.801,1789337062.8017142,-975,56,77
2026-09-13 19:04:22.821,1789337062.8217142,-969,45,72
2026-09-13 19:04:22.841,1789337062.8417141,-965,45,68
2026-09-13 19:04:22.861,1789337062.8617141,-967,45,68
2026-09-13 19:04:22.881,1789337062.881714,-970,50,66
2026-09-13 19:04:22.901,1789337062.901714,-971,52,69
2026-09-13 19:04:22.921,1789337062.921714,-969,52,77
2026-09-13 19:04:22.941,1789337062.941714,-972,49,78
2026-09-13 19:04:22.961,1789337062.9617143,-971,46,59
2026-09-13 19:04:22.981,1789337062.9817142,-959,49,63
2026-09-13 19:04:23.001,1789337063.0017142,-972,51,69
2026-09-13 19:04:23.021,1789337063.0217142,-973,53,66
2026-09-13 19:04:23.041,1789337063.0417142,-971,49,73
2026-09-13 19:04:23.061,1789337063.0617142,-975,51,65
2026-09-13 19:04:23.081,1789337063.0817142,-973,55,64
2026-09-13 19:04:23.101,1789337063.1017141,-971,53,65
2026-09-13 19:04:23.121,1789337063.121714,-974,46,62
2026-09-13 19:04:23.141,1789337063.141714,-973,47,64
2026-09-13 19:04:23.161,1789337063.161714,-971,46,60
2026-09-13 19:04:23.181,1789337063.181714,-969,47,65
2026-09-13 19:04:23.201,1789337063.201714,-973,50,67
2026-09-13 19:04:23.221,1789337063.2217143,-973,51,70
2026-09-13 19:04:23.241,1789337063.2417142,-977,53,53
2026-09-13 19:04:23.261,1789337063.2617142,-973,48,44
2026-09-13 19:04:23.281,1789337063.2817142,-967,46,69
2026-09-13 19:04:23.288,1789337063.2888467,-975,51,101
2026-09-13 19:04:23.308,1789337063.3088467,-991,49,40
2026-09-13 19:04:23.328,1789337063.3288467,-955,47,34
2026-09-13 19:04:23.348,1789337063.3488467,-965,47,72
2026-09-13 19:04:23.368,1789337063.3688467,-986,51,77
2026-09-13 19:04:23.388,1789337063.3888466,-977,48,75
2026-09-13 19:04:23.408,1789337063.4088466,-974,43,68
2026-09-13 19:04:23.428,1789337063.4288468,-969,44,61
2026-09-13 19:04:23.448,1789337063.4488468,-970,45,61
2026-09-13 19:04:23.468,1789337063.4688468,-970,46,66
2026-09-13 19:04:23.488,1789337063.4888468,-973,46,72
2026-09-13 19:04:23.508,1789337063.5088468,-976,46,76
2026-09-13 19:04:23.528,1789337063.5288467,-978,51,64
2026-09-13 19:04:23.548,1789337063.5488467,-972,48,56
2026-09-13 19:04:23.568,1789337063.5688467,-972,42,69
2026-09-13 19:04:23.588,1789337063.5888467,-981,48,64
2026-09-13 19:04:23.608,1789337063.6088467,-971,49,68
2026-09-13 19:04:23.628,1789337063.6288466,-972,49,71
2026-09-13 19:04:23.648,1789337063.6488466,-973,47,69
2026-09-13 19:04:23.668,1789337063.6688468,-971,47,69
2026-09-13 19:04:23.688,1789337063.6888468,-974,42,65
2026-09-13 19:04:23.708,1789337063.7088468,-974,42,63
2026-09-13 19:04:23.728,1789337063.7288468,-972,44,63
2026-09-13 19:04:23.748,1789337063.7488468,-974,42,64
2026-09-13 19:04:23.768,1789337063.7688468,-974,44,63
2026-09-13 19:04:23.788,1789337063.7888467,-971,44,74
2026-09-13 19:04:23.808,1789337063.8088467,-982,47,54
2026-09-13 19:04:23.828,1789337063.8288467,-973,42,53
2026-09-13 19:04:23.848,1789337063.8488467,-969,44,67
2026-09-13 19:04:23.868,1789337063.8688467,-972,44,98
2026-09-13 19:04:23.888,1789337063.8888466,-989,47,53
2026-09-13 19:04:23.908,1789337063.9088466,-964,42,40
2026-09-13 19:04:23.928,1789337063.9288468,-957,40,71
2026-09-13 19:04:23.948,1789337063.9488468,-978,49,78
2026-09-13 19:04:23.968,1789337063.9688468,-978,49,84
2026-09-13 19:04:23.988,1789337063.9888468,-980,43,78
2026-09-13 19:04:23.995,1789337063.9957962,-975,44,71
2026-09-13 19:04:24.015,1789337064.0157962,-972,45,70
2026-09-13 19:04:24.035,1789337064.0357962,-971,41,70
2026-09-13 19:04:24.055,1789337064.0557961,-971,40,74
2026-09-13 19:04:24.075,1789337064.0757961,-975,43,81
2026-09-13 19:04:24.095,1789337064.095796,-976,45,73
2026-09-13 19:04:24.115,1789337064.115796,-970,44,65
2026-09-13 19:04:24.135,1789337064.1357963,-969,42,79
2026-09-13 19:04:24.155,1789337064.1557963,-977,46,71
2026-09-13 19:04:24.175,1789337064.1757963,-971,45,79
2026-09-13 19:04:24.195,1789337064.1957963,-973,44,81
2026-09-13 19:04:24.215,1789337064.2157962,-975,45,80
2026-09-13 19:04:24.235,1789337064.2357962,-971,48,71
2026-09-13 19:04:24.255,1789337064.2557962,-967,49,71
2026-09-13 19:04:24.275,1789337064.2757962,-969,41,78
2026-09-13 19:04:24.295,1789337064.2957962,-975,40,81
2026-09-13 19:04:24.315,1789337064.3157961,-973,42,82
2026-09-13 19:04:24.335,1789337064.335796,-973,44,81
2026-09-13 19:04:24.355,1789337064.355796,-972,46,85
2026-09-13 19:04:24.375,1789337064.3757963,-974,47,90
2026-09-13 19:04:24.395,1789337064.3957963,-980,50,64
2026-09-13 19:04:24.415,1789337064.4157963,-958,46,81
2026-09-13 19:04:24.435,1789337064.4357963,-968,41,105
2026-09-13 19:04:24.455,1789337064.4557962,-980,47,109
2026-09-13 19:04:24.475,1789337064.4757962,-981,44,71
2026-09-13 19:04:24.495,1789337064.4957962,-959,41,78
2026-09-13 19:04:24.515,1789337064.5157962,-968,44,96
2026-09-13 19:04:24.535,1789337064.5357962,-972,47,100
2026-09-13 19:04:24.555,1789337064.5557961,-974,48,100
2026-09-13 19:04:24.575,1789337064.5757961,-975,45,100
2026-09-13 19:04:24.595,1789337064.595796,-972,44,95
2026-09-13 19:04:24.615,1789337064.615796,-970,43,100
2026-09-13 19:04:24.635,1789337064.6357963,-974,44,103
2026-09-13 19:04:24.655,1789337064.6557963,-971,46,106
2026-09-13 19:04:24.675,1789337064.6757963,-971,51,110
2026-09-13 19:04:24.695,1789337064.6957963,-974,45,95
2026-09-13 19:04:24.702,1789337064.7029288,-963,42,106
2026-09-13 19:04:24.722,1789337064.7229288,-969,38,105
2026-09-13 19:04:24.742,1789337064.7429287,-973,41,107
2026-09-13 19:04:24.762,1789337064.7629287,-972,38,109
2026-09-13 19:04:24.782,1789337064.7829287,-973,38,110
2026-09-13 19:04:24.802,1789337064.8029287,-969,40,105
2026-09-13 19:04:24.822,1789337064.8229287,-968,41,103
2026-09-13 19:04:24.842,1789337064.842929,-968,38,108
2026-09-13 19:04:24.862,1789337064.8629289,-971,36,113
2026-09-13 19:04:24.882,1789337064.8829288,-969,38,111
2026-09-13 19:04:24.902,1789337064.9029288,-967,40,111
2026-09-13 19:04:24.922,1789337064.9229288,-968,40,110
2026-09-13 19:04:24.942,1789337064.9429288,-970,39,110
2026-09-13 19:04:24.962,1789337064.9629288,-961,40,123
2026-09-13 19:04:24.982,1789337064.9829288,-977,40,104
2026-09-13 19:04:25.002,1789337065.0029287,-964,40,96
2026-09-13 19:04:25.022,1789337065.0229287,-957,43,130
2026-09-13 19:04:25.042,1789337065.0429287,-965,44,140
2026-09-13 19:04:25.062,1789337065.0629287,-984,49,108
2026-09-13 19:04:25.082,1789337065.082929,-961,41,94
2026-09-13 19:04:25.102,1789337065.1029289,-959,40,113
2026-09-13 19:04:25.122,1789337065.1229289,-971,47,127
2026-09-13 19:04:25.142,1789337065.1429288,-971,49,127
2026-09-13 19:04:25.162,1789337065.1629288,-969,44,128
2026-09-13 19:04:25.182,1789337065.1829288,-972,44,123
2026-09-13 19:04:25.202,1789337065.2029288,-967,49,123
2026-09-13 19:04:25.222,1789337065.2229288,-964,51,123
2026-09-13 19:04:25.242,1789337065.2429287,-966,52,129
2026-09-13 19:04:25.262,1789337065.2629287,-969,55,135
2026-09-13 19:04:25.282,1789337065.2829287,-976,60,128
2026-09-13 19:04:25.302,1789337065.3029287,-963,58,120
2026-09-13 19:04:25.322,1789337065.3229287,-962,55,127
2026-09-13 19:04:25.342,1789337065.342929,-971,59,124
2026-09-13 19:04:25.362,1789337065.3629289,-967,59,128
2026-09-13 19:04:25.382,1789337065.3829288,-967,57,131
2026-09-13 19:04:25.402,1789337065.4029288,-970,57,128
2026-09-13 19:04:25.410,1789337065.4100919,-968,56,126
2026-09-13 19:04:25.430,1789337065.4300919,-968,54,122
2026-09-13 19:04:25.450,1789337065.4500918,-968,54,122
2026-09-13 19:04:25.470,1789337065.4700918,-966,56,120
2026-09-13 19:04:25.490,1789337065.4900918,-967,52,127
2026-09-13 19:04:25.510,1789337065.5100918,-970,53,127
2026-09-13 19:04:25.530,1789337065.5300918,-968,56,122
2026-09-13 19:04:25.550,1789337065.550092,-967,56,124
2026-09-13 19:04:25.570,1789337065.570092,-968,57,120
2026-09-13 19:04:25.590,1789337065.590092,-961,55,131
2026-09-13 19:04:25.610,1789337065.610092,-977,55,114
2026-09-13 19:04:25.630,1789337065.630092,-959,53,113
2026-09-13 19:04:25.650,1789337065.650092,-967,51,131
2026-09-13 19:04:25.670,1789337065.6700919,-968,52,138
2026-09-13 19:04:25.690,1789337065.6900918,-973,55,119
2026-09-13 19:04:25.710,1789337065.7100918,-961,56,111
2026-09-13 19:04:25.730,1789337065.7300918,-966,57,125
2026-09-13 19:04:25.750,1789337065.7500918,-972,62,130
2026-09-13 19:04:25.770,1789337065.7700918,-972,58,131
2026-09-13 19:04:25.790,1789337065.790092,-968,54,124
2026-09-13 19:04:25.810,1789337065.810092,-964,53,123
2026-09-13 19:04:25.830,1789337065.830092,-966,51,122
2026-09-13 19:04:25.850,1789337065.850092,-966,50,128
2026-09-13 19:04:25.870,1789337065.870092,-969,47,128
2026-09-13 19:04:25.890,1789337065.890092,-968,50,134
2026-09-13 19:04:25.910,1789337065.9100919,-969,51,128
2026-09-13 19:04:25.930,1789337065.9300919,-968,52,131
2026-09-13 19:04:25.950,1789337065.9500918,-969,53,135
2026-09-13 19:04:25.970,1789337065.9700918,-967,55,132
2026-09-13 19:04:25.990,1789337065.9900918,-964,57,132
2026-09-13 19:04:26.010,1789337066.0100918,-967,54,133
2026-09-13 19:04:26.030,1789337066.0300918,-963,52,131
2026-09-13 19:04:26.050,1789337066.050092,-965,50,135
2026-09-13 19:04:26.070,1789337066.070092,-968,49,133
2026-09-13 19:04:26.090,1789337066.090092,-965,47,134
2026-09-13 19:04:26.110,1789337066.110092,-967,48,137
2026-09-13 19:04:26.117,1789337066.117194,-969,50,136
2026-09-13 19:04:26.137,1789337066.137194,-964,51,133
2026-09-13 19:04:26.157,1789337066.157194,-966,50,135
2026-09-13 19:04:26.177,1789337066.1771939,-967,52,134
2026-09-13 19:04:26.197,1789337066.1971939,-964,53,132
2026-09-13 19:04:26.217,1789337066.2171938,-962,49,141
2026-09-13 19:04:26.237,1789337066.2371938,-975,51,135
2026-09-13 19:04:26.257,1789337066.257194,-959,49,125
2026-09-13 19:04:26.277,1789337066.277194,-964,45,133
2026-09-13 19:04:26.297,1789337066.297194,-963,48,145
2026-09-13 19:04:26.317,1789337066.317194,-973,53,134
2026-09-13 19:04:26.337,1789337066.337194,-962,50,131
2026-09-13 19:04:26.357,1789337066.357194,-966,46,139
2026-09-13 19:04:26.377,1789337066.377194,-968,51,140
2026-09-13 19:04:26.397,1789337066.397194,-963,52,135
2026-09-13 19:04:26.417,1789337066.417194,-962,50,140
2026-09-13 19:04:26.437,1789337066.4371939,-966,49,136
2026-09-13 19:04:26.457,1789337066.4571939,-963,50,134
2026-09-13 19:04:26.477,1789337066.4771938,-963,50,138
2026-09-13 19:04:26.497,1789337066.497194,-967,49,140
2026-09-13 19:04:26.517,1789337066.517194,-969,47,143
2026-09-13 19:04:26.537,1789337066.537194,-969,47,137
2026-09-13 19:04:26.557,1789337066.557194,-964,46,138
2026-09-13 19:04:26.577,1789337066.577194,-967,47,139
2026-09-13 19:04:26.597,1789337066.597194,-963,52,140
2026-09-13 19:04:26.617,1789337066.617194,-964,50,141
2026-09-13 19:04:26.637,1789337066.637194,-968,47,141
2026-09-13 19:04:26.657,1789337066.657194,-966,47,138
2026-09-13 19:04:26.677,1789337066.6771939,-965,47,139
2026-09-13 19:04:26.697,1789337066.6971939,-966,50,140
2026-09-13 19:04:26.717,1789337066.7171938,-965,46,143
2026-09-13 19:04:26.737,1789337066.7371938,-966,47,141
2026-09-13 19:04:26.757,1789337066.757194,-965,44,140
2026-09-13 19:04:26.777,1789337066.777194,-964,47,139
2026-09-13 19:04:26.797,1789337066.797194,-966,47,141
2026-09-13 19:04:26.817,1789337066.817194,-967,46,141
2026-09-13 19:04:26.824,1789337066.8242044,-966,46,140
2026-09-13 19:04:26.844,1789337066.8442044,-961,41,144
2026-09-13 19:04:26.864,1789337066.8642044,-972,43,138
2026-09-13 19:04:26.884,1789337066.8842044,-973,45,130
2026-09-13 19:04:26.904,1789337066.9042044,-971,46,136
2026-09-13 19:04:26.924,1789337066.9242043,-962,50,161
2026-09-13 19:04:26.944,1789337066.9442043,-988,50,135
2026-09-13 19:04:26.964,1789337066.9642045,-973,43,119
2026-09-13 19:04:26.984,1789337066.9842045,-966,38,131
2026-09-13 19:04:27.004,1789337067.0042045,-975,45,133
2026-09-13 19:04:27.024,1789337067.0242045,-972,45,129
2026-09-13 19:04:27.044,1789337067.0442045,-971,41,114
2026-09-13 19:04:27.064,1789337067.0642045,-965,39,109
2026-09-13 19:04:27.084,1789337067.0842044,-966,39,117
2026-09-13 19:04:27.104,1789337067.1042044,-974,37,112
2026-09-13 19:04:27.124,1789337067.1242044,-973,36,113
2026-09-13 19:04:27.144,1789337067.1442044,-969,38,108
2026-09-13 19:04:27.164,1789337067.1642044,-968,40,94
2026-09-13 19:04:27.184,1789337067.1842043,-968,34,95
2026-09-13 19:04:27.204,1789337067.2042046,-971,31,99
2026-09-13 19:04:27.224,1789337067.2242045,-971,40,99
2026-09-13 19:04:27.244,1789337067.2442045,-972,44,96
2026-09-13 19:04:27.264,1789337067.2642045,-971,39,95
2026-09-13 19:04:27.284,1789337067.2842045,-967,39,93
2026-09-13 19:04:27.304,1789337067.3042045,-965,39,97
2026-09-13 19:04:27.324,1789337067.3242044,-971,38,96
2026-09-13 19:04:27.344,1789337067.3442044,-970,35,92
2026-09-13 19:04:27.364,1789337067.3642044,-971,34,93
2026-09-13 19:04:27.384,1789337067.3842044,-974,36,96
2026-09-13 19:04:27.404,1789337067.4042044,-971,38,90
2026-09-13 19:04:27.424,1789337067.4242043,-968,40,84
2026-09-13 19:04:27.444,1789337067.4442043,-967,39,84
2026-09-13 19:04:27.464,1789337067.4642045,-969,36,86
2026-09-13 19:04:27.484,1789337067.4842045,-973,34,94
2026-09-13 19:04:27.504,1789337067.5042045,-977,34,79
2026-09-13 19:04:27.524,1789337067.5242045,-976,32,73
2026-09-13 19:04:27.531,1789337067.531215,-958,36,91
2026-09-13 19:04:27.551,1789337067.551215,-966,37,111
2026-09-13 19:04:27.571,1789337067.571215,-982,36,62
2026-09-13 19:04:27.591,1789337067.591215,-962,31,74
2026-09-13 19:04:27.611,1789337067.6112149,-975,31,96
2026-09-13 19:04:27.631,1789337067.6312149,-976,35,86
2026-09-13 19:04:27.651,1789337067.6512148,-968,34,83
2026-09-13 19:04:27.671,1789337067.671215,-969,32,81
2026-09-13 19:04:27.691,1789337067.691215,-969,33,81
2026-09-13 19:04:27.711,1789337067.711215,-972,33,85
2026-09-13 19:04:27.731,1789337067.731215,-972,31,83
2026-09-13 19:04:27.751,1789337067.751215,-972,32,85
2026-09-13 19:04:27.771,1789337067.771215,-973,35,90
2026-09-13 19:04:27.791,1789337067.791215,-974,33,79
2026-09-13 19:04:27.811,1789337067.811215,-971,30,71
2026-09-13 19:04:27.831,1789337067.831215,-968,29,83
2026-09-13 19:04:27.851,1789337067.851215,-973,32,80
2026-09-13 19:04:27.871,1789337067.8712149,-972,35,87
2026-09-13 19:04:27.891,1789337067.8912148,-976,31,89
2026-09-13 19:04:27.911,1789337067.911215,-975,33,84
2026-09-13 19:04:27.931,1789337067.931215,-972,33,82
2026-09-13 19:04:27.951,1789337067.951215,-974,29,81
2026-09-13 19:04:27.971,1789337067.971215,-972,28,83
2026-09-13 19:04:27.991,1789337067.991215,-968,30,79
2026-09-13 19:04:28.011,1789337068.011215,-968,32,80
2026-09-13 19:04:28.031,1789337068.031215,-971,31,78
2026-09-13 19:04:28.051,1789337068.051215,-971,34,82
2026-09-13 19:04:28.071,1789337068.071215,-972,36,94
2026-09-13 19:04:28.091,1789337068.091215,-977,38,78
2026-09-13 19:04:28.111,1789337068.1112149,-974,35,68
2026-09-13 19:04:28.131,1789337068.1312149,-966,34,85
2026-09-13 19:04:28.151,1789337068.1512148,-965,33,117
2026-09-13 19:04:28.171,1789337068.171215,-977,35,65
2026-09-13 19:04:28.191,1789337068.191215,-963,34,71
2026-09-13 19:04:28.211,1789337068.211215,-977,34,96
2026-09-13 19:04:28.231,1789337068.231215,-980,37,90
2026-09-13 19:04:28.238,1789337068.2382865,-968,38,82
2026-09-13 19:04:28.258,1789337068.2582865,-967,36,82
2026-09-13 19:04:28.278,1789337068.2782865,-970,34,81
2026-09-13 19:04:28.298,1789337068.2982864,-969,35,82
2026-09-13 19:04:28.318,1789337068.3182864,-971,35,82
2026-09-13 19:04:28.338,1789337068.3382864,-974,36,84
2026-09-13 19:04:28.358,1789337068.3582864,-974,33,86
2026-09-13 19:04:28.378,1789337068.3782866,-974,36,80
2026-09-13 19:04:28.398,1789337068.3982866,-972,36,70
2026-09-13 19:04:28.418,1789337068.4182866,-971,33,96
2026-09-13 19:04:28.438,1789337068.4382865,-977,38,87
2026-09-13 19:04:28.458,1789337068.4582865,-975,39,91
2026-09-13 19:04:28.478,1789337068.4782865,-969,34,89
2026-09-13 19:04:28.498,1789337068.4982865,-967,36,82
2026-09-13 19:04:28.518,1789337068.5182865,-971,40,84
2026-09-13 19:04:28.538,1789337068.5382864,-972,34,82
2026-09-13 19:04:28.558,1789337068.5582864,-966,34,83
2026-09-13 19:04:28.578,1789337068.5782864,-970,37,83
2026-09-13 19:04:28.598,1789337068.5982864,-969,39,82
2026-09-13 19:04:28.618,1789337068.6182866,-971,41,81
2026-09-13 19:04:28.638,1789337068.6382866,-972,37,93
2026-09-13 19:04:28.658,1789337068.6582866,-975,39,85
2026-09-13 19:04:28.678,1789337068.6782866,-973,42,79
2026-09-13 19:04:28.698,1789337068.6982865,-969,40,79
2026-09-13 19:04:28.718,1789337068.7182865,-964,37,126
2026-09-13 19:04:28.738,1789337068.7382865,-983,35,77
2026-09-13 19:04:28.758,1789337068.7582865,-946,38,49
2026-09-13 19:04:28.778,1789337068.7782865,-959,35,91
2026-09-13 19:04:28.798,1789337068.7982864,-992,43,93
2026-09-13 19:04:28.818,1789337068.8182864,-972,40,90
2026-09-13 19:04:28.838,1789337068.8382864,-965,40,78
2026-09-13 19:04:28.858,1789337068.8582864,-963,42,79
2026-09-13 19:04:28.878,1789337068.8782866,-967,41,82
2026-09-13 19:04:28.898,1789337068.8982866,-969,40,80
2026-09-13 19:04:28.918,1789337068.9182866,-964,42,84
2026-09-13 19:04:28.938,1789337068.9382865,-973,40,89
2026-09-13 19:04:28.945,1789337068.9450529,-972,36,84
2026-09-13 19:04:28.965,1789337068.9650528,-968,39,68
2026-09-13 19:04:28.985,1789337068.9850528,-963,38,83
2026-09-13 19:04:29.005,1789337069.0050528,-977,38,79
2026-09-13 19:04:29.025,1789337069.0250528,-969,40,83
2026-09-13 19:04:29.045,1789337069.0450528,-966,41,88
2026-09-13 19:04:29.065,1789337069.0650527,-968,42,77
2026-09-13 19:04:29.085,1789337069.085053,-964,43,75
2026-09-13 19:04:29.105,1789337069.105053,-969,42,74
2026-09-13 19:04:29.125,1789337069.125053,-974,40,77
2026-09-13 19:04:29.145,1789337069.145053,-977,46,78
2026-09-13 19:04:29.165,1789337069.165053,-974,41,73
2026-09-13 19:04:29.185,1789337069.1850529,-968,40,77
2026-09-13 19:04:29.205,1789337069.2050529,-968,40,90
2026-09-13 19:04:29.225,1789337069.2250528,-976,37,80
2026-09-13 19:04:29.245,1789337069.2450528,-979,37,68
2026-09-13 19:04:29.265,1789337069.2650528,-970,37,68
2026-09-13 19:04:29.285,1789337069.2850528,-963,36,125
2026-09-13 19:04:29.305,1789337069.3050528,-993,41,88
2026-09-13 19:04:29.325,1789337069.325053,-964,38,41
2026-09-13 19:04:29.345,1789337069.345053,-945,40,77
2026-09-13 19:04:29.365,1789337069.365053,-983,43,90
2026-09-13 19:04:29.385,1789337069.385053,-976,44,89
2026-09-13 19:04:29.405,1789337069.405053,-971,34,85
2026-09-13 19:04:29.425,1789337069.425053,-969,34,74
2026-09-13 19:04:29.445,1789337069.4450529,-968,37,71
2026-09-13 19:04:29.465,1789337069.4650528,-967,39,70
2026-09-13 19:04:29.485,1789337069.4850528,-971,38,79
2026-09-13 19:04:29.505,1789337069.5050528,-973,39,88
2026-09-13 19:04:29.525,1789337069.5250528,-983,41,86
2026-09-13 19:04:29.545,1789337069.5450528,-974,41,60
2026-09-13 19:04:29.565,1789337069.5650527,-961,41,74
2026-09-13 19:04:29.585,1789337069.585053,-976,40,79
2026-09-13 19:04:29.605,1789337069.605053,-977,42,84
2026-09-13 19:04:29.625,1789337069.625053,-974,41,81
2026-09-13 19:04:29.645,1789337069.645053,-972,40,77
2026-09-13 19:04:29.651,1789337069.6510868,-970,40,79
2026-09-13 19:04:29.671,1789337069.6710868,-972,37,77
2026-09-13 19:04:29.691,1789337069.6910868,-972,41,75
2026-09-13 19:04:29.711,1789337069.7110868,-972,42,77
2026-09-13 19:04:29.731,1789337069.7310867,-973,42,77
2026-09-13 19:04:29.751,1789337069.7510867,-974,41,75
2026-09-13 19:04:29.771,1789337069.7710867,-971,42,91
2026-09-13 19:04:29.791,1789337069.791087,-981,47,72
2026-09-13 19:04:29.811,1789337069.811087,-975,45,65
2026-09-13 19:04:29.831,1789337069.8310869,-965,42,76
2026-09-13 19:04:29.851,1789337069.8510869,-966,41,122
2026-09-13 19:04:29.871,1789337069.8710868,-990,46,78
2026-09-13 19:04:29.891,1789337069.8910868,-966,39,49
2026-09-13 19:04:29.911,1789337069.9110868,-954,39,78
2026-09-13 19:04:29.931,1789337069.9310868,-973,45,92
2026-09-13 19:04:29.951,1789337069.9510868,-974,46,100
2026-09-13 19:04:29.971,1789337069.9710867,-978,40,90
2026-09-13 19:04:29.991,1789337069.9910867,-973,38,84
2026-09-13 19:04:30.011,1789337070.0110867,-969,42,82
2026-09-13 19:04:30.031,1789337070.031087,-969,40,82
2026-09-13 19:04:30.051,1789337070.051087,-968,39,85
2026-09-13 19:04:30.071,1789337070.071087,-970,41,95
2026-09-13 19:04:30.091,1789337070.0910869,-976,44,95
2026-09-13 19:04:30.111,1789337070.1110868,-974,39,85
2026-09-13 19:04:30.131,1789337070.1310868,-966,37,94
2026-09-13 19:04:30.151,1789337070.1510868,-972,40,90
2026-09-13 19:04:30.171,1789337070.1710868,-967,44,94
2026-09-13 19:04:30.191,1789337070.1910868,-970,42,98
2026-09-13 19:04:30.211,1789337070.2110868,-973,43,100
2026-09-13 19:04:30.231,1789337070.2310867,-972,48,101
2026-09-13 19:04:30.251,1789337070.2510867,-974,46,102
2026-09-13 19:04:30.271,1789337070.2710867,-972,40,92
2026-09-13 19:04:30.291,1789337070.291087,-967,41,90
2026-09-13 19:04:30.311,1789337070.311087,-969,39,88
2026-09-13 19:04:30.331,1789337070.3310869,-969,39,88
2026-09-13 19:04:30.351,1789337070.3510869,-966,40,106
2026-09-13 19:04:30.357,1789337070.3572733,-983,40,96
2026-09-13 19:04:30.377,1789337070.3772733,-975,40,78
2026-09-13 19:04:30.397,1789337070.3972733,-961,38,106
2026-09-13 19:04:30.417,1789337070.4172733,-967,36,127
2026-09-13 19:04:30.437,1789337070.4372733,-984,41,103
2026-09-13 19:04:30.457,1789337070.4572732,-969,36,79
2026-09-13 19:04:30.477,1789337070.4772732,-962,36,98
2026-09-13 19:04:30.497,1789337070.4972734,-972,43,116
2026-09-13 19:04:30.517,1789337070.5172734,-974,46,113
2026-09-13 19:04:30.537,1789337070.5372734,-972,40,112
2026-09-13 19:04:30.557,1789337070.5572734,-970,40,106
2026-09-13 19:04:30.577,1789337070.5772734,-968,43,109
2026-09-13 19:04:30.597,1789337070.5972733,-969,42,112
2026-09-13 19:04:30.617,1789337070.6172733,-972,39,112
2026-09-13 19:04:30.637,1789337070.6372733,-970,37,122
2026-09-13 19:04:30.657,1789337070.6572733,-973,40,114
2026-09-13 19:04:30.677,1789337070.6772733,-966,38,105
2026-09-13 19:04:30.697,1789337070.6972733,-965,38,123
2026-09-13 19:04:30.717,1789337070.7172732,-974,45,123
2026-09-13 19:04:30.737,1789337070.7372735,-969,48,124
2026-09-13 19:04:30.757,1789337070.7572734,-969,43,126
2026-09-13 19:04:30.777,1789337070.7772734,-970,40,122
2026-09-13 19:04:30.797,1789337070.7972734,-966,44,121
2026-09-13 19:04:30.817,1789337070.8172734,-966,45,122
2026-09-13 19:04:30.837,1789337070.8372734,-966,42,125
2026-09-13 19:04:30.857,1789337070.8572733,-962,42,122
2026-09-13 19:04:30.877,1789337070.8772733,-965,45,124
2026-09-13 19:04:30.897,1789337070.8972733,-968,45,126
2026-09-13 19:04:30.917,1789337070.9172733,-970,43,129
2026-09-13 19:04:30.937,1789337070.9372733,-963,43,137
2026-09-13 19:04:30.957,1789337070.9572732,-974,45,126
2026-09-13 19:04:30.977,1789337070.9772732,-965,44,106
2026-09-13 19:04:30.997,1789337070.9972734,-948,44,136
2026-09-13 19:04:31.017,1789337071.0172734,-965,43,152
2026-09-13 19:04:31.037,1789337071.0372734,-980,47,132
2026-09-13 19:04:31.057,1789337071.0572734,-961,40,119
2026-09-13 19:04:31.063,1789337071.0635514,-960,44,134
2026-09-13 19:04:31.083,1789337071.0835514,-966,54,142
2026-09-13 19:04:31.103,1789337071.1035514,-967,55,139
2026-09-13 19:04:31.123,1789337071.1235514,-968,47,136
2026-09-13 19:04:31.143,1789337071.1435513,-969,40,135
2026-09-13 19:04:31.163,1789337071.1635513,-967,45,138
2026-09-13 19:04:31.183,1789337071.1835513,-963,49,140
2026-09-13 19:04:31.203,1789337071.2035515,-966,48,141
2026-09-13 19:04:31.223,1789337071.2235515,-966,48,145
2026-09-13 19:04:31.243,1789337071.2435515,-971,51,141
2026-09-13 19:04:31.263,1789337071.2635515,-961,49,133
2026-09-13 19:04:31.283,1789337071.2835515,-951,50,144
2026-09-13 19:04:31.303,1789337071.3035514,-965,52,142
2026-09-13 19:04:31.323,1789337071.3235514,-965,52,145
2026-09-13 19:04:31.343,1789337071.3435514,-967,50,147
2026-09-13 19:04:31.363,1789337071.3635514,-965,50,141
2026-09-13 19:04:31.383,1789337071.3835514,-965,49,139
2026-09-13 19:04:31.403,1789337071.4035513,-963,49,139
2026-09-13 19:04:31.423,1789337071.4235513,-962,48,138
2026-09-13 19:04:31.443,1789337071.4435515,-961,45,141
2026-09-13 19:04:31.463,1789337071.4635515,-966,46,144
2026-09-13 19:04:31.483,1789337071.4835515,-967,49,142
2026-09-13 19:04:31.503,1789337071.5035515,-964,50,142
2026-09-13 19:04:31.523,1789337071.5235515,-965,50,139
2026-09-13 19:04:31.543,1789337071.5435514,-957,47,141
2026-09-13 19:04:31.563,1789337071.5635514,-967,48,144
2026-09-13 19:04:31.583,1789337071.5835514,-972,48,130
2026-09-13 19:04:31.603,1789337071.6035514,-952,47,146
2026-09-13 19:04:31.623,1789337071.6235514,-963,43,153
2026-09-13 19:04:31.643,1789337071.6435513,-970,48,148
2026-09-13 19:04:31.663,1789337071.6635513,-963,50,137
2026-09-13 19:04:31.683,1789337071.6835513,-958,49,136
2026-09-13 19:04:31.703,1789337071.7035515,-959,53,142
2026-09-13 19:04:31.723,1789337071.7235515,-964,54,145
2026-09-13 19:04:31.743,1789337071.7435515,-969,56,144
2026-09-13 19:04:31.763,1789337071.7635515,-964,54,144
2026-09-13 19:04:31.769,1789337071.7698905,-961,54,145
2026-09-13 19:04:31.789,1789337071.7898905,-966,56,151
2026-09-13 19:04:31.809,1789337071.8098905,-964,50,141
2026-09-13 19:04:31.829,1789337071.8298905,-965,49,142
2026-09-13 19:04:31.849,1789337071.8498905,-967,49,142
2026-09-13 19:04:31.869,1789337071.8698905,-962,48,135
2026-09-13 19:04:31.889,1789337071.8898904,-957,45,141
2026-09-13 19:04:31.909,1789337071.9098907,-967,50,141
2026-09-13 19:04:31.929,1789337071.9298906,-963,49,142
2026-09-13 19:04:31.949,1789337071.9498906,-967,49,142
2026-09-13 19:04:31.969,1789337071.9698906,-969,49,140
2026-09-13 19:04:31.989,1789337071.9898906,-964,50,138
2026-09-13 19:04:32.009,1789337072.0098906,-964,51,136
2026-09-13 19:04:32.029,1789337072.0298905,-963,50,135
2026-09-13 19:04:32.049,1789337072.0498905,-963,49,139
2026-09-13 19:04:32.069,1789337072.0698905,-971,47,149
2026-09-13 19:04:32.089,1789337072.0898905,-971,46,142
2026-09-13 19:04:32.109,1789337072.1098905,-963,48,139
2026-09-13 19:04:32.129,1789337072.1298904,-963,55,139
2026-09-13 19:04:32.149,1789337072.1498907,-960,53,136
2026-09-13 19:04:32.169,1789337072.1698906,-956,50,138
2026-09-13 19:04:32.189,1789337072.1898906,-966,52,150
2026-09-13 19:04:32.209,1789337072.2098906,-975,52,134
2026-09-13 19:04:32.229,1789337072.2298906,-953,51,139
2026-09-13 19:04:32.249,1789337072.2498906,-964,47,149
2026-09-13 19:04:32.269,1789337072.2698905,-966,49,150
2026-09-13 19:04:32.289,1789337072.2898905,-967,51,134
2026-09-13 19:04:32.309,1789337072.3098905,-952,52,138
2026-09-13 19:04:32.329,1789337072.3298905,-962,51,142
2026-09-13 19:04:32.349,1789337072.3498905,-963,54,148
2026-09-13 19:04:32.369,1789337072.3698905,-966,52,142
2026-09-13 19:04:32.389,1789337072.3898904,-962,49,142
2026-09-13 19:04:32.409,1789337072.4098907,-967,48,141
2026-09-13 19:04:32.429,1789337072.4298906,-964,50,141
2026-09-13 19:04:32.449,1789337072.4498906,-964,50,142
2026-09-13 19:04:32.469,1789337072.4698906,-964,49,141
2026-09-13 19:04:32.476,1789337072.4762297,-965,53,143
2026-09-13 19:04:32.496,1789337072.4962296,-962,50,140
2026-09-13 19:04:32.516,1789337072.5162296,-964,47,141
2026-09-13 19:04:32.536,1789337072.5362296,-965,49,141
2026-09-13 19:04:32.556,1789337072.5562296,-965,51,142
2026-09-13 19:04:32.576,1789337072.5762296,-967,50,144
2026-09-13 19:04:32.596,1789337072.5962296,-968,49,142
2026-09-13 19:04:32.616,1789337072.6162298,-965,49,141
2026-09-13 19:04:32.636,1789337072.6362298,-965,49,140
2026-09-13 19:04:32.656,1789337072.6562297,-965,50,142
2026-09-13 19:04:32.676,1789337072.6762297,-965,50,142
2026-09-13 19:04:32.696,1789337072.6962297,-964,49,141
2026-09-13 19:04:32.716,1789337072.7162297,-967,46,141
2026-09-13 19:04:32.736,1789337072.7362297,-964,49,140
2026-09-13 19:04:32.756,1789337072.7562296,-963,50,139
2026-09-13 19:04:32.776,1789337072.7762296,-966,50,146
2026-09-13 19:04:32.796,1789337072.7962296,-971,51,148
2026-09-13 19:04:32.816,1789337072.8162296,-972,52,158
2026-09-13 19:04:32.836,1789337072.8362296,-979,55,143
2026-09-13 19:04:32.856,1789337072.8562298,-964,49,131
2026-09-13 19:04:32.876,1789337072.8762298,-958,50,134
2026-09-13 19:04:32.896,1789337072.8962297,-957,53,149
2026-09-13 19:04:32.916,1789337072.9162297,-979,56,125
2026-09-13 19:04:32.936,1789337072.9362297,-962,54,131
2026-09-13 19:04:32.956,1789337072.9562297,-973,45,137
2026-09-13 19:04:32.976,1789337072.9762297,-972,50,135
2026-09-13 19:04:32.996,1789337072.9962296,-966,53,130
2026-09-13 19:04:33.016,1789337073.0162296,-963,50,129
2026-09-13 19:04:33.036,1789337073.0362296,-957,43,127
2026-09-13 19:04:33.056,1789337073.0562296,-965,45,130
2026-09-13 19:04:33.076,1789337073.0762296,-968,46,127
2026-09-13 19:04:33.096,1789337073.0962296,-968,48,118
2026-09-13 19:04:33.116,1789337073.1162298,-963,50,123
2026-09-13 19:04:33.136,1789337073.1362298,-969,46,114
2026-09-13 19:04:33.156,1789337073.1562297,-965,43,113
2026-09-13 19:04:33.176,1789337073.1762297,-969,44,122
2026-09-13 19:04:33.182,1789337073.1826909,-973,52,124
2026-09-13 19:04:33.202,1789337073.2026908,-972,50,122
2026-09-13 19:04:33.222,1789337073.2226908,-969,48,117
2026-09-13 19:04:33.242,1789337073.2426908,-963,47,108
2026-09-13 19:04:33.262,1789337073.2626908,-966,48,104
2026-09-13 19:04:33.282,1789337073.2826908,-971,46,103
2026-09-13 19:04:33.302,1789337073.3026907,-970,46,107
2026-09-13 19:04:33.322,1789337073.322691,-973,43,110
2026-09-13 19:04:33.342,1789337073.342691,-973,44,100
2026-09-13 19:04:33.362,1789337073.362691,-967,47,98
2026-09-13 19:04:33.382,1789337073.382691,-965,47,97
2026-09-13 19:04:33.402,1789337073.402691,-967,47,97
2026-09-13 19:04:33.422,1789337073.4226909,-967,47,106
2026-09-13 19:04:33.442,1789337073.4426908,-976,50,99
2026-09-13 19:04:33.462,1789337073.4626908,-973,46,82
2026-09-13 19:04:33.482,1789337073.4826908,-975,45,80
2026-09-13 19:04:33.502,1789337073.5026908,-953,45,117
2026-09-13 19:04:33.522,1789337073.5226908,-980,48,95
2026-09-13 19:04:33.542,1789337073.5426908,-975,45,68
2026-09-13 19:04:33.562,1789337073.562691,-971,43,91
2026-09-13 19:04:33.582,1789337073.582691,-979,48,101
2026-09-13 19:04:33.602,1789337073.602691,-974,50,90
2026-09-13 19:04:33.622,1789337073.622691,-968,51,81
2026-09-13 19:04:33.642,1789337073.642691,-964,45,78
2026-09-13 19:04:33.662,1789337073.6626909,-964,44,81
2026-09-13 19:04:33.682,1789337073.6826909,-967,42,83
2026-09-13 19:04:33.702,1789337073.7026908,-973,41,87
2026-09-13 19:04:33.722,1789337073.7226908,-973,42,84
2026-09-13 19:04:33.742,1789337073.7426908,-971,47,91
2026-09-13 19:04:33.762,1789337073.7626908,-971,41,72
2026-09-13 19:04:33.782,1789337073.7826908,-970,40,74
2026-09-13 19:04:33.802,1789337073.8026907,-973,42,79
2026-09-13 19:04:33.822,1789337073.822691,-971,48,77
2026-09-13 19:04:33.842,1789337073.842691,-970,45,79
2026-09-13 19:04:33.862,1789337073.862691,-973,45,80
2026-09-13 19:04:33.882,1789337073.882691,-971,44,78
2026-09-13 19:04:33.889,1789337073.8893657,-971,42,81
2026-09-13 19:04:33.909,1789337073.9093657,-972,40,76
2026-09-13 19:04:33.929,1789337073.9293656,-973,42,77
2026-09-13 19:04:33.949,1789337073.9493656,-970,44,68
2026-09-13 19:04:33.969,1789337073.9693656,-969,46,75
2026-09-13 19:04:33.989,1789337073.9893656,-976,43,77
2026-09-13 19:04:34.009,1789337074.0093656,-978,45,81
2026-09-13 19:04:34.029,1789337074.0293658,-978,45,83
2026-09-13 19:04:34.049,1789337074.0493658,-977,46,65
2026-09-13 19:04:34.069,1789337074.0693657,-969,42,62
2026-09-13 19:04:34.089,1789337074.0893657,-958,40,88
2026-09-13 19:04:34.109,1789337074.1093657,-969,41,94
2026-09-13 19:04:34.129,1789337074.1293657,-971,43,48
2026-09-13 19:04:34.149,1789337074.1493657,-967,42,72
2026-09-13 19:04:34.169,1789337074.1693656,-983,46,97
2026-09-13 19:04:34.189,1789337074.1893656,-981,46,83
2026-09-13 19:04:34.209,1789337074.2093656,-969,46,77
2026-09-13 19:04:34.229,1789337074.2293656,-968,44,73
2026-09-13 19:04:34.249,1789337074.2493656,-967,44,70
2026-09-13 19:04:34.269,1789337074.2693658,-969,43,74
2026-09-13 19:04:34.289,1789337074.2893658,-972,42,79
2026-09-13 19:04:34.309,1789337074.3093657,-973,41,82
2026-09-13 19:04:34.329,1789337074.3293657,-975,44,84
2026-09-13 19:04:34.349,1789337074.3493657,-969,44,68
2026-09-13 19:04:34.369,1789337074.3693657,-963,46,62
2026-09-13 19:04:34.389,1789337074.3893657,-966,44,79
2026-09-13 19:04:34.409,1789337074.4093657,-980,47,75
2026-09-13 19:04:34.429,1789337074.4293656,-974,46,74
2026-09-13 19:04:34.449,1789337074.4493656,-967,46,78
2026-09-13 19:04:34.469,1789337074.4693656,-972,49,75
2026-09-13 19:04:34.489,1789337074.4893656,-972,45,72
2026-09-13 19:04:34.509,1789337074.5093656,-970,43,69
2026-09-13 19:04:34.529,1789337074.5293658,-972,44,69
2026-09-13 19:04:34.549,1789337074.5493658,-972,44,70
2026-09-13 19:04:34.569,1789337074.5693657,-976,46,70
2026-09-13 19:04:34.589,1789337074.5893657,-974,46,75
2026-09-13 19:04:34.596,1789337074.596254,-967,41,88
2026-09-13 19:04:34.616,1789337074.616254,-976,46,65
2026-09-13 19:04:34.636,1789337074.636254,-972,48,57
2026-09-13 19:04:34.656,1789337074.656254,-969,44,73
2026-09-13 19:04:34.676,1789337074.676254,-972,45,121
2026-09-13 19:04:34.696,1789337074.696254,-988,45,57
2026-09-13 19:04:34.716,1789337074.716254,-963,45,50
2026-09-13 19:04:34.736,1789337074.7362542,-978,47,92
2026-09-13 19:04:34.756,1789337074.7562542,-990,48,84
2026-09-13 19:04:34.776,1789337074.7762542,-976,45,76
2026-09-13 19:04:34.796,1789337074.7962542,-966,43,71
2026-09-13 19:04:34.816,1789337074.8162541,-968,45,73
2026-09-13 19:04:34.836,1789337074.8362541,-971,46,76
2026-09-13 19:04:34.856,1789337074.856254,-971,44,77
2026-09-13 19:04:34.876,1789337074.876254,-969,44,81
2026-09-13 19:04:34.896,1789337074.896254,-971,44,83
2026-09-13 19:04:34.916,1789337074.916254,-973,45,72
2026-09-13 19:04:34.936,1789337074.936254,-969,48,56
2026-09-13 19:04:34.956,1789337074.956254,-966,45,79
2026-09-13 19:04:34.976,1789337074.9762542,-983,48,77
2026-09-13 19:04:34.996,1789337074.9962542,-974,47,82
2026-09-13 19:04:35.016,1789337075.0162542,-963,46,81
2026-09-13 19:04:35.036,1789337075.0362542,-967,46,73
2026-09-13 19:04:35.056,1789337075.0562541,-966,49,68
2026-09-13 19:04:35.076,1789337075.0762541,-967,47,63
2026-09-13 19:04:35.096,1789337075.096254,-961,47,67
2026-09-13 19:04:35.116,1789337075.116254,-968,49,69
2026-09-13 19:04:35.136,1789337075.136254,-975,48,69
2026-09-13 19:04:35.156,1789337075.156254,-976,50,70
2026-09-13 19:04:35.176,1789337075.176254,-972,47,77
2026-09-13 19:04:35.196,1789337075.196254,-977,51,63
2026-09-13 19:04:35.216,1789337075.216254,-970,48,58
2026-09-13 19:04:35.236,1789337075.2362542,-966,45,62
2026-09-13 19:04:35.256,1789337075.2562542,-953,49,113
2026-09-13 19:04:35.276,1789337075.2762542,-982,49,50
2026-09-13 19:04:35.296,1789337075.2962542,-951,49,39
2026-09-13 19:04:35.303,1789337075.3033867,-968,50,79
2026-09-13 19:04:35.323,1789337075.3233867,-993,53,77
2026-09-13 19:04:35.343,1789337075.3433867,-980,47,69
2026-09-13 19:04:35.363,1789337075.3633866,-975,46,66
2026-09-13 19:04:35.383,1789337075.3833866,-970,49,64
2026-09-13 19:04:35.403,1789337075.4033866,-968,47,66
2026-09-13 19:04:35.423,1789337075.4233866,-971,44,64
2026-09-13 19:04:35.443,1789337075.4433868,-971,43,68
2026-09-13 19:04:35.463,1789337075.4633868,-974,45,73
2026-09-13 19:04:35.483,1789337075.4833868,-976,48,67
2026-09-13 19:04:35.503,1789337075.5033867,-970,49,52
2026-09-13 19:04:35.523,1789337075.5233867,-967,44,72
2026-09-13 19:04:35.543,1789337075.5433867,-980,50,68
2026-09-13 19:04:35.563,1789337075.5633867,-973,46,69
2026-09-13 19:04:35.583,1789337075.5833867,-970,44,69
2026-09-13 19:04:35.603,1789337075.6033866,-971,47,67
2026-09-13 19:04:35.623,1789337075.6233866,-973,48,70
2026-09-13 19:04:35.643,1789337075.6433866,-973,46,70
2026-09-13 19:04:35.663,1789337075.6633866,-975,46,68
2026-09-13 19:04:35.683,1789337075.6833868,-974,45,67
2026-09-13 19:04:35.703,1789337075.7033868,-972,45,64
2026-09-13 19:04:35.723,1789337075.7233868,-972,46,66
2026-09-13 19:04:35.743,1789337075.7433867,-971,45,75
2026-09-13 19:04:35.763,1789337075.7633867,-979,50,56
2026-09-13 19:04:35.783,1789337075.7833867,-973,42,58
2026-09-13 19:04:35.803,1789337075.8033867,-968,44,68
2026-09-13 19:04:35.823,1789337075.8233867,-970,46,115
2026-09-13 19:04:35.843,1789337075.8433867,-994,48,56
2026-09-13 19:04:35.863,1789337075.8633866,-960,45,37
2026-09-13 19:04:35.883,1789337075.8833866,-960,44,76
2026-09-13 19:04:35.903,1789337075.9033866,-979,48,78
2026-09-13 19:04:35.923,1789337075.9233866,-976,48,78
2026-09-13 19:04:35.943,1789337075.9433868,-976,43,71
2026-09-13 19:04:35.963,1789337075.9633868,-969,46,63
2026-09-13 19:04:35.983,1789337075.9833868,-966,44,64
2026-09-13 19:04:36.003,1789337076.0033867,-967,45,65
2026-09-13 19:04:36.010,1789337076.0101836,-969,46,76
2026-09-13 19:04:36.030,1789337076.0301836,-976,48,80
2026-09-13 19:04:36.050,1789337076.0501835,-981,50,77
2026-09-13 19:04:36.070,1789337076.0701835,-975,51,72
2026-09-13 19:04:36.090,1789337076.0901835,-970,48,86
2026-09-13 19:04:36.110,1789337076.1101835,-976,49,77
2026-09-13 19:04:36.130,1789337076.1301835,-969,48,78
2026-09-13 19:04:36.150,1789337076.1501837,-971,46,81
2026-09-13 19:04:36.170,1789337076.1701837,-972,48,77
2026-09-13 19:04:36.190,1789337076.1901836,-970,53,76
2026-09-13 19:04:36.210,1789337076.2101836,-970,47,78
2026-09-13 19:04:36.230,1789337076.2301836,-973,46,79
2026-09-13 19:04:36.250,1789337076.2501836,-974,46,82
2026-09-13 19:04:36.270,1789337076.2701836,-974,48,81
2026-09-13 19:04:36.290,1789337076.2901835,-972,49,78
2026-09-13 19:04:36.310,1789337076.3101835,-967,49,91
2026-09-13 19:04:36.330,1789337076.3301835,-981,52,66
2026-09-13 19:04:36.350,1789337076.3501835,-964,46,67
2026-09-13 19:04:36.370,1789337076.3701835,-964,46,94
2026-09-13 19:04:36.390,1789337076.3901837,-974,49,123
2026-09-13 19:04:36.410,1789337076.4101837,-993,50,68
2026-09-13 19:04:36.430,1789337076.4301836,-961,44,67
2026-09-13 19:04:36.450,1789337076.4501836,-964,45,87
2026-09-13 19:04:36.470,1789337076.4701836,-971,52,93
2026-09-13 19:04:36.490,1789337076.4901836,-975,48,96
2026-09-13 19:04:36.510,1789337076.5101836,-977,42,93
2026-09-13 19:04:36.530,1789337076.5301836,-972,44,86
2026-09-13 19:04:36.550,1789337076.5501835,-968,44,89
2026-09-13 19:04:36.570,1789337076.5701835,-968,41,91
2026-09-13 19:04:36.590,1789337076.5901835,-968,49,82
2026-09-13 19:04:36.610,1789337076.6101835,-965,50,92
2026-09-13 19:04:36.630,1789337076.6301835,-977,51,86
2026-09-13 19:04:36.650,1789337076.6501837,-973,50,99
2026-09-13 19:04:36.670,1789337076.6701837,-976,49,115
2026-09-13 19:04:36.690,1789337076.6901836,-981,51,105
2026-09-13 19:04:36.710,1789337076.7101836,-966,50,99
2026-09-13 19:04:36.716,1789337076.7165837,-961,50,96
2026-09-13 19:04:36.736,1789337076.7365837,-965,48,86
2026-09-13 19:04:36.756,1789337076.7565837,-963,49,90
2026-09-13 19:04:36.776,1789337076.7765837,-969,43,100
2026-09-13 19:04:36.796,1789337076.7965837,-973,42,106
2026-09-13 19:04:36.816,1789337076.8165836,-975,43,106
2026-09-13 19:04:36.836,1789337076.8365836,-972,48,106
2026-09-13 19:04:36.856,1789337076.8565838,-970,48,106
2026-09-13 19:04:36.876,1789337076.8765838,-965,50,108
2026-09-13 19:04:36.896,1789337076.8965838,-969,53,115
2026-09-13 19:04:36.916,1789337076.9165838,-976,49,87
2026-09-13 19:04:36.936,1789337076.9365838,-953,49,109
2026-09-13 19:04:36.956,1789337076.9565837,-964,48,130
2026-09-13 19:04:36.976,1789337076.9765837,-976,55,127
2026-09-13 19:04:36.996,1789337076.9965837,-974,51,97
2026-09-13 19:04:37.016,1789337077.0165837,-959,45,108
2026-09-13 19:04:37.036,1789337077.0365837,-962,52,124
2026-09-13 19:04:37.056,1789337077.0565836,-968,56,128
2026-09-13 19:04:37.076,1789337077.0765836,-969,52,128
2026-09-13 19:04:37.096,1789337077.0965838,-969,49,122
2026-09-13 19:04:37.116,1789337077.1165838,-968,50,114
2026-09-13 19:04:37.136,1789337077.1365838,-964,53,120
2026-09-13 19:04:37.156,1789337077.1565838,-966,49,120
2026-09-13 19:04:37.176,1789337077.1765838,-965,46,125
2026-09-13 19:04:37.196,1789337077.1965837,-968,51,131
2026-09-13 19:04:37.216,1789337077.2165837,-970,52,123
2026-09-13 19:04:37.236,1789337077.2365837,-963,53,132
2026-09-13 19:04:37.256,1789337077.2565837,-970,52,132
2026-09-13 19:04:37.276,1789337077.2765837,-969,58,130
2026-09-13 19:04:37.296,1789337077.2965837,-964,57,132
2026-09-13 19:04:37.316,1789337077.3165836,-967,55,127
2026-09-13 19:04:37.336,1789337077.3365836,-962,55,132
2026-09-13 19:04:37.356,1789337077.3565838,-964,54,130
2026-09-13 19:04:37.376,1789337077.3765838,-962,50,130
2026-09-13 19:04:37.396,1789337077.3965838,-967,47,132
2026-09-13 19:04:37.416,1789337077.4165838,-968,48,131
2026-09-13 19:04:37.423,1789337077.4234722,-968,50,129
2026-09-13 19:04:37.443,1789337077.4434721,-967,53,130
2026-09-13 19:04:37.463,1789337077.4634721,-966,53,125
2026-09-13 19:04:37.483,1789337077.483472,-962,53,133
2026-09-13 19:04:37.503,1789337077.503472,-974,54,132
2026-09-13 19:04:37.523,1789337077.523472,-968,51,107
2026-09-13 19:04:37.543,1789337077.543472,-952,51,131
2026-09-13 19:04:37.563,1789337077.5634723,-964,47,140
2026-09-13 19:04:37.583,1789337077.5834723,-977,54,129
2026-09-13 19:04:37.603,1789337077.6034722,-962,49,119
2026-09-13 19:04:37.623,1789337077.6234722,-962,45,123
2026-09-13 19:04:37.643,1789337077.6434722,-963,55,132
2026-09-13 19:04:37.663,1789337077.6634722,-967,53,132
2026-09-13 19:04:37.683,1789337077.6834722,-965,49,131
2026-09-13 19:04:37.703,1789337077.7034721,-966,51,131
2026-09-13 19:04:37.723,1789337077.723472,-966,56,133
2026-09-13 19:04:37.743,1789337077.743472,-965,54,137
2026-09-13 19:04:37.763,1789337077.763472,-971,52,134
2026-09-13 19:04:37.783,1789337077.783472,-966,52,133
2026-09-13 19:04:37.803,1789337077.8034723,-973,56,131
2026-09-13 19:04:37.823,1789337077.8234723,-962,49,125
2026-09-13 19:04:37.843,1789337077.8434722,-954,49,129
2026-09-13 19:04:37.863,1789337077.8634722,-965,55,131
2026-09-13 19:04:37.883,1789337077.8834722,-967,57,131
2026-09-13 19:04:37.903,1789337077.9034722,-965,55,128
2026-09-13 19:04:37.923,1789337077.9234722,-965,54,130
2026-09-13 19:04:37.943,1789337077.9434721,-971,50,129
2026-09-13 19:04:37.963,1789337077.9634721,-966,54,130
2026-09-13 19:04:37.983,1789337077.983472,-966,56,129
2026-09-13 19:04:38.003,1789337078.003472,-966,57,131
2026-09-13 19:04:38.023,1789337078.023472,-965,54,128
2026-09-13 19:04:38.043,1789337078.043472,-962,53,128
2026-09-13 19:04:38.063,1789337078.0634723,-964,53,127
2026-09-13 19:04:38.083,1789337078.0834723,-966,55,127
2026-09-13 19:04:38.103,1789337078.1034722,-967,54,130
2026-09-13 19:04:38.123,1789337078.1234722,-968,53,140
2026-09-13 19:04:38.130,1789337078.1305742,-976,55,128
2026-09-13 19:04:38.150,1789337078.1505742,-958,56,119
2026-09-13 19:04:38.170,1789337078.1705742,-961,52,128
2026-09-13 19:04:38.190,1789337078.1905742,-961,53,140
2026-09-13 19:04:38.210,1789337078.2105742,-974,53,124
2026-09-13 19:04:38.230,1789337078.2305741,-954,54,125
2026-09-13 19:04:38.250,1789337078.250574,-964,52,135
2026-09-13 19:04:38.270,1789337078.2705743,-972,59,142
2026-09-13 19:04:38.290,1789337078.2905743,-971,57,136
2026-09-13 19:04:38.310,1789337078.3105743,-966,54,134
2026-09-13 19:04:38.330,1789337078.3305743,-969,51,131
2026-09-13 19:04:38.350,1789337078.3505743,-962,51,130
2026-09-13 19:04:38.370,1789337078.3705742,-959,51,131
2026-09-13 19:04:38.390,1789337078.3905742,-965,52,133
2026-09-13 19:04:38.410,1789337078.4105742,-965,55,139
2026-09-13 19:04:38.430,1789337078.4305742,-969,53,131
2026-09-13 19:04:38.450,1789337078.4505742,-962,51,129
2026-09-13 19:04:38.470,1789337078.4705741,-964,54,131
2026-09-13 19:04:38.490,1789337078.4905741,-964,57,131
2026-09-13 19:04:38.510,1789337078.5105743,-962,54,130
2026-09-13 19:04:38.530,1789337078.5305743,-964,51,135
2026-09-13 19:04:38.550,1789337078.5505743,-969,50,136
2026-09-13 19:04:38.570,1789337078.5705743,-968,52,133
2026-09-13 19:04:38.590,1789337078.5905743,-965,52,131
2026-09-13 19:04:38.610,1789337078.6105742,-966,53,137
2026-09-13 19:04:38.630,1789337078.6305742,-969,49,131
2026-09-13 19:04:38.650,1789337078.6505742,-965,51,133
2026-09-13 19:04:38.670,1789337078.6705742,-967,55,132
2026-09-13 19:04:38.690,1789337078.6905742,-965,57,130
2026-09-13 19:04:38.710,1789337078.7105742,-964,56,134
2026-09-13 19:04:38.730,1789337078.7305741,-965,51,133
2026-09-13 19:04:38.750,1789337078.750574,-969,51,138
2026-09-13 19:04:38.770,1789337078.7705743,-971,55,124
2026-09-13 19:04:38.790,1789337078.7905743,-960,50,125
2026-09-13 19:04:38.810,1789337078.8105743,-965,51,135
2026-09-13 19:04:38.830,1789337078.8305743,-966,54,141
2026-09-13 19:04:38.837,1789337078.8378897,-971,53,124
2026-09-13 19:04:38.857,1789337078.8578897,-959,53,133
2026-09-13 19:04:38.877,1789337078.8778896,-966,51,136
2026-09-13 19:04:38.897,1789337078.8978896,-966,53,138
2026-09-13 19:04:38.917,1789337078.9178896,-967,56,137
2026-09-13 19:04:38.937,1789337078.9378896,-965,53,138
2026-09-13 19:04:38.957,1789337078.9578896,-964,53,137
2026-09-13 19:04:38.977,1789337078.9778898,-964,52,140
2026-09-13 19:04:38.997,1789337078.9978898,-967,50,145
2026-09-13 19:04:39.017,1789337079.0178897,-975,53,144
2026-09-13 19:04:39.037,1789337079.0378897,-974,53,140
2026-09-13 19:04:39.057,1789337079.0578897,-967,54,119
2026-09-13 19:04:39.077,1789337079.0778897,-967,57,124
2026-09-13 19:04:39.097,1789337079.0978897,-968,49,137
2026-09-13 19:04:39.117,1789337079.1178896,-973,46,139
2026-09-13 19:04:39.137,1789337079.1378896,-977,44,131
2026-09-13 19:04:39.157,1789337079.1578896,-971,48,130
2026-09-13 19:04:39.177,1789337079.1778896,-970,54,125
2026-09-13 19:04:39.197,1789337079.1978896,-963,53,114
2026-09-13 19:04:39.217,1789337079.2178898,-960,51,117
2026-09-13 19:04:39.237,1789337079.2378898,-964,48,116
2026-09-13 19:04:39.257,1789337079.2578897,-972,46,115
2026-09-13 19:04:39.277,1789337079.2778897,-970,44,112
2026-09-13 19:04:39.297,1789337079.2978897,-971,48,109
2026-09-13 19:04:39.317,1789337079.3178897,-969,46,109
2026-09-13 19:04:39.337,1789337079.3378897,-967,49,107
2026-09-13 19:04:39.357,1789337079.3578897,-964,48,112
2026-09-13 19:04:39.377,1789337079.3778896,-973,51,103
2026-09-13 19:04:39.397,1789337079.3978896,-973,45,85
2026-09-13 19:04:39.417,1789337079.4178896,-970,39,86
2026-09-13 19:04:39.437,1789337079.4378896,-944,42,123
2026-09-13 19:04:39.457,1789337079.4578896,-979,48,99
2026-09-13 19:04:39.477,1789337079.4778898,-974,47,80
2026-09-13 19:04:39.497,1789337079.4978898,-965,41,95
2026-09-13 19:04:39.517,1789337079.5178897,-972,46,102
2026-09-13 19:04:39.537,1789337079.5378897,-971,44,94
2026-09-13 19:04:39.545,1789337079.545175,-970,44,90
2026-09-13 19:04:39.565,1789337079.565175,-966,44,94
2026-09-13 19:04:39.585,1789337079.585175,-969,44,91
2026-09-13 19:04:39.605,1789337079.605175,-970,43,91
2026-09-13 19:04:39.625,1789337079.625175,-970,41,95
2026-09-13 19:04:39.645,1789337079.645175,-976,40,90
2026-09-13 19:04:39.665,1789337079.665175,-972,44,88
2026-09-13 19:04:39.685,1789337079.6851752,-968,42,78
2026-09-13 19:04:39.705,1789337079.7051752,-969,39,81
2026-09-13 19:04:39.725,1789337079.7251751,-972,43,88
2026-09-13 19:04:39.745,1789337079.7451751,-976,44,88
2026-09-13 19:04:39.765,1789337079.765175,-971,43,92
2026-09-13 19:04:39.785,1789337079.785175,-973,43,86
2026-09-13 19:04:39.805,1789337079.805175,-971,45,82
2026-09-13 19:04:39.825,1789337079.825175,-968,46,84
2026-09-13 19:04:39.845,1789337079.845175,-970,43,87
2026-09-13 19:04:39.865,1789337079.865175,-970,41,87
2026-09-13 19:04:39.885,1789337079.885175,-971,42,87
2026-09-13 19:04:39.905,1789337079.905175,-973,45,85
2026-09-13 19:04:39.925,1789337079.9251752,-975,48,85
2026-09-13 19:04:39.945,1789337079.9451752,-967,46,86
2026-09-13 19:04:39.965,1789337079.9651752,-970,47,88
2026-09-13 19:04:39.985,1789337079.9851751,-977,46,76
2026-09-13 19:04:40.005,1789337080.005175,-970,43,73
2026-09-13 19:04:40.025,1789337080.025175,-955,44,100
2026-09-13 19:04:40.045,1789337080.045175,-973,44,106
2026-09-13 19:04:40.065,1789337080.065175,-982,48,62
2026-09-13 19:04:40.085,1789337080.085175,-965,42,81
2026-09-13 19:04:40.105,1789337080.105175,-974,42,104
2026-09-13 19:04:40.125,1789337080.125175,-976,44,95
2026-09-13 19:04:40.145,1789337080.145175,-969,45,86
2026-09-13 19:04:40.165,1789337080.165175,-968,47,82
2026-09-13 19:04:40.185,1789337080.1851752,-965,46,77
2026-09-13 19:04:40.205,1789337080.2051752,-966,45,86
2026-09-13 19:04:40.225,1789337080.2251751,-973,42,85
2026-09-13 19:04:40.245,1789337080.2451751,-972,45,88
2026-09-13 19:04:40.252,1789337080.2522464,-973,47,91
2026-09-13 19:04:40.272,1789337080.2722464,-973,45,73
2026-09-13 19:04:40.292,1789337080.2922463,-968,44,78
2026-09-13 19:04:40.312,1789337080.3122463,-973,46,89
2026-09-13 19:04:40.332,1789337080.3322463,-976,48,87
2026-09-13 19:04:40.352,1789337080.3522463,-973,47,84
2026-09-13 19:04:40.372,1789337080.3722463,-969,47,84
2026-09-13 19:04:40.392,1789337080.3922465,-971,47,81
2026-09-13 19:04:40.412,1789337080.4122465,-971,47,80
2026-09-13 19:04:40.432,1789337080.4322464,-970,41,84
2026-09-13 19:04:40.452,1789337080.4522464,-971,42,82
2026-09-13 19:04:40.472,1789337080.4722464,-971,46,78
2026-09-13 19:04:40.492,1789337080.4922464,-969,48,82
2026-09-13 19:04:40.512,1789337080.5122464,-972,48,85
2026-09-13 19:04:40.532,1789337080.5322464,-973,48,92
2026-09-13 19:04:40.552,1789337080.5522463,-981,50,76
2026-09-13 19:04:40.572,1789337080.5722463,-976,47,64
2026-09-13 19:04:40.592,1789337080.5922463,-970,45,78
2026-09-13 19:04:40.612,1789337080.6122463,-962,45,122
2026-09-13 19:04:40.632,1789337080.6322465,-982,49,67
2026-09-13 19:04:40.652,1789337080.6522465,-965,47,50
2026-09-13 19:04:40.672,1789337080.6722465,-971,45,92
2026-09-13 19:04:40.692,1789337080.6922464,-985,50,94
2026-09-13 19:04:40.712,1789337080.7122464,-970,45,85
2026-09-13 19:04:40.732,1789337080.7322464,-966,47,80
2026-09-13 19:04:40.752,1789337080.7522464,-965,48,76
2026-09-13 19:04:40.772,1789337080.7722464,-969,47,78
2026-09-13 19:04:40.792,1789337080.7922463,-972,47,79
2026-09-13 19:04:40.812,1789337080.8122463,-973,48,82
2026-09-13 19:04:40.832,1789337080.8322463,-972,46,87
2026-09-13 19:04:40.852,1789337080.8522463,-976,48,83
2026-09-13 19:04:40.872,1789337080.8722463,-971,44,62
2026-09-13 19:04:40.892,1789337080.8922465,-960,43,90
2026-09-13 19:04:40.912,1789337080.9122465,-978,46,86
2026-09-13 19:04:40.932,1789337080.9322464,-975,47,76
2026-09-13 19:04:40.952,1789337080.9522464,-967,45,81
2026-09-13 19:04:40.959,1789337080.9595926,-969,48,81
2026-09-13 19:04:40.979,1789337080.9795926,-969,49,84
2026-09-13 19:04:40.999,1789337080.9995925,-969,46,76
2026-09-13 19:04:41.019,1789337081.0195925,-969,47,77
2026-09-13 19:04:41.039,1789337081.0395925,-970,48,80
2026-09-13 19:04:41.059,1789337081.0595925,-971,46,78
2026-09-13 19:04:41.079,1789337081.0795925,-973,47,76
2026-09-13 19:04:41.099,1789337081.0995927,-970,48,84
2026-09-13 19:04:41.119,1789337081.1195927,-972,50,68
2026-09-13 19:04:41.139,1789337081.1395926,-971,50,64
2026-09-13 19:04:41.159,1789337081.1595926,-965,49,76
2026-09-13 19:04:41.179,1789337081.1795926,-963,48,121
2026-09-13 19:04:41.199,1789337081.1995926,-982,48,58
2026-09-13 19:04:41.219,1789337081.2195926,-955,46,48
2026-09-13 19:04:41.239,1789337081.2395926,-968,46,90
2026-09-13 19:04:41.259,1789337081.2595925,-986,50,84
2026-09-13 19:04:41.279,1789337081.2795925,-971,45,84
2026-09-13 19:04:41.299,1789337081.2995925,-968,44,75
2026-09-13 19:04:41.319,1789337081.3195925,-965,46,73
2026-09-13 19:04:41.339,1789337081.3395927,-968,47,75
2026-09-13 19:04:41.359,1789337081.3595927,-971,44,80
2026-09-13 19:04:41.379,1789337081.3795927,-971,43,85
2026-09-13 19:04:41.399,1789337081.3995926,-972,41,87
2026-09-13 19:04:41.419,1789337081.4195926,-976,48,83
2026-09-13 19:04:41.439,1789337081.4395926,-973,45,59
2026-09-13 19:04:41.459,1789337081.4595926,-961,45,82
2026-09-13 19:04:41.479,1789337081.4795926,-979,50,77
2026-09-13 19:04:41.499,1789337081.4995925,-976,48,83
2026-09-13 19:04:41.519,1789337081.5195925,-974,48,88
2026-09-13 19:04:41.539,1789337081.5395925,-975,46,85
2026-09-13 19:04:41.559,1789337081.5595925,-971,44,80
2026-09-13 19:04:41.579,1789337081.5795925,-971,44,77
2026-09-13 19:04:41.599,1789337081.5995927,-970,43,81
2026-09-13 19:04:41.619,1789337081.6195927,-971,44,83
2026-09-13 19:04:41.639,1789337081.6395926,-974,44,87
2026-09-13 19:04:41.659,1789337081.6595926,-972,45,85
2026-09-13 19:04:41.666,1789337081.6666644,-971,46,96
2026-09-13 19:04:41.686,1789337081.6866643,-977,49,73
2026-09-13 19:04:41.706,1789337081.7066643,-969,43,76
2026-09-13 19:04:41.726,1789337081.7266643,-967,43,99
2026-09-13 19:04:41.746,1789337081.7466643,-972,47,124
2026-09-13 19:04:41.766,1789337081.7666643,-984,50,69
2026-09-13 19:04:41.786,1789337081.7866642,-958,45,67
2026-09-13 19:04:41.806,1789337081.8066645,-962,44,101
2026-09-13 19:04:41.826,1789337081.8266644,-974,51,105
2026-09-13 19:04:41.846,1789337081.8466644,-975,47,101
2026-09-13 19:04:41.866,1789337081.8666644,-973,42,88
2026-09-13 19:04:41.886,1789337081.8866644,-970,42,87
2026-09-13 19:04:41.906,1789337081.9066644,-968,45,93
2026-09-13 19:04:41.926,1789337081.9266644,-970,43,95
2026-09-13 19:04:41.946,1789337081.9466643,-970,41,101
2026-09-13 19:04:41.966,1789337081.9666643,-974,45,108
2026-09-13 19:04:41.986,1789337081.9866643,-980,52,89
2026-09-13 19:04:42.006,1789337082.0066643,-966,51,81
2026-09-13 19:04:42.026,1789337082.0266643,-962,47,93
2026-09-13 19:04:42.046,1789337082.0466645,-972,50,87
2026-09-13 19:04:42.066,1789337082.0666645,-969,48,93
2026-09-13 19:04:42.086,1789337082.0866644,-973,46,96
2026-09-13 19:04:42.106,1789337082.1066644,-974,49,91
2026-09-13 19:04:42.126,1789337082.1266644,-971,50,90
2026-09-13 19:04:42.146,1789337082.1466644,-969,45,91
2026-09-13 19:04:42.166,1789337082.1666644,-972,46,88
2026-09-13 19:04:42.186,1789337082.1866643,-971,46,93
2026-09-13 19:04:42.206,1789337082.2066643,-973,48,94
2026-09-13 19:04:42.226,1789337082.2266643,-972,48,94
2026-09-13 19:04:42.246,1789337082.2466643,-965,48,110
2026-09-13 19:04:42.266,1789337082.2666643,-981,51,84
2026-09-13 19:04:42.286,1789337082.2866642,-967,48,79
2026-09-13 19:04:42.306,1789337082.3066645,-961,46,108
2026-09-13 19:04:42.326,1789337082.3266644,-966,46,128
2026-09-13 19:04:42.346,1789337082.3466644,-985,46,90
2026-09-13 19:04:42.366,1789337082.3666644,-964,41,84
2026-09-13 19:04:42.373,1789337082.373919,-963,43,103
2026-09-13 19:04:42.393,1789337082.393919,-968,49,121
2026-09-13 19:04:42.413,1789337082.413919,-972,49,123
2026-09-13 19:04:42.433,1789337082.433919,-975,45,116
2026-09-13 19:04:42.453,1789337082.453919,-968,47,111
2026-09-13 19:04:42.473,1789337082.473919,-967,47,115
2026-09-13 19:04:42.493,1789337082.493919,-968,43,112
2026-09-13 19:04:42.513,1789337082.513919,-968,39,120
2026-09-13 19:04:42.533,1789337082.533919,-971,38,128
2026-09-13 19:04:42.553,1789337082.553919,-975,42,108
2026-09-13 19:04:42.573,1789337082.573919,-957,46,108
2026-09-13 19:04:42.593,1789337082.593919,-964,43,119
2026-09-13 19:04:42.613,1789337082.613919,-969,45,118
2026-09-13 19:04:42.633,1789337082.633919,-965,46,122
2026-09-13 19:04:42.653,1789337082.653919,-969,47,124
2026-09-13 19:04:42.673,1789337082.673919,-968,48,122
2026-09-13 19:04:42.693,1789337082.693919,-968,48,125
2026-09-13 19:04:42.713,1789337082.713919,-968,48,123
2026-09-13 19:04:42.733,1789337082.733919,-968,41,124
2026-09-13 19:04:42.753,1789337082.7539191,-965,40,125
2026-09-13 19:04:42.773,1789337082.773919,-967,43,125
2026-09-13 19:04:42.793,1789337082.793919,-970,44,124
2026-09-13 19:04:42.813,1789337082.813919,-970,47,125
2026-09-13 19:04:42.833,1789337082.833919,-961,46,135
2026-09-13 19:04:42.853,1789337082.853919,-978,48,124
2026-09-13 19:04:42.873,1789337082.873919,-961,48,107
2026-09-13 19:04:42.893,1789337082.893919,-960,45,134
2026-09-13 19:04:42.913,1789337082.913919,-965,48,146
2026-09-13 19:04:42.933,1789337082.933919,-975,49,119
2026-09-13 19:04:42.953,1789337082.953919,-954,47,111
2026-09-13 19:04:42.973,1789337082.973919,-961,47,133
2026-09-13 19:04:42.993,1789337082.993919,-972,52,137
2026-09-13 19:04:43.013,1789337083.013919,-972,47,135
2026-09-13 19:04:43.033,1789337083.033919,-968,46,134
2026-09-13 19:04:43.053,1789337083.053919,-972,49,141
2026-09-13 19:04:43.073,1789337083.073919,-971,51,135
2026-09-13 19:04:43.081,1789337083.0810516,-969,50,133
2026-09-13 19:04:43.101,1789337083.1010516,-962,48,135
2026-09-13 19:04:43.121,1789337083.1210515,-965,51,141
2026-09-13 19:04:43.141,1789337083.1410515,-968,52,134
2026-09-13 19:04:43.161,1789337083.1610515,-951,51,131
2026-09-13 19:04:43.181,1789337083.1810515,-957,49,137
2026-09-13 19:04:43.201,1789337083.2010515,-967,52,136
2026-09-13 19:04:43.221,1789337083.2210517,-964,51,139
2026-09-13 19:04:43.241,1789337083.2410517,-968,52,142
2026-09-13 19:04:43.261,1789337083.2610517,-966,52,140
2026-09-13 19:04:43.281,1789337083.2810516,-967,53,136
2026-09-13 19:04:43.301,1789337083.3010516,-963,53,138
2026-09-13 19:04:43.321,1789337083.3210516,-964,50,137
2026-09-13 19:04:43.341,1789337083.3410516,-963,49,138
2026-09-13 19:04:43.361,1789337083.3610516,-964,53,141
2026-09-13 19:04:43.381,1789337083.3810515,-970,52,139
2026-09-13 19:04:43.401,1789337083.4010515,-965,54,135
2026-09-13 19:04:43.421,1789337083.4210515,-960,54,134
2026-09-13 19:04:43.441,1789337083.4410515,-962,54,136
2026-09-13 19:04:43.461,1789337083.4610517,-966,53,135
2026-09-13 19:04:43.481,1789337083.4810517,-963,50,147
2026-09-13 19:04:43.501,1789337083.5010517,-974,49,132
2026-09-13 19:04:43.521,1789337083.5210516,-956,49,129
2026-09-13 19:04:43.541,1789337083.5410516,-966,49,147
2026-09-13 19:04:43.561,1789337083.5610516,-968,52,148
2026-09-13 19:04:43.581,1789337083.5810516,-966,52,130
2026-09-13 19:04:43.601,1789337083.6010516,-953,53,134
2026-09-13 19:04:43.621,1789337083.6210515,-962,56,139
2026-09-13 19:04:43.641,1789337083.6410515,-972,56,141
2026-09-13 19:04:43.661,1789337083.6610515,-971,51,141
2026-09-13 19:04:43.681,1789337083.6810515,-968,44,142
2026-09-13 19:04:43.701,1789337083.7010515,-965,44,139
2026-09-13 19:04:43.721,1789337083.7210517,-967,49,145
2026-09-13 19:04:43.741,1789337083.7410517,-959,51,140
2026-09-13 19:04:43.761,1789337083.7610517,-959,56,140
2026-09-13 19:04:43.781,1789337083.7810516,-967,62,149
2026-09-13 19:04:43.788,1789337083.7880313,-962,59,139
2026-09-13 19:04:43.808,1789337083.8080313,-959,56,138
2026-09-13 19:04:43.828,1789337083.8280313,-964,56,138
2026-09-13 19:04:43.848,1789337083.8480313,-962,54,142
2026-09-13 19:04:43.868,1789337083.8680313,-965,53,143
2026-09-13 19:04:43.888,1789337083.8880312,-965,50,145
2026-09-13 19:04:43.908,1789337083.9080312,-971,50,140
2026-09-13 19:04:43.928,1789337083.9280314,-963,55,138
2026-09-13 19:04:43.948,1789337083.9480314,-959,53,138
2026-09-13 19:04:43.968,1789337083.9680314,-961,52,143
2026-09-13 19:04:43.988,1789337083.9880314,-968,55,150
2026-09-13 19:04:44.008,1789337084.0080314,-963,59,143
2026-09-13 19:04:44.028,1789337084.0280313,-961,56,143
2026-09-13 19:04:44.048,1789337084.0480313,-965,56,142
2026-09-13 19:04:44.068,1789337084.0680313,-961,56,138
2026-09-13 19:04:44.088,1789337084.0880313,-962,54,137
2026-09-13 19:04:44.108,1789337084.1080313,-963,54,140
2026-09-13 19:04:44.128,1789337084.1280313,-965,54,140
2026-09-13 19:04:44.148,1789337084.1480312,-964,51,144
2026-09-13 19:04:44.168,1789337084.1680315,-971,49,150
2026-09-13 19:04:44.188,1789337084.1880314,-972,51,131
2026-09-13 19:04:44.208,1789337084.2080314,-954,50,144
2026-09-13 19:04:44.228,1789337084.2280314,-964,52,143
2026-09-13 19:04:44.248,1789337084.2480314,-962,52,140
2026-09-13 19:04:44.268,1789337084.2680314,-960,50,131
2026-09-13 19:04:44.288,1789337084.2880313,-957,49,137
2026-09-13 19:04:44.308,1789337084.3080313,-967,52,142
2026-09-13 19:04:44.328,1789337084.3280313,-968,51,144
2026-09-13 19:04:44.348,1789337084.3480313,-969,47,142
2026-09-13 19:04:44.368,1789337084.3680313,-968,45,140
2026-09-13 19:04:44.388,1789337084.3880312,-961,49,138
2026-09-13 19:04:44.408,1789337084.4080312,-961,50,141
2026-09-13 19:04:44.428,1789337084.4280314,-965,46,141
2026-09-13 19:04:44.448,1789337084.4480314,-964,47,141
2026-09-13 19:04:44.468,1789337084.4680314,-966,48,141
2026-09-13 19:04:44.488,1789337084.4880314,-963,46,138
2026-09-13 19:04:44.495,1789337084.495225,-963,45,141
2026-09-13 19:04:44.515,1789337084.515225,-964,45,141
2026-09-13 19:04:44.535,1789337084.535225,-964,49,141
2026-09-13 19:04:44.555,1789337084.555225,-967,49,141
2026-09-13 19:04:44.575,1789337084.5752249,-964,46,141
2026-09-13 19:04:44.595,1789337084.5952249,-963,44,140
2026-09-13 19:04:44.615,1789337084.6152248,-963,48,141
2026-09-13 19:04:44.635,1789337084.635225,-965,48,144
2026-09-13 19:04:44.655,1789337084.655225,-965,49,143
2026-09-13 19:04:44.675,1789337084.675225,-965,46,143
2026-09-13 19:04:44.695,1789337084.695225,-963,46,141
2026-09-13 19:04:44.715,1789337084.715225,-966,46,141
2026-09-13 19:04:44.735,1789337084.735225,-964,48,145
2026-09-13 19:04:44.755,1789337084.755225,-963,47,140
2026-09-13 19:04:44.775,1789337084.775225,-963,50,140
2026-09-13 19:04:44.795,1789337084.795225,-963,47,143
2026-09-13 19:04:44.815,1789337084.815225,-969,47,140
2026-09-13 19:04:44.835,1789337084.8352249,-960,47,146
2026-09-13 19:04:44.855,1789337084.8552248,-972,53,148
2026-09-13 19:04:44.875,1789337084.875225,-977,54,133
2026-09-13 19:04:44.895,1789337084.895225,-965,45,141
2026-09-13 19:04:44.915,1789337084.915225,-953,46,146
2026-09-13 19:04:44.935,1789337084.935225,-970,46,148
2026-09-13 19:04:44.955,1789337084.955225,-974,41,129
2026-09-13 19:04:44.975,1789337084.975225,-964,33,136
2026-09-13 19:04:44.995,1789337084.995225,-970,38,135
2026-09-13 19:04:45.015,1789337085.015225,-968,49,133
2026-09-13 19:04:45.035,1789337085.035225,-969,51,130
2026-09-13 19:04:45.055,1789337085.055225,-967,48,126
2026-09-13 19:04:45.075,1789337085.0752249,-964,45,128
2026-09-13 19:04:45.095,1789337085.0952249,-971,44,127
2026-09-13 19:04:45.115,1789337085.1152248,-974,39,128
2026-09-13 19:04:45.135,1789337085.135225,-969,37,125
2026-09-13 19:04:45.155,1789337085.155225,-966,43,126
2026-09-13 19:04:45.175,1789337085.175225,-967,37,104
2026-09-13 19:04:45.195,1789337085.195225,-959,37,110
2026-09-13 19:04:45.202,1789337085.2021441,-968,38,120
2026-09-13 19:04:45.222,1789337085.2221441,-971,42,117
2026-09-13 19:04:45.242,1789337085.242144,-972,39,114
2026-09-13 19:04:45.262,1789337085.262144,-969,40,111
2026-09-13 19:04:45.282,1789337085.282144,-971,39,107
2026-09-13 19:04:45.302,1789337085.302144,-969,36,102
2026-09-13 19:04:45.322,1789337085.322144,-968,38,100
2026-09-13 19:04:45.342,1789337085.3421443,-969,38,98
2026-09-13 19:04:45.362,1789337085.3621442,-969,41,97
2026-09-13 19:04:45.382,1789337085.3821442,-971,42,97
2026-09-13 19:04:45.402,1789337085.4021442,-968,41,95
2026-09-13 19:04:45.422,1789337085.4221442,-967,41,90
2026-09-13 19:04:45.442,1789337085.4421442,-967,40,87
2026-09-13 19:04:45.462,1789337085.4621441,-972,41,94
2026-09-13 19:04:45.482,1789337085.482144,-977,40,89
2026-09-13 19:04:45.502,1789337085.502144,-973,39,91
2026-09-13 19:04:45.522,1789337085.522144,-972,40,93
2026-09-13 19:04:45.542,1789337085.542144,-974,40,72
2026-09-13 19:04:45.562,1789337085.562144,-968,39,71
2026-09-13 19:04:45.582,1789337085.5821443,-958,43,98
2026-09-13 19:04:45.602,1789337085.6021442,-975,45,110
2026-09-13 19:04:45.622,1789337085.6221442,-984,48,64
2026-09-13 19:04:45.642,1789337085.6421442,-966,35,78
2026-09-13 19:04:45.662,1789337085.6621442,-976,39,91
2026-09-13 19:04:45.682,1789337085.6821442,-972,42,80
2026-09-13 19:04:45.702,1789337085.7021441,-967,41,78
2026-09-13 19:04:45.722,1789337085.7221441,-969,41,75
2026-09-13 19:04:45.742,1789337085.742144,-968,41,82
2026-09-13 19:04:45.762,1789337085.762144,-971,43,82
2026-09-13 19:04:45.782,1789337085.782144,-974,44,79
2026-09-13 19:04:45.802,1789337085.802144,-972,44,82
2026-09-13 19:04:45.822,1789337085.822144,-973,44,83
2026-09-13 19:04:45.842,1789337085.8421443,-973,42,72
2026-09-13 19:04:45.862,1789337085.8621442,-971,41,66
2026-09-13 19:04:45.882,1789337085.8821442,-969,38,79
2026-09-13 19:04:45.902,1789337085.9021442,-976,42,76
2026-09-13 19:04:45.909,1789337085.909063,-973,40,78
2026-09-13 19:04:45.929,1789337085.929063,-973,43,78
2026-09-13 19:04:45.949,1789337085.949063,-972,40,73
2026-09-13 19:04:45.969,1789337085.969063,-971,39,73
2026-09-13 19:04:45.989,1789337085.989063,-971,38,73
2026-09-13 19:04:46.009,1789337086.009063,-972,38,77
2026-09-13 19:04:46.029,1789337086.029063,-974,39,76
2026-09-13 19:04:46.049,1789337086.0490632,-976,39,74
2026-09-13 19:04:46.069,1789337086.0690632,-974,36,71
2026-09-13 19:04:46.089,1789337086.0890632,-968,37,70
2026-09-13 19:04:46.109,1789337086.1090631,-969,38,72
2026-09-13 19:04:46.129,1789337086.1290631,-972,38,78
2026-09-13 19:04:46.149,1789337086.149063,-978,42,74
2026-09-13 19:04:46.169,1789337086.169063,-974,40,63
2026-09-13 19:04:46.189,1789337086.189063,-972,36,68
2026-09-13 19:04:46.209,1789337086.209063,-960,36,101
2026-09-13 19:04:46.229,1789337086.229063,-979,40,74
2026-09-13 19:04:46.249,1789337086.249063,-968,42,42
2026-09-13 19:04:46.269,1789337086.269063,-966,38,80
2026-09-13 19:04:46.289,1789337086.2890632,-987,43,90
2026-09-13 19:04:46.309,1789337086.3090632,-977,44,81
2026-09-13 19:04:46.329,1789337086.3290632,-967,39,78
2026-09-13 19:04:46.349,1789337086.3490632,-972,39,78
2026-09-13 19:04:46.369,1789337086.3690631,-969,40,76
2026-09-13 19:04:46.389,1789337086.3890631,-971,38,72
2026-09-13 19:04:46.409,1789337086.409063,-973,40,75
2026-09-13 19:04:46.429,1789337086.429063,-971,40,85
2026-09-13 19:04:46.449,1789337086.449063,-973,40,87
2026-09-13 19:04:46.469,1789337086.469063,-972,42,67
2026-09-13 19:04:46.489,1789337086.489063,-970,38,63
2026-09-13 19:04:46.509,1789337086.509063,-968,40,78
2026-09-13 19:04:46.529,1789337086.529063,-980,40,74
2026-09-13 19:04:46.549,1789337086.5490632,-975,41,77
2026-09-13 19:04:46.569,1789337086.5690632,-971,40,75
2026-09-13 19:04:46.589,1789337086.5890632,-968,40,73
2026-09-13 19:04:46.609,1789337086.6090631,-972,39,73
2026-09-13 19:04:46.616,1789337086.6160126,-970,39,69
2026-09-13 19:04:46.636,1789337086.6360126,-973,38,72
2026-09-13 19:04:46.656,1789337086.6560125,-971,37,71
2026-09-13 19:04:46.676,1789337086.6760125,-974,39,67
2026-09-13 19:04:46.696,1789337086.6960125,-973,39,68
2026-09-13 19:04:46.716,1789337086.7160125,-973,39,67
2026-09-13 19:04:46.736,1789337086.7360125,-976,40,74
2026-09-13 19:04:46.756,1789337086.7560127,-975,40,53
2026-09-13 19:04:46.776,1789337086.7760127,-972,38,48
2026-09-13 19:04:46.796,1789337086.7960126,-973,39,63
2026-09-13 19:04:46.816,1789337086.8160126,-972,36,99
2026-09-13 19:04:46.836,1789337086.8360126,-983,38,44
2026-09-13 19:04:46.856,1789337086.8560126,-963,41,38
2026-09-13 19:04:46.876,1789337086.8760126,-975,39,75
2026-09-13 19:04:46.896,1789337086.8960125,-991,45,69
2026-09-13 19:04:46.916,1789337086.9160125,-974,39,65
2026-09-13 19:04:46.936,1789337086.9360125,-966,35,57
2026-09-13 19:04:46.956,1789337086.9560125,-962,39,60
2026-09-13 19:04:46.976,1789337086.9760125,-969,35,54
2026-09-13 19:04:46.996,1789337086.9960127,-971,35,61
2026-09-13 19:04:47.016,1789337087.0160127,-974,35,67
2026-09-13 19:04:47.036,1789337087.0360126,-977,39,71
2026-09-13 19:04:47.056,1789337087.0560126,-976,41,64
2026-09-13 19:04:47.076,1789337087.0760126,-966,41,48
2026-09-13 19:04:47.096,1789337087.0960126,-952,39,64
2026-09-13 19:04:47.116,1789337087.1160126,-971,42,63
2026-09-13 19:04:47.136,1789337087.1360126,-974,42,59
2026-09-13 19:04:47.156,1789337087.1560125,-967,47,56
2026-09-13 19:04:47.176,1789337087.1760125,-964,47,51
2026-09-13 19:04:47.196,1789337087.1960125,-971,47,53
2026-09-13 19:04:47.216,1789337087.2160125,-973,42,57
2026-09-13 19:04:47.236,1789337087.2360125,-974,39,61
2026-09-13 19:04:47.256,1789337087.2560127,-974,41,61
2026-09-13 19:04:47.276,1789337087.2760127,-974,42,60
2026-09-13 19:04:47.296,1789337087.2960126,-973,44,52
2026-09-13 19:04:47.316,1789337087.3160126,-973,45,49
2026-09-13 19:04:47.322,1789337087.322779,-971,46,55
2026-09-13 19:04:47.342,1789337087.342779,-977,46,40
2026-09-13 19:04:47.362,1789337087.362779,-975,46,37
2026-09-13 19:04:47.382,1789337087.382779,-973,44,48
2026-09-13 19:04:47.402,1789337087.4027789,-969,43,91
2026-09-13 19:04:47.422,1789337087.4227788,-991,45,47
2026-09-13 19:04:47.442,1789337087.4427788,-960,41,20
2026-09-13 19:04:47.462,1789337087.462779,-960,39,59
2026-09-13 19:04:47.482,1789337087.482779,-991,46,66
2026-09-13 19:04:47.502,1789337087.502779,-979,44,63
2026-09-13 19:04:47.522,1789337087.522779,-975,39,54
2026-09-13 19:04:47.542,1789337087.542779,-973,42,46
2026-09-13 19:04:47.562,1789337087.562779,-968,44,47
2026-09-13 19:04:47.582,1789337087.582779,-971,40,49
2026-09-13 19:04:47.602,1789337087.602779,-972,39,57
2026-09-13 19:04:47.622,1789337087.622779,-974,42,68
2026-09-13 19:04:47.642,1789337087.6427789,-983,44,66
2026-09-13 19:04:47.662,1789337087.6627789,-980,45,45
2026-09-13 19:04:47.682,1789337087.6827788,-968,41,49
2026-09-13 19:04:47.702,1789337087.702779,-972,41,59
2026-09-13 19:04:47.722,1789337087.722779,-977,43,60
2026-09-13 19:04:47.742,1789337087.742779,-974,40,62
2026-09-13 19:04:47.762,1789337087.762779,-974,43,66
2026-09-13 19:04:47.782,1789337087.782779,-977,43,59
2026-09-13 19:04:47.802,1789337087.802779,-971,44,56
2026-09-13 19:04:47.822,1789337087.822779,-971,38,58
2026-09-13 19:04:47.842,1789337087.842779,-974,38,61
2026-09-13 19:04:47.862,1789337087.862779,-974,42,61
2026-09-13 19:04:47.882,1789337087.882779,-975,42,63
2026-09-13 19:04:47.902,1789337087.9027789,-973,43,64
2026-09-13 19:04:47.922,1789337087.9227788,-971,42,71
2026-09-13 19:04:47.942,1789337087.9427788,-977,44,47
2026-09-13 19:04:47.962,1789337087.962779,-969,40,58
2026-09-13 19:04:47.982,1789337087.982779,-969,39,83
2026-09-13 19:04:48.002,1789337088.002779,-977,44,105
2026-09-13 19:04:48.022,1789337088.022779,-990,46,52
2026-09-13 19:04:48.029,1789337088.029942,-961,39,53
2026-09-13 19:04:48.049,1789337088.049942,-961,38,78
2026-09-13 19:04:48.069,1789337088.069942,-971,45,80
2026-09-13 19:04:48.089,1789337088.089942,-973,43,85
2026-09-13 19:04:48.109,1789337088.109942,-975,41,78
2026-09-13 19:04:48.129,1789337088.129942,-971,40,76
2026-09-13 19:04:48.149,1789337088.149942,-971,44,78
2026-09-13 19:04:48.169,1789337088.1699421,-973,40,79
2026-09-13 19:04:48.189,1789337088.1899421,-973,41,81
2026-09-13 19:04:48.209,1789337088.209942,-972,39,95
2026-09-13 19:04:48.229,1789337088.229942,-978,43,75
2026-09-13 19:04:48.249,1789337088.249942,-965,40,76
2026-09-13 19:04:48.269,1789337088.269942,-966,38,86
2026-09-13 19:04:48.289,1789337088.289942,-975,39,81
2026-09-13 19:04:48.309,1789337088.309942,-971,41,90
2026-09-13 19:04:48.329,1789337088.329942,-974,40,93
2026-09-13 19:04:48.349,1789337088.349942,-975,41,93
2026-09-13 19:04:48.369,1789337088.369942,-972,41,87
2026-09-13 19:04:48.389,1789337088.389942,-968,41,90
2026-09-13 19:04:48.409,1789337088.4099422,-972,38,90
2026-09-13 19:04:48.429,1789337088.4299421,-971,39,96
2026-09-13 19:04:48.449,1789337088.449942,-972,42,96
2026-09-13 19:04:48.469,1789337088.469942,-970,41,93
2026-09-13 19:04:48.489,1789337088.489942,-964,39,101
2026-09-13 19:04:48.509,1789337088.509942,-972,39,96
2026-09-13 19:04:48.529,1789337088.529942,-978,41,77
2026-09-13 19:04:48.549,1789337088.549942,-953,40,99
2026-09-13 19:04:48.569,1789337088.569942,-967,37,123
2026-09-13 19:04:48.589,1789337088.589942,-982,44,113
2026-09-13 19:04:48.609,1789337088.609942,-974,40,82
2026-09-13 19:04:48.629,1789337088.629942,-963,37,99
2026-09-13 19:04:48.649,1789337088.649942,-968,44,115
2026-09-13 19:04:48.669,1789337088.6699421,-971,45,121
2026-09-13 19:04:48.689,1789337088.6899421,-972,40,116
2026-09-13 19:04:48.709,1789337088.709942,-969,38,104
2026-09-13 19:04:48.729,1789337088.729942,-964,42,102
2026-09-13 19:04:48.737,1789337088.7371967,-967,42,114
2026-09-13 19:04:48.757,1789337088.7571967,-972,39,120
2026-09-13 19:04:48.777,1789337088.7771966,-972,37,122
2026-09-13 19:04:48.797,1789337088.7971966,-972,41,120
2026-09-13 19:04:48.817,1789337088.8171966,-971,43,107
2026-09-13 19:04:48.837,1789337088.8371966,-958,43,118
2026-09-13 19:04:48.857,1789337088.8571966,-967,43,115
2026-09-13 19:04:48.877,1789337088.8771968,-968,49,121
2026-09-13 19:04:48.897,1789337088.8971968,-970,44,127
2026-09-13 19:04:48.917,1789337088.9171968,-971,42,125
2026-09-13 19:04:48.937,1789337088.9371967,-967,41,125
2026-09-13 19:04:48.957,1789337088.9571967,-965,41,122
2026-09-13 19:04:48.977,1789337088.9771967,-965,41,126
2026-09-13 19:04:48.997,1789337088.9971967,-967,37,128
2026-09-13 19:04:49.017,1789337089.0171967,-966,39,128
2026-09-13 19:04:49.037,1789337089.0371966,-966,41,124
2026-09-13 19:04:49.057,1789337089.0571966,-966,41,123
2026-09-13 19:04:49.077,1789337089.0771966,-959,40,129
2026-09-13 19:04:49.097,1789337089.0971966,-972,46,128
2026-09-13 19:04:49.117,1789337089.1171968,-972,43,109
2026-09-13 19:04:49.137,1789337089.1371968,-949,41,131
2026-09-13 19:04:49.157,1789337089.1571968,-964,40,149
2026-09-13 19:04:49.177,1789337089.1771967,-976,46,135
2026-09-13 19:04:49.197,1789337089.1971967,-965,46,111
2026-09-13 19:04:49.217,1789337089.2171967,-952,44,120
2026-09-13 19:04:49.237,1789337089.2371967,-962,46,134
2026-09-13 19:04:49.257,1789337089.2571967,-967,49,138
2026-09-13 19:04:49.277,1789337089.2771966,-970,47,136
2026-09-13 19:04:49.297,1789337089.2971966,-969,43,137
2026-09-13 19:04:49.317,1789337089.3171966,-968,48,135
2026-09-13 19:04:49.337,1789337089.3371966,-971,49,137
2026-09-13 19:04:49.357,1789337089.3571966,-970,46,137
2026-09-13 19:04:49.377,1789337089.3771968,-966,47,137
2026-09-13 19:04:49.397,1789337089.3971968,-969,51,137
2026-09-13 19:04:49.417,1789337089.4171968,-966,49,131
2026-09-13 19:04:49.437,1789337089.4371967,-959,48,135
2026-09-13 19:04:49.444,1789337089.4443595,-966,46,136
2026-09-13 19:04:49.464,1789337089.4643595,-967,50,138
2026-09-13 19:04:49.484,1789337089.4843595,-967,47,140
2026-09-13 19:04:49.504,1789337089.5043595,-963,43,136
2026-09-13 19:04:49.524,1789337089.5243595,-956,45,130
2026-09-13 19:04:49.544,1789337089.5443594,-956,51,137
2026-09-13 19:04:49.564,1789337089.5643594,-967,50,139
2026-09-13 19:04:49.584,1789337089.5843596,-967,42,142
2026-09-13 19:04:49.604,1789337089.6043596,-970,41,142
2026-09-13 19:04:49.624,1789337089.6243596,-966,43,138
2026-09-13 19:04:49.644,1789337089.6443596,-967,47,141
2026-09-13 19:04:49.664,1789337089.6643596,-964,48,139
2026-09-13 19:04:49.684,1789337089.6843596,-965,48,140
2026-09-13 19:04:49.704,1789337089.7043595,-971,48,135
2026-09-13 19:04:49.724,1789337089.7243595,-954,45,136
2026-09-13 19:04:49.744,1789337089.7443595,-957,44,153
2026-09-13 19:04:49.764,1789337089.7643595,-970,46,154
2026-09-13 19:04:49.784,1789337089.7843595,-968,45,133
2026-09-13 19:04:49.804,1789337089.8043594,-948,42,139
2026-09-13 19:04:49.824,1789337089.8243597,-969,40,144
2026-09-13 19:04:49.844,1789337089.8443596,-966,42,147
2026-09-13 19:04:49.864,1789337089.8643596,-964,40,141
2026-09-13 19:04:49.884,1789337089.8843596,-962,41,140
2026-09-13 19:04:49.904,1789337089.9043596,-965,40,138
2026-09-13 19:04:49.924,1789337089.9243596,-960,42,140
2026-09-13 19:04:49.944,1789337089.9443595,-963,42,146
2026-09-13 19:04:49.964,1789337089.9643595,-968,41,143
2026-09-13 19:04:49.984,1789337089.9843595,-964,44,140
2026-09-13 19:04:50.004,1789337090.0043595,-961,43,140
2026-09-13 19:04:50.024,1789337090.0243595,-961,40,142
2026-09-13 19:04:50.044,1789337090.0443594,-962,42,146
2026-09-13 19:04:50.064,1789337090.0643594,-966,48,146
2026-09-13 19:04:50.084,1789337090.0843596,-964,48,147
2026-09-13 19:04:50.104,1789337090.1043596,-964,47,143
2026-09-13 19:04:50.124,1789337090.1243596,-965,45,144
2026-09-13 19:04:50.144,1789337090.1443596,-962,49,141
2026-09-13 19:04:50.151,1789337090.1515532,-963,44,141
2026-09-13 19:04:50.171,1789337090.1715531,-959,45,137
2026-09-13 19:04:50.191,1789337090.191553,-960,44,140
2026-09-13 19:04:50.211,1789337090.211553,-965,47,144
2026-09-13 19:04:50.231,1789337090.231553,-968,48,144
2026-09-13 19:04:50.251,1789337090.251553,-966,47,142
2026-09-13 19:04:50.271,1789337090.271553,-961,47,146
2026-09-13 19:04:50.291,1789337090.2915533,-968,48,143
2026-09-13 19:04:50.311,1789337090.3115532,-962,46,130
2026-09-13 19:04:50.331,1789337090.3315532,-954,42,142
2026-09-13 19:04:50.351,1789337090.3515532,-958,46,157
2026-09-13 19:04:50.371,1789337090.3715532,-972,45,143
2026-09-13 19:04:50.391,1789337090.3915532,-959,47,136
2026-09-13 19:04:50.411,1789337090.4115531,-961,41,139
2026-09-13 19:04:50.431,1789337090.4315531,-965,42,147
2026-09-13 19:04:50.451,1789337090.451553,-964,47,151
2026-09-13 19:04:50.471,1789337090.471553,-970,46,147
2026-09-13 19:04:50.491,1789337090.491553,-964,45,142
2026-09-13 19:04:50.511,1789337090.511553,-958,44,142
2026-09-13 19:04:50.531,1789337090.5315533,-965,44,143
2026-09-13 19:04:50.551,1789337090.5515532,-965,43,142
2026-09-13 19:04:50.571,1789337090.5715532,-964,45,142
2026-09-13 19:04:50.591,1789337090.5915532,-966,47,143
2026-09-13 19:04:50.611,1789337090.6115532,-965,43,141
2026-09-13 19:04:50.631,1789337090.6315532,-964,43,146
2026-09-13 19:04:50.651,1789337090.6515532,-963,44,144
2026-09-13 19:04:50.671,1789337090.6715531,-964,45,143
2026-09-13 19:04:50.691,1789337090.691553,-962,43,143
2026-09-13 19:04:50.711,1789337090.711553,-963,44,144
2026-09-13 19:04:50.731,1789337090.731553,-965,49,148
2026-09-13 19:04:50.751,1789337090.751553,-964,48,149
2026-09-13 19:04:50.771,1789337090.771553,-967,45,149
2026-09-13 19:04:50.791,1789337090.7915533,-970,41,150
2026-09-13 19:04:50.811,1789337090.8115532,-968,43,147
2026-09-13 19:04:50.831,1789337090.8315532,-973,45,139
2026-09-13 19:04:50.851,1789337090.8515532,-967,46,131
2026-09-13 19:04:50.858,1789337090.858686,-944,44,131
2026-09-13 19:04:50.878,1789337090.878686,-958,45,142
2026-09-13 19:04:50.898,1789337090.898686,-975,48,139
2026-09-13 19:04:50.918,1789337090.918686,-970,45,138
2026-09-13 19:04:50.938,1789337090.938686,-968,45,132
2026-09-13 19:04:50.958,1789337090.9586859,-954,45,143
2026-09-13 19:04:50.978,1789337090.9786859,-975,49,117
2026-09-13 19:04:50.998,1789337090.998686,-960,41,111
2026-09-13 19:04:51.018,1789337091.018686,-961,35,128
2026-09-13 19:04:51.038,1789337091.038686,-971,43,125
2026-09-13 19:04:51.058,1789337091.058686,-969,49,123
2026-09-13 19:04:51.078,1789337091.078686,-967,49,120
2026-09-13 19:04:51.098,1789337091.098686,-967,49,119
2026-09-13 19:04:51.118,1789337091.118686,-966,42,123
2026-09-13 19:04:51.138,1789337091.138686,-973,39,121
2026-09-13 19:04:51.158,1789337091.158686,-974,39,114
2026-09-13 19:04:51.178,1789337091.178686,-969,45,114
2026-09-13 19:04:51.198,1789337091.198686,-969,43,103
2026-09-13 19:04:51.218,1789337091.2186859,-968,39,101
2026-09-13 19:04:51.238,1789337091.238686,-969,40,106
2026-09-13 19:04:51.258,1789337091.258686,-973,46,109
2026-09-13 19:04:51.278,1789337091.278686,-980,42,114
2026-09-13 19:04:51.298,1789337091.298686,-976,37,100
2026-09-13 19:04:51.318,1789337091.318686,-969,42,94
2026-09-13 19:04:51.338,1789337091.338686,-967,44,94
2026-09-13 19:04:51.358,1789337091.358686,-968,42,90
2026-09-13 19:04:51.378,1789337091.378686,-969,40,91
2026-09-13 19:04:51.398,1789337091.398686,-971,43,86
2026-09-13 19:04:51.418,1789337091.418686,-973,45,85
2026-09-13 19:04:51.438,1789337091.438686,-973,46,81
2026-09-13 19:04:51.458,1789337091.4586859,-968,44,88
2026-09-13 19:04:51.478,1789337091.4786859,-978,47,80
2026-09-13 19:04:51.498,1789337091.498686,-974,44,69
2026-09-13 19:04:51.518,1789337091.518686,-971,40,60
2026-09-13 19:04:51.538,1789337091.538686,-948,42,103
2026-09-13 19:04:51.558,1789337091.558686,-982,47,92
2026-09-13 19:04:51.565,1789337091.565727,-976,50,57
2026-09-13 19:04:51.585,1789337091.585727,-960,46,74
2026-09-13 19:04:51.605,1789337091.605727,-978,46,84
2026-09-13 19:04:51.625,1789337091.625727,-974,47,71
2026-09-13 19:04:51.645,1789337091.645727,-971,43,74
2026-09-13 19:04:51.665,1789337091.665727,-975,42,73
2026-09-13 19:04:51.685,1789337091.685727,-975,42,76
2026-09-13 19:04:51.705,1789337091.705727,-976,40,71
2026-09-13 19:04:51.725,1789337091.725727,-971,42,72
2026-09-13 19:04:51.745,1789337091.745727,-974,41,72
2026-09-13 19:04:51.765,1789337091.765727,-972,44,74
2026-09-13 19:04:51.785,1789337091.785727,-972,41,56
2026-09-13 19:04:51.805,1789337091.805727,-965,40,57
2026-09-13 19:04:51.825,1789337091.825727,-967,41,72
2026-09-13 19:04:51.845,1789337091.845727,-976,45,70
2026-09-13 19:04:51.865,1789337091.865727,-979,44,71
2026-09-13 19:04:51.885,1789337091.885727,-976,45,71
2026-09-13 19:04:51.905,1789337091.905727,-973,45,67
2026-09-13 19:04:51.925,1789337091.925727,-972,41,65
2026-09-13 19:04:51.945,1789337091.945727,-969,41,57
2026-09-13 19:04:51.965,1789337091.965727,-970,39,54
2026-09-13 19:04:51.985,1789337091.985727,-968,43,58
2026-09-13 19:04:52.005,1789337092.005727,-970,45,62
2026-09-13 19:04:52.025,1789337092.025727,-972,45,71
2026-09-13 19:04:52.045,1789337092.045727,-977,48,55
2026-09-13 19:04:52.065,1789337092.065727,-977,47,50
2026-09-13 19:04:52.085,1789337092.085727,-973,44,46
2026-09-13 19:04:52.105,1789337092.105727,-959,43,104
2026-09-13 19:04:52.125,1789337092.125727,-987,49,52
2026-09-13 19:04:52.145,1789337092.145727,-969,45,31
2026-09-13 19:04:52.165,1789337092.165727,-969,43,74
2026-09-13 19:04:52.185,1789337092.185727,-986,46,71
2026-09-13 19:04:52.205,1789337092.205727,-973,51,66
2026-09-13 19:04:52.225,1789337092.225727,-971,49,61
2026-09-13 19:04:52.245,1789337092.245727,-967,48,59
2026-09-13 19:04:52.265,1789337092.265727,-973,47,63
2026-09-13 19:04:52.272,1789337092.2722797,-976,46,62
2026-09-13 19:04:52.292,1789337092.2922797,-976,44,60
2026-09-13 19:04:52.312,1789337092.3122797,-974,48,62
2026-09-13 19:04:52.332,1789337092.3322797,-971,46,66
2026-09-13 19:04:52.352,1789337092.3522797,-971,47,42
2026-09-13 19:04:52.372,1789337092.3722796,-967,44,60
2026-09-13 19:04:52.392,1789337092.3922796,-979,49,61
2026-09-13 19:04:52.412,1789337092.4122798,-975,52,59
2026-09-13 19:04:52.432,1789337092.4322798,-971,49,60
2026-09-13 19:04:52.452,1789337092.4522798,-977,51,64
2026-09-13 19:04:52.472,1789337092.4722798,-977,51,61
2026-09-13 19:04:52.492,1789337092.4922798,-973,51,52
2026-09-13 19:04:52.512,1789337092.5122797,-967,49,56
2026-09-13 19:04:52.532,1789337092.5322797,-968,48,59
2026-09-13 19:04:52.552,1789337092.5522797,-972,51,52
2026-09-13 19:04:52.572,1789337092.5722797,-978,52,59
2026-09-13 19:04:52.592,1789337092.5922797,-974,51,58
2026-09-13 19:04:52.612,1789337092.6122797,-974,53,44
2026-09-13 19:04:52.632,1789337092.6322796,-975,51,37
2026-09-13 19:04:52.652,1789337092.6522799,-958,48,98
2026-09-13 19:04:52.672,1789337092.6722798,-989,48,68
2026-09-13 19:04:52.692,1789337092.6922798,-953,50,18
2026-09-13 19:04:52.712,1789337092.7122798,-951,52,63
2026-09-13 19:04:52.732,1789337092.7322798,-980,54,72
2026-09-13 19:04:52.752,1789337092.7522798,-981,52,61
2026-09-13 19:04:52.772,1789337092.7722797,-978,52,60
2026-09-13 19:04:52.792,1789337092.7922797,-978,57,54
2026-09-13 19:04:52.812,1789337092.8122797,-971,56,52
2026-09-13 19:04:52.832,1789337092.8322797,-973,54,46
2026-09-13 19:04:52.852,1789337092.8522797,-971,54,47
2026-09-13 19:04:52.872,1789337092.8722796,-972,56,59
2026-09-13 19:04:52.892,1789337092.8922796,-978,58,61
2026-09-13 19:04:52.912,1789337092.9122798,-972,56,35
2026-09-13 19:04:52.932,1789337092.9322798,-960,55,53
2026-09-13 19:04:52.952,1789337092.9522798,-982,58,57
2026-09-13 19:04:52.972,1789337092.9722798,-987,57,61
2026-09-13 19:04:52.979,1789337092.9793818,-979,53,54
2026-09-13 19:04:52.999,1789337092.9993818,-975,56,52
2026-09-13 19:04:53.019,1789337093.0193818,-972,53,51
2026-09-13 19:04:53.039,1789337093.0393817,-971,56,42
2026-09-13 19:04:53.059,1789337093.0593817,-968,55,43
2026-09-13 19:04:53.079,1789337093.0793817,-976,52,48
2026-09-13 19:04:53.099,1789337093.0993817,-978,58,50
2026-09-13 19:04:53.119,1789337093.119382,-976,60,47
2026-09-13 19:04:53.139,1789337093.139382,-973,61,30
2026-09-13 19:04:53.159,1789337093.1593819,-965,61,36
2026-09-13 19:04:53.179,1789337093.1793818,-970,56,29
2026-09-13 19:04:53.199,1789337093.1993818,-968,55,86
2026-09-13 19:04:53.219,1789337093.2193818,-985,54,36
2026-09-13 19:04:53.239,1789337093.2393818,-952,57,22
2026-09-13 19:04:53.259,1789337093.2593818,-975,59,54
2026-09-13 19:04:53.279,1789337093.2793818,-993,62,54
2026-09-13 19:04:53.299,1789337093.2993817,-972,58,49
2026-09-13 19:04:53.319,1789337093.3193817,-958,57,45
2026-09-13 19:04:53.339,1789337093.3393817,-960,56,46
2026-09-13 19:04:53.359,1789337093.359382,-962,57,45
2026-09-13 19:04:53.379,1789337093.379382,-961,54,53
2026-09-13 19:04:53.399,1789337093.3993819,-967,54,55
2026-09-13 19:04:53.419,1789337093.4193819,-970,52,68
2026-09-13 19:04:53.439,1789337093.4393818,-975,53,53
2026-09-13 19:04:53.459,1789337093.4593818,-960,59,31
2026-09-13 19:04:53.479,1789337093.4793818,-962,59,55
2026-09-13 19:04:53.499,1789337093.4993818,-983,59,50
2026-09-13 19:04:53.519,1789337093.5193818,-989,55,43
2026-09-13 19:04:53.539,1789337093.5393817,-973,55,48
2026-09-13 19:04:53.559,1789337093.5593817,-972,54,47
2026-09-13 19:04:53.579,1789337093.5793817,-971,55,46
2026-09-13 19:04:53.599,1789337093.5993817,-970,53,41
2026-09-13 19:04:53.619,1789337093.619382,-973,54,43
2026-09-13 19:04:53.639,1789337093.639382,-974,54,43
2026-09-13 19:04:53.659,1789337093.6593819,-975,50,47
2026-09-13 19:04:53.679,1789337093.6793818,-977,47,49
2026-09-13 19:04:53.686,1789337093.6861784,-976,53,29
2026-09-13 19:04:53.706,1789337093.7061784,-975,52,34
2026-09-13 19:04:53.726,1789337093.7261784,-970,52,34
2026-09-13 19:04:53.746,1789337093.7461784,-971,51,90
2026-09-13 19:04:53.766,1789337093.7661784,-995,53,21
2026-09-13 19:04:53.786,1789337093.7861784,-950,53,20
2026-09-13 19:04:53.806,1789337093.8061783,-966,51,53
2026-09-13 19:04:53.826,1789337093.8261786,-992,54,55
2026-09-13 19:04:53.846,1789337093.8461785,-983,51,48
2026-09-13 19:04:53.866,1789337093.8661785,-974,47,46
2026-09-13 19:04:53.886,1789337093.8861785,-971,53,46
2026-09-13 19:04:53.906,1789337093.9061785,-971,48,49
2026-09-13 19:04:53.926,1789337093.9261785,-975,48,48
2026-09-13 19:04:53.946,1789337093.9461784,-976,46,58
2026-09-13 19:04:53.966,1789337093.9661784,-980,50,61
2026-09-13 19:04:53.986,1789337093.9861784,-975,52,38
2026-09-13 19:04:54.006,1789337094.0061784,-962,47,48
2026-09-13 19:04:54.026,1789337094.0261784,-974,44,58
2026-09-13 19:04:54.046,1789337094.0461783,-980,50,52
2026-09-13 19:04:54.066,1789337094.0661786,-973,49,57
2026-09-13 19:04:54.086,1789337094.0861785,-974,47,58
2026-09-13 19:04:54.106,1789337094.1061785,-975,48,59
2026-09-13 19:04:54.126,1789337094.1261785,-974,47,57
2026-09-13 19:04:54.146,1789337094.1461785,-971,48,53
2026-09-13 19:04:54.166,1789337094.1661785,-973,47,54
2026-09-13 19:04:54.186,1789337094.1861784,-974,47,53
2026-09-13 19:04:54.206,1789337094.2061784,-972,45,69
2026-09-13 19:04:54.226,1789337094.2261784,-979,50,51
2026-09-13 19:04:54.246,1789337094.2461784,-976,49,52
2026-09-13 19:04:54.266,1789337094.2661784,-970,42,53
2026-09-13 19:04:54.286,1789337094.2861784,-962,44,99
2026-09-13 19:04:54.306,1789337094.3061783,-995,53,69
2026-09-13 19:04:54.326,1789337094.3261786,-974,42,34
2026-09-13 19:04:54.346,1789337094.3461785,-945,46,65
2026-09-13 19:04:54.366,1789337094.3661785,-977,50,79
2026-09-13 19:04:54.386,1789337094.3861785,-978,51,81
2026-09-13 19:04:54.393,1789337094.3932502,-980,46,76
2026-09-13 19:04:54.413,1789337094.4132502,-975,45,65
2026-09-13 19:04:54.433,1789337094.4332502,-968,48,71
2026-09-13 19:04:54.453,1789337094.4532502,-969,46,73
2026-09-13 19:04:54.473,1789337094.4732502,-972,42,78
2026-09-13 19:04:54.493,1789337094.4932501,-973,43,81
2026-09-13 19:04:54.513,1789337094.51325,-978,46,65
2026-09-13 19:04:54.533,1789337094.5332503,-966,48,71
2026-09-13 19:04:54.553,1789337094.5532503,-969,44,78
2026-09-13 19:04:54.573,1789337094.5732503,-980,46,84
2026-09-13 19:04:54.593,1789337094.5932503,-974,45,85
2026-09-13 19:04:54.613,1789337094.6132503,-975,45,81
2026-09-13 19:04:54.633,1789337094.6332502,-970,45,77
2026-09-13 19:04:54.653,1789337094.6532502,-969,45,76
2026-09-13 19:04:54.673,1789337094.6732502,-969,46,79
2026-09-13 19:04:54.693,1789337094.6932502,-972,42,80
2026-09-13 19:04:54.713,1789337094.7132502,-975,39,79
2026-09-13 19:04:54.733,1789337094.7332501,-972,41,84
2026-09-13 19:04:54.753,1789337094.7532501,-970,44,92
2026-09-13 19:04:54.773,1789337094.7732503,-979,46,68
2026-09-13 19:04:54.793,1789337094.7932503,-966,47,78
2026-09-13 19:04:54.813,1789337094.8132503,-968,42,104
2026-09-13 19:04:54.833,1789337094.8332503,-978,49,126
2026-09-13 19:04:54.853,1789337094.8532503,-987,48,72
2026-09-13 19:04:54.873,1789337094.8732502,-953,41,68
2026-09-13 19:04:54.893,1789337094.8932502,-954,44,94
2026-09-13 19:04:54.913,1789337094.9132502,-973,50,102
2026-09-13 19:04:54.933,1789337094.9332502,-972,49,106
2026-09-13 19:04:54.953,1789337094.9532502,-976,42,100
2026-09-13 19:04:54.973,1789337094.9732502,-971,44,92
2026-09-13 19:04:54.993,1789337094.9932501,-967,48,93
2026-09-13 19:04:55.013,1789337095.01325,-970,44,96
2026-09-13 19:04:55.033,1789337095.0332503,-972,44,100
2026-09-13 19:04:55.053,1789337095.0532503,-975,45,104
2026-09-13 19:04:55.073,1789337095.0732503,-973,44,91
2026-09-13 19:04:55.093,1789337095.0932503,-966,44,97
2026-09-13 19:04:55.100,1789337095.10023,-970,43,96
2026-09-13 19:04:55.120,1789337095.12023,-969,47,103
2026-09-13 19:04:55.140,1789337095.14023,-973,47,113
2026-09-13 19:04:55.160,1789337095.16023,-976,46,104
2026-09-13 19:04:55.180,1789337095.18023,-968,48,104
2026-09-13 19:04:55.200,1789337095.20023,-965,47,103
2026-09-13 19:04:55.220,1789337095.2202299,-970,45,106
2026-09-13 19:04:55.240,1789337095.24023,-971,45,102
2026-09-13 19:04:55.260,1789337095.26023,-970,45,110
2026-09-13 19:04:55.280,1789337095.28023,-973,45,112
2026-09-13 19:04:55.300,1789337095.30023,-968,44,121
2026-09-13 19:04:55.320,1789337095.32023,-979,45,98
2026-09-13 19:04:55.340,1789337095.34023,-963,48,92
2026-09-13 19:04:55.360,1789337095.36023,-958,46,121
2026-09-13 19:04:55.380,1789337095.38023,-966,50,140
2026-09-13 19:04:55.400,1789337095.40023,-980,55,107
2026-09-13 19:04:55.420,1789337095.42023,-959,47,99
2026-09-13 19:04:55.440,1789337095.44023,-958,46,116
2026-09-13 19:04:55.460,1789337095.4602299,-969,51,129
2026-09-13 19:04:55.480,1789337095.48023,-972,50,127
2026-09-13 19:04:55.500,1789337095.50023,-970,46,124
2026-09-13 19:04:55.520,1789337095.52023,-969,45,124
2026-09-13 19:04:55.540,1789337095.54023,-967,48,124
2026-09-13 19:04:55.560,1789337095.56023,-969,51,129
2026-09-13 19:04:55.580,1789337095.58023,-973,47,127
2026-09-13 19:04:55.600,1789337095.60023,-969,48,128
2026-09-13 19:04:55.620,1789337095.62023,-969,48,115
2026-09-13 19:04:55.640,1789337095.64023,-958,48,126
2026-09-13 19:04:55.660,1789337095.66023,-968,44,129
2026-09-13 19:04:55.680,1789337095.68023,-967,52,132
2026-09-13 19:04:55.700,1789337095.70023,-963,54,133
2026-09-13 19:04:55.720,1789337095.7202299,-967,55,132
2026-09-13 19:04:55.740,1789337095.74023,-967,56,130
2026-09-13 19:04:55.760,1789337095.76023,-964,58,127
2026-09-13 19:04:55.780,1789337095.78023,-967,54,130
2026-09-13 19:04:55.800,1789337095.80023,-966,53,133
2026-09-13 19:04:55.807,1789337095.8072102,-966,54,135
2026-09-13 19:04:55.827,1789337095.8272102,-966,57,134
2026-09-13 19:04:55.847,1789337095.8472102,-969,56,133
2026-09-13 19:04:55.867,1789337095.8672101,-960,57,135
2026-09-13 19:04:55.887,1789337095.8872101,-969,59,136
2026-09-13 19:04:55.907,1789337095.90721,-968,57,117
2026-09-13 19:04:55.927,1789337095.92721,-950,56,127
2026-09-13 19:04:55.947,1789337095.9472103,-957,55,142
2026-09-13 19:04:55.967,1789337095.9672103,-973,52,130
2026-09-13 19:04:55.987,1789337095.9872103,-964,49,111
2026-09-13 19:04:56.007,1789337096.0072103,-960,44,119
2026-09-13 19:04:56.027,1789337096.0272102,-965,52,136
2026-09-13 19:04:56.047,1789337096.0472102,-971,55,135
2026-09-13 19:04:56.067,1789337096.0672102,-970,51,133
2026-09-13 19:04:56.087,1789337096.0872102,-971,48,126
2026-09-13 19:04:56.107,1789337096.1072102,-968,49,126
2026-09-13 19:04:56.127,1789337096.1272101,-966,49,128
2026-09-13 19:04:56.147,1789337096.1472101,-969,53,132
2026-09-13 19:04:56.167,1789337096.16721,-967,53,132
2026-09-13 19:04:56.187,1789337096.1872103,-968,52,123
2026-09-13 19:04:56.207,1789337096.2072103,-965,48,121
2026-09-13 19:04:56.227,1789337096.2272103,-968,49,126
2026-09-13 19:04:56.247,1789337096.2472103,-971,54,125
2026-09-13 19:04:56.267,1789337096.2672102,-966,56,131
2026-09-13 19:04:56.287,1789337096.2872102,-969,55,129
2026-09-13 19:04:56.307,1789337096.3072102,-967,53,127
2026-09-13 19:04:56.327,1789337096.3272102,-968,56,123
2026-09-13 19:04:56.347,1789337096.3472102,-964,54,126
2026-09-13 19:04:56.367,1789337096.3672101,-968,52,129
2026-09-13 19:04:56.387,1789337096.3872101,-970,48,128
2026-09-13 19:04:56.407,1789337096.40721,-968,51,128
2026-09-13 19:04:56.427,1789337096.42721,-967,53,125
2026-09-13 19:04:56.447,1789337096.4472103,-968,53,123
2026-09-13 19:04:56.467,1789337096.4672103,-964,52,128
2026-09-13 19:04:56.487,1789337096.4872103,-973,51,136
2026-09-13 19:04:56.507,1789337096.5072103,-975,53,117
2026-09-13 19:04:56.514,1789337096.5142207,-953,50,120
2026-09-13 19:04:56.534,1789337096.5342207,-962,49,131
2026-09-13 19:04:56.554,1789337096.5542207,-970,53,137
2026-09-13 19:04:56.574,1789337096.5742207,-971,53,116
2026-09-13 19:04:56.594,1789337096.5942206,-956,50,120
2026-09-13 19:04:56.614,1789337096.6142206,-965,49,126
2026-09-13 19:04:56.634,1789337096.6342206,-966,54,132
2026-09-13 19:04:56.654,1789337096.6542208,-971,52,130
2026-09-13 19:04:56.674,1789337096.6742208,-970,49,130
2026-09-13 19:04:56.694,1789337096.6942208,-967,50,124
2026-09-13 19:04:56.714,1789337096.7142208,-967,50,129
2026-09-13 19:04:56.734,1789337096.7342207,-968,50,128
2026-09-13 19:04:56.754,1789337096.7542207,-968,48,125
2026-09-13 19:04:56.774,1789337096.7742207,-968,53,126
2026-09-13 19:04:56.794,1789337096.7942207,-966,49,122
2026-09-13 19:04:56.814,1789337096.8142207,-965,48,127
2026-09-13 19:04:56.834,1789337096.8342206,-970,50,128
2026-09-13 19:04:56.854,1789337096.8542206,-969,52,131
2026-09-13 19:04:56.874,1789337096.8742206,-973,49,131
2026-09-13 19:04:56.894,1789337096.8942208,-971,51,130
2026-09-13 19:04:56.914,1789337096.9142208,-972,53,123
2026-09-13 19:04:56.934,1789337096.9342208,-974,57,117
2026-09-13 19:04:56.954,1789337096.9542208,-965,59,136
2026-09-13 19:04:56.974,1789337096.9742208,-981,54,147
2026-09-13 19:04:56.994,1789337096.9942207,-987,46,125
2026-09-13 19:04:57.014,1789337097.0142207,-969,44,102
2026-09-13 19:04:57.034,1789337097.0342207,-969,48,112
2026-09-13 19:04:57.054,1789337097.0542207,-975,47,108
2026-09-13 19:04:57.074,1789337097.0742207,-970,46,127
2026-09-13 19:04:57.094,1789337097.0942206,-979,44,100
2026-09-13 19:04:57.114,1789337097.1142206,-970,40,91
2026-09-13 19:04:57.134,1789337097.1342206,-972,45,92
2026-09-13 19:04:57.154,1789337097.1542208,-945,48,121
2026-09-13 19:04:57.174,1789337097.1742208,-977,51,89
2026-09-13 19:04:57.194,1789337097.1942208,-965,43,68
2026-09-13 19:04:57.214,1789337097.2142208,-966,35,86
2026-09-13 19:04:57.220,1789337097.2208345,-978,43,88
2026-09-13 19:04:57.240,1789337097.2408345,-973,43,78
2026-09-13 19:04:57.260,1789337097.2608345,-971,40,75
2026-09-13 19:04:57.280,1789337097.2808344,-970,44,78
2026-09-13 19:04:57.300,1789337097.3008344,-971,44,77
2026-09-13 19:04:57.320,1789337097.3208344,-973,40,78
2026-09-13 19:04:57.340,1789337097.3408344,-973,37,71
2026-09-13 19:04:57.360,1789337097.3608346,-971,42,78
2026-09-13 19:04:57.380,1789337097.3808346,-975,40,62
2026-09-13 19:04:57.400,1789337097.4008346,-971,38,63
2026-09-13 19:04:57.420,1789337097.4208345,-971,38,76
2026-09-13 19:04:57.440,1789337097.4408345,-977,46,70
2026-09-13 19:04:57.460,1789337097.4608345,-973,41,69
2026-09-13 19:04:57.480,1789337097.4808345,-971,43,64
2026-09-13 19:04:57.500,1789337097.5008345,-971,42,64
2026-09-13 19:04:57.520,1789337097.5208344,-974,43,70
2026-09-13 19:04:57.540,1789337097.5408344,-975,42,67
2026-09-13 19:04:57.560,1789337097.5608344,-972,41,63
2026-09-13 19:04:57.580,1789337097.5808344,-975,42,63
2026-09-13 19:04:57.600,1789337097.6008346,-972,45,60
2026-09-13 19:04:57.620,1789337097.6208346,-970,44,65
2026-09-13 19:04:57.640,1789337097.6408346,-973,46,66
2026-09-13 19:04:57.660,1789337097.6608346,-976,47,71
2026-09-13 19:04:57.680,1789337097.6808345,-974,46,61
2026-09-13 19:04:57.700,1789337097.7008345,-974,42,31
2026-09-13 19:04:57.720,1789337097.7208345,-940,42,76
2026-09-13 19:04:57.740,1789337097.7408345,-970,47,83
2026-09-13 19:04:57.760,1789337097.7608345,-984,50,44
2026-09-13 19:04:57.780,1789337097.7808344,-970,48,56
2026-09-13 19:04:57.800,1789337097.8008344,-983,46,75
2026-09-13 19:04:57.820,1789337097.8208344,-981,51,61
2026-09-13 19:04:57.840,1789337097.8408344,-965,51,55
2026-09-13 19:04:57.860,1789337097.8608346,-967,48,57
2026-09-13 19:04:57.880,1789337097.8808346,-967,47,62
2026-09-13 19:04:57.900,1789337097.9008346,-973,49,62
2026-09-13 19:04:57.920,1789337097.9208345,-978,51,67
2026-09-13 19:04:57.927,1789337097.9270515,-975,49,72
2026-09-13 19:04:57.947,1789337097.9470515,-975,49,76
2026-09-13 19:04:57.967,1789337097.9670515,-977,46,56
2026-09-13 19:04:57.987,1789337097.9870515,-967,49,56
2026-09-13 19:04:58.007,1789337098.0070515,-971,46,63
2026-09-13 19:04:58.027,1789337098.0270514,-972,48,57
2026-09-13 19:04:58.047,1789337098.0470514,-970,50,61
2026-09-13 19:04:58.067,1789337098.0670516,-976,49,68
2026-09-13 19:04:58.087,1789337098.0870516,-979,49,69
2026-09-13 19:04:58.107,1789337098.1070516,-974,47,66
2026-09-13 19:04:58.127,1789337098.1270516,-973,49,57
2026-09-13 19:04:58.147,1789337098.1470516,-970,50,51
2026-09-13 19:04:58.167,1789337098.1670516,-969,50,52
2026-09-13 19:04:58.187,1789337098.1870515,-974,48,52
2026-09-13 19:04:58.207,1789337098.2070515,-974,46,61
2026-09-13 19:04:58.227,1789337098.2270515,-985,45,52
2026-09-13 19:04:58.247,1789337098.2470515,-981,47,41
2026-09-13 19:04:58.267,1789337098.2670515,-971,43,30
2026-09-13 19:04:58.287,1789337098.2870514,-950,45,89
2026-09-13 19:04:58.307,1789337098.3070517,-983,49,52
2026-09-13 19:04:58.327,1789337098.3270516,-965,48,18
2026-09-13 19:04:58.347,1789337098.3470516,-964,46,52
2026-09-13 19:04:58.367,1789337098.3670516,-989,53,62
2026-09-13 19:04:58.387,1789337098.3870516,-977,51,58
2026-09-13 19:04:58.407,1789337098.4070516,-971,40,55
2026-09-13 19:04:58.427,1789337098.4270515,-973,44,54
2026-09-13 19:04:58.447,1789337098.4470515,-973,48,57
2026-09-13 19:04:58.467,1789337098.4670515,-976,49,59
2026-09-13 19:04:58.487,1789337098.4870515,-969,48,65
2026-09-13 19:04:58.507,1789337098.5070515,-975,46,66
2026-09-13 19:04:58.527,1789337098.5270514,-974,50,60
2026-09-13 19:04:58.547,1789337098.5470514,-972,50,40
2026-09-13 19:04:58.567,1789337098.5670516,-969,46,58
2026-09-13 19:04:58.587,1789337098.5870516,-982,51,62
2026-09-13 19:04:58.607,1789337098.6070516,-979,50,63
2026-09-13 19:04:58.627,1789337098.6270516,-971,48,62
2026-09-13 19:04:58.633,1789337098.6333601,-973,51,60
2026-09-13 19:04:58.653,1789337098.6533601,-972,52,63
2026-09-13 19:04:58.673,1789337098.67336,-974,47,58
2026-09-13 19:04:58.693,1789337098.69336,-970,47,61
2026-09-13 19:04:58.713,1789337098.71336,-974,51,63
2026-09-13 19:04:58.733,1789337098.73336,-973,48,54
2026-09-13 19:04:58.753,1789337098.75336,-972,46,58
2026-09-13 19:04:58.773,1789337098.7733603,-979,48,63
2026-09-13 19:04:58.793,1789337098.7933602,-977,55,44
2026-09-13 19:04:58.813,1789337098.8133602,-973,51,41
2026-09-13 19:04:58.833,1789337098.8333602,-966,50,72
2026-09-13 19:04:58.853,1789337098.8533602,-980,52,89
2026-09-13 19:04:58.873,1789337098.8733602,-970,53,13
2026-09-13 19:04:58.893,1789337098.8933601,-951,57,48
2026-09-13 19:04:58.913,1789337098.91336,-988,54,71
2026-09-13 19:04:58.933,1789337098.93336,-980,50,70
2026-09-13 19:04:58.953,1789337098.95336,-973,49,63
2026-09-13 19:04:58.973,1789337098.97336,-971,54,54
2026-09-13 19:04:58.993,1789337098.99336,-966,55,60
2026-09-13 19:04:59.013,1789337099.0133603,-967,52,66
2026-09-13 19:04:59.033,1789337099.0333602,-969,55,69
2026-09-13 19:04:59.053,1789337099.0533602,-973,57,70
2026-09-13 19:04:59.073,1789337099.0733602,-979,56,63
2026-09-13 19:04:59.093,1789337099.0933602,-961,53,49
2026-09-13 19:04:59.113,1789337099.1133602,-953,50,59
2026-09-13 19:04:59.133,1789337099.1333601,-974,55,58
2026-09-13 19:04:59.153,1789337099.1533601,-975,55,58
2026-09-13 19:04:59.173,1789337099.17336,-969,53,65
2026-09-13 19:04:59.193,1789337099.19336,-971,52,57
2026-09-13 19:04:59.213,1789337099.21336,-965,53,60
2026-09-13 19:04:59.233,1789337099.23336,-968,50,55
2026-09-13 19:04:59.253,1789337099.25336,-965,48,55
2026-09-13 19:04:59.273,1789337099.2733603,-967,50,55
2026-09-13 19:04:59.293,1789337099.2933602,-969,50,57
2026-09-13 19:04:59.313,1789337099.3133602,-973,53,58
2026-09-13 19:04:59.333,1789337099.3333602,-976,49,66
2026-09-13 19:04:59.340,1789337099.3403707,-974,52,38
2026-09-13 19:04:59.360,1789337099.3603706,-973,52,35
2026-09-13 19:04:59.380,1789337099.3803706,-968,49,38
2026-09-13 19:04:59.400,1789337099.4003706,-973,52,105
2026-09-13 19:04:59.420,1789337099.4203706,-993,53,34
2026-09-13 19:04:59.440,1789337099.4403706,-952,46,32
2026-09-13 19:04:59.460,1789337099.4603705,-973,46,71
2026-09-13 19:04:59.480,1789337099.4803708,-987,53,67
2026-09-13 19:04:59.500,1789337099.5003707,-975,50,64
2026-09-13 19:04:59.520,1789337099.5203707,-975,47,55
2026-09-13 19:04:59.540,1789337099.5403707,-968,50,49
2026-09-13 19:04:59.560,1789337099.5603707,-967,50,56
2026-09-13 19:04:59.580,1789337099.5803707,-971,43,63
2026-09-13 19:04:59.600,1789337099.6003706,-976,44,68
2026-09-13 19:04:59.620,1789337099.6203706,-979,45,73
2026-09-13 19:04:59.640,1789337099.6403706,-979,53,58
2026-09-13 19:04:59.660,1789337099.6603706,-967,51,55
2026-09-13 19:04:59.680,1789337099.6803706,-964,48,73
2026-09-13 19:04:59.700,1789337099.7003706,-981,51,66
2026-09-13 19:04:59.720,1789337099.7203708,-975,49,66
2026-09-13 19:04:59.740,1789337099.7403708,-974,50,68
2026-09-13 19:04:59.760,1789337099.7603707,-975,52,70
2026-09-13 19:04:59.780,1789337099.7803707,-972,51,71
2026-09-13 19:04:59.800,1789337099.8003707,-973,52,70
2026-09-13 19:04:59.820,1789337099.8203707,-972,52,67
2026-09-13 19:04:59.840,1789337099.8403707,-972,51,71
2026-09-13 19:04:59.860,1789337099.8603706,-974,52,72
2026-09-13 19:04:59.880,1789337099.8803706,-974,49,82
2026-09-13 19:04:59.900,1789337099.9003706,-978,54,54
2026-09-13 19:04:59.920,1789337099.9203706,-970,54,59
2026-09-13 19:04:59.940,1789337099.9403706,-966,49,81
2026-09-13 19:04:59.960,1789337099.9603705,-970,51,115
2026-09-13 19:04:59.980,1789337099.9803708,-990,57,66
2026-09-13 19:05:00.000,1789337100.0003707,-964,47,56
2026-09-13 19:05:00.020,1789337100.0203707,-962,48,80
2026-09-13 19:05:00.040,1789337100.0403707,-972,57,86
2026-09-13 19:05:00.047,1789337100.0471978,-972,57,93
2026-09-13 19:05:00.067,1789337100.0671978,-977,50,87
2026-09-13 19:05:00.087,1789337100.0871978,-976,48,79
2026-09-13 19:05:00.107,1789337100.1071978,-970,52,83
2026-09-13 19:05:00.127,1789337100.1271977,-970,50,81
2026-09-13 19:05:00.147,1789337100.1471977,-970,48,84
2026-09-13 19:05:00.167,1789337100.1671977,-972,52,90
2026-09-13 19:05:00.187,1789337100.187198,-973,54,73
2026-09-13 19:05:00.207,1789337100.207198,-966,56,84
2026-09-13 19:05:00.227,1789337100.227198,-973,49,92
2026-09-13 19:05:00.247,1789337100.2471979,-976,53,89
2026-09-13 19:05:00.267,1789337100.2671978,-969,51,95
2026-09-13 19:05:00.287,1789337100.2871978,-972,50,90
2026-09-13 19:05:00.307,1789337100.3071978,-971,52,94
2026-09-13 19:05:00.327,1789337100.3271978,-969,54,93
2026-09-13 19:05:00.347,1789337100.3471978,-970,51,97
2026-09-13 19:05:00.367,1789337100.3671978,-971,49,99
2026-09-13 19:05:00.387,1789337100.3871977,-970,50,97
2026-09-13 19:05:00.407,1789337100.4071977,-969,52,93
2026-09-13 19:05:00.427,1789337100.427198,-969,51,102
2026-09-13 19:05:00.447,1789337100.447198,-974,51,103
2026-09-13 19:05:00.467,1789337100.467198,-976,58,80
2026-09-13 19:05:00.487,1789337100.4871979,-952,56,103
2026-09-13 19:05:00.507,1789337100.5071979,-967,51,130
2026-09-13 19:05:00.527,1789337100.5271978,-979,60,119
2026-09-13 19:05:00.547,1789337100.5471978,-970,52,79
2026-09-13 19:05:00.567,1789337100.5671978,-953,47,95
2026-09-13 19:05:00.587,1789337100.5871978,-964,54,114
2026-09-13 19:05:00.607,1789337100.6071978,-968,58,126
2026-09-13 19:05:00.627,1789337100.6271977,-974,55,117
2026-09-13 19:05:00.647,1789337100.6471977,-969,52,115
2026-09-13 19:05:00.667,1789337100.6671977,-969,54,110
2026-09-13 19:05:00.687,1789337100.687198,-966,55,116
2026-09-13 19:05:00.707,1789337100.707198,-969,54,116
2026-09-13 19:05:00.727,1789337100.727198,-964,54,120
2026-09-13 19:05:00.747,1789337100.7471979,-966,57,117
2026-09-13 19:05:00.753,1789337100.7532318,-958,57,111
2026-09-13 19:05:00.773,1789337100.7732317,-958,52,127
2026-09-13 19:05:00.793,1789337100.7932317,-974,49,121
2026-09-13 19:05:00.813,1789337100.8132317,-971,54,126
2026-09-13 19:05:00.833,1789337100.8332317,-969,50,126
2026-09-13 19:05:00.853,1789337100.8532317,-969,51,122
2026-09-13 19:05:00.873,1789337100.8732316,-967,52,120
2026-09-13 19:05:00.893,1789337100.8932319,-964,50,123
2026-09-13 19:05:00.913,1789337100.9132318,-967,47,125
2026-09-13 19:05:00.933,1789337100.9332318,-969,44,124
2026-09-13 19:05:00.953,1789337100.9532318,-970,45,125
2026-09-13 19:05:00.973,1789337100.9732318,-969,46,123
2026-09-13 19:05:00.993,1789337100.9932318,-963,47,122
2026-09-13 19:05:01.013,1789337101.0132318,-960,49,130
2026-09-13 19:05:01.033,1789337101.0332317,-979,49,111
2026-09-13 19:05:01.053,1789337101.0532317,-952,48,121
2026-09-13 19:05:01.073,1789337101.0732317,-962,50,142
2026-09-13 19:05:01.093,1789337101.0932317,-974,54,141
2026-09-13 19:05:01.113,1789337101.1132317,-970,54,112
2026-09-13 19:05:01.133,1789337101.1332319,-951,45,118
2026-09-13 19:05:01.153,1789337101.1532319,-962,49,132
2026-09-13 19:05:01.173,1789337101.1732318,-968,55,138
2026-09-13 19:05:01.193,1789337101.1932318,-972,49,136
2026-09-13 19:05:01.213,1789337101.2132318,-965,47,135
2026-09-13 19:05:01.233,1789337101.2332318,-966,51,138
2026-09-13 19:05:01.253,1789337101.2532318,-968,55,138
2026-09-13 19:05:01.273,1789337101.2732317,-965,54,136
2026-09-13 19:05:01.293,1789337101.2932317,-962,54,136
2026-09-13 19:05:01.313,1789337101.3132317,-966,57,136
2026-09-13 19:05:01.333,1789337101.3332317,-958,52,130
2026-09-13 19:05:01.353,1789337101.3532317,-947,49,136
2026-09-13 19:05:01.373,1789337101.3732316,-961,53,140
2026-09-13 19:05:01.393,1789337101.3932319,-972,54,142
2026-09-13 19:05:01.413,1789337101.4132318,-966,52,141
2026-09-13 19:05:01.433,1789337101.4332318,-967,48,138
2026-09-13 19:05:01.453,1789337101.4532318,-965,47,138
2026-09-13 19:05:01.459,1789337101.4592962,-963,51,136
2026-09-13 19:05:01.479,1789337101.4792962,-961,53,139
2026-09-13 19:05:01.499,1789337101.4992962,-964,51,137
2026-09-13 19:05:01.519,1789337101.5192962,-961,48,137
2026-09-13 19:05:01.539,1789337101.5392962,-966,51,139
2026-09-13 19:05:01.559,1789337101.5592961,-968,54,141
2026-09-13 19:05:01.579,1789337101.579296,-967,55,139
2026-09-13 19:05:01.599,1789337101.5992963,-963,51,142
2026-09-13 19:05:01.619,1789337101.6192963,-971,51,128
2026-09-13 19:05:01.639,1789337101.6392963,-950,50,125
2026-09-13 19:05:01.659,1789337101.6592963,-962,52,144
2026-09-13 19:05:01.679,1789337101.6792963,-967,50,145
2026-09-13 19:05:01.699,1789337101.6992962,-971,50,127
2026-09-13 19:05:01.719,1789337101.7192962,-954,45,125
2026-09-13 19:05:01.739,1789337101.7392962,-961,47,136
2026-09-13 19:05:01.759,1789337101.7592962,-969,52,142
2026-09-13 19:05:01.779,1789337101.7792962,-971,48,139
2026-09-13 19:05:01.799,1789337101.7992961,-967,49,136
2026-09-13 19:05:01.819,1789337101.8192961,-964,48,136
2026-09-13 19:05:01.839,1789337101.8392963,-965,49,137
2026-09-13 19:05:01.859,1789337101.8592963,-965,47,138
2026-09-13 19:05:01.879,1789337101.8792963,-964,50,136
2026-09-13 19:05:01.899,1789337101.8992963,-965,53,138
2026-09-13 19:05:01.919,1789337101.9192963,-967,53,138
2026-09-13 19:05:01.939,1789337101.9392962,-973,52,138
2026-09-13 19:05:01.959,1789337101.9592962,-968,55,136
2026-09-13 19:05:01.979,1789337101.9792962,-959,58,136
2026-09-13 19:05:01.999,1789337101.9992962,-957,50,136
2026-09-13 19:05:02.019,1789337102.0192962,-962,44,141
2026-09-13 19:05:02.039,1789337102.0392962,-961,42,139
2026-09-13 19:05:02.059,1789337102.0592961,-966,43,137
2026-09-13 19:05:02.079,1789337102.079296,-958,45,138
2026-09-13 19:05:02.099,1789337102.0992963,-965,42,141
2026-09-13 19:05:02.119,1789337102.1192963,-966,39,136
2026-09-13 19:05:02.139,1789337102.1392963,-964,42,137
2026-09-13 19:05:02.159,1789337102.1592963,-964,46,140
2026-09-13 19:05:02.165,1789337102.1654522,-967,45,138
2026-09-13 19:05:02.185,1789337102.1854522,-958,47,140
2026-09-13 19:05:02.205,1789337102.2054522,-966,45,145
2026-09-13 19:05:02.225,1789337102.2254522,-969,48,130
2026-09-13 19:05:02.245,1789337102.2454522,-954,40,138
2026-09-13 19:05:02.265,1789337102.2654521,-954,40,147
2026-09-13 19:05:02.285,1789337102.2854521,-971,42,141
2026-09-13 19:05:02.305,1789337102.3054523,-966,43,133
2026-09-13 19:05:02.325,1789337102.3254523,-961,39,135
2026-09-13 19:05:02.345,1789337102.3454523,-965,46,137
2026-09-13 19:05:02.365,1789337102.3654523,-967,47,137
2026-09-13 19:05:02.385,1789337102.3854523,-965,46,139
2026-09-13 19:05:02.405,1789337102.4054523,-961,46,136
2026-09-13 19:05:02.425,1789337102.4254522,-963,46,136
2026-09-13 19:05:02.445,1789337102.4454522,-963,47,136
2026-09-13 19:05:02.465,1789337102.4654522,-965,43,134
2026-09-13 19:05:02.485,1789337102.4854522,-965,45,136
2026-09-13 19:05:02.505,1789337102.5054522,-967,48,137
2026-09-13 19:05:02.525,1789337102.5254521,-967,43,136
2026-09-13 19:05:02.545,1789337102.5454524,-967,39,138
2026-09-13 19:05:02.565,1789337102.5654523,-963,45,138
2026-09-13 19:05:02.585,1789337102.5854523,-963,47,138
2026-09-13 19:05:02.605,1789337102.6054523,-967,47,141
2026-09-13 19:05:02.625,1789337102.6254523,-965,47,138
2026-09-13 19:05:02.645,1789337102.6454523,-965,49,139
2026-09-13 19:05:02.665,1789337102.6654522,-968,46,142
2026-09-13 19:05:02.685,1789337102.6854522,-967,47,143
2026-09-13 19:05:02.705,1789337102.7054522,-966,47,142
2026-09-13 19:05:02.725,1789337102.7254522,-966,46,140
2026-09-13 19:05:02.745,1789337102.7454522,-963,46,139
2026-09-13 19:05:02.765,1789337102.7654521,-965,47,140
2026-09-13 19:05:02.785,1789337102.7854521,-964,47,139
2026-09-13 19:05:02.805,1789337102.8054523,-960,46,148
2026-09-13 19:05:02.825,1789337102.8254523,-970,48,145
2026-09-13 19:05:02.845,1789337102.8454523,-965,48,136
2026-09-13 19:05:02.865,1789337102.8654523,-963,42,141
2026-09-13 19:05:02.871,1789337102.8714862,-945,48,182
2026-09-13 19:05:02.891,1789337102.8914862,-978,54,151
2026-09-13 19:05:02.911,1789337102.9114861,-966,55,136
2026-09-13 19:05:02.931,1789337102.9314861,-956,40,137
2026-09-13 19:05:02.951,1789337102.951486,-966,39,143
2026-09-13 19:05:02.971,1789337102.971486,-975,47,153
2026-09-13 19:05:02.991,1789337102.991486,-988,48,141
2026-09-13 19:05:03.011,1789337103.0114863,-966,44,133
2026-09-13 19:05:03.031,1789337103.0314863,-963,41,132
2026-09-13 19:05:03.051,1789337103.0514863,-970,41,128
2026-09-13 19:05:03.071,1789337103.0714862,-971,42,125
2026-09-13 19:05:03.091,1789337103.0914862,-967,43,128
2026-09-13 19:05:03.111,1789337103.1114862,-971,39,116
2026-09-13 19:05:03.131,1789337103.1314862,-969,33,103
2026-09-13 19:05:03.151,1789337103.1514862,-965,34,109
2026-09-13 19:05:03.171,1789337103.1714861,-967,39,105
2026-09-13 19:05:03.191,1789337103.1914861,-969,40,111
2026-09-13 19:05:03.211,1789337103.211486,-974,40,112
2026-09-13 19:05:03.231,1789337103.231486,-973,40,103
2026-09-13 19:05:03.251,1789337103.2514863,-966,43,100
2026-09-13 19:05:03.271,1789337103.2714863,-970,44,95
2026-09-13 19:05:03.291,1789337103.2914863,-975,42,99
2026-09-13 19:05:03.311,1789337103.3114862,-973,40,96
2026-09-13 19:05:03.331,1789337103.3314862,-971,42,91
2026-09-13 19:05:03.351,1789337103.3514862,-970,41,85
2026-09-13 19:05:03.371,1789337103.3714862,-971,39,84
2026-09-13 19:05:03.391,1789337103.3914862,-970,43,93
2026-09-13 19:05:03.411,1789337103.4114861,-978,43,93
2026-09-13 19:05:03.431,1789337103.4314861,-974,42,74
2026-09-13 19:05:03.451,1789337103.451486,-974,38,63
2026-09-13 19:05:03.471,1789337103.471486,-945,39,107
2026-09-13 19:05:03.491,1789337103.491486,-981,42,89
2026-09-13 19:05:03.511,1789337103.5114863,-978,42,60
2026-09-13 19:05:03.531,1789337103.5314863,-965,34,76
2026-09-13 19:05:03.551,1789337103.5514863,-975,39,86
2026-09-13 19:05:03.571,1789337103.5714862,-973,46,77
2026-09-13 19:05:03.577,1789337103.5779781,-970,44,81
2026-09-13 19:05:03.597,1789337103.597978,-973,41,76
2026-09-13 19:05:03.617,1789337103.617978,-972,41,74
2026-09-13 19:05:03.637,1789337103.637978,-972,42,78
2026-09-13 19:05:03.657,1789337103.657978,-971,38,74
2026-09-13 19:05:03.677,1789337103.677978,-968,40,72
2026-09-13 19:05:03.697,1789337103.697978,-972,44,69
2026-09-13 19:05:03.717,1789337103.7179782,-969,38,56
2026-09-13 19:05:03.737,1789337103.7379782,-969,37,64
2026-09-13 19:05:03.757,1789337103.7579782,-980,44,68
2026-09-13 19:05:03.777,1789337103.7779782,-978,47,68
2026-09-13 19:05:03.797,1789337103.7979782,-976,41,71
2026-09-13 19:05:03.817,1789337103.8179781,-975,40,61
2026-09-13 19:05:03.837,1789337103.8379781,-969,40,59
2026-09-13 19:05:03.857,1789337103.857978,-971,40,50
2026-09-13 19:05:03.877,1789337103.877978,-970,35,51
2026-09-13 19:05:03.897,1789337103.897978,-973,34,50
2026-09-13 19:05:03.917,1789337103.917978,-973,38,45
2026-09-13 19:05:03.937,1789337103.937978,-975,40,50
2026-09-13 19:05:03.957,1789337103.9579782,-972,38,51
2026-09-13 19:05:03.977,1789337103.9779782,-977,40,41
2026-09-13 19:05:03.997,1789337103.9979782,-973,37,30
2026-09-13 19:05:04.017,1789337104.0179782,-969,34,24
2026-09-13 19:05:04.037,1789337104.0379782,-951,33,70
2026-09-13 19:05:04.057,1789337104.0579782,-982,41,46
2026-09-13 19:05:04.077,1789337104.0779781,-969,44,10
2026-09-13 19:05:04.097,1789337104.097978,-973,35,48
2026-09-13 19:05:04.117,1789337104.117978,-996,41,60
2026-09-13 19:05:04.137,1789337104.137978,-979,42,40
2026-09-13 19:05:04.157,1789337104.157978,-966,43,37
2026-09-13 19:05:04.177,1789337104.177978,-965,35,39
2026-09-13 19:05:04.197,1789337104.197978,-971,36,44
2026-09-13 19:05:04.217,1789337104.2179782,-979,39,43
2026-09-13 19:05:04.237,1789337104.2379782,-975,42,47
2026-09-13 19:05:04.257,1789337104.2579782,-980,44,53
2026-09-13 19:05:04.277,1789337104.2779782,-984,40,52
2026-09-13 19:05:04.284,1789337104.2849884,-977,40,34
2026-09-13 19:05:04.304,1789337104.3049884,-970,39,43
2026-09-13 19:05:04.324,1789337104.3249884,-979,43,48
2026-09-13 19:05:04.344,1789337104.3449883,-980,40,50
2026-09-13 19:05:04.364,1789337104.3649883,-975,38,44
2026-09-13 19:05:04.384,1789337104.3849883,-974,40,41
2026-09-13 19:05:04.404,1789337104.4049883,-973,43,39
2026-09-13 19:05:04.424,1789337104.4249885,-968,42,38
2026-09-13 19:05:04.444,1789337104.4449885,-970,40,38
2026-09-13 19:05:04.464,1789337104.4649885,-975,42,35
2026-09-13 19:05:04.484,1789337104.4849885,-968,40,37
2026-09-13 19:05:04.504,1789337104.5049884,-971,37,41
2026-09-13 19:05:04.524,1789337104.5249884,-976,40,49
2026-09-13 19:05:04.544,1789337104.5449884,-984,46,25
2026-09-13 19:05:04.564,1789337104.5649884,-971,46,23
2026-09-13 19:05:04.584,1789337104.5849884,-968,41,46
2026-09-13 19:05:04.604,1789337104.6049883,-978,41,73
2026-09-13 19:05:04.624,1789337104.6249883,-972,38,3
2026-09-13 19:05:04.644,1789337104.6449883,-959,42,28
2026-09-13 19:05:04.664,1789337104.6649885,-994,43,56
2026-09-13 19:05:04.684,1789337104.6849885,-982,46,44
2026-09-13 19:05:04.704,1789337104.7049885,-968,39,41
2026-09-13 19:05:04.724,1789337104.7249885,-968,40,36
2026-09-13 19:05:04.744,1789337104.7449884,-971,41,35
2026-09-13 19:05:04.764,1789337104.7649884,-974,44,36
2026-09-13 19:05:04.784,1789337104.7849884,-973,42,42
2026-09-13 19:05:04.804,1789337104.8049884,-975,45,55
2026-09-13 19:05:04.824,1789337104.8249884,-986,46,50
2026-09-13 19:05:04.844,1789337104.8449883,-976,48,40
2026-09-13 19:05:04.864,1789337104.8649883,-959,44,42
2026-09-13 19:05:04.884,1789337104.8849883,-976,46,51
2026-09-13 19:05:04.904,1789337104.9049883,-988,54,46
2026-09-13 19:05:04.924,1789337104.9249885,-971,45,48
2026-09-13 19:05:04.944,1789337104.9449885,-971,45,51
2026-09-13 19:05:04.964,1789337104.9649885,-976,48,46
2026-09-13 19:05:04.984,1789337104.9849885,-974,49,47
2026-09-13 19:05:04.991,1789337104.9916632,-974,48,47
2026-09-13 19:05:05.011,1789337105.0116632,-975,49,57
2026-09-13 19:05:05.031,1789337105.0316632,-971,46,55
2026-09-13 19:05:05.051,1789337105.0516632,-967,47,51
2026-09-13 19:05:05.071,1789337105.0716631,-978,51,55
2026-09-13 19:05:05.091,1789337105.0916631,-971,51,44
2026-09-13 19:05:05.111,1789337105.111663,-966,56,27
2026-09-13 19:05:05.131,1789337105.1316633,-963,54,68
2026-09-13 19:05:05.151,1789337105.1516633,-978,46,89
2026-09-13 19:05:05.171,1789337105.1716633,-958,52,15
2026-09-13 19:05:05.191,1789337105.1916633,-940,55,51
2026-09-13 19:05:05.211,1789337105.2116632,-978,53,67
2026-09-13 19:05:05.231,1789337105.2316632,-970,48,56
2026-09-13 19:05:05.251,1789337105.2516632,-942,50,40
2026-09-13 19:05:05.271,1789337105.2716632,-946,55,39
2026-09-13 19:05:05.291,1789337105.2916632,-954,53,47
2026-09-13 19:05:05.311,1789337105.3116632,-958,46,49
2026-09-13 19:05:05.331,1789337105.3316631,-961,46,46
2026-09-13 19:05:05.351,1789337105.351663,-973,47,46
2026-09-13 19:05:05.371,1789337105.3716633,-991,53,52
2026-09-13 19:05:05.391,1789337105.3916633,-989,55,44
2026-09-13 19:05:05.411,1789337105.4116633,-969,52,37
2026-09-13 19:05:05.431,1789337105.4316633,-980,48,46
2026-09-13 19:05:05.451,1789337105.4516633,-987,50,47
2026-09-13 19:05:05.471,1789337105.4716632,-979,52,63
2026-09-13 19:05:05.491,1789337105.4916632,-975,49,62
2026-09-13 19:05:05.511,1789337105.5116632,-975,48,55
2026-09-13 19:05:05.531,1789337105.5316632,-970,51,50
2026-09-13 19:05:05.551,1789337105.5516632,-975,49,53
2026-09-13 19:05:05.571,1789337105.5716631,-977,49,61
2026-09-13 19:05:05.591,1789337105.5916631,-979,49,61
2026-09-13 19:05:05.611,1789337105.611663,-974,47,61
2026-09-13 19:05:05.631,1789337105.6316633,-975,52,51
2026-09-13 19:05:05.651,1789337105.6516633,-974,49,45
2026-09-13 19:05:05.671,1789337105.6716633,-975,42,44
2026-09-13 19:05:05.691,1789337105.6916633,-963,46,102
2026-09-13 19:05:05.698,1789337105.6987348,-1002,55,76
2026-09-13 19:05:05.718,1789337105.7187347,-974,48,28
2026-09-13 19:05:05.738,1789337105.7387347,-948,45,57
2026-09-13 19:05:05.758,1789337105.7587347,-980,46,77
2026-09-13 19:05:05.778,1789337105.7787347,-978,52,79
2026-09-13 19:05:05.798,1789337105.7987347,-979,45,71
2026-09-13 19:05:05.818,1789337105.8187346,-975,44,62
2026-09-13 19:05:05.838,1789337105.8387349,-969,46,61
2026-09-13 19:05:05.858,1789337105.8587348,-969,48,62
2026-09-13 19:05:05.878,1789337105.8787348,-973,47,70
2026-09-13 19:05:05.898,1789337105.8987348,-976,45,72
2026-09-13 19:05:05.918,1789337105.9187348,-980,50,71
2026-09-13 19:05:05.938,1789337105.9387348,-974,45,59
2026-09-13 19:05:05.958,1789337105.9587348,-965,45,72
2026-09-13 19:05:05.978,1789337105.9787347,-978,45,70
2026-09-13 19:05:05.998,1789337105.9987347,-974,47,72
2026-09-13 19:05:06.018,1789337106.0187347,-973,48,74
2026-09-13 19:05:06.038,1789337106.0387347,-974,46,75
2026-09-13 19:05:06.058,1789337106.0587347,-974,47,75
2026-09-13 19:05:06.078,1789337106.0787349,-973,45,72
2026-09-13 19:05:06.098,1789337106.0987349,-974,43,68
2026-09-13 19:05:06.118,1789337106.1187348,-973,41,69
2026-09-13 19:05:06.138,1789337106.1387348,-973,41,68
2026-09-13 19:05:06.158,1789337106.1587348,-970,43,88
2026-09-13 19:05:06.178,1789337106.1787348,-985,49,66
2026-09-13 19:05:06.198,1789337106.1987348,-975,47,61
2026-09-13 19:05:06.218,1789337106.2187347,-965,46,85
2026-09-13 19:05:06.238,1789337106.2387347,-972,45,111
2026-09-13 19:05:06.258,1789337106.2587347,-989,48,71
2026-09-13 19:05:06.278,1789337106.2787347,-966,41,54
2026-09-13 19:05:06.298,1789337106.2987347,-964,42,81
2026-09-13 19:05:06.318,1789337106.3187346,-971,48,93
2026-09-13 19:05:06.338,1789337106.3387349,-973,48,94
2026-09-13 19:05:06.358,1789337106.3587348,-975,41,85
2026-09-13 19:05:06.378,1789337106.3787348,-974,43,83
2026-09-13 19:05:06.398,1789337106.3987348,-972,45,89
2026-09-13 19:05:06.406,1789337106.406081,-970,43,90
2026-09-13 19:05:06.426,1789337106.426081,-969,46,94
2026-09-13 19:05:06.446,1789337106.446081,-973,46,99
2026-09-13 19:05:06.466,1789337106.466081,-975,49,82
2026-09-13 19:05:06.486,1789337106.486081,-963,49,90
2026-09-13 19:05:06.506,1789337106.5060809,-967,46,100
2026-09-13 19:05:06.526,1789337106.5260808,-974,46,96
2026-09-13 19:05:06.546,1789337106.546081,-971,48,103
2026-09-13 19:05:06.566,1789337106.566081,-971,47,94
2026-09-13 19:05:06.586,1789337106.586081,-966,52,96
2026-09-13 19:05:06.606,1789337106.606081,-966,52,98
2026-09-13 19:05:06.626,1789337106.626081,-971,48,103
2026-09-13 19:05:06.646,1789337106.646081,-973,46,100
2026-09-13 19:05:06.666,1789337106.666081,-970,43,100
2026-09-13 19:05:06.686,1789337106.686081,-971,47,96
2026-09-13 19:05:06.706,1789337106.706081,-965,49,113
2026-09-13 19:05:06.726,1789337106.726081,-978,53,87
2026-09-13 19:05:06.746,1789337106.7460809,-965,49,86
2026-09-13 19:05:06.766,1789337106.7660809,-962,47,117
2026-09-13 19:05:06.786,1789337106.786081,-970,49,136
2026-09-13 19:05:06.806,1789337106.806081,-986,52,90
2026-09-13 19:05:06.826,1789337106.826081,-960,45,84
2026-09-13 19:05:06.846,1789337106.846081,-961,47,104
2026-09-13 19:05:06.866,1789337106.866081,-969,50,118
2026-09-13 19:05:06.886,1789337106.886081,-973,51,122
2026-09-13 19:05:06.906,1789337106.906081,-975,45,119
2026-09-13 19:05:06.926,1789337106.926081,-971,47,116
2026-09-13 19:05:06.946,1789337106.946081,-970,49,118
2026-09-13 19:05:06.966,1789337106.966081,-974,51,122
2026-09-13 19:05:06.986,1789337106.986081,-976,47,128
2026-09-13 19:05:07.006,1789337107.0060809,-970,48,122
2026-09-13 19:05:07.026,1789337107.0260808,-972,49,102
2026-09-13 19:05:07.046,1789337107.046081,-962,49,120
2026-09-13 19:05:07.066,1789337107.066081,-971,47,126
2026-09-13 19:05:07.086,1789337107.086081,-973,51,124
2026-09-13 19:05:07.106,1789337107.106081,-964,50,119
2026-09-13 19:05:07.113,1789337107.113122,-964,48,122
2026-09-13 19:05:07.133,1789337107.133122,-964,49,120
2026-09-13 19:05:07.153,1789337107.153122,-963,47,124
2026-09-13 19:05:07.173,1789337107.173122,-969,45,118
2026-09-13 19:05:07.193,1789337107.193122,-963,46,115
2026-09-13 19:05:07.213,1789337107.213122,-967,50,123
2026-09-13 19:05:07.233,1789337107.2331219,-968,53,122
2026-09-13 19:05:07.253,1789337107.253122,-967,52,124
2026-09-13 19:05:07.273,1789337107.273122,-968,53,132
2026-09-13 19:05:07.293,1789337107.293122,-977,52,108
2026-09-13 19:05:07.313,1789337107.313122,-948,47,115
2026-09-13 19:05:07.333,1789337107.333122,-960,45,135
2026-09-13 19:05:07.353,1789337107.353122,-968,51,135
2026-09-13 19:05:07.373,1789337107.373122,-969,47,111
2026-09-13 19:05:07.393,1789337107.393122,-957,46,115
2026-09-13 19:05:07.413,1789337107.413122,-962,52,133
2026-09-13 19:05:07.433,1789337107.433122,-971,59,140
2026-09-13 19:05:07.453,1789337107.453122,-973,56,134
2026-09-13 19:05:07.473,1789337107.473122,-967,54,133
2026-09-13 19:05:07.493,1789337107.493122,-964,53,133
2026-09-13 19:05:07.513,1789337107.513122,-964,55,137
2026-09-13 19:05:07.533,1789337107.533122,-969,57,130
2026-09-13 19:05:07.553,1789337107.553122,-965,50,131
2026-09-13 19:05:07.573,1789337107.573122,-967,56,130
2026-09-13 19:05:07.593,1789337107.593122,-963,55,120
2026-09-13 19:05:07.613,1789337107.613122,-960,52,128
2026-09-13 19:05:07.633,1789337107.633122,-968,54,132
2026-09-13 19:05:07.653,1789337107.653122,-967,55,127
2026-09-13 19:05:07.673,1789337107.673122,-971,52,130
2026-09-13 19:05:07.693,1789337107.693122,-973,51,129
2026-09-13 19:05:07.713,1789337107.713122,-969,52,122
2026-09-13 19:05:07.733,1789337107.7331219,-962,57,118
2026-09-13 19:05:07.753,1789337107.753122,-964,55,113
2026-09-13 19:05:07.773,1789337107.773122,-968,52,121
2026-09-13 19:05:07.793,1789337107.793122,-968,52,115
2026-09-13 19:05:07.813,1789337107.813122,-968,57,119
2026-09-13 19:05:07.820,1789337107.820041,-973,58,116
2026-09-13 19:05:07.840,1789337107.840041,-962,57,124
2026-09-13 19:05:07.860,1789337107.860041,-977,59,117
2026-09-13 19:05:07.880,1789337107.880041,-972,60,90
2026-09-13 19:05:07.900,1789337107.9000409,-952,60,117
2026-09-13 19:05:07.920,1789337107.9200408,-963,59,131
2026-09-13 19:05:07.940,1789337107.9400408,-974,61,112
2026-09-13 19:05:07.960,1789337107.960041,-963,56,100
2026-09-13 19:05:07.980,1789337107.980041,-966,56,114
2026-09-13 19:05:08.000,1789337108.000041,-972,62,126
2026-09-13 19:05:08.020,1789337108.020041,-975,62,119
2026-09-13 19:05:08.040,1789337108.040041,-969,60,120
2026-09-13 19:05:08.060,1789337108.060041,-968,57,113
2026-09-13 19:05:08.080,1789337108.080041,-967,54,112
2026-09-13 19:05:08.100,1789337108.100041,-965,57,114
2026-09-13 19:05:08.120,1789337108.120041,-968,55,121
2026-09-13 19:05:08.140,1789337108.1400409,-973,60,122
2026-09-13 19:05:08.160,1789337108.1600409,-973,60,111
2026-09-13 19:05:08.180,1789337108.1800408,-965,57,116
2026-09-13 19:05:08.200,1789337108.200041,-972,55,117
2026-09-13 19:05:08.220,1789337108.220041,-968,59,119
2026-09-13 19:05:08.240,1789337108.240041,-971,59,110
2026-09-13 19:05:08.260,1789337108.260041,-970,60,117
2026-09-13 19:05:08.280,1789337108.280041,-968,59,116
2026-09-13 19:05:08.300,1789337108.300041,-969,57,116
2026-09-13 19:05:08.320,1789337108.320041,-969,58,122
2026-09-13 19:05:08.340,1789337108.340041,-972,57,113
2026-09-13 19:05:08.360,1789337108.360041,-968,57,114
2026-09-13 19:05:08.380,1789337108.380041,-969,56,116
2026-09-13 19:05:08.400,1789337108.4000409,-969,58,117
2026-09-13 19:05:08.420,1789337108.4200408,-969,57,116
2026-09-13 19:05:08.440,1789337108.4400408,-968,58,125
2026-09-13 19:05:08.460,1789337108.460041,-975,62,120
2026-09-13 19:05:08.480,1789337108.480041,-968,58,104
2026-09-13 19:05:08.500,1789337108.500041,-958,57,123
2026-09-13 19:05:08.520,1789337108.520041,-959,63,147
2026-09-13 19:05:08.527,1789337108.527143,-977,62,121
2026-09-13 19:05:08.547,1789337108.547143,-958,62,110
2026-09-13 19:05:08.567,1789337108.567143,-965,58,126
2026-09-13 19:05:08.587,1789337108.587143,-969,58,127
2026-09-13 19:05:08.607,1789337108.607143,-964,60,129
2026-09-13 19:05:08.627,1789337108.627143,-964,61,124
2026-09-13 19:05:08.647,1789337108.647143,-964,57,123
2026-09-13 19:05:08.667,1789337108.667143,-966,61,127
2026-09-13 19:05:08.687,1789337108.687143,-967,63,134
2026-09-13 19:05:08.707,1789337108.707143,-969,63,136
2026-09-13 19:05:08.727,1789337108.727143,-972,66,135
2026-09-13 19:05:08.747,1789337108.747143,-969,64,129
2026-09-13 19:05:08.767,1789337108.767143,-964,60,129
2026-09-13 19:05:08.787,1789337108.787143,-966,62,136
2026-09-13 19:05:08.807,1789337108.807143,-972,68,138
2026-09-13 19:05:08.827,1789337108.827143,-971,70,147
2026-09-13 19:05:08.847,1789337108.847143,-977,67,150
2026-09-13 19:05:08.867,1789337108.867143,-974,63,136
2026-09-13 19:05:08.887,1789337108.887143,-960,67,125
2026-09-13 19:05:08.907,1789337108.907143,-959,65,132
2026-09-13 19:05:08.927,1789337108.927143,-970,61,138
2026-09-13 19:05:08.947,1789337108.947143,-969,56,139
2026-09-13 19:05:08.967,1789337108.967143,-969,52,135
2026-09-13 19:05:08.987,1789337108.987143,-968,59,134
2026-09-13 19:05:09.007,1789337109.007143,-966,61,117
2026-09-13 19:05:09.027,1789337109.027143,-952,62,126
2026-09-13 19:05:09.047,1789337109.047143,-975,63,121
2026-09-13 19:05:09.067,1789337109.067143,-969,64,95
2026-09-13 19:05:09.087,1789337109.087143,-963,62,101
2026-09-13 19:05:09.107,1789337109.107143,-943,61,138
2026-09-13 19:05:09.127,1789337109.127143,-984,60,116
2026-09-13 19:05:09.147,1789337109.147143,-971,55,96
2026-09-13 19:05:09.167,1789337109.167143,-964,55,116
2026-09-13 19:05:09.187,1789337109.187143,-971,59,120
2026-09-13 19:05:09.207,1789337109.207143,-967,62,112
2026-09-13 19:05:09.227,1789337109.227143,-964,62,106
2026-09-13 19:05:09.234,1789337109.2342145,-965,62,105
2026-09-13 19:05:09.254,1789337109.2542145,-966,60,108
2026-09-13 19:05:09.274,1789337109.2742145,-970,58,114
2026-09-13 19:05:09.294,1789337109.2942145,-973,56,107
2026-09-13 19:05:09.314,1789337109.3142145,-970,58,107
2026-09-13 19:05:09.334,1789337109.3342144,-967,57,95
2026-09-13 19:05:09.354,1789337109.3542144,-963,53,89
2026-09-13 19:05:09.374,1789337109.3742146,-962,54,104
2026-09-13 19:05:09.394,1789337109.3942146,-973,59,110
2026-09-13 19:05:09.414,1789337109.4142146,-974,59,111
2026-09-13 19:05:09.434,1789337109.4342146,-973,55,103
2026-09-13 19:05:09.454,1789337109.4542146,-971,54,98
2026-09-13 19:05:09.474,1789337109.4742146,-969,54,92
2026-09-13 19:05:09.494,1789337109.4942145,-968,57,96
2026-09-13 19:05:09.514,1789337109.5142145,-968,57,98
2026-09-13 19:05:09.534,1789337109.5342145,-970,54,95
2026-09-13 19:05:09.554,1789337109.5542145,-968,55,97
2026-09-13 19:05:09.574,1789337109.5742145,-971,52,90
2026-09-13 19:05:09.594,1789337109.5942144,-967,50,102
2026-09-13 19:05:09.614,1789337109.6142147,-972,53,95
2026-09-13 19:05:09.634,1789337109.6342146,-970,49,77
2026-09-13 19:05:09.654,1789337109.6542146,-970,49,73
2026-09-13 19:05:09.674,1789337109.6742146,-949,47,127
2026-09-13 19:05:09.694,1789337109.6942146,-994,52,92
2026-09-13 19:05:09.714,1789337109.7142146,-972,50,69
2026-09-13 19:05:09.734,1789337109.7342145,-969,47,97
2026-09-13 19:05:09.754,1789337109.7542145,-976,52,105
2026-09-13 19:05:09.774,1789337109.7742145,-972,50,88
2026-09-13 19:05:09.794,1789337109.7942145,-969,50,87
2026-09-13 19:05:09.814,1789337109.8142145,-968,46,88
2026-09-13 19:05:09.834,1789337109.8342144,-966,47,89
2026-09-13 19:05:09.854,1789337109.8542144,-971,46,96
2026-09-13 19:05:09.874,1789337109.8742146,-974,46,98
2026-09-13 19:05:09.894,1789337109.8942146,-972,48,97
2026-09-13 19:05:09.914,1789337109.9142146,-972,49,93
2026-09-13 19:05:09.934,1789337109.9342146,-965,43,75
2026-09-13 19:05:09.941,1789337109.9413166,-958,39,94
2026-09-13 19:05:09.961,1789337109.9613166,-975,46,97
2026-09-13 19:05:09.981,1789337109.9813166,-977,47,87
2026-09-13 19:05:10.001,1789337110.0013165,-970,52,99
2026-09-13 19:05:10.021,1789337110.0213165,-975,52,96
2026-09-13 19:05:10.041,1789337110.0413165,-975,48,94
2026-09-13 19:05:10.061,1789337110.0613165,-972,45,87
2026-09-13 19:05:10.081,1789337110.0813167,-969,42,81
2026-09-13 19:05:10.101,1789337110.1013167,-966,41,79
2026-09-13 19:05:10.121,1789337110.1213167,-967,42,82
2026-09-13 19:05:10.141,1789337110.1413167,-971,42,84
2026-09-13 19:05:10.161,1789337110.1613166,-976,41,86
2026-09-13 19:05:10.181,1789337110.1813166,-977,42,67
2026-09-13 19:05:10.201,1789337110.2013166,-969,41,67
2026-09-13 19:05:10.221,1789337110.2213166,-968,41,107
2026-09-13 19:05:10.241,1789337110.2413166,-982,39,102
2026-09-13 19:05:10.261,1789337110.2613165,-969,41,40
2026-09-13 19:05:10.281,1789337110.2813165,-954,37,73
2026-09-13 19:05:10.301,1789337110.3013165,-981,38,89
2026-09-13 19:05:10.321,1789337110.3213167,-975,40,86
2026-09-13 19:05:10.341,1789337110.3413167,-971,39,78
2026-09-13 19:05:10.361,1789337110.3613167,-970,38,71
2026-09-13 19:05:10.381,1789337110.3813167,-967,39,76
2026-09-13 19:05:10.401,1789337110.4013166,-975,39,80
2026-09-13 19:05:10.421,1789337110.4213166,-976,39,82
2026-09-13 19:05:10.441,1789337110.4413166,-972,41,84
2026-09-13 19:05:10.461,1789337110.4613166,-972,41,80
2026-09-13 19:05:10.481,1789337110.4813166,-967,43,63
2026-09-13 19:05:10.501,1789337110.5013165,-965,41,78
2026-09-13 19:05:10.521,1789337110.5213165,-980,41,77
2026-09-13 19:05:10.541,1789337110.5413165,-977,42,79
2026-09-13 19:05:10.561,1789337110.5613165,-974,42,79
2026-09-13 19:05:10.581,1789337110.5813167,-971,42,81
2026-09-13 19:05:10.601,1789337110.6013167,-970,41,85
2026-09-13 19:05:10.621,1789337110.6213167,-970,41,77
2026-09-13 19:05:10.641,1789337110.6413167,-967,42,79
2026-09-13 19:05:10.648,1789337110.6483576,-969,44,77
2026-09-13 19:05:10.668,1789337110.6683576,-970,40,81
2026-09-13 19:05:10.688,1789337110.6883576,-971,42,80
2026-09-13 19:05:10.708,1789337110.7083576,-970,41,82
2026-09-13 19:05:10.728,1789337110.7283576,-974,43,67
2026-09-13 19:05:10.748,1789337110.7483575,-971,40,62
2026-09-13 19:05:10.768,1789337110.7683575,-958,43,109
2026-09-13 19:05:10.788,1789337110.7883577,-985,45,103
2026-09-13 19:05:10.808,1789337110.8083577,-972,45,37
2026-09-13 19:05:10.828,1789337110.8283577,-956,42,82
2026-09-13 19:05:10.848,1789337110.8483577,-991,47,95
2026-09-13 19:05:10.868,1789337110.8683577,-973,45,95
2026-09-13 19:05:10.888,1789337110.8883576,-971,39,86
2026-09-13 19:05:10.908,1789337110.9083576,-967,43,76
2026-09-13 19:05:10.928,1789337110.9283576,-961,46,73
2026-09-13 19:05:10.948,1789337110.9483576,-963,41,78
2026-09-13 19:05:10.968,1789337110.9683576,-969,40,91
2026-09-13 19:05:10.988,1789337110.9883575,-974,44,98
2026-09-13 19:05:11.008,1789337111.0083575,-975,47,88
2026-09-13 19:05:11.028,1789337111.0283577,-966,46,69
2026-09-13 19:05:11.048,1789337111.0483577,-960,43,89
2026-09-13 19:05:11.068,1789337111.0683577,-973,47,88
2026-09-13 19:05:11.088,1789337111.0883577,-967,49,89
2026-09-13 19:05:11.108,1789337111.1083577,-964,48,81
2026-09-13 19:05:11.128,1789337111.1283576,-960,46,77
2026-09-13 19:05:11.148,1789337111.1483576,-965,49,76
2026-09-13 19:05:11.168,1789337111.1683576,-971,48,83
2026-09-13 19:05:11.188,1789337111.1883576,-971,48,87
2026-09-13 19:05:11.208,1789337111.2083576,-971,46,83
2026-09-13 19:05:11.228,1789337111.2283576,-971,47,84
2026-09-13 19:05:11.248,1789337111.2483575,-969,48,91
2026-09-13 19:05:11.268,1789337111.2683575,-971,50,78
2026-09-13 19:05:11.288,1789337111.2883577,-969,50,71
2026-09-13 19:05:11.308,1789337111.3083577,-966,45,64
2026-09-13 19:05:11.328,1789337111.3283577,-947,48,126
2026-09-13 19:05:11.348,1789337111.3483577,-985,51,83
2026-09-13 19:05:11.355,1789337111.3555512,-955,50,32
2026-09-13 19:05:11.375,1789337111.3755512,-948,50,80
2026-09-13 19:05:11.395,1789337111.3955512,-987,55,84
2026-09-13 19:05:11.415,1789337111.4155512,-981,56,85
2026-09-13 19:05:11.435,1789337111.4355512,-979,51,82
2026-09-13 19:05:11.455,1789337111.4555511,-973,53,74
2026-09-13 19:05:11.475,1789337111.4755511,-970,58,76
2026-09-13 19:05:11.495,1789337111.4955513,-971,55,76
2026-09-13 19:05:11.515,1789337111.5155513,-973,54,87
2026-09-13 19:05:11.535,1789337111.5355513,-976,54,88
2026-09-13 19:05:11.555,1789337111.5555513,-976,54,83
2026-09-13 19:05:11.575,1789337111.5755513,-972,57,67
2026-09-13 19:05:11.595,1789337111.5955513,-968,58,86
2026-09-13 19:05:11.615,1789337111.6155512,-980,61,83
2026-09-13 19:05:11.635,1789337111.6355512,-970,60,85
2026-09-13 19:05:11.655,1789337111.6555512,-969,58,84
2026-09-13 19:05:11.675,1789337111.6755512,-970,57,83
2026-09-13 19:05:11.695,1789337111.6955512,-974,57,78
2026-09-13 19:05:11.715,1789337111.7155511,-972,57,84
2026-09-13 19:05:11.735,1789337111.7355514,-973,55,82
2026-09-13 19:05:11.755,1789337111.7555513,-974,54,82
2026-09-13 19:05:11.775,1789337111.7755513,-971,54,83
2026-09-13 19:05:11.795,1789337111.7955513,-972,54,92
2026-09-13 19:05:11.815,1789337111.8155513,-978,61,63
2026-09-13 19:05:11.835,1789337111.8355513,-965,59,78
2026-09-13 19:05:11.855,1789337111.8555512,-969,55,96
2026-09-13 19:05:11.875,1789337111.8755512,-979,62,121
2026-09-13 19:05:11.895,1789337111.8955512,-986,63,61
2026-09-13 19:05:11.915,1789337111.9155512,-956,58,65
2026-09-13 19:05:11.935,1789337111.9355512,-963,58,91
2026-09-13 19:05:11.955,1789337111.9555511,-975,62,99
2026-09-13 19:05:11.975,1789337111.9755511,-978,58,99
2026-09-13 19:05:11.995,1789337111.9955513,-977,53,89
2026-09-13 19:05:12.015,1789337112.0155513,-970,55,84
2026-09-13 19:05:12.035,1789337112.0355513,-968,55,84
2026-09-13 19:05:12.055,1789337112.0555513,-969,56,88
2026-09-13 19:05:12.062,1789337112.0628364,-972,55,94
2026-09-13 19:05:12.082,1789337112.0828364,-977,59,97
2026-09-13 19:05:12.102,1789337112.1028364,-977,59,85
2026-09-13 19:05:12.122,1789337112.1228364,-966,58,100
2026-09-13 19:05:12.142,1789337112.1428363,-974,59,97
2026-09-13 19:05:12.162,1789337112.1628363,-969,61,93
2026-09-13 19:05:12.182,1789337112.1828363,-967,61,96
2026-09-13 19:05:12.202,1789337112.2028365,-970,59,96
2026-09-13 19:05:12.222,1789337112.2228365,-970,59,95
2026-09-13 19:05:12.242,1789337112.2428365,-970,59,98
2026-09-13 19:05:12.262,1789337112.2628365,-973,57,103
2026-09-13 19:05:12.282,1789337112.2828364,-972,56,102
2026-09-13 19:05:12.302,1789337112.3028364,-970,51,96
2026-09-13 19:05:12.322,1789337112.3228364,-965,53,109
2026-09-13 19:05:12.342,1789337112.3428364,-974,56,97
2026-09-13 19:05:12.362,1789337112.3628364,-970,59,83
2026-09-13 19:05:12.382,1789337112.3828363,-958,56,106
2026-09-13 19:05:12.402,1789337112.4028363,-965,55,135
2026-09-13 19:05:12.422,1789337112.4228363,-983,62,120
2026-09-13 19:05:12.442,1789337112.4428365,-969,56,84
2026-09-13 19:05:12.462,1789337112.4628365,-956,52,94
2026-09-13 19:05:12.482,1789337112.4828365,-962,56,119
2026-09-13 19:05:12.502,1789337112.5028365,-967,57,121
2026-09-13 19:05:12.522,1789337112.5228364,-971,56,119
2026-09-13 19:05:12.542,1789337112.5428364,-972,52,120
2026-09-13 19:05:12.562,1789337112.5628364,-969,51,115
2026-09-13 19:05:12.582,1789337112.5828364,-965,51,114
2026-09-13 19:05:12.602,1789337112.6028364,-967,52,120
2026-09-13 19:05:12.622,1789337112.6228364,-970,54,125
2026-09-13 19:05:12.642,1789337112.6428363,-973,58,113
2026-09-13 19:05:12.662,1789337112.6628363,-962,59,108
2026-09-13 19:05:12.682,1789337112.6828363,-964,56,116
2026-09-13 19:05:12.702,1789337112.7028365,-972,59,114
2026-09-13 19:05:12.722,1789337112.7228365,-967,58,120
2026-09-13 19:05:12.742,1789337112.7428365,-971,54,119
2026-09-13 19:05:12.762,1789337112.7628365,-966,58,116
2026-09-13 19:05:12.770,1789337112.7701826,-964,59,115
2026-09-13 19:05:12.790,1789337112.7901826,-963,57,115
2026-09-13 19:05:12.810,1789337112.8101826,-967,55,116
2026-09-13 19:05:12.830,1789337112.8301826,-967,55,119
2026-09-13 19:05:12.850,1789337112.8501825,-970,56,116
2026-09-13 19:05:12.870,1789337112.8701825,-965,56,127
2026-09-13 19:05:12.890,1789337112.8901825,-978,59,117
2026-09-13 19:05:12.910,1789337112.9101827,-972,60,99
2026-09-13 19:05:12.930,1789337112.9301827,-954,57,125
2026-09-13 19:05:12.950,1789337112.9501827,-962,55,139
2026-09-13 19:05:12.970,1789337112.9701827,-977,63,131
2026-09-13 19:05:12.990,1789337112.9901826,-971,57,111
2026-09-13 19:05:13.010,1789337113.0101826,-961,55,112
2026-09-13 19:05:13.030,1789337113.0301826,-957,58,132
2026-09-13 19:05:13.050,1789337113.0501826,-970,61,134
2026-09-13 19:05:13.070,1789337113.0701826,-971,57,132
2026-09-13 19:05:13.090,1789337113.0901825,-966,54,125
2026-09-13 19:05:13.110,1789337113.1101825,-965,54,127
2026-09-13 19:05:13.130,1789337113.1301825,-968,56,129
2026-09-13 19:05:13.150,1789337113.1501827,-967,54,128
2026-09-13 19:05:13.170,1789337113.1701827,-962,57,129
2026-09-13 19:05:13.190,1789337113.1901827,-968,59,125
2026-09-13 19:05:13.210,1789337113.2101827,-966,60,124
2026-09-13 19:05:13.230,1789337113.2301826,-965,56,126
2026-09-13 19:05:13.250,1789337113.2501826,-968,58,126
2026-09-13 19:05:13.270,1789337113.2701826,-966,54,127
2026-09-13 19:05:13.290,1789337113.2901826,-969,49,124
2026-09-13 19:05:13.310,1789337113.3101826,-967,46,122
2026-09-13 19:05:13.330,1789337113.3301826,-968,44,111
2026-09-13 19:05:13.350,1789337113.3501825,-968,43,114
2026-09-13 19:05:13.370,1789337113.3701825,-970,45,112
2026-09-13 19:05:13.390,1789337113.3901825,-970,53,105
2026-09-13 19:05:13.410,1789337113.4101827,-967,56,104
2026-09-13 19:05:13.430,1789337113.4301827,-964,51,105
2026-09-13 19:05:13.450,1789337113.4501827,-973,51,113
2026-09-13 19:05:13.470,1789337113.4701827,-977,53,99
2026-09-13 19:05:13.477,1789337113.4776204,-961,49,101
2026-09-13 19:05:13.497,1789337113.4976203,-967,48,116
2026-09-13 19:05:13.517,1789337113.5176203,-973,54,120
2026-09-13 19:05:13.537,1789337113.5376203,-972,55,86
2026-09-13 19:05:13.557,1789337113.5576203,-959,50,95
2026-09-13 19:05:13.577,1789337113.5776203,-969,50,108
2026-09-13 19:05:13.597,1789337113.5976202,-971,54,116
2026-09-13 19:05:13.617,1789337113.6176205,-972,55,112
2026-09-13 19:05:13.637,1789337113.6376204,-970,55,106
2026-09-13 19:05:13.657,1789337113.6576204,-966,55,107
2026-09-13 19:05:13.677,1789337113.6776204,-969,55,110
2026-09-13 19:05:13.697,1789337113.6976204,-971,55,110
2026-09-13 19:05:13.717,1789337113.7176204,-970,55,108
2026-09-13 19:05:13.737,1789337113.7376204,-972,58,109
2026-09-13 19:05:13.757,1789337113.7576203,-967,56,104
2026-09-13 19:05:13.777,1789337113.7776203,-965,53,115
2026-09-13 19:05:13.797,1789337113.7976203,-973,57,119
2026-09-13 19:05:13.817,1789337113.8176203,-968,61,115
2026-09-13 19:05:13.837,1789337113.8376203,-968,59,115
2026-09-13 19:05:13.857,1789337113.8576205,-971,54,114
2026-09-13 19:05:13.877,1789337113.8776205,-970,55,110
2026-09-13 19:05:13.897,1789337113.8976204,-966,57,111
2026-09-13 19:05:13.917,1789337113.9176204,-965,55,106
2026-09-13 19:05:13.937,1789337113.9376204,-968,56,108
2026-09-13 19:05:13.957,1789337113.9576204,-969,55,111
2026-09-13 19:05:13.977,1789337113.9776204,-969,56,116
2026-09-13 19:05:13.997,1789337113.9976203,-967,59,122
2026-09-13 19:05:14.017,1789337114.0176203,-976,62,124
2026-09-13 19:05:14.037,1789337114.0376203,-971,62,96
2026-09-13 19:05:14.057,1789337114.0576203,-958,55,110
2026-09-13 19:05:14.077,1789337114.0776203,-962,56,125
2026-09-13 19:05:14.097,1789337114.0976202,-973,58,114
2026-09-13 19:05:14.117,1789337114.1176205,-963,58,96
2026-09-13 19:05:14.137,1789337114.1376204,-964,53,112
2026-09-13 19:05:14.157,1789337114.1576204,-970,52,123
2026-09-13 19:05:14.177,1789337114.1776204,-969,56,122
2026-09-13 19:05:14.184,1789337114.1848445,-969,57,129
2026-09-13 19:05:14.204,1789337114.2048445,-968,57,119
2026-09-13 19:05:14.224,1789337114.2248445,-967,54,121
2026-09-13 19:05:14.244,1789337114.2448444,-965,56,124
2026-09-13 19:05:14.264,1789337114.2648444,-968,56,122
2026-09-13 19:05:14.284,1789337114.2848444,-970,57,120
2026-09-13 19:05:14.304,1789337114.3048444,-969,56,118
2026-09-13 19:05:14.324,1789337114.3248446,-968,54,119
2026-09-13 19:05:14.344,1789337114.3448446,-969,54,120
2026-09-13 19:05:14.364,1789337114.3648446,-964,57,117
2026-09-13 19:05:14.384,1789337114.3848445,-968,53,121
2026-09-13 19:05:14.404,1789337114.4048445,-968,55,123
2026-09-13 19:05:14.424,1789337114.4248445,-966,56,120
2026-09-13 19:05:14.444,1789337114.4448445,-968,56,121
2026-09-13 19:05:14.464,1789337114.4648445,-967,54,120
2026-09-13 19:05:14.484,1789337114.4848444,-968,57,118
2026-09-13 19:05:14.504,1789337114.5048444,-969,58,122
2026-09-13 19:05:14.524,1789337114.5248444,-970,58,125
2026-09-13 19:05:14.544,1789337114.5448444,-973,56,122
2026-09-13 19:05:14.564,1789337114.5648446,-965,54,128
2026-09-13 19:05:14.584,1789337114.5848446,-976,56,126
2026-09-13 19:05:14.604,1789337114.6048446,-968,59,112
2026-09-13 19:05:14.624,1789337114.6248446,-964,56,119
2026-09-13 19:05:14.644,1789337114.6448445,-952,57,141
2026-09-13 19:05:14.664,1789337114.6648445,-974,57,123
2026-09-13 19:05:14.684,1789337114.6848445,-960,56,117
2026-09-13 19:05:14.704,1789337114.7048445,-964,52,125
2026-09-13 19:05:14.724,1789337114.7248445,-968,57,130
2026-09-13 19:05:14.744,1789337114.7448444,-969,59,129
2026-09-13 19:05:14.764,1789337114.7648444,-969,57,128
2026-09-13 19:05:14.784,1789337114.7848444,-970,53,129
2026-09-13 19:05:14.804,1789337114.8048444,-969,57,131
2026-09-13 19:05:14.824,1789337114.8248446,-968,59,137
2026-09-13 19:05:14.844,1789337114.8448446,-973,59,141
2026-09-13 19:05:14.864,1789337114.8648446,-974,57,138
2026-09-13 19:05:14.884,1789337114.8848445,-967,60,138
2026-09-13 19:05:14.891,1789337114.891977,-967,51,136
2026-09-13 19:05:14.911,1789337114.911977,-966,49,134
2026-09-13 19:05:14.931,1789337114.931977,-969,51,137
2026-09-13 19:05:14.951,1789337114.951977,-968,53,138
2026-09-13 19:05:14.971,1789337114.971977,-968,51,134
2026-09-13 19:05:14.991,1789337114.991977,-965,54,132
2026-09-13 19:05:15.011,1789337115.011977,-965,56,133
2026-09-13 19:05:15.031,1789337115.0319772,-962,50,127
2026-09-13 19:05:15.051,1789337115.0519772,-961,47,117
2026-09-13 19:05:15.071,1789337115.0719771,-964,48,120
2026-09-13 19:05:15.091,1789337115.0919771,-975,51,120
2026-09-13 19:05:15.111,1789337115.111977,-964,49,128
2026-09-13 19:05:15.131,1789337115.131977,-974,49,128
2026-09-13 19:05:15.151,1789337115.151977,-971,46,114
2026-09-13 19:05:15.171,1789337115.171977,-972,40,101
2026-09-13 19:05:15.191,1789337115.191977,-935,46,128
2026-09-13 19:05:15.211,1789337115.211977,-970,50,126
2026-09-13 19:05:15.231,1789337115.231977,-976,46,97
2026-09-13 19:05:15.251,1789337115.251977,-959,40,111
2026-09-13 19:05:15.271,1789337115.2719772,-970,44,121
2026-09-13 19:05:15.291,1789337115.2919772,-971,49,118
2026-09-13 19:05:15.311,1789337115.3119771,-972,46,116
2026-09-13 19:05:15.331,1789337115.3319771,-970,46,113
2026-09-13 19:05:15.351,1789337115.351977,-963,44,111
2026-09-13 19:05:15.371,1789337115.371977,-959,45,111
2026-09-13 19:05:15.391,1789337115.391977,-967,45,110
2026-09-13 19:05:15.411,1789337115.411977,-971,45,108
2026-09-13 19:05:15.431,1789337115.431977,-970,45,105
2026-09-13 19:05:15.451,1789337115.451977,-968,42,96
2026-09-13 19:05:15.471,1789337115.471977,-966,41,108
2026-09-13 19:05:15.491,1789337115.491977,-973,42,110
2026-09-13 19:05:15.511,1789337115.511977,-972,43,114
2026-09-13 19:05:15.531,1789337115.5319772,-975,45,118
2026-09-13 19:05:15.551,1789337115.5519772,-975,45,116
2026-09-13 19:05:15.571,1789337115.5719771,-970,44,106
2026-09-13 19:05:15.591,1789337115.5919771,-959,40,104
2026-09-13 19:05:15.598,1789337115.5983467,-964,42,104
2026-09-13 19:05:15.618,1789337115.6183467,-969,41,110
2026-09-13 19:05:15.638,1789337115.6383467,-974,42,112
2026-09-13 19:05:15.658,1789337115.6583467,-966,39,118
2026-09-13 19:05:15.678,1789337115.6783466,-978,48,106
2026-09-13 19:05:15.698,1789337115.6983466,-970,46,98
2026-09-13 19:05:15.718,1789337115.7183466,-971,42,92
2026-09-13 19:05:15.738,1789337115.7383468,-943,41,140
2026-09-13 19:05:15.758,1789337115.7583468,-980,43,93
2026-09-13 19:05:15.778,1789337115.7783468,-963,41,77
2026-09-13 19:05:15.798,1789337115.7983468,-960,40,106
2026-09-13 19:05:15.818,1789337115.8183467,-975,48,114
2026-09-13 19:05:15.838,1789337115.8383467,-972,46,104
2026-09-13 19:05:15.858,1789337115.8583467,-967,44,107
2026-09-13 19:05:15.878,1789337115.8783467,-970,45,105
2026-09-13 19:05:15.898,1789337115.8983467,-969,46,100
2026-09-13 19:05:15.918,1789337115.9183466,-973,47,103
2026-09-13 19:05:15.938,1789337115.9383466,-969,45,103
2026-09-13 19:05:15.958,1789337115.9583466,-969,47,104
2026-09-13 19:05:15.978,1789337115.9783468,-968,45,94
2026-09-13 19:05:15.998,1789337115.9983468,-965,42,89
2026-09-13 19:05:16.018,1789337116.0183468,-965,42,108
2026-09-13 19:05:16.038,1789337116.0383468,-978,47,103
2026-09-13 19:05:16.058,1789337116.0583467,-970,47,102
2026-09-13 19:05:16.078,1789337116.0783467,-968,45,104
2026-09-13 19:05:16.098,1789337116.0983467,-970,48,100
2026-09-13 19:05:16.118,1789337116.1183467,-969,50,98
2026-09-13 19:05:16.138,1789337116.1383467,-973,49,97
2026-09-13 19:05:16.158,1789337116.1583467,-971,45,90
2026-09-13 19:05:16.178,1789337116.1783466,-970,44,93
2026-09-13 19:05:16.198,1789337116.1983466,-971,46,109
2026-09-13 19:05:16.218,1789337116.2183466,-979,47,105
2026-09-13 19:05:16.238,1789337116.2383468,-976,46,87
2026-09-13 19:05:16.258,1789337116.2583468,-964,46,83
2026-09-13 19:05:16.278,1789337116.2783468,-949,46,127
2026-09-13 19:05:16.298,1789337116.2983468,-979,48,108
2026-09-13 19:05:16.304,1789337116.3049605,-971,48,61
2026-09-13 19:05:16.324,1789337116.3249605,-957,44,97
2026-09-13 19:05:16.344,1789337116.3449605,-980,47,111
2026-09-13 19:05:16.364,1789337116.3649604,-974,48,101
2026-09-13 19:05:16.384,1789337116.3849604,-971,43,95
2026-09-13 19:05:16.404,1789337116.4049604,-967,43,88
2026-09-13 19:05:16.424,1789337116.4249604,-960,45,97
2026-09-13 19:05:16.444,1789337116.4449606,-970,44,97
2026-09-13 19:05:16.464,1789337116.4649606,-974,44,99
2026-09-13 19:05:16.484,1789337116.4849606,-976,46,102
2026-09-13 19:05:16.504,1789337116.5049605,-973,47,103
2026-09-13 19:05:16.524,1789337116.5249605,-972,45,80
2026-09-13 19:05:16.544,1789337116.5449605,-963,42,99
2026-09-13 19:05:16.564,1789337116.5649605,-971,44,94
2026-09-13 19:05:16.584,1789337116.5849605,-968,47,97
2026-09-13 19:05:16.604,1789337116.6049604,-969,46,93
2026-09-13 19:05:16.624,1789337116.6249604,-973,44,97
2026-09-13 19:05:16.644,1789337116.6449604,-972,46,96
2026-09-13 19:05:16.664,1789337116.6649604,-971,46,91
2026-09-13 19:05:16.684,1789337116.6849606,-969,47,89
2026-09-13 19:05:16.704,1789337116.7049606,-972,48,90
2026-09-13 19:05:16.724,1789337116.7249606,-967,49,95
2026-09-13 19:05:16.744,1789337116.7449605,-971,46,102
2026-09-13 19:05:16.764,1789337116.7649605,-976,49,78
2026-09-13 19:05:16.784,1789337116.7849605,-967,49,76
2026-09-13 19:05:16.804,1789337116.8049605,-955,43,121
2026-09-13 19:05:16.824,1789337116.8249605,-981,46,113
2026-09-13 19:05:16.844,1789337116.8449605,-974,47,46
2026-09-13 19:05:16.864,1789337116.8649604,-954,46,93
2026-09-13 19:05:16.884,1789337116.8849604,-980,49,104
2026-09-13 19:05:16.904,1789337116.9049604,-973,47,101
2026-09-13 19:05:16.924,1789337116.9249604,-970,43,93
2026-09-13 19:05:16.944,1789337116.9449606,-969,42,85
2026-09-13 19:05:16.964,1789337116.9649606,-962,48,87
2026-09-13 19:05:16.984,1789337116.9849606,-968,45,91
2026-09-13 19:05:17.004,1789337117.0049605,-973,46,97
2026-09-13 19:05:17.011,1789337117.0114522,-970,45,99
2026-09-13 19:05:17.031,1789337117.0314522,-973,48,96
2026-09-13 19:05:17.051,1789337117.0514522,-964,46,76
2026-09-13 19:05:17.071,1789337117.0714521,-964,46,95
2026-09-13 19:05:17.091,1789337117.0914521,-975,46,93
2026-09-13 19:05:17.111,1789337117.111452,-965,45,100
2026-09-13 19:05:17.131,1789337117.131452,-959,49,97
2026-09-13 19:05:17.151,1789337117.1514523,-963,50,91
2026-09-13 19:05:17.171,1789337117.1714523,-964,48,85
2026-09-13 19:05:17.191,1789337117.1914523,-965,44,79
2026-09-13 19:05:17.211,1789337117.2114522,-959,47,86
2026-09-13 19:05:17.231,1789337117.2314522,-971,48,86
2026-09-13 19:05:17.251,1789337117.2514522,-969,48,97
2026-09-13 19:05:17.271,1789337117.2714522,-972,46,89
2026-09-13 19:05:17.291,1789337117.2914522,-969,47,72
2026-09-13 19:05:17.311,1789337117.3114522,-964,46,64
2026-09-13 19:05:17.331,1789337117.3314521,-958,49,121
2026-09-13 19:05:17.351,1789337117.351452,-995,54,102
2026-09-13 19:05:17.371,1789337117.371452,-974,47,40
2026-09-13 19:05:17.391,1789337117.3914523,-942,46,82
2026-09-13 19:05:17.411,1789337117.4114523,-981,46,103
2026-09-13 19:05:17.431,1789337117.4314523,-979,50,94
2026-09-13 19:05:17.451,1789337117.4514523,-972,45,88
2026-09-13 19:05:17.471,1789337117.4714522,-971,45,79
2026-09-13 19:05:17.491,1789337117.4914522,-968,47,80
2026-09-13 19:05:17.511,1789337117.5114522,-969,43,82
2026-09-13 19:05:17.531,1789337117.5314522,-972,44,83
2026-09-13 19:05:17.551,1789337117.5514522,-972,44,80
2026-09-13 19:05:17.571,1789337117.5714521,-973,47,84
2026-09-13 19:05:17.591,1789337117.5914521,-973,47,71
2026-09-13 19:05:17.611,1789337117.611452,-964,42,88
2026-09-13 19:05:17.631,1789337117.631452,-977,48,82
2026-09-13 19:05:17.651,1789337117.6514523,-972,47,88
2026-09-13 19:05:17.671,1789337117.6714523,-972,44,90
2026-09-13 19:05:17.691,1789337117.6914523,-975,45,87
2026-09-13 19:05:17.711,1789337117.7114522,-974,48,87
2026-09-13 19:05:17.717,1789337117.7176692,-972,48,84
2026-09-13 19:05:17.737,1789337117.7376692,-968,47,84
2026-09-13 19:05:17.757,1789337117.7576692,-971,45,78
2026-09-13 19:05:17.777,1789337117.7776692,-966,43,97
2026-09-13 19:05:17.797,1789337117.7976692,-980,44,70
2026-09-13 19:05:17.817,1789337117.8176692,-972,48,76
2026-09-13 19:05:17.837,1789337117.8376691,-971,48,89
2026-09-13 19:05:17.857,1789337117.8576694,-968,50,130
2026-09-13 19:05:17.877,1789337117.8776693,-992,55,91
2026-09-13 19:05:17.897,1789337117.8976693,-964,44,59
2026-09-13 19:05:17.917,1789337117.9176693,-947,41,89
2026-09-13 19:05:17.937,1789337117.9376693,-973,47,108
2026-09-13 19:05:17.957,1789337117.9576693,-976,49,110
2026-09-13 19:05:17.977,1789337117.9776692,-977,46,103
2026-09-13 19:05:17.997,1789337117.9976692,-971,43,96
2026-09-13 19:05:18.017,1789337118.0176692,-965,44,94
2026-09-13 19:05:18.037,1789337118.0376692,-966,42,95
2026-09-13 19:05:18.057,1789337118.0576692,-969,42,101
2026-09-13 19:05:18.077,1789337118.0776691,-973,44,108
2026-09-13 19:05:18.097,1789337118.0976694,-975,47,92
2026-09-13 19:05:18.117,1789337118.1176693,-967,48,102
2026-09-13 19:05:18.137,1789337118.1376693,-968,44,106
2026-09-13 19:05:18.157,1789337118.1576693,-971,48,103
2026-09-13 19:05:18.177,1789337118.1776693,-968,46,115
2026-09-13 19:05:18.197,1789337118.1976693,-979,46,127
2026-09-13 19:05:18.217,1789337118.2176692,-987,48,128
2026-09-13 19:05:18.237,1789337118.2376692,-975,50,115
2026-09-13 19:05:18.257,1789337118.2576692,-953,50,100
2026-09-13 19:05:18.277,1789337118.2776692,-954,47,97
2026-09-13 19:05:18.297,1789337118.2976692,-965,43,101
2026-09-13 19:05:18.317,1789337118.3176692,-966,43,120
2026-09-13 19:05:18.337,1789337118.3376691,-982,49,97
2026-09-13 19:05:18.357,1789337118.3576694,-961,50,103
2026-09-13 19:05:18.377,1789337118.3776693,-960,49,125
2026-09-13 19:05:18.397,1789337118.3976693,-968,50,142
2026-09-13 19:05:18.417,1789337118.4176693,-984,52,102
2026-09-13 19:05:18.423,1789337118.4237947,-956,45,94
2026-09-13 19:05:18.443,1789337118.4437947,-951,45,113
2026-09-13 19:05:18.463,1789337118.4637947,-962,53,130
2026-09-13 19:05:18.483,1789337118.4837947,-972,53,128
2026-09-13 19:05:18.503,1789337118.5037947,-972,46,129
2026-09-13 19:05:18.523,1789337118.5237947,-971,45,125
2026-09-13 19:05:18.543,1789337118.5437946,-966,51,121
2026-09-13 19:05:18.563,1789337118.5637949,-965,52,121
2026-09-13 19:05:18.583,1789337118.5837948,-963,51,124
2026-09-13 19:05:18.603,1789337118.6037948,-967,51,129
2026-09-13 19:05:18.623,1789337118.6237948,-969,52,122
2026-09-13 19:05:18.643,1789337118.6437948,-960,51,130
2026-09-13 19:05:18.663,1789337118.6637948,-968,51,129
2026-09-13 19:05:18.683,1789337118.6837947,-968,53,130
2026-09-13 19:05:18.703,1789337118.7037947,-966,53,132
2026-09-13 19:05:18.723,1789337118.7237947,-965,53,131
2026-09-13 19:05:18.743,1789337118.7437947,-962,51,129
2026-09-13 19:05:18.763,1789337118.7637947,-964,49,130
2026-09-13 19:05:18.783,1789337118.7837946,-965,48,129
2026-09-13 19:05:18.803,1789337118.8037949,-966,46,129
2026-09-13 19:05:18.823,1789337118.8237948,-969,44,129
2026-09-13 19:05:18.843,1789337118.8437948,-965,48,140
2026-09-13 19:05:18.863,1789337118.8637948,-980,48,127
2026-09-13 19:05:18.883,1789337118.8837948,-967,48,119
2026-09-13 19:05:18.903,1789337118.9037948,-959,48,140
2026-09-13 19:05:18.923,1789337118.9237947,-959,49,154
2026-09-13 19:05:18.943,1789337118.9437947,-975,56,135
2026-09-13 19:05:18.963,1789337118.9637947,-959,48,121
2026-09-13 19:05:18.983,1789337118.9837947,-956,45,132
2026-09-13 19:05:19.003,1789337119.0037947,-963,51,147
2026-09-13 19:05:19.023,1789337119.0237947,-971,55,146
2026-09-13 19:05:19.043,1789337119.0437946,-970,53,143
2026-09-13 19:05:19.063,1789337119.0637949,-960,53,135
2026-09-13 19:05:19.083,1789337119.0837948,-956,54,138
2026-09-13 19:05:19.103,1789337119.1037948,-964,55,140
2026-09-13 19:05:19.123,1789337119.1237948,-963,53,141
2026-09-13 19:05:19.130,1789337119.1301033,-963,54,140
2026-09-13 19:05:19.150,1789337119.1501033,-968,54,132
2026-09-13 19:05:19.170,1789337119.1701033,-961,52,139
2026-09-13 19:05:19.190,1789337119.1901033,-968,51,140
2026-09-13 19:05:19.210,1789337119.2101033,-967,57,139
2026-09-13 19:05:19.230,1789337119.2301033,-967,54,140
2026-09-13 19:05:19.250,1789337119.2501032,-967,53,136
2026-09-13 19:05:19.270,1789337119.2701035,-964,56,140
2026-09-13 19:05:19.290,1789337119.2901034,-968,54,139
2026-09-13 19:05:19.310,1789337119.3101034,-964,53,137
2026-09-13 19:05:19.330,1789337119.3301034,-963,52,138
2026-09-13 19:05:19.350,1789337119.3501034,-966,54,138
2026-09-13 19:05:19.370,1789337119.3701034,-967,55,136
2026-09-13 19:05:19.390,1789337119.3901033,-963,57,139
2026-09-13 19:05:19.410,1789337119.4101033,-970,57,141
2026-09-13 19:05:19.430,1789337119.4301033,-970,56,124
2026-09-13 19:05:19.450,1789337119.4501033,-946,55,136
2026-09-13 19:05:19.470,1789337119.4701033,-957,55,151
2026-09-13 19:05:19.490,1789337119.4901032,-976,58,144
2026-09-13 19:05:19.510,1789337119.5101035,-965,56,127
2026-09-13 19:05:19.530,1789337119.5301034,-955,52,130
2026-09-13 19:05:19.550,1789337119.5501034,-964,56,140
2026-09-13 19:05:19.570,1789337119.5701034,-967,58,138
2026-09-13 19:05:19.590,1789337119.5901034,-965,55,136
2026-09-13 19:05:19.610,1789337119.6101034,-968,55,139
2026-09-13 19:05:19.630,1789337119.6301033,-973,54,136
2026-09-13 19:05:19.650,1789337119.6501033,-970,55,136
2026-09-13 19:05:19.670,1789337119.6701033,-967,54,134
2026-09-13 19:05:19.690,1789337119.6901033,-965,56,138
2026-09-13 19:05:19.710,1789337119.7101033,-964,56,134
2026-09-13 19:05:19.730,1789337119.7301033,-959,55,129
2026-09-13 19:05:19.750,1789337119.7501032,-961,54,135
2026-09-13 19:05:19.770,1789337119.7701035,-965,54,135
2026-09-13 19:05:19.790,1789337119.7901034,-965,51,136
2026-09-13 19:05:19.810,1789337119.8101034,-968,52,140
2026-09-13 19:05:19.830,1789337119.8301034,-968,55,138
2026-09-13 19:05:19.836,1789337119.8364422,-967,57,136
2026-09-13 19:05:19.856,1789337119.8564422,-966,56,132
2026-09-13 19:05:19.876,1789337119.8764422,-966,53,135
2026-09-13 19:05:19.896,1789337119.8964422,-966,53,132
2026-09-13 19:05:19.916,1789337119.9164422,-961,55,133
2026-09-13 19:05:19.936,1789337119.9364421,-961,55,133
2026-09-13 19:05:19.956,1789337119.956442,-966,57,138
2026-09-13 19:05:19.976,1789337119.9764423,-970,55,142
2026-09-13 19:05:19.996,1789337119.9964423,-972,53,128
2026-09-13 19:05:20.016,1789337120.0164423,-956,53,133
2026-09-13 19:05:20.036,1789337120.0364423,-960,58,144
2026-09-13 19:05:20.056,1789337120.0564423,-966,61,141
2026-09-13 19:05:20.076,1789337120.0764422,-963,61,127
2026-09-13 19:05:20.096,1789337120.0964422,-953,56,134
2026-09-13 19:05:20.116,1789337120.1164422,-968,59,143
2026-09-13 19:05:20.136,1789337120.1364422,-969,59,142
2026-09-13 19:05:20.156,1789337120.1564422,-964,58,135
2026-09-13 19:05:20.176,1789337120.1764421,-967,55,137
2026-09-13 19:05:20.196,1789337120.1964421,-967,55,137
2026-09-13 19:05:20.216,1789337120.2164423,-962,59,137
2026-09-13 19:05:20.236,1789337120.2364423,-970,59,139
2026-09-13 19:05:20.256,1789337120.2564423,-967,58,137
2026-09-13 19:05:20.276,1789337120.2764423,-966,59,133
2026-09-13 19:05:20.296,1789337120.2964423,-962,57,134
2026-09-13 19:05:20.316,1789337120.3164423,-963,59,138
2026-09-13 19:05:20.336,1789337120.3364422,-965,62,138
2026-09-13 19:05:20.356,1789337120.3564422,-967,59,138
2026-09-13 19:05:20.376,1789337120.3764422,-965,55,137
2026-09-13 19:05:20.396,1789337120.3964422,-965,54,138
2026-09-13 19:05:20.416,1789337120.4164422,-968,57,136
2026-09-13 19:05:20.436,1789337120.4364421,-966,59,139
2026-09-13 19:05:20.456,1789337120.456442,-968,57,137
2026-09-13 19:05:20.476,1789337120.4764423,-966,56,134
2026-09-13 19:05:20.496,1789337120.4964423,-964,57,136
2026-09-13 19:05:20.516,1789337120.5164423,-968,59,138
2026-09-13 19:05:20.536,1789337120.5364423,-967,60,137
2026-09-13 19:05:20.542,1789337120.5425982,-964,58,142
2026-09-13 19:05:20.562,1789337120.5625982,-974,60,135
2026-09-13 19:05:20.582,1789337120.5825982,-961,59,132
2026-09-13 19:05:20.602,1789337120.6025982,-959,57,136
2026-09-13 19:05:20.622,1789337120.6225982,-952,57,159
2026-09-13 19:05:20.642,1789337120.6425982,-975,57,132
2026-09-13 19:05:20.662,1789337120.6625981,-954,57,134
2026-09-13 19:05:20.682,1789337120.6825984,-963,55,137
2026-09-13 19:05:20.702,1789337120.7025983,-964,60,144
2026-09-13 19:05:20.722,1789337120.7225983,-969,60,142
2026-09-13 19:05:20.742,1789337120.7425983,-967,62,147
2026-09-13 19:05:20.762,1789337120.7625983,-971,57,146
2026-09-13 19:05:20.782,1789337120.7825983,-970,57,137
2026-09-13 19:05:20.802,1789337120.8025982,-965,58,142
2026-09-13 19:05:20.822,1789337120.8225982,-970,61,138
2026-09-13 19:05:20.842,1789337120.8425982,-967,57,139
2026-09-13 19:05:20.862,1789337120.8625982,-966,51,135
2026-09-13 19:05:20.882,1789337120.8825982,-963,48,134
2026-09-13 19:05:20.902,1789337120.9025981,-964,58,139
2026-09-13 19:05:20.922,1789337120.9225984,-972,62,132
2026-09-13 19:05:20.942,1789337120.9425983,-962,59,133
2026-09-13 19:05:20.962,1789337120.9625983,-964,58,134
2026-09-13 19:05:20.982,1789337120.9825983,-970,56,132
2026-09-13 19:05:21.002,1789337121.0025983,-968,56,125
2026-09-13 19:05:21.022,1789337121.0225983,-964,55,124
2026-09-13 19:05:21.042,1789337121.0425982,-968,54,125
2026-09-13 19:05:21.062,1789337121.0625982,-972,51,127
2026-09-13 19:05:21.082,1789337121.0825982,-972,53,127
2026-09-13 19:05:21.102,1789337121.1025982,-965,54,128
2026-09-13 19:05:21.122,1789337121.1225982,-968,54,127
2026-09-13 19:05:21.142,1789337121.1425982,-973,60,124
2026-09-13 19:05:21.162,1789337121.1625981,-966,58,103
2026-09-13 19:05:21.182,1789337121.1825984,-964,51,105
2026-09-13 19:05:21.202,1789337121.2025983,-941,55,133
2026-09-13 19:05:21.222,1789337121.2225983,-972,54,119
2026-09-13 19:05:21.242,1789337121.2425983,-970,51,86
2026-09-13 19:05:21.248,1789337121.2487545,-961,44,108
2026-09-13 19:05:21.268,1789337121.2687545,-969,51,122
2026-09-13 19:05:21.288,1789337121.2887545,-971,55,119
2026-09-13 19:05:21.308,1789337121.3087544,-969,57,115
2026-09-13 19:05:21.328,1789337121.3287544,-966,51,114
2026-09-13 19:05:21.348,1789337121.3487544,-965,51,111
2026-09-13 19:05:21.368,1789337121.3687544,-966,51,111
2026-09-13 19:05:21.388,1789337121.3887546,-972,54,109
2026-09-13 19:05:21.408,1789337121.4087546,-973,53,106
2026-09-13 19:05:21.428,1789337121.4287546,-969,55,105
2026-09-13 19:05:21.448,1789337121.4487545,-967,51,97
2026-09-13 19:05:21.468,1789337121.4687545,-964,48,113
2026-09-13 19:05:21.488,1789337121.4887545,-972,55,108
2026-09-13 19:05:21.508,1789337121.5087545,-970,57,103
2026-09-13 19:05:21.528,1789337121.5287545,-969,54,109
2026-09-13 19:05:21.548,1789337121.5487545,-969,52,110
2026-09-13 19:05:21.568,1789337121.5687544,-969,53,108
2026-09-13 19:05:21.588,1789337121.5887544,-967,54,109
2026-09-13 19:05:21.608,1789337121.6087544,-968,50,102
2026-09-13 19:05:21.628,1789337121.6287546,-965,54,102
2026-09-13 19:05:21.648,1789337121.6487546,-967,53,106
2026-09-13 19:05:21.668,1789337121.6687546,-967,54,108
2026-09-13 19:05:21.688,1789337121.6887546,-963,53,111
2026-09-13 19:05:21.708,1789337121.7087545,-973,54,103
2026-09-13 19:05:21.728,1789337121.7287545,-968,52,89
2026-09-13 19:05:21.748,1789337121.7487545,-966,52,88
2026-09-13 19:05:21.768,1789337121.7687545,-946,53,133
2026-09-13 19:05:21.788,1789337121.7887545,-980,56,104
2026-09-13 19:05:21.808,1789337121.8087544,-963,52,83
2026-09-13 19:05:21.828,1789337121.8287544,-964,49,102
2026-09-13 19:05:21.848,1789337121.8487544,-970,57,119
2026-09-13 19:05:21.868,1789337121.8687544,-972,56,114
2026-09-13 19:05:21.888,1789337121.8887546,-970,52,113
2026-09-13 19:05:21.908,1789337121.9087546,-967,53,107
2026-09-13 19:05:21.928,1789337121.9287546,-966,53,106
2026-09-13 19:05:21.948,1789337121.9487545,-968,55,109
2026-09-13 19:05:21.955,1789337121.955063,-970,54,116
2026-09-13 19:05:21.975,1789337121.975063,-972,56,122
2026-09-13 19:05:21.995,1789337121.995063,-973,55,112
2026-09-13 19:05:22.015,1789337122.015063,-966,54,99
2026-09-13 19:05:22.035,1789337122.035063,-964,52,113
2026-09-13 19:05:22.055,1789337122.055063,-970,58,111
2026-09-13 19:05:22.075,1789337122.075063,-970,55,114
2026-09-13 19:05:22.095,1789337122.0950632,-971,53,114
2026-09-13 19:05:22.115,1789337122.1150632,-969,55,113
2026-09-13 19:05:22.135,1789337122.1350632,-968,56,111
2026-09-13 19:05:22.155,1789337122.1550632,-968,54,107
2026-09-13 19:05:22.175,1789337122.1750631,-970,52,106
2026-09-13 19:05:22.195,1789337122.195063,-970,54,107
2026-09-13 19:05:22.215,1789337122.215063,-969,53,107
2026-09-13 19:05:22.235,1789337122.235063,-967,55,106
2026-09-13 19:05:22.255,1789337122.255063,-965,58,120
2026-09-13 19:05:22.275,1789337122.275063,-980,58,95
2026-09-13 19:05:22.295,1789337122.295063,-962,56,94
2026-09-13 19:05:22.315,1789337122.315063,-962,52,119
2026-09-13 19:05:22.335,1789337122.3350632,-970,55,128
2026-09-13 19:05:22.355,1789337122.3550632,-975,54,86
2026-09-13 19:05:22.375,1789337122.3750632,-960,52,97
2026-09-13 19:05:22.395,1789337122.3950632,-968,56,115
2026-09-13 19:05:22.415,1789337122.4150631,-969,58,125
2026-09-13 19:05:22.435,1789337122.4350631,-972,54,118
2026-09-13 19:05:22.455,1789337122.455063,-970,53,110
2026-09-13 19:05:22.475,1789337122.475063,-965,58,111
2026-09-13 19:05:22.495,1789337122.495063,-966,56,108
2026-09-13 19:05:22.515,1789337122.515063,-970,54,111
2026-09-13 19:05:22.535,1789337122.535063,-968,54,112
2026-09-13 19:05:22.555,1789337122.555063,-970,53,121
2026-09-13 19:05:22.575,1789337122.575063,-974,52,101
2026-09-13 19:05:22.595,1789337122.5950632,-961,54,112
2026-09-13 19:05:22.615,1789337122.6150632,-970,54,109
2026-09-13 19:05:22.635,1789337122.6350632,-969,57,111
2026-09-13 19:05:22.655,1789337122.6550632,-969,51,113
2026-09-13 19:05:22.661,1789337122.661402,-969,54,116
2026-09-13 19:05:22.681,1789337122.681402,-969,55,110
2026-09-13 19:05:22.701,1789337122.701402,-967,56,110
2026-09-13 19:05:22.721,1789337122.721402,-968,50,110
2026-09-13 19:05:22.741,1789337122.741402,-969,51,108
2026-09-13 19:05:22.761,1789337122.761402,-968,53,110
2026-09-13 19:05:22.781,1789337122.7814019,-968,53,108
2026-09-13 19:05:22.801,1789337122.801402,-968,53,108
2026-09-13 19:05:22.821,1789337122.821402,-964,54,120
2026-09-13 19:05:22.841,1789337122.841402,-979,57,95
2026-09-13 19:05:22.861,1789337122.861402,-955,55,97
2026-09-13 19:05:22.881,1789337122.881402,-961,50,124
2026-09-13 19:05:22.901,1789337122.901402,-973,51,127
2026-09-13 19:05:22.921,1789337122.921402,-972,52,87
2026-09-13 19:05:22.941,1789337122.941402,-960,49,94
2026-09-13 19:05:22.961,1789337122.961402,-968,57,114
2026-09-13 19:05:22.981,1789337122.981402,-970,57,123
2026-09-13 19:05:23.001,1789337123.001402,-975,51,115
2026-09-13 19:05:23.021,1789337123.021402,-970,51,105
2026-09-13 19:05:23.041,1789337123.041402,-965,53,105
2026-09-13 19:05:23.061,1789337123.061402,-967,52,108
2026-09-13 19:05:23.081,1789337123.081402,-972,51,110
2026-09-13 19:05:23.101,1789337123.101402,-969,52,113
2026-09-13 19:05:23.121,1789337123.121402,-972,54,115
2026-09-13 19:05:23.141,1789337123.141402,-971,54,96
2026-09-13 19:05:23.161,1789337123.161402,-960,54,107
2026-09-13 19:05:23.181,1789337123.181402,-970,55,109
2026-09-13 19:05:23.201,1789337123.201402,-970,54,109
2026-09-13 19:05:23.221,1789337123.221402,-970,51,111
2026-09-13 19:05:23.241,1789337123.241402,-971,54,111
2026-09-13 19:05:23.261,1789337123.261402,-970,54,108
2026-09-13 19:05:23.281,1789337123.2814019,-967,54,109
2026-09-13 19:05:23.301,1789337123.301402,-970,51,107
2026-09-13 19:05:23.321,1789337123.321402,-971,49,108
2026-09-13 19:05:23.341,1789337123.341402,-969,54,107
2026-09-13 19:05:23.361,1789337123.361402,-970,56,107
2026-09-13 19:05:23.368,1789337123.3682296,-971,55,110
2026-09-13 19:05:23.388,1789337123.3882296,-963,54,117
2026-09-13 19:05:23.408,1789337123.4082296,-977,53,101
2026-09-13 19:05:23.428,1789337123.4282296,-968,54,87
2026-09-13 19:05:23.448,1789337123.4482296,-962,51,113
2026-09-13 19:05:23.468,1789337123.4682295,-965,49,134
2026-09-13 19:05:23.488,1789337123.4882295,-979,51,96
2026-09-13 19:05:23.508,1789337123.5082297,-960,50,88
2026-09-13 19:05:23.528,1789337123.5282297,-965,52,109
2026-09-13 19:05:23.548,1789337123.5482297,-970,55,123
2026-09-13 19:05:23.568,1789337123.5682297,-974,54,118
2026-09-13 19:05:23.588,1789337123.5882297,-972,50,107
2026-09-13 19:05:23.608,1789337123.6082296,-965,52,101
2026-09-13 19:05:23.628,1789337123.6282296,-964,50,106
2026-09-13 19:05:23.648,1789337123.6482296,-969,48,109
2026-09-13 19:05:23.668,1789337123.6682296,-968,50,110
2026-09-13 19:05:23.688,1789337123.6882296,-970,51,119
2026-09-13 19:05:23.708,1789337123.7082295,-975,51,107
2026-09-13 19:05:23.728,1789337123.7282295,-966,50,104
2026-09-13 19:05:23.748,1789337123.7482297,-967,50,114
2026-09-13 19:05:23.768,1789337123.7682297,-972,54,113
2026-09-13 19:05:23.788,1789337123.7882297,-970,52,116
2026-09-13 19:05:23.808,1789337123.8082297,-970,51,115
2026-09-13 19:05:23.828,1789337123.8282297,-971,53,109
2026-09-13 19:05:23.848,1789337123.8482296,-967,53,107
2026-09-13 19:05:23.868,1789337123.8682296,-966,52,111
2026-09-13 19:05:23.888,1789337123.8882296,-970,47,111
2026-09-13 19:05:23.908,1789337123.9082296,-970,51,114
2026-09-13 19:05:23.928,1789337123.9282296,-969,53,108
2026-09-13 19:05:23.948,1789337123.9482296,-969,52,109
2026-09-13 19:05:23.968,1789337123.9682295,-969,50,113
2026-09-13 19:05:23.988,1789337123.9882295,-967,50,119
2026-09-13 19:05:24.008,1789337124.0082297,-977,51,93
2026-09-13 19:05:24.028,1789337124.0282297,-955,51,102
2026-09-13 19:05:24.048,1789337124.0482297,-967,47,125
2026-09-13 19:05:24.068,1789337124.0682297,-975,51,125
2026-09-13 19:05:24.074,1789337124.074996,-971,50,91
2026-09-13 19:05:24.094,1789337124.094996,-959,47,96
2026-09-13 19:05:24.114,1789337124.114996,-965,55,120
2026-09-13 19:05:24.134,1789337124.134996,-971,56,127
2026-09-13 19:05:24.154,1789337124.154996,-975,51,117
2026-09-13 19:05:24.174,1789337124.174996,-969,49,109
2026-09-13 19:05:24.194,1789337124.1949959,-964,50,110
2026-09-13 19:05:24.214,1789337124.214996,-966,47,115
2026-09-13 19:05:24.234,1789337124.234996,-969,48,115
2026-09-13 19:05:24.254,1789337124.254996,-969,48,118
2026-09-13 19:05:24.274,1789337124.274996,-973,50,121
2026-09-13 19:05:24.294,1789337124.294996,-971,51,106
2026-09-13 19:05:24.314,1789337124.314996,-961,52,114
2026-09-13 19:05:24.334,1789337124.334996,-968,52,116
2026-09-13 19:05:24.354,1789337124.354996,-971,49,116
2026-09-13 19:05:24.374,1789337124.374996,-970,50,119
2026-09-13 19:05:24.394,1789337124.394996,-971,51,116
2026-09-13 19:05:24.414,1789337124.414996,-965,52,111
2026-09-13 19:05:24.434,1789337124.434996,-966,50,114
2026-09-13 19:05:24.454,1789337124.454996,-968,49,116
2026-09-13 19:05:24.474,1789337124.474996,-971,47,114
2026-09-13 19:05:24.494,1789337124.494996,-972,49,115
2026-09-13 19:05:24.514,1789337124.514996,-968,52,111
2026-09-13 19:05:24.534,1789337124.534996,-969,50,108
2026-09-13 19:05:24.554,1789337124.554996,-965,51,117
2026-09-13 19:05:24.574,1789337124.574996,-972,53,117
2026-09-13 19:05:24.594,1789337124.594996,-975,53,93
2026-09-13 19:05:24.614,1789337124.614996,-956,51,114
2026-09-13 19:05:24.634,1789337124.634996,-965,46,133
2026-09-13 19:05:24.654,1789337124.654996,-977,53,118
2026-09-13 19:05:24.674,1789337124.674996,-969,51,93
2026-09-13 19:05:24.694,1789337124.6949959,-961,48,107
2026-09-13 19:05:24.714,1789337124.714996,-968,56,123
2026-09-13 19:05:24.734,1789337124.734996,-971,54,124
2026-09-13 19:05:24.754,1789337124.754996,-972,50,118
2026-09-13 19:05:24.774,1789337124.774996,-970,51,111
2026-09-13 19:05:24.781,1789337124.781915,-962,50,108
2026-09-13 19:05:24.801,1789337124.801915,-967,50,117
2026-09-13 19:05:24.821,1789337124.821915,-972,49,117
2026-09-13 19:05:24.841,1789337124.841915,-971,51,119
2026-09-13 19:05:24.861,1789337124.8619149,-971,52,115
2026-09-13 19:05:24.881,1789337124.8819149,-969,50,106
2026-09-13 19:05:24.901,1789337124.9019148,-961,51,118
2026-09-13 19:05:24.921,1789337124.921915,-971,53,116
2026-09-13 19:05:24.941,1789337124.941915,-968,55,117
2026-09-13 19:05:24.961,1789337124.961915,-969,52,117
2026-09-13 19:05:24.981,1789337124.981915,-970,54,119
2026-09-13 19:05:25.001,1789337125.001915,-969,53,115
2026-09-13 19:05:25.021,1789337125.021915,-968,53,113
2026-09-13 19:05:25.041,1789337125.041915,-969,47,114
2026-09-13 19:05:25.061,1789337125.061915,-969,46,114
2026-09-13 19:05:25.081,1789337125.081915,-970,51,115
2026-09-13 19:05:25.101,1789337125.101915,-969,54,114
2026-09-13 19:05:25.121,1789337125.1219149,-970,49,116
2026-09-13 19:05:25.141,1789337125.1419148,-965,51,124
2026-09-13 19:05:25.161,1789337125.161915,-978,50,108
2026-09-13 19:05:25.181,1789337125.181915,-967,52,100
2026-09-13 19:05:25.201,1789337125.201915,-965,49,118
2026-09-13 19:05:25.221,1789337125.221915,-960,49,137
2026-09-13 19:05:25.241,1789337125.241915,-976,54,108
2026-09-13 19:05:25.261,1789337125.261915,-965,49,96
2026-09-13 19:05:25.281,1789337125.281915,-964,46,111
2026-09-13 19:05:25.301,1789337125.301915,-970,55,125
2026-09-13 19:05:25.321,1789337125.321915,-973,51,121
2026-09-13 19:05:25.341,1789337125.341915,-970,49,113
2026-09-13 19:05:25.361,1789337125.3619149,-967,50,110
2026-09-13 19:05:25.381,1789337125.3819149,-966,50,112
2026-09-13 19:05:25.401,1789337125.4019148,-968,49,114
2026-09-13 19:05:25.421,1789337125.421915,-969,49,114
2026-09-13 19:05:25.441,1789337125.441915,-969,50,118
2026-09-13 19:05:25.461,1789337125.461915,-972,51,108
2026-09-13 19:05:25.481,1789337125.481915,-967,49,106
2026-09-13 19:05:25.489,1789337125.489078,-965,49,117
2026-09-13 19:05:25.509,1789337125.509078,-970,53,113
2026-09-13 19:05:25.529,1789337125.529078,-969,50,116
2026-09-13 19:05:25.549,1789337125.549078,-972,49,114
2026-09-13 19:05:25.569,1789337125.569078,-971,50,114
2026-09-13 19:05:25.589,1789337125.589078,-967,49,111
2026-09-13 19:05:25.609,1789337125.609078,-968,48,107
2026-09-13 19:05:25.629,1789337125.6290781,-968,48,111
2026-09-13 19:05:25.649,1789337125.6490781,-969,49,112
2026-09-13 19:05:25.669,1789337125.669078,-970,53,112
2026-09-13 19:05:25.689,1789337125.689078,-971,51,112
2026-09-13 19:05:25.709,1789337125.709078,-969,49,109
2026-09-13 19:05:25.729,1789337125.729078,-972,50,114
2026-09-13 19:05:25.749,1789337125.749078,-974,51,96
2026-09-13 19:05:25.769,1789337125.769078,-959,49,106
2026-09-13 19:05:25.789,1789337125.789078,-962,46,126
2026-09-13 19:05:25.809,1789337125.809078,-975,50,123
2026-09-13 19:05:25.829,1789337125.829078,-974,48,90
2026-09-13 19:05:25.849,1789337125.849078,-961,43,100
2026-09-13 19:05:25.869,1789337125.8690782,-968,51,120
2026-09-13 19:05:25.889,1789337125.8890781,-972,53,120
2026-09-13 19:05:25.909,1789337125.9090781,-972,49,113
2026-09-13 19:05:25.929,1789337125.929078,-970,47,111
2026-09-13 19:05:25.949,1789337125.949078,-966,46,108
2026-09-13 19:05:25.969,1789337125.969078,-967,47,113
2026-09-13 19:05:25.989,1789337125.989078,-969,46,114
2026-09-13 19:05:26.009,1789337126.009078,-972,49,113
2026-09-13 19:05:26.029,1789337126.029078,-971,51,114
2026-09-13 19:05:26.049,1789337126.049078,-971,47,104
2026-09-13 19:05:26.069,1789337126.069078,-965,46,113
2026-09-13 19:05:26.089,1789337126.089078,-972,50,116
2026-09-13 19:05:26.109,1789337126.109078,-968,52,116
2026-09-13 19:05:26.129,1789337126.1290781,-970,49,116
2026-09-13 19:05:26.149,1789337126.1490781,-970,50,116
2026-09-13 19:05:26.169,1789337126.169078,-969,48,112
2026-09-13 19:05:26.189,1789337126.189078,-968,46,112
2026-09-13 19:05:26.196,1789337126.1961493,-969,45,117
2026-09-13 19:05:26.216,1789337126.2161493,-969,47,114
2026-09-13 19:05:26.236,1789337126.2361493,-969,52,117
2026-09-13 19:05:26.256,1789337126.2561493,-970,52,115
2026-09-13 19:05:26.276,1789337126.2761493,-969,49,112
2026-09-13 19:05:26.296,1789337126.2961493,-963,48,123
2026-09-13 19:05:26.316,1789337126.3161492,-974,52,104
2026-09-13 19:05:26.336,1789337126.3361495,-964,49,101
2026-09-13 19:05:26.356,1789337126.3561494,-966,48,118
2026-09-13 19:05:26.376,1789337126.3761494,-964,49,137
2026-09-13 19:05:26.396,1789337126.3961494,-977,49,103
2026-09-13 19:05:26.416,1789337126.4161494,-962,48,100
2026-09-13 19:05:26.436,1789337126.4361494,-966,46,117
2026-09-13 19:05:26.456,1789337126.4561493,-972,52,124
2026-09-13 19:05:26.476,1789337126.4761493,-972,48,119
2026-09-13 19:05:26.496,1789337126.4961493,-970,48,116
2026-09-13 19:05:26.516,1789337126.5161493,-968,49,112
2026-09-13 19:05:26.536,1789337126.5361493,-966,49,115
2026-09-13 19:05:26.556,1789337126.5561492,-968,46,118
2026-09-13 19:05:26.576,1789337126.5761495,-970,48,116
2026-09-13 19:05:26.596,1789337126.5961494,-971,50,121
2026-09-13 19:05:26.616,1789337126.6161494,-970,49,106
2026-09-13 19:05:26.636,1789337126.6361494,-967,47,107
2026-09-13 19:05:26.656,1789337126.6561494,-966,49,115
2026-09-13 19:05:26.676,1789337126.6761494,-970,52,113
2026-09-13 19:05:26.696,1789337126.6961493,-970,47,114
2026-09-13 19:05:26.716,1789337126.7161493,-972,49,115
2026-09-13 19:05:26.736,1789337126.7361493,-971,48,112
2026-09-13 19:05:26.756,1789337126.7561493,-968,49,109
2026-09-13 19:05:26.776,1789337126.7761493,-967,43,111
2026-09-13 19:05:26.796,1789337126.7961493,-969,46,111
2026-09-13 19:05:26.816,1789337126.8161492,-970,50,110
2026-09-13 19:05:26.836,1789337126.8361495,-970,50,111
2026-09-13 19:05:26.856,1789337126.8561494,-972,49,107
2026-09-13 19:05:26.876,1789337126.8761494,-965,47,120
2026-09-13 19:05:26.896,1789337126.8961494,-977,51,99
2026-09-13 19:05:26.903,1789337126.9031904,-964,50,99
2026-09-13 19:05:26.923,1789337126.9231904,-968,46,111
2026-09-13 19:05:26.943,1789337126.9431903,-964,46,135
2026-09-13 19:05:26.963,1789337126.9631903,-979,51,99
2026-09-13 19:05:26.983,1789337126.9831903,-963,48,95
2026-09-13 19:05:27.003,1789337127.0031903,-967,46,113
2026-09-13 19:05:27.023,1789337127.0231903,-972,54,121
2026-09-13 19:05:27.043,1789337127.0431905,-974,47,115
2026-09-13 19:05:27.063,1789337127.0631905,-972,46,111
2026-09-13 19:05:27.083,1789337127.0831904,-967,45,105
2026-09-13 19:05:27.103,1789337127.1031904,-964,46,106
2026-09-13 19:05:27.123,1789337127.1231904,-969,43,111
2026-09-13 19:05:27.143,1789337127.1431904,-973,45,113
2026-09-13 19:05:27.163,1789337127.1631904,-974,48,114
2026-09-13 19:05:27.183,1789337127.1831903,-973,48,104
2026-09-13 19:05:27.203,1789337127.2031903,-967,45,102
2026-09-13 19:05:27.223,1789337127.2231903,-966,46,111
2026-09-13 19:05:27.243,1789337127.2431903,-971,49,108
2026-09-13 19:05:27.263,1789337127.2631903,-971,46,112
2026-09-13 19:05:27.283,1789337127.2831905,-971,47,110
2026-09-13 19:05:27.303,1789337127.3031905,-970,47,108
2026-09-13 19:05:27.323,1789337127.3231905,-968,47,105
2026-09-13 19:05:27.343,1789337127.3431904,-969,43,104
2026-09-13 19:05:27.363,1789337127.3631904,-969,44,103
2026-09-13 19:05:27.383,1789337127.3831904,-969,48,102
2026-09-13 19:05:27.403,1789337127.4031904,-970,49,103
2026-09-13 19:05:27.423,1789337127.4231904,-970,45,105
2026-09-13 19:05:27.443,1789337127.4431903,-970,45,111
2026-09-13 19:05:27.463,1789337127.4631903,-976,48,94
2026-09-13 19:05:27.483,1789337127.4831903,-964,46,95
2026-09-13 19:05:27.503,1789337127.5031903,-964,46,119
2026-09-13 19:05:27.523,1789337127.5231903,-974,48,125
2026-09-13 19:05:27.543,1789337127.5431905,-977,46,88
2026-09-13 19:05:27.563,1789337127.5631905,-961,44,94
2026-09-13 19:05:27.583,1789337127.5831904,-968,48,114
2026-09-13 19:05:27.603,1789337127.6031904,-975,53,116
2026-09-13 19:05:27.610,1789337127.6102314,-973,48,109
2026-09-13 19:05:27.630,1789337127.6302314,-969,47,108
2026-09-13 19:05:27.650,1789337127.6502314,-967,48,103
2026-09-13 19:05:27.670,1789337127.6702313,-968,45,106
2026-09-13 19:05:27.690,1789337127.6902313,-972,45,106
2026-09-13 19:05:27.710,1789337127.7102313,-971,48,109
2026-09-13 19:05:27.730,1789337127.7302313,-973,49,111
2026-09-13 19:05:27.750,1789337127.7502315,-973,45,96
2026-09-13 19:05:27.770,1789337127.7702315,-966,46,101
2026-09-13 19:05:27.790,1789337127.7902315,-969,48,107
2026-09-13 19:05:27.810,1789337127.8102314,-972,50,106
2026-09-13 19:05:27.830,1789337127.8302314,-971,46,107
2026-09-13 19:05:27.850,1789337127.8502314,-972,45,108
2026-09-13 19:05:27.870,1789337127.8702314,-970,45,104
2026-09-13 19:05:27.890,1789337127.8902314,-969,47,101
2026-09-13 19:05:27.910,1789337127.9102314,-970,45,103
2026-09-13 19:05:27.930,1789337127.9302313,-971,48,103
2026-09-13 19:05:27.950,1789337127.9502313,-971,48,104
2026-09-13 19:05:27.970,1789337127.9702313,-970,48,98
2026-09-13 19:05:27.990,1789337127.9902315,-965,49,111
2026-09-13 19:05:28.010,1789337128.0102315,-978,49,99
2026-09-13 19:05:28.030,1789337128.0302315,-971,47,86
2026-09-13 19:05:28.050,1789337128.0502315,-968,46,97
2026-09-13 19:05:28.070,1789337128.0702314,-955,47,128
2026-09-13 19:05:28.090,1789337128.0902314,-979,50,104
2026-09-13 19:05:28.110,1789337128.1102314,-969,47,83
2026-09-13 19:05:28.130,1789337128.1302314,-964,45,96
2026-09-13 19:05:28.150,1789337128.1502314,-974,51,115
2026-09-13 19:05:28.170,1789337128.1702313,-975,49,112
2026-09-13 19:05:28.190,1789337128.1902313,-973,46,105
2026-09-13 19:05:28.210,1789337128.2102313,-968,46,96
2026-09-13 19:05:28.230,1789337128.2302313,-964,48,94
2026-09-13 19:05:28.250,1789337128.2502315,-967,44,99
2026-09-13 19:05:28.270,1789337128.2702315,-970,45,102
2026-09-13 19:05:28.290,1789337128.2902315,-971,48,106
2026-09-13 19:05:28.310,1789337128.3102314,-975,50,99
2026-09-13 19:05:28.317,1789337128.3173337,-970,45,89
2026-09-13 19:05:28.337,1789337128.3373337,-967,46,102
2026-09-13 19:05:28.357,1789337128.3573337,-973,49,103
2026-09-13 19:05:28.377,1789337128.3773336,-971,47,102
2026-09-13 19:05:28.397,1789337128.3973336,-969,46,101
2026-09-13 19:05:28.417,1789337128.4173336,-971,47,97
2026-09-13 19:05:28.437,1789337128.4373336,-969,48,98
2026-09-13 19:05:28.457,1789337128.4573338,-969,44,95
2026-09-13 19:05:28.477,1789337128.4773338,-970,44,94
2026-09-13 19:05:28.497,1789337128.4973338,-971,49,96
2026-09-13 19:05:28.517,1789337128.5173337,-972,50,94
2026-09-13 19:05:28.537,1789337128.5373337,-969,48,95
2026-09-13 19:05:28.557,1789337128.5573337,-967,49,100
2026-09-13 19:05:28.577,1789337128.5773337,-975,49,87
2026-09-13 19:05:28.597,1789337128.5973337,-967,48,82
2026-09-13 19:05:28.617,1789337128.6173337,-964,48,105
2026-09-13 19:05:28.637,1789337128.6373336,-970,49,119
2026-09-13 19:05:28.657,1789337128.6573336,-977,51,76
2026-09-13 19:05:28.677,1789337128.6773336,-962,45,84
2026-09-13 19:05:28.697,1789337128.6973338,-974,49,105
2026-09-13 19:05:28.717,1789337128.7173338,-975,53,102
2026-09-13 19:05:28.737,1789337128.7373338,-972,47,96
2026-09-13 19:05:28.757,1789337128.7573338,-970,44,93
2026-09-13 19:05:28.777,1789337128.7773337,-966,49,89
2026-09-13 19:05:28.797,1789337128.7973337,-969,49,95
2026-09-13 19:05:28.817,1789337128.8173337,-972,46,96
2026-09-13 19:05:28.837,1789337128.8373337,-973,45,101
2026-09-13 19:05:28.857,1789337128.8573337,-973,49,101
2026-09-13 19:05:28.877,1789337128.8773336,-970,48,85
2026-09-13 19:05:28.897,1789337128.8973336,-966,46,91
2026-09-13 19:05:28.917,1789337128.9173336,-971,48,96
2026-09-13 19:05:28.937,1789337128.9373336,-973,51,96
2026-09-13 19:05:28.957,1789337128.9573338,-971,47,97
2026-09-13 19:05:28.977,1789337128.9773338,-971,49,97
2026-09-13 19:05:28.997,1789337128.9973338,-971,51,94
2026-09-13 19:05:29.017,1789337129.0173337,-968,49,92
2026-09-13 19:05:29.024,1789337129.0243747,-969,46,93
2026-09-13 19:05:29.044,1789337129.0443747,-970,50,92
2026-09-13 19:05:29.064,1789337129.0643747,-970,53,91
2026-09-13 19:05:29.084,1789337129.0843747,-969,52,93
2026-09-13 19:05:29.104,1789337129.1043746,-969,49,102
2026-09-13 19:05:29.124,1789337129.1243746,-979,50,86
2026-09-13 19:05:29.144,1789337129.1443746,-967,50,81
2026-09-13 19:05:29.164,1789337129.1643748,-963,48,104
2026-09-13 19:05:29.184,1789337129.1843748,-967,50,123
2026-09-13 19:05:29.204,1789337129.2043748,-980,52,76
2026-09-13 19:05:29.224,1789337129.2243748,-957,47,79
2026-09-13 19:05:29.244,1789337129.2443748,-970,49,104
2026-09-13 19:05:29.264,1789337129.2643747,-976,52,108
2026-09-13 19:05:29.284,1789337129.2843747,-973,52,99
2026-09-13 19:05:29.304,1789337129.3043747,-972,49,92
2026-09-13 19:05:29.324,1789337129.3243747,-967,51,89
2026-09-13 19:05:29.344,1789337129.3443747,-966,51,93
2026-09-13 19:05:29.364,1789337129.3643746,-971,49,94
2026-09-13 19:05:29.384,1789337129.3843746,-972,50,99
2026-09-13 19:05:29.404,1789337129.4043748,-975,53,102
2026-09-13 19:05:29.424,1789337129.4243748,-972,51,85
2026-09-13 19:05:29.444,1789337129.4443748,-964,51,92
2026-09-13 19:05:29.464,1789337129.4643748,-971,50,97
2026-09-13 19:05:29.484,1789337129.4843748,-973,53,96
2026-09-13 19:05:29.504,1789337129.5043747,-971,49,95
2026-09-13 19:05:29.524,1789337129.5243747,-973,50,96
2026-09-13 19:05:29.544,1789337129.5443747,-971,53,93
2026-09-13 19:05:29.564,1789337129.5643747,-969,50,90
2026-09-13 19:05:29.584,1789337129.5843747,-970,49,88
2026-09-13 19:05:29.604,1789337129.6043746,-970,50,90
2026-09-13 19:05:29.624,1789337129.6243746,-972,50,90
2026-09-13 19:05:29.644,1789337129.6443746,-969,51,94
2026-09-13 19:05:29.664,1789337129.6643748,-971,52,100
2026-09-13 19:05:29.684,1789337129.6843748,-979,53,78
2026-09-13 19:05:29.704,1789337129.7043748,-963,51,80
2026-09-13 19:05:29.724,1789337129.7243748,-959,48,107
2026-09-13 19:05:29.731,1789337129.7313545,-979,51,113
2026-09-13 19:05:29.751,1789337129.7513545,-978,50,69
2026-09-13 19:05:29.771,1789337129.7713544,-959,49,79
2026-09-13 19:05:29.791,1789337129.7913544,-972,54,101
2026-09-13 19:05:29.811,1789337129.8113544,-974,55,101
2026-09-13 19:05:29.831,1789337129.8313544,-972,50,95
2026-09-13 19:05:29.851,1789337129.8513544,-972,48,89
2026-09-13 19:05:29.871,1789337129.8713546,-967,51,85
2026-09-13 19:05:29.891,1789337129.8913546,-969,49,87
2026-09-13 19:05:29.911,1789337129.9113545,-972,48,93
2026-09-13 19:05:29.931,1789337129.9313545,-972,49,94
2026-09-13 19:05:29.951,1789337129.9513545,-976,51,95
2026-09-13 19:05:29.971,1789337129.9713545,-974,49,79
2026-09-13 19:05:29.991,1789337129.9913545,-965,50,89
2026-09-13 19:05:30.011,1789337130.0113544,-974,52,88
2026-09-13 19:05:30.031,1789337130.0313544,-971,52,91
2026-09-13 19:05:30.051,1789337130.0513544,-973,49,91
2026-09-13 19:05:30.071,1789337130.0713544,-972,50,89
2026-09-13 19:05:30.091,1789337130.0913544,-971,52,86
2026-09-13 19:05:30.111,1789337130.1113546,-970,49,85
2026-09-13 19:05:30.131,1789337130.1313546,-970,49,84
2026-09-13 19:05:30.151,1789337130.1513546,-970,51,86
2026-09-13 19:05:30.171,1789337130.1713545,-972,52,85
2026-09-13 19:05:30.191,1789337130.1913545,-968,54,88
2026-09-13 19:05:30.211,1789337130.2113545,-973,51,92
2026-09-13 19:05:30.231,1789337130.2313545,-977,53,75
2026-09-13 19:05:30.251,1789337130.2513545,-963,52,76
2026-09-13 19:05:30.271,1789337130.2713544,-959,48,105
2026-09-13 19:05:30.291,1789337130.2913544,-981,53,106
2026-09-13 19:05:30.311,1789337130.3113544,-978,53,61
2026-09-13 19:05:30.331,1789337130.3313544,-961,53,76
2026-09-13 19:05:30.351,1789337130.3513544,-973,55,94
2026-09-13 19:05:30.371,1789337130.3713546,-976,55,96
2026-09-13 19:05:30.391,1789337130.3913546,-976,49,90
2026-09-13 19:05:30.411,1789337130.4113545,-971,53,85
2026-09-13 19:05:30.431,1789337130.4313545,-966,52,82
2026-09-13 19:05:30.438,1789337130.438182,-969,51,83
2026-09-13 19:05:30.458,1789337130.458182,-973,52,87
2026-09-13 19:05:30.478,1789337130.478182,-973,54,92
2026-09-13 19:05:30.498,1789337130.498182,-977,54,89
2026-09-13 19:05:30.518,1789337130.518182,-972,51,74
2026-09-13 19:05:30.538,1789337130.538182,-964,52,86
2026-09-13 19:05:30.558,1789337130.558182,-976,55,85
2026-09-13 19:05:30.578,1789337130.5781822,-973,55,90
2026-09-13 19:05:30.598,1789337130.5981822,-974,52,86
2026-09-13 19:05:30.618,1789337130.6181822,-973,52,87
2026-09-13 19:05:30.638,1789337130.6381822,-971,53,84
2026-09-13 19:05:30.658,1789337130.6581821,-970,52,85
2026-09-13 19:05:30.678,1789337130.6781821,-971,52,86
2026-09-13 19:05:30.698,1789337130.698182,-972,53,85
2026-09-13 19:05:30.718,1789337130.718182,-973,51,85
2026-09-13 19:05:30.738,1789337130.738182,-970,50,86
2026-09-13 19:05:30.758,1789337130.758182,-970,51,93
2026-09-13 19:05:30.778,1789337130.778182,-978,55,74
2026-09-13 19:05:30.798,1789337130.798182,-963,53,77
2026-09-13 19:05:30.818,1789337130.8181822,-965,51,101
2026-09-13 19:05:30.838,1789337130.8381822,-976,53,108
2026-09-13 19:05:30.858,1789337130.8581822,-981,52,62
2026-09-13 19:05:30.878,1789337130.8781822,-958,50,72
2026-09-13 19:05:30.898,1789337130.8981822,-970,54,95
2026-09-13 19:05:30.918,1789337130.9181821,-976,56,97
2026-09-13 19:05:30.938,1789337130.938182,-977,51,91
2026-09-13 19:05:30.958,1789337130.958182,-971,51,84
2026-09-13 19:05:30.978,1789337130.978182,-968,55,81
2026-09-13 19:05:30.998,1789337130.998182,-969,52,84
2026-09-13 19:05:31.018,1789337131.018182,-972,49,86
2026-09-13 19:05:31.038,1789337131.038182,-972,52,93
2026-09-13 19:05:31.058,1789337131.058182,-975,56,88
2026-09-13 19:05:31.078,1789337131.0781822,-971,52,75
2026-09-13 19:05:31.098,1789337131.0981822,-966,52,87
2026-09-13 19:05:31.118,1789337131.1181822,-974,53,83
2026-09-13 19:05:31.138,1789337131.1381822,-970,55,89
2026-09-13 19:05:31.145,1789337131.14504,-973,54,89
2026-09-13 19:05:31.165,1789337131.16504,-973,53,88
2026-09-13 19:05:31.185,1789337131.18504,-970,57,85
2026-09-13 19:05:31.205,1789337131.20504,-969,53,83
2026-09-13 19:05:31.225,1789337131.22504,-970,50,83
2026-09-13 19:05:31.245,1789337131.24504,-972,54,86
2026-09-13 19:05:31.265,1789337131.26504,-972,55,85
2026-09-13 19:05:31.285,1789337131.2850401,-972,54,82
2026-09-13 19:05:31.305,1789337131.3050401,-967,56,93
2026-09-13 19:05:31.325,1789337131.32504,-981,56,75
2026-09-13 19:05:31.345,1789337131.34504,-966,54,71
2026-09-13 19:05:31.365,1789337131.36504,-967,52,88
2026-09-13 19:05:31.385,1789337131.38504,-966,53,120
2026-09-13 19:05:31.405,1789337131.40504,-987,55,74
2026-09-13 19:05:31.425,1789337131.42504,-963,51,67
2026-09-13 19:05:31.445,1789337131.44504,-967,53,88
2026-09-13 19:05:31.465,1789337131.46504,-975,58,98
2026-09-13 19:05:31.485,1789337131.48504,-974,53,92
2026-09-13 19:05:31.505,1789337131.50504,-972,51,88
2026-09-13 19:05:31.525,1789337131.5250401,-968,53,83
2026-09-13 19:05:31.545,1789337131.5450401,-969,52,84
2026-09-13 19:05:31.565,1789337131.56504,-970,51,89
2026-09-13 19:05:31.585,1789337131.58504,-973,53,91
2026-09-13 19:05:31.605,1789337131.60504,-975,54,97
2026-09-13 19:05:31.625,1789337131.62504,-976,55,77
2026-09-13 19:05:31.645,1789337131.64504,-966,54,85
2026-09-13 19:05:31.665,1789337131.66504,-973,52,88
2026-09-13 19:05:31.685,1789337131.68504,-972,56,87
2026-09-13 19:05:31.705,1789337131.70504,-971,54,89
2026-09-13 19:05:31.725,1789337131.72504,-974,54,92
2026-09-13 19:05:31.745,1789337131.74504,-972,54,88
2026-09-13 19:05:31.765,1789337131.76504,-969,56,89
2026-09-13 19:05:31.785,1789337131.7850401,-971,50,89
2026-09-13 19:05:31.805,1789337131.8050401,-972,51,89
2026-09-13 19:05:31.825,1789337131.82504,-972,55,88
2026-09-13 19:05:31.845,1789337131.84504,-970,54,84
2026-09-13 19:05:31.851,1789337131.8518064,-971,53,86
2026-09-13 19:05:31.871,1789337131.8718064,-966,51,101
2026-09-13 19:05:31.891,1789337131.8918064,-982,55,78
2026-09-13 19:05:31.911,1789337131.9118063,-967,53,75
2026-09-13 19:05:31.931,1789337131.9318063,-968,52,96
2026-09-13 19:05:31.951,1789337131.9518063,-966,51,120
2026-09-13 19:05:31.971,1789337131.9718063,-983,51,74
2026-09-13 19:05:31.991,1789337131.9918065,-958,51,71
2026-09-13 19:05:32.011,1789337132.0118065,-966,55,94
2026-09-13 19:05:32.031,1789337132.0318065,-975,58,102
2026-09-13 19:05:32.051,1789337132.0518064,-974,53,94
2026-09-13 19:05:32.071,1789337132.0718064,-972,51,89
2026-09-13 19:05:32.091,1789337132.0918064,-968,52,85
2026-09-13 19:05:32.111,1789337132.1118064,-969,52,89
2026-09-13 19:05:32.131,1789337132.1318064,-972,49,89
2026-09-13 19:05:32.151,1789337132.1518064,-972,53,93
2026-09-13 19:05:32.171,1789337132.1718063,-975,54,96
2026-09-13 19:05:32.191,1789337132.1918063,-974,54,77
2026-09-13 19:05:32.211,1789337132.2118063,-964,53,86
2026-09-13 19:05:32.231,1789337132.2318065,-972,53,86
2026-09-13 19:05:32.251,1789337132.2518065,-971,54,88
2026-09-13 19:05:32.271,1789337132.2718065,-973,54,92
2026-09-13 19:05:32.291,1789337132.2918065,-975,52,89
2026-09-13 19:05:32.311,1789337132.3118064,-971,54,84
2026-09-13 19:05:32.331,1789337132.3318064,-970,53,85
2026-09-13 19:05:32.351,1789337132.3518064,-971,51,88
2026-09-13 19:05:32.371,1789337132.3718064,-972,54,88
2026-09-13 19:05:32.391,1789337132.3918064,-971,53,87
2026-09-13 19:05:32.411,1789337132.4118063,-970,55,85
2026-09-13 19:05:32.431,1789337132.4318063,-970,52,84
2026-09-13 19:05:32.451,1789337132.4518063,-969,53,86
2026-09-13 19:05:32.471,1789337132.4718063,-970,53,96
2026-09-13 19:05:32.491,1789337132.4918065,-982,55,74
2026-09-13 19:05:32.511,1789337132.5118065,-960,53,86
2026-09-13 19:05:32.531,1789337132.5318065,-966,49,101
2026-09-13 19:05:32.551,1789337132.5518064,-976,51,108
2026-09-13 19:05:32.558,1789337132.5587254,-975,52,70
2026-09-13 19:05:32.578,1789337132.5787253,-961,52,80
2026-09-13 19:05:32.598,1789337132.5987253,-971,57,101
2026-09-13 19:05:32.618,1789337132.6187253,-974,56,102
2026-09-13 19:05:32.638,1789337132.6387253,-973,53,94
2026-09-13 19:05:32.658,1789337132.6587253,-970,51,89
2026-09-13 19:05:32.678,1789337132.6787252,-967,51,87
2026-09-13 19:05:32.698,1789337132.6987255,-970,52,91
2026-09-13 19:05:32.718,1789337132.7187254,-971,52,95
2026-09-13 19:05:32.738,1789337132.7387254,-970,52,96
2026-09-13 19:05:32.758,1789337132.7587254,-976,54,94
2026-09-13 19:05:32.778,1789337132.7787254,-971,54,79
2026-09-13 19:05:32.798,1789337132.7987254,-965,52,95
2026-09-13 19:05:32.818,1789337132.8187253,-971,55,91
2026-09-13 19:05:32.838,1789337132.8387253,-970,54,92
2026-09-13 19:05:32.858,1789337132.8587253,-973,52,96
2026-09-13 19:05:32.878,1789337132.8787253,-973,54,96
2026-09-13 19:05:32.898,1789337132.8987253,-970,54,91
2026-09-13 19:05:32.918,1789337132.9187253,-969,54,92
2026-09-13 19:05:32.938,1789337132.9387255,-970,52,89
2026-09-13 19:05:32.958,1789337132.9587255,-971,53,95
2026-09-13 19:05:32.978,1789337132.9787254,-972,51,96
2026-09-13 19:05:32.998,1789337132.9987254,-971,53,93
2026-09-13 19:05:33.018,1789337133.0187254,-969,57,92
2026-09-13 19:05:33.038,1789337133.0387254,-970,55,91
2026-09-13 19:05:33.058,1789337133.0587254,-969,54,92
2026-09-13 19:05:33.078,1789337133.0787253,-971,53,99
2026-09-13 19:05:33.098,1789337133.0987253,-979,55,76
2026-09-13 19:05:33.118,1789337133.1187253,-962,53,91
2026-09-13 19:05:33.138,1789337133.1387253,-969,51,110
2026-09-13 19:05:33.158,1789337133.1587253,-976,55,107
2026-09-13 19:05:33.178,1789337133.1787252,-973,56,69
2026-09-13 19:05:33.198,1789337133.1987255,-959,53,82
2026-09-13 19:05:33.218,1789337133.2187254,-972,58,103
2026-09-13 19:05:33.238,1789337133.2387254,-974,57,103
2026-09-13 19:05:33.258,1789337133.2587254,-974,53,94
2026-09-13 19:05:33.265,1789337133.2657664,-970,51,87
2026-09-13 19:05:33.285,1789337133.2857664,-968,50,90
2026-09-13 19:05:33.305,1789337133.3057663,-970,49,90
2026-09-13 19:05:33.325,1789337133.3257663,-972,53,94
2026-09-13 19:05:33.345,1789337133.3457663,-971,54,97
2026-09-13 19:05:33.365,1789337133.3657663,-976,56,93
2026-09-13 19:05:33.385,1789337133.3857663,-970,53,80
2026-09-13 19:05:33.405,1789337133.4057665,-965,48,93
2026-09-13 19:05:33.425,1789337133.4257665,-972,55,86
2026-09-13 19:05:33.445,1789337133.4457664,-968,55,96
2026-09-13 19:05:33.465,1789337133.4657664,-973,54,93
2026-09-13 19:05:33.485,1789337133.4857664,-972,52,92
2026-09-13 19:05:33.505,1789337133.5057664,-972,52,88
2026-09-13 19:05:33.525,1789337133.5257664,-970,53,91
2026-09-13 19:05:33.545,1789337133.5457664,-972,51,90
2026-09-13 19:05:33.565,1789337133.5657663,-969,53,90
2026-09-13 19:05:33.585,1789337133.5857663,-971,52,89
2026-09-13 19:05:33.605,1789337133.6057663,-971,49,93
2026-09-13 19:05:33.625,1789337133.6257663,-972,52,89
2026-09-13 19:05:33.645,1789337133.6457665,-969,54,89
2026-09-13 19:05:33.665,1789337133.6657665,-971,53,85
2026-09-13 19:05:33.685,1789337133.6857665,-969,51,92
2026-09-13 19:05:33.705,1789337133.7057664,-976,54,89
2026-09-13 19:05:33.725,1789337133.7257664,-974,54,73
2026-09-13 19:05:33.745,1789337133.7457664,-965,49,93
2026-09-13 19:05:33.765,1789337133.7657664,-967,50,114
2026-09-13 19:05:33.785,1789337133.7857664,-980,53,89
2026-09-13 19:05:33.805,1789337133.8057663,-968,50,69
2026-09-13 19:05:33.825,1789337133.8257663,-964,50,87
2026-09-13 19:05:33.845,1789337133.8457663,-974,56,99
2026-09-13 19:05:33.865,1789337133.8657663,-974,52,100
2026-09-13 19:05:33.885,1789337133.8857663,-974,51,91
2026-09-13 19:05:33.905,1789337133.9057665,-968,51,85
2026-09-13 19:05:33.925,1789337133.9257665,-966,51,88
2026-09-13 19:05:33.945,1789337133.9457664,-971,48,91
2026-09-13 19:05:33.965,1789337133.9657664,-971,49,93
2026-09-13 19:05:33.972,1789337133.9727767,-972,52,96
2026-09-13 19:05:33.992,1789337133.9927766,-976,55,87
2026-09-13 19:05:34.012,1789337134.0127766,-970,52,80
2026-09-13 19:05:34.032,1789337134.0327766,-967,48,91
2026-09-13 19:05:34.052,1789337134.0527766,-972,54,87
2026-09-13 19:05:34.072,1789337134.0727766,-969,52,91
2026-09-13 19:05:34.092,1789337134.0927765,-973,51,92
2026-09-13 19:05:34.112,1789337134.1127768,-972,50,91
2026-09-13 19:05:34.132,1789337134.1327767,-972,52,86
2026-09-13 19:05:34.152,1789337134.1527767,-969,51,87
2026-09-13 19:05:34.172,1789337134.1727767,-971,52,88
2026-09-13 19:05:34.192,1789337134.1927767,-970,52,89
2026-09-13 19:05:34.212,1789337134.2127767,-971,52,89
2026-09-13 19:05:34.232,1789337134.2327766,-970,54,87
2026-09-13 19:05:34.252,1789337134.2527766,-970,52,88
2026-09-13 19:05:34.272,1789337134.2727766,-971,53,87
2026-09-13 19:05:34.292,1789337134.2927766,-971,53,85
2026-09-13 19:05:34.312,1789337134.3127766,-971,52,85
2026-09-13 19:05:34.332,1789337134.3327765,-969,51,91
2026-09-13 19:05:34.352,1789337134.3527768,-973,53,92
2026-09-13 19:05:34.372,1789337134.3727767,-975,52,73
2026-09-13 19:05:34.392,1789337134.3927767,-961,52,93
2026-09-13 19:05:34.412,1789337134.4127767,-969,51,107
2026-09-13 19:05:34.432,1789337134.4327767,-977,55,96
2026-09-13 19:05:34.452,1789337134.4527767,-970,54,70
2026-09-13 19:05:34.472,1789337134.4727767,-962,50,84
2026-09-13 19:05:34.492,1789337134.4927766,-971,56,102
2026-09-13 19:05:34.512,1789337134.5127766,-974,52,102
2026-09-13 19:05:34.532,1789337134.5327766,-974,48,94
2026-09-13 19:05:34.552,1789337134.5527766,-969,49,84
2026-09-13 19:05:34.572,1789337134.5727766,-966,53,86
2026-09-13 19:05:34.592,1789337134.5927765,-970,53,89
2026-09-13 19:05:34.612,1789337134.6127768,-971,51,92
2026-09-13 19:05:34.632,1789337134.6327767,-970,52,94
2026-09-13 19:05:34.652,1789337134.6527767,-975,54,93
2026-09-13 19:05:34.672,1789337134.6727767,-970,52,80
2026-09-13 19:05:34.679,1789337134.6797264,-964,50,90
2026-09-13 19:05:34.699,1789337134.6997263,-972,54,90
2026-09-13 19:05:34.719,1789337134.7197263,-971,54,94
2026-09-13 19:05:34.739,1789337134.7397263,-974,52,95
2026-09-13 19:05:34.759,1789337134.7597263,-972,52,96
2026-09-13 19:05:34.779,1789337134.7797263,-971,53,91
2026-09-13 19:05:34.799,1789337134.7997262,-968,54,88
2026-09-13 19:05:34.819,1789337134.8197265,-969,52,89
2026-09-13 19:05:34.839,1789337134.8397264,-969,53,90
2026-09-13 19:05:34.859,1789337134.8597264,-972,52,91
2026-09-13 19:05:34.879,1789337134.8797264,-972,52,94
2026-09-13 19:05:34.899,1789337134.8997264,-972,54,89
2026-09-13 19:05:34.919,1789337134.9197264,-970,55,89
2026-09-13 19:05:34.939,1789337134.9397264,-970,54,88
2026-09-13 19:05:34.959,1789337134.9597263,-972,53,87
2026-09-13 19:05:34.979,1789337134.9797263,-969,53,95
2026-09-13 19:05:34.999,1789337134.9997263,-975,55,90
2026-09-13 19:05:35.019,1789337135.0197263,-972,54,75
2026-09-13 19:05:35.039,1789337135.0397263,-962,52,95
2026-09-13 19:05:35.059,1789337135.0597265,-969,48,110
2026-09-13 19:05:35.079,1789337135.0797265,-980,54,90
2026-09-13 19:05:35.099,1789337135.0997264,-968,53,70
2026-09-13 19:05:35.119,1789337135.1197264,-962,49,88
2026-09-13 19:05:35.139,1789337135.1397264,-973,56,99
2026-09-13 19:05:35.159,1789337135.1597264,-972,55,98
2026-09-13 19:05:35.179,1789337135.1797264,-975,50,91
2026-09-13 19:05:35.199,1789337135.1997263,-970,51,85
2026-09-13 19:05:35.219,1789337135.2197263,-967,51,86
2026-09-13 19:05:35.239,1789337135.2397263,-972,49,89
2026-09-13 19:05:35.259,1789337135.2597263,-971,49,94
2026-09-13 19:05:35.279,1789337135.2797263,-973,52,97
2026-09-13 19:05:35.299,1789337135.2997262,-977,56,92
2026-09-13 19:05:35.319,1789337135.3197265,-972,55,79
2026-09-13 19:05:35.339,1789337135.3397264,-965,49,88
2026-09-13 19:05:35.359,1789337135.3597264,-972,53,88
2026-09-13 19:05:35.379,1789337135.3797264,-972,54,96
2026-09-13 19:05:35.386,1789337135.3866756,-974,53,96
2026-09-13 19:05:35.406,1789337135.4066756,-972,52,92
2026-09-13 19:05:35.426,1789337135.4266756,-970,54,90
2026-09-13 19:05:35.446,1789337135.4466755,-970,51,88
2026-09-13 19:05:35.466,1789337135.4666755,-972,51,91
2026-09-13 19:05:35.486,1789337135.4866755,-972,54,91
2026-09-13 19:05:35.506,1789337135.5066755,-971,54,92
2026-09-13 19:05:35.526,1789337135.5266757,-973,52,94
2026-09-13 19:05:35.546,1789337135.5466757,-971,53,90
2026-09-13 19:05:35.566,1789337135.5666757,-969,54,89
2026-09-13 19:05:35.586,1789337135.5866756,-970,54,91
2026-09-13 19:05:35.606,1789337135.6066756,-971,53,95
2026-09-13 19:05:35.626,1789337135.6266756,-973,52,100
2026-09-13 19:05:35.646,1789337135.6466756,-976,52,76
2026-09-13 19:05:35.666,1789337135.6666756,-960,51,95
2026-09-13 19:05:35.686,1789337135.6866755,-968,52,110
2026-09-13 19:05:35.706,1789337135.7066755,-973,55,107
2026-09-13 19:05:35.726,1789337135.7266755,-971,53,75
2026-09-13 19:05:35.746,1789337135.7466755,-964,50,89
2026-09-13 19:05:35.766,1789337135.7666757,-975,53,105
2026-09-13 19:05:35.786,1789337135.7866757,-972,56,103
2026-09-13 19:05:35.806,1789337135.8066757,-972,53,100
2026-09-13 19:05:35.826,1789337135.8266757,-970,51,93
2026-09-13 19:05:35.846,1789337135.8466756,-966,54,90
2026-09-13 19:05:35.866,1789337135.8666756,-969,49,95
2026-09-13 19:05:35.886,1789337135.8866756,-971,49,97
2026-09-13 19:05:35.906,1789337135.9066756,-971,53,97
2026-09-13 19:05:35.926,1789337135.9266756,-974,56,101
2026-09-13 19:05:35.946,1789337135.9466755,-971,53,87
2026-09-13 19:05:35.966,1789337135.9666755,-964,53,94
2026-09-13 19:05:35.986,1789337135.9866755,-971,54,96
2026-09-13 19:05:36.006,1789337136.0066755,-973,57,97
2026-09-13 19:05:36.026,1789337136.0266757,-972,55,99
2026-09-13 19:05:36.046,1789337136.0466757,-971,51,96
2026-09-13 19:05:36.066,1789337136.0666757,-971,53,94
2026-09-13 19:05:36.086,1789337136.0866756,-970,52,91
2026-09-13 19:05:36.094,1789337136.0940218,-968,51,92
2026-09-13 19:05:36.114,1789337136.1140218,-968,54,93
2026-09-13 19:05:36.134,1789337136.1340218,-970,56,98
2026-09-13 19:05:36.154,1789337136.1540217,-971,53,95
2026-09-13 19:05:36.174,1789337136.1740217,-971,56,94
2026-09-13 19:05:36.194,1789337136.1940217,-969,53,91
2026-09-13 19:05:36.214,1789337136.2140217,-969,53,91
2026-09-13 19:05:36.234,1789337136.234022,-969,53,97
2026-09-13 19:05:36.254,1789337136.254022,-976,54,96
2026-09-13 19:05:36.274,1789337136.2740219,-975,56,79
2026-09-13 19:05:36.294,1789337136.2940218,-964,54,98
2026-09-13 19:05:36.314,1789337136.3140218,-967,52,116
2026-09-13 19:05:36.334,1789337136.3340218,-977,57,101
2026-09-13 19:05:36.354,1789337136.3540218,-968,54,75
2026-09-13 19:05:36.374,1789337136.3740218,-963,53,91
2026-09-13 19:05:36.394,1789337136.3940217,-975,58,106
2026-09-13 19:05:36.414,1789337136.4140217,-973,56,103
2026-09-13 19:05:36.434,1789337136.4340217,-972,54,96
2026-09-13 19:05:36.454,1789337136.4540217,-970,52,92
2026-09-13 19:05:36.474,1789337136.474022,-967,55,90
2026-09-13 19:05:36.494,1789337136.494022,-969,53,96
2026-09-13 19:05:36.514,1789337136.5140219,-970,52,98
2026-09-13 19:05:36.534,1789337136.5340219,-971,54,99
2026-09-13 19:05:36.554,1789337136.5540218,-973,56,103
2026-09-13 19:05:36.574,1789337136.5740218,-970,54,90
2026-09-13 19:05:36.594,1789337136.5940218,-964,53,94
2026-09-13 19:05:36.614,1789337136.6140218,-971,55,97
2026-09-13 19:05:36.634,1789337136.6340218,-971,57,99
2026-09-13 19:05:36.654,1789337136.6540217,-973,55,98
2026-09-13 19:05:36.674,1789337136.6740217,-971,54,99
2026-09-13 19:05:36.694,1789337136.6940217,-971,53,96
2026-09-13 19:05:36.714,1789337136.7140217,-968,54,92
2026-09-13 19:05:36.734,1789337136.734022,-968,52,93
2026-09-13 19:05:36.754,1789337136.754022,-970,53,97
2026-09-13 19:05:36.774,1789337136.7740219,-971,54,95
2026-09-13 19:05:36.794,1789337136.7940218,-971,54,95
2026-09-13 19:05:36.801,1789337136.8013988,-970,56,94
2026-09-13 19:05:36.821,1789337136.8213987,-968,53,95
2026-09-13 19:05:36.841,1789337136.8413987,-970,51,93
2026-09-13 19:05:36.861,1789337136.8613987,-967,52,102
2026-09-13 19:05:36.881,1789337136.8813987,-979,53,87
2026-09-13 19:05:36.901,1789337136.9013987,-968,52,83
2026-09-13 19:05:36.921,1789337136.9213986,-968,54,104
2026-09-13 19:05:36.941,1789337136.9413989,-966,54,122
2026-09-13 19:05:36.961,1789337136.9613988,-979,54,90
2026-09-13 19:05:36.981,1789337136.9813988,-964,51,78
2026-09-13 19:05:37.001,1789337137.0013988,-966,47,100
2026-09-13 19:05:37.021,1789337137.0213988,-974,55,105
2026-09-13 19:05:37.041,1789337137.0413988,-972,52,99
2026-09-13 19:05:37.061,1789337137.0613987,-973,51,97
2026-09-13 19:05:37.081,1789337137.0813987,-970,50,91
2026-09-13 19:05:37.101,1789337137.1013987,-968,49,90
2026-09-13 19:05:37.121,1789337137.1213987,-970,49,95
2026-09-13 19:05:37.141,1789337137.1413987,-971,48,99
2026-09-13 19:05:37.161,1789337137.1613986,-970,52,103
2026-09-13 19:05:37.181,1789337137.1813989,-974,52,93
2026-09-13 19:05:37.201,1789337137.2013988,-969,48,86
2026-09-13 19:05:37.221,1789337137.2213988,-965,47,96
2026-09-13 19:05:37.241,1789337137.2413988,-971,54,97
2026-09-13 19:05:37.261,1789337137.2613988,-972,53,96
2026-09-13 19:05:37.281,1789337137.2813988,-972,51,94
2026-09-13 19:05:37.301,1789337137.3013988,-971,50,95
2026-09-13 19:05:37.321,1789337137.3213987,-969,50,90
2026-09-13 19:05:37.341,1789337137.3413987,-966,48,90
2026-09-13 19:05:37.361,1789337137.3613987,-969,48,93
2026-09-13 19:05:37.381,1789337137.3813987,-972,51,98
2026-09-13 19:05:37.401,1789337137.4013987,-971,51,96
2026-09-13 19:05:37.421,1789337137.4213986,-970,52,96
2026-09-13 19:05:37.441,1789337137.4413989,-970,51,91
2026-09-13 19:05:37.461,1789337137.4613988,-968,52,89
2026-09-13 19:05:37.481,1789337137.4813988,-966,50,103
2026-09-13 19:05:37.501,1789337137.5013988,-977,53,87
2026-09-13 19:05:37.508,1789337137.5088975,-966,48,86
2026-09-13 19:05:37.528,1789337137.5288975,-969,48,100
2026-09-13 19:05:37.548,1789337137.5488975,-966,48,125
2026-09-13 19:05:37.568,1789337137.5688975,-978,53,88
2026-09-13 19:05:37.588,1789337137.5888975,-962,50,78
2026-09-13 19:05:37.608,1789337137.6088974,-964,47,100
2026-09-13 19:05:37.628,1789337137.6288974,-975,53,108
2026-09-13 19:05:37.648,1789337137.6488976,-970,51,104
2026-09-13 19:05:37.668,1789337137.6688976,-972,51,97
2026-09-13 19:05:37.688,1789337137.6888976,-968,49,92
2026-09-13 19:05:37.708,1789337137.7088976,-965,51,96
2026-09-13 19:05:37.728,1789337137.7288976,-971,48,96
2026-09-13 19:05:37.748,1789337137.7488976,-970,50,101
2026-09-13 19:05:37.768,1789337137.7688975,-972,52,105
2026-09-13 19:05:37.788,1789337137.7888975,-973,52,95
2026-09-13 19:05:37.808,1789337137.8088975,-969,47,87
2026-09-13 19:05:37.828,1789337137.8288975,-965,49,99
2026-09-13 19:05:37.848,1789337137.8488975,-972,54,100
2026-09-13 19:05:37.868,1789337137.8688974,-971,52,100
2026-09-13 19:05:37.888,1789337137.8888977,-972,52,98
2026-09-13 19:05:37.908,1789337137.9088976,-971,52,94
2026-09-13 19:05:37.928,1789337137.9288976,-969,54,91
2026-09-13 19:05:37.948,1789337137.9488976,-968,49,92
2026-09-13 19:05:37.968,1789337137.9688976,-970,49,93
2026-09-13 19:05:37.988,1789337137.9888976,-972,50,95
2026-09-13 19:05:38.008,1789337138.0088975,-971,51,96
2026-09-13 19:05:38.028,1789337138.0288975,-971,53,92
2026-09-13 19:05:38.048,1789337138.0488975,-970,51,93
2026-09-13 19:05:38.068,1789337138.0688975,-968,50,92
2026-09-13 19:05:38.088,1789337138.0888975,-970,52,101
2026-09-13 19:05:38.108,1789337138.1088974,-975,54,83
2026-09-13 19:05:38.128,1789337138.1288974,-963,50,87
2026-09-13 19:05:38.148,1789337138.1488976,-968,52,105
2026-09-13 19:05:38.168,1789337138.1688976,-975,53,112
2026-09-13 19:05:38.188,1789337138.1888976,-978,54,74
2026-09-13 19:05:38.208,1789337138.2088976,-961,50,80
2026-09-13 19:05:38.216,1789337138.2160912,-974,53,101
2026-09-13 19:05:38.236,1789337138.2360911,-975,57,100
2026-09-13 19:05:38.256,1789337138.256091,-972,50,96
2026-09-13 19:05:38.276,1789337138.276091,-971,51,92
2026-09-13 19:05:38.296,1789337138.296091,-969,51,86
2026-09-13 19:05:38.316,1789337138.316091,-968,50,91
2026-09-13 19:05:38.336,1789337138.336091,-972,49,91
2026-09-13 19:05:38.356,1789337138.3560913,-972,53,98
2026-09-13 19:05:38.376,1789337138.3760912,-974,54,99
2026-09-13 19:05:38.396,1789337138.3960912,-974,52,83
2026-09-13 19:05:38.416,1789337138.4160912,-967,52,84
2026-09-13 19:05:38.436,1789337138.4360912,-967,52,93
2026-09-13 19:05:38.456,1789337138.4560912,-972,56,87
2026-09-13 19:05:38.476,1789337138.4760911,-973,53,93
2026-09-13 19:05:38.496,1789337138.4960911,-971,52,89
2026-09-13 19:05:38.516,1789337138.516091,-972,53,89
2026-09-13 19:05:38.536,1789337138.536091,-970,52,86
2026-09-13 19:05:38.556,1789337138.556091,-969,51,87
2026-09-13 19:05:38.576,1789337138.576091,-973,52,88
2026-09-13 19:05:38.596,1789337138.5960913,-972,52,88
2026-09-13 19:05:38.616,1789337138.6160913,-970,54,87
2026-09-13 19:05:38.636,1789337138.6360912,-970,52,84
2026-09-13 19:05:38.656,1789337138.6560912,-969,52,84
2026-09-13 19:05:38.676,1789337138.6760912,-966,50,94
2026-09-13 19:05:38.696,1789337138.6960912,-978,55,76
2026-09-13 19:05:38.716,1789337138.7160912,-964,52,77
2026-09-13 19:05:38.736,1789337138.7360911,-969,50,93
2026-09-13 19:05:38.756,1789337138.756091,-970,49,114
2026-09-13 19:05:38.776,1789337138.776091,-981,51,71
2026-09-13 19:05:38.796,1789337138.796091,-959,51,68
2026-09-13 19:05:38.816,1789337138.816091,-968,51,89
2026-09-13 19:05:38.836,1789337138.836091,-976,56,94
2026-09-13 19:05:38.856,1789337138.8560913,-973,51,91
2026-09-13 19:05:38.876,1789337138.8760912,-974,49,84
2026-09-13 19:05:38.896,1789337138.8960912,-970,50,80
2026-09-13 19:05:38.916,1789337138.9160912,-967,51,80
2026-09-13 19:05:38.923,1789337138.9235594,-973,47,82
2026-09-13 19:05:38.943,1789337138.9435594,-973,49,88
2026-09-13 19:05:38.963,1789337138.9635594,-973,53,92
2026-09-13 19:05:38.983,1789337138.9835594,-974,53,78
2026-09-13 19:05:39.003,1789337139.0035594,-967,52,73
2026-09-13 19:05:39.023,1789337139.0235593,-967,49,87
2026-09-13 19:05:39.043,1789337139.0435593,-975,55,85
2026-09-13 19:05:39.063,1789337139.0635595,-973,52,91
2026-09-13 19:05:39.083,1789337139.0835595,-974,51,91
2026-09-13 19:05:39.103,1789337139.1035595,-973,52,86
2026-09-13 19:05:39.123,1789337139.1235595,-969,54,85
2026-09-13 19:05:39.143,1789337139.1435595,-968,50,83
2026-09-13 19:05:39.163,1789337139.1635594,-970,50,85
2026-09-13 19:05:39.183,1789337139.1835594,-970,55,87
2026-09-13 19:05:39.203,1789337139.2035594,-971,57,87
2026-09-13 19:05:39.223,1789337139.2235594,-972,54,85
2026-09-13 19:05:39.243,1789337139.2435594,-970,51,84
2026-09-13 19:05:39.263,1789337139.2635593,-967,52,96
2026-09-13 19:05:39.283,1789337139.2835593,-978,56,77
2026-09-13 19:05:39.303,1789337139.3035595,-962,54,77
2026-09-13 19:05:39.323,1789337139.3235595,-968,52,99
2026-09-13 19:05:39.343,1789337139.3435595,-971,53,115
2026-09-13 19:05:39.363,1789337139.3635595,-981,55,74
2026-09-13 19:05:39.383,1789337139.3835595,-957,52,74
2026-09-13 19:05:39.403,1789337139.4035594,-966,55,94
2026-09-13 19:05:39.423,1789337139.4235594,-974,59,96
2026-09-13 19:05:39.443,1789337139.4435594,-973,55,96
2026-09-13 19:05:39.463,1789337139.4635594,-973,53,87
2026-09-13 19:05:39.483,1789337139.4835594,-967,53,83
2026-09-13 19:05:39.503,1789337139.5035594,-968,53,87
2026-09-13 19:05:39.523,1789337139.5235593,-971,52,90
2026-09-13 19:05:39.543,1789337139.5435593,-972,54,95
2026-09-13 19:05:39.563,1789337139.5635595,-974,54,100
2026-09-13 19:05:39.583,1789337139.5835595,-975,53,81
2026-09-13 19:05:39.603,1789337139.6035595,-966,51,82
2026-09-13 19:05:39.623,1789337139.6235595,-966,53,90
2026-09-13 19:05:39.630,1789337139.630875,-971,57,87
2026-09-13 19:05:39.650,1789337139.650875,-971,55,92
2026-09-13 19:05:39.670,1789337139.670875,-973,54,94
2026-09-13 19:05:39.690,1789337139.690875,-973,54,90
2026-09-13 19:05:39.710,1789337139.710875,-970,55,88
2026-09-13 19:05:39.730,1789337139.730875,-968,52,87
2026-09-13 19:05:39.750,1789337139.750875,-969,52,86
2026-09-13 19:05:39.770,1789337139.7708752,-971,55,88
2026-09-13 19:05:39.790,1789337139.7908752,-971,55,88
2026-09-13 19:05:39.810,1789337139.8108752,-972,53,86
2026-09-13 19:05:39.830,1789337139.8308752,-969,54,87
2026-09-13 19:05:39.850,1789337139.8508751,-970,53,93
2026-09-13 19:05:39.870,1789337139.8708751,-978,55,76
2026-09-13 19:05:39.890,1789337139.890875,-964,55,82
2026-09-13 19:05:39.910,1789337139.910875,-969,52,100
2026-09-13 19:05:39.930,1789337139.930875,-972,52,112
2026-09-13 19:05:39.950,1789337139.950875,-978,54,69
2026-09-13 19:05:39.970,1789337139.970875,-958,54,74
2026-09-13 19:05:39.990,1789337139.990875,-968,53,96
2026-09-13 19:05:40.010,1789337140.0108752,-977,57,99
2026-09-13 19:05:40.030,1789337140.0308752,-974,55,94
2026-09-13 19:05:40.050,1789337140.0508752,-971,54,88
2026-09-13 19:05:40.070,1789337140.0708752,-968,53,82
2026-09-13 19:05:40.090,1789337140.0908751,-966,51,85
2026-09-13 19:05:40.110,1789337140.1108751,-971,49,88
2026-09-13 19:05:40.130,1789337140.130875,-972,51,92
2026-09-13 19:05:40.150,1789337140.150875,-974,53,96
2026-09-13 19:05:40.170,1789337140.170875,-975,54,80
2026-09-13 19:05:40.190,1789337140.190875,-965,53,81
2026-09-13 19:05:40.210,1789337140.210875,-968,50,86
2026-09-13 19:05:40.230,1789337140.230875,-971,55,86
2026-09-13 19:05:40.250,1789337140.250875,-972,54,88
2026-09-13 19:05:40.270,1789337140.2708752,-972,55,87
2026-09-13 19:05:40.290,1789337140.2908752,-972,54,86
2026-09-13 19:05:40.310,1789337140.3108752,-970,53,85
2026-09-13 19:05:40.330,1789337140.3308752,-970,49,87
2026-09-13 19:05:40.337,1789337140.3378856,-972,48,90
2026-09-13 19:05:40.357,1789337140.3578856,-972,50,87
2026-09-13 19:05:40.377,1789337140.3778856,-972,52,87
2026-09-13 19:05:40.397,1789337140.3978856,-970,53,83
2026-09-13 19:05:40.417,1789337140.4178855,-967,52,84
2026-09-13 19:05:40.437,1789337140.4378855,-971,53,88
2026-09-13 19:05:40.457,1789337140.4578855,-977,53,75
2026-09-13 19:05:40.477,1789337140.4778857,-965,53,82
2026-09-13 19:05:40.497,1789337140.4978857,-968,49,101
2026-09-13 19:05:40.517,1789337140.5178857,-976,54,101
2026-09-13 19:05:40.537,1789337140.5378857,-975,52,62
2026-09-13 19:05:40.557,1789337140.5578856,-955,51,77
2026-09-13 19:05:40.577,1789337140.5778856,-973,55,96
2026-09-13 19:05:40.597,1789337140.5978856,-976,55,94
2026-09-13 19:05:40.617,1789337140.6178856,-971,51,91
2026-09-13 19:05:40.637,1789337140.6378856,-972,48,83
2026-09-13 19:05:40.657,1789337140.6578856,-966,52,79
2026-09-13 19:05:40.677,1789337140.6778855,-968,48,88
2026-09-13 19:05:40.697,1789337140.6978855,-973,49,89
2026-09-13 19:05:40.717,1789337140.7178857,-973,51,91
2026-09-13 19:05:40.737,1789337140.7378857,-975,53,91
2026-09-13 19:05:40.757,1789337140.7578857,-971,50,73
2026-09-13 19:05:40.777,1789337140.7778857,-963,51,80
2026-09-13 19:05:40.797,1789337140.7978857,-971,52,86
2026-09-13 19:05:40.817,1789337140.8178856,-973,54,85
2026-09-13 19:05:40.837,1789337140.8378856,-974,51,85
2026-09-13 19:05:40.857,1789337140.8578856,-974,51,85
2026-09-13 19:05:40.877,1789337140.8778856,-973,50,87
2026-09-13 19:05:40.897,1789337140.8978856,-971,51,83
2026-09-13 19:05:40.917,1789337140.9178855,-968,51,79
2026-09-13 19:05:40.937,1789337140.9378855,-968,54,81
2026-09-13 19:05:40.957,1789337140.9578855,-971,53,83
2026-09-13 19:05:40.977,1789337140.9778857,-972,50,82
2026-09-13 19:05:40.997,1789337140.9978857,-971,51,80
2026-09-13 19:05:41.017,1789337141.0178857,-964,52,89
2026-09-13 19:05:41.037,1789337141.0378857,-980,53,77
2026-09-13 19:05:41.044,1789337141.0449572,-972,51,71
2026-09-13 19:05:41.064,1789337141.0649571,-968,51,86
2026-09-13 19:05:41.084,1789337141.0849571,-965,50,110
2026-09-13 19:05:41.104,1789337141.104957,-984,55,82
2026-09-13 19:05:41.124,1789337141.124957,-963,49,60
2026-09-13 19:05:41.144,1789337141.144957,-959,50,85
2026-09-13 19:05:41.164,1789337141.164957,-977,55,92
2026-09-13 19:05:41.184,1789337141.1849573,-975,52,88
2026-09-13 19:05:41.204,1789337141.2049572,-974,49,84
2026-09-13 19:05:41.224,1789337141.2249572,-970,48,81
2026-09-13 19:05:41.244,1789337141.2449572,-970,54,81
2026-09-13 19:05:41.264,1789337141.2649572,-972,51,84
2026-09-13 19:05:41.284,1789337141.2849572,-972,50,85
2026-09-13 19:05:41.304,1789337141.3049572,-973,52,91
2026-09-13 19:05:41.324,1789337141.3249571,-978,53,79
2026-09-13 19:05:41.344,1789337141.344957,-970,51,73
2026-09-13 19:05:41.364,1789337141.364957,-966,51,87
2026-09-13 19:05:41.384,1789337141.384957,-974,55,80
2026-09-13 19:05:41.404,1789337141.404957,-972,53,86
2026-09-13 19:05:41.424,1789337141.4249573,-973,50,88
2026-09-13 19:05:41.444,1789337141.4449573,-973,52,86
2026-09-13 19:05:41.464,1789337141.4649572,-970,54,83
2026-09-13 19:05:41.484,1789337141.4849572,-969,51,80
2026-09-13 19:05:41.504,1789337141.5049572,-971,50,81
2026-09-13 19:05:41.524,1789337141.5249572,-970,53,84
2026-09-13 19:05:41.544,1789337141.5449572,-971,55,82
2026-09-13 19:05:41.564,1789337141.5649571,-971,53,80
2026-09-13 19:05:41.584,1789337141.5849571,-969,52,80
2026-09-13 19:05:41.604,1789337141.604957,-974,53,88
2026-09-13 19:05:41.624,1789337141.624957,-977,53,72
2026-09-13 19:05:41.644,1789337141.644957,-963,54,80
2026-09-13 19:05:41.664,1789337141.664957,-969,51,93
2026-09-13 19:05:41.684,1789337141.6849573,-975,52,103
2026-09-13 19:05:41.704,1789337141.7049572,-979,53,62
2026-09-13 19:05:41.724,1789337141.7249572,-954,52,71
2026-09-13 19:05:41.744,1789337141.7449572,-969,53,92
2026-09-13 19:05:41.752,1789337141.7520895,-977,54,91
2026-09-13 19:05:41.772,1789337141.7720895,-973,53,89
2026-09-13 19:05:41.792,1789337141.7920895,-971,51,83
2026-09-13 19:05:41.812,1789337141.8120894,-970,52,79
2026-09-13 19:05:41.832,1789337141.8320894,-969,53,82
2026-09-13 19:05:41.852,1789337141.8520894,-970,50,82
2026-09-13 19:05:41.872,1789337141.8720894,-971,52,86
2026-09-13 19:05:41.892,1789337141.8920896,-977,52,91
2026-09-13 19:05:41.912,1789337141.9120896,-976,52,74
2026-09-13 19:05:41.932,1789337141.9320896,-966,52,81
2026-09-13 19:05:41.952,1789337141.9520895,-971,51,83
2026-09-13 19:05:41.972,1789337141.9720895,-971,55,82
2026-09-13 19:05:41.992,1789337141.9920895,-973,52,88
2026-09-13 19:05:42.012,1789337142.0120895,-973,53,86
2026-09-13 19:05:42.032,1789337142.0320895,-972,52,83
2026-09-13 19:05:42.052,1789337142.0520895,-970,52,81
2026-09-13 19:05:42.072,1789337142.0720894,-971,48,82
2026-09-13 19:05:42.092,1789337142.0920894,-970,50,82
2026-09-13 19:05:42.112,1789337142.1120894,-972,52,83
2026-09-13 19:05:42.132,1789337142.1320896,-972,52,84
2026-09-13 19:05:42.152,1789337142.1520896,-972,52,80
2026-09-13 19:05:42.172,1789337142.1720896,-967,53,92
2026-09-13 19:05:42.192,1789337142.1920896,-979,53,76
2026-09-13 19:05:42.212,1789337142.2120895,-970,52,71
2026-09-13 19:05:42.232,1789337142.2320895,-967,52,86
2026-09-13 19:05:42.252,1789337142.2520895,-965,50,109
2026-09-13 19:05:42.272,1789337142.2720895,-982,53,87
2026-09-13 19:05:42.292,1789337142.2920895,-968,51,60
2026-09-13 19:05:42.312,1789337142.3120894,-958,50,89
2026-09-13 19:05:42.332,1789337142.3320894,-978,54,93
2026-09-13 19:05:42.352,1789337142.3520894,-974,53,92
2026-09-13 19:05:42.372,1789337142.3720894,-972,51,85
2026-09-13 19:05:42.392,1789337142.3920896,-971,49,83
2026-09-13 19:05:42.412,1789337142.4120896,-969,51,83
2026-09-13 19:05:42.432,1789337142.4320896,-971,49,85
2026-09-13 19:05:42.452,1789337142.4520895,-972,49,86
2026-09-13 19:05:42.459,1789337142.4594052,-974,50,95
2026-09-13 19:05:42.479,1789337142.4794052,-977,53,83
2026-09-13 19:05:42.499,1789337142.4994051,-969,51,77
2026-09-13 19:05:42.519,1789337142.5194051,-965,48,87
2026-09-13 19:05:42.539,1789337142.539405,-972,54,85
2026-09-13 19:05:42.559,1789337142.559405,-971,53,88
2026-09-13 19:05:42.579,1789337142.579405,-972,52,88
2026-09-13 19:05:42.599,1789337142.5994053,-972,52,85
2026-09-13 19:05:42.619,1789337142.6194053,-971,51,82
2026-09-13 19:05:42.639,1789337142.6394053,-968,51,85
2026-09-13 19:05:42.659,1789337142.6594052,-970,49,85
2026-09-13 19:05:42.679,1789337142.6794052,-969,51,82
2026-09-13 19:05:42.699,1789337142.6994052,-972,52,84
2026-09-13 19:05:42.719,1789337142.7194052,-971,52,84
2026-09-13 19:05:42.739,1789337142.7394052,-970,51,84
2026-09-13 19:05:42.759,1789337142.7594051,-969,50,92
2026-09-13 19:05:42.779,1789337142.779405,-980,53,75
2026-09-13 19:05:42.799,1789337142.799405,-966,51,75
2026-09-13 19:05:42.819,1789337142.819405,-968,49,93
2026-09-13 19:05:42.839,1789337142.8394053,-970,49,109
2026-09-13 19:05:42.859,1789337142.8594053,-980,50,73
2026-09-13 19:05:42.879,1789337142.8794053,-961,52,66
2026-09-13 19:05:42.899,1789337142.8994052,-967,50,93
2026-09-13 19:05:42.919,1789337142.9194052,-978,54,93
2026-09-13 19:05:42.939,1789337142.9394052,-974,52,91
2026-09-13 19:05:42.959,1789337142.9594052,-972,50,85
2026-09-13 19:05:42.979,1789337142.9794052,-970,48,79
2026-09-13 19:05:42.999,1789337142.9994051,-968,51,83
2026-09-13 19:05:43.019,1789337143.0194051,-971,48,84
2026-09-13 19:05:43.039,1789337143.039405,-973,48,87
2026-09-13 19:05:43.059,1789337143.059405,-974,51,95
2026-09-13 19:05:43.079,1789337143.079405,-976,53,78
2026-09-13 19:05:43.099,1789337143.0994053,-967,52,78
2026-09-13 19:05:43.119,1789337143.1194053,-969,50,87
2026-09-13 19:05:43.139,1789337143.1394053,-971,55,85
2026-09-13 19:05:43.159,1789337143.1594052,-972,52,89
2026-09-13 19:05:43.166,1789337143.166416,-974,50,90
2026-09-13 19:05:43.186,1789337143.186416,-972,53,86
2026-09-13 19:05:43.206,1789337143.206416,-970,52,81
2026-09-13 19:05:43.226,1789337143.2264159,-970,51,85
2026-09-13 19:05:43.246,1789337143.2464159,-972,50,86
2026-09-13 19:05:43.266,1789337143.2664158,-971,52,85
2026-09-13 19:05:43.286,1789337143.2864158,-971,53,83
2026-09-13 19:05:43.306,1789337143.306416,-971,55,83
2026-09-13 19:05:43.326,1789337143.326416,-970,53,83
2026-09-13 19:05:43.346,1789337143.346416,-970,51,91
2026-09-13 19:05:43.366,1789337143.366416,-981,54,71
2026-09-13 19:05:43.386,1789337143.386416,-963,53,79
2026-09-13 19:05:43.406,1789337143.406416,-970,49,94
2026-09-13 19:05:43.426,1789337143.426416,-970,50,110
2026-09-13 19:05:43.446,1789337143.446416,-980,52,69
2026-09-13 19:05:43.466,1789337143.466416,-959,52,72
2026-09-13 19:05:43.486,1789337143.4864159,-968,54,92
2026-09-13 19:05:43.506,1789337143.5064158,-976,57,93
2026-09-13 19:05:43.526,1789337143.5264158,-973,54,89
2026-09-13 19:05:43.546,1789337143.546416,-973,51,83
2026-09-13 19:05:43.566,1789337143.566416,-971,52,80
2026-09-13 19:05:43.586,1789337143.586416,-967,52,81
2026-09-13 19:05:43.606,1789337143.606416,-972,52,83
2026-09-13 19:05:43.626,1789337143.626416,-971,51,85
2026-09-13 19:05:43.646,1789337143.646416,-972,54,93
2026-09-13 19:05:43.666,1789337143.666416,-974,53,75
2026-09-13 19:05:43.686,1789337143.686416,-965,55,79
2026-09-13 19:05:43.706,1789337143.706416,-971,51,84
2026-09-13 19:05:43.726,1789337143.7264159,-972,57,85
2026-09-13 19:05:43.746,1789337143.7464159,-973,54,85
2026-09-13 19:05:43.766,1789337143.7664158,-975,54,86
2026-09-13 19:05:43.786,1789337143.7864158,-971,52,83
2026-09-13 19:05:43.806,1789337143.806416,-969,52,79
2026-09-13 19:05:43.826,1789337143.826416,-969,50,83
2026-09-13 19:05:43.846,1789337143.846416,-971,50,80
2026-09-13 19:05:43.866,1789337143.866416,-971,51,83
2026-09-13 19:05:43.873,1789337143.873701,-973,51,81
2026-09-13 19:05:43.893,1789337143.893701,-972,52,79
2026-09-13 19:05:43.913,1789337143.913701,-969,53,85
2026-09-13 19:05:43.933,1789337143.933701,-973,50,88
2026-09-13 19:05:43.953,1789337143.953701,-977,54,71
2026-09-13 19:05:43.973,1789337143.973701,-963,51,80
2026-09-13 19:05:43.993,1789337143.993701,-969,49,95
2026-09-13 19:05:44.013,1789337144.0137012,-974,50,104
2026-09-13 19:05:44.033,1789337144.0337012,-979,52,65
2026-09-13 19:05:44.053,1789337144.0537012,-960,51,69
2026-09-13 19:05:44.073,1789337144.0737011,-971,52,92
2026-09-13 19:05:44.093,1789337144.0937011,-976,54,91
2026-09-13 19:05:44.113,1789337144.113701,-972,50,85
2026-09-13 19:05:44.133,1789337144.133701,-973,47,80
2026-09-13 19:05:44.153,1789337144.153701,-969,49,77
2026-09-13 19:05:44.173,1789337144.173701,-968,51,81
2026-09-13 19:05:44.193,1789337144.193701,-972,49,83
2026-09-13 19:05:44.213,1789337144.213701,-973,49,88
2026-09-13 19:05:44.233,1789337144.233701,-976,52,90
2026-09-13 19:05:44.253,1789337144.2537012,-972,52,74
2026-09-13 19:05:44.273,1789337144.2737012,-965,52,83
2026-09-13 19:05:44.293,1789337144.2937012,-971,52,84
2026-09-13 19:05:44.313,1789337144.3137012,-971,54,83
2026-09-13 19:05:44.333,1789337144.3337011,-973,51,86
2026-09-13 19:05:44.353,1789337144.353701,-974,52,86
2026-09-13 19:05:44.373,1789337144.373701,-969,52,83
2026-09-13 19:05:44.393,1789337144.393701,-969,50,80
2026-09-13 19:05:44.413,1789337144.413701,-971,49,82
2026-09-13 19:05:44.433,1789337144.433701,-972,49,83
2026-09-13 19:05:44.453,1789337144.453701,-972,52,83
2026-09-13 19:05:44.473,1789337144.473701,-972,53,82
2026-09-13 19:05:44.493,1789337144.493701,-971,52,80
2026-09-13 19:05:44.513,1789337144.5137012,-967,52,86
2026-09-13 19:05:44.533,1789337144.5337012,-976,51,85
2026-09-13 19:05:44.553,1789337144.5537012,-974,52,72
2026-09-13 19:05:44.573,1789337144.5737011,-965,52,87
2026-09-13 19:05:44.581,1789337144.5810168,-969,46,100
2026-09-13 19:05:44.601,1789337144.6010168,-977,50,100
2026-09-13 19:05:44.621,1789337144.6210167,-975,50,63
2026-09-13 19:05:44.641,1789337144.6410167,-955,49,76
2026-09-13 19:05:44.661,1789337144.6610167,-972,51,93
2026-09-13 19:05:44.681,1789337144.6810167,-978,52,93
2026-09-13 19:05:44.701,1789337144.7010167,-973,51,89
2026-09-13 19:05:44.721,1789337144.721017,-972,49,84
2026-09-13 19:05:44.741,1789337144.7410169,-968,50,80
2026-09-13 19:05:44.761,1789337144.7610168,-969,49,82
2026-09-13 19:05:44.781,1789337144.7810168,-969,50,84
2026-09-13 19:05:44.801,1789337144.8010168,-970,51,89
2026-09-13 19:05:44.821,1789337144.8210168,-976,51,93
2026-09-13 19:05:44.841,1789337144.8410168,-973,50,77
2026-09-13 19:05:44.861,1789337144.8610168,-964,48,84
2026-09-13 19:05:44.881,1789337144.8810167,-972,50,84
2026-09-13 19:05:44.901,1789337144.9010167,-970,54,89
2026-09-13 19:05:44.921,1789337144.9210167,-974,51,91
2026-09-13 19:05:44.941,1789337144.9410167,-973,52,88
2026-09-13 19:05:44.961,1789337144.961017,-970,51,83
2026-09-13 19:05:44.981,1789337144.9810169,-969,51,83
2026-09-13 19:05:45.001,1789337145.0010169,-971,47,84
2026-09-13 19:05:45.021,1789337145.0210168,-971,50,86
2026-09-13 19:05:45.041,1789337145.0410168,-973,52,88
2026-09-13 19:05:45.061,1789337145.0610168,-973,52,86
2026-09-13 19:05:45.081,1789337145.0810168,-971,52,81
2026-09-13 19:05:45.101,1789337145.1010168,-966,52,88
2026-09-13 19:05:45.121,1789337145.1210167,-978,51,80
2026-09-13 19:05:45.141,1789337145.1410167,-972,51,72
2026-09-13 19:05:45.161,1789337145.1610167,-968,49,88
2026-09-13 19:05:45.181,1789337145.1810167,-966,47,105
2026-09-13 19:05:45.201,1789337145.2010167,-980,51,94
2026-09-13 19:05:45.221,1789337145.221017,-972,49,66
2026-09-13 19:05:45.241,1789337145.2410169,-962,48,79
2026-09-13 19:05:45.261,1789337145.2610168,-975,51,95
2026-09-13 19:05:45.281,1789337145.2810168,-975,50,92
2026-09-13 19:05:45.288,1789337145.288546,-972,51,90
2026-09-13 19:05:45.308,1789337145.308546,-972,48,82
2026-09-13 19:05:45.328,1789337145.328546,-968,49,79
2026-09-13 19:05:45.348,1789337145.348546,-971,47,83
2026-09-13 19:05:45.368,1789337145.368546,-972,49,87
2026-09-13 19:05:45.388,1789337145.388546,-973,47,91
2026-09-13 19:05:45.408,1789337145.408546,-975,52,88
2026-09-13 19:05:45.428,1789337145.4285462,-970,53,76
2026-09-13 19:05:45.448,1789337145.4485462,-964,49,88
2026-09-13 19:05:45.468,1789337145.4685462,-972,52,84
2026-09-13 19:05:45.488,1789337145.4885461,-971,51,88
2026-09-13 19:05:45.508,1789337145.508546,-976,50,90
2026-09-13 19:05:45.528,1789337145.528546,-972,49,87
2026-09-13 19:05:45.548,1789337145.548546,-971,52,82
2026-09-13 19:05:45.568,1789337145.568546,-969,48,83
2026-09-13 19:05:45.588,1789337145.588546,-972,47,84
2026-09-13 19:05:45.608,1789337145.608546,-970,49,83
2026-09-13 19:05:45.628,1789337145.628546,-970,53,83
2026-09-13 19:05:45.648,1789337145.648546,-972,52,85
2026-09-13 19:05:45.668,1789337145.6685462,-970,50,83
2026-09-13 19:05:45.688,1789337145.6885462,-970,51,92
2026-09-13 19:05:45.708,1789337145.7085462,-977,50,74
2026-09-13 19:05:45.728,1789337145.7285461,-964,49,78
2026-09-13 19:05:45.748,1789337145.7485461,-970,49,92
2026-09-13 19:05:45.768,1789337145.768546,-970,51,109
2026-09-13 19:05:45.788,1789337145.788546,-981,51,70
2026-09-13 19:05:45.808,1789337145.808546,-961,50,66
2026-09-13 19:05:45.828,1789337145.828546,-966,50,96
2026-09-13 19:05:45.848,1789337145.848546,-978,55,92
2026-09-13 19:05:45.868,1789337145.868546,-973,52,91
2026-09-13 19:05:45.888,1789337145.888546,-973,48,85
2026-09-13 19:05:45.908,1789337145.908546,-969,49,80
2026-09-13 19:05:45.928,1789337145.9285462,-969,50,84
2026-09-13 19:05:45.948,1789337145.9485462,-970,48,87
2026-09-13 19:05:45.968,1789337145.9685462,-973,48,92
2026-09-13 19:05:45.988,1789337145.9885461,-975,51,96
2026-09-13 19:05:45.995,1789337145.99577,-975,49,80
2026-09-13 19:05:46.015,1789337146.01577,-966,50,82
2026-09-13 19:05:46.035,1789337146.03577,-970,48,88
2026-09-13 19:05:46.055,1789337146.05577,-972,55,86
2026-09-13 19:05:46.075,1789337146.07577,-972,52,91
2026-09-13 19:05:46.095,1789337146.09577,-973,52,90
2026-09-13 19:05:46.115,1789337146.1157699,-971,51,87
2026-09-13 19:05:46.135,1789337146.13577,-970,50,86
2026-09-13 19:05:46.155,1789337146.15577,-972,48,85
2026-09-13 19:05:46.175,1789337146.17577,-971,49,86
2026-09-13 19:05:46.195,1789337146.19577,-971,52,87
2026-09-13 19:05:46.215,1789337146.21577,-972,50,86
2026-09-13 19:05:46.235,1789337146.23577,-972,51,86
2026-09-13 19:05:46.255,1789337146.25577,-965,53,94
2026-09-13 19:05:46.275,1789337146.27577,-977,53,82
2026-09-13 19:05:46.295,1789337146.29577,-972,51,73
2026-09-13 19:05:46.315,1789337146.31577,-967,49,89
2026-09-13 19:05:46.335,1789337146.33577,-965,49,109
2026-09-13 19:05:46.355,1789337146.3557699,-978,54,97
2026-09-13 19:05:46.375,1789337146.37577,-972,52,65
2026-09-13 19:05:46.395,1789337146.39577,-957,50,85
2026-09-13 19:05:46.415,1789337146.41577,-975,52,97
2026-09-13 19:05:46.435,1789337146.43577,-973,53,92
2026-09-13 19:05:46.455,1789337146.45577,-972,50,91
2026-09-13 19:05:46.475,1789337146.47577,-971,49,86
2026-09-13 19:05:46.495,1789337146.49577,-968,51,85
2026-09-13 19:05:46.515,1789337146.51577,-969,49,87
2026-09-13 19:05:46.535,1789337146.53577,-970,48,91
2026-09-13 19:05:46.555,1789337146.55577,-972,51,93
2026-09-13 19:05:46.575,1789337146.57577,-976,52,93
2026-09-13 19:05:46.595,1789337146.59577,-972,49,82
2026-09-13 19:05:46.615,1789337146.6157699,-966,46,92
2026-09-13 19:05:46.635,1789337146.63577,-972,53,86
2026-09-13 19:05:46.655,1789337146.65577,-971,51,92
2026-09-13 19:05:46.675,1789337146.67577,-974,50,94
2026-09-13 19:05:46.695,1789337146.69577,-971,51,90
2026-09-13 19:05:46.702,1789337146.7027502,-968,52,91
2026-09-13 19:05:46.722,1789337146.7227502,-969,51,92
2026-09-13 19:05:46.742,1789337146.7427502,-970,48,90
2026-09-13 19:05:46.762,1789337146.7627501,-971,50,89
2026-09-13 19:05:46.782,1789337146.7827501,-970,50,89
2026-09-13 19:05:46.802,1789337146.80275,-971,50,85
2026-09-13 19:05:46.822,1789337146.82275,-967,52,90
2026-09-13 19:05:46.842,1789337146.8427503,-974,52,89
2026-09-13 19:05:46.862,1789337146.8627503,-974,52,79
2026-09-13 19:05:46.882,1789337146.8827503,-963,50,89
2026-09-13 19:05:46.902,1789337146.9027503,-966,49,108
2026-09-13 19:05:46.922,1789337146.9227502,-977,50,109
2026-09-13 19:05:46.942,1789337146.9427502,-977,48,72
2026-09-13 19:05:46.962,1789337146.9627502,-959,51,79
2026-09-13 19:05:46.982,1789337146.9827502,-970,50,99
2026-09-13 19:05:47.002,1789337147.0027502,-975,54,96
2026-09-13 19:05:47.022,1789337147.0227501,-971,52,98
2026-09-13 19:05:47.042,1789337147.0427501,-972,49,91
2026-09-13 19:05:47.062,1789337147.06275,-969,49,87
2026-09-13 19:05:47.082,1789337147.0827503,-969,49,91
2026-09-13 19:05:47.102,1789337147.1027503,-971,47,91
2026-09-13 19:05:47.122,1789337147.1227503,-972,49,94
2026-09-13 19:05:47.142,1789337147.1427503,-973,51,98
2026-09-13 19:05:47.162,1789337147.1627502,-973,51,81
2026-09-13 19:05:47.182,1789337147.1827502,-964,50,90
2026-09-13 19:05:47.202,1789337147.2027502,-971,50,91
2026-09-13 19:05:47.222,1789337147.2227502,-970,53,94
2026-09-13 19:05:47.242,1789337147.2427502,-974,51,96
2026-09-13 19:05:47.262,1789337147.2627501,-972,49,94
2026-09-13 19:05:47.282,1789337147.2827501,-970,51,88
2026-09-13 19:05:47.302,1789337147.30275,-968,50,91
2026-09-13 19:05:47.322,1789337147.32275,-970,46,89
2026-09-13 19:05:47.342,1789337147.3427503,-971,49,93
2026-09-13 19:05:47.362,1789337147.3627503,-972,52,93
2026-09-13 19:05:47.382,1789337147.3827503,-972,51,90
2026-09-13 19:05:47.402,1789337147.4027503,-969,52,90
2026-09-13 19:05:47.410,1789337147.4100354,-966,50,99
2026-09-13 19:05:47.430,1789337147.4300354,-975,51,80
2026-09-13 19:05:47.450,1789337147.4500353,-965,52,84
2026-09-13 19:05:47.470,1789337147.4700353,-969,49,99
2026-09-13 19:05:47.490,1789337147.4900353,-971,49,119
2026-09-13 19:05:47.510,1789337147.5100353,-981,51,84
2026-09-13 19:05:47.530,1789337147.5300353,-963,48,75
2026-09-13 19:05:47.550,1789337147.5500355,-963,49,101
2026-09-13 19:05:47.570,1789337147.5700355,-976,53,101
2026-09-13 19:05:47.590,1789337147.5900354,-972,51,98
2026-09-13 19:05:47.610,1789337147.6100354,-973,48,91
2026-09-13 19:05:47.630,1789337147.6300354,-969,48,89
2026-09-13 19:05:47.650,1789337147.6500354,-968,48,90
2026-09-13 19:05:47.670,1789337147.6700354,-969,48,93
2026-09-13 19:05:47.690,1789337147.6900353,-969,49,97
2026-09-13 19:05:47.710,1789337147.7100353,-974,51,104
2026-09-13 19:05:47.730,1789337147.7300353,-976,51,88
2026-09-13 19:05:47.750,1789337147.7500353,-967,52,85
2026-09-13 19:05:47.770,1789337147.7700353,-967,50,97
2026-09-13 19:05:47.790,1789337147.7900355,-970,53,94
2026-09-13 19:05:47.810,1789337147.8100355,-972,50,97
2026-09-13 19:05:47.830,1789337147.8300354,-974,49,97
2026-09-13 19:05:47.850,1789337147.8500354,-971,50,94
2026-09-13 19:05:47.870,1789337147.8700354,-969,50,90
2026-09-13 19:05:47.890,1789337147.8900354,-968,47,88
2026-09-13 19:05:47.910,1789337147.9100354,-969,50,90
2026-09-13 19:05:47.930,1789337147.9300354,-972,52,92
2026-09-13 19:05:47.950,1789337147.9500353,-972,49,91
2026-09-13 19:05:47.970,1789337147.9700353,-970,49,90
2026-09-13 19:05:47.990,1789337147.9900353,-967,51,101
2026-09-13 19:05:48.010,1789337148.0100353,-977,53,84
2026-09-13 19:05:48.030,1789337148.0300353,-965,51,84
2026-09-13 19:05:48.050,1789337148.0500355,-970,48,97
2026-09-13 19:05:48.070,1789337148.0700355,-970,47,116
2026-09-13 19:05:48.090,1789337148.0900354,-981,50,83
2026-09-13 19:05:48.110,1789337148.1100354,-962,48,72
2026-09-13 19:05:48.117,1789337148.1171982,-963,50,100
2026-09-13 19:05:48.137,1789337148.1371982,-978,52,100
2026-09-13 19:05:48.157,1789337148.1571982,-974,51,98
2026-09-13 19:05:48.177,1789337148.1771982,-972,47,92
2026-09-13 19:05:48.197,1789337148.1971982,-969,49,90
2026-09-13 19:05:48.217,1789337148.2171981,-966,51,91
2026-09-13 19:05:48.237,1789337148.237198,-972,51,91
2026-09-13 19:05:48.257,1789337148.2571983,-972,48,92
2026-09-13 19:05:48.277,1789337148.2771983,-971,49,101
2026-09-13 19:05:48.297,1789337148.2971983,-975,50,88
2026-09-13 19:05:48.317,1789337148.3171983,-967,52,86
2026-09-13 19:05:48.337,1789337148.3371983,-968,49,93
2026-09-13 19:05:48.357,1789337148.3571982,-971,54,91
2026-09-13 19:05:48.377,1789337148.3771982,-972,50,94
2026-09-13 19:05:48.397,1789337148.3971982,-973,50,96
2026-09-13 19:05:48.417,1789337148.4171982,-971,52,92
2026-09-13 19:05:48.437,1789337148.4371982,-970,52,89
2026-09-13 19:05:48.457,1789337148.4571981,-969,46,88
2026-09-13 19:05:48.477,1789337148.4771981,-970,49,90
2026-09-13 19:05:48.497,1789337148.4971983,-971,52,89
2026-09-13 19:05:48.517,1789337148.5171983,-970,51,89
2026-09-13 19:05:48.537,1789337148.5371983,-970,54,91
2026-09-13 19:05:48.557,1789337148.5571983,-970,53,98
2026-09-13 19:05:48.577,1789337148.5771983,-977,53,81
2026-09-13 19:05:48.597,1789337148.5971982,-966,52,79
2026-09-13 19:05:48.617,1789337148.6171982,-968,49,97
2026-09-13 19:05:48.637,1789337148.6371982,-968,52,118
2026-09-13 19:05:48.657,1789337148.6571982,-983,51,83
2026-09-13 19:05:48.677,1789337148.6771982,-962,50,69
2026-09-13 19:05:48.697,1789337148.6971982,-958,50,95
2026-09-13 19:05:48.717,1789337148.7171981,-977,56,100
2026-09-13 19:05:48.737,1789337148.737198,-973,53,96
2026-09-13 19:05:48.757,1789337148.7571983,-974,49,91
2026-09-13 19:05:48.777,1789337148.7771983,-971,50,85
2026-09-13 19:05:48.797,1789337148.7971983,-967,51,90
2026-09-13 19:05:48.817,1789337148.8171983,-971,52,91
2026-09-13 19:05:48.824,1789337148.8244836,-970,52,94
2026-09-13 19:05:48.844,1789337148.8444836,-971,53,101
2026-09-13 19:05:48.864,1789337148.8644836,-975,53,88
2026-09-13 19:05:48.884,1789337148.8844836,-966,52,85
2026-09-13 19:05:48.904,1789337148.9044836,-968,50,93
2026-09-13 19:05:48.924,1789337148.9244835,-971,55,89
2026-09-13 19:05:48.944,1789337148.9444835,-970,52,93
2026-09-13 19:05:48.964,1789337148.9644837,-973,51,95
2026-09-13 19:05:48.984,1789337148.9844837,-971,49,92
2026-09-13 19:05:49.004,1789337149.0044837,-969,52,91
2026-09-13 19:05:49.024,1789337149.0244837,-970,51,88
2026-09-13 19:05:49.044,1789337149.0444837,-970,52,88
2026-09-13 19:05:49.064,1789337149.0644836,-971,54,89
2026-09-13 19:05:49.084,1789337149.0844836,-971,53,92
2026-09-13 19:05:49.104,1789337149.1044836,-972,52,93
2026-09-13 19:05:49.124,1789337149.1244836,-970,51,98
2026-09-13 19:05:49.144,1789337149.1444836,-976,52,81
2026-09-13 19:05:49.164,1789337149.1644835,-966,51,87
2026-09-13 19:05:49.184,1789337149.1844835,-970,50,101
2026-09-13 19:05:49.204,1789337149.2044837,-970,54,115
2026-09-13 19:05:49.224,1789337149.2244837,-979,51,76
2026-09-13 19:05:49.244,1789337149.2444837,-958,51,71
2026-09-13 19:05:49.264,1789337149.2644837,-960,50,97
2026-09-13 19:05:49.284,1789337149.2844837,-978,54,99
2026-09-13 19:05:49.304,1789337149.3044837,-973,54,99
2026-09-13 19:05:49.324,1789337149.3244836,-975,50,94
2026-09-13 19:05:49.344,1789337149.3444836,-971,50,86
2026-09-13 19:05:49.364,1789337149.3644836,-967,51,86
2026-09-13 19:05:49.384,1789337149.3844836,-969,51,87
2026-09-13 19:05:49.404,1789337149.4044836,-970,52,91
2026-09-13 19:05:49.424,1789337149.4244835,-973,53,102
2026-09-13 19:05:49.444,1789337149.4444835,-977,51,85
2026-09-13 19:05:49.464,1789337149.4644837,-967,50,82
2026-09-13 19:05:49.484,1789337149.4844837,-969,49,90
2026-09-13 19:05:49.504,1789337149.5044837,-971,55,88
2026-09-13 19:05:49.524,1789337149.5244837,-972,51,96
2026-09-13 19:05:49.531,1789337149.5317688,-974,50,95
2026-09-13 19:05:49.551,1789337149.5517688,-970,52,90
2026-09-13 19:05:49.571,1789337149.5717688,-970,50,88
2026-09-13 19:05:49.591,1789337149.5917687,-970,48,87
2026-09-13 19:05:49.611,1789337149.6117687,-970,51,85
2026-09-13 19:05:49.631,1789337149.6317687,-971,52,88
2026-09-13 19:05:49.651,1789337149.6517687,-973,52,90
2026-09-13 19:05:49.671,1789337149.671769,-972,51,84
2026-09-13 19:05:49.691,1789337149.691769,-967,52,98
2026-09-13 19:05:49.711,1789337149.7117689,-979,52,83
2026-09-13 19:05:49.731,1789337149.7317688,-969,52,77
2026-09-13 19:05:49.751,1789337149.7517688,-971,50,95
2026-09-13 19:05:49.771,1789337149.7717688,-967,49,116
2026-09-13 19:05:49.791,1789337149.7917688,-981,51,88
2026-09-13 19:05:49.811,1789337149.8117688,-963,50,66
2026-09-13 19:05:49.831,1789337149.8317688,-959,47,92
2026-09-13 19:05:49.851,1789337149.8517687,-978,52,100
2026-09-13 19:05:49.871,1789337149.8717687,-974,50,95
2026-09-13 19:05:49.891,1789337149.8917687,-973,47,93
2026-09-13 19:05:49.911,1789337149.911769,-971,47,86
2026-09-13 19:05:49.931,1789337149.931769,-967,49,84
2026-09-13 19:05:49.951,1789337149.9517689,-971,50,85
2026-09-13 19:05:49.971,1789337149.9717689,-971,47,90
2026-09-13 19:05:49.991,1789337149.9917688,-972,49,98
2026-09-13 19:05:50.011,1789337150.0117688,-976,51,89
2026-09-13 19:05:50.031,1789337150.0317688,-970,50,79
2026-09-13 19:05:50.051,1789337150.0517688,-966,47,90
2026-09-13 19:05:50.071,1789337150.0717688,-972,53,85
2026-09-13 19:05:50.091,1789337150.0917687,-972,50,92
2026-09-13 19:05:50.111,1789337150.1117687,-973,48,91
2026-09-13 19:05:50.131,1789337150.1317687,-972,49,91
2026-09-13 19:05:50.151,1789337150.1517687,-971,49,87
2026-09-13 19:05:50.171,1789337150.171769,-971,47,88
2026-09-13 19:05:50.191,1789337150.191769,-972,48,88
2026-09-13 19:05:50.211,1789337150.2117689,-972,50,90
2026-09-13 19:05:50.231,1789337150.2317688,-972,52,88
