timestamp_local,timestamp_epoch_s,ecg_uV
2026-09-11 19:37:52.962,1789166272.9623919,-24
2026-09-11 19:37:52.970,1789166272.9700842,-16
2026-09-11 19:37:52.977,1789166272.9777765,-14
2026-09-11 19:37:52.985,1789166272.9854689,-19
2026-09-11 19:37:52.993,1789166272.9931612,-29
2026-09-11 19:37:53.000,1789166273.0008533,-31
2026-09-11 19:37:53.008,1789166273.0085456,-29
2026-09-11 19:37:53.016,1789166273.016238,-29
2026-09-11 19:37:53.023,1789166273.0239303,-19
2026-09-11 19:37:53.031,1789166273.0316226,0
2026-09-11 19:37:53.039,1789166273.039315,16
2026-09-11 19:37:53.047,1789166273.0470073,26
2026-09-11 19:37:53.054,1789166273.0546997,14
2026-09-11 19:37:53.062,1789166273.0623918,-7
2026-09-11 19:37:53.070,1789166273.070084,-24
2026-09-11 19:37:53.077,1789166273.0777764,-36
2026-09-11 19:37:53.085,1789166273.0854688,-36
2026-09-11 19:37:53.093,1789166273.093161,-31
2026-09-11 19:37:53.100,1789166273.1008534,-24
2026-09-11 19:37:53.108,1789166273.1085458,-24
2026-09-11 19:37:53.116,1789166273.116238,-24
2026-09-11 19:37:53.123,1789166273.1239302,-26
2026-09-11 19:37:53.131,1789166273.1316226,-29
2026-09-11 19:37:53.139,1789166273.139315,-4
2026-09-11 19:37:53.147,1789166273.1470072,123
2026-09-11 19:37:53.154,1789166273.1546996,388
2026-09-11 19:37:53.162,1789166273.162392,715
2026-09-11 19:37:53.170,1789166273.1700842,938
2026-09-11 19:37:53.177,1789166273.1777766,606
2026-09-11 19:37:53.185,1789166273.1854687,-210
2026-09-11 19:37:53.193,1789166273.193161,-487
2026-09-11 19:37:53.200,1789166273.2008533,-121
2026-09-11 19:37:53.208,1789166273.2085457,-16
2026-09-11 19:37:53.216,1789166273.216238,-140
2026-09-11 19:37:53.223,1789166273.2239304,-84
2026-09-11 19:37:53.231,1789166273.2316227,-33
2026-09-11 19:37:53.239,1789166273.239315,-75
2026-09-11 19:37:53.247,1789166273.2470071,-60
2026-09-11 19:37:53.254,1789166273.2546995,-24
2026-09-11 19:37:53.262,1789166273.2623918,-29
2026-09-11 19:37:53.270,1789166273.2700841,-29
2026-09-11 19:37:53.277,1789166273.2777765,-9
2026-09-11 19:37:53.285,1789166273.2854688,0
2026-09-11 19:37:53.293,1789166273.2931612,4
2026-09-11 19:37:53.300,1789166273.3008535,19
2026-09-11 19:37:53.308,1789166273.3085456,31
2026-09-11 19:37:53.316,1789166273.316238,43
2026-09-11 19:37:53.323,1789166273.3239303,55
2026-09-11 19:37:53.331,1789166273.3316226,67
2026-09-11 19:37:53.339,1789166273.339315,82
2026-09-11 19:37:53.347,1789166273.3470073,94
2026-09-11 19:37:53.354,1789166273.3546996,101
2026-09-11 19:37:53.362,1789166273.362392,109
2026-09-11 19:37:53.370,1789166273.370084,111
2026-09-11 19:37:53.377,1789166273.3777764,106
2026-09-11 19:37:53.385,1789166273.3854687,101
2026-09-11 19:37:53.393,1789166273.393161,97
2026-09-11 19:37:53.400,1789166273.4008534,84
2026-09-11 19:37:53.408,1789166273.4085457,60
2026-09-11 19:37:53.416,1789166273.416238,29
2026-09-11 19:37:53.423,1789166273.4239304,0
2026-09-11 19:37:53.431,1789166273.4316225,-26
2026-09-11 19:37:53.439,1789166273.4393148,-53
2026-09-11 19:37:53.447,1789166273.4470072,-72
2026-09-11 19:37:53.454,1789166273.4546995,-80
2026-09-11 19:37:53.462,1789166273.4623919,-82
2026-09-11 19:37:53.470,1789166273.4700842,-77
2026-09-11 19:37:53.477,1789166273.4777765,-67
2026-09-11 19:37:53.485,1789166273.4854689,-60
2026-09-11 19:37:53.493,1789166273.4931612,-50
2026-09-11 19:37:53.500,1789166273.5008533,-41
2026-09-11 19:37:53.508,1789166273.5085456,-33
2026-09-11 19:37:53.516,1789166273.516238,-33
2026-09-11 19:37:53.523,1789166273.5233686,-31
2026-09-11 19:37:53.531,1789166273.531061,-21
2026-09-11 19:37:53.538,1789166273.5387533,-21
2026-09-11 19:37:53.546,1789166273.5464456,-29
2026-09-11 19:37:53.554,1789166273.554138,-31
2026-09-11 19:37:53.561,1789166273.56183,-29
2026-09-11 19:37:53.569,1789166273.5695224,-36
2026-09-11 19:37:53.577,1789166273.5772147,-48
2026-09-11 19:37:53.584,1789166273.584907,-46
2026-09-11 19:37:53.592,1789166273.5925994,-38
2026-09-11 19:37:53.600,1789166273.6002917,-33
2026-09-11 19:37:53.607,1789166273.607984,-16
2026-09-11 19:37:53.615,1789166273.6156764,9
2026-09-11 19:37:53.623,1789166273.6233685,26
2026-09-11 19:37:53.631,1789166273.6310608,19
2026-09-11 19:37:53.638,1789166273.6387532,4
2026-09-11 19:37:53.646,1789166273.6464455,-9
2026-09-11 19:37:53.654,1789166273.6541378,-24
2026-09-11 19:37:53.661,1789166273.6618302,-36
2026-09-11 19:37:53.669,1789166273.6695225,-41
2026-09-11 19:37:53.677,1789166273.6772149,-38
2026-09-11 19:37:53.684,1789166273.684907,-31
2026-09-11 19:37:53.692,1789166273.6925993,-26
2026-09-11 19:37:53.700,1789166273.7002916,-29
2026-09-11 19:37:53.707,1789166273.707984,-33
2026-09-11 19:37:53.715,1789166273.7156763,-33
2026-09-11 19:37:53.723,1789166273.7233686,4
2026-09-11 19:37:53.731,1789166273.731061,147
2026-09-11 19:37:53.738,1789166273.7387533,385
2026-09-11 19:37:53.746,1789166273.7464454,700
2026-09-11 19:37:53.754,1789166273.7541378,928
2026-09-11 19:37:53.761,1789166273.76183,533
2026-09-11 19:37:53.769,1789166273.7695224,-271
2026-09-11 19:37:53.777,1789166273.7772148,-419
2026-09-11 19:37:53.784,1789166273.784907,-60
2026-09-11 19:37:53.792,1789166273.7925994,-33
2026-09-11 19:37:53.800,1789166273.8002918,-143
2026-09-11 19:37:53.807,1789166273.8079839,-67
2026-09-11 19:37:53.815,1789166273.8156762,-31
2026-09-11 19:37:53.823,1789166273.8233685,-72
2026-09-11 19:37:53.831,1789166273.831061,-53
2026-09-11 19:37:53.838,1789166273.8387532,-21
2026-09-11 19:37:53.846,1789166273.8464456,-29
2026-09-11 19:37:53.854,1789166273.854138,-24
2026-09-11 19:37:53.861,1789166273.8618302,-4
2026-09-11 19:37:53.869,1789166273.8695223,2
2026-09-11 19:37:53.877,1789166273.8772147,4
2026-09-11 19:37:53.884,1789166273.884907,14
2026-09-11 19:37:53.892,1789166273.8925993,29
2026-09-11 19:37:53.900,1789166273.9002917,48
2026-09-11 19:37:53.907,1789166273.907984,67
2026-09-11 19:37:53.915,1789166273.9156764,75
2026-09-11 19:37:53.923,1789166273.9233687,77
2026-09-11 19:37:53.931,1789166273.9310608,82
2026-09-11 19:37:53.938,1789166273.9387531,89
2026-09-11 19:37:53.946,1789166273.9464455,99
2026-09-11 19:37:53.954,1789166273.9541378,97
2026-09-11 19:37:53.961,1789166273.9618301,89
2026-09-11 19:37:53.969,1789166273.9695225,82
2026-09-11 19:37:53.977,1789166273.9772148,75
2026-09-11 19:37:53.984,1789166273.9849072,65
2026-09-11 19:37:53.992,1789166273.9925992,50
2026-09-11 19:37:54.000,1789166274.0002916,24
2026-09-11 19:37:54.007,1789166274.007984,-4
2026-09-11 19:37:54.015,1789166274.0156763,-26
2026-09-11 19:37:54.023,1789166274.0233686,-38
2026-09-11 19:37:54.031,1789166274.031061,-50
2026-09-11 19:37:54.038,1789166274.0387533,-60
2026-09-11 19:37:54.046,1789166274.0464456,-63
2026-09-11 19:37:54.054,1789166274.054138,-58
2026-09-11 19:37:54.061,1789166274.06183,-53
2026-09-11 19:37:54.069,1789166274.0695224,-43
2026-09-11 19:37:54.077,1789166274.0772147,-36
2026-09-11 19:37:54.084,1789166274.084315,-33
2026-09-11 19:37:54.092,1789166274.0920074,-26
2026-09-11 19:37:54.099,1789166274.0996997,-21
2026-09-11 19:37:54.107,1789166274.107392,-19
2026-09-11 19:37:54.115,1789166274.1150844,-16
2026-09-11 19:37:54.122,1789166274.1227765,-19
2026-09-11 19:37:54.130,1789166274.1304688,-26
2026-09-11 19:37:54.138,1789166274.1381612,-29
2026-09-11 19:37:54.145,1789166274.1458535,-24
2026-09-11 19:37:54.153,1789166274.1535459,-26
2026-09-11 19:37:54.161,1789166274.1612382,-33
2026-09-11 19:37:54.168,1789166274.1689305,-33
2026-09-11 19:37:54.176,1789166274.1766229,-31
2026-09-11 19:37:54.184,1789166274.184315,-21
2026-09-11 19:37:54.192,1789166274.1920073,0
2026-09-11 19:37:54.199,1789166274.1996996,26
2026-09-11 19:37:54.207,1789166274.207392,38
2026-09-11 19:37:54.215,1789166274.2150843,33
2026-09-11 19:37:54.222,1789166274.2227767,21
2026-09-11 19:37:54.230,1789166274.230469,4
2026-09-11 19:37:54.238,1789166274.2381613,-9
2026-09-11 19:37:54.245,1789166274.2458534,-21
2026-09-11 19:37:54.253,1789166274.2535458,-24
2026-09-11 19:37:54.261,1789166274.261238,-24
2026-09-11 19:37:54.268,1789166274.2689304,-24
2026-09-11 19:37:54.276,1789166274.2766228,-21
2026-09-11 19:37:54.284,1789166274.284315,-19
2026-09-11 19:37:54.292,1789166274.2920074,-19
2026-09-11 19:37:54.299,1789166274.2996998,-26
2026-09-11 19:37:54.307,1789166274.307392,4
2026-09-11 19:37:54.315,1789166274.3150842,135
2026-09-11 19:37:54.322,1789166274.3227766,356
2026-09-11 19:37:54.330,1789166274.330469,659
2026-09-11 19:37:54.338,1789166274.3381612,882
2026-09-11 19:37:54.345,1789166274.3458536,509
2026-09-11 19:37:54.353,1789166274.353546,-242
2026-09-11 19:37:54.361,1789166274.3612382,-373
2026-09-11 19:37:54.368,1789166274.3689303,-43
2026-09-11 19:37:54.376,1789166274.3766227,-21
2026-09-11 19:37:54.384,1789166274.384315,-118
2026-09-11 19:37:54.392,1789166274.3920074,-53
2026-09-11 19:37:54.399,1789166274.3996997,-26
2026-09-11 19:37:54.407,1789166274.407392,-58
2026-09-11 19:37:54.415,1789166274.4150844,-36
2026-09-11 19:37:54.422,1789166274.4227767,-12
2026-09-11 19:37:54.430,1789166274.4304688,-14
2026-09-11 19:37:54.438,1789166274.4381611,-2
2026-09-11 19:37:54.445,1789166274.4458535,7
2026-09-11 19:37:54.453,1789166274.4535458,9
2026-09-11 19:37:54.461,1789166274.4612381,21
2026-09-11 19:37:54.468,1789166274.4689305,33
2026-09-11 19:37:54.476,1789166274.4766228,46
2026-09-11 19:37:54.484,1789166274.4843152,58
2026-09-11 19:37:54.492,1789166274.4920073,67
2026-09-11 19:37:54.499,1789166274.4996996,70
2026-09-11 19:37:54.507,1789166274.507392,84
2026-09-11 19:37:54.515,1789166274.5150843,106
2026-09-11 19:37:54.522,1789166274.5227766,113
2026-09-11 19:37:54.530,1789166274.530469,113
2026-09-11 19:37:54.538,1789166274.5381613,109
2026-09-11 19:37:54.545,1789166274.5458536,97
2026-09-11 19:37:54.553,1789166274.5535457,94
2026-09-11 19:37:54.561,1789166274.561238,97
2026-09-11 19:37:54.568,1789166274.5689304,84
2026-09-11 19:37:54.576,1789166274.5766227,65
2026-09-11 19:37:54.584,1789166274.584315,43
2026-09-11 19:37:54.592,1789166274.5920074,12
2026-09-11 19:37:54.599,1789166274.5996997,-14
2026-09-11 19:37:54.607,1789166274.607392,-33
2026-09-11 19:37:54.615,1789166274.6150844,-50
2026-09-11 19:37:54.622,1789166274.6227765,-63
2026-09-11 19:37:54.630,1789166274.6304688,-63
2026-09-11 19:37:54.638,1789166274.6381612,-60
2026-09-11 19:37:54.645,1789166274.6452916,-50
2026-09-11 19:37:54.652,1789166274.652984,-33
2026-09-11 19:37:54.660,1789166274.6606762,-33
2026-09-11 19:37:54.668,1789166274.6683686,-38
2026-09-11 19:37:54.676,1789166274.676061,-31
2026-09-11 19:37:54.683,1789166274.683753,-14
2026-09-11 19:37:54.691,1789166274.6914454,-19
2026-09-11 19:37:54.699,1789166274.6991377,-36
2026-09-11 19:37:54.706,1789166274.70683,-33
2026-09-11 19:37:54.714,1789166274.7145224,-21
2026-09-11 19:37:54.722,1789166274.7222147,-19
2026-09-11 19:37:54.729,1789166274.729907,-26
2026-09-11 19:37:54.737,1789166274.7375994,-36
2026-09-11 19:37:54.745,1789166274.7452915,-43
2026-09-11 19:37:54.752,1789166274.7529838,-38
2026-09-11 19:37:54.760,1789166274.7606761,-36
2026-09-11 19:37:54.768,1789166274.7683685,-26
2026-09-11 19:37:54.776,1789166274.7760608,-2
2026-09-11 19:37:54.783,1789166274.7837532,21
2026-09-11 19:37:54.791,1789166274.7914455,33
2026-09-11 19:37:54.799,1789166274.7991378,26
2026-09-11 19:37:54.806,1789166274.80683,12
2026-09-11 19:37:54.814,1789166274.8145223,-7
2026-09-11 19:37:54.822,1789166274.8222146,-31
2026-09-11 19:37:54.829,1789166274.829907,-36
2026-09-11 19:37:54.837,1789166274.8375993,-21
2026-09-11 19:37:54.845,1789166274.8452916,-21
2026-09-11 19:37:54.852,1789166274.852984,-29
2026-09-11 19:37:54.860,1789166274.8606763,-29
2026-09-11 19:37:54.868,1789166274.8683684,-29
2026-09-11 19:37:54.876,1789166274.8760607,-36
2026-09-11 19:37:54.883,1789166274.883753,-33
2026-09-11 19:37:54.891,1789166274.8914454,2
2026-09-11 19:37:54.899,1789166274.8991377,162
2026-09-11 19:37:54.906,1789166274.90683,460
2026-09-11 19:37:54.914,1789166274.9145224,780
2026-09-11 19:37:54.922,1789166274.9222147,836
2026-09-11 19:37:54.929,1789166274.9299068,278
2026-09-11 19:37:54.937,1789166274.9375992,-436
2026-09-11 19:37:54.945,1789166274.9452915,-412
2026-09-11 19:37:54.952,1789166274.9529839,-46
2026-09-11 19:37:54.960,1789166274.9606762,-55
2026-09-11 19:37:54.968,1789166274.9683685,-121
2026-09-11 19:37:54.976,1789166274.9760609,-33
2026-09-11 19:37:54.983,1789166274.9837532,-21
2026-09-11 19:37:54.991,1789166274.9914453,-53
2026-09-11 19:37:54.999,1789166274.9991376,-19
2026-09-11 19:37:55.006,1789166275.00683,0
2026-09-11 19:37:55.014,1789166275.0145223,-9
2026-09-11 19:37:55.022,1789166275.0222147,4
2026-09-11 19:37:55.029,1789166275.029907,26
2026-09-11 19:37:55.037,1789166275.0375993,29
2026-09-11 19:37:55.045,1789166275.0452917,36
2026-09-11 19:37:55.052,1789166275.0529838,58
2026-09-11 19:37:55.060,1789166275.060676,58
2026-09-11 19:37:55.068,1789166275.0683684,60
2026-09-11 19:37:55.076,1789166275.0760608,99
2026-09-11 19:37:55.083,1789166275.083753,135
2026-09-11 19:37:55.091,1789166275.0914454,133
2026-09-11 19:37:55.099,1789166275.0991378,128
2026-09-11 19:37:55.106,1789166275.1068301,150
2026-09-11 19:37:55.114,1789166275.1145222,167
2026-09-11 19:37:55.122,1789166275.1222146,169
2026-09-11 19:37:55.129,1789166275.129907,169
2026-09-11 19:37:55.137,1789166275.1375992,172
2026-09-11 19:37:55.145,1789166275.1452916,162
2026-09-11 19:37:55.152,1789166275.152984,143
2026-09-11 19:37:55.160,1789166275.1606762,116
2026-09-11 19:37:55.168,1789166275.1683686,70
2026-09-11 19:37:55.176,1789166275.176061,9
2026-09-11 19:37:55.183,1789166275.183753,-29
2026-09-11 19:37:55.191,1789166275.1914454,-50
2026-09-11 19:37:55.199,1789166275.1991377,-65
2026-09-11 19:37:55.206,1789166275.2062685,-75
2026-09-11 19:37:55.213,1789166275.213961,-97
2026-09-11 19:37:55.221,1789166275.2216532,-109
2026-09-11 19:37:55.229,1789166275.2293456,-94
2026-09-11 19:37:55.237,1789166275.237038,-80
2026-09-11 19:37:55.244,1789166275.24473,-60
2026-09-11 19:37:55.252,1789166275.2524223,-36
2026-09-11 19:37:55.260,1789166275.2601147,-36
2026-09-11 19:37:55.267,1789166275.267807,-43
2026-09-11 19:37:55.275,1789166275.2754993,-31
2026-09-11 19:37:55.283,1789166275.2831917,-26
2026-09-11 19:37:55.290,1789166275.290884,-41
2026-09-11 19:37:55.298,1789166275.2985764,-36
2026-09-11 19:37:55.306,1789166275.3062685,-33
2026-09-11 19:37:55.313,1789166275.3139608,-38
2026-09-11 19:37:55.321,1789166275.3216531,-29
2026-09-11 19:37:55.329,1789166275.3293455,-24
2026-09-11 19:37:55.337,1789166275.3370378,-36
2026-09-11 19:37:55.344,1789166275.3447301,-31
2026-09-11 19:37:55.352,1789166275.3524225,-2
2026-09-11 19:37:55.360,1789166275.3601148,26
2026-09-11 19:37:55.367,1789166275.367807,14
2026-09-11 19:37:55.375,1789166275.3754992,-9
2026-09-11 19:37:55.383,1789166275.3831916,-16
2026-09-11 19:37:55.390,1789166275.390884,-29
2026-09-11 19:37:55.398,1789166275.3985763,-46
2026-09-11 19:37:55.406,1789166275.4062686,-48
2026-09-11 19:37:55.413,1789166275.413961,-43
2026-09-11 19:37:55.421,1789166275.4216533,-41
2026-09-11 19:37:55.429,1789166275.4293454,-31
2026-09-11 19:37:55.437,1789166275.4370377,-19
2026-09-11 19:37:55.444,1789166275.44473,-24
2026-09-11 19:37:55.452,1789166275.4524224,-38
2026-09-11 19:37:55.460,1789166275.4601147,-21
2026-09-11 19:37:55.467,1789166275.467807,111
2026-09-11 19:37:55.475,1789166275.4754994,419
2026-09-11 19:37:55.483,1789166275.4831917,793
2026-09-11 19:37:55.490,1789166275.4908838,940
2026-09-11 19:37:55.498,1789166275.4985762,468
2026-09-11 19:37:55.506,1789166275.5062685,-351
2026-09-11 19:37:55.513,1789166275.5139608,-499
2026-09-11 19:37:55.521,1789166275.5216532,-94
2026-09-11 19:37:55.529,1789166275.5293455,-29
2026-09-11 19:37:55.537,1789166275.5370378,-135
2026-09-11 19:37:55.544,1789166275.5447302,-55
2026-09-11 19:37:55.552,1789166275.5524223,-14
2026-09-11 19:37:55.560,1789166275.5601146,-50
2026-09-11 19:37:55.567,1789166275.567807,-29
2026-09-11 19:37:55.575,1789166275.5754993,-2
2026-09-11 19:37:55.583,1789166275.5831916,-9
2026-09-11 19:37:55.590,1789166275.590884,4
2026-09-11 19:37:55.598,1789166275.5985763,24
2026-09-11 19:37:55.606,1789166275.6062686,29
2026-09-11 19:37:55.613,1789166275.6139607,38
2026-09-11 19:37:55.621,1789166275.621653,58
2026-09-11 19:37:55.629,1789166275.6293454,72
2026-09-11 19:37:55.637,1789166275.6370378,84
2026-09-11 19:37:55.644,1789166275.64473,104
2026-09-11 19:37:55.652,1789166275.6524224,128
2026-09-11 19:37:55.660,1789166275.6601148,145
2026-09-11 19:37:55.667,1789166275.667807,152
2026-09-11 19:37:55.675,1789166275.6754992,162
2026-09-11 19:37:55.683,1789166275.6831915,172
2026-09-11 19:37:55.690,1789166275.6908839,169
2026-09-11 19:37:55.698,1789166275.6985762,160
2026-09-11 19:37:55.706,1789166275.7062685,160
2026-09-11 19:37:55.713,1789166275.713961,160
2026-09-11 19:37:55.721,1789166275.7216532,135
2026-09-11 19:37:55.729,1789166275.7293456,99
2026-09-11 19:37:55.737,1789166275.737038,60
2026-09-11 19:37:55.744,1789166275.74473,16
2026-09-11 19:37:55.752,1789166275.7524223,-19
2026-09-11 19:37:55.760,1789166275.7601147,-43
2026-09-11 19:37:55.767,1789166275.7672453,-63
2026-09-11 19:37:55.774,1789166275.7749376,-75
2026-09-11 19:37:55.782,1789166275.78263,-82
2026-09-11 19:37:55.790,1789166275.7903223,-77
2026-09-11 19:37:55.798,1789166275.7980146,-65
2026-09-11 19:37:55.805,1789166275.8057067,-58
2026-09-11 19:37:55.813,1789166275.813399,-53
2026-09-11 19:37:55.821,1789166275.8210914,-43
2026-09-11 19:37:55.828,1789166275.8287838,-33
2026-09-11 19:37:55.836,1789166275.836476,-26
2026-09-11 19:37:55.844,1789166275.8441684,-16
2026-09-11 19:37:55.851,1789166275.8518608,-14
2026-09-11 19:37:55.859,1789166275.859553,-14
2026-09-11 19:37:55.867,1789166275.8672452,-12
2026-09-11 19:37:55.874,1789166275.8749375,-9
2026-09-11 19:37:55.882,1789166275.8826299,-19
2026-09-11 19:37:55.890,1789166275.8903222,-26
2026-09-11 19:37:55.898,1789166275.8980145,-21
2026-09-11 19:37:55.905,1789166275.905707,-19
2026-09-11 19:37:55.913,1789166275.9133992,-16
2026-09-11 19:37:55.921,1789166275.9210916,-7
2026-09-11 19:37:55.928,1789166275.9287837,14
2026-09-11 19:37:55.936,1789166275.936476,31
2026-09-11 19:37:55.944,1789166275.9441683,31
2026-09-11 19:37:55.951,1789166275.9518607,16
2026-09-11 19:37:55.959,1789166275.959553,-4
2026-09-11 19:37:55.967,1789166275.9672453,-21
2026-09-11 19:37:55.974,1789166275.9749377,-29
2026-09-11 19:37:55.982,1789166275.98263,-26
2026-09-11 19:37:55.990,1789166275.990322,-24
2026-09-11 19:37:55.998,1789166275.9980145,-21
2026-09-11 19:37:56.005,1789166276.0057068,-19
2026-09-11 19:37:56.013,1789166276.0133991,-19
2026-09-11 19:37:56.021,1789166276.0210915,-16
2026-09-11 19:37:56.028,1789166276.0287838,-16
2026-09-11 19:37:56.036,1789166276.0364761,43
2026-09-11 19:37:56.044,1789166276.0441685,244
2026-09-11 19:37:56.051,1789166276.0518606,562
2026-09-11 19:37:56.059,1789166276.059553,890
2026-09-11 19:37:56.067,1789166276.0672452,892
2026-09-11 19:37:56.074,1789166276.0749376,223
2026-09-11 19:37:56.082,1789166276.08263,-436
2026-09-11 19:37:56.090,1789166276.0903223,-295
2026-09-11 19:37:56.098,1789166276.0980146,2
2026-09-11 19:37:56.105,1789166276.105707,-82
2026-09-11 19:37:56.113,1789166276.113399,-128
2026-09-11 19:37:56.121,1789166276.1210914,-43
2026-09-11 19:37:56.128,1789166276.1287837,-50
2026-09-11 19:37:56.136,1789166276.136476,-72
2026-09-11 19:37:56.144,1789166276.1441684,-41
2026-09-11 19:37:56.151,1789166276.1518607,-31
2026-09-11 19:37:56.159,1789166276.159553,-36
2026-09-11 19:37:56.167,1789166276.1672454,-19
2026-09-11 19:37:56.174,1789166276.1749375,-7
2026-09-11 19:37:56.182,1789166276.1826298,0
2026-09-11 19:37:56.190,1789166276.1903222,14
2026-09-11 19:37:56.198,1789166276.1980145,24
2026-09-11 19:37:56.205,1789166276.2057068,29
2026-09-11 19:37:56.213,1789166276.2133992,43
2026-09-11 19:37:56.221,1789166276.2210915,60
2026-09-11 19:37:56.228,1789166276.2287838,70
2026-09-11 19:37:56.236,1789166276.236476,82
2026-09-11 19:37:56.244,1789166276.2441683,101
2026-09-11 19:37:56.251,1789166276.2518606,104
2026-09-11 19:37:56.259,1789166276.259553,97
2026-09-11 19:37:56.267,1789166276.2672453,97
2026-09-11 19:37:56.274,1789166276.2749376,101
2026-09-11 19:37:56.282,1789166276.28263,92
2026-09-11 19:37:56.290,1789166276.2903223,75
2026-09-11 19:37:56.298,1789166276.2980146,60
2026-09-11 19:37:56.305,1789166276.3057067,36
2026-09-11 19:37:56.313,1789166276.313399,2
2026-09-11 19:37:56.321,1789166276.3210914,-29
2026-09-11 19:37:56.328,1789166276.328222,-50
2026-09-11 19:37:56.335,1789166276.3359144,-70
2026-09-11 19:37:56.343,1789166276.3436067,-84
2026-09-11 19:37:56.351,1789166276.351299,-87
2026-09-11 19:37:56.358,1789166276.3589914,-84
2026-09-11 19:37:56.366,1789166276.3666835,-77
2026-09-11 19:37:56.374,1789166276.3743758,-65
2026-09-11 19:37:56.382,1789166276.3820682,-55
2026-09-11 19:37:56.389,1789166276.3897605,-46
2026-09-11 19:37:56.397,1789166276.3974528,-38
2026-09-11 19:37:56.405,1789166276.4051452,-33
2026-09-11 19:37:56.412,1789166276.4128375,-31
2026-09-11 19:37:56.420,1789166276.4205298,-31
2026-09-11 19:37:56.428,1789166276.428222,-31
2026-09-11 19:37:56.435,1789166276.4359143,-29
2026-09-11 19:37:56.443,1789166276.4436066,-29
2026-09-11 19:37:56.451,1789166276.451299,-31
2026-09-11 19:37:56.458,1789166276.4589913,-38
2026-09-11 19:37:56.466,1789166276.4666836,-48
2026-09-11 19:37:56.474,1789166276.474376,-46
2026-09-11 19:37:56.482,1789166276.4820683,-36
2026-09-11 19:37:56.489,1789166276.4897604,-26
2026-09-11 19:37:56.497,1789166276.4974527,-7
2026-09-11 19:37:56.505,1789166276.505145,12
2026-09-11 19:37:56.512,1789166276.5128374,21
2026-09-11 19:37:56.520,1789166276.5205297,19
2026-09-11 19:37:56.528,1789166276.528222,7
2026-09-11 19:37:56.535,1789166276.5359144,-12
2026-09-11 19:37:56.543,1789166276.5436068,-26
2026-09-11 19:37:56.551,1789166276.5512989,-36
2026-09-11 19:37:56.558,1789166276.5589912,-38
2026-09-11 19:37:56.566,1789166276.5666835,-36
2026-09-11 19:37:56.574,1789166276.5743759,-29
2026-09-11 19:37:56.582,1789166276.5820682,-26
2026-09-11 19:37:56.589,1789166276.5897605,-26
2026-09-11 19:37:56.597,1789166276.5974529,-31
2026-09-11 19:37:56.605,1789166276.6051452,-26
2026-09-11 19:37:56.612,1789166276.6128373,38
2026-09-11 19:37:56.620,1789166276.6205297,213
2026-09-11 19:37:56.628,1789166276.628222,477
2026-09-11 19:37:56.635,1789166276.6359143,812
2026-09-11 19:37:56.643,1789166276.6436067,906
2026-09-11 19:37:56.651,1789166276.651299,286
2026-09-11 19:37:56.658,1789166276.6589913,-419
2026-09-11 19:37:56.666,1789166276.6666837,-315
2026-09-11 19:37:56.674,1789166276.6743758,4
2026-09-11 19:37:56.682,1789166276.682068,-72
2026-09-11 19:37:56.689,1789166276.6897604,-133
2026-09-11 19:37:56.697,1789166276.6974528,-43
2026-09-11 19:37:56.705,1789166276.7051451,-41
2026-09-11 19:37:56.712,1789166276.7128375,-65
2026-09-11 19:37:56.720,1789166276.7205298,-33
2026-09-11 19:37:56.728,1789166276.7282221,-19
2026-09-11 19:37:56.735,1789166276.7359142,-24
2026-09-11 19:37:56.743,1789166276.7436066,-9
2026-09-11 19:37:56.751,1789166276.751299,4
2026-09-11 19:37:56.758,1789166276.7589912,9
2026-09-11 19:37:56.766,1789166276.7666836,19
2026-09-11 19:37:56.774,1789166276.774376,29
2026-09-11 19:37:56.782,1789166276.7820683,38
2026-09-11 19:37:56.789,1789166276.7897606,53
2026-09-11 19:37:56.797,1789166276.7974527,65
2026-09-11 19:37:56.805,1789166276.805145,75
2026-09-11 19:37:56.812,1789166276.8128374,87
2026-09-11 19:37:56.820,1789166276.8205297,99
2026-09-11 19:37:56.828,1789166276.828222,104
2026-09-11 19:37:56.835,1789166276.8359144,104
2026-09-11 19:37:56.843,1789166276.8436067,101
2026-09-11 19:37:56.851,1789166276.851299,97
2026-09-11 19:37:56.858,1789166276.8589914,84
2026-09-11 19:37:56.866,1789166276.8666835,75
2026-09-11 19:37:56.874,1789166276.8743758,65
2026-09-11 19:37:56.882,1789166276.8820682,48
2026-09-11 19:37:56.889,1789166276.889199,24
2026-09-11 19:37:56.896,1789166276.8968914,-2
2026-09-11 19:37:56.904,1789166276.9045837,-21
2026-09-11 19:37:56.912,1789166276.912276,-36
2026-09-11 19:37:56.919,1789166276.9199684,-46
2026-09-11 19:37:56.927,1789166276.9276605,-50
2026-09-11 19:37:56.935,1789166276.9353528,-46
2026-09-11 19:37:56.943,1789166276.9430451,-38
2026-09-11 19:37:56.950,1789166276.9507375,-33
2026-09-11 19:37:56.958,1789166276.9584298,-29
2026-09-11 19:37:56.966,1789166276.9661222,-19
2026-09-11 19:37:56.973,1789166276.9738145,-9
2026-09-11 19:37:56.981,1789166276.9815068,-9
2026-09-11 19:37:56.989,1789166276.989199,-7
2026-09-11 19:37:56.996,1789166276.9968913,-4
2026-09-11 19:37:57.004,1789166277.0045836,-2
2026-09-11 19:37:57.012,1789166277.012276,0
2026-09-11 19:37:57.019,1789166277.0199683,-2
2026-09-11 19:37:57.027,1789166277.0276606,-2
2026-09-11 19:37:57.035,1789166277.035353,-2
2026-09-11 19:37:57.043,1789166277.0430453,-4
2026-09-11 19:37:57.050,1789166277.0507374,-12
2026-09-11 19:37:57.058,1789166277.0584297,-19
2026-09-11 19:37:57.066,1789166277.066122,-14
2026-09-11 19:37:57.073,1789166277.0738144,-4
2026-09-11 19:37:57.081,1789166277.0815067,9
2026-09-11 19:37:57.089,1789166277.089199,29
2026-09-11 19:37:57.096,1789166277.0968914,50
2026-09-11 19:37:57.104,1789166277.1045837,55
2026-09-11 19:37:57.112,1789166277.1122758,46
2026-09-11 19:37:57.119,1789166277.1199682,29
2026-09-11 19:37:57.127,1789166277.1276605,12
2026-09-11 19:37:57.135,1789166277.1353528,0
2026-09-11 19:37:57.143,1789166277.1430452,-7
2026-09-11 19:37:57.150,1789166277.1507375,-14
2026-09-11 19:37:57.158,1789166277.1584299,-9
2026-09-11 19:37:57.166,1789166277.1661222,-2
2026-09-11 19:37:57.173,1789166277.1738143,-4
2026-09-11 19:37:57.181,1789166277.1815066,-4
2026-09-11 19:37:57.189,1789166277.189199,-4
2026-09-11 19:37:57.196,1789166277.1968913,7
2026-09-11 19:37:57.204,1789166277.2045836,99
2026-09-11 19:37:57.212,1789166277.212276,305
2026-09-11 19:37:57.219,1789166277.2199683,594
2026-09-11 19:37:57.227,1789166277.2276607,892
2026-09-11 19:37:57.235,1789166277.2353528,732
2026-09-11 19:37:57.243,1789166277.243045,-38
2026-09-11 19:37:57.250,1789166277.2507374,-443
2026-09-11 19:37:57.258,1789166277.2584298,-138
2026-09-11 19:37:57.266,1789166277.266122,12
2026-09-11 19:37:57.273,1789166277.2738144,-118
2026-09-11 19:37:57.281,1789166277.2815068,-92
2026-09-11 19:37:57.289,1789166277.289199,-21
2026-09-11 19:37:57.296,1789166277.2968912,-48
2026-09-11 19:37:57.304,1789166277.3045835,-48
2026-09-11 19:37:57.312,1789166277.312276,-19
2026-09-11 19:37:57.319,1789166277.3199682,-21
2026-09-11 19:37:57.327,1789166277.3276606,-16
2026-09-11 19:37:57.335,1789166277.335353,-7
2026-09-11 19:37:57.343,1789166277.3430452,-7
2026-09-11 19:37:57.350,1789166277.3507376,4
2026-09-11 19:37:57.358,1789166277.3584297,19
2026-09-11 19:37:57.366,1789166277.366122,24
2026-09-11 19:37:57.373,1789166277.3738143,33
2026-09-11 19:37:57.381,1789166277.3815067,46
2026-09-11 19:37:57.389,1789166277.389199,65
2026-09-11 19:37:57.396,1789166277.3968914,80
2026-09-11 19:37:57.404,1789166277.4045837,72
2026-09-11 19:37:57.412,1789166277.412276,75
2026-09-11 19:37:57.419,1789166277.4199684,97
2026-09-11 19:37:57.427,1789166277.4276605,101
2026-09-11 19:37:57.435,1789166277.4353528,89
2026-09-11 19:37:57.443,1789166277.4430451,89
2026-09-11 19:37:57.450,1789166277.4501755,87
2026-09-11 19:37:57.457,1789166277.4578679,75
2026-09-11 19:37:57.465,1789166277.4655602,50
2026-09-11 19:37:57.473,1789166277.4732525,19
2026-09-11 19:37:57.480,1789166277.4809449,-12
2026-09-11 19:37:57.488,1789166277.488637,-33
2026-09-11 19:37:57.496,1789166277.4963293,-53
2026-09-11 19:37:57.504,1789166277.5040216,-72
2026-09-11 19:37:57.511,1789166277.511714,-89
2026-09-11 19:37:57.519,1789166277.5194063,-92
2026-09-11 19:37:57.527,1789166277.5270987,-82
2026-09-11 19:37:57.534,1789166277.534791,-67
2026-09-11 19:37:57.542,1789166277.5424833,-55
2026-09-11 19:37:57.550,1789166277.5501754,-55
2026-09-11 19:37:57.557,1789166277.5578678,-50
2026-09-11 19:37:57.565,1789166277.56556,-43
2026-09-11 19:37:57.573,1789166277.5732524,-48
2026-09-11 19:37:57.580,1789166277.5809448,-48
2026-09-11 19:37:57.588,1789166277.588637,-36
2026-09-11 19:37:57.596,1789166277.5963295,-33
2026-09-11 19:37:57.604,1789166277.6040218,-41
2026-09-11 19:37:57.611,1789166277.611714,-46
2026-09-11 19:37:57.619,1789166277.6194062,-41
2026-09-11 19:37:57.627,1789166277.6270986,-36
2026-09-11 19:37:57.634,1789166277.634791,-38
2026-09-11 19:37:57.642,1789166277.6424832,-48
2026-09-11 19:37:57.650,1789166277.6501756,-50
2026-09-11 19:37:57.657,1789166277.657868,-43
2026-09-11 19:37:57.665,1789166277.6655602,-36
2026-09-11 19:37:57.673,1789166277.6732523,-19
2026-09-11 19:37:57.680,1789166277.6809447,4
2026-09-11 19:37:57.688,1789166277.688637,21
2026-09-11 19:37:57.696,1789166277.6963294,24
2026-09-11 19:37:57.704,1789166277.7040217,9
2026-09-11 19:37:57.711,1789166277.711714,-21
2026-09-11 19:37:57.719,1789166277.7194064,-46
2026-09-11 19:37:57.727,1789166277.7270987,-46
2026-09-11 19:37:57.734,1789166277.7347908,-33
2026-09-11 19:37:57.742,1789166277.7424831,-38
2026-09-11 19:37:57.750,1789166277.7501755,-50
2026-09-11 19:37:57.757,1789166277.7578678,-36
2026-09-11 19:37:57.765,1789166277.7655602,-12
2026-09-11 19:37:57.773,1789166277.7732525,-26
2026-09-11 19:37:57.780,1789166277.7809448,-48
2026-09-11 19:37:57.788,1789166277.7886372,-21
2026-09-11 19:37:57.796,1789166277.7963293,113
2026-09-11 19:37:57.804,1789166277.8040216,407
2026-09-11 19:37:57.811,1789166277.811714,773
2026-09-11 19:37:57.819,1789166277.8194063,919
2026-09-11 19:37:57.827,1789166277.8270986,419
2026-09-11 19:37:57.834,1789166277.834791,-388
2026-09-11 19:37:57.842,1789166277.8424833,-489
2026-09-11 19:37:57.850,1789166277.8501756,-87
2026-09-11 19:37:57.857,1789166277.8578677,-43
2026-09-11 19:37:57.865,1789166277.86556,-143
2026-09-11 19:37:57.873,1789166277.8732524,-63
2026-09-11 19:37:57.880,1789166277.8809447,-24
2026-09-11 19:37:57.888,1789166277.888637,-55
2026-09-11 19:37:57.896,1789166277.8963294,-41
2026-09-11 19:37:57.904,1789166277.9040217,-19
2026-09-11 19:37:57.911,1789166277.911714,-12
2026-09-11 19:37:57.919,1789166277.9194062,0
2026-09-11 19:37:57.927,1789166277.9270985,9
2026-09-11 19:37:57.934,1789166277.9347908,24
2026-09-11 19:37:57.942,1789166277.9424832,33
2026-09-11 19:37:57.950,1789166277.9501755,31
2026-09-11 19:37:57.957,1789166277.9578679,60
2026-09-11 19:37:57.965,1789166277.9655602,84
2026-09-11 19:37:57.973,1789166277.9732525,80
2026-09-11 19:37:57.980,1789166277.9809449,94
2026-09-11 19:37:57.988,1789166277.988637,138
2026-09-11 19:37:57.996,1789166277.9963293,147
2026-09-11 19:37:58.004,1789166278.0040216,140
2026-09-11 19:37:58.011,1789166278.0111525,162
2026-09-11 19:37:58.018,1789166278.0188448,174
2026-09-11 19:37:58.026,1789166278.0265372,160
2026-09-11 19:37:58.034,1789166278.0342295,155
2026-09-11 19:37:58.041,1789166278.0419219,152
2026-09-11 19:37:58.049,1789166278.049614,128
2026-09-11 19:37:58.057,1789166278.0573063,84
2026-09-11 19:37:58.064,1789166278.0649986,43
2026-09-11 19:37:58.072,1789166278.072691,14
2026-09-11 19:37:58.080,1789166278.0803833,-21
2026-09-11 19:37:58.088,1789166278.0880756,-43
2026-09-11 19:37:58.095,1789166278.095768,-67
2026-09-11 19:37:58.103,1789166278.1034603,-111
2026-09-11 19:37:58.111,1789166278.1111524,-113
2026-09-11 19:37:58.118,1789166278.1188447,-80
2026-09-11 19:37:58.126,1789166278.126537,-84
2026-09-11 19:37:58.134,1789166278.1342294,-84
2026-09-11 19:37:58.141,1789166278.1419218,-48
2026-09-11 19:37:58.149,1789166278.149614,-38
2026-09-11 19:37:58.157,1789166278.1573064,-53
2026-09-11 19:37:58.164,1789166278.1649988,-43
2026-09-11 19:37:58.172,1789166278.1726909,-26
2026-09-11 19:37:58.180,1789166278.1803832,-26
2026-09-11 19:37:58.188,1789166278.1880755,-26
2026-09-11 19:37:58.195,1789166278.1957679,-19
2026-09-11 19:37:58.203,1789166278.2034602,-7
2026-09-11 19:37:58.211,1789166278.2111526,-16
2026-09-11 19:37:58.218,1789166278.218845,-46
2026-09-11 19:37:58.226,1789166278.2265372,-41
2026-09-11 19:37:58.234,1789166278.2342293,-24
2026-09-11 19:37:58.241,1789166278.2419217,-31
2026-09-11 19:37:58.249,1789166278.249614,-26
2026-09-11 19:37:58.257,1789166278.2573063,-2
2026-09-11 19:37:58.264,1789166278.2649987,4
2026-09-11 19:37:58.272,1789166278.272691,2
2026-09-11 19:37:58.280,1789166278.2803833,7
2026-09-11 19:37:58.288,1789166278.2880757,0
2026-09-11 19:37:58.295,1789166278.2957678,-19
2026-09-11 19:37:58.303,1789166278.3034601,-33
2026-09-11 19:37:58.311,1789166278.3111525,-46
2026-09-11 19:37:58.318,1789166278.3188448,-50
2026-09-11 19:37:58.326,1789166278.3265371,-38
2026-09-11 19:37:58.334,1789166278.3342295,-31
2026-09-11 19:37:58.341,1789166278.3419218,-33
2026-09-11 19:37:58.349,1789166278.3496141,-38
2026-09-11 19:37:58.357,1789166278.3573062,-33
2026-09-11 19:37:58.364,1789166278.3649986,-19
2026-09-11 19:37:58.372,1789166278.372691,48
2026-09-11 19:37:58.380,1789166278.3803833,295
2026-09-11 19:37:58.388,1789166278.3880756,666
2026-09-11 19:37:58.395,1789166278.395768,906
2026-09-11 19:37:58.403,1789166278.4034603,683
2026-09-11 19:37:58.411,1789166278.4111526,-80
2026-09-11 19:37:58.418,1789166278.4188447,-548
2026-09-11 19:37:58.426,1789166278.426537,-237
2026-09-11 19:37:58.434,1789166278.4342294,9
2026-09-11 19:37:58.441,1789166278.4419217,-113
2026-09-11 19:37:58.449,1789166278.449614,-116
2026-09-11 19:37:58.457,1789166278.4573064,-29
2026-09-11 19:37:58.464,1789166278.4649987,-50
2026-09-11 19:37:58.472,1789166278.472691,-65
2026-09-11 19:37:58.480,1789166278.4803832,-26
2026-09-11 19:37:58.488,1789166278.4880755,-12
2026-09-11 19:37:58.495,1789166278.4957678,-9
2026-09-11 19:37:58.503,1789166278.5034602,4
2026-09-11 19:37:58.511,1789166278.5111525,9
2026-09-11 19:37:58.518,1789166278.5188448,19
2026-09-11 19:37:58.526,1789166278.5265372,38
2026-09-11 19:37:58.534,1789166278.5342295,46
2026-09-11 19:37:58.541,1789166278.5419219,60
2026-09-11 19:37:58.549,1789166278.549614,84
2026-09-11 19:37:58.557,1789166278.5573063,92
2026-09-11 19:37:58.564,1789166278.5649986,106
2026-09-11 19:37:58.572,1789166278.5721292,128
2026-09-11 19:37:58.579,1789166278.5798216,145
2026-09-11 19:37:58.587,1789166278.587514,157
2026-09-11 19:37:58.595,1789166278.5952063,160
2026-09-11 19:37:58.602,1789166278.6028986,152
2026-09-11 19:37:58.610,1789166278.6105907,147
2026-09-11 19:37:58.618,1789166278.618283,140
2026-09-11 19:37:58.625,1789166278.6259754,121
2026-09-11 19:37:58.633,1789166278.6336677,92
2026-09-11 19:37:58.641,1789166278.64136,58
2026-09-11 19:37:58.649,1789166278.6490524,21
2026-09-11 19:37:58.656,1789166278.6567447,-14
2026-09-11 19:37:58.664,1789166278.664437,-48
2026-09-11 19:37:58.672,1789166278.6721292,-70
2026-09-11 19:37:58.679,1789166278.6798215,-89
2026-09-11 19:37:58.687,1789166278.6875138,-94
2026-09-11 19:37:58.695,1789166278.6952062,-82
2026-09-11 19:37:58.702,1789166278.7028985,-75
2026-09-11 19:37:58.710,1789166278.7105908,-75
2026-09-11 19:37:58.718,1789166278.7182832,-60
2026-09-11 19:37:58.725,1789166278.7259755,-48
2026-09-11 19:37:58.733,1789166278.7336676,-46
2026-09-11 19:37:58.741,1789166278.74136,-41
2026-09-11 19:37:58.749,1789166278.7490523,-29
2026-09-11 19:37:58.756,1789166278.7567446,-24
2026-09-11 19:37:58.764,1789166278.764437,-26
2026-09-11 19:37:58.772,1789166278.7721293,-19
2026-09-11 19:37:58.779,1789166278.7798216,-9
2026-09-11 19:37:58.787,1789166278.787514,-16
2026-09-11 19:37:58.795,1789166278.795206,-24
2026-09-11 19:37:58.802,1789166278.8028984,-29
2026-09-11 19:37:58.810,1789166278.8105907,-29
2026-09-11 19:37:58.818,1789166278.818283,-29
2026-09-11 19:37:58.825,1789166278.8259754,-24
2026-09-11 19:37:58.833,1789166278.8336678,-12
2026-09-11 19:37:58.841,1789166278.84136,4
2026-09-11 19:37:58.849,1789166278.8490524,19
2026-09-11 19:37:58.856,1789166278.8567445,24
2026-09-11 19:37:58.864,1789166278.8644369,14
2026-09-11 19:37:58.872,1789166278.8721292,-4
2026-09-11 19:37:58.879,1789166278.8798215,-26
2026-09-11 19:37:58.887,1789166278.8875139,-33
2026-09-11 19:37:58.895,1789166278.8952062,-29
2026-09-11 19:37:58.902,1789166278.9028986,-26
2026-09-11 19:37:58.910,1789166278.910591,-26
2026-09-11 19:37:58.918,1789166278.918283,-24
2026-09-11 19:37:58.925,1789166278.9259753,-19
2026-09-11 19:37:58.933,1789166278.9336677,-24
2026-09-11 19:37:58.941,1789166278.94136,-29
2026-09-11 19:37:58.949,1789166278.9490523,9
2026-09-11 19:37:58.956,1789166278.9567447,169
2026-09-11 19:37:58.964,1789166278.964437,470
2026-09-11 19:37:58.972,1789166278.9721293,817
2026-09-11 19:37:58.979,1789166278.9798214,933
2026-09-11 19:37:58.987,1789166278.9875138,414
2026-09-11 19:37:58.995,1789166278.995206,-339
2026-09-11 19:37:59.002,1789166279.0028985,-388
2026-09-11 19:37:59.010,1789166279.0105908,-36
2026-09-11 19:37:59.018,1789166279.0182831,-50
2026-09-11 19:37:59.025,1789166279.0259755,-147
2026-09-11 19:37:59.033,1789166279.0336678,-60
2026-09-11 19:37:59.041,1789166279.04136,-38
2026-09-11 19:37:59.049,1789166279.0490522,-80
2026-09-11 19:37:59.056,1789166279.0567446,-53
2026-09-11 19:37:59.064,1789166279.064437,-26
2026-09-11 19:37:59.072,1789166279.0721292,-29
2026-09-11 19:37:59.079,1789166279.0798216,-16
2026-09-11 19:37:59.087,1789166279.087514,-4
2026-09-11 19:37:59.095,1789166279.0952063,-7
2026-09-11 19:37:59.102,1789166279.1028986,4
2026-09-11 19:37:59.110,1789166279.1105907,19
2026-09-11 19:37:59.118,1789166279.118283,26
2026-09-11 19:37:59.125,1789166279.1259754,36
2026-09-11 19:37:59.133,1789166279.133106,50
2026-09-11 19:37:59.140,1789166279.1407983,65
2026-09-11 19:37:59.148,1789166279.1484907,75
2026-09-11 19:37:59.156,1789166279.156183,77
2026-09-11 19:37:59.163,1789166279.1638753,87
2026-09-11 19:37:59.171,1789166279.1715674,94
2026-09-11 19:37:59.179,1789166279.1792598,92
2026-09-11 19:37:59.186,1789166279.186952,80
2026-09-11 19:37:59.194,1789166279.1946445,77
2026-09-11 19:37:59.202,1789166279.2023368,72
2026-09-11 19:37:59.210,1789166279.2100291,58
2026-09-11 19:37:59.217,1789166279.2177215,36
2026-09-11 19:37:59.225,1789166279.2254138,7
2026-09-11 19:37:59.233,1789166279.233106,-19
2026-09-11 19:37:59.240,1789166279.2407982,-38
2026-09-11 19:37:59.248,1789166279.2484906,-53
2026-09-11 19:37:59.256,1789166279.256183,-67
2026-09-11 19:37:59.263,1789166279.2638752,-77
2026-09-11 19:37:59.271,1789166279.2715676,-77
2026-09-11 19:37:59.279,1789166279.27926,-67
2026-09-11 19:37:59.286,1789166279.2869523,-58
2026-09-11 19:37:59.294,1789166279.2946444,-48
2026-09-11 19:37:59.302,1789166279.3023367,-38
2026-09-11 19:37:59.310,1789166279.310029,-31
2026-09-11 19:37:59.317,1789166279.3177214,-29
2026-09-11 19:37:59.325,1789166279.3254137,-24
2026-09-11 19:37:59.333,1789166279.333106,-19
2026-09-11 19:37:59.340,1789166279.3407984,-21
2026-09-11 19:37:59.348,1789166279.3484907,-21
2026-09-11 19:37:59.356,1789166279.3561828,-19
2026-09-11 19:37:59.363,1789166279.3638752,-21
2026-09-11 19:37:59.371,1789166279.3715675,-26
2026-09-11 19:37:59.379,1789166279.3792598,-29
2026-09-11 19:37:59.386,1789166279.3869522,-36
2026-09-11 19:37:59.394,1789166279.3946445,-38
2026-09-11 19:37:59.402,1789166279.4023368,-29
2026-09-11 19:37:59.410,1789166279.4100292,-19
2026-09-11 19:37:59.417,1789166279.4177213,-7
2026-09-11 19:37:59.425,1789166279.4254136,9
2026-09-11 19:37:59.433,1789166279.433106,29
2026-09-11 19:37:59.440,1789166279.4407983,31
2026-09-11 19:37:59.448,1789166279.4484906,16
2026-09-11 19:37:59.456,1789166279.456183,0
2026-09-11 19:37:59.463,1789166279.4638753,-12
2026-09-11 19:37:59.471,1789166279.4715676,-24
2026-09-11 19:37:59.479,1789166279.4792597,-24
2026-09-11 19:37:59.486,1789166279.486952,-19
2026-09-11 19:37:59.494,1789166279.4946444,-16
2026-09-11 19:37:59.502,1789166279.5023367,-16
2026-09-11 19:37:59.510,1789166279.510029,-14
2026-09-11 19:37:59.517,1789166279.5177214,-14
2026-09-11 19:37:59.525,1789166279.5254138,-12
2026-09-11 19:37:59.533,1789166279.533106,46
2026-09-11 19:37:59.540,1789166279.5407982,218
2026-09-11 19:37:59.548,1789166279.5484905,494
2026-09-11 19:37:59.556,1789166279.5561829,834
2026-09-11 19:37:59.563,1789166279.5638752,926
2026-09-11 19:37:59.571,1789166279.5715675,320
2026-09-11 19:37:59.579,1789166279.5792599,-397
2026-09-11 19:37:59.586,1789166279.5869522,-322
2026-09-11 19:37:59.594,1789166279.5946445,9
2026-09-11 19:37:59.602,1789166279.6023366,-55
2026-09-11 19:37:59.610,1789166279.610029,-128
2026-09-11 19:37:59.617,1789166279.6177213,-41
2026-09-11 19:37:59.625,1789166279.6254137,-33
2026-09-11 19:37:59.633,1789166279.633106,-63
2026-09-11 19:37:59.640,1789166279.6407983,-31
2026-09-11 19:37:59.648,1789166279.6484907,-12
2026-09-11 19:37:59.656,1789166279.656183,-19
2026-09-11 19:37:59.663,1789166279.6638753,-9
2026-09-11 19:37:59.671,1789166279.6715674,2
2026-09-11 19:37:59.679,1789166279.6792598,9
2026-09-11 19:37:59.686,1789166279.686952,19
2026-09-11 19:37:59.694,1789166279.6940827,29
2026-09-11 19:37:59.701,1789166279.701775,38
2026-09-11 19:37:59.709,1789166279.7094674,48
2026-09-11 19:37:59.717,1789166279.7171597,60
2026-09-11 19:37:59.724,1789166279.724852,70
2026-09-11 19:37:59.732,1789166279.7325442,80
2026-09-11 19:37:59.740,1789166279.7402365,84
2026-09-11 19:37:59.747,1789166279.7479289,89
2026-09-11 19:37:59.755,1789166279.7556212,89
2026-09-11 19:37:59.763,1789166279.7633135,84
2026-09-11 19:37:59.771,1789166279.7710059,77
2026-09-11 19:37:59.778,1789166279.7786982,67
2026-09-11 19:37:59.786,1789166279.7863905,58
2026-09-11 19:37:59.794,1789166279.7940826,43
2026-09-11 19:37:59.801,1789166279.801775,29
2026-09-11 19:37:59.809,1789166279.8094673,12
2026-09-11 19:37:59.817,1789166279.8171597,-4
2026-09-11 19:37:59.824,1789166279.824852,-21
2026-09-11 19:37:59.832,1789166279.8325443,-36
2026-09-11 19:37:59.840,1789166279.8402367,-46
2026-09-11 19:37:59.847,1789166279.847929,-50
2026-09-11 19:37:59.855,1789166279.855621,-48
2026-09-11 19:37:59.863,1789166279.8633134,-41
2026-09-11 19:37:59.871,1789166279.8710058,-31
2026-09-11 19:37:59.878,1789166279.878698,-21
2026-09-11 19:37:59.886,1789166279.8863904,-14
2026-09-11 19:37:59.894,1789166279.8940828,-12
2026-09-11 19:37:59.901,1789166279.9017751,-7
2026-09-11 19:37:59.909,1789166279.9094675,-4
2026-09-11 19:37:59.917,1789166279.9171596,-4
2026-09-11 19:37:59.924,1789166279.924852,-4
2026-09-11 19:37:59.932,1789166279.9325442,-2
2026-09-11 19:37:59.940,1789166279.9402366,-4
2026-09-11 19:37:59.947,1789166279.947929,-7
2026-09-11 19:37:59.955,1789166279.9556212,-4
2026-09-11 19:37:59.963,1789166279.9633136,-2
2026-09-11 19:37:59.971,1789166279.971006,-9
2026-09-11 19:37:59.978,1789166279.978698,-16
2026-09-11 19:37:59.986,1789166279.9863904,-24
2026-09-11 19:37:59.994,1789166279.9940827,-19
2026-09-11 19:38:00.001,1789166280.001775,-9
2026-09-11 19:38:00.009,1789166280.0094674,-2
2026-09-11 19:38:00.017,1789166280.0171597,14
2026-09-11 19:38:00.024,1789166280.024852,38
2026-09-11 19:38:00.032,1789166280.0325444,50
2026-09-11 19:38:00.040,1789166280.0402365,43
2026-09-11 19:38:00.047,1789166280.0479288,26
2026-09-11 19:38:00.055,1789166280.0556211,12
2026-09-11 19:38:00.063,1789166280.0633135,-4
2026-09-11 19:38:00.071,1789166280.0710058,-9
2026-09-11 19:38:00.078,1789166280.0786982,-9
2026-09-11 19:38:00.086,1789166280.0863905,-9
2026-09-11 19:38:00.094,1789166280.0940828,-9
2026-09-11 19:38:00.101,1789166280.101775,-4
2026-09-11 19:38:00.109,1789166280.1094673,-4
2026-09-11 19:38:00.117,1789166280.1171596,-9
2026-09-11 19:38:00.124,1789166280.124852,0
2026-09-11 19:38:00.132,1789166280.1325443,82
2026-09-11 19:38:00.140,1789166280.1402366,271
2026-09-11 19:38:00.147,1789166280.147929,540
2026-09-11 19:38:00.155,1789166280.1556213,870
2026-09-11 19:38:00.163,1789166280.1633134,880
2026-09-11 19:38:00.171,1789166280.1710057,184
2026-09-11 19:38:00.178,1789166280.178698,-419
2026-09-11 19:38:00.186,1789166280.1863904,-223
2026-09-11 19:38:00.194,1789166280.1940827,29
2026-09-11 19:38:00.201,1789166280.201775,-84
2026-09-11 19:38:00.209,1789166280.2094674,-104
2026-09-11 19:38:00.217,1789166280.2171597,-14
2026-09-11 19:38:00.224,1789166280.224852,-36
2026-09-11 19:38:00.232,1789166280.2325442,-53
2026-09-11 19:38:00.240,1789166280.2402365,-14
2026-09-11 19:38:00.247,1789166280.2479289,-7
2026-09-11 19:38:00.255,1789166280.25509,-14
2026-09-11 19:38:00.262,1789166280.2627823,2
2026-09-11 19:38:00.270,1789166280.2704747,14
2026-09-11 19:38:00.278,1789166280.278167,21
2026-09-11 19:38:00.285,1789166280.2858593,31
2026-09-11 19:38:00.293,1789166280.2935514,41
2026-09-11 19:38:00.301,1789166280.3012438,46
2026-09-11 19:38:00.308,1789166280.308936,53
2026-09-11 19:38:00.316,1789166280.3166285,65
2026-09-11 19:38:00.324,1789166280.3243208,77
2026-09-11 19:38:00.332,1789166280.3320131,87
2026-09-11 19:38:00.339,1789166280.3397055,92
2026-09-11 19:38:00.347,1789166280.3473978,89
2026-09-11 19:38:00.355,1789166280.35509,82
2026-09-11 19:38:00.362,1789166280.3627822,77
2026-09-11 19:38:00.370,1789166280.3704746,80
2026-09-11 19:38:00.378,1789166280.378167,77
2026-09-11 19:38:00.385,1789166280.3858593,67
2026-09-11 19:38:00.393,1789166280.3935516,58
2026-09-11 19:38:00.401,1789166280.401244,46
2026-09-11 19:38:00.408,1789166280.4089363,26
2026-09-11 19:38:00.416,1789166280.4166284,9
2026-09-11 19:38:00.424,1789166280.4243207,-2
2026-09-11 19:38:00.432,1789166280.432013,-16
2026-09-11 19:38:00.439,1789166280.4397054,-36
2026-09-11 19:38:00.447,1789166280.4473977,-41
2026-09-11 19:38:00.455,1789166280.45509,-33
2026-09-11 19:38:00.462,1789166280.4627824,-21
2026-09-11 19:38:00.470,1789166280.4704747,-7
2026-09-11 19:38:00.478,1789166280.4781668,-2
2026-09-11 19:38:00.485,1789166280.4858592,-12
2026-09-11 19:38:00.493,1789166280.4935515,-12
2026-09-11 19:38:00.501,1789166280.5012438,-2
2026-09-11 19:38:00.508,1789166280.5089362,0
2026-09-11 19:38:00.516,1789166280.5166285,-2
2026-09-11 19:38:00.524,1789166280.5243208,-7
2026-09-11 19:38:00.532,1789166280.5320132,-12
2026-09-11 19:38:00.539,1789166280.5397053,-9
2026-09-11 19:38:00.547,1789166280.5473976,-4
2026-09-11 19:38:00.555,1789166280.55509,-4
2026-09-11 19:38:00.562,1789166280.5627823,-16
2026-09-11 19:38:00.570,1789166280.5704746,-16
2026-09-11 19:38:00.578,1789166280.578167,-9
2026-09-11 19:38:00.585,1789166280.5858593,-16
2026-09-11 19:38:00.593,1789166280.5935516,-31
2026-09-11 19:38:00.601,1789166280.6012437,-38
2026-09-11 19:38:00.608,1789166280.608936,-36
2026-09-11 19:38:00.616,1789166280.6166284,-26
2026-09-11 19:38:00.624,1789166280.6243207,-16
2026-09-11 19:38:00.632,1789166280.632013,-7
2026-09-11 19:38:00.639,1789166280.6397054,16
2026-09-11 19:38:00.647,1789166280.6473978,36
2026-09-11 19:38:00.655,1789166280.65509,38
2026-09-11 19:38:00.662,1789166280.6627822,21
2026-09-11 19:38:00.670,1789166280.6704745,-2
2026-09-11 19:38:00.678,1789166280.6781669,-21
2026-09-11 19:38:00.685,1789166280.6858592,-29
2026-09-11 19:38:00.693,1789166280.6935515,-29
2026-09-11 19:38:00.701,1789166280.7012439,-29
2026-09-11 19:38:00.708,1789166280.7089362,-29
2026-09-11 19:38:00.716,1789166280.7166286,-19
2026-09-11 19:38:00.724,1789166280.7243207,-12
2026-09-11 19:38:00.732,1789166280.732013,-19
2026-09-11 19:38:00.739,1789166280.7397053,-19
2026-09-11 19:38:00.747,1789166280.7473977,41
2026-09-11 19:38:00.755,1789166280.75509,218
2026-09-11 19:38:00.762,1789166280.7627823,504
2026-09-11 19:38:00.770,1789166280.7704747,805
2026-09-11 19:38:00.778,1789166280.778167,848
2026-09-11 19:38:00.785,1789166280.7858593,261
2026-09-11 19:38:00.793,1789166280.7935514,-443
2026-09-11 19:38:00.801,1789166280.8012438,-383
2026-09-11 19:38:00.808,1789166280.808936,-19
2026-09-11 19:38:00.816,1789166280.816067,-43
2026-09-11 19:38:00.823,1789166280.8237593,-113
2026-09-11 19:38:00.831,1789166280.8314517,-31
2026-09-11 19:38:00.839,1789166280.839144,-26
2026-09-11 19:38:00.846,1789166280.8468363,-55
2026-09-11 19:38:00.854,1789166280.8545284,-12
2026-09-11 19:38:00.862,1789166280.8622208,14
2026-09-11 19:38:00.869,1789166280.869913,9
2026-09-11 19:38:00.877,1789166280.8776054,24
2026-09-11 19:38:00.885,1789166280.8852978,33
2026-09-11 19:38:00.892,1789166280.89299,31
2026-09-11 19:38:00.900,1789166280.9006824,48
2026-09-11 19:38:00.908,1789166280.9083748,65
2026-09-11 19:38:00.916,1789166280.916067,63
2026-09-11 19:38:00.923,1789166280.9237592,72
2026-09-11 19:38:00.931,1789166280.9314516,101
2026-09-11 19:38:00.939,1789166280.939144,116
2026-09-11 19:38:00.946,1789166280.9468362,126
2026-09-11 19:38:00.954,1789166280.9545286,143
2026-09-11 19:38:00.962,1789166280.962221,152
2026-09-11 19:38:00.969,1789166280.9699132,160
2026-09-11 19:38:00.977,1789166280.9776053,160
2026-09-11 19:38:00.985,1789166280.9852977,150
2026-09-11 19:38:00.992,1789166280.99299,150
2026-09-11 19:38:01.000,1789166281.0006824,150
2026-09-11 19:38:01.008,1789166281.0083747,135
2026-09-11 19:38:01.016,1789166281.016067,113
2026-09-11 19:38:01.023,1789166281.0237594,80
2026-09-11 19:38:01.031,1789166281.0314517,41
2026-09-11 19:38:01.039,1789166281.0391438,9
2026-09-11 19:38:01.046,1789166281.0468361,-24
2026-09-11 19:38:01.054,1789166281.0545285,-53
2026-09-11 19:38:01.062,1789166281.0622208,-65
2026-09-11 19:38:01.069,1789166281.0699131,-67
2026-09-11 19:38:01.077,1789166281.0776055,-65
2026-09-11 19:38:01.085,1789166281.0852978,-55
2026-09-11 19:38:01.092,1789166281.0929902,-41
2026-09-11 19:38:01.100,1789166281.1006823,-31
2026-09-11 19:38:01.108,1789166281.1083746,-31
2026-09-11 19:38:01.116,1789166281.116067,-16
2026-09-11 19:38:01.123,1789166281.1237593,2
2026-09-11 19:38:01.131,1789166281.1314516,-4
2026-09-11 19:38:01.139,1789166281.139144,-19
2026-09-11 19:38:01.146,1789166281.1468363,-16
2026-09-11 19:38:01.154,1789166281.1545286,-19
2026-09-11 19:38:01.162,1789166281.1622207,-14
2026-09-11 19:38:01.169,1789166281.169913,-12
2026-09-11 19:38:01.177,1789166281.1776054,-24
2026-09-11 19:38:01.185,1789166281.1852977,-31
2026-09-11 19:38:01.192,1789166281.19299,-29
2026-09-11 19:38:01.200,1789166281.2006824,-31
2026-09-11 19:38:01.208,1789166281.2083747,-31
2026-09-11 19:38:01.216,1789166281.216067,-31
2026-09-11 19:38:01.223,1789166281.2237592,-24
2026-09-11 19:38:01.231,1789166281.2314515,0
2026-09-11 19:38:01.239,1789166281.2391438,31
2026-09-11 19:38:01.246,1789166281.2468362,36
2026-09-11 19:38:01.254,1789166281.2545285,16
2026-09-11 19:38:01.262,1789166281.2622209,-7
2026-09-11 19:38:01.269,1789166281.2699132,-29
2026-09-11 19:38:01.277,1789166281.2776055,-31
2026-09-11 19:38:01.285,1789166281.2852976,-24
2026-09-11 19:38:01.292,1789166281.29299,-26
2026-09-11 19:38:01.300,1789166281.3006823,-21
2026-09-11 19:38:01.308,1789166281.3083746,-12
2026-09-11 19:38:01.316,1789166281.316067,-24
2026-09-11 19:38:01.323,1789166281.3237593,-43
2026-09-11 19:38:01.331,1789166281.3314517,-41
2026-09-11 19:38:01.339,1789166281.339144,-14
2026-09-11 19:38:01.346,1789166281.3468363,82
2026-09-11 19:38:01.354,1789166281.3545284,346
2026-09-11 19:38:01.362,1789166281.3622208,722
2026-09-11 19:38:01.369,1789166281.369913,911
2026-09-11 19:38:01.377,1789166281.3770437,526
2026-09-11 19:38:01.384,1789166281.384736,-281
2026-09-11 19:38:01.392,1789166281.3924284,-548
2026-09-11 19:38:01.400,1789166281.4001207,-169
2026-09-11 19:38:01.407,1789166281.407813,-16
2026-09-11 19:38:01.415,1789166281.4155052,-113
2026-09-11 19:38:01.423,1789166281.4231975,-67
2026-09-11 19:38:01.430,1789166281.4308898,-21
2026-09-11 19:38:01.438,1789166281.4385822,-50
2026-09-11 19:38:01.446,1789166281.4462745,-19
2026-09-11 19:38:01.453,1789166281.4539669,12
2026-09-11 19:38:01.461,1789166281.4616592,-12
2026-09-11 19:38:01.469,1789166281.4693515,-4
2026-09-11 19:38:01.477,1789166281.4770436,31
2026-09-11 19:38:01.484,1789166281.484736,38
2026-09-11 19:38:01.492,1789166281.4924283,43
2026-09-11 19:38:01.500,1789166281.5001206,65
2026-09-11 19:38:01.507,1789166281.507813,77
2026-09-11 19:38:01.515,1789166281.5155053,82
2026-09-11 19:38:01.523,1789166281.5231977,99
2026-09-11 19:38:01.530,1789166281.53089,123
2026-09-11 19:38:01.538,1789166281.538582,135
2026-09-11 19:38:01.546,1789166281.5462744,140
2026-09-11 19:38:01.553,1789166281.5539668,157
2026-09-11 19:38:01.561,1789166281.561659,177
2026-09-11 19:38:01.569,1789166281.5693514,181
2026-09-11 19:38:01.577,1789166281.5770438,174
2026-09-11 19:38:01.584,1789166281.584736,167
2026-09-11 19:38:01.592,1789166281.5924284,152
2026-09-11 19:38:01.600,1789166281.6001205,135
2026-09-11 19:38:01.607,1789166281.607813,113
2026-09-11 19:38:01.615,1789166281.6155052,80
2026-09-11 19:38:01.623,1789166281.6231976,33
2026-09-11 19:38:01.630,1789166281.63089,-9
2026-09-11 19:38:01.638,1789166281.6385822,-41
2026-09-11 19:38:01.646,1789166281.6462746,-60
2026-09-11 19:38:01.653,1789166281.653967,-77
2026-09-11 19:38:01.661,1789166281.661659,-82
2026-09-11 19:38:01.669,1789166281.6693513,-80
2026-09-11 19:38:01.677,1789166281.6770437,-75
2026-09-11 19:38:01.684,1789166281.684736,-65
2026-09-11 19:38:01.692,1789166281.6924284,-50
2026-09-11 19:38:01.700,1789166281.7001207,-41
2026-09-11 19:38:01.707,1789166281.707813,-36
2026-09-11 19:38:01.715,1789166281.7155054,-31
2026-09-11 19:38:01.723,1789166281.7231975,-26
2026-09-11 19:38:01.730,1789166281.7308898,-19
2026-09-11 19:38:01.738,1789166281.7385821,-12
2026-09-11 19:38:01.746,1789166281.7462745,-7
2026-09-11 19:38:01.753,1789166281.7539668,-9
2026-09-11 19:38:01.761,1789166281.7616591,-19
2026-09-11 19:38:01.769,1789166281.7693515,-19
2026-09-11 19:38:01.777,1789166281.7770438,-19
2026-09-11 19:38:01.784,1789166281.784736,-26
2026-09-11 19:38:01.792,1789166281.7924283,-29
2026-09-11 19:38:01.800,1789166281.8001206,-29
2026-09-11 19:38:01.807,1789166281.807813,-24
2026-09-11 19:38:01.815,1789166281.8155053,-12
2026-09-11 19:38:01.823,1789166281.8231976,7
2026-09-11 19:38:01.830,1789166281.83089,26
2026-09-11 19:38:01.838,1789166281.8385823,29
2026-09-11 19:38:01.846,1789166281.8462744,16
2026-09-11 19:38:01.853,1789166281.8539667,-4
2026-09-11 19:38:01.861,1789166281.861659,-21
2026-09-11 19:38:01.869,1789166281.8693514,-29
2026-09-11 19:38:01.877,1789166281.8770437,-29
2026-09-11 19:38:01.884,1789166281.884736,-26
2026-09-11 19:38:01.892,1789166281.8924284,-24
2026-09-11 19:38:01.900,1789166281.9001207,-21
2026-09-11 19:38:01.907,1789166281.907813,-19
2026-09-11 19:38:01.915,1789166281.9155052,-24
2026-09-11 19:38:01.923,1789166281.9231975,-21
2026-09-11 19:38:01.930,1789166281.9308898,12
2026-09-11 19:38:01.938,1789166281.9380205,143
2026-09-11 19:38:01.945,1789166281.9457128,424
2026-09-11 19:38:01.953,1789166281.9534051,766
2026-09-11 19:38:01.961,1789166281.9610975,928
2026-09-11 19:38:01.968,1789166281.9687898,494
2026-09-11 19:38:01.976,1789166281.976482,-300
2026-09-11 19:38:01.984,1789166281.9841743,-455
2026-09-11 19:38:01.991,1789166281.9918666,-72
2026-09-11 19:38:01.999,1789166281.999559,-19
2026-09-11 19:38:02.007,1789166282.0072513,-138
2026-09-11 19:38:02.014,1789166282.0149436,-65
2026-09-11 19:38:02.022,1789166282.022636,-26
2026-09-11 19:38:02.030,1789166282.0303283,-67
2026-09-11 19:38:02.038,1789166282.0380204,-46
2026-09-11 19:38:02.045,1789166282.0457127,-12
2026-09-11 19:38:02.053,1789166282.053405,-21
2026-09-11 19:38:02.061,1789166282.0610974,-19
2026-09-11 19:38:02.068,1789166282.0687897,0
2026-09-11 19:38:02.076,1789166282.076482,12
2026-09-11 19:38:02.084,1789166282.0841744,16
2026-09-11 19:38:02.091,1789166282.0918667,26
2026-09-11 19:38:02.099,1789166282.0995588,33
2026-09-11 19:38:02.107,1789166282.1072512,41
2026-09-11 19:38:02.114,1789166282.1149435,55
2026-09-11 19:38:02.122,1789166282.1226358,70
2026-09-11 19:38:02.130,1789166282.1303282,80
2026-09-11 19:38:02.138,1789166282.1380205,87
2026-09-11 19:38:02.145,1789166282.1457129,92
2026-09-11 19:38:02.153,1789166282.1534052,97
2026-09-11 19:38:02.161,1789166282.1610973,99
2026-09-11 19:38:02.168,1789166282.1687896,97
2026-09-11 19:38:02.176,1789166282.176482,84
2026-09-11 19:38:02.184,1789166282.1841743,75
2026-09-11 19:38:02.191,1789166282.1918666,65
2026-09-11 19:38:02.199,1789166282.199559,48
2026-09-11 19:38:02.207,1789166282.2072513,26
2026-09-11 19:38:02.214,1789166282.2149436,0
2026-09-11 19:38:02.222,1789166282.2226357,-26
2026-09-11 19:38:02.230,1789166282.230328,-43
2026-09-11 19:38:02.238,1789166282.2380204,-58
2026-09-11 19:38:02.245,1789166282.2457128,-70
2026-09-11 19:38:02.253,1789166282.253405,-70
2026-09-11 19:38:02.261,1789166282.2610974,-63
2026-09-11 19:38:02.268,1789166282.2687898,-55
2026-09-11 19:38:02.276,1789166282.276482,-46
2026-09-11 19:38:02.284,1789166282.2841742,-38
2026-09-11 19:38:02.291,1789166282.2918665,-33
2026-09-11 19:38:02.299,1789166282.2995589,-26
2026-09-11 19:38:02.307,1789166282.3072512,-21
2026-09-11 19:38:02.314,1789166282.3149436,-19
2026-09-11 19:38:02.322,1789166282.322636,-19
2026-09-11 19:38:02.330,1789166282.3303282,-19
2026-09-11 19:38:02.338,1789166282.3380206,-21
2026-09-11 19:38:02.345,1789166282.3457127,-24
2026-09-11 19:38:02.353,1789166282.353405,-21
2026-09-11 19:38:02.361,1789166282.3610973,-21
2026-09-11 19:38:02.368,1789166282.3687897,-29
2026-09-11 19:38:02.376,1789166282.376482,-41
2026-09-11 19:38:02.384,1789166282.3841743,-41
2026-09-11 19:38:02.391,1789166282.3918667,-33
2026-09-11 19:38:02.399,1789166282.399559,-29
2026-09-11 19:38:02.407,1789166282.4072511,-16
2026-09-11 19:38:02.414,1789166282.4149435,7
2026-09-11 19:38:02.422,1789166282.4226358,24
2026-09-11 19:38:02.430,1789166282.4303281,24
2026-09-11 19:38:02.438,1789166282.4380205,9
2026-09-11 19:38:02.445,1789166282.4457128,-4
2026-09-11 19:38:02.453,1789166282.4534051,-12
2026-09-11 19:38:02.461,1789166282.4610975,-14
2026-09-11 19:38:02.468,1789166282.4687898,-26
2026-09-11 19:38:02.476,1789166282.476482,-41
2026-09-11 19:38:02.484,1789166282.4841743,-33
2026-09-11 19:38:02.491,1789166282.4918666,-26
2026-09-11 19:38:02.498,1789166282.4989974,-31
2026-09-11 19:38:02.506,1789166282.5066898,-33
2026-09-11 19:38:02.514,1789166282.5143821,-24
2026-09-11 19:38:02.522,1789166282.5220745,29
2026-09-11 19:38:02.529,1789166282.5297668,191
2026-09-11 19:38:02.537,1789166282.537459,463
2026-09-11 19:38:02.545,1789166282.5451512,805
2026-09-11 19:38:02.552,1789166282.5528436,919
2026-09-11 19:38:02.560,1789166282.560536,341
2026-09-11 19:38:02.568,1789166282.5682282,-388
2026-09-11 19:38:02.575,1789166282.5759206,-344
2026-09-11 19:38:02.583,1789166282.583613,-14
2026-09-11 19:38:02.591,1789166282.5913053,-72
2026-09-11 19:38:02.598,1789166282.5989974,-145
2026-09-11 19:38:02.606,1789166282.6066897,-55
2026-09-11 19:38:02.614,1789166282.614382,-48
2026-09-11 19:38:02.622,1789166282.6220744,-82
2026-09-11 19:38:02.629,1789166282.6297667,-48
2026-09-11 19:38:02.637,1789166282.637459,-29
2026-09-11 19:38:02.645,1789166282.6451514,-38
2026-09-11 19:38:02.652,1789166282.6528437,-21
2026-09-11 19:38:02.660,1789166282.6605358,-4
2026-09-11 19:38:02.668,1789166282.6682281,-7
2026-09-11 19:38:02.675,1789166282.6759205,0
2026-09-11 19:38:02.683,1789166282.6836128,16
2026-09-11 19:38:02.691,1789166282.6913052,21
2026-09-11 19:38:02.698,1789166282.6989975,26
2026-09-11 19:38:02.706,1789166282.7066898,38
2026-09-11 19:38:02.714,1789166282.7143822,50
2026-09-11 19:38:02.722,1789166282.7220743,58
2026-09-11 19:38:02.729,1789166282.7297666,67
2026-09-11 19:38:02.737,1789166282.737459,72
2026-09-11 19:38:02.745,1789166282.7451513,67
2026-09-11 19:38:02.752,1789166282.7528436,63
2026-09-11 19:38:02.760,1789166282.760536,55
2026-09-11 19:38:02.768,1789166282.7682283,43
2026-09-11 19:38:02.775,1789166282.7759206,38
2026-09-11 19:38:02.783,1789166282.7836127,33
2026-09-11 19:38:02.791,1789166282.791305,21
2026-09-11 19:38:02.798,1789166282.7989974,2
2026-09-11 19:38:02.806,1789166282.8066897,-14
2026-09-11 19:38:02.814,1789166282.814382,-26
2026-09-11 19:38:02.822,1789166282.8220744,-41
2026-09-11 19:38:02.829,1789166282.8297668,-50
2026-09-11 19:38:02.837,1789166282.837459,-53
2026-09-11 19:38:02.845,1789166282.8451512,-53
2026-09-11 19:38:02.852,1789166282.8528435,-48
2026-09-11 19:38:02.860,1789166282.8605359,-38
2026-09-11 19:38:02.868,1789166282.8682282,-31
2026-09-11 19:38:02.875,1789166282.8759205,-24
2026-09-11 19:38:02.883,1789166282.8836129,-19
2026-09-11 19:38:02.891,1789166282.8913052,-16
2026-09-11 19:38:02.898,1789166282.8989975,-14
2026-09-11 19:38:02.906,1789166282.9066896,-12
2026-09-11 19:38:02.914,1789166282.914382,-12
2026-09-11 19:38:02.922,1789166282.9220743,-14
2026-09-11 19:38:02.929,1789166282.9297667,-16
2026-09-11 19:38:02.937,1789166282.937459,-12
2026-09-11 19:38:02.945,1789166282.9451513,-9
2026-09-11 19:38:02.952,1789166282.9528437,-19
2026-09-11 19:38:02.960,1789166282.960536,-21
2026-09-11 19:38:02.968,1789166282.968228,-24
2026-09-11 19:38:02.975,1789166282.9759204,-31
2026-09-11 19:38:02.983,1789166282.9836128,-36
2026-09-11 19:38:02.991,1789166282.991305,-29
2026-09-11 19:38:02.998,1789166282.9989974,-21
2026-09-11 19:38:03.006,1789166283.0066898,-7
2026-09-11 19:38:03.014,1789166283.0143821,19
2026-09-11 19:38:03.022,1789166283.0220745,38
2026-09-11 19:38:03.029,1789166283.0297668,36
2026-09-11 19:38:03.037,1789166283.037459,24
2026-09-11 19:38:03.045,1789166283.0451512,7
2026-09-11 19:38:03.052,1789166283.0528436,-12
2026-09-11 19:38:03.059,1789166283.059974,-24
2026-09-11 19:38:03.067,1789166283.0676663,-26
2026-09-11 19:38:03.075,1789166283.0753586,-24
2026-09-11 19:38:03.083,1789166283.083051,-24
2026-09-11 19:38:03.090,1789166283.0907433,-16
2026-09-11 19:38:03.098,1789166283.0984354,-16
2026-09-11 19:38:03.106,1789166283.1061277,-24
2026-09-11 19:38:03.113,1789166283.11382,-21
2026-09-11 19:38:03.121,1789166283.1215124,21
2026-09-11 19:38:03.129,1789166283.1292048,167
2026-09-11 19:38:03.136,1789166283.136897,409
2026-09-11 19:38:03.144,1789166283.1445894,729
2026-09-11 19:38:03.152,1789166283.1522818,899
2026-09-11 19:38:03.159,1789166283.1599739,419
2026-09-11 19:38:03.167,1789166283.1676662,-324
2026-09-11 19:38:03.175,1789166283.1753585,-361
2026-09-11 19:38:03.183,1789166283.1830509,-21
2026-09-11 19:38:03.190,1789166283.1907432,-38
2026-09-11 19:38:03.198,1789166283.1984355,-126
2026-09-11 19:38:03.206,1789166283.206128,-53
2026-09-11 19:38:03.213,1789166283.2138202,-36
2026-09-11 19:38:03.221,1789166283.2215123,-65
2026-09-11 19:38:03.229,1789166283.2292047,-38
2026-09-11 19:38:03.236,1789166283.236897,-21
2026-09-11 19:38:03.244,1789166283.2445893,-24
2026-09-11 19:38:03.252,1789166283.2522817,-14
2026-09-11 19:38:03.259,1789166283.259974,0
2026-09-11 19:38:03.267,1789166283.2676663,2
2026-09-11 19:38:03.275,1789166283.2753587,9
2026-09-11 19:38:03.283,1789166283.2830508,21
2026-09-11 19:38:03.290,1789166283.290743,31
2026-09-11 19:38:03.298,1789166283.2984354,38
2026-09-11 19:38:03.306,1789166283.3061278,46
2026-09-11 19:38:03.313,1789166283.3138201,58
2026-09-11 19:38:03.321,1789166283.3215125,65
2026-09-11 19:38:03.329,1789166283.3292048,70
2026-09-11 19:38:03.336,1789166283.3368971,72
2026-09-11 19:38:03.344,1789166283.3445892,72
2026-09-11 19:38:03.352,1789166283.3522816,72
2026-09-11 19:38:03.359,1789166283.359974,67
2026-09-11 19:38:03.367,1789166283.3676662,63
2026-09-11 19:38:03.375,1789166283.3753586,60
2026-09-11 19:38:03.383,1789166283.383051,55
2026-09-11 19:38:03.390,1789166283.3907433,46
2026-09-11 19:38:03.398,1789166283.3984356,24
2026-09-11 19:38:03.406,1789166283.4061277,2
2026-09-11 19:38:03.413,1789166283.41382,-12
2026-09-11 19:38:03.421,1789166283.4215124,-29
2026-09-11 19:38:03.429,1789166283.4292047,-43
2026-09-11 19:38:03.436,1789166283.436897,-48
2026-09-11 19:38:03.444,1789166283.4445894,-53
2026-09-11 19:38:03.452,1789166283.4522817,-48
2026-09-11 19:38:03.459,1789166283.459974,-33
2026-09-11 19:38:03.467,1789166283.4676661,-21
2026-09-11 19:38:03.475,1789166283.4753585,-16
2026-09-11 19:38:03.483,1789166283.4830508,-14
2026-09-11 19:38:03.490,1789166283.4907432,-16
2026-09-11 19:38:03.498,1789166283.4984355,-24
2026-09-11 19:38:03.506,1789166283.5061278,-24
2026-09-11 19:38:03.513,1789166283.5138202,-21
2026-09-11 19:38:03.521,1789166283.5215125,-29
2026-09-11 19:38:03.529,1789166283.5292046,-31
2026-09-11 19:38:03.536,1789166283.536897,-24
2026-09-11 19:38:03.544,1789166283.5445893,-26
2026-09-11 19:38:03.552,1789166283.5522816,-38
2026-09-11 19:38:03.559,1789166283.559974,-43
2026-09-11 19:38:03.567,1789166283.5676663,-38
2026-09-11 19:38:03.575,1789166283.5753586,-46
2026-09-11 19:38:03.583,1789166283.583051,-55
2026-09-11 19:38:03.590,1789166283.5907433,-50
2026-09-11 19:38:03.598,1789166283.5984354,-46
2026-09-11 19:38:03.606,1789166283.6061277,-33
2026-09-11 19:38:03.613,1789166283.61382,-14
2026-09-11 19:38:03.620,1789166283.620951,-4
2026-09-11 19:38:03.628,1789166283.6286433,-2
2026-09-11 19:38:03.636,1789166283.6363356,7
2026-09-11 19:38:03.644,1789166283.644028,-4
2026-09-11 19:38:03.651,1789166283.6517203,-38
2026-09-11 19:38:03.659,1789166283.6594124,-53
2026-09-11 19:38:03.667,1789166283.6671047,-53
2026-09-11 19:38:03.674,1789166283.674797,-55
2026-09-11 19:38:03.682,1789166283.6824894,-55
2026-09-11 19:38:03.690,1789166283.6901817,-55
2026-09-11 19:38:03.697,1789166283.697874,-55
2026-09-11 19:38:03.705,1789166283.7055664,-50
2026-09-11 19:38:03.713,1789166283.7132587,-53
2026-09-11 19:38:03.720,1789166283.7209508,-46
2026-09-11 19:38:03.728,1789166283.7286432,46
2026-09-11 19:38:03.736,1789166283.7363355,269
2026-09-11 19:38:03.744,1789166283.7440279,582
2026-09-11 19:38:03.751,1789166283.7517202,824
2026-09-11 19:38:03.759,1789166283.7594125,608
2026-09-11 19:38:03.767,1789166283.7671049,-138
2026-09-11 19:38:03.774,1789166283.7747972,-533
2026-09-11 19:38:03.782,1789166283.7824893,-225
2026-09-11 19:38:03.790,1789166283.7901816,-26
2026-09-11 19:38:03.797,1789166283.797874,-128
2026-09-11 19:38:03.805,1789166283.8055663,-113
2026-09-11 19:38:03.813,1789166283.8132586,-50
2026-09-11 19:38:03.820,1789166283.820951,-75
2026-09-11 19:38:03.828,1789166283.8286433,-70
2026-09-11 19:38:03.836,1789166283.8363357,-33
2026-09-11 19:38:03.844,1789166283.8440278,-31
2026-09-11 19:38:03.851,1789166283.85172,-26
2026-09-11 19:38:03.859,1789166283.8594124,-9
2026-09-11 19:38:03.867,1789166283.8671048,-4
2026-09-11 19:38:03.874,1789166283.874797,2
2026-09-11 19:38:03.882,1789166283.8824894,16
2026-09-11 19:38:03.890,1789166283.8901818,21
2026-09-11 19:38:03.897,1789166283.897874,36
2026-09-11 19:38:03.905,1789166283.9055662,60
2026-09-11 19:38:03.913,1789166283.9132586,77
2026-09-11 19:38:03.920,1789166283.920951,84
2026-09-11 19:38:03.928,1789166283.9286432,87
2026-09-11 19:38:03.936,1789166283.9363356,99
2026-09-11 19:38:03.944,1789166283.944028,121
2026-09-11 19:38:03.951,1789166283.9517202,133
2026-09-11 19:38:03.959,1789166283.9594126,128
2026-09-11 19:38:03.967,1789166283.9671047,126
2026-09-11 19:38:03.974,1789166283.974797,128
2026-09-11 19:38:03.982,1789166283.9824893,121
2026-09-11 19:38:03.990,1789166283.9901817,89
2026-09-11 19:38:03.997,1789166283.997874,53
2026-09-11 19:38:04.005,1789166284.0055664,26
2026-09-11 19:38:04.013,1789166284.0132587,-2
2026-09-11 19:38:04.020,1789166284.020951,-41
2026-09-11 19:38:04.028,1789166284.0286431,-70
2026-09-11 19:38:04.036,1789166284.0363355,-87
2026-09-11 19:38:04.044,1789166284.0440278,-97
2026-09-11 19:38:04.051,1789166284.0517201,-99
2026-09-11 19:38:04.059,1789166284.0594125,-101
2026-09-11 19:38:04.067,1789166284.0671048,-84
2026-09-11 19:38:04.074,1789166284.0747972,-58
2026-09-11 19:38:04.082,1789166284.0824895,-55
2026-09-11 19:38:04.090,1789166284.0901816,-58
2026-09-11 19:38:04.097,1789166284.097874,-46
2026-09-11 19:38:04.105,1789166284.1055663,-36
2026-09-11 19:38:04.113,1789166284.1132586,-33
2026-09-11 19:38:04.120,1789166284.120951,-41
2026-09-11 19:38:04.128,1789166284.1286433,-46
2026-09-11 19:38:04.136,1789166284.1363356,-38
2026-09-11 19:38:04.144,1789166284.144028,-36
2026-09-11 19:38:04.151,1789166284.1517203,-48
2026-09-11 19:38:04.159,1789166284.1594124,-50
2026-09-11 19:38:04.167,1789166284.1671047,-50
2026-09-11 19:38:04.174,1789166284.174797,-55
2026-09-11 19:38:04.181,1789166284.1819277,-36
2026-09-11 19:38:04.189,1789166284.18962,-26
2026-09-11 19:38:04.197,1789166284.1973124,-24
2026-09-11 19:38:04.205,1789166284.2050047,4
2026-09-11 19:38:04.212,1789166284.212697,9
2026-09-11 19:38:04.220,1789166284.2203891,-7
2026-09-11 19:38:04.228,1789166284.2280815,-7
2026-09-11 19:38:04.235,1789166284.2357738,-31
2026-09-11 19:38:04.243,1789166284.2434661,-63
2026-09-11 19:38:04.251,1789166284.2511585,-53
2026-09-11 19:38:04.258,1789166284.2588508,-38
2026-09-11 19:38:04.266,1789166284.2665431,-41
2026-09-11 19:38:04.274,1789166284.2742355,-26
2026-09-11 19:38:04.281,1789166284.2819276,-21
2026-09-11 19:38:04.289,1789166284.28962,-46
2026-09-11 19:38:04.297,1789166284.2973123,-58
2026-09-11 19:38:04.305,1789166284.3050046,-31
2026-09-11 19:38:04.312,1789166284.312697,87
2026-09-11 19:38:04.320,1789166284.3203893,368
2026-09-11 19:38:04.328,1789166284.3280816,737
2026-09-11 19:38:04.335,1789166284.335774,928
2026-09-11 19:38:04.343,1789166284.343466,535
2026-09-11 19:38:04.351,1789166284.3511584,-286
2026-09-11 19:38:04.358,1789166284.3588507,-526
2026-09-11 19:38:04.366,1789166284.366543,-135
2026-09-11 19:38:04.374,1789166284.3742354,-24
2026-09-11 19:38:04.381,1789166284.3819277,-135
2026-09-11 19:38:04.389,1789166284.38962,-58
2026-09-11 19:38:04.397,1789166284.3973124,-2
2026-09-11 19:38:04.405,1789166284.4050045,-58
2026-09-11 19:38:04.412,1789166284.4126968,-46
2026-09-11 19:38:04.420,1789166284.4203892,-7
2026-09-11 19:38:04.428,1789166284.4280815,-19
2026-09-11 19:38:04.435,1789166284.4357738,-2
2026-09-11 19:38:04.443,1789166284.4434662,41
2026-09-11 19:38:04.451,1789166284.4511585,38
2026-09-11 19:38:04.458,1789166284.4588509,26
2026-09-11 19:38:04.466,1789166284.466543,50
2026-09-11 19:38:04.474,1789166284.4742353,75
2026-09-11 19:38:04.481,1789166284.4819276,82
2026-09-11 19:38:04.489,1789166284.48962,94
2026-09-11 19:38:04.497,1789166284.4973123,113
2026-09-11 19:38:04.505,1789166284.5050046,138
2026-09-11 19:38:04.512,1789166284.512697,157
2026-09-11 19:38:04.520,1789166284.5203893,162
2026-09-11 19:38:04.528,1789166284.5280814,167
2026-09-11 19:38:04.535,1789166284.5357738,174
2026-09-11 19:38:04.543,1789166284.543466,167
2026-09-11 19:38:04.551,1789166284.5511584,155
2026-09-11 19:38:04.558,1789166284.5588508,152
2026-09-11 19:38:04.566,1789166284.566543,138
2026-09-11 19:38:04.574,1789166284.5742354,99
2026-09-11 19:38:04.581,1789166284.5819278,53
2026-09-11 19:38:04.589,1789166284.5896199,21
2026-09-11 19:38:04.597,1789166284.5973122,-2
2026-09-11 19:38:04.605,1789166284.6050045,-31
2026-09-11 19:38:04.612,1789166284.612697,-53
2026-09-11 19:38:04.620,1789166284.6203892,-65
2026-09-11 19:38:04.628,1789166284.6280816,-72
2026-09-11 19:38:04.635,1789166284.635774,-75
2026-09-11 19:38:04.643,1789166284.6434662,-65
2026-09-11 19:38:04.651,1789166284.6511583,-48
2026-09-11 19:38:04.658,1789166284.6588507,-36
2026-09-11 19:38:04.666,1789166284.666543,-29
2026-09-11 19:38:04.674,1789166284.6742353,-21
2026-09-11 19:38:04.681,1789166284.6819277,-14
2026-09-11 19:38:04.689,1789166284.68962,-4
2026-09-11 19:38:04.697,1789166284.6973124,0
2026-09-11 19:38:04.705,1789166284.7050047,0
2026-09-11 19:38:04.712,1789166284.712697,0
2026-09-11 19:38:04.720,1789166284.7203891,2
2026-09-11 19:38:04.728,1789166284.7280815,0
2026-09-11 19:38:04.735,1789166284.7357738,-9
2026-09-11 19:38:04.742,1789166284.7429044,-14
2026-09-11 19:38:04.750,1789166284.7505968,-12
2026-09-11 19:38:04.758,1789166284.758289,-9
2026-09-11 19:38:04.765,1789166284.7659814,-2
2026-09-11 19:38:04.773,1789166284.7736738,12
2026-09-11 19:38:04.781,1789166284.7813659,29
2026-09-11 19:38:04.789,1789166284.7890582,38
2026-09-11 19:38:04.796,1789166284.7967505,38
2026-09-11 19:38:04.804,1789166284.804443,19
2026-09-11 19:38:04.812,1789166284.8121352,-4
2026-09-11 19:38:04.819,1789166284.8198276,-16
2026-09-11 19:38:04.827,1789166284.82752,-14
2026-09-11 19:38:04.835,1789166284.8352122,-9
2026-09-11 19:38:04.842,1789166284.8429043,-2
2026-09-11 19:38:04.850,1789166284.8505967,-2
2026-09-11 19:38:04.858,1789166284.858289,-4
2026-09-11 19:38:04.865,1789166284.8659813,-2
2026-09-11 19:38:04.873,1789166284.8736737,-4
2026-09-11 19:38:04.881,1789166284.881366,4
2026-09-11 19:38:04.889,1789166284.8890584,111
2026-09-11 19:38:04.896,1789166284.8967507,378
2026-09-11 19:38:04.904,1789166284.9044428,727
2026-09-11 19:38:04.912,1789166284.9121351,953
2026-09-11 19:38:04.919,1789166284.9198275,642
2026-09-11 19:38:04.927,1789166284.9275198,-147
2026-09-11 19:38:04.935,1789166284.9352121,-443
2026-09-11 19:38:04.942,1789166284.9429045,-97
2026-09-11 19:38:04.950,1789166284.9505968,14
2026-09-11 19:38:04.958,1789166284.9582891,-116
2026-09-11 19:38:04.965,1789166284.9659812,-67
2026-09-11 19:38:04.973,1789166284.9736736,-9
2026-09-11 19:38:04.981,1789166284.981366,-48
2026-09-11 19:38:04.989,1789166284.9890583,-38
2026-09-11 19:38:04.996,1789166284.9967506,-9
2026-09-11 19:38:05.004,1789166285.004443,-12
2026-09-11 19:38:05.012,1789166285.0121353,-7
2026-09-11 19:38:05.019,1789166285.0198276,14
2026-09-11 19:38:05.027,1789166285.0275197,19
2026-09-11 19:38:05.035,1789166285.035212,24
2026-09-11 19:38:05.042,1789166285.0429044,36
2026-09-11 19:38:05.050,1789166285.0505967,43
2026-09-11 19:38:05.058,1789166285.058289,48
2026-09-11 19:38:05.065,1789166285.0659814,63
2026-09-11 19:38:05.073,1789166285.0736737,80
2026-09-11 19:38:05.081,1789166285.081366,89
2026-09-11 19:38:05.089,1789166285.0890582,97
2026-09-11 19:38:05.096,1789166285.0967505,99
2026-09-11 19:38:05.104,1789166285.1044428,99
2026-09-11 19:38:05.112,1789166285.1121352,99
2026-09-11 19:38:05.119,1789166285.1198275,101
2026-09-11 19:38:05.127,1789166285.1275198,92
2026-09-11 19:38:05.135,1789166285.1352122,80
2026-09-11 19:38:05.142,1789166285.1429045,72
2026-09-11 19:38:05.150,1789166285.1505966,63
2026-09-11 19:38:05.158,1789166285.158289,38
2026-09-11 19:38:05.165,1789166285.1659813,9
2026-09-11 19:38:05.173,1789166285.1736736,-9
2026-09-11 19:38:05.181,1789166285.181366,-21
2026-09-11 19:38:05.189,1789166285.1890583,-36
2026-09-11 19:38:05.196,1789166285.1967506,-46
2026-09-11 19:38:05.204,1789166285.204443,-48
2026-09-11 19:38:05.212,1789166285.212135,-46
2026-09-11 19:38:05.219,1789166285.2198274,-38
2026-09-11 19:38:05.227,1789166285.2275198,-31
2026-09-11 19:38:05.235,1789166285.235212,-21
2026-09-11 19:38:05.242,1789166285.2429044,-12
2026-09-11 19:38:05.250,1789166285.2505968,-4
2026-09-11 19:38:05.258,1789166285.258289,0
2026-09-11 19:38:05.265,1789166285.2659814,2
2026-09-11 19:38:05.273,1789166285.2736738,0
2026-09-11 19:38:05.281,1789166285.2813659,0
2026-09-11 19:38:05.289,1789166285.2890582,0
2026-09-11 19:38:05.296,1789166285.2967505,-2
2026-09-11 19:38:05.303,1789166285.3038814,-14
2026-09-11 19:38:05.311,1789166285.3115737,-24
2026-09-11 19:38:05.319,1789166285.319266,-16
2026-09-11 19:38:05.326,1789166285.3269584,-7
2026-09-11 19:38:05.334,1789166285.3346508,-9
2026-09-11 19:38:05.342,1789166285.3423429,2
2026-09-11 19:38:05.350,1789166285.3500352,26
2026-09-11 19:38:05.357,1789166285.3577275,38
2026-09-11 19:38:05.365,1789166285.3654199,33
2026-09-11 19:38:05.373,1789166285.3731122,21
2026-09-11 19:38:05.380,1789166285.3808045,7
2026-09-11 19:38:05.388,1789166285.3884969,-12
2026-09-11 19:38:05.396,1789166285.3961892,-19
2026-09-11 19:38:05.403,1789166285.4038813,-19
2026-09-11 19:38:05.411,1789166285.4115736,-16
2026-09-11 19:38:05.419,1789166285.419266,-14
2026-09-11 19:38:05.426,1789166285.4269583,-12
2026-09-11 19:38:05.434,1789166285.4346507,-16
2026-09-11 19:38:05.442,1789166285.442343,-19
2026-09-11 19:38:05.450,1789166285.4500353,-7
2026-09-11 19:38:05.457,1789166285.4577277,72
2026-09-11 19:38:05.465,1789166285.4654198,274
2026-09-11 19:38:05.473,1789166285.473112,594
2026-09-11 19:38:05.480,1789166285.4808044,948
2026-09-11 19:38:05.488,1789166285.4884968,880
2026-09-11 19:38:05.496,1789166285.496189,121
2026-09-11 19:38:05.503,1789166285.5038815,-421
2026-09-11 19:38:05.511,1789166285.5115738,-184
2026-09-11 19:38:05.519,1789166285.5192661,21
2026-09-11 19:38:05.526,1789166285.5269582,-109
2026-09-11 19:38:05.534,1789166285.5346506,-116
2026-09-11 19:38:05.542,1789166285.542343,-33
2026-09-11 19:38:05.550,1789166285.5500352,-55
2026-09-11 19:38:05.557,1789166285.5577276,-65
2026-09-11 19:38:05.565,1789166285.56542,-29
2026-09-11 19:38:05.573,1789166285.5731122,-21
2026-09-11 19:38:05.580,1789166285.5808046,-21
2026-09-11 19:38:05.588,1789166285.5884967,-7
2026-09-11 19:38:05.596,1789166285.596189,0
2026-09-11 19:38:05.603,1789166285.6038814,2
2026-09-11 19:38:05.611,1789166285.6115737,14
2026-09-11 19:38:05.619,1789166285.619266,26
2026-09-11 19:38:05.626,1789166285.6269584,33
2026-09-11 19:38:05.634,1789166285.6346507,43
2026-09-11 19:38:05.642,1789166285.642343,58
2026-09-11 19:38:05.650,1789166285.6500351,65
2026-09-11 19:38:05.657,1789166285.6577275,70
2026-09-11 19:38:05.665,1789166285.6654198,77
2026-09-11 19:38:05.673,1789166285.6731122,82
2026-09-11 19:38:05.680,1789166285.6808045,75
2026-09-11 19:38:05.688,1789166285.6884968,60
2026-09-11 19:38:05.696,1789166285.6961892,58
2026-09-11 19:38:05.703,1789166285.7038815,58
2026-09-11 19:38:05.711,1789166285.7115736,50
2026-09-11 19:38:05.719,1789166285.719266,41
2026-09-11 19:38:05.726,1789166285.7269583,29
2026-09-11 19:38:05.734,1789166285.7346506,12
2026-09-11 19:38:05.742,1789166285.742343,-2
2026-09-11 19:38:05.750,1789166285.7500353,-16
2026-09-11 19:38:05.757,1789166285.7577276,-26
2026-09-11 19:38:05.765,1789166285.76542,-31
2026-09-11 19:38:05.773,1789166285.773112,-33
2026-09-11 19:38:05.780,1789166285.7808044,-31
2026-09-11 19:38:05.788,1789166285.7884967,-21
2026-09-11 19:38:05.796,1789166285.796189,-14
2026-09-11 19:38:05.803,1789166285.8038814,-4
2026-09-11 19:38:05.811,1789166285.8115737,4
2026-09-11 19:38:05.819,1789166285.819266,7
2026-09-11 19:38:05.826,1789166285.8269584,7
2026-09-11 19:38:05.834,1789166285.8346508,9
2026-09-11 19:38:05.842,1789166285.8423429,12
2026-09-11 19:38:05.850,1789166285.8500352,14
2026-09-11 19:38:05.857,1789166285.8577275,16
2026-09-11 19:38:05.864,1789166285.864858,19
2026-09-11 19:38:05.872,1789166285.8725502,14
2026-09-11 19:38:05.880,1789166285.8802426,4
2026-09-11 19:38:05.887,1789166285.887935,-2
2026-09-11 19:38:05.895,1789166285.8956273,2
2026-09-11 19:38:05.903,1789166285.9033194,9
2026-09-11 19:38:05.911,1789166285.9110117,19
2026-09-11 19:38:05.918,1789166285.918704,38
2026-09-11 19:38:05.926,1789166285.9263964,63
2026-09-11 19:38:05.934,1789166285.9340887,75
2026-09-11 19:38:05.941,1789166285.941781,67
2026-09-11 19:38:05.949,1789166285.9494734,53
2026-09-11 19:38:05.957,1789166285.9571657,33
2026-09-11 19:38:05.964,1789166285.9648578,21
2026-09-11 19:38:05.972,1789166285.9725502,19
2026-09-11 19:38:05.980,1789166285.9802425,14
2026-09-11 19:38:05.987,1789166285.9879348,14
2026-09-11 19:38:05.995,1789166285.9956272,19
2026-09-11 19:38:06.003,1789166286.0033195,21
2026-09-11 19:38:06.011,1789166286.0110118,19
2026-09-11 19:38:06.018,1789166286.0187042,16
2026-09-11 19:38:06.026,1789166286.0263963,29
2026-09-11 19:38:06.034,1789166286.0340886,123
2026-09-11 19:38:06.041,1789166286.041781,329
2026-09-11 19:38:06.049,1789166286.0494733,635
2026-09-11 19:38:06.057,1789166286.0571656,970
2026-09-11 19:38:06.064,1789166286.064858,829
2026-09-11 19:38:06.072,1789166286.0725503,41
2026-09-11 19:38:06.080,1789166286.0802426,-390
2026-09-11 19:38:06.087,1789166286.0879347,-94
2026-09-11 19:38:06.095,1789166286.095627,53
2026-09-11 19:38:06.103,1789166286.1033194,-82
2026-09-11 19:38:06.111,1789166286.1110117,-58
2026-09-11 19:38:06.118,1789166286.118704,9
2026-09-11 19:38:06.126,1789166286.1263964,-19
2026-09-11 19:38:06.134,1789166286.1340888,-19
2026-09-11 19:38:06.141,1789166286.141781,14
2026-09-11 19:38:06.149,1789166286.1494732,14
2026-09-11 19:38:06.157,1789166286.1571655,12
2026-09-11 19:38:06.164,1789166286.1648579,26
2026-09-11 19:38:06.172,1789166286.1725502,38
2026-09-11 19:38:06.180,1789166286.1802425,43
2026-09-11 19:38:06.187,1789166286.1879349,50
2026-09-11 19:38:06.195,1789166286.1956272,55
2026-09-11 19:38:06.203,1789166286.2033195,63
2026-09-11 19:38:06.211,1789166286.2110116,75
2026-09-11 19:38:06.218,1789166286.218704,84
2026-09-11 19:38:06.226,1789166286.2263963,89
2026-09-11 19:38:06.234,1789166286.2340887,92
2026-09-11 19:38:06.241,1789166286.241781,99
2026-09-11 19:38:06.249,1789166286.2494733,101
2026-09-11 19:38:06.257,1789166286.2571657,97
2026-09-11 19:38:06.264,1789166286.264858,89
2026-09-11 19:38:06.272,1789166286.27255,82
2026-09-11 19:38:06.280,1789166286.2802424,75
2026-09-11 19:38:06.287,1789166286.2879348,70
2026-09-11 19:38:06.295,1789166286.295627,63
2026-09-11 19:38:06.303,1789166286.3033195,48
2026-09-11 19:38:06.311,1789166286.3110118,29
2026-09-11 19:38:06.318,1789166286.3187041,9
2026-09-11 19:38:06.326,1789166286.3263965,-9
2026-09-11 19:38:06.334,1789166286.3340886,-21
2026-09-11 19:38:06.341,1789166286.341781,-26
2026-09-11 19:38:06.349,1789166286.3494732,-29
2026-09-11 19:38:06.357,1789166286.3571656,-24
2026-09-11 19:38:06.364,1789166286.364858,-16
2026-09-11 19:38:06.372,1789166286.3725502,-9
2026-09-11 19:38:06.380,1789166286.3802426,-4
2026-09-11 19:38:06.387,1789166286.387935,0
2026-09-11 19:38:06.395,1789166286.3956273,4
2026-09-11 19:38:06.403,1789166286.4033194,2
2026-09-11 19:38:06.411,1789166286.4110117,0
2026-09-11 19:38:06.418,1789166286.418704,2
2026-09-11 19:38:06.425,1789166286.425835,0
2026-09-11 19:38:06.433,1789166286.4335272,-7
2026-09-11 19:38:06.441,1789166286.4412196,4
2026-09-11 19:38:06.448,1789166286.448912,12
2026-09-11 19:38:06.456,1789166286.4566042,-9
2026-09-11 19:38:06.464,1789166286.4642963,-26
2026-09-11 19:38:06.471,1789166286.4719887,-24
2026-09-11 19:38:06.479,1789166286.479681,-14
2026-09-11 19:38:06.487,1789166286.4873734,-2
2026-09-11 19:38:06.495,1789166286.4950657,12
2026-09-11 19:38:06.502,1789166286.502758,31
2026-09-11 19:38:06.510,1789166286.5104504,50
2026-09-11 19:38:06.518,1789166286.5181427,46
2026-09-11 19:38:06.525,1789166286.5258348,16
2026-09-11 19:38:06.533,1789166286.5335271,-14
2026-09-11 19:38:06.541,1789166286.5412195,-29
2026-09-11 19:38:06.548,1789166286.5489118,-36
2026-09-11 19:38:06.556,1789166286.5566041,-36
2026-09-11 19:38:06.564,1789166286.5642965,-29
2026-09-11 19:38:06.571,1789166286.5719888,-33
2026-09-11 19:38:06.579,1789166286.5796812,-38
2026-09-11 19:38:06.587,1789166286.5873733,-33
2026-09-11 19:38:06.595,1789166286.5950656,-46
2026-09-11 19:38:06.602,1789166286.602758,-48
2026-09-11 19:38:06.610,1789166286.6104503,43
2026-09-11 19:38:06.618,1789166286.6181426,247
2026-09-11 19:38:06.625,1789166286.625835,528
2026-09-11 19:38:06.633,1789166286.6335273,819
2026-09-11 19:38:06.641,1789166286.6412196,693
2026-09-11 19:38:06.648,1789166286.6489117,-46
2026-09-11 19:38:06.656,1789166286.656604,-487
2026-09-11 19:38:06.664,1789166286.6642964,-201
2026-09-11 19:38:06.671,1789166286.6719887,-14
2026-09-11 19:38:06.679,1789166286.679681,-126
2026-09-11 19:38:06.687,1789166286.6873734,-109
2026-09-11 19:38:06.695,1789166286.6950657,-48
2026-09-11 19:38:06.702,1789166286.702758,-77
2026-09-11 19:38:06.710,1789166286.7104502,-70
2026-09-11 19:38:06.718,1789166286.7181425,-29
2026-09-11 19:38:06.725,1789166286.7258348,-26
2026-09-11 19:38:06.733,1789166286.7335272,-29
2026-09-11 19:38:06.741,1789166286.7412195,-14
2026-09-11 19:38:06.748,1789166286.7489119,-4
2026-09-11 19:38:06.756,1789166286.7566042,7
2026-09-11 19:38:06.764,1789166286.7642965,19
2026-09-11 19:38:06.771,1789166286.7719886,19
2026-09-11 19:38:06.779,1789166286.779681,26
2026-09-11 19:38:06.787,1789166286.7873733,53
2026-09-11 19:38:06.795,1789166286.7950656,72
2026-09-11 19:38:06.802,1789166286.802758,75
2026-09-11 19:38:06.810,1789166286.8104503,87
2026-09-11 19:38:06.818,1789166286.8181427,99
2026-09-11 19:38:06.825,1789166286.825835,99
2026-09-11 19:38:06.833,1789166286.833527,99
2026-09-11 19:38:06.841,1789166286.8412194,99
2026-09-11 19:38:06.848,1789166286.8489118,92
2026-09-11 19:38:06.856,1789166286.856604,92
2026-09-11 19:38:06.864,1789166286.8642964,89
2026-09-11 19:38:06.871,1789166286.8719888,60
2026-09-11 19:38:06.879,1789166286.879681,24
2026-09-11 19:38:06.887,1789166286.8873734,4
2026-09-11 19:38:06.895,1789166286.8950655,-19
2026-09-11 19:38:06.902,1789166286.902758,-55
2026-09-11 19:38:06.910,1789166286.9104502,-77
2026-09-11 19:38:06.918,1789166286.9181426,-80
2026-09-11 19:38:06.925,1789166286.925835,-84
2026-09-11 19:38:06.933,1789166286.9335272,-94
2026-09-11 19:38:06.941,1789166286.9412196,-94
2026-09-11 19:38:06.948,1789166286.948912,-75
2026-09-11 19:38:06.956,1789166286.9566042,-55
2026-09-11 19:38:06.964,1789166286.9642963,-48
2026-09-11 19:38:06.971,1789166286.9719887,-43
2026-09-11 19:38:06.979,1789166286.979681,-38
2026-09-11 19:38:06.986,1789166286.9868116,-38
2026-09-11 19:38:06.994,1789166286.994504,-36
2026-09-11 19:38:07.002,1789166287.0021963,-31
2026-09-11 19:38:07.009,1789166287.0098886,-38
2026-09-11 19:38:07.017,1789166287.017581,-53
2026-09-11 19:38:07.025,1789166287.025273,-48
2026-09-11 19:38:07.032,1789166287.0329654,-31
2026-09-11 19:38:07.040,1789166287.0406578,-33
2026-09-11 19:38:07.048,1789166287.04835,-41
2026-09-11 19:38:07.056,1789166287.0560424,-26
2026-09-11 19:38:07.063,1789166287.0637348,-12
2026-09-11 19:38:07.071,1789166287.071427,-7
2026-09-11 19:38:07.079,1789166287.0791194,2
2026-09-11 19:38:07.086,1789166287.0868115,7
2026-09-11 19:38:07.094,1789166287.0945039,-16
2026-09-11 19:38:07.102,1789166287.1021962,-41
2026-09-11 19:38:07.109,1789166287.1098886,-38
2026-09-11 19:38:07.117,1789166287.117581,-41
2026-09-11 19:38:07.125,1789166287.1252732,-58
2026-09-11 19:38:07.132,1789166287.1329656,-50
2026-09-11 19:38:07.140,1789166287.140658,-36
2026-09-11 19:38:07.148,1789166287.14835,-36
2026-09-11 19:38:07.156,1789166287.1560423,-38
2026-09-11 19:38:07.163,1789166287.1637347,-46
2026-09-11 19:38:07.171,1789166287.171427,-36
2026-09-11 19:38:07.179,1789166287.1791193,87
2026-09-11 19:38:07.186,1789166287.1868117,388
2026-09-11 19:38:07.194,1789166287.194504,739
2026-09-11 19:38:07.202,1789166287.2021964,856
2026-09-11 19:38:07.209,1789166287.2098885,388
2026-09-11 19:38:07.217,1789166287.2175808,-378
2026-09-11 19:38:07.225,1789166287.2252731,-502
2026-09-11 19:38:07.232,1789166287.2329655,-101
2026-09-11 19:38:07.240,1789166287.2406578,-33
2026-09-11 19:38:07.248,1789166287.2483501,-143
2026-09-11 19:38:07.256,1789166287.2560425,-55
2026-09-11 19:38:07.263,1789166287.2637348,-7
2026-09-11 19:38:07.271,1789166287.271427,-60
2026-09-11 19:38:07.279,1789166287.2791193,-41
2026-09-11 19:38:07.286,1789166287.2868116,2
2026-09-11 19:38:07.294,1789166287.294504,-7
2026-09-11 19:38:07.302,1789166287.3021963,-2
2026-09-11 19:38:07.309,1789166287.3098886,14
2026-09-11 19:38:07.317,1789166287.317581,21
2026-09-11 19:38:07.325,1789166287.3252733,43
2026-09-11 19:38:07.332,1789166287.3329654,60
2026-09-11 19:38:07.340,1789166287.3406577,55
2026-09-11 19:38:07.348,1789166287.34835,75
2026-09-11 19:38:07.356,1789166287.3560424,101
2026-09-11 19:38:07.363,1789166287.3637347,113
2026-09-11 19:38:07.371,1789166287.371427,123
2026-09-11 19:38:07.379,1789166287.3791194,140
2026-09-11 19:38:07.386,1789166287.3868117,160
2026-09-11 19:38:07.394,1789166287.3945038,164
2026-09-11 19:38:07.402,1789166287.4021962,167
2026-09-11 19:38:07.409,1789166287.4098885,167
2026-09-11 19:38:07.417,1789166287.4175808,164
2026-09-11 19:38:07.425,1789166287.4252732,160
2026-09-11 19:38:07.432,1789166287.4329655,130
2026-09-11 19:38:07.440,1789166287.4406579,77
2026-09-11 19:38:07.448,1789166287.4483502,36
2026-09-11 19:38:07.456,1789166287.4560423,9
2026-09-11 19:38:07.463,1789166287.4637346,-16
2026-09-11 19:38:07.471,1789166287.471427,-48
2026-09-11 19:38:07.479,1789166287.4791193,-67
2026-09-11 19:38:07.486,1789166287.4868116,-70
2026-09-11 19:38:07.494,1789166287.494504,-75
2026-09-11 19:38:07.502,1789166287.5021963,-82
2026-09-11 19:38:07.509,1789166287.5098886,-70
2026-09-11 19:38:07.517,1789166287.517581,-50
2026-09-11 19:38:07.525,1789166287.525273,-41
2026-09-11 19:38:07.532,1789166287.5329654,-33
2026-09-11 19:38:07.540,1789166287.5406578,-26
2026-09-11 19:38:07.547,1789166287.5477884,-21
2026-09-11 19:38:07.555,1789166287.5554807,-16
2026-09-11 19:38:07.563,1789166287.563173,-12
2026-09-11 19:38:07.570,1789166287.5708654,-4
2026-09-11 19:38:07.578,1789166287.5785577,-2
2026-09-11 19:38:07.586,1789166287.5862498,-9
2026-09-11 19:38:07.593,1789166287.5939422,-12
2026-09-11 19:38:07.601,1789166287.6016345,-12
2026-09-11 19:38:07.609,1789166287.6093268,-7
2026-09-11 19:38:07.617,1789166287.6170192,-2
2026-09-11 19:38:07.624,1789166287.6247115,9
2026-09-11 19:38:07.632,1789166287.6324039,29
2026-09-11 19:38:07.640,1789166287.6400962,36
2026-09-11 19:38:07.647,1789166287.6477883,24
2026-09-11 19:38:07.655,1789166287.6554806,4
2026-09-11 19:38:07.663,1789166287.663173,-12
2026-09-11 19:38:07.670,1789166287.6708653,-19
2026-09-11 19:38:07.678,1789166287.6785576,-19
2026-09-11 19:38:07.686,1789166287.68625,-19
2026-09-11 19:38:07.693,1789166287.6939423,-19
2026-09-11 19:38:07.701,1789166287.7016346,-12
2026-09-11 19:38:07.709,1789166287.7093267,-4
2026-09-11 19:38:07.717,1789166287.717019,-7
2026-09-11 19:38:07.724,1789166287.7247114,-12
2026-09-11 19:38:07.732,1789166287.7324038,0
2026-09-11 19:38:07.740,1789166287.740096,118
2026-09-11 19:38:07.747,1789166287.7477884,404
2026-09-11 19:38:07.755,1789166287.7554808,746
2026-09-11 19:38:07.763,1789166287.763173,885
2026-09-11 19:38:07.770,1789166287.7708652,443
2026-09-11 19:38:07.778,1789166287.7785575,-317
2026-09-11 19:38:07.786,1789166287.7862499,-429
2026-09-11 19:38:07.793,1789166287.7939422,-38
2026-09-11 19:38:07.801,1789166287.8016346,2
2026-09-11 19:38:07.809,1789166287.809327,-113
2026-09-11 19:38:07.817,1789166287.8170192,-33
2026-09-11 19:38:07.824,1789166287.8247116,0
2026-09-11 19:38:07.832,1789166287.8324037,-46
2026-09-11 19:38:07.840,1789166287.840096,-21
2026-09-11 19:38:07.847,1789166287.8477883,12
2026-09-11 19:38:07.855,1789166287.8554807,2
2026-09-11 19:38:07.863,1789166287.863173,9
2026-09-11 19:38:07.870,1789166287.8708653,29
2026-09-11 19:38:07.878,1789166287.8785577,36
2026-09-11 19:38:07.886,1789166287.88625,43
2026-09-11 19:38:07.893,1789166287.893942,60
2026-09-11 19:38:07.901,1789166287.9016345,70
2026-09-11 19:38:07.909,1789166287.9093268,72
2026-09-11 19:38:07.917,1789166287.9170191,84
2026-09-11 19:38:07.924,1789166287.9247115,99
2026-09-11 19:38:07.932,1789166287.9324038,109
2026-09-11 19:38:07.940,1789166287.9400961,121
2026-09-11 19:38:07.947,1789166287.9477885,130
2026-09-11 19:38:07.955,1789166287.9554806,130
2026-09-11 19:38:07.963,1789166287.963173,130
2026-09-11 19:38:07.970,1789166287.9708652,128
2026-09-11 19:38:07.978,1789166287.9785576,121
2026-09-11 19:38:07.986,1789166287.98625,109
2026-09-11 19:38:07.993,1789166287.9939423,94
2026-09-11 19:38:08.001,1789166288.0016346,72
2026-09-11 19:38:08.009,1789166288.009327,46
2026-09-11 19:38:08.017,1789166288.017019,16
2026-09-11 19:38:08.024,1789166288.0247114,-12
2026-09-11 19:38:08.032,1789166288.0324037,-33
2026-09-11 19:38:08.040,1789166288.040096,-46
2026-09-11 19:38:08.047,1789166288.0477884,-53
2026-09-11 19:38:08.055,1789166288.0554807,-55
2026-09-11 19:38:08.063,1789166288.063173,-46
2026-09-11 19:38:08.070,1789166288.0708654,-33
2026-09-11 19:38:08.078,1789166288.0785577,-29
2026-09-11 19:38:08.086,1789166288.0862498,-24
2026-09-11 19:38:08.093,1789166288.0939422,-16
2026-09-11 19:38:08.101,1789166288.1016345,-9
2026-09-11 19:38:08.108,1789166288.1087754,-4
2026-09-11 19:38:08.116,1789166288.1164677,-2
2026-09-11 19:38:08.124,1789166288.12416,-2
2026-09-11 19:38:08.131,1789166288.1318524,0
2026-09-11 19:38:08.139,1789166288.1395447,-2
2026-09-11 19:38:08.147,1789166288.1472368,-12
2026-09-11 19:38:08.154,1789166288.1549292,-19
2026-09-11 19:38:08.162,1789166288.1626215,-12
2026-09-11 19:38:08.170,1789166288.1703138,-9
2026-09-11 19:38:08.178,1789166288.1780062,-7
2026-09-11 19:38:08.185,1789166288.1856985,7
2026-09-11 19:38:08.193,1789166288.1933908,29
2026-09-11 19:38:08.201,1789166288.2010832,38
2026-09-11 19:38:08.208,1789166288.2087753,33
2026-09-11 19:38:08.216,1789166288.2164676,16
2026-09-11 19:38:08.224,1789166288.22416,0
2026-09-11 19:38:08.231,1789166288.2318523,-12
2026-09-11 19:38:08.239,1789166288.2395446,-14
2026-09-11 19:38:08.247,1789166288.247237,-16
2026-09-11 19:38:08.254,1789166288.2549293,-16
2026-09-11 19:38:08.262,1789166288.2626216,-16
2026-09-11 19:38:08.270,1789166288.2703137,-14
2026-09-11 19:38:08.278,1789166288.278006,-16
2026-09-11 19:38:08.285,1789166288.2856984,-21
2026-09-11 19:38:08.293,1789166288.2933908,-2
2026-09-11 19:38:08.301,1789166288.301083,101
2026-09-11 19:38:08.308,1789166288.3087754,327
2026-09-11 19:38:08.316,1789166288.3164678,662
2026-09-11 19:38:08.324,1789166288.32416,955
2026-09-11 19:38:08.331,1789166288.3318522,703
2026-09-11 19:38:08.339,1789166288.3395445,-97
2026-09-11 19:38:08.347,1789166288.3472369,-421
2026-09-11 19:38:08.354,1789166288.3549292,-97
2026-09-11 19:38:08.362,1789166288.3626215,0
2026-09-11 19:38:08.370,1789166288.370314,-135
2026-09-11 19:38:08.378,1789166288.3780062,-89
2026-09-11 19:38:08.385,1789166288.3856986,-29
2026-09-11 19:38:08.393,1789166288.3933907,-65
2026-09-11 19:38:08.401,1789166288.401083,-58
2026-09-11 19:38:08.408,1789166288.4087753,-21
2026-09-11 19:38:08.416,1789166288.4164677,-26
2026-09-11 19:38:08.424,1789166288.42416,-26
2026-09-11 19:38:08.431,1789166288.4318523,-7
2026-09-11 19:38:08.439,1789166288.4395447,0
2026-09-11 19:38:08.447,1789166288.447237,2
2026-09-11 19:38:08.454,1789166288.454929,12
2026-09-11 19:38:08.462,1789166288.4626215,21
2026-09-11 19:38:08.470,1789166288.4703138,31
2026-09-11 19:38:08.478,1789166288.4780061,38
2026-09-11 19:38:08.485,1789166288.4856985,48
2026-09-11 19:38:08.493,1789166288.4933908,58
2026-09-11 19:38:08.501,1789166288.5010831,65
2026-09-11 19:38:08.508,1789166288.5087755,67
2026-09-11 19:38:08.516,1789166288.5164676,67
2026-09-11 19:38:08.524,1789166288.52416,63
2026-09-11 19:38:08.531,1789166288.5318522,53
2026-09-11 19:38:08.539,1789166288.5395446,46
2026-09-11 19:38:08.547,1789166288.547237,41
2026-09-11 19:38:08.554,1789166288.5549293,33
2026-09-11 19:38:08.562,1789166288.5626216,24
2026-09-11 19:38:08.570,1789166288.570314,14
2026-09-11 19:38:08.578,1789166288.578006,-4
2026-09-11 19:38:08.585,1789166288.5856984,-21
2026-09-11 19:38:08.593,1789166288.5933907,-31
2026-09-11 19:38:08.601,1789166288.601083,-36
2026-09-11 19:38:08.608,1789166288.6087754,-41
2026-09-11 19:38:08.616,1789166288.6164677,-43
2026-09-11 19:38:08.624,1789166288.62416,-38
2026-09-11 19:38:08.631,1789166288.6318524,-26
2026-09-11 19:38:08.639,1789166288.6395447,-19
2026-09-11 19:38:08.647,1789166288.6472368,-12
2026-09-11 19:38:08.654,1789166288.6549292,-7
2026-09-11 19:38:08.662,1789166288.6626215,-2
2026-09-11 19:38:08.669,1789166288.669747,0
2026-09-11 19:38:08.677,1789166288.6774395,0
2026-09-11 19:38:08.685,1789166288.6851318,0
2026-09-11 19:38:08.692,1789166288.6928241,0
2026-09-11 19:38:08.700,1789166288.7005165,0
2026-09-11 19:38:08.708,1789166288.7082086,-2
2026-09-11 19:38:08.715,1789166288.715901,-7
2026-09-11 19:38:08.723,1789166288.7235932,-16
2026-09-11 19:38:08.731,1789166288.7312856,-21
2026-09-11 19:38:08.738,1789166288.738978,-19
2026-09-11 19:38:08.746,1789166288.7466702,-12
2026-09-11 19:38:08.754,1789166288.7543626,-4
2026-09-11 19:38:08.762,1789166288.762055,14
2026-09-11 19:38:08.769,1789166288.769747,38
2026-09-11 19:38:08.777,1789166288.7774394,46
2026-09-11 19:38:08.785,1789166288.7851317,38
2026-09-11 19:38:08.792,1789166288.792824,24
2026-09-11 19:38:08.800,1789166288.8005164,7
2026-09-11 19:38:08.808,1789166288.8082087,-9
2026-09-11 19:38:08.815,1789166288.815901,-16
2026-09-11 19:38:08.823,1789166288.8235934,-16
2026-09-11 19:38:08.831,1789166288.8312855,-16
2026-09-11 19:38:08.838,1789166288.8389778,-16
2026-09-11 19:38:08.846,1789166288.8466702,-14
2026-09-11 19:38:08.854,1789166288.8543625,-14
2026-09-11 19:38:08.862,1789166288.8620548,-16
2026-09-11 19:38:08.869,1789166288.8697472,-2
2026-09-11 19:38:08.877,1789166288.8774395,97
2026-09-11 19:38:08.885,1789166288.8851318,298
2026-09-11 19:38:08.892,1789166288.892824,591
2026-09-11 19:38:08.900,1789166288.9005163,914
2026-09-11 19:38:08.908,1789166288.9082086,759
2026-09-11 19:38:08.915,1789166288.915901,-24
2026-09-11 19:38:08.923,1789166288.9235933,-421
2026-09-11 19:38:08.931,1789166288.9312856,-116
2026-09-11 19:38:08.938,1789166288.938978,14
2026-09-11 19:38:08.946,1789166288.9466703,-121
2026-09-11 19:38:08.954,1789166288.9543624,-87
2026-09-11 19:38:08.962,1789166288.9620547,-21
2026-09-11 19:38:08.969,1789166288.969747,-55
2026-09-11 19:38:08.977,1789166288.9774394,-55
2026-09-11 19:38:08.985,1789166288.9851317,-16
2026-09-11 19:38:08.992,1789166288.992824,-19
2026-09-11 19:38:09.000,1789166289.0005164,-19
2026-09-11 19:38:09.008,1789166289.0082088,0
2026-09-11 19:38:09.015,1789166289.0159009,4
2026-09-11 19:38:09.023,1789166289.0235932,7
2026-09-11 19:38:09.031,1789166289.0312855,21
2026-09-11 19:38:09.038,1789166289.0389779,33
2026-09-11 19:38:09.046,1789166289.0466702,36
2026-09-11 19:38:09.054,1789166289.0543625,43
2026-09-11 19:38:09.062,1789166289.0620549,55
2026-09-11 19:38:09.069,1789166289.0697472,60
2026-09-11 19:38:09.077,1789166289.0774393,65
2026-09-11 19:38:09.085,1789166289.0851316,72
2026-09-11 19:38:09.092,1789166289.092824,72
2026-09-11 19:38:09.100,1789166289.1005163,65
2026-09-11 19:38:09.108,1789166289.1082087,65
2026-09-11 19:38:09.115,1789166289.115901,60
2026-09-11 19:38:09.123,1789166289.1235933,50
2026-09-11 19:38:09.131,1789166289.1312857,46
2026-09-11 19:38:09.138,1789166289.1389778,43
2026-09-11 19:38:09.146,1789166289.14667,26
2026-09-11 19:38:09.154,1789166289.1543624,7
2026-09-11 19:38:09.162,1789166289.1620548,-4
2026-09-11 19:38:09.169,1789166289.169747,-16
2026-09-11 19:38:09.177,1789166289.1774395,-31
2026-09-11 19:38:09.185,1789166289.1851318,-36
2026-09-11 19:38:09.192,1789166289.1928241,-33
2026-09-11 19:38:09.200,1789166289.2005165,-33
2026-09-11 19:38:09.208,1789166289.2082086,-26
2026-09-11 19:38:09.215,1789166289.215901,-14
2026-09-11 19:38:09.223,1789166289.2235932,-9
2026-09-11 19:38:09.230,1789166289.2307189,-4
2026-09-11 19:38:09.238,1789166289.2384112,-4
2026-09-11 19:38:09.246,1789166289.2461035,-4
2026-09-11 19:38:09.253,1789166289.2537959,-2
2026-09-11 19:38:09.261,1789166289.2614882,0
2026-09-11 19:38:09.269,1789166289.2691803,0
2026-09-11 19:38:09.276,1789166289.2768726,-2
2026-09-11 19:38:09.284,1789166289.284565,-2
2026-09-11 19:38:09.292,1789166289.2922573,-4
2026-09-11 19:38:09.299,1789166289.2999496,-7
2026-09-11 19:38:09.307,1789166289.307642,-9
2026-09-11 19:38:09.315,1789166289.3153343,-16
2026-09-11 19:38:09.323,1789166289.3230267,-24
2026-09-11 19:38:09.330,1789166289.3307188,-21
2026-09-11 19:38:09.338,1789166289.338411,-14
2026-09-11 19:38:09.346,1789166289.3461034,-9
2026-09-11 19:38:09.353,1789166289.3537958,9
2026-09-11 19:38:09.361,1789166289.361488,38
2026-09-11 19:38:09.369,1789166289.3691804,50
2026-09-11 19:38:09.376,1789166289.3768728,41
2026-09-11 19:38:09.384,1789166289.384565,16
2026-09-11 19:38:09.392,1789166289.3922572,-7
2026-09-11 19:38:09.399,1789166289.3999496,-21
2026-09-11 19:38:09.407,1789166289.407642,-29
2026-09-11 19:38:09.415,1789166289.4153342,-31
2026-09-11 19:38:09.423,1789166289.4230266,-24
2026-09-11 19:38:09.430,1789166289.430719,-16
2026-09-11 19:38:09.438,1789166289.4384112,-21
2026-09-11 19:38:09.446,1789166289.4461036,-31
2026-09-11 19:38:09.453,1789166289.4537957,-36
2026-09-11 19:38:09.461,1789166289.461488,-24
2026-09-11 19:38:09.469,1789166289.4691803,75
2026-09-11 19:38:09.476,1789166289.4768727,288
2026-09-11 19:38:09.484,1789166289.484565,582
2026-09-11 19:38:09.492,1789166289.4922574,848
2026-09-11 19:38:09.499,1789166289.4999497,615
2026-09-11 19:38:09.507,1789166289.507642,-150
2026-09-11 19:38:09.515,1789166289.5153341,-468
2026-09-11 19:38:09.523,1789166289.5230265,-150
2026-09-11 19:38:09.530,1789166289.5307188,-36
2026-09-11 19:38:09.538,1789166289.5384111,-143
2026-09-11 19:38:09.546,1789166289.5461035,-99
2026-09-11 19:38:09.553,1789166289.5537958,-53
2026-09-11 19:38:09.561,1789166289.5614882,-89
2026-09-11 19:38:09.569,1789166289.5691805,-87
2026-09-11 19:38:09.576,1789166289.5768726,-53
2026-09-11 19:38:09.584,1789166289.584565,-43
2026-09-11 19:38:09.592,1789166289.5922573,-38
2026-09-11 19:38:09.599,1789166289.5999496,-29
2026-09-11 19:38:09.607,1789166289.607642,-21
2026-09-11 19:38:09.615,1789166289.6153343,-9
2026-09-11 19:38:09.623,1789166289.6230266,0
2026-09-11 19:38:09.630,1789166289.630719,2
2026-09-11 19:38:09.638,1789166289.638411,4
2026-09-11 19:38:09.646,1789166289.6461034,26
2026-09-11 19:38:09.653,1789166289.6537957,43
2026-09-11 19:38:09.661,1789166289.661488,50
2026-09-11 19:38:09.669,1789166289.6691804,58
2026-09-11 19:38:09.676,1789166289.6768727,67
2026-09-11 19:38:09.684,1789166289.684565,75
2026-09-11 19:38:09.692,1789166289.6922574,72
2026-09-11 19:38:09.699,1789166289.6999495,60
2026-09-11 19:38:09.707,1789166289.7076418,55
2026-09-11 19:38:09.715,1789166289.7153342,58
2026-09-11 19:38:09.723,1789166289.7230265,50
2026-09-11 19:38:09.730,1789166289.7307189,41
2026-09-11 19:38:09.738,1789166289.7384112,19
2026-09-11 19:38:09.746,1789166289.7461035,-16
2026-09-11 19:38:09.753,1789166289.7537959,-46
2026-09-11 19:38:09.761,1789166289.7614882,-55
2026-09-11 19:38:09.769,1789166289.7691803,-70
2026-09-11 19:38:09.776,1789166289.7768726,-89
2026-09-11 19:38:09.784,1789166289.784565,-101
2026-09-11 19:38:09.791,1789166289.7917259,-97
2026-09-11 19:38:09.799,1789166289.7994182,-77
2026-09-11 19:38:09.807,1789166289.8071105,-63
2026-09-11 19:38:09.814,1789166289.814803,-53
2026-09-11 19:38:09.822,1789166289.8224952,-50
2026-09-11 19:38:09.830,1789166289.8301873,-55
2026-09-11 19:38:09.837,1789166289.8378797,-50
2026-09-11 19:38:09.845,1789166289.845572,-33
2026-09-11 19:38:09.853,1789166289.8532643,-26
2026-09-11 19:38:09.860,1789166289.8609567,-29
2026-09-11 19:38:09.868,1789166289.868649,-36
2026-09-11 19:38:09.876,1789166289.8763413,-41
2026-09-11 19:38:09.884,1789166289.8840337,-43
2026-09-11 19:38:09.891,1789166289.8917258,-58
2026-09-11 19:38:09.899,1789166289.899418,-67
2026-09-11 19:38:09.907,1789166289.9071105,-53
2026-09-11 19:38:09.914,1789166289.9148028,-41
2026-09-11 19:38:09.922,1789166289.9224951,-36
2026-09-11 19:38:09.930,1789166289.9301875,-12
2026-09-11 19:38:09.937,1789166289.9378798,12
2026-09-11 19:38:09.945,1789166289.9455721,7
2026-09-11 19:38:09.953,1789166289.9532642,-4
2026-09-11 19:38:09.960,1789166289.9609566,-19
2026-09-11 19:38:09.968,1789166289.968649,-41
2026-09-11 19:38:09.976,1789166289.9763412,-53
2026-09-11 19:38:09.984,1789166289.9840336,-48
2026-09-11 19:38:09.991,1789166289.991726,-46
2026-09-11 19:38:09.999,1789166289.9994183,-43
2026-09-11 19:38:10.007,1789166290.0071106,-41
2026-09-11 19:38:10.014,1789166290.0148027,-53
2026-09-11 19:38:10.022,1789166290.022495,-60
2026-09-11 19:38:10.030,1789166290.0301874,-48
2026-09-11 19:38:10.037,1789166290.0378797,-29
2026-09-11 19:38:10.045,1789166290.045572,46
2026-09-11 19:38:10.053,1789166290.0532644,291
2026-09-11 19:38:10.060,1789166290.0609567,654
2026-09-11 19:38:10.068,1789166290.068649,863
2026-09-11 19:38:10.076,1789166290.0763412,499
2026-09-11 19:38:10.084,1789166290.0840335,-303
2026-09-11 19:38:10.091,1789166290.0917258,-557
2026-09-11 19:38:10.099,1789166290.0994182,-169
2026-09-11 19:38:10.107,1789166290.1071105,-38
2026-09-11 19:38:10.114,1789166290.1148028,-147
2026-09-11 19:38:10.122,1789166290.1224952,-75
2026-09-11 19:38:10.130,1789166290.1301875,-7
2026-09-11 19:38:10.137,1789166290.1378796,-53
2026-09-11 19:38:10.145,1789166290.145572,-50
2026-09-11 19:38:10.153,1789166290.1532643,-12
2026-09-11 19:38:10.160,1789166290.1609566,-7
2026-09-11 19:38:10.168,1789166290.168649,0
2026-09-11 19:38:10.176,1789166290.1763413,21
2026-09-11 19:38:10.184,1789166290.1840336,31
2026-09-11 19:38:10.191,1789166290.191726,41
2026-09-11 19:38:10.199,1789166290.199418,50
2026-09-11 19:38:10.207,1789166290.2071104,53
2026-09-11 19:38:10.214,1789166290.2148027,63
2026-09-11 19:38:10.222,1789166290.222495,89
2026-09-11 19:38:10.230,1789166290.2301874,121
2026-09-11 19:38:10.237,1789166290.2378798,133
2026-09-11 19:38:10.245,1789166290.245572,138
2026-09-11 19:38:10.253,1789166290.2532644,157
2026-09-11 19:38:10.260,1789166290.2609565,164
2026-09-11 19:38:10.268,1789166290.2686489,155
2026-09-11 19:38:10.276,1789166290.2763412,150
2026-09-11 19:38:10.284,1789166290.2840335,160
2026-09-11 19:38:10.291,1789166290.2917259,167
2026-09-11 19:38:10.299,1789166290.2994182,145
2026-09-11 19:38:10.307,1789166290.3071105,106
2026-09-11 19:38:10.314,1789166290.314803,65
2026-09-11 19:38:10.322,1789166290.3224952,21
2026-09-11 19:38:10.330,1789166290.3301873,-12
2026-09-11 19:38:10.337,1789166290.3378797,-36
2026-09-11 19:38:10.345,1789166290.345572,-72
2026-09-11 19:38:10.352,1789166290.3527029,-99
2026-09-11 19:38:10.360,1789166290.3603952,-99
2026-09-11 19:38:10.368,1789166290.3680875,-87
2026-09-11 19:38:10.375,1789166290.3757799,-72
2026-09-11 19:38:10.383,1789166290.3834722,-50
2026-09-11 19:38:10.391,1789166290.3911643,-38
2026-09-11 19:38:10.398,1789166290.3988566,-48
2026-09-11 19:38:10.406,1789166290.406549,-43
2026-09-11 19:38:10.414,1789166290.4142413,-31
2026-09-11 19:38:10.421,1789166290.4219337,-43
2026-09-11 19:38:10.429,1789166290.429626,-31
2026-09-11 19:38:10.437,1789166290.4373183,-7
2026-09-11 19:38:10.445,1789166290.4450107,-9
2026-09-11 19:38:10.452,1789166290.4527028,-19
2026-09-11 19:38:10.460,1789166290.460395,-16
2026-09-11 19:38:10.468,1789166290.4680874,-16
2026-09-11 19:38:10.475,1789166290.4757798,-16
2026-09-11 19:38:10.483,1789166290.483472,-19
2026-09-11 19:38:10.491,1789166290.4911644,-12
2026-09-11 19:38:10.498,1789166290.4988568,7
2026-09-11 19:38:10.506,1789166290.5065491,21
2026-09-11 19:38:10.514,1789166290.5142412,24
2026-09-11 19:38:10.521,1789166290.5219336,19
2026-09-11 19:38:10.529,1789166290.529626,0
2026-09-11 19:38:10.537,1789166290.5373182,-24
2026-09-11 19:38:10.545,1789166290.5450106,-31
2026-09-11 19:38:10.552,1789166290.552703,-26
2026-09-11 19:38:10.560,1789166290.5603952,-24
2026-09-11 19:38:10.568,1789166290.5680876,-26
2026-09-11 19:38:10.575,1789166290.5757797,-24
2026-09-11 19:38:10.583,1789166290.583472,-16
2026-09-11 19:38:10.591,1789166290.5911644,-16
2026-09-11 19:38:10.598,1789166290.5988567,-26
2026-09-11 19:38:10.606,1789166290.606549,-7
2026-09-11 19:38:10.614,1789166290.6142414,143
2026-09-11 19:38:10.621,1789166290.6219337,460
2026-09-11 19:38:10.629,1789166290.629626,793
2026-09-11 19:38:10.637,1789166290.6373181,848
2026-09-11 19:38:10.645,1789166290.6450105,303
2026-09-11 19:38:10.652,1789166290.6527028,-429
2026-09-11 19:38:10.660,1789166290.6603951,-434
2026-09-11 19:38:10.668,1789166290.6680875,-36
2026-09-11 19:38:10.675,1789166290.6757798,-21
2026-09-11 19:38:10.683,1789166290.6834722,-111
2026-09-11 19:38:10.691,1789166290.6911645,-26
2026-09-11 19:38:10.698,1789166290.6988566,4
2026-09-11 19:38:10.706,1789166290.706549,-26
2026-09-11 19:38:10.714,1789166290.7142413,-7
2026-09-11 19:38:10.721,1789166290.7219336,19
2026-09-11 19:38:10.729,1789166290.729626,14
2026-09-11 19:38:10.737,1789166290.7373183,21
2026-09-11 19:38:10.745,1789166290.7450106,38
2026-09-11 19:38:10.752,1789166290.752703,43
2026-09-11 19:38:10.760,1789166290.760395,48
2026-09-11 19:38:10.768,1789166290.7680874,60
2026-09-11 19:38:10.775,1789166290.7757797,77
2026-09-11 19:38:10.783,1789166290.783472,92
2026-09-11 19:38:10.791,1789166290.7911644,101
2026-09-11 19:38:10.798,1789166290.7988567,121
2026-09-11 19:38:10.806,1789166290.806549,140
2026-09-11 19:38:10.814,1789166290.8142414,143
2026-09-11 19:38:10.821,1789166290.8219335,138
2026-09-11 19:38:10.829,1789166290.8296258,147
2026-09-11 19:38:10.837,1789166290.8373182,155
2026-09-11 19:38:10.845,1789166290.8450105,145
2026-09-11 19:38:10.852,1789166290.8527029,133
2026-09-11 19:38:10.860,1789166290.8603952,126
2026-09-11 19:38:10.868,1789166290.8680875,113
2026-09-11 19:38:10.875,1789166290.8757799,87
2026-09-11 19:38:10.883,1789166290.8834722,53
2026-09-11 19:38:10.891,1789166290.8911643,16
2026-09-11 19:38:10.898,1789166290.8988566,-14
2026-09-11 19:38:10.906,1789166290.906549,-29
2026-09-11 19:38:10.913,1789166290.9136798,-41
2026-09-11 19:38:10.921,1789166290.9213722,-55
2026-09-11 19:38:10.929,1789166290.9290645,-58
2026-09-11 19:38:10.936,1789166290.9367568,-50
2026-09-11 19:38:10.944,1789166290.9444492,-43
2026-09-11 19:38:10.952,1789166290.9521413,-33
2026-09-11 19:38:10.959,1789166290.9598336,-24
2026-09-11 19:38:10.967,1789166290.967526,-19
2026-09-11 19:38:10.975,1789166290.9752183,-14
2026-09-11 19:38:10.982,1789166290.9829106,-9
2026-09-11 19:38:10.990,1789166290.990603,-4
2026-09-11 19:38:10.998,1789166290.9982953,0
2026-09-11 19:38:11.005,1789166291.0059876,0
2026-09-11 19:38:11.013,1789166291.0136797,0
2026-09-11 19:38:11.021,1789166291.021372,-4
2026-09-11 19:38:11.029,1789166291.0290644,-14
2026-09-11 19:38:11.036,1789166291.0367568,-16
2026-09-11 19:38:11.044,1789166291.044449,-9
2026-09-11 19:38:11.052,1789166291.0521414,-9
2026-09-11 19:38:11.059,1789166291.0598338,-7
2026-09-11 19:38:11.067,1789166291.067526,9
2026-09-11 19:38:11.075,1789166291.0752182,31
2026-09-11 19:38:11.082,1789166291.0829105,38
2026-09-11 19:38:11.090,1789166291.0906029,31
2026-09-11 19:38:11.098,1789166291.0982952,16
2026-09-11 19:38:11.105,1789166291.1059875,-4
2026-09-11 19:38:11.113,1789166291.11368,-19
2026-09-11 19:38:11.121,1789166291.1213722,-26
2026-09-11 19:38:11.129,1789166291.1290646,-21
2026-09-11 19:38:11.136,1789166291.1367567,-7
2026-09-11 19:38:11.144,1789166291.144449,-4
2026-09-11 19:38:11.152,1789166291.1521413,-14
2026-09-11 19:38:11.159,1789166291.1598337,-16
2026-09-11 19:38:11.167,1789166291.167526,-16
2026-09-11 19:38:11.175,1789166291.1752183,16
2026-09-11 19:38:11.182,1789166291.1829107,162
2026-09-11 19:38:11.190,1789166291.190603,431
2026-09-11 19:38:11.198,1789166291.198295,768
2026-09-11 19:38:11.205,1789166291.2059875,931
2026-09-11 19:38:11.213,1789166291.2136798,448
2026-09-11 19:38:11.221,1789166291.2213721,-317
2026-09-11 19:38:11.229,1789166291.2290645,-378
2026-09-11 19:38:11.236,1789166291.2367568,-29
2026-09-11 19:38:11.244,1789166291.2444491,-38
2026-09-11 19:38:11.252,1789166291.2521415,-138
2026-09-11 19:38:11.259,1789166291.2598336,-55
2026-09-11 19:38:11.267,1789166291.267526,-33
2026-09-11 19:38:11.275,1789166291.2752182,-70
2026-09-11 19:38:11.282,1789166291.2829106,-43
2026-09-11 19:38:11.290,1789166291.290603,-16
2026-09-11 19:38:11.298,1789166291.2982953,-21
2026-09-11 19:38:11.305,1789166291.3059876,-14
2026-09-11 19:38:11.313,1789166291.31368,0
2026-09-11 19:38:11.321,1789166291.321372,0
2026-09-11 19:38:11.329,1789166291.3290644,7
2026-09-11 19:38:11.336,1789166291.3367567,24
2026-09-11 19:38:11.344,1789166291.344449,36
2026-09-11 19:38:11.352,1789166291.3521414,43
2026-09-11 19:38:11.359,1789166291.3598337,53
2026-09-11 19:38:11.367,1789166291.367526,65
2026-09-11 19:38:11.375,1789166291.3752184,72
2026-09-11 19:38:11.382,1789166291.3829105,77
2026-09-11 19:38:11.390,1789166291.3906028,80
2026-09-11 19:38:11.398,1789166291.3982952,80
2026-09-11 19:38:11.405,1789166291.4059875,77
2026-09-11 19:38:11.413,1789166291.4136798,70
2026-09-11 19:38:11.421,1789166291.4213722,60
2026-09-11 19:38:11.429,1789166291.4290645,53
2026-09-11 19:38:11.436,1789166291.4367568,43
2026-09-11 19:38:11.444,1789166291.4444492,26
2026-09-11 19:38:11.452,1789166291.4521413,12
2026-09-11 19:38:11.459,1789166291.4598336,-4
2026-09-11 19:38:11.467,1789166291.467526,-24
2026-09-11 19:38:11.474,1789166291.4746563,-36
2026-09-11 19:38:11.482,1789166291.4823487,-41
2026-09-11 19:38:11.490,1789166291.490041,-48
2026-09-11 19:38:11.497,1789166291.4977334,-48
2026-09-11 19:38:11.505,1789166291.5054257,-33
2026-09-11 19:38:11.513,1789166291.5131178,-24
2026-09-11 19:38:11.520,1789166291.5208101,-21
2026-09-11 19:38:11.528,1789166291.5285025,-14
2026-09-11 19:38:11.536,1789166291.5361948,-7
2026-09-11 19:38:11.543,1789166291.5438871,-2
2026-09-11 19:38:11.551,1789166291.5515795,-2
2026-09-11 19:38:11.559,1789166291.5592718,0
2026-09-11 19:38:11.566,1789166291.5669641,0
2026-09-11 19:38:11.574,1789166291.5746562,2
2026-09-11 19:38:11.582,1789166291.5823486,4
2026-09-11 19:38:11.590,1789166291.590041,0
2026-09-11 19:38:11.597,1789166291.5977333,-14
2026-09-11 19:38:11.605,1789166291.6054256,-19
2026-09-11 19:38:11.613,1789166291.613118,-9
2026-09-11 19:38:11.620,1789166291.6208103,0
2026-09-11 19:38:11.628,1789166291.6285026,4
2026-09-11 19:38:11.636,1789166291.6361947,24
2026-09-11 19:38:11.643,1789166291.643887,48
2026-09-11 19:38:11.651,1789166291.6515794,50
2026-09-11 19:38:11.659,1789166291.6592717,41
2026-09-11 19:38:11.666,1789166291.666964,29
2026-09-11 19:38:11.674,1789166291.6746564,7
2026-09-11 19:38:11.682,1789166291.6823487,-9
2026-09-11 19:38:11.690,1789166291.690041,-9
2026-09-11 19:38:11.697,1789166291.6977332,-7
2026-09-11 19:38:11.705,1789166291.7054255,-9
2026-09-11 19:38:11.713,1789166291.7131178,-9
2026-09-11 19:38:11.720,1789166291.7208102,-7
2026-09-11 19:38:11.728,1789166291.7285025,-7
2026-09-11 19:38:11.736,1789166291.7361948,-14
2026-09-11 19:38:11.743,1789166291.7438872,9
2026-09-11 19:38:11.751,1789166291.7515795,123
2026-09-11 19:38:11.759,1789166291.7592716,337
2026-09-11 19:38:11.766,1789166291.766964,652
2026-09-11 19:38:11.774,1789166291.7746563,938
2026-09-11 19:38:11.782,1789166291.7823486,649
2026-09-11 19:38:11.790,1789166291.790041,-155
2026-09-11 19:38:11.797,1789166291.7977333,-404
2026-09-11 19:38:11.805,1789166291.8054256,-53
2026-09-11 19:38:11.813,1789166291.813118,9
2026-09-11 19:38:11.820,1789166291.82081,-121
2026-09-11 19:38:11.828,1789166291.8285024,-63
2026-09-11 19:38:11.836,1789166291.8361948,-12
2026-09-11 19:38:11.843,1789166291.843887,-50
2026-09-11 19:38:11.851,1789166291.8515794,-36
2026-09-11 19:38:11.859,1789166291.8592718,-2
2026-09-11 19:38:11.866,1789166291.866964,-9
2026-09-11 19:38:11.874,1789166291.8746564,-9
2026-09-11 19:38:11.882,1789166291.8823485,9
2026-09-11 19:38:11.890,1789166291.8900409,16
2026-09-11 19:38:11.897,1789166291.8977332,19
2026-09-11 19:38:11.905,1789166291.9054255,29
2026-09-11 19:38:11.913,1789166291.913118,41
2026-09-11 19:38:11.920,1789166291.9208102,50
2026-09-11 19:38:11.928,1789166291.9285026,60
2026-09-11 19:38:11.936,1789166291.936195,70
2026-09-11 19:38:11.943,1789166291.943887,77
2026-09-11 19:38:11.951,1789166291.9515793,82
2026-09-11 19:38:11.959,1789166291.9592717,87
2026-09-11 19:38:11.966,1789166291.966964,89
2026-09-11 19:38:11.974,1789166291.9746563,82
2026-09-11 19:38:11.982,1789166291.9823487,72
2026-09-11 19:38:11.990,1789166291.990041,70
2026-09-11 19:38:11.997,1789166291.9977334,65
2026-09-11 19:38:12.005,1789166292.0054257,58
2026-09-11 19:38:12.013,1789166292.0131178,48
2026-09-11 19:38:12.020,1789166292.0208101,36
2026-09-11 19:38:12.028,1789166292.0285025,21
2026-09-11 19:38:12.035,1789166292.0356333,7
2026-09-11 19:38:12.043,1789166292.0433257,-7
2026-09-11 19:38:12.051,1789166292.051018,-19
2026-09-11 19:38:12.058,1789166292.0587103,-24
2026-09-11 19:38:12.066,1789166292.0664027,-24
2026-09-11 19:38:12.074,1789166292.0740948,-16
2026-09-11 19:38:12.081,1789166292.081787,-4
2026-09-11 19:38:12.089,1789166292.0894794,2
2026-09-11 19:38:12.097,1789166292.0971718,9
2026-09-11 19:38:12.104,1789166292.1048641,16
2026-09-11 19:38:12.112,1789166292.1125565,16
2026-09-11 19:38:12.120,1789166292.1202488,16
2026-09-11 19:38:12.127,1789166292.1279411,24
2026-09-11 19:38:12.135,1789166292.1356332,29
2026-09-11 19:38:12.143,1789166292.1433256,24
2026-09-11 19:38:12.151,1789166292.151018,21
2026-09-11 19:38:12.158,1789166292.1587102,24
2026-09-11 19:38:12.166,1789166292.1664026,16
2026-09-11 19:38:12.174,1789166292.174095,4
2026-09-11 19:38:12.181,1789166292.1817873,2
2026-09-11 19:38:12.189,1789166292.1894796,9
2026-09-11 19:38:12.197,1789166292.1971717,16
2026-09-11 19:38:12.204,1789166292.204864,29
2026-09-11 19:38:12.212,1789166292.2125564,50
2026-09-11 19:38:12.220,1789166292.2202487,72
2026-09-11 19:38:12.227,1789166292.227941,77
2026-09-11 19:38:12.235,1789166292.2356334,65
2026-09-11 19:38:12.243,1789166292.2433257,48
2026-09-11 19:38:12.251,1789166292.251018,29
2026-09-11 19:38:12.258,1789166292.2587101,14
2026-09-11 19:38:12.266,1789166292.2664025,12
2026-09-11 19:38:12.274,1789166292.2740948,12
2026-09-11 19:38:12.281,1789166292.2817872,9
2026-09-11 19:38:12.289,1789166292.2894795,12
2026-09-11 19:38:12.297,1789166292.2971718,19
2026-09-11 19:38:12.304,1789166292.3048642,14
2026-09-11 19:38:12.312,1789166292.3125565,4
2026-09-11 19:38:12.320,1789166292.3202486,21
2026-09-11 19:38:12.327,1789166292.327941,118
2026-09-11 19:38:12.335,1789166292.3356333,315
2026-09-11 19:38:12.343,1789166292.3433256,613
2026-09-11 19:38:12.351,1789166292.351018,894
2026-09-11 19:38:12.358,1789166292.3587103,630
2026-09-11 19:38:12.366,1789166292.3664026,-130
2026-09-11 19:38:12.374,1789166292.374095,-366
2026-09-11 19:38:12.381,1789166292.381787,-31
2026-09-11 19:38:12.389,1789166292.3894794,31
2026-09-11 19:38:12.397,1789166292.3971717,-92
2026-09-11 19:38:12.404,1789166292.404864,-29
2026-09-11 19:38:12.412,1789166292.4125564,19
2026-09-11 19:38:12.420,1789166292.4202487,-21
2026-09-11 19:38:12.427,1789166292.427941,-12
2026-09-11 19:38:12.435,1789166292.4356334,21
2026-09-11 19:38:12.443,1789166292.4433255,19
2026-09-11 19:38:12.451,1789166292.4510179,21
2026-09-11 19:38:12.458,1789166292.4587102,36
2026-09-11 19:38:12.466,1789166292.4664025,36
2026-09-11 19:38:12.474,1789166292.4740949,38
2026-09-11 19:38:12.481,1789166292.4817872,53
2026-09-11 19:38:12.489,1789166292.4894795,65
2026-09-11 19:38:12.497,1789166292.4971719,72
2026-09-11 19:38:12.504,1789166292.504864,87
2026-09-11 19:38:12.512,1789166292.5125563,99
2026-09-11 19:38:12.520,1789166292.5202487,92
2026-09-11 19:38:12.527,1789166292.527941,84
2026-09-11 19:38:12.535,1789166292.5356333,94
2026-09-11 19:38:12.543,1789166292.5433257,101
2026-09-11 19:38:12.551,1789166292.551018,94
2026-09-11 19:38:12.558,1789166292.5587103,87
2026-09-11 19:38:12.566,1789166292.5664027,87
2026-09-11 19:38:12.574,1789166292.5740948,92
2026-09-11 19:38:12.581,1789166292.581787,77
2026-09-11 19:38:12.589,1789166292.5894794,55
2026-09-11 19:38:12.596,1789166292.5966098,41
2026-09-11 19:38:12.604,1789166292.6043022,19
2026-09-11 19:38:12.611,1789166292.6119945,-12
2026-09-11 19:38:12.619,1789166292.6196868,-26
2026-09-11 19:38:12.627,1789166292.6273792,-31
2026-09-11 19:38:12.635,1789166292.6350713,-36
2026-09-11 19:38:12.642,1789166292.6427636,-41
2026-09-11 19:38:12.650,1789166292.650456,-36
2026-09-11 19:38:12.658,1789166292.6581483,-29
2026-09-11 19:38:12.665,1789166292.6658406,-21
2026-09-11 19:38:12.673,1789166292.673533,-9
2026-09-11 19:38:12.681,1789166292.6812253,-4
2026-09-11 19:38:12.688,1789166292.6889176,-16
2026-09-11 19:38:12.696,1789166292.6966097,-21
2026-09-11 19:38:12.704,1789166292.704302,-16
2026-09-11 19:38:12.711,1789166292.7119944,-7
2026-09-11 19:38:12.719,1789166292.7196867,2
2026-09-11 19:38:12.727,1789166292.727379,-2
2026-09-11 19:38:12.735,1789166292.7350714,-12
2026-09-11 19:38:12.742,1789166292.7427638,-12
2026-09-11 19:38:12.750,1789166292.750456,-12
2026-09-11 19:38:12.758,1789166292.7581482,-16
2026-09-11 19:38:12.765,1789166292.7658405,-19
2026-09-11 19:38:12.773,1789166292.7735329,-21
2026-09-11 19:38:12.781,1789166292.7812252,-21
2026-09-11 19:38:12.788,1789166292.7889175,2
2026-09-11 19:38:12.796,1789166292.7966099,33
2026-09-11 19:38:12.804,1789166292.8043022,46
2026-09-11 19:38:12.811,1789166292.8119946,36
2026-09-11 19:38:12.819,1789166292.8196867,29
2026-09-11 19:38:12.827,1789166292.827379,7
2026-09-11 19:38:12.835,1789166292.8350713,-19
2026-09-11 19:38:12.842,1789166292.8427637,-19
2026-09-11 19:38:12.850,1789166292.850456,-7
2026-09-11 19:38:12.858,1789166292.8581483,-14
2026-09-11 19:38:12.865,1789166292.8658407,-21
2026-09-11 19:38:12.873,1789166292.873533,-19
2026-09-11 19:38:12.881,1789166292.881225,-21
2026-09-11 19:38:12.888,1789166292.8889174,-26
2026-09-11 19:38:12.896,1789166292.8966098,-16
2026-09-11 19:38:12.904,1789166292.9043021,46
2026-09-11 19:38:12.911,1789166292.9119945,240
2026-09-11 19:38:12.919,1789166292.9196868,562
2026-09-11 19:38:12.927,1789166292.9273791,839
2026-09-11 19:38:12.935,1789166292.9350715,674
2026-09-11 19:38:12.942,1789166292.9427636,-65
2026-09-11 19:38:12.950,1789166292.950456,-538
2026-09-11 19:38:12.958,1789166292.9581482,-240
2026-09-11 19:38:12.965,1789166292.9658406,12
2026-09-11 19:38:12.973,1789166292.973533,-101
2026-09-11 19:38:12.981,1789166292.9812253,-97
2026-09-11 19:38:12.988,1789166292.9889176,2
2026-09-11 19:38:12.996,1789166292.99661,-16
2026-09-11 19:38:13.004,1789166293.004302,-38
2026-09-11 19:38:13.011,1789166293.0119944,-4
2026-09-11 19:38:13.019,1789166293.0196867,9
2026-09-11 19:38:13.027,1789166293.027379,-4
2026-09-11 19:38:13.035,1789166293.0350714,2
2026-09-11 19:38:13.042,1789166293.0427637,26
2026-09-11 19:38:13.050,1789166293.050456,33
2026-09-11 19:38:13.058,1789166293.0581484,46
2026-09-11 19:38:13.065,1789166293.0658405,70
2026-09-11 19:38:13.073,1789166293.0735328,87
2026-09-11 19:38:13.081,1789166293.0812252,89
2026-09-11 19:38:13.088,1789166293.0889175,94
2026-09-11 19:38:13.096,1789166293.0966098,106
2026-09-11 19:38:13.104,1789166293.1043022,128
2026-09-11 19:38:13.111,1789166293.1119945,130
2026-09-11 19:38:13.119,1789166293.1196868,138
2026-09-11 19:38:13.127,1789166293.1273792,164
2026-09-11 19:38:13.135,1789166293.1350713,167
2026-09-11 19:38:13.142,1789166293.1427636,140
2026-09-11 19:38:13.150,1789166293.150456,140
2026-09-11 19:38:13.157,1789166293.1575868,143
2026-09-11 19:38:13.165,1789166293.1652792,118
2026-09-11 19:38:13.172,1789166293.1729715,80
2026-09-11 19:38:13.180,1789166293.1806638,38
2026-09-11 19:38:13.188,1789166293.1883562,4
2026-09-11 19:38:13.196,1789166293.1960483,-19
2026-09-11 19:38:13.203,1789166293.2037406,-55
2026-09-11 19:38:13.211,1789166293.211433,-82
2026-09-11 19:38:13.219,1789166293.2191253,-89
2026-09-11 19:38:13.226,1789166293.2268176,-84
2026-09-11 19:38:13.234,1789166293.23451,-63
2026-09-11 19:38:13.242,1789166293.2422023,-38
2026-09-11 19:38:13.249,1789166293.2498946,-46
2026-09-11 19:38:13.257,1789166293.2575867,-50
2026-09-11 19:38:13.265,1789166293.265279,-43
2026-09-11 19:38:13.272,1789166293.2729714,-33
2026-09-11 19:38:13.280,1789166293.2806637,-24
2026-09-11 19:38:13.288,1789166293.288356,-21
2026-09-11 19:38:13.296,1789166293.2960484,-14
2026-09-11 19:38:13.303,1789166293.3037407,-7
2026-09-11 19:38:13.311,1789166293.311433,-12
2026-09-11 19:38:13.319,1789166293.3191252,-21
2026-09-11 19:38:13.326,1789166293.3268175,-21
2026-09-11 19:38:13.334,1789166293.3345098,-24
2026-09-11 19:38:13.342,1789166293.3422022,-24
2026-09-11 19:38:13.349,1789166293.3498945,-19
2026-09-11 19:38:13.357,1789166293.3575869,-7
2026-09-11 19:38:13.365,1789166293.3652792,24
2026-09-11 19:38:13.372,1789166293.3729715,33
2026-09-11 19:38:13.380,1789166293.3806636,9
2026-09-11 19:38:13.388,1789166293.388356,-4
2026-09-11 19:38:13.396,1789166293.3960483,-14
2026-09-11 19:38:13.403,1789166293.4037406,-46
2026-09-11 19:38:13.411,1789166293.411433,-48
2026-09-11 19:38:13.419,1789166293.4191253,-21
2026-09-11 19:38:13.426,1789166293.4268177,-14
2026-09-11 19:38:13.434,1789166293.43451,-33
2026-09-11 19:38:13.442,1789166293.442202,-33
2026-09-11 19:38:13.449,1789166293.4498944,-24
2026-09-11 19:38:13.457,1789166293.4575868,-29
2026-09-11 19:38:13.465,1789166293.465279,-2
2026-09-11 19:38:13.472,1789166293.4729714,160
2026-09-11 19:38:13.480,1789166293.4806638,480
2026-09-11 19:38:13.488,1789166293.488356,817
2026-09-11 19:38:13.496,1789166293.4960485,875
2026-09-11 19:38:13.503,1789166293.5037405,315
2026-09-11 19:38:13.511,1789166293.511433,-431
2026-09-11 19:38:13.519,1789166293.5191252,-436
2026-09-11 19:38:13.526,1789166293.5268176,-41
2026-09-11 19:38:13.534,1789166293.53451,-31
2026-09-11 19:38:13.542,1789166293.5422022,-121
2026-09-11 19:38:13.549,1789166293.5498946,-46
2026-09-11 19:38:13.557,1789166293.557587,-14
2026-09-11 19:38:13.565,1789166293.565279,-38
2026-09-11 19:38:13.572,1789166293.5729713,-24
2026-09-11 19:38:13.580,1789166293.5806637,-4
2026-09-11 19:38:13.588,1789166293.588356,2
2026-09-11 19:38:13.596,1789166293.5960484,12
2026-09-11 19:38:13.603,1789166293.6037407,19
2026-09-11 19:38:13.611,1789166293.611433,33
2026-09-11 19:38:13.619,1789166293.6191254,53
2026-09-11 19:38:13.626,1789166293.6268175,60
2026-09-11 19:38:13.634,1789166293.6345098,67
2026-09-11 19:38:13.642,1789166293.6422021,82
2026-09-11 19:38:13.649,1789166293.6498945,99
2026-09-11 19:38:13.657,1789166293.6575868,116
2026-09-11 19:38:13.665,1789166293.6652792,133
2026-09-11 19:38:13.672,1789166293.6729715,140
2026-09-11 19:38:13.680,1789166293.6806638,145
2026-09-11 19:38:13.688,1789166293.6883562,147
2026-09-11 19:38:13.696,1789166293.6960483,145
2026-09-11 19:38:13.703,1789166293.7037406,143
2026-09-11 19:38:13.711,1789166293.711433,135
2026-09-11 19:38:13.718,1789166293.7185638,123
2026-09-11 19:38:13.726,1789166293.7262561,104
2026-09-11 19:38:13.733,1789166293.7339485,80
2026-09-11 19:38:13.741,1789166293.7416408,46
2026-09-11 19:38:13.749,1789166293.7493331,9
2026-09-11 19:38:13.757,1789166293.7570252,-19
2026-09-11 19:38:13.764,1789166293.7647176,-41
2026-09-11 19:38:13.772,1789166293.77241,-50
2026-09-11 19:38:13.780,1789166293.7801023,-60
2026-09-11 19:38:13.787,1789166293.7877946,-67
2026-09-11 19:38:13.795,1789166293.795487,-65
2026-09-11 19:38:13.803,1789166293.8031793,-50
2026-09-11 19:38:13.810,1789166293.8108716,-38
2026-09-11 19:38:13.818,1789166293.8185637,-31
2026-09-11 19:38:13.826,1789166293.826256,-29
2026-09-11 19:38:13.833,1789166293.8339484,-21
2026-09-11 19:38:13.841,1789166293.8416407,-12
2026-09-11 19:38:13.849,1789166293.849333,-9
2026-09-11 19:38:13.857,1789166293.8570254,-12
2026-09-11 19:38:13.864,1789166293.8647177,-7
2026-09-11 19:38:13.872,1789166293.87241,-2
2026-09-11 19:38:13.880,1789166293.8801022,-7
2026-09-11 19:38:13.887,1789166293.8877945,-14
2026-09-11 19:38:13.895,1789166293.8954868,-16
2026-09-11 19:38:13.903,1789166293.9031792,-19
2026-09-11 19:38:13.910,1789166293.9108715,-14
2026-09-11 19:38:13.918,1789166293.9185638,0
2026-09-11 19:38:13.926,1789166293.9262562,19
2026-09-11 19:38:13.933,1789166293.9339485,29
2026-09-11 19:38:13.941,1789166293.9416406,31
2026-09-11 19:38:13.949,1789166293.949333,16
2026-09-11 19:38:13.957,1789166293.9570253,-4
2026-09-11 19:38:13.964,1789166293.9647176,-19
2026-09-11 19:38:13.972,1789166293.97241,-26
2026-09-11 19:38:13.980,1789166293.9801023,-26
2026-09-11 19:38:13.987,1789166293.9877946,-24
2026-09-11 19:38:13.995,1789166293.995487,-24
2026-09-11 19:38:14.003,1789166294.003179,-24
2026-09-11 19:38:14.010,1789166294.0108714,-19
2026-09-11 19:38:14.018,1789166294.0185637,-21
2026-09-11 19:38:14.026,1789166294.026256,-19
2026-09-11 19:38:14.033,1789166294.0339484,58
2026-09-11 19:38:14.041,1789166294.0416408,276
2026-09-11 19:38:14.049,1789166294.049333,599
2026-09-11 19:38:14.057,1789166294.0570254,899
2026-09-11 19:38:14.064,1789166294.0647175,773
2026-09-11 19:38:14.072,1789166294.0724099,26
2026-09-11 19:38:14.080,1789166294.0801022,-460
2026-09-11 19:38:14.087,1789166294.0877945,-194
2026-09-11 19:38:14.095,1789166294.0954869,9
2026-09-11 19:38:14.103,1789166294.1031792,-116
2026-09-11 19:38:14.110,1789166294.1108716,-111
2026-09-11 19:38:14.118,1789166294.118564,-33
2026-09-11 19:38:14.126,1789166294.126256,-58
2026-09-11 19:38:14.133,1789166294.1339483,-65
2026-09-11 19:38:14.141,1789166294.1416407,-29
2026-09-11 19:38:14.149,1789166294.149333,-24
2026-09-11 19:38:14.157,1789166294.1570253,-29
2026-09-11 19:38:14.164,1789166294.1647177,-14
2026-09-11 19:38:14.172,1789166294.17241,-4
2026-09-11 19:38:14.180,1789166294.1801023,2
2026-09-11 19:38:14.187,1789166294.1877944,9
2026-09-11 19:38:14.195,1789166294.1954868,19
2026-09-11 19:38:14.203,1789166294.2031791,29
2026-09-11 19:38:14.210,1789166294.2108715,38
2026-09-11 19:38:14.218,1789166294.2185638,46
2026-09-11 19:38:14.226,1789166294.2262561,55
2026-09-11 19:38:14.233,1789166294.2339485,67
2026-09-11 19:38:14.241,1789166294.2416408,67
2026-09-11 19:38:14.249,1789166294.2493331,65
2026-09-11 19:38:14.257,1789166294.2570252,63
2026-09-11 19:38:14.264,1789166294.2647176,60
2026-09-11 19:38:14.272,1789166294.27241,53
2026-09-11 19:38:14.279,1789166294.2795403,43
2026-09-11 19:38:14.287,1789166294.2872326,41
2026-09-11 19:38:14.294,1789166294.294925,33
2026-09-11 19:38:14.302,1789166294.3026173,16
2026-09-11 19:38:14.310,1789166294.3103096,-4
2026-09-11 19:38:14.318,1789166294.3180017,-24
2026-09-11 19:38:14.325,1789166294.325694,-36
2026-09-11 19:38:14.333,1789166294.3333864,-48
2026-09-11 19:38:14.341,1789166294.3410788,-58
2026-09-11 19:38:14.348,1789166294.348771,-58
2026-09-11 19:38:14.356,1789166294.3564634,-53
2026-09-11 19:38:14.364,1789166294.3641558,-43
2026-09-11 19:38:14.371,1789166294.371848,-31
2026-09-11 19:38:14.379,1789166294.3795402,-21
2026-09-11 19:38:14.387,1789166294.3872325,-16
2026-09-11 19:38:14.394,1789166294.3949249,-12
2026-09-11 19:38:14.402,1789166294.4026172,-7
2026-09-11 19:38:14.410,1789166294.4103096,-2
2026-09-11 19:38:14.418,1789166294.418002,-2
2026-09-11 19:38:14.425,1789166294.4256942,-7
2026-09-11 19:38:14.433,1789166294.4333866,-7
2026-09-11 19:38:14.441,1789166294.4410787,-12
2026-09-11 19:38:14.448,1789166294.448771,-24
2026-09-11 19:38:14.456,1789166294.4564633,-26
2026-09-11 19:38:14.464,1789166294.4641557,-21
2026-09-11 19:38:14.471,1789166294.471848,-14
2026-09-11 19:38:14.479,1789166294.4795403,0
2026-09-11 19:38:14.487,1789166294.4872327,19
2026-09-11 19:38:14.494,1789166294.494925,33
2026-09-11 19:38:14.502,1789166294.5026171,33
2026-09-11 19:38:14.510,1789166294.5103095,24
2026-09-11 19:38:14.518,1789166294.5180018,7
2026-09-11 19:38:14.525,1789166294.5256941,-7
2026-09-11 19:38:14.533,1789166294.5333865,-16
2026-09-11 19:38:14.541,1789166294.5410788,-19
2026-09-11 19:38:14.548,1789166294.5487711,-21
2026-09-11 19:38:14.556,1789166294.5564635,-19
2026-09-11 19:38:14.564,1789166294.5641556,-19
2026-09-11 19:38:14.571,1789166294.571848,-19
2026-09-11 19:38:14.579,1789166294.5795403,-21
2026-09-11 19:38:14.587,1789166294.5872326,-24
2026-09-11 19:38:14.594,1789166294.594925,21
2026-09-11 19:38:14.602,1789166294.6026173,169
2026-09-11 19:38:14.610,1789166294.6103096,426
2026-09-11 19:38:14.618,1789166294.618002,790
2026-09-11 19:38:14.625,1789166294.625694,945
2026-09-11 19:38:14.633,1789166294.6333864,385
2026-09-11 19:38:14.641,1789166294.6410787,-337
2026-09-11 19:38:14.648,1789166294.648771,-300
2026-09-11 19:38:14.656,1789166294.6564634,4
2026-09-11 19:38:14.664,1789166294.6641557,-65
2026-09-11 19:38:14.671,1789166294.671848,-140
2026-09-11 19:38:14.679,1789166294.6795404,-50
2026-09-11 19:38:14.687,1789166294.6872325,-41
2026-09-11 19:38:14.694,1789166294.6949248,-72
2026-09-11 19:38:14.702,1789166294.7026172,-41
2026-09-11 19:38:14.710,1789166294.7103095,-24
2026-09-11 19:38:14.718,1789166294.7180018,-33
2026-09-11 19:38:14.725,1789166294.7256942,-19
2026-09-11 19:38:14.733,1789166294.7333865,-4
2026-09-11 19:38:14.741,1789166294.7410789,-4
2026-09-11 19:38:14.748,1789166294.748771,2
2026-09-11 19:38:14.756,1789166294.7564633,14
2026-09-11 19:38:14.764,1789166294.7641556,19
2026-09-11 19:38:14.771,1789166294.771848,29
2026-09-11 19:38:14.779,1789166294.7795403,41
2026-09-11 19:38:14.787,1789166294.7872326,48
2026-09-11 19:38:14.794,1789166294.794925,53
2026-09-11 19:38:14.802,1789166294.8026173,55
2026-09-11 19:38:14.810,1789166294.8103096,58
2026-09-11 19:38:14.818,1789166294.8180017,55
2026-09-11 19:38:14.825,1789166294.825694,48
2026-09-11 19:38:14.833,1789166294.8333864,43
2026-09-11 19:38:14.840,1789166294.8405173,38
2026-09-11 19:38:14.848,1789166294.8482096,33
2026-09-11 19:38:14.855,1789166294.855902,24
2026-09-11 19:38:14.863,1789166294.8635943,14
2026-09-11 19:38:14.871,1789166294.8712866,4
2026-09-11 19:38:14.878,1789166294.8789787,-4
2026-09-11 19:38:14.886,1789166294.886671,-21
2026-09-11 19:38:14.894,1789166294.8943634,-31
2026-09-11 19:38:14.902,1789166294.9020557,-33
2026-09-11 19:38:14.909,1789166294.909748,-38
2026-09-11 19:38:14.917,1789166294.9174404,-33
2026-09-11 19:38:14.925,1789166294.9251328,-21
2026-09-11 19:38:14.932,1789166294.932825,-14
2026-09-11 19:38:14.940,1789166294.9405172,-12
2026-09-11 19:38:14.948,1789166294.9482095,-4
2026-09-11 19:38:14.955,1789166294.9559019,0
2026-09-11 19:38:14.963,1789166294.9635942,2
2026-09-11 19:38:14.971,1789166294.9712865,2
2026-09-11 19:38:14.978,1789166294.9789789,4
2026-09-11 19:38:14.986,1789166294.9866712,7
2026-09-11 19:38:14.994,1789166294.9943635,7
2026-09-11 19:38:15.002,1789166295.0020556,4
2026-09-11 19:38:15.009,1789166295.009748,0
2026-09-11 19:38:15.017,1789166295.0174403,-7
2026-09-11 19:38:15.025,1789166295.0251327,-14
2026-09-11 19:38:15.032,1789166295.032825,-12
2026-09-11 19:38:15.040,1789166295.0405173,-2
2026-09-11 19:38:15.048,1789166295.0482097,9
2026-09-11 19:38:15.055,1789166295.055902,31
2026-09-11 19:38:15.063,1789166295.063594,53
2026-09-11 19:38:15.071,1789166295.0712864,58
2026-09-11 19:38:15.078,1789166295.0789788,50
2026-09-11 19:38:15.086,1789166295.086671,38
2026-09-11 19:38:15.094,1789166295.0943635,19
2026-09-11 19:38:15.102,1789166295.1020558,2
2026-09-11 19:38:15.109,1789166295.1097481,-2
2026-09-11 19:38:15.117,1789166295.1174405,-2
2026-09-11 19:38:15.125,1789166295.1251326,-2
2026-09-11 19:38:15.132,1789166295.132825,2
2026-09-11 19:38:15.140,1789166295.1405172,4
2026-09-11 19:38:15.148,1789166295.1482096,2
2026-09-11 19:38:15.155,1789166295.155902,-7
2026-09-11 19:38:15.163,1789166295.1635942,0
2026-09-11 19:38:15.171,1789166295.1712866,87
2026-09-11 19:38:15.178,1789166295.178979,269
2026-09-11 19:38:15.186,1789166295.186671,552
2026-09-11 19:38:15.194,1789166295.1943634,873
2026-09-11 19:38:15.202,1789166295.2020557,717
2026-09-11 19:38:15.209,1789166295.209748,-26
2026-09-11 19:38:15.217,1789166295.2174404,-378
2026-09-11 19:38:15.225,1789166295.2251327,-82
2026-09-11 19:38:15.232,1789166295.232825,36
2026-09-11 19:38:15.240,1789166295.2405174,-89
2026-09-11 19:38:15.248,1789166295.2482095,-55
2026-09-11 19:38:15.255,1789166295.2559018,4
2026-09-11 19:38:15.263,1789166295.2635942,-24
2026-09-11 19:38:15.271,1789166295.2712865,-21
2026-09-11 19:38:15.278,1789166295.2789788,7
2026-09-11 19:38:15.286,1789166295.2866712,9
2026-09-11 19:38:15.294,1789166295.2943635,9
2026-09-11 19:38:15.302,1789166295.3020558,26
2026-09-11 19:38:15.309,1789166295.309748,36
2026-09-11 19:38:15.317,1789166295.3174403,41
2026-09-11 19:38:15.325,1789166295.3251326,50
2026-09-11 19:38:15.332,1789166295.332825,65
2026-09-11 19:38:15.340,1789166295.3405173,72
2026-09-11 19:38:15.348,1789166295.3482096,82
2026-09-11 19:38:15.355,1789166295.355902,92
2026-09-11 19:38:15.363,1789166295.3635943,99
2026-09-11 19:38:15.371,1789166295.3712866,101
2026-09-11 19:38:15.378,1789166295.3789787,101
2026-09-11 19:38:15.386,1789166295.386671,101
2026-09-11 19:38:15.394,1789166295.3943634,101
2026-09-11 19:38:15.401,1789166295.401494,97
2026-09-11 19:38:15.409,1789166295.4091864,87
2026-09-11 19:38:15.416,1789166295.4168787,87
2026-09-11 19:38:15.424,1789166295.424571,84
2026-09-11 19:38:15.432,1789166295.4322634,65
2026-09-11 19:38:15.439,1789166295.4399555,50
2026-09-11 19:38:15.447,1789166295.4476478,50
2026-09-11 19:38:15.455,1789166295.4553401,31
2026-09-11 19:38:15.463,1789166295.4630325,2
2026-09-11 19:38:15.470,1789166295.4707248,-9
2026-09-11 19:38:15.478,1789166295.4784172,-9
2026-09-11 19:38:15.486,1789166295.4861095,-14
2026-09-11 19:38:15.493,1789166295.4938018,-19
2026-09-11 19:38:15.501,1789166295.501494,-7
2026-09-11 19:38:15.509,1789166295.5091863,7
2026-09-11 19:38:15.516,1789166295.5168786,12
2026-09-11 19:38:15.524,1789166295.524571,14
2026-09-11 19:38:15.532,1789166295.5322633,12
2026-09-11 19:38:15.539,1789166295.5399556,9
2026-09-11 19:38:15.547,1789166295.547648,7
2026-09-11 19:38:15.555,1789166295.5553403,7
2026-09-11 19:38:15.563,1789166295.5630324,12
2026-09-11 19:38:15.570,1789166295.5707247,9
2026-09-11 19:38:15.578,1789166295.578417,2
2026-09-11 19:38:15.586,1789166295.5861094,-4
2026-09-11 19:38:15.593,1789166295.5938017,-12
2026-09-11 19:38:15.601,1789166295.601494,-14
2026-09-11 19:38:15.609,1789166295.6091864,-14
2026-09-11 19:38:15.616,1789166295.6168787,-2
2026-09-11 19:38:15.624,1789166295.6245708,12
2026-09-11 19:38:15.632,1789166295.6322632,26
2026-09-11 19:38:15.639,1789166295.6399555,48
2026-09-11 19:38:15.647,1789166295.6476479,63
2026-09-11 19:38:15.655,1789166295.6553402,43
2026-09-11 19:38:15.663,1789166295.6630325,12
2026-09-11 19:38:15.670,1789166295.6707249,4
2026-09-11 19:38:15.678,1789166295.6784172,2
2026-09-11 19:38:15.686,1789166295.6861093,-16
2026-09-11 19:38:15.693,1789166295.6938016,-21
2026-09-11 19:38:15.701,1789166295.701494,-9
2026-09-11 19:38:15.709,1789166295.7091863,-7
2026-09-11 19:38:15.716,1789166295.7168787,-9
2026-09-11 19:38:15.724,1789166295.724571,-2
2026-09-11 19:38:15.732,1789166295.7322633,-14
2026-09-11 19:38:15.739,1789166295.7399557,-24
2026-09-11 19:38:15.747,1789166295.7476478,77
2026-09-11 19:38:15.755,1789166295.75534,332
2026-09-11 19:38:15.763,1789166295.7630324,654
2026-09-11 19:38:15.770,1789166295.7707248,839
2026-09-11 19:38:15.778,1789166295.778417,480
2026-09-11 19:38:15.786,1789166295.7861094,-271
2026-09-11 19:38:15.793,1789166295.7938018,-463
2026-09-11 19:38:15.801,1789166295.8014941,-89
2026-09-11 19:38:15.809,1789166295.8091862,4
2026-09-11 19:38:15.816,1789166295.8168786,-97
2026-09-11 19:38:15.824,1789166295.824571,-41
2026-09-11 19:38:15.832,1789166295.8322632,2
2026-09-11 19:38:15.839,1789166295.8399556,-38
2026-09-11 19:38:15.847,1789166295.847648,-41
2026-09-11 19:38:15.855,1789166295.8553402,-12
2026-09-11 19:38:15.863,1789166295.8630326,2
2026-09-11 19:38:15.870,1789166295.8707247,12
2026-09-11 19:38:15.878,1789166295.878417,21
2026-09-11 19:38:15.886,1789166295.8861094,36
2026-09-11 19:38:15.893,1789166295.8938017,46
2026-09-11 19:38:15.901,1789166295.901494,46
2026-09-11 19:38:15.909,1789166295.9091864,58
2026-09-11 19:38:15.916,1789166295.9168787,77
2026-09-11 19:38:15.924,1789166295.924571,82
2026-09-11 19:38:15.932,1789166295.9322634,84
2026-09-11 19:38:15.939,1789166295.9399555,106
2026-09-11 19:38:15.947,1789166295.9476478,138
2026-09-11 19:38:15.955,1789166295.9553401,143
2026-09-11 19:38:15.962,1789166295.9624708,133
2026-09-11 19:38:15.970,1789166295.970163,133
2026-09-11 19:38:15.977,1789166295.9778554,135
2026-09-11 19:38:15.985,1789166295.9855478,133
2026-09-11 19:38:15.993,1789166295.99324,133
2026-09-11 19:38:16.000,1789166296.0009322,126
2026-09-11 19:38:16.008,1789166296.0086246,92
2026-09-11 19:38:16.016,1789166296.016317,53
2026-09-11 19:38:16.024,1789166296.0240092,36
2026-09-11 19:38:16.031,1789166296.0317016,4
2026-09-11 19:38:16.039,1789166296.039394,-46
2026-09-11 19:38:16.047,1789166296.0470862,-63
2026-09-11 19:38:16.054,1789166296.0547786,-63
2026-09-11 19:38:16.062,1789166296.0624707,-84
2026-09-11 19:38:16.070,1789166296.070163,-87
2026-09-11 19:38:16.077,1789166296.0778553,-60
2026-09-11 19:38:16.085,1789166296.0855477,-48
2026-09-11 19:38:16.093,1789166296.09324,-46
2026-09-11 19:38:16.100,1789166296.1009324,-31
2026-09-11 19:38:16.108,1789166296.1086247,-21
2026-09-11 19:38:16.116,1789166296.116317,-24
2026-09-11 19:38:16.124,1789166296.1240091,-29
2026-09-11 19:38:16.131,1789166296.1317015,-31
2026-09-11 19:38:16.139,1789166296.1393938,-19
2026-09-11 19:38:16.147,1789166296.1470861,-14
2026-09-11 19:38:16.154,1789166296.1547785,-29
2026-09-11 19:38:16.162,1789166296.1624708,-38
2026-09-11 19:38:16.170,1789166296.1701632,-33
2026-09-11 19:38:16.177,1789166296.1778555,-41
2026-09-11 19:38:16.185,1789166296.1855476,-38
2026-09-11 19:38:16.193,1789166296.19324,-19
2026-09-11 19:38:16.200,1789166296.2009323,0
2026-09-11 19:38:16.208,1789166296.2086246,16
2026-09-11 19:38:16.216,1789166296.216317,14
2026-09-11 19:38:16.224,1789166296.2240093,-12
2026-09-11 19:38:16.231,1789166296.2317016,-33
2026-09-11 19:38:16.239,1789166296.239394,-26
2026-09-11 19:38:16.247,1789166296.247086,-24
2026-09-11 19:38:16.254,1789166296.2547784,-53
2026-09-11 19:38:16.262,1789166296.2624707,-67
2026-09-11 19:38:16.270,1789166296.270163,-41
2026-09-11 19:38:16.277,1789166296.2778554,-29
2026-09-11 19:38:16.285,1789166296.2855477,-48
2026-09-11 19:38:16.293,1789166296.29324,-46
2026-09-11 19:38:16.300,1789166296.3009324,-38
2026-09-11 19:38:16.308,1789166296.3086245,0
2026-09-11 19:38:16.316,1789166296.3163168,191
2026-09-11 19:38:16.324,1789166296.3240092,543
2026-09-11 19:38:16.331,1789166296.3317015,846
2026-09-11 19:38:16.339,1789166296.3393939,776
2026-09-11 19:38:16.347,1789166296.3470862,101
2026-09-11 19:38:16.354,1789166296.3547785,-538
2026-09-11 19:38:16.362,1789166296.3624709,-371
2026-09-11 19:38:16.370,1789166296.370163,-14
2026-09-11 19:38:16.377,1789166296.3778553,-72
2026-09-11 19:38:16.385,1789166296.3855476,-118
2026-09-11 19:38:16.393,1789166296.39324,-36
2026-09-11 19:38:16.400,1789166296.4009323,-46
2026-09-11 19:38:16.408,1789166296.4086246,-60
2026-09-11 19:38:16.416,1789166296.416317,-19
2026-09-11 19:38:16.424,1789166296.4240093,-9
2026-09-11 19:38:16.431,1789166296.4317014,-9
2026-09-11 19:38:16.439,1789166296.4393938,4
2026-09-11 19:38:16.447,1789166296.447086,14
2026-09-11 19:38:16.454,1789166296.4547784,21
2026-09-11 19:38:16.462,1789166296.4624708,41
2026-09-11 19:38:16.470,1789166296.470163,53
2026-09-11 19:38:16.477,1789166296.4778554,63
2026-09-11 19:38:16.485,1789166296.4855478,80
2026-09-11 19:38:16.493,1789166296.49324,94
2026-09-11 19:38:16.500,1789166296.5009322,109
2026-09-11 19:38:16.508,1789166296.5086246,130
2026-09-11 19:38:16.516,1789166296.516317,145
2026-09-11 19:38:16.523,1789166296.5234475,145
2026-09-11 19:38:16.531,1789166296.5311399,140
2026-09-11 19:38:16.538,1789166296.5388322,143
2026-09-11 19:38:16.546,1789166296.5465245,147
2026-09-11 19:38:16.554,1789166296.5542169,138
2026-09-11 19:38:16.561,1789166296.561909,118
2026-09-11 19:38:16.569,1789166296.5696013,104
2026-09-11 19:38:16.577,1789166296.5772936,70
2026-09-11 19:38:16.584,1789166296.584986,29
2026-09-11 19:38:16.592,1789166296.5926783,0
2026-09-11 19:38:16.600,1789166296.6003706,-24
2026-09-11 19:38:16.608,1789166296.608063,-53
2026-09-11 19:38:16.615,1789166296.6157553,-70
2026-09-11 19:38:16.623,1789166296.6234474,-72
2026-09-11 19:38:16.631,1789166296.6311398,-72
2026-09-11 19:38:16.638,1789166296.638832,-65
2026-09-11 19:38:16.646,1789166296.6465244,-50
2026-09-11 19:38:16.654,1789166296.6542168,-41
2026-09-11 19:38:16.661,1789166296.661909,-33
2026-09-11 19:38:16.669,1789166296.6696014,-24
2026-09-11 19:38:16.677,1789166296.6772938,-16
2026-09-11 19:38:16.684,1789166296.6849859,-12
2026-09-11 19:38:16.692,1789166296.6926782,-7
2026-09-11 19:38:16.700,1789166296.7003706,-7
2026-09-11 19:38:16.708,1789166296.708063,-4
2026-09-11 19:38:16.715,1789166296.7157552,-4
2026-09-11 19:38:16.723,1789166296.7234476,-12
2026-09-11 19:38:16.731,1789166296.73114,-16
2026-09-11 19:38:16.738,1789166296.7388322,-14
2026-09-11 19:38:16.746,1789166296.7465243,-16
2026-09-11 19:38:16.754,1789166296.7542167,-7
2026-09-11 19:38:16.761,1789166296.761909,12
2026-09-11 19:38:16.769,1789166296.7696013,21
2026-09-11 19:38:16.777,1789166296.7772937,29
2026-09-11 19:38:16.784,1789166296.784986,26
2026-09-11 19:38:16.792,1789166296.7926784,7
2026-09-11 19:38:16.800,1789166296.8003707,-19
2026-09-11 19:38:16.808,1789166296.8080628,-26
2026-09-11 19:38:16.815,1789166296.8157551,-21
2026-09-11 19:38:16.823,1789166296.8234475,-24
2026-09-11 19:38:16.831,1789166296.8311398,-24
2026-09-11 19:38:16.838,1789166296.8388321,-16
2026-09-11 19:38:16.846,1789166296.8465245,-12
2026-09-11 19:38:16.854,1789166296.8542168,-19
2026-09-11 19:38:16.861,1789166296.8619092,-24
2026-09-11 19:38:16.869,1789166296.8696012,2
2026-09-11 19:38:16.877,1789166296.8772936,130
2026-09-11 19:38:16.884,1789166296.884986,404
2026-09-11 19:38:16.892,1789166296.8926783,742
2026-09-11 19:38:16.900,1789166296.9003706,914
2026-09-11 19:38:16.908,1789166296.908063,489
2026-09-11 19:38:16.915,1789166296.9157553,-286
2026-09-11 19:38:16.923,1789166296.9234476,-419
2026-09-11 19:38:16.931,1789166296.9311397,-50
2026-09-11 19:38:16.938,1789166296.938832,-14
2026-09-11 19:38:16.946,1789166296.9465244,-128
2026-09-11 19:38:16.954,1789166296.9542167,-55
2026-09-11 19:38:16.961,1789166296.961909,-19
2026-09-11 19:38:16.969,1789166296.9696014,-58
2026-09-11 19:38:16.977,1789166296.9772937,-41
2026-09-11 19:38:16.984,1789166296.984986,-14
2026-09-11 19:38:16.992,1789166296.9926782,-16
2026-09-11 19:38:17.000,1789166297.0003705,-12
2026-09-11 19:38:17.008,1789166297.0080628,2
2026-09-11 19:38:17.015,1789166297.0157552,9
2026-09-11 19:38:17.023,1789166297.0234475,16
2026-09-11 19:38:17.031,1789166297.0311399,31
2026-09-11 19:38:17.038,1789166297.0388322,38
2026-09-11 19:38:17.046,1789166297.0465245,46
2026-09-11 19:38:17.054,1789166297.0542169,60
2026-09-11 19:38:17.061,1789166297.061909,70
2026-09-11 19:38:17.069,1789166297.0696013,72
2026-09-11 19:38:17.077,1789166297.0772936,80
2026-09-11 19:38:17.084,1789166297.0844243,84
2026-09-11 19:38:17.092,1789166297.0921166,84
2026-09-11 19:38:17.099,1789166297.099809,80
2026-09-11 19:38:17.107,1789166297.1075013,72
2026-09-11 19:38:17.115,1789166297.1151936,63
2026-09-11 19:38:17.122,1789166297.1228857,58
2026-09-11 19:38:17.130,1789166297.130578,53
2026-09-11 19:38:17.138,1789166297.1382704,38
2026-09-11 19:38:17.145,1789166297.1459627,14
2026-09-11 19:38:17.153,1789166297.153655,-4
2026-09-11 19:38:17.161,1789166297.1613474,-26
2026-09-11 19:38:17.169,1789166297.1690397,-43
2026-09-11 19:38:17.176,1789166297.176732,-55
2026-09-11 19:38:17.184,1789166297.1844242,-63
2026-09-11 19:38:17.192,1789166297.1921165,-60
2026-09-11 19:38:17.199,1789166297.1998088,-48
2026-09-11 19:38:17.207,1789166297.2075012,-38
2026-09-11 19:38:17.215,1789166297.2151935,-31
2026-09-11 19:38:17.222,1789166297.2228858,-24
2026-09-11 19:38:17.230,1789166297.2305782,-14
2026-09-11 19:38:17.238,1789166297.2382705,-9
2026-09-11 19:38:17.245,1789166297.2459626,-7
2026-09-11 19:38:17.253,1789166297.253655,-9
2026-09-11 19:38:17.261,1789166297.2613473,-7
2026-09-11 19:38:17.269,1789166297.2690396,-7
2026-09-11 19:38:17.276,1789166297.276732,-12
2026-09-11 19:38:17.284,1789166297.2844243,-19
2026-09-11 19:38:17.292,1789166297.2921166,-29
2026-09-11 19:38:17.299,1789166297.299809,-26
2026-09-11 19:38:17.307,1789166297.307501,-16
2026-09-11 19:38:17.315,1789166297.3151934,-14
2026-09-11 19:38:17.322,1789166297.3228858,-2
2026-09-11 19:38:17.330,1789166297.330578,19
2026-09-11 19:38:17.338,1789166297.3382704,31
2026-09-11 19:38:17.345,1789166297.3459628,29
2026-09-11 19:38:17.353,1789166297.353655,19
2026-09-11 19:38:17.361,1789166297.3613474,2
2026-09-11 19:38:17.369,1789166297.3690395,-14
2026-09-11 19:38:17.376,1789166297.3767319,-21
2026-09-11 19:38:17.384,1789166297.3844242,-19
2026-09-11 19:38:17.392,1789166297.3921165,-21
2026-09-11 19:38:17.399,1789166297.399809,-21
2026-09-11 19:38:17.407,1789166297.4075012,-16
2026-09-11 19:38:17.415,1789166297.4151936,-19
2026-09-11 19:38:17.422,1789166297.422886,-26
2026-09-11 19:38:17.430,1789166297.430578,-24
2026-09-11 19:38:17.438,1789166297.4382703,33
2026-09-11 19:38:17.445,1789166297.4459627,198
2026-09-11 19:38:17.453,1789166297.453655,470
2026-09-11 19:38:17.461,1789166297.4613473,836
2026-09-11 19:38:17.469,1789166297.4690397,916
2026-09-11 19:38:17.476,1789166297.476732,274
2026-09-11 19:38:17.484,1789166297.4844244,-383
2026-09-11 19:38:17.492,1789166297.4921165,-252
2026-09-11 19:38:17.499,1789166297.4998088,16
2026-09-11 19:38:17.507,1789166297.5075011,-87
2026-09-11 19:38:17.515,1789166297.5151935,-133
2026-09-11 19:38:17.522,1789166297.5228858,-43
2026-09-11 19:38:17.530,1789166297.5305781,-50
2026-09-11 19:38:17.538,1789166297.5382705,-72
2026-09-11 19:38:17.545,1789166297.5459628,-38
2026-09-11 19:38:17.553,1789166297.553655,-26
2026-09-11 19:38:17.561,1789166297.5613472,-31
2026-09-11 19:38:17.569,1789166297.5690396,-16
2026-09-11 19:38:17.576,1789166297.576732,-4
2026-09-11 19:38:17.584,1789166297.5844243,0
2026-09-11 19:38:17.592,1789166297.5921166,4
2026-09-11 19:38:17.599,1789166297.599809,12
2026-09-11 19:38:17.607,1789166297.6075013,21
2026-09-11 19:38:17.615,1789166297.6151936,33
2026-09-11 19:38:17.622,1789166297.6228857,46
2026-09-11 19:38:17.630,1789166297.630578,53
2026-09-11 19:38:17.638,1789166297.6382704,58
2026-09-11 19:38:17.645,1789166297.6454012,55
2026-09-11 19:38:17.653,1789166297.6530936,55
2026-09-11 19:38:17.660,1789166297.660786,50
2026-09-11 19:38:17.668,1789166297.6684783,41
2026-09-11 19:38:17.676,1789166297.6761706,36
2026-09-11 19:38:17.683,1789166297.6838627,33
2026-09-11 19:38:17.691,1789166297.691555,29
2026-09-11 19:38:17.699,1789166297.6992474,21
2026-09-11 19:38:17.706,1789166297.7069397,14
2026-09-11 19:38:17.714,1789166297.714632,4
2026-09-11 19:38:17.722,1789166297.7223244,-12
2026-09-11 19:38:17.730,1789166297.7300167,-26
2026-09-11 19:38:17.737,1789166297.737709,-31
2026-09-11 19:38:17.745,1789166297.7454011,-36
2026-09-11 19:38:17.753,1789166297.7530935,-41
2026-09-11 19:38:17.760,1789166297.7607858,-38
2026-09-11 19:38:17.768,1789166297.7684782,-29
2026-09-11 19:38:17.776,1789166297.7761705,-21
2026-09-11 19:38:17.783,1789166297.7838628,-16
2026-09-11 19:38:17.791,1789166297.7915552,-9
2026-09-11 19:38:17.799,1789166297.7992475,-4
2026-09-11 19:38:17.806,1789166297.8069396,-2
2026-09-11 19:38:17.814,1789166297.814632,-2
2026-09-11 19:38:17.822,1789166297.8223243,-2
2026-09-11 19:38:17.830,1789166297.8300166,-2
2026-09-11 19:38:17.837,1789166297.837709,-4
2026-09-11 19:38:17.845,1789166297.8454013,-4
2026-09-11 19:38:17.853,1789166297.8530936,-2
2026-09-11 19:38:17.860,1789166297.860786,-9
2026-09-11 19:38:17.868,1789166297.868478,-24
2026-09-11 19:38:17.876,1789166297.8761704,-19
2026-09-11 19:38:17.883,1789166297.8838627,-12
2026-09-11 19:38:17.891,1789166297.891555,-9
2026-09-11 19:38:17.899,1789166297.8992474,4
2026-09-11 19:38:17.906,1789166297.9069397,33
2026-09-11 19:38:17.914,1789166297.914632,50
2026-09-11 19:38:17.922,1789166297.9223244,43
2026-09-11 19:38:17.930,1789166297.9300165,26
2026-09-11 19:38:17.937,1789166297.9377089,9
2026-09-11 19:38:17.945,1789166297.9454012,-7
2026-09-11 19:38:17.953,1789166297.9530935,-16
2026-09-11 19:38:17.960,1789166297.9607859,-19
2026-09-11 19:38:17.968,1789166297.9684782,-19
2026-09-11 19:38:17.976,1789166297.9761705,-16
2026-09-11 19:38:17.983,1789166297.9838629,-14
2026-09-11 19:38:17.991,1789166297.991555,-16
2026-09-11 19:38:17.999,1789166297.9992473,-19
2026-09-11 19:38:18.006,1789166298.0069396,-21
2026-09-11 19:38:18.014,1789166298.014632,29
2026-09-11 19:38:18.022,1789166298.0223243,184
2026-09-11 19:38:18.030,1789166298.0300167,431
2026-09-11 19:38:18.037,1789166298.037709,771
2026-09-11 19:38:18.045,1789166298.0454013,860
2026-09-11 19:38:18.053,1789166298.0530934,252
2026-09-11 19:38:18.060,1789166298.0607858,-375
2026-09-11 19:38:18.068,1789166298.068478,-249
2026-09-11 19:38:18.076,1789166298.0761704,14
2026-09-11 19:38:18.083,1789166298.0838628,-72
2026-09-11 19:38:18.091,1789166298.091555,-118
2026-09-11 19:38:18.099,1789166298.0992475,-38
2026-09-11 19:38:18.106,1789166298.1069398,-41
2026-09-11 19:38:18.114,1789166298.114632,-60
2026-09-11 19:38:18.122,1789166298.1223242,-31
2026-09-11 19:38:18.130,1789166298.1300166,-19
2026-09-11 19:38:18.137,1789166298.137709,-26
2026-09-11 19:38:18.145,1789166298.1454012,-14
2026-09-11 19:38:18.153,1789166298.1530936,-2
2026-09-11 19:38:18.160,1789166298.160786,0
2026-09-11 19:38:18.168,1789166298.1684783,7
2026-09-11 19:38:18.176,1789166298.1761706,16
2026-09-11 19:38:18.183,1789166298.1838627,26
2026-09-11 19:38:18.191,1789166298.191555,36
2026-09-11 19:38:18.199,1789166298.1992474,46
2026-09-11 19:38:18.206,1789166298.206378,55
2026-09-11 19:38:18.214,1789166298.2140703,60
2026-09-11 19:38:18.221,1789166298.2217627,65
2026-09-11 19:38:18.229,1789166298.229455,67
2026-09-11 19:38:18.237,1789166298.2371473,60
2026-09-11 19:38:18.244,1789166298.2448394,50
2026-09-11 19:38:18.252,1789166298.2525318,53
2026-09-11 19:38:18.260,1789166298.260224,53
2026-09-11 19:38:18.267,1789166298.2679164,46
2026-09-11 19:38:18.275,1789166298.2756088,41
2026-09-11 19:38:18.283,1789166298.283301,29
2026-09-11 19:38:18.290,1789166298.2909935,12
2026-09-11 19:38:18.298,1789166298.2986858,-4
2026-09-11 19:38:18.306,1789166298.306378,-19
2026-09-11 19:38:18.314,1789166298.3140702,-36
2026-09-11 19:38:18.321,1789166298.3217626,-43
2026-09-11 19:38:18.329,1789166298.329455,-41
2026-09-11 19:38:18.337,1789166298.3371472,-41
2026-09-11 19:38:18.344,1789166298.3448396,-33
2026-09-11 19:38:18.352,1789166298.352532,-24
2026-09-11 19:38:18.360,1789166298.3602242,-21
2026-09-11 19:38:18.367,1789166298.3679163,-16
2026-09-11 19:38:18.375,1789166298.3756087,-12
2026-09-11 19:38:18.383,1789166298.383301,-9
2026-09-11 19:38:18.390,1789166298.3909934,-4
2026-09-11 19:38:18.398,1789166298.3986857,-7
2026-09-11 19:38:18.406,1789166298.406378,-14
2026-09-11 19:38:18.414,1789166298.4140704,-16
2026-09-11 19:38:18.421,1789166298.4217627,-12
2026-09-11 19:38:18.429,1789166298.4294548,-9
2026-09-11 19:38:18.437,1789166298.4371471,-14
2026-09-11 19:38:18.444,1789166298.4448395,-19
2026-09-11 19:38:18.452,1789166298.4525318,-21
2026-09-11 19:38:18.460,1789166298.4602242,-29
2026-09-11 19:38:18.467,1789166298.4679165,-29
2026-09-11 19:38:18.475,1789166298.4756088,-19
2026-09-11 19:38:18.483,1789166298.4833012,-12
2026-09-11 19:38:18.490,1789166298.4909933,4
2026-09-11 19:38:18.498,1789166298.4986856,29
2026-09-11 19:38:18.506,1789166298.506378,36
2026-09-11 19:38:18.514,1789166298.5140703,24
2026-09-11 19:38:18.521,1789166298.5217626,14
2026-09-11 19:38:18.529,1789166298.529455,4
2026-09-11 19:38:18.537,1789166298.5371473,-9
2026-09-11 19:38:18.544,1789166298.5448396,-24
2026-09-11 19:38:18.552,1789166298.5525317,-33
2026-09-11 19:38:18.560,1789166298.560224,-41
2026-09-11 19:38:18.567,1789166298.5679164,-41
2026-09-11 19:38:18.575,1789166298.5756087,-36
2026-09-11 19:38:18.583,1789166298.583301,-33
2026-09-11 19:38:18.590,1789166298.5909934,-46
2026-09-11 19:38:18.598,1789166298.5986857,-48
2026-09-11 19:38:18.606,1789166298.606378,21
2026-09-11 19:38:18.614,1789166298.6140702,208
2026-09-11 19:38:18.621,1789166298.6217625,475
2026-09-11 19:38:18.629,1789166298.6294549,751
2026-09-11 19:38:18.637,1789166298.6371472,671
2026-09-11 19:38:18.644,1789166298.6448395,-7
2026-09-11 19:38:18.652,1789166298.6525319,-482
2026-09-11 19:38:18.660,1789166298.6602242,-244
2026-09-11 19:38:18.667,1789166298.6679165,-29
2026-09-11 19:38:18.675,1789166298.6756086,-123
2026-09-11 19:38:18.683,1789166298.683301,-116
2026-09-11 19:38:18.690,1789166298.6909933,-38
2026-09-11 19:38:18.698,1789166298.6986856,-63
2026-09-11 19:38:18.706,1789166298.706378,-80
2026-09-11 19:38:18.714,1789166298.7140703,-46
2026-09-11 19:38:18.721,1789166298.7217627,-26
2026-09-11 19:38:18.729,1789166298.729455,-26
2026-09-11 19:38:18.737,1789166298.7371473,-14
2026-09-11 19:38:18.744,1789166298.7448394,-4
2026-09-11 19:38:18.752,1789166298.7525318,0
2026-09-11 19:38:18.760,1789166298.760224,14
2026-09-11 19:38:18.767,1789166298.7673547,29
2026-09-11 19:38:18.775,1789166298.775047,38
2026-09-11 19:38:18.782,1789166298.7827394,38
2026-09-11 19:38:18.790,1789166298.7904317,48
2026-09-11 19:38:18.798,1789166298.798124,70
2026-09-11 19:38:18.805,1789166298.8058162,84
2026-09-11 19:38:18.813,1789166298.8135085,87
2026-09-11 19:38:18.821,1789166298.8212008,89
2026-09-11 19:38:18.828,1789166298.8288932,97
2026-09-11 19:38:18.836,1789166298.8365855,101
2026-09-11 19:38:18.844,1789166298.8442779,97
2026-09-11 19:38:18.851,1789166298.8519702,82
2026-09-11 19:38:18.859,1789166298.8596625,77
2026-09-11 19:38:18.867,1789166298.8673546,77
2026-09-11 19:38:18.875,1789166298.875047,58
2026-09-11 19:38:18.882,1789166298.8827393,29
2026-09-11 19:38:18.890,1789166298.8904316,7
2026-09-11 19:38:18.898,1789166298.898124,-19
2026-09-11 19:38:18.905,1789166298.9058163,-41
2026-09-11 19:38:18.913,1789166298.9135087,-55
2026-09-11 19:38:18.921,1789166298.921201,-55
2026-09-11 19:38:18.928,1789166298.928893,-50
2026-09-11 19:38:18.936,1789166298.9365854,-50
2026-09-11 19:38:18.944,1789166298.9442778,-48
2026-09-11 19:38:18.951,1789166298.95197,-36
2026-09-11 19:38:18.959,1789166298.9596624,-29
2026-09-11 19:38:18.967,1789166298.9673548,-21
2026-09-11 19:38:18.975,1789166298.975047,-9
2026-09-11 19:38:18.982,1789166298.9827394,-2
2026-09-11 19:38:18.990,1789166298.9904315,-7
2026-09-11 19:38:18.998,1789166298.998124,-7
2026-09-11 19:38:19.005,1789166299.0058162,-9
2026-09-11 19:38:19.013,1789166299.0135086,-19
2026-09-11 19:38:19.021,1789166299.021201,-24
2026-09-11 19:38:19.028,1789166299.0288932,-31
2026-09-11 19:38:19.036,1789166299.0365856,-36
2026-09-11 19:38:19.044,1789166299.044278,-36
2026-09-11 19:38:19.051,1789166299.05197,-29
2026-09-11 19:38:19.059,1789166299.0596623,-9
2026-09-11 19:38:19.067,1789166299.0673547,14
2026-09-11 19:38:19.075,1789166299.075047,21
2026-09-11 19:38:19.082,1789166299.0827394,31
2026-09-11 19:38:19.090,1789166299.0904317,36
2026-09-11 19:38:19.098,1789166299.098124,4
2026-09-11 19:38:19.105,1789166299.1058164,-24
2026-09-11 19:38:19.113,1789166299.1135085,-24
2026-09-11 19:38:19.121,1789166299.1212008,-29
2026-09-11 19:38:19.128,1789166299.1288931,-46
2026-09-11 19:38:19.136,1789166299.1365855,-36
2026-09-11 19:38:19.144,1789166299.1442778,-14
2026-09-11 19:38:19.151,1789166299.1519701,-16
2026-09-11 19:38:19.159,1789166299.1596625,-29
2026-09-11 19:38:19.167,1789166299.1673548,-36
2026-09-11 19:38:19.175,1789166299.175047,-31
2026-09-11 19:38:19.182,1789166299.1827393,65
2026-09-11 19:38:19.190,1789166299.1904316,315
2026-09-11 19:38:19.198,1789166299.198124,659
2026-09-11 19:38:19.205,1789166299.2058163,863
2026-09-11 19:38:19.213,1789166299.2135086,489
2026-09-11 19:38:19.221,1789166299.221201,-310
2026-09-11 19:38:19.228,1789166299.2288933,-523
2026-09-11 19:38:19.236,1789166299.2365854,-123
2026-09-11 19:38:19.244,1789166299.2442777,-14
2026-09-11 19:38:19.251,1789166299.25197,-126
2026-09-11 19:38:19.259,1789166299.2596624,-60
2026-09-11 19:38:19.267,1789166299.2673547,-14
2026-09-11 19:38:19.275,1789166299.275047,-50
2026-09-11 19:38:19.282,1789166299.2827394,-43
2026-09-11 19:38:19.290,1789166299.2904317,-7
2026-09-11 19:38:19.298,1789166299.298124,2
2026-09-11 19:38:19.305,1789166299.3058162,2
2026-09-11 19:38:19.313,1789166299.3135085,21
2026-09-11 19:38:19.321,1789166299.3212008,38
2026-09-11 19:38:19.328,1789166299.3283315,36
2026-09-11 19:38:19.336,1789166299.3360238,36
2026-09-11 19:38:19.343,1789166299.3437161,60
2026-09-11 19:38:19.351,1789166299.3514085,82
2026-09-11 19:38:19.359,1789166299.3591008,89
2026-09-11 19:38:19.366,1789166299.366793,109
2026-09-11 19:38:19.374,1789166299.3744853,133
2026-09-11 19:38:19.382,1789166299.3821776,135
2026-09-11 19:38:19.389,1789166299.38987,133
2026-09-11 19:38:19.397,1789166299.3975623,143
2026-09-11 19:38:19.405,1789166299.4052546,150
2026-09-11 19:38:19.412,1789166299.412947,145
2026-09-11 19:38:19.420,1789166299.4206393,138
2026-09-11 19:38:19.428,1789166299.4283314,140
2026-09-11 19:38:19.436,1789166299.4360237,130
2026-09-11 19:38:19.443,1789166299.443716,99
2026-09-11 19:38:19.451,1789166299.4514084,60
2026-09-11 19:38:19.459,1789166299.4591007,24
2026-09-11 19:38:19.466,1789166299.466793,-12
2026-09-11 19:38:19.474,1789166299.4744854,-46
2026-09-11 19:38:19.482,1789166299.4821777,-72
2026-09-11 19:38:19.489,1789166299.4898698,-82
2026-09-11 19:38:19.497,1789166299.4975622,-75
2026-09-11 19:38:19.505,1789166299.5052545,-67
2026-09-11 19:38:19.512,1789166299.5129468,-63
2026-09-11 19:38:19.520,1789166299.5206392,-65
2026-09-11 19:38:19.528,1789166299.5283315,-53
2026-09-11 19:38:19.536,1789166299.5360239,-26
2026-09-11 19:38:19.543,1789166299.5437162,-29
2026-09-11 19:38:19.551,1789166299.5514083,-41
2026-09-11 19:38:19.559,1789166299.5591006,-21
2026-09-11 19:38:19.566,1789166299.566793,-12
2026-09-11 19:38:19.574,1789166299.5744853,-21
2026-09-11 19:38:19.582,1789166299.5821776,-19
2026-09-11 19:38:19.589,1789166299.58987,-14
2026-09-11 19:38:19.597,1789166299.5975623,-26
2026-09-11 19:38:19.605,1789166299.6052547,-31
2026-09-11 19:38:19.612,1789166299.6129467,-31
2026-09-11 19:38:19.620,1789166299.620639,-24
2026-09-11 19:38:19.628,1789166299.6283314,-9
2026-09-11 19:38:19.636,1789166299.6360238,7
2026-09-11 19:38:19.643,1789166299.643716,16
2026-09-11 19:38:19.651,1789166299.6514084,24
2026-09-11 19:38:19.659,1789166299.6591008,16
2026-09-11 19:38:19.666,1789166299.666793,-9
2026-09-11 19:38:19.674,1789166299.6744852,-26
2026-09-11 19:38:19.682,1789166299.6821775,-29
2026-09-11 19:38:19.689,1789166299.6898699,-26
2026-09-11 19:38:19.697,1789166299.6975622,-29
2026-09-11 19:38:19.705,1789166299.7052546,-21
2026-09-11 19:38:19.712,1789166299.712947,-16
2026-09-11 19:38:19.720,1789166299.7206392,-19
2026-09-11 19:38:19.728,1789166299.7283316,-19
2026-09-11 19:38:19.736,1789166299.7360237,-21
2026-09-11 19:38:19.743,1789166299.743716,-4
2026-09-11 19:38:19.751,1789166299.7514083,130
2026-09-11 19:38:19.759,1789166299.7591007,436
2026-09-11 19:38:19.766,1789166299.766793,776
2026-09-11 19:38:19.774,1789166299.7744853,863
2026-09-11 19:38:19.782,1789166299.7821777,351
2026-09-11 19:38:19.789,1789166299.78987,-385
2026-09-11 19:38:19.797,1789166299.7975621,-429
2026-09-11 19:38:19.805,1789166299.8052545,-38
2026-09-11 19:38:19.812,1789166299.8129468,-19
2026-09-11 19:38:19.820,1789166299.8206391,-116
2026-09-11 19:38:19.828,1789166299.8283315,-33
2026-09-11 19:38:19.836,1789166299.8360238,-2
2026-09-11 19:38:19.843,1789166299.8437161,-36
2026-09-11 19:38:19.851,1789166299.8514085,-14
2026-09-11 19:38:19.859,1789166299.8591008,9
2026-09-11 19:38:19.866,1789166299.866793,4
2026-09-11 19:38:19.874,1789166299.8744853,14
2026-09-11 19:38:19.882,1789166299.8821776,29
2026-09-11 19:38:19.889,1789166299.8893082,38
2026-09-11 19:38:19.897,1789166299.8970006,50
2026-09-11 19:38:19.904,1789166299.904693,60
2026-09-11 19:38:19.912,1789166299.9123852,70
2026-09-11 19:38:19.920,1789166299.9200776,82
2026-09-11 19:38:19.927,1789166299.9277697,92
2026-09-11 19:38:19.935,1789166299.935462,106
2026-09-11 19:38:19.943,1789166299.9431543,121
2026-09-11 19:38:19.950,1789166299.9508467,126
2026-09-11 19:38:19.958,1789166299.958539,128
2026-09-11 19:38:19.966,1789166299.9662313,133
2026-09-11 19:38:19.973,1789166299.9739237,133
2026-09-11 19:38:19.981,1789166299.981616,126
2026-09-11 19:38:19.989,1789166299.989308,121
2026-09-11 19:38:19.997,1789166299.9970005,111
2026-09-11 19:38:20.004,1789166300.0046928,97
2026-09-11 19:38:20.012,1789166300.0123851,75
2026-09-11 19:38:20.020,1789166300.0200775,48
2026-09-11 19:38:20.027,1789166300.0277698,16
2026-09-11 19:38:20.035,1789166300.0354621,-9
2026-09-11 19:38:20.043,1789166300.0431545,-29
2026-09-11 19:38:20.050,1789166300.0508466,-41
2026-09-11 19:38:20.058,1789166300.058539,-48
2026-09-11 19:38:20.066,1789166300.0662313,-53
2026-09-11 19:38:20.073,1789166300.0739236,-48
2026-09-11 19:38:20.081,1789166300.081616,-41
2026-09-11 19:38:20.089,1789166300.0893083,-31
2026-09-11 19:38:20.097,1789166300.0970006,-21
2026-09-11 19:38:20.104,1789166300.104693,-14
2026-09-11 19:38:20.112,1789166300.112385,-9
2026-09-11 19:38:20.120,1789166300.1200774,-4
2026-09-11 19:38:20.127,1789166300.1277697,-4
2026-09-11 19:38:20.135,1789166300.135462,-2
2026-09-11 19:38:20.143,1789166300.1431544,0
2026-09-11 19:38:20.150,1789166300.1508467,0
2026-09-11 19:38:20.158,1789166300.158539,-4
2026-09-11 19:38:20.166,1789166300.1662314,-16
2026-09-11 19:38:20.173,1789166300.1739235,-16
2026-09-11 19:38:20.181,1789166300.1816158,-14
2026-09-11 19:38:20.189,1789166300.1893082,-12
2026-09-11 19:38:20.197,1789166300.1970005,0
2026-09-11 19:38:20.204,1789166300.2046928,24
2026-09-11 19:38:20.212,1789166300.2123852,41
2026-09-11 19:38:20.220,1789166300.2200775,36
2026-09-11 19:38:20.227,1789166300.2277699,21
2026-09-11 19:38:20.235,1789166300.235462,4
2026-09-11 19:38:20.243,1789166300.2431543,-7
2026-09-11 19:38:20.250,1789166300.2508466,-14
2026-09-11 19:38:20.258,1789166300.258539,-16
2026-09-11 19:38:20.266,1789166300.2662313,-16
2026-09-11 19:38:20.273,1789166300.2739236,-16
2026-09-11 19:38:20.281,1789166300.281616,-12
2026-09-11 19:38:20.289,1789166300.2893083,-9
2026-09-11 19:38:20.297,1789166300.2970004,-16
2026-09-11 19:38:20.304,1789166300.3046927,-14
2026-09-11 19:38:20.312,1789166300.312385,55
2026-09-11 19:38:20.320,1789166300.3200774,244
2026-09-11 19:38:20.327,1789166300.3277698,540
2026-09-11 19:38:20.335,1789166300.335462,880
2026-09-11 19:38:20.343,1789166300.3431544,843
2026-09-11 19:38:20.350,1789166300.3508468,128
2026-09-11 19:38:20.358,1789166300.3585389,-426
2026-09-11 19:38:20.366,1789166300.3662312,-206
2026-09-11 19:38:20.373,1789166300.3739235,19
2026-09-11 19:38:20.381,1789166300.3816159,-101
2026-09-11 19:38:20.389,1789166300.3893082,-113
2026-09-11 19:38:20.397,1789166300.3970006,-29
2026-09-11 19:38:20.404,1789166300.404693,-48
2026-09-11 19:38:20.412,1789166300.4123852,-60
2026-09-11 19:38:20.420,1789166300.4200776,-24
2026-09-11 19:38:20.427,1789166300.4277697,-19
2026-09-11 19:38:20.435,1789166300.435462,-21
2026-09-11 19:38:20.443,1789166300.4431543,-4
2026-09-11 19:38:20.450,1789166300.4502852,4
2026-09-11 19:38:20.457,1789166300.4579775,4
2026-09-11 19:38:20.465,1789166300.4656699,14
2026-09-11 19:38:20.473,1789166300.4733622,24
2026-09-11 19:38:20.481,1789166300.4810545,29
2026-09-11 19:38:20.488,1789166300.4887466,38
2026-09-11 19:38:20.496,1789166300.496439,50
2026-09-11 19:38:20.504,1789166300.5041313,58
2026-09-11 19:38:20.511,1789166300.5118237,63
2026-09-11 19:38:20.519,1789166300.519516,65
2026-09-11 19:38:20.527,1789166300.5272083,67
2026-09-11 19:38:20.534,1789166300.5349007,60
2026-09-11 19:38:20.542,1789166300.542593,50
2026-09-11 19:38:20.550,1789166300.550285,46
2026-09-11 19:38:20.557,1789166300.5579774,41
2026-09-11 19:38:20.565,1789166300.5656698,36
2026-09-11 19:38:20.573,1789166300.573362,29
2026-09-11 19:38:20.581,1789166300.5810544,19
2026-09-11 19:38:20.588,1789166300.5887468,0
2026-09-11 19:38:20.596,1789166300.5964391,-14
2026-09-11 19:38:20.604,1789166300.6041315,-24
2026-09-11 19:38:20.611,1789166300.6118236,-33
2026-09-11 19:38:20.619,1789166300.619516,-41
2026-09-11 19:38:20.627,1789166300.6272082,-41
2026-09-11 19:38:20.634,1789166300.6349006,-33
2026-09-11 19:38:20.642,1789166300.642593,-29
2026-09-11 19:38:20.650,1789166300.6502852,-21
2026-09-11 19:38:20.657,1789166300.6579776,-12
2026-09-11 19:38:20.665,1789166300.66567,-7
2026-09-11 19:38:20.673,1789166300.673362,-2
2026-09-11 19:38:20.681,1789166300.6810544,2
2026-09-11 19:38:20.688,1789166300.6887467,2
2026-09-11 19:38:20.696,1789166300.696439,4
2026-09-11 19:38:20.704,1789166300.7041314,4
2026-09-11 19:38:20.711,1789166300.7118237,2
2026-09-11 19:38:20.719,1789166300.719516,-2
2026-09-11 19:38:20.727,1789166300.7272084,-7
2026-09-11 19:38:20.734,1789166300.7349005,-16
2026-09-11 19:38:20.742,1789166300.7425928,-14
2026-09-11 19:38:20.750,1789166300.7502851,-7
2026-09-11 19:38:20.757,1789166300.7579775,2
2026-09-11 19:38:20.765,1789166300.7656698,21
2026-09-11 19:38:20.773,1789166300.7733622,41
2026-09-11 19:38:20.781,1789166300.7810545,50
2026-09-11 19:38:20.788,1789166300.7887468,46
2026-09-11 19:38:20.796,1789166300.796439,29
2026-09-11 19:38:20.804,1789166300.8041313,12
2026-09-11 19:38:20.811,1789166300.8118236,-2
2026-09-11 19:38:20.819,1789166300.819516,-7
2026-09-11 19:38:20.827,1789166300.8272083,-12
2026-09-11 19:38:20.834,1789166300.8349006,-12
2026-09-11 19:38:20.842,1789166300.842593,-7
2026-09-11 19:38:20.850,1789166300.8502853,-4
2026-09-11 19:38:20.857,1789166300.8579774,-9
2026-09-11 19:38:20.865,1789166300.8656697,-16
2026-09-11 19:38:20.873,1789166300.873362,-9
2026-09-11 19:38:20.881,1789166300.8810544,70
2026-09-11 19:38:20.888,1789166300.8887467,254
2026-09-11 19:38:20.896,1789166300.896439,540
2026-09-11 19:38:20.904,1789166300.9041314,885
2026-09-11 19:38:20.911,1789166300.9118237,819
2026-09-11 19:38:20.919,1789166300.9195158,75
2026-09-11 19:38:20.927,1789166300.9272082,-417
2026-09-11 19:38:20.934,1789166300.9349005,-150
2026-09-11 19:38:20.942,1789166300.9425929,33
2026-09-11 19:38:20.950,1789166300.9502852,-101
2026-09-11 19:38:20.957,1789166300.9579775,-94
2026-09-11 19:38:20.965,1789166300.9656699,-16
2026-09-11 19:38:20.973,1789166300.9733622,-46
2026-09-11 19:38:20.981,1789166300.9810545,-53
2026-09-11 19:38:20.988,1789166300.9887466,-14
2026-09-11 19:38:20.996,1789166300.996439,-9
2026-09-11 19:38:21.004,1789166301.0041313,-14
2026-09-11 19:38:21.011,1789166301.0112772,0
2026-09-11 19:38:21.018,1789166301.0189695,9
2026-09-11 19:38:21.026,1789166301.0266619,14
2026-09-11 19:38:21.034,1789166301.0343542,24
2026-09-11 19:38:21.042,1789166301.0420465,31
2026-09-11 19:38:21.049,1789166301.0497386,36
2026-09-11 19:38:21.057,1789166301.057431,46
2026-09-11 19:38:21.065,1789166301.0651233,55
2026-09-11 19:38:21.072,1789166301.0728157,65
2026-09-11 19:38:21.080,1789166301.080508,70
2026-09-11 19:38:21.088,1789166301.0882003,75
2026-09-11 19:38:21.095,1789166301.0958927,72
2026-09-11 19:38:21.103,1789166301.103585,65
2026-09-11 19:38:21.111,1789166301.111277,58
2026-09-11 19:38:21.118,1789166301.1189694,53
2026-09-11 19:38:21.126,1789166301.1266618,48
2026-09-11 19:38:21.134,1789166301.134354,46
2026-09-11 19:38:21.142,1789166301.1420465,38
2026-09-11 19:38:21.149,1789166301.1497388,26
2026-09-11 19:38:21.157,1789166301.1574311,12
2026-09-11 19:38:21.165,1789166301.1651235,-2
2026-09-11 19:38:21.172,1789166301.1728156,-16
2026-09-11 19:38:21.180,1789166301.180508,-31
2026-09-11 19:38:21.188,1789166301.1882002,-36
2026-09-11 19:38:21.195,1789166301.1958926,-33
2026-09-11 19:38:21.203,1789166301.203585,-29
2026-09-11 19:38:21.211,1789166301.2112772,-21
2026-09-11 19:38:21.218,1789166301.2189696,-14
2026-09-11 19:38:21.226,1789166301.226662,-9
2026-09-11 19:38:21.234,1789166301.234354,-7
2026-09-11 19:38:21.242,1789166301.2420464,0
2026-09-11 19:38:21.249,1789166301.2497387,2
2026-09-11 19:38:21.257,1789166301.257431,2
2026-09-11 19:38:21.265,1789166301.2651234,0
2026-09-11 19:38:21.272,1789166301.2728157,-2
2026-09-11 19:38:21.280,1789166301.280508,-4
2026-09-11 19:38:21.288,1789166301.2882004,-4
2026-09-11 19:38:21.295,1789166301.2958925,-12
2026-09-11 19:38:21.303,1789166301.3035848,-21
2026-09-11 19:38:21.311,1789166301.3112772,-19
2026-09-11 19:38:21.318,1789166301.3189695,-12
2026-09-11 19:38:21.326,1789166301.3266618,-2
2026-09-11 19:38:21.334,1789166301.3343542,14
2026-09-11 19:38:21.342,1789166301.3420465,36
2026-09-11 19:38:21.349,1789166301.3497388,48
2026-09-11 19:38:21.357,1789166301.357431,41
2026-09-11 19:38:21.365,1789166301.3651233,24
2026-09-11 19:38:21.372,1789166301.3728156,7
2026-09-11 19:38:21.380,1789166301.380508,-7
2026-09-11 19:38:21.388,1789166301.3882003,-19
2026-09-11 19:38:21.395,1789166301.3958926,-26
2026-09-11 19:38:21.403,1789166301.403585,-26
2026-09-11 19:38:21.411,1789166301.4112773,-21
2026-09-11 19:38:21.418,1789166301.4189694,-19
2026-09-11 19:38:21.426,1789166301.4266617,-19
2026-09-11 19:38:21.434,1789166301.434354,-21
2026-09-11 19:38:21.442,1789166301.4420464,-29
2026-09-11 19:38:21.449,1789166301.4497387,9
2026-09-11 19:38:21.457,1789166301.457431,150
2026-09-11 19:38:21.465,1789166301.4651234,392
2026-09-11 19:38:21.472,1789166301.4728158,710
2026-09-11 19:38:21.480,1789166301.4805079,790
2026-09-11 19:38:21.488,1789166301.4882002,215
2026-09-11 19:38:21.495,1789166301.4958925,-388
2026-09-11 19:38:21.503,1789166301.5035849,-276
2026-09-11 19:38:21.511,1789166301.5112772,-9
2026-09-11 19:38:21.518,1789166301.5189695,-70
2026-09-11 19:38:21.526,1789166301.5266619,-109
2026-09-11 19:38:21.534,1789166301.5343542,-46
2026-09-11 19:38:21.542,1789166301.5420465,-53
2026-09-11 19:38:21.549,1789166301.5497386,-67
2026-09-11 19:38:21.557,1789166301.557431,-38
2026-09-11 19:38:21.565,1789166301.5651233,-33
2026-09-11 19:38:21.572,1789166301.5722487,-41
2026-09-11 19:38:21.579,1789166301.579941,-21
2026-09-11 19:38:21.587,1789166301.5876334,2
2026-09-11 19:38:21.595,1789166301.5953257,2
2026-09-11 19:38:21.603,1789166301.603018,7
2026-09-11 19:38:21.610,1789166301.6107101,21
2026-09-11 19:38:21.618,1789166301.6184025,24
2026-09-11 19:38:21.626,1789166301.6260948,24
2026-09-11 19:38:21.633,1789166301.6337872,38
2026-09-11 19:38:21.641,1789166301.6414795,58
2026-09-11 19:38:21.649,1789166301.6491718,63
2026-09-11 19:38:21.656,1789166301.6568642,70
2026-09-11 19:38:21.664,1789166301.6645565,77
2026-09-11 19:38:21.672,1789166301.6722486,70
2026-09-11 19:38:21.679,1789166301.679941,63
2026-09-11 19:38:21.687,1789166301.6876333,63
2026-09-11 19:38:21.695,1789166301.6953256,70
2026-09-11 19:38:21.703,1789166301.703018,70
2026-09-11 19:38:21.710,1789166301.7107103,50
2026-09-11 19:38:21.718,1789166301.7184026,24
2026-09-11 19:38:21.726,1789166301.726095,2
2026-09-11 19:38:21.733,1789166301.733787,-14
2026-09-11 19:38:21.741,1789166301.7414794,-31
2026-09-11 19:38:21.749,1789166301.7491717,-48
2026-09-11 19:38:21.756,1789166301.756864,-65
2026-09-11 19:38:21.764,1789166301.7645564,-65
2026-09-11 19:38:21.772,1789166301.7722487,-58
2026-09-11 19:38:21.779,1789166301.779941,-53
2026-09-11 19:38:21.787,1789166301.7876334,-46
2026-09-11 19:38:21.795,1789166301.7953255,-31
2026-09-11 19:38:21.803,1789166301.8030179,-24
2026-09-11 19:38:21.810,1789166301.8107102,-26
2026-09-11 19:38:21.818,1789166301.8184025,-24
2026-09-11 19:38:21.826,1789166301.8260949,-19
2026-09-11 19:38:21.833,1789166301.8337872,-16
2026-09-11 19:38:21.841,1789166301.8414795,-21
2026-09-11 19:38:21.849,1789166301.8491719,-21
2026-09-11 19:38:21.856,1789166301.856864,-19
2026-09-11 19:38:21.864,1789166301.8645563,-21
2026-09-11 19:38:21.872,1789166301.8722486,-26
2026-09-11 19:38:21.879,1789166301.879941,-26
2026-09-11 19:38:21.887,1789166301.8876333,-29
2026-09-11 19:38:21.895,1789166301.8953257,-26
2026-09-11 19:38:21.903,1789166301.903018,0
2026-09-11 19:38:21.910,1789166301.9107103,31
2026-09-11 19:38:21.918,1789166301.9184024,38
2026-09-11 19:38:21.926,1789166301.9260948,36
2026-09-11 19:38:21.933,1789166301.933787,21
2026-09-11 19:38:21.941,1789166301.9414794,-4
2026-09-11 19:38:21.949,1789166301.9491718,-21
2026-09-11 19:38:21.956,1789166301.956864,-19
2026-09-11 19:38:21.964,1789166301.9645565,-24
2026-09-11 19:38:21.972,1789166301.9722488,-38
2026-09-11 19:38:21.979,1789166301.979941,-43
2026-09-11 19:38:21.987,1789166301.9876332,-29
2026-09-11 19:38:21.995,1789166301.9953256,-19
2026-09-11 19:38:22.003,1789166302.003018,-24
2026-09-11 19:38:22.010,1789166302.0107102,-26
2026-09-11 19:38:22.018,1789166302.0184026,19
2026-09-11 19:38:22.026,1789166302.026095,201
2026-09-11 19:38:22.033,1789166302.0337873,521
2026-09-11 19:38:22.041,1789166302.0414793,809
2026-09-11 19:38:22.049,1789166302.0491717,679
2026-09-11 19:38:22.056,1789166302.056864,-38
2026-09-11 19:38:22.064,1789166302.0645564,-548
2026-09-11 19:38:22.072,1789166302.0722487,-281
2026-09-11 19:38:22.079,1789166302.079941,0
2026-09-11 19:38:22.087,1789166302.0876334,-82
2026-09-11 19:38:22.095,1789166302.0953257,-84
2026-09-11 19:38:22.103,1789166302.103018,-12
2026-09-11 19:38:22.110,1789166302.1107101,-33
2026-09-11 19:38:22.118,1789166302.1184025,-43
2026-09-11 19:38:22.126,1789166302.1260948,-12
2026-09-11 19:38:22.133,1789166302.1332204,0
2026-09-11 19:38:22.140,1789166302.1409128,7
2026-09-11 19:38:22.148,1789166302.148605,19
2026-09-11 19:38:22.156,1789166302.1562974,24
2026-09-11 19:38:22.163,1789166302.1639898,26
2026-09-11 19:38:22.171,1789166302.171682,38
2026-09-11 19:38:22.179,1789166302.1793742,60
2026-09-11 19:38:22.187,1789166302.1870666,80
2026-09-11 19:38:22.194,1789166302.194759,97
2026-09-11 19:38:22.202,1789166302.2024512,106
2026-09-11 19:38:22.210,1789166302.2101436,113
2026-09-11 19:38:22.217,1789166302.217836,126
2026-09-11 19:38:22.225,1789166302.2255282,138
2026-09-11 19:38:22.233,1789166302.2332203,150
2026-09-11 19:38:22.240,1789166302.2409127,160
2026-09-11 19:38:22.248,1789166302.248605,155
2026-09-11 19:38:22.256,1789166302.2562973,143
2026-09-11 19:38:22.263,1789166302.2639897,145
2026-09-11 19:38:22.271,1789166302.271682,150
2026-09-11 19:38:22.279,1789166302.2793744,123
2026-09-11 19:38:22.287,1789166302.2870667,80
2026-09-11 19:38:22.294,1789166302.2947588,36
2026-09-11 19:38:22.302,1789166302.3024511,0
2026-09-11 19:38:22.310,1789166302.3101435,-29
2026-09-11 19:38:22.317,1789166302.3178358,-48
2026-09-11 19:38:22.325,1789166302.3255281,-70
2026-09-11 19:38:22.333,1789166302.3332205,-84
2026-09-11 19:38:22.340,1789166302.3409128,-77
2026-09-11 19:38:22.348,1789166302.3486052,-72
2026-09-11 19:38:22.356,1789166302.3562973,-67
2026-09-11 19:38:22.363,1789166302.3639896,-55
2026-09-11 19:38:22.371,1789166302.371682,-46
2026-09-11 19:38:22.379,1789166302.3793743,-29
2026-09-11 19:38:22.387,1789166302.3870666,-21
2026-09-11 19:38:22.394,1789166302.394759,-26
2026-09-11 19:38:22.402,1789166302.4024513,-14
2026-09-11 19:38:22.410,1789166302.4101436,-7
2026-09-11 19:38:22.417,1789166302.4178357,-19
2026-09-11 19:38:22.425,1789166302.425528,-21
2026-09-11 19:38:22.433,1789166302.4332204,-12
2026-09-11 19:38:22.440,1789166302.4409127,-21
2026-09-11 19:38:22.448,1789166302.448605,-36
2026-09-11 19:38:22.456,1789166302.4562974,-19
2026-09-11 19:38:22.463,1789166302.4639897,0
2026-09-11 19:38:22.471,1789166302.471682,4
2026-09-11 19:38:22.479,1789166302.4793742,16
2026-09-11 19:38:22.487,1789166302.4870665,33
2026-09-11 19:38:22.494,1789166302.4947588,19
2026-09-11 19:38:22.502,1789166302.5024512,-24
2026-09-11 19:38:22.510,1789166302.5101435,-41
2026-09-11 19:38:22.517,1789166302.5178359,-29
2026-09-11 19:38:22.525,1789166302.5255282,-33
2026-09-11 19:38:22.533,1789166302.5332205,-41
2026-09-11 19:38:22.540,1789166302.5409126,-33
2026-09-11 19:38:22.548,1789166302.548605,-24
2026-09-11 19:38:22.556,1789166302.5562973,-19
2026-09-11 19:38:22.563,1789166302.5639896,-19
2026-09-11 19:38:22.571,1789166302.571682,-29
2026-09-11 19:38:22.579,1789166302.5793743,26
2026-09-11 19:38:22.587,1789166302.5870667,247
2026-09-11 19:38:22.594,1789166302.594759,603
2026-09-11 19:38:22.602,1789166302.602451,890
2026-09-11 19:38:22.610,1789166302.6101434,720
2026-09-11 19:38:22.617,1789166302.6178358,-36
2026-09-11 19:38:22.625,1789166302.625528,-535
2026-09-11 19:38:22.633,1789166302.6332204,-249
2026-09-11 19:38:22.640,1789166302.6409128,12
2026-09-11 19:38:22.648,1789166302.648605,-87
2026-09-11 19:38:22.656,1789166302.6562974,-82
2026-09-11 19:38:22.663,1789166302.6639898,0
2026-09-11 19:38:22.671,1789166302.671682,-26
2026-09-11 19:38:22.679,1789166302.6793742,-33
2026-09-11 19:38:22.687,1789166302.6870666,9
2026-09-11 19:38:22.694,1789166302.6942227,16
2026-09-11 19:38:22.701,1789166302.701915,16
2026-09-11 19:38:22.709,1789166302.7096074,36
2026-09-11 19:38:22.717,1789166302.7172997,48
2026-09-11 19:38:22.724,1789166302.724992,53
2026-09-11 19:38:22.732,1789166302.7326841,63
2026-09-11 19:38:22.740,1789166302.7403765,77
2026-09-11 19:38:22.748,1789166302.7480688,89
2026-09-11 19:38:22.755,1789166302.7557611,104
2026-09-11 19:38:22.763,1789166302.7634535,123
2026-09-11 19:38:22.771,1789166302.7711458,135
2026-09-11 19:38:22.778,1789166302.7788382,143
2026-09-11 19:38:22.786,1789166302.7865305,150
2026-09-11 19:38:22.794,1789166302.7942226,157
2026-09-11 19:38:22.801,1789166302.801915,160
2026-09-11 19:38:22.809,1789166302.8096073,157
2026-09-11 19:38:22.817,1789166302.8172996,147
2026-09-11 19:38:22.824,1789166302.824992,135
2026-09-11 19:38:22.832,1789166302.8326843,118
2026-09-11 19:38:22.840,1789166302.8403766,101
2026-09-11 19:38:22.848,1789166302.848069,75
2026-09-11 19:38:22.855,1789166302.855761,41
2026-09-11 19:38:22.863,1789166302.8634534,9
2026-09-11 19:38:22.871,1789166302.8711457,-14
2026-09-11 19:38:22.878,1789166302.878838,-33
2026-09-11 19:38:22.886,1789166302.8865304,-41
2026-09-11 19:38:22.894,1789166302.8942227,-43
2026-09-11 19:38:22.901,1789166302.901915,-41
2026-09-11 19:38:22.909,1789166302.9096074,-36
2026-09-11 19:38:22.917,1789166302.9172995,-24
2026-09-11 19:38:22.924,1789166302.9249918,-16
2026-09-11 19:38:22.932,1789166302.9326842,-12
2026-09-11 19:38:22.940,1789166302.9403765,0
2026-09-11 19:38:22.948,1789166302.9480689,4
2026-09-11 19:38:22.955,1789166302.9557612,7
2026-09-11 19:38:22.963,1789166302.9634535,12
2026-09-11 19:38:22.971,1789166302.9711459,16
2026-09-11 19:38:22.978,1789166302.978838,16
2026-09-11 19:38:22.986,1789166302.9865303,7
2026-09-11 19:38:22.994,1789166302.9942226,2
2026-09-11 19:38:23.001,1789166303.001915,4
2026-09-11 19:38:23.009,1789166303.0096073,4
2026-09-11 19:38:23.017,1789166303.0172997,2
2026-09-11 19:38:23.024,1789166303.024992,9
2026-09-11 19:38:23.032,1789166303.0326843,26
2026-09-11 19:38:23.040,1789166303.0403764,48
2026-09-11 19:38:23.048,1789166303.0480688,53
2026-09-11 19:38:23.055,1789166303.055761,41
2026-09-11 19:38:23.063,1789166303.0634534,24
2026-09-11 19:38:23.071,1789166303.0711458,4
2026-09-11 19:38:23.078,1789166303.078838,-7
2026-09-11 19:38:23.086,1789166303.0865304,-9
2026-09-11 19:38:23.094,1789166303.0942228,-7
2026-09-11 19:38:23.101,1789166303.101915,-2
2026-09-11 19:38:23.109,1789166303.1096072,0
2026-09-11 19:38:23.117,1789166303.1172996,0
2026-09-11 19:38:23.124,1789166303.124992,0
2026-09-11 19:38:23.132,1789166303.1326842,-2
2026-09-11 19:38:23.140,1789166303.1403766,29
2026-09-11 19:38:23.148,1789166303.148069,181
2026-09-11 19:38:23.155,1789166303.1557612,455
2026-09-11 19:38:23.163,1789166303.1634533,790
2026-09-11 19:38:23.171,1789166303.1711457,948
2026-09-11 19:38:23.178,1789166303.178838,468
2026-09-11 19:38:23.186,1789166303.1865304,-300
2026-09-11 19:38:23.194,1789166303.1942227,-371
2026-09-11 19:38:23.201,1789166303.201915,-16
2026-09-11 19:38:23.209,1789166303.2096074,-24
2026-09-11 19:38:23.217,1789166303.2172997,-126
2026-09-11 19:38:23.224,1789166303.224992,-43
2026-09-11 19:38:23.232,1789166303.2326841,-14
2026-09-11 19:38:23.240,1789166303.2403765,-50
2026-09-11 19:38:23.248,1789166303.2480688,-26
2026-09-11 19:38:23.255,1789166303.2551997,0
2026-09-11 19:38:23.262,1789166303.262892,-7
2026-09-11 19:38:23.270,1789166303.2705843,-2
2026-09-11 19:38:23.278,1789166303.2782767,12
2026-09-11 19:38:23.285,1789166303.285969,16
2026-09-11 19:38:23.293,1789166303.293661,24
2026-09-11 19:38:23.301,1789166303.3013535,36
2026-09-11 19:38:23.309,1789166303.3090458,46
2026-09-11 19:38:23.316,1789166303.3167381,55
2026-09-11 19:38:23.324,1789166303.3244305,65
2026-09-11 19:38:23.332,1789166303.3321228,75
2026-09-11 19:38:23.339,1789166303.3398151,80
2026-09-11 19:38:23.347,1789166303.3475075,84
2026-09-11 19:38:23.355,1789166303.3551996,87
2026-09-11 19:38:23.362,1789166303.362892,87
2026-09-11 19:38:23.370,1789166303.3705842,80
2026-09-11 19:38:23.378,1789166303.3782766,72
2026-09-11 19:38:23.385,1789166303.385969,67
2026-09-11 19:38:23.393,1789166303.3936613,60
2026-09-11 19:38:23.401,1789166303.4013536,53
2026-09-11 19:38:23.409,1789166303.409046,41
2026-09-11 19:38:23.416,1789166303.416738,24
2026-09-11 19:38:23.424,1789166303.4244304,4
2026-09-11 19:38:23.432,1789166303.4321227,-9
2026-09-11 19:38:23.439,1789166303.439815,-19
2026-09-11 19:38:23.447,1789166303.4475074,-29
2026-09-11 19:38:23.455,1789166303.4551997,-33
2026-09-11 19:38:23.462,1789166303.462892,-31
2026-09-11 19:38:23.470,1789166303.4705844,-24
2026-09-11 19:38:23.478,1789166303.4782765,-14
2026-09-11 19:38:23.485,1789166303.4859688,-4
2026-09-11 19:38:23.493,1789166303.4936612,2
2026-09-11 19:38:23.501,1789166303.5013535,7
2026-09-11 19:38:23.509,1789166303.5090458,12
2026-09-11 19:38:23.516,1789166303.5167382,14
2026-09-11 19:38:23.524,1789166303.5244305,12
2026-09-11 19:38:23.532,1789166303.5321229,12
2026-09-11 19:38:23.539,1789166303.539815,12
2026-09-11 19:38:23.547,1789166303.5475073,9
2026-09-11 19:38:23.555,1789166303.5551996,4
2026-09-11 19:38:23.562,1789166303.562892,-4
2026-09-11 19:38:23.570,1789166303.5705843,-4
2026-09-11 19:38:23.578,1789166303.5782766,2
2026-09-11 19:38:23.585,1789166303.585969,9
2026-09-11 19:38:23.593,1789166303.5936613,26
2026-09-11 19:38:23.601,1789166303.6013534,48
2026-09-11 19:38:23.609,1789166303.6090457,58
2026-09-11 19:38:23.616,1789166303.616738,50
2026-09-11 19:38:23.624,1789166303.6244304,38
2026-09-11 19:38:23.632,1789166303.6321228,21
2026-09-11 19:38:23.639,1789166303.639815,2
2026-09-11 19:38:23.647,1789166303.6475074,-4
2026-09-11 19:38:23.655,1789166303.6551998,-2
2026-09-11 19:38:23.662,1789166303.6628919,-2
2026-09-11 19:38:23.670,1789166303.6705842,-7
2026-09-11 19:38:23.678,1789166303.6782765,-4
2026-09-11 19:38:23.685,1789166303.6859689,-2
2026-09-11 19:38:23.693,1789166303.6936612,-9
2026-09-11 19:38:23.701,1789166303.7013535,-2
2026-09-11 19:38:23.709,1789166303.709046,87
2026-09-11 19:38:23.716,1789166303.7167382,288
2026-09-11 19:38:23.724,1789166303.7244303,594
2026-09-11 19:38:23.732,1789166303.7321227,940
2026-09-11 19:38:23.739,1789166303.739815,819
2026-09-11 19:38:23.747,1789166303.7475073,33
2026-09-11 19:38:23.755,1789166303.7551997,-419
2026-09-11 19:38:23.762,1789166303.762892,-130
2026-09-11 19:38:23.770,1789166303.7705843,26
2026-09-11 19:38:23.778,1789166303.7782767,-111
2026-09-11 19:38:23.785,1789166303.785969,-94
2026-09-11 19:38:23.793,1789166303.793661,-21
2026-09-11 19:38:23.801,1789166303.8013535,-50
2026-09-11 19:38:23.809,1789166303.8090458,-55
2026-09-11 19:38:23.816,1789166303.8161762,-19
2026-09-11 19:38:23.823,1789166303.8238685,-14
2026-09-11 19:38:23.831,1789166303.8315609,-16
2026-09-11 19:38:23.839,1789166303.8392532,-2
2026-09-11 19:38:23.846,1789166303.8469455,4
2026-09-11 19:38:23.854,1789166303.8546376,9
2026-09-11 19:38:23.862,1789166303.86233,19
2026-09-11 19:38:23.870,1789166303.8700223,31
2026-09-11 19:38:23.877,1789166303.8777146,38
2026-09-11 19:38:23.885,1789166303.885407,46
2026-09-11 19:38:23.893,1789166303.8930993,55
2026-09-11 19:38:23.900,1789166303.9007916,60
2026-09-11 19:38:23.908,1789166303.908484,63
2026-09-11 19:38:23.916,1789166303.916176,65
2026-09-11 19:38:23.923,1789166303.9238684,65
2026-09-11 19:38:23.931,1789166303.9315608,63
2026-09-11 19:38:23.939,1789166303.939253,58
2026-09-11 19:38:23.946,1789166303.9469454,48
2026-09-11 19:38:23.954,1789166303.9546378,43
2026-09-11 19:38:23.962,1789166303.96233,38
2026-09-11 19:38:23.970,1789166303.9700224,33
2026-09-11 19:38:23.977,1789166303.9777145,16
2026-09-11 19:38:23.985,1789166303.9854069,2
2026-09-11 19:38:23.993,1789166303.9930992,-9
2026-09-11 19:38:24.000,1789166304.0007915,-19
2026-09-11 19:38:24.008,1789166304.008484,-33
2026-09-11 19:38:24.016,1789166304.0161762,-38
2026-09-11 19:38:24.023,1789166304.0238686,-33
2026-09-11 19:38:24.031,1789166304.031561,-29
2026-09-11 19:38:24.039,1789166304.039253,-26
2026-09-11 19:38:24.046,1789166304.0469453,-16
2026-09-11 19:38:24.054,1789166304.0546377,-7
2026-09-11 19:38:24.062,1789166304.06233,-4
2026-09-11 19:38:24.070,1789166304.0700223,-2
2026-09-11 19:38:24.077,1789166304.0777147,2
2026-09-11 19:38:24.085,1789166304.085407,2
2026-09-11 19:38:24.093,1789166304.0930994,2
2026-09-11 19:38:24.100,1789166304.1007915,7
2026-09-11 19:38:24.108,1789166304.1084838,4
2026-09-11 19:38:24.116,1789166304.1161761,0
2026-09-11 19:38:24.123,1789166304.1238685,0
2026-09-11 19:38:24.131,1789166304.1315608,-4
2026-09-11 19:38:24.139,1789166304.1392531,-16
2026-09-11 19:38:24.146,1789166304.1469455,-16
2026-09-11 19:38:24.154,1789166304.1546378,-12
2026-09-11 19:38:24.162,1789166304.16233,-2
2026-09-11 19:38:24.170,1789166304.1700222,12
2026-09-11 19:38:24.177,1789166304.1777146,36
2026-09-11 19:38:24.185,1789166304.185407,53
2026-09-11 19:38:24.193,1789166304.1930993,50
2026-09-11 19:38:24.200,1789166304.2007916,38
2026-09-11 19:38:24.208,1789166304.208484,21
2026-09-11 19:38:24.216,1789166304.2161763,2
2026-09-11 19:38:24.223,1789166304.2238684,-12
2026-09-11 19:38:24.231,1789166304.2315607,-14
2026-09-11 19:38:24.239,1789166304.239253,-12
2026-09-11 19:38:24.246,1789166304.2469454,-12
2026-09-11 19:38:24.254,1789166304.2546377,-12
2026-09-11 19:38:24.262,1789166304.26233,-12
2026-09-11 19:38:24.270,1789166304.2700224,-12
2026-09-11 19:38:24.277,1789166304.2777147,-19
2026-09-11 19:38:24.285,1789166304.2854068,9
2026-09-11 19:38:24.293,1789166304.2930992,140
2026-09-11 19:38:24.300,1789166304.3007915,373
2026-09-11 19:38:24.308,1789166304.3084838,691
2026-09-11 19:38:24.316,1789166304.3161762,865
2026-09-11 19:38:24.323,1789166304.3238685,392
2026-09-11 19:38:24.331,1789166304.3315609,-315
2026-09-11 19:38:24.339,1789166304.3392532,-322
2026-09-11 19:38:24.346,1789166304.3469455,-4
2026-09-11 19:38:24.354,1789166304.3546376,-38
2026-09-11 19:38:24.362,1789166304.36233,-118
2026-09-11 19:38:24.370,1789166304.3700223,-43
2026-09-11 19:38:24.377,1789166304.3771532,-29
2026-09-11 19:38:24.384,1789166304.3848455,-58
2026-09-11 19:38:24.392,1789166304.3925378,-33
2026-09-11 19:38:24.400,1789166304.4002302,-14
2026-09-11 19:38:24.407,1789166304.4079225,-16
2026-09-11 19:38:24.415,1789166304.4156146,-7
2026-09-11 19:38:24.423,1789166304.423307,4
2026-09-11 19:38:24.430,1789166304.4309993,2
2026-09-11 19:38:24.438,1789166304.4386916,7
2026-09-11 19:38:24.446,1789166304.446384,19
2026-09-11 19:38:24.454,1789166304.4540763,31
2026-09-11 19:38:24.461,1789166304.4617686,46
2026-09-11 19:38:24.469,1789166304.469461,55
2026-09-11 19:38:24.477,1789166304.477153,60
2026-09-11 19:38:24.484,1789166304.4848454,63
2026-09-11 19:38:24.492,1789166304.4925377,70
2026-09-11 19:38:24.500,1789166304.50023,70
2026-09-11 19:38:24.507,1789166304.5079224,65
2026-09-11 19:38:24.515,1789166304.5156147,65
2026-09-11 19:38:24.523,1789166304.523307,58
2026-09-11 19:38:24.530,1789166304.5309994,53
2026-09-11 19:38:24.538,1789166304.5386915,50
2026-09-11 19:38:24.546,1789166304.5463839,41
2026-09-11 19:38:24.554,1789166304.5540762,26
2026-09-11 19:38:24.561,1789166304.5617685,7
2026-09-11 19:38:24.569,1789166304.5694609,-14
2026-09-11 19:38:24.577,1789166304.5771532,-33
2026-09-11 19:38:24.584,1789166304.5848455,-48
2026-09-11 19:38:24.592,1789166304.5925379,-58
2026-09-11 19:38:24.600,1789166304.60023,-65
2026-09-11 19:38:24.607,1789166304.6079223,-67
2026-09-11 19:38:24.615,1789166304.6156147,-60
2026-09-11 19:38:24.623,1789166304.623307,-50
2026-09-11 19:38:24.630,1789166304.6309993,-46
2026-09-11 19:38:24.638,1789166304.6386917,-46
2026-09-11 19:38:24.646,1789166304.646384,-43
2026-09-11 19:38:24.654,1789166304.6540763,-38
2026-09-11 19:38:24.661,1789166304.6617684,-31
2026-09-11 19:38:24.669,1789166304.6694608,-24
2026-09-11 19:38:24.677,1789166304.677153,-31
2026-09-11 19:38:24.684,1789166304.6848454,-41
2026-09-11 19:38:24.692,1789166304.6925378,-38
2026-09-11 19:38:24.700,1789166304.7002301,-41
2026-09-11 19:38:24.707,1789166304.7079225,-48
2026-09-11 19:38:24.715,1789166304.7156148,-50
2026-09-11 19:38:24.723,1789166304.723307,-48
2026-09-11 19:38:24.730,1789166304.7309992,-53
2026-09-11 19:38:24.738,1789166304.7386916,-55
2026-09-11 19:38:24.746,1789166304.746384,-53
2026-09-11 19:38:24.754,1789166304.7540762,-48
2026-09-11 19:38:24.761,1789166304.7617686,-31
2026-09-11 19:38:24.769,1789166304.769461,-9
2026-09-11 19:38:24.777,1789166304.7771533,4
2026-09-11 19:38:24.784,1789166304.7848454,12
2026-09-11 19:38:24.792,1789166304.7925377,4
2026-09-11 19:38:24.800,1789166304.80023,-24
2026-09-11 19:38:24.807,1789166304.8079224,-43
2026-09-11 19:38:24.815,1789166304.8156147,-48
2026-09-11 19:38:24.823,1789166304.823307,-50
2026-09-11 19:38:24.830,1789166304.8309994,-53
2026-09-11 19:38:24.838,1789166304.8386917,-48
2026-09-11 19:38:24.846,1789166304.8463838,-43
2026-09-11 19:38:24.854,1789166304.8540761,-43
2026-09-11 19:38:24.861,1789166304.8617685,-43
2026-09-11 19:38:24.869,1789166304.8694608,-53
2026-09-11 19:38:24.877,1789166304.8771532,-26
2026-09-11 19:38:24.884,1789166304.8848455,126
2026-09-11 19:38:24.892,1789166304.8925378,404
2026-09-11 19:38:24.900,1789166304.9002302,715
2026-09-11 19:38:24.907,1789166304.9079225,800
2026-09-11 19:38:24.915,1789166304.9156146,271
2026-09-11 19:38:24.923,1789166304.923307,-443
2026-09-11 19:38:24.930,1789166304.9309993,-434
2026-09-11 19:38:24.938,1789166304.93813,-67
2026-09-11 19:38:24.945,1789166304.9458222,-67
2026-09-11 19:38:24.953,1789166304.9535146,-133
2026-09-11 19:38:24.961,1789166304.961207,-60
2026-09-11 19:38:24.968,1789166304.9688993,-55
2026-09-11 19:38:24.976,1789166304.9765913,-82
2026-09-11 19:38:24.984,1789166304.9842837,-50
2026-09-11 19:38:24.991,1789166304.991976,-21
2026-09-11 19:38:24.999,1789166304.9996684,-26
2026-09-11 19:38:25.007,1789166305.0073607,-31
2026-09-11 19:38:25.015,1789166305.015053,-9
2026-09-11 19:38:25.022,1789166305.0227454,12
2026-09-11 19:38:25.030,1789166305.0304377,16
2026-09-11 19:38:25.038,1789166305.0381298,24
2026-09-11 19:38:25.045,1789166305.0458221,41
2026-09-11 19:38:25.053,1789166305.0535145,50
2026-09-11 19:38:25.061,1789166305.0612068,55
2026-09-11 19:38:25.068,1789166305.0688992,63
2026-09-11 19:38:25.076,1789166305.0765915,84
2026-09-11 19:38:25.084,1789166305.0842838,104
2026-09-11 19:38:25.091,1789166305.0919762,106
2026-09-11 19:38:25.099,1789166305.0996683,106
2026-09-11 19:38:25.107,1789166305.1073606,113
2026-09-11 19:38:25.115,1789166305.115053,118
2026-09-11 19:38:25.122,1789166305.1227453,113
2026-09-11 19:38:25.130,1789166305.1304376,106
2026-09-11 19:38:25.138,1789166305.13813,94
2026-09-11 19:38:25.145,1789166305.1458223,72
2026-09-11 19:38:25.153,1789166305.1535146,36
2026-09-11 19:38:25.161,1789166305.1612067,-2
2026-09-11 19:38:25.168,1789166305.168899,-36
2026-09-11 19:38:25.176,1789166305.1765914,-65
2026-09-11 19:38:25.184,1789166305.1842837,-75
2026-09-11 19:38:25.191,1789166305.191976,-87
2026-09-11 19:38:25.199,1789166305.1996684,-99
2026-09-11 19:38:25.207,1789166305.2073607,-87
2026-09-11 19:38:25.215,1789166305.215053,-70
2026-09-11 19:38:25.222,1789166305.2227452,-58
2026-09-11 19:38:25.230,1789166305.2304375,-53
2026-09-11 19:38:25.238,1789166305.2381299,-50
2026-09-11 19:38:25.245,1789166305.2458222,-48
2026-09-11 19:38:25.253,1789166305.2535145,-36
2026-09-11 19:38:25.261,1789166305.2612069,-24
2026-09-11 19:38:25.268,1789166305.2688992,-29
2026-09-11 19:38:25.276,1789166305.2765915,-31
2026-09-11 19:38:25.284,1789166305.2842836,-16
2026-09-11 19:38:25.291,1789166305.291976,-16
2026-09-11 19:38:25.299,1789166305.2996683,-26
2026-09-11 19:38:25.307,1789166305.3073606,-33
2026-09-11 19:38:25.315,1789166305.315053,-43
2026-09-11 19:38:25.322,1789166305.3227453,-46
2026-09-11 19:38:25.330,1789166305.3304377,-33
2026-09-11 19:38:25.338,1789166305.33813,-21
2026-09-11 19:38:25.345,1789166305.345822,-19
2026-09-11 19:38:25.353,1789166305.3535144,-2
2026-09-11 19:38:25.361,1789166305.3612068,26
2026-09-11 19:38:25.368,1789166305.368899,26
2026-09-11 19:38:25.376,1789166305.3765914,0
2026-09-11 19:38:25.384,1789166305.3842838,-19
2026-09-11 19:38:25.391,1789166305.391976,-29
2026-09-11 19:38:25.399,1789166305.3996685,-33
2026-09-11 19:38:25.407,1789166305.4073606,-19
2026-09-11 19:38:25.415,1789166305.415053,-14
2026-09-11 19:38:25.422,1789166305.4227452,-26
2026-09-11 19:38:25.430,1789166305.4304376,-19
2026-09-11 19:38:25.438,1789166305.43813,-9
2026-09-11 19:38:25.445,1789166305.4458222,-21
2026-09-11 19:38:25.453,1789166305.4535146,-21
2026-09-11 19:38:25.461,1789166305.461207,80
2026-09-11 19:38:25.468,1789166305.4688993,349
2026-09-11 19:38:25.476,1789166305.4765913,710
2026-09-11 19:38:25.484,1789166305.4842837,931
2026-09-11 19:38:25.491,1789166305.491976,628
2026-09-11 19:38:25.499,1789166305.4991066,-169
2026-09-11 19:38:25.506,1789166305.506799,-518
2026-09-11 19:38:25.514,1789166305.5144913,-157
2026-09-11 19:38:25.522,1789166305.5221837,19
2026-09-11 19:38:25.529,1789166305.529876,-101
2026-09-11 19:38:25.537,1789166305.537568,-60
2026-09-11 19:38:25.545,1789166305.5452604,12
2026-09-11 19:38:25.552,1789166305.5529528,-24
2026-09-11 19:38:25.560,1789166305.560645,-24
2026-09-11 19:38:25.568,1789166305.5683374,19
2026-09-11 19:38:25.576,1789166305.5760298,26
2026-09-11 19:38:25.583,1789166305.583722,29
2026-09-11 19:38:25.591,1789166305.5914145,48
2026-09-11 19:38:25.599,1789166305.5991066,67
2026-09-11 19:38:25.606,1789166305.606799,75
2026-09-11 19:38:25.614,1789166305.6144912,87
2026-09-11 19:38:25.622,1789166305.6221836,99
2026-09-11 19:38:25.629,1789166305.629876,113
2026-09-11 19:38:25.637,1789166305.6375682,135
2026-09-11 19:38:25.645,1789166305.6452606,145
2026-09-11 19:38:25.652,1789166305.652953,150
2026-09-11 19:38:25.660,1789166305.660645,169
2026-09-11 19:38:25.668,1789166305.6683373,184
2026-09-11 19:38:25.676,1789166305.6760297,177
2026-09-11 19:38:25.683,1789166305.683722,177
2026-09-11 19:38:25.691,1789166305.6914144,181
2026-09-11 19:38:25.699,1789166305.6991067,177
2026-09-11 19:38:25.706,1789166305.706799,160
2026-09-11 19:38:25.714,1789166305.7144914,143
2026-09-11 19:38:25.722,1789166305.7221835,130
2026-09-11 19:38:25.729,1789166305.7298758,106
2026-09-11 19:38:25.737,1789166305.7375681,70
2026-09-11 19:38:25.745,1789166305.7452605,38
2026-09-11 19:38:25.752,1789166305.7529528,14
2026-09-11 19:38:25.760,1789166305.7606452,-7
2026-09-11 19:38:25.768,1789166305.7683375,-24
2026-09-11 19:38:25.776,1789166305.7760298,-26
2026-09-11 19:38:25.783,1789166305.783722,-14
2026-09-11 19:38:25.791,1789166305.7914143,-7
2026-09-11 19:38:25.799,1789166305.7991066,-4
2026-09-11 19:38:25.806,1789166305.806799,7
2026-09-11 19:38:25.814,1789166305.8144913,21
2026-09-11 19:38:25.822,1789166305.8221836,24
2026-09-11 19:38:25.829,1789166305.829876,24
2026-09-11 19:38:25.837,1789166305.8375683,31
2026-09-11 19:38:25.845,1789166305.8452604,38
2026-09-11 19:38:25.852,1789166305.8529527,38
2026-09-11 19:38:25.860,1789166305.860645,41
2026-09-11 19:38:25.868,1789166305.8683374,41
2026-09-11 19:38:25.876,1789166305.8760297,36
2026-09-11 19:38:25.883,1789166305.883722,29
2026-09-11 19:38:25.891,1789166305.8914144,24
2026-09-11 19:38:25.899,1789166305.8991067,24
2026-09-11 19:38:25.906,1789166305.9067988,24
2026-09-11 19:38:25.914,1789166305.9144912,29
2026-09-11 19:38:25.922,1789166305.9221835,41
2026-09-11 19:38:25.929,1789166305.9298759,60
2026-09-11 19:38:25.937,1789166305.9375682,75
2026-09-11 19:38:25.945,1789166305.9452605,72
2026-09-11 19:38:25.952,1789166305.9529529,53
2026-09-11 19:38:25.960,1789166305.9606452,31
2026-09-11 19:38:25.968,1789166305.9683373,19
2026-09-11 19:38:25.976,1789166305.9760296,12
2026-09-11 19:38:25.983,1789166305.983722,7
2026-09-11 19:38:25.991,1789166305.9914143,7
2026-09-11 19:38:25.999,1789166305.9991066,9
2026-09-11 19:38:26.006,1789166306.006799,14
2026-09-11 19:38:26.014,1789166306.0144913,19
2026-09-11 19:38:26.022,1789166306.0221837,14
2026-09-11 19:38:26.029,1789166306.029876,19
2026-09-11 19:38:26.037,1789166306.037568,104
2026-09-11 19:38:26.045,1789166306.0452604,332
2026-09-11 19:38:26.052,1789166306.0529528,659
2026-09-11 19:38:26.060,1789166306.0601141,960
2026-09-11 19:38:26.067,1789166306.0678065,802
2026-09-11 19:38:26.075,1789166306.0754988,16
2026-09-11 19:38:26.083,1789166306.0831912,-458
2026-09-11 19:38:26.090,1789166306.0908835,-164
2026-09-11 19:38:26.098,1789166306.0985756,31
2026-09-11 19:38:26.106,1789166306.106268,-94
2026-09-11 19:38:26.113,1789166306.1139603,-75
2026-09-11 19:38:26.121,1789166306.1216526,0
2026-09-11 19:38:26.129,1789166306.129345,-33
2026-09-11 19:38:26.137,1789166306.1370373,-38
2026-09-11 19:38:26.144,1789166306.1447296,0
2026-09-11 19:38:26.152,1789166306.152422,2
2026-09-11 19:38:26.160,1789166306.160114,0
2026-09-11 19:38:26.167,1789166306.1678064,14
2026-09-11 19:38:26.175,1789166306.1754987,24
2026-09-11 19:38:26.183,1789166306.183191,26
2026-09-11 19:38:26.190,1789166306.1908834,36
2026-09-11 19:38:26.198,1789166306.1985757,46
2026-09-11 19:38:26.206,1789166306.206268,53
2026-09-11 19:38:26.213,1789166306.2139604,63
2026-09-11 19:38:26.221,1789166306.2216525,72
2026-09-11 19:38:26.229,1789166306.2293448,82
2026-09-11 19:38:26.237,1789166306.2370372,89
2026-09-11 19:38:26.244,1789166306.2447295,94
2026-09-11 19:38:26.252,1789166306.2524219,92
2026-09-11 19:38:26.260,1789166306.2601142,87
2026-09-11 19:38:26.267,1789166306.2678065,84
2026-09-11 19:38:26.275,1789166306.2754989,77
2026-09-11 19:38:26.283,1789166306.283191,67
2026-09-11 19:38:26.290,1789166306.2908833,58
2026-09-11 19:38:26.298,1789166306.2985756,46
2026-09-11 19:38:26.306,1789166306.306268,29
2026-09-11 19:38:26.313,1789166306.3139603,9
2026-09-11 19:38:26.321,1789166306.3216527,-7
2026-09-11 19:38:26.329,1789166306.329345,-26
2026-09-11 19:38:26.337,1789166306.3370373,-38
2026-09-11 19:38:26.344,1789166306.3447294,-48
2026-09-11 19:38:26.352,1789166306.3524218,-50
2026-09-11 19:38:26.360,1789166306.360114,-46
2026-09-11 19:38:26.367,1789166306.3678064,-38
2026-09-11 19:38:26.375,1789166306.3754988,-33
2026-09-11 19:38:26.383,1789166306.383191,-21
2026-09-11 19:38:26.390,1789166306.3908834,-9
2026-09-11 19:38:26.398,1789166306.3985758,-7
2026-09-11 19:38:26.406,1789166306.406268,-7
2026-09-11 19:38:26.413,1789166306.4139602,-2
2026-09-11 19:38:26.421,1789166306.4216526,-2
2026-09-11 19:38:26.429,1789166306.429345,-4
2026-09-11 19:38:26.437,1789166306.4370372,-4
2026-09-11 19:38:26.444,1789166306.4447296,-4
2026-09-11 19:38:26.452,1789166306.452422,-9
2026-09-11 19:38:26.460,1789166306.4601142,-12
2026-09-11 19:38:26.467,1789166306.4678063,-21
2026-09-11 19:38:26.475,1789166306.4754987,-33
2026-09-11 19:38:26.483,1789166306.483191,-26
2026-09-11 19:38:26.490,1789166306.4908834,-14
2026-09-11 19:38:26.498,1789166306.4985757,-4
2026-09-11 19:38:26.506,1789166306.506268,14
2026-09-11 19:38:26.513,1789166306.5139604,36
2026-09-11 19:38:26.521,1789166306.5216527,41
2026-09-11 19:38:26.529,1789166306.5293448,31
2026-09-11 19:38:26.537,1789166306.5370371,14
2026-09-11 19:38:26.544,1789166306.5447295,-4
2026-09-11 19:38:26.552,1789166306.5524218,-16
2026-09-11 19:38:26.560,1789166306.5601141,-16
2026-09-11 19:38:26.567,1789166306.5678065,-21
2026-09-11 19:38:26.575,1789166306.5754988,-24
2026-09-11 19:38:26.583,1789166306.5831912,-19
2026-09-11 19:38:26.590,1789166306.5908835,-16
2026-09-11 19:38:26.598,1789166306.5985756,-19
2026-09-11 19:38:26.606,1789166306.606268,-24
2026-09-11 19:38:26.613,1789166306.6139603,9
2026-09-11 19:38:26.621,1789166306.6210907,143
2026-09-11 19:38:26.628,1789166306.628783,380
2026-09-11 19:38:26.636,1789166306.6364753,712
2026-09-11 19:38:26.644,1789166306.6441677,960
2026-09-11 19:38:26.651,1789166306.65186,562
2026-09-11 19:38:26.659,1789166306.659552,-252
2026-09-11 19:38:26.667,1789166306.6672444,-407
2026-09-11 19:38:26.674,1789166306.6749368,-46
2026-09-11 19:38:26.682,1789166306.682629,-21
2026-09-11 19:38:26.690,1789166306.6903214,-140
2026-09-11 19:38:26.698,1789166306.6980138,-72
2026-09-11 19:38:26.705,1789166306.7057061,-36
2026-09-11 19:38:26.713,1789166306.7133985,-70
2026-09-11 19:38:26.721,1789166306.7210906,-50
2026-09-11 19:38:26.728,1789166306.728783,-21
2026-09-11 19:38:26.736,1789166306.7364752,-29
2026-09-11 19:38:26.744,1789166306.7441676,-21
2026-09-11 19:38:26.751,1789166306.75186,-4
2026-09-11 19:38:26.759,1789166306.7595522,-2
2026-09-11 19:38:26.767,1789166306.7672446,2
2026-09-11 19:38:26.774,1789166306.774937,14
2026-09-11 19:38:26.782,1789166306.782629,19
2026-09-11 19:38:26.790,1789166306.7903214,29
2026-09-11 19:38:26.798,1789166306.7980137,43
2026-09-11 19:38:26.805,1789166306.805706,48
2026-09-11 19:38:26.813,1789166306.8133984,53
2026-09-11 19:38:26.821,1789166306.8210907,58
2026-09-11 19:38:26.828,1789166306.828783,63
2026-09-11 19:38:26.836,1789166306.8364754,60
2026-09-11 19:38:26.844,1789166306.8441675,58
2026-09-11 19:38:26.851,1789166306.8518598,50
2026-09-11 19:38:26.859,1789166306.8595521,41
2026-09-11 19:38:26.867,1789166306.8672445,38
2026-09-11 19:38:26.874,1789166306.8749368,33
2026-09-11 19:38:26.882,1789166306.8826292,21
2026-09-11 19:38:26.890,1789166306.8903215,7
2026-09-11 19:38:26.898,1789166306.8980138,-7
2026-09-11 19:38:26.905,1789166306.905706,-24
2026-09-11 19:38:26.913,1789166306.9133983,-41
2026-09-11 19:38:26.921,1789166306.9210906,-50
2026-09-11 19:38:26.928,1789166306.928783,-48
2026-09-11 19:38:26.936,1789166306.9364753,-46
2026-09-11 19:38:26.944,1789166306.9441676,-41
2026-09-11 19:38:26.951,1789166306.95186,-36
2026-09-11 19:38:26.959,1789166306.9595523,-29
2026-09-11 19:38:26.967,1789166306.9672444,-21
2026-09-11 19:38:26.974,1789166306.9749367,-16
2026-09-11 19:38:26.982,1789166306.982629,-16
2026-09-11 19:38:26.990,1789166306.9903214,-14
2026-09-11 19:38:26.998,1789166306.9980137,-9
2026-09-11 19:38:27.005,1789166307.005706,-7
2026-09-11 19:38:27.013,1789166307.0133984,-12
2026-09-11 19:38:27.021,1789166307.0210907,-9
2026-09-11 19:38:27.028,1789166307.0287828,-7
2026-09-11 19:38:27.036,1789166307.0364752,-9
2026-09-11 19:38:27.044,1789166307.0441675,-12
2026-09-11 19:38:27.051,1789166307.0518599,-19
2026-09-11 19:38:27.059,1789166307.0595522,-26
2026-09-11 19:38:27.067,1789166307.0672445,-29
2026-09-11 19:38:27.074,1789166307.0749369,-19
2026-09-11 19:38:27.082,1789166307.0826292,-9
2026-09-11 19:38:27.090,1789166307.0903213,4
2026-09-11 19:38:27.098,1789166307.0980136,31
2026-09-11 19:38:27.105,1789166307.105706,46
2026-09-11 19:38:27.113,1789166307.1133983,38
2026-09-11 19:38:27.121,1789166307.1210907,21
2026-09-11 19:38:27.128,1789166307.128783,9
2026-09-11 19:38:27.136,1789166307.1364753,-9
2026-09-11 19:38:27.144,1789166307.1441677,-21
2026-09-11 19:38:27.151,1789166307.15186,-21
2026-09-11 19:38:27.159,1789166307.159552,-21
2026-09-11 19:38:27.167,1789166307.1672444,-19
2026-09-11 19:38:27.174,1789166307.1749368,-14
2026-09-11 19:38:27.182,1789166307.1820574,-14
2026-09-11 19:38:27.189,1789166307.1897497,-24
2026-09-11 19:38:27.197,1789166307.197442,-21
2026-09-11 19:38:27.205,1789166307.2051344,41
2026-09-11 19:38:27.212,1789166307.2128267,201
2026-09-11 19:38:27.220,1789166307.2205188,455
2026-09-11 19:38:27.228,1789166307.2282112,785
2026-09-11 19:38:27.235,1789166307.2359035,800
2026-09-11 19:38:27.243,1789166307.2435958,147
2026-09-11 19:38:27.251,1789166307.2512882,-409
2026-09-11 19:38:27.258,1789166307.2589805,-223
2026-09-11 19:38:27.266,1789166307.2666728,12
2026-09-11 19:38:27.274,1789166307.2743652,-84
2026-09-11 19:38:27.282,1789166307.2820573,-104
2026-09-11 19:38:27.289,1789166307.2897496,-29
2026-09-11 19:38:27.297,1789166307.297442,-43
2026-09-11 19:38:27.305,1789166307.3051343,-58
2026-09-11 19:38:27.312,1789166307.3128266,-21
2026-09-11 19:38:27.320,1789166307.320519,-14
2026-09-11 19:38:27.328,1789166307.3282113,-19
2026-09-11 19:38:27.335,1789166307.3359036,-2
2026-09-11 19:38:27.343,1789166307.3435957,9
2026-09-11 19:38:27.351,1789166307.351288,12
2026-09-11 19:38:27.358,1789166307.3589804,19
2026-09-11 19:38:27.366,1789166307.3666728,26
2026-09-11 19:38:27.374,1789166307.374365,31
2026-09-11 19:38:27.382,1789166307.3820574,41
2026-09-11 19:38:27.389,1789166307.3897498,48
2026-09-11 19:38:27.397,1789166307.397442,50
2026-09-11 19:38:27.405,1789166307.4051342,58
2026-09-11 19:38:27.412,1789166307.4128265,70
2026-09-11 19:38:27.420,1789166307.4205189,77
2026-09-11 19:38:27.428,1789166307.4282112,67
2026-09-11 19:38:27.435,1789166307.4359035,67
2026-09-11 19:38:27.443,1789166307.443596,67
2026-09-11 19:38:27.451,1789166307.4512882,60
2026-09-11 19:38:27.458,1789166307.4589806,43
2026-09-11 19:38:27.466,1789166307.4666727,33
2026-09-11 19:38:27.474,1789166307.474365,29
2026-09-11 19:38:27.482,1789166307.4820573,14
2026-09-11 19:38:27.489,1789166307.4897497,-14
2026-09-11 19:38:27.497,1789166307.497442,-33
2026-09-11 19:38:27.505,1789166307.5051343,-43
2026-09-11 19:38:27.512,1789166307.5128267,-53
2026-09-11 19:38:27.520,1789166307.520519,-55
2026-09-11 19:38:27.528,1789166307.528211,-55
2026-09-11 19:38:27.535,1789166307.5359035,-53
2026-09-11 19:38:27.543,1789166307.5435958,-48
2026-09-11 19:38:27.551,1789166307.5512881,-41
2026-09-11 19:38:27.558,1789166307.5589805,-33
2026-09-11 19:38:27.566,1789166307.5666728,-33
2026-09-11 19:38:27.574,1789166307.5743651,-33
2026-09-11 19:38:27.582,1789166307.5820575,-33
2026-09-11 19:38:27.589,1789166307.5897496,-31
2026-09-11 19:38:27.597,1789166307.597442,-29
2026-09-11 19:38:27.605,1789166307.6051342,-29
2026-09-11 19:38:27.612,1789166307.6128266,-29
2026-09-11 19:38:27.620,1789166307.620519,-31
2026-09-11 19:38:27.628,1789166307.6282113,-33
2026-09-11 19:38:27.635,1789166307.6359036,-36
2026-09-11 19:38:27.643,1789166307.643596,-43
2026-09-11 19:38:27.651,1789166307.651288,-53
2026-09-11 19:38:27.658,1789166307.6589804,-50
2026-09-11 19:38:27.666,1789166307.6666727,-46
2026-09-11 19:38:27.674,1789166307.674365,-38
2026-09-11 19:38:27.682,1789166307.6820574,-14
2026-09-11 19:38:27.689,1789166307.6897497,14
2026-09-11 19:38:27.697,1789166307.697442,31
2026-09-11 19:38:27.705,1789166307.7051344,26
2026-09-11 19:38:27.712,1789166307.7128267,0
2026-09-11 19:38:27.720,1789166307.7205188,-26
2026-09-11 19:38:27.728,1789166307.7282112,-38
2026-09-11 19:38:27.735,1789166307.7359035,-46
2026-09-11 19:38:27.743,1789166307.7430446,-46
2026-09-11 19:38:27.750,1789166307.750737,-38
2026-09-11 19:38:27.758,1789166307.7584293,-38
2026-09-11 19:38:27.766,1789166307.7661216,-46
2026-09-11 19:38:27.773,1789166307.773814,-38
2026-09-11 19:38:27.781,1789166307.781506,-33
2026-09-11 19:38:27.789,1789166307.7891984,-31
2026-09-11 19:38:27.796,1789166307.7968907,53
2026-09-11 19:38:27.804,1789166307.804583,298
2026-09-11 19:38:27.812,1789166307.8122754,628
2026-09-11 19:38:27.819,1789166307.8199677,834
2026-09-11 19:38:27.827,1789166307.82766,531
2026-09-11 19:38:27.835,1789166307.8353524,-230
2026-09-11 19:38:27.843,1789166307.8430445,-518
2026-09-11 19:38:27.850,1789166307.8507369,-162
2026-09-11 19:38:27.858,1789166307.8584292,-14
2026-09-11 19:38:27.866,1789166307.8661215,-121
2026-09-11 19:38:27.873,1789166307.8738139,-70
2026-09-11 19:38:27.881,1789166307.8815062,-7
2026-09-11 19:38:27.889,1789166307.8891985,-48
2026-09-11 19:38:27.896,1789166307.8968909,-50
2026-09-11 19:38:27.904,1789166307.904583,-14
2026-09-11 19:38:27.912,1789166307.9122753,-12
2026-09-11 19:38:27.919,1789166307.9199677,-9
2026-09-11 19:38:27.927,1789166307.92766,12
2026-09-11 19:38:27.935,1789166307.9353523,21
2026-09-11 19:38:27.943,1789166307.9430447,26
2026-09-11 19:38:27.950,1789166307.950737,43
2026-09-11 19:38:27.958,1789166307.9584293,60
2026-09-11 19:38:27.966,1789166307.9661214,70
2026-09-11 19:38:27.973,1789166307.9738138,77
2026-09-11 19:38:27.981,1789166307.981506,87
2026-09-11 19:38:27.989,1789166307.9891984,101
2026-09-11 19:38:27.996,1789166307.9968908,116
2026-09-11 19:38:28.004,1789166308.0045831,128
2026-09-11 19:38:28.012,1789166308.0122755,133
2026-09-11 19:38:28.019,1789166308.0199678,126
2026-09-11 19:38:28.027,1789166308.02766,123
2026-09-11 19:38:28.035,1789166308.0353522,135
2026-09-11 19:38:28.043,1789166308.0430446,145
2026-09-11 19:38:28.050,1789166308.050737,128
2026-09-11 19:38:28.058,1789166308.0584292,106
2026-09-11 19:38:28.066,1789166308.0661216,77
2026-09-11 19:38:28.073,1789166308.073814,33
2026-09-11 19:38:28.081,1789166308.0815063,-14
2026-09-11 19:38:28.089,1789166308.0891984,-43
2026-09-11 19:38:28.096,1789166308.0968907,-53
2026-09-11 19:38:28.104,1789166308.104583,-63
2026-09-11 19:38:28.112,1789166308.1122754,-77
2026-09-11 19:38:28.119,1789166308.1199677,-72
2026-09-11 19:38:28.127,1789166308.12766,-48
2026-09-11 19:38:28.135,1789166308.1353524,-46
2026-09-11 19:38:28.143,1789166308.1430447,-50
2026-09-11 19:38:28.150,1789166308.1507368,-46
2026-09-11 19:38:28.158,1789166308.1584291,-33
2026-09-11 19:38:28.166,1789166308.1661215,-19
2026-09-11 19:38:28.173,1789166308.1738138,-14
2026-09-11 19:38:28.181,1789166308.1815062,-19
2026-09-11 19:38:28.189,1789166308.1891985,-12
2026-09-11 19:38:28.196,1789166308.1968908,4
2026-09-11 19:38:28.204,1789166308.2045832,-4
2026-09-11 19:38:28.212,1789166308.2122753,-31
2026-09-11 19:38:28.219,1789166308.2199676,-38
2026-09-11 19:38:28.227,1789166308.22766,-29
2026-09-11 19:38:28.235,1789166308.2353523,-21
2026-09-11 19:38:28.243,1789166308.2430446,-29
2026-09-11 19:38:28.250,1789166308.250737,-31
2026-09-11 19:38:28.258,1789166308.2584293,-14
2026-09-11 19:38:28.266,1789166308.2661216,21
2026-09-11 19:38:28.273,1789166308.273814,41
2026-09-11 19:38:28.281,1789166308.281506,19
2026-09-11 19:38:28.289,1789166308.2891984,-9
2026-09-11 19:38:28.296,1789166308.2968907,-14
2026-09-11 19:38:28.304,1789166308.3040314,-16
2026-09-11 19:38:28.311,1789166308.3117237,-43
2026-09-11 19:38:28.319,1789166308.319416,-41
2026-09-11 19:38:28.327,1789166308.3271084,-12
2026-09-11 19:38:28.334,1789166308.3348007,-19
2026-09-11 19:38:28.342,1789166308.3424928,-43
2026-09-11 19:38:28.350,1789166308.3501852,-31
2026-09-11 19:38:28.357,1789166308.3578775,-21
2026-09-11 19:38:28.365,1789166308.3655698,-36
2026-09-11 19:38:28.373,1789166308.3732622,26
2026-09-11 19:38:28.380,1789166308.3809545,283
2026-09-11 19:38:28.388,1789166308.3886468,654
2026-09-11 19:38:28.396,1789166308.3963392,899
2026-09-11 19:38:28.404,1789166308.4040313,671
2026-09-11 19:38:28.411,1789166308.4117236,-99
2026-09-11 19:38:28.419,1789166308.419416,-557
2026-09-11 19:38:28.427,1789166308.4271083,-247
2026-09-11 19:38:28.434,1789166308.4348006,2
2026-09-11 19:38:28.442,1789166308.442493,-104
2026-09-11 19:38:28.450,1789166308.4501853,-92
2026-09-11 19:38:28.457,1789166308.4578776,-2
2026-09-11 19:38:28.465,1789166308.4655697,-26
2026-09-11 19:38:28.473,1789166308.473262,-48
2026-09-11 19:38:28.480,1789166308.4809544,-16
2026-09-11 19:38:28.488,1789166308.4886467,-12
2026-09-11 19:38:28.496,1789166308.496339,-14
2026-09-11 19:38:28.504,1789166308.5040314,9
2026-09-11 19:38:28.511,1789166308.5117238,29
2026-09-11 19:38:28.519,1789166308.519416,33
2026-09-11 19:38:28.527,1789166308.5271082,48
2026-09-11 19:38:28.534,1789166308.5348005,67
2026-09-11 19:38:28.542,1789166308.5424929,77
2026-09-11 19:38:28.550,1789166308.5501852,87
2026-09-11 19:38:28.557,1789166308.5578775,104
2026-09-11 19:38:28.565,1789166308.5655699,123
2026-09-11 19:38:28.573,1789166308.5732622,135
2026-09-11 19:38:28.580,1789166308.5809546,140
2026-09-11 19:38:28.588,1789166308.5886467,143
2026-09-11 19:38:28.596,1789166308.596339,150
2026-09-11 19:38:28.604,1789166308.6040313,155
2026-09-11 19:38:28.611,1789166308.6117237,150
2026-09-11 19:38:28.619,1789166308.619416,138
2026-09-11 19:38:28.627,1789166308.6271083,118
2026-09-11 19:38:28.634,1789166308.6348007,92
2026-09-11 19:38:28.642,1789166308.642493,63
2026-09-11 19:38:28.650,1789166308.650185,29
2026-09-11 19:38:28.657,1789166308.6578774,0
2026-09-11 19:38:28.665,1789166308.6655698,-29
2026-09-11 19:38:28.673,1789166308.6732621,-53
2026-09-11 19:38:28.680,1789166308.6809545,-63
2026-09-11 19:38:28.688,1789166308.6886468,-63
2026-09-11 19:38:28.696,1789166308.6963391,-63
2026-09-11 19:38:28.704,1789166308.7040315,-67
2026-09-11 19:38:28.711,1789166308.7117236,-60
2026-09-11 19:38:28.719,1789166308.719416,-38
2026-09-11 19:38:28.727,1789166308.7271082,-29
2026-09-11 19:38:28.734,1789166308.7348006,-24
2026-09-11 19:38:28.742,1789166308.742493,-14
2026-09-11 19:38:28.750,1789166308.7501853,-7
2026-09-11 19:38:28.757,1789166308.7578776,-7
2026-09-11 19:38:28.765,1789166308.76557,-7
2026-09-11 19:38:28.773,1789166308.773262,-4
2026-09-11 19:38:28.780,1789166308.7809544,-2
2026-09-11 19:38:28.788,1789166308.7886467,-7
2026-09-11 19:38:28.796,1789166308.796339,-12
2026-09-11 19:38:28.804,1789166308.8040314,-12
2026-09-11 19:38:28.811,1789166308.8117237,-14
2026-09-11 19:38:28.819,1789166308.819416,-19
2026-09-11 19:38:28.827,1789166308.8271084,-12
2026-09-11 19:38:28.834,1789166308.8348007,12
2026-09-11 19:38:28.842,1789166308.8424928,38
2026-09-11 19:38:28.850,1789166308.8501852,41
2026-09-11 19:38:28.857,1789166308.8578775,26
2026-09-11 19:38:28.865,1789166308.8650286,4
2026-09-11 19:38:28.872,1789166308.872721,-12
2026-09-11 19:38:28.880,1789166308.8804133,-19
2026-09-11 19:38:28.888,1789166308.8881056,-21
2026-09-11 19:38:28.895,1789166308.895798,-19
2026-09-11 19:38:28.903,1789166308.90349,-14
2026-09-11 19:38:28.911,1789166308.9111824,-12
2026-09-11 19:38:28.918,1789166308.9188747,-16
2026-09-11 19:38:28.926,1789166308.926567,-19
2026-09-11 19:38:28.934,1789166308.9342594,-21
2026-09-11 19:38:28.941,1789166308.9419518,4
2026-09-11 19:38:28.949,1789166308.949644,150
2026-09-11 19:38:28.957,1789166308.9573364,441
2026-09-11 19:38:28.965,1789166308.9650285,783
2026-09-11 19:38:28.972,1789166308.9727209,916
2026-09-11 19:38:28.980,1789166308.9804132,419
2026-09-11 19:38:28.988,1789166308.9881055,-339
2026-09-11 19:38:28.995,1789166308.9957979,-390
2026-09-11 19:38:29.003,1789166309.0034902,-29
2026-09-11 19:38:29.011,1789166309.0111825,-41
2026-09-11 19:38:29.018,1789166309.018875,-143
2026-09-11 19:38:29.026,1789166309.026567,-58
2026-09-11 19:38:29.034,1789166309.0342593,-33
2026-09-11 19:38:29.041,1789166309.0419517,-70
2026-09-11 19:38:29.049,1789166309.049644,-38
2026-09-11 19:38:29.057,1789166309.0573363,-12
2026-09-11 19:38:29.065,1789166309.0650287,-26
2026-09-11 19:38:29.072,1789166309.072721,-19
2026-09-11 19:38:29.080,1789166309.0804133,2
2026-09-11 19:38:29.088,1789166309.0881054,7
2026-09-11 19:38:29.095,1789166309.0957978,9
2026-09-11 19:38:29.103,1789166309.10349,16
2026-09-11 19:38:29.111,1789166309.1111825,26
2026-09-11 19:38:29.118,1789166309.1188748,38
2026-09-11 19:38:29.126,1789166309.1265671,48
2026-09-11 19:38:29.134,1789166309.1342595,55
2026-09-11 19:38:29.141,1789166309.1419518,65
2026-09-11 19:38:29.149,1789166309.149644,75
2026-09-11 19:38:29.157,1789166309.1573362,75
2026-09-11 19:38:29.165,1789166309.1650286,72
2026-09-11 19:38:29.172,1789166309.172721,70
2026-09-11 19:38:29.180,1789166309.1804132,65
2026-09-11 19:38:29.188,1789166309.1881056,60
2026-09-11 19:38:29.195,1789166309.195798,50
2026-09-11 19:38:29.203,1789166309.2034903,38
2026-09-11 19:38:29.211,1789166309.2111824,24
2026-09-11 19:38:29.218,1789166309.2188747,2
2026-09-11 19:38:29.226,1789166309.226567,-14
2026-09-11 19:38:29.234,1789166309.2342594,-33
2026-09-11 19:38:29.241,1789166309.2419517,-50
2026-09-11 19:38:29.249,1789166309.249644,-60
2026-09-11 19:38:29.257,1789166309.2573364,-63
2026-09-11 19:38:29.265,1789166309.2650287,-65
2026-09-11 19:38:29.272,1789166309.2727208,-58
2026-09-11 19:38:29.280,1789166309.2804132,-46
2026-09-11 19:38:29.288,1789166309.2881055,-36
2026-09-11 19:38:29.295,1789166309.2957978,-26
2026-09-11 19:38:29.303,1789166309.3034902,-24
2026-09-11 19:38:29.311,1789166309.3111825,-24
2026-09-11 19:38:29.318,1789166309.3188748,-19
2026-09-11 19:38:29.326,1789166309.3265672,-14
2026-09-11 19:38:29.334,1789166309.3342593,-14
2026-09-11 19:38:29.341,1789166309.3419516,-16
2026-09-11 19:38:29.349,1789166309.349644,-16
2026-09-11 19:38:29.357,1789166309.3573363,-21
2026-09-11 19:38:29.365,1789166309.3650286,-33
2026-09-11 19:38:29.372,1789166309.372721,-36
2026-09-11 19:38:29.380,1789166309.3804133,-29
2026-09-11 19:38:29.388,1789166309.3881056,-24
2026-09-11 19:38:29.395,1789166309.395798,-16
2026-09-11 19:38:29.403,1789166309.40349,0
2026-09-11 19:38:29.411,1789166309.4111824,19
2026-09-11 19:38:29.418,1789166309.4188747,24
2026-09-11 19:38:29.426,1789166309.4260054,14
2026-09-11 19:38:29.433,1789166309.4336977,-2
2026-09-11 19:38:29.441,1789166309.44139,-19
2026-09-11 19:38:29.449,1789166309.4490824,-26
2026-09-11 19:38:29.456,1789166309.4567747,-26
2026-09-11 19:38:29.464,1789166309.4644668,-31
2026-09-11 19:38:29.472,1789166309.4721591,-33
2026-09-11 19:38:29.479,1789166309.4798515,-29
2026-09-11 19:38:29.487,1789166309.4875438,-21
2026-09-11 19:38:29.495,1789166309.4952362,-24
2026-09-11 19:38:29.502,1789166309.5029285,-33
2026-09-11 19:38:29.510,1789166309.5106208,2
2026-09-11 19:38:29.518,1789166309.5183132,145
2026-09-11 19:38:29.526,1789166309.5260053,395
2026-09-11 19:38:29.533,1789166309.5336976,746
2026-09-11 19:38:29.541,1789166309.54139,943
2026-09-11 19:38:29.549,1789166309.5490823,453
2026-09-11 19:38:29.556,1789166309.5567746,-320
2026-09-11 19:38:29.564,1789166309.564467,-366
2026-09-11 19:38:29.572,1789166309.5721593,-21
2026-09-11 19:38:29.579,1789166309.5798516,-50
2026-09-11 19:38:29.587,1789166309.5875437,-145
2026-09-11 19:38:29.595,1789166309.595236,-63
2026-09-11 19:38:29.602,1789166309.6029284,-41
2026-09-11 19:38:29.610,1789166309.6106207,-72
2026-09-11 19:38:29.618,1789166309.618313,-46
2026-09-11 19:38:29.626,1789166309.6260054,-24
2026-09-11 19:38:29.633,1789166309.6336977,-26
2026-09-11 19:38:29.641,1789166309.64139,-19
2026-09-11 19:38:29.649,1789166309.6490822,-7
2026-09-11 19:38:29.656,1789166309.6567745,-2
2026-09-11 19:38:29.664,1789166309.6644669,4
2026-09-11 19:38:29.672,1789166309.6721592,14
2026-09-11 19:38:29.679,1789166309.6798515,21
2026-09-11 19:38:29.687,1789166309.6875439,33
2026-09-11 19:38:29.695,1789166309.6952362,46
2026-09-11 19:38:29.702,1789166309.7029285,55
2026-09-11 19:38:29.710,1789166309.7106206,58
2026-09-11 19:38:29.718,1789166309.718313,63
2026-09-11 19:38:29.726,1789166309.7260053,65
2026-09-11 19:38:29.733,1789166309.7336977,60
2026-09-11 19:38:29.741,1789166309.74139,50
2026-09-11 19:38:29.749,1789166309.7490823,46
2026-09-11 19:38:29.756,1789166309.7567747,38
2026-09-11 19:38:29.764,1789166309.764467,36
2026-09-11 19:38:29.772,1789166309.772159,31
2026-09-11 19:38:29.779,1789166309.7798514,24
2026-09-11 19:38:29.787,1789166309.7875438,12
2026-09-11 19:38:29.795,1789166309.795236,-7
2026-09-11 19:38:29.802,1789166309.8029284,-19
2026-09-11 19:38:29.810,1789166309.8106208,-26
2026-09-11 19:38:29.818,1789166309.8183131,-33
2026-09-11 19:38:29.826,1789166309.8260055,-38
2026-09-11 19:38:29.833,1789166309.8336976,-38
2026-09-11 19:38:29.841,1789166309.84139,-31
2026-09-11 19:38:29.849,1789166309.8490822,-19
2026-09-11 19:38:29.856,1789166309.8567746,-9
2026-09-11 19:38:29.864,1789166309.864467,-9
2026-09-11 19:38:29.872,1789166309.8721592,-4
2026-09-11 19:38:29.879,1789166309.8798516,2
2026-09-11 19:38:29.887,1789166309.887544,2
2026-09-11 19:38:29.895,1789166309.895236,4
2026-09-11 19:38:29.902,1789166309.9029284,9
2026-09-11 19:38:29.910,1789166309.9106207,7
2026-09-11 19:38:29.918,1789166309.918313,4
2026-09-11 19:38:29.926,1789166309.9260054,2
2026-09-11 19:38:29.933,1789166309.9336977,-9
2026-09-11 19:38:29.941,1789166309.94139,-19
2026-09-11 19:38:29.949,1789166309.9490824,-9
2026-09-11 19:38:29.956,1789166309.9567747,0
2026-09-11 19:38:29.964,1789166309.9644668,7
2026-09-11 19:38:29.972,1789166309.9721591,24
2026-09-11 19:38:29.979,1789166309.9798515,46
2026-09-11 19:38:29.986,1789166309.986982,55
2026-09-11 19:38:29.994,1789166309.9946744,46
2026-09-11 19:38:30.002,1789166310.0023668,31
2026-09-11 19:38:30.010,1789166310.010059,16
2026-09-11 19:38:30.017,1789166310.0177515,0
2026-09-11 19:38:30.025,1789166310.0254436,-7
2026-09-11 19:38:30.033,1789166310.033136,-9
2026-09-11 19:38:30.040,1789166310.0408282,-7
2026-09-11 19:38:30.048,1789166310.0485206,-2
2026-09-11 19:38:30.056,1789166310.056213,0
2026-09-11 19:38:30.063,1789166310.0639052,-7
2026-09-11 19:38:30.071,1789166310.0715976,-16
2026-09-11 19:38:30.079,1789166310.07929,-4
2026-09-11 19:38:30.086,1789166310.086982,82
2026-09-11 19:38:30.094,1789166310.0946743,271
2026-09-11 19:38:30.102,1789166310.1023667,565
2026-09-11 19:38:30.110,1789166310.110059,885
2026-09-11 19:38:30.117,1789166310.1177514,720
2026-09-11 19:38:30.125,1789166310.1254437,-48
2026-09-11 19:38:30.133,1789166310.133136,-414
2026-09-11 19:38:30.140,1789166310.1408284,-104
2026-09-11 19:38:30.148,1789166310.1485205,24
2026-09-11 19:38:30.156,1789166310.1562128,-106
2026-09-11 19:38:30.163,1789166310.1639051,-75
2026-09-11 19:38:30.171,1789166310.1715975,-14
2026-09-11 19:38:30.179,1789166310.1792898,-48
2026-09-11 19:38:30.186,1789166310.1869822,-43
2026-09-11 19:38:30.194,1789166310.1946745,-9
2026-09-11 19:38:30.202,1789166310.2023668,-9
2026-09-11 19:38:30.210,1789166310.210059,-9
2026-09-11 19:38:30.217,1789166310.2177513,2
2026-09-11 19:38:30.225,1789166310.2254436,12
2026-09-11 19:38:30.233,1789166310.233136,21
2026-09-11 19:38:30.240,1789166310.2408283,31
2026-09-11 19:38:30.248,1789166310.2485206,36
2026-09-11 19:38:30.256,1789166310.256213,41
2026-09-11 19:38:30.263,1789166310.2639053,50
2026-09-11 19:38:30.271,1789166310.2715974,60
2026-09-11 19:38:30.279,1789166310.2792897,65
2026-09-11 19:38:30.286,1789166310.286982,70
2026-09-11 19:38:30.294,1789166310.2946744,72
2026-09-11 19:38:30.302,1789166310.3023667,75
2026-09-11 19:38:30.310,1789166310.310059,75
2026-09-11 19:38:30.317,1789166310.3177514,67
2026-09-11 19:38:30.325,1789166310.3254437,60
2026-09-11 19:38:30.333,1789166310.3331358,58
2026-09-11 19:38:30.340,1789166310.3408282,55
2026-09-11 19:38:30.348,1789166310.3485205,48
2026-09-11 19:38:30.356,1789166310.3562129,33
2026-09-11 19:38:30.363,1789166310.3639052,21
2026-09-11 19:38:30.371,1789166310.3715975,7
2026-09-11 19:38:30.379,1789166310.3792899,-9
2026-09-11 19:38:30.386,1789166310.3869822,-21
2026-09-11 19:38:30.394,1789166310.3946743,-29
2026-09-11 19:38:30.402,1789166310.4023666,-26
2026-09-11 19:38:30.410,1789166310.410059,-21
2026-09-11 19:38:30.417,1789166310.4177513,-14
2026-09-11 19:38:30.425,1789166310.4254436,-9
2026-09-11 19:38:30.433,1789166310.433136,-4
2026-09-11 19:38:30.440,1789166310.4408283,0
2026-09-11 19:38:30.448,1789166310.4485207,7
2026-09-11 19:38:30.456,1789166310.4562128,7
2026-09-11 19:38:30.463,1789166310.463905,0
2026-09-11 19:38:30.471,1789166310.4715974,0
2026-09-11 19:38:30.479,1789166310.4792898,2
2026-09-11 19:38:30.486,1789166310.486982,-2
2026-09-11 19:38:30.494,1789166310.4946744,-7
2026-09-11 19:38:30.502,1789166310.5023668,-4
2026-09-11 19:38:30.510,1789166310.510059,-14
2026-09-11 19:38:30.517,1789166310.5177515,-26
2026-09-11 19:38:30.525,1789166310.5254436,-24
2026-09-11 19:38:30.533,1789166310.533136,-14
2026-09-11 19:38:30.540,1789166310.5408282,-9
2026-09-11 19:38:30.547,1789166310.5479589,9
2026-09-11 19:38:30.555,1789166310.5556512,33
2026-09-11 19:38:30.563,1789166310.5633435,38
2026-09-11 19:38:30.571,1789166310.5710359,29
2026-09-11 19:38:30.578,1789166310.5787282,14
2026-09-11 19:38:30.586,1789166310.5864203,-9
2026-09-11 19:38:30.594,1789166310.5941126,-26
2026-09-11 19:38:30.601,1789166310.601805,-29
2026-09-11 19:38:30.609,1789166310.6094973,-26
2026-09-11 19:38:30.617,1789166310.6171896,-21
2026-09-11 19:38:30.624,1789166310.624882,-24
2026-09-11 19:38:30.632,1789166310.6325743,-33
2026-09-11 19:38:30.640,1789166310.6402667,-38
2026-09-11 19:38:30.647,1789166310.6479588,-43
2026-09-11 19:38:30.655,1789166310.655651,-36
2026-09-11 19:38:30.663,1789166310.6633434,48
2026-09-11 19:38:30.671,1789166310.6710358,247
2026-09-11 19:38:30.678,1789166310.678728,535
2026-09-11 19:38:30.686,1789166310.6864204,809
2026-09-11 19:38:30.694,1789166310.6941128,625
2026-09-11 19:38:30.701,1789166310.701805,-121
2026-09-11 19:38:30.709,1789166310.7094972,-472
2026-09-11 19:38:30.717,1789166310.7171896,-152
2026-09-11 19:38:30.724,1789166310.724882,-7
2026-09-11 19:38:30.732,1789166310.7325742,-121
2026-09-11 19:38:30.740,1789166310.7402666,-82
2026-09-11 19:38:30.747,1789166310.747959,-19
2026-09-11 19:38:30.755,1789166310.7556512,-58
2026-09-11 19:38:30.763,1789166310.7633436,-58
2026-09-11 19:38:30.771,1789166310.7710357,-19
2026-09-11 19:38:30.778,1789166310.778728,-14
2026-09-11 19:38:30.786,1789166310.7864203,-14
2026-09-11 19:38:30.794,1789166310.7941127,-2
2026-09-11 19:38:30.801,1789166310.801805,4
2026-09-11 19:38:30.809,1789166310.8094974,14
2026-09-11 19:38:30.817,1789166310.8171897,29
2026-09-11 19:38:30.824,1789166310.824882,38
2026-09-11 19:38:30.832,1789166310.8325741,43
2026-09-11 19:38:30.840,1789166310.8402665,55
2026-09-11 19:38:30.847,1789166310.8479588,72
2026-09-11 19:38:30.855,1789166310.8556511,84
2026-09-11 19:38:30.863,1789166310.8633435,89
2026-09-11 19:38:30.871,1789166310.8710358,92
2026-09-11 19:38:30.878,1789166310.8787282,92
2026-09-11 19:38:30.886,1789166310.8864205,97
2026-09-11 19:38:30.894,1789166310.8941126,104
2026-09-11 19:38:30.901,1789166310.901805,99
2026-09-11 19:38:30.909,1789166310.9094973,89
2026-09-11 19:38:30.917,1789166310.9171896,80
2026-09-11 19:38:30.924,1789166310.924882,67
2026-09-11 19:38:30.932,1789166310.9325743,53
2026-09-11 19:38:30.940,1789166310.9402666,24
2026-09-11 19:38:30.947,1789166310.947959,-14
2026-09-11 19:38:30.955,1789166310.955651,-41
2026-09-11 19:38:30.963,1789166310.9633434,-53
2026-09-11 19:38:30.971,1789166310.9710357,-58
2026-09-11 19:38:30.978,1789166310.978728,-60
2026-09-11 19:38:30.986,1789166310.9864204,-58
2026-09-11 19:38:30.994,1789166310.9941127,-48
2026-09-11 19:38:31.001,1789166311.001805,-31
2026-09-11 19:38:31.009,1789166311.0094974,-26
2026-09-11 19:38:31.017,1789166311.0171895,-31
2026-09-11 19:38:31.024,1789166311.0248818,-29
2026-09-11 19:38:31.032,1789166311.0325742,-19
2026-09-11 19:38:31.040,1789166311.0402665,-14
2026-09-11 19:38:31.047,1789166311.0479589,-7
2026-09-11 19:38:31.055,1789166311.0556512,2
2026-09-11 19:38:31.063,1789166311.0633435,-4
2026-09-11 19:38:31.071,1789166311.0710359,-24
2026-09-11 19:38:31.078,1789166311.0787282,-26
2026-09-11 19:38:31.086,1789166311.0864203,-21
2026-09-11 19:38:31.094,1789166311.0941126,-24
2026-09-11 19:38:31.101,1789166311.101805,-21
2026-09-11 19:38:31.108,1789166311.1089356,-12
2026-09-11 19:38:31.116,1789166311.116628,2
2026-09-11 19:38:31.124,1789166311.1243203,29
2026-09-11 19:38:31.132,1789166311.1320126,48
2026-09-11 19:38:31.139,1789166311.139705,29
2026-09-11 19:38:31.147,1789166311.147397,-2
2026-09-11 19:38:31.155,1789166311.1550894,-14
2026-09-11 19:38:31.162,1789166311.1627817,-21
2026-09-11 19:38:31.170,1789166311.170474,-38
2026-09-11 19:38:31.178,1789166311.1781664,-46
2026-09-11 19:38:31.185,1789166311.1858587,-36
2026-09-11 19:38:31.193,1789166311.193551,-21
2026-09-11 19:38:31.201,1789166311.2012434,-14
2026-09-11 19:38:31.208,1789166311.2089355,-19
2026-09-11 19:38:31.216,1789166311.2166278,-31
2026-09-11 19:38:31.224,1789166311.2243202,-16
2026-09-11 19:38:31.232,1789166311.2320125,116
2026-09-11 19:38:31.239,1789166311.2397048,414
2026-09-11 19:38:31.247,1789166311.2473972,761
2026-09-11 19:38:31.255,1789166311.2550895,856
2026-09-11 19:38:31.262,1789166311.2627819,332
2026-09-11 19:38:31.270,1789166311.270474,-421
2026-09-11 19:38:31.278,1789166311.2781663,-465
2026-09-11 19:38:31.285,1789166311.2858586,-63
2026-09-11 19:38:31.293,1789166311.293551,-26
2026-09-11 19:38:31.301,1789166311.3012433,-123
2026-09-11 19:38:31.308,1789166311.3089356,-41
2026-09-11 19:38:31.316,1789166311.316628,-12
2026-09-11 19:38:31.324,1789166311.3243203,-43
2026-09-11 19:38:31.332,1789166311.3320124,-12
2026-09-11 19:38:31.339,1789166311.3397048,9
2026-09-11 19:38:31.347,1789166311.347397,0
2026-09-11 19:38:31.355,1789166311.3550894,9
2026-09-11 19:38:31.362,1789166311.3627818,26
2026-09-11 19:38:31.370,1789166311.370474,36
2026-09-11 19:38:31.378,1789166311.3781664,55
2026-09-11 19:38:31.385,1789166311.3858588,72
2026-09-11 19:38:31.393,1789166311.3935509,72
2026-09-11 19:38:31.401,1789166311.4012432,67
2026-09-11 19:38:31.408,1789166311.4089355,92
2026-09-11 19:38:31.416,1789166311.416628,126
2026-09-11 19:38:31.424,1789166311.4243202,133
2026-09-11 19:38:31.432,1789166311.4320126,138
2026-09-11 19:38:31.439,1789166311.439705,152
2026-09-11 19:38:31.447,1789166311.4473972,160
2026-09-11 19:38:31.455,1789166311.4550893,155
2026-09-11 19:38:31.462,1789166311.4627817,152
2026-09-11 19:38:31.470,1789166311.470474,157
2026-09-11 19:38:31.478,1789166311.4781663,155
2026-09-11 19:38:31.485,1789166311.4858587,123
2026-09-11 19:38:31.493,1789166311.493551,84
2026-09-11 19:38:31.501,1789166311.5012434,55
2026-09-11 19:38:31.508,1789166311.5089357,19
2026-09-11 19:38:31.516,1789166311.5166278,-19
2026-09-11 19:38:31.524,1789166311.5243201,-43
2026-09-11 19:38:31.532,1789166311.5320125,-53
2026-09-11 19:38:31.539,1789166311.5397048,-58
2026-09-11 19:38:31.547,1789166311.5473971,-65
2026-09-11 19:38:31.555,1789166311.5550895,-67
2026-09-11 19:38:31.562,1789166311.5627818,-58
2026-09-11 19:38:31.570,1789166311.5704741,-41
2026-09-11 19:38:31.578,1789166311.5781662,-29
2026-09-11 19:38:31.585,1789166311.5858586,-24
2026-09-11 19:38:31.593,1789166311.593551,-19
2026-09-11 19:38:31.601,1789166311.6012433,-12
2026-09-11 19:38:31.608,1789166311.6089356,-7
2026-09-11 19:38:31.616,1789166311.616628,-7
2026-09-11 19:38:31.624,1789166311.6243203,-4
2026-09-11 19:38:31.632,1789166311.6320126,-4
2026-09-11 19:38:31.639,1789166311.639705,-9
2026-09-11 19:38:31.647,1789166311.647397,-2
2026-09-11 19:38:31.655,1789166311.6550894,0
2026-09-11 19:38:31.662,1789166311.6627817,-7
2026-09-11 19:38:31.669,1789166311.6699126,-2
2026-09-11 19:38:31.677,1789166311.677605,21
2026-09-11 19:38:31.685,1789166311.6852973,36
2026-09-11 19:38:31.692,1789166311.6929896,36
2026-09-11 19:38:31.700,1789166311.700682,24
2026-09-11 19:38:31.708,1789166311.708374,4
2026-09-11 19:38:31.716,1789166311.7160664,-16
2026-09-11 19:38:31.723,1789166311.7237587,-14
2026-09-11 19:38:31.731,1789166311.731451,-12
2026-09-11 19:38:31.739,1789166311.7391434,-21
2026-09-11 19:38:31.746,1789166311.7468357,-19
2026-09-11 19:38:31.754,1789166311.754528,-7
2026-09-11 19:38:31.762,1789166311.7622204,-9
2026-09-11 19:38:31.769,1789166311.7699125,-16
2026-09-11 19:38:31.777,1789166311.7776048,-19
2026-09-11 19:38:31.785,1789166311.7852972,7
2026-09-11 19:38:31.792,1789166311.7929895,147
2026-09-11 19:38:31.800,1789166311.8006818,436
2026-09-11 19:38:31.808,1789166311.8083742,763
2026-09-11 19:38:31.816,1789166311.8160665,865
2026-09-11 19:38:31.823,1789166311.8237588,371
2026-09-11 19:38:31.831,1789166311.831451,-363
2026-09-11 19:38:31.839,1789166311.8391433,-397
2026-09-11 19:38:31.846,1789166311.8468356,-24
2026-09-11 19:38:31.854,1789166311.854528,-21
2026-09-11 19:38:31.862,1789166311.8622203,-113
2026-09-11 19:38:31.869,1789166311.8699126,-29
2026-09-11 19:38:31.877,1789166311.877605,-12
2026-09-11 19:38:31.885,1789166311.8852973,-50
2026-09-11 19:38:31.892,1789166311.8929894,-21
2026-09-11 19:38:31.900,1789166311.9006817,4
2026-09-11 19:38:31.908,1789166311.908374,-7
2026-09-11 19:38:31.916,1789166311.9160664,2
2026-09-11 19:38:31.923,1789166311.9237587,24
2026-09-11 19:38:31.931,1789166311.931451,31
2026-09-11 19:38:31.939,1789166311.9391434,38
2026-09-11 19:38:31.946,1789166311.9468358,48
2026-09-11 19:38:31.954,1789166311.9545279,58
2026-09-11 19:38:31.962,1789166311.9622202,72
2026-09-11 19:38:31.969,1789166311.9699125,84
2026-09-11 19:38:31.977,1789166311.9776049,89
2026-09-11 19:38:31.985,1789166311.9852972,101
2026-09-11 19:38:31.992,1789166311.9929895,118
2026-09-11 19:38:32.000,1789166312.0006819,121
2026-09-11 19:38:32.008,1789166312.0083742,116
2026-09-11 19:38:32.016,1789166312.0160663,111
2026-09-11 19:38:32.023,1789166312.0237586,106
2026-09-11 19:38:32.031,1789166312.031451,101
2026-09-11 19:38:32.039,1789166312.0391433,99
2026-09-11 19:38:32.046,1789166312.0468357,84
2026-09-11 19:38:32.054,1789166312.054528,60
2026-09-11 19:38:32.062,1789166312.0622203,36
2026-09-11 19:38:32.069,1789166312.0699127,12
2026-09-11 19:38:32.077,1789166312.0776048,-14
2026-09-11 19:38:32.085,1789166312.085297,-31
2026-09-11 19:38:32.092,1789166312.0929894,-38
2026-09-11 19:38:32.100,1789166312.1006818,-41
2026-09-11 19:38:32.108,1789166312.108374,-41
2026-09-11 19:38:32.116,1789166312.1160665,-36
2026-09-11 19:38:32.123,1789166312.1237588,-29
2026-09-11 19:38:32.131,1789166312.1314511,-19
2026-09-11 19:38:32.139,1789166312.1391432,-12
2026-09-11 19:38:32.146,1789166312.1468356,-4
2026-09-11 19:38:32.154,1789166312.154528,0
2026-09-11 19:38:32.162,1789166312.1622202,2
2026-09-11 19:38:32.169,1789166312.1699126,2
2026-09-11 19:38:32.177,1789166312.177605,7
2026-09-11 19:38:32.185,1789166312.1852973,7
2026-09-11 19:38:32.192,1789166312.1929896,0
2026-09-11 19:38:32.200,1789166312.200682,-9
2026-09-11 19:38:32.208,1789166312.208374,-12
2026-09-11 19:38:32.216,1789166312.2160664,-7
2026-09-11 19:38:32.223,1789166312.2237587,-4
2026-09-11 19:38:32.230,1789166312.230889,7
2026-09-11 19:38:32.238,1789166312.2385814,29
2026-09-11 19:38:32.246,1789166312.2462738,46
2026-09-11 19:38:32.253,1789166312.253966,46
2026-09-11 19:38:32.261,1789166312.2616584,33
2026-09-11 19:38:32.269,1789166312.2693505,16
2026-09-11 19:38:32.277,1789166312.2770429,-2
2026-09-11 19:38:32.284,1789166312.2847352,-12
2026-09-11 19:38:32.292,1789166312.2924275,-9
2026-09-11 19:38:32.300,1789166312.3001199,-9
2026-09-11 19:38:32.307,1789166312.3078122,-9
2026-09-11 19:38:32.315,1789166312.3155046,-7
2026-09-11 19:38:32.323,1789166312.323197,-4
2026-09-11 19:38:32.330,1789166312.330889,-7
2026-09-11 19:38:32.338,1789166312.3385813,-14
2026-09-11 19:38:32.346,1789166312.3462737,33
2026-09-11 19:38:32.353,1789166312.353966,201
2026-09-11 19:38:32.361,1789166312.3616583,477
2026-09-11 19:38:32.369,1789166312.3693507,822
2026-09-11 19:38:32.377,1789166312.377043,923
2026-09-11 19:38:32.384,1789166312.3847353,324
2026-09-11 19:38:32.392,1789166312.3924274,-373
2026-09-11 19:38:32.400,1789166312.4001198,-288
2026-09-11 19:38:32.407,1789166312.407812,21
2026-09-11 19:38:32.415,1789166312.4155045,-58
2026-09-11 19:38:32.423,1789166312.4231968,-121
2026-09-11 19:38:32.430,1789166312.4308891,-31
2026-09-11 19:38:32.438,1789166312.4385815,-29
2026-09-11 19:38:32.446,1789166312.4462738,-58
2026-09-11 19:38:32.453,1789166312.453966,-26
2026-09-11 19:38:32.461,1789166312.4616582,-4
2026-09-11 19:38:32.469,1789166312.4693506,-9
2026-09-11 19:38:32.477,1789166312.477043,0
2026-09-11 19:38:32.484,1789166312.4847353,9
2026-09-11 19:38:32.492,1789166312.4924276,14
2026-09-11 19:38:32.500,1789166312.50012,19
2026-09-11 19:38:32.507,1789166312.5078123,31
2026-09-11 19:38:32.515,1789166312.5155044,43
2026-09-11 19:38:32.523,1789166312.5231967,53
2026-09-11 19:38:32.530,1789166312.530889,60
2026-09-11 19:38:32.538,1789166312.5385814,67
2026-09-11 19:38:32.546,1789166312.5462737,77
2026-09-11 19:38:32.553,1789166312.553966,80
2026-09-11 19:38:32.561,1789166312.5616584,77
2026-09-11 19:38:32.569,1789166312.5693507,75
2026-09-11 19:38:32.577,1789166312.5770428,70
2026-09-11 19:38:32.584,1789166312.5847352,63
2026-09-11 19:38:32.592,1789166312.5924275,60
2026-09-11 19:38:32.600,1789166312.6001198,53
2026-09-11 19:38:32.607,1789166312.6078122,43
2026-09-11 19:38:32.615,1789166312.6155045,33
2026-09-11 19:38:32.623,1789166312.6231968,21
2026-09-11 19:38:32.630,1789166312.6308892,2
2026-09-11 19:38:32.638,1789166312.6385813,-9
2026-09-11 19:38:32.646,1789166312.6462736,-16
2026-09-11 19:38:32.653,1789166312.653966,-24
2026-09-11 19:38:32.661,1789166312.6616583,-26
2026-09-11 19:38:32.669,1789166312.6693506,-21
2026-09-11 19:38:32.677,1789166312.677043,-14
2026-09-11 19:38:32.684,1789166312.6847353,-9
2026-09-11 19:38:32.692,1789166312.6924276,-2
2026-09-11 19:38:32.700,1789166312.7001197,4
2026-09-11 19:38:32.707,1789166312.707812,7
2026-09-11 19:38:32.715,1789166312.7155044,9
2026-09-11 19:38:32.723,1789166312.7231967,9
2026-09-11 19:38:32.730,1789166312.730889,9
2026-09-11 19:38:32.738,1789166312.7385814,7
2026-09-11 19:38:32.746,1789166312.7462738,9
2026-09-11 19:38:32.753,1789166312.753966,9
2026-09-11 19:38:32.761,1789166312.7616584,-2
2026-09-11 19:38:32.769,1789166312.7693505,-9
2026-09-11 19:38:32.777,1789166312.7770429,-4
2026-09-11 19:38:32.784,1789166312.7847352,2
2026-09-11 19:38:32.791,1789166312.791866,9
2026-09-11 19:38:32.799,1789166312.7995584,31
2026-09-11 19:38:32.807,1789166312.8072507,53
2026-09-11 19:38:32.814,1789166312.814943,53
2026-09-11 19:38:32.822,1789166312.8226354,41
2026-09-11 19:38:32.830,1789166312.8303275,26
2026-09-11 19:38:32.838,1789166312.8380198,7
2026-09-11 19:38:32.845,1789166312.8457122,-9
2026-09-11 19:38:32.853,1789166312.8534045,-9
2026-09-11 19:38:32.861,1789166312.8610969,-7
2026-09-11 19:38:32.868,1789166312.8687892,-12
2026-09-11 19:38:32.876,1789166312.8764815,-12
2026-09-11 19:38:32.884,1789166312.8841739,-4
2026-09-11 19:38:32.891,1789166312.891866,-4
2026-09-11 19:38:32.899,1789166312.8995583,-16
2026-09-11 19:38:32.907,1789166312.9072506,2
2026-09-11 19:38:32.914,1789166312.914943,121
2026-09-11 19:38:32.922,1789166312.9226353,339
2026-09-11 19:38:32.930,1789166312.9303277,671
2026-09-11 19:38:32.938,1789166312.93802,948
2026-09-11 19:38:32.945,1789166312.9457123,591
2026-09-11 19:38:32.953,1789166312.9534044,-198
2026-09-11 19:38:32.961,1789166312.9610968,-363
2026-09-11 19:38:32.968,1789166312.968789,-26
2026-09-11 19:38:32.976,1789166312.9764814,-7
2026-09-11 19:38:32.984,1789166312.9841738,-121
2026-09-11 19:38:32.991,1789166312.991866,-58
2026-09-11 19:38:32.999,1789166312.9995584,-29
2026-09-11 19:38:33.007,1789166313.0072508,-63
2026-09-11 19:38:33.014,1789166313.014943,-41
2026-09-11 19:38:33.022,1789166313.0226352,-12
2026-09-11 19:38:33.030,1789166313.0303276,-16
2026-09-11 19:38:33.038,1789166313.03802,-12
2026-09-11 19:38:33.045,1789166313.0457122,4
2026-09-11 19:38:33.053,1789166313.0534046,12
2026-09-11 19:38:33.061,1789166313.061097,14
2026-09-11 19:38:33.068,1789166313.0687892,24
2026-09-11 19:38:33.076,1789166313.0764813,36
2026-09-11 19:38:33.084,1789166313.0841737,41
2026-09-11 19:38:33.091,1789166313.091866,48
2026-09-11 19:38:33.099,1789166313.0995584,55
2026-09-11 19:38:33.107,1789166313.1072507,60
2026-09-11 19:38:33.114,1789166313.114943,65
2026-09-11 19:38:33.122,1789166313.1226354,67
2026-09-11 19:38:33.130,1789166313.1303277,70
2026-09-11 19:38:33.138,1789166313.1380198,60
2026-09-11 19:38:33.145,1789166313.1457121,50
2026-09-11 19:38:33.153,1789166313.1534045,46
2026-09-11 19:38:33.161,1789166313.1610968,50
2026-09-11 19:38:33.168,1789166313.1687891,50
2026-09-11 19:38:33.176,1789166313.1764815,41
2026-09-11 19:38:33.184,1789166313.1841738,24
2026-09-11 19:38:33.191,1789166313.1918662,9
2026-09-11 19:38:33.199,1789166313.1995583,-4
2026-09-11 19:38:33.207,1789166313.2072506,-19
2026-09-11 19:38:33.214,1789166313.214943,-29
2026-09-11 19:38:33.222,1789166313.2226353,-31
2026-09-11 19:38:33.230,1789166313.2303276,-29
2026-09-11 19:38:33.238,1789166313.23802,-21
2026-09-11 19:38:33.245,1789166313.2457123,-12
2026-09-11 19:38:33.253,1789166313.2534046,-7
2026-09-11 19:38:33.261,1789166313.2610967,-7
2026-09-11 19:38:33.268,1789166313.268789,0
2026-09-11 19:38:33.276,1789166313.2764814,7
2026-09-11 19:38:33.284,1789166313.2841737,4
2026-09-11 19:38:33.291,1789166313.291866,4
2026-09-11 19:38:33.299,1789166313.2995584,4
2026-09-11 19:38:33.307,1789166313.3072507,4
2026-09-11 19:38:33.314,1789166313.314943,2
2026-09-11 19:38:33.322,1789166313.3226354,2
2026-09-11 19:38:33.330,1789166313.3303275,-2
2026-09-11 19:38:33.338,1789166313.3380198,-9
2026-09-11 19:38:33.345,1789166313.3457122,-12
2026-09-11 19:38:33.352,1789166313.3528428,-2
2026-09-11 19:38:33.360,1789166313.3605351,9
2026-09-11 19:38:33.368,1789166313.3682275,26
2026-09-11 19:38:33.375,1789166313.3759198,46
2026-09-11 19:38:33.383,1789166313.3836122,55
2026-09-11 19:38:33.391,1789166313.3913043,50
2026-09-11 19:38:33.398,1789166313.3989966,33
2026-09-11 19:38:33.406,1789166313.406689,14
2026-09-11 19:38:33.414,1789166313.4143813,-4
2026-09-11 19:38:33.422,1789166313.4220736,-19
2026-09-11 19:38:33.429,1789166313.429766,-16
2026-09-11 19:38:33.437,1789166313.4374583,-12
2026-09-11 19:38:33.445,1789166313.4451506,-14
2026-09-11 19:38:33.452,1789166313.4528427,-14
2026-09-11 19:38:33.460,1789166313.460535,-12
2026-09-11 19:38:33.468,1789166313.4682274,-19
2026-09-11 19:38:33.475,1789166313.4759197,-33
2026-09-11 19:38:33.483,1789166313.483612,19
2026-09-11 19:38:33.491,1789166313.4913044,189
2026-09-11 19:38:33.498,1789166313.4989967,441
2026-09-11 19:38:33.506,1789166313.506689,746
2026-09-11 19:38:33.514,1789166313.5143812,725
2026-09-11 19:38:33.522,1789166313.5220735,70
2026-09-11 19:38:33.529,1789166313.5297658,-424
2026-09-11 19:38:33.537,1789166313.5374582,-210
2026-09-11 19:38:33.545,1789166313.5451505,-2
2026-09-11 19:38:33.552,1789166313.5528429,-94
2026-09-11 19:38:33.560,1789166313.5605352,-101
2026-09-11 19:38:33.568,1789166313.5682275,-36
2026-09-11 19:38:33.575,1789166313.5759196,-58
2026-09-11 19:38:33.583,1789166313.583612,-67
2026-09-11 19:38:33.591,1789166313.5913043,-38
2026-09-11 19:38:33.598,1789166313.5989966,-33
2026-09-11 19:38:33.606,1789166313.606689,-31
2026-09-11 19:38:33.614,1789166313.6143813,-14
2026-09-11 19:38:33.622,1789166313.6220737,-9
2026-09-11 19:38:33.629,1789166313.629766,-7
2026-09-11 19:38:33.637,1789166313.637458,0
2026-09-11 19:38:33.645,1789166313.6451504,12
2026-09-11 19:38:33.652,1789166313.6528428,26
2026-09-11 19:38:33.660,1789166313.660535,36
2026-09-11 19:38:33.668,1789166313.6682274,36
2026-09-11 19:38:33.675,1789166313.6759198,43
2026-09-11 19:38:33.683,1789166313.683612,67
2026-09-11 19:38:33.691,1789166313.6913044,77
2026-09-11 19:38:33.698,1789166313.6989965,63
2026-09-11 19:38:33.706,1789166313.706689,55
2026-09-11 19:38:33.714,1789166313.7143812,53
2026-09-11 19:38:33.722,1789166313.7220736,55
2026-09-11 19:38:33.729,1789166313.729766,60
2026-09-11 19:38:33.737,1789166313.7374582,58
2026-09-11 19:38:33.745,1789166313.7451506,43
2026-09-11 19:38:33.752,1789166313.752843,21
2026-09-11 19:38:33.760,1789166313.760535,-2
2026-09-11 19:38:33.768,1789166313.7682273,-26
2026-09-11 19:38:33.775,1789166313.7759197,-43
2026-09-11 19:38:33.783,1789166313.783612,-58
2026-09-11 19:38:33.791,1789166313.7913043,-65
2026-09-11 19:38:33.798,1789166313.7989967,-65
2026-09-11 19:38:33.806,1789166313.806689,-65
2026-09-11 19:38:33.814,1789166313.8143814,-65
2026-09-11 19:38:33.822,1789166313.8220735,-48
2026-09-11 19:38:33.829,1789166313.8297658,-29
2026-09-11 19:38:33.837,1789166313.8374581,-33
2026-09-11 19:38:33.845,1789166313.8451505,-46
2026-09-11 19:38:33.852,1789166313.8528428,-36
2026-09-11 19:38:33.860,1789166313.8605351,-21
2026-09-11 19:38:33.868,1789166313.8682275,-26
2026-09-11 19:38:33.875,1789166313.8759198,-36
2026-09-11 19:38:33.883,1789166313.8836122,-36
2026-09-11 19:38:33.891,1789166313.8913043,-33
2026-09-11 19:38:33.898,1789166313.8989966,-36
2026-09-11 19:38:33.906,1789166313.906689,-38
2026-09-11 19:38:33.913,1789166313.91384,-41
2026-09-11 19:38:33.921,1789166313.9215324,-36
2026-09-11 19:38:33.929,1789166313.9292247,-26
2026-09-11 19:38:33.936,1789166313.936917,-9
2026-09-11 19:38:33.944,1789166313.9446094,19
2026-09-11 19:38:33.952,1789166313.9523015,33
2026-09-11 19:38:33.959,1789166313.9599938,14
2026-09-11 19:38:33.967,1789166313.9676862,-7
2026-09-11 19:38:33.975,1789166313.9753785,-21
2026-09-11 19:38:33.983,1789166313.9830709,-33
2026-09-11 19:38:33.990,1789166313.9907632,-36
2026-09-11 19:38:33.998,1789166313.9984555,-38
2026-09-11 19:38:34.006,1789166314.0061479,-46
2026-09-11 19:38:34.013,1789166314.01384,-43
2026-09-11 19:38:34.021,1789166314.0215323,-33
2026-09-11 19:38:34.029,1789166314.0292246,-31
2026-09-11 19:38:34.036,1789166314.036917,-38
2026-09-11 19:38:34.044,1789166314.0446093,-43
2026-09-11 19:38:34.052,1789166314.0523016,33
2026-09-11 19:38:34.059,1789166314.059994,261
2026-09-11 19:38:34.067,1789166314.0676863,589
2026-09-11 19:38:34.075,1789166314.0753784,841
2026-09-11 19:38:34.083,1789166314.0830708,586
2026-09-11 19:38:34.090,1789166314.090763,-194
2026-09-11 19:38:34.098,1789166314.0984554,-528
2026-09-11 19:38:34.106,1789166314.1061478,-177
2026-09-11 19:38:34.113,1789166314.11384,-21
2026-09-11 19:38:34.121,1789166314.1215324,-130
2026-09-11 19:38:34.129,1789166314.1292248,-75
2026-09-11 19:38:34.136,1789166314.1369169,4
2026-09-11 19:38:34.144,1789166314.1446092,-38
2026-09-11 19:38:34.152,1789166314.1523015,-60
2026-09-11 19:38:34.159,1789166314.159994,-16
2026-09-11 19:38:34.167,1789166314.1676862,7
2026-09-11 19:38:34.175,1789166314.1753786,-4
2026-09-11 19:38:34.183,1789166314.183071,-4
2026-09-11 19:38:34.190,1789166314.1907632,14
2026-09-11 19:38:34.198,1789166314.1984553,31
2026-09-11 19:38:34.206,1789166314.2061477,46
2026-09-11 19:38:34.213,1789166314.21384,72
2026-09-11 19:38:34.221,1789166314.2215323,82
2026-09-11 19:38:34.229,1789166314.2292247,72
2026-09-11 19:38:34.236,1789166314.236917,92
2026-09-11 19:38:34.244,1789166314.2446094,128
2026-09-11 19:38:34.252,1789166314.2523017,130
2026-09-11 19:38:34.259,1789166314.2599938,111
2026-09-11 19:38:34.267,1789166314.2676861,121
2026-09-11 19:38:34.275,1789166314.2753785,147
2026-09-11 19:38:34.283,1789166314.2830708,143
2026-09-11 19:38:34.290,1789166314.2907631,133
2026-09-11 19:38:34.298,1789166314.2984555,143
2026-09-11 19:38:34.306,1789166314.3061478,138
2026-09-11 19:38:34.313,1789166314.3138402,99
2026-09-11 19:38:34.321,1789166314.3215322,55
2026-09-11 19:38:34.329,1789166314.3292246,19
2026-09-11 19:38:34.336,1789166314.336917,-16
2026-09-11 19:38:34.344,1789166314.3446093,-36
2026-09-11 19:38:34.352,1789166314.3523016,-38
2026-09-11 19:38:34.359,1789166314.359994,-50
2026-09-11 19:38:34.367,1789166314.3676863,-70
2026-09-11 19:38:34.375,1789166314.3753786,-77
2026-09-11 19:38:34.383,1789166314.3830707,-67
2026-09-11 19:38:34.390,1789166314.390763,-48
2026-09-11 19:38:34.398,1789166314.3984554,-26
2026-09-11 19:38:34.406,1789166314.4061477,-16
2026-09-11 19:38:34.413,1789166314.41384,-26
2026-09-11 19:38:34.421,1789166314.4215324,-31
2026-09-11 19:38:34.429,1789166314.4292247,-12
2026-09-11 19:38:34.436,1789166314.436917,9
2026-09-11 19:38:34.444,1789166314.4446094,-4
2026-09-11 19:38:34.452,1789166314.4523015,-16
2026-09-11 19:38:34.459,1789166314.4599938,2
2026-09-11 19:38:34.467,1789166314.4676862,7
2026-09-11 19:38:34.474,1789166314.4748268,-9
2026-09-11 19:38:34.482,1789166314.4825191,-14
2026-09-11 19:38:34.490,1789166314.4902115,-7
2026-09-11 19:38:34.497,1789166314.4979038,0
2026-09-11 19:38:34.505,1789166314.5055962,26
2026-09-11 19:38:34.513,1789166314.5132883,58
2026-09-11 19:38:34.520,1789166314.5209806,46
2026-09-11 19:38:34.528,1789166314.528673,21
2026-09-11 19:38:34.536,1789166314.5363653,24
2026-09-11 19:38:34.544,1789166314.5440576,2
2026-09-11 19:38:34.551,1789166314.55175,-31
2026-09-11 19:38:34.559,1789166314.5594423,-19
2026-09-11 19:38:34.567,1789166314.5671346,-4
2026-09-11 19:38:34.574,1789166314.5748267,-14
2026-09-11 19:38:34.582,1789166314.582519,2
2026-09-11 19:38:34.590,1789166314.5902114,19
2026-09-11 19:38:34.597,1789166314.5979037,-4
2026-09-11 19:38:34.605,1789166314.605596,-4
2026-09-11 19:38:34.613,1789166314.6132884,113
2026-09-11 19:38:34.620,1789166314.6209807,395
2026-09-11 19:38:34.628,1789166314.628673,756
2026-09-11 19:38:34.636,1789166314.6363652,953
2026-09-11 19:38:34.644,1789166314.6440575,582
2026-09-11 19:38:34.651,1789166314.6517498,-230
2026-09-11 19:38:34.659,1789166314.6594422,-494
2026-09-11 19:38:34.667,1789166314.6671345,-101
2026-09-11 19:38:34.674,1789166314.6748269,33
2026-09-11 19:38:34.682,1789166314.6825192,-92
2026-09-11 19:38:34.690,1789166314.6902115,-43
2026-09-11 19:38:34.697,1789166314.6979036,19
2026-09-11 19:38:34.705,1789166314.705596,-7
2026-09-11 19:38:34.713,1789166314.7132883,-2
2026-09-11 19:38:34.720,1789166314.7209806,33
2026-09-11 19:38:34.728,1789166314.728673,38
2026-09-11 19:38:34.736,1789166314.7363653,33
2026-09-11 19:38:34.744,1789166314.7440577,55
2026-09-11 19:38:34.751,1789166314.75175,77
2026-09-11 19:38:34.759,1789166314.759442,82
2026-09-11 19:38:34.767,1789166314.7671344,89
2026-09-11 19:38:34.774,1789166314.7748268,97
2026-09-11 19:38:34.782,1789166314.782519,113
2026-09-11 19:38:34.790,1789166314.7902114,133
2026-09-11 19:38:34.797,1789166314.7979038,143
2026-09-11 19:38:34.805,1789166314.805596,155
2026-09-11 19:38:34.813,1789166314.8132885,174
2026-09-11 19:38:34.820,1789166314.8209805,186
2026-09-11 19:38:34.828,1789166314.828673,184
2026-09-11 19:38:34.836,1789166314.8363652,184
2026-09-11 19:38:34.844,1789166314.8440576,181
2026-09-11 19:38:34.851,1789166314.85175,174
2026-09-11 19:38:34.859,1789166314.8594422,164
2026-09-11 19:38:34.867,1789166314.8671346,147
2026-09-11 19:38:34.874,1789166314.874827,118
2026-09-11 19:38:34.882,1789166314.882519,84
2026-09-11 19:38:34.890,1789166314.8902113,53
2026-09-11 19:38:34.897,1789166314.8979037,19
2026-09-11 19:38:34.905,1789166314.905596,-7
2026-09-11 19:38:34.913,1789166314.9132884,-19
2026-09-11 19:38:34.920,1789166314.9209807,-26
2026-09-11 19:38:34.928,1789166314.928673,-31
2026-09-11 19:38:34.936,1789166314.9363654,-24
2026-09-11 19:38:34.944,1789166314.9440575,-14
2026-09-11 19:38:34.951,1789166314.9517498,-9
2026-09-11 19:38:34.959,1789166314.9594421,-2
2026-09-11 19:38:34.967,1789166314.9671345,12
2026-09-11 19:38:34.974,1789166314.9748268,16
2026-09-11 19:38:34.982,1789166314.9825191,19
2026-09-11 19:38:34.990,1789166314.9902115,24
2026-09-11 19:38:34.997,1789166314.9979038,31
2026-09-11 19:38:35.005,1789166315.0055962,36
2026-09-11 19:38:35.013,1789166315.0132883,33
2026-09-11 19:38:35.020,1789166315.0209806,24
2026-09-11 19:38:35.028,1789166315.028673,19
2026-09-11 19:38:35.035,1789166315.0358038,26
2026-09-11 19:38:35.043,1789166315.0434961,24
2026-09-11 19:38:35.051,1789166315.0511885,24
2026-09-11 19:38:35.058,1789166315.0588808,43
2026-09-11 19:38:35.066,1789166315.0665731,63
2026-09-11 19:38:35.074,1789166315.0742652,65
2026-09-11 19:38:35.081,1789166315.0819576,58
2026-09-11 19:38:35.089,1789166315.08965,46
2026-09-11 19:38:35.097,1789166315.0973423,26
2026-09-11 19:38:35.105,1789166315.1050346,12
2026-09-11 19:38:35.112,1789166315.112727,7
2026-09-11 19:38:35.120,1789166315.1204193,4
2026-09-11 19:38:35.128,1789166315.1281116,4
2026-09-11 19:38:35.135,1789166315.1358037,12
2026-09-11 19:38:35.143,1789166315.143496,12
2026-09-11 19:38:35.151,1789166315.1511884,7
2026-09-11 19:38:35.158,1789166315.1588807,4
2026-09-11 19:38:35.166,1789166315.166573,16
2026-09-11 19:38:35.174,1789166315.1742654,116
2026-09-11 19:38:35.181,1789166315.1819577,356
2026-09-11 19:38:35.189,1789166315.18965,693
2026-09-11 19:38:35.197,1789166315.1973422,960
2026-09-11 19:38:35.205,1789166315.2050345,708
2026-09-11 19:38:35.212,1789166315.2127268,-92
2026-09-11 19:38:35.220,1789166315.2204192,-446
2026-09-11 19:38:35.228,1789166315.2281115,-109
2026-09-11 19:38:35.235,1789166315.2358038,21
2026-09-11 19:38:35.243,1789166315.2434962,-111
2026-09-11 19:38:35.251,1789166315.2511885,-70
2026-09-11 19:38:35.258,1789166315.2588806,0
2026-09-11 19:38:35.266,1789166315.266573,-36
2026-09-11 19:38:35.274,1789166315.2742653,-36
2026-09-11 19:38:35.281,1789166315.2819576,-2
2026-09-11 19:38:35.289,1789166315.28965,-2
2026-09-11 19:38:35.297,1789166315.2973423,-4
2026-09-11 19:38:35.305,1789166315.3050346,12
2026-09-11 19:38:35.312,1789166315.312727,26
2026-09-11 19:38:35.320,1789166315.320419,31
2026-09-11 19:38:35.328,1789166315.3281114,38
2026-09-11 19:38:35.335,1789166315.3358037,46
2026-09-11 19:38:35.343,1789166315.343496,58
2026-09-11 19:38:35.351,1789166315.3511884,67
2026-09-11 19:38:35.358,1789166315.3588808,75
2026-09-11 19:38:35.366,1789166315.366573,84
2026-09-11 19:38:35.374,1789166315.3742654,94
2026-09-11 19:38:35.381,1789166315.3819575,97
2026-09-11 19:38:35.389,1789166315.3896499,94
2026-09-11 19:38:35.397,1789166315.3973422,92
2026-09-11 19:38:35.405,1789166315.4050345,84
2026-09-11 19:38:35.412,1789166315.4127269,77
2026-09-11 19:38:35.420,1789166315.4204192,72
2026-09-11 19:38:35.428,1789166315.4281116,63
2026-09-11 19:38:35.435,1789166315.435804,46
2026-09-11 19:38:35.443,1789166315.443496,24
2026-09-11 19:38:35.451,1789166315.4511883,7
2026-09-11 19:38:35.458,1789166315.4588807,-9
2026-09-11 19:38:35.466,1789166315.466573,-26
2026-09-11 19:38:35.474,1789166315.4742653,-38
2026-09-11 19:38:35.481,1789166315.4819577,-43
2026-09-11 19:38:35.489,1789166315.48965,-41
2026-09-11 19:38:35.497,1789166315.4973423,-38
2026-09-11 19:38:35.505,1789166315.5050344,-31
2026-09-11 19:38:35.512,1789166315.5127268,-21
2026-09-11 19:38:35.520,1789166315.5204191,-12
2026-09-11 19:38:35.528,1789166315.5281115,-7
2026-09-11 19:38:35.535,1789166315.5358038,-2
2026-09-11 19:38:35.543,1789166315.5434961,0
2026-09-11 19:38:35.551,1789166315.5511885,2
2026-09-11 19:38:35.558,1789166315.5588808,2
2026-09-11 19:38:35.566,1789166315.5665731,4
2026-09-11 19:38:35.574,1789166315.5742652,7
2026-09-11 19:38:35.581,1789166315.5819576,0
2026-09-11 19:38:35.589,1789166315.58965,-14
2026-09-11 19:38:35.596,1789166315.5967805,-16
2026-09-11 19:38:35.604,1789166315.6044729,-9
2026-09-11 19:38:35.612,1789166315.6121652,-4
2026-09-11 19:38:35.619,1789166315.6198575,4
2026-09-11 19:38:35.627,1789166315.62755,29
2026-09-11 19:38:35.635,1789166315.635242,43
2026-09-11 19:38:35.642,1789166315.6429343,41
2026-09-11 19:38:35.650,1789166315.6506267,29
2026-09-11 19:38:35.658,1789166315.658319,12
2026-09-11 19:38:35.666,1789166315.6660113,-7
2026-09-11 19:38:35.673,1789166315.6737037,-14
2026-09-11 19:38:35.681,1789166315.681396,-14
2026-09-11 19:38:35.689,1789166315.6890883,-14
2026-09-11 19:38:35.696,1789166315.6967804,-14
2026-09-11 19:38:35.704,1789166315.7044728,-12
2026-09-11 19:38:35.712,1789166315.712165,-9
2026-09-11 19:38:35.719,1789166315.7198575,-14
2026-09-11 19:38:35.727,1789166315.7275498,-14
2026-09-11 19:38:35.735,1789166315.7352421,55
2026-09-11 19:38:35.742,1789166315.7429345,249
2026-09-11 19:38:35.750,1789166315.7506268,545
2026-09-11 19:38:35.758,1789166315.758319,899
2026-09-11 19:38:35.766,1789166315.7660112,919
2026-09-11 19:38:35.773,1789166315.7737036,218
2026-09-11 19:38:35.781,1789166315.781396,-412
2026-09-11 19:38:35.789,1789166315.7890882,-237
2026-09-11 19:38:35.796,1789166315.7967806,19
2026-09-11 19:38:35.804,1789166315.804473,-97
2026-09-11 19:38:35.812,1789166315.8121653,-128
2026-09-11 19:38:35.819,1789166315.8198574,-38
2026-09-11 19:38:35.827,1789166315.8275497,-50
2026-09-11 19:38:35.835,1789166315.835242,-70
2026-09-11 19:38:35.842,1789166315.8429344,-31
2026-09-11 19:38:35.850,1789166315.8506267,-21
2026-09-11 19:38:35.858,1789166315.858319,-29
2026-09-11 19:38:35.866,1789166315.8660114,-14
2026-09-11 19:38:35.873,1789166315.8737037,-2
2026-09-11 19:38:35.881,1789166315.8813958,0
2026-09-11 19:38:35.889,1789166315.8890882,9
2026-09-11 19:38:35.896,1789166315.8967805,16
2026-09-11 19:38:35.904,1789166315.9044728,21
2026-09-11 19:38:35.912,1789166315.9121652,31
2026-09-11 19:38:35.919,1789166315.9198575,43
2026-09-11 19:38:35.927,1789166315.9275498,50
2026-09-11 19:38:35.935,1789166315.9352422,55
2026-09-11 19:38:35.942,1789166315.9429343,60
2026-09-11 19:38:35.950,1789166315.9506266,58
2026-09-11 19:38:35.958,1789166315.958319,50
2026-09-11 19:38:35.966,1789166315.9660113,46
2026-09-11 19:38:35.973,1789166315.9737036,41
2026-09-11 19:38:35.981,1789166315.981396,36
2026-09-11 19:38:35.989,1789166315.9890883,31
2026-09-11 19:38:35.996,1789166315.9967806,24
2026-09-11 19:38:36.004,1789166316.0044727,12
2026-09-11 19:38:36.012,1789166316.012165,0
2026-09-11 19:38:36.019,1789166316.0198574,-12
2026-09-11 19:38:36.027,1789166316.0275497,-24
2026-09-11 19:38:36.035,1789166316.035242,-33
2026-09-11 19:38:36.042,1789166316.0429344,-38
2026-09-11 19:38:36.050,1789166316.0506268,-41
2026-09-11 19:38:36.058,1789166316.058319,-36
2026-09-11 19:38:36.066,1789166316.0660112,-26
2026-09-11 19:38:36.073,1789166316.0737035,-16
2026-09-11 19:38:36.081,1789166316.0813959,-16
2026-09-11 19:38:36.089,1789166316.0890882,-12
2026-09-11 19:38:36.096,1789166316.0967805,-4
2026-09-11 19:38:36.104,1789166316.1044729,0
2026-09-11 19:38:36.112,1789166316.1121652,0
2026-09-11 19:38:36.119,1789166316.1198575,0
2026-09-11 19:38:36.127,1789166316.12755,0
2026-09-11 19:38:36.135,1789166316.135242,-4
2026-09-11 19:38:36.142,1789166316.1429343,-4
2026-09-11 19:38:36.150,1789166316.1506267,-7
2026-09-11 19:38:36.157,1789166316.1577573,-19
2026-09-11 19:38:36.165,1789166316.1654496,-24
2026-09-11 19:38:36.173,1789166316.173142,-12
2026-09-11 19:38:36.180,1789166316.1808343,-7
2026-09-11 19:38:36.188,1789166316.1885266,2
2026-09-11 19:38:36.196,1789166316.1962187,26
2026-09-11 19:38:36.203,1789166316.203911,43
2026-09-11 19:38:36.211,1789166316.2116034,43
2026-09-11 19:38:36.219,1789166316.2192957,33
2026-09-11 19:38:36.226,1789166316.226988,16
2026-09-11 19:38:36.234,1789166316.2346804,-2
2026-09-11 19:38:36.242,1789166316.2423728,-14
2026-09-11 19:38:36.250,1789166316.250065,-16
2026-09-11 19:38:36.257,1789166316.2577572,-19
2026-09-11 19:38:36.265,1789166316.2654495,-19
2026-09-11 19:38:36.273,1789166316.2731419,-14
2026-09-11 19:38:36.280,1789166316.2808342,-14
2026-09-11 19:38:36.288,1789166316.2885265,-19
2026-09-11 19:38:36.296,1789166316.2962189,-21
2026-09-11 19:38:36.303,1789166316.3039112,19
2026-09-11 19:38:36.311,1789166316.3116035,162
2026-09-11 19:38:36.319,1789166316.3192956,409
2026-09-11 19:38:36.326,1789166316.326988,761
2026-09-11 19:38:36.334,1789166316.3346803,923
2026-09-11 19:38:36.342,1789166316.3423727,375
2026-09-11 19:38:36.350,1789166316.350065,-344
2026-09-11 19:38:36.357,1789166316.3577573,-307
2026-09-11 19:38:36.365,1789166316.3654497,4
2026-09-11 19:38:36.373,1789166316.373142,-55
2026-09-11 19:38:36.380,1789166316.380834,-128
2026-09-11 19:38:36.388,1789166316.3885264,-50
2026-09-11 19:38:36.396,1789166316.3962188,-46
2026-09-11 19:38:36.403,1789166316.403911,-70
2026-09-11 19:38:36.411,1789166316.4116035,-38
2026-09-11 19:38:36.419,1789166316.4192958,-21
2026-09-11 19:38:36.426,1789166316.4269881,-31
2026-09-11 19:38:36.434,1789166316.4346805,-16
2026-09-11 19:38:36.442,1789166316.4423726,-2
2026-09-11 19:38:36.450,1789166316.450065,0
2026-09-11 19:38:36.457,1789166316.4577572,2
2026-09-11 19:38:36.465,1789166316.4654496,12
2026-09-11 19:38:36.473,1789166316.473142,19
2026-09-11 19:38:36.480,1789166316.4808342,26
2026-09-11 19:38:36.488,1789166316.4885266,36
2026-09-11 19:38:36.496,1789166316.496219,46
2026-09-11 19:38:36.503,1789166316.503911,50
2026-09-11 19:38:36.511,1789166316.5116034,55
2026-09-11 19:38:36.519,1789166316.5192957,55
2026-09-11 19:38:36.526,1789166316.526988,53
2026-09-11 19:38:36.534,1789166316.5346804,50
2026-09-11 19:38:36.542,1789166316.5423727,41
2026-09-11 19:38:36.550,1789166316.550065,31
2026-09-11 19:38:36.557,1789166316.5577574,24
2026-09-11 19:38:36.565,1789166316.5654495,16
2026-09-11 19:38:36.573,1789166316.5731418,9
2026-09-11 19:38:36.580,1789166316.5808342,-9
2026-09-11 19:38:36.588,1789166316.5885265,-33
2026-09-11 19:38:36.596,1789166316.5962188,-46
2026-09-11 19:38:36.603,1789166316.6039112,-58
2026-09-11 19:38:36.611,1789166316.6116035,-72
2026-09-11 19:38:36.619,1789166316.6192958,-82
2026-09-11 19:38:36.626,1789166316.626988,-82
2026-09-11 19:38:36.634,1789166316.6346803,-72
2026-09-11 19:38:36.642,1789166316.6423726,-50
2026-09-11 19:38:36.650,1789166316.650065,-43
2026-09-11 19:38:36.657,1789166316.6577573,-50
2026-09-11 19:38:36.665,1789166316.6654496,-53
2026-09-11 19:38:36.673,1789166316.673142,-46
2026-09-11 19:38:36.680,1789166316.6808343,-36
2026-09-11 19:38:36.688,1789166316.6885266,-36
2026-09-11 19:38:36.696,1789166316.6962187,-41
2026-09-11 19:38:36.703,1789166316.703911,-46
2026-09-11 19:38:36.711,1789166316.7116034,-50
2026-09-11 19:38:36.718,1789166316.7187595,-48
2026-09-11 19:38:36.726,1789166316.7264519,-43
2026-09-11 19:38:36.734,1789166316.7341442,-36
2026-09-11 19:38:36.741,1789166316.7418365,-43
2026-09-11 19:38:36.749,1789166316.749529,-63
2026-09-11 19:38:36.757,1789166316.757221,-67
2026-09-11 19:38:36.764,1789166316.7649133,-46
2026-09-11 19:38:36.772,1789166316.7726057,-19
2026-09-11 19:38:36.780,1789166316.780298,-2
2026-09-11 19:38:36.787,1789166316.7879903,4
2026-09-11 19:38:36.795,1789166316.7956827,0
2026-09-11 19:38:36.803,1789166316.803375,2
2026-09-11 19:38:36.811,1789166316.8110673,-2
2026-09-11 19:38:36.818,1789166316.8187594,-33
2026-09-11 19:38:36.826,1789166316.8264518,-58
2026-09-11 19:38:36.834,1789166316.834144,-58
2026-09-11 19:38:36.841,1789166316.8418365,-53
2026-09-11 19:38:36.849,1789166316.8495288,-48
2026-09-11 19:38:36.857,1789166316.8572211,-48
2026-09-11 19:38:36.864,1789166316.8649135,-46
2026-09-11 19:38:36.872,1789166316.8726058,-43
2026-09-11 19:38:36.880,1789166316.880298,-38
2026-09-11 19:38:36.887,1789166316.8879902,38
2026-09-11 19:38:36.895,1789166316.8956826,278
2026-09-11 19:38:36.903,1789166316.903375,618
2026-09-11 19:38:36.911,1789166316.9110672,873
2026-09-11 19:38:36.918,1789166316.9187596,640
2026-09-11 19:38:36.926,1789166316.926452,-145
2026-09-11 19:38:36.934,1789166316.9341443,-545
2026-09-11 19:38:36.941,1789166316.9418364,-203
2026-09-11 19:38:36.949,1789166316.9495287,-9
2026-09-11 19:38:36.957,1789166316.957221,-130
2026-09-11 19:38:36.964,1789166316.9649134,-111
2026-09-11 19:38:36.972,1789166316.9726057,-41
2026-09-11 19:38:36.980,1789166316.980298,-65
2026-09-11 19:38:36.987,1789166316.9879904,-67
2026-09-11 19:38:36.995,1789166316.9956827,-29
2026-09-11 19:38:37.003,1789166317.0033748,-24
2026-09-11 19:38:37.011,1789166317.0110672,-31
2026-09-11 19:38:37.018,1789166317.0187595,-9
2026-09-11 19:38:37.026,1789166317.0264518,12
2026-09-11 19:38:37.034,1789166317.0341442,19
2026-09-11 19:38:37.041,1789166317.0418365,29
2026-09-11 19:38:37.049,1789166317.0495288,36
2026-09-11 19:38:37.057,1789166317.0572212,36
2026-09-11 19:38:37.064,1789166317.0649133,50
2026-09-11 19:38:37.072,1789166317.0726056,72
2026-09-11 19:38:37.080,1789166317.080298,89
2026-09-11 19:38:37.087,1789166317.0879903,101
2026-09-11 19:38:37.095,1789166317.0956826,109
2026-09-11 19:38:37.103,1789166317.103375,109
2026-09-11 19:38:37.111,1789166317.1110673,118
2026-09-11 19:38:37.118,1789166317.1187596,133
2026-09-11 19:38:37.126,1789166317.1264517,118
2026-09-11 19:38:37.134,1789166317.134144,101
2026-09-11 19:38:37.141,1789166317.1418364,97
2026-09-11 19:38:37.149,1789166317.1495287,82
2026-09-11 19:38:37.157,1789166317.157221,48
2026-09-11 19:38:37.164,1789166317.1649134,4
2026-09-11 19:38:37.172,1789166317.1726058,-21
2026-09-11 19:38:37.180,1789166317.180298,-41
2026-09-11 19:38:37.187,1789166317.1879902,-70
2026-09-11 19:38:37.195,1789166317.1956825,-89
2026-09-11 19:38:37.203,1789166317.2033749,-89
2026-09-11 19:38:37.211,1789166317.2110672,-80
2026-09-11 19:38:37.218,1789166317.2187595,-75
2026-09-11 19:38:37.226,1789166317.2264519,-60
2026-09-11 19:38:37.234,1789166317.2341442,-41
2026-09-11 19:38:37.241,1789166317.2418365,-38
2026-09-11 19:38:37.249,1789166317.249529,-41
2026-09-11 19:38:37.257,1789166317.257221,-33
2026-09-11 19:38:37.264,1789166317.2649133,-26
2026-09-11 19:38:37.272,1789166317.2726057,-26
2026-09-11 19:38:37.279,1789166317.2797108,-31
2026-09-11 19:38:37.287,1789166317.287403,-29
2026-09-11 19:38:37.295,1789166317.2950954,-16
2026-09-11 19:38:37.302,1789166317.3027878,-16
2026-09-11 19:38:37.310,1789166317.31048,-41
2026-09-11 19:38:37.318,1789166317.3181722,-46
2026-09-11 19:38:37.325,1789166317.3258646,-24
2026-09-11 19:38:37.333,1789166317.333557,-16
2026-09-11 19:38:37.341,1789166317.3412492,-21
2026-09-11 19:38:37.348,1789166317.3489416,-4
2026-09-11 19:38:37.356,1789166317.356634,16
2026-09-11 19:38:37.364,1789166317.3643262,16
2026-09-11 19:38:37.372,1789166317.3720186,4
2026-09-11 19:38:37.379,1789166317.3797107,-19
2026-09-11 19:38:37.387,1789166317.387403,-41
2026-09-11 19:38:37.395,1789166317.3950953,-38
2026-09-11 19:38:37.402,1789166317.4027877,-36
2026-09-11 19:38:37.410,1789166317.41048,-36
2026-09-11 19:38:37.418,1789166317.4181724,-26
2026-09-11 19:38:37.425,1789166317.4258647,-26
2026-09-11 19:38:37.433,1789166317.433557,-43
2026-09-11 19:38:37.441,1789166317.4412491,-38
2026-09-11 19:38:37.448,1789166317.4489415,-12
2026-09-11 19:38:37.456,1789166317.4566338,67
2026-09-11 19:38:37.464,1789166317.4643261,332
2026-09-11 19:38:37.472,1789166317.4720185,720
2026-09-11 19:38:37.479,1789166317.4797108,906
2026-09-11 19:38:37.487,1789166317.4874032,528
2026-09-11 19:38:37.495,1789166317.4950955,-261
2026-09-11 19:38:37.502,1789166317.5027876,-526
2026-09-11 19:38:37.510,1789166317.51048,-145
2026-09-11 19:38:37.518,1789166317.5181723,-2
2026-09-11 19:38:37.525,1789166317.5258646,-130
2026-09-11 19:38:37.533,1789166317.533557,-75
2026-09-11 19:38:37.541,1789166317.5412493,0
2026-09-11 19:38:37.548,1789166317.5489416,-41
2026-09-11 19:38:37.556,1789166317.556634,-38
2026-09-11 19:38:37.564,1789166317.564326,-4
2026-09-11 19:38:37.572,1789166317.5720184,-16
2026-09-11 19:38:37.579,1789166317.5797107,-14
2026-09-11 19:38:37.587,1789166317.587403,16
2026-09-11 19:38:37.595,1789166317.5950954,26
2026-09-11 19:38:37.602,1789166317.6027877,29
2026-09-11 19:38:37.610,1789166317.61048,46
2026-09-11 19:38:37.618,1789166317.6181724,63
2026-09-11 19:38:37.625,1789166317.6258645,72
2026-09-11 19:38:37.633,1789166317.6335568,84
2026-09-11 19:38:37.641,1789166317.6412492,101
2026-09-11 19:38:37.648,1789166317.6489415,113
2026-09-11 19:38:37.656,1789166317.6566339,121
2026-09-11 19:38:37.664,1789166317.6643262,126
2026-09-11 19:38:37.672,1789166317.6720185,133
2026-09-11 19:38:37.679,1789166317.6797109,138
2026-09-11 19:38:37.687,1789166317.687403,128
2026-09-11 19:38:37.695,1789166317.6950953,121
2026-09-11 19:38:37.702,1789166317.7027876,116
2026-09-11 19:38:37.710,1789166317.71048,99
2026-09-11 19:38:37.718,1789166317.7181723,72
2026-09-11 19:38:37.725,1789166317.7258646,38
2026-09-11 19:38:37.733,1789166317.733557,2
2026-09-11 19:38:37.741,1789166317.7412493,-21
2026-09-11 19:38:37.748,1789166317.7489414,-41
2026-09-11 19:38:37.756,1789166317.7566338,-63
2026-09-11 19:38:37.764,1789166317.764326,-67
2026-09-11 19:38:37.772,1789166317.7720184,-70
2026-09-11 19:38:37.779,1789166317.7797108,-77
2026-09-11 19:38:37.787,1789166317.787403,-63
2026-09-11 19:38:37.795,1789166317.7950954,-38
2026-09-11 19:38:37.802,1789166317.8027878,-36
2026-09-11 19:38:37.810,1789166317.81048,-33
2026-09-11 19:38:37.818,1789166317.8181722,-21
2026-09-11 19:38:37.825,1789166317.8258646,-14
2026-09-11 19:38:37.833,1789166317.833557,-12
2026-09-11 19:38:37.840,1789166317.8407183,-9
2026-09-11 19:38:37.848,1789166317.8484106,-12
2026-09-11 19:38:37.856,1789166317.856103,-9
2026-09-11 19:38:37.863,1789166317.8637953,-4
2026-09-11 19:38:37.871,1789166317.8714876,-12
2026-09-11 19:38:37.879,1789166317.8791797,-19
2026-09-11 19:38:37.886,1789166317.886872,-16
2026-09-11 19:38:37.894,1789166317.8945644,-12
2026-09-11 19:38:37.902,1789166317.9022567,-2
2026-09-11 19:38:37.909,1789166317.909949,16
2026-09-11 19:38:37.917,1789166317.9176414,31
2026-09-11 19:38:37.925,1789166317.9253337,31
2026-09-11 19:38:37.933,1789166317.933026,24
2026-09-11 19:38:37.940,1789166317.9407182,4
2026-09-11 19:38:37.948,1789166317.9484105,-19
2026-09-11 19:38:37.956,1789166317.9561028,-26
2026-09-11 19:38:37.963,1789166317.9637952,-16
2026-09-11 19:38:37.971,1789166317.9714875,-16
2026-09-11 19:38:37.979,1789166317.9791799,-21
2026-09-11 19:38:37.986,1789166317.9868722,-12
2026-09-11 19:38:37.994,1789166317.9945645,-4
2026-09-11 19:38:38.002,1789166318.0022566,-19
2026-09-11 19:38:38.009,1789166318.009949,-29
2026-09-11 19:38:38.017,1789166318.0176413,26
2026-09-11 19:38:38.025,1789166318.0253336,225
2026-09-11 19:38:38.033,1789166318.033026,538
2026-09-11 19:38:38.040,1789166318.0407183,848
2026-09-11 19:38:38.048,1789166318.0484107,822
2026-09-11 19:38:38.056,1789166318.056103,157
2026-09-11 19:38:38.063,1789166318.063795,-451
2026-09-11 19:38:38.071,1789166318.0714874,-276
2026-09-11 19:38:38.079,1789166318.0791798,21
2026-09-11 19:38:38.086,1789166318.086872,-72
2026-09-11 19:38:38.094,1789166318.0945644,-116
2026-09-11 19:38:38.102,1789166318.1022568,-24
2026-09-11 19:38:38.109,1789166318.109949,-31
2026-09-11 19:38:38.117,1789166318.1176414,-58
2026-09-11 19:38:38.125,1789166318.1253335,-21
2026-09-11 19:38:38.133,1789166318.133026,-2
2026-09-11 19:38:38.140,1789166318.1407182,-7
2026-09-11 19:38:38.148,1789166318.1484106,2
2026-09-11 19:38:38.156,1789166318.156103,12
2026-09-11 19:38:38.163,1789166318.1637952,19
2026-09-11 19:38:38.171,1789166318.1714876,26
2026-09-11 19:38:38.179,1789166318.17918,36
2026-09-11 19:38:38.186,1789166318.186872,48
2026-09-11 19:38:38.194,1789166318.1945643,60
2026-09-11 19:38:38.202,1789166318.2022567,70
2026-09-11 19:38:38.209,1789166318.209949,77
2026-09-11 19:38:38.217,1789166318.2176414,84
2026-09-11 19:38:38.225,1789166318.2253337,87
2026-09-11 19:38:38.233,1789166318.233026,89
2026-09-11 19:38:38.240,1789166318.2407184,89
2026-09-11 19:38:38.248,1789166318.2484105,84
2026-09-11 19:38:38.256,1789166318.2561028,77
2026-09-11 19:38:38.263,1789166318.2637951,72
2026-09-11 19:38:38.271,1789166318.2714875,67
2026-09-11 19:38:38.279,1789166318.2791798,55
2026-09-11 19:38:38.286,1789166318.2868721,33
2026-09-11 19:38:38.294,1789166318.2945645,9
2026-09-11 19:38:38.302,1789166318.3022568,-7
2026-09-11 19:38:38.309,1789166318.309949,-21
2026-09-11 19:38:38.317,1789166318.3176413,-36
2026-09-11 19:38:38.325,1789166318.3253336,-46
2026-09-11 19:38:38.333,1789166318.333026,-48
2026-09-11 19:38:38.340,1789166318.3407183,-41
2026-09-11 19:38:38.348,1789166318.3484106,-31
2026-09-11 19:38:38.356,1789166318.356103,-24
2026-09-11 19:38:38.363,1789166318.3637953,-16
2026-09-11 19:38:38.371,1789166318.3714876,-7
2026-09-11 19:38:38.379,1789166318.3791797,-4
2026-09-11 19:38:38.386,1789166318.386872,-4
2026-09-11 19:38:38.394,1789166318.3945644,2
2026-09-11 19:38:38.401,1789166318.4016948,4
2026-09-11 19:38:38.409,1789166318.409387,0
2026-09-11 19:38:38.417,1789166318.4170794,0
2026-09-11 19:38:38.424,1789166318.4247718,-2
2026-09-11 19:38:38.432,1789166318.4324641,-12
2026-09-11 19:38:38.440,1789166318.4401562,-14
2026-09-11 19:38:38.447,1789166318.4478486,-12
2026-09-11 19:38:38.455,1789166318.455541,-9
2026-09-11 19:38:38.463,1789166318.4632332,0
2026-09-11 19:38:38.470,1789166318.4709256,24
2026-09-11 19:38:38.478,1789166318.478618,41
2026-09-11 19:38:38.486,1789166318.4863102,41
2026-09-11 19:38:38.494,1789166318.4940026,36
2026-09-11 19:38:38.501,1789166318.5016947,19
2026-09-11 19:38:38.509,1789166318.509387,0
2026-09-11 19:38:38.517,1789166318.5170794,-9
2026-09-11 19:38:38.524,1789166318.5247717,-7
2026-09-11 19:38:38.532,1789166318.532464,-9
2026-09-11 19:38:38.540,1789166318.5401564,-12
2026-09-11 19:38:38.547,1789166318.5478487,-7
2026-09-11 19:38:38.555,1789166318.555541,-2
2026-09-11 19:38:38.563,1789166318.5632331,-7
2026-09-11 19:38:38.570,1789166318.5709255,-14
2026-09-11 19:38:38.578,1789166318.5786178,29
2026-09-11 19:38:38.586,1789166318.5863101,189
2026-09-11 19:38:38.594,1789166318.5940025,460
2026-09-11 19:38:38.601,1789166318.6016948,814
2026-09-11 19:38:38.609,1789166318.6093872,945
2026-09-11 19:38:38.617,1789166318.6170795,373
2026-09-11 19:38:38.624,1789166318.6247716,-346
2026-09-11 19:38:38.632,1789166318.632464,-295
2026-09-11 19:38:38.640,1789166318.6401563,19
2026-09-11 19:38:38.647,1789166318.6478486,-48
2026-09-11 19:38:38.655,1789166318.655541,-123
2026-09-11 19:38:38.663,1789166318.6632333,-36
2026-09-11 19:38:38.670,1789166318.6709256,-29
2026-09-11 19:38:38.678,1789166318.678618,-58
2026-09-11 19:38:38.686,1789166318.68631,-29
2026-09-11 19:38:38.694,1789166318.6940024,-9
2026-09-11 19:38:38.701,1789166318.7016947,-16
2026-09-11 19:38:38.709,1789166318.709387,-4
2026-09-11 19:38:38.717,1789166318.7170794,9
2026-09-11 19:38:38.724,1789166318.7247717,12
2026-09-11 19:38:38.732,1789166318.732464,16
2026-09-11 19:38:38.740,1789166318.7401564,26
2026-09-11 19:38:38.747,1789166318.7478485,36
2026-09-11 19:38:38.755,1789166318.7555408,41
2026-09-11 19:38:38.763,1789166318.7632332,48
2026-09-11 19:38:38.770,1789166318.7709255,60
2026-09-11 19:38:38.778,1789166318.7786179,65
2026-09-11 19:38:38.786,1789166318.7863102,65
2026-09-11 19:38:38.794,1789166318.7940025,60
2026-09-11 19:38:38.801,1789166318.8016949,55
2026-09-11 19:38:38.809,1789166318.809387,48
2026-09-11 19:38:38.817,1789166318.8170793,41
2026-09-11 19:38:38.824,1789166318.8247716,33
2026-09-11 19:38:38.832,1789166318.832464,38
2026-09-11 19:38:38.840,1789166318.8401563,41
2026-09-11 19:38:38.847,1789166318.8478487,31
2026-09-11 19:38:38.855,1789166318.855541,19
2026-09-11 19:38:38.863,1789166318.8632333,12
2026-09-11 19:38:38.870,1789166318.8709254,0
2026-09-11 19:38:38.878,1789166318.8786178,-12
2026-09-11 19:38:38.886,1789166318.88631,-14
2026-09-11 19:38:38.894,1789166318.8940024,-12
2026-09-11 19:38:38.901,1789166318.9016948,-12
2026-09-11 19:38:38.909,1789166318.909387,-7
2026-09-11 19:38:38.917,1789166318.9170794,2
2026-09-11 19:38:38.924,1789166318.9247718,7
2026-09-11 19:38:38.932,1789166318.9324641,12
2026-09-11 19:38:38.940,1789166318.9401562,19
2026-09-11 19:38:38.947,1789166318.9478486,19
2026-09-11 19:38:38.955,1789166318.955541,16
2026-09-11 19:38:38.962,1789166318.9626718,19
2026-09-11 19:38:38.970,1789166318.970364,21
2026-09-11 19:38:38.978,1789166318.9780564,19
2026-09-11 19:38:38.985,1789166318.9857488,16
2026-09-11 19:38:38.993,1789166318.993441,12
2026-09-11 19:38:39.001,1789166319.0011332,4
2026-09-11 19:38:39.008,1789166319.0088255,-2
2026-09-11 19:38:39.016,1789166319.0165179,0
2026-09-11 19:38:39.024,1789166319.0242102,7
2026-09-11 19:38:39.031,1789166319.0319026,12
2026-09-11 19:38:39.039,1789166319.039595,24
2026-09-11 19:38:39.047,1789166319.0472872,48
2026-09-11 19:38:39.054,1789166319.0549796,65
2026-09-11 19:38:39.062,1789166319.0626717,65
2026-09-11 19:38:39.070,1789166319.070364,55
2026-09-11 19:38:39.078,1789166319.0780563,41
2026-09-11 19:38:39.085,1789166319.0857487,16
2026-09-11 19:38:39.093,1789166319.093441,2
2026-09-11 19:38:39.101,1789166319.1011333,2
2026-09-11 19:38:39.108,1789166319.1088257,7
2026-09-11 19:38:39.116,1789166319.116518,4
2026-09-11 19:38:39.124,1789166319.1242101,4
2026-09-11 19:38:39.131,1789166319.1319025,4
2026-09-11 19:38:39.139,1789166319.1395948,0
2026-09-11 19:38:39.147,1789166319.1472871,0
2026-09-11 19:38:39.154,1789166319.1549795,65
2026-09-11 19:38:39.162,1789166319.1626718,237
2026-09-11 19:38:39.170,1789166319.1703641,504
2026-09-11 19:38:39.178,1789166319.1780565,858
2026-09-11 19:38:39.185,1789166319.1857486,877
2026-09-11 19:38:39.193,1789166319.193441,186
2026-09-11 19:38:39.201,1789166319.2011333,-390
2026-09-11 19:38:39.208,1789166319.2088256,-189
2026-09-11 19:38:39.216,1789166319.216518,38
2026-09-11 19:38:39.224,1789166319.2242103,-82
2026-09-11 19:38:39.231,1789166319.2319026,-97
2026-09-11 19:38:39.239,1789166319.239595,-9
2026-09-11 19:38:39.247,1789166319.247287,-31
2026-09-11 19:38:39.254,1789166319.2549794,-48
2026-09-11 19:38:39.262,1789166319.2626717,-9
2026-09-11 19:38:39.270,1789166319.270364,-2
2026-09-11 19:38:39.278,1789166319.2780564,-7
2026-09-11 19:38:39.285,1789166319.2857487,4
2026-09-11 19:38:39.293,1789166319.293441,12
2026-09-11 19:38:39.301,1789166319.3011334,19
2026-09-11 19:38:39.308,1789166319.3088255,31
2026-09-11 19:38:39.316,1789166319.3165178,36
2026-09-11 19:38:39.324,1789166319.3242102,43
2026-09-11 19:38:39.331,1789166319.3319025,53
2026-09-11 19:38:39.339,1789166319.3395948,60
2026-09-11 19:38:39.347,1789166319.3472872,63
2026-09-11 19:38:39.354,1789166319.3549795,70
2026-09-11 19:38:39.362,1789166319.3626719,70
2026-09-11 19:38:39.370,1789166319.370364,65
2026-09-11 19:38:39.378,1789166319.3780563,67
2026-09-11 19:38:39.385,1789166319.3857486,70
2026-09-11 19:38:39.393,1789166319.393441,60
2026-09-11 19:38:39.401,1789166319.4011333,50
2026-09-11 19:38:39.408,1789166319.4088256,55
2026-09-11 19:38:39.416,1789166319.416518,50
2026-09-11 19:38:39.424,1789166319.4242103,29
2026-09-11 19:38:39.431,1789166319.4319024,21
2026-09-11 19:38:39.439,1789166319.4395947,19
2026-09-11 19:38:39.447,1789166319.447287,-4
2026-09-11 19:38:39.454,1789166319.4549794,-24
2026-09-11 19:38:39.462,1789166319.4626718,-24
2026-09-11 19:38:39.470,1789166319.470364,-21
2026-09-11 19:38:39.478,1789166319.4780564,-19
2026-09-11 19:38:39.485,1789166319.4857488,-14
2026-09-11 19:38:39.493,1789166319.493441,-14
2026-09-11 19:38:39.501,1789166319.5011332,-7
2026-09-11 19:38:39.508,1789166319.5088255,7
2026-09-11 19:38:39.516,1789166319.5165179,9
2026-09-11 19:38:39.523,1789166319.5236485,0
2026-09-11 19:38:39.531,1789166319.5313408,-4
2026-09-11 19:38:39.539,1789166319.5390332,0
2026-09-11 19:38:39.546,1789166319.5467255,2
2026-09-11 19:38:39.554,1789166319.5544178,-4
2026-09-11 19:38:39.562,1789166319.56211,-16
2026-09-11 19:38:39.569,1789166319.5698023,-19
2026-09-11 19:38:39.577,1789166319.5774946,-14
2026-09-11 19:38:39.585,1789166319.585187,-19
2026-09-11 19:38:39.592,1789166319.5928793,-26
2026-09-11 19:38:39.600,1789166319.6005716,-31
2026-09-11 19:38:39.608,1789166319.608264,-26
2026-09-11 19:38:39.615,1789166319.6159563,-21
2026-09-11 19:38:39.623,1789166319.6236484,-9
2026-09-11 19:38:39.631,1789166319.6313407,16
2026-09-11 19:38:39.639,1789166319.639033,38
2026-09-11 19:38:39.646,1789166319.6467254,29
2026-09-11 19:38:39.654,1789166319.6544178,4
2026-09-11 19:38:39.662,1789166319.66211,-16
2026-09-11 19:38:39.669,1789166319.6698024,-33
2026-09-11 19:38:39.677,1789166319.6774948,-43
2026-09-11 19:38:39.685,1789166319.6851869,-38
2026-09-11 19:38:39.692,1789166319.6928792,-33
2026-09-11 19:38:39.700,1789166319.7005715,-36
2026-09-11 19:38:39.708,1789166319.7082639,-38
2026-09-11 19:38:39.715,1789166319.7159562,-31
2026-09-11 19:38:39.723,1789166319.7236485,-33
2026-09-11 19:38:39.731,1789166319.731341,-33
2026-09-11 19:38:39.739,1789166319.7390332,38
2026-09-11 19:38:39.746,1789166319.7467253,249
2026-09-11 19:38:39.754,1789166319.7544177,567
2026-09-11 19:38:39.762,1789166319.76211,834
2026-09-11 19:38:39.769,1789166319.7698023,628
2026-09-11 19:38:39.777,1789166319.7774947,-121
2026-09-11 19:38:39.785,1789166319.785187,-499
2026-09-11 19:38:39.792,1789166319.7928793,-181
2026-09-11 19:38:39.800,1789166319.8005717,-2
2026-09-11 19:38:39.808,1789166319.8082638,-111
2026-09-11 19:38:39.815,1789166319.815956,-89
2026-09-11 19:38:39.823,1789166319.8236485,-29
2026-09-11 19:38:39.831,1789166319.8313408,-60
2026-09-11 19:38:39.839,1789166319.8390331,-60
2026-09-11 19:38:39.846,1789166319.8467255,-24
2026-09-11 19:38:39.854,1789166319.8544178,-16
2026-09-11 19:38:39.862,1789166319.8621101,-19
2026-09-11 19:38:39.869,1789166319.8698022,2
2026-09-11 19:38:39.877,1789166319.8774946,24
2026-09-11 19:38:39.885,1789166319.885187,21
2026-09-11 19:38:39.892,1789166319.8928792,14
2026-09-11 19:38:39.900,1789166319.9005716,36
2026-09-11 19:38:39.908,1789166319.908264,63
2026-09-11 19:38:39.915,1789166319.9159563,63
2026-09-11 19:38:39.923,1789166319.9236486,63
2026-09-11 19:38:39.931,1789166319.9313407,77
2026-09-11 19:38:39.939,1789166319.939033,92
2026-09-11 19:38:39.946,1789166319.9467254,99
2026-09-11 19:38:39.954,1789166319.9544177,97
2026-09-11 19:38:39.962,1789166319.96211,101
2026-09-11 19:38:39.969,1789166319.9698024,106
2026-09-11 19:38:39.977,1789166319.9774947,106
2026-09-11 19:38:39.985,1789166319.985187,99
2026-09-11 19:38:39.992,1789166319.9928792,84
2026-09-11 19:38:40.000,1789166320.0005715,65
2026-09-11 19:38:40.008,1789166320.0082638,48
2026-09-11 19:38:40.015,1789166320.0159562,26
2026-09-11 19:38:40.023,1789166320.0236485,0
2026-09-11 19:38:40.031,1789166320.0313408,-31
2026-09-11 19:38:40.039,1789166320.0390332,-55
2026-09-11 19:38:40.046,1789166320.0467255,-65
2026-09-11 19:38:40.054,1789166320.0544178,-70
2026-09-11 19:38:40.062,1789166320.06211,-58
2026-09-11 19:38:40.069,1789166320.0698023,-43
2026-09-11 19:38:40.077,1789166320.0774946,-41
2026-09-11 19:38:40.084,1789166320.0846558,-41
2026-09-11 19:38:40.092,1789166320.092348,-33
2026-09-11 19:38:40.100,1789166320.1000404,-26
2026-09-11 19:38:40.107,1789166320.1077328,-26
2026-09-11 19:38:40.115,1789166320.115425,-24
2026-09-11 19:38:40.123,1789166320.1231172,-9
2026-09-11 19:38:40.130,1789166320.1308095,-4
2026-09-11 19:38:40.138,1789166320.138502,-16
2026-09-11 19:38:40.146,1789166320.1461942,-21
2026-09-11 19:38:40.153,1789166320.1538866,-26
2026-09-11 19:38:40.161,1789166320.161579,-33
2026-09-11 19:38:40.169,1789166320.1692712,-38
2026-09-11 19:38:40.176,1789166320.1769636,-31
2026-09-11 19:38:40.184,1789166320.1846557,-26
2026-09-11 19:38:40.192,1789166320.192348,-12
2026-09-11 19:38:40.200,1789166320.2000403,9
2026-09-11 19:38:40.207,1789166320.2077327,26
2026-09-11 19:38:40.215,1789166320.215425,24
2026-09-11 19:38:40.223,1789166320.2231174,0
2026-09-11 19:38:40.230,1789166320.2308097,-24
2026-09-11 19:38:40.238,1789166320.238502,-36
2026-09-11 19:38:40.246,1789166320.2461941,-41
2026-09-11 19:38:40.253,1789166320.2538865,-48
2026-09-11 19:38:40.261,1789166320.2615788,-41
2026-09-11 19:38:40.269,1789166320.2692711,-29
2026-09-11 19:38:40.276,1789166320.2769635,-29
2026-09-11 19:38:40.284,1789166320.2846558,-31
2026-09-11 19:38:40.292,1789166320.2923481,-26
2026-09-11 19:38:40.300,1789166320.3000405,-26
2026-09-11 19:38:40.307,1789166320.3077326,53
2026-09-11 19:38:40.315,1789166320.315425,322
2026-09-11 19:38:40.323,1789166320.3231173,683
2026-09-11 19:38:40.330,1789166320.3308096,860
2026-09-11 19:38:40.338,1789166320.338502,489
2026-09-11 19:38:40.346,1789166320.3461943,-298
2026-09-11 19:38:40.353,1789166320.3538866,-545
2026-09-11 19:38:40.361,1789166320.361579,-140
2026-09-11 19:38:40.369,1789166320.369271,-2
2026-09-11 19:38:40.376,1789166320.3769634,-133
2026-09-11 19:38:40.384,1789166320.3846557,-82
2026-09-11 19:38:40.392,1789166320.392348,-9
2026-09-11 19:38:40.400,1789166320.4000404,-36
2026-09-11 19:38:40.407,1789166320.4077327,-31
2026-09-11 19:38:40.415,1789166320.415425,-9
2026-09-11 19:38:40.423,1789166320.4231174,-26
2026-09-11 19:38:40.430,1789166320.4308095,-7
2026-09-11 19:38:40.438,1789166320.4385018,31
2026-09-11 19:38:40.446,1789166320.4461942,21
2026-09-11 19:38:40.453,1789166320.4538865,14
2026-09-11 19:38:40.461,1789166320.4615788,41
2026-09-11 19:38:40.469,1789166320.4692712,55
2026-09-11 19:38:40.476,1789166320.4769635,63
2026-09-11 19:38:40.484,1789166320.4846559,87
2026-09-11 19:38:40.492,1789166320.492348,106
2026-09-11 19:38:40.500,1789166320.5000403,106
2026-09-11 19:38:40.507,1789166320.5077326,106
2026-09-11 19:38:40.515,1789166320.515425,118
2026-09-11 19:38:40.523,1789166320.5231173,126
2026-09-11 19:38:40.530,1789166320.5308096,121
2026-09-11 19:38:40.538,1789166320.538502,121
2026-09-11 19:38:40.546,1789166320.5461943,121
2026-09-11 19:38:40.553,1789166320.5538864,118
2026-09-11 19:38:40.561,1789166320.5615788,104
2026-09-11 19:38:40.569,1789166320.569271,72
2026-09-11 19:38:40.576,1789166320.5769634,33
2026-09-11 19:38:40.584,1789166320.5846558,0
2026-09-11 19:38:40.592,1789166320.592348,-29
2026-09-11 19:38:40.600,1789166320.6000404,-50
2026-09-11 19:38:40.607,1789166320.6077328,-60
2026-09-11 19:38:40.615,1789166320.615425,-70
2026-09-11 19:38:40.623,1789166320.6231172,-80
2026-09-11 19:38:40.630,1789166320.6308095,-72
2026-09-11 19:38:40.638,1789166320.638502,-60
2026-09-11 19:38:40.645,1789166320.6456327,-48
2026-09-11 19:38:40.653,1789166320.653325,-41
2026-09-11 19:38:40.661,1789166320.6610174,-38
2026-09-11 19:38:40.668,1789166320.6687098,-33
2026-09-11 19:38:40.676,1789166320.676402,-29
2026-09-11 19:38:40.684,1789166320.6840942,-21
2026-09-11 19:38:40.691,1789166320.6917865,-14
2026-09-11 19:38:40.699,1789166320.6994789,-12
2026-09-11 19:38:40.707,1789166320.7071712,-12
2026-09-11 19:38:40.714,1789166320.7148635,-19
2026-09-11 19:38:40.722,1789166320.7225559,-21
2026-09-11 19:38:40.730,1789166320.7302482,-14
2026-09-11 19:38:40.737,1789166320.7379405,-16
2026-09-11 19:38:40.745,1789166320.7456326,-12
2026-09-11 19:38:40.753,1789166320.753325,7
2026-09-11 19:38:40.761,1789166320.7610173,24
2026-09-11 19:38:40.768,1789166320.7687097,26
2026-09-11 19:38:40.776,1789166320.776402,24
2026-09-11 19:38:40.784,1789166320.7840943,9
2026-09-11 19:38:40.791,1789166320.7917867,-12
2026-09-11 19:38:40.799,1789166320.799479,-21
2026-09-11 19:38:40.807,1789166320.807171,-26
2026-09-11 19:38:40.814,1789166320.8148634,-29
2026-09-11 19:38:40.822,1789166320.8225558,-24
2026-09-11 19:38:40.830,1789166320.830248,-21
2026-09-11 19:38:40.837,1789166320.8379405,-19
2026-09-11 19:38:40.845,1789166320.8456328,-19
2026-09-11 19:38:40.853,1789166320.8533251,-26
2026-09-11 19:38:40.861,1789166320.8610175,-16
2026-09-11 19:38:40.868,1789166320.8687096,82
2026-09-11 19:38:40.876,1789166320.876402,332
2026-09-11 19:38:40.884,1789166320.8840942,669
2026-09-11 19:38:40.891,1789166320.8917866,887
2026-09-11 19:38:40.899,1789166320.899479,572
2026-09-11 19:38:40.907,1789166320.9071712,-206
2026-09-11 19:38:40.914,1789166320.9148636,-468
2026-09-11 19:38:40.922,1789166320.922556,-101
2026-09-11 19:38:40.930,1789166320.930248,4
2026-09-11 19:38:40.937,1789166320.9379404,-126
2026-09-11 19:38:40.945,1789166320.9456327,-75
2026-09-11 19:38:40.953,1789166320.953325,-19
2026-09-11 19:38:40.961,1789166320.9610174,-58
2026-09-11 19:38:40.968,1789166320.9687097,-46
2026-09-11 19:38:40.976,1789166320.976402,-9
2026-09-11 19:38:40.984,1789166320.9840944,-12
2026-09-11 19:38:40.991,1789166320.9917865,-9
2026-09-11 19:38:40.999,1789166320.9994788,4
2026-09-11 19:38:41.007,1789166321.0071712,12
2026-09-11 19:38:41.014,1789166321.0148635,19
2026-09-11 19:38:41.022,1789166321.0225558,29
2026-09-11 19:38:41.030,1789166321.0302482,38
2026-09-11 19:38:41.037,1789166321.0379405,48
2026-09-11 19:38:41.045,1789166321.0456328,60
2026-09-11 19:38:41.053,1789166321.053325,70
2026-09-11 19:38:41.061,1789166321.0610173,75
2026-09-11 19:38:41.068,1789166321.0687096,80
2026-09-11 19:38:41.076,1789166321.076402,82
2026-09-11 19:38:41.084,1789166321.0840943,82
2026-09-11 19:38:41.091,1789166321.0917866,80
2026-09-11 19:38:41.099,1789166321.099479,75
2026-09-11 19:38:41.107,1789166321.1071713,70
2026-09-11 19:38:41.114,1789166321.1148634,67
2026-09-11 19:38:41.122,1789166321.1225557,63
2026-09-11 19:38:41.130,1789166321.130248,50
2026-09-11 19:38:41.137,1789166321.1379404,31
2026-09-11 19:38:41.145,1789166321.1456327,7
2026-09-11 19:38:41.153,1789166321.153325,-14
2026-09-11 19:38:41.161,1789166321.1610174,-31
2026-09-11 19:38:41.168,1789166321.1687098,-38
2026-09-11 19:38:41.176,1789166321.176402,-41
2026-09-11 19:38:41.184,1789166321.1840942,-41
2026-09-11 19:38:41.191,1789166321.1917865,-36
2026-09-11 19:38:41.199,1789166321.1994789,-26
2026-09-11 19:38:41.206,1789166321.2066247,-19
2026-09-11 19:38:41.214,1789166321.214317,-12
2026-09-11 19:38:41.222,1789166321.2220094,-4
2026-09-11 19:38:41.229,1789166321.2297018,0
2026-09-11 19:38:41.237,1789166321.237394,2
2026-09-11 19:38:41.245,1789166321.2450862,2
2026-09-11 19:38:41.252,1789166321.2527785,2
2026-09-11 19:38:41.260,1789166321.2604709,2
2026-09-11 19:38:41.268,1789166321.2681632,0
2026-09-11 19:38:41.275,1789166321.2758555,-9
2026-09-11 19:38:41.283,1789166321.2835479,-16
2026-09-11 19:38:41.291,1789166321.2912402,-16
2026-09-11 19:38:41.298,1789166321.2989326,-9
2026-09-11 19:38:41.306,1789166321.3066247,-4
2026-09-11 19:38:41.314,1789166321.314317,14
2026-09-11 19:38:41.322,1789166321.3220093,38
2026-09-11 19:38:41.329,1789166321.3297017,48
2026-09-11 19:38:41.337,1789166321.337394,41
2026-09-11 19:38:41.345,1789166321.3450863,24
2026-09-11 19:38:41.352,1789166321.3527787,4
2026-09-11 19:38:41.360,1789166321.360471,-9
2026-09-11 19:38:41.368,1789166321.368163,-14
2026-09-11 19:38:41.375,1789166321.3758554,-14
2026-09-11 19:38:41.383,1789166321.3835478,-12
2026-09-11 19:38:41.391,1789166321.3912401,-12
2026-09-11 19:38:41.398,1789166321.3989325,-14
2026-09-11 19:38:41.406,1789166321.4066248,-12
2026-09-11 19:38:41.414,1789166321.4143171,-14
2026-09-11 19:38:41.422,1789166321.4220095,4
2026-09-11 19:38:41.429,1789166321.4297016,118
2026-09-11 19:38:41.437,1789166321.437394,349
2026-09-11 19:38:41.445,1789166321.4450862,679
2026-09-11 19:38:41.452,1789166321.4527786,938
2026-09-11 19:38:41.460,1789166321.460471,603
2026-09-11 19:38:41.468,1789166321.4681633,-184
2026-09-11 19:38:41.475,1789166321.4758556,-385
2026-09-11 19:38:41.483,1789166321.483548,-46
2026-09-11 19:38:41.491,1789166321.49124,-9
2026-09-11 19:38:41.498,1789166321.4989324,-133
2026-09-11 19:38:41.506,1789166321.5066247,-70
2026-09-11 19:38:41.514,1789166321.514317,-26
2026-09-11 19:38:41.522,1789166321.5220094,-65
2026-09-11 19:38:41.529,1789166321.5297017,-50
2026-09-11 19:38:41.537,1789166321.537394,-21
2026-09-11 19:38:41.545,1789166321.5450864,-26
2026-09-11 19:38:41.552,1789166321.5527785,-19
2026-09-11 19:38:41.560,1789166321.5604708,0
2026-09-11 19:38:41.568,1789166321.5681632,4
2026-09-11 19:38:41.575,1789166321.5758555,9
2026-09-11 19:38:41.583,1789166321.5835478,21
2026-09-11 19:38:41.591,1789166321.5912402,31
2026-09-11 19:38:41.598,1789166321.5989325,36
2026-09-11 19:38:41.606,1789166321.6066248,43
2026-09-11 19:38:41.614,1789166321.614317,55
2026-09-11 19:38:41.622,1789166321.6220093,58
2026-09-11 19:38:41.629,1789166321.6297016,58
2026-09-11 19:38:41.637,1789166321.637394,63
2026-09-11 19:38:41.645,1789166321.6450863,60
2026-09-11 19:38:41.652,1789166321.6527786,50
2026-09-11 19:38:41.660,1789166321.660471,41
2026-09-11 19:38:41.668,1789166321.6681633,36
2026-09-11 19:38:41.675,1789166321.6758554,36
2026-09-11 19:38:41.683,1789166321.6835477,36
2026-09-11 19:38:41.691,1789166321.69124,29
2026-09-11 19:38:41.698,1789166321.6989324,19
2026-09-11 19:38:41.706,1789166321.7066247,4
2026-09-11 19:38:41.714,1789166321.714317,-9
2026-09-11 19:38:41.722,1789166321.7220094,-19
2026-09-11 19:38:41.729,1789166321.7297018,-21
2026-09-11 19:38:41.737,1789166321.737394,-26
2026-09-11 19:38:41.745,1789166321.7450862,-24
2026-09-11 19:38:41.752,1789166321.7527785,-24
2026-09-11 19:38:41.760,1789166321.7604709,-16
2026-09-11 19:38:41.767,1789166321.7675862,-4
2026-09-11 19:38:41.775,1789166321.7752786,0
2026-09-11 19:38:41.782,1789166321.782971,4
2026-09-11 19:38:41.790,1789166321.7906632,7
2026-09-11 19:38:41.798,1789166321.7983556,7
2026-09-11 19:38:41.806,1789166321.8060477,9
2026-09-11 19:38:41.813,1789166321.81374,9
2026-09-11 19:38:41.821,1789166321.8214324,7
2026-09-11 19:38:41.829,1789166321.8291247,4
2026-09-11 19:38:41.836,1789166321.836817,0
2026-09-11 19:38:41.844,1789166321.8445094,-7
2026-09-11 19:38:41.852,1789166321.8522017,-7
2026-09-11 19:38:41.859,1789166321.859894,0
2026-09-11 19:38:41.867,1789166321.8675861,4
2026-09-11 19:38:41.875,1789166321.8752785,16
2026-09-11 19:38:41.882,1789166321.8829708,36
2026-09-11 19:38:41.890,1789166321.8906631,55
2026-09-11 19:38:41.898,1789166321.8983555,58
2026-09-11 19:38:41.906,1789166321.9060478,46
2026-09-11 19:38:41.913,1789166321.9137402,26
2026-09-11 19:38:41.921,1789166321.9214325,7
2026-09-11 19:38:41.929,1789166321.9291246,-4
2026-09-11 19:38:41.936,1789166321.936817,-7
2026-09-11 19:38:41.944,1789166321.9445093,-9
2026-09-11 19:38:41.952,1789166321.9522016,-9
2026-09-11 19:38:41.959,1789166321.959894,-2
2026-09-11 19:38:41.967,1789166321.9675863,-2
2026-09-11 19:38:41.975,1789166321.9752786,-12
2026-09-11 19:38:41.982,1789166321.982971,-19
2026-09-11 19:38:41.990,1789166321.990663,19
2026-09-11 19:38:41.998,1789166321.9983554,160
2026-09-11 19:38:42.006,1789166322.0060477,402
2026-09-11 19:38:42.013,1789166322.01374,739
2026-09-11 19:38:42.021,1789166322.0214324,836
2026-09-11 19:38:42.029,1789166322.0291247,249
2026-09-11 19:38:42.036,1789166322.036817,-375
2026-09-11 19:38:42.044,1789166322.0445094,-249
2026-09-11 19:38:42.052,1789166322.0522015,29
2026-09-11 19:38:42.059,1789166322.0598938,-50
2026-09-11 19:38:42.067,1789166322.0675862,-99
2026-09-11 19:38:42.075,1789166322.0752785,-21
2026-09-11 19:38:42.082,1789166322.0829709,-21
2026-09-11 19:38:42.090,1789166322.0906632,-43
2026-09-11 19:38:42.098,1789166322.0983555,-16
2026-09-11 19:38:42.106,1789166322.1060479,-2
2026-09-11 19:38:42.113,1789166322.11374,-4
2026-09-11 19:38:42.121,1789166322.1214323,4
2026-09-11 19:38:42.129,1789166322.1291246,16
2026-09-11 19:38:42.136,1789166322.136817,21
2026-09-11 19:38:42.144,1789166322.1445093,26
2026-09-11 19:38:42.152,1789166322.1522017,38
2026-09-11 19:38:42.159,1789166322.159894,46
2026-09-11 19:38:42.167,1789166322.1675863,50
2026-09-11 19:38:42.175,1789166322.1752784,60
2026-09-11 19:38:42.182,1789166322.1829708,70
2026-09-11 19:38:42.190,1789166322.190663,77
2026-09-11 19:38:42.198,1789166322.1983554,82
2026-09-11 19:38:42.206,1789166322.2060478,80
2026-09-11 19:38:42.213,1789166322.21374,77
2026-09-11 19:38:42.221,1789166322.2214324,72
2026-09-11 19:38:42.229,1789166322.2291248,67
2026-09-11 19:38:42.236,1789166322.236817,65
2026-09-11 19:38:42.244,1789166322.2445092,60
2026-09-11 19:38:42.252,1789166322.2522016,55
2026-09-11 19:38:42.259,1789166322.259894,46
2026-09-11 19:38:42.267,1789166322.2675862,24
2026-09-11 19:38:42.275,1789166322.2752786,2
2026-09-11 19:38:42.282,1789166322.282971,-9
2026-09-11 19:38:42.290,1789166322.2906632,-16
2026-09-11 19:38:42.298,1789166322.2983556,-24
2026-09-11 19:38:42.306,1789166322.3060477,-26
2026-09-11 19:38:42.313,1789166322.31374,-19
2026-09-11 19:38:42.321,1789166322.3214324,-14
2026-09-11 19:38:42.328,1789166322.3285632,-12
2026-09-11 19:38:42.336,1789166322.3362556,-2
2026-09-11 19:38:42.343,1789166322.343948,2
2026-09-11 19:38:42.351,1789166322.3516402,-2
2026-09-11 19:38:42.359,1789166322.3593326,0
2026-09-11 19:38:42.367,1789166322.3670247,2
2026-09-11 19:38:42.374,1789166322.374717,-2
2026-09-11 19:38:42.382,1789166322.3824093,-12
2026-09-11 19:38:42.390,1789166322.3901017,-12
2026-09-11 19:38:42.397,1789166322.397794,-2
2026-09-11 19:38:42.405,1789166322.4054863,-2
2026-09-11 19:38:42.413,1789166322.4131787,-19
2026-09-11 19:38:42.420,1789166322.420871,-24
2026-09-11 19:38:42.428,1789166322.428563,-16
2026-09-11 19:38:42.436,1789166322.4362555,-7
2026-09-11 19:38:42.443,1789166322.4439478,7
2026-09-11 19:38:42.451,1789166322.4516401,24
2026-09-11 19:38:42.459,1789166322.4593325,33
2026-09-11 19:38:42.467,1789166322.4670248,33
2026-09-11 19:38:42.474,1789166322.4747171,16
2026-09-11 19:38:42.482,1789166322.4824095,-9
2026-09-11 19:38:42.490,1789166322.4901016,-33
2026-09-11 19:38:42.497,1789166322.497794,-36
2026-09-11 19:38:42.505,1789166322.5054862,-26
2026-09-11 19:38:42.513,1789166322.5131786,-33
2026-09-11 19:38:42.520,1789166322.520871,-38
2026-09-11 19:38:42.528,1789166322.5285633,-33
2026-09-11 19:38:42.536,1789166322.5362556,-29
2026-09-11 19:38:42.543,1789166322.543948,-41
2026-09-11 19:38:42.551,1789166322.55164,-53
2026-09-11 19:38:42.559,1789166322.5593324,12
2026-09-11 19:38:42.567,1789166322.5670247,198
2026-09-11 19:38:42.574,1789166322.574717,475
2026-09-11 19:38:42.582,1789166322.5824094,761
2026-09-11 19:38:42.590,1789166322.5901017,664
2026-09-11 19:38:42.597,1789166322.597794,-36
2026-09-11 19:38:42.605,1789166322.6054864,-497
2026-09-11 19:38:42.613,1789166322.6131785,-230
2026-09-11 19:38:42.620,1789166322.6208708,-9
2026-09-11 19:38:42.628,1789166322.6285632,-97
2026-09-11 19:38:42.636,1789166322.6362555,-84
2026-09-11 19:38:42.643,1789166322.6439478,-21
2026-09-11 19:38:42.651,1789166322.6516402,-50
2026-09-11 19:38:42.659,1789166322.6593325,-53
2026-09-11 19:38:42.667,1789166322.6670249,-16
2026-09-11 19:38:42.674,1789166322.674717,-16
2026-09-11 19:38:42.682,1789166322.6824093,-26
2026-09-11 19:38:42.690,1789166322.6901016,-2
2026-09-11 19:38:42.697,1789166322.697794,21
2026-09-11 19:38:42.705,1789166322.7054863,21
2026-09-11 19:38:42.713,1789166322.7131786,26
2026-09-11 19:38:42.720,1789166322.720871,38
2026-09-11 19:38:42.728,1789166322.7285633,48
2026-09-11 19:38:42.736,1789166322.7362554,67
2026-09-11 19:38:42.743,1789166322.7439477,80
2026-09-11 19:38:42.751,1789166322.75164,87
2026-09-11 19:38:42.759,1789166322.7593324,94
2026-09-11 19:38:42.767,1789166322.7670248,99
2026-09-11 19:38:42.774,1789166322.774717,106
2026-09-11 19:38:42.782,1789166322.7824094,111
2026-09-11 19:38:42.790,1789166322.7901018,106
2026-09-11 19:38:42.797,1789166322.7977939,106
2026-09-11 19:38:42.805,1789166322.8054862,111
2026-09-11 19:38:42.813,1789166322.8131785,111
2026-09-11 19:38:42.820,1789166322.8208709,94
2026-09-11 19:38:42.828,1789166322.8285632,65
2026-09-11 19:38:42.836,1789166322.8362556,33
2026-09-11 19:38:42.843,1789166322.843948,2
2026-09-11 19:38:42.851,1789166322.8516402,-21
2026-09-11 19:38:42.859,1789166322.8593326,-36
2026-09-11 19:38:42.867,1789166322.8670247,-53
2026-09-11 19:38:42.874,1789166322.874717,-58
2026-09-11 19:38:42.882,1789166322.8824093,-48
2026-09-11 19:38:42.889,1789166322.8895397,-31
2026-09-11 19:38:42.897,1789166322.897232,-19
2026-09-11 19:38:42.904,1789166322.9049244,-19
2026-09-11 19:38:42.912,1789166322.9126167,-16
2026-09-11 19:38:42.920,1789166322.920309,-9
2026-09-11 19:38:42.928,1789166322.9280012,-9
2026-09-11 19:38:42.935,1789166322.9356935,-4
2026-09-11 19:38:42.943,1789166322.9433858,7
2026-09-11 19:38:42.951,1789166322.9510782,16
2026-09-11 19:38:42.958,1789166322.9587705,16
2026-09-11 19:38:42.966,1789166322.9664629,0
2026-09-11 19:38:42.974,1789166322.9741552,-14
2026-09-11 19:38:42.981,1789166322.9818475,-9
2026-09-11 19:38:42.989,1789166322.9895396,2
2026-09-11 19:38:42.997,1789166322.997232,0
2026-09-11 19:38:43.004,1789166323.0049243,2
2026-09-11 19:38:43.012,1789166323.0126166,36
2026-09-11 19:38:43.020,1789166323.020309,65
2026-09-11 19:38:43.028,1789166323.0280013,53
2026-09-11 19:38:43.035,1789166323.0356936,26
2026-09-11 19:38:43.043,1789166323.043386,4
2026-09-11 19:38:43.051,1789166323.051078,-7
2026-09-11 19:38:43.058,1789166323.0587704,-12
2026-09-11 19:38:43.066,1789166323.0664628,-16
2026-09-11 19:38:43.074,1789166323.074155,-9
2026-09-11 19:38:43.081,1789166323.0818474,0
2026-09-11 19:38:43.089,1789166323.0895398,-4
2026-09-11 19:38:43.097,1789166323.097232,-2
2026-09-11 19:38:43.104,1789166323.1049244,2
2026-09-11 19:38:43.112,1789166323.1126165,-14
2026-09-11 19:38:43.120,1789166323.1203089,55
2026-09-11 19:38:43.128,1789166323.1280012,315
2026-09-11 19:38:43.135,1789166323.1356936,666
2026-09-11 19:38:43.143,1789166323.143386,892
2026-09-11 19:38:43.151,1789166323.1510782,601
2026-09-11 19:38:43.158,1789166323.1587706,-194
2026-09-11 19:38:43.166,1789166323.166463,-521
2026-09-11 19:38:43.174,1789166323.174155,-152
2026-09-11 19:38:43.181,1789166323.1818473,14
2026-09-11 19:38:43.189,1789166323.1895397,-92
2026-09-11 19:38:43.197,1789166323.197232,-36
2026-09-11 19:38:43.204,1789166323.2049243,38
2026-09-11 19:38:43.212,1789166323.2126167,-2
2026-09-11 19:38:43.220,1789166323.220309,-21
2026-09-11 19:38:43.228,1789166323.2280014,12
2026-09-11 19:38:43.235,1789166323.2356935,31
2026-09-11 19:38:43.243,1789166323.2433858,31
2026-09-11 19:38:43.251,1789166323.2510781,43
2026-09-11 19:38:43.258,1789166323.2587705,50
2026-09-11 19:38:43.266,1789166323.2664628,60
2026-09-11 19:38:43.274,1789166323.2741551,84
2026-09-11 19:38:43.281,1789166323.2818475,99
2026-09-11 19:38:43.289,1789166323.2895398,101
2026-09-11 19:38:43.297,1789166323.297232,113
2026-09-11 19:38:43.304,1789166323.3049242,138
2026-09-11 19:38:43.312,1789166323.3126166,152
2026-09-11 19:38:43.320,1789166323.320309,152
2026-09-11 19:38:43.328,1789166323.3280013,164
2026-09-11 19:38:43.335,1789166323.3356936,179
2026-09-11 19:38:43.343,1789166323.343386,164
2026-09-11 19:38:43.351,1789166323.3510783,155
2026-09-11 19:38:43.358,1789166323.3587704,172
2026-09-11 19:38:43.366,1789166323.3664627,164
2026-09-11 19:38:43.374,1789166323.374155,133
2026-09-11 19:38:43.381,1789166323.3818474,97
2026-09-11 19:38:43.389,1789166323.3895397,70
2026-09-11 19:38:43.397,1789166323.397232,53
2026-09-11 19:38:43.404,1789166323.4049244,19
2026-09-11 19:38:43.412,1789166323.4126167,-26
2026-09-11 19:38:43.420,1789166323.420309,-46
2026-09-11 19:38:43.428,1789166323.4280012,-46
2026-09-11 19:38:43.435,1789166323.4356935,-48
2026-09-11 19:38:43.443,1789166323.4433858,-48
2026-09-11 19:38:43.450,1789166323.450542,-36
2026-09-11 19:38:43.458,1789166323.4582343,-24
2026-09-11 19:38:43.465,1789166323.4659266,-16
2026-09-11 19:38:43.473,1789166323.473619,-14
2026-09-11 19:38:43.481,1789166323.4813113,-9
2026-09-11 19:38:43.489,1789166323.4890034,0
2026-09-11 19:38:43.496,1789166323.4966958,4
2026-09-11 19:38:43.504,1789166323.504388,2
2026-09-11 19:38:43.512,1789166323.5120804,0
2026-09-11 19:38:43.519,1789166323.5197728,2
2026-09-11 19:38:43.527,1789166323.527465,7
2026-09-11 19:38:43.535,1789166323.5351574,9
2026-09-11 19:38:43.542,1789166323.5428498,0
2026-09-11 19:38:43.550,1789166323.5505419,0
2026-09-11 19:38:43.558,1789166323.5582342,16
2026-09-11 19:38:43.565,1789166323.5659266,33
2026-09-11 19:38:43.573,1789166323.573619,38
2026-09-11 19:38:43.581,1789166323.5813112,33
2026-09-11 19:38:43.589,1789166323.5890036,29
2026-09-11 19:38:43.596,1789166323.596696,14
2026-09-11 19:38:43.604,1789166323.6043882,-9
2026-09-11 19:38:43.612,1789166323.6120803,-21
2026-09-11 19:38:43.619,1789166323.6197727,-16
2026-09-11 19:38:43.627,1789166323.627465,-14
2026-09-11 19:38:43.635,1789166323.6351573,-14
2026-09-11 19:38:43.642,1789166323.6428497,-12
2026-09-11 19:38:43.650,1789166323.650542,-9
2026-09-11 19:38:43.658,1789166323.6582344,-12
2026-09-11 19:38:43.665,1789166323.6659267,-21
2026-09-11 19:38:43.673,1789166323.6736188,14
2026-09-11 19:38:43.681,1789166323.6813111,201
2026-09-11 19:38:43.689,1789166323.6890035,533
2026-09-11 19:38:43.696,1789166323.6966958,831
2026-09-11 19:38:43.704,1789166323.7043881,749
2026-09-11 19:38:43.712,1789166323.7120805,82
2026-09-11 19:38:43.719,1789166323.7197728,-477
2026-09-11 19:38:43.727,1789166323.7274652,-276
2026-09-11 19:38:43.735,1789166323.7351573,14
2026-09-11 19:38:43.742,1789166323.7428496,-70
2026-09-11 19:38:43.750,1789166323.750542,-94
2026-09-11 19:38:43.758,1789166323.7582343,-7
2026-09-11 19:38:43.765,1789166323.7659266,-19
2026-09-11 19:38:43.773,1789166323.773619,-41
2026-09-11 19:38:43.781,1789166323.7813113,-7
2026-09-11 19:38:43.789,1789166323.7890036,9
2026-09-11 19:38:43.796,1789166323.7966957,7
2026-09-11 19:38:43.804,1789166323.804388,14
2026-09-11 19:38:43.812,1789166323.8120804,21
2026-09-11 19:38:43.819,1789166323.8197727,31
2026-09-11 19:38:43.827,1789166323.827465,50
2026-09-11 19:38:43.835,1789166323.8351574,58
2026-09-11 19:38:43.842,1789166323.8428497,65
2026-09-11 19:38:43.850,1789166323.850542,80
2026-09-11 19:38:43.858,1789166323.8582342,89
2026-09-11 19:38:43.865,1789166323.8659265,97
2026-09-11 19:38:43.873,1789166323.8736188,111
2026-09-11 19:38:43.881,1789166323.8813112,116
2026-09-11 19:38:43.889,1789166323.8890035,109
2026-09-11 19:38:43.896,1789166323.8966959,109
2026-09-11 19:38:43.904,1789166323.9043882,109
2026-09-11 19:38:43.912,1789166323.9120805,104
2026-09-11 19:38:43.919,1789166323.9197726,94
2026-09-11 19:38:43.927,1789166323.927465,84
2026-09-11 19:38:43.935,1789166323.9351573,70
2026-09-11 19:38:43.942,1789166323.9428496,46
2026-09-11 19:38:43.950,1789166323.950542,16
2026-09-11 19:38:43.958,1789166323.9582343,-12
2026-09-11 19:38:43.965,1789166323.9659266,-31
2026-09-11 19:38:43.973,1789166323.973619,-41
2026-09-11 19:38:43.981,1789166323.9813113,-50
2026-09-11 19:38:43.989,1789166323.9890034,-60
2026-09-11 19:38:43.996,1789166323.9966958,-60
2026-09-11 19:38:44.004,1789166324.004388,-50
2026-09-11 19:38:44.011,1789166324.011524,-36
2026-09-11 19:38:44.019,1789166324.0192163,-26
2026-09-11 19:38:44.026,1789166324.0269086,-21
2026-09-11 19:38:44.034,1789166324.034601,-19
2026-09-11 19:38:44.042,1789166324.0422933,-19
2026-09-11 19:38:44.049,1789166324.0499854,-16
2026-09-11 19:38:44.057,1789166324.0576777,-12
2026-09-11 19:38:44.065,1789166324.06537,-9
2026-09-11 19:38:44.073,1789166324.0730624,-9
2026-09-11 19:38:44.080,1789166324.0807548,-19
2026-09-11 19:38:44.088,1789166324.088447,-26
2026-09-11 19:38:44.096,1789166324.0961394,-24
2026-09-11 19:38:44.103,1789166324.1038318,-19
2026-09-11 19:38:44.111,1789166324.1115239,-9
2026-09-11 19:38:44.119,1789166324.1192162,12
2026-09-11 19:38:44.126,1789166324.1269085,29
2026-09-11 19:38:44.134,1789166324.1346009,31
2026-09-11 19:38:44.142,1789166324.1422932,21
2026-09-11 19:38:44.149,1789166324.1499856,4
2026-09-11 19:38:44.157,1789166324.157678,-14
2026-09-11 19:38:44.165,1789166324.1653702,-24
2026-09-11 19:38:44.173,1789166324.1730623,-26
2026-09-11 19:38:44.180,1789166324.1807547,-31
2026-09-11 19:38:44.188,1789166324.188447,-31
2026-09-11 19:38:44.196,1789166324.1961393,-21
2026-09-11 19:38:44.203,1789166324.2038317,-21
2026-09-11 19:38:44.211,1789166324.211524,-29
2026-09-11 19:38:44.219,1789166324.2192163,-31
2026-09-11 19:38:44.226,1789166324.2269087,-4
2026-09-11 19:38:44.234,1789166324.2346008,118
2026-09-11 19:38:44.242,1789166324.2422931,368
2026-09-11 19:38:44.249,1789166324.2499855,700
2026-09-11 19:38:44.257,1789166324.2576778,894
2026-09-11 19:38:44.265,1789166324.2653701,472
2026-09-11 19:38:44.273,1789166324.2730625,-298
2026-09-11 19:38:44.280,1789166324.2807548,-407
2026-09-11 19:38:44.288,1789166324.2884471,-43
2026-09-11 19:38:44.296,1789166324.2961392,-31
2026-09-11 19:38:44.303,1789166324.3038316,-143
2026-09-11 19:38:44.311,1789166324.311524,-65
2026-09-11 19:38:44.319,1789166324.3192163,-36
2026-09-11 19:38:44.326,1789166324.3269086,-75
2026-09-11 19:38:44.334,1789166324.334601,-50
2026-09-11 19:38:44.342,1789166324.3422933,-21
2026-09-11 19:38:44.349,1789166324.3499856,-24
2026-09-11 19:38:44.357,1789166324.3576777,-19
2026-09-11 19:38:44.365,1789166324.36537,-4
2026-09-11 19:38:44.373,1789166324.3730624,-2
2026-09-11 19:38:44.380,1789166324.3807547,4
2026-09-11 19:38:44.388,1789166324.388447,19
2026-09-11 19:38:44.396,1789166324.3961394,26
2026-09-11 19:38:44.403,1789166324.4038317,33
2026-09-11 19:38:44.411,1789166324.411524,46
2026-09-11 19:38:44.419,1789166324.4192162,53
2026-09-11 19:38:44.426,1789166324.4269085,55
2026-09-11 19:38:44.434,1789166324.4346008,60
2026-09-11 19:38:44.442,1789166324.4422932,63
2026-09-11 19:38:44.449,1789166324.4499855,58
2026-09-11 19:38:44.457,1789166324.4576778,53
2026-09-11 19:38:44.465,1789166324.4653702,48
2026-09-11 19:38:44.473,1789166324.4730625,43
2026-09-11 19:38:44.480,1789166324.4807546,36
2026-09-11 19:38:44.488,1789166324.488447,26
2026-09-11 19:38:44.496,1789166324.4961393,14
2026-09-11 19:38:44.503,1789166324.5038316,2
2026-09-11 19:38:44.511,1789166324.511524,-12
2026-09-11 19:38:44.519,1789166324.5192163,-26
2026-09-11 19:38:44.526,1789166324.5269086,-36
2026-09-11 19:38:44.534,1789166324.534601,-43
2026-09-11 19:38:44.542,1789166324.5422933,-48
2026-09-11 19:38:44.549,1789166324.5499854,-46
2026-09-11 19:38:44.557,1789166324.5576777,-36
2026-09-11 19:38:44.565,1789166324.56537,-26
2026-09-11 19:38:44.572,1789166324.5725007,-16
2026-09-11 19:38:44.580,1789166324.580193,-14
2026-09-11 19:38:44.587,1789166324.5878854,-14
2026-09-11 19:38:44.595,1789166324.5955777,-7
2026-09-11 19:38:44.603,1789166324.60327,-4
2026-09-11 19:38:44.610,1789166324.6109622,-4
2026-09-11 19:38:44.618,1789166324.6186545,-4
2026-09-11 19:38:44.626,1789166324.6263468,-4
2026-09-11 19:38:44.634,1789166324.6340392,-9
2026-09-11 19:38:44.641,1789166324.6417315,-16
2026-09-11 19:38:44.649,1789166324.6494238,-24
2026-09-11 19:38:44.657,1789166324.6571162,-21
2026-09-11 19:38:44.664,1789166324.6648085,-14
2026-09-11 19:38:44.672,1789166324.6725006,-7
2026-09-11 19:38:44.680,1789166324.680193,9
2026-09-11 19:38:44.687,1789166324.6878853,33
2026-09-11 19:38:44.695,1789166324.6955776,43
2026-09-11 19:38:44.703,1789166324.70327,33
2026-09-11 19:38:44.710,1789166324.7109623,16
2026-09-11 19:38:44.718,1789166324.7186546,0
2026-09-11 19:38:44.726,1789166324.726347,-14
2026-09-11 19:38:44.734,1789166324.734039,-19
2026-09-11 19:38:44.741,1789166324.7417314,-19
2026-09-11 19:38:44.749,1789166324.7494237,-24
2026-09-11 19:38:44.757,1789166324.757116,-21
2026-09-11 19:38:44.764,1789166324.7648084,-16
2026-09-11 19:38:44.772,1789166324.7725008,-19
2026-09-11 19:38:44.780,1789166324.780193,-26
2026-09-11 19:38:44.787,1789166324.7878854,-9
2026-09-11 19:38:44.795,1789166324.7955775,101
2026-09-11 19:38:44.803,1789166324.8032699,320
2026-09-11 19:38:44.810,1789166324.8109622,642
2026-09-11 19:38:44.818,1789166324.8186545,933
2026-09-11 19:38:44.826,1789166324.8263469,647
2026-09-11 19:38:44.834,1789166324.8340392,-162
2026-09-11 19:38:44.841,1789166324.8417315,-424
2026-09-11 19:38:44.849,1789166324.849424,-75
2026-09-11 19:38:44.857,1789166324.857116,-4
2026-09-11 19:38:44.864,1789166324.8648083,-138
2026-09-11 19:38:44.872,1789166324.8725007,-82
2026-09-11 19:38:44.880,1789166324.880193,-29
2026-09-11 19:38:44.887,1789166324.8878853,-65
2026-09-11 19:38:44.895,1789166324.8955777,-55
2026-09-11 19:38:44.903,1789166324.90327,-24
2026-09-11 19:38:44.910,1789166324.9109623,-26
2026-09-11 19:38:44.918,1789166324.9186544,-24
2026-09-11 19:38:44.926,1789166324.9263468,-7
2026-09-11 19:38:44.934,1789166324.934039,-4
2026-09-11 19:38:44.941,1789166324.9417315,-2
2026-09-11 19:38:44.949,1789166324.9494238,9
2026-09-11 19:38:44.957,1789166324.9571161,21
2026-09-11 19:38:44.964,1789166324.9648085,26
2026-09-11 19:38:44.972,1789166324.9725008,36
2026-09-11 19:38:44.980,1789166324.980193,43
2026-09-11 19:38:44.987,1789166324.9878852,46
2026-09-11 19:38:44.995,1789166324.9955776,50
2026-09-11 19:38:45.003,1789166325.00327,53
2026-09-11 19:38:45.010,1789166325.0109622,46
2026-09-11 19:38:45.018,1789166325.0186546,38
2026-09-11 19:38:45.026,1789166325.026347,33
2026-09-11 19:38:45.034,1789166325.0340393,26
2026-09-11 19:38:45.041,1789166325.0417314,26
2026-09-11 19:38:45.049,1789166325.0494237,24
2026-09-11 19:38:45.057,1789166325.057116,14
2026-09-11 19:38:45.064,1789166325.0648084,2
2026-09-11 19:38:45.072,1789166325.0725007,-7
2026-09-11 19:38:45.080,1789166325.080193,-21
2026-09-11 19:38:45.087,1789166325.0878854,-36
2026-09-11 19:38:45.095,1789166325.0955777,-41
2026-09-11 19:38:45.103,1789166325.10327,-41
2026-09-11 19:38:45.110,1789166325.1109622,-38
2026-09-11 19:38:45.118,1789166325.1186545,-33
2026-09-11 19:38:45.126,1789166325.1263468,-24
2026-09-11 19:38:45.133,1789166325.1334774,-19
2026-09-11 19:38:45.141,1789166325.1411698,-14
2026-09-11 19:38:45.148,1789166325.1488621,-9
2026-09-11 19:38:45.156,1789166325.1565545,-7
2026-09-11 19:38:45.164,1789166325.1642468,-7
2026-09-11 19:38:45.171,1789166325.171939,-4
2026-09-11 19:38:45.179,1789166325.1796312,-4
2026-09-11 19:38:45.187,1789166325.1873236,-4
2026-09-11 19:38:45.195,1789166325.195016,-7
2026-09-11 19:38:45.202,1789166325.2027082,-9
2026-09-11 19:38:45.210,1789166325.2104006,-12
2026-09-11 19:38:45.218,1789166325.218093,-21
2026-09-11 19:38:45.225,1789166325.2257853,-31
2026-09-11 19:38:45.233,1789166325.2334774,-24
2026-09-11 19:38:45.241,1789166325.2411697,-14
2026-09-11 19:38:45.248,1789166325.248862,-2
2026-09-11 19:38:45.256,1789166325.2565544,19
2026-09-11 19:38:45.264,1789166325.2642467,38
2026-09-11 19:38:45.271,1789166325.271939,41
2026-09-11 19:38:45.279,1789166325.2796314,31
2026-09-11 19:38:45.287,1789166325.2873237,14
2026-09-11 19:38:45.295,1789166325.2950158,-7
2026-09-11 19:38:45.302,1789166325.3027081,-21
2026-09-11 19:38:45.310,1789166325.3104005,-21
2026-09-11 19:38:45.318,1789166325.3180928,-26
2026-09-11 19:38:45.325,1789166325.3257852,-29
2026-09-11 19:38:45.333,1789166325.3334775,-24
2026-09-11 19:38:45.341,1789166325.3411698,-19
2026-09-11 19:38:45.348,1789166325.3488622,-21
2026-09-11 19:38:45.356,1789166325.3565543,-31
2026-09-11 19:38:45.364,1789166325.3642466,-9
2026-09-11 19:38:45.371,1789166325.371939,111
2026-09-11 19:38:45.379,1789166325.3796313,346
2026-09-11 19:38:45.387,1789166325.3873236,681
2026-09-11 19:38:45.395,1789166325.395016,860
2026-09-11 19:38:45.402,1789166325.4027083,375
2026-09-11 19:38:45.410,1789166325.4104006,-334
2026-09-11 19:38:45.418,1789166325.4180927,-337
2026-09-11 19:38:45.425,1789166325.425785,-21
2026-09-11 19:38:45.433,1789166325.4334774,-58
2026-09-11 19:38:45.441,1789166325.4411697,-130
2026-09-11 19:38:45.448,1789166325.448862,-50
2026-09-11 19:38:45.456,1789166325.4565544,-36
2026-09-11 19:38:45.464,1789166325.4642467,-65
2026-09-11 19:38:45.471,1789166325.471939,-46
2026-09-11 19:38:45.479,1789166325.4796312,-33
2026-09-11 19:38:45.487,1789166325.4873235,-46
2026-09-11 19:38:45.495,1789166325.4950159,-36
2026-09-11 19:38:45.502,1789166325.5027082,-21
2026-09-11 19:38:45.510,1789166325.5104005,-16
2026-09-11 19:38:45.518,1789166325.5180929,-9
2026-09-11 19:38:45.525,1789166325.5257852,0
2026-09-11 19:38:45.533,1789166325.5334775,7
2026-09-11 19:38:45.541,1789166325.5411696,16
2026-09-11 19:38:45.548,1789166325.548862,36
2026-09-11 19:38:45.556,1789166325.5565543,46
2026-09-11 19:38:45.564,1789166325.5642467,46
2026-09-11 19:38:45.571,1789166325.571939,48
2026-09-11 19:38:45.579,1789166325.5796313,48
2026-09-11 19:38:45.587,1789166325.5873237,38
2026-09-11 19:38:45.595,1789166325.595016,29
2026-09-11 19:38:45.602,1789166325.602708,29
2026-09-11 19:38:45.610,1789166325.6104004,36
2026-09-11 19:38:45.618,1789166325.6180928,31
2026-09-11 19:38:45.625,1789166325.625785,19
2026-09-11 19:38:45.633,1789166325.6334774,12
2026-09-11 19:38:45.641,1789166325.6411698,-4
2026-09-11 19:38:45.648,1789166325.6488621,-29
2026-09-11 19:38:45.656,1789166325.6565545,-46
2026-09-11 19:38:45.664,1789166325.6642468,-60
2026-09-11 19:38:45.671,1789166325.671939,-75
2026-09-11 19:38:45.679,1789166325.6796312,-82
2026-09-11 19:38:45.687,1789166325.6873236,-77
2026-09-11 19:38:45.694,1789166325.6944592,-60
2026-09-11 19:38:45.702,1789166325.7021515,-50
2026-09-11 19:38:45.709,1789166325.7098439,-48
2026-09-11 19:38:45.717,1789166325.7175362,-43
2026-09-11 19:38:45.725,1789166325.7252285,-33
2026-09-11 19:38:45.732,1789166325.7329206,-36
2026-09-11 19:38:45.740,1789166325.740613,-36
2026-09-11 19:38:45.748,1789166325.7483053,-31
2026-09-11 19:38:45.755,1789166325.7559977,-33
2026-09-11 19:38:45.763,1789166325.76369,-31
2026-09-11 19:38:45.771,1789166325.7713823,-31
2026-09-11 19:38:45.779,1789166325.7790747,-46
2026-09-11 19:38:45.786,1789166325.786767,-46
2026-09-11 19:38:45.794,1789166325.794459,-31
2026-09-11 19:38:45.802,1789166325.8021514,-33
2026-09-11 19:38:45.809,1789166325.8098438,-50
2026-09-11 19:38:45.817,1789166325.817536,-46
2026-09-11 19:38:45.825,1789166325.8252285,-36
2026-09-11 19:38:45.832,1789166325.8329208,-24
2026-09-11 19:38:45.840,1789166325.8406131,4
2026-09-11 19:38:45.848,1789166325.8483055,21
2026-09-11 19:38:45.855,1789166325.8559976,19
2026-09-11 19:38:45.863,1789166325.86369,4
2026-09-11 19:38:45.871,1789166325.8713822,-14
2026-09-11 19:38:45.879,1789166325.8790746,-26
2026-09-11 19:38:45.886,1789166325.886767,-33
2026-09-11 19:38:45.894,1789166325.8944592,-41
2026-09-11 19:38:45.902,1789166325.9021516,-43
2026-09-11 19:38:45.909,1789166325.909844,-31
2026-09-11 19:38:45.917,1789166325.917536,-24
2026-09-11 19:38:45.925,1789166325.9252284,-36
2026-09-11 19:38:45.932,1789166325.9329207,-48
2026-09-11 19:38:45.940,1789166325.940613,-48
2026-09-11 19:38:45.948,1789166325.9483054,2
2026-09-11 19:38:45.955,1789166325.9559977,189
2026-09-11 19:38:45.963,1789166325.96369,509
2026-09-11 19:38:45.971,1789166325.9713824,809
2026-09-11 19:38:45.979,1789166325.9790745,751
2026-09-11 19:38:45.986,1789166325.9867668,70
2026-09-11 19:38:45.994,1789166325.9944592,-540
2026-09-11 19:38:46.002,1789166326.0021515,-349
2026-09-11 19:38:46.009,1789166326.0098438,-26
2026-09-11 19:38:46.017,1789166326.0175362,-97
2026-09-11 19:38:46.025,1789166326.0252285,-123
2026-09-11 19:38:46.032,1789166326.0329208,-21
2026-09-11 19:38:46.040,1789166326.040613,-31
2026-09-11 19:38:46.048,1789166326.0483053,-65
2026-09-11 19:38:46.055,1789166326.0559976,-29
2026-09-11 19:38:46.063,1789166326.06369,-14
2026-09-11 19:38:46.071,1789166326.0713823,-24
2026-09-11 19:38:46.079,1789166326.0790746,4
2026-09-11 19:38:46.086,1789166326.086767,33
2026-09-11 19:38:46.094,1789166326.0944593,33
2026-09-11 19:38:46.102,1789166326.1021514,26
2026-09-11 19:38:46.109,1789166326.1098437,38
2026-09-11 19:38:46.117,1789166326.117536,46
2026-09-11 19:38:46.125,1789166326.1252284,55
2026-09-11 19:38:46.132,1789166326.1329207,87
2026-09-11 19:38:46.140,1789166326.140613,101
2026-09-11 19:38:46.148,1789166326.1483054,101
2026-09-11 19:38:46.155,1789166326.1559978,118
2026-09-11 19:38:46.163,1789166326.1636899,140
2026-09-11 19:38:46.171,1789166326.1713822,130
2026-09-11 19:38:46.179,1789166326.1790745,104
2026-09-11 19:38:46.186,1789166326.1867669,111
2026-09-11 19:38:46.194,1789166326.1944592,130
2026-09-11 19:38:46.202,1789166326.2021515,113
2026-09-11 19:38:46.209,1789166326.2098439,75
2026-09-11 19:38:46.217,1789166326.2175362,50
2026-09-11 19:38:46.225,1789166326.2252285,29
2026-09-11 19:38:46.232,1789166326.2329206,-7
2026-09-11 19:38:46.240,1789166326.240613,-46
2026-09-11 19:38:46.248,1789166326.2483053,-72
2026-09-11 19:38:46.255,1789166326.2554615,-84
2026-09-11 19:38:46.263,1789166326.2631538,-87
2026-09-11 19:38:46.270,1789166326.2708461,-89
2026-09-11 19:38:46.278,1789166326.2785385,-87
2026-09-11 19:38:46.286,1789166326.2862308,-63
2026-09-11 19:38:46.293,1789166326.293923,-46
2026-09-11 19:38:46.301,1789166326.3016152,-48
2026-09-11 19:38:46.309,1789166326.3093076,-43
2026-09-11 19:38:46.317,1789166326.317,-33
2026-09-11 19:38:46.324,1789166326.3246922,-33
2026-09-11 19:38:46.332,1789166326.3323846,-21
2026-09-11 19:38:46.340,1789166326.340077,-14
2026-09-11 19:38:46.347,1789166326.3477693,-29
2026-09-11 19:38:46.355,1789166326.3554614,-36
2026-09-11 19:38:46.363,1789166326.3631537,-26
2026-09-11 19:38:46.370,1789166326.370846,-31
2026-09-11 19:38:46.378,1789166326.3785384,-36
2026-09-11 19:38:46.386,1789166326.3862307,-24
2026-09-11 19:38:46.393,1789166326.393923,-16
2026-09-11 19:38:46.401,1789166326.4016154,-16
2026-09-11 19:38:46.409,1789166326.4093077,-4
2026-09-11 19:38:46.417,1789166326.4169998,16
2026-09-11 19:38:46.424,1789166326.4246922,14
2026-09-11 19:38:46.432,1789166326.4323845,-2
2026-09-11 19:38:46.440,1789166326.4400768,-4
2026-09-11 19:38:46.447,1789166326.4477692,-21
2026-09-11 19:38:46.455,1789166326.4554615,-43
2026-09-11 19:38:46.463,1789166326.4631538,-41
2026-09-11 19:38:46.470,1789166326.4708462,-31
2026-09-11 19:38:46.478,1789166326.4785383,-31
2026-09-11 19:38:46.486,1789166326.4862306,-36
2026-09-11 19:38:46.493,1789166326.493923,-33
2026-09-11 19:38:46.501,1789166326.5016153,-24
2026-09-11 19:38:46.509,1789166326.5093076,-21
2026-09-11 19:38:46.517,1789166326.517,19
2026-09-11 19:38:46.524,1789166326.5246923,218
2026-09-11 19:38:46.532,1789166326.5323846,579
2026-09-11 19:38:46.540,1789166326.5400767,868
2026-09-11 19:38:46.547,1789166326.547769,715
2026-09-11 19:38:46.555,1789166326.5554614,-9
2026-09-11 19:38:46.563,1789166326.5631537,-543
2026-09-11 19:38:46.570,1789166326.570846,-293
2026-09-11 19:38:46.578,1789166326.5785384,7
2026-09-11 19:38:46.586,1789166326.5862308,-75
2026-09-11 19:38:46.593,1789166326.593923,-97
2026-09-11 19:38:46.601,1789166326.6016152,-12
2026-09-11 19:38:46.609,1789166326.6093075,-26
2026-09-11 19:38:46.617,1789166326.6169999,-43
2026-09-11 19:38:46.624,1789166326.6246922,-7
2026-09-11 19:38:46.632,1789166326.6323845,9
2026-09-11 19:38:46.640,1789166326.6400769,7
2026-09-11 19:38:46.647,1789166326.6477692,19
2026-09-11 19:38:46.655,1789166326.6554615,31
2026-09-11 19:38:46.663,1789166326.6631536,36
2026-09-11 19:38:46.670,1789166326.670846,48
2026-09-11 19:38:46.678,1789166326.6785383,63
2026-09-11 19:38:46.686,1789166326.6862307,75
2026-09-11 19:38:46.693,1789166326.693923,89
2026-09-11 19:38:46.701,1789166326.7016153,101
2026-09-11 19:38:46.709,1789166326.7093077,121
2026-09-11 19:38:46.717,1789166326.717,133
2026-09-11 19:38:46.724,1789166326.724692,133
2026-09-11 19:38:46.732,1789166326.7323844,128
2026-09-11 19:38:46.740,1789166326.7400768,138
2026-09-11 19:38:46.747,1789166326.747769,143
2026-09-11 19:38:46.755,1789166326.7554615,135
2026-09-11 19:38:46.763,1789166326.7631538,118
2026-09-11 19:38:46.770,1789166326.7708461,109
2026-09-11 19:38:46.778,1789166326.7785385,89
2026-09-11 19:38:46.786,1789166326.7862308,58
2026-09-11 19:38:46.793,1789166326.793923,24
2026-09-11 19:38:46.801,1789166326.8016152,-2
2026-09-11 19:38:46.809,1789166326.8093076,-21
2026-09-11 19:38:46.816,1789166326.8164384,-38
2026-09-11 19:38:46.824,1789166326.8241308,-50
2026-09-11 19:38:46.831,1789166326.831823,-55
2026-09-11 19:38:46.839,1789166326.8395154,-55
2026-09-11 19:38:46.847,1789166326.8472078,-38
2026-09-11 19:38:46.854,1789166326.8549,-26
2026-09-11 19:38:46.862,1789166326.8625922,-29
2026-09-11 19:38:46.870,1789166326.8702846,-21
2026-09-11 19:38:46.877,1789166326.877977,-4
2026-09-11 19:38:46.885,1789166326.8856692,0
2026-09-11 19:38:46.893,1789166326.8933616,0
2026-09-11 19:38:46.901,1789166326.901054,0
2026-09-11 19:38:46.908,1789166326.9087462,2
2026-09-11 19:38:46.916,1789166326.9164383,0
2026-09-11 19:38:46.924,1789166326.9241307,2
2026-09-11 19:38:46.931,1789166326.931823,-2
2026-09-11 19:38:46.939,1789166326.9395154,-7
2026-09-11 19:38:46.947,1789166326.9472077,-4
2026-09-11 19:38:46.954,1789166326.9549,-4
2026-09-11 19:38:46.962,1789166326.9625924,-2
2026-09-11 19:38:46.970,1789166326.9702847,7
2026-09-11 19:38:46.977,1789166326.9779768,31
2026-09-11 19:38:46.985,1789166326.9856691,53
2026-09-11 19:38:46.993,1789166326.9933615,48
2026-09-11 19:38:47.001,1789166327.0010538,21
2026-09-11 19:38:47.008,1789166327.0087461,2
2026-09-11 19:38:47.016,1789166327.0164385,-7
2026-09-11 19:38:47.024,1789166327.0241308,-14
2026-09-11 19:38:47.031,1789166327.0318232,-16
2026-09-11 19:38:47.039,1789166327.0395153,-12
2026-09-11 19:38:47.047,1789166327.0472076,-4
2026-09-11 19:38:47.054,1789166327.0549,-2
2026-09-11 19:38:47.062,1789166327.0625923,-2
2026-09-11 19:38:47.070,1789166327.0702846,-4
2026-09-11 19:38:47.077,1789166327.077977,0
2026-09-11 19:38:47.085,1789166327.0856693,87
2026-09-11 19:38:47.093,1789166327.0933616,317
2026-09-11 19:38:47.101,1789166327.1010537,637
2026-09-11 19:38:47.108,1789166327.108746,890
2026-09-11 19:38:47.116,1789166327.1164384,645
2026-09-11 19:38:47.124,1789166327.1241307,-128
2026-09-11 19:38:47.131,1789166327.131823,-458
2026-09-11 19:38:47.139,1789166327.1395154,-113
2026-09-11 19:38:47.147,1789166327.1472077,21
2026-09-11 19:38:47.154,1789166327.1549,-106
2026-09-11 19:38:47.162,1789166327.1625922,-67
2026-09-11 19:38:47.170,1789166327.1702845,-7
2026-09-11 19:38:47.177,1789166327.1779768,-38
2026-09-11 19:38:47.185,1789166327.1856692,-31
2026-09-11 19:38:47.193,1789166327.1933615,0
2026-09-11 19:38:47.201,1789166327.2010539,-4
2026-09-11 19:38:47.208,1789166327.2087462,-4
2026-09-11 19:38:47.216,1789166327.2164385,14
2026-09-11 19:38:47.224,1789166327.2241306,19
2026-09-11 19:38:47.231,1789166327.231823,24
2026-09-11 19:38:47.239,1789166327.2395153,38
2026-09-11 19:38:47.247,1789166327.2472076,50
2026-09-11 19:38:47.254,1789166327.2549,55
2026-09-11 19:38:47.262,1789166327.2625923,63
2026-09-11 19:38:47.270,1789166327.2702847,75
2026-09-11 19:38:47.277,1789166327.277977,84
2026-09-11 19:38:47.285,1789166327.285669,87
2026-09-11 19:38:47.293,1789166327.2933614,89
2026-09-11 19:38:47.301,1789166327.3010538,92
2026-09-11 19:38:47.308,1789166327.308746,87
2026-09-11 19:38:47.316,1789166327.3164384,77
2026-09-11 19:38:47.324,1789166327.3241308,70
2026-09-11 19:38:47.331,1789166327.331823,65
2026-09-11 19:38:47.339,1789166327.3395154,58
2026-09-11 19:38:47.347,1789166327.3472078,43
2026-09-11 19:38:47.354,1789166327.3549,26
2026-09-11 19:38:47.362,1789166327.3625922,4
2026-09-11 19:38:47.370,1789166327.3702846,-9
2026-09-11 19:38:47.377,1789166327.3774152,-21
2026-09-11 19:38:47.385,1789166327.3851075,-29
2026-09-11 19:38:47.392,1789166327.3927999,-36
2026-09-11 19:38:47.400,1789166327.4004922,-36
2026-09-11 19:38:47.408,1789166327.4081845,-31
2026-09-11 19:38:47.415,1789166327.4158766,-24
2026-09-11 19:38:47.423,1789166327.423569,-14
2026-09-11 19:38:47.431,1789166327.4312613,-4
2026-09-11 19:38:47.438,1789166327.4389536,2
2026-09-11 19:38:47.446,1789166327.446646,7
2026-09-11 19:38:47.454,1789166327.4543383,7
2026-09-11 19:38:47.462,1789166327.4620306,7
2026-09-11 19:38:47.469,1789166327.469723,9
2026-09-11 19:38:47.477,1789166327.477415,9
2026-09-11 19:38:47.485,1789166327.4851074,7
2026-09-11 19:38:47.492,1789166327.4927998,7
2026-09-11 19:38:47.500,1789166327.500492,4
2026-09-11 19:38:47.508,1789166327.5081844,-4
2026-09-11 19:38:47.515,1789166327.5158768,-9
2026-09-11 19:38:47.523,1789166327.523569,-2
2026-09-11 19:38:47.531,1789166327.5312614,2
2026-09-11 19:38:47.538,1789166327.5389535,12
2026-09-11 19:38:47.546,1789166327.5466459,38
2026-09-11 19:38:47.554,1789166327.5543382,58
2026-09-11 19:38:47.562,1789166327.5620306,53
2026-09-11 19:38:47.569,1789166327.569723,41
2026-09-11 19:38:47.577,1789166327.5774152,21
2026-09-11 19:38:47.585,1789166327.5851076,4
2026-09-11 19:38:47.592,1789166327.5928,-4
2026-09-11 19:38:47.600,1789166327.600492,-4
2026-09-11 19:38:47.608,1789166327.6081843,-4
2026-09-11 19:38:47.615,1789166327.6158767,0
2026-09-11 19:38:47.623,1789166327.623569,2
2026-09-11 19:38:47.631,1789166327.6312613,0
2026-09-11 19:38:47.638,1789166327.6389537,-2
2026-09-11 19:38:47.646,1789166327.646646,-4
2026-09-11 19:38:47.654,1789166327.6543384,46
2026-09-11 19:38:47.662,1789166327.6620305,208
2026-09-11 19:38:47.669,1789166327.6697228,468
2026-09-11 19:38:47.677,1789166327.6774151,807
2026-09-11 19:38:47.685,1789166327.6851075,919
2026-09-11 19:38:47.692,1789166327.6927998,327
2026-09-11 19:38:47.700,1789166327.7004921,-375
2026-09-11 19:38:47.708,1789166327.7081845,-291
2026-09-11 19:38:47.715,1789166327.7158768,24
2026-09-11 19:38:47.723,1789166327.723569,-50
2026-09-11 19:38:47.731,1789166327.7312613,-116
2026-09-11 19:38:47.738,1789166327.7389536,-29
2026-09-11 19:38:47.746,1789166327.746646,-26
2026-09-11 19:38:47.754,1789166327.7543383,-53
2026-09-11 19:38:47.762,1789166327.7620306,-24
2026-09-11 19:38:47.769,1789166327.769723,-4
2026-09-11 19:38:47.777,1789166327.7774153,-7
2026-09-11 19:38:47.785,1789166327.7851074,2
2026-09-11 19:38:47.792,1789166327.7927997,14
2026-09-11 19:38:47.800,1789166327.800492,19
2026-09-11 19:38:47.808,1789166327.8081844,26
2026-09-11 19:38:47.815,1789166327.8158767,33
2026-09-11 19:38:47.823,1789166327.823569,38
2026-09-11 19:38:47.831,1789166327.8312614,48
2026-09-11 19:38:47.838,1789166327.8389537,60
2026-09-11 19:38:47.846,1789166327.8466458,65
2026-09-11 19:38:47.854,1789166327.8543382,72
2026-09-11 19:38:47.862,1789166327.8620305,75
2026-09-11 19:38:47.869,1789166327.8697228,75
2026-09-11 19:38:47.877,1789166327.8774152,72
2026-09-11 19:38:47.885,1789166327.8851075,65
2026-09-11 19:38:47.892,1789166327.8927999,58
2026-09-11 19:38:47.900,1789166327.9004922,58
2026-09-11 19:38:47.908,1789166327.9081845,55
2026-09-11 19:38:47.915,1789166327.9158766,48
2026-09-11 19:38:47.923,1789166327.923569,33
2026-09-11 19:38:47.931,1789166327.9312613,21
2026-09-11 19:38:47.938,1789166327.938392,7
2026-09-11 19:38:47.946,1789166327.9460843,-7
2026-09-11 19:38:47.953,1789166327.9537766,-16
2026-09-11 19:38:47.961,1789166327.961469,-21
2026-09-11 19:38:47.969,1789166327.9691613,-24
2026-09-11 19:38:47.976,1789166327.9768534,-26
2026-09-11 19:38:47.984,1789166327.9845457,-16
2026-09-11 19:38:47.992,1789166327.992238,-4
2026-09-11 19:38:47.999,1789166327.9999304,2
2026-09-11 19:38:48.007,1789166328.0076227,2
2026-09-11 19:38:48.015,1789166328.015315,7
2026-09-11 19:38:48.023,1789166328.0230074,12
2026-09-11 19:38:48.030,1789166328.0306997,14
2026-09-11 19:38:48.038,1789166328.0383918,14
2026-09-11 19:38:48.046,1789166328.0460842,14
2026-09-11 19:38:48.053,1789166328.0537765,12
2026-09-11 19:38:48.061,1789166328.0614688,12
2026-09-11 19:38:48.069,1789166328.0691612,12
2026-09-11 19:38:48.076,1789166328.0768535,9
2026-09-11 19:38:48.084,1789166328.0845459,0
2026-09-11 19:38:48.092,1789166328.0922382,-9
2026-09-11 19:38:48.099,1789166328.0999303,-4
2026-09-11 19:38:48.107,1789166328.1076226,0
2026-09-11 19:38:48.115,1789166328.115315,7
2026-09-11 19:38:48.123,1789166328.1230073,29
2026-09-11 19:38:48.130,1789166328.1306996,50
2026-09-11 19:38:48.138,1789166328.138392,58
2026-09-11 19:38:48.146,1789166328.1460843,53
2026-09-11 19:38:48.153,1789166328.1537766,38
2026-09-11 19:38:48.161,1789166328.1614687,19
2026-09-11 19:38:48.169,1789166328.169161,2
2026-09-11 19:38:48.176,1789166328.1768534,-2
2026-09-11 19:38:48.184,1789166328.1845458,-4
2026-09-11 19:38:48.192,1789166328.192238,-2
2026-09-11 19:38:48.199,1789166328.1999304,-2
2026-09-11 19:38:48.207,1789166328.2076228,-2
2026-09-11 19:38:48.215,1789166328.215315,-2
2026-09-11 19:38:48.223,1789166328.2230072,-9
2026-09-11 19:38:48.230,1789166328.2306995,-2
2026-09-11 19:38:48.238,1789166328.2383919,89
2026-09-11 19:38:48.246,1789166328.2460842,286
2026-09-11 19:38:48.253,1789166328.2537766,579
2026-09-11 19:38:48.261,1789166328.261469,875
2026-09-11 19:38:48.269,1789166328.2691612,666
2026-09-11 19:38:48.276,1789166328.2768536,-97
2026-09-11 19:38:48.284,1789166328.2845457,-404
2026-09-11 19:38:48.292,1789166328.292238,-82
2026-09-11 19:38:48.299,1789166328.2999303,19
2026-09-11 19:38:48.307,1789166328.3076227,-101
2026-09-11 19:38:48.315,1789166328.315315,-55
2026-09-11 19:38:48.323,1789166328.3230073,-2
2026-09-11 19:38:48.330,1789166328.3306997,-38
2026-09-11 19:38:48.338,1789166328.338392,-29
2026-09-11 19:38:48.346,1789166328.346084,2
2026-09-11 19:38:48.353,1789166328.3537765,2
2026-09-11 19:38:48.361,1789166328.3614688,7
2026-09-11 19:38:48.369,1789166328.3691611,21
2026-09-11 19:38:48.376,1789166328.3768535,29
2026-09-11 19:38:48.384,1789166328.3845458,33
2026-09-11 19:38:48.392,1789166328.3922381,43
2026-09-11 19:38:48.399,1789166328.3999305,50
2026-09-11 19:38:48.407,1789166328.4076226,63
2026-09-11 19:38:48.415,1789166328.415315,70
2026-09-11 19:38:48.423,1789166328.4230072,75
2026-09-11 19:38:48.430,1789166328.4306996,87
2026-09-11 19:38:48.438,1789166328.438392,97
2026-09-11 19:38:48.446,1789166328.4460843,99
2026-09-11 19:38:48.453,1789166328.4537766,99
2026-09-11 19:38:48.461,1789166328.461469,97
2026-09-11 19:38:48.469,1789166328.4691613,92
2026-09-11 19:38:48.476,1789166328.4768534,82
2026-09-11 19:38:48.484,1789166328.4845457,77
2026-09-11 19:38:48.492,1789166328.492238,77
2026-09-11 19:38:48.499,1789166328.499379,72
2026-09-11 19:38:48.507,1789166328.5070713,55
2026-09-11 19:38:48.514,1789166328.5147636,31
2026-09-11 19:38:48.522,1789166328.522456,12
2026-09-11 19:38:48.530,1789166328.5301483,-2
2026-09-11 19:38:48.537,1789166328.5378404,-4
2026-09-11 19:38:48.545,1789166328.5455327,-2
2026-09-11 19:38:48.553,1789166328.553225,-7
2026-09-11 19:38:48.560,1789166328.5609174,-7
2026-09-11 19:38:48.568,1789166328.5686097,4
2026-09-11 19:38:48.576,1789166328.576302,14
2026-09-11 19:38:48.583,1789166328.5839944,14
2026-09-11 19:38:48.591,1789166328.5916867,14
2026-09-11 19:38:48.599,1789166328.5993788,16
2026-09-11 19:38:48.607,1789166328.6070712,21
2026-09-11 19:38:48.614,1789166328.6147635,26
2026-09-11 19:38:48.622,1789166328.6224558,19
2026-09-11 19:38:48.630,1789166328.6301482,14
2026-09-11 19:38:48.637,1789166328.6378405,26
2026-09-11 19:38:48.645,1789166328.6455328,33
2026-09-11 19:38:48.653,1789166328.6532252,24
2026-09-11 19:38:48.660,1789166328.6609173,14
2026-09-11 19:38:48.668,1789166328.6686096,9
2026-09-11 19:38:48.676,1789166328.676302,9
2026-09-11 19:38:48.683,1789166328.6839943,16
2026-09-11 19:38:48.691,1789166328.6916866,19
2026-09-11 19:38:48.699,1789166328.699379,21
2026-09-11 19:38:48.707,1789166328.7070713,38
2026-09-11 19:38:48.714,1789166328.7147636,65
2026-09-11 19:38:48.722,1789166328.7224557,89
2026-09-11 19:38:48.730,1789166328.730148,94
2026-09-11 19:38:48.737,1789166328.7378404,70
2026-09-11 19:38:48.745,1789166328.7455328,36
2026-09-11 19:38:48.753,1789166328.753225,21
2026-09-11 19:38:48.760,1789166328.7609174,24
2026-09-11 19:38:48.768,1789166328.7686098,26
2026-09-11 19:38:48.776,1789166328.776302,19
2026-09-11 19:38:48.783,1789166328.7839942,19
2026-09-11 19:38:48.791,1789166328.7916865,33
2026-09-11 19:38:48.799,1789166328.7993789,36
2026-09-11 19:38:48.807,1789166328.8070712,19
2026-09-11 19:38:48.814,1789166328.8147635,9
2026-09-11 19:38:48.822,1789166328.822456,63
2026-09-11 19:38:48.830,1789166328.8301482,257
2026-09-11 19:38:48.837,1789166328.8378406,567
2026-09-11 19:38:48.845,1789166328.8455327,868
2026-09-11 19:38:48.853,1789166328.853225,814
2026-09-11 19:38:48.860,1789166328.8609173,130
2026-09-11 19:38:48.868,1789166328.8686097,-460
2026-09-11 19:38:48.876,1789166328.876302,-261
2026-09-11 19:38:48.883,1789166328.8839943,36
2026-09-11 19:38:48.891,1789166328.8916867,-48
2026-09-11 19:38:48.899,1789166328.899379,-75
2026-09-11 19:38:48.907,1789166328.907071,19
2026-09-11 19:38:48.914,1789166328.9147635,12
2026-09-11 19:38:48.922,1789166328.9224558,-14
2026-09-11 19:38:48.930,1789166328.9301481,4
2026-09-11 19:38:48.937,1789166328.9378405,19
2026-09-11 19:38:48.945,1789166328.9455328,26
2026-09-11 19:38:48.953,1789166328.9532251,33
2026-09-11 19:38:48.960,1789166328.9609175,38
2026-09-11 19:38:48.968,1789166328.9686096,58
2026-09-11 19:38:48.976,1789166328.976302,77
2026-09-11 19:38:48.983,1789166328.9839942,75
2026-09-11 19:38:48.991,1789166328.9916866,77
2026-09-11 19:38:48.999,1789166328.999379,99
2026-09-11 19:38:49.007,1789166329.0070713,113
2026-09-11 19:38:49.014,1789166329.0147636,123
2026-09-11 19:38:49.022,1789166329.022456,140
2026-09-11 19:38:49.030,1789166329.0301483,150
2026-09-11 19:38:49.037,1789166329.0378404,147
2026-09-11 19:38:49.045,1789166329.0455327,145
2026-09-11 19:38:49.053,1789166329.053225,150
2026-09-11 19:38:49.060,1789166329.0603507,150
2026-09-11 19:38:49.068,1789166329.068043,140
2026-09-11 19:38:49.075,1789166329.0757353,126
2026-09-11 19:38:49.083,1789166329.0834277,116
2026-09-11 19:38:49.091,1789166329.09112,92
2026-09-11 19:38:49.098,1789166329.098812,46
2026-09-11 19:38:49.106,1789166329.1065044,16
2026-09-11 19:38:49.114,1789166329.1141968,2
2026-09-11 19:38:49.121,1789166329.121889,-29
2026-09-11 19:38:49.129,1789166329.1295815,-55
2026-09-11 19:38:49.137,1789166329.1372738,-48
2026-09-11 19:38:49.144,1789166329.1449661,-38
2026-09-11 19:38:49.152,1789166329.1526585,-46
2026-09-11 19:38:49.160,1789166329.1603506,-46
2026-09-11 19:38:49.168,1789166329.168043,-26
2026-09-11 19:38:49.175,1789166329.1757352,-14
2026-09-11 19:38:49.183,1789166329.1834276,-9
2026-09-11 19:38:49.191,1789166329.19112,-2
2026-09-11 19:38:49.198,1789166329.1988122,0
2026-09-11 19:38:49.206,1789166329.2065046,2
2026-09-11 19:38:49.214,1789166329.214197,0
2026-09-11 19:38:49.221,1789166329.221889,-2
2026-09-11 19:38:49.229,1789166329.2295814,2
2026-09-11 19:38:49.237,1789166329.2372737,0
2026-09-11 19:38:49.244,1789166329.244966,-14
2026-09-11 19:38:49.252,1789166329.2526584,-19
2026-09-11 19:38:49.260,1789166329.2603507,-14
2026-09-11 19:38:49.268,1789166329.268043,-21
2026-09-11 19:38:49.275,1789166329.2757354,-12
2026-09-11 19:38:49.283,1789166329.2834275,9
2026-09-11 19:38:49.291,1789166329.2911198,16
2026-09-11 19:38:49.298,1789166329.2988122,29
2026-09-11 19:38:49.306,1789166329.3065045,41
2026-09-11 19:38:49.314,1789166329.3141968,14
2026-09-11 19:38:49.321,1789166329.3218892,-12
2026-09-11 19:38:49.329,1789166329.3295815,-14
2026-09-11 19:38:49.337,1789166329.3372738,-16
2026-09-11 19:38:49.344,1789166329.344966,-26
2026-09-11 19:38:49.352,1789166329.3526583,-31
2026-09-11 19:38:49.360,1789166329.3603506,-31
2026-09-11 19:38:49.368,1789166329.368043,-26
2026-09-11 19:38:49.375,1789166329.3757353,-24
2026-09-11 19:38:49.383,1789166329.3834276,-24
2026-09-11 19:38:49.391,1789166329.39112,-12
2026-09-11 19:38:49.398,1789166329.3988123,89
2026-09-11 19:38:49.406,1789166329.4065044,361
2026-09-11 19:38:49.414,1789166329.4141967,715
2026-09-11 19:38:49.421,1789166329.421889,904
2026-09-11 19:38:49.429,1789166329.4295814,533
2026-09-11 19:38:49.437,1789166329.4372737,-266
2026-09-11 19:38:49.444,1789166329.444966,-521
2026-09-11 19:38:49.452,1789166329.4526584,-123
2026-09-11 19:38:49.460,1789166329.4603508,14
2026-09-11 19:38:49.468,1789166329.4680429,-128
2026-09-11 19:38:49.475,1789166329.4757352,-99
2026-09-11 19:38:49.483,1789166329.4834275,-19
2026-09-11 19:38:49.491,1789166329.4911199,-41
2026-09-11 19:38:49.498,1789166329.4988122,-50
2026-09-11 19:38:49.506,1789166329.5065045,-14
2026-09-11 19:38:49.514,1789166329.5141969,0
2026-09-11 19:38:49.521,1789166329.5218892,-2
2026-09-11 19:38:49.529,1789166329.5295813,14
2026-09-11 19:38:49.537,1789166329.5372736,29
2026-09-11 19:38:49.544,1789166329.544966,31
2026-09-11 19:38:49.552,1789166329.5526583,41
2026-09-11 19:38:49.560,1789166329.5603507,55
2026-09-11 19:38:49.568,1789166329.568043,67
2026-09-11 19:38:49.575,1789166329.5757353,80
2026-09-11 19:38:49.583,1789166329.5834277,89
2026-09-11 19:38:49.591,1789166329.59112,104
2026-09-11 19:38:49.598,1789166329.598812,121
2026-09-11 19:38:49.606,1789166329.6065044,118
2026-09-11 19:38:49.614,1789166329.6141968,116
2026-09-11 19:38:49.621,1789166329.6213224,126
2026-09-11 19:38:49.629,1789166329.6290147,133
2026-09-11 19:38:49.636,1789166329.636707,121
2026-09-11 19:38:49.644,1789166329.6443994,104
2026-09-11 19:38:49.652,1789166329.6520917,89
2026-09-11 19:38:49.659,1789166329.6597838,55
2026-09-11 19:38:49.667,1789166329.6674762,19
2026-09-11 19:38:49.675,1789166329.6751685,-9
2026-09-11 19:38:49.682,1789166329.6828609,-38
2026-09-11 19:38:49.690,1789166329.6905532,-60
2026-09-11 19:38:49.698,1789166329.6982455,-70
2026-09-11 19:38:49.705,1789166329.7059379,-77
2026-09-11 19:38:49.713,1789166329.7136302,-84
2026-09-11 19:38:49.721,1789166329.7213223,-80
2026-09-11 19:38:49.729,1789166329.7290146,-65
2026-09-11 19:38:49.736,1789166329.736707,-58
2026-09-11 19:38:49.744,1789166329.7443993,-53
2026-09-11 19:38:49.752,1789166329.7520916,-41
2026-09-11 19:38:49.759,1789166329.759784,-31
2026-09-11 19:38:49.767,1789166329.7674763,-29
2026-09-11 19:38:49.775,1789166329.7751687,-24
2026-09-11 19:38:49.782,1789166329.7828608,-14
2026-09-11 19:38:49.790,1789166329.790553,-9
2026-09-11 19:38:49.798,1789166329.7982454,-16
2026-09-11 19:38:49.805,1789166329.8059378,-26
2026-09-11 19:38:49.813,1789166329.81363,-33
2026-09-11 19:38:49.821,1789166329.8213224,-29
2026-09-11 19:38:49.829,1789166329.8290148,-24
2026-09-11 19:38:49.836,1789166329.836707,-19
2026-09-11 19:38:49.844,1789166329.8443992,-9
2026-09-11 19:38:49.852,1789166329.8520916,-2
2026-09-11 19:38:49.859,1789166329.859784,7
2026-09-11 19:38:49.867,1789166329.8674762,21
2026-09-11 19:38:49.875,1789166329.8751686,21
2026-09-11 19:38:49.882,1789166329.882861,0
2026-09-11 19:38:49.890,1789166329.8905532,-24
2026-09-11 19:38:49.898,1789166329.8982456,-31
2026-09-11 19:38:49.905,1789166329.9059377,-33
2026-09-11 19:38:49.913,1789166329.91363,-36
2026-09-11 19:38:49.921,1789166329.9213223,-29
2026-09-11 19:38:49.929,1789166329.9290147,-24
2026-09-11 19:38:49.936,1789166329.936707,-21
2026-09-11 19:38:49.944,1789166329.9443994,-24
2026-09-11 19:38:49.952,1789166329.9520917,-36
2026-09-11 19:38:49.959,1789166329.959784,-16
2026-09-11 19:38:49.967,1789166329.9674761,121
2026-09-11 19:38:49.975,1789166329.9751685,397
2026-09-11 19:38:49.982,1789166329.9828608,720
2026-09-11 19:38:49.990,1789166329.9905531,865
2026-09-11 19:38:49.998,1789166329.9982455,417
2026-09-11 19:38:50.005,1789166330.0059378,-339
2026-09-11 19:38:50.013,1789166330.0136302,-424
2026-09-11 19:38:50.021,1789166330.0213225,-53
2026-09-11 19:38:50.029,1789166330.0290146,-33
2026-09-11 19:38:50.036,1789166330.036707,-140
2026-09-11 19:38:50.044,1789166330.0443993,-63
2026-09-11 19:38:50.052,1789166330.0520916,-33
2026-09-11 19:38:50.059,1789166330.059784,-70
2026-09-11 19:38:50.067,1789166330.0674763,-46
2026-09-11 19:38:50.075,1789166330.0751686,-21
2026-09-11 19:38:50.082,1789166330.082861,-29
2026-09-11 19:38:50.090,1789166330.090553,-16
2026-09-11 19:38:50.098,1789166330.0982454,2
2026-09-11 19:38:50.105,1789166330.1059377,7
2026-09-11 19:38:50.113,1789166330.11363,9
2026-09-11 19:38:50.121,1789166330.1213224,21
2026-09-11 19:38:50.129,1789166330.1290147,33
2026-09-11 19:38:50.136,1789166330.136707,41
2026-09-11 19:38:50.144,1789166330.1443994,50
2026-09-11 19:38:50.152,1789166330.1520917,63
2026-09-11 19:38:50.159,1789166330.1597838,75
2026-09-11 19:38:50.167,1789166330.1674762,82
2026-09-11 19:38:50.175,1789166330.1751685,82
2026-09-11 19:38:50.182,1789166330.1822991,77
2026-09-11 19:38:50.189,1789166330.1899915,75
2026-09-11 19:38:50.197,1789166330.1976838,72
2026-09-11 19:38:50.205,1789166330.2053761,67
2026-09-11 19:38:50.213,1789166330.2130685,60
2026-09-11 19:38:50.220,1789166330.2207606,48
2026-09-11 19:38:50.228,1789166330.228453,29
2026-09-11 19:38:50.236,1789166330.2361453,7
2026-09-11 19:38:50.243,1789166330.2438376,-12
2026-09-11 19:38:50.251,1789166330.25153,-29
2026-09-11 19:38:50.259,1789166330.2592223,-43
2026-09-11 19:38:50.266,1789166330.2669146,-50
2026-09-11 19:38:50.274,1789166330.274607,-55
2026-09-11 19:38:50.282,1789166330.282299,-53
2026-09-11 19:38:50.289,1789166330.2899914,-48
2026-09-11 19:38:50.297,1789166330.2976837,-38
2026-09-11 19:38:50.305,1789166330.305376,-33
2026-09-11 19:38:50.313,1789166330.3130684,-24
2026-09-11 19:38:50.320,1789166330.3207607,-14
2026-09-11 19:38:50.328,1789166330.328453,-14
2026-09-11 19:38:50.336,1789166330.3361454,-12
2026-09-11 19:38:50.343,1789166330.3438375,-12
2026-09-11 19:38:50.351,1789166330.3515298,-9
2026-09-11 19:38:50.359,1789166330.3592222,-7
2026-09-11 19:38:50.366,1789166330.3669145,-7
2026-09-11 19:38:50.374,1789166330.3746068,-14
2026-09-11 19:38:50.382,1789166330.3822992,-24
2026-09-11 19:38:50.389,1789166330.3899915,-29
2026-09-11 19:38:50.397,1789166330.3976839,-24
2026-09-11 19:38:50.405,1789166330.405376,-19
2026-09-11 19:38:50.413,1789166330.4130683,-12
2026-09-11 19:38:50.420,1789166330.4207606,9
2026-09-11 19:38:50.428,1789166330.428453,29
2026-09-11 19:38:50.436,1789166330.4361453,31
2026-09-11 19:38:50.443,1789166330.4438376,21
2026-09-11 19:38:50.451,1789166330.45153,7
2026-09-11 19:38:50.459,1789166330.4592223,-9
2026-09-11 19:38:50.466,1789166330.4669144,-21
2026-09-11 19:38:50.474,1789166330.4746068,-24
2026-09-11 19:38:50.482,1789166330.482299,-21
2026-09-11 19:38:50.489,1789166330.4899914,-21
2026-09-11 19:38:50.497,1789166330.4976838,-24
2026-09-11 19:38:50.505,1789166330.505376,-24
2026-09-11 19:38:50.513,1789166330.5130684,-24
2026-09-11 19:38:50.520,1789166330.5207608,-29
2026-09-11 19:38:50.528,1789166330.5284529,9
2026-09-11 19:38:50.536,1789166330.5361452,162
2026-09-11 19:38:50.543,1789166330.5438375,426
2026-09-11 19:38:50.551,1789166330.55153,778
2026-09-11 19:38:50.559,1789166330.5592222,919
2026-09-11 19:38:50.566,1789166330.5669146,363
2026-09-11 19:38:50.574,1789166330.574607,-358
2026-09-11 19:38:50.582,1789166330.5822992,-322
2026-09-11 19:38:50.589,1789166330.5899913,-4
2026-09-11 19:38:50.597,1789166330.5976837,-67
2026-09-11 19:38:50.605,1789166330.605376,-143
2026-09-11 19:38:50.613,1789166330.6130683,-55
2026-09-11 19:38:50.620,1789166330.6207607,-46
2026-09-11 19:38:50.628,1789166330.628453,-75
2026-09-11 19:38:50.636,1789166330.6361454,-43
2026-09-11 19:38:50.643,1789166330.6438377,-26
2026-09-11 19:38:50.651,1789166330.6515298,-33
2026-09-11 19:38:50.659,1789166330.6592221,-21
2026-09-11 19:38:50.666,1789166330.6669145,-4
2026-09-11 19:38:50.674,1789166330.6746068,-2
2026-09-11 19:38:50.682,1789166330.6822991,2
2026-09-11 19:38:50.689,1789166330.6899915,12
2026-09-11 19:38:50.697,1789166330.6976838,19
2026-09-11 19:38:50.705,1789166330.7053761,29
2026-09-11 19:38:50.713,1789166330.7130685,36
2026-09-11 19:38:50.720,1789166330.7207606,43
2026-09-11 19:38:50.728,1789166330.728453,48
2026-09-11 19:38:50.736,1789166330.7361453,50
2026-09-11 19:38:50.743,1789166330.7433064,46
2026-09-11 19:38:50.750,1789166330.7509987,41
2026-09-11 19:38:50.758,1789166330.758691,36
2026-09-11 19:38:50.766,1789166330.7663834,31
2026-09-11 19:38:50.774,1789166330.7740757,24
2026-09-11 19:38:50.781,1789166330.7817678,24
2026-09-11 19:38:50.789,1789166330.7894602,19
2026-09-11 19:38:50.797,1789166330.7971525,9
2026-09-11 19:38:50.804,1789166330.8048449,-4
2026-09-11 19:38:50.812,1789166330.8125372,-19
2026-09-11 19:38:50.820,1789166330.8202295,-29
2026-09-11 19:38:50.827,1789166330.8279219,-36
2026-09-11 19:38:50.835,1789166330.8356142,-46
2026-09-11 19:38:50.843,1789166330.8433063,-46
2026-09-11 19:38:50.850,1789166330.8509986,-38
2026-09-11 19:38:50.858,1789166330.858691,-33
2026-09-11 19:38:50.866,1789166330.8663833,-26
2026-09-11 19:38:50.874,1789166330.8740757,-19
2026-09-11 19:38:50.881,1789166330.881768,-14
2026-09-11 19:38:50.889,1789166330.8894603,-12
2026-09-11 19:38:50.897,1789166330.8971527,-4
2026-09-11 19:38:50.904,1789166330.9048448,0
2026-09-11 19:38:50.912,1789166330.912537,2
2026-09-11 19:38:50.920,1789166330.9202294,-2
2026-09-11 19:38:50.927,1789166330.9279218,-7
2026-09-11 19:38:50.935,1789166330.935614,-4
2026-09-11 19:38:50.943,1789166330.9433064,-4
2026-09-11 19:38:50.950,1789166330.9509988,-12
2026-09-11 19:38:50.958,1789166330.9586911,-24
2026-09-11 19:38:50.966,1789166330.9663832,-24
2026-09-11 19:38:50.974,1789166330.9740756,-19
2026-09-11 19:38:50.981,1789166330.981768,-14
2026-09-11 19:38:50.989,1789166330.9894602,-2
2026-09-11 19:38:50.997,1789166330.9971526,21
2026-09-11 19:38:51.004,1789166331.004845,41
2026-09-11 19:38:51.012,1789166331.0125372,43
2026-09-11 19:38:51.020,1789166331.0202296,33
2026-09-11 19:38:51.027,1789166331.0279217,19
2026-09-11 19:38:51.035,1789166331.035614,0
2026-09-11 19:38:51.043,1789166331.0433064,-12
2026-09-11 19:38:51.050,1789166331.0509987,-19
2026-09-11 19:38:51.058,1789166331.058691,-24
2026-09-11 19:38:51.066,1789166331.0663834,-21
2026-09-11 19:38:51.074,1789166331.0740757,-19
2026-09-11 19:38:51.081,1789166331.081768,-19
2026-09-11 19:38:51.089,1789166331.0894601,-24
2026-09-11 19:38:51.097,1789166331.0971525,-31
2026-09-11 19:38:51.104,1789166331.1048448,4
2026-09-11 19:38:51.112,1789166331.1125371,138
2026-09-11 19:38:51.120,1789166331.1202295,368
2026-09-11 19:38:51.127,1789166331.1279218,710
2026-09-11 19:38:51.135,1789166331.1356142,904
2026-09-11 19:38:51.143,1789166331.1433065,412
2026-09-11 19:38:51.150,1789166331.1509986,-322
2026-09-11 19:38:51.158,1789166331.158691,-329
2026-09-11 19:38:51.166,1789166331.1663833,-9
2026-09-11 19:38:51.174,1789166331.1740756,-50
2026-09-11 19:38:51.181,1789166331.181768,-133
2026-09-11 19:38:51.189,1789166331.1894603,-53
2026-09-11 19:38:51.197,1789166331.1971526,-41
2026-09-11 19:38:51.204,1789166331.204845,-70
2026-09-11 19:38:51.212,1789166331.212537,-43
2026-09-11 19:38:51.220,1789166331.2202294,-21
2026-09-11 19:38:51.227,1789166331.2279217,-26
2026-09-11 19:38:51.235,1789166331.235614,-19
2026-09-11 19:38:51.243,1789166331.2433064,-4
2026-09-11 19:38:51.250,1789166331.2509987,-2
2026-09-11 19:38:51.258,1789166331.258691,7
2026-09-11 19:38:51.266,1789166331.2663834,19
2026-09-11 19:38:51.274,1789166331.2740757,24
2026-09-11 19:38:51.281,1789166331.2817678,29
2026-09-11 19:38:51.289,1789166331.2894602,38
2026-09-11 19:38:51.297,1789166331.2971525,43
2026-09-11 19:38:51.304,1789166331.3042834,48
2026-09-11 19:38:51.311,1789166331.3119757,58
2026-09-11 19:38:51.319,1789166331.319668,60
2026-09-11 19:38:51.327,1789166331.3273604,53
2026-09-11 19:38:51.335,1789166331.3350527,46
2026-09-11 19:38:51.342,1789166331.3427448,46
2026-09-11 19:38:51.350,1789166331.3504372,43
2026-09-11 19:38:51.358,1789166331.3581295,38
2026-09-11 19:38:51.365,1789166331.3658218,33
2026-09-11 19:38:51.373,1789166331.3735142,24
2026-09-11 19:38:51.381,1789166331.3812065,9
2026-09-11 19:38:51.388,1789166331.3888988,-4
2026-09-11 19:38:51.396,1789166331.3965912,-21
2026-09-11 19:38:51.404,1789166331.4042833,-31
2026-09-11 19:38:51.411,1789166331.4119756,-33
2026-09-11 19:38:51.419,1789166331.419668,-38
2026-09-11 19:38:51.427,1789166331.4273603,-33
2026-09-11 19:38:51.435,1789166331.4350526,-26
2026-09-11 19:38:51.442,1789166331.442745,-19
2026-09-11 19:38:51.450,1789166331.4504373,-16
2026-09-11 19:38:51.458,1789166331.4581296,-9
2026-09-11 19:38:51.465,1789166331.4658217,-4
2026-09-11 19:38:51.473,1789166331.473514,-2
2026-09-11 19:38:51.481,1789166331.4812064,-2
2026-09-11 19:38:51.488,1789166331.4888988,-2
2026-09-11 19:38:51.496,1789166331.496591,-7
2026-09-11 19:38:51.504,1789166331.5042834,-9
2026-09-11 19:38:51.511,1789166331.5119758,-2
2026-09-11 19:38:51.519,1789166331.519668,4
2026-09-11 19:38:51.527,1789166331.5273602,0
2026-09-11 19:38:51.535,1789166331.5350525,-12
2026-09-11 19:38:51.542,1789166331.5427449,-21
2026-09-11 19:38:51.550,1789166331.5504372,-29
2026-09-11 19:38:51.558,1789166331.5581295,-31
2026-09-11 19:38:51.565,1789166331.565822,-21
2026-09-11 19:38:51.573,1789166331.5735142,-7
2026-09-11 19:38:51.581,1789166331.5812066,16
2026-09-11 19:38:51.588,1789166331.5888987,38
2026-09-11 19:38:51.596,1789166331.596591,36
2026-09-11 19:38:51.604,1789166331.6042833,21
2026-09-11 19:38:51.611,1789166331.6119757,4
2026-09-11 19:38:51.619,1789166331.619668,-9
2026-09-11 19:38:51.627,1789166331.6273603,-26
2026-09-11 19:38:51.635,1789166331.6350527,-46
2026-09-11 19:38:51.642,1789166331.642745,-53
2026-09-11 19:38:51.650,1789166331.650437,-36
2026-09-11 19:38:51.658,1789166331.6581295,-24
2026-09-11 19:38:51.665,1789166331.6658218,-29
2026-09-11 19:38:51.673,1789166331.6735141,-41
2026-09-11 19:38:51.681,1789166331.6812065,-48
2026-09-11 19:38:51.688,1789166331.6888988,-21
2026-09-11 19:38:51.696,1789166331.6965911,106
2026-09-11 19:38:51.704,1789166331.7042835,349
2026-09-11 19:38:51.711,1789166331.7119756,657
2026-09-11 19:38:51.719,1789166331.719668,795
2026-09-11 19:38:51.727,1789166331.7273602,327
2026-09-11 19:38:51.735,1789166331.7350526,-378
2026-09-11 19:38:51.742,1789166331.742745,-400
2026-09-11 19:38:51.750,1789166331.7504373,-55
2026-09-11 19:38:51.758,1789166331.7581296,-55
2026-09-11 19:38:51.765,1789166331.765822,-138
2026-09-11 19:38:51.773,1789166331.773514,-65
2026-09-11 19:38:51.781,1789166331.7812064,-46
2026-09-11 19:38:51.788,1789166331.7888987,-82
2026-09-11 19:38:51.796,1789166331.796591,-60
2026-09-11 19:38:51.804,1789166331.8042834,-31
2026-09-11 19:38:51.811,1789166331.8119757,-36
2026-09-11 19:38:51.819,1789166331.819668,-31
2026-09-11 19:38:51.827,1789166331.8273604,-12
2026-09-11 19:38:51.835,1789166331.8350527,-2
2026-09-11 19:38:51.842,1789166331.8427448,2
2026-09-11 19:38:51.850,1789166331.8504372,16
2026-09-11 19:38:51.858,1789166331.8581295,33
2026-09-11 19:38:51.865,1789166331.86526,46
2026-09-11 19:38:51.872,1789166331.8729522,50
2026-09-11 19:38:51.880,1789166331.8806446,63
2026-09-11 19:38:51.888,1789166331.888337,72
2026-09-11 19:38:51.896,1789166331.8960292,67
2026-09-11 19:38:51.903,1789166331.9037213,72
2026-09-11 19:38:51.911,1789166331.9114137,87
2026-09-11 19:38:51.919,1789166331.919106,84
2026-09-11 19:38:51.926,1789166331.9267983,72
2026-09-11 19:38:51.934,1789166331.9344907,72
2026-09-11 19:38:51.942,1789166331.942183,77
2026-09-11 19:38:51.949,1789166331.9498754,65
2026-09-11 19:38:51.957,1789166331.9575677,43
2026-09-11 19:38:51.965,1789166331.9652598,26
2026-09-11 19:38:51.972,1789166331.9729521,0
2026-09-11 19:38:51.980,1789166331.9806445,-33
2026-09-11 19:38:51.988,1789166331.9883368,-55
2026-09-11 19:38:51.996,1789166331.9960291,-63
2026-09-11 19:38:52.003,1789166332.0037215,-72
2026-09-11 19:38:52.011,1789166332.0114138,-75
2026-09-11 19:38:52.019,1789166332.0191061,-63
2026-09-11 19:38:52.026,1789166332.0267982,-46
2026-09-11 19:38:52.034,1789166332.0344906,-41
2026-09-11 19:38:52.042,1789166332.042183,-41
2026-09-11 19:38:52.049,1789166332.0498753,-29
2026-09-11 19:38:52.057,1789166332.0575676,-16
2026-09-11 19:38:52.065,1789166332.06526,-29
2026-09-11 19:38:52.072,1789166332.0729523,-36
2026-09-11 19:38:52.080,1789166332.0806446,-24
2026-09-11 19:38:52.088,1789166332.0883367,-21
2026-09-11 19:38:52.096,1789166332.096029,-29
2026-09-11 19:38:52.103,1789166332.1037214,-29
2026-09-11 19:38:52.111,1789166332.1114137,-33
2026-09-11 19:38:52.119,1789166332.119106,-43
2026-09-11 19:38:52.126,1789166332.1267984,-26
2026-09-11 19:38:52.134,1789166332.1344907,-19
2026-09-11 19:38:52.142,1789166332.142183,-31
2026-09-11 19:38:52.149,1789166332.1498752,-14
2026-09-11 19:38:52.157,1789166332.1575675,21
2026-09-11 19:38:52.165,1789166332.1652598,24
2026-09-11 19:38:52.172,1789166332.1729522,4
2026-09-11 19:38:52.180,1789166332.1806445,-12
2026-09-11 19:38:52.188,1789166332.1883368,-19
2026-09-11 19:38:52.196,1789166332.1960292,-26
2026-09-11 19:38:52.203,1789166332.2037215,-33
2026-09-11 19:38:52.211,1789166332.2114136,-38
2026-09-11 19:38:52.219,1789166332.219106,-36
2026-09-11 19:38:52.226,1789166332.2267983,-33
2026-09-11 19:38:52.234,1789166332.2344906,-38
2026-09-11 19:38:52.242,1789166332.242183,-33
2026-09-11 19:38:52.249,1789166332.2498753,-26
2026-09-11 19:38:52.257,1789166332.2575676,-33
2026-09-11 19:38:52.265,1789166332.26526,36
2026-09-11 19:38:52.272,1789166332.272952,274
2026-09-11 19:38:52.280,1789166332.2806444,620
2026-09-11 19:38:52.288,1789166332.2883368,853
2026-09-11 19:38:52.296,1789166332.296029,535
2026-09-11 19:38:52.303,1789166332.3037214,-259
2026-09-11 19:38:52.311,1789166332.3114138,-545
2026-09-11 19:38:52.319,1789166332.319106,-169
2026-09-11 19:38:52.326,1789166332.3267984,-26
2026-09-11 19:38:52.334,1789166332.3344905,-130
2026-09-11 19:38:52.342,1789166332.3421829,-70
2026-09-11 19:38:52.349,1789166332.3498752,-16
2026-09-11 19:38:52.357,1789166332.3575675,-53
2026-09-11 19:38:52.365,1789166332.36526,-41
2026-09-11 19:38:52.372,1789166332.3729522,-4
2026-09-11 19:38:52.380,1789166332.3806446,-2
2026-09-11 19:38:52.388,1789166332.388337,4
2026-09-11 19:38:52.396,1789166332.3960292,14
2026-09-11 19:38:52.403,1789166332.4037213,16
2026-09-11 19:38:52.411,1789166332.4114137,33
2026-09-11 19:38:52.419,1789166332.419106,55
2026-09-11 19:38:52.426,1789166332.4262419,60
2026-09-11 19:38:52.433,1789166332.4339342,77
2026-09-11 19:38:52.441,1789166332.4416265,99
2026-09-11 19:38:52.449,1789166332.449319,109
2026-09-11 19:38:52.457,1789166332.4570112,123
2026-09-11 19:38:52.464,1789166332.4647033,135
2026-09-11 19:38:52.472,1789166332.4723957,138
2026-09-11 19:38:52.480,1789166332.480088,147
2026-09-11 19:38:52.487,1789166332.4877803,152
2026-09-11 19:38:52.495,1789166332.4954727,147
2026-09-11 19:38:52.503,1789166332.503165,147
2026-09-11 19:38:52.510,1789166332.5108573,145
2026-09-11 19:38:52.518,1789166332.5185497,123
2026-09-11 19:38:52.526,1789166332.5262418,87
2026-09-11 19:38:52.533,1789166332.533934,50
2026-09-11 19:38:52.541,1789166332.5416265,9
2026-09-11 19:38:52.549,1789166332.5493188,-26
2026-09-11 19:38:52.557,1789166332.5570111,-41
2026-09-11 19:38:52.564,1789166332.5647035,-58
2026-09-11 19:38:52.572,1789166332.5723958,-77
2026-09-11 19:38:52.580,1789166332.5800881,-80
2026-09-11 19:38:52.587,1789166332.5877802,-72
2026-09-11 19:38:52.595,1789166332.5954726,-67
2026-09-11 19:38:52.603,1789166332.603165,-55
2026-09-11 19:38:52.610,1789166332.6108572,-38
2026-09-11 19:38:52.618,1789166332.6185496,-33
2026-09-11 19:38:52.626,1789166332.626242,-29
2026-09-11 19:38:52.633,1789166332.6339343,-14
2026-09-11 19:38:52.641,1789166332.6416266,-7
2026-09-11 19:38:52.649,1789166332.6493187,-9
2026-09-11 19:38:52.657,1789166332.657011,-7
2026-09-11 19:38:52.664,1789166332.6647034,-2
2026-09-11 19:38:52.672,1789166332.6723957,-2
2026-09-11 19:38:52.680,1789166332.680088,-4
2026-09-11 19:38:52.687,1789166332.6877804,-7
2026-09-11 19:38:52.695,1789166332.6954727,-7
2026-09-11 19:38:52.703,1789166332.703165,-2
2026-09-11 19:38:52.710,1789166332.7108572,9
2026-09-11 19:38:52.718,1789166332.7185495,29
2026-09-11 19:38:52.726,1789166332.7262418,43
2026-09-11 19:38:52.733,1789166332.7339342,38
2026-09-11 19:38:52.741,1789166332.7416265,21
2026-09-11 19:38:52.749,1789166332.7493188,0
2026-09-11 19:38:52.757,1789166332.7570112,-12
2026-09-11 19:38:52.764,1789166332.7647035,-14
2026-09-11 19:38:52.772,1789166332.7723956,-19
2026-09-11 19:38:52.780,1789166332.780088,-19
2026-09-11 19:38:52.787,1789166332.7877803,-16
2026-09-11 19:38:52.795,1789166332.7954726,-12
2026-09-11 19:38:52.803,1789166332.803165,-7
2026-09-11 19:38:52.810,1789166332.8108573,-4
2026-09-11 19:38:52.818,1789166332.8185496,-14
2026-09-11 19:38:52.826,1789166332.826242,50
2026-09-11 19:38:52.833,1789166332.833934,288
2026-09-11 19:38:52.841,1789166332.8416264,618
2026-09-11 19:38:52.849,1789166332.8493187,841
2026-09-11 19:38:52.857,1789166332.857011,591
2026-09-11 19:38:52.864,1789166332.8647034,-152
2026-09-11 19:38:52.872,1789166332.8723958,-497
2026-09-11 19:38:52.880,1789166332.880088,-155
2026-09-11 19:38:52.887,1789166332.8877804,14
2026-09-11 19:38:52.895,1789166332.8954725,-99
2026-09-11 19:38:52.903,1789166332.9031649,-60
2026-09-11 19:38:52.910,1789166332.9108572,2
2026-09-11 19:38:52.918,1789166332.9185495,-33
2026-09-11 19:38:52.926,1789166332.9262419,-29
2026-09-11 19:38:52.933,1789166332.9339342,7
2026-09-11 19:38:52.941,1789166332.9416265,4
2026-09-11 19:38:52.949,1789166332.949319,2
2026-09-11 19:38:52.957,1789166332.9570112,21
2026-09-11 19:38:52.964,1789166332.9647033,36
2026-09-11 19:38:52.972,1789166332.9723957,46
2026-09-11 19:38:52.980,1789166332.980088,58
2026-09-11 19:38:52.987,1789166332.9872134,70
2026-09-11 19:38:52.994,1789166332.9949057,80
2026-09-11 19:38:53.002,1789166333.002598,89
2026-09-11 19:38:53.010,1789166333.0102904,101
2026-09-11 19:38:53.017,1789166333.0179827,113
2026-09-11 19:38:53.025,1789166333.0256748,121
2026-09-11 19:38:53.033,1789166333.0333672,126
2026-09-11 19:38:53.041,1789166333.0410595,128
2026-09-11 19:38:53.048,1789166333.0487518,128
2026-09-11 19:38:53.056,1789166333.0564442,126
2026-09-11 19:38:53.064,1789166333.0641365,118
2026-09-11 19:38:53.071,1789166333.0718288,111
2026-09-11 19:38:53.079,1789166333.0795212,101
2026-09-11 19:38:53.087,1789166333.0872133,80
2026-09-11 19:38:53.094,1789166333.0949056,53
2026-09-11 19:38:53.102,1789166333.102598,26
2026-09-11 19:38:53.110,1789166333.1102903,0
2026-09-11 19:38:53.117,1789166333.1179826,-19
2026-09-11 19:38:53.125,1789166333.125675,-29
2026-09-11 19:38:53.133,1789166333.1333673,-33
2026-09-11 19:38:53.141,1789166333.1410596,-36
2026-09-11 19:38:53.148,1789166333.1487517,-33
2026-09-11 19:38:53.156,1789166333.156444,-29
2026-09-11 19:38:53.164,1789166333.1641364,-16
2026-09-11 19:38:53.171,1789166333.1718287,-7
2026-09-11 19:38:53.179,1789166333.179521,-2
2026-09-11 19:38:53.187,1789166333.1872134,2
2026-09-11 19:38:53.194,1789166333.1949058,7
2026-09-11 19:38:53.202,1789166333.202598,12
2026-09-11 19:38:53.210,1789166333.2102902,12
2026-09-11 19:38:53.217,1789166333.2179825,12
2026-09-11 19:38:53.225,1789166333.2256749,9
2026-09-11 19:38:53.233,1789166333.2333672,2
2026-09-11 19:38:53.241,1789166333.2410595,-4
2026-09-11 19:38:53.248,1789166333.2487519,0
2026-09-11 19:38:53.256,1789166333.2564442,4
2026-09-11 19:38:53.264,1789166333.2641366,4
2026-09-11 19:38:53.271,1789166333.2718287,24
2026-09-11 19:38:53.279,1789166333.279521,48
2026-09-11 19:38:53.287,1789166333.2872133,55
2026-09-11 19:38:53.294,1789166333.2949057,46
2026-09-11 19:38:53.302,1789166333.302598,29
2026-09-11 19:38:53.310,1789166333.3102903,9
2026-09-11 19:38:53.317,1789166333.3179827,-4
2026-09-11 19:38:53.325,1789166333.325675,-9
2026-09-11 19:38:53.333,1789166333.333367,-9
2026-09-11 19:38:53.341,1789166333.3410594,-7
2026-09-11 19:38:53.348,1789166333.3487518,-4
2026-09-11 19:38:53.356,1789166333.3564441,-2
2026-09-11 19:38:53.364,1789166333.3641365,-4
2026-09-11 19:38:53.371,1789166333.3718288,-12
2026-09-11 19:38:53.379,1789166333.3795211,-2
2026-09-11 19:38:53.387,1789166333.3872135,94
2026-09-11 19:38:53.394,1789166333.3949056,315
2026-09-11 19:38:53.402,1789166333.402598,625
2026-09-11 19:38:53.410,1789166333.4102902,897
2026-09-11 19:38:53.417,1789166333.4179826,630
2026-09-11 19:38:53.425,1789166333.425675,-152
2026-09-11 19:38:53.433,1789166333.4333673,-424
2026-09-11 19:38:53.441,1789166333.4410596,-75
2026-09-11 19:38:53.448,1789166333.448752,16
2026-09-11 19:38:53.456,1789166333.456444,-111
2026-09-11 19:38:53.464,1789166333.4641364,-58
2026-09-11 19:38:53.471,1789166333.4718287,-7
2026-09-11 19:38:53.479,1789166333.479521,-43
2026-09-11 19:38:53.487,1789166333.4872134,-31
2026-09-11 19:38:53.494,1789166333.4949057,-2
2026-09-11 19:38:53.502,1789166333.502598,-4
2026-09-11 19:38:53.510,1789166333.5102904,-2
2026-09-11 19:38:53.517,1789166333.5179827,14
2026-09-11 19:38:53.525,1789166333.5256748,21
2026-09-11 19:38:53.533,1789166333.5333672,26
2026-09-11 19:38:53.541,1789166333.5410595,33
2026-09-11 19:38:53.548,1789166333.5482209,43
2026-09-11 19:38:53.555,1789166333.5559132,55
2026-09-11 19:38:53.563,1789166333.5636055,65
2026-09-11 19:38:53.571,1789166333.571298,72
2026-09-11 19:38:53.578,1789166333.5789902,80
2026-09-11 19:38:53.586,1789166333.5866823,87
2026-09-11 19:38:53.594,1789166333.5943747,87
2026-09-11 19:38:53.602,1789166333.602067,84
2026-09-11 19:38:53.609,1789166333.6097593,80
2026-09-11 19:38:53.617,1789166333.6174517,75
2026-09-11 19:38:53.625,1789166333.625144,70
2026-09-11 19:38:53.632,1789166333.6328363,65
2026-09-11 19:38:53.640,1789166333.6405287,58
2026-09-11 19:38:53.648,1789166333.6482208,46
2026-09-11 19:38:53.655,1789166333.655913,26
2026-09-11 19:38:53.663,1789166333.6636055,9
2026-09-11 19:38:53.671,1789166333.6712978,-2
2026-09-11 19:38:53.678,1789166333.6789901,-14
2026-09-11 19:38:53.686,1789166333.6866825,-26
2026-09-11 19:38:53.694,1789166333.6943748,-29
2026-09-11 19:38:53.702,1789166333.7020671,-29
2026-09-11 19:38:53.709,1789166333.7097592,-21
2026-09-11 19:38:53.717,1789166333.7174516,-12
2026-09-11 19:38:53.725,1789166333.725144,-2
2026-09-11 19:38:53.732,1789166333.7328362,0
2026-09-11 19:38:53.740,1789166333.7405286,4
2026-09-11 19:38:53.748,1789166333.748221,12
2026-09-11 19:38:53.755,1789166333.7559133,12
2026-09-11 19:38:53.763,1789166333.7636056,14
2026-09-11 19:38:53.771,1789166333.7712977,14
2026-09-11 19:38:53.778,1789166333.77899,12
2026-09-11 19:38:53.786,1789166333.7866824,9
2026-09-11 19:38:53.794,1789166333.7943747,4
2026-09-11 19:38:53.802,1789166333.802067,-4
2026-09-11 19:38:53.809,1789166333.8097594,-9
2026-09-11 19:38:53.817,1789166333.8174517,-7
2026-09-11 19:38:53.825,1789166333.825144,2
2026-09-11 19:38:53.832,1789166333.8328362,16
2026-09-11 19:38:53.840,1789166333.8405285,38
2026-09-11 19:38:53.848,1789166333.8482208,53
2026-09-11 19:38:53.855,1789166333.8559132,48
2026-09-11 19:38:53.863,1789166333.8636055,36
2026-09-11 19:38:53.871,1789166333.8712978,21
2026-09-11 19:38:53.878,1789166333.8789902,2
2026-09-11 19:38:53.886,1789166333.8866825,-9
2026-09-11 19:38:53.894,1789166333.8943746,-9
2026-09-11 19:38:53.902,1789166333.902067,-9
2026-09-11 19:38:53.909,1789166333.9097593,-12
2026-09-11 19:38:53.917,1789166333.9174516,-9
2026-09-11 19:38:53.925,1789166333.925144,-7
2026-09-11 19:38:53.932,1789166333.9328363,-9
2026-09-11 19:38:53.940,1789166333.9405286,-19
2026-09-11 19:38:53.948,1789166333.948221,12
2026-09-11 19:38:53.955,1789166333.955913,147
2026-09-11 19:38:53.963,1789166333.9636054,385
2026-09-11 19:38:53.971,1789166333.9712977,737
2026-09-11 19:38:53.978,1789166333.97899,899
2026-09-11 19:38:53.986,1789166333.9866824,356
2026-09-11 19:38:53.994,1789166333.9943748,-346
2026-09-11 19:38:54.002,1789166334.002067,-291
2026-09-11 19:38:54.009,1789166334.0097594,19
2026-09-11 19:38:54.017,1789166334.0174515,-48
2026-09-11 19:38:54.025,1789166334.0251439,-116
2026-09-11 19:38:54.032,1789166334.0328362,-31
2026-09-11 19:38:54.040,1789166334.0405285,-26
2026-09-11 19:38:54.048,1789166334.0482209,-55
2026-09-11 19:38:54.055,1789166334.0559132,-21
2026-09-11 19:38:54.063,1789166334.0636055,-7
2026-09-11 19:38:54.071,1789166334.071298,-14
2026-09-11 19:38:54.078,1789166334.0789902,-2
2026-09-11 19:38:54.086,1789166334.0866823,9
2026-09-11 19:38:54.094,1789166334.0943747,14
2026-09-11 19:38:54.102,1789166334.102067,21
2026-09-11 19:38:54.109,1789166334.1091976,33
2026-09-11 19:38:54.116,1789166334.11689,41
2026-09-11 19:38:54.124,1789166334.1245823,50
2026-09-11 19:38:54.132,1789166334.1322746,60
2026-09-11 19:38:54.139,1789166334.139967,70
2026-09-11 19:38:54.147,1789166334.147659,75
2026-09-11 19:38:54.155,1789166334.1553514,80
2026-09-11 19:38:54.163,1789166334.1630437,80
2026-09-11 19:38:54.170,1789166334.170736,77
2026-09-11 19:38:54.178,1789166334.1784284,75
2026-09-11 19:38:54.186,1789166334.1861207,70
2026-09-11 19:38:54.193,1789166334.193813,63
2026-09-11 19:38:54.201,1789166334.2015054,60
2026-09-11 19:38:54.209,1789166334.2091975,50
2026-09-11 19:38:54.216,1789166334.2168899,33
2026-09-11 19:38:54.224,1789166334.2245822,19
2026-09-11 19:38:54.232,1789166334.2322745,4
2026-09-11 19:38:54.239,1789166334.2399669,-9
2026-09-11 19:38:54.247,1789166334.2476592,-21
2026-09-11 19:38:54.255,1789166334.2553515,-31
2026-09-11 19:38:54.263,1789166334.2630439,-33
2026-09-11 19:38:54.270,1789166334.270736,-29
2026-09-11 19:38:54.278,1789166334.2784283,-21
2026-09-11 19:38:54.286,1789166334.2861207,-16
2026-09-11 19:38:54.293,1789166334.293813,-7
2026-09-11 19:38:54.301,1789166334.3015053,-2
2026-09-11 19:38:54.309,1789166334.3091977,0
2026-09-11 19:38:54.316,1789166334.31689,0
2026-09-11 19:38:54.324,1789166334.3245823,-2
2026-09-11 19:38:54.332,1789166334.3322744,-2
2026-09-11 19:38:54.339,1789166334.3399668,0
2026-09-11 19:38:54.347,1789166334.347659,-2
2026-09-11 19:38:54.355,1789166334.3553514,0
2026-09-11 19:38:54.363,1789166334.3630438,7
2026-09-11 19:38:54.370,1789166334.3707361,-2
2026-09-11 19:38:54.378,1789166334.3784285,-16
2026-09-11 19:38:54.386,1789166334.3861208,-21
2026-09-11 19:38:54.393,1789166334.393813,-21
2026-09-11 19:38:54.401,1789166334.4015052,-16
2026-09-11 19:38:54.409,1789166334.4091976,-4
2026-09-11 19:38:54.416,1789166334.41689,16
2026-09-11 19:38:54.424,1789166334.4245822,41
2026-09-11 19:38:54.432,1789166334.4322746,48
2026-09-11 19:38:54.439,1789166334.439967,26
2026-09-11 19:38:54.447,1789166334.4476593,0
2026-09-11 19:38:54.455,1789166334.4553514,-14
2026-09-11 19:38:54.463,1789166334.4630437,-21
2026-09-11 19:38:54.470,1789166334.470736,-33
2026-09-11 19:38:54.478,1789166334.4784284,-46
2026-09-11 19:38:54.486,1789166334.4861207,-46
2026-09-11 19:38:54.493,1789166334.493813,-38
2026-09-11 19:38:54.501,1789166334.5015054,-38
2026-09-11 19:38:54.509,1789166334.5091977,-43
2026-09-11 19:38:54.516,1789166334.5168898,-48
2026-09-11 19:38:54.524,1789166334.5245821,-29
2026-09-11 19:38:54.532,1789166334.5322745,92
2026-09-11 19:38:54.539,1789166334.5399668,327
2026-09-11 19:38:54.547,1789166334.5476592,628
2026-09-11 19:38:54.555,1789166334.5553515,834
2026-09-11 19:38:54.563,1789166334.5630438,463
2026-09-11 19:38:54.570,1789166334.5707362,-305
2026-09-11 19:38:54.578,1789166334.5784283,-455
2026-09-11 19:38:54.586,1789166334.5861206,-92
2026-09-11 19:38:54.593,1789166334.593813,-46
2026-09-11 19:38:54.601,1789166334.6015053,-150
2026-09-11 19:38:54.609,1789166334.6091976,-89
2026-09-11 19:38:54.616,1789166334.61689,-58
2026-09-11 19:38:54.624,1789166334.6245823,-89
2026-09-11 19:38:54.632,1789166334.6322746,-72
2026-09-11 19:38:54.639,1789166334.639967,-41
2026-09-11 19:38:54.647,1789166334.647659,-38
2026-09-11 19:38:54.655,1789166334.6553514,-38
2026-09-11 19:38:54.663,1789166334.6630437,-24
2026-09-11 19:38:54.670,1789166334.6701744,-7
2026-09-11 19:38:54.677,1789166334.6778667,2
2026-09-11 19:38:54.685,1789166334.685559,9
2026-09-11 19:38:54.693,1789166334.6932514,14
2026-09-11 19:38:54.700,1789166334.7009437,24
2026-09-11 19:38:54.708,1789166334.7086358,36
2026-09-11 19:38:54.716,1789166334.7163281,53
2026-09-11 19:38:54.724,1789166334.7240205,67
2026-09-11 19:38:54.731,1789166334.7317128,65
2026-09-11 19:38:54.739,1789166334.7394052,67
2026-09-11 19:38:54.747,1789166334.7470975,84
2026-09-11 19:38:54.754,1789166334.7547898,97
2026-09-11 19:38:54.762,1789166334.7624822,89
2026-09-11 19:38:54.770,1789166334.7701743,75
2026-09-11 19:38:54.777,1789166334.7778666,75
2026-09-11 19:38:54.785,1789166334.785559,72
2026-09-11 19:38:54.793,1789166334.7932513,38
2026-09-11 19:38:54.800,1789166334.8009436,-4
2026-09-11 19:38:54.808,1789166334.808636,-29
2026-09-11 19:38:54.816,1789166334.8163283,-43
2026-09-11 19:38:54.824,1789166334.8240206,-67
2026-09-11 19:38:54.831,1789166334.8317127,-75
2026-09-11 19:38:54.839,1789166334.839405,-72
2026-09-11 19:38:54.847,1789166334.8470974,-80
2026-09-11 19:38:54.854,1789166334.8547897,-80
2026-09-11 19:38:54.862,1789166334.862482,-63
2026-09-11 19:38:54.870,1789166334.8701744,-50
2026-09-11 19:38:54.877,1789166334.8778667,-43
2026-09-11 19:38:54.885,1789166334.885559,-36
2026-09-11 19:38:54.893,1789166334.8932512,-46
2026-09-11 19:38:54.900,1789166334.9009435,-48
2026-09-11 19:38:54.908,1789166334.9086359,-31
2026-09-11 19:38:54.916,1789166334.9163282,-19
2026-09-11 19:38:54.924,1789166334.9240205,-24
2026-09-11 19:38:54.931,1789166334.9317129,-31
2026-09-11 19:38:54.939,1789166334.9394052,-26
2026-09-11 19:38:54.947,1789166334.9470975,-26
2026-09-11 19:38:54.954,1789166334.9547896,-36
2026-09-11 19:38:54.962,1789166334.962482,-46
2026-09-11 19:38:54.970,1789166334.9701743,-43
2026-09-11 19:38:54.977,1789166334.9778666,-29
2026-09-11 19:38:54.985,1789166334.985559,-4
2026-09-11 19:38:54.993,1789166334.9932513,7
2026-09-11 19:38:55.000,1789166335.0009437,14
2026-09-11 19:38:55.008,1789166335.008636,19
2026-09-11 19:38:55.016,1789166335.016328,0
2026-09-11 19:38:55.024,1789166335.0240204,-33
2026-09-11 19:38:55.031,1789166335.0317128,-48
2026-09-11 19:38:55.039,1789166335.039405,-48
2026-09-11 19:38:55.047,1789166335.0470974,-41
2026-09-11 19:38:55.054,1789166335.0547898,-38
2026-09-11 19:38:55.062,1789166335.062482,-36
2026-09-11 19:38:55.070,1789166335.0701745,-29
2026-09-11 19:38:55.077,1789166335.0778666,-29
2026-09-11 19:38:55.085,1789166335.085559,-48
2026-09-11 19:38:55.093,1789166335.0932512,-43
2026-09-11 19:38:55.100,1789166335.1009436,75
2026-09-11 19:38:55.108,1789166335.108636,351
2026-09-11 19:38:55.116,1789166335.1163282,700
2026-09-11 19:38:55.124,1789166335.1240206,868
2026-09-11 19:38:55.131,1789166335.131713,414
2026-09-11 19:38:55.139,1789166335.139405,-385
2026-09-11 19:38:55.147,1789166335.1470973,-497
2026-09-11 19:38:55.154,1789166335.1547897,-89
2026-09-11 19:38:55.162,1789166335.162482,-38
2026-09-11 19:38:55.170,1789166335.1701744,-140
2026-09-11 19:38:55.177,1789166335.1778667,-58
2026-09-11 19:38:55.185,1789166335.185559,-24
2026-09-11 19:38:55.193,1789166335.1932514,-58
2026-09-11 19:38:55.200,1789166335.2009437,-38
2026-09-11 19:38:55.208,1789166335.2086358,-9
2026-09-11 19:38:55.216,1789166335.2163281,-9
2026-09-11 19:38:55.224,1789166335.2240205,4
2026-09-11 19:38:55.231,1789166335.2311513,26
2026-09-11 19:38:55.238,1789166335.2388437,26
2026-09-11 19:38:55.246,1789166335.246536,21
2026-09-11 19:38:55.254,1789166335.2542284,31
2026-09-11 19:38:55.261,1789166335.2619207,53
2026-09-11 19:38:55.269,1789166335.2696128,80
2026-09-11 19:38:55.277,1789166335.2773051,94
2026-09-11 19:38:55.284,1789166335.2849975,104
2026-09-11 19:38:55.292,1789166335.2926898,121
2026-09-11 19:38:55.300,1789166335.3003821,133
2026-09-11 19:38:55.308,1789166335.3080745,138
2026-09-11 19:38:55.315,1789166335.3157668,143
2026-09-11 19:38:55.323,1789166335.3234591,147
2026-09-11 19:38:55.331,1789166335.3311512,147
2026-09-11 19:38:55.338,1789166335.3388436,143
2026-09-11 19:38:55.346,1789166335.346536,121
2026-09-11 19:38:55.354,1789166335.3542283,80
2026-09-11 19:38:55.361,1789166335.3619206,58
2026-09-11 19:38:55.369,1789166335.369613,41
2026-09-11 19:38:55.377,1789166335.3773053,-2
2026-09-11 19:38:55.384,1789166335.3849976,-41
2026-09-11 19:38:55.392,1789166335.3926897,-48
2026-09-11 19:38:55.400,1789166335.400382,-60
2026-09-11 19:38:55.408,1789166335.4080744,-84
2026-09-11 19:38:55.415,1789166335.4157667,-97
2026-09-11 19:38:55.423,1789166335.423459,-82
2026-09-11 19:38:55.431,1789166335.4311514,-65
2026-09-11 19:38:55.438,1789166335.4388437,-58
2026-09-11 19:38:55.446,1789166335.446536,-53
2026-09-11 19:38:55.454,1789166335.4542282,-41
2026-09-11 19:38:55.461,1789166335.4619205,-33
2026-09-11 19:38:55.469,1789166335.4696128,-29
2026-09-11 19:38:55.477,1789166335.4773052,-21
2026-09-11 19:38:55.484,1789166335.4849975,-21
2026-09-11 19:38:55.492,1789166335.4926898,-19
2026-09-11 19:38:55.500,1789166335.5003822,-7
2026-09-11 19:38:55.508,1789166335.5080745,-14
2026-09-11 19:38:55.515,1789166335.5157666,-29
2026-09-11 19:38:55.523,1789166335.523459,-24
2026-09-11 19:38:55.531,1789166335.5311513,-24
2026-09-11 19:38:55.538,1789166335.5388436,-26
2026-09-11 19:38:55.546,1789166335.546536,-12
2026-09-11 19:38:55.554,1789166335.5542283,-2
2026-09-11 19:38:55.561,1789166335.5619206,2
2026-09-11 19:38:55.569,1789166335.569613,24
2026-09-11 19:38:55.577,1789166335.577305,24
2026-09-11 19:38:55.584,1789166335.5849974,-12
2026-09-11 19:38:55.592,1789166335.5926898,-41
2026-09-11 19:38:55.600,1789166335.600382,-38
2026-09-11 19:38:55.608,1789166335.6080744,-33
2026-09-11 19:38:55.615,1789166335.6157668,-33
2026-09-11 19:38:55.623,1789166335.623459,-31
2026-09-11 19:38:55.631,1789166335.6311514,-31
2026-09-11 19:38:55.638,1789166335.6388435,-29
2026-09-11 19:38:55.646,1789166335.6465359,-31
2026-09-11 19:38:55.654,1789166335.6542282,-31
2026-09-11 19:38:55.661,1789166335.6619205,26
2026-09-11 19:38:55.669,1789166335.669613,244
2026-09-11 19:38:55.677,1789166335.6773052,599
2026-09-11 19:38:55.684,1789166335.6849976,880
2026-09-11 19:38:55.692,1789166335.69269,710
2026-09-11 19:38:55.700,1789166335.700382,-36
2026-09-11 19:38:55.708,1789166335.7080743,-531
2026-09-11 19:38:55.715,1789166335.7157667,-244
2026-09-11 19:38:55.723,1789166335.723459,14
2026-09-11 19:38:55.731,1789166335.7311513,-97
2026-09-11 19:38:55.738,1789166335.7388437,-97
2026-09-11 19:38:55.746,1789166335.746536,-4
2026-09-11 19:38:55.754,1789166335.7542284,-29
2026-09-11 19:38:55.761,1789166335.7619207,-50
2026-09-11 19:38:55.769,1789166335.7696128,-14
2026-09-11 19:38:55.777,1789166335.7773051,2
2026-09-11 19:38:55.784,1789166335.7849975,7
2026-09-11 19:38:55.792,1789166335.7921586,16
2026-09-11 19:38:55.799,1789166335.799851,21
2026-09-11 19:38:55.807,1789166335.8075433,36
2026-09-11 19:38:55.815,1789166335.8152356,50
2026-09-11 19:38:55.822,1789166335.822928,60
2026-09-11 19:38:55.830,1789166335.83062,72
2026-09-11 19:38:55.838,1789166335.8383124,87
2026-09-11 19:38:55.846,1789166335.8460047,99
2026-09-11 19:38:55.853,1789166335.853697,109
2026-09-11 19:38:55.861,1789166335.8613894,121
2026-09-11 19:38:55.869,1789166335.8690817,133
2026-09-11 19:38:55.876,1789166335.876774,133
2026-09-11 19:38:55.884,1789166335.8844664,126
2026-09-11 19:38:55.892,1789166335.8921585,123
2026-09-11 19:38:55.899,1789166335.8998508,128
2026-09-11 19:38:55.907,1789166335.9075432,118
2026-09-11 19:38:55.915,1789166335.9152355,99
2026-09-11 19:38:55.922,1789166335.9229279,72
2026-09-11 19:38:55.930,1789166335.9306202,41
2026-09-11 19:38:55.938,1789166335.9383125,16
2026-09-11 19:38:55.946,1789166335.9460049,-9
2026-09-11 19:38:55.953,1789166335.953697,-33
2026-09-11 19:38:55.961,1789166335.9613893,-48
2026-09-11 19:38:55.969,1789166335.9690816,-55
2026-09-11 19:38:55.976,1789166335.976774,-60
2026-09-11 19:38:55.984,1789166335.9844663,-53
2026-09-11 19:38:55.992,1789166335.9921587,-46
2026-09-11 19:38:55.999,1789166335.999851,-38
2026-09-11 19:38:56.007,1789166336.0075433,-31
2026-09-11 19:38:56.015,1789166336.0152354,-24
2026-09-11 19:38:56.022,1789166336.0229278,-16
2026-09-11 19:38:56.030,1789166336.03062,-12
2026-09-11 19:38:56.038,1789166336.0383124,-9
2026-09-11 19:38:56.046,1789166336.0460048,-7
2026-09-11 19:38:56.053,1789166336.053697,-4
2026-09-11 19:38:56.061,1789166336.0613894,-2
2026-09-11 19:38:56.069,1789166336.0690818,-2
2026-09-11 19:38:56.076,1789166336.076774,-7
2026-09-11 19:38:56.084,1789166336.0844662,-12
2026-09-11 19:38:56.092,1789166336.0921586,-12
2026-09-11 19:38:56.099,1789166336.099851,-12
2026-09-11 19:38:56.107,1789166336.1075432,-9
2026-09-11 19:38:56.115,1789166336.1152356,7
2026-09-11 19:38:56.122,1789166336.122928,29
2026-09-11 19:38:56.130,1789166336.1306202,38
2026-09-11 19:38:56.138,1789166336.1383123,33
2026-09-11 19:38:56.146,1789166336.1460047,19
2026-09-11 19:38:56.153,1789166336.153697,2
2026-09-11 19:38:56.161,1789166336.1613894,-12
2026-09-11 19:38:56.169,1789166336.1690817,-19
2026-09-11 19:38:56.176,1789166336.176774,-19
2026-09-11 19:38:56.184,1789166336.1844664,-14
2026-09-11 19:38:56.192,1789166336.1921587,-12
2026-09-11 19:38:56.199,1789166336.1998508,-12
2026-09-11 19:38:56.207,1789166336.2075431,-12
2026-09-11 19:38:56.215,1789166336.2152355,-16
2026-09-11 19:38:56.222,1789166336.2229278,2
2026-09-11 19:38:56.230,1789166336.2306201,118
2026-09-11 19:38:56.238,1789166336.2383125,363
2026-09-11 19:38:56.246,1789166336.2460048,686
2026-09-11 19:38:56.253,1789166336.2536972,928
2026-09-11 19:38:56.261,1789166336.2613893,615
2026-09-11 19:38:56.269,1789166336.2690816,-174
2026-09-11 19:38:56.276,1789166336.276774,-429
2026-09-11 19:38:56.284,1789166336.2844663,-80
2026-09-11 19:38:56.292,1789166336.2921586,-4
2026-09-11 19:38:56.299,1789166336.299851,-130
2026-09-11 19:38:56.307,1789166336.3075433,-70
2026-09-11 19:38:56.315,1789166336.3152356,-21
2026-09-11 19:38:56.322,1789166336.322928,-60
2026-09-11 19:38:56.330,1789166336.33062,-48
2026-09-11 19:38:56.338,1789166336.3383124,-14
2026-09-11 19:38:56.346,1789166336.3460047,-14
2026-09-11 19:38:56.353,1789166336.3531353,-14
2026-09-11 19:38:56.360,1789166336.3608277,0
2026-09-11 19:38:56.368,1789166336.36852,7
2026-09-11 19:38:56.376,1789166336.3762124,14
2026-09-11 19:38:56.383,1789166336.3839047,24
2026-09-11 19:38:56.391,1789166336.3915968,31
2026-09-11 19:38:56.399,1789166336.3992891,38
2026-09-11 19:38:56.406,1789166336.4069815,53
2026-09-11 19:38:56.414,1789166336.4146738,67
2026-09-11 19:38:56.422,1789166336.4223661,75
2026-09-11 19:38:56.430,1789166336.4300585,80
2026-09-11 19:38:56.437,1789166336.4377508,82
2026-09-11 19:38:56.445,1789166336.4454432,77
2026-09-11 19:38:56.453,1789166336.4531353,70
2026-09-11 19:38:56.460,1789166336.4608276,65
2026-09-11 19:38:56.468,1789166336.46852,63
2026-09-11 19:38:56.476,1789166336.4762123,60
2026-09-11 19:38:56.483,1789166336.4839046,53
2026-09-11 19:38:56.491,1789166336.491597,36
2026-09-11 19:38:56.499,1789166336.4992893,16
2026-09-11 19:38:56.506,1789166336.5069816,7
2026-09-11 19:38:56.514,1789166336.5146737,-7
2026-09-11 19:38:56.522,1789166336.522366,-21
2026-09-11 19:38:56.530,1789166336.5300584,-29
2026-09-11 19:38:56.537,1789166336.5377507,-33
2026-09-11 19:38:56.545,1789166336.545443,-33
2026-09-11 19:38:56.553,1789166336.5531354,-29
2026-09-11 19:38:56.560,1789166336.5608277,-21
2026-09-11 19:38:56.568,1789166336.56852,-14
2026-09-11 19:38:56.576,1789166336.5762122,-2
2026-09-11 19:38:56.583,1789166336.5839045,2
2026-09-11 19:38:56.591,1789166336.5915968,4
2026-09-11 19:38:56.599,1789166336.5992892,9
2026-09-11 19:38:56.606,1789166336.6069815,12
2026-09-11 19:38:56.614,1789166336.6146739,9
2026-09-11 19:38:56.622,1789166336.6223662,12
2026-09-11 19:38:56.630,1789166336.6300585,12
2026-09-11 19:38:56.637,1789166336.6377506,7
2026-09-11 19:38:56.645,1789166336.645443,0
2026-09-11 19:38:56.653,1789166336.6531353,-7
2026-09-11 19:38:56.660,1789166336.6608276,-7
2026-09-11 19:38:56.668,1789166336.66852,-2
2026-09-11 19:38:56.676,1789166336.6762123,4
2026-09-11 19:38:56.683,1789166336.6839046,19
2026-09-11 19:38:56.691,1789166336.691597,38
2026-09-11 19:38:56.699,1789166336.699289,55
2026-09-11 19:38:56.706,1789166336.7069814,55
2026-09-11 19:38:56.714,1789166336.7146738,46
2026-09-11 19:38:56.722,1789166336.722366,26
2026-09-11 19:38:56.730,1789166336.7300584,7
2026-09-11 19:38:56.737,1789166336.7377508,-2
2026-09-11 19:38:56.745,1789166336.745443,-2
2026-09-11 19:38:56.753,1789166336.7531354,-7
2026-09-11 19:38:56.760,1789166336.7608275,-4
2026-09-11 19:38:56.768,1789166336.7685199,-2
2026-09-11 19:38:56.776,1789166336.7762122,-2
2026-09-11 19:38:56.783,1789166336.7839046,-4
2026-09-11 19:38:56.791,1789166336.791597,-2
2026-09-11 19:38:56.799,1789166336.7992892,60
2026-09-11 19:38:56.806,1789166336.8069816,237
2026-09-11 19:38:56.814,1789166336.814674,509
2026-09-11 19:38:56.822,1789166336.822366,860
2026-09-11 19:38:56.830,1789166336.8300583,921
2026-09-11 19:38:56.837,1789166336.8377507,264
2026-09-11 19:38:56.845,1789166336.845443,-388
2026-09-11 19:38:56.853,1789166336.8531353,-242
2026-09-11 19:38:56.860,1789166336.8608277,24
2026-09-11 19:38:56.868,1789166336.86852,-80
2026-09-11 19:38:56.876,1789166336.8762124,-118
2026-09-11 19:38:56.883,1789166336.8839047,-29
2026-09-11 19:38:56.891,1789166336.8915968,-36
2026-09-11 19:38:56.899,1789166336.8992891,-58
2026-09-11 19:38:56.906,1789166336.9069815,-24
2026-09-11 19:38:56.914,1789166336.914112,-12
2026-09-11 19:38:56.921,1789166336.9218044,-19
2026-09-11 19:38:56.929,1789166336.9294968,-4
2026-09-11 19:38:56.937,1789166336.937189,7
2026-09-11 19:38:56.944,1789166336.9448814,12
2026-09-11 19:38:56.952,1789166336.9525735,21
2026-09-11 19:38:56.960,1789166336.9602659,29
2026-09-11 19:38:56.967,1789166336.9679582,38
2026-09-11 19:38:56.975,1789166336.9756505,46
2026-09-11 19:38:56.983,1789166336.983343,58
2026-09-11 19:38:56.991,1789166336.9910352,67
2026-09-11 19:38:56.998,1789166336.9987276,72
2026-09-11 19:38:57.006,1789166337.00642,72
2026-09-11 19:38:57.014,1789166337.014112,75
2026-09-11 19:38:57.021,1789166337.0218043,70
2026-09-11 19:38:57.029,1789166337.0294967,63
2026-09-11 19:38:57.037,1789166337.037189,58
2026-09-11 19:38:57.044,1789166337.0448813,53
2026-09-11 19:38:57.052,1789166337.0525737,46
2026-09-11 19:38:57.060,1789166337.060266,38
2026-09-11 19:38:57.067,1789166337.0679584,26
2026-09-11 19:38:57.075,1789166337.0756505,9
2026-09-11 19:38:57.083,1789166337.0833428,-7
2026-09-11 19:38:57.091,1789166337.0910351,-16
2026-09-11 19:38:57.098,1789166337.0987275,-26
2026-09-11 19:38:57.106,1789166337.1064198,-31
2026-09-11 19:38:57.114,1789166337.1141121,-29
2026-09-11 19:38:57.121,1789166337.1218045,-29
2026-09-11 19:38:57.129,1789166337.1294968,-24
2026-09-11 19:38:57.137,1789166337.137189,-14
2026-09-11 19:38:57.144,1789166337.1448812,-7
2026-09-11 19:38:57.152,1789166337.1525736,-4
2026-09-11 19:38:57.160,1789166337.160266,0
2026-09-11 19:38:57.167,1789166337.1679583,4
2026-09-11 19:38:57.175,1789166337.1756506,7
2026-09-11 19:38:57.183,1789166337.183343,7
2026-09-11 19:38:57.191,1789166337.1910353,9
2026-09-11 19:38:57.198,1789166337.1987274,7
2026-09-11 19:38:57.206,1789166337.2064197,4
2026-09-11 19:38:57.214,1789166337.214112,4
2026-09-11 19:38:57.221,1789166337.2218044,4
2026-09-11 19:38:57.229,1789166337.2294967,4
2026-09-11 19:38:57.237,1789166337.237189,2
2026-09-11 19:38:57.244,1789166337.2448814,-4
2026-09-11 19:38:57.252,1789166337.2525737,-14
2026-09-11 19:38:57.260,1789166337.2602658,-12
2026-09-11 19:38:57.267,1789166337.2679582,-4
2026-09-11 19:38:57.275,1789166337.2756505,2
2026-09-11 19:38:57.283,1789166337.2833428,24
2026-09-11 19:38:57.291,1789166337.2910352,48
2026-09-11 19:38:57.298,1789166337.2987275,55
2026-09-11 19:38:57.306,1789166337.3064198,46
2026-09-11 19:38:57.314,1789166337.3141122,33
2026-09-11 19:38:57.321,1789166337.3218043,12
2026-09-11 19:38:57.329,1789166337.3294966,-4
2026-09-11 19:38:57.337,1789166337.337189,-7
2026-09-11 19:38:57.344,1789166337.3448813,-4
2026-09-11 19:38:57.352,1789166337.3525736,-7
2026-09-11 19:38:57.360,1789166337.360266,-12
2026-09-11 19:38:57.367,1789166337.3679583,-12
2026-09-11 19:38:57.375,1789166337.3756506,-16
2026-09-11 19:38:57.383,1789166337.3833427,-21
2026-09-11 19:38:57.391,1789166337.391035,2
2026-09-11 19:38:57.398,1789166337.3987274,113
2026-09-11 19:38:57.406,1789166337.4064198,324
2026-09-11 19:38:57.414,1789166337.414112,618
2026-09-11 19:38:57.421,1789166337.4218044,892
2026-09-11 19:38:57.429,1789166337.4294968,630
2026-09-11 19:38:57.437,1789166337.437189,-152
2026-09-11 19:38:57.444,1789166337.4448814,-419
2026-09-11 19:38:57.452,1789166337.4525735,-89
2026-09-11 19:38:57.460,1789166337.4602659,-19
2026-09-11 19:38:57.467,1789166337.4679582,-135
2026-09-11 19:38:57.475,1789166337.4750888,-77
2026-09-11 19:38:57.482,1789166337.4827812,-31
2026-09-11 19:38:57.490,1789166337.4904735,-75
2026-09-11 19:38:57.498,1789166337.4981658,-67
2026-09-11 19:38:57.505,1789166337.5058582,-31
2026-09-11 19:38:57.513,1789166337.5135503,-33
2026-09-11 19:38:57.521,1789166337.5212426,-33
2026-09-11 19:38:57.528,1789166337.528935,-16
2026-09-11 19:38:57.536,1789166337.5366273,-9
2026-09-11 19:38:57.544,1789166337.5443196,-7
2026-09-11 19:38:57.552,1789166337.552012,0
2026-09-11 19:38:57.559,1789166337.5597043,14
2026-09-11 19:38:57.567,1789166337.5673966,29
2026-09-11 19:38:57.575,1789166337.5750887,31
2026-09-11 19:38:57.582,1789166337.582781,33
2026-09-11 19:38:57.590,1789166337.5904734,46
2026-09-11 19:38:57.598,1789166337.5981658,55
2026-09-11 19:38:57.605,1789166337.605858,63
2026-09-11 19:38:57.613,1789166337.6135504,65
2026-09-11 19:38:57.621,1789166337.6212428,60
2026-09-11 19:38:57.628,1789166337.628935,55
2026-09-11 19:38:57.636,1789166337.6366272,53
2026-09-11 19:38:57.644,1789166337.6443195,55
2026-09-11 19:38:57.652,1789166337.6520119,48
2026-09-11 19:38:57.659,1789166337.6597042,21
2026-09-11 19:38:57.667,1789166337.6673965,0
2026-09-11 19:38:57.675,1789166337.675089,-12
2026-09-11 19:38:57.682,1789166337.6827812,-29
2026-09-11 19:38:57.690,1789166337.6904736,-55
2026-09-11 19:38:57.698,1789166337.6981657,-70
2026-09-11 19:38:57.705,1789166337.705858,-67
2026-09-11 19:38:57.713,1789166337.7135503,-60
2026-09-11 19:38:57.721,1789166337.7212427,-60
2026-09-11 19:38:57.728,1789166337.728935,-60
2026-09-11 19:38:57.736,1789166337.7366273,-50
2026-09-11 19:38:57.744,1789166337.7443197,-38
2026-09-11 19:38:57.752,1789166337.752012,-29
2026-09-11 19:38:57.759,1789166337.759704,-21
2026-09-11 19:38:57.767,1789166337.7673965,-21
2026-09-11 19:38:57.775,1789166337.7750888,-24
2026-09-11 19:38:57.782,1789166337.7827811,-26
2026-09-11 19:38:57.790,1789166337.7904735,-29
2026-09-11 19:38:57.798,1789166337.7981658,-29
2026-09-11 19:38:57.805,1789166337.8058581,-21
2026-09-11 19:38:57.813,1789166337.8135505,-24
2026-09-11 19:38:57.821,1789166337.8212426,-31
2026-09-11 19:38:57.828,1789166337.828935,-29
2026-09-11 19:38:57.836,1789166337.8366272,-16
2026-09-11 19:38:57.844,1789166337.8443196,-16
2026-09-11 19:38:57.852,1789166337.852012,-31
2026-09-11 19:38:57.859,1789166337.8597043,-38
2026-09-11 19:38:57.867,1789166337.8673966,-38
2026-09-11 19:38:57.875,1789166337.875089,-36
2026-09-11 19:38:57.882,1789166337.882781,-21
2026-09-11 19:38:57.890,1789166337.8904734,9
2026-09-11 19:38:57.898,1789166337.8981657,36
2026-09-11 19:38:57.905,1789166337.905858,36
2026-09-11 19:38:57.913,1789166337.9135504,14
2026-09-11 19:38:57.921,1789166337.9212427,-4
2026-09-11 19:38:57.928,1789166337.928935,-12
2026-09-11 19:38:57.936,1789166337.9366274,-19
2026-09-11 19:38:57.944,1789166337.9443195,-26
2026-09-11 19:38:57.952,1789166337.9520118,-29
2026-09-11 19:38:57.959,1789166337.9597042,-29
2026-09-11 19:38:57.967,1789166337.9673965,-29
2026-09-11 19:38:57.975,1789166337.9750888,-21
2026-09-11 19:38:57.982,1789166337.9827812,-16
2026-09-11 19:38:57.990,1789166337.9904735,-29
2026-09-11 19:38:57.998,1789166337.9981658,0
2026-09-11 19:38:58.005,1789166338.0058582,160
2026-09-11 19:38:58.013,1789166338.0135503,460
2026-09-11 19:38:58.021,1789166338.0212426,795
2026-09-11 19:38:58.028,1789166338.028935,848
2026-09-11 19:38:58.036,1789166338.036096,244
2026-09-11 19:38:58.043,1789166338.0437884,-470
2026-09-11 19:38:58.051,1789166338.0514808,-404
2026-09-11 19:38:58.059,1789166338.059173,-48
2026-09-11 19:38:58.066,1789166338.0668654,-75
2026-09-11 19:38:58.074,1789166338.0745575,-130
2026-09-11 19:38:58.082,1789166338.0822499,-43
2026-09-11 19:38:58.089,1789166338.0899422,-33
2026-09-11 19:38:58.097,1789166338.0976346,-53
2026-09-11 19:38:58.105,1789166338.105327,-26
2026-09-11 19:38:58.113,1789166338.1130192,-9
2026-09-11 19:38:58.120,1789166338.1207116,-4
2026-09-11 19:38:58.128,1789166338.128404,4
2026-09-11 19:38:58.136,1789166338.136096,7
2026-09-11 19:38:58.143,1789166338.1437883,14
2026-09-11 19:38:58.151,1789166338.1514807,38
2026-09-11 19:38:58.159,1789166338.159173,65
2026-09-11 19:38:58.166,1789166338.1668653,75
2026-09-11 19:38:58.174,1789166338.1745577,70
2026-09-11 19:38:58.182,1789166338.18225,82
2026-09-11 19:38:58.189,1789166338.1899424,106
2026-09-11 19:38:58.197,1789166338.1976345,113
2026-09-11 19:38:58.205,1789166338.2053268,121
2026-09-11 19:38:58.213,1789166338.2130191,140
2026-09-11 19:38:58.220,1789166338.2207115,143
2026-09-11 19:38:58.228,1789166338.2284038,133
2026-09-11 19:38:58.236,1789166338.2360961,140
2026-09-11 19:38:58.243,1789166338.2437885,145
2026-09-11 19:38:58.251,1789166338.2514808,126
2026-09-11 19:38:58.259,1789166338.259173,99
2026-09-11 19:38:58.266,1789166338.2668653,67
2026-09-11 19:38:58.274,1789166338.2745576,29
2026-09-11 19:38:58.282,1789166338.28225,-4
2026-09-11 19:38:58.289,1789166338.2899423,-21
2026-09-11 19:38:58.297,1789166338.2976346,-46
2026-09-11 19:38:58.305,1789166338.305327,-77
2026-09-11 19:38:58.313,1789166338.3130193,-80
2026-09-11 19:38:58.320,1789166338.3207114,-77
2026-09-11 19:38:58.328,1789166338.3284037,-84
2026-09-11 19:38:58.336,1789166338.336096,-77
2026-09-11 19:38:58.343,1789166338.3437884,-60
2026-09-11 19:38:58.351,1789166338.3514807,-46
2026-09-11 19:38:58.359,1789166338.359173,-31
2026-09-11 19:38:58.366,1789166338.3668654,-29
2026-09-11 19:38:58.374,1789166338.3745577,-29
2026-09-11 19:38:58.382,1789166338.3822498,-26
2026-09-11 19:38:58.389,1789166338.3899422,-21
2026-09-11 19:38:58.397,1789166338.3976345,-19
2026-09-11 19:38:58.405,1789166338.4053268,-24
2026-09-11 19:38:58.413,1789166338.4130192,-31
2026-09-11 19:38:58.420,1789166338.4207115,-24
2026-09-11 19:38:58.428,1789166338.4284039,-7
2026-09-11 19:38:58.436,1789166338.4360962,-9
2026-09-11 19:38:58.443,1789166338.4437883,-29
2026-09-11 19:38:58.451,1789166338.4514806,-43
2026-09-11 19:38:58.459,1789166338.459173,-50
2026-09-11 19:38:58.466,1789166338.4668653,-36
2026-09-11 19:38:58.474,1789166338.4745576,-12
2026-09-11 19:38:58.482,1789166338.48225,4
2026-09-11 19:38:58.489,1789166338.4899423,16
2026-09-11 19:38:58.497,1789166338.4976346,16
2026-09-11 19:38:58.505,1789166338.5053267,-2
2026-09-11 19:38:58.513,1789166338.513019,-21
2026-09-11 19:38:58.520,1789166338.5207114,-21
2026-09-11 19:38:58.528,1789166338.5284038,-26
2026-09-11 19:38:58.536,1789166338.536096,-38
2026-09-11 19:38:58.543,1789166338.5437884,-38
2026-09-11 19:38:58.551,1789166338.5514808,-29
2026-09-11 19:38:58.559,1789166338.559173,-24
2026-09-11 19:38:58.566,1789166338.5668654,-26
2026-09-11 19:38:58.574,1789166338.5745575,-29
2026-09-11 19:38:58.582,1789166338.5822499,-29
2026-09-11 19:38:58.589,1789166338.5899422,43
2026-09-11 19:38:58.597,1789166338.597073,274
2026-09-11 19:38:58.604,1789166338.6047654,628
2026-09-11 19:38:58.612,1789166338.6124578,899
2026-09-11 19:38:58.620,1789166338.62015,683
2026-09-11 19:38:58.627,1789166338.6278424,-104
2026-09-11 19:38:58.635,1789166338.6355345,-548
2026-09-11 19:38:58.643,1789166338.6432269,-230
2026-09-11 19:38:58.650,1789166338.6509192,-4
2026-09-11 19:38:58.658,1789166338.6586115,-106
2026-09-11 19:38:58.666,1789166338.6663039,-82
2026-09-11 19:38:58.673,1789166338.6739962,-4
2026-09-11 19:38:58.681,1789166338.6816885,-31
2026-09-11 19:38:58.689,1789166338.689381,-36
2026-09-11 19:38:58.697,1789166338.697073,-4
2026-09-11 19:38:58.704,1789166338.7047653,0
2026-09-11 19:38:58.712,1789166338.7124577,9
2026-09-11 19:38:58.720,1789166338.72015,31
2026-09-11 19:38:58.727,1789166338.7278423,36
2026-09-11 19:38:58.735,1789166338.7355347,41
2026-09-11 19:38:58.743,1789166338.743227,55
2026-09-11 19:38:58.750,1789166338.7509193,65
2026-09-11 19:38:58.758,1789166338.7586114,77
2026-09-11 19:38:58.766,1789166338.7663038,99
2026-09-11 19:38:58.773,1789166338.773996,116
2026-09-11 19:38:58.781,1789166338.7816885,121
2026-09-11 19:38:58.789,1789166338.7893808,126
2026-09-11 19:38:58.797,1789166338.7970731,138
2026-09-11 19:38:58.804,1789166338.8047655,143
2026-09-11 19:38:58.812,1789166338.8124578,135
2026-09-11 19:38:58.820,1789166338.82015,126
2026-09-11 19:38:58.827,1789166338.8278422,123
2026-09-11 19:38:58.835,1789166338.8355346,123
2026-09-11 19:38:58.843,1789166338.843227,111
2026-09-11 19:38:58.850,1789166338.8509192,82
2026-09-11 19:38:58.858,1789166338.8586116,50
2026-09-11 19:38:58.866,1789166338.866304,21
2026-09-11 19:38:58.873,1789166338.8739963,-7
2026-09-11 19:38:58.881,1789166338.8816884,-26
2026-09-11 19:38:58.889,1789166338.8893807,-41
2026-09-11 19:38:58.897,1789166338.897073,-50
2026-09-11 19:38:58.904,1789166338.9047654,-53
2026-09-11 19:38:58.912,1789166338.9124577,-48
2026-09-11 19:38:58.920,1789166338.92015,-46
2026-09-11 19:38:58.927,1789166338.9278424,-38
2026-09-11 19:38:58.935,1789166338.9355347,-29
2026-09-11 19:38:58.943,1789166338.9432268,-19
2026-09-11 19:38:58.950,1789166338.9509192,-16
2026-09-11 19:38:58.958,1789166338.9586115,-14
2026-09-11 19:38:58.966,1789166338.9663038,-7
2026-09-11 19:38:58.973,1789166338.9739962,2
2026-09-11 19:38:58.981,1789166338.9816885,4
2026-09-11 19:38:58.989,1789166338.9893808,-2
2026-09-11 19:38:58.997,1789166338.9970732,-4
2026-09-11 19:38:59.004,1789166339.0047653,0
2026-09-11 19:38:59.012,1789166339.0124576,2
2026-09-11 19:38:59.020,1789166339.02015,-2
2026-09-11 19:38:59.027,1789166339.0278423,-12
2026-09-11 19:38:59.035,1789166339.0355346,-16
2026-09-11 19:38:59.043,1789166339.043227,-14
2026-09-11 19:38:59.050,1789166339.0509193,-12
2026-09-11 19:38:59.058,1789166339.0586116,-9
2026-09-11 19:38:59.066,1789166339.0663037,9
2026-09-11 19:38:59.073,1789166339.073996,33
2026-09-11 19:38:59.081,1789166339.0816884,43
2026-09-11 19:38:59.089,1789166339.0893807,33
2026-09-11 19:38:59.097,1789166339.097073,16
2026-09-11 19:38:59.104,1789166339.1047654,2
2026-09-11 19:38:59.112,1789166339.1124578,-9
2026-09-11 19:38:59.120,1789166339.12015,-14
2026-09-11 19:38:59.127,1789166339.1278424,-14
2026-09-11 19:38:59.135,1789166339.1355345,-14
2026-09-11 19:38:59.143,1789166339.1432269,-9
2026-09-11 19:38:59.150,1789166339.1509192,-7
2026-09-11 19:38:59.158,1789166339.1580496,-12
2026-09-11 19:38:59.165,1789166339.165742,-14
2026-09-11 19:38:59.173,1789166339.1734343,16
2026-09-11 19:38:59.181,1789166339.1811266,150
2026-09-11 19:38:59.188,1789166339.188819,407
2026-09-11 19:38:59.196,1789166339.196511,727
2026-09-11 19:38:59.204,1789166339.2042034,936
2026-09-11 19:38:59.211,1789166339.2118957,557
2026-09-11 19:38:59.219,1789166339.219588,-240
2026-09-11 19:38:59.227,1789166339.2272804,-429
2026-09-11 19:38:59.234,1789166339.2349727,-65
2026-09-11 19:38:59.242,1789166339.242665,-12
2026-09-11 19:38:59.250,1789166339.2503574,-128
2026-09-11 19:38:59.258,1789166339.2580495,-63
2026-09-11 19:38:59.265,1789166339.2657418,-21
2026-09-11 19:38:59.273,1789166339.2734342,-58
2026-09-11 19:38:59.281,1789166339.2811265,-41
2026-09-11 19:38:59.288,1789166339.2888188,-12
2026-09-11 19:38:59.296,1789166339.2965112,-14
2026-09-11 19:38:59.304,1789166339.3042035,-9
2026-09-11 19:38:59.311,1789166339.3118958,4
2026-09-11 19:38:59.319,1789166339.319588,14
2026-09-11 19:38:59.327,1789166339.3272803,16
2026-09-11 19:38:59.334,1789166339.3349726,29
2026-09-11 19:38:59.342,1789166339.342665,41
2026-09-11 19:38:59.350,1789166339.3503573,50
2026-09-11 19:38:59.358,1789166339.3580496,60
2026-09-11 19:38:59.365,1789166339.365742,70
2026-09-11 19:38:59.373,1789166339.3734343,82
2026-09-11 19:38:59.381,1789166339.3811264,87
2026-09-11 19:38:59.388,1789166339.3888187,89
2026-09-11 19:38:59.396,1789166339.396511,92
2026-09-11 19:38:59.404,1789166339.4042034,89
2026-09-11 19:38:59.411,1789166339.4118958,80
2026-09-11 19:38:59.419,1789166339.419588,72
2026-09-11 19:38:59.427,1789166339.4272804,70
2026-09-11 19:38:59.434,1789166339.4349728,63
2026-09-11 19:38:59.442,1789166339.4426649,46
2026-09-11 19:38:59.450,1789166339.4503572,26
2026-09-11 19:38:59.458,1789166339.4580495,9
2026-09-11 19:38:59.465,1789166339.4657419,-4
2026-09-11 19:38:59.473,1789166339.4734342,-14
2026-09-11 19:38:59.481,1789166339.4811265,-24
2026-09-11 19:38:59.488,1789166339.488819,-29
2026-09-11 19:38:59.496,1789166339.4965112,-29
2026-09-11 19:38:59.504,1789166339.5042033,-26
2026-09-11 19:38:59.511,1789166339.5118957,-16
2026-09-11 19:38:59.519,1789166339.519588,-7
2026-09-11 19:38:59.527,1789166339.5272803,-2
2026-09-11 19:38:59.534,1789166339.5349727,4
2026-09-11 19:38:59.542,1789166339.542665,12
2026-09-11 19:38:59.550,1789166339.5503573,14
2026-09-11 19:38:59.558,1789166339.5580497,12
2026-09-11 19:38:59.565,1789166339.5657418,14
2026-09-11 19:38:59.573,1789166339.573434,19
2026-09-11 19:38:59.581,1789166339.5811265,19
2026-09-11 19:38:59.588,1789166339.5888188,14
2026-09-11 19:38:59.596,1789166339.5965111,12
2026-09-11 19:38:59.604,1789166339.6042035,14
2026-09-11 19:38:59.611,1789166339.6118958,12
2026-09-11 19:38:59.619,1789166339.6195881,4
2026-09-11 19:38:59.627,1789166339.6272802,-4
2026-09-11 19:38:59.634,1789166339.6349726,-9
2026-09-11 19:38:59.642,1789166339.642665,0
2026-09-11 19:38:59.650,1789166339.6503572,12
2026-09-11 19:38:59.658,1789166339.6580496,24
2026-09-11 19:38:59.665,1789166339.665742,46
2026-09-11 19:38:59.673,1789166339.6734343,63
2026-09-11 19:38:59.681,1789166339.6811266,63
2026-09-11 19:38:59.688,1789166339.688819,48
2026-09-11 19:38:59.696,1789166339.696511,31
2026-09-11 19:38:59.704,1789166339.7042034,12
2026-09-11 19:38:59.711,1789166339.7118957,2
2026-09-11 19:38:59.719,1789166339.7190266,4
2026-09-11 19:38:59.726,1789166339.726719,2
2026-09-11 19:38:59.734,1789166339.7344112,2
2026-09-11 19:38:59.742,1789166339.7421036,9
2026-09-11 19:38:59.749,1789166339.749796,9
2026-09-11 19:38:59.757,1789166339.757488,0
2026-09-11 19:38:59.765,1789166339.7651803,2
2026-09-11 19:38:59.772,1789166339.7728727,77
2026-09-11 19:38:59.780,1789166339.780565,264
2026-09-11 19:38:59.788,1789166339.7882574,535
2026-09-11 19:38:59.795,1789166339.7959497,870
2026-09-11 19:38:59.803,1789166339.803642,880
2026-09-11 19:38:59.811,1789166339.8113344,186
2026-09-11 19:38:59.819,1789166339.8190265,-407
2026-09-11 19:38:59.826,1789166339.8267188,-208
2026-09-11 19:38:59.834,1789166339.8344111,36
2026-09-11 19:38:59.842,1789166339.8421035,-75
2026-09-11 19:38:59.849,1789166339.8497958,-94
2026-09-11 19:38:59.857,1789166339.8574882,-12
2026-09-11 19:38:59.865,1789166339.8651805,-31
2026-09-11 19:38:59.872,1789166339.8728728,-46
2026-09-11 19:38:59.880,1789166339.880565,-9
2026-09-11 19:38:59.888,1789166339.8882573,-2
2026-09-11 19:38:59.895,1789166339.8959496,-4
2026-09-11 19:38:59.903,1789166339.903642,12
2026-09-11 19:38:59.911,1789166339.9113343,24
2026-09-11 19:38:59.919,1789166339.9190266,24
2026-09-11 19:38:59.926,1789166339.926719,33
2026-09-11 19:38:59.934,1789166339.9344113,46
2026-09-11 19:38:59.942,1789166339.9421034,53
2026-09-11 19:38:59.949,1789166339.9497957,60
2026-09-11 19:38:59.957,1789166339.957488,72
2026-09-11 19:38:59.965,1789166339.9651804,84
2026-09-11 19:38:59.972,1789166339.9728727,92
2026-09-11 19:38:59.980,1789166339.980565,99
2026-09-11 19:38:59.988,1789166339.9882574,99
2026-09-11 19:38:59.995,1789166339.9959497,97
2026-09-11 19:39:00.003,1789166340.0036418,94
2026-09-11 19:39:00.011,1789166340.0113342,89
2026-09-11 19:39:00.019,1789166340.0190265,84
2026-09-11 19:39:00.026,1789166340.0267189,77
2026-09-11 19:39:00.034,1789166340.0344112,70
2026-09-11 19:39:00.042,1789166340.0421035,55
2026-09-11 19:39:00.049,1789166340.0497959,36
2026-09-11 19:39:00.057,1789166340.0574882,19
2026-09-11 19:39:00.065,1789166340.0651803,7
2026-09-11 19:39:00.072,1789166340.0728726,-2
2026-09-11 19:39:00.080,1789166340.080565,-4
2026-09-11 19:39:00.088,1789166340.0882573,-4
2026-09-11 19:39:00.095,1789166340.0959496,-7
2026-09-11 19:39:00.103,1789166340.103642,-2
2026-09-11 19:39:00.111,1789166340.1113343,7
2026-09-11 19:39:00.119,1789166340.1190267,14
2026-09-11 19:39:00.126,1789166340.1267188,21
2026-09-11 19:39:00.134,1789166340.134411,26
2026-09-11 19:39:00.142,1789166340.1421034,31
2026-09-11 19:39:00.149,1789166340.1497958,33
2026-09-11 19:39:00.157,1789166340.157488,36
2026-09-11 19:39:00.165,1789166340.1651804,36
2026-09-11 19:39:00.172,1789166340.1728728,36
2026-09-11 19:39:00.180,1789166340.180565,38
2026-09-11 19:39:00.188,1789166340.1882572,38
2026-09-11 19:39:00.195,1789166340.1959496,38
2026-09-11 19:39:00.203,1789166340.203642,38
2026-09-11 19:39:00.211,1789166340.2113342,36
2026-09-11 19:39:00.219,1789166340.2190266,36
2026-09-11 19:39:00.226,1789166340.226719,31
2026-09-11 19:39:00.234,1789166340.2344112,24
2026-09-11 19:39:00.242,1789166340.2421036,16
2026-09-11 19:39:00.249,1789166340.249796,26
2026-09-11 19:39:00.257,1789166340.257488,36
2026-09-11 19:39:00.265,1789166340.2651803,48
2026-09-11 19:39:00.272,1789166340.2728727,75
2026-09-11 19:39:00.280,1789166340.2800338,97
2026-09-11 19:39:00.287,1789166340.2877262,94
2026-09-11 19:39:00.295,1789166340.2954185,80
2026-09-11 19:39:00.303,1789166340.3031108,65
2026-09-11 19:39:00.310,1789166340.3108032,46
2026-09-11 19:39:00.318,1789166340.3184953,29
2026-09-11 19:39:00.326,1789166340.3261876,29
2026-09-11 19:39:00.333,1789166340.33388,33
2026-09-11 19:39:00.341,1789166340.3415723,33
2026-09-11 19:39:00.349,1789166340.3492646,31
2026-09-11 19:39:00.356,1789166340.356957,33
2026-09-11 19:39:00.364,1789166340.3646493,31
2026-09-11 19:39:00.372,1789166340.3723416,31
2026-09-11 19:39:00.380,1789166340.3800337,77
2026-09-11 19:39:00.387,1789166340.387726,230
2026-09-11 19:39:00.395,1789166340.3954184,468
2026-09-11 19:39:00.403,1789166340.4031107,778
2026-09-11 19:39:00.410,1789166340.410803,865
2026-09-11 19:39:00.418,1789166340.4184954,298
2026-09-11 19:39:00.426,1789166340.4261878,-332
2026-09-11 19:39:00.433,1789166340.43388,-230
2026-09-11 19:39:00.441,1789166340.4415722,53
2026-09-11 19:39:00.449,1789166340.4492645,-12
2026-09-11 19:39:00.456,1789166340.4569569,-60
2026-09-11 19:39:00.464,1789166340.4646492,9
2026-09-11 19:39:00.472,1789166340.4723415,4
2026-09-11 19:39:00.480,1789166340.4800339,-12
2026-09-11 19:39:00.487,1789166340.4877262,24
2026-09-11 19:39:00.495,1789166340.4954185,43
2026-09-11 19:39:00.503,1789166340.5031106,36
2026-09-11 19:39:00.510,1789166340.510803,41
2026-09-11 19:39:00.518,1789166340.5184953,48
2026-09-11 19:39:00.526,1789166340.5261877,50
2026-09-11 19:39:00.533,1789166340.53388,60
2026-09-11 19:39:00.541,1789166340.5415723,70
2026-09-11 19:39:00.549,1789166340.5492647,75
2026-09-11 19:39:00.556,1789166340.556957,87
2026-09-11 19:39:00.564,1789166340.564649,99
2026-09-11 19:39:00.572,1789166340.5723414,104
2026-09-11 19:39:00.580,1789166340.5800338,101
2026-09-11 19:39:00.587,1789166340.587726,109
2026-09-11 19:39:00.595,1789166340.5954185,118
2026-09-11 19:39:00.603,1789166340.6031108,116
2026-09-11 19:39:00.610,1789166340.6108031,118
2026-09-11 19:39:00.618,1789166340.6184955,123
2026-09-11 19:39:00.626,1789166340.6261876,116
2026-09-11 19:39:00.633,1789166340.63388,99
2026-09-11 19:39:00.641,1789166340.6415722,87
2026-09-11 19:39:00.649,1789166340.6492646,77
2026-09-11 19:39:00.656,1789166340.656957,50
2026-09-11 19:39:00.664,1789166340.6646492,21
2026-09-11 19:39:00.672,1789166340.6723416,2
2026-09-11 19:39:00.680,1789166340.680034,-9
2026-09-11 19:39:00.687,1789166340.687726,-16
2026-09-11 19:39:00.695,1789166340.6954184,-19
2026-09-11 19:39:00.703,1789166340.7031107,-21
2026-09-11 19:39:00.710,1789166340.710803,-16
2026-09-11 19:39:00.718,1789166340.7184954,-7
2026-09-11 19:39:00.726,1789166340.7261877,4
2026-09-11 19:39:00.733,1789166340.73388,4
2026-09-11 19:39:00.741,1789166340.7415724,9
2026-09-11 19:39:00.749,1789166340.7492645,21
2026-09-11 19:39:00.756,1789166340.7569568,24
2026-09-11 19:39:00.764,1789166340.7646492,12
2026-09-11 19:39:00.772,1789166340.7723415,7
2026-09-11 19:39:00.780,1789166340.7800338,9
2026-09-11 19:39:00.787,1789166340.7877262,7
2026-09-11 19:39:00.795,1789166340.7954185,4
2026-09-11 19:39:00.803,1789166340.8031108,12
2026-09-11 19:39:00.810,1789166340.8108032,16
2026-09-11 19:39:00.818,1789166340.8184953,7
2026-09-11 19:39:00.826,1789166340.8261876,4
2026-09-11 19:39:00.833,1789166340.83388,4
2026-09-11 19:39:00.841,1789166340.8410106,2
2026-09-11 19:39:00.848,1789166340.848703,0
2026-09-11 19:39:00.856,1789166340.8563952,2
2026-09-11 19:39:00.864,1789166340.8640876,19
2026-09-11 19:39:00.871,1789166340.87178,46
2026-09-11 19:39:00.879,1789166340.879472,58
2026-09-11 19:39:00.887,1789166340.8871644,53
2026-09-11 19:39:00.894,1789166340.8948567,50
2026-09-11 19:39:00.902,1789166340.902549,31
2026-09-11 19:39:00.910,1789166340.9102414,2
2026-09-11 19:39:00.917,1789166340.9179337,-2
2026-09-11 19:39:00.925,1789166340.925626,2
2026-09-11 19:39:00.933,1789166340.9333184,-4
2026-09-11 19:39:00.941,1789166340.9410105,-4
2026-09-11 19:39:00.948,1789166340.9487028,7
2026-09-11 19:39:00.956,1789166340.9563951,12
2026-09-11 19:39:00.964,1789166340.9640875,0
2026-09-11 19:39:00.971,1789166340.9717798,-12
2026-09-11 19:39:00.979,1789166340.9794722,29
2026-09-11 19:39:00.987,1789166340.9871645,213
2026-09-11 19:39:00.994,1789166340.9948568,526
2026-09-11 19:39:01.002,1789166341.002549,836
2026-09-11 19:39:01.010,1789166341.0102413,829
2026-09-11 19:39:01.017,1789166341.0179336,186
2026-09-11 19:39:01.025,1789166341.025626,-475
2026-09-11 19:39:01.033,1789166341.0333183,-349
2026-09-11 19:39:01.041,1789166341.0410106,-7
2026-09-11 19:39:01.048,1789166341.048703,-55
2026-09-11 19:39:01.056,1789166341.0563953,-99
2026-09-11 19:39:01.064,1789166341.0640874,-7
2026-09-11 19:39:01.071,1789166341.0717797,-9
2026-09-11 19:39:01.079,1789166341.079472,-36
2026-09-11 19:39:01.087,1789166341.0871644,-2
2026-09-11 19:39:01.094,1789166341.0948567,14
2026-09-11 19:39:01.102,1789166341.102549,7
2026-09-11 19:39:01.110,1789166341.1102414,16
2026-09-11 19:39:01.117,1789166341.1179338,36
2026-09-11 19:39:01.125,1789166341.1256258,43
2026-09-11 19:39:01.133,1789166341.1333182,43
2026-09-11 19:39:01.141,1789166341.1410105,55
2026-09-11 19:39:01.148,1789166341.1487029,75
2026-09-11 19:39:01.156,1789166341.1563952,84
2026-09-11 19:39:01.164,1789166341.1640875,99
2026-09-11 19:39:01.171,1789166341.1717799,126
2026-09-11 19:39:01.179,1789166341.1794722,138
2026-09-11 19:39:01.187,1789166341.1871643,138
2026-09-11 19:39:01.194,1789166341.1948566,145
2026-09-11 19:39:01.202,1789166341.202549,155
2026-09-11 19:39:01.210,1789166341.2102413,145
2026-09-11 19:39:01.217,1789166341.2179337,143
2026-09-11 19:39:01.225,1789166341.225626,147
2026-09-11 19:39:01.233,1789166341.2333183,140
2026-09-11 19:39:01.241,1789166341.2410107,118
2026-09-11 19:39:01.248,1789166341.2487028,80
2026-09-11 19:39:01.256,1789166341.256395,43
2026-09-11 19:39:01.264,1789166341.2640874,14
2026-09-11 19:39:01.271,1789166341.2717798,-21
2026-09-11 19:39:01.279,1789166341.279472,-63
2026-09-11 19:39:01.287,1789166341.2871644,-75
2026-09-11 19:39:01.294,1789166341.2948568,-70
2026-09-11 19:39:01.302,1789166341.3025491,-72
2026-09-11 19:39:01.310,1789166341.3102412,-67
2026-09-11 19:39:01.317,1789166341.3179336,-48
2026-09-11 19:39:01.325,1789166341.325626,-43
2026-09-11 19:39:01.333,1789166341.3333182,-46
2026-09-11 19:39:01.341,1789166341.3410106,-43
2026-09-11 19:39:01.348,1789166341.348703,-29
2026-09-11 19:39:01.356,1789166341.3563952,-12
2026-09-11 19:39:01.364,1789166341.3640876,-2
2026-09-11 19:39:01.371,1789166341.37178,-16
2026-09-11 19:39:01.379,1789166341.379472,-26
2026-09-11 19:39:01.387,1789166341.3871644,-7
2026-09-11 19:39:01.394,1789166341.3948567,-7
2026-09-11 19:39:01.401,1789166341.4019876,-31
2026-09-11 19:39:01.409,1789166341.40968,-21
2026-09-11 19:39:01.417,1789166341.4173722,-9
2026-09-11 19:39:01.425,1789166341.4250646,-31
2026-09-11 19:39:01.432,1789166341.432757,-36
2026-09-11 19:39:01.440,1789166341.440449,-7
2026-09-11 19:39:01.448,1789166341.4481413,7
2026-09-11 19:39:01.455,1789166341.4558337,12
2026-09-11 19:39:01.463,1789166341.463526,24
2026-09-11 19:39:01.471,1789166341.4712183,26
2026-09-11 19:39:01.478,1789166341.4789107,0
2026-09-11 19:39:01.486,1789166341.486603,-19
2026-09-11 19:39:01.494,1789166341.4942954,-21
2026-09-11 19:39:01.501,1789166341.5019875,-26
2026-09-11 19:39:01.509,1789166341.5096798,-36
2026-09-11 19:39:01.517,1789166341.5173721,-29
2026-09-11 19:39:01.525,1789166341.5250645,-12
2026-09-11 19:39:01.532,1789166341.5327568,-9
2026-09-11 19:39:01.540,1789166341.5404491,-29
2026-09-11 19:39:01.548,1789166341.5481415,-43
2026-09-11 19:39:01.555,1789166341.5558338,-16
2026-09-11 19:39:01.563,1789166341.563526,89
2026-09-11 19:39:01.571,1789166341.5712183,351
2026-09-11 19:39:01.578,1789166341.5789106,725
2026-09-11 19:39:01.586,1789166341.586603,928
2026-09-11 19:39:01.594,1789166341.5942953,523
2026-09-11 19:39:01.601,1789166341.6019876,-298
2026-09-11 19:39:01.609,1789166341.60968,-516
2026-09-11 19:39:01.617,1789166341.6173723,-121
2026-09-11 19:39:01.625,1789166341.6250644,-14
2026-09-11 19:39:01.632,1789166341.6327567,-126
2026-09-11 19:39:01.640,1789166341.640449,-63
2026-09-11 19:39:01.648,1789166341.6481414,-14
2026-09-11 19:39:01.655,1789166341.6558337,-55
2026-09-11 19:39:01.663,1789166341.663526,-43
2026-09-11 19:39:01.671,1789166341.6712184,-4
2026-09-11 19:39:01.678,1789166341.6789107,-7
2026-09-11 19:39:01.686,1789166341.6866028,-2
2026-09-11 19:39:01.694,1789166341.6942952,19
2026-09-11 19:39:01.701,1789166341.7019875,31
2026-09-11 19:39:01.709,1789166341.7096798,31
2026-09-11 19:39:01.717,1789166341.7173722,46
2026-09-11 19:39:01.725,1789166341.7250645,72
2026-09-11 19:39:01.732,1789166341.7327569,87
2026-09-11 19:39:01.740,1789166341.7404492,94
2026-09-11 19:39:01.748,1789166341.7481413,109
2026-09-11 19:39:01.755,1789166341.7558336,121
2026-09-11 19:39:01.763,1789166341.763526,130
2026-09-11 19:39:01.771,1789166341.7712183,140
2026-09-11 19:39:01.778,1789166341.7789106,140
2026-09-11 19:39:01.786,1789166341.786603,138
2026-09-11 19:39:01.794,1789166341.7942953,135
2026-09-11 19:39:01.801,1789166341.8019876,128
2026-09-11 19:39:01.809,1789166341.8096797,116
2026-09-11 19:39:01.817,1789166341.817372,97
2026-09-11 19:39:01.825,1789166341.8250644,72
2026-09-11 19:39:01.832,1789166341.8327568,38
2026-09-11 19:39:01.840,1789166341.840449,4
2026-09-11 19:39:01.848,1789166341.8481414,-21
2026-09-11 19:39:01.855,1789166341.8558338,-41
2026-09-11 19:39:01.863,1789166341.863526,-55
2026-09-11 19:39:01.871,1789166341.8712182,-60
2026-09-11 19:39:01.878,1789166341.8789105,-60
2026-09-11 19:39:01.886,1789166341.8866029,-63
2026-09-11 19:39:01.894,1789166341.8942952,-60
2026-09-11 19:39:01.901,1789166341.9019876,-46
2026-09-11 19:39:01.909,1789166341.90968,-33
2026-09-11 19:39:01.917,1789166341.9173722,-31
2026-09-11 19:39:01.925,1789166341.9250646,-26
2026-09-11 19:39:01.932,1789166341.932757,-19
2026-09-11 19:39:01.940,1789166341.940449,-16
2026-09-11 19:39:01.948,1789166341.9481413,-12
2026-09-11 19:39:01.955,1789166341.9558337,-4
2026-09-11 19:39:01.962,1789166341.9629948,-9
2026-09-11 19:39:01.970,1789166341.9706872,-14
2026-09-11 19:39:01.978,1789166341.9783795,-7
2026-09-11 19:39:01.986,1789166341.9860718,-9
2026-09-11 19:39:01.993,1789166341.9937642,-24
2026-09-11 19:39:02.001,1789166342.0014563,-24
2026-09-11 19:39:02.009,1789166342.0091486,-21
2026-09-11 19:39:02.016,1789166342.016841,-19
2026-09-11 19:39:02.024,1789166342.0245333,-4
2026-09-11 19:39:02.032,1789166342.0322256,14
2026-09-11 19:39:02.039,1789166342.039918,26
2026-09-11 19:39:02.047,1789166342.0476103,26
2026-09-11 19:39:02.055,1789166342.0553026,14
2026-09-11 19:39:02.062,1789166342.0629947,-4
2026-09-11 19:39:02.070,1789166342.070687,-21
2026-09-11 19:39:02.078,1789166342.0783794,-29
2026-09-11 19:39:02.086,1789166342.0860717,-33
2026-09-11 19:39:02.093,1789166342.093764,-38
2026-09-11 19:39:02.101,1789166342.1014564,-33
2026-09-11 19:39:02.109,1789166342.1091487,-24
2026-09-11 19:39:02.116,1789166342.116841,-19
2026-09-11 19:39:02.124,1789166342.1245332,-31
2026-09-11 19:39:02.132,1789166342.1322255,-31
2026-09-11 19:39:02.139,1789166342.1399179,53
2026-09-11 19:39:02.147,1789166342.1476102,271
2026-09-11 19:39:02.155,1789166342.1553025,582
2026-09-11 19:39:02.162,1789166342.1629949,870
2026-09-11 19:39:02.170,1789166342.1706872,734
2026-09-11 19:39:02.178,1789166342.1783795,-21
2026-09-11 19:39:02.186,1789166342.1860716,-497
2026-09-11 19:39:02.193,1789166342.193764,-208
2026-09-11 19:39:02.201,1789166342.2014563,0
2026-09-11 19:39:02.209,1789166342.2091486,-123
2026-09-11 19:39:02.216,1789166342.216841,-111
2026-09-11 19:39:02.224,1789166342.2245333,-31
2026-09-11 19:39:02.232,1789166342.2322257,-58
2026-09-11 19:39:02.239,1789166342.239918,-67
2026-09-11 19:39:02.247,1789166342.24761,-31
2026-09-11 19:39:02.255,1789166342.2553024,-26
2026-09-11 19:39:02.262,1789166342.2629948,-21
2026-09-11 19:39:02.270,1789166342.270687,-4
2026-09-11 19:39:02.278,1789166342.2783794,0
2026-09-11 19:39:02.286,1789166342.2860718,4
2026-09-11 19:39:02.293,1789166342.293764,14
2026-09-11 19:39:02.301,1789166342.3014565,24
2026-09-11 19:39:02.309,1789166342.3091486,33
2026-09-11 19:39:02.316,1789166342.316841,46
2026-09-11 19:39:02.324,1789166342.3245332,58
2026-09-11 19:39:02.332,1789166342.3322256,67
2026-09-11 19:39:02.339,1789166342.339918,75
2026-09-11 19:39:02.347,1789166342.3476102,82
2026-09-11 19:39:02.355,1789166342.3553026,87
2026-09-11 19:39:02.362,1789166342.362995,87
2026-09-11 19:39:02.370,1789166342.370687,80
2026-09-11 19:39:02.378,1789166342.3783793,72
2026-09-11 19:39:02.386,1789166342.3860717,65
2026-09-11 19:39:02.393,1789166342.393764,55
2026-09-11 19:39:02.401,1789166342.4014564,38
2026-09-11 19:39:02.409,1789166342.4091487,14
2026-09-11 19:39:02.416,1789166342.416841,-7
2026-09-11 19:39:02.424,1789166342.4245334,-29
2026-09-11 19:39:02.432,1789166342.4322255,-43
2026-09-11 19:39:02.439,1789166342.4399178,-50
2026-09-11 19:39:02.447,1789166342.4476101,-55
2026-09-11 19:39:02.455,1789166342.4553025,-58
2026-09-11 19:39:02.462,1789166342.4629948,-58
2026-09-11 19:39:02.470,1789166342.4706872,-50
2026-09-11 19:39:02.478,1789166342.4783795,-41
2026-09-11 19:39:02.486,1789166342.4860718,-31
2026-09-11 19:39:02.493,1789166342.4937642,-21
2026-09-11 19:39:02.501,1789166342.5014563,-16
2026-09-11 19:39:02.509,1789166342.5091486,-12
2026-09-11 19:39:02.516,1789166342.516841,-9
2026-09-11 19:39:02.523,1789166342.5239716,-9
2026-09-11 19:39:02.531,1789166342.531664,-7
2026-09-11 19:39:02.539,1789166342.5393562,-4
2026-09-11 19:39:02.547,1789166342.5470486,-4
2026-09-11 19:39:02.554,1789166342.554741,-9
2026-09-11 19:39:02.562,1789166342.562433,-12
2026-09-11 19:39:02.570,1789166342.5701253,-21
2026-09-11 19:39:02.577,1789166342.5778177,-24
2026-09-11 19:39:02.585,1789166342.58551,-19
2026-09-11 19:39:02.593,1789166342.5932024,-14
2026-09-11 19:39:02.600,1789166342.6008947,-4
2026-09-11 19:39:02.608,1789166342.608587,19
2026-09-11 19:39:02.616,1789166342.6162794,36
2026-09-11 19:39:02.623,1789166342.6239715,36
2026-09-11 19:39:02.631,1789166342.6316638,26
2026-09-11 19:39:02.639,1789166342.6393561,12
2026-09-11 19:39:02.647,1789166342.6470485,-7
2026-09-11 19:39:02.654,1789166342.6547408,-19
2026-09-11 19:39:02.662,1789166342.6624331,-19
2026-09-11 19:39:02.670,1789166342.6701255,-21
2026-09-11 19:39:02.677,1789166342.6778178,-21
2026-09-11 19:39:02.685,1789166342.68551,-14
2026-09-11 19:39:02.693,1789166342.6932023,-12
2026-09-11 19:39:02.700,1789166342.7008946,-16
2026-09-11 19:39:02.708,1789166342.708587,-21
2026-09-11 19:39:02.716,1789166342.7162793,16
2026-09-11 19:39:02.723,1789166342.7239716,164
2026-09-11 19:39:02.731,1789166342.731664,421
2026-09-11 19:39:02.739,1789166342.7393563,766
2026-09-11 19:39:02.747,1789166342.7470484,948
2026-09-11 19:39:02.754,1789166342.7547407,446
2026-09-11 19:39:02.762,1789166342.762433,-329
2026-09-11 19:39:02.770,1789166342.7701254,-366
2026-09-11 19:39:02.777,1789166342.7778177,-21
2026-09-11 19:39:02.785,1789166342.78551,-50
2026-09-11 19:39:02.793,1789166342.7932024,-145
2026-09-11 19:39:02.800,1789166342.8008947,-58
2026-09-11 19:39:02.808,1789166342.8085868,-36
2026-09-11 19:39:02.816,1789166342.8162792,-72
2026-09-11 19:39:02.823,1789166342.8239715,-46
2026-09-11 19:39:02.831,1789166342.8316638,-24
2026-09-11 19:39:02.839,1789166342.8393562,-31
2026-09-11 19:39:02.847,1789166342.8470485,-21
2026-09-11 19:39:02.854,1789166342.8547409,-4
2026-09-11 19:39:02.862,1789166342.8624332,-4
2026-09-11 19:39:02.870,1789166342.8701253,0
2026-09-11 19:39:02.877,1789166342.8778176,14
2026-09-11 19:39:02.885,1789166342.88551,26
2026-09-11 19:39:02.893,1789166342.8932023,33
2026-09-11 19:39:02.900,1789166342.9008946,43
2026-09-11 19:39:02.908,1789166342.908587,50
2026-09-11 19:39:02.916,1789166342.9162793,60
2026-09-11 19:39:02.923,1789166342.9239717,65
2026-09-11 19:39:02.931,1789166342.9316638,67
2026-09-11 19:39:02.939,1789166342.939356,67
2026-09-11 19:39:02.947,1789166342.9470484,65
2026-09-11 19:39:02.954,1789166342.9547408,55
2026-09-11 19:39:02.962,1789166342.962433,50
2026-09-11 19:39:02.970,1789166342.9701254,43
2026-09-11 19:39:02.977,1789166342.9778178,33
2026-09-11 19:39:02.985,1789166342.98551,19
2026-09-11 19:39:02.993,1789166342.9932022,7
2026-09-11 19:39:03.000,1789166343.0008945,-12
2026-09-11 19:39:03.008,1789166343.008587,-31
2026-09-11 19:39:03.016,1789166343.0162792,-38
2026-09-11 19:39:03.023,1789166343.0239716,-46
2026-09-11 19:39:03.031,1789166343.031664,-48
2026-09-11 19:39:03.039,1789166343.0393562,-48
2026-09-11 19:39:03.047,1789166343.0470486,-41
2026-09-11 19:39:03.054,1789166343.054741,-33
2026-09-11 19:39:03.062,1789166343.062433,-24
2026-09-11 19:39:03.070,1789166343.0701253,-19
2026-09-11 19:39:03.077,1789166343.0778177,-16
2026-09-11 19:39:03.084,1789166343.0849483,-9
2026-09-11 19:39:03.092,1789166343.0926406,-2
2026-09-11 19:39:03.100,1789166343.100333,-4
2026-09-11 19:39:03.108,1789166343.1080253,-4
2026-09-11 19:39:03.115,1789166343.1157176,-2
2026-09-11 19:39:03.123,1789166343.1234097,-4
2026-09-11 19:39:03.131,1789166343.131102,-7
2026-09-11 19:39:03.138,1789166343.1387944,-4
2026-09-11 19:39:03.146,1789166343.1464868,-4
2026-09-11 19:39:03.154,1789166343.154179,-12
2026-09-11 19:39:03.161,1789166343.1618714,-19
2026-09-11 19:39:03.169,1789166343.1695638,-21
2026-09-11 19:39:03.177,1789166343.177256,-16
2026-09-11 19:39:03.184,1789166343.1849482,-12
2026-09-11 19:39:03.192,1789166343.1926405,2
2026-09-11 19:39:03.200,1789166343.2003329,29
2026-09-11 19:39:03.208,1789166343.2080252,46
2026-09-11 19:39:03.215,1789166343.2157176,41
2026-09-11 19:39:03.223,1789166343.22341,26
2026-09-11 19:39:03.231,1789166343.2311022,12
2026-09-11 19:39:03.238,1789166343.2387946,-7
2026-09-11 19:39:03.246,1789166343.2464867,-19
2026-09-11 19:39:03.254,1789166343.254179,-21
2026-09-11 19:39:03.261,1789166343.2618713,-19
2026-09-11 19:39:03.269,1789166343.2695637,-19
2026-09-11 19:39:03.277,1789166343.277256,-14
2026-09-11 19:39:03.284,1789166343.2849483,-14
2026-09-11 19:39:03.292,1789166343.2926407,-19
2026-09-11 19:39:03.300,1789166343.300333,-24
2026-09-11 19:39:03.308,1789166343.3080251,24
2026-09-11 19:39:03.315,1789166343.3157175,177
2026-09-11 19:39:03.323,1789166343.3234098,429
2026-09-11 19:39:03.331,1789166343.3311021,778
2026-09-11 19:39:03.338,1789166343.3387945,897
2026-09-11 19:39:03.346,1789166343.3464868,305
2026-09-11 19:39:03.354,1789166343.3541791,-390
2026-09-11 19:39:03.361,1789166343.3618715,-307
2026-09-11 19:39:03.369,1789166343.3695636,4
2026-09-11 19:39:03.377,1789166343.377256,-58
2026-09-11 19:39:03.384,1789166343.3849483,-123
2026-09-11 19:39:03.392,1789166343.3926406,-48
2026-09-11 19:39:03.400,1789166343.400333,-50
2026-09-11 19:39:03.408,1789166343.4080253,-80
2026-09-11 19:39:03.415,1789166343.4157176,-48
2026-09-11 19:39:03.423,1789166343.42341,-29
2026-09-11 19:39:03.431,1789166343.431102,-31
2026-09-11 19:39:03.438,1789166343.4387944,-19
2026-09-11 19:39:03.446,1789166343.4464867,-9
2026-09-11 19:39:03.454,1789166343.454179,-14
2026-09-11 19:39:03.461,1789166343.4618714,-7
2026-09-11 19:39:03.469,1789166343.4695637,14
2026-09-11 19:39:03.477,1789166343.477256,24
2026-09-11 19:39:03.484,1789166343.4849484,24
2026-09-11 19:39:03.492,1789166343.4926405,36
2026-09-11 19:39:03.500,1789166343.5003328,48
2026-09-11 19:39:03.508,1789166343.5080252,53
2026-09-11 19:39:03.515,1789166343.5157175,46
2026-09-11 19:39:03.523,1789166343.5234098,48
2026-09-11 19:39:03.531,1789166343.5311022,58
2026-09-11 19:39:03.538,1789166343.5387945,55
2026-09-11 19:39:03.546,1789166343.5464869,41
2026-09-11 19:39:03.554,1789166343.554179,38
2026-09-11 19:39:03.561,1789166343.5618713,43
2026-09-11 19:39:03.569,1789166343.5695636,29
2026-09-11 19:39:03.577,1789166343.577256,4
2026-09-11 19:39:03.584,1789166343.5849483,-14
2026-09-11 19:39:03.592,1789166343.5926406,-38
2026-09-11 19:39:03.600,1789166343.600333,-63
2026-09-11 19:39:03.608,1789166343.6080253,-75
2026-09-11 19:39:03.615,1789166343.6157176,-77
2026-09-11 19:39:03.623,1789166343.6234097,-87
2026-09-11 19:39:03.631,1789166343.631102,-92
2026-09-11 19:39:03.638,1789166343.6387944,-80
2026-09-11 19:39:03.645,1789166343.6459253,-55
2026-09-11 19:39:03.653,1789166343.6536176,-41
2026-09-11 19:39:03.661,1789166343.66131,-43
2026-09-11 19:39:03.669,1789166343.6690023,-48
2026-09-11 19:39:03.676,1789166343.6766946,-41
2026-09-11 19:39:03.684,1789166343.6843867,-31
2026-09-11 19:39:03.692,1789166343.692079,-36
2026-09-11 19:39:03.699,1789166343.6997714,-41
2026-09-11 19:39:03.707,1789166343.7074637,-29
2026-09-11 19:39:03.715,1789166343.715156,-26
2026-09-11 19:39:03.722,1789166343.7228484,-31
2026-09-11 19:39:03.730,1789166343.7305408,-24
2026-09-11 19:39:03.738,1789166343.738233,-21
2026-09-11 19:39:03.745,1789166343.7459252,-38
2026-09-11 19:39:03.753,1789166343.7536175,-53
2026-09-11 19:39:03.761,1789166343.7613099,-55
2026-09-11 19:39:03.769,1789166343.7690022,-48
2026-09-11 19:39:03.776,1789166343.7766945,-31
2026-09-11 19:39:03.784,1789166343.7843869,-19
2026-09-11 19:39:03.792,1789166343.7920792,-4
2026-09-11 19:39:03.799,1789166343.7997715,21
2026-09-11 19:39:03.807,1789166343.8074636,31
2026-09-11 19:39:03.815,1789166343.815156,16
2026-09-11 19:39:03.822,1789166343.8228483,7
2026-09-11 19:39:03.830,1789166343.8305407,-12
2026-09-11 19:39:03.838,1789166343.838233,-41
2026-09-11 19:39:03.845,1789166343.8459253,-53
2026-09-11 19:39:03.853,1789166343.8536177,-43
2026-09-11 19:39:03.861,1789166343.86131,-36
2026-09-11 19:39:03.869,1789166343.869002,-33
2026-09-11 19:39:03.876,1789166343.8766944,-26
2026-09-11 19:39:03.884,1789166343.8843868,-31
2026-09-11 19:39:03.892,1789166343.892079,-48
2026-09-11 19:39:03.899,1789166343.8997715,-29
2026-09-11 19:39:03.907,1789166343.9074638,87
2026-09-11 19:39:03.915,1789166343.9151561,354
2026-09-11 19:39:03.922,1789166343.9228485,696
2026-09-11 19:39:03.930,1789166343.9305406,885
2026-09-11 19:39:03.938,1789166343.938233,509
2026-09-11 19:39:03.945,1789166343.9459252,-286
2026-09-11 19:39:03.953,1789166343.9536176,-526
2026-09-11 19:39:03.961,1789166343.96131,-147
2026-09-11 19:39:03.969,1789166343.9690022,-36
2026-09-11 19:39:03.976,1789166343.9766946,-143
2026-09-11 19:39:03.984,1789166343.984387,-77
2026-09-11 19:39:03.992,1789166343.992079,-29
2026-09-11 19:39:03.999,1789166343.9997714,-70
2026-09-11 19:39:04.007,1789166344.0074637,-50
2026-09-11 19:39:04.015,1789166344.015156,-16
2026-09-11 19:39:04.022,1789166344.0228484,-26
2026-09-11 19:39:04.030,1789166344.0305407,-19
2026-09-11 19:39:04.038,1789166344.038233,2
2026-09-11 19:39:04.045,1789166344.0459254,4
2026-09-11 19:39:04.053,1789166344.0536175,16
2026-09-11 19:39:04.061,1789166344.0613098,36
2026-09-11 19:39:04.069,1789166344.0690022,43
2026-09-11 19:39:04.076,1789166344.0766945,50
2026-09-11 19:39:04.084,1789166344.0843868,65
2026-09-11 19:39:04.092,1789166344.0920792,87
2026-09-11 19:39:04.099,1789166344.0997715,99
2026-09-11 19:39:04.107,1789166344.1074638,109
2026-09-11 19:39:04.115,1789166344.115156,123
2026-09-11 19:39:04.122,1789166344.1228483,133
2026-09-11 19:39:04.130,1789166344.1305406,135
2026-09-11 19:39:04.138,1789166344.138233,130
2026-09-11 19:39:04.145,1789166344.1459253,121
2026-09-11 19:39:04.153,1789166344.1536176,111
2026-09-11 19:39:04.161,1789166344.16131,97
2026-09-11 19:39:04.169,1789166344.1690023,75
2026-09-11 19:39:04.176,1789166344.1766946,33
2026-09-11 19:39:04.184,1789166344.1843867,-12
2026-09-11 19:39:04.192,1789166344.192079,-36
2026-09-11 19:39:04.199,1789166344.1997714,-53
2026-09-11 19:39:04.206,1789166344.2069223,-77
2026-09-11 19:39:04.214,1789166344.2146146,-89
2026-09-11 19:39:04.222,1789166344.222307,-87
2026-09-11 19:39:04.229,1789166344.2299993,-87
2026-09-11 19:39:04.237,1789166344.2376916,-84
2026-09-11 19:39:04.245,1789166344.2453837,-67
2026-09-11 19:39:04.253,1789166344.253076,-53
2026-09-11 19:39:04.260,1789166344.2607684,-46
2026-09-11 19:39:04.268,1789166344.2684608,-38
2026-09-11 19:39:04.276,1789166344.276153,-33
2026-09-11 19:39:04.283,1789166344.2838454,-36
2026-09-11 19:39:04.291,1789166344.2915378,-38
2026-09-11 19:39:04.299,1789166344.29923,-29
2026-09-11 19:39:04.306,1789166344.3069222,-12
2026-09-11 19:39:04.314,1789166344.3146145,-16
2026-09-11 19:39:04.322,1789166344.3223069,-29
2026-09-11 19:39:04.329,1789166344.3299992,-24
2026-09-11 19:39:04.337,1789166344.3376915,-19
2026-09-11 19:39:04.345,1789166344.345384,-26
2026-09-11 19:39:04.353,1789166344.3530762,-29
2026-09-11 19:39:04.360,1789166344.3607686,-24
2026-09-11 19:39:04.368,1789166344.3684607,-12
2026-09-11 19:39:04.376,1789166344.376153,9
2026-09-11 19:39:04.383,1789166344.3838453,19
2026-09-11 19:39:04.391,1789166344.3915377,12
2026-09-11 19:39:04.399,1789166344.39923,-2
2026-09-11 19:39:04.406,1789166344.4069223,-19
2026-09-11 19:39:04.414,1789166344.4146147,-26
2026-09-11 19:39:04.422,1789166344.422307,-38
2026-09-11 19:39:04.429,1789166344.429999,-48
2026-09-11 19:39:04.437,1789166344.4376915,-33
2026-09-11 19:39:04.445,1789166344.4453838,-21
2026-09-11 19:39:04.453,1789166344.4530761,-31
2026-09-11 19:39:04.460,1789166344.4607685,-33
2026-09-11 19:39:04.468,1789166344.4684608,-31
2026-09-11 19:39:04.476,1789166344.4761531,-26
2026-09-11 19:39:04.483,1789166344.4838455,43
2026-09-11 19:39:04.491,1789166344.4915376,274
2026-09-11 19:39:04.499,1789166344.49923,635
2026-09-11 19:39:04.506,1789166344.5069222,909
2026-09-11 19:39:04.514,1789166344.5146146,657
2026-09-11 19:39:04.522,1789166344.522307,-143
2026-09-11 19:39:04.529,1789166344.5299993,-538
2026-09-11 19:39:04.537,1789166344.5376916,-198
2026-09-11 19:39:04.545,1789166344.545384,-7
2026-09-11 19:39:04.553,1789166344.553076,-118
2026-09-11 19:39:04.560,1789166344.5607684,-87
2026-09-11 19:39:04.568,1789166344.5684607,-16
2026-09-11 19:39:04.576,1789166344.576153,-48
2026-09-11 19:39:04.583,1789166344.5838454,-48
2026-09-11 19:39:04.591,1789166344.5915377,-12
2026-09-11 19:39:04.599,1789166344.59923,-9
2026-09-11 19:39:04.606,1789166344.6069224,-7
2026-09-11 19:39:04.614,1789166344.6146145,12
2026-09-11 19:39:04.622,1789166344.6223068,24
2026-09-11 19:39:04.629,1789166344.6299992,36
2026-09-11 19:39:04.637,1789166344.6376915,50
2026-09-11 19:39:04.645,1789166344.6453838,55
2026-09-11 19:39:04.653,1789166344.6530762,65
2026-09-11 19:39:04.660,1789166344.6607685,87
2026-09-11 19:39:04.668,1789166344.6684608,101
2026-09-11 19:39:04.676,1789166344.676153,113
2026-09-11 19:39:04.683,1789166344.6838453,128
2026-09-11 19:39:04.691,1789166344.6915376,128
2026-09-11 19:39:04.699,1789166344.69923,123
2026-09-11 19:39:04.706,1789166344.7069223,133
2026-09-11 19:39:04.714,1789166344.7146146,138
2026-09-11 19:39:04.722,1789166344.722307,123
2026-09-11 19:39:04.729,1789166344.7299993,106
2026-09-11 19:39:04.737,1789166344.7376916,97
2026-09-11 19:39:04.745,1789166344.7453837,72
2026-09-11 19:39:04.753,1789166344.753076,33
2026-09-11 19:39:04.760,1789166344.7607684,0
2026-09-11 19:39:04.767,1789166344.7679093,-16
2026-09-11 19:39:04.775,1789166344.7756016,-29
2026-09-11 19:39:04.783,1789166344.783294,-46
2026-09-11 19:39:04.790,1789166344.7909863,-60
2026-09-11 19:39:04.798,1789166344.7986786,-65
2026-09-11 19:39:04.806,1789166344.8063707,-55
2026-09-11 19:39:04.814,1789166344.814063,-48
2026-09-11 19:39:04.821,1789166344.8217554,-46
2026-09-11 19:39:04.829,1789166344.8294477,-43
2026-09-11 19:39:04.837,1789166344.83714,-31
2026-09-11 19:39:04.844,1789166344.8448324,-21
2026-09-11 19:39:04.852,1789166344.8525248,-16
2026-09-11 19:39:04.860,1789166344.860217,-12
2026-09-11 19:39:04.867,1789166344.8679092,-7
2026-09-11 19:39:04.875,1789166344.8756015,-4
2026-09-11 19:39:04.883,1789166344.8832939,-2
2026-09-11 19:39:04.890,1789166344.8909862,-4
2026-09-11 19:39:04.898,1789166344.8986785,-7
2026-09-11 19:39:04.906,1789166344.9063709,-12
2026-09-11 19:39:04.914,1789166344.9140632,-19
2026-09-11 19:39:04.921,1789166344.9217556,-16
2026-09-11 19:39:04.929,1789166344.9294477,-9
2026-09-11 19:39:04.937,1789166344.93714,-9
2026-09-11 19:39:04.944,1789166344.9448323,0
2026-09-11 19:39:04.952,1789166344.9525247,24
2026-09-11 19:39:04.960,1789166344.960217,38
2026-09-11 19:39:04.967,1789166344.9679093,31
2026-09-11 19:39:04.975,1789166344.9756017,12
2026-09-11 19:39:04.983,1789166344.983294,-2
2026-09-11 19:39:04.990,1789166344.990986,-14
2026-09-11 19:39:04.998,1789166344.9986784,-21
2026-09-11 19:39:05.006,1789166345.0063708,-24
2026-09-11 19:39:05.014,1789166345.0140631,-19
2026-09-11 19:39:05.021,1789166345.0217555,-19
2026-09-11 19:39:05.029,1789166345.0294478,-19
2026-09-11 19:39:05.037,1789166345.0371401,-14
2026-09-11 19:39:05.044,1789166345.0448325,-14
2026-09-11 19:39:05.052,1789166345.0525246,-12
2026-09-11 19:39:05.060,1789166345.060217,77
2026-09-11 19:39:05.067,1789166345.0679092,310
2026-09-11 19:39:05.075,1789166345.0756016,628
2026-09-11 19:39:05.083,1789166345.083294,902
2026-09-11 19:39:05.090,1789166345.0909863,722
2026-09-11 19:39:05.098,1789166345.0986786,-48
2026-09-11 19:39:05.106,1789166345.106371,-470
2026-09-11 19:39:05.114,1789166345.114063,-162
2026-09-11 19:39:05.121,1789166345.1217554,7
2026-09-11 19:39:05.129,1789166345.1294477,-123
2026-09-11 19:39:05.137,1789166345.13714,-99
2026-09-11 19:39:05.144,1789166345.1448324,-24
2026-09-11 19:39:05.152,1789166345.1525247,-55
2026-09-11 19:39:05.160,1789166345.160217,-58
2026-09-11 19:39:05.167,1789166345.1679094,-19
2026-09-11 19:39:05.175,1789166345.1756015,-16
2026-09-11 19:39:05.183,1789166345.1832938,-19
2026-09-11 19:39:05.190,1789166345.1909862,-4
2026-09-11 19:39:05.198,1789166345.1986785,0
2026-09-11 19:39:05.206,1789166345.2063708,2
2026-09-11 19:39:05.214,1789166345.2140632,16
2026-09-11 19:39:05.221,1789166345.2217555,31
2026-09-11 19:39:05.229,1789166345.2294478,38
2026-09-11 19:39:05.237,1789166345.23714,50
2026-09-11 19:39:05.244,1789166345.2448323,65
2026-09-11 19:39:05.252,1789166345.2525246,75
2026-09-11 19:39:05.260,1789166345.260217,82
2026-09-11 19:39:05.267,1789166345.2679093,87
2026-09-11 19:39:05.275,1789166345.2756016,87
2026-09-11 19:39:05.283,1789166345.283294,84
2026-09-11 19:39:05.290,1789166345.2909863,80
2026-09-11 19:39:05.298,1789166345.2986786,72
2026-09-11 19:39:05.306,1789166345.3063707,65
2026-09-11 19:39:05.314,1789166345.314063,55
2026-09-11 19:39:05.321,1789166345.3217554,38
2026-09-11 19:39:05.328,1789166345.3288858,16
2026-09-11 19:39:05.336,1789166345.3365781,-4
2026-09-11 19:39:05.344,1789166345.3442705,-19
2026-09-11 19:39:05.351,1789166345.3519628,-31
2026-09-11 19:39:05.359,1789166345.3596551,-38
2026-09-11 19:39:05.367,1789166345.3673472,-43
2026-09-11 19:39:05.375,1789166345.3750396,-43
2026-09-11 19:39:05.382,1789166345.382732,-46
2026-09-11 19:39:05.390,1789166345.3904243,-36
2026-09-11 19:39:05.398,1789166345.3981166,-24
2026-09-11 19:39:05.405,1789166345.405809,-16
2026-09-11 19:39:05.413,1789166345.4135013,-12
2026-09-11 19:39:05.421,1789166345.4211936,-4
2026-09-11 19:39:05.428,1789166345.4288857,-2
2026-09-11 19:39:05.436,1789166345.436578,0
2026-09-11 19:39:05.444,1789166345.4442704,4
2026-09-11 19:39:05.451,1789166345.4519627,4
2026-09-11 19:39:05.459,1789166345.459655,2
2026-09-11 19:39:05.467,1789166345.4673474,2
2026-09-11 19:39:05.475,1789166345.4750397,4
2026-09-11 19:39:05.482,1789166345.482732,-7
2026-09-11 19:39:05.490,1789166345.4904242,-16
2026-09-11 19:39:05.498,1789166345.4981165,-12
2026-09-11 19:39:05.505,1789166345.5058088,-4
2026-09-11 19:39:05.513,1789166345.5135012,2
2026-09-11 19:39:05.521,1789166345.5211935,19
2026-09-11 19:39:05.528,1789166345.5288858,41
2026-09-11 19:39:05.536,1789166345.5365782,48
2026-09-11 19:39:05.544,1789166345.5442705,41
2026-09-11 19:39:05.551,1789166345.5519626,29
2026-09-11 19:39:05.559,1789166345.559655,12
2026-09-11 19:39:05.567,1789166345.5673473,-2
2026-09-11 19:39:05.575,1789166345.5750396,-9
2026-09-11 19:39:05.582,1789166345.582732,-9
2026-09-11 19:39:05.590,1789166345.5904243,-7
2026-09-11 19:39:05.598,1789166345.5981166,-4
2026-09-11 19:39:05.605,1789166345.605809,-4
2026-09-11 19:39:05.613,1789166345.613501,-4
2026-09-11 19:39:05.621,1789166345.6211934,-9
2026-09-11 19:39:05.628,1789166345.6288857,2
2026-09-11 19:39:05.636,1789166345.636578,104
2026-09-11 19:39:05.644,1789166345.6442704,329
2026-09-11 19:39:05.651,1789166345.6519628,645
2026-09-11 19:39:05.659,1789166345.659655,948
2026-09-11 19:39:05.667,1789166345.6673474,737
2026-09-11 19:39:05.675,1789166345.6750395,-70
2026-09-11 19:39:05.682,1789166345.6827319,-443
2026-09-11 19:39:05.690,1789166345.6904242,-113
2026-09-11 19:39:05.698,1789166345.6981165,19
2026-09-11 19:39:05.705,1789166345.7058089,-116
2026-09-11 19:39:05.713,1789166345.7135012,-80
2026-09-11 19:39:05.721,1789166345.7211936,-16
2026-09-11 19:39:05.728,1789166345.728886,-50
2026-09-11 19:39:05.736,1789166345.736578,-43
2026-09-11 19:39:05.744,1789166345.7442703,-9
2026-09-11 19:39:05.751,1789166345.7519627,-12
2026-09-11 19:39:05.759,1789166345.759655,-12
2026-09-11 19:39:05.767,1789166345.7673473,7
2026-09-11 19:39:05.775,1789166345.7750397,12
2026-09-11 19:39:05.782,1789166345.782732,16
2026-09-11 19:39:05.790,1789166345.7904243,29
2026-09-11 19:39:05.798,1789166345.7981164,38
2026-09-11 19:39:05.805,1789166345.8058088,43
2026-09-11 19:39:05.813,1789166345.8135011,55
2026-09-11 19:39:05.821,1789166345.8211935,70
2026-09-11 19:39:05.828,1789166345.8288858,80
2026-09-11 19:39:05.836,1789166345.8365781,82
2026-09-11 19:39:05.844,1789166345.8442705,82
2026-09-11 19:39:05.851,1789166345.8519628,84
2026-09-11 19:39:05.859,1789166345.8596551,82
2026-09-11 19:39:05.867,1789166345.8673472,75
2026-09-11 19:39:05.875,1789166345.8750396,70
2026-09-11 19:39:05.882,1789166345.882732,67
2026-09-11 19:39:05.889,1789166345.889868,60
2026-09-11 19:39:05.897,1789166345.8975604,43
2026-09-11 19:39:05.905,1789166345.9052527,24
2026-09-11 19:39:05.912,1789166345.912945,7
2026-09-11 19:39:05.920,1789166345.9206374,-4
2026-09-11 19:39:05.928,1789166345.9283295,-14
2026-09-11 19:39:05.936,1789166345.9360218,-19
2026-09-11 19:39:05.943,1789166345.9437141,-24
2026-09-11 19:39:05.951,1789166345.9514065,-26
2026-09-11 19:39:05.959,1789166345.9590988,-21
2026-09-11 19:39:05.966,1789166345.9667912,-12
2026-09-11 19:39:05.974,1789166345.9744835,-2
2026-09-11 19:39:05.982,1789166345.9821758,2
2026-09-11 19:39:05.989,1789166345.989868,7
2026-09-11 19:39:05.997,1789166345.9975603,12
2026-09-11 19:39:06.005,1789166346.0052526,16
2026-09-11 19:39:06.012,1789166346.012945,19
2026-09-11 19:39:06.020,1789166346.0206373,19
2026-09-11 19:39:06.028,1789166346.0283296,19
2026-09-11 19:39:06.036,1789166346.036022,19
2026-09-11 19:39:06.043,1789166346.0437143,16
2026-09-11 19:39:06.051,1789166346.0514064,14
2026-09-11 19:39:06.059,1789166346.0590987,12
2026-09-11 19:39:06.066,1789166346.066791,4
2026-09-11 19:39:06.074,1789166346.0744834,0
2026-09-11 19:39:06.082,1789166346.0821757,2
2026-09-11 19:39:06.089,1789166346.089868,9
2026-09-11 19:39:06.097,1789166346.0975604,21
2026-09-11 19:39:06.105,1789166346.1052527,46
2026-09-11 19:39:06.112,1789166346.1129448,65
2026-09-11 19:39:06.120,1789166346.1206372,67
2026-09-11 19:39:06.128,1789166346.1283295,55
2026-09-11 19:39:06.136,1789166346.1360219,36
2026-09-11 19:39:06.143,1789166346.1437142,16
2026-09-11 19:39:06.151,1789166346.1514065,4
2026-09-11 19:39:06.159,1789166346.1590989,2
2026-09-11 19:39:06.166,1789166346.1667912,2
2026-09-11 19:39:06.174,1789166346.1744833,0
2026-09-11 19:39:06.182,1789166346.1821756,2
2026-09-11 19:39:06.189,1789166346.189868,2
2026-09-11 19:39:06.197,1789166346.1975603,0
2026-09-11 19:39:06.205,1789166346.2052526,-7
2026-09-11 19:39:06.212,1789166346.212945,21
2026-09-11 19:39:06.220,1789166346.2206373,164
2026-09-11 19:39:06.228,1789166346.2283297,417
2026-09-11 19:39:06.236,1789166346.2360218,754
2026-09-11 19:39:06.243,1789166346.243714,940
2026-09-11 19:39:06.251,1789166346.2514064,465
2026-09-11 19:39:06.259,1789166346.2590988,-293
2026-09-11 19:39:06.266,1789166346.266791,-339
2026-09-11 19:39:06.274,1789166346.2744834,2
2026-09-11 19:39:06.282,1789166346.2821758,-21
2026-09-11 19:39:06.289,1789166346.289868,-118
2026-09-11 19:39:06.297,1789166346.2975602,-38
2026-09-11 19:39:06.305,1789166346.3052526,-19
2026-09-11 19:39:06.312,1789166346.312945,-53
2026-09-11 19:39:06.320,1789166346.3206372,-21
2026-09-11 19:39:06.328,1789166346.3283296,-2
2026-09-11 19:39:06.336,1789166346.336022,-14
2026-09-11 19:39:06.343,1789166346.3437142,-7
2026-09-11 19:39:06.351,1789166346.3514066,19
2026-09-11 19:39:06.359,1789166346.3590987,26
2026-09-11 19:39:06.366,1789166346.366791,24
2026-09-11 19:39:06.374,1789166346.3744833,26
2026-09-11 19:39:06.382,1789166346.3821757,41
2026-09-11 19:39:06.389,1789166346.389868,50
2026-09-11 19:39:06.397,1789166346.3975604,60
2026-09-11 19:39:06.405,1789166346.4052527,80
2026-09-11 19:39:06.412,1789166346.412945,87
2026-09-11 19:39:06.420,1789166346.4206374,82
2026-09-11 19:39:06.428,1789166346.4283295,77
2026-09-11 19:39:06.436,1789166346.4360218,82
2026-09-11 19:39:06.443,1789166346.4437141,80
2026-09-11 19:39:06.450,1789166346.4508703,75
2026-09-11 19:39:06.458,1789166346.4585626,70
2026-09-11 19:39:06.466,1789166346.466255,58
2026-09-11 19:39:06.473,1789166346.4739473,50
2026-09-11 19:39:06.481,1789166346.4816396,46
2026-09-11 19:39:06.489,1789166346.4893317,29
2026-09-11 19:39:06.497,1789166346.497024,7
2026-09-11 19:39:06.504,1789166346.5047164,-12
2026-09-11 19:39:06.512,1789166346.5124087,-33
2026-09-11 19:39:06.520,1789166346.520101,-50
2026-09-11 19:39:06.527,1789166346.5277934,-50
2026-09-11 19:39:06.535,1789166346.5354857,-41
2026-09-11 19:39:06.543,1789166346.543178,-31
2026-09-11 19:39:06.550,1789166346.5508702,-19
2026-09-11 19:39:06.558,1789166346.5585625,-16
2026-09-11 19:39:06.566,1789166346.5662549,-12
2026-09-11 19:39:06.573,1789166346.5739472,4
2026-09-11 19:39:06.581,1789166346.5816395,16
2026-09-11 19:39:06.589,1789166346.5893319,12
2026-09-11 19:39:06.597,1789166346.5970242,0
2026-09-11 19:39:06.604,1789166346.6047165,-2
2026-09-11 19:39:06.612,1789166346.6124086,4
2026-09-11 19:39:06.620,1789166346.620101,12
2026-09-11 19:39:06.627,1789166346.6277933,14
2026-09-11 19:39:06.635,1789166346.6354856,14
2026-09-11 19:39:06.643,1789166346.643178,12
2026-09-11 19:39:06.650,1789166346.6508703,7
2026-09-11 19:39:06.658,1789166346.6585627,2
2026-09-11 19:39:06.666,1789166346.666255,7
2026-09-11 19:39:06.673,1789166346.673947,12
2026-09-11 19:39:06.681,1789166346.6816394,14
2026-09-11 19:39:06.689,1789166346.6893318,41
2026-09-11 19:39:06.697,1789166346.697024,70
2026-09-11 19:39:06.704,1789166346.7047164,84
2026-09-11 19:39:06.712,1789166346.7124088,75
2026-09-11 19:39:06.720,1789166346.720101,55
2026-09-11 19:39:06.727,1789166346.7277935,36
2026-09-11 19:39:06.735,1789166346.7354856,26
2026-09-11 19:39:06.743,1789166346.743178,24
2026-09-11 19:39:06.750,1789166346.7508702,24
2026-09-11 19:39:06.758,1789166346.7585626,19
2026-09-11 19:39:06.766,1789166346.766255,19
2026-09-11 19:39:06.773,1789166346.7739472,31
2026-09-11 19:39:06.781,1789166346.7816396,38
2026-09-11 19:39:06.789,1789166346.789332,29
2026-09-11 19:39:06.797,1789166346.797024,29
2026-09-11 19:39:06.804,1789166346.8047163,130
2026-09-11 19:39:06.812,1789166346.8124087,412
2026-09-11 19:39:06.820,1789166346.820101,780
2026-09-11 19:39:06.827,1789166346.8277934,965
2026-09-11 19:39:06.835,1789166346.8354857,562
2026-09-11 19:39:06.843,1789166346.843178,-242
2026-09-11 19:39:06.850,1789166346.8508704,-465
2026-09-11 19:39:06.858,1789166346.8585625,-80
2026-09-11 19:39:06.866,1789166346.8662548,38
2026-09-11 19:39:06.873,1789166346.8739471,-70
2026-09-11 19:39:06.881,1789166346.8816395,-19
2026-09-11 19:39:06.889,1789166346.8893318,29
2026-09-11 19:39:06.897,1789166346.8970242,7
2026-09-11 19:39:06.904,1789166346.9047165,31
2026-09-11 19:39:06.912,1789166346.9124088,55
2026-09-11 19:39:06.920,1789166346.920101,43
2026-09-11 19:39:06.927,1789166346.9277933,53
2026-09-11 19:39:06.935,1789166346.9354856,77
2026-09-11 19:39:06.943,1789166346.943178,77
2026-09-11 19:39:06.950,1789166346.9508703,72
2026-09-11 19:39:06.958,1789166346.9585626,89
2026-09-11 19:39:06.966,1789166346.966255,121
2026-09-11 19:39:06.973,1789166346.9739473,140
2026-09-11 19:39:06.981,1789166346.9816396,145
2026-09-11 19:39:06.989,1789166346.9893317,147
2026-09-11 19:39:06.997,1789166346.997024,164
2026-09-11 19:39:07.004,1789166347.0047164,186
2026-09-11 19:39:07.011,1789166347.0118468,194
2026-09-11 19:39:07.019,1789166347.019539,196
2026-09-11 19:39:07.027,1789166347.0272315,198
2026-09-11 19:39:07.034,1789166347.0349238,201
2026-09-11 19:39:07.042,1789166347.0426161,201
2026-09-11 19:39:07.050,1789166347.0503082,191
2026-09-11 19:39:07.058,1789166347.0580006,167
2026-09-11 19:39:07.065,1789166347.065693,133
2026-09-11 19:39:07.073,1789166347.0733852,87
2026-09-11 19:39:07.081,1789166347.0810776,38
2026-09-11 19:39:07.088,1789166347.08877,26
2026-09-11 19:39:07.096,1789166347.0964622,24
2026-09-11 19:39:07.104,1789166347.1041546,-12
2026-09-11 19:39:07.111,1789166347.1118467,-50
2026-09-11 19:39:07.119,1789166347.119539,-43
2026-09-11 19:39:07.127,1789166347.1272314,-24
2026-09-11 19:39:07.134,1789166347.1349237,-24
2026-09-11 19:39:07.142,1789166347.142616,-14
2026-09-11 19:39:07.150,1789166347.1503084,2
2026-09-11 19:39:07.158,1789166347.1580007,4
2026-09-11 19:39:07.165,1789166347.165693,4
2026-09-11 19:39:07.173,1789166347.1733851,16
2026-09-11 19:39:07.181,1789166347.1810775,24
2026-09-11 19:39:07.188,1789166347.1887698,21
2026-09-11 19:39:07.196,1789166347.1964622,24
2026-09-11 19:39:07.204,1789166347.2041545,31
2026-09-11 19:39:07.211,1789166347.2118468,36
2026-09-11 19:39:07.219,1789166347.2195392,29
2026-09-11 19:39:07.227,1789166347.2272315,16
2026-09-11 19:39:07.234,1789166347.2349236,7
2026-09-11 19:39:07.242,1789166347.242616,2
2026-09-11 19:39:07.250,1789166347.2503083,14
2026-09-11 19:39:07.258,1789166347.2580006,38
2026-09-11 19:39:07.265,1789166347.265693,60
2026-09-11 19:39:07.273,1789166347.2733853,65
2026-09-11 19:39:07.281,1789166347.2810776,58
2026-09-11 19:39:07.288,1789166347.28877,38
2026-09-11 19:39:07.296,1789166347.296462,16
2026-09-11 19:39:07.304,1789166347.3041544,19
2026-09-11 19:39:07.311,1789166347.3118467,21
2026-09-11 19:39:07.319,1789166347.319539,2
2026-09-11 19:39:07.327,1789166347.3272314,-12
2026-09-11 19:39:07.334,1789166347.3349237,-14
2026-09-11 19:39:07.342,1789166347.342616,-2
2026-09-11 19:39:07.350,1789166347.3503084,16
2026-09-11 19:39:07.358,1789166347.3580005,0
2026-09-11 19:39:07.365,1789166347.3656929,-16
2026-09-11 19:39:07.373,1789166347.3733852,55
2026-09-11 19:39:07.381,1789166347.3810775,281
2026-09-11 19:39:07.388,1789166347.3887699,620
2026-09-11 19:39:07.396,1789166347.3964622,897
2026-09-11 19:39:07.404,1789166347.4041545,727
2026-09-11 19:39:07.411,1789166347.4118469,-29
2026-09-11 19:39:07.419,1789166347.419539,-531
2026-09-11 19:39:07.427,1789166347.4272313,-240
2026-09-11 19:39:07.434,1789166347.4349236,38
2026-09-11 19:39:07.442,1789166347.442616,-70
2026-09-11 19:39:07.450,1789166347.4503083,-87
2026-09-11 19:39:07.458,1789166347.4580007,4
2026-09-11 19:39:07.465,1789166347.465693,-14
2026-09-11 19:39:07.473,1789166347.4733853,-38
2026-09-11 19:39:07.481,1789166347.4810774,0
2026-09-11 19:39:07.488,1789166347.4887698,14
2026-09-11 19:39:07.496,1789166347.496462,12
2026-09-11 19:39:07.504,1789166347.5041544,33
2026-09-11 19:39:07.511,1789166347.5118468,48
2026-09-11 19:39:07.519,1789166347.519539,48
2026-09-11 19:39:07.527,1789166347.5272315,58
2026-09-11 19:39:07.534,1789166347.5349238,77
2026-09-11 19:39:07.542,1789166347.5426161,84
2026-09-11 19:39:07.550,1789166347.5503082,99
2026-09-11 19:39:07.558,1789166347.5580006,121
2026-09-11 19:39:07.565,1789166347.565693,135
2026-09-11 19:39:07.572,1789166347.5728443,143
2026-09-11 19:39:07.580,1789166347.5805366,152
2026-09-11 19:39:07.588,1789166347.588229,157
2026-09-11 19:39:07.595,1789166347.5959213,160
2026-09-11 19:39:07.603,1789166347.6036136,152
2026-09-11 19:39:07.611,1789166347.6113057,145
2026-09-11 19:39:07.618,1789166347.618998,133
2026-09-11 19:39:07.626,1789166347.6266904,106
2026-09-11 19:39:07.634,1789166347.6343827,75
2026-09-11 19:39:07.642,1789166347.642075,46
2026-09-11 19:39:07.649,1789166347.6497674,9
2026-09-11 19:39:07.657,1789166347.6574597,-16
2026-09-11 19:39:07.665,1789166347.665152,-33
2026-09-11 19:39:07.672,1789166347.6728442,-55
2026-09-11 19:39:07.680,1789166347.6805365,-67
2026-09-11 19:39:07.688,1789166347.6882288,-67
2026-09-11 19:39:07.695,1789166347.6959212,-60
2026-09-11 19:39:07.703,1789166347.7036135,-50
2026-09-11 19:39:07.711,1789166347.7113059,-46
2026-09-11 19:39:07.718,1789166347.7189982,-38
2026-09-11 19:39:07.726,1789166347.7266905,-31
2026-09-11 19:39:07.734,1789166347.7343826,-24
2026-09-11 19:39:07.742,1789166347.742075,-19
2026-09-11 19:39:07.749,1789166347.7497673,-14
2026-09-11 19:39:07.757,1789166347.7574596,-9
2026-09-11 19:39:07.765,1789166347.765152,-7
2026-09-11 19:39:07.772,1789166347.7728443,-2
2026-09-11 19:39:07.780,1789166347.7805367,2
2026-09-11 19:39:07.788,1789166347.788229,-4
2026-09-11 19:39:07.795,1789166347.795921,-12
2026-09-11 19:39:07.803,1789166347.8036134,-7
2026-09-11 19:39:07.811,1789166347.8113058,-7
2026-09-11 19:39:07.818,1789166347.818998,-14
2026-09-11 19:39:07.826,1789166347.8266904,2
2026-09-11 19:39:07.834,1789166347.8343828,26
2026-09-11 19:39:07.842,1789166347.842075,33
2026-09-11 19:39:07.849,1789166347.8497674,26
2026-09-11 19:39:07.857,1789166347.8574595,16
2026-09-11 19:39:07.865,1789166347.865152,2
2026-09-11 19:39:07.872,1789166347.8728442,-9
2026-09-11 19:39:07.880,1789166347.8805366,-21
2026-09-11 19:39:07.888,1789166347.888229,-24
2026-09-11 19:39:07.895,1789166347.8959212,-21
2026-09-11 19:39:07.903,1789166347.9036136,-19
2026-09-11 19:39:07.911,1789166347.911306,-24
2026-09-11 19:39:07.918,1789166347.918998,-24
2026-09-11 19:39:07.926,1789166347.9266903,-21
2026-09-11 19:39:07.934,1789166347.9343827,-24
2026-09-11 19:39:07.942,1789166347.942075,36
2026-09-11 19:39:07.949,1789166347.9497674,249
2026-09-11 19:39:07.957,1789166347.9574597,577
2026-09-11 19:39:07.965,1789166347.965152,870
2026-09-11 19:39:07.972,1789166347.9728444,746
2026-09-11 19:39:07.980,1789166347.9805365,12
2026-09-11 19:39:07.988,1789166347.9882288,-480
2026-09-11 19:39:07.995,1789166347.9959211,-208
2026-09-11 19:39:08.003,1789166348.0036135,14
2026-09-11 19:39:08.011,1789166348.0113058,-109
2026-09-11 19:39:08.018,1789166348.0189981,-109
2026-09-11 19:39:08.026,1789166348.0266905,-31
2026-09-11 19:39:08.034,1789166348.0343828,-58
2026-09-11 19:39:08.042,1789166348.042075,-65
2026-09-11 19:39:08.049,1789166348.0497673,-26
2026-09-11 19:39:08.057,1789166348.0574596,-24
2026-09-11 19:39:08.065,1789166348.065152,-24
2026-09-11 19:39:08.072,1789166348.0728443,-4
2026-09-11 19:39:08.080,1789166348.0805366,2
2026-09-11 19:39:08.088,1789166348.088229,4
2026-09-11 19:39:08.095,1789166348.0959213,19
2026-09-11 19:39:08.103,1789166348.1036136,29
2026-09-11 19:39:08.111,1789166348.1113057,36
2026-09-11 19:39:08.118,1789166348.118998,46
2026-09-11 19:39:08.126,1789166348.1266904,58
2026-09-11 19:39:08.133,1789166348.133831,67
2026-09-11 19:39:08.141,1789166348.1415234,72
2026-09-11 19:39:08.149,1789166348.1492157,80
2026-09-11 19:39:08.156,1789166348.156908,84
2026-09-11 19:39:08.164,1789166348.1646004,80
2026-09-11 19:39:08.172,1789166348.1722925,72
2026-09-11 19:39:08.179,1789166348.1799848,67
2026-09-11 19:39:08.187,1789166348.1876771,63
2026-09-11 19:39:08.195,1789166348.1953695,48
2026-09-11 19:39:08.203,1789166348.2030618,29
2026-09-11 19:39:08.210,1789166348.2107542,7
2026-09-11 19:39:08.218,1789166348.2184465,-16
2026-09-11 19:39:08.226,1789166348.2261388,-33
2026-09-11 19:39:08.233,1789166348.233831,-48
2026-09-11 19:39:08.241,1789166348.2415233,-55
2026-09-11 19:39:08.249,1789166348.2492156,-60
2026-09-11 19:39:08.256,1789166348.256908,-63
2026-09-11 19:39:08.264,1789166348.2646003,-58
2026-09-11 19:39:08.272,1789166348.2722926,-50
2026-09-11 19:39:08.279,1789166348.279985,-41
2026-09-11 19:39:08.287,1789166348.2876773,-31
2026-09-11 19:39:08.295,1789166348.2953694,-26
2026-09-11 19:39:08.303,1789166348.3030617,-24
2026-09-11 19:39:08.310,1789166348.310754,-19
2026-09-11 19:39:08.318,1789166348.3184464,-14
2026-09-11 19:39:08.326,1789166348.3261387,-14
2026-09-11 19:39:08.333,1789166348.333831,-14
2026-09-11 19:39:08.341,1789166348.3415234,-12
2026-09-11 19:39:08.349,1789166348.3492157,-16
2026-09-11 19:39:08.356,1789166348.3569078,-29
2026-09-11 19:39:08.364,1789166348.3646002,-33
2026-09-11 19:39:08.372,1789166348.3722925,-26
2026-09-11 19:39:08.379,1789166348.3799849,-24
2026-09-11 19:39:08.387,1789166348.3876772,-24
2026-09-11 19:39:08.395,1789166348.3953695,-9
2026-09-11 19:39:08.403,1789166348.4030619,14
2026-09-11 19:39:08.410,1789166348.4107542,26
2026-09-11 19:39:08.418,1789166348.4184463,21
2026-09-11 19:39:08.426,1789166348.4261386,7
2026-09-11 19:39:08.433,1789166348.433831,-9
2026-09-11 19:39:08.441,1789166348.4415233,-26
2026-09-11 19:39:08.449,1789166348.4492157,-29
2026-09-11 19:39:08.456,1789166348.456908,-29
2026-09-11 19:39:08.464,1789166348.4646003,-36
2026-09-11 19:39:08.472,1789166348.4722927,-36
2026-09-11 19:39:08.479,1789166348.4799848,-29
2026-09-11 19:39:08.487,1789166348.487677,-29
2026-09-11 19:39:08.495,1789166348.4953694,-36
2026-09-11 19:39:08.503,1789166348.5030618,-31
2026-09-11 19:39:08.510,1789166348.510754,46
2026-09-11 19:39:08.518,1789166348.5184464,247
2026-09-11 19:39:08.526,1789166348.5261388,555
2026-09-11 19:39:08.533,1789166348.5338311,894
2026-09-11 19:39:08.541,1789166348.5415232,797
2026-09-11 19:39:08.549,1789166348.5492156,29
2026-09-11 19:39:08.556,1789166348.556908,-463
2026-09-11 19:39:08.564,1789166348.5646002,-189
2026-09-11 19:39:08.572,1789166348.5722926,2
2026-09-11 19:39:08.579,1789166348.579985,-130
2026-09-11 19:39:08.587,1789166348.5876772,-126
2026-09-11 19:39:08.595,1789166348.5953696,-46
2026-09-11 19:39:08.603,1789166348.6030617,-75
2026-09-11 19:39:08.610,1789166348.610754,-82
2026-09-11 19:39:08.618,1789166348.6184464,-43
2026-09-11 19:39:08.626,1789166348.6261387,-36
2026-09-11 19:39:08.633,1789166348.633831,-38
2026-09-11 19:39:08.641,1789166348.6415234,-24
2026-09-11 19:39:08.649,1789166348.6492157,-16
2026-09-11 19:39:08.656,1789166348.656908,-12
2026-09-11 19:39:08.664,1789166348.6646004,-2
2026-09-11 19:39:08.672,1789166348.6722925,7
2026-09-11 19:39:08.679,1789166348.6799848,16
2026-09-11 19:39:08.687,1789166348.6876771,26
2026-09-11 19:39:08.694,1789166348.6948078,33
2026-09-11 19:39:08.702,1789166348.7025,46
2026-09-11 19:39:08.710,1789166348.7101924,55
2026-09-11 19:39:08.717,1789166348.7178848,55
2026-09-11 19:39:08.725,1789166348.725577,50
2026-09-11 19:39:08.733,1789166348.7332692,50
2026-09-11 19:39:08.740,1789166348.7409616,46
2026-09-11 19:39:08.748,1789166348.748654,36
2026-09-11 19:39:08.756,1789166348.7563462,31
2026-09-11 19:39:08.764,1789166348.7640386,29
2026-09-11 19:39:08.771,1789166348.771731,19
2026-09-11 19:39:08.779,1789166348.7794232,2
2026-09-11 19:39:08.787,1789166348.7871156,-14
2026-09-11 19:39:08.794,1789166348.7948077,-26
2026-09-11 19:39:08.802,1789166348.8025,-36
2026-09-11 19:39:08.810,1789166348.8101923,-43
2026-09-11 19:39:08.817,1789166348.8178847,-48
2026-09-11 19:39:08.825,1789166348.825577,-46
2026-09-11 19:39:08.833,1789166348.8332694,-38
2026-09-11 19:39:08.840,1789166348.8409617,-33
2026-09-11 19:39:08.848,1789166348.848654,-29
2026-09-11 19:39:08.856,1789166348.8563461,-19
2026-09-11 19:39:08.864,1789166348.8640385,-12
2026-09-11 19:39:08.871,1789166348.8717308,-12
2026-09-11 19:39:08.879,1789166348.8794231,-9
2026-09-11 19:39:08.887,1789166348.8871155,-7
2026-09-11 19:39:08.894,1789166348.8948078,-4
2026-09-11 19:39:08.902,1789166348.9025002,-7
2026-09-11 19:39:08.910,1789166348.9101925,-9
2026-09-11 19:39:08.917,1789166348.9178846,-9
2026-09-11 19:39:08.925,1789166348.925577,-7
2026-09-11 19:39:08.933,1789166348.9332693,-9
2026-09-11 19:39:08.940,1789166348.9409616,-14
2026-09-11 19:39:08.948,1789166348.948654,-26
2026-09-11 19:39:08.956,1789166348.9563463,-26
2026-09-11 19:39:08.964,1789166348.9640386,-16
2026-09-11 19:39:08.971,1789166348.971731,-9
2026-09-11 19:39:08.979,1789166348.979423,2
2026-09-11 19:39:08.987,1789166348.9871154,29
2026-09-11 19:39:08.994,1789166348.9948077,43
2026-09-11 19:39:09.002,1789166349.0025,36
2026-09-11 19:39:09.010,1789166349.0101924,21
2026-09-11 19:39:09.017,1789166349.0178847,4
2026-09-11 19:39:09.025,1789166349.025577,-14
2026-09-11 19:39:09.033,1789166349.0332694,-24
2026-09-11 19:39:09.040,1789166349.0409615,-24
2026-09-11 19:39:09.048,1789166349.0486538,-24
2026-09-11 19:39:09.056,1789166349.0563462,-24
2026-09-11 19:39:09.064,1789166349.0640385,-21
2026-09-11 19:39:09.071,1789166349.0717309,-19
2026-09-11 19:39:09.079,1789166349.0794232,-21
2026-09-11 19:39:09.087,1789166349.0871155,-26
2026-09-11 19:39:09.094,1789166349.0948079,33
2026-09-11 19:39:09.102,1789166349.1025,218
2026-09-11 19:39:09.110,1789166349.1101923,499
2026-09-11 19:39:09.117,1789166349.1178846,836
2026-09-11 19:39:09.125,1789166349.125577,819
2026-09-11 19:39:09.133,1789166349.1332693,113
2026-09-11 19:39:09.140,1789166349.1409616,-436
2026-09-11 19:39:09.148,1789166349.148654,-215
2026-09-11 19:39:09.156,1789166349.1563463,9
2026-09-11 19:39:09.164,1789166349.1640384,-106
2026-09-11 19:39:09.171,1789166349.1717308,-118
2026-09-11 19:39:09.179,1789166349.179423,-41
2026-09-11 19:39:09.187,1789166349.1871154,-60
2026-09-11 19:39:09.194,1789166349.1948078,-75
2026-09-11 19:39:09.202,1789166349.2025,-41
2026-09-11 19:39:09.210,1789166349.2101924,-29
2026-09-11 19:39:09.217,1789166349.2178848,-29
2026-09-11 19:39:09.225,1789166349.225577,-14
2026-09-11 19:39:09.233,1789166349.2332692,-4
2026-09-11 19:39:09.240,1789166349.2409616,-2
2026-09-11 19:39:09.248,1789166349.248654,4
2026-09-11 19:39:09.255,1789166349.255815,16
2026-09-11 19:39:09.263,1789166349.2635074,26
2026-09-11 19:39:09.271,1789166349.2711997,38
2026-09-11 19:39:09.278,1789166349.278892,46
2026-09-11 19:39:09.286,1789166349.2865844,50
2026-09-11 19:39:09.294,1789166349.2942765,60
2026-09-11 19:39:09.301,1789166349.3019688,65
2026-09-11 19:39:09.309,1789166349.3096611,67
2026-09-11 19:39:09.317,1789166349.3173535,67
2026-09-11 19:39:09.325,1789166349.3250458,65
2026-09-11 19:39:09.332,1789166349.3327382,60
2026-09-11 19:39:09.340,1789166349.3404305,50
2026-09-11 19:39:09.348,1789166349.3481228,46
2026-09-11 19:39:09.355,1789166349.355815,43
2026-09-11 19:39:09.363,1789166349.3635073,26
2026-09-11 19:39:09.371,1789166349.3711996,7
2026-09-11 19:39:09.378,1789166349.378892,-9
2026-09-11 19:39:09.386,1789166349.3865843,-29
2026-09-11 19:39:09.394,1789166349.3942766,-43
2026-09-11 19:39:09.401,1789166349.401969,-48
2026-09-11 19:39:09.409,1789166349.4096613,-55
2026-09-11 19:39:09.417,1789166349.4173534,-55
2026-09-11 19:39:09.425,1789166349.4250457,-38
2026-09-11 19:39:09.432,1789166349.432738,-21
2026-09-11 19:39:09.440,1789166349.4404304,-24
2026-09-11 19:39:09.448,1789166349.4481227,-29
2026-09-11 19:39:09.455,1789166349.455815,-21
2026-09-11 19:39:09.463,1789166349.4635074,-14
2026-09-11 19:39:09.471,1789166349.4711998,-14
2026-09-11 19:39:09.478,1789166349.4788918,-21
2026-09-11 19:39:09.486,1789166349.4865842,-24
2026-09-11 19:39:09.494,1789166349.4942765,-19
2026-09-11 19:39:09.501,1789166349.5019689,-24
2026-09-11 19:39:09.509,1789166349.5096612,-26
2026-09-11 19:39:09.517,1789166349.5173535,-21
2026-09-11 19:39:09.525,1789166349.5250459,-26
2026-09-11 19:39:09.532,1789166349.5327382,-36
2026-09-11 19:39:09.540,1789166349.5404303,-41
2026-09-11 19:39:09.548,1789166349.5481226,-48
2026-09-11 19:39:09.555,1789166349.555815,-53
2026-09-11 19:39:09.563,1789166349.5635073,-46
2026-09-11 19:39:09.571,1789166349.5711997,-31
2026-09-11 19:39:09.578,1789166349.578892,-9
2026-09-11 19:39:09.586,1789166349.5865843,7
2026-09-11 19:39:09.594,1789166349.5942767,21
2026-09-11 19:39:09.601,1789166349.6019688,24
2026-09-11 19:39:09.609,1789166349.609661,9
2026-09-11 19:39:09.617,1789166349.6173534,-16
2026-09-11 19:39:09.625,1789166349.6250458,-41
2026-09-11 19:39:09.632,1789166349.632738,-50
2026-09-11 19:39:09.640,1789166349.6404305,-53
2026-09-11 19:39:09.648,1789166349.6481228,-48
2026-09-11 19:39:09.655,1789166349.6558151,-36
2026-09-11 19:39:09.663,1789166349.6635072,-33
2026-09-11 19:39:09.671,1789166349.6711996,-43
2026-09-11 19:39:09.678,1789166349.678892,-46
2026-09-11 19:39:09.686,1789166349.6865842,-38
2026-09-11 19:39:09.694,1789166349.6942766,41
2026-09-11 19:39:09.701,1789166349.701969,264
2026-09-11 19:39:09.709,1789166349.7096612,584
2026-09-11 19:39:09.717,1789166349.7173536,848
2026-09-11 19:39:09.725,1789166349.7250457,649
2026-09-11 19:39:09.732,1789166349.732738,-121
2026-09-11 19:39:09.740,1789166349.7404304,-540
2026-09-11 19:39:09.748,1789166349.7481227,-223
2026-09-11 19:39:09.755,1789166349.755815,-24
2026-09-11 19:39:09.763,1789166349.7635074,-133
2026-09-11 19:39:09.771,1789166349.7711997,-106
2026-09-11 19:39:09.778,1789166349.778892,-33
2026-09-11 19:39:09.786,1789166349.7865844,-67
2026-09-11 19:39:09.794,1789166349.7942765,-75
2026-09-11 19:39:09.801,1789166349.8019688,-33
2026-09-11 19:39:09.809,1789166349.8096611,-21
2026-09-11 19:39:09.816,1789166349.816792,-21
2026-09-11 19:39:09.824,1789166349.8244843,-12
2026-09-11 19:39:09.832,1789166349.8321767,-4
2026-09-11 19:39:09.839,1789166349.839869,7
2026-09-11 19:39:09.847,1789166349.8475614,26
2026-09-11 19:39:09.855,1789166349.8552535,31
2026-09-11 19:39:09.862,1789166349.8629458,43
2026-09-11 19:39:09.870,1789166349.8706381,60
2026-09-11 19:39:09.878,1789166349.8783305,67
2026-09-11 19:39:09.886,1789166349.8860228,77
2026-09-11 19:39:09.893,1789166349.8937151,99
2026-09-11 19:39:09.901,1789166349.9014075,111
2026-09-11 19:39:09.909,1789166349.9090998,113
2026-09-11 19:39:09.916,1789166349.916792,111
2026-09-11 19:39:09.924,1789166349.9244843,109
2026-09-11 19:39:09.932,1789166349.9321766,111
2026-09-11 19:39:09.939,1789166349.939869,116
2026-09-11 19:39:09.947,1789166349.9475613,106
2026-09-11 19:39:09.955,1789166349.9552536,77
2026-09-11 19:39:09.962,1789166349.962946,43
2026-09-11 19:39:09.970,1789166349.9706383,14
2026-09-11 19:39:09.978,1789166349.9783304,-14
2026-09-11 19:39:09.986,1789166349.9860227,-43
2026-09-11 19:39:09.993,1789166349.993715,-65
2026-09-11 19:39:10.001,1789166350.0014074,-82
2026-09-11 19:39:10.009,1789166350.0090997,-89
2026-09-11 19:39:10.016,1789166350.016792,-82
2026-09-11 19:39:10.024,1789166350.0244844,-67
2026-09-11 19:39:10.032,1789166350.0321767,-53
2026-09-11 19:39:10.039,1789166350.0398688,-48
2026-09-11 19:39:10.047,1789166350.0475612,-48
2026-09-11 19:39:10.055,1789166350.0552535,-43
2026-09-11 19:39:10.062,1789166350.0629458,-36
2026-09-11 19:39:10.070,1789166350.0706382,-24
2026-09-11 19:39:10.078,1789166350.0783305,-12
2026-09-11 19:39:10.086,1789166350.0860229,-21
2026-09-11 19:39:10.093,1789166350.0937152,-33
2026-09-11 19:39:10.101,1789166350.1014073,-26
2026-09-11 19:39:10.109,1789166350.1090996,-19
2026-09-11 19:39:10.116,1789166350.116792,-29
2026-09-11 19:39:10.124,1789166350.1244843,-41
2026-09-11 19:39:10.132,1789166350.1321766,-41
2026-09-11 19:39:10.139,1789166350.139869,-41
2026-09-11 19:39:10.147,1789166350.1475613,-36
2026-09-11 19:39:10.155,1789166350.1552536,-14
2026-09-11 19:39:10.162,1789166350.1629457,9
2026-09-11 19:39:10.170,1789166350.170638,19
2026-09-11 19:39:10.178,1789166350.1783304,12
2026-09-11 19:39:10.186,1789166350.1860228,-7
2026-09-11 19:39:10.193,1789166350.193715,-24
2026-09-11 19:39:10.201,1789166350.2014074,-36
2026-09-11 19:39:10.209,1789166350.2090998,-38
2026-09-11 19:39:10.216,1789166350.216792,-41
2026-09-11 19:39:10.224,1789166350.2244842,-43
2026-09-11 19:39:10.232,1789166350.2321765,-33
2026-09-11 19:39:10.239,1789166350.2398689,-31
2026-09-11 19:39:10.247,1789166350.2475612,-48
2026-09-11 19:39:10.255,1789166350.2552536,-55
2026-09-11 19:39:10.262,1789166350.262946,-41
2026-09-11 19:39:10.270,1789166350.2706382,21
2026-09-11 19:39:10.278,1789166350.2783306,242
2026-09-11 19:39:10.286,1789166350.2860227,603
2026-09-11 19:39:10.293,1789166350.293715,892
2026-09-11 19:39:10.301,1789166350.3014073,698
2026-09-11 19:39:10.309,1789166350.3090997,-82
2026-09-11 19:39:10.316,1789166350.316792,-545
2026-09-11 19:39:10.324,1789166350.3244843,-242
2026-09-11 19:39:10.332,1789166350.3321767,-19
2026-09-11 19:39:10.339,1789166350.339869,-128
2026-09-11 19:39:10.347,1789166350.3475614,-97
2026-09-11 19:39:10.355,1789166350.3552535,-4
2026-09-11 19:39:10.362,1789166350.3629458,-50
2026-09-11 19:39:10.370,1789166350.3706381,-60
2026-09-11 19:39:10.377,1789166350.3777685,-9
2026-09-11 19:39:10.385,1789166350.3854609,-16
2026-09-11 19:39:10.393,1789166350.3931532,-21
2026-09-11 19:39:10.400,1789166350.4008455,7
2026-09-11 19:39:10.408,1789166350.4085379,21
2026-09-11 19:39:10.416,1789166350.41623,29
2026-09-11 19:39:10.423,1789166350.4239223,46
2026-09-11 19:39:10.431,1789166350.4316146,67
2026-09-11 19:39:10.439,1789166350.439307,80
2026-09-11 19:39:10.446,1789166350.4469993,84
2026-09-11 19:39:10.454,1789166350.4546916,97
2026-09-11 19:39:10.462,1789166350.462384,118
2026-09-11 19:39:10.470,1789166350.4700763,138
2026-09-11 19:39:10.477,1789166350.4777684,147
2026-09-11 19:39:10.485,1789166350.4854608,157
2026-09-11 19:39:10.493,1789166350.493153,162
2026-09-11 19:39:10.500,1789166350.5008454,147
2026-09-11 19:39:10.508,1789166350.5085378,138
2026-09-11 19:39:10.516,1789166350.51623,140
2026-09-11 19:39:10.523,1789166350.5239224,118
2026-09-11 19:39:10.531,1789166350.5316148,82
2026-09-11 19:39:10.539,1789166350.5393069,53
2026-09-11 19:39:10.546,1789166350.5469992,12
2026-09-11 19:39:10.554,1789166350.5546916,-24
2026-09-11 19:39:10.562,1789166350.562384,-36
2026-09-11 19:39:10.570,1789166350.5700762,-53
2026-09-11 19:39:10.577,1789166350.5777686,-70
2026-09-11 19:39:10.585,1789166350.585461,-72
2026-09-11 19:39:10.593,1789166350.5931532,-67
2026-09-11 19:39:10.600,1789166350.6008453,-63
2026-09-11 19:39:10.608,1789166350.6085377,-53
2026-09-11 19:39:10.616,1789166350.61623,-43
2026-09-11 19:39:10.623,1789166350.6239223,-33
2026-09-11 19:39:10.631,1789166350.6316147,-19
2026-09-11 19:39:10.639,1789166350.639307,-9
2026-09-11 19:39:10.646,1789166350.6469994,-7
2026-09-11 19:39:10.654,1789166350.6546917,0
2026-09-11 19:39:10.662,1789166350.6623838,2
2026-09-11 19:39:10.670,1789166350.6700761,2
2026-09-11 19:39:10.677,1789166350.6777685,7
2026-09-11 19:39:10.685,1789166350.6854608,7
2026-09-11 19:39:10.693,1789166350.6931531,-2
2026-09-11 19:39:10.700,1789166350.7008455,-4
2026-09-11 19:39:10.708,1789166350.7085378,0
2026-09-11 19:39:10.716,1789166350.7162302,4
2026-09-11 19:39:10.723,1789166350.7239223,14
2026-09-11 19:39:10.731,1789166350.7316146,33
2026-09-11 19:39:10.739,1789166350.739307,41
2026-09-11 19:39:10.746,1789166350.7469993,38
2026-09-11 19:39:10.754,1789166350.7546916,26
2026-09-11 19:39:10.762,1789166350.762384,4
2026-09-11 19:39:10.770,1789166350.7700763,-9
2026-09-11 19:39:10.777,1789166350.7777686,-12
2026-09-11 19:39:10.785,1789166350.7854607,-9
2026-09-11 19:39:10.793,1789166350.793153,-14
2026-09-11 19:39:10.800,1789166350.8008454,-14
2026-09-11 19:39:10.808,1789166350.8085377,-4
2026-09-11 19:39:10.816,1789166350.81623,-2
2026-09-11 19:39:10.823,1789166350.8239224,-9
2026-09-11 19:39:10.831,1789166350.8316147,-9
2026-09-11 19:39:10.839,1789166350.839307,50
2026-09-11 19:39:10.846,1789166350.8469992,249
2026-09-11 19:39:10.854,1789166350.8546915,572
2026-09-11 19:39:10.862,1789166350.8623838,868
2026-09-11 19:39:10.870,1789166350.8700762,759
2026-09-11 19:39:10.877,1789166350.8777685,33
2026-09-11 19:39:10.885,1789166350.8854609,-492
2026-09-11 19:39:10.893,1789166350.8931532,-230
2026-09-11 19:39:10.900,1789166350.9008455,24
2026-09-11 19:39:10.908,1789166350.9085379,-92
2026-09-11 19:39:10.916,1789166350.91623,-97
2026-09-11 19:39:10.923,1789166350.9239223,-7
2026-09-11 19:39:10.931,1789166350.9316146,-26
2026-09-11 19:39:10.938,1789166350.9387658,-41
2026-09-11 19:39:10.946,1789166350.946458,-4
2026-09-11 19:39:10.954,1789166350.9541504,-2
2026-09-11 19:39:10.961,1789166350.9618428,-4
2026-09-11 19:39:10.969,1789166350.969535,14
2026-09-11 19:39:10.977,1789166350.9772272,29
2026-09-11 19:39:10.984,1789166350.9849195,33
2026-09-11 19:39:10.992,1789166350.992612,46
2026-09-11 19:39:11.000,1789166351.0003042,58
2026-09-11 19:39:11.007,1789166351.0079966,67
2026-09-11 19:39:11.015,1789166351.015689,82
2026-09-11 19:39:11.023,1789166351.0233812,99
2026-09-11 19:39:11.031,1789166351.0310736,111
2026-09-11 19:39:11.038,1789166351.0387657,116
2026-09-11 19:39:11.046,1789166351.046458,121
2026-09-11 19:39:11.054,1789166351.0541503,126
2026-09-11 19:39:11.061,1789166351.0618427,126
2026-09-11 19:39:11.069,1789166351.069535,126
2026-09-11 19:39:11.077,1789166351.0772274,123
2026-09-11 19:39:11.084,1789166351.0849197,113
2026-09-11 19:39:11.092,1789166351.092612,94
2026-09-11 19:39:11.100,1789166351.1003041,72
2026-09-11 19:39:11.107,1789166351.1079965,46
2026-09-11 19:39:11.115,1789166351.1156888,16
2026-09-11 19:39:11.123,1789166351.1233811,-4
2026-09-11 19:39:11.131,1789166351.1310735,-24
2026-09-11 19:39:11.138,1789166351.1387658,-33
2026-09-11 19:39:11.146,1789166351.1464581,-38
2026-09-11 19:39:11.154,1789166351.1541505,-41
2026-09-11 19:39:11.161,1789166351.1618426,-43
2026-09-11 19:39:11.169,1789166351.169535,-36
2026-09-11 19:39:11.177,1789166351.1772273,-26
2026-09-11 19:39:11.184,1789166351.1849196,-19
2026-09-11 19:39:11.192,1789166351.192612,-12
2026-09-11 19:39:11.200,1789166351.2003043,-4
2026-09-11 19:39:11.207,1789166351.2079966,-2
2026-09-11 19:39:11.215,1789166351.215689,2
2026-09-11 19:39:11.223,1789166351.223381,7
2026-09-11 19:39:11.231,1789166351.2310734,9
2026-09-11 19:39:11.238,1789166351.2387657,7
2026-09-11 19:39:11.246,1789166351.246458,7
2026-09-11 19:39:11.254,1789166351.2541504,0
2026-09-11 19:39:11.261,1789166351.2618427,-7
2026-09-11 19:39:11.269,1789166351.269535,-4
2026-09-11 19:39:11.277,1789166351.2772274,0
2026-09-11 19:39:11.284,1789166351.2849195,4
2026-09-11 19:39:11.292,1789166351.2926118,19
2026-09-11 19:39:11.300,1789166351.3003042,38
2026-09-11 19:39:11.307,1789166351.3079965,50
2026-09-11 19:39:11.315,1789166351.3156888,50
2026-09-11 19:39:11.323,1789166351.3233812,41
2026-09-11 19:39:11.331,1789166351.3310735,19
2026-09-11 19:39:11.338,1789166351.3387659,0
2026-09-11 19:39:11.346,1789166351.346458,-4
2026-09-11 19:39:11.354,1789166351.3541503,-2
2026-09-11 19:39:11.361,1789166351.3618426,-2
2026-09-11 19:39:11.369,1789166351.369535,-4
2026-09-11 19:39:11.377,1789166351.3772273,-2
2026-09-11 19:39:11.384,1789166351.3849196,2
2026-09-11 19:39:11.392,1789166351.392612,2
2026-09-11 19:39:11.400,1789166351.4003043,0
2026-09-11 19:39:11.407,1789166351.4079964,67
2026-09-11 19:39:11.415,1789166351.4156888,266
2026-09-11 19:39:11.423,1789166351.423381,567
2026-09-11 19:39:11.431,1789166351.4310734,899
2026-09-11 19:39:11.438,1789166351.4387658,853
2026-09-11 19:39:11.446,1789166351.446458,128
2026-09-11 19:39:11.454,1789166351.4541504,-424
2026-09-11 19:39:11.461,1789166351.4618428,-196
2026-09-11 19:39:11.469,1789166351.469535,29
2026-09-11 19:39:11.477,1789166351.4772272,-92
2026-09-11 19:39:11.484,1789166351.4849195,-101
2026-09-11 19:39:11.492,1789166351.492612,-16
2026-09-11 19:39:11.499,1789166351.4997528,-41
2026-09-11 19:39:11.507,1789166351.507445,-53
2026-09-11 19:39:11.515,1789166351.5151374,-16
2026-09-11 19:39:11.522,1789166351.5228298,-9
2026-09-11 19:39:11.530,1789166351.530522,-9
2026-09-11 19:39:11.538,1789166351.5382142,2
2026-09-11 19:39:11.545,1789166351.5459065,12
2026-09-11 19:39:11.553,1789166351.5535989,19
2026-09-11 19:39:11.561,1789166351.5612912,29
2026-09-11 19:39:11.568,1789166351.5689836,36
2026-09-11 19:39:11.576,1789166351.576676,43
2026-09-11 19:39:11.584,1789166351.5843682,55
2026-09-11 19:39:11.592,1789166351.5920606,65
2026-09-11 19:39:11.599,1789166351.5997527,77
2026-09-11 19:39:11.607,1789166351.607445,87
2026-09-11 19:39:11.615,1789166351.6151373,89
2026-09-11 19:39:11.622,1789166351.6228297,89
2026-09-11 19:39:11.630,1789166351.630522,92
2026-09-11 19:39:11.638,1789166351.6382143,87
2026-09-11 19:39:11.645,1789166351.6459067,82
2026-09-11 19:39:11.653,1789166351.653599,75
2026-09-11 19:39:11.661,1789166351.6612911,65
2026-09-11 19:39:11.668,1789166351.6689835,53
2026-09-11 19:39:11.676,1789166351.6766758,38
2026-09-11 19:39:11.684,1789166351.6843681,19
2026-09-11 19:39:11.692,1789166351.6920605,2
2026-09-11 19:39:11.699,1789166351.6997528,-9
2026-09-11 19:39:11.707,1789166351.7074451,-16
2026-09-11 19:39:11.715,1789166351.7151375,-21
2026-09-11 19:39:11.722,1789166351.7228296,-19
2026-09-11 19:39:11.730,1789166351.730522,-14
2026-09-11 19:39:11.738,1789166351.7382143,-9
2026-09-11 19:39:11.745,1789166351.7459066,-2
2026-09-11 19:39:11.753,1789166351.753599,7
2026-09-11 19:39:11.761,1789166351.7612913,12
2026-09-11 19:39:11.768,1789166351.7689836,16
2026-09-11 19:39:11.776,1789166351.776676,21
2026-09-11 19:39:11.784,1789166351.784368,21
2026-09-11 19:39:11.792,1789166351.7920604,21
2026-09-11 19:39:11.799,1789166351.7997527,21
2026-09-11 19:39:11.807,1789166351.807445,21
2026-09-11 19:39:11.815,1789166351.8151374,21
2026-09-11 19:39:11.822,1789166351.8228297,16
2026-09-11 19:39:11.830,1789166351.830522,9
2026-09-11 19:39:11.838,1789166351.8382144,4
2026-09-11 19:39:11.845,1789166351.8459065,7
2026-09-11 19:39:11.853,1789166351.8535988,9
2026-09-11 19:39:11.861,1789166351.8612912,16
2026-09-11 19:39:11.868,1789166351.8689835,38
2026-09-11 19:39:11.876,1789166351.8766758,60
2026-09-11 19:39:11.884,1789166351.8843682,70
2026-09-11 19:39:11.892,1789166351.8920605,60
2026-09-11 19:39:11.899,1789166351.8997529,43
2026-09-11 19:39:11.907,1789166351.907445,29
2026-09-11 19:39:11.915,1789166351.9151373,12
2026-09-11 19:39:11.922,1789166351.9228296,4
2026-09-11 19:39:11.930,1789166351.930522,4
2026-09-11 19:39:11.938,1789166351.9382143,4
2026-09-11 19:39:11.945,1789166351.9459066,7
2026-09-11 19:39:11.953,1789166351.953599,9
2026-09-11 19:39:11.961,1789166351.9612913,7
2026-09-11 19:39:11.968,1789166351.9689834,-2
2026-09-11 19:39:11.976,1789166351.9766757,0
2026-09-11 19:39:11.984,1789166351.984368,77
2026-09-11 19:39:11.992,1789166351.9920604,271
2026-09-11 19:39:11.999,1789166351.9997528,565
2026-09-11 19:39:12.007,1789166352.007445,904
2026-09-11 19:39:12.015,1789166352.0151374,836
2026-09-11 19:39:12.022,1789166352.0228298,84
2026-09-11 19:39:12.030,1789166352.030522,-417
2026-09-11 19:39:12.038,1789166352.0382142,-160
2026-09-11 19:39:12.045,1789166352.0459065,31
2026-09-11 19:39:12.053,1789166352.0535989,-97
2026-09-11 19:39:12.060,1789166352.0607295,-92
2026-09-11 19:39:12.068,1789166352.0684218,-16
2026-09-11 19:39:12.076,1789166352.0761142,-43
2026-09-11 19:39:12.083,1789166352.0838065,-53
2026-09-11 19:39:12.091,1789166352.0914989,-16
2026-09-11 19:39:12.099,1789166352.099191,-9
2026-09-11 19:39:12.106,1789166352.1068833,-4
2026-09-11 19:39:12.114,1789166352.1145756,9
2026-09-11 19:39:12.122,1789166352.122268,12
2026-09-11 19:39:12.129,1789166352.1299603,14
2026-09-11 19:39:12.137,1789166352.1376526,29
2026-09-11 19:39:12.145,1789166352.145345,38
2026-09-11 19:39:12.153,1789166352.1530373,46
2026-09-11 19:39:12.160,1789166352.1607294,53
2026-09-11 19:39:12.168,1789166352.1684217,63
2026-09-11 19:39:12.176,1789166352.176114,72
2026-09-11 19:39:12.183,1789166352.1838064,82
2026-09-11 19:39:12.191,1789166352.1914988,87
2026-09-11 19:39:12.199,1789166352.199191,87
2026-09-11 19:39:12.206,1789166352.2068834,87
2026-09-11 19:39:12.214,1789166352.2145758,84
2026-09-11 19:39:12.222,1789166352.2222679,80
2026-09-11 19:39:12.229,1789166352.2299602,77
2026-09-11 19:39:12.237,1789166352.2376525,65
2026-09-11 19:39:12.245,1789166352.2453449,53
2026-09-11 19:39:12.253,1789166352.2530372,38
2026-09-11 19:39:12.260,1789166352.2607296,21
2026-09-11 19:39:12.268,1789166352.268422,2
2026-09-11 19:39:12.276,1789166352.2761142,-14
2026-09-11 19:39:12.283,1789166352.2838063,-21
2026-09-11 19:39:12.291,1789166352.2914987,-24
2026-09-11 19:39:12.299,1789166352.299191,-26
2026-09-11 19:39:12.306,1789166352.3068833,-24
2026-09-11 19:39:12.314,1789166352.3145757,-19
2026-09-11 19:39:12.322,1789166352.322268,-9
2026-09-11 19:39:12.329,1789166352.3299603,-2
2026-09-11 19:39:12.337,1789166352.3376527,0
2026-09-11 19:39:12.345,1789166352.3453448,4
2026-09-11 19:39:12.353,1789166352.353037,9
2026-09-11 19:39:12.360,1789166352.3607295,7
2026-09-11 19:39:12.368,1789166352.3684218,9
2026-09-11 19:39:12.376,1789166352.3761141,16
2026-09-11 19:39:12.383,1789166352.3838065,12
2026-09-11 19:39:12.391,1789166352.3914988,7
2026-09-11 19:39:12.399,1789166352.3991911,9
2026-09-11 19:39:12.406,1789166352.4068832,7
2026-09-11 19:39:12.414,1789166352.4145756,-12
2026-09-11 19:39:12.422,1789166352.422268,-24
2026-09-11 19:39:12.429,1789166352.4299603,-16
2026-09-11 19:39:12.437,1789166352.4376526,-7
2026-09-11 19:39:12.445,1789166352.445345,-2
2026-09-11 19:39:12.453,1789166352.4530373,2
2026-09-11 19:39:12.460,1789166352.4607296,19
2026-09-11 19:39:12.468,1789166352.4684217,38
2026-09-11 19:39:12.476,1789166352.476114,43
2026-09-11 19:39:12.483,1789166352.4838064,29
2026-09-11 19:39:12.491,1789166352.4914987,7
2026-09-11 19:39:12.499,1789166352.499191,-14
2026-09-11 19:39:12.506,1789166352.5068834,-24
2026-09-11 19:39:12.514,1789166352.5145757,-29
2026-09-11 19:39:12.522,1789166352.522268,-38
2026-09-11 19:39:12.529,1789166352.5299602,-38
2026-09-11 19:39:12.537,1789166352.5376525,-26
2026-09-11 19:39:12.545,1789166352.5453448,-29
2026-09-11 19:39:12.553,1789166352.5530372,-43
2026-09-11 19:39:12.560,1789166352.5607295,-43
2026-09-11 19:39:12.568,1789166352.5684218,-21
2026-09-11 19:39:12.576,1789166352.5761142,84
2026-09-11 19:39:12.583,1789166352.5838065,327
2026-09-11 19:39:12.591,1789166352.5914989,652
2026-09-11 19:39:12.599,1789166352.599191,858
2026-09-11 19:39:12.606,1789166352.6068833,499
2026-09-11 19:39:12.614,1789166352.6145756,-276
2026-09-11 19:39:12.621,1789166352.6217065,-472
2026-09-11 19:39:12.629,1789166352.6293988,-104
2026-09-11 19:39:12.637,1789166352.6370912,-26
2026-09-11 19:39:12.644,1789166352.6447835,-145
2026-09-11 19:39:12.652,1789166352.6524758,-84
2026-09-11 19:39:12.660,1789166352.660168,-36
2026-09-11 19:39:12.667,1789166352.6678603,-75
2026-09-11 19:39:12.675,1789166352.6755526,-58
2026-09-11 19:39:12.683,1789166352.683245,-19
2026-09-11 19:39:12.690,1789166352.6909373,-29
2026-09-11 19:39:12.698,1789166352.6986296,-38
2026-09-11 19:39:12.706,1789166352.706322,-24
2026-09-11 19:39:12.714,1789166352.7140143,-2
2026-09-11 19:39:12.721,1789166352.7217064,12
2026-09-11 19:39:12.729,1789166352.7293987,24
2026-09-11 19:39:12.737,1789166352.737091,41
2026-09-11 19:39:12.744,1789166352.7447834,48
2026-09-11 19:39:12.752,1789166352.7524757,48
2026-09-11 19:39:12.760,1789166352.760168,65
2026-09-11 19:39:12.767,1789166352.7678604,87
2026-09-11 19:39:12.775,1789166352.7755527,94
2026-09-11 19:39:12.783,1789166352.7832448,101
2026-09-11 19:39:12.790,1789166352.7909372,121
2026-09-11 19:39:12.798,1789166352.7986295,123
2026-09-11 19:39:12.806,1789166352.8063219,111
2026-09-11 19:39:12.814,1789166352.8140142,106
2026-09-11 19:39:12.821,1789166352.8217065,104
2026-09-11 19:39:12.829,1789166352.8293989,89
2026-09-11 19:39:12.837,1789166352.8370912,60
2026-09-11 19:39:12.844,1789166352.8447833,26
2026-09-11 19:39:12.852,1789166352.8524756,-9
2026-09-11 19:39:12.860,1789166352.860168,-36
2026-09-11 19:39:12.867,1789166352.8678603,-48
2026-09-11 19:39:12.875,1789166352.8755527,-63
2026-09-11 19:39:12.883,1789166352.883245,-82
2026-09-11 19:39:12.890,1789166352.8909373,-84
2026-09-11 19:39:12.898,1789166352.8986297,-67
2026-09-11 19:39:12.906,1789166352.9063218,-58
2026-09-11 19:39:12.914,1789166352.914014,-55
2026-09-11 19:39:12.921,1789166352.9217064,-48
2026-09-11 19:39:12.929,1789166352.9293988,-43
2026-09-11 19:39:12.937,1789166352.937091,-38
2026-09-11 19:39:12.944,1789166352.9447834,-26
2026-09-11 19:39:12.952,1789166352.9524758,-12
2026-09-11 19:39:12.960,1789166352.9601681,-14
2026-09-11 19:39:12.967,1789166352.9678602,-21
2026-09-11 19:39:12.975,1789166352.9755526,-19
2026-09-11 19:39:12.983,1789166352.983245,-21
2026-09-11 19:39:12.990,1789166352.9909372,-29
2026-09-11 19:39:12.998,1789166352.9986296,-38
2026-09-11 19:39:13.006,1789166353.006322,-41
2026-09-11 19:39:13.014,1789166353.0140142,-36
2026-09-11 19:39:13.021,1789166353.0217066,-24
2026-09-11 19:39:13.029,1789166353.0293987,-19
2026-09-11 19:39:13.037,1789166353.037091,0
2026-09-11 19:39:13.044,1789166353.0447834,31
2026-09-11 19:39:13.052,1789166353.0524757,38
2026-09-11 19:39:13.060,1789166353.060168,14
2026-09-11 19:39:13.067,1789166353.0678604,-14
2026-09-11 19:39:13.075,1789166353.0755527,-31
2026-09-11 19:39:13.083,1789166353.083245,-31
2026-09-11 19:39:13.090,1789166353.0909371,-33
2026-09-11 19:39:13.098,1789166353.0986295,-38
2026-09-11 19:39:13.106,1789166353.1063218,-38
2026-09-11 19:39:13.114,1789166353.1140141,-29
2026-09-11 19:39:13.121,1789166353.1217065,-26
2026-09-11 19:39:13.129,1789166353.1293988,-36
2026-09-11 19:39:13.137,1789166353.1370912,-38
2026-09-11 19:39:13.144,1789166353.1447835,-14
2026-09-11 19:39:13.152,1789166353.1524758,97
2026-09-11 19:39:13.160,1789166353.160168,375
2026-09-11 19:39:13.167,1789166353.1678603,754
2026-09-11 19:39:13.175,1789166353.1755526,921
2026-09-11 19:39:13.182,1789166353.1826832,431
2026-09-11 19:39:13.190,1789166353.1903756,-380
2026-09-11 19:39:13.198,1789166353.198068,-487
2026-09-11 19:39:13.205,1789166353.2057602,-75
2026-09-11 19:39:13.213,1789166353.2134526,-31
2026-09-11 19:39:13.221,1789166353.2211447,-140
2026-09-11 19:39:13.228,1789166353.228837,-67
2026-09-11 19:39:13.236,1789166353.2365294,-36
2026-09-11 19:39:13.244,1789166353.2442217,-50
2026-09-11 19:39:13.251,1789166353.251914,-31
2026-09-11 19:39:13.259,1789166353.2596064,-31
2026-09-11 19:39:13.267,1789166353.2672987,-24
2026-09-11 19:39:13.274,1789166353.274991,14
2026-09-11 19:39:13.282,1789166353.2826831,26
2026-09-11 19:39:13.290,1789166353.2903755,14
2026-09-11 19:39:13.298,1789166353.2980678,29
2026-09-11 19:39:13.305,1789166353.3057601,48
2026-09-11 19:39:13.313,1789166353.3134525,55
2026-09-11 19:39:13.321,1789166353.3211448,75
2026-09-11 19:39:13.328,1789166353.3288372,89
2026-09-11 19:39:13.336,1789166353.3365295,97
2026-09-11 19:39:13.344,1789166353.3442216,128
2026-09-11 19:39:13.351,1789166353.351914,143
2026-09-11 19:39:13.359,1789166353.3596063,135
2026-09-11 19:39:13.367,1789166353.3672986,155
2026-09-11 19:39:13.374,1789166353.374991,164
2026-09-11 19:39:13.382,1789166353.3826833,145
2026-09-11 19:39:13.390,1789166353.3903756,128
2026-09-11 19:39:13.398,1789166353.398068,118
2026-09-11 19:39:13.405,1789166353.40576,99
2026-09-11 19:39:13.413,1789166353.4134524,67
2026-09-11 19:39:13.421,1789166353.4211447,12
2026-09-11 19:39:13.428,1789166353.428837,-31
2026-09-11 19:39:13.436,1789166353.4365294,-36
2026-09-11 19:39:13.444,1789166353.4442217,-53
2026-09-11 19:39:13.451,1789166353.451914,-82
2026-09-11 19:39:13.459,1789166353.4596064,-75
2026-09-11 19:39:13.467,1789166353.4672985,-70
2026-09-11 19:39:13.474,1789166353.4749908,-80
2026-09-11 19:39:13.482,1789166353.4826832,-72
2026-09-11 19:39:13.490,1789166353.4903755,-63
2026-09-11 19:39:13.498,1789166353.4980679,-60
2026-09-11 19:39:13.505,1789166353.5057602,-46
2026-09-11 19:39:13.513,1789166353.5134525,-26
2026-09-11 19:39:13.521,1789166353.5211449,-24
2026-09-11 19:39:13.528,1789166353.528837,-24
2026-09-11 19:39:13.536,1789166353.5365293,-21
2026-09-11 19:39:13.544,1789166353.5442216,-16
2026-09-11 19:39:13.551,1789166353.551914,-7
2026-09-11 19:39:13.559,1789166353.5596063,-9
2026-09-11 19:39:13.567,1789166353.5672987,-16
2026-09-11 19:39:13.574,1789166353.574991,-12
2026-09-11 19:39:13.582,1789166353.5826833,-7
2026-09-11 19:39:13.590,1789166353.5903754,-12
2026-09-11 19:39:13.598,1789166353.5980678,-9
2026-09-11 19:39:13.605,1789166353.60576,9
2026-09-11 19:39:13.613,1789166353.6134524,26
2026-09-11 19:39:13.621,1789166353.6211448,31
2026-09-11 19:39:13.628,1789166353.628837,31
2026-09-11 19:39:13.636,1789166353.6365294,14
2026-09-11 19:39:13.644,1789166353.6442218,-12
2026-09-11 19:39:13.651,1789166353.651914,-16
2026-09-11 19:39:13.659,1789166353.6596062,-14
2026-09-11 19:39:13.667,1789166353.6672986,-16
2026-09-11 19:39:13.674,1789166353.674991,-21
2026-09-11 19:39:13.682,1789166353.6826832,-21
2026-09-11 19:39:13.690,1789166353.6903756,-16
2026-09-11 19:39:13.698,1789166353.698068,-9
2026-09-11 19:39:13.705,1789166353.7057602,-9
2026-09-11 19:39:13.713,1789166353.7134526,-7
2026-09-11 19:39:13.721,1789166353.7211447,77
2026-09-11 19:39:13.728,1789166353.728837,332
2026-09-11 19:39:13.736,1789166353.7365294,688
2026-09-11 19:39:13.743,1789166353.7436905,909
2026-09-11 19:39:13.751,1789166353.7513828,579
2026-09-11 19:39:13.759,1789166353.7590752,-220
2026-09-11 19:39:13.766,1789166353.7667675,-497
2026-09-11 19:39:13.774,1789166353.7744598,-111
2026-09-11 19:39:13.782,1789166353.782152,16
2026-09-11 19:39:13.789,1789166353.7898443,-116
2026-09-11 19:39:13.797,1789166353.7975366,-65
2026-09-11 19:39:13.805,1789166353.805229,-2
2026-09-11 19:39:13.812,1789166353.8129213,-38
2026-09-11 19:39:13.820,1789166353.8206136,-33
2026-09-11 19:39:13.828,1789166353.828306,2
2026-09-11 19:39:13.835,1789166353.8359983,-2
2026-09-11 19:39:13.843,1789166353.8436904,-4
2026-09-11 19:39:13.851,1789166353.8513827,14
2026-09-11 19:39:13.859,1789166353.859075,29
2026-09-11 19:39:13.866,1789166353.8667674,36
2026-09-11 19:39:13.874,1789166353.8744597,48
2026-09-11 19:39:13.882,1789166353.882152,58
2026-09-11 19:39:13.889,1789166353.8898444,67
2026-09-11 19:39:13.897,1789166353.8975368,84
2026-09-11 19:39:13.905,1789166353.9052289,99
2026-09-11 19:39:13.912,1789166353.9129212,109
2026-09-11 19:39:13.920,1789166353.9206135,116
2026-09-11 19:39:13.928,1789166353.9283059,128
2026-09-11 19:39:13.935,1789166353.9359982,135
2026-09-11 19:39:13.943,1789166353.9436905,133
2026-09-11 19:39:13.951,1789166353.9513829,130
2026-09-11 19:39:13.959,1789166353.9590752,121
2026-09-11 19:39:13.966,1789166353.9667673,106
2026-09-11 19:39:13.974,1789166353.9744596,89
2026-09-11 19:39:13.982,1789166353.982152,65
2026-09-11 19:39:13.989,1789166353.9898443,36
2026-09-11 19:39:13.997,1789166353.9975367,7
2026-09-11 19:39:14.005,1789166354.005229,-16
2026-09-11 19:39:14.012,1789166354.0129213,-36
2026-09-11 19:39:14.020,1789166354.0206137,-46
2026-09-11 19:39:14.028,1789166354.0283058,-46
2026-09-11 19:39:14.035,1789166354.035998,-46
2026-09-11 19:39:14.043,1789166354.0436904,-46
2026-09-11 19:39:14.051,1789166354.0513828,-41
2026-09-11 19:39:14.059,1789166354.059075,-29
2026-09-11 19:39:14.066,1789166354.0667675,-19
2026-09-11 19:39:14.074,1789166354.0744598,-14
2026-09-11 19:39:14.082,1789166354.0821521,-7
2026-09-11 19:39:14.089,1789166354.0898442,-2
2026-09-11 19:39:14.097,1789166354.0975366,0
2026-09-11 19:39:14.105,1789166354.105229,0
2026-09-11 19:39:14.112,1789166354.1129212,2
2026-09-11 19:39:14.120,1789166354.1206136,4
2026-09-11 19:39:14.128,1789166354.128306,7
2026-09-11 19:39:14.135,1789166354.1359982,0
2026-09-11 19:39:14.143,1789166354.1436906,-9
2026-09-11 19:39:14.151,1789166354.1513827,-9
2026-09-11 19:39:14.159,1789166354.159075,-4
2026-09-11 19:39:14.166,1789166354.1667674,0
2026-09-11 19:39:14.174,1789166354.1744597,12
2026-09-11 19:39:14.182,1789166354.182152,31
2026-09-11 19:39:14.189,1789166354.1898444,46
2026-09-11 19:39:14.197,1789166354.1975367,46
2026-09-11 19:39:14.205,1789166354.205229,29
2026-09-11 19:39:14.212,1789166354.2129211,12
2026-09-11 19:39:14.220,1789166354.2206135,-2
2026-09-11 19:39:14.228,1789166354.2283058,-7
2026-09-11 19:39:14.235,1789166354.2359982,-7
2026-09-11 19:39:14.243,1789166354.2436905,-7
2026-09-11 19:39:14.251,1789166354.2513828,-4
2026-09-11 19:39:14.259,1789166354.2590752,-4
2026-09-11 19:39:14.266,1789166354.2667675,-2
2026-09-11 19:39:14.274,1789166354.2744598,-7
2026-09-11 19:39:14.282,1789166354.282152,-2
2026-09-11 19:39:14.289,1789166354.2898443,72
2026-09-11 19:39:14.297,1789166354.2975366,269
2026-09-11 19:39:14.304,1789166354.3046672,565
2026-09-11 19:39:14.312,1789166354.3123596,894
2026-09-11 19:39:14.320,1789166354.320052,856
2026-09-11 19:39:14.327,1789166354.3277442,138
2026-09-11 19:39:14.335,1789166354.3354366,-424
2026-09-11 19:39:14.343,1789166354.3431287,-201
2026-09-11 19:39:14.350,1789166354.350821,31
2026-09-11 19:39:14.358,1789166354.3585134,-94
2026-09-11 19:39:14.366,1789166354.3662057,-106
2026-09-11 19:39:14.373,1789166354.373898,-19
2026-09-11 19:39:14.381,1789166354.3815904,-36
2026-09-11 19:39:14.389,1789166354.3892827,-48
2026-09-11 19:39:14.396,1789166354.396975,-14
2026-09-11 19:39:14.404,1789166354.4046671,-7
2026-09-11 19:39:14.412,1789166354.4123595,-12
2026-09-11 19:39:14.420,1789166354.4200518,0
2026-09-11 19:39:14.427,1789166354.4277442,12
2026-09-11 19:39:14.435,1789166354.4354365,19
2026-09-11 19:39:14.443,1789166354.4431288,29
2026-09-11 19:39:14.450,1789166354.4508212,41
2026-09-11 19:39:14.458,1789166354.4585135,48
2026-09-11 19:39:14.466,1789166354.4662056,53
2026-09-11 19:39:14.473,1789166354.473898,63
2026-09-11 19:39:14.481,1789166354.4815903,72
2026-09-11 19:39:14.489,1789166354.4892826,80
2026-09-11 19:39:14.496,1789166354.496975,84
2026-09-11 19:39:14.504,1789166354.5046673,89
2026-09-11 19:39:14.512,1789166354.5123596,87
2026-09-11 19:39:14.520,1789166354.520052,80
2026-09-11 19:39:14.527,1789166354.527744,72
2026-09-11 19:39:14.535,1789166354.5354364,67
2026-09-11 19:39:14.543,1789166354.5431287,63
2026-09-11 19:39:14.550,1789166354.550821,48
2026-09-11 19:39:14.558,1789166354.5585134,31
2026-09-11 19:39:14.566,1789166354.5662057,16
2026-09-11 19:39:14.573,1789166354.573898,2
2026-09-11 19:39:14.581,1789166354.5815904,-12
2026-09-11 19:39:14.589,1789166354.5892825,-19
2026-09-11 19:39:14.596,1789166354.5969748,-21
2026-09-11 19:39:14.604,1789166354.6046672,-21
2026-09-11 19:39:14.612,1789166354.6123595,-16
2026-09-11 19:39:14.620,1789166354.6200519,-9
2026-09-11 19:39:14.627,1789166354.6277442,-2
2026-09-11 19:39:14.635,1789166354.6354365,4
2026-09-11 19:39:14.643,1789166354.6431289,9
2026-09-11 19:39:14.650,1789166354.650821,14
2026-09-11 19:39:14.658,1789166354.6585133,19
2026-09-11 19:39:14.666,1789166354.6662056,19
2026-09-11 19:39:14.673,1789166354.673898,19
2026-09-11 19:39:14.681,1789166354.6815903,19
2026-09-11 19:39:14.689,1789166354.6892827,19
2026-09-11 19:39:14.696,1789166354.696975,16
2026-09-11 19:39:14.704,1789166354.7046673,14
2026-09-11 19:39:14.712,1789166354.7123594,14
2026-09-11 19:39:14.720,1789166354.7200518,9
2026-09-11 19:39:14.727,1789166354.727744,-2
2026-09-11 19:39:14.735,1789166354.7354364,-4
2026-09-11 19:39:14.743,1789166354.7431288,4
2026-09-11 19:39:14.750,1789166354.750821,12
2026-09-11 19:39:14.758,1789166354.7585135,24
2026-09-11 19:39:14.766,1789166354.7662058,46
2026-09-11 19:39:14.773,1789166354.773898,63
2026-09-11 19:39:14.781,1789166354.7815902,63
2026-09-11 19:39:14.789,1789166354.7892826,48
2026-09-11 19:39:14.796,1789166354.796975,31
2026-09-11 19:39:14.804,1789166354.8046672,12
2026-09-11 19:39:14.812,1789166354.8123596,0
2026-09-11 19:39:14.820,1789166354.820052,-2
2026-09-11 19:39:14.827,1789166354.8277442,-2
2026-09-11 19:39:14.835,1789166354.8354366,2
2026-09-11 19:39:14.843,1789166354.8431287,4
2026-09-11 19:39:14.850,1789166354.850821,4
2026-09-11 19:39:14.858,1789166354.8585134,-2
2026-09-11 19:39:14.865,1789166354.8656747,-2
2026-09-11 19:39:14.873,1789166354.873367,63
2026-09-11 19:39:14.881,1789166354.8810594,244
2026-09-11 19:39:14.888,1789166354.8887517,518
2026-09-11 19:39:14.896,1789166354.896444,863
2026-09-11 19:39:14.904,1789166354.9041362,936
2026-09-11 19:39:14.911,1789166354.9118285,286
2026-09-11 19:39:14.919,1789166354.9195209,-378
2026-09-11 19:39:14.927,1789166354.9272132,-244
2026-09-11 19:39:14.934,1789166354.9349055,29
2026-09-11 19:39:14.942,1789166354.9425979,-75
2026-09-11 19:39:14.950,1789166354.9502902,-116
2026-09-11 19:39:14.957,1789166354.9579825,-26
2026-09-11 19:39:14.965,1789166354.9656746,-33
2026-09-11 19:39:14.973,1789166354.973367,-58
2026-09-11 19:39:14.981,1789166354.9810593,-24
2026-09-11 19:39:14.988,1789166354.9887516,-9
2026-09-11 19:39:14.996,1789166354.996444,-16
2026-09-11 19:39:15.004,1789166355.0041363,-4
2026-09-11 19:39:15.011,1789166355.0118287,9
2026-09-11 19:39:15.019,1789166355.019521,16
2026-09-11 19:39:15.027,1789166355.027213,24
2026-09-11 19:39:15.034,1789166355.0349054,31
2026-09-11 19:39:15.042,1789166355.0425978,36
2026-09-11 19:39:15.050,1789166355.05029,43
2026-09-11 19:39:15.057,1789166355.0579824,53
2026-09-11 19:39:15.065,1789166355.0656748,65
2026-09-11 19:39:15.073,1789166355.073367,75
2026-09-11 19:39:15.081,1789166355.0810595,80
2026-09-11 19:39:15.088,1789166355.0887516,80
2026-09-11 19:39:15.096,1789166355.096444,80
2026-09-11 19:39:15.104,1789166355.1041362,75
2026-09-11 19:39:15.111,1789166355.1118286,67
2026-09-11 19:39:15.119,1789166355.119521,65
2026-09-11 19:39:15.127,1789166355.1272132,58
2026-09-11 19:39:15.134,1789166355.1349056,41
2026-09-11 19:39:15.142,1789166355.142598,33
2026-09-11 19:39:15.150,1789166355.15029,24
2026-09-11 19:39:15.157,1789166355.1579823,2
2026-09-11 19:39:15.165,1789166355.1656747,-19
2026-09-11 19:39:15.173,1789166355.173367,-24
2026-09-11 19:39:15.181,1789166355.1810594,-24
2026-09-11 19:39:15.188,1789166355.1887517,-26
2026-09-11 19:39:15.196,1789166355.196444,-26
2026-09-11 19:39:15.204,1789166355.2041364,-19
2026-09-11 19:39:15.211,1789166355.2118285,-14
2026-09-11 19:39:15.219,1789166355.2195208,-9
2026-09-11 19:39:15.227,1789166355.2272131,-4
2026-09-11 19:39:15.234,1789166355.2349055,2
2026-09-11 19:39:15.242,1789166355.2425978,7
2026-09-11 19:39:15.250,1789166355.2502902,9
2026-09-11 19:39:15.257,1789166355.2579825,4
2026-09-11 19:39:15.265,1789166355.2656748,2
2026-09-11 19:39:15.273,1789166355.273367,2
2026-09-11 19:39:15.281,1789166355.2810593,2
2026-09-11 19:39:15.288,1789166355.2887516,7
2026-09-11 19:39:15.296,1789166355.296444,9
2026-09-11 19:39:15.304,1789166355.3041363,4
2026-09-11 19:39:15.311,1789166355.3118286,-4
2026-09-11 19:39:15.319,1789166355.319521,-7
2026-09-11 19:39:15.327,1789166355.3272133,-12
2026-09-11 19:39:15.334,1789166355.3349054,-19
2026-09-11 19:39:15.342,1789166355.3425977,-12
2026-09-11 19:39:15.350,1789166355.35029,0
2026-09-11 19:39:15.357,1789166355.3579824,9
2026-09-11 19:39:15.365,1789166355.3656747,26
2026-09-11 19:39:15.373,1789166355.373367,50
2026-09-11 19:39:15.381,1789166355.3810594,53
2026-09-11 19:39:15.388,1789166355.3887517,36
2026-09-11 19:39:15.396,1789166355.396444,19
2026-09-11 19:39:15.404,1789166355.4041362,0
2026-09-11 19:39:15.411,1789166355.4118285,-16
2026-09-11 19:39:15.419,1789166355.4195209,-16
2026-09-11 19:39:15.426,1789166355.4266512,-16
2026-09-11 19:39:15.434,1789166355.4343436,-26
2026-09-11 19:39:15.442,1789166355.442036,-29
2026-09-11 19:39:15.449,1789166355.4497283,-24
2026-09-11 19:39:15.457,1789166355.4574206,-26
2026-09-11 19:39:15.465,1789166355.4651127,-36
2026-09-11 19:39:15.472,1789166355.472805,-14
2026-09-11 19:39:15.480,1789166355.4804974,118
2026-09-11 19:39:15.488,1789166355.4881897,358
2026-09-11 19:39:15.495,1789166355.495882,637
2026-09-11 19:39:15.503,1789166355.5035744,834
2026-09-11 19:39:15.511,1789166355.5112667,482
2026-09-11 19:39:15.518,1789166355.518959,-281
2026-09-11 19:39:15.526,1789166355.5266511,-451
2026-09-11 19:39:15.534,1789166355.5343435,-106
2026-09-11 19:39:15.542,1789166355.5420358,-58
2026-09-11 19:39:15.549,1789166355.5497282,-150
2026-09-11 19:39:15.557,1789166355.5574205,-80
2026-09-11 19:39:15.565,1789166355.5651128,-53
2026-09-11 19:39:15.572,1789166355.5728052,-89
2026-09-11 19:39:15.580,1789166355.5804975,-67
2026-09-11 19:39:15.588,1789166355.5881896,-41
2026-09-11 19:39:15.595,1789166355.595882,-48
2026-09-11 19:39:15.603,1789166355.6035743,-41
2026-09-11 19:39:15.611,1789166355.6112666,-21
2026-09-11 19:39:15.618,1789166355.618959,-14
2026-09-11 19:39:15.626,1789166355.6266513,-9
2026-09-11 19:39:15.634,1789166355.6343436,-2
2026-09-11 19:39:15.642,1789166355.642036,4
2026-09-11 19:39:15.649,1789166355.649728,26
2026-09-11 19:39:15.657,1789166355.6574204,53
2026-09-11 19:39:15.665,1789166355.6651127,63
2026-09-11 19:39:15.672,1789166355.672805,65
2026-09-11 19:39:15.680,1789166355.6804974,77
2026-09-11 19:39:15.688,1789166355.6881897,82
2026-09-11 19:39:15.695,1789166355.695882,77
2026-09-11 19:39:15.703,1789166355.7035744,75
2026-09-11 19:39:15.711,1789166355.7112665,72
2026-09-11 19:39:15.718,1789166355.7189589,82
2026-09-11 19:39:15.726,1789166355.7266512,84
2026-09-11 19:39:15.734,1789166355.7343435,63
2026-09-11 19:39:15.742,1789166355.7420359,33
2026-09-11 19:39:15.749,1789166355.7497282,14
2026-09-11 19:39:15.757,1789166355.7574205,-12
2026-09-11 19:39:15.765,1789166355.7651129,-48
2026-09-11 19:39:15.772,1789166355.772805,-70
2026-09-11 19:39:15.780,1789166355.7804973,-75
2026-09-11 19:39:15.788,1789166355.7881896,-75
2026-09-11 19:39:15.795,1789166355.795882,-75
2026-09-11 19:39:15.803,1789166355.8035743,-72
2026-09-11 19:39:15.811,1789166355.8112667,-67
2026-09-11 19:39:15.818,1789166355.818959,-63
2026-09-11 19:39:15.826,1789166355.8266513,-43
2026-09-11 19:39:15.834,1789166355.8343434,-26
2026-09-11 19:39:15.842,1789166355.8420358,-29
2026-09-11 19:39:15.849,1789166355.849728,-33
2026-09-11 19:39:15.857,1789166355.8574204,-29
2026-09-11 19:39:15.865,1789166355.8651128,-26
2026-09-11 19:39:15.872,1789166355.872805,-31
2026-09-11 19:39:15.880,1789166355.8804975,-33
2026-09-11 19:39:15.888,1789166355.8881898,-31
2026-09-11 19:39:15.895,1789166355.895882,-24
2026-09-11 19:39:15.903,1789166355.9035742,-21
2026-09-11 19:39:15.911,1789166355.9112666,-21
2026-09-11 19:39:15.918,1789166355.918959,-26
2026-09-11 19:39:15.926,1789166355.9266512,-38
2026-09-11 19:39:15.934,1789166355.9343436,-38
2026-09-11 19:39:15.942,1789166355.942036,-21
2026-09-11 19:39:15.949,1789166355.9497283,-9
2026-09-11 19:39:15.957,1789166355.9574206,9
2026-09-11 19:39:15.965,1789166355.9651127,26
2026-09-11 19:39:15.972,1789166355.972805,24
2026-09-11 19:39:15.980,1789166355.9804974,2
2026-09-11 19:39:15.987,1789166355.9876332,-14
2026-09-11 19:39:15.995,1789166355.9953256,-24
2026-09-11 19:39:16.003,1789166356.003018,-31
2026-09-11 19:39:16.010,1789166356.0107102,-36
2026-09-11 19:39:16.018,1789166356.0184026,-33
2026-09-11 19:39:16.026,1789166356.0260947,-31
2026-09-11 19:39:16.033,1789166356.033787,-29
2026-09-11 19:39:16.041,1789166356.0414793,-24
2026-09-11 19:39:16.049,1789166356.0491717,-26
2026-09-11 19:39:16.056,1789166356.056864,-41
2026-09-11 19:39:16.064,1789166356.0645564,-24
2026-09-11 19:39:16.072,1789166356.0722487,126
2026-09-11 19:39:16.079,1789166356.079941,426
2026-09-11 19:39:16.087,1789166356.0876331,771
2026-09-11 19:39:16.095,1789166356.0953255,858
2026-09-11 19:39:16.103,1789166356.1030178,288
2026-09-11 19:39:16.110,1789166356.1107101,-455
2026-09-11 19:39:16.118,1789166356.1184025,-431
2026-09-11 19:39:16.126,1789166356.1260948,-58
2026-09-11 19:39:16.133,1789166356.1337872,-72
2026-09-11 19:39:16.141,1789166356.1414795,-140
2026-09-11 19:39:16.149,1789166356.1491716,-43
2026-09-11 19:39:16.156,1789166356.156864,-31
2026-09-11 19:39:16.164,1789166356.1645563,-67
2026-09-11 19:39:16.172,1789166356.1722486,-38
2026-09-11 19:39:16.179,1789166356.179941,-9
2026-09-11 19:39:16.187,1789166356.1876333,-12
2026-09-11 19:39:16.195,1789166356.1953256,-9
2026-09-11 19:39:16.203,1789166356.203018,7
2026-09-11 19:39:16.210,1789166356.21071,14
2026-09-11 19:39:16.218,1789166356.2184024,12
2026-09-11 19:39:16.226,1789166356.2260947,26
2026-09-11 19:39:16.233,1789166356.233787,53
2026-09-11 19:39:16.241,1789166356.2414794,67
2026-09-11 19:39:16.249,1789166356.2491717,84
2026-09-11 19:39:16.256,1789166356.256864,104
2026-09-11 19:39:16.264,1789166356.2645564,99
2026-09-11 19:39:16.272,1789166356.2722485,99
2026-09-11 19:39:16.279,1789166356.2799408,121
2026-09-11 19:39:16.287,1789166356.2876332,130
2026-09-11 19:39:16.295,1789166356.2953255,135
2026-09-11 19:39:16.303,1789166356.3030179,138
2026-09-11 19:39:16.310,1789166356.3107102,121
2026-09-11 19:39:16.318,1789166356.3184025,97
2026-09-11 19:39:16.326,1789166356.3260949,72
2026-09-11 19:39:16.333,1789166356.333787,43
2026-09-11 19:39:16.341,1789166356.3414793,19
2026-09-11 19:39:16.349,1789166356.3491716,0
2026-09-11 19:39:16.356,1789166356.356864,-38
2026-09-11 19:39:16.364,1789166356.3645563,-77
2026-09-11 19:39:16.372,1789166356.3722486,-92
2026-09-11 19:39:16.379,1789166356.379941,-92
2026-09-11 19:39:16.387,1789166356.3876333,-80
2026-09-11 19:39:16.395,1789166356.3953254,-80
2026-09-11 19:39:16.403,1789166356.4030178,-84
2026-09-11 19:39:16.410,1789166356.41071,-65
2026-09-11 19:39:16.418,1789166356.4184024,-48
2026-09-11 19:39:16.426,1789166356.4260948,-48
2026-09-11 19:39:16.433,1789166356.433787,-48
2026-09-11 19:39:16.441,1789166356.4414794,-36
2026-09-11 19:39:16.449,1789166356.4491718,-24
2026-09-11 19:39:16.456,1789166356.4568639,-24
2026-09-11 19:39:16.464,1789166356.4645562,-31
2026-09-11 19:39:16.472,1789166356.4722486,-31
2026-09-11 19:39:16.479,1789166356.479941,-21
2026-09-11 19:39:16.487,1789166356.4876332,-16
2026-09-11 19:39:16.495,1789166356.4953256,-24
2026-09-11 19:39:16.503,1789166356.503018,-26
2026-09-11 19:39:16.510,1789166356.5107102,-24
2026-09-11 19:39:16.518,1789166356.5184026,-24
2026-09-11 19:39:16.526,1789166356.5260947,-19
2026-09-11 19:39:16.533,1789166356.533787,-4
2026-09-11 19:39:16.541,1789166356.5414793,12
2026-09-11 19:39:16.548,1789166356.5486355,29
2026-09-11 19:39:16.556,1789166356.5563278,24
2026-09-11 19:39:16.564,1789166356.5640202,2
2026-09-11 19:39:16.571,1789166356.5717125,-9
2026-09-11 19:39:16.579,1789166356.5794048,-14
2026-09-11 19:39:16.587,1789166356.587097,-24
2026-09-11 19:39:16.594,1789166356.5947893,-29
2026-09-11 19:39:16.602,1789166356.6024816,-21
2026-09-11 19:39:16.610,1789166356.610174,-12
2026-09-11 19:39:16.617,1789166356.6178663,-14
2026-09-11 19:39:16.625,1789166356.6255586,-19
2026-09-11 19:39:16.633,1789166356.633251,-16
2026-09-11 19:39:16.640,1789166356.6409433,-7
2026-09-11 19:39:16.648,1789166356.6486354,75
2026-09-11 19:39:16.656,1789166356.6563277,320
2026-09-11 19:39:16.664,1789166356.66402,674
2026-09-11 19:39:16.671,1789166356.6717124,897
2026-09-11 19:39:16.679,1789166356.6794047,586
2026-09-11 19:39:16.687,1789166356.687097,-198
2026-09-11 19:39:16.694,1789166356.6947894,-502
2026-09-11 19:39:16.702,1789166356.7024817,-140
2026-09-11 19:39:16.710,1789166356.7101738,2
2026-09-11 19:39:16.717,1789166356.7178662,-109
2026-09-11 19:39:16.725,1789166356.7255585,-58
2026-09-11 19:39:16.733,1789166356.7332509,0
2026-09-11 19:39:16.740,1789166356.7409432,-41
2026-09-11 19:39:16.748,1789166356.7486355,-38
2026-09-11 19:39:16.756,1789166356.7563279,0
2026-09-11 19:39:16.764,1789166356.7640202,2
2026-09-11 19:39:16.771,1789166356.7717123,2
2026-09-11 19:39:16.779,1789166356.7794046,19
2026-09-11 19:39:16.787,1789166356.787097,31
2026-09-11 19:39:16.794,1789166356.7947893,41
2026-09-11 19:39:16.802,1789166356.8024817,50
2026-09-11 19:39:16.810,1789166356.810174,58
2026-09-11 19:39:16.817,1789166356.8178663,70
2026-09-11 19:39:16.825,1789166356.8255587,84
2026-09-11 19:39:16.833,1789166356.8332508,97
2026-09-11 19:39:16.840,1789166356.840943,111
2026-09-11 19:39:16.848,1789166356.8486354,121
2026-09-11 19:39:16.856,1789166356.8563278,126
2026-09-11 19:39:16.864,1789166356.86402,133
2026-09-11 19:39:16.871,1789166356.8717124,140
2026-09-11 19:39:16.879,1789166356.8794048,133
2026-09-11 19:39:16.887,1789166356.8870971,123
2026-09-11 19:39:16.894,1789166356.8947892,116
2026-09-11 19:39:16.902,1789166356.9024816,101
2026-09-11 19:39:16.910,1789166356.910174,70
2026-09-11 19:39:16.917,1789166356.9178662,36
2026-09-11 19:39:16.925,1789166356.9255586,7
2026-09-11 19:39:16.933,1789166356.933251,-14
2026-09-11 19:39:16.940,1789166356.9409432,-29
2026-09-11 19:39:16.948,1789166356.9486356,-43
2026-09-11 19:39:16.956,1789166356.9563277,-53
2026-09-11 19:39:16.964,1789166356.96402,-53
2026-09-11 19:39:16.971,1789166356.9717124,-46
2026-09-11 19:39:16.979,1789166356.9794047,-38
2026-09-11 19:39:16.987,1789166356.987097,-36
2026-09-11 19:39:16.994,1789166356.9947894,-29
2026-09-11 19:39:17.002,1789166357.0024817,-19
2026-09-11 19:39:17.010,1789166357.010174,-9
2026-09-11 19:39:17.017,1789166357.0178661,-4
2026-09-11 19:39:17.025,1789166357.0255585,-4
2026-09-11 19:39:17.033,1789166357.0332508,-2
2026-09-11 19:39:17.040,1789166357.0409431,2
2026-09-11 19:39:17.048,1789166357.0486355,2
2026-09-11 19:39:17.056,1789166357.0563278,0
2026-09-11 19:39:17.064,1789166357.0640202,2
2026-09-11 19:39:17.071,1789166357.0717125,0
2026-09-11 19:39:17.079,1789166357.0794048,-7
2026-09-11 19:39:17.087,1789166357.087097,-7
2026-09-11 19:39:17.094,1789166357.0947893,-2
2026-09-11 19:39:17.102,1789166357.1024816,-2
2026-09-11 19:39:17.109,1789166357.1096122,12
2026-09-11 19:39:17.117,1789166357.1173046,38
2026-09-11 19:39:17.124,1789166357.124997,50
2026-09-11 19:39:17.132,1789166357.1326892,43
2026-09-11 19:39:17.140,1789166357.1403816,29
2026-09-11 19:39:17.148,1789166357.1480737,7
2026-09-11 19:39:17.155,1789166357.155766,-7
2026-09-11 19:39:17.163,1789166357.1634583,-9
2026-09-11 19:39:17.171,1789166357.1711507,-9
2026-09-11 19:39:17.178,1789166357.178843,-7
2026-09-11 19:39:17.186,1789166357.1865354,-7
2026-09-11 19:39:17.194,1789166357.1942277,-4
2026-09-11 19:39:17.201,1789166357.20192,-4
2026-09-11 19:39:17.209,1789166357.2096121,-9
2026-09-11 19:39:17.217,1789166357.2173045,-2
2026-09-11 19:39:17.224,1789166357.2249968,87
2026-09-11 19:39:17.232,1789166357.2326891,305
2026-09-11 19:39:17.240,1789166357.2403815,611
2026-09-11 19:39:17.248,1789166357.2480738,909
2026-09-11 19:39:17.255,1789166357.2557662,759
2026-09-11 19:39:17.263,1789166357.2634585,-12
2026-09-11 19:39:17.271,1789166357.2711506,-453
2026-09-11 19:39:17.278,1789166357.278843,-152
2026-09-11 19:39:17.286,1789166357.2865353,19
2026-09-11 19:39:17.294,1789166357.2942276,-109
2026-09-11 19:39:17.301,1789166357.30192,-87
2026-09-11 19:39:17.309,1789166357.3096123,-14
2026-09-11 19:39:17.317,1789166357.3173046,-46
2026-09-11 19:39:17.324,1789166357.324997,-48
2026-09-11 19:39:17.332,1789166357.332689,-9
2026-09-11 19:39:17.340,1789166357.3403814,-7
2026-09-11 19:39:17.348,1789166357.3480737,-4
2026-09-11 19:39:17.355,1789166357.355766,12
2026-09-11 19:39:17.363,1789166357.3634584,19
2026-09-11 19:39:17.371,1789166357.3711507,19
2026-09-11 19:39:17.378,1789166357.378843,31
2026-09-11 19:39:17.386,1789166357.3865354,43
2026-09-11 19:39:17.394,1789166357.3942275,53
2026-09-11 19:39:17.401,1789166357.4019198,60
2026-09-11 19:39:17.409,1789166357.4096122,70
2026-09-11 19:39:17.417,1789166357.4173045,84
2026-09-11 19:39:17.424,1789166357.4249969,94
2026-09-11 19:39:17.432,1789166357.4326892,97
2026-09-11 19:39:17.440,1789166357.4403815,94
2026-09-11 19:39:17.448,1789166357.4480739,92
2026-09-11 19:39:17.455,1789166357.455766,89
2026-09-11 19:39:17.463,1789166357.4634583,82
2026-09-11 19:39:17.471,1789166357.4711506,72
2026-09-11 19:39:17.478,1789166357.478843,67
2026-09-11 19:39:17.486,1789166357.4865353,55
2026-09-11 19:39:17.494,1789166357.4942276,38
2026-09-11 19:39:17.501,1789166357.50192,24
2026-09-11 19:39:17.509,1789166357.5096123,4
2026-09-11 19:39:17.517,1789166357.5173044,-12
2026-09-11 19:39:17.524,1789166357.5249968,-19
2026-09-11 19:39:17.532,1789166357.532689,-19
2026-09-11 19:39:17.540,1789166357.5403814,-19
2026-09-11 19:39:17.548,1789166357.5480738,-16
2026-09-11 19:39:17.555,1789166357.555766,-12
2026-09-11 19:39:17.563,1789166357.5634584,-2
2026-09-11 19:39:17.571,1789166357.5711508,7
2026-09-11 19:39:17.578,1789166357.5788429,12
2026-09-11 19:39:17.586,1789166357.5865352,16
2026-09-11 19:39:17.594,1789166357.5942276,19
2026-09-11 19:39:17.601,1789166357.60192,21
2026-09-11 19:39:17.609,1789166357.6096122,24
2026-09-11 19:39:17.617,1789166357.6173046,26
2026-09-11 19:39:17.624,1789166357.624997,24
2026-09-11 19:39:17.632,1789166357.6326892,21
2026-09-11 19:39:17.640,1789166357.6403816,21
2026-09-11 19:39:17.648,1789166357.6480737,21
2026-09-11 19:39:17.655,1789166357.655766,12
2026-09-11 19:39:17.663,1789166357.6634583,7
2026-09-11 19:39:17.670,1789166357.6706195,14
2026-09-11 19:39:17.678,1789166357.6783118,21
2026-09-11 19:39:17.686,1789166357.6860042,38
2026-09-11 19:39:17.693,1789166357.6936965,60
2026-09-11 19:39:17.701,1789166357.7013888,75
2026-09-11 19:39:17.709,1789166357.709081,72
2026-09-11 19:39:17.716,1789166357.7167733,63
2026-09-11 19:39:17.724,1789166357.7244656,48
2026-09-11 19:39:17.732,1789166357.732158,31
2026-09-11 19:39:17.739,1789166357.7398503,16
2026-09-11 19:39:17.747,1789166357.7475426,14
2026-09-11 19:39:17.755,1789166357.755235,16
2026-09-11 19:39:17.762,1789166357.7629273,19
2026-09-11 19:39:17.770,1789166357.7706194,21
2026-09-11 19:39:17.778,1789166357.7783117,24
2026-09-11 19:39:17.786,1789166357.786004,24
2026-09-11 19:39:17.793,1789166357.7936964,16
2026-09-11 19:39:17.801,1789166357.8013887,60
2026-09-11 19:39:17.809,1789166357.809081,218
2026-09-11 19:39:17.816,1789166357.8167734,475
2026-09-11 19:39:17.824,1789166357.8244658,814
2026-09-11 19:39:17.832,1789166357.8321579,955
2026-09-11 19:39:17.839,1789166357.8398502,397
2026-09-11 19:39:17.847,1789166357.8475425,-317
2026-09-11 19:39:17.855,1789166357.8552349,-271
2026-09-11 19:39:17.862,1789166357.8629272,46
2026-09-11 19:39:17.870,1789166357.8706195,-16
2026-09-11 19:39:17.878,1789166357.8783119,-92
2026-09-11 19:39:17.886,1789166357.8860042,-7
2026-09-11 19:39:17.893,1789166357.8936963,-2
2026-09-11 19:39:17.901,1789166357.9013886,-29
2026-09-11 19:39:17.909,1789166357.909081,4
2026-09-11 19:39:17.916,1789166357.9167733,21
2026-09-11 19:39:17.924,1789166357.9244657,16
2026-09-11 19:39:17.932,1789166357.932158,26
2026-09-11 19:39:17.939,1789166357.9398503,41
2026-09-11 19:39:17.947,1789166357.9475427,46
2026-09-11 19:39:17.955,1789166357.9552348,53
2026-09-11 19:39:17.962,1789166357.962927,63
2026-09-11 19:39:17.970,1789166357.9706194,72
2026-09-11 19:39:17.978,1789166357.9783118,80
2026-09-11 19:39:17.986,1789166357.986004,92
2026-09-11 19:39:17.993,1789166357.9936965,104
2026-09-11 19:39:18.001,1789166358.0013888,109
2026-09-11 19:39:18.009,1789166358.0090811,113
2026-09-11 19:39:18.016,1789166358.0167732,118
2026-09-11 19:39:18.024,1789166358.0244656,116
2026-09-11 19:39:18.032,1789166358.032158,109
2026-09-11 19:39:18.039,1789166358.0398502,106
2026-09-11 19:39:18.047,1789166358.0475426,104
2026-09-11 19:39:18.055,1789166358.055235,99
2026-09-11 19:39:18.062,1789166358.0629272,87
2026-09-11 19:39:18.070,1789166358.0706196,75
2026-09-11 19:39:18.078,1789166358.0783117,58
2026-09-11 19:39:18.086,1789166358.086004,41
2026-09-11 19:39:18.093,1789166358.0936964,29
2026-09-11 19:39:18.101,1789166358.1013887,19
2026-09-11 19:39:18.109,1789166358.109081,14
2026-09-11 19:39:18.116,1789166358.1167734,12
2026-09-11 19:39:18.124,1789166358.1244657,12
2026-09-11 19:39:18.132,1789166358.132158,19
2026-09-11 19:39:18.139,1789166358.1398501,29
2026-09-11 19:39:18.147,1789166358.1475425,33
2026-09-11 19:39:18.155,1789166358.1552348,38
2026-09-11 19:39:18.162,1789166358.1629272,43
2026-09-11 19:39:18.170,1789166358.1706195,46
2026-09-11 19:39:18.178,1789166358.1783118,48
2026-09-11 19:39:18.186,1789166358.1860042,50
2026-09-11 19:39:18.193,1789166358.1936965,50
2026-09-11 19:39:18.201,1789166358.2013888,50
2026-09-11 19:39:18.209,1789166358.209081,50
2026-09-11 19:39:18.216,1789166358.2167733,48
2026-09-11 19:39:18.224,1789166358.2244656,48
2026-09-11 19:39:18.231,1789166358.2315965,43
2026-09-11 19:39:18.239,1789166358.2392888,31
2026-09-11 19:39:18.246,1789166358.2469811,36
2026-09-11 19:39:18.254,1789166358.2546735,48
2026-09-11 19:39:18.262,1789166358.2623658,58
2026-09-11 19:39:18.270,1789166358.270058,77
2026-09-11 19:39:18.277,1789166358.2777503,99
2026-09-11 19:39:18.285,1789166358.2854426,99
2026-09-11 19:39:18.293,1789166358.293135,87
2026-09-11 19:39:18.300,1789166358.3008273,75
2026-09-11 19:39:18.308,1789166358.3085196,55
2026-09-11 19:39:18.316,1789166358.316212,33
2026-09-11 19:39:18.323,1789166358.3239043,26
2026-09-11 19:39:18.331,1789166358.3315964,26
2026-09-11 19:39:18.339,1789166358.3392887,24
2026-09-11 19:39:18.346,1789166358.346981,29
2026-09-11 19:39:18.354,1789166358.3546734,31
2026-09-11 19:39:18.362,1789166358.3623657,24
2026-09-11 19:39:18.370,1789166358.370058,14
2026-09-11 19:39:18.377,1789166358.3777504,31
2026-09-11 19:39:18.385,1789166358.3854427,133
2026-09-11 19:39:18.393,1789166358.3931348,334
2026-09-11 19:39:18.400,1789166358.4008272,623
2026-09-11 19:39:18.408,1789166358.4085195,868
2026-09-11 19:39:18.416,1789166358.4162118,572
2026-09-11 19:39:18.423,1789166358.4239042,-155
2026-09-11 19:39:18.431,1789166358.4315965,-346
2026-09-11 19:39:18.439,1789166358.4392889,-36
2026-09-11 19:39:18.446,1789166358.4469812,14
2026-09-11 19:39:18.454,1789166358.4546733,-84
2026-09-11 19:39:18.462,1789166358.4623656,-33
2026-09-11 19:39:18.470,1789166358.470058,2
2026-09-11 19:39:18.477,1789166358.4777503,-24
2026-09-11 19:39:18.485,1789166358.4854426,-9
2026-09-11 19:39:18.493,1789166358.493135,9
2026-09-11 19:39:18.500,1789166358.5008273,0
2026-09-11 19:39:18.508,1789166358.5085196,2
2026-09-11 19:39:18.516,1789166358.5162117,19
2026-09-11 19:39:18.523,1789166358.523904,26
2026-09-11 19:39:18.531,1789166358.5315964,26
2026-09-11 19:39:18.539,1789166358.5392888,33
2026-09-11 19:39:18.546,1789166358.546981,46
2026-09-11 19:39:18.554,1789166358.5546734,58
2026-09-11 19:39:18.562,1789166358.5623658,63
2026-09-11 19:39:18.570,1789166358.570058,70
2026-09-11 19:39:18.577,1789166358.5777502,82
2026-09-11 19:39:18.585,1789166358.5854425,87
2026-09-11 19:39:18.593,1789166358.5931349,87
2026-09-11 19:39:18.600,1789166358.6008272,94
2026-09-11 19:39:18.608,1789166358.6085196,97
2026-09-11 19:39:18.616,1789166358.616212,87
2026-09-11 19:39:18.623,1789166358.6239042,82
2026-09-11 19:39:18.631,1789166358.6315966,89
2026-09-11 19:39:18.639,1789166358.6392887,75
2026-09-11 19:39:18.646,1789166358.646981,36
2026-09-11 19:39:18.654,1789166358.6546733,9
2026-09-11 19:39:18.662,1789166358.6623657,-4
2026-09-11 19:39:18.670,1789166358.670058,-21
2026-09-11 19:39:18.677,1789166358.6777503,-36
2026-09-11 19:39:18.685,1789166358.6854427,-38
2026-09-11 19:39:18.693,1789166358.693135,-48
2026-09-11 19:39:18.700,1789166358.7008271,-55
2026-09-11 19:39:18.708,1789166358.7085195,-46
2026-09-11 19:39:18.716,1789166358.7162118,-33
2026-09-11 19:39:18.723,1789166358.7239041,-31
2026-09-11 19:39:18.731,1789166358.7315965,-31
2026-09-11 19:39:18.739,1789166358.7392888,-19
2026-09-11 19:39:18.746,1789166358.7469811,-14
2026-09-11 19:39:18.754,1789166358.7546735,-19
2026-09-11 19:39:18.762,1789166358.7623658,-16
2026-09-11 19:39:18.770,1789166358.770058,-9
2026-09-11 19:39:18.777,1789166358.7777503,-12
2026-09-11 19:39:18.785,1789166358.7854426,-14
2026-09-11 19:39:18.792,1789166358.7925832,-14
2026-09-11 19:39:18.800,1789166358.8002756,-16
2026-09-11 19:39:18.807,1789166358.807968,-16
2026-09-11 19:39:18.815,1789166358.8156602,-19
2026-09-11 19:39:18.823,1789166358.8233526,-21
2026-09-11 19:39:18.831,1789166358.8310447,-7
2026-09-11 19:39:18.838,1789166358.838737,14
2026-09-11 19:39:18.846,1789166358.8464293,36
2026-09-11 19:39:18.854,1789166358.8541217,46
2026-09-11 19:39:18.861,1789166358.861814,38
2026-09-11 19:39:18.869,1789166358.8695064,16
2026-09-11 19:39:18.877,1789166358.8771987,0
2026-09-11 19:39:18.884,1789166358.884891,-16
2026-09-11 19:39:18.892,1789166358.8925831,-33
2026-09-11 19:39:18.900,1789166358.9002755,-31
2026-09-11 19:39:18.907,1789166358.9079678,-21
2026-09-11 19:39:18.915,1789166358.9156601,-26
2026-09-11 19:39:18.923,1789166358.9233525,-29
2026-09-11 19:39:18.931,1789166358.9310448,-19
2026-09-11 19:39:18.938,1789166358.9387372,-19
2026-09-11 19:39:18.946,1789166358.9464295,-26
2026-09-11 19:39:18.954,1789166358.9541216,24
2026-09-11 19:39:18.961,1789166358.961814,232
2026-09-11 19:39:18.969,1789166358.9695063,569
2026-09-11 19:39:18.977,1789166358.9771986,843
2026-09-11 19:39:18.984,1789166358.984891,645
2026-09-11 19:39:18.992,1789166358.9925833,-128
2026-09-11 19:39:19.000,1789166359.0002756,-545
2026-09-11 19:39:19.007,1789166359.007968,-210
2026-09-11 19:39:19.015,1789166359.01566,-2
2026-09-11 19:39:19.023,1789166359.0233524,-118
2026-09-11 19:39:19.031,1789166359.0310447,-92
2026-09-11 19:39:19.038,1789166359.038737,-14
2026-09-11 19:39:19.046,1789166359.0464294,-46
2026-09-11 19:39:19.054,1789166359.0541217,-53
2026-09-11 19:39:19.061,1789166359.061814,-19
2026-09-11 19:39:19.069,1789166359.0695064,-9
2026-09-11 19:39:19.077,1789166359.0771985,-4
2026-09-11 19:39:19.084,1789166359.0848908,7
2026-09-11 19:39:19.092,1789166359.0925832,9
2026-09-11 19:39:19.100,1789166359.1002755,14
2026-09-11 19:39:19.107,1789166359.1079679,33
2026-09-11 19:39:19.115,1789166359.1156602,50
2026-09-11 19:39:19.123,1789166359.1233525,60
2026-09-11 19:39:19.131,1789166359.1310449,77
2026-09-11 19:39:19.138,1789166359.138737,94
2026-09-11 19:39:19.146,1789166359.1464293,97
2026-09-11 19:39:19.154,1789166359.1541216,101
2026-09-11 19:39:19.161,1789166359.161814,123
2026-09-11 19:39:19.169,1789166359.1695063,143
2026-09-11 19:39:19.177,1789166359.1771986,135
2026-09-11 19:39:19.184,1789166359.184891,118
2026-09-11 19:39:19.192,1789166359.1925833,116
2026-09-11 19:39:19.200,1789166359.2002754,126
2026-09-11 19:39:19.207,1789166359.2079678,106
2026-09-11 19:39:19.215,1789166359.21566,72
2026-09-11 19:39:19.223,1789166359.2233524,38
2026-09-11 19:39:19.231,1789166359.2310448,-9
2026-09-11 19:39:19.238,1789166359.238737,-48
2026-09-11 19:39:19.246,1789166359.2464294,-58
2026-09-11 19:39:19.254,1789166359.2541218,-60
2026-09-11 19:39:19.261,1789166359.2618139,-77
2026-09-11 19:39:19.269,1789166359.2695062,-97
2026-09-11 19:39:19.277,1789166359.2771986,-101
2026-09-11 19:39:19.284,1789166359.284891,-87
2026-09-11 19:39:19.292,1789166359.2925832,-65
2026-09-11 19:39:19.300,1789166359.3002756,-63
2026-09-11 19:39:19.307,1789166359.307968,-63
2026-09-11 19:39:19.315,1789166359.3156602,-41
2026-09-11 19:39:19.323,1789166359.3233526,-38
2026-09-11 19:39:19.331,1789166359.3310447,-55
2026-09-11 19:39:19.338,1789166359.338737,-48
2026-09-11 19:39:19.346,1789166359.3464293,-29
2026-09-11 19:39:19.353,1789166359.3535805,-31
2026-09-11 19:39:19.361,1789166359.3612728,-38
2026-09-11 19:39:19.368,1789166359.3689651,-31
2026-09-11 19:39:19.376,1789166359.3766575,-26
2026-09-11 19:39:19.384,1789166359.3843498,-36
2026-09-11 19:39:19.392,1789166359.392042,-41
2026-09-11 19:39:19.399,1789166359.3997343,-21
2026-09-11 19:39:19.407,1789166359.4074266,2
2026-09-11 19:39:19.415,1789166359.415119,16
2026-09-11 19:39:19.422,1789166359.4228113,14
2026-09-11 19:39:19.430,1789166359.4305036,-9
2026-09-11 19:39:19.438,1789166359.438196,-43
2026-09-11 19:39:19.445,1789166359.4458883,-48
2026-09-11 19:39:19.453,1789166359.4535804,-38
2026-09-11 19:39:19.461,1789166359.4612727,-53
2026-09-11 19:39:19.468,1789166359.468965,-67
2026-09-11 19:39:19.476,1789166359.4766574,-46
2026-09-11 19:39:19.484,1789166359.4843497,-29
2026-09-11 19:39:19.492,1789166359.492042,-43
2026-09-11 19:39:19.499,1789166359.4997344,-58
2026-09-11 19:39:19.507,1789166359.5074267,-48
2026-09-11 19:39:19.515,1789166359.5151188,33
2026-09-11 19:39:19.522,1789166359.5228112,274
2026-09-11 19:39:19.530,1789166359.5305035,632
2026-09-11 19:39:19.538,1789166359.5381958,873
2026-09-11 19:39:19.545,1789166359.5458882,567
2026-09-11 19:39:19.553,1789166359.5535805,-237
2026-09-11 19:39:19.561,1789166359.5612729,-548
2026-09-11 19:39:19.568,1789166359.5689652,-172
2026-09-11 19:39:19.576,1789166359.5766573,-19
2026-09-11 19:39:19.584,1789166359.5843496,-135
2026-09-11 19:39:19.592,1789166359.592042,-94
2026-09-11 19:39:19.599,1789166359.5997343,-33
2026-09-11 19:39:19.607,1789166359.6074266,-65
2026-09-11 19:39:19.615,1789166359.615119,-53
2026-09-11 19:39:19.622,1789166359.6228113,-16
2026-09-11 19:39:19.630,1789166359.6305037,-19
2026-09-11 19:39:19.638,1789166359.6381958,-16
2026-09-11 19:39:19.645,1789166359.645888,2
2026-09-11 19:39:19.653,1789166359.6535804,9
2026-09-11 19:39:19.661,1789166359.6612728,16
2026-09-11 19:39:19.668,1789166359.668965,36
2026-09-11 19:39:19.676,1789166359.6766574,48
2026-09-11 19:39:19.684,1789166359.6843498,55
2026-09-11 19:39:19.692,1789166359.692042,70
2026-09-11 19:39:19.699,1789166359.6997342,89
2026-09-11 19:39:19.707,1789166359.7074265,106
2026-09-11 19:39:19.715,1789166359.715119,116
2026-09-11 19:39:19.722,1789166359.7228112,121
2026-09-11 19:39:19.730,1789166359.7305036,123
2026-09-11 19:39:19.738,1789166359.738196,123
2026-09-11 19:39:19.745,1789166359.7458882,116
2026-09-11 19:39:19.753,1789166359.7535806,101
2026-09-11 19:39:19.761,1789166359.7612727,92
2026-09-11 19:39:19.768,1789166359.768965,77
2026-09-11 19:39:19.776,1789166359.7766573,48
2026-09-11 19:39:19.784,1789166359.7843497,14
2026-09-11 19:39:19.792,1789166359.792042,-16
2026-09-11 19:39:19.799,1789166359.7997344,-41
2026-09-11 19:39:19.807,1789166359.8074267,-60
2026-09-11 19:39:19.815,1789166359.815119,-70
2026-09-11 19:39:19.822,1789166359.8228111,-77
2026-09-11 19:39:19.830,1789166359.8305035,-80
2026-09-11 19:39:19.838,1789166359.8381958,-75
2026-09-11 19:39:19.845,1789166359.8458881,-67
2026-09-11 19:39:19.853,1789166359.8535805,-60
2026-09-11 19:39:19.861,1789166359.8612728,-53
2026-09-11 19:39:19.868,1789166359.8689651,-48
2026-09-11 19:39:19.876,1789166359.8766575,-38
2026-09-11 19:39:19.884,1789166359.8843498,-31
2026-09-11 19:39:19.892,1789166359.892042,-29
2026-09-11 19:39:19.899,1789166359.8997343,-24
2026-09-11 19:39:19.907,1789166359.9074266,-19
2026-09-11 19:39:19.914,1789166359.9145572,-21
2026-09-11 19:39:19.922,1789166359.9222496,-29
2026-09-11 19:39:19.929,1789166359.929942,-31
2026-09-11 19:39:19.937,1789166359.9376342,-24
2026-09-11 19:39:19.945,1789166359.9453266,-24
2026-09-11 19:39:19.953,1789166359.9530187,-16
2026-09-11 19:39:19.960,1789166359.960711,2
2026-09-11 19:39:19.968,1789166359.9684033,21
2026-09-11 19:39:19.976,1789166359.9760957,29
2026-09-11 19:39:19.983,1789166359.983788,19
2026-09-11 19:39:19.991,1789166359.9914804,0
2026-09-11 19:39:19.999,1789166359.9991727,-19
2026-09-11 19:39:20.006,1789166360.006865,-29
2026-09-11 19:39:20.014,1789166360.0145571,-29
2026-09-11 19:39:20.022,1789166360.0222495,-33
2026-09-11 19:39:20.029,1789166360.0299418,-33
2026-09-11 19:39:20.037,1789166360.0376341,-29
2026-09-11 19:39:20.045,1789166360.0453265,-26
2026-09-11 19:39:20.053,1789166360.0530188,-29
2026-09-11 19:39:20.060,1789166360.0607111,-36
2026-09-11 19:39:20.068,1789166360.0684035,-19
2026-09-11 19:39:20.076,1789166360.0760956,106
2026-09-11 19:39:20.083,1789166360.083788,361
2026-09-11 19:39:20.091,1789166360.0914803,686
2026-09-11 19:39:20.099,1789166360.0991726,868
2026-09-11 19:39:20.106,1789166360.106865,448
2026-09-11 19:39:20.114,1789166360.1145573,-307
2026-09-11 19:39:20.122,1789166360.1222496,-414
2026-09-11 19:39:20.129,1789166360.129942,-53
2026-09-11 19:39:20.137,1789166360.137634,-36
2026-09-11 19:39:20.145,1789166360.1453264,-143
2026-09-11 19:39:20.153,1789166360.1530187,-65
2026-09-11 19:39:20.160,1789166360.160711,-33
2026-09-11 19:39:20.168,1789166360.1684034,-70
2026-09-11 19:39:20.176,1789166360.1760957,-46
2026-09-11 19:39:20.183,1789166360.183788,-21
2026-09-11 19:39:20.191,1789166360.1914804,-29
2026-09-11 19:39:20.199,1789166360.1991725,-21
2026-09-11 19:39:20.206,1789166360.2068648,-2
2026-09-11 19:39:20.214,1789166360.2145572,4
2026-09-11 19:39:20.222,1789166360.2222495,9
2026-09-11 19:39:20.229,1789166360.2299418,21
2026-09-11 19:39:20.237,1789166360.2376342,31
2026-09-11 19:39:20.245,1789166360.2453265,41
2026-09-11 19:39:20.253,1789166360.2530189,53
2026-09-11 19:39:20.260,1789166360.260711,63
2026-09-11 19:39:20.268,1789166360.2684033,72
2026-09-11 19:39:20.276,1789166360.2760956,82
2026-09-11 19:39:20.283,1789166360.283788,87
2026-09-11 19:39:20.291,1789166360.2914803,84
2026-09-11 19:39:20.299,1789166360.2991726,82
2026-09-11 19:39:20.306,1789166360.306865,77
2026-09-11 19:39:20.314,1789166360.3145573,70
2026-09-11 19:39:20.322,1789166360.3222494,60
2026-09-11 19:39:20.329,1789166360.3299417,50
2026-09-11 19:39:20.337,1789166360.337634,36
2026-09-11 19:39:20.345,1789166360.3453264,16
2026-09-11 19:39:20.353,1789166360.3530188,0
2026-09-11 19:39:20.360,1789166360.360711,-14
2026-09-11 19:39:20.368,1789166360.3684034,-26
2026-09-11 19:39:20.376,1789166360.3760958,-36
2026-09-11 19:39:20.383,1789166360.3837879,-33
2026-09-11 19:39:20.391,1789166360.3914802,-26
2026-09-11 19:39:20.399,1789166360.3991725,-21
2026-09-11 19:39:20.406,1789166360.406865,-21
2026-09-11 19:39:20.414,1789166360.4145572,-14
2026-09-11 19:39:20.422,1789166360.4222496,-4
2026-09-11 19:39:20.429,1789166360.429942,0
2026-09-11 19:39:20.437,1789166360.4376342,7
2026-09-11 19:39:20.445,1789166360.4453266,12
2026-09-11 19:39:20.453,1789166360.4530187,12
2026-09-11 19:39:20.460,1789166360.460711,9
2026-09-11 19:39:20.468,1789166360.4684033,7
2026-09-11 19:39:20.475,1789166360.475534,0
2026-09-11 19:39:20.483,1789166360.4832263,-4
2026-09-11 19:39:20.490,1789166360.4909186,2
2026-09-11 19:39:20.498,1789166360.498611,7
2026-09-11 19:39:20.506,1789166360.5063033,16
2026-09-11 19:39:20.513,1789166360.5139954,38
2026-09-11 19:39:20.521,1789166360.5216877,55
2026-09-11 19:39:20.529,1789166360.52938,58
2026-09-11 19:39:20.537,1789166360.5370724,48
2026-09-11 19:39:20.544,1789166360.5447648,31
2026-09-11 19:39:20.552,1789166360.552457,14
2026-09-11 19:39:20.560,1789166360.5601494,2
2026-09-11 19:39:20.567,1789166360.5678418,0
2026-09-11 19:39:20.575,1789166360.5755339,-2
2026-09-11 19:39:20.583,1789166360.5832262,-4
2026-09-11 19:39:20.590,1789166360.5909185,0
2026-09-11 19:39:20.598,1789166360.5986109,2
2026-09-11 19:39:20.606,1789166360.6063032,-4
2026-09-11 19:39:20.613,1789166360.6139956,-16
2026-09-11 19:39:20.621,1789166360.621688,0
2026-09-11 19:39:20.629,1789166360.6293802,113
2026-09-11 19:39:20.637,1789166360.6370723,337
2026-09-11 19:39:20.644,1789166360.6447647,657
2026-09-11 19:39:20.652,1789166360.652457,906
2026-09-11 19:39:20.660,1789166360.6601493,550
2026-09-11 19:39:20.667,1789166360.6678417,-215
2026-09-11 19:39:20.675,1789166360.675534,-363
2026-09-11 19:39:20.683,1789166360.6832263,-16
2026-09-11 19:39:20.690,1789166360.6909187,2
2026-09-11 19:39:20.698,1789166360.6986108,-113
2026-09-11 19:39:20.706,1789166360.7063031,-50
2026-09-11 19:39:20.713,1789166360.7139955,-19
2026-09-11 19:39:20.721,1789166360.7216878,-53
2026-09-11 19:39:20.729,1789166360.7293801,-33
2026-09-11 19:39:20.737,1789166360.7370725,-7
2026-09-11 19:39:20.744,1789166360.7447648,-12
2026-09-11 19:39:20.752,1789166360.7524571,-4
2026-09-11 19:39:20.760,1789166360.7601492,14
2026-09-11 19:39:20.767,1789166360.7678416,19
2026-09-11 19:39:20.775,1789166360.775534,21
2026-09-11 19:39:20.783,1789166360.7832263,31
2026-09-11 19:39:20.790,1789166360.7909186,41
2026-09-11 19:39:20.798,1789166360.798611,50
2026-09-11 19:39:20.806,1789166360.8063033,58
2026-09-11 19:39:20.813,1789166360.8139956,65
2026-09-11 19:39:20.821,1789166360.8216877,72
2026-09-11 19:39:20.829,1789166360.82938,77
2026-09-11 19:39:20.837,1789166360.8370724,82
2026-09-11 19:39:20.844,1789166360.8447647,82
2026-09-11 19:39:20.852,1789166360.852457,77
2026-09-11 19:39:20.860,1789166360.8601494,70
2026-09-11 19:39:20.867,1789166360.8678417,65
2026-09-11 19:39:20.875,1789166360.875534,58
2026-09-11 19:39:20.883,1789166360.8832262,50
2026-09-11 19:39:20.890,1789166360.8909185,38
2026-09-11 19:39:20.898,1789166360.8986108,19
2026-09-11 19:39:20.906,1789166360.9063032,0
2026-09-11 19:39:20.913,1789166360.9139955,-14
2026-09-11 19:39:20.921,1789166360.9216878,-24
2026-09-11 19:39:20.929,1789166360.9293802,-29
2026-09-11 19:39:20.937,1789166360.9370725,-29
2026-09-11 19:39:20.944,1789166360.9447646,-29
2026-09-11 19:39:20.952,1789166360.952457,-24
2026-09-11 19:39:20.960,1789166360.9601493,-14
2026-09-11 19:39:20.967,1789166360.9678416,-12
2026-09-11 19:39:20.975,1789166360.975534,-7
2026-09-11 19:39:20.983,1789166360.9832263,0
2026-09-11 19:39:20.990,1789166360.9909186,7
2026-09-11 19:39:20.998,1789166360.998611,9
2026-09-11 19:39:21.006,1789166361.0063033,7
2026-09-11 19:39:21.013,1789166361.0139954,7
2026-09-11 19:39:21.021,1789166361.0216877,4
2026-09-11 19:39:21.029,1789166361.02938,2
2026-09-11 19:39:21.036,1789166361.036511,-2
2026-09-11 19:39:21.044,1789166361.0442033,-4
2026-09-11 19:39:21.051,1789166361.0518956,0
2026-09-11 19:39:21.059,1789166361.059588,9
2026-09-11 19:39:21.067,1789166361.0672803,26
2026-09-11 19:39:21.074,1789166361.0749724,43
2026-09-11 19:39:21.082,1789166361.0826647,55
2026-09-11 19:39:21.090,1789166361.090357,53
2026-09-11 19:39:21.098,1789166361.0980494,36
2026-09-11 19:39:21.105,1789166361.1057417,16
2026-09-11 19:39:21.113,1789166361.113434,-2
2026-09-11 19:39:21.121,1789166361.1211264,-12
2026-09-11 19:39:21.128,1789166361.1288188,-12
2026-09-11 19:39:21.136,1789166361.1365108,-16
2026-09-11 19:39:21.144,1789166361.1442032,-14
2026-09-11 19:39:21.151,1789166361.1518955,-9
2026-09-11 19:39:21.159,1789166361.1595879,-9
2026-09-11 19:39:21.167,1789166361.1672802,-19
2026-09-11 19:39:21.174,1789166361.1749725,-29
2026-09-11 19:39:21.182,1789166361.1826649,14
2026-09-11 19:39:21.190,1789166361.1903572,164
2026-09-11 19:39:21.198,1789166361.1980493,417
2026-09-11 19:39:21.205,1789166361.2057416,737
2026-09-11 19:39:21.213,1789166361.213434,732
2026-09-11 19:39:21.221,1789166361.2211263,87
2026-09-11 19:39:21.228,1789166361.2288187,-400
2026-09-11 19:39:21.236,1789166361.236511,-179
2026-09-11 19:39:21.244,1789166361.2442033,26
2026-09-11 19:39:21.251,1789166361.2518957,-75
2026-09-11 19:39:21.259,1789166361.2595878,-84
2026-09-11 19:39:21.267,1789166361.26728,-16
2026-09-11 19:39:21.274,1789166361.2749724,-36
2026-09-11 19:39:21.282,1789166361.2826648,-41
2026-09-11 19:39:21.290,1789166361.290357,-12
2026-09-11 19:39:21.298,1789166361.2980494,-7
2026-09-11 19:39:21.305,1789166361.3057418,-9
2026-09-11 19:39:21.313,1789166361.3134341,4
2026-09-11 19:39:21.321,1789166361.3211262,14
2026-09-11 19:39:21.328,1789166361.3288186,24
2026-09-11 19:39:21.336,1789166361.336511,33
2026-09-11 19:39:21.344,1789166361.3442032,41
2026-09-11 19:39:21.351,1789166361.3518956,43
2026-09-11 19:39:21.359,1789166361.359588,46
2026-09-11 19:39:21.367,1789166361.3672802,58
2026-09-11 19:39:21.374,1789166361.3749726,72
2026-09-11 19:39:21.382,1789166361.3826647,80
2026-09-11 19:39:21.390,1789166361.390357,82
2026-09-11 19:39:21.398,1789166361.3980494,89
2026-09-11 19:39:21.405,1789166361.4057417,94
2026-09-11 19:39:21.413,1789166361.413434,89
2026-09-11 19:39:21.421,1789166361.4211264,80
2026-09-11 19:39:21.428,1789166361.4288187,75
2026-09-11 19:39:21.436,1789166361.436511,67
2026-09-11 19:39:21.444,1789166361.4442031,48
2026-09-11 19:39:21.451,1789166361.4518955,21
2026-09-11 19:39:21.459,1789166361.4595878,9
2026-09-11 19:39:21.467,1789166361.4672801,-4
2026-09-11 19:39:21.474,1789166361.4749725,-31
2026-09-11 19:39:21.482,1789166361.4826648,-46
2026-09-11 19:39:21.490,1789166361.4903572,-43
2026-09-11 19:39:21.498,1789166361.4980495,-48
2026-09-11 19:39:21.505,1789166361.5057416,-50
2026-09-11 19:39:21.513,1789166361.513434,-36
2026-09-11 19:39:21.521,1789166361.5211263,-29
2026-09-11 19:39:21.528,1789166361.5288186,-33
2026-09-11 19:39:21.536,1789166361.536511,-33
2026-09-11 19:39:21.544,1789166361.5442033,-24
2026-09-11 19:39:21.551,1789166361.5518956,-24
2026-09-11 19:39:21.559,1789166361.559588,-29
2026-09-11 19:39:21.567,1789166361.5672803,-21
2026-09-11 19:39:21.574,1789166361.5749724,-19
2026-09-11 19:39:21.582,1789166361.5826647,-26
2026-09-11 19:39:21.590,1789166361.590357,-33
2026-09-11 19:39:21.597,1789166361.5975182,-36
2026-09-11 19:39:21.605,1789166361.6052105,-33
2026-09-11 19:39:21.612,1789166361.6129029,-36
2026-09-11 19:39:21.620,1789166361.6205952,-38
2026-09-11 19:39:21.628,1789166361.6282876,-19
2026-09-11 19:39:21.635,1789166361.6359797,9
2026-09-11 19:39:21.643,1789166361.643672,16
2026-09-11 19:39:21.651,1789166361.6513643,7
2026-09-11 19:39:21.659,1789166361.6590567,-4
2026-09-11 19:39:21.666,1789166361.666749,-19
2026-09-11 19:39:21.674,1789166361.6744413,-36
2026-09-11 19:39:21.682,1789166361.6821337,-46
2026-09-11 19:39:21.689,1789166361.689826,-53
2026-09-11 19:39:21.697,1789166361.697518,-58
2026-09-11 19:39:21.705,1789166361.7052104,-53
2026-09-11 19:39:21.712,1789166361.7129028,-48
2026-09-11 19:39:21.720,1789166361.7205951,-48
2026-09-11 19:39:21.728,1789166361.7282875,-48
2026-09-11 19:39:21.735,1789166361.7359798,-60
2026-09-11 19:39:21.743,1789166361.7436721,-31
2026-09-11 19:39:21.751,1789166361.7513645,138
2026-09-11 19:39:21.759,1789166361.7590566,443
2026-09-11 19:39:21.766,1789166361.766749,751
2026-09-11 19:39:21.774,1789166361.7744412,698
2026-09-11 19:39:21.782,1789166361.7821336,31
2026-09-11 19:39:21.789,1789166361.789826,-494
2026-09-11 19:39:21.797,1789166361.7975183,-276
2026-09-11 19:39:21.805,1789166361.8052106,-21
2026-09-11 19:39:21.812,1789166361.812903,-116
2026-09-11 19:39:21.820,1789166361.820595,-128
2026-09-11 19:39:21.828,1789166361.8282874,-43
2026-09-11 19:39:21.835,1789166361.8359797,-58
2026-09-11 19:39:21.843,1789166361.843672,-72
2026-09-11 19:39:21.851,1789166361.8513644,-41
2026-09-11 19:39:21.859,1789166361.8590567,-33
2026-09-11 19:39:21.866,1789166361.866749,-31
2026-09-11 19:39:21.874,1789166361.8744414,-9
2026-09-11 19:39:21.882,1789166361.8821335,-4
2026-09-11 19:39:21.889,1789166361.8898258,-2
2026-09-11 19:39:21.897,1789166361.8975182,9
2026-09-11 19:39:21.905,1789166361.9052105,19
2026-09-11 19:39:21.912,1789166361.9129028,31
2026-09-11 19:39:21.920,1789166361.9205952,48
2026-09-11 19:39:21.928,1789166361.9282875,58
2026-09-11 19:39:21.935,1789166361.9359798,63
2026-09-11 19:39:21.943,1789166361.943672,77
2026-09-11 19:39:21.951,1789166361.9513643,99
2026-09-11 19:39:21.959,1789166361.9590566,109
2026-09-11 19:39:21.966,1789166361.966749,101
2026-09-11 19:39:21.974,1789166361.9744413,97
2026-09-11 19:39:21.982,1789166361.9821336,101
2026-09-11 19:39:21.989,1789166361.989826,104
2026-09-11 19:39:21.997,1789166361.9975183,84
2026-09-11 19:39:22.005,1789166362.0052104,58
2026-09-11 19:39:22.012,1789166362.0129027,33
2026-09-11 19:39:22.020,1789166362.020595,7
2026-09-11 19:39:22.028,1789166362.0282874,-26
2026-09-11 19:39:22.035,1789166362.0359797,-50
2026-09-11 19:39:22.043,1789166362.043672,-63
2026-09-11 19:39:22.051,1789166362.0513644,-75
2026-09-11 19:39:22.059,1789166362.0590568,-92
2026-09-11 19:39:22.066,1789166362.0667489,-87
2026-09-11 19:39:22.074,1789166362.0744412,-77
2026-09-11 19:39:22.082,1789166362.0821335,-75
2026-09-11 19:39:22.089,1789166362.0898259,-63
2026-09-11 19:39:22.097,1789166362.0975182,-50
2026-09-11 19:39:22.105,1789166362.1052105,-43
2026-09-11 19:39:22.112,1789166362.1129029,-38
2026-09-11 19:39:22.120,1789166362.1205952,-36
2026-09-11 19:39:22.128,1789166362.1282876,-36
2026-09-11 19:39:22.135,1789166362.1359797,-36
2026-09-11 19:39:22.143,1789166362.143672,-31
2026-09-11 19:39:22.151,1789166362.1513643,-29
2026-09-11 19:39:22.158,1789166362.158495,-36
2026-09-11 19:39:22.166,1789166362.1661873,-38
2026-09-11 19:39:22.173,1789166362.1738796,-33
2026-09-11 19:39:22.181,1789166362.181572,-21
2026-09-11 19:39:22.189,1789166362.1892643,0
2026-09-11 19:39:22.196,1789166362.1969564,12
2026-09-11 19:39:22.204,1789166362.2046487,12
2026-09-11 19:39:22.212,1789166362.212341,-2
2026-09-11 19:39:22.220,1789166362.2200334,-26
2026-09-11 19:39:22.227,1789166362.2277257,-48
2026-09-11 19:39:22.235,1789166362.235418,-53
2026-09-11 19:39:22.243,1789166362.2431104,-46
2026-09-11 19:39:22.250,1789166362.2508028,-43
2026-09-11 19:39:22.258,1789166362.2584949,-48
2026-09-11 19:39:22.266,1789166362.2661872,-43
2026-09-11 19:39:22.273,1789166362.2738795,-38
2026-09-11 19:39:22.281,1789166362.2815719,-43
2026-09-11 19:39:22.289,1789166362.2892642,-63
2026-09-11 19:39:22.296,1789166362.2969565,-48
2026-09-11 19:39:22.304,1789166362.3046489,84
2026-09-11 19:39:22.312,1789166362.3123412,378
2026-09-11 19:39:22.320,1789166362.3200333,742
2026-09-11 19:39:22.327,1789166362.3277256,848
2026-09-11 19:39:22.335,1789166362.335418,291
2026-09-11 19:39:22.343,1789166362.3431103,-446
2026-09-11 19:39:22.350,1789166362.3508027,-429
2026-09-11 19:39:22.358,1789166362.358495,-65
2026-09-11 19:39:22.366,1789166362.3661873,-80
2026-09-11 19:39:22.373,1789166362.3738797,-143
2026-09-11 19:39:22.381,1789166362.3815718,-50
2026-09-11 19:39:22.389,1789166362.389264,-46
2026-09-11 19:39:22.396,1789166362.3969564,-75
2026-09-11 19:39:22.404,1789166362.4046488,-36
2026-09-11 19:39:22.412,1789166362.412341,-9
2026-09-11 19:39:22.420,1789166362.4200335,-19
2026-09-11 19:39:22.427,1789166362.4277258,-14
2026-09-11 19:39:22.435,1789166362.4354181,-2
2026-09-11 19:39:22.443,1789166362.4431102,12
2026-09-11 19:39:22.450,1789166362.4508026,29
2026-09-11 19:39:22.458,1789166362.458495,41
2026-09-11 19:39:22.466,1789166362.4661872,48
2026-09-11 19:39:22.473,1789166362.4738796,58
2026-09-11 19:39:22.481,1789166362.481572,77
2026-09-11 19:39:22.489,1789166362.4892642,94
2026-09-11 19:39:22.496,1789166362.4969566,113
2026-09-11 19:39:22.504,1789166362.5046487,123
2026-09-11 19:39:22.512,1789166362.512341,128
2026-09-11 19:39:22.520,1789166362.5200334,138
2026-09-11 19:39:22.527,1789166362.5277257,140
2026-09-11 19:39:22.535,1789166362.535418,130
2026-09-11 19:39:22.543,1789166362.5431104,121
2026-09-11 19:39:22.550,1789166362.5508027,104
2026-09-11 19:39:22.558,1789166362.558495,75
2026-09-11 19:39:22.566,1789166362.5661871,43
2026-09-11 19:39:22.573,1789166362.5738795,12
2026-09-11 19:39:22.581,1789166362.5815718,-24
2026-09-11 19:39:22.589,1789166362.5892642,-50
2026-09-11 19:39:22.596,1789166362.5969565,-63
2026-09-11 19:39:22.604,1789166362.6046488,-67
2026-09-11 19:39:22.612,1789166362.6123412,-75
2026-09-11 19:39:22.620,1789166362.6200335,-84
2026-09-11 19:39:22.627,1789166362.6277256,-82
2026-09-11 19:39:22.635,1789166362.635418,-65
2026-09-11 19:39:22.643,1789166362.6431103,-50
2026-09-11 19:39:22.650,1789166362.6508026,-43
2026-09-11 19:39:22.658,1789166362.658495,-33
2026-09-11 19:39:22.666,1789166362.6661873,-26
2026-09-11 19:39:22.673,1789166362.6738796,-19
2026-09-11 19:39:22.681,1789166362.681572,-14
2026-09-11 19:39:22.689,1789166362.6892643,-14
2026-09-11 19:39:22.696,1789166362.6969564,-12
2026-09-11 19:39:22.704,1789166362.7046487,-7
2026-09-11 19:39:22.712,1789166362.712341,-4
2026-09-11 19:39:22.719,1789166362.7194717,-9
2026-09-11 19:39:22.727,1789166362.727164,-7
2026-09-11 19:39:22.734,1789166362.7348564,14
2026-09-11 19:39:22.742,1789166362.7425487,33
2026-09-11 19:39:22.750,1789166362.750241,36
2026-09-11 19:39:22.757,1789166362.7579331,31
2026-09-11 19:39:22.765,1789166362.7656255,21
2026-09-11 19:39:22.773,1789166362.7733178,2
2026-09-11 19:39:22.781,1789166362.7810102,-16
2026-09-11 19:39:22.788,1789166362.7887025,-21
2026-09-11 19:39:22.796,1789166362.7963948,-24
2026-09-11 19:39:22.804,1789166362.8040872,-21
2026-09-11 19:39:22.811,1789166362.8117795,-16
2026-09-11 19:39:22.819,1789166362.8194716,-19
2026-09-11 19:39:22.827,1789166362.827164,-24
2026-09-11 19:39:22.834,1789166362.8348563,-26
2026-09-11 19:39:22.842,1789166362.8425486,-29
2026-09-11 19:39:22.850,1789166362.850241,36
2026-09-11 19:39:22.857,1789166362.8579333,249
2026-09-11 19:39:22.865,1789166362.8656256,572
2026-09-11 19:39:22.873,1789166362.873318,846
2026-09-11 19:39:22.881,1789166362.88101,662
2026-09-11 19:39:22.888,1789166362.8887024,-87
2026-09-11 19:39:22.896,1789166362.8963947,-485
2026-09-11 19:39:22.904,1789166362.904087,-167
2026-09-11 19:39:22.911,1789166362.9117794,14
2026-09-11 19:39:22.919,1789166362.9194717,-106
2026-09-11 19:39:22.927,1789166362.927164,-84
2026-09-11 19:39:22.934,1789166362.9348564,-14
2026-09-11 19:39:22.942,1789166362.9425485,-46
2026-09-11 19:39:22.950,1789166362.9502409,-48
2026-09-11 19:39:22.957,1789166362.9579332,-9
2026-09-11 19:39:22.965,1789166362.9656255,-7
2026-09-11 19:39:22.973,1789166362.9733179,-7
2026-09-11 19:39:22.981,1789166362.9810102,9
2026-09-11 19:39:22.988,1789166362.9887025,19
2026-09-11 19:39:22.996,1789166362.9963949,24
2026-09-11 19:39:23.004,1789166363.004087,33
2026-09-11 19:39:23.011,1789166363.0117793,46
2026-09-11 19:39:23.019,1789166363.0194716,58
2026-09-11 19:39:23.027,1789166363.027164,70
2026-09-11 19:39:23.034,1789166363.0348563,80
2026-09-11 19:39:23.042,1789166363.0425487,89
2026-09-11 19:39:23.050,1789166363.050241,101
2026-09-11 19:39:23.057,1789166363.0579333,111
2026-09-11 19:39:23.065,1789166363.0656254,113
2026-09-11 19:39:23.073,1789166363.0733178,109
2026-09-11 19:39:23.081,1789166363.08101,104
2026-09-11 19:39:23.088,1789166363.0887024,101
2026-09-11 19:39:23.096,1789166363.0963948,92
2026-09-11 19:39:23.104,1789166363.104087,75
2026-09-11 19:39:23.111,1789166363.1117795,55
2026-09-11 19:39:23.119,1789166363.1194718,29
2026-09-11 19:39:23.127,1789166363.127164,2
2026-09-11 19:39:23.134,1789166363.1348562,-16
2026-09-11 19:39:23.142,1789166363.1425486,-31
2026-09-11 19:39:23.150,1789166363.150241,-41
2026-09-11 19:39:23.157,1789166363.1579332,-41
2026-09-11 19:39:23.165,1789166363.1656256,-41
2026-09-11 19:39:23.173,1789166363.173318,-41
2026-09-11 19:39:23.181,1789166363.1810102,-33
2026-09-11 19:39:23.188,1789166363.1887023,-21
2026-09-11 19:39:23.196,1789166363.1963947,-12
2026-09-11 19:39:23.204,1789166363.204087,-7
2026-09-11 19:39:23.211,1789166363.2117794,0
2026-09-11 19:39:23.219,1789166363.2194717,4
2026-09-11 19:39:23.227,1789166363.227164,7
2026-09-11 19:39:23.234,1789166363.2348564,7
2026-09-11 19:39:23.242,1789166363.2425487,4
2026-09-11 19:39:23.250,1789166363.250241,-2
2026-09-11 19:39:23.257,1789166363.2579331,-2
2026-09-11 19:39:23.265,1789166363.2656255,2
2026-09-11 19:39:23.273,1789166363.2733178,7
2026-09-11 19:39:23.280,1789166363.2804484,14
2026-09-11 19:39:23.288,1789166363.2881408,31
2026-09-11 19:39:23.295,1789166363.295833,48
2026-09-11 19:39:23.303,1789166363.3035254,50
2026-09-11 19:39:23.311,1789166363.3112178,43
2026-09-11 19:39:23.318,1789166363.31891,29
2026-09-11 19:39:23.326,1789166363.3266022,9
2026-09-11 19:39:23.334,1789166363.3342946,-4
2026-09-11 19:39:23.341,1789166363.341987,-7
2026-09-11 19:39:23.349,1789166363.3496792,-4
2026-09-11 19:39:23.357,1789166363.3573716,-4
2026-09-11 19:39:23.365,1789166363.365064,-2
2026-09-11 19:39:23.372,1789166363.3727562,-2
2026-09-11 19:39:23.380,1789166363.3804483,-7
2026-09-11 19:39:23.388,1789166363.3881407,-16
2026-09-11 19:39:23.395,1789166363.395833,9
2026-09-11 19:39:23.403,1789166363.4035254,147
2026-09-11 19:39:23.411,1789166363.4112177,400
2026-09-11 19:39:23.418,1789166363.41891,739
2026-09-11 19:39:23.426,1789166363.4266024,931
2026-09-11 19:39:23.434,1789166363.4342947,453
2026-09-11 19:39:23.441,1789166363.4419868,-300
2026-09-11 19:39:23.449,1789166363.4496791,-332
2026-09-11 19:39:23.457,1789166363.4573715,7
2026-09-11 19:39:23.465,1789166363.4650638,-26
2026-09-11 19:39:23.472,1789166363.4727561,-118
2026-09-11 19:39:23.480,1789166363.4804485,-33
2026-09-11 19:39:23.488,1789166363.4881408,-16
2026-09-11 19:39:23.495,1789166363.4958332,-50
2026-09-11 19:39:23.503,1789166363.5035253,-21
2026-09-11 19:39:23.511,1789166363.5112176,2
2026-09-11 19:39:23.518,1789166363.51891,-4
2026-09-11 19:39:23.526,1789166363.5266023,0
2026-09-11 19:39:23.534,1789166363.5342946,14
2026-09-11 19:39:23.541,1789166363.541987,21
2026-09-11 19:39:23.549,1789166363.5496793,29
2026-09-11 19:39:23.557,1789166363.5573716,38
2026-09-11 19:39:23.565,1789166363.5650637,48
2026-09-11 19:39:23.572,1789166363.572756,55
2026-09-11 19:39:23.580,1789166363.5804484,63
2026-09-11 19:39:23.588,1789166363.5881407,75
2026-09-11 19:39:23.595,1789166363.595833,87
2026-09-11 19:39:23.603,1789166363.6035254,94
2026-09-11 19:39:23.611,1789166363.6112177,97
2026-09-11 19:39:23.618,1789166363.61891,94
2026-09-11 19:39:23.626,1789166363.6266022,89
2026-09-11 19:39:23.634,1789166363.6342945,84
2026-09-11 19:39:23.641,1789166363.6419868,82
2026-09-11 19:39:23.649,1789166363.6496792,72
2026-09-11 19:39:23.657,1789166363.6573715,60
2026-09-11 19:39:23.665,1789166363.6650639,43
2026-09-11 19:39:23.672,1789166363.6727562,26
2026-09-11 19:39:23.680,1789166363.6804485,9
2026-09-11 19:39:23.688,1789166363.6881406,-4
2026-09-11 19:39:23.695,1789166363.695833,-14
2026-09-11 19:39:23.703,1789166363.7035253,-16
2026-09-11 19:39:23.711,1789166363.7112176,-14
2026-09-11 19:39:23.718,1789166363.71891,-12
2026-09-11 19:39:23.726,1789166363.7266023,-4
2026-09-11 19:39:23.734,1789166363.7342947,0
2026-09-11 19:39:23.741,1789166363.741987,4
2026-09-11 19:39:23.749,1789166363.749679,9
2026-09-11 19:39:23.757,1789166363.7573714,14
2026-09-11 19:39:23.765,1789166363.7650638,21
2026-09-11 19:39:23.772,1789166363.772756,24
2026-09-11 19:39:23.780,1789166363.7804484,24
2026-09-11 19:39:23.788,1789166363.7881408,26
2026-09-11 19:39:23.795,1789166363.795833,26
2026-09-11 19:39:23.803,1789166363.8035254,16
2026-09-11 19:39:23.811,1789166363.8112178,9
2026-09-11 19:39:23.818,1789166363.81891,12
2026-09-11 19:39:23.826,1789166363.8266022,14
2026-09-11 19:39:23.834,1789166363.8342946,19
2026-09-11 19:39:23.841,1789166363.8414507,36
2026-09-11 19:39:23.849,1789166363.849143,55
2026-09-11 19:39:23.856,1789166363.8568354,70
2026-09-11 19:39:23.864,1789166363.8645277,67
2026-09-11 19:39:23.872,1789166363.87222,53
2026-09-11 19:39:23.879,1789166363.8799121,33
2026-09-11 19:39:23.887,1789166363.8876045,14
2026-09-11 19:39:23.895,1789166363.8952968,4
2026-09-11 19:39:23.902,1789166363.9029891,2
2026-09-11 19:39:23.910,1789166363.9106815,0
2026-09-11 19:39:23.918,1789166363.9183738,0
2026-09-11 19:39:23.926,1789166363.9260662,4
2026-09-11 19:39:23.933,1789166363.9337585,4
2026-09-11 19:39:23.941,1789166363.9414506,-4
2026-09-11 19:39:23.949,1789166363.949143,-16
2026-09-11 19:39:23.956,1789166363.9568353,29
2026-09-11 19:39:23.964,1789166363.9645276,184
2026-09-11 19:39:23.972,1789166363.97222,441
2026-09-11 19:39:23.979,1789166363.9799123,788
2026-09-11 19:39:23.987,1789166363.9876046,841
2026-09-11 19:39:23.995,1789166363.995297,203
2026-09-11 19:39:24.002,1789166364.002989,-380
2026-09-11 19:39:24.010,1789166364.0106814,-210
2026-09-11 19:39:24.018,1789166364.0183737,36
2026-09-11 19:39:24.026,1789166364.026066,-58
2026-09-11 19:39:24.033,1789166364.0337584,-92
2026-09-11 19:39:24.041,1789166364.0414507,-21
2026-09-11 19:39:24.049,1789166364.049143,-29
2026-09-11 19:39:24.056,1789166364.0568354,-43
2026-09-11 19:39:24.064,1789166364.0645275,-14
2026-09-11 19:39:24.072,1789166364.0722198,-4
2026-09-11 19:39:24.079,1789166364.0799122,-7
2026-09-11 19:39:24.087,1789166364.0876045,4
2026-09-11 19:39:24.095,1789166364.0952969,16
2026-09-11 19:39:24.102,1789166364.1029892,24
2026-09-11 19:39:24.110,1789166364.1106815,29
2026-09-11 19:39:24.118,1789166364.1183739,38
2026-09-11 19:39:24.126,1789166364.126066,48
2026-09-11 19:39:24.133,1789166364.1337583,58
2026-09-11 19:39:24.141,1789166364.1414506,70
2026-09-11 19:39:24.149,1789166364.149143,77
2026-09-11 19:39:24.156,1789166364.1568353,82
2026-09-11 19:39:24.164,1789166364.1645277,87
2026-09-11 19:39:24.172,1789166364.17222,92
2026-09-11 19:39:24.179,1789166364.1799123,87
2026-09-11 19:39:24.187,1789166364.1876044,87
2026-09-11 19:39:24.195,1789166364.1952968,89
2026-09-11 19:39:24.202,1789166364.202989,80
2026-09-11 19:39:24.210,1789166364.2106814,63
2026-09-11 19:39:24.218,1789166364.2183738,53
2026-09-11 19:39:24.226,1789166364.226066,43
2026-09-11 19:39:24.233,1789166364.2337584,19
2026-09-11 19:39:24.241,1789166364.2414508,-4
2026-09-11 19:39:24.249,1789166364.249143,-14
2026-09-11 19:39:24.256,1789166364.2568352,-26
2026-09-11 19:39:24.264,1789166364.2645276,-38
2026-09-11 19:39:24.272,1789166364.27222,-33
2026-09-11 19:39:24.279,1789166364.2799122,-24
2026-09-11 19:39:24.287,1789166364.2876046,-29
2026-09-11 19:39:24.295,1789166364.295297,-33
2026-09-11 19:39:24.302,1789166364.3029892,-21
2026-09-11 19:39:24.310,1789166364.3106813,-12
2026-09-11 19:39:24.318,1789166364.3183737,-14
2026-09-11 19:39:24.326,1789166364.326066,-9
2026-09-11 19:39:24.333,1789166364.3337584,2
2026-09-11 19:39:24.341,1789166364.3414507,2
2026-09-11 19:39:24.349,1789166364.349143,-12
2026-09-11 19:39:24.356,1789166364.3568354,-24
2026-09-11 19:39:24.364,1789166364.3645277,-21
2026-09-11 19:39:24.372,1789166364.37222,-21
2026-09-11 19:39:24.379,1789166364.3799121,-26
2026-09-11 19:39:24.387,1789166364.3876045,-31
2026-09-11 19:39:24.395,1789166364.3952968,-29
2026-09-11 19:39:24.402,1789166364.4024327,-24
2026-09-11 19:39:24.410,1789166364.410125,-26
2026-09-11 19:39:24.417,1789166364.4178174,-4
2026-09-11 19:39:24.425,1789166364.4255097,31
2026-09-11 19:39:24.433,1789166364.433202,26
2026-09-11 19:39:24.440,1789166364.4408941,0
2026-09-11 19:39:24.448,1789166364.4485865,-2
2026-09-11 19:39:24.456,1789166364.4562788,-4
2026-09-11 19:39:24.463,1789166364.4639711,-29
2026-09-11 19:39:24.471,1789166364.4716635,-50
2026-09-11 19:39:24.479,1789166364.4793558,-48
2026-09-11 19:39:24.487,1789166364.4870481,-36
2026-09-11 19:39:24.494,1789166364.4947405,-29
2026-09-11 19:39:24.502,1789166364.5024326,-36
2026-09-11 19:39:24.510,1789166364.510125,-41
2026-09-11 19:39:24.517,1789166364.5178173,-48
2026-09-11 19:39:24.525,1789166364.5255096,-48
2026-09-11 19:39:24.533,1789166364.533202,46
2026-09-11 19:39:24.540,1789166364.5408943,288
2026-09-11 19:39:24.548,1789166364.5485866,613
2026-09-11 19:39:24.556,1789166364.556279,839
2026-09-11 19:39:24.563,1789166364.563971,538
2026-09-11 19:39:24.571,1789166364.5716634,-225
2026-09-11 19:39:24.579,1789166364.5793557,-487
2026-09-11 19:39:24.587,1789166364.587048,-130
2026-09-11 19:39:24.594,1789166364.5947404,-14
2026-09-11 19:39:24.602,1789166364.6024327,-138
2026-09-11 19:39:24.610,1789166364.610125,-104
2026-09-11 19:39:24.617,1789166364.6178174,-41
2026-09-11 19:39:24.625,1789166364.6255095,-55
2026-09-11 19:39:24.633,1789166364.6332018,-50
2026-09-11 19:39:24.640,1789166364.6408942,-29
2026-09-11 19:39:24.648,1789166364.6485865,-26
2026-09-11 19:39:24.656,1789166364.6562788,-14
2026-09-11 19:39:24.663,1789166364.6639712,0
2026-09-11 19:39:24.671,1789166364.6716635,0
2026-09-11 19:39:24.679,1789166364.6793559,9
2026-09-11 19:39:24.687,1789166364.687048,31
2026-09-11 19:39:24.694,1789166364.6947403,38
2026-09-11 19:39:24.702,1789166364.7024326,38
2026-09-11 19:39:24.710,1789166364.710125,53
2026-09-11 19:39:24.717,1789166364.7178173,77
2026-09-11 19:39:24.725,1789166364.7255096,94
2026-09-11 19:39:24.733,1789166364.733202,99
2026-09-11 19:39:24.740,1789166364.7408943,99
2026-09-11 19:39:24.748,1789166364.7485864,113
2026-09-11 19:39:24.756,1789166364.7562788,126
2026-09-11 19:39:24.763,1789166364.763971,116
2026-09-11 19:39:24.771,1789166364.7716634,109
2026-09-11 19:39:24.779,1789166364.7793558,113
2026-09-11 19:39:24.787,1789166364.787048,97
2026-09-11 19:39:24.794,1789166364.7947404,58
2026-09-11 19:39:24.802,1789166364.8024328,21
2026-09-11 19:39:24.810,1789166364.8101249,2
2026-09-11 19:39:24.817,1789166364.8178172,-21
2026-09-11 19:39:24.825,1789166364.8255095,-48
2026-09-11 19:39:24.833,1789166364.833202,-63
2026-09-11 19:39:24.840,1789166364.8408942,-70
2026-09-11 19:39:24.848,1789166364.8485866,-75
2026-09-11 19:39:24.856,1789166364.856279,-67
2026-09-11 19:39:24.863,1789166364.8639712,-55
2026-09-11 19:39:24.871,1789166364.8716633,-48
2026-09-11 19:39:24.879,1789166364.8793557,-48
2026-09-11 19:39:24.887,1789166364.887048,-31
2026-09-11 19:39:24.894,1789166364.8947403,-19
2026-09-11 19:39:24.902,1789166364.9024327,-21
2026-09-11 19:39:24.910,1789166364.910125,-16
2026-09-11 19:39:24.917,1789166364.9178174,-12
2026-09-11 19:39:24.925,1789166364.9255097,-21
2026-09-11 19:39:24.933,1789166364.933202,-24
2026-09-11 19:39:24.940,1789166364.9408941,-24
2026-09-11 19:39:24.948,1789166364.9485865,-26
2026-09-11 19:39:24.956,1789166364.9562788,-19
2026-09-11 19:39:24.963,1789166364.9634092,-4
2026-09-11 19:39:24.971,1789166364.9711015,-7
2026-09-11 19:39:24.978,1789166364.9787939,-14
2026-09-11 19:39:24.986,1789166364.9864862,4
2026-09-11 19:39:24.994,1789166364.9941785,29
2026-09-11 19:39:25.001,1789166365.0018706,26
2026-09-11 19:39:25.009,1789166365.009563,2
2026-09-11 19:39:25.017,1789166365.0172553,-26
2026-09-11 19:39:25.024,1789166365.0249476,-38
2026-09-11 19:39:25.032,1789166365.03264,-26
2026-09-11 19:39:25.040,1789166365.0403323,-26
2026-09-11 19:39:25.048,1789166365.0480247,-46
2026-09-11 19:39:25.055,1789166365.055717,-46
2026-09-11 19:39:25.063,1789166365.063409,-29
2026-09-11 19:39:25.071,1789166365.0711014,-31
2026-09-11 19:39:25.078,1789166365.0787938,-46
2026-09-11 19:39:25.086,1789166365.086486,-29
2026-09-11 19:39:25.094,1789166365.0941784,72
2026-09-11 19:39:25.101,1789166365.1018708,312
2026-09-11 19:39:25.109,1789166365.109563,674
2026-09-11 19:39:25.117,1789166365.1172554,906
2026-09-11 19:39:25.124,1789166365.1249475,528
2026-09-11 19:39:25.132,1789166365.13264,-291
2026-09-11 19:39:25.140,1789166365.1403322,-511
2026-09-11 19:39:25.148,1789166365.1480246,-118
2026-09-11 19:39:25.155,1789166365.155717,-19
2026-09-11 19:39:25.163,1789166365.1634092,-135
2026-09-11 19:39:25.171,1789166365.1711016,-65
2026-09-11 19:39:25.178,1789166365.178794,-14
2026-09-11 19:39:25.186,1789166365.186486,-55
2026-09-11 19:39:25.194,1789166365.1941783,-38
2026-09-11 19:39:25.201,1789166365.2018707,0
2026-09-11 19:39:25.209,1789166365.209563,-4
2026-09-11 19:39:25.217,1789166365.2172554,-4
2026-09-11 19:39:25.224,1789166365.2249477,16
2026-09-11 19:39:25.232,1789166365.23264,26
2026-09-11 19:39:25.240,1789166365.2403324,33
2026-09-11 19:39:25.248,1789166365.2480245,50
2026-09-11 19:39:25.255,1789166365.2557168,63
2026-09-11 19:39:25.263,1789166365.2634091,70
2026-09-11 19:39:25.271,1789166365.2711015,84
2026-09-11 19:39:25.278,1789166365.2787938,106
2026-09-11 19:39:25.286,1789166365.2864861,116
2026-09-11 19:39:25.294,1789166365.2941785,123
2026-09-11 19:39:25.301,1789166365.3018708,135
2026-09-11 19:39:25.309,1789166365.309563,138
2026-09-11 19:39:25.317,1789166365.3172553,135
2026-09-11 19:39:25.324,1789166365.3249476,130
2026-09-11 19:39:25.332,1789166365.33264,123
2026-09-11 19:39:25.340,1789166365.3403323,109
2026-09-11 19:39:25.348,1789166365.3480246,92
2026-09-11 19:39:25.355,1789166365.355717,70
2026-09-11 19:39:25.363,1789166365.3634093,38
2026-09-11 19:39:25.371,1789166365.3711014,0
2026-09-11 19:39:25.378,1789166365.3787937,-29
2026-09-11 19:39:25.386,1789166365.386486,-48
2026-09-11 19:39:25.394,1789166365.3941784,-60
2026-09-11 19:39:25.401,1789166365.4018707,-67
2026-09-11 19:39:25.409,1789166365.409563,-65
2026-09-11 19:39:25.417,1789166365.4172554,-60
2026-09-11 19:39:25.424,1789166365.4249477,-55
2026-09-11 19:39:25.432,1789166365.4326398,-50
2026-09-11 19:39:25.440,1789166365.4403322,-46
2026-09-11 19:39:25.448,1789166365.4480245,-31
2026-09-11 19:39:25.455,1789166365.4557168,-19
2026-09-11 19:39:25.463,1789166365.4634092,-16
2026-09-11 19:39:25.471,1789166365.4711015,-14
2026-09-11 19:39:25.478,1789166365.4787939,-7
2026-09-11 19:39:25.486,1789166365.4864862,-4
2026-09-11 19:39:25.494,1789166365.4941785,-4
2026-09-11 19:39:25.501,1789166365.5018706,-12
2026-09-11 19:39:25.509,1789166365.509563,-14
2026-09-11 19:39:25.517,1789166365.5172553,-14
2026-09-11 19:39:25.524,1789166365.5243862,-16
2026-09-11 19:39:25.532,1789166365.5320785,-9
2026-09-11 19:39:25.539,1789166365.5397708,7
2026-09-11 19:39:25.547,1789166365.5474632,26
2026-09-11 19:39:25.555,1789166365.5551555,36
2026-09-11 19:39:25.562,1789166365.5628476,29
2026-09-11 19:39:25.570,1789166365.57054,14
2026-09-11 19:39:25.578,1789166365.5782323,-4
2026-09-11 19:39:25.585,1789166365.5859246,-21
2026-09-11 19:39:25.593,1789166365.593617,-24
2026-09-11 19:39:25.601,1789166365.6013093,-24
2026-09-11 19:39:25.609,1789166365.6090016,-29
2026-09-11 19:39:25.616,1789166365.616694,-24
2026-09-11 19:39:25.624,1789166365.624386,-16
2026-09-11 19:39:25.632,1789166365.6320784,-26
2026-09-11 19:39:25.639,1789166365.6397707,-38
2026-09-11 19:39:25.647,1789166365.647463,-19
2026-09-11 19:39:25.655,1789166365.6551554,87
2026-09-11 19:39:25.662,1789166365.6628478,332
2026-09-11 19:39:25.670,1789166365.67054,664
2026-09-11 19:39:25.678,1789166365.6782324,897
2026-09-11 19:39:25.685,1789166365.6859245,594
2026-09-11 19:39:25.693,1789166365.6936169,-196
2026-09-11 19:39:25.701,1789166365.7013092,-477
2026-09-11 19:39:25.709,1789166365.7090015,-116
2026-09-11 19:39:25.716,1789166365.7166939,-7
2026-09-11 19:39:25.724,1789166365.7243862,-133
2026-09-11 19:39:25.732,1789166365.7320786,-70
2026-09-11 19:39:25.739,1789166365.739771,-14
2026-09-11 19:39:25.747,1789166365.747463,-58
2026-09-11 19:39:25.755,1789166365.7551553,-48
2026-09-11 19:39:25.762,1789166365.7628477,-12
2026-09-11 19:39:25.770,1789166365.77054,-16
2026-09-11 19:39:25.778,1789166365.7782323,-19
2026-09-11 19:39:25.785,1789166365.7859247,4
2026-09-11 19:39:25.793,1789166365.793617,19
2026-09-11 19:39:25.801,1789166365.8013093,21
2026-09-11 19:39:25.809,1789166365.8090014,31
2026-09-11 19:39:25.816,1789166365.8166938,41
2026-09-11 19:39:25.824,1789166365.8243861,48
2026-09-11 19:39:25.832,1789166365.8320785,63
2026-09-11 19:39:25.839,1789166365.8397708,82
2026-09-11 19:39:25.847,1789166365.8474631,92
2026-09-11 19:39:25.855,1789166365.8551555,99
2026-09-11 19:39:25.862,1789166365.8628478,111
2026-09-11 19:39:25.870,1789166365.87054,121
2026-09-11 19:39:25.878,1789166365.8782322,116
2026-09-11 19:39:25.885,1789166365.8859246,104
2026-09-11 19:39:25.893,1789166365.893617,99
2026-09-11 19:39:25.901,1789166365.9013093,97
2026-09-11 19:39:25.909,1789166365.9090016,82
2026-09-11 19:39:25.916,1789166365.916694,50
2026-09-11 19:39:25.924,1789166365.9243863,14
2026-09-11 19:39:25.932,1789166365.9320784,-12
2026-09-11 19:39:25.939,1789166365.9397707,-26
2026-09-11 19:39:25.947,1789166365.947463,-43
2026-09-11 19:39:25.955,1789166365.9551554,-60
2026-09-11 19:39:25.962,1789166365.9628477,-65
2026-09-11 19:39:25.970,1789166365.97054,-60
2026-09-11 19:39:25.978,1789166365.9782324,-58
2026-09-11 19:39:25.985,1789166365.9859247,-53
2026-09-11 19:39:25.993,1789166365.9936168,-43
2026-09-11 19:39:26.001,1789166366.0013092,-33
2026-09-11 19:39:26.009,1789166366.0090015,-29
2026-09-11 19:39:26.016,1789166366.0166938,-24
2026-09-11 19:39:26.024,1789166366.0243862,-14
2026-09-11 19:39:26.032,1789166366.0320785,-9
2026-09-11 19:39:26.039,1789166366.0397708,-9
2026-09-11 19:39:26.047,1789166366.0474632,-7
2026-09-11 19:39:26.055,1789166366.0551555,0
2026-09-11 19:39:26.062,1789166366.0628476,-7
2026-09-11 19:39:26.070,1789166366.07054,-21
2026-09-11 19:39:26.078,1789166366.0782323,-26
2026-09-11 19:39:26.085,1789166366.0853937,-21
2026-09-11 19:39:26.093,1789166366.093086,-14
2026-09-11 19:39:26.100,1789166366.1007783,0
2026-09-11 19:39:26.108,1789166366.1084707,21
2026-09-11 19:39:26.116,1789166366.116163,36
2026-09-11 19:39:26.123,1789166366.123855,31
2026-09-11 19:39:26.131,1789166366.1315475,16
2026-09-11 19:39:26.139,1789166366.1392398,2
2026-09-11 19:39:26.146,1789166366.1469321,-12
2026-09-11 19:39:26.154,1789166366.1546245,-24
2026-09-11 19:39:26.162,1789166366.1623168,-26
2026-09-11 19:39:26.170,1789166366.1700091,-21
2026-09-11 19:39:26.177,1789166366.1777015,-21
2026-09-11 19:39:26.185,1789166366.1853936,-19
2026-09-11 19:39:26.193,1789166366.193086,-16
2026-09-11 19:39:26.200,1789166366.2007782,-19
2026-09-11 19:39:26.208,1789166366.2084706,-26
2026-09-11 19:39:26.216,1789166366.216163,33
2026-09-11 19:39:26.223,1789166366.2238553,242
2026-09-11 19:39:26.231,1789166366.2315476,565
2026-09-11 19:39:26.239,1789166366.23924,873
2026-09-11 19:39:26.246,1789166366.246932,819
2026-09-11 19:39:26.254,1789166366.2546244,121
2026-09-11 19:39:26.262,1789166366.2623167,-472
2026-09-11 19:39:26.270,1789166366.270009,-271
2026-09-11 19:39:26.277,1789166366.2777014,2
2026-09-11 19:39:26.285,1789166366.2853937,-92
2026-09-11 19:39:26.293,1789166366.293086,-111
2026-09-11 19:39:26.300,1789166366.3007784,-19
2026-09-11 19:39:26.308,1789166366.3084705,-38
2026-09-11 19:39:26.316,1789166366.3161628,-63
2026-09-11 19:39:26.323,1789166366.3238552,-24
2026-09-11 19:39:26.331,1789166366.3315475,-9
2026-09-11 19:39:26.339,1789166366.3392398,-16
2026-09-11 19:39:26.346,1789166366.3469322,-4
2026-09-11 19:39:26.354,1789166366.3546245,14
2026-09-11 19:39:26.362,1789166366.3623168,21
2026-09-11 19:39:26.370,1789166366.370009,29
2026-09-11 19:39:26.377,1789166366.3777013,38
2026-09-11 19:39:26.385,1789166366.3853936,46
2026-09-11 19:39:26.393,1789166366.393086,60
2026-09-11 19:39:26.400,1789166366.4007783,80
2026-09-11 19:39:26.408,1789166366.4084706,89
2026-09-11 19:39:26.416,1789166366.416163,94
2026-09-11 19:39:26.423,1789166366.4238553,106
2026-09-11 19:39:26.431,1789166366.4315474,116
2026-09-11 19:39:26.439,1789166366.4392397,123
2026-09-11 19:39:26.446,1789166366.446932,121
2026-09-11 19:39:26.454,1789166366.4546244,109
2026-09-11 19:39:26.462,1789166366.4623168,92
2026-09-11 19:39:26.470,1789166366.470009,77
2026-09-11 19:39:26.477,1789166366.4777014,60
2026-09-11 19:39:26.485,1789166366.4853938,33
2026-09-11 19:39:26.493,1789166366.4930859,4
2026-09-11 19:39:26.500,1789166366.5007782,-21
2026-09-11 19:39:26.508,1789166366.5084705,-43
2026-09-11 19:39:26.516,1789166366.5161629,-55
2026-09-11 19:39:26.523,1789166366.5238552,-60
2026-09-11 19:39:26.531,1789166366.5315475,-60
2026-09-11 19:39:26.539,1789166366.53924,-58
2026-09-11 19:39:26.546,1789166366.5469322,-53
2026-09-11 19:39:26.554,1789166366.5546243,-41
2026-09-11 19:39:26.562,1789166366.5623167,-29
2026-09-11 19:39:26.570,1789166366.570009,-26
2026-09-11 19:39:26.577,1789166366.5777013,-26
2026-09-11 19:39:26.585,1789166366.5853937,-19
2026-09-11 19:39:26.593,1789166366.593086,-9
2026-09-11 19:39:26.600,1789166366.6007783,-7
2026-09-11 19:39:26.608,1789166366.6084707,-12
2026-09-11 19:39:26.616,1789166366.616163,-9
2026-09-11 19:39:26.623,1789166366.623855,-4
2026-09-11 19:39:26.631,1789166366.6315475,-4
2026-09-11 19:39:26.639,1789166366.6392398,-12
2026-09-11 19:39:26.646,1789166366.6463702,-16
2026-09-11 19:39:26.654,1789166366.6540625,-14
2026-09-11 19:39:26.661,1789166366.6617548,-9
2026-09-11 19:39:26.669,1789166366.6694472,9
2026-09-11 19:39:26.677,1789166366.6771395,31
2026-09-11 19:39:26.684,1789166366.6848316,38
2026-09-11 19:39:26.692,1789166366.692524,33
2026-09-11 19:39:26.700,1789166366.7002163,21
2026-09-11 19:39:26.707,1789166366.7079086,4
2026-09-11 19:39:26.715,1789166366.715601,-14
2026-09-11 19:39:26.723,1789166366.7232933,-21
2026-09-11 19:39:26.730,1789166366.7309856,-19
2026-09-11 19:39:26.738,1789166366.738678,-16
2026-09-11 19:39:26.746,1789166366.74637,-14
2026-09-11 19:39:26.754,1789166366.7540624,-14
2026-09-11 19:39:26.761,1789166366.7617548,-12
2026-09-11 19:39:26.769,1789166366.769447,-14
2026-09-11 19:39:26.777,1789166366.7771394,-14
2026-09-11 19:39:26.784,1789166366.7848318,60
2026-09-11 19:39:26.792,1789166366.792524,288
2026-09-11 19:39:26.800,1789166366.8002164,623
2026-09-11 19:39:26.807,1789166366.8079085,916
2026-09-11 19:39:26.815,1789166366.8156009,761
2026-09-11 19:39:26.823,1789166366.8232932,-21
2026-09-11 19:39:26.830,1789166366.8309855,-506
2026-09-11 19:39:26.838,1789166366.838678,-208
2026-09-11 19:39:26.846,1789166366.8463702,4
2026-09-11 19:39:26.854,1789166366.8540626,-118
2026-09-11 19:39:26.861,1789166366.861755,-101
2026-09-11 19:39:26.869,1789166366.869447,-24
2026-09-11 19:39:26.877,1789166366.8771393,-55
2026-09-11 19:39:26.884,1789166366.8848317,-55
2026-09-11 19:39:26.892,1789166366.892524,-16
2026-09-11 19:39:26.900,1789166366.9002163,-16
2026-09-11 19:39:26.907,1789166366.9079087,-19
2026-09-11 19:39:26.915,1789166366.915601,2
2026-09-11 19:39:26.923,1789166366.9232934,9
2026-09-11 19:39:26.930,1789166366.9309855,9
2026-09-11 19:39:26.938,1789166366.9386778,24
2026-09-11 19:39:26.946,1789166366.9463701,38
2026-09-11 19:39:26.954,1789166366.9540625,48
2026-09-11 19:39:26.961,1789166366.9617548,58
2026-09-11 19:39:26.969,1789166366.9694471,75
2026-09-11 19:39:26.977,1789166366.9771395,89
2026-09-11 19:39:26.984,1789166366.9848318,101
2026-09-11 19:39:26.992,1789166366.992524,111
2026-09-11 19:39:27.000,1789166367.0002162,113
2026-09-11 19:39:27.007,1789166367.0079086,111
2026-09-11 19:39:27.015,1789166367.015601,109
2026-09-11 19:39:27.023,1789166367.0232933,106
2026-09-11 19:39:27.030,1789166367.0309856,104
2026-09-11 19:39:27.038,1789166367.038678,84
2026-09-11 19:39:27.046,1789166367.0463703,50
2026-09-11 19:39:27.054,1789166367.0540624,16
2026-09-11 19:39:27.061,1789166367.0617547,-9
2026-09-11 19:39:27.069,1789166367.069447,-31
2026-09-11 19:39:27.077,1789166367.0771394,-46
2026-09-11 19:39:27.084,1789166367.0848317,-55
2026-09-11 19:39:27.092,1789166367.092524,-60
2026-09-11 19:39:27.100,1789166367.1002164,-60
2026-09-11 19:39:27.107,1789166367.1079087,-55
2026-09-11 19:39:27.115,1789166367.1156008,-55
2026-09-11 19:39:27.123,1789166367.1232932,-53
2026-09-11 19:39:27.130,1789166367.1309855,-41
2026-09-11 19:39:27.138,1789166367.1386778,-29
2026-09-11 19:39:27.146,1789166367.1463702,-21
2026-09-11 19:39:27.154,1789166367.1540625,-21
2026-09-11 19:39:27.161,1789166367.1617548,-14
2026-09-11 19:39:27.169,1789166367.1694472,-9
2026-09-11 19:39:27.177,1789166367.1771395,-9
2026-09-11 19:39:27.184,1789166367.1848316,-14
2026-09-11 19:39:27.192,1789166367.192524,-9
2026-09-11 19:39:27.200,1789166367.2002163,-7
2026-09-11 19:39:27.207,1789166367.2073472,-12
2026-09-11 19:39:27.215,1789166367.2150395,-19
2026-09-11 19:39:27.222,1789166367.2227318,-21
2026-09-11 19:39:27.230,1789166367.2304242,-19
2026-09-11 19:39:27.238,1789166367.2381165,-14
2026-09-11 19:39:27.245,1789166367.2458086,0
2026-09-11 19:39:27.253,1789166367.253501,24
2026-09-11 19:39:27.261,1789166367.2611933,38
2026-09-11 19:39:27.268,1789166367.2688856,36
2026-09-11 19:39:27.276,1789166367.276578,21
2026-09-11 19:39:27.284,1789166367.2842703,4
2026-09-11 19:39:27.291,1789166367.2919626,-7
2026-09-11 19:39:27.299,1789166367.299655,-9
2026-09-11 19:39:27.307,1789166367.307347,-14
2026-09-11 19:39:27.315,1789166367.3150394,-21
2026-09-11 19:39:27.322,1789166367.3227317,-16
2026-09-11 19:39:27.330,1789166367.330424,-12
2026-09-11 19:39:27.338,1789166367.3381164,-12
2026-09-11 19:39:27.345,1789166367.3458087,-14
2026-09-11 19:39:27.353,1789166367.353501,-7
2026-09-11 19:39:27.361,1789166367.3611934,65
2026-09-11 19:39:27.368,1789166367.3688855,274
2026-09-11 19:39:27.376,1789166367.3765779,594
2026-09-11 19:39:27.384,1789166367.3842702,906
2026-09-11 19:39:27.391,1789166367.3919625,819
2026-09-11 19:39:27.399,1789166367.3996549,65
2026-09-11 19:39:27.407,1789166367.4073472,-499
2026-09-11 19:39:27.415,1789166367.4150395,-249
2026-09-11 19:39:27.422,1789166367.4227319,9
2026-09-11 19:39:27.430,1789166367.430424,-106
2026-09-11 19:39:27.438,1789166367.4381163,-111
2026-09-11 19:39:27.445,1789166367.4458086,-16
2026-09-11 19:39:27.453,1789166367.453501,-38
2026-09-11 19:39:27.461,1789166367.4611933,-53
2026-09-11 19:39:27.468,1789166367.4688857,-16
2026-09-11 19:39:27.476,1789166367.476578,-16
2026-09-11 19:39:27.484,1789166367.4842703,-24
2026-09-11 19:39:27.491,1789166367.4919624,0
2026-09-11 19:39:27.499,1789166367.4996548,16
2026-09-11 19:39:27.507,1789166367.507347,16
2026-09-11 19:39:27.515,1789166367.5150394,24
2026-09-11 19:39:27.522,1789166367.5227318,36
2026-09-11 19:39:27.530,1789166367.530424,46
2026-09-11 19:39:27.538,1789166367.5381165,60
2026-09-11 19:39:27.545,1789166367.5458088,80
2026-09-11 19:39:27.553,1789166367.553501,94
2026-09-11 19:39:27.561,1789166367.5611932,99
2026-09-11 19:39:27.568,1789166367.5688856,101
2026-09-11 19:39:27.576,1789166367.576578,116
2026-09-11 19:39:27.584,1789166367.5842702,128
2026-09-11 19:39:27.591,1789166367.5919626,121
2026-09-11 19:39:27.599,1789166367.599655,109
2026-09-11 19:39:27.607,1789166367.6073472,99
2026-09-11 19:39:27.615,1789166367.6150393,84
2026-09-11 19:39:27.622,1789166367.6227317,63
2026-09-11 19:39:27.630,1789166367.630424,33
2026-09-11 19:39:27.638,1789166367.6381164,7
2026-09-11 19:39:27.645,1789166367.6458087,-19
2026-09-11 19:39:27.653,1789166367.653501,-41
2026-09-11 19:39:27.661,1789166367.6611934,-55
2026-09-11 19:39:27.668,1789166367.6688857,-58
2026-09-11 19:39:27.676,1789166367.6765778,-58
2026-09-11 19:39:27.684,1789166367.6842701,-60
2026-09-11 19:39:27.691,1789166367.6919625,-55
2026-09-11 19:39:27.699,1789166367.6996548,-38
2026-09-11 19:39:27.707,1789166367.7073472,-26
2026-09-11 19:39:27.715,1789166367.7150395,-24
2026-09-11 19:39:27.722,1789166367.7227318,-19
2026-09-11 19:39:27.730,1789166367.7304242,-12
2026-09-11 19:39:27.738,1789166367.7381165,-7
2026-09-11 19:39:27.745,1789166367.7458086,-7
2026-09-11 19:39:27.753,1789166367.753501,-9
2026-09-11 19:39:27.761,1789166367.7611933,-4
2026-09-11 19:39:27.768,1789166367.7683544,-4
2026-09-11 19:39:27.776,1789166367.7760468,-2
2026-09-11 19:39:27.783,1789166367.783739,-4
2026-09-11 19:39:27.791,1789166367.7914314,-9
2026-09-11 19:39:27.799,1789166367.7991238,-12
2026-09-11 19:39:27.806,1789166367.8068159,-14
2026-09-11 19:39:27.814,1789166367.8145082,-16
2026-09-11 19:39:27.822,1789166367.8222005,-19
2026-09-11 19:39:27.829,1789166367.8298929,-12
2026-09-11 19:39:27.837,1789166367.8375852,9
2026-09-11 19:39:27.845,1789166367.8452775,33
2026-09-11 19:39:27.852,1789166367.85297,43
2026-09-11 19:39:27.860,1789166367.8606622,38
2026-09-11 19:39:27.868,1789166367.8683543,26
2026-09-11 19:39:27.876,1789166367.8760467,9
2026-09-11 19:39:27.883,1789166367.883739,-2
2026-09-11 19:39:27.891,1789166367.8914313,-9
2026-09-11 19:39:27.899,1789166367.8991237,-9
2026-09-11 19:39:27.906,1789166367.906816,-7
2026-09-11 19:39:27.914,1789166367.9145083,-4
2026-09-11 19:39:27.922,1789166367.9222007,-7
2026-09-11 19:39:27.929,1789166367.9298928,-7
2026-09-11 19:39:27.937,1789166367.937585,-12
2026-09-11 19:39:27.945,1789166367.9452775,0
2026-09-11 19:39:27.952,1789166367.9529698,106
2026-09-11 19:39:27.960,1789166367.9606621,361
2026-09-11 19:39:27.968,1789166367.9683545,693
2026-09-11 19:39:27.976,1789166367.9760468,953
2026-09-11 19:39:27.983,1789166367.9837391,710
2026-09-11 19:39:27.991,1789166367.9914312,-109
2026-09-11 19:39:27.999,1789166367.9991236,-511
2026-09-11 19:39:28.006,1789166368.006816,-164
2026-09-11 19:39:28.014,1789166368.0145082,4
2026-09-11 19:39:28.022,1789166368.0222006,-116
2026-09-11 19:39:28.029,1789166368.029893,-75
2026-09-11 19:39:28.037,1789166368.0375853,-9
2026-09-11 19:39:28.045,1789166368.0452776,-48
2026-09-11 19:39:28.052,1789166368.0529697,-41
2026-09-11 19:39:28.060,1789166368.060662,-2
2026-09-11 19:39:28.068,1789166368.0683544,-7
2026-09-11 19:39:28.076,1789166368.0760467,-9
2026-09-11 19:39:28.083,1789166368.083739,4
2026-09-11 19:39:28.091,1789166368.0914314,12
2026-09-11 19:39:28.099,1789166368.0991237,19
2026-09-11 19:39:28.106,1789166368.106816,38
2026-09-11 19:39:28.114,1789166368.1145082,50
2026-09-11 19:39:28.122,1789166368.1222005,55
2026-09-11 19:39:28.129,1789166368.1298928,67
2026-09-11 19:39:28.137,1789166368.1375852,84
2026-09-11 19:39:28.145,1789166368.1452775,99
2026-09-11 19:39:28.152,1789166368.1529698,111
2026-09-11 19:39:28.160,1789166368.1606622,116
2026-09-11 19:39:28.168,1789166368.1683545,118
2026-09-11 19:39:28.176,1789166368.1760466,126
2026-09-11 19:39:28.183,1789166368.183739,128
2026-09-11 19:39:28.191,1789166368.1914313,116
2026-09-11 19:39:28.199,1789166368.1991236,106
2026-09-11 19:39:28.206,1789166368.206816,94
2026-09-11 19:39:28.214,1789166368.2145083,65
2026-09-11 19:39:28.222,1789166368.2222006,33
2026-09-11 19:39:28.229,1789166368.229893,12
2026-09-11 19:39:28.237,1789166368.237585,-9
2026-09-11 19:39:28.245,1789166368.2452774,-36
2026-09-11 19:39:28.252,1789166368.2529697,-50
2026-09-11 19:39:28.260,1789166368.260662,-58
2026-09-11 19:39:28.268,1789166368.2683544,-55
2026-09-11 19:39:28.276,1789166368.2760468,-46
2026-09-11 19:39:28.283,1789166368.283739,-46
2026-09-11 19:39:28.291,1789166368.2914314,-38
2026-09-11 19:39:28.299,1789166368.2991238,-24
2026-09-11 19:39:28.306,1789166368.3068159,-19
2026-09-11 19:39:28.314,1789166368.3145082,-16
2026-09-11 19:39:28.322,1789166368.3222005,-4
2026-09-11 19:39:28.329,1789166368.3293312,-2
2026-09-11 19:39:28.337,1789166368.3370235,-9
2026-09-11 19:39:28.344,1789166368.3447158,-7
2026-09-11 19:39:28.352,1789166368.3524082,-2
2026-09-11 19:39:28.360,1789166368.3601005,0
2026-09-11 19:39:28.367,1789166368.3677926,-2
2026-09-11 19:39:28.375,1789166368.375485,-2
2026-09-11 19:39:28.383,1789166368.3831773,-4
2026-09-11 19:39:28.390,1789166368.3908696,-4
2026-09-11 19:39:28.398,1789166368.398562,-2
2026-09-11 19:39:28.406,1789166368.4062543,-12
2026-09-11 19:39:28.413,1789166368.4139466,-19
2026-09-11 19:39:28.421,1789166368.421639,-14
2026-09-11 19:39:28.429,1789166368.429331,-7
2026-09-11 19:39:28.437,1789166368.4370234,-2
2026-09-11 19:39:28.444,1789166368.4447157,16
2026-09-11 19:39:28.452,1789166368.452408,43
2026-09-11 19:39:28.460,1789166368.4601004,53
2026-09-11 19:39:28.467,1789166368.4677927,46
2026-09-11 19:39:28.475,1789166368.475485,26
2026-09-11 19:39:28.483,1789166368.4831774,7
2026-09-11 19:39:28.490,1789166368.4908695,-4
2026-09-11 19:39:28.498,1789166368.4985619,-7
2026-09-11 19:39:28.506,1789166368.5062542,-4
2026-09-11 19:39:28.513,1789166368.5139465,-4
2026-09-11 19:39:28.521,1789166368.5216389,-4
2026-09-11 19:39:28.529,1789166368.5293312,-4
2026-09-11 19:39:28.537,1789166368.5370235,-4
2026-09-11 19:39:28.544,1789166368.544716,0
2026-09-11 19:39:28.552,1789166368.552408,29
2026-09-11 19:39:28.560,1789166368.5601003,169
2026-09-11 19:39:28.567,1789166368.5677927,448
2026-09-11 19:39:28.575,1789166368.575485,773
2026-09-11 19:39:28.583,1789166368.5831773,938
2026-09-11 19:39:28.590,1789166368.5908697,502
2026-09-11 19:39:28.598,1789166368.598562,-312
2026-09-11 19:39:28.606,1789166368.6062543,-463
2026-09-11 19:39:28.613,1789166368.6139464,-65
2026-09-11 19:39:28.621,1789166368.6216388,-16
2026-09-11 19:39:28.629,1789166368.629331,-130
2026-09-11 19:39:28.637,1789166368.6370234,-48
2026-09-11 19:39:28.644,1789166368.6447158,-12
2026-09-11 19:39:28.652,1789166368.6524081,-60
2026-09-11 19:39:28.660,1789166368.6601005,-36
2026-09-11 19:39:28.667,1789166368.6677928,-2
2026-09-11 19:39:28.675,1789166368.675485,-12
2026-09-11 19:39:28.683,1789166368.6831772,-4
2026-09-11 19:39:28.690,1789166368.6908696,14
2026-09-11 19:39:28.698,1789166368.698562,16
2026-09-11 19:39:28.706,1789166368.7062542,24
2026-09-11 19:39:28.713,1789166368.7139466,36
2026-09-11 19:39:28.721,1789166368.721639,50
2026-09-11 19:39:28.729,1789166368.7293313,60
2026-09-11 19:39:28.737,1789166368.7370234,75
2026-09-11 19:39:28.744,1789166368.7447157,87
2026-09-11 19:39:28.752,1789166368.752408,99
2026-09-11 19:39:28.760,1789166368.7601004,106
2026-09-11 19:39:28.767,1789166368.7677927,113
2026-09-11 19:39:28.775,1789166368.775485,116
2026-09-11 19:39:28.783,1789166368.7831774,121
2026-09-11 19:39:28.790,1789166368.7908697,123
2026-09-11 19:39:28.798,1789166368.7985618,113
2026-09-11 19:39:28.806,1789166368.8062541,99
2026-09-11 19:39:28.813,1789166368.8139465,84
2026-09-11 19:39:28.821,1789166368.8216388,60
2026-09-11 19:39:28.829,1789166368.8293312,31
2026-09-11 19:39:28.837,1789166368.8370235,0
2026-09-11 19:39:28.844,1789166368.8447158,-24
2026-09-11 19:39:28.852,1789166368.8524082,-41
2026-09-11 19:39:28.860,1789166368.8601005,-50
2026-09-11 19:39:28.867,1789166368.8677926,-55
2026-09-11 19:39:28.875,1789166368.875485,-55
2026-09-11 19:39:28.883,1789166368.8831773,-48
2026-09-11 19:39:28.890,1789166368.890308,-43
2026-09-11 19:39:28.898,1789166368.8980002,-38
2026-09-11 19:39:28.905,1789166368.9056926,-31
2026-09-11 19:39:28.913,1789166368.913385,-21
2026-09-11 19:39:28.921,1789166368.9210773,-14
2026-09-11 19:39:28.928,1789166368.9287694,-9
2026-09-11 19:39:28.936,1789166368.9364617,-7
2026-09-11 19:39:28.944,1789166368.944154,-9
2026-09-11 19:39:28.951,1789166368.9518464,-9
2026-09-11 19:39:28.959,1789166368.9595387,-9
2026-09-11 19:39:28.967,1789166368.967231,-4
2026-09-11 19:39:28.974,1789166368.9749234,2
2026-09-11 19:39:28.982,1789166368.9826157,0
2026-09-11 19:39:28.990,1789166368.9903078,-4
2026-09-11 19:39:28.998,1789166368.9980001,-7
2026-09-11 19:39:29.005,1789166369.0056925,-9
2026-09-11 19:39:29.013,1789166369.0133848,-14
2026-09-11 19:39:29.021,1789166369.0210772,-21
2026-09-11 19:39:29.028,1789166369.0287695,-21
2026-09-11 19:39:29.036,1789166369.0364618,-16
2026-09-11 19:39:29.044,1789166369.0441542,-12
2026-09-11 19:39:29.051,1789166369.0518463,-2
2026-09-11 19:39:29.059,1789166369.0595386,19
2026-09-11 19:39:29.067,1789166369.067231,43
2026-09-11 19:39:29.074,1789166369.0749233,43
2026-09-11 19:39:29.082,1789166369.0826156,33
2026-09-11 19:39:29.090,1789166369.090308,24
2026-09-11 19:39:29.098,1789166369.0980003,7
2026-09-11 19:39:29.105,1789166369.1056926,-4
2026-09-11 19:39:29.113,1789166369.1133847,-9
2026-09-11 19:39:29.121,1789166369.121077,-9
2026-09-11 19:39:29.128,1789166369.1287694,-12
2026-09-11 19:39:29.136,1789166369.1364617,-9
2026-09-11 19:39:29.144,1789166369.144154,-7
2026-09-11 19:39:29.151,1789166369.1518464,-7
2026-09-11 19:39:29.159,1789166369.1595387,-7
2026-09-11 19:39:29.167,1789166369.167231,36
2026-09-11 19:39:29.174,1789166369.1749232,206
2026-09-11 19:39:29.182,1789166369.1826155,497
2026-09-11 19:39:29.190,1789166369.1903079,814
2026-09-11 19:39:29.198,1789166369.1980002,902
2026-09-11 19:39:29.205,1789166369.2056925,351
2026-09-11 19:39:29.213,1789166369.2133849,-404
2026-09-11 19:39:29.221,1789166369.2210772,-402
2026-09-11 19:39:29.228,1789166369.2287695,-26
2026-09-11 19:39:29.236,1789166369.2364616,-43
2026-09-11 19:39:29.244,1789166369.244154,-128
2026-09-11 19:39:29.251,1789166369.2518463,-38
2026-09-11 19:39:29.259,1789166369.2595387,-21
2026-09-11 19:39:29.267,1789166369.267231,-58
2026-09-11 19:39:29.274,1789166369.2749233,-26
2026-09-11 19:39:29.282,1789166369.2826157,-4
2026-09-11 19:39:29.290,1789166369.290308,-14
2026-09-11 19:39:29.298,1789166369.298,-2
2026-09-11 19:39:29.305,1789166369.3056924,16
2026-09-11 19:39:29.313,1789166369.3133848,19
2026-09-11 19:39:29.321,1789166369.321077,26
2026-09-11 19:39:29.328,1789166369.3287694,38
2026-09-11 19:39:29.336,1789166369.3364618,43
2026-09-11 19:39:29.344,1789166369.3441541,50
2026-09-11 19:39:29.351,1789166369.3518465,65
2026-09-11 19:39:29.359,1789166369.3595386,82
2026-09-11 19:39:29.367,1789166369.367231,97
2026-09-11 19:39:29.374,1789166369.3749232,106
2026-09-11 19:39:29.382,1789166369.3826156,109
2026-09-11 19:39:29.390,1789166369.390308,111
2026-09-11 19:39:29.398,1789166369.3980002,111
2026-09-11 19:39:29.405,1789166369.4056926,106
2026-09-11 19:39:29.413,1789166369.413385,101
2026-09-11 19:39:29.421,1789166369.4210773,92
2026-09-11 19:39:29.428,1789166369.4287694,77
2026-09-11 19:39:29.436,1789166369.4364617,50
2026-09-11 19:39:29.444,1789166369.444154,24
2026-09-11 19:39:29.451,1789166369.4513154,-2
2026-09-11 19:39:29.459,1789166369.4590077,-26
2026-09-11 19:39:29.466,1789166369.4667,-38
2026-09-11 19:39:29.474,1789166369.4743924,-50
2026-09-11 19:39:29.482,1789166369.4820848,-60
2026-09-11 19:39:29.489,1789166369.4897768,-58
2026-09-11 19:39:29.497,1789166369.4974692,-50
2026-09-11 19:39:29.505,1789166369.5051615,-43
2026-09-11 19:39:29.512,1789166369.5128539,-31
2026-09-11 19:39:29.520,1789166369.5205462,-21
2026-09-11 19:39:29.528,1789166369.5282385,-19
2026-09-11 19:39:29.535,1789166369.5359309,-14
2026-09-11 19:39:29.543,1789166369.5436232,-9
2026-09-11 19:39:29.551,1789166369.5513153,-4
2026-09-11 19:39:29.559,1789166369.5590076,-4
2026-09-11 19:39:29.566,1789166369.5667,-7
2026-09-11 19:39:29.574,1789166369.5743923,-7
2026-09-11 19:39:29.582,1789166369.5820847,-7
2026-09-11 19:39:29.589,1789166369.589777,-4
2026-09-11 19:39:29.597,1789166369.5974693,-4
2026-09-11 19:39:29.605,1789166369.6051617,-2
2026-09-11 19:39:29.612,1789166369.6128538,-4
2026-09-11 19:39:29.620,1789166369.620546,-9
2026-09-11 19:39:29.628,1789166369.6282384,-19
2026-09-11 19:39:29.635,1789166369.6359308,-21
2026-09-11 19:39:29.643,1789166369.643623,-16
2026-09-11 19:39:29.651,1789166369.6513155,-14
2026-09-11 19:39:29.659,1789166369.6590078,0
2026-09-11 19:39:29.666,1789166369.6667001,29
2026-09-11 19:39:29.674,1789166369.6743922,48
2026-09-11 19:39:29.682,1789166369.6820846,41
2026-09-11 19:39:29.689,1789166369.689777,31
2026-09-11 19:39:29.697,1789166369.6974692,16
2026-09-11 19:39:29.705,1789166369.7051616,-2
2026-09-11 19:39:29.712,1789166369.712854,-12
2026-09-11 19:39:29.720,1789166369.7205462,-9
2026-09-11 19:39:29.728,1789166369.7282386,-9
2026-09-11 19:39:29.735,1789166369.7359307,-9
2026-09-11 19:39:29.743,1789166369.743623,-9
2026-09-11 19:39:29.751,1789166369.7513154,-7
2026-09-11 19:39:29.759,1789166369.7590077,-7
2026-09-11 19:39:29.766,1789166369.7667,-2
2026-09-11 19:39:29.774,1789166369.7743924,48
2026-09-11 19:39:29.782,1789166369.7820847,230
2026-09-11 19:39:29.789,1789166369.789777,526
2026-09-11 19:39:29.797,1789166369.7974691,836
2026-09-11 19:39:29.805,1789166369.8051615,868
2026-09-11 19:39:29.812,1789166369.8128538,235
2026-09-11 19:39:29.820,1789166369.8205462,-460
2026-09-11 19:39:29.828,1789166369.8282385,-346
2026-09-11 19:39:29.835,1789166369.8359308,0
2026-09-11 19:39:29.843,1789166369.8436232,-60
2026-09-11 19:39:29.851,1789166369.8513155,-121
2026-09-11 19:39:29.859,1789166369.8590076,-29
2026-09-11 19:39:29.866,1789166369.8667,-26
2026-09-11 19:39:29.874,1789166369.8743923,-55
2026-09-11 19:39:29.882,1789166369.8820846,-21
2026-09-11 19:39:29.889,1789166369.889777,-4
2026-09-11 19:39:29.897,1789166369.8974693,-12
2026-09-11 19:39:29.905,1789166369.9051616,2
2026-09-11 19:39:29.912,1789166369.912854,19
2026-09-11 19:39:29.920,1789166369.920546,21
2026-09-11 19:39:29.928,1789166369.9282384,26
2026-09-11 19:39:29.935,1789166369.9359307,36
2026-09-11 19:39:29.943,1789166369.943623,46
2026-09-11 19:39:29.951,1789166369.9513154,55
2026-09-11 19:39:29.959,1789166369.9590077,70
2026-09-11 19:39:29.966,1789166369.9667,82
2026-09-11 19:39:29.974,1789166369.9743924,92
2026-09-11 19:39:29.982,1789166369.9820848,101
2026-09-11 19:39:29.989,1789166369.9897768,106
2026-09-11 19:39:29.997,1789166369.9974692,106
2026-09-11 19:39:30.005,1789166370.0051615,106
2026-09-11 19:39:30.012,1789166370.012292,101
2026-09-11 19:39:30.019,1789166370.0199842,92
2026-09-11 19:39:30.027,1789166370.0276766,82
2026-09-11 19:39:30.035,1789166370.035369,67
2026-09-11 19:39:30.043,1789166370.0430613,46
2026-09-11 19:39:30.050,1789166370.0507534,19
2026-09-11 19:39:30.058,1789166370.0584457,0
2026-09-11 19:39:30.066,1789166370.066138,-14
2026-09-11 19:39:30.073,1789166370.0738304,-29
2026-09-11 19:39:30.081,1789166370.0815227,-43
2026-09-11 19:39:30.089,1789166370.089215,-53
2026-09-11 19:39:30.096,1789166370.0969074,-53
2026-09-11 19:39:30.104,1789166370.1045997,-43
2026-09-11 19:39:30.112,1789166370.1122918,-29
2026-09-11 19:39:30.119,1789166370.1199841,-21
2026-09-11 19:39:30.127,1789166370.1276765,-16
2026-09-11 19:39:30.135,1789166370.1353688,-9
2026-09-11 19:39:30.143,1789166370.1430612,-2
2026-09-11 19:39:30.150,1789166370.1507535,-2
2026-09-11 19:39:30.158,1789166370.1584458,-2
2026-09-11 19:39:30.166,1789166370.1661382,2
2026-09-11 19:39:30.173,1789166370.1738303,4
2026-09-11 19:39:30.181,1789166370.1815226,2
2026-09-11 19:39:30.189,1789166370.189215,0
2026-09-11 19:39:30.196,1789166370.1969073,0
2026-09-11 19:39:30.204,1789166370.2045996,0
2026-09-11 19:39:30.212,1789166370.212292,0
2026-09-11 19:39:30.219,1789166370.2199843,-2
2026-09-11 19:39:30.227,1789166370.2276766,-7
2026-09-11 19:39:30.235,1789166370.2353687,-14
2026-09-11 19:39:30.243,1789166370.243061,-14
2026-09-11 19:39:30.250,1789166370.2507534,-9
2026-09-11 19:39:30.258,1789166370.2584457,-7
2026-09-11 19:39:30.266,1789166370.266138,9
2026-09-11 19:39:30.273,1789166370.2738304,36
2026-09-11 19:39:30.281,1789166370.2815228,50
2026-09-11 19:39:30.289,1789166370.289215,46
2026-09-11 19:39:30.296,1789166370.2969072,31
2026-09-11 19:39:30.304,1789166370.3045995,14
2026-09-11 19:39:30.312,1789166370.3122919,0
2026-09-11 19:39:30.319,1789166370.3199842,-7
2026-09-11 19:39:30.327,1789166370.3276765,-9
2026-09-11 19:39:30.335,1789166370.3353689,-9
2026-09-11 19:39:30.343,1789166370.3430612,-7
2026-09-11 19:39:30.350,1789166370.3507535,-4
2026-09-11 19:39:30.358,1789166370.3584456,-2
2026-09-11 19:39:30.366,1789166370.366138,-7
2026-09-11 19:39:30.373,1789166370.3738303,-2
2026-09-11 19:39:30.381,1789166370.3815227,84
2026-09-11 19:39:30.389,1789166370.389215,310
2026-09-11 19:39:30.396,1789166370.3969073,620
2026-09-11 19:39:30.404,1789166370.4045997,894
2026-09-11 19:39:30.412,1789166370.412292,720
2026-09-11 19:39:30.419,1789166370.419984,-60
2026-09-11 19:39:30.427,1789166370.4276764,-514
2026-09-11 19:39:30.435,1789166370.4353688,-196
2026-09-11 19:39:30.443,1789166370.443061,14
2026-09-11 19:39:30.450,1789166370.4507535,-104
2026-09-11 19:39:30.458,1789166370.4584458,-80
2026-09-11 19:39:30.466,1789166370.4661381,-4
2026-09-11 19:39:30.473,1789166370.4738305,-38
2026-09-11 19:39:30.481,1789166370.4815226,-43
2026-09-11 19:39:30.489,1789166370.489215,-7
2026-09-11 19:39:30.496,1789166370.4969072,-7
2026-09-11 19:39:30.504,1789166370.5045996,-4
2026-09-11 19:39:30.512,1789166370.512292,14
2026-09-11 19:39:30.519,1789166370.5199842,19
2026-09-11 19:39:30.527,1789166370.5276766,21
2026-09-11 19:39:30.535,1789166370.535369,36
2026-09-11 19:39:30.543,1789166370.5430613,46
2026-09-11 19:39:30.550,1789166370.5507534,50
2026-09-11 19:39:30.558,1789166370.5584457,60
2026-09-11 19:39:30.566,1789166370.566138,70
2026-09-11 19:39:30.573,1789166370.573269,77
2026-09-11 19:39:30.580,1789166370.5809612,87
2026-09-11 19:39:30.588,1789166370.5886536,97
2026-09-11 19:39:30.596,1789166370.596346,99
2026-09-11 19:39:30.604,1789166370.6040382,94
2026-09-11 19:39:30.611,1789166370.6117303,89
2026-09-11 19:39:30.619,1789166370.6194227,89
2026-09-11 19:39:30.627,1789166370.627115,87
2026-09-11 19:39:30.634,1789166370.6348073,72
2026-09-11 19:39:30.642,1789166370.6424997,55
2026-09-11 19:39:30.650,1789166370.650192,36
2026-09-11 19:39:30.657,1789166370.6578844,12
2026-09-11 19:39:30.665,1789166370.6655767,-7
2026-09-11 19:39:30.673,1789166370.6732688,-24
2026-09-11 19:39:30.680,1789166370.6809611,-38
2026-09-11 19:39:30.688,1789166370.6886535,-46
2026-09-11 19:39:30.696,1789166370.6963458,-48
2026-09-11 19:39:30.704,1789166370.7040381,-46
2026-09-11 19:39:30.711,1789166370.7117305,-41
2026-09-11 19:39:30.719,1789166370.7194228,-29
2026-09-11 19:39:30.727,1789166370.7271152,-14
2026-09-11 19:39:30.734,1789166370.7348073,-7
2026-09-11 19:39:30.742,1789166370.7424996,-7
2026-09-11 19:39:30.750,1789166370.750192,-2
2026-09-11 19:39:30.757,1789166370.7578843,0
2026-09-11 19:39:30.765,1789166370.7655766,0
2026-09-11 19:39:30.773,1789166370.773269,0
2026-09-11 19:39:30.780,1789166370.7809613,0
2026-09-11 19:39:30.788,1789166370.7886536,-2
2026-09-11 19:39:30.796,1789166370.7963457,-2
2026-09-11 19:39:30.804,1789166370.804038,0
2026-09-11 19:39:30.811,1789166370.8117304,0
2026-09-11 19:39:30.819,1789166370.8194227,-4
2026-09-11 19:39:30.827,1789166370.827115,-14
2026-09-11 19:39:30.834,1789166370.8348074,-19
2026-09-11 19:39:30.842,1789166370.8424997,-16
2026-09-11 19:39:30.850,1789166370.850192,-12
2026-09-11 19:39:30.857,1789166370.8578842,-9
2026-09-11 19:39:30.865,1789166370.8655765,7
2026-09-11 19:39:30.873,1789166370.8732688,33
2026-09-11 19:39:30.880,1789166370.8809612,46
2026-09-11 19:39:30.888,1789166370.8886535,38
2026-09-11 19:39:30.896,1789166370.8963459,24
2026-09-11 19:39:30.904,1789166370.9040382,7
2026-09-11 19:39:30.911,1789166370.9117305,-7
2026-09-11 19:39:30.919,1789166370.9194226,-12
2026-09-11 19:39:30.927,1789166370.927115,-12
2026-09-11 19:39:30.934,1789166370.9348073,-12
2026-09-11 19:39:30.942,1789166370.9424996,-9
2026-09-11 19:39:30.950,1789166370.950192,-12
2026-09-11 19:39:30.957,1789166370.9578843,-14
2026-09-11 19:39:30.965,1789166370.9655766,-14
2026-09-11 19:39:30.973,1789166370.973269,7
2026-09-11 19:39:30.980,1789166370.980961,135
2026-09-11 19:39:30.988,1789166370.9886534,388
2026-09-11 19:39:30.996,1789166370.9963458,693
2026-09-11 19:39:31.004,1789166371.004038,882
2026-09-11 19:39:31.011,1789166371.0117304,497
2026-09-11 19:39:31.019,1789166371.0194228,-295
2026-09-11 19:39:31.027,1789166371.027115,-465
2026-09-11 19:39:31.034,1789166371.0348074,-77
2026-09-11 19:39:31.042,1789166371.0424995,-9
2026-09-11 19:39:31.050,1789166371.0501919,-118
2026-09-11 19:39:31.057,1789166371.0578842,-50
2026-09-11 19:39:31.065,1789166371.0655766,-9
2026-09-11 19:39:31.073,1789166371.073269,-50
2026-09-11 19:39:31.080,1789166371.0809612,-36
2026-09-11 19:39:31.088,1789166371.0886536,-4
2026-09-11 19:39:31.096,1789166371.096346,-7
2026-09-11 19:39:31.104,1789166371.1040382,-7
2026-09-11 19:39:31.111,1789166371.1117303,4
2026-09-11 19:39:31.119,1789166371.1194227,12
2026-09-11 19:39:31.127,1789166371.127115,21
2026-09-11 19:39:31.134,1789166371.1342456,36
2026-09-11 19:39:31.141,1789166371.141938,43
2026-09-11 19:39:31.149,1789166371.1496303,50
2026-09-11 19:39:31.157,1789166371.1573226,58
2026-09-11 19:39:31.165,1789166371.165015,67
2026-09-11 19:39:31.172,1789166371.172707,80
2026-09-11 19:39:31.180,1789166371.1803994,89
2026-09-11 19:39:31.188,1789166371.1880918,89
2026-09-11 19:39:31.195,1789166371.195784,87
2026-09-11 19:39:31.203,1789166371.2034764,87
2026-09-11 19:39:31.211,1789166371.2111688,87
2026-09-11 19:39:31.218,1789166371.218861,82
2026-09-11 19:39:31.226,1789166371.2265534,72
2026-09-11 19:39:31.234,1789166371.2342455,70
2026-09-11 19:39:31.241,1789166371.2419379,58
2026-09-11 19:39:31.249,1789166371.2496302,29
2026-09-11 19:39:31.257,1789166371.2573225,2
2026-09-11 19:39:31.265,1789166371.265015,-9
2026-09-11 19:39:31.272,1789166371.2727072,-24
2026-09-11 19:39:31.280,1789166371.2803996,-38
2026-09-11 19:39:31.288,1789166371.288092,-43
2026-09-11 19:39:31.295,1789166371.295784,-41
2026-09-11 19:39:31.303,1789166371.3034763,-36
2026-09-11 19:39:31.311,1789166371.3111687,-29
2026-09-11 19:39:31.318,1789166371.318861,-21
2026-09-11 19:39:31.326,1789166371.3265533,-16
2026-09-11 19:39:31.334,1789166371.3342457,-7
2026-09-11 19:39:31.341,1789166371.341938,2
2026-09-11 19:39:31.349,1789166371.3496304,4
2026-09-11 19:39:31.357,1789166371.3573225,2
2026-09-11 19:39:31.365,1789166371.3650148,4
2026-09-11 19:39:31.372,1789166371.3727071,4
2026-09-11 19:39:31.380,1789166371.3803995,4
2026-09-11 19:39:31.388,1789166371.3880918,0
2026-09-11 19:39:31.395,1789166371.3957841,-2
2026-09-11 19:39:31.403,1789166371.4034765,-4
2026-09-11 19:39:31.411,1789166371.4111688,-12
2026-09-11 19:39:31.418,1789166371.418861,-19
2026-09-11 19:39:31.426,1789166371.4265532,-16
2026-09-11 19:39:31.434,1789166371.4342456,-9
2026-09-11 19:39:31.441,1789166371.441938,4
2026-09-11 19:39:31.449,1789166371.4496303,29
2026-09-11 19:39:31.457,1789166371.4573226,43
2026-09-11 19:39:31.465,1789166371.465015,43
2026-09-11 19:39:31.472,1789166371.4727073,29
2026-09-11 19:39:31.480,1789166371.4803994,9
2026-09-11 19:39:31.488,1789166371.4880917,-4
2026-09-11 19:39:31.495,1789166371.495784,-12
2026-09-11 19:39:31.503,1789166371.5034764,-16
2026-09-11 19:39:31.511,1789166371.5111687,-16
2026-09-11 19:39:31.518,1789166371.518861,-12
2026-09-11 19:39:31.526,1789166371.5265534,-14
2026-09-11 19:39:31.534,1789166371.5342457,-16
2026-09-11 19:39:31.541,1789166371.5419378,-19
2026-09-11 19:39:31.549,1789166371.5496302,-16
2026-09-11 19:39:31.557,1789166371.5573225,41
2026-09-11 19:39:31.565,1789166371.5650148,240
2026-09-11 19:39:31.572,1789166371.5727072,548
2026-09-11 19:39:31.580,1789166371.5803995,826
2026-09-11 19:39:31.588,1789166371.5880919,676
2026-09-11 19:39:31.595,1789166371.5957842,-63
2026-09-11 19:39:31.603,1789166371.6034763,-511
2026-09-11 19:39:31.611,1789166371.6111686,-206
2026-09-11 19:39:31.618,1789166371.618861,19
2026-09-11 19:39:31.626,1789166371.6265533,-92
2026-09-11 19:39:31.634,1789166371.6342456,-82
2026-09-11 19:39:31.641,1789166371.641938,-9
2026-09-11 19:39:31.649,1789166371.6496303,-38
2026-09-11 19:39:31.657,1789166371.6573226,-43
2026-09-11 19:39:31.665,1789166371.665015,-7
2026-09-11 19:39:31.672,1789166371.672707,-4
2026-09-11 19:39:31.680,1789166371.6803994,-9
2026-09-11 19:39:31.688,1789166371.6880918,7
2026-09-11 19:39:31.695,1789166371.695253,21
2026-09-11 19:39:31.702,1789166371.7029452,29
2026-09-11 19:39:31.710,1789166371.7106376,38
2026-09-11 19:39:31.718,1789166371.71833,46
2026-09-11 19:39:31.726,1789166371.7260222,50
2026-09-11 19:39:31.733,1789166371.7337143,60
2026-09-11 19:39:31.741,1789166371.7414067,72
2026-09-11 19:39:31.749,1789166371.749099,82
2026-09-11 19:39:31.756,1789166371.7567914,94
2026-09-11 19:39:31.764,1789166371.7644837,97
2026-09-11 19:39:31.772,1789166371.772176,97
2026-09-11 19:39:31.779,1789166371.7798684,97
2026-09-11 19:39:31.787,1789166371.7875607,92
2026-09-11 19:39:31.795,1789166371.7952528,89
2026-09-11 19:39:31.802,1789166371.8029451,89
2026-09-11 19:39:31.810,1789166371.8106375,80
2026-09-11 19:39:31.818,1789166371.8183298,63
2026-09-11 19:39:31.826,1789166371.8260221,36
2026-09-11 19:39:31.833,1789166371.8337145,12
2026-09-11 19:39:31.841,1789166371.8414068,-7
2026-09-11 19:39:31.849,1789166371.8490992,-24
2026-09-11 19:39:31.856,1789166371.8567913,-38
2026-09-11 19:39:31.864,1789166371.8644836,-48
2026-09-11 19:39:31.872,1789166371.872176,-48
2026-09-11 19:39:31.879,1789166371.8798683,-43
2026-09-11 19:39:31.887,1789166371.8875606,-31
2026-09-11 19:39:31.895,1789166371.895253,-21
2026-09-11 19:39:31.902,1789166371.9029453,-16
2026-09-11 19:39:31.910,1789166371.9106376,-12
2026-09-11 19:39:31.918,1789166371.9183297,-7
2026-09-11 19:39:31.926,1789166371.926022,-2
2026-09-11 19:39:31.933,1789166371.9337144,0
2026-09-11 19:39:31.941,1789166371.9414067,0
2026-09-11 19:39:31.949,1789166371.949099,2
2026-09-11 19:39:31.956,1789166371.9567914,0
2026-09-11 19:39:31.964,1789166371.9644837,-2
2026-09-11 19:39:31.972,1789166371.972176,-4
2026-09-11 19:39:31.979,1789166371.9798682,-14
2026-09-11 19:39:31.987,1789166371.9875605,-16
2026-09-11 19:39:31.995,1789166371.9952528,-14
2026-09-11 19:39:32.002,1789166372.0029452,-7
2026-09-11 19:39:32.010,1789166372.0106375,7
2026-09-11 19:39:32.018,1789166372.0183299,29
2026-09-11 19:39:32.026,1789166372.0260222,46
2026-09-11 19:39:32.033,1789166372.0337145,46
2026-09-11 19:39:32.041,1789166372.0414066,31
2026-09-11 19:39:32.049,1789166372.049099,7
2026-09-11 19:39:32.056,1789166372.0567913,-9
2026-09-11 19:39:32.064,1789166372.0644836,-14
2026-09-11 19:39:32.072,1789166372.072176,-14
2026-09-11 19:39:32.079,1789166372.0798683,-14
2026-09-11 19:39:32.087,1789166372.0875607,-12
2026-09-11 19:39:32.095,1789166372.095253,-7
2026-09-11 19:39:32.102,1789166372.102945,-7
2026-09-11 19:39:32.110,1789166372.1106374,-14
2026-09-11 19:39:32.118,1789166372.1183298,-21
2026-09-11 19:39:32.126,1789166372.126022,24
2026-09-11 19:39:32.133,1789166372.1337144,198
2026-09-11 19:39:32.141,1789166372.1414068,482
2026-09-11 19:39:32.149,1789166372.149099,763
2026-09-11 19:39:32.156,1789166372.1567914,683
2026-09-11 19:39:32.164,1789166372.1644835,0
2026-09-11 19:39:32.172,1789166372.172176,-502
2026-09-11 19:39:32.179,1789166372.1798682,-240
2026-09-11 19:39:32.187,1789166372.1875606,21
2026-09-11 19:39:32.195,1789166372.195253,-72
2026-09-11 19:39:32.202,1789166372.2029452,-75
2026-09-11 19:39:32.210,1789166372.2106376,0
2026-09-11 19:39:32.218,1789166372.21833,-26
2026-09-11 19:39:32.226,1789166372.2260222,-33
2026-09-11 19:39:32.233,1789166372.2337143,7
2026-09-11 19:39:32.241,1789166372.2414067,7
2026-09-11 19:39:32.249,1789166372.249099,0
2026-09-11 19:39:32.256,1789166372.2562299,21
2026-09-11 19:39:32.263,1789166372.2639222,33
2026-09-11 19:39:32.271,1789166372.2716146,31
2026-09-11 19:39:32.279,1789166372.279307,43
2026-09-11 19:39:32.286,1789166372.2869992,55
2026-09-11 19:39:32.294,1789166372.2946913,60
2026-09-11 19:39:32.302,1789166372.3023837,70
2026-09-11 19:39:32.310,1789166372.310076,84
2026-09-11 19:39:32.317,1789166372.3177683,92
2026-09-11 19:39:32.325,1789166372.3254607,99
2026-09-11 19:39:32.333,1789166372.333153,104
2026-09-11 19:39:32.340,1789166372.3408453,109
2026-09-11 19:39:32.348,1789166372.3485377,109
2026-09-11 19:39:32.356,1789166372.3562298,104
2026-09-11 19:39:32.363,1789166372.363922,99
2026-09-11 19:39:32.371,1789166372.3716145,94
2026-09-11 19:39:32.379,1789166372.3793068,84
2026-09-11 19:39:32.386,1789166372.3869991,72
2026-09-11 19:39:32.394,1789166372.3946915,48
2026-09-11 19:39:32.402,1789166372.4023838,21
2026-09-11 19:39:32.410,1789166372.4100761,-2
2026-09-11 19:39:32.417,1789166372.4177682,-21
2026-09-11 19:39:32.425,1789166372.4254606,-33
2026-09-11 19:39:32.433,1789166372.433153,-38
2026-09-11 19:39:32.440,1789166372.4408453,-38
2026-09-11 19:39:32.448,1789166372.4485376,-36
2026-09-11 19:39:32.456,1789166372.45623,-26
2026-09-11 19:39:32.463,1789166372.4639223,-21
2026-09-11 19:39:32.471,1789166372.4716146,-14
2026-09-11 19:39:32.479,1789166372.4793067,-9
2026-09-11 19:39:32.486,1789166372.486999,-4
2026-09-11 19:39:32.494,1789166372.4946914,0
2026-09-11 19:39:32.502,1789166372.5023837,4
2026-09-11 19:39:32.510,1789166372.510076,4
2026-09-11 19:39:32.517,1789166372.5177684,4
2026-09-11 19:39:32.525,1789166372.5254607,4
2026-09-11 19:39:32.533,1789166372.533153,0
2026-09-11 19:39:32.540,1789166372.5408452,-7
2026-09-11 19:39:32.548,1789166372.5485375,-7
2026-09-11 19:39:32.556,1789166372.5562298,-4
2026-09-11 19:39:32.563,1789166372.5639222,-4
2026-09-11 19:39:32.571,1789166372.5716145,2
2026-09-11 19:39:32.579,1789166372.5793068,21
2026-09-11 19:39:32.586,1789166372.5869992,43
2026-09-11 19:39:32.594,1789166372.5946915,53
2026-09-11 19:39:32.602,1789166372.6023836,43
2026-09-11 19:39:32.610,1789166372.610076,29
2026-09-11 19:39:32.617,1789166372.6177683,9
2026-09-11 19:39:32.625,1789166372.6254606,-4
2026-09-11 19:39:32.633,1789166372.633153,-9
2026-09-11 19:39:32.640,1789166372.6408453,-9
2026-09-11 19:39:32.648,1789166372.6485376,-9
2026-09-11 19:39:32.656,1789166372.65623,-9
2026-09-11 19:39:32.663,1789166372.663922,-7
2026-09-11 19:39:32.671,1789166372.6716144,-4
2026-09-11 19:39:32.679,1789166372.6793067,-12
2026-09-11 19:39:32.686,1789166372.686999,-7
2026-09-11 19:39:32.694,1789166372.6946914,97
2026-09-11 19:39:32.702,1789166372.7023838,339
2026-09-11 19:39:32.710,1789166372.710076,645
2026-09-11 19:39:32.717,1789166372.7177684,788
2026-09-11 19:39:32.725,1789166372.7254605,356
2026-09-11 19:39:32.733,1789166372.7331529,-366
2026-09-11 19:39:32.740,1789166372.7408452,-421
2026-09-11 19:39:32.748,1789166372.7485375,-33
2026-09-11 19:39:32.756,1789166372.7562299,0
2026-09-11 19:39:32.763,1789166372.7639222,-97
2026-09-11 19:39:32.771,1789166372.7716146,-21
2026-09-11 19:39:32.779,1789166372.779307,2
2026-09-11 19:39:32.786,1789166372.7869992,-31
2026-09-11 19:39:32.794,1789166372.7946913,-9
2026-09-11 19:39:32.802,1789166372.8023837,14
2026-09-11 19:39:32.810,1789166372.810076,7
2026-09-11 19:39:32.817,1789166372.8172116,21
2026-09-11 19:39:32.824,1789166372.824904,38
2026-09-11 19:39:32.832,1789166372.8325963,36
2026-09-11 19:39:32.840,1789166372.8402886,41
2026-09-11 19:39:32.847,1789166372.847981,58
2026-09-11 19:39:32.855,1789166372.855673,63
2026-09-11 19:39:32.863,1789166372.8633654,67
2026-09-11 19:39:32.871,1789166372.8710577,84
2026-09-11 19:39:32.878,1789166372.87875,99
2026-09-11 19:39:32.886,1789166372.8864424,101
2026-09-11 19:39:32.894,1789166372.8941348,106
2026-09-11 19:39:32.901,1789166372.901827,113
2026-09-11 19:39:32.909,1789166372.9095194,109
2026-09-11 19:39:32.917,1789166372.9172115,104
2026-09-11 19:39:32.924,1789166372.9249039,106
2026-09-11 19:39:32.932,1789166372.9325962,106
2026-09-11 19:39:32.940,1789166372.9402885,99
2026-09-11 19:39:32.947,1789166372.9479809,82
2026-09-11 19:39:32.955,1789166372.9556732,58
2026-09-11 19:39:32.963,1789166372.9633656,36
2026-09-11 19:39:32.971,1789166372.971058,16
2026-09-11 19:39:32.978,1789166372.97875,-2
2026-09-11 19:39:32.986,1789166372.9864423,-19
2026-09-11 19:39:32.994,1789166372.9941347,-31
2026-09-11 19:39:33.001,1789166373.001827,-36
2026-09-11 19:39:33.009,1789166373.0095193,-31
2026-09-11 19:39:33.017,1789166373.0172117,-19
2026-09-11 19:39:33.024,1789166373.024904,-12
2026-09-11 19:39:33.032,1789166373.0325963,-12
2026-09-11 19:39:33.040,1789166373.0402884,-7
2026-09-11 19:39:33.047,1789166373.0479808,2
2026-09-11 19:39:33.055,1789166373.0556731,7
2026-09-11 19:39:33.063,1789166373.0633655,7
2026-09-11 19:39:33.071,1789166373.0710578,12
2026-09-11 19:39:33.078,1789166373.0787501,14
2026-09-11 19:39:33.086,1789166373.0864425,9
2026-09-11 19:39:33.094,1789166373.0941348,4
2026-09-11 19:39:33.101,1789166373.101827,0
2026-09-11 19:39:33.109,1789166373.1095192,-2
2026-09-11 19:39:33.117,1789166373.1172116,-2
2026-09-11 19:39:33.124,1789166373.124904,-2
2026-09-11 19:39:33.132,1789166373.1325963,7
2026-09-11 19:39:33.140,1789166373.1402886,26
2026-09-11 19:39:33.147,1789166373.147981,48
2026-09-11 19:39:33.155,1789166373.1556733,55
2026-09-11 19:39:33.163,1789166373.1633654,46
2026-09-11 19:39:33.171,1789166373.1710577,29
2026-09-11 19:39:33.178,1789166373.17875,12
2026-09-11 19:39:33.186,1789166373.1864424,-2
2026-09-11 19:39:33.194,1789166373.1941347,-9
2026-09-11 19:39:33.201,1789166373.201827,-9
2026-09-11 19:39:33.209,1789166373.2095194,-7
2026-09-11 19:39:33.217,1789166373.2172117,-4
2026-09-11 19:39:33.224,1789166373.2249038,0
2026-09-11 19:39:33.232,1789166373.2325962,0
2026-09-11 19:39:33.240,1789166373.2402885,-14
2026-09-11 19:39:33.247,1789166373.2479808,-9
2026-09-11 19:39:33.255,1789166373.2556732,97
2026-09-11 19:39:33.263,1789166373.2633655,341
2026-09-11 19:39:33.271,1789166373.2710578,649
2026-09-11 19:39:33.278,1789166373.2787502,797
2026-09-11 19:39:33.286,1789166373.2864423,354
2026-09-11 19:39:33.294,1789166373.2941346,-368
2026-09-11 19:39:33.301,1789166373.301827,-409
2026-09-11 19:39:33.309,1789166373.3095193,-19
2026-09-11 19:39:33.317,1789166373.3172116,4
2026-09-11 19:39:33.324,1789166373.324904,-92
2026-09-11 19:39:33.332,1789166373.3325963,-14
2026-09-11 19:39:33.340,1789166373.3402886,7
2026-09-11 19:39:33.347,1789166373.347981,-31
2026-09-11 19:39:33.355,1789166373.355673,-7
2026-09-11 19:39:33.363,1789166373.3633654,21
2026-09-11 19:39:33.371,1789166373.3710577,16
2026-09-11 19:39:33.378,1789166373.378214,24
2026-09-11 19:39:33.385,1789166373.3859062,36
2026-09-11 19:39:33.393,1789166373.3935986,36
2026-09-11 19:39:33.401,1789166373.401291,46
2026-09-11 19:39:33.408,1789166373.4089832,63
2026-09-11 19:39:33.416,1789166373.4166753,72
2026-09-11 19:39:33.424,1789166373.4243677,77
2026-09-11 19:39:33.432,1789166373.43206,84
2026-09-11 19:39:33.439,1789166373.4397523,97
2026-09-11 19:39:33.447,1789166373.4474447,109
2026-09-11 19:39:33.455,1789166373.455137,113
2026-09-11 19:39:33.462,1789166373.4628294,113
2026-09-11 19:39:33.470,1789166373.4705217,109
2026-09-11 19:39:33.478,1789166373.4782138,106
2026-09-11 19:39:33.485,1789166373.4859061,109
2026-09-11 19:39:33.493,1789166373.4935985,106
2026-09-11 19:39:33.501,1789166373.5012908,97
2026-09-11 19:39:33.508,1789166373.5089831,82
2026-09-11 19:39:33.516,1789166373.5166755,58
2026-09-11 19:39:33.524,1789166373.5243678,31
2026-09-11 19:39:33.532,1789166373.5320601,9
2026-09-11 19:39:33.539,1789166373.5397522,-9
2026-09-11 19:39:33.547,1789166373.5474446,-21
2026-09-11 19:39:33.555,1789166373.555137,-26
2026-09-11 19:39:33.562,1789166373.5628293,-31
2026-09-11 19:39:33.570,1789166373.5705216,-33
2026-09-11 19:39:33.578,1789166373.578214,-31
2026-09-11 19:39:33.585,1789166373.5859063,-24
2026-09-11 19:39:33.593,1789166373.5935986,-14
2026-09-11 19:39:33.601,1789166373.6012907,-4
2026-09-11 19:39:33.608,1789166373.608983,0
2026-09-11 19:39:33.616,1789166373.6166754,0
2026-09-11 19:39:33.624,1789166373.6243677,4
2026-09-11 19:39:33.632,1789166373.63206,4
2026-09-11 19:39:33.639,1789166373.6397524,2
2026-09-11 19:39:33.647,1789166373.6474447,0
2026-09-11 19:39:33.655,1789166373.655137,-7
2026-09-11 19:39:33.662,1789166373.6628292,-9
2026-09-11 19:39:33.670,1789166373.6705215,-7
2026-09-11 19:39:33.678,1789166373.6782138,-7
2026-09-11 19:39:33.685,1789166373.6859062,-2
2026-09-11 19:39:33.693,1789166373.6935985,14
2026-09-11 19:39:33.701,1789166373.7012908,36
2026-09-11 19:39:33.708,1789166373.7089832,48
2026-09-11 19:39:33.716,1789166373.7166755,48
2026-09-11 19:39:33.724,1789166373.7243676,31
2026-09-11 19:39:33.732,1789166373.73206,9
2026-09-11 19:39:33.739,1789166373.7397523,-7
2026-09-11 19:39:33.747,1789166373.7474446,-14
2026-09-11 19:39:33.755,1789166373.755137,-14
2026-09-11 19:39:33.762,1789166373.7628293,-14
2026-09-11 19:39:33.770,1789166373.7705216,-12
2026-09-11 19:39:33.778,1789166373.778214,-9
2026-09-11 19:39:33.785,1789166373.785906,-9
2026-09-11 19:39:33.793,1789166373.7935984,-12
2026-09-11 19:39:33.801,1789166373.8012908,-16
2026-09-11 19:39:33.808,1789166373.808983,48
2026-09-11 19:39:33.816,1789166373.8166754,252
2026-09-11 19:39:33.824,1789166373.8243678,545
2026-09-11 19:39:33.832,1789166373.83206,783
2026-09-11 19:39:33.839,1789166373.8397524,545
2026-09-11 19:39:33.847,1789166373.8474445,-196
2026-09-11 19:39:33.855,1789166373.8551369,-487
2026-09-11 19:39:33.862,1789166373.8628292,-123
2026-09-11 19:39:33.870,1789166373.8705215,24
2026-09-11 19:39:33.878,1789166373.878214,-89
2026-09-11 19:39:33.885,1789166373.8859062,-48
2026-09-11 19:39:33.893,1789166373.8935986,4
2026-09-11 19:39:33.901,1789166373.901291,-31
2026-09-11 19:39:33.908,1789166373.9089832,-24
2026-09-11 19:39:33.916,1789166373.9166753,12
2026-09-11 19:39:33.924,1789166373.9243677,12
2026-09-11 19:39:33.932,1789166373.93206,14
2026-09-11 19:39:33.939,1789166373.9391906,29
2026-09-11 19:39:33.946,1789166373.946883,31
2026-09-11 19:39:33.954,1789166373.9545753,36
2026-09-11 19:39:33.962,1789166373.9622676,53
2026-09-11 19:39:33.969,1789166373.96996,65
2026-09-11 19:39:33.977,1789166373.977652,72
2026-09-11 19:39:33.985,1789166373.9853444,80
2026-09-11 19:39:33.993,1789166373.9930367,92
2026-09-11 19:39:34.000,1789166374.000729,99
2026-09-11 19:39:34.008,1789166374.0084214,104
2026-09-11 19:39:34.016,1789166374.0161138,111
2026-09-11 19:39:34.023,1789166374.023806,113
2026-09-11 19:39:34.031,1789166374.0314984,104
2026-09-11 19:39:34.039,1789166374.0391905,99
2026-09-11 19:39:34.046,1789166374.0468829,101
2026-09-11 19:39:34.054,1789166374.0545752,97
2026-09-11 19:39:34.062,1789166374.0622675,82
2026-09-11 19:39:34.069,1789166374.0699599,70
2026-09-11 19:39:34.077,1789166374.0776522,46
2026-09-11 19:39:34.085,1789166374.0853446,14
2026-09-11 19:39:34.093,1789166374.093037,-7
2026-09-11 19:39:34.100,1789166374.100729,-19
2026-09-11 19:39:34.108,1789166374.1084213,-31
2026-09-11 19:39:34.116,1789166374.1161137,-38
2026-09-11 19:39:34.123,1789166374.123806,-36
2026-09-11 19:39:34.131,1789166374.1314983,-29
2026-09-11 19:39:34.139,1789166374.1391907,-21
2026-09-11 19:39:34.146,1789166374.146883,-12
2026-09-11 19:39:34.154,1789166374.1545753,-7
2026-09-11 19:39:34.162,1789166374.1622674,-2
2026-09-11 19:39:34.169,1789166374.1699598,2
2026-09-11 19:39:34.177,1789166374.1776521,2
2026-09-11 19:39:34.185,1789166374.1853445,0
2026-09-11 19:39:34.193,1789166374.1930368,2
2026-09-11 19:39:34.200,1789166374.2007291,4
2026-09-11 19:39:34.208,1789166374.2084215,-2
2026-09-11 19:39:34.216,1789166374.2161138,-9
2026-09-11 19:39:34.223,1789166374.223806,-7
2026-09-11 19:39:34.231,1789166374.2314982,-4
2026-09-11 19:39:34.239,1789166374.2391906,-2
2026-09-11 19:39:34.246,1789166374.246883,16
2026-09-11 19:39:34.254,1789166374.2545753,43
2026-09-11 19:39:34.262,1789166374.2622676,53
2026-09-11 19:39:34.269,1789166374.26996,46
2026-09-11 19:39:34.277,1789166374.2776523,29
2026-09-11 19:39:34.285,1789166374.2853444,7
2026-09-11 19:39:34.293,1789166374.2930367,-4
2026-09-11 19:39:34.300,1789166374.300729,-12
2026-09-11 19:39:34.308,1789166374.3084214,-14
2026-09-11 19:39:34.316,1789166374.3161137,-12
2026-09-11 19:39:34.323,1789166374.323806,-7
2026-09-11 19:39:34.331,1789166374.3314984,-2
2026-09-11 19:39:34.339,1789166374.3391907,-4
2026-09-11 19:39:34.346,1789166374.3468828,-16
2026-09-11 19:39:34.354,1789166374.3545752,-24
2026-09-11 19:39:34.362,1789166374.3622675,50
2026-09-11 19:39:34.369,1789166374.3699598,257
2026-09-11 19:39:34.377,1789166374.3776522,550
2026-09-11 19:39:34.385,1789166374.3853445,778
2026-09-11 19:39:34.393,1789166374.3930368,511
2026-09-11 19:39:34.400,1789166374.4007292,-230
2026-09-11 19:39:34.408,1789166374.4084213,-472
2026-09-11 19:39:34.416,1789166374.4161136,-94
2026-09-11 19:39:34.423,1789166374.423806,24
2026-09-11 19:39:34.431,1789166374.4314983,-97
2026-09-11 19:39:34.439,1789166374.4391906,-48
2026-09-11 19:39:34.446,1789166374.446883,4
2026-09-11 19:39:34.454,1789166374.4545753,-24
2026-09-11 19:39:34.462,1789166374.4622676,-12
2026-09-11 19:39:34.469,1789166374.46996,16
2026-09-11 19:39:34.477,1789166374.477652,9
2026-09-11 19:39:34.485,1789166374.4853444,9
2026-09-11 19:39:34.493,1789166374.4930367,26
2026-09-11 19:39:34.500,1789166374.500198,36
2026-09-11 19:39:34.507,1789166374.5078902,38
2026-09-11 19:39:34.515,1789166374.5155826,48
2026-09-11 19:39:34.523,1789166374.523275,58
2026-09-11 19:39:34.530,1789166374.5309672,67
2026-09-11 19:39:34.538,1789166374.5386593,82
2026-09-11 19:39:34.546,1789166374.5463517,92
2026-09-11 19:39:34.554,1789166374.554044,99
2026-09-11 19:39:34.561,1789166374.5617363,104
2026-09-11 19:39:34.569,1789166374.5694287,109
2026-09-11 19:39:34.577,1789166374.577121,109
2026-09-11 19:39:34.584,1789166374.5848134,106
2026-09-11 19:39:34.592,1789166374.5925057,101
2026-09-11 19:39:34.600,1789166374.6001978,99
2026-09-11 19:39:34.607,1789166374.6078901,94
2026-09-11 19:39:34.615,1789166374.6155825,82
2026-09-11 19:39:34.623,1789166374.6232748,58
2026-09-11 19:39:34.630,1789166374.6309671,31
2026-09-11 19:39:34.638,1789166374.6386595,12
2026-09-11 19:39:34.646,1789166374.6463518,-4
2026-09-11 19:39:34.654,1789166374.6540442,-26
2026-09-11 19:39:34.661,1789166374.6617362,-36
2026-09-11 19:39:34.669,1789166374.6694286,-36
2026-09-11 19:39:34.677,1789166374.677121,-38
2026-09-11 19:39:34.684,1789166374.6848133,-33
2026-09-11 19:39:34.692,1789166374.6925056,-21
2026-09-11 19:39:34.700,1789166374.700198,-9
2026-09-11 19:39:34.707,1789166374.7078903,-4
2026-09-11 19:39:34.715,1789166374.7155826,-4
2026-09-11 19:39:34.723,1789166374.7232747,0
2026-09-11 19:39:34.730,1789166374.730967,2
2026-09-11 19:39:34.738,1789166374.7386594,2
2026-09-11 19:39:34.746,1789166374.7463517,0
2026-09-11 19:39:34.754,1789166374.754044,2
2026-09-11 19:39:34.761,1789166374.7617364,2
2026-09-11 19:39:34.769,1789166374.7694287,-2
2026-09-11 19:39:34.777,1789166374.777121,0
2026-09-11 19:39:34.784,1789166374.7848132,0
2026-09-11 19:39:34.792,1789166374.7925055,0
2026-09-11 19:39:34.800,1789166374.8001978,14
2026-09-11 19:39:34.807,1789166374.8078902,41
2026-09-11 19:39:34.815,1789166374.8155825,55
2026-09-11 19:39:34.823,1789166374.8232749,46
2026-09-11 19:39:34.830,1789166374.8309672,29
2026-09-11 19:39:34.838,1789166374.8386595,7
2026-09-11 19:39:34.846,1789166374.8463516,-7
2026-09-11 19:39:34.854,1789166374.854044,-9
2026-09-11 19:39:34.861,1789166374.8617363,-12
2026-09-11 19:39:34.869,1789166374.8694286,-16
2026-09-11 19:39:34.877,1789166374.877121,-12
2026-09-11 19:39:34.884,1789166374.8848133,-4
2026-09-11 19:39:34.892,1789166374.8925056,-7
2026-09-11 19:39:34.900,1789166374.900198,-19
2026-09-11 19:39:34.907,1789166374.90789,-24
2026-09-11 19:39:34.915,1789166374.9155824,53
2026-09-11 19:39:34.923,1789166374.9232748,264
2026-09-11 19:39:34.930,1789166374.930967,565
2026-09-11 19:39:34.938,1789166374.9386594,788
2026-09-11 19:39:34.946,1789166374.9463518,509
2026-09-11 19:39:34.954,1789166374.954044,-232
2026-09-11 19:39:34.961,1789166374.9617364,-470
2026-09-11 19:39:34.969,1789166374.9694285,-97
2026-09-11 19:39:34.977,1789166374.9771209,19
2026-09-11 19:39:34.984,1789166374.9848132,-94
2026-09-11 19:39:34.992,1789166374.9925056,-41
2026-09-11 19:39:35.000,1789166375.000198,9
2026-09-11 19:39:35.007,1789166375.0078902,-29
2026-09-11 19:39:35.015,1789166375.0155826,-19
2026-09-11 19:39:35.023,1789166375.023275,14
2026-09-11 19:39:35.030,1789166375.0309672,9
2026-09-11 19:39:35.038,1789166375.0386593,14
2026-09-11 19:39:35.046,1789166375.0463517,33
2026-09-11 19:39:35.054,1789166375.054044,41
2026-09-11 19:39:35.061,1789166375.0611746,41
2026-09-11 19:39:35.068,1789166375.068867,50
2026-09-11 19:39:35.076,1789166375.0765593,63
2026-09-11 19:39:35.084,1789166375.0842516,67
2026-09-11 19:39:35.091,1789166375.091944,77
2026-09-11 19:39:35.099,1789166375.099636,92
2026-09-11 19:39:35.107,1789166375.1073284,104
2026-09-11 19:39:35.115,1789166375.1150208,106
2026-09-11 19:39:35.122,1789166375.122713,109
2026-09-11 19:39:35.130,1789166375.1304054,111
2026-09-11 19:39:35.138,1789166375.1380978,109
2026-09-11 19:39:35.145,1789166375.14579,106
2026-09-11 19:39:35.153,1789166375.1534824,101
2026-09-11 19:39:35.161,1789166375.1611745,92
2026-09-11 19:39:35.168,1789166375.1688669,80
2026-09-11 19:39:35.176,1789166375.1765592,55
2026-09-11 19:39:35.184,1789166375.1842515,31
2026-09-11 19:39:35.191,1789166375.191944,9
2026-09-11 19:39:35.199,1789166375.1996362,-7
2026-09-11 19:39:35.207,1789166375.2073286,-26
2026-09-11 19:39:35.215,1789166375.215021,-36
2026-09-11 19:39:35.222,1789166375.222713,-33
2026-09-11 19:39:35.230,1789166375.2304053,-29
2026-09-11 19:39:35.238,1789166375.2380977,-29
2026-09-11 19:39:35.245,1789166375.24579,-24
2026-09-11 19:39:35.253,1789166375.2534823,-16
2026-09-11 19:39:35.261,1789166375.2611747,-12
2026-09-11 19:39:35.268,1789166375.268867,-4
2026-09-11 19:39:35.276,1789166375.2765594,2
2026-09-11 19:39:35.284,1789166375.2842515,7
2026-09-11 19:39:35.291,1789166375.2919438,4
2026-09-11 19:39:35.299,1789166375.2996361,7
2026-09-11 19:39:35.307,1789166375.3073285,7
2026-09-11 19:39:35.315,1789166375.3150208,-2
2026-09-11 19:39:35.322,1789166375.3227131,-9
2026-09-11 19:39:35.330,1789166375.3304055,-7
2026-09-11 19:39:35.338,1789166375.3380978,-4
2026-09-11 19:39:35.345,1789166375.34579,2
2026-09-11 19:39:35.353,1789166375.3534822,24
2026-09-11 19:39:35.361,1789166375.3611746,48
2026-09-11 19:39:35.368,1789166375.368867,55
2026-09-11 19:39:35.376,1789166375.3765593,41
2026-09-11 19:39:35.384,1789166375.3842516,16
2026-09-11 19:39:35.391,1789166375.391944,-2
2026-09-11 19:39:35.399,1789166375.3996363,-14
2026-09-11 19:39:35.407,1789166375.4073284,-16
2026-09-11 19:39:35.415,1789166375.4150207,-14
2026-09-11 19:39:35.422,1789166375.422713,-9
2026-09-11 19:39:35.430,1789166375.4304054,-12
2026-09-11 19:39:35.438,1789166375.4380977,-14
2026-09-11 19:39:35.445,1789166375.44579,-14
2026-09-11 19:39:35.453,1789166375.4534824,-26
2026-09-11 19:39:35.461,1789166375.4611747,-16
2026-09-11 19:39:35.468,1789166375.4688668,106
2026-09-11 19:39:35.476,1789166375.4765592,361
2026-09-11 19:39:35.484,1789166375.4842515,674
2026-09-11 19:39:35.491,1789166375.4919438,776
2026-09-11 19:39:35.499,1789166375.4996362,264
2026-09-11 19:39:35.507,1789166375.5073285,-412
2026-09-11 19:39:35.515,1789166375.5150208,-361
2026-09-11 19:39:35.522,1789166375.5227132,-4
2026-09-11 19:39:35.530,1789166375.5304053,-29
2026-09-11 19:39:35.538,1789166375.5380976,-99
2026-09-11 19:39:35.545,1789166375.54579,-14
2026-09-11 19:39:35.553,1789166375.5534823,-2
2026-09-11 19:39:35.561,1789166375.5611746,-38
2026-09-11 19:39:35.568,1789166375.568867,-12
2026-09-11 19:39:35.576,1789166375.5765593,9
2026-09-11 19:39:35.584,1789166375.5842516,4
2026-09-11 19:39:35.591,1789166375.591944,12
2026-09-11 19:39:35.599,1789166375.599636,29
2026-09-11 19:39:35.607,1789166375.6073284,38
2026-09-11 19:39:35.615,1789166375.6150208,43
2026-09-11 19:39:35.622,1789166375.6221821,48
2026-09-11 19:39:35.629,1789166375.6298745,58
2026-09-11 19:39:35.637,1789166375.6375668,70
2026-09-11 19:39:35.645,1789166375.6452591,80
2026-09-11 19:39:35.652,1789166375.6529515,87
2026-09-11 19:39:35.660,1789166375.6606436,97
2026-09-11 19:39:35.668,1789166375.668336,106
2026-09-11 19:39:35.676,1789166375.6760283,111
2026-09-11 19:39:35.683,1789166375.6837206,106
2026-09-11 19:39:35.691,1789166375.691413,101
2026-09-11 19:39:35.699,1789166375.6991053,97
2026-09-11 19:39:35.706,1789166375.7067976,92
2026-09-11 19:39:35.714,1789166375.71449,82
2026-09-11 19:39:35.722,1789166375.722182,67
2026-09-11 19:39:35.729,1789166375.7298744,43
2026-09-11 19:39:35.737,1789166375.7375667,14
2026-09-11 19:39:35.745,1789166375.745259,-7
2026-09-11 19:39:35.752,1789166375.7529514,-21
2026-09-11 19:39:35.760,1789166375.7606437,-31
2026-09-11 19:39:35.768,1789166375.768336,-38
2026-09-11 19:39:35.776,1789166375.7760284,-43
2026-09-11 19:39:35.783,1789166375.7837205,-46
2026-09-11 19:39:35.791,1789166375.7914128,-38
2026-09-11 19:39:35.799,1789166375.7991052,-26
2026-09-11 19:39:35.806,1789166375.8067975,-12
2026-09-11 19:39:35.814,1789166375.8144898,-7
2026-09-11 19:39:35.822,1789166375.8221822,-9
2026-09-11 19:39:35.829,1789166375.8298745,-9
2026-09-11 19:39:35.837,1789166375.8375669,-2
2026-09-11 19:39:35.845,1789166375.845259,-2
2026-09-11 19:39:35.852,1789166375.8529513,-2
2026-09-11 19:39:35.860,1789166375.8606436,-4
2026-09-11 19:39:35.868,1789166375.868336,-12
2026-09-11 19:39:35.876,1789166375.8760283,-16
2026-09-11 19:39:35.883,1789166375.8837206,-16
2026-09-11 19:39:35.891,1789166375.891413,-14
2026-09-11 19:39:35.899,1789166375.8991053,0
2026-09-11 19:39:35.906,1789166375.9067974,31
2026-09-11 19:39:35.914,1789166375.9144897,46
2026-09-11 19:39:35.922,1789166375.922182,38
2026-09-11 19:39:35.929,1789166375.9298744,21
2026-09-11 19:39:35.937,1789166375.9375668,0
2026-09-11 19:39:35.945,1789166375.945259,-16
2026-09-11 19:39:35.952,1789166375.9529514,-21
2026-09-11 19:39:35.960,1789166375.9606438,-19
2026-09-11 19:39:35.968,1789166375.9683359,-24
2026-09-11 19:39:35.976,1789166375.9760282,-26
2026-09-11 19:39:35.983,1789166375.9837205,-21
2026-09-11 19:39:35.991,1789166375.9914129,-19
2026-09-11 19:39:35.999,1789166375.9991052,-26
2026-09-11 19:39:36.006,1789166376.0067976,-38
2026-09-11 19:39:36.014,1789166376.01449,-2
2026-09-11 19:39:36.022,1789166376.0221822,164
2026-09-11 19:39:36.029,1789166376.0298743,443
2026-09-11 19:39:36.037,1789166376.0375667,742
2026-09-11 19:39:36.045,1789166376.045259,693
2026-09-11 19:39:36.052,1789166376.0529513,21
2026-09-11 19:39:36.060,1789166376.0606437,-494
2026-09-11 19:39:36.068,1789166376.068336,-242
2026-09-11 19:39:36.076,1789166376.0760283,26
2026-09-11 19:39:36.083,1789166376.0837207,-72
2026-09-11 19:39:36.091,1789166376.0914128,-89
2026-09-11 19:39:36.099,1789166376.0991051,-7
2026-09-11 19:39:36.106,1789166376.1067975,-26
2026-09-11 19:39:36.114,1789166376.1144898,-43
2026-09-11 19:39:36.122,1789166376.1221821,-7
2026-09-11 19:39:36.129,1789166376.1298745,4
2026-09-11 19:39:36.137,1789166376.1375668,2
2026-09-11 19:39:36.145,1789166376.1452591,14
2026-09-11 19:39:36.152,1789166376.1529515,26
2026-09-11 19:39:36.160,1789166376.1606436,29
2026-09-11 19:39:36.168,1789166376.168336,41
2026-09-11 19:39:36.176,1789166376.1760283,53
2026-09-11 19:39:36.183,1789166376.1831844,60
2026-09-11 19:39:36.190,1789166376.1908767,70
2026-09-11 19:39:36.198,1789166376.198569,84
2026-09-11 19:39:36.206,1789166376.2062614,92
2026-09-11 19:39:36.213,1789166376.2139537,97
2026-09-11 19:39:36.221,1789166376.2216458,104
2026-09-11 19:39:36.229,1789166376.2293382,106
2026-09-11 19:39:36.237,1789166376.2370305,104
2026-09-11 19:39:36.244,1789166376.2447228,99
2026-09-11 19:39:36.252,1789166376.2524152,99
2026-09-11 19:39:36.260,1789166376.2601075,94
2026-09-11 19:39:36.267,1789166376.2677999,80
2026-09-11 19:39:36.275,1789166376.2754922,55
2026-09-11 19:39:36.283,1789166376.2831843,31
2026-09-11 19:39:36.290,1789166376.2908766,12
2026-09-11 19:39:36.298,1789166376.298569,-9
2026-09-11 19:39:36.306,1789166376.3062613,-26
2026-09-11 19:39:36.313,1789166376.3139536,-38
2026-09-11 19:39:36.321,1789166376.321646,-46
2026-09-11 19:39:36.329,1789166376.3293383,-48
2026-09-11 19:39:36.337,1789166376.3370306,-41
2026-09-11 19:39:36.344,1789166376.3447227,-31
2026-09-11 19:39:36.352,1789166376.352415,-24
2026-09-11 19:39:36.360,1789166376.3601074,-16
2026-09-11 19:39:36.367,1789166376.3677998,-12
2026-09-11 19:39:36.375,1789166376.375492,-12
2026-09-11 19:39:36.383,1789166376.3831844,-4
2026-09-11 19:39:36.390,1789166376.3908768,0
2026-09-11 19:39:36.398,1789166376.398569,2
2026-09-11 19:39:36.406,1789166376.4062612,0
2026-09-11 19:39:36.413,1789166376.4139535,-4
2026-09-11 19:39:36.421,1789166376.4216459,-9
2026-09-11 19:39:36.429,1789166376.4293382,-12
2026-09-11 19:39:36.437,1789166376.4370306,-7
2026-09-11 19:39:36.444,1789166376.444723,-9
2026-09-11 19:39:36.452,1789166376.4524152,-12
2026-09-11 19:39:36.460,1789166376.4601076,4
2026-09-11 19:39:36.467,1789166376.4677997,31
2026-09-11 19:39:36.475,1789166376.475492,46
2026-09-11 19:39:36.483,1789166376.4831843,41
2026-09-11 19:39:36.490,1789166376.4908767,26
2026-09-11 19:39:36.498,1789166376.498569,4
2026-09-11 19:39:36.506,1789166376.5062613,-12
2026-09-11 19:39:36.513,1789166376.5139537,-21
2026-09-11 19:39:36.521,1789166376.521646,-24
2026-09-11 19:39:36.529,1789166376.5293381,-19
2026-09-11 19:39:36.537,1789166376.5370305,-12
2026-09-11 19:39:36.544,1789166376.5447228,-16
2026-09-11 19:39:36.552,1789166376.5524151,-21
2026-09-11 19:39:36.560,1789166376.5601075,-24
2026-09-11 19:39:36.567,1789166376.5677998,-24
2026-09-11 19:39:36.575,1789166376.5754921,46
2026-09-11 19:39:36.583,1789166376.5831845,259
2026-09-11 19:39:36.590,1789166376.5908766,567
2026-09-11 19:39:36.598,1789166376.598569,814
2026-09-11 19:39:36.606,1789166376.6062613,584
2026-09-11 19:39:36.613,1789166376.6139536,-174
2026-09-11 19:39:36.621,1789166376.621646,-494
2026-09-11 19:39:36.629,1789166376.6293383,-133
2026-09-11 19:39:36.637,1789166376.6370306,16
2026-09-11 19:39:36.644,1789166376.644723,-106
2026-09-11 19:39:36.652,1789166376.652415,-65
2026-09-11 19:39:36.660,1789166376.6601074,-2
2026-09-11 19:39:36.667,1789166376.6677997,-41
2026-09-11 19:39:36.675,1789166376.675492,-36
2026-09-11 19:39:36.683,1789166376.6831844,0
2026-09-11 19:39:36.690,1789166376.6908767,0
2026-09-11 19:39:36.698,1789166376.698569,0
2026-09-11 19:39:36.706,1789166376.7062614,16
2026-09-11 19:39:36.713,1789166376.7139537,26
2026-09-11 19:39:36.721,1789166376.7216458,31
2026-09-11 19:39:36.729,1789166376.7293382,38
2026-09-11 19:39:36.737,1789166376.7370305,50
2026-09-11 19:39:36.744,1789166376.7441661,63
2026-09-11 19:39:36.751,1789166376.7518585,72
2026-09-11 19:39:36.759,1789166376.7595508,82
2026-09-11 19:39:36.767,1789166376.7672431,94
2026-09-11 19:39:36.774,1789166376.7749355,109
2026-09-11 19:39:36.782,1789166376.7826276,111
2026-09-11 19:39:36.790,1789166376.79032,111
2026-09-11 19:39:36.798,1789166376.7980123,111
2026-09-11 19:39:36.805,1789166376.8057046,106
2026-09-11 19:39:36.813,1789166376.813397,97
2026-09-11 19:39:36.821,1789166376.8210893,89
2026-09-11 19:39:36.828,1789166376.8287816,80
2026-09-11 19:39:36.836,1789166376.836474,58
2026-09-11 19:39:36.844,1789166376.844166,31
2026-09-11 19:39:36.851,1789166376.8518584,4
2026-09-11 19:39:36.859,1789166376.8595507,-16
2026-09-11 19:39:36.867,1789166376.867243,-29
2026-09-11 19:39:36.874,1789166376.8749354,-38
2026-09-11 19:39:36.882,1789166376.8826277,-48
2026-09-11 19:39:36.890,1789166376.89032,-50
2026-09-11 19:39:36.898,1789166376.8980124,-43
2026-09-11 19:39:36.905,1789166376.9057045,-33
2026-09-11 19:39:36.913,1789166376.9133968,-26
2026-09-11 19:39:36.921,1789166376.9210892,-16
2026-09-11 19:39:36.928,1789166376.9287815,-9
2026-09-11 19:39:36.936,1789166376.9364738,-7
2026-09-11 19:39:36.944,1789166376.9441662,-7
2026-09-11 19:39:36.951,1789166376.9518585,-7
2026-09-11 19:39:36.959,1789166376.9595509,-2
2026-09-11 19:39:36.967,1789166376.967243,0
2026-09-11 19:39:36.974,1789166376.9749353,0
2026-09-11 19:39:36.982,1789166376.9826276,-2
2026-09-11 19:39:36.990,1789166376.99032,-9
2026-09-11 19:39:36.998,1789166376.9980123,-16
2026-09-11 19:39:37.005,1789166377.0057046,-12
2026-09-11 19:39:37.013,1789166377.013397,-12
2026-09-11 19:39:37.021,1789166377.0210893,-12
2026-09-11 19:39:37.028,1789166377.0287814,7
2026-09-11 19:39:37.036,1789166377.0364738,36
2026-09-11 19:39:37.044,1789166377.044166,43
2026-09-11 19:39:37.051,1789166377.0518584,33
2026-09-11 19:39:37.059,1789166377.0595508,21
2026-09-11 19:39:37.067,1789166377.067243,7
2026-09-11 19:39:37.074,1789166377.0749354,-12
2026-09-11 19:39:37.082,1789166377.0826278,-21
2026-09-11 19:39:37.090,1789166377.0903199,-19
2026-09-11 19:39:37.098,1789166377.0980122,-19
2026-09-11 19:39:37.105,1789166377.1057045,-16
2026-09-11 19:39:37.113,1789166377.113397,-12
2026-09-11 19:39:37.121,1789166377.1210892,-14
2026-09-11 19:39:37.128,1789166377.1287816,-24
2026-09-11 19:39:37.136,1789166377.136474,-24
2026-09-11 19:39:37.144,1789166377.1441662,60
2026-09-11 19:39:37.151,1789166377.1518583,283
2026-09-11 19:39:37.159,1789166377.1595507,594
2026-09-11 19:39:37.167,1789166377.167243,841
2026-09-11 19:39:37.174,1789166377.1749353,596
2026-09-11 19:39:37.182,1789166377.1826277,-177
2026-09-11 19:39:37.190,1789166377.19032,-494
2026-09-11 19:39:37.198,1789166377.1980124,-133
2026-09-11 19:39:37.205,1789166377.2057047,12
2026-09-11 19:39:37.213,1789166377.2133968,-111
2026-09-11 19:39:37.221,1789166377.2210891,-67
2026-09-11 19:39:37.228,1789166377.2287815,-4
2026-09-11 19:39:37.236,1789166377.2364738,-38
2026-09-11 19:39:37.244,1789166377.2441661,-33
2026-09-11 19:39:37.251,1789166377.2518585,-4
2026-09-11 19:39:37.259,1789166377.2595508,-4
2026-09-11 19:39:37.267,1789166377.2672431,0
2026-09-11 19:39:37.274,1789166377.2749355,16
2026-09-11 19:39:37.282,1789166377.2826276,24
2026-09-11 19:39:37.290,1789166377.29032,31
2026-09-11 19:39:37.298,1789166377.2980123,43
2026-09-11 19:39:37.305,1789166377.3051429,55
2026-09-11 19:39:37.312,1789166377.3128352,65
2026-09-11 19:39:37.320,1789166377.3205276,75
2026-09-11 19:39:37.328,1789166377.32822,87
2026-09-11 19:39:37.335,1789166377.3359122,99
2026-09-11 19:39:37.343,1789166377.3436043,106
2026-09-11 19:39:37.351,1789166377.3512967,109
2026-09-11 19:39:37.358,1789166377.358989,113
2026-09-11 19:39:37.366,1789166377.3666813,111
2026-09-11 19:39:37.374,1789166377.3743737,109
2026-09-11 19:39:37.382,1789166377.382066,106
2026-09-11 19:39:37.389,1789166377.3897583,97
2026-09-11 19:39:37.397,1789166377.3974507,80
2026-09-11 19:39:37.405,1789166377.4051428,58
2026-09-11 19:39:37.412,1789166377.4128351,33
2026-09-11 19:39:37.420,1789166377.4205275,4
2026-09-11 19:39:37.428,1789166377.4282198,-14
2026-09-11 19:39:37.435,1789166377.4359121,-31
2026-09-11 19:39:37.443,1789166377.4436045,-46
2026-09-11 19:39:37.451,1789166377.4512968,-50
2026-09-11 19:39:37.458,1789166377.4589891,-48
2026-09-11 19:39:37.466,1789166377.4666812,-43
2026-09-11 19:39:37.474,1789166377.4743736,-38
2026-09-11 19:39:37.482,1789166377.482066,-26
2026-09-11 19:39:37.489,1789166377.4897583,-19
2026-09-11 19:39:37.497,1789166377.4974506,-12
2026-09-11 19:39:37.505,1789166377.505143,-7
2026-09-11 19:39:37.512,1789166377.5128353,-2
2026-09-11 19:39:37.520,1789166377.5205276,2
2026-09-11 19:39:37.528,1789166377.5282197,4
2026-09-11 19:39:37.535,1789166377.535912,2
2026-09-11 19:39:37.543,1789166377.5436044,0
2026-09-11 19:39:37.551,1789166377.5512967,2
2026-09-11 19:39:37.558,1789166377.558989,2
2026-09-11 19:39:37.566,1789166377.5666814,2
2026-09-11 19:39:37.574,1789166377.5743737,2
2026-09-11 19:39:37.582,1789166377.582066,-7
2026-09-11 19:39:37.589,1789166377.5897582,-14
2026-09-11 19:39:37.597,1789166377.5974505,-14
2026-09-11 19:39:37.605,1789166377.6051428,-9
2026-09-11 19:39:37.612,1789166377.6128352,2
2026-09-11 19:39:37.620,1789166377.6205275,26
2026-09-11 19:39:37.628,1789166377.6282198,43
2026-09-11 19:39:37.635,1789166377.6359122,46
2026-09-11 19:39:37.643,1789166377.6436045,33
2026-09-11 19:39:37.651,1789166377.6512966,16
2026-09-11 19:39:37.658,1789166377.658989,2
2026-09-11 19:39:37.666,1789166377.6666813,-9
2026-09-11 19:39:37.674,1789166377.6743736,-14
2026-09-11 19:39:37.682,1789166377.682066,-16
2026-09-11 19:39:37.689,1789166377.6897583,-12
2026-09-11 19:39:37.697,1789166377.6974506,-4
2026-09-11 19:39:37.705,1789166377.705143,-2
2026-09-11 19:39:37.712,1789166377.712835,-9
2026-09-11 19:39:37.720,1789166377.7205274,-14
2026-09-11 19:39:37.728,1789166377.7282197,36
2026-09-11 19:39:37.735,1789166377.735912,225
2026-09-11 19:39:37.743,1789166377.7436044,528
2026-09-11 19:39:37.751,1789166377.7512968,836
2026-09-11 19:39:37.758,1789166377.758989,812
2026-09-11 19:39:37.766,1789166377.7666814,138
2026-09-11 19:39:37.774,1789166377.7743735,-482
2026-09-11 19:39:37.782,1789166377.7820659,-295
2026-09-11 19:39:37.789,1789166377.7897582,16
2026-09-11 19:39:37.797,1789166377.7974505,-63
2026-09-11 19:39:37.805,1789166377.8051429,-99
2026-09-11 19:39:37.812,1789166377.8128352,-16
2026-09-11 19:39:37.820,1789166377.8205276,-26
2026-09-11 19:39:37.828,1789166377.82822,-41
2026-09-11 19:39:37.835,1789166377.8359122,-4
2026-09-11 19:39:37.843,1789166377.8436043,4
2026-09-11 19:39:37.851,1789166377.8512967,-2
2026-09-11 19:39:37.858,1789166377.858989,12
2026-09-11 19:39:37.866,1789166377.8661196,29
2026-09-11 19:39:37.873,1789166377.873812,33
2026-09-11 19:39:37.881,1789166377.8815043,38
2026-09-11 19:39:37.889,1789166377.8891966,50
2026-09-11 19:39:37.896,1789166377.896889,63
2026-09-11 19:39:37.904,1789166377.904581,72
2026-09-11 19:39:37.912,1789166377.9122734,84
2026-09-11 19:39:37.919,1789166377.9199657,97
2026-09-11 19:39:37.927,1789166377.927658,106
2026-09-11 19:39:37.935,1789166377.9353504,111
2026-09-11 19:39:37.943,1789166377.9430428,116
2026-09-11 19:39:37.950,1789166377.950735,118
2026-09-11 19:39:37.958,1789166377.9584274,113
2026-09-11 19:39:37.966,1789166377.9661195,109
2026-09-11 19:39:37.973,1789166377.9738119,106
2026-09-11 19:39:37.981,1789166377.9815042,99
2026-09-11 19:39:37.989,1789166377.9891965,80
2026-09-11 19:39:37.996,1789166377.9968889,46
2026-09-11 19:39:38.004,1789166378.0045812,16
2026-09-11 19:39:38.012,1789166378.0122736,-4
2026-09-11 19:39:38.019,1789166378.019966,-19
2026-09-11 19:39:38.027,1789166378.027658,-36
2026-09-11 19:39:38.035,1789166378.0353503,-43
2026-09-11 19:39:38.043,1789166378.0430427,-43
2026-09-11 19:39:38.050,1789166378.050735,-46
2026-09-11 19:39:38.058,1789166378.0584273,-43
2026-09-11 19:39:38.066,1789166378.0661197,-31
2026-09-11 19:39:38.073,1789166378.073812,-24
2026-09-11 19:39:38.081,1789166378.0815043,-19
2026-09-11 19:39:38.089,1789166378.0891964,-9
2026-09-11 19:39:38.096,1789166378.0968888,-2
2026-09-11 19:39:38.104,1789166378.104581,-2
2026-09-11 19:39:38.112,1789166378.1122735,-2
2026-09-11 19:39:38.119,1789166378.1199658,0
2026-09-11 19:39:38.127,1789166378.1276581,0
2026-09-11 19:39:38.135,1789166378.1353505,-2
2026-09-11 19:39:38.143,1789166378.1430428,-4
2026-09-11 19:39:38.150,1789166378.150735,0
2026-09-11 19:39:38.158,1789166378.1584272,0
2026-09-11 19:39:38.166,1789166378.1661196,-4
2026-09-11 19:39:38.173,1789166378.173812,-14
2026-09-11 19:39:38.181,1789166378.1815042,-24
2026-09-11 19:39:38.189,1789166378.1891966,-21
2026-09-11 19:39:38.196,1789166378.196889,-16
2026-09-11 19:39:38.204,1789166378.2045813,-9
2026-09-11 19:39:38.212,1789166378.2122734,7
2026-09-11 19:39:38.219,1789166378.2199657,31
2026-09-11 19:39:38.227,1789166378.227658,46
2026-09-11 19:39:38.235,1789166378.2353504,43
2026-09-11 19:39:38.243,1789166378.2430427,26
2026-09-11 19:39:38.250,1789166378.250735,7
2026-09-11 19:39:38.258,1789166378.2584274,-7
2026-09-11 19:39:38.266,1789166378.2661197,-14
2026-09-11 19:39:38.273,1789166378.2738118,-14
2026-09-11 19:39:38.281,1789166378.2815042,-12
2026-09-11 19:39:38.289,1789166378.2891965,-7
2026-09-11 19:39:38.296,1789166378.2968888,-2
2026-09-11 19:39:38.304,1789166378.3045812,-4
2026-09-11 19:39:38.312,1789166378.3122735,-12
2026-09-11 19:39:38.319,1789166378.3199658,0
2026-09-11 19:39:38.327,1789166378.3276582,106
2026-09-11 19:39:38.335,1789166378.3353503,356
2026-09-11 19:39:38.343,1789166378.3430426,676
2026-09-11 19:39:38.350,1789166378.350735,902
2026-09-11 19:39:38.358,1789166378.3584273,596
2026-09-11 19:39:38.366,1789166378.3661196,-210
2026-09-11 19:39:38.373,1789166378.373812,-499
2026-09-11 19:39:38.381,1789166378.3815043,-118
2026-09-11 19:39:38.389,1789166378.3891966,7
2026-09-11 19:39:38.396,1789166378.396889,-118
2026-09-11 19:39:38.404,1789166378.404581,-67
2026-09-11 19:39:38.412,1789166378.4122734,-9
2026-09-11 19:39:38.419,1789166378.4199657,-46
2026-09-11 19:39:38.427,1789166378.4270964,-31
2026-09-11 19:39:38.434,1789166378.4347887,0
2026-09-11 19:39:38.442,1789166378.442481,-7
2026-09-11 19:39:38.450,1789166378.4501734,-2
2026-09-11 19:39:38.457,1789166378.4578657,16
2026-09-11 19:39:38.465,1789166378.4655578,26
2026-09-11 19:39:38.473,1789166378.4732502,31
2026-09-11 19:39:38.480,1789166378.4809425,38
2026-09-11 19:39:38.488,1789166378.4886348,46
2026-09-11 19:39:38.496,1789166378.4963272,58
2026-09-11 19:39:38.504,1789166378.5040195,77
2026-09-11 19:39:38.511,1789166378.5117118,92
2026-09-11 19:39:38.519,1789166378.5194042,99
2026-09-11 19:39:38.527,1789166378.5270963,111
2026-09-11 19:39:38.534,1789166378.5347886,121
2026-09-11 19:39:38.542,1789166378.542481,123
2026-09-11 19:39:38.550,1789166378.5501733,121
2026-09-11 19:39:38.557,1789166378.5578656,113
2026-09-11 19:39:38.565,1789166378.565558,106
2026-09-11 19:39:38.573,1789166378.5732503,99
2026-09-11 19:39:38.580,1789166378.5809426,82
2026-09-11 19:39:38.588,1789166378.5886347,60
2026-09-11 19:39:38.596,1789166378.596327,33
2026-09-11 19:39:38.604,1789166378.6040194,7
2026-09-11 19:39:38.611,1789166378.6117117,-16
2026-09-11 19:39:38.619,1789166378.619404,-33
2026-09-11 19:39:38.627,1789166378.6270964,-48
2026-09-11 19:39:38.634,1789166378.6347888,-55
2026-09-11 19:39:38.642,1789166378.642481,-58
2026-09-11 19:39:38.650,1789166378.6501732,-58
2026-09-11 19:39:38.657,1789166378.6578655,-53
2026-09-11 19:39:38.665,1789166378.6655579,-38
2026-09-11 19:39:38.673,1789166378.6732502,-26
2026-09-11 19:39:38.680,1789166378.6809425,-26
2026-09-11 19:39:38.688,1789166378.6886349,-26
2026-09-11 19:39:38.696,1789166378.6963272,-16
2026-09-11 19:39:38.704,1789166378.7040195,-7
2026-09-11 19:39:38.711,1789166378.7117116,-7
2026-09-11 19:39:38.719,1789166378.719404,-7
2026-09-11 19:39:38.727,1789166378.7270963,-7
2026-09-11 19:39:38.734,1789166378.7347887,-9
2026-09-11 19:39:38.742,1789166378.742481,-9
2026-09-11 19:39:38.750,1789166378.7501733,-9
2026-09-11 19:39:38.757,1789166378.7578657,-9
2026-09-11 19:39:38.765,1789166378.765558,-12
2026-09-11 19:39:38.773,1789166378.77325,-12
2026-09-11 19:39:38.780,1789166378.7809424,-16
2026-09-11 19:39:38.788,1789166378.7886348,-26
2026-09-11 19:39:38.796,1789166378.796327,-31
2026-09-11 19:39:38.804,1789166378.8040195,-21
2026-09-11 19:39:38.811,1789166378.8117118,-12
2026-09-11 19:39:38.819,1789166378.8194041,0
2026-09-11 19:39:38.827,1789166378.8270965,21
2026-09-11 19:39:38.834,1789166378.8347886,38
2026-09-11 19:39:38.842,1789166378.842481,36
2026-09-11 19:39:38.850,1789166378.8501732,24
2026-09-11 19:39:38.857,1789166378.8578656,7
2026-09-11 19:39:38.865,1789166378.865558,-9
2026-09-11 19:39:38.873,1789166378.8732502,-16
2026-09-11 19:39:38.880,1789166378.8809426,-14
2026-09-11 19:39:38.888,1789166378.888635,-14
2026-09-11 19:39:38.896,1789166378.896327,-16
2026-09-11 19:39:38.904,1789166378.9040194,-12
2026-09-11 19:39:38.911,1789166378.9117117,-7
2026-09-11 19:39:38.919,1789166378.919404,-12
2026-09-11 19:39:38.927,1789166378.9270964,-4
2026-09-11 19:39:38.934,1789166378.9347887,92
2026-09-11 19:39:38.942,1789166378.942481,332
2026-09-11 19:39:38.950,1789166378.9501734,649
2026-09-11 19:39:38.957,1789166378.9578657,904
2026-09-11 19:39:38.965,1789166378.9655578,679
2026-09-11 19:39:38.973,1789166378.9732502,-121
2026-09-11 19:39:38.980,1789166378.9809425,-521
2026-09-11 19:39:38.988,1789166378.9880834,-177
2026-09-11 19:39:38.995,1789166378.9957757,7
2026-09-11 19:39:39.003,1789166379.003468,-113
2026-09-11 19:39:39.011,1789166379.0111604,-82
2026-09-11 19:39:39.018,1789166379.0188527,-12
2026-09-11 19:39:39.026,1789166379.0265448,-46
2026-09-11 19:39:39.034,1789166379.0342371,-46
2026-09-11 19:39:39.041,1789166379.0419295,-9
2026-09-11 19:39:39.049,1789166379.0496218,-4
2026-09-11 19:39:39.057,1789166379.0573142,-2
2026-09-11 19:39:39.065,1789166379.0650065,12
2026-09-11 19:39:39.072,1789166379.0726988,14
2026-09-11 19:39:39.080,1789166379.0803912,19
2026-09-11 19:39:39.088,1789166379.0880833,36
2026-09-11 19:39:39.095,1789166379.0957756,48
2026-09-11 19:39:39.103,1789166379.103468,55
2026-09-11 19:39:39.111,1789166379.1111603,70
2026-09-11 19:39:39.118,1789166379.1188526,84
2026-09-11 19:39:39.126,1789166379.126545,94
2026-09-11 19:39:39.134,1789166379.1342373,101
2026-09-11 19:39:39.141,1789166379.1419296,113
2026-09-11 19:39:39.149,1789166379.1496217,118
2026-09-11 19:39:39.157,1789166379.157314,116
2026-09-11 19:39:39.165,1789166379.1650064,109
2026-09-11 19:39:39.172,1789166379.1726987,106
2026-09-11 19:39:39.180,1789166379.180391,101
2026-09-11 19:39:39.188,1789166379.1880834,87
2026-09-11 19:39:39.195,1789166379.1957757,63
2026-09-11 19:39:39.203,1789166379.203468,36
2026-09-11 19:39:39.211,1789166379.2111602,7
2026-09-11 19:39:39.218,1789166379.2188525,-21
2026-09-11 19:39:39.226,1789166379.2265449,-41
2026-09-11 19:39:39.234,1789166379.2342372,-50
2026-09-11 19:39:39.241,1789166379.2419295,-58
2026-09-11 19:39:39.249,1789166379.2496219,-67
2026-09-11 19:39:39.257,1789166379.2573142,-67
2026-09-11 19:39:39.265,1789166379.2650065,-58
2026-09-11 19:39:39.272,1789166379.2726986,-46
2026-09-11 19:39:39.280,1789166379.280391,-38
2026-09-11 19:39:39.288,1789166379.2880833,-33
2026-09-11 19:39:39.295,1789166379.2957757,-26
2026-09-11 19:39:39.303,1789166379.303468,-19
2026-09-11 19:39:39.311,1789166379.3111603,-14
2026-09-11 19:39:39.318,1789166379.3188527,-16
2026-09-11 19:39:39.326,1789166379.326545,-16
2026-09-11 19:39:39.334,1789166379.334237,-14
2026-09-11 19:39:39.341,1789166379.3419294,-12
2026-09-11 19:39:39.349,1789166379.3496218,-9
2026-09-11 19:39:39.357,1789166379.357314,-14
2026-09-11 19:39:39.365,1789166379.3650064,-19
2026-09-11 19:39:39.372,1789166379.3726988,-19
2026-09-11 19:39:39.380,1789166379.3803911,-16
2026-09-11 19:39:39.388,1789166379.3880835,-19
2026-09-11 19:39:39.395,1789166379.3957756,-21
2026-09-11 19:39:39.403,1789166379.403468,-24
2026-09-11 19:39:39.411,1789166379.4111602,-29
2026-09-11 19:39:39.418,1789166379.4188526,-36
2026-09-11 19:39:39.426,1789166379.426545,-33
2026-09-11 19:39:39.434,1789166379.4342372,-26
2026-09-11 19:39:39.441,1789166379.4419296,-2
2026-09-11 19:39:39.449,1789166379.449622,26
2026-09-11 19:39:39.457,1789166379.457314,41
2026-09-11 19:39:39.465,1789166379.4650064,36
2026-09-11 19:39:39.472,1789166379.4726987,19
2026-09-11 19:39:39.480,1789166379.480391,0
2026-09-11 19:39:39.488,1789166379.4880834,-14
2026-09-11 19:39:39.495,1789166379.4957757,-21
2026-09-11 19:39:39.503,1789166379.503468,-24
2026-09-11 19:39:39.511,1789166379.5111604,-26
2026-09-11 19:39:39.518,1789166379.5188527,-21
2026-09-11 19:39:39.526,1789166379.5265448,-14
2026-09-11 19:39:39.534,1789166379.5342371,-14
2026-09-11 19:39:39.541,1789166379.5419295,-21
2026-09-11 19:39:39.549,1789166379.5490804,-4
2026-09-11 19:39:39.556,1789166379.5567727,118
2026-09-11 19:39:39.564,1789166379.564465,380
2026-09-11 19:39:39.572,1789166379.5721574,703
2026-09-11 19:39:39.579,1789166379.5798497,911
2026-09-11 19:39:39.587,1789166379.5875418,562
2026-09-11 19:39:39.595,1789166379.5952342,-259
2026-09-11 19:39:39.602,1789166379.6029265,-509
2026-09-11 19:39:39.610,1789166379.6106188,-113
2026-09-11 19:39:39.618,1789166379.6183112,-9
2026-09-11 19:39:39.626,1789166379.6260035,-135
2026-09-11 19:39:39.633,1789166379.6336958,-72
2026-09-11 19:39:39.641,1789166379.6413882,-19
2026-09-11 19:39:39.649,1789166379.6490803,-60
2026-09-11 19:39:39.656,1789166379.6567726,-46
2026-09-11 19:39:39.664,1789166379.664465,-14
2026-09-11 19:39:39.672,1789166379.6721573,-14
2026-09-11 19:39:39.679,1789166379.6798496,-9
2026-09-11 19:39:39.687,1789166379.687542,4
2026-09-11 19:39:39.695,1789166379.6952343,12
2026-09-11 19:39:39.702,1789166379.7029266,21
2026-09-11 19:39:39.710,1789166379.7106187,33
2026-09-11 19:39:39.718,1789166379.718311,43
2026-09-11 19:39:39.726,1789166379.7260034,55
2026-09-11 19:39:39.733,1789166379.7336957,67
2026-09-11 19:39:39.741,1789166379.741388,77
2026-09-11 19:39:39.749,1789166379.7490804,89
2026-09-11 19:39:39.756,1789166379.7567728,104
2026-09-11 19:39:39.764,1789166379.764465,111
2026-09-11 19:39:39.772,1789166379.7721572,113
2026-09-11 19:39:39.779,1789166379.7798495,113
2026-09-11 19:39:39.787,1789166379.7875419,111
2026-09-11 19:39:39.795,1789166379.7952342,109
2026-09-11 19:39:39.802,1789166379.8029265,99
2026-09-11 19:39:39.810,1789166379.8106189,82
2026-09-11 19:39:39.818,1789166379.8183112,58
2026-09-11 19:39:39.826,1789166379.8260036,29
2026-09-11 19:39:39.833,1789166379.8336957,2
2026-09-11 19:39:39.841,1789166379.841388,-24
2026-09-11 19:39:39.849,1789166379.8490803,-43
2026-09-11 19:39:39.856,1789166379.8567727,-53
2026-09-11 19:39:39.864,1789166379.864465,-58
2026-09-11 19:39:39.872,1789166379.8721573,-63
2026-09-11 19:39:39.879,1789166379.8798497,-63
2026-09-11 19:39:39.887,1789166379.887542,-58
2026-09-11 19:39:39.895,1789166379.895234,-48
2026-09-11 19:39:39.902,1789166379.9029264,-36
2026-09-11 19:39:39.910,1789166379.9106188,-29
2026-09-11 19:39:39.918,1789166379.918311,-21
2026-09-11 19:39:39.926,1789166379.9260035,-16
2026-09-11 19:39:39.933,1789166379.9336958,-12
2026-09-11 19:39:39.941,1789166379.9413881,-12
2026-09-11 19:39:39.949,1789166379.9490805,-12
2026-09-11 19:39:39.956,1789166379.9567726,-7
2026-09-11 19:39:39.964,1789166379.964465,-4
2026-09-11 19:39:39.972,1789166379.9721572,-4
2026-09-11 19:39:39.979,1789166379.9798496,-4
2026-09-11 19:39:39.987,1789166379.987542,-4
2026-09-11 19:39:39.995,1789166379.9952343,-7
2026-09-11 19:39:40.002,1789166380.0029266,-7
2026-09-11 19:39:40.010,1789166380.010619,-7
2026-09-11 19:39:40.018,1789166380.018311,-7
2026-09-11 19:39:40.026,1789166380.0260034,-12
2026-09-11 19:39:40.033,1789166380.0336957,-12
2026-09-11 19:39:40.041,1789166380.041388,-16
2026-09-11 19:39:40.049,1789166380.0490804,-24
2026-09-11 19:39:40.056,1789166380.0567727,-21
2026-09-11 19:39:40.064,1789166380.064465,-14
2026-09-11 19:39:40.072,1789166380.0721574,-12
2026-09-11 19:39:40.079,1789166380.0798497,4
2026-09-11 19:39:40.087,1789166380.0875418,33
2026-09-11 19:39:40.095,1789166380.0952342,50
2026-09-11 19:39:40.102,1789166380.1029265,43
2026-09-11 19:39:40.110,1789166380.1100574,24
2026-09-11 19:39:40.117,1789166380.1177497,7
2026-09-11 19:39:40.125,1789166380.125442,-4
2026-09-11 19:39:40.133,1789166380.1331344,-9
2026-09-11 19:39:40.140,1789166380.1408267,-12
2026-09-11 19:39:40.148,1789166380.1485188,-9
2026-09-11 19:39:40.156,1789166380.1562111,-7
2026-09-11 19:39:40.163,1789166380.1639035,-4
2026-09-11 19:39:40.171,1789166380.1715958,-7
2026-09-11 19:39:40.179,1789166380.1792881,-9
2026-09-11 19:39:40.186,1789166380.1869805,21
2026-09-11 19:39:40.194,1789166380.1946728,167
2026-09-11 19:39:40.202,1789166380.2023652,441
2026-09-11 19:39:40.210,1789166380.2100573,754
2026-09-11 19:39:40.217,1789166380.2177496,906
2026-09-11 19:39:40.225,1789166380.225442,458
2026-09-11 19:39:40.233,1789166380.2331343,-339
2026-09-11 19:39:40.240,1789166380.2408266,-463
2026-09-11 19:39:40.248,1789166380.248519,-67
2026-09-11 19:39:40.256,1789166380.2562113,-21
2026-09-11 19:39:40.263,1789166380.2639036,-128
2026-09-11 19:39:40.271,1789166380.2715957,-50
2026-09-11 19:39:40.279,1789166380.279288,-16
2026-09-11 19:39:40.286,1789166380.2869804,-53
2026-09-11 19:39:40.294,1789166380.2946727,-26
2026-09-11 19:39:40.302,1789166380.302365,0
2026-09-11 19:39:40.310,1789166380.3100574,-9
2026-09-11 19:39:40.317,1789166380.3177497,-2
2026-09-11 19:39:40.325,1789166380.325442,16
2026-09-11 19:39:40.333,1789166380.3331342,21
2026-09-11 19:39:40.340,1789166380.3408265,29
2026-09-11 19:39:40.348,1789166380.3485188,41
2026-09-11 19:39:40.356,1789166380.3562112,50
2026-09-11 19:39:40.363,1789166380.3639035,63
2026-09-11 19:39:40.371,1789166380.3715959,77
2026-09-11 19:39:40.379,1789166380.3792882,87
2026-09-11 19:39:40.386,1789166380.3869805,101
2026-09-11 19:39:40.394,1789166380.3946726,113
2026-09-11 19:39:40.402,1789166380.402365,121
2026-09-11 19:39:40.410,1789166380.4100573,123
2026-09-11 19:39:40.417,1789166380.4177496,123
2026-09-11 19:39:40.425,1789166380.425442,121
2026-09-11 19:39:40.433,1789166380.4331343,118
2026-09-11 19:39:40.440,1789166380.4408267,106
2026-09-11 19:39:40.448,1789166380.448519,87
2026-09-11 19:39:40.456,1789166380.456211,63
2026-09-11 19:39:40.463,1789166380.4639034,36
2026-09-11 19:39:40.471,1789166380.4715958,7
2026-09-11 19:39:40.479,1789166380.479288,-16
2026-09-11 19:39:40.486,1789166380.4869804,-38
2026-09-11 19:39:40.494,1789166380.4946728,-48
2026-09-11 19:39:40.502,1789166380.502365,-50
2026-09-11 19:39:40.510,1789166380.5100574,-55
2026-09-11 19:39:40.517,1789166380.5177495,-58
2026-09-11 19:39:40.525,1789166380.525442,-48
2026-09-11 19:39:40.533,1789166380.5331342,-38
2026-09-11 19:39:40.540,1789166380.5408266,-29
2026-09-11 19:39:40.548,1789166380.548519,-21
2026-09-11 19:39:40.556,1789166380.5562112,-16
2026-09-11 19:39:40.563,1789166380.5639036,-14
2026-09-11 19:39:40.571,1789166380.571596,-9
2026-09-11 19:39:40.579,1789166380.579288,-4
2026-09-11 19:39:40.586,1789166380.5869803,-4
2026-09-11 19:39:40.594,1789166380.5946727,-7
2026-09-11 19:39:40.602,1789166380.602365,-7
2026-09-11 19:39:40.610,1789166380.6100574,-4
2026-09-11 19:39:40.617,1789166380.6177497,-2
2026-09-11 19:39:40.625,1789166380.625442,-4
2026-09-11 19:39:40.633,1789166380.6331344,-7
2026-09-11 19:39:40.640,1789166380.6408267,-7
2026-09-11 19:39:40.648,1789166380.6485188,-7
2026-09-11 19:39:40.656,1789166380.6562111,-7
2026-09-11 19:39:40.663,1789166380.6639035,-9
2026-09-11 19:39:40.671,1789166380.6710646,-12
2026-09-11 19:39:40.678,1789166380.678757,-14
2026-09-11 19:39:40.686,1789166380.6864493,-21
2026-09-11 19:39:40.694,1789166380.6941416,-24
2026-09-11 19:39:40.701,1789166380.701834,-19
2026-09-11 19:39:40.709,1789166380.709526,-12
2026-09-11 19:39:40.717,1789166380.7172184,2
2026-09-11 19:39:40.724,1789166380.7249107,26
2026-09-11 19:39:40.732,1789166380.732603,48
2026-09-11 19:39:40.740,1789166380.7402954,50
2026-09-11 19:39:40.747,1789166380.7479877,41
2026-09-11 19:39:40.755,1789166380.75568,24
2026-09-11 19:39:40.763,1789166380.7633724,4
2026-09-11 19:39:40.771,1789166380.7710645,-9
2026-09-11 19:39:40.778,1789166380.7787569,-9
2026-09-11 19:39:40.786,1789166380.7864492,-4
2026-09-11 19:39:40.794,1789166380.7941415,0
2026-09-11 19:39:40.801,1789166380.8018339,0
2026-09-11 19:39:40.809,1789166380.8095262,-2
2026-09-11 19:39:40.817,1789166380.8172185,-4
2026-09-11 19:39:40.824,1789166380.8249109,2
2026-09-11 19:39:40.832,1789166380.832603,75
2026-09-11 19:39:40.840,1789166380.8402953,276
2026-09-11 19:39:40.847,1789166380.8479877,577
2026-09-11 19:39:40.855,1789166380.85568,868
2026-09-11 19:39:40.863,1789166380.8633723,800
2026-09-11 19:39:40.871,1789166380.8710647,87
2026-09-11 19:39:40.878,1789166380.878757,-506
2026-09-11 19:39:40.886,1789166380.8864493,-288
2026-09-11 19:39:40.894,1789166380.8941414,9
2026-09-11 19:39:40.901,1789166380.9018338,-77
2026-09-11 19:39:40.909,1789166380.909526,-101
2026-09-11 19:39:40.917,1789166380.9172184,-16
2026-09-11 19:39:40.924,1789166380.9249108,-29
2026-09-11 19:39:40.932,1789166380.9326031,-43
2026-09-11 19:39:40.940,1789166380.9402955,-7
2026-09-11 19:39:40.947,1789166380.9479878,2
2026-09-11 19:39:40.955,1789166380.95568,-2
2026-09-11 19:39:40.963,1789166380.9633722,12
2026-09-11 19:39:40.971,1789166380.9710646,26
2026-09-11 19:39:40.978,1789166380.978757,29
2026-09-11 19:39:40.986,1789166380.9864492,36
2026-09-11 19:39:40.994,1789166380.9941416,50
2026-09-11 19:39:41.001,1789166381.001834,60
2026-09-11 19:39:41.009,1789166381.0095263,70
2026-09-11 19:39:41.017,1789166381.0172184,84
2026-09-11 19:39:41.024,1789166381.0249107,97
2026-09-11 19:39:41.032,1789166381.032603,109
2026-09-11 19:39:41.040,1789166381.0402954,118
2026-09-11 19:39:41.047,1789166381.0479877,123
2026-09-11 19:39:41.055,1789166381.05568,128
2026-09-11 19:39:41.063,1789166381.0633724,133
2026-09-11 19:39:41.071,1789166381.0710647,130
2026-09-11 19:39:41.078,1789166381.0787568,121
2026-09-11 19:39:41.086,1789166381.0864491,111
2026-09-11 19:39:41.094,1789166381.0941415,92
2026-09-11 19:39:41.101,1789166381.1018338,60
2026-09-11 19:39:41.109,1789166381.1095262,29
2026-09-11 19:39:41.117,1789166381.1172185,0
2026-09-11 19:39:41.124,1789166381.1249108,-19
2026-09-11 19:39:41.132,1789166381.1326032,-33
2026-09-11 19:39:41.140,1789166381.1402953,-43
2026-09-11 19:39:41.147,1789166381.1479876,-50
2026-09-11 19:39:41.155,1789166381.15568,-53
2026-09-11 19:39:41.163,1789166381.1633723,-48
2026-09-11 19:39:41.171,1789166381.1710646,-41
2026-09-11 19:39:41.178,1789166381.178757,-31
2026-09-11 19:39:41.186,1789166381.1864493,-24
2026-09-11 19:39:41.194,1789166381.1941416,-16
2026-09-11 19:39:41.201,1789166381.201834,-12
2026-09-11 19:39:41.209,1789166381.209526,-7
2026-09-11 19:39:41.217,1789166381.2172184,-4
2026-09-11 19:39:41.224,1789166381.2249107,0
2026-09-11 19:39:41.232,1789166381.2320414,2
2026-09-11 19:39:41.239,1789166381.2397337,0
2026-09-11 19:39:41.247,1789166381.247426,0
2026-09-11 19:39:41.255,1789166381.2551184,-2
2026-09-11 19:39:41.262,1789166381.2628107,0
2026-09-11 19:39:41.270,1789166381.2705028,0
2026-09-11 19:39:41.278,1789166381.2781951,-2
2026-09-11 19:39:41.285,1789166381.2858875,-4
2026-09-11 19:39:41.293,1789166381.2935798,-4
2026-09-11 19:39:41.301,1789166381.3012722,-2
2026-09-11 19:39:41.308,1789166381.3089645,-2
2026-09-11 19:39:41.316,1789166381.3166568,-7
2026-09-11 19:39:41.324,1789166381.3243492,-12
2026-09-11 19:39:41.332,1789166381.3320413,-16
2026-09-11 19:39:41.339,1789166381.3397336,-14
2026-09-11 19:39:41.347,1789166381.347426,-7
2026-09-11 19:39:41.355,1789166381.3551183,-2
2026-09-11 19:39:41.362,1789166381.3628106,14
2026-09-11 19:39:41.370,1789166381.370503,38
2026-09-11 19:39:41.378,1789166381.3781953,53
2026-09-11 19:39:41.385,1789166381.3858876,50
2026-09-11 19:39:41.393,1789166381.3935797,29
2026-09-11 19:39:41.401,1789166381.401272,7
2026-09-11 19:39:41.408,1789166381.4089644,-4
2026-09-11 19:39:41.416,1789166381.4166567,-7
2026-09-11 19:39:41.424,1789166381.424349,-7
2026-09-11 19:39:41.432,1789166381.4320414,-4
2026-09-11 19:39:41.439,1789166381.4397337,-2
2026-09-11 19:39:41.447,1789166381.447426,-2
2026-09-11 19:39:41.455,1789166381.4551182,-4
2026-09-11 19:39:41.462,1789166381.4628105,0
2026-09-11 19:39:41.470,1789166381.4705029,43
2026-09-11 19:39:41.478,1789166381.4781952,206
2026-09-11 19:39:41.485,1789166381.4858875,487
2026-09-11 19:39:41.493,1789166381.4935799,795
2026-09-11 19:39:41.501,1789166381.5012722,882
2026-09-11 19:39:41.508,1789166381.5089645,329
2026-09-11 19:39:41.516,1789166381.5166566,-421
2026-09-11 19:39:41.524,1789166381.524349,-417
2026-09-11 19:39:41.532,1789166381.5320413,-31
2026-09-11 19:39:41.539,1789166381.5397336,-36
2026-09-11 19:39:41.547,1789166381.547426,-121
2026-09-11 19:39:41.555,1789166381.5551183,-33
2026-09-11 19:39:41.562,1789166381.5628107,-14
2026-09-11 19:39:41.570,1789166381.570503,-46
2026-09-11 19:39:41.578,1789166381.578195,-19
2026-09-11 19:39:41.585,1789166381.5858874,-2
2026-09-11 19:39:41.593,1789166381.5935798,-7
2026-09-11 19:39:41.601,1789166381.601272,4
2026-09-11 19:39:41.608,1789166381.6089644,19
2026-09-11 19:39:41.616,1789166381.6166568,21
2026-09-11 19:39:41.624,1789166381.624349,33
2026-09-11 19:39:41.632,1789166381.6320415,46
2026-09-11 19:39:41.639,1789166381.6397336,53
2026-09-11 19:39:41.647,1789166381.647426,65
2026-09-11 19:39:41.655,1789166381.6551182,82
2026-09-11 19:39:41.662,1789166381.6628106,97
2026-09-11 19:39:41.670,1789166381.670503,109
2026-09-11 19:39:41.678,1789166381.6781952,121
2026-09-11 19:39:41.685,1789166381.6858876,130
2026-09-11 19:39:41.693,1789166381.69358,133
2026-09-11 19:39:41.701,1789166381.701272,130
2026-09-11 19:39:41.708,1789166381.7089643,126
2026-09-11 19:39:41.716,1789166381.7166567,123
2026-09-11 19:39:41.724,1789166381.724349,113
2026-09-11 19:39:41.732,1789166381.7320414,97
2026-09-11 19:39:41.739,1789166381.7397337,70
2026-09-11 19:39:41.747,1789166381.747426,38
2026-09-11 19:39:41.755,1789166381.7551184,4
2026-09-11 19:39:41.762,1789166381.7628107,-21
2026-09-11 19:39:41.770,1789166381.7705028,-38
2026-09-11 19:39:41.778,1789166381.7781951,-48
2026-09-11 19:39:41.785,1789166381.7858875,-53
2026-09-11 19:39:41.793,1789166381.7930183,-58
2026-09-11 19:39:41.800,1789166381.8007107,-55
2026-09-11 19:39:41.808,1789166381.808403,-48
2026-09-11 19:39:41.816,1789166381.8160954,-41
2026-09-11 19:39:41.823,1789166381.8237877,-31
2026-09-11 19:39:41.831,1789166381.8314798,-21
2026-09-11 19:39:41.839,1789166381.8391721,-12
2026-09-11 19:39:41.846,1789166381.8468645,-9
2026-09-11 19:39:41.854,1789166381.8545568,-7
2026-09-11 19:39:41.862,1789166381.8622491,-4
2026-09-11 19:39:41.869,1789166381.8699415,-2
2026-09-11 19:39:41.877,1789166381.8776338,-2
2026-09-11 19:39:41.885,1789166381.8853261,0
2026-09-11 19:39:41.893,1789166381.8930182,0
2026-09-11 19:39:41.900,1789166381.9007106,0
2026-09-11 19:39:41.908,1789166381.908403,2
2026-09-11 19:39:41.916,1789166381.9160953,0
2026-09-11 19:39:41.923,1789166381.9237876,-4
2026-09-11 19:39:41.931,1789166381.93148,-4
2026-09-11 19:39:41.939,1789166381.9391723,-7
2026-09-11 19:39:41.946,1789166381.9468646,-7
2026-09-11 19:39:41.954,1789166381.9545567,-12
2026-09-11 19:39:41.962,1789166381.962249,-19
2026-09-11 19:39:41.969,1789166381.9699414,-24
2026-09-11 19:39:41.977,1789166381.9776337,-14
2026-09-11 19:39:41.985,1789166381.985326,-4
2026-09-11 19:39:41.993,1789166381.9930184,9
2026-09-11 19:39:42.000,1789166382.0007107,36
2026-09-11 19:39:42.008,1789166382.008403,53
2026-09-11 19:39:42.016,1789166382.0160952,50
2026-09-11 19:39:42.023,1789166382.0237875,33
2026-09-11 19:39:42.031,1789166382.0314798,12
2026-09-11 19:39:42.039,1789166382.0391722,-4
2026-09-11 19:39:42.046,1789166382.0468645,-9
2026-09-11 19:39:42.054,1789166382.0545568,-7
2026-09-11 19:39:42.062,1789166382.0622492,-4
2026-09-11 19:39:42.069,1789166382.0699415,-2
2026-09-11 19:39:42.077,1789166382.0776336,-4
2026-09-11 19:39:42.085,1789166382.085326,-4
2026-09-11 19:39:42.093,1789166382.0930183,-4
2026-09-11 19:39:42.100,1789166382.1007106,12
2026-09-11 19:39:42.108,1789166382.108403,123
2026-09-11 19:39:42.116,1789166382.1160953,380
2026-09-11 19:39:42.123,1789166382.1237876,700
2026-09-11 19:39:42.131,1789166382.13148,909
2026-09-11 19:39:42.139,1789166382.139172,584
2026-09-11 19:39:42.146,1789166382.1468644,-225
2026-09-11 19:39:42.154,1789166382.1545568,-506
2026-09-11 19:39:42.162,1789166382.162249,-128
2026-09-11 19:39:42.169,1789166382.1699414,2
2026-09-11 19:39:42.177,1789166382.1776338,-109
2026-09-11 19:39:42.185,1789166382.185326,-53
2026-09-11 19:39:42.193,1789166382.1930184,-2
2026-09-11 19:39:42.200,1789166382.2007105,-41
2026-09-11 19:39:42.208,1789166382.2084029,-31
2026-09-11 19:39:42.216,1789166382.2160952,7
2026-09-11 19:39:42.223,1789166382.2237875,4
2026-09-11 19:39:42.231,1789166382.23148,4
2026-09-11 19:39:42.239,1789166382.2391722,21
2026-09-11 19:39:42.246,1789166382.2468646,31
2026-09-11 19:39:42.254,1789166382.254557,36
2026-09-11 19:39:42.262,1789166382.262249,48
2026-09-11 19:39:42.269,1789166382.2699413,65
2026-09-11 19:39:42.277,1789166382.2776337,75
2026-09-11 19:39:42.285,1789166382.285326,87
2026-09-11 19:39:42.293,1789166382.2930183,99
2026-09-11 19:39:42.300,1789166382.3007107,111
2026-09-11 19:39:42.308,1789166382.308403,121
2026-09-11 19:39:42.316,1789166382.3160954,130
2026-09-11 19:39:42.323,1789166382.3237877,138
2026-09-11 19:39:42.331,1789166382.3314798,138
2026-09-11 19:39:42.339,1789166382.3391721,138
2026-09-11 19:39:42.346,1789166382.3468645,133
2026-09-11 19:39:42.353,1789166382.3539948,128
2026-09-11 19:39:42.361,1789166382.3616872,113
2026-09-11 19:39:42.369,1789166382.3693795,82
2026-09-11 19:39:42.377,1789166382.3770719,46
2026-09-11 19:39:42.384,1789166382.3847642,16
2026-09-11 19:39:42.392,1789166382.3924563,-2
2026-09-11 19:39:42.400,1789166382.4001486,-19
2026-09-11 19:39:42.407,1789166382.407841,-38
2026-09-11 19:39:42.415,1789166382.4155333,-50
2026-09-11 19:39:42.423,1789166382.4232256,-50
2026-09-11 19:39:42.430,1789166382.430918,-50
2026-09-11 19:39:42.438,1789166382.4386103,-46
2026-09-11 19:39:42.446,1789166382.4463027,-38
2026-09-11 19:39:42.453,1789166382.4539948,-26
2026-09-11 19:39:42.461,1789166382.461687,-16
2026-09-11 19:39:42.469,1789166382.4693794,-12
2026-09-11 19:39:42.477,1789166382.4770718,-9
2026-09-11 19:39:42.484,1789166382.484764,-4
2026-09-11 19:39:42.492,1789166382.4924564,-2
2026-09-11 19:39:42.500,1789166382.5001488,0
2026-09-11 19:39:42.507,1789166382.507841,2
2026-09-11 19:39:42.515,1789166382.5155332,2
2026-09-11 19:39:42.523,1789166382.5232255,-2
2026-09-11 19:39:42.530,1789166382.530918,-2
2026-09-11 19:39:42.538,1789166382.5386102,0
2026-09-11 19:39:42.546,1789166382.5463026,0
2026-09-11 19:39:42.553,1789166382.553995,-2
2026-09-11 19:39:42.561,1789166382.5616872,-2
2026-09-11 19:39:42.569,1789166382.5693796,0
2026-09-11 19:39:42.577,1789166382.5770717,-4
2026-09-11 19:39:42.584,1789166382.584764,-16
2026-09-11 19:39:42.592,1789166382.5924563,-21
2026-09-11 19:39:42.600,1789166382.6001487,-16
2026-09-11 19:39:42.607,1789166382.607841,-7
2026-09-11 19:39:42.615,1789166382.6155334,4
2026-09-11 19:39:42.623,1789166382.6232257,29
2026-09-11 19:39:42.630,1789166382.630918,48
2026-09-11 19:39:42.638,1789166382.6386101,46
2026-09-11 19:39:42.646,1789166382.6463025,29
2026-09-11 19:39:42.653,1789166382.6539948,14
2026-09-11 19:39:42.661,1789166382.6616871,7
2026-09-11 19:39:42.669,1789166382.6693795,-2
2026-09-11 19:39:42.677,1789166382.6770718,-9
2026-09-11 19:39:42.684,1789166382.6847641,-9
2026-09-11 19:39:42.692,1789166382.6924565,-9
2026-09-11 19:39:42.700,1789166382.7001486,-4
2026-09-11 19:39:42.707,1789166382.707841,-4
2026-09-11 19:39:42.715,1789166382.7155333,-9
2026-09-11 19:39:42.723,1789166382.7232256,-4
2026-09-11 19:39:42.730,1789166382.730918,75
2026-09-11 19:39:42.738,1789166382.7386103,295
2026-09-11 19:39:42.746,1789166382.7463026,606
2026-09-11 19:39:42.753,1789166382.753995,875
2026-09-11 19:39:42.761,1789166382.761687,727
2026-09-11 19:39:42.769,1789166382.7693794,-29
2026-09-11 19:39:42.777,1789166382.7770717,-523
2026-09-11 19:39:42.784,1789166382.784764,-235
2026-09-11 19:39:42.792,1789166382.7924564,9
2026-09-11 19:39:42.800,1789166382.8001487,-94
2026-09-11 19:39:42.807,1789166382.807841,-89
2026-09-11 19:39:42.815,1789166382.8155334,-12
2026-09-11 19:39:42.823,1789166382.8232255,-36
2026-09-11 19:39:42.830,1789166382.8309178,-41
2026-09-11 19:39:42.838,1789166382.8386102,-7
2026-09-11 19:39:42.846,1789166382.8463025,0
2026-09-11 19:39:42.853,1789166382.8539948,2
2026-09-11 19:39:42.861,1789166382.8616872,19
2026-09-11 19:39:42.869,1789166382.8693795,26
2026-09-11 19:39:42.877,1789166382.8770719,29
2026-09-11 19:39:42.884,1789166382.8847642,43
2026-09-11 19:39:42.892,1789166382.8924563,58
2026-09-11 19:39:42.900,1789166382.9001486,65
2026-09-11 19:39:42.907,1789166382.907841,77
2026-09-11 19:39:42.914,1789166382.9149718,92
2026-09-11 19:39:42.922,1789166382.9226642,104
2026-09-11 19:39:42.930,1789166382.9303565,116
2026-09-11 19:39:42.938,1789166382.9380488,128
2026-09-11 19:39:42.945,1789166382.9457412,135
2026-09-11 19:39:42.953,1789166382.9534333,140
2026-09-11 19:39:42.961,1789166382.9611256,140
2026-09-11 19:39:42.968,1789166382.968818,138
2026-09-11 19:39:42.976,1789166382.9765103,130
2026-09-11 19:39:42.984,1789166382.9842026,113
2026-09-11 19:39:42.991,1789166382.991895,87
2026-09-11 19:39:42.999,1789166382.9995873,58
2026-09-11 19:39:43.007,1789166383.0072796,29
2026-09-11 19:39:43.014,1789166383.0149717,0
2026-09-11 19:39:43.022,1789166383.022664,-21
2026-09-11 19:39:43.030,1789166383.0303564,-38
2026-09-11 19:39:43.038,1789166383.0380487,-50
2026-09-11 19:39:43.045,1789166383.045741,-55
2026-09-11 19:39:43.053,1789166383.0534334,-53
2026-09-11 19:39:43.061,1789166383.0611258,-50
2026-09-11 19:39:43.068,1789166383.068818,-46
2026-09-11 19:39:43.076,1789166383.0765102,-38
2026-09-11 19:39:43.084,1789166383.0842025,-33
2026-09-11 19:39:43.091,1789166383.0918949,-29
2026-09-11 19:39:43.099,1789166383.0995872,-16
2026-09-11 19:39:43.107,1789166383.1072795,-7
2026-09-11 19:39:43.114,1789166383.1149719,-7
2026-09-11 19:39:43.122,1789166383.1226642,-9
2026-09-11 19:39:43.130,1789166383.1303566,-9
2026-09-11 19:39:43.138,1789166383.1380486,-7
2026-09-11 19:39:43.145,1789166383.145741,-2
2026-09-11 19:39:43.153,1789166383.1534333,0
2026-09-11 19:39:43.161,1789166383.1611257,-2
2026-09-11 19:39:43.168,1789166383.168818,-4
2026-09-11 19:39:43.176,1789166383.1765103,-7
2026-09-11 19:39:43.184,1789166383.1842027,-7
2026-09-11 19:39:43.191,1789166383.191895,-9
2026-09-11 19:39:43.199,1789166383.199587,-16
2026-09-11 19:39:43.207,1789166383.2072794,-24
2026-09-11 19:39:43.214,1789166383.2149718,-19
2026-09-11 19:39:43.222,1789166383.222664,-16
2026-09-11 19:39:43.230,1789166383.2303565,-7
2026-09-11 19:39:43.238,1789166383.2380488,24
2026-09-11 19:39:43.245,1789166383.2457411,50
2026-09-11 19:39:43.253,1789166383.2534335,46
2026-09-11 19:39:43.261,1789166383.2611256,29
2026-09-11 19:39:43.268,1789166383.268818,14
2026-09-11 19:39:43.276,1789166383.2765102,-2
2026-09-11 19:39:43.284,1789166383.2842026,-12
2026-09-11 19:39:43.291,1789166383.291895,-12
2026-09-11 19:39:43.299,1789166383.2995872,-12
2026-09-11 19:39:43.307,1789166383.3072796,-14
2026-09-11 19:39:43.314,1789166383.314972,-14
2026-09-11 19:39:43.322,1789166383.322664,-7
2026-09-11 19:39:43.330,1789166383.3303564,-4
2026-09-11 19:39:43.338,1789166383.3380487,-9
2026-09-11 19:39:43.345,1789166383.345741,38
2026-09-11 19:39:43.353,1789166383.3534334,218
2026-09-11 19:39:43.361,1789166383.3611257,511
2026-09-11 19:39:43.368,1789166383.368818,824
2026-09-11 19:39:43.376,1789166383.3765104,846
2026-09-11 19:39:43.384,1789166383.3842025,206
2026-09-11 19:39:43.391,1789166383.3918948,-475
2026-09-11 19:39:43.399,1789166383.3995872,-351
2026-09-11 19:39:43.407,1789166383.4072795,-4
2026-09-11 19:39:43.414,1789166383.4149718,-53
2026-09-11 19:39:43.422,1789166383.4226642,-109
2026-09-11 19:39:43.430,1789166383.4303565,-21
2026-09-11 19:39:43.438,1789166383.4380488,-24
2026-09-11 19:39:43.445,1789166383.4457412,-50
2026-09-11 19:39:43.453,1789166383.4534333,-16
2026-09-11 19:39:43.461,1789166383.4611256,2
2026-09-11 19:39:43.468,1789166383.468818,0
2026-09-11 19:39:43.475,1789166383.4759488,14
2026-09-11 19:39:43.483,1789166383.4836411,26
2026-09-11 19:39:43.491,1789166383.4913335,31
2026-09-11 19:39:43.499,1789166383.4990258,43
2026-09-11 19:39:43.506,1789166383.5067182,55
2026-09-11 19:39:43.514,1789166383.5144103,63
2026-09-11 19:39:43.522,1789166383.5221026,72
2026-09-11 19:39:43.529,1789166383.529795,89
2026-09-11 19:39:43.537,1789166383.5374873,104
2026-09-11 19:39:43.545,1789166383.5451796,116
2026-09-11 19:39:43.552,1789166383.552872,130
2026-09-11 19:39:43.560,1789166383.5605643,143
2026-09-11 19:39:43.568,1789166383.5682566,143
2026-09-11 19:39:43.575,1789166383.5759487,138
2026-09-11 19:39:43.583,1789166383.583641,135
2026-09-11 19:39:43.591,1789166383.5913334,130
2026-09-11 19:39:43.599,1789166383.5990257,121
2026-09-11 19:39:43.606,1789166383.606718,99
2026-09-11 19:39:43.614,1789166383.6144104,70
2026-09-11 19:39:43.622,1789166383.6221027,36
2026-09-11 19:39:43.629,1789166383.629795,7
2026-09-11 19:39:43.637,1789166383.6374872,-19
2026-09-11 19:39:43.645,1789166383.6451795,-36
2026-09-11 19:39:43.652,1789166383.6528718,-43
2026-09-11 19:39:43.660,1789166383.6605642,-46
2026-09-11 19:39:43.668,1789166383.6682565,-50
2026-09-11 19:39:43.675,1789166383.6759489,-53
2026-09-11 19:39:43.683,1789166383.6836412,-43
2026-09-11 19:39:43.691,1789166383.6913335,-33
2026-09-11 19:39:43.699,1789166383.6990256,-26
2026-09-11 19:39:43.706,1789166383.706718,-19
2026-09-11 19:39:43.714,1789166383.7144103,-12
2026-09-11 19:39:43.722,1789166383.7221026,-7
2026-09-11 19:39:43.729,1789166383.729795,-4
2026-09-11 19:39:43.737,1789166383.7374873,-2
2026-09-11 19:39:43.745,1789166383.7451797,-2
2026-09-11 19:39:43.752,1789166383.752872,-2
2026-09-11 19:39:43.760,1789166383.760564,-2
2026-09-11 19:39:43.768,1789166383.7682564,-2
2026-09-11 19:39:43.775,1789166383.7759488,-2
2026-09-11 19:39:43.783,1789166383.783641,-4
2026-09-11 19:39:43.791,1789166383.7913334,-4
2026-09-11 19:39:43.799,1789166383.7990258,-4
2026-09-11 19:39:43.806,1789166383.806718,-9
2026-09-11 19:39:43.814,1789166383.8144104,-19
2026-09-11 19:39:43.822,1789166383.8221025,-21
2026-09-11 19:39:43.829,1789166383.829795,-16
2026-09-11 19:39:43.837,1789166383.8374872,-14
2026-09-11 19:39:43.845,1789166383.8451796,-2
2026-09-11 19:39:43.852,1789166383.852872,29
2026-09-11 19:39:43.860,1789166383.8605642,50
2026-09-11 19:39:43.868,1789166383.8682566,48
2026-09-11 19:39:43.875,1789166383.875949,33
2026-09-11 19:39:43.883,1789166383.883641,12
2026-09-11 19:39:43.891,1789166383.8913333,-4
2026-09-11 19:39:43.899,1789166383.8990257,-14
2026-09-11 19:39:43.906,1789166383.906718,-16
2026-09-11 19:39:43.914,1789166383.9144104,-14
2026-09-11 19:39:43.922,1789166383.9221027,-7
2026-09-11 19:39:43.929,1789166383.929795,-2
2026-09-11 19:39:43.937,1789166383.9374874,-2
2026-09-11 19:39:43.945,1789166383.9451795,-9
2026-09-11 19:39:43.952,1789166383.9528718,-12
2026-09-11 19:39:43.960,1789166383.9605641,53
2026-09-11 19:39:43.968,1789166383.9682565,257
2026-09-11 19:39:43.975,1789166383.9759488,567
2026-09-11 19:39:43.983,1789166383.9836411,868
2026-09-11 19:39:43.991,1789166383.9913335,788
2026-09-11 19:39:43.999,1789166383.9990258,60
2026-09-11 19:39:44.006,1789166384.0067182,-511
2026-09-11 19:39:44.014,1789166384.0144103,-278
2026-09-11 19:39:44.022,1789166384.0221026,4
2026-09-11 19:39:44.029,1789166384.029795,-84
2026-09-11 19:39:44.036,1789166384.0369508,-101
2026-09-11 19:39:44.044,1789166384.0446432,-19
2026-09-11 19:39:44.052,1789166384.0523355,-33
2026-09-11 19:39:44.060,1789166384.0600278,-46
2026-09-11 19:39:44.067,1789166384.0677202,-12
2026-09-11 19:39:44.075,1789166384.0754123,-2
2026-09-11 19:39:44.083,1789166384.0831046,-2
2026-09-11 19:39:44.090,1789166384.090797,14
2026-09-11 19:39:44.098,1789166384.0984893,26
2026-09-11 19:39:44.106,1789166384.1061816,26
2026-09-11 19:39:44.113,1789166384.113874,36
2026-09-11 19:39:44.121,1789166384.1215663,55
2026-09-11 19:39:44.129,1789166384.1292586,65
2026-09-11 19:39:44.136,1789166384.1369507,75
2026-09-11 19:39:44.144,1789166384.144643,87
2026-09-11 19:39:44.152,1789166384.1523354,101
2026-09-11 19:39:44.160,1789166384.1600277,116
2026-09-11 19:39:44.167,1789166384.16772,130
2026-09-11 19:39:44.175,1789166384.1754124,138
2026-09-11 19:39:44.183,1789166384.1831048,140
2026-09-11 19:39:44.190,1789166384.190797,138
2026-09-11 19:39:44.198,1789166384.1984892,133
2026-09-11 19:39:44.206,1789166384.2061815,126
2026-09-11 19:39:44.213,1789166384.2138739,116
2026-09-11 19:39:44.221,1789166384.2215662,89
2026-09-11 19:39:44.229,1789166384.2292585,55
2026-09-11 19:39:44.236,1789166384.2369509,24
2026-09-11 19:39:44.244,1789166384.2446432,0
2026-09-11 19:39:44.252,1789166384.2523355,-26
2026-09-11 19:39:44.260,1789166384.2600276,-43
2026-09-11 19:39:44.267,1789166384.26772,-50
2026-09-11 19:39:44.275,1789166384.2754123,-55
2026-09-11 19:39:44.283,1789166384.2831047,-53
2026-09-11 19:39:44.290,1789166384.290797,-53
2026-09-11 19:39:44.298,1789166384.2984893,-48
2026-09-11 19:39:44.306,1789166384.3061817,-38
2026-09-11 19:39:44.313,1789166384.313874,-26
2026-09-11 19:39:44.321,1789166384.321566,-19
2026-09-11 19:39:44.329,1789166384.3292584,-19
2026-09-11 19:39:44.336,1789166384.3369508,-14
2026-09-11 19:39:44.344,1789166384.344643,-4
2026-09-11 19:39:44.352,1789166384.3523355,-2
2026-09-11 19:39:44.360,1789166384.3600278,-4
2026-09-11 19:39:44.367,1789166384.3677201,-4
2026-09-11 19:39:44.375,1789166384.3754125,2
2026-09-11 19:39:44.383,1789166384.3831046,2
2026-09-11 19:39:44.390,1789166384.390797,-4
2026-09-11 19:39:44.398,1789166384.3984892,-4
2026-09-11 19:39:44.406,1789166384.4061816,-4
2026-09-11 19:39:44.413,1789166384.413874,-12
2026-09-11 19:39:44.421,1789166384.4215662,-24
2026-09-11 19:39:44.429,1789166384.4292586,-21
2026-09-11 19:39:44.436,1789166384.436951,-12
2026-09-11 19:39:44.444,1789166384.444643,-7
2026-09-11 19:39:44.452,1789166384.4523354,4
2026-09-11 19:39:44.460,1789166384.4600277,31
2026-09-11 19:39:44.467,1789166384.46772,46
2026-09-11 19:39:44.475,1789166384.4754124,41
2026-09-11 19:39:44.483,1789166384.4831047,29
2026-09-11 19:39:44.490,1789166384.490797,12
2026-09-11 19:39:44.498,1789166384.4984894,-7
2026-09-11 19:39:44.506,1789166384.5061815,-16
2026-09-11 19:39:44.513,1789166384.5138738,-16
2026-09-11 19:39:44.521,1789166384.5215662,-19
2026-09-11 19:39:44.529,1789166384.5292585,-16
2026-09-11 19:39:44.536,1789166384.5369508,-9
2026-09-11 19:39:44.544,1789166384.5446432,-7
2026-09-11 19:39:44.552,1789166384.5523355,-16
2026-09-11 19:39:44.560,1789166384.5600278,-19
2026-09-11 19:39:44.567,1789166384.5677202,58
2026-09-11 19:39:44.575,1789166384.5754123,281
2026-09-11 19:39:44.583,1789166384.5831046,596
2026-09-11 19:39:44.590,1789166384.590797,868
2026-09-11 19:39:44.597,1789166384.5979326,710
2026-09-11 19:39:44.605,1789166384.605625,-55
2026-09-11 19:39:44.613,1789166384.6133173,-528
2026-09-11 19:39:44.621,1789166384.6210096,-225
2026-09-11 19:39:44.628,1789166384.628702,9
2026-09-11 19:39:44.636,1789166384.636394,-99
2026-09-11 19:39:44.644,1789166384.6440864,-92
2026-09-11 19:39:44.651,1789166384.6517787,-16
2026-09-11 19:39:44.659,1789166384.659471,-43
2026-09-11 19:39:44.667,1789166384.6671634,-48
2026-09-11 19:39:44.674,1789166384.6748557,-7
2026-09-11 19:39:44.682,1789166384.682548,0
2026-09-11 19:39:44.690,1789166384.6902404,-4
2026-09-11 19:39:44.697,1789166384.6979325,9
2026-09-11 19:39:44.705,1789166384.7056248,21
2026-09-11 19:39:44.713,1789166384.7133172,26
2026-09-11 19:39:44.721,1789166384.7210095,38
2026-09-11 19:39:44.728,1789166384.7287018,55
2026-09-11 19:39:44.736,1789166384.7363942,63
2026-09-11 19:39:44.744,1789166384.7440865,72
2026-09-11 19:39:44.751,1789166384.7517788,89
2026-09-11 19:39:44.759,1789166384.759471,104
2026-09-11 19:39:44.767,1789166384.7671633,116
2026-09-11 19:39:44.774,1789166384.7748556,128
2026-09-11 19:39:44.782,1789166384.782548,133
2026-09-11 19:39:44.790,1789166384.7902403,135
2026-09-11 19:39:44.797,1789166384.7979326,135
2026-09-11 19:39:44.805,1789166384.805625,130
2026-09-11 19:39:44.813,1789166384.8133173,121
2026-09-11 19:39:44.821,1789166384.8210094,109
2026-09-11 19:39:44.828,1789166384.8287017,82
2026-09-11 19:39:44.836,1789166384.836394,46
2026-09-11 19:39:44.844,1789166384.8440864,12
2026-09-11 19:39:44.851,1789166384.8517787,-12
2026-09-11 19:39:44.859,1789166384.859471,-36
2026-09-11 19:39:44.867,1789166384.8671634,-53
2026-09-11 19:39:44.874,1789166384.8748558,-58
2026-09-11 19:39:44.882,1789166384.8825479,-58
2026-09-11 19:39:44.890,1789166384.8902402,-58
2026-09-11 19:39:44.897,1789166384.8979325,-55
2026-09-11 19:39:44.905,1789166384.9056249,-48
2026-09-11 19:39:44.913,1789166384.9133172,-41
2026-09-11 19:39:44.921,1789166384.9210095,-31
2026-09-11 19:39:44.928,1789166384.9287019,-24
2026-09-11 19:39:44.936,1789166384.9363942,-19
2026-09-11 19:39:44.944,1789166384.9440863,-14
2026-09-11 19:39:44.951,1789166384.9517787,-14
2026-09-11 19:39:44.959,1789166384.959471,-12
2026-09-11 19:39:44.967,1789166384.9671633,-7
2026-09-11 19:39:44.974,1789166384.9748557,-4
2026-09-11 19:39:44.982,1789166384.982548,-7
2026-09-11 19:39:44.990,1789166384.9902403,-7
2026-09-11 19:39:44.997,1789166384.9979327,-9
2026-09-11 19:39:45.005,1789166385.0056248,-12
2026-09-11 19:39:45.013,1789166385.013317,-12
2026-09-11 19:39:45.021,1789166385.0210094,-14
2026-09-11 19:39:45.028,1789166385.0287018,-24
2026-09-11 19:39:45.036,1789166385.0363941,-29
2026-09-11 19:39:45.044,1789166385.0440865,-21
2026-09-11 19:39:45.051,1789166385.0517788,-16
2026-09-11 19:39:45.059,1789166385.0594711,-7
2026-09-11 19:39:45.067,1789166385.0671632,19
2026-09-11 19:39:45.074,1789166385.0748556,41
2026-09-11 19:39:45.082,1789166385.082548,38
2026-09-11 19:39:45.090,1789166385.0902402,21
2026-09-11 19:39:45.097,1789166385.0979326,4
2026-09-11 19:39:45.105,1789166385.105625,-12
2026-09-11 19:39:45.113,1789166385.1133173,-21
2026-09-11 19:39:45.121,1789166385.1210096,-26
2026-09-11 19:39:45.128,1789166385.128702,-24
2026-09-11 19:39:45.136,1789166385.136394,-16
2026-09-11 19:39:45.144,1789166385.1440864,-16
2026-09-11 19:39:45.151,1789166385.1517787,-16
2026-09-11 19:39:45.158,1789166385.1589096,-19
2026-09-11 19:39:45.166,1789166385.166602,-19
2026-09-11 19:39:45.174,1789166385.1742942,38
2026-09-11 19:39:45.181,1789166385.1819866,240
2026-09-11 19:39:45.189,1789166385.189679,552
2026-09-11 19:39:45.197,1789166385.197371,858
2026-09-11 19:39:45.205,1789166385.2050633,797
2026-09-11 19:39:45.212,1789166385.2127557,80
2026-09-11 19:39:45.220,1789166385.220448,-518
2026-09-11 19:39:45.228,1789166385.2281404,-300
2026-09-11 19:39:45.235,1789166385.2358327,-2
2026-09-11 19:39:45.243,1789166385.243525,-84
2026-09-11 19:39:45.251,1789166385.2512174,-109
2026-09-11 19:39:45.258,1789166385.2589095,-26
2026-09-11 19:39:45.266,1789166385.2666018,-41
2026-09-11 19:39:45.274,1789166385.2742941,-50
2026-09-11 19:39:45.281,1789166385.2819865,-14
2026-09-11 19:39:45.289,1789166385.2896788,-9
2026-09-11 19:39:45.297,1789166385.2973711,-14
2026-09-11 19:39:45.305,1789166385.3050635,2
2026-09-11 19:39:45.312,1789166385.3127558,14
2026-09-11 19:39:45.320,1789166385.320448,19
2026-09-11 19:39:45.328,1789166385.3281403,31
2026-09-11 19:39:45.335,1789166385.3358326,46
2026-09-11 19:39:45.343,1789166385.343525,55
2026-09-11 19:39:45.351,1789166385.3512173,67
2026-09-11 19:39:45.358,1789166385.3589096,82
2026-09-11 19:39:45.366,1789166385.366602,97
2026-09-11 19:39:45.374,1789166385.3742943,111
2026-09-11 19:39:45.381,1789166385.3819864,126
2026-09-11 19:39:45.389,1789166385.3896787,138
2026-09-11 19:39:45.397,1789166385.397371,140
2026-09-11 19:39:45.405,1789166385.4050634,135
2026-09-11 19:39:45.412,1789166385.4127557,135
2026-09-11 19:39:45.420,1789166385.420448,128
2026-09-11 19:39:45.428,1789166385.4281404,111
2026-09-11 19:39:45.435,1789166385.4358327,84
2026-09-11 19:39:45.443,1789166385.4435248,58
2026-09-11 19:39:45.451,1789166385.4512172,24
2026-09-11 19:39:45.458,1789166385.4589095,-9
2026-09-11 19:39:45.466,1789166385.4666018,-33
2026-09-11 19:39:45.474,1789166385.4742942,-48
2026-09-11 19:39:45.481,1789166385.4819865,-55
2026-09-11 19:39:45.489,1789166385.4896789,-60
2026-09-11 19:39:45.497,1789166385.4973712,-60
2026-09-11 19:39:45.505,1789166385.5050633,-60
2026-09-11 19:39:45.512,1789166385.5127556,-53
2026-09-11 19:39:45.520,1789166385.520448,-43
2026-09-11 19:39:45.528,1789166385.5281403,-36
2026-09-11 19:39:45.535,1789166385.5358326,-29
2026-09-11 19:39:45.543,1789166385.543525,-21
2026-09-11 19:39:45.551,1789166385.5512173,-14
2026-09-11 19:39:45.558,1789166385.5589097,-9
2026-09-11 19:39:45.566,1789166385.5666018,-9
2026-09-11 19:39:45.574,1789166385.574294,-9
2026-09-11 19:39:45.581,1789166385.5819864,-4
2026-09-11 19:39:45.589,1789166385.5896788,-4
2026-09-11 19:39:45.597,1789166385.597371,-7
2026-09-11 19:39:45.605,1789166385.6050634,-9
2026-09-11 19:39:45.612,1789166385.6127558,-9
2026-09-11 19:39:45.620,1789166385.620448,-9
2026-09-11 19:39:45.628,1789166385.6281402,-14
2026-09-11 19:39:45.635,1789166385.6358325,-21
2026-09-11 19:39:45.643,1789166385.643525,-21
2026-09-11 19:39:45.651,1789166385.6512172,-16
2026-09-11 19:39:45.658,1789166385.6589096,-14
2026-09-11 19:39:45.666,1789166385.666602,0
2026-09-11 19:39:45.674,1789166385.6742942,26
2026-09-11 19:39:45.681,1789166385.6819866,43
2026-09-11 19:39:45.689,1789166385.689679,38
2026-09-11 19:39:45.697,1789166385.697371,21
2026-09-11 19:39:45.705,1789166385.7050633,7
2026-09-11 19:39:45.712,1789166385.7127557,-7
2026-09-11 19:39:45.719,1789166385.7199166,-16
2026-09-11 19:39:45.727,1789166385.727609,-19
2026-09-11 19:39:45.735,1789166385.7353013,-19
2026-09-11 19:39:45.742,1789166385.7429936,-14
2026-09-11 19:39:45.750,1789166385.750686,-14
2026-09-11 19:39:45.758,1789166385.758378,-19
2026-09-11 19:39:45.766,1789166385.7660704,-21
2026-09-11 19:39:45.773,1789166385.7737627,-19
2026-09-11 19:39:45.781,1789166385.781455,43
2026-09-11 19:39:45.789,1789166385.7891474,240
2026-09-11 19:39:45.796,1789166385.7968397,550
2026-09-11 19:39:45.804,1789166385.804532,858
2026-09-11 19:39:45.812,1789166385.8122244,807
2026-09-11 19:39:45.819,1789166385.8199165,94
2026-09-11 19:39:45.827,1789166385.8276088,-514
2026-09-11 19:39:45.835,1789166385.8353012,-305
2026-09-11 19:39:45.842,1789166385.8429935,-4
2026-09-11 19:39:45.850,1789166385.8506858,-87
2026-09-11 19:39:45.858,1789166385.8583782,-109
2026-09-11 19:39:45.866,1789166385.8660705,-24
2026-09-11 19:39:45.873,1789166385.8737628,-38
2026-09-11 19:39:45.881,1789166385.881455,-55
2026-09-11 19:39:45.889,1789166385.8891473,-16
2026-09-11 19:39:45.896,1789166385.8968396,-4
2026-09-11 19:39:45.904,1789166385.904532,-12
2026-09-11 19:39:45.912,1789166385.9122243,4
2026-09-11 19:39:45.919,1789166385.9199166,16
2026-09-11 19:39:45.927,1789166385.927609,19
2026-09-11 19:39:45.935,1789166385.9353013,29
2026-09-11 19:39:45.942,1789166385.9429934,46
2026-09-11 19:39:45.950,1789166385.9506857,55
2026-09-11 19:39:45.958,1789166385.958378,65
2026-09-11 19:39:45.966,1789166385.9660704,80
2026-09-11 19:39:45.973,1789166385.9737628,97
2026-09-11 19:39:45.981,1789166385.981455,111
2026-09-11 19:39:45.989,1789166385.9891474,123
2026-09-11 19:39:45.996,1789166385.9968398,133
2026-09-11 19:39:46.004,1789166386.0045319,135
2026-09-11 19:39:46.012,1789166386.0122242,138
2026-09-11 19:39:46.019,1789166386.0199165,138
2026-09-11 19:39:46.027,1789166386.0276089,128
2026-09-11 19:39:46.035,1789166386.0353012,109
2026-09-11 19:39:46.042,1789166386.0429935,82
2026-09-11 19:39:46.050,1789166386.050686,50
2026-09-11 19:39:46.058,1789166386.0583782,16
2026-09-11 19:39:46.066,1789166386.0660703,-12
2026-09-11 19:39:46.073,1789166386.0737627,-33
2026-09-11 19:39:46.081,1789166386.081455,-46
2026-09-11 19:39:46.089,1789166386.0891473,-60
2026-09-11 19:39:46.096,1789166386.0968397,-67
2026-09-11 19:39:46.104,1789166386.104532,-65
2026-09-11 19:39:46.112,1789166386.1122243,-63
2026-09-11 19:39:46.119,1789166386.1199167,-58
2026-09-11 19:39:46.127,1789166386.1276088,-48
2026-09-11 19:39:46.135,1789166386.135301,-38
2026-09-11 19:39:46.142,1789166386.1429935,-31
2026-09-11 19:39:46.150,1789166386.1506858,-21
2026-09-11 19:39:46.158,1789166386.1583781,-16
2026-09-11 19:39:46.166,1789166386.1660705,-16
2026-09-11 19:39:46.173,1789166386.1737628,-16
2026-09-11 19:39:46.181,1789166386.1814551,-12
2026-09-11 19:39:46.189,1789166386.1891472,-4
2026-09-11 19:39:46.196,1789166386.1968396,-4
2026-09-11 19:39:46.204,1789166386.204532,-7
2026-09-11 19:39:46.212,1789166386.2122242,-9
2026-09-11 19:39:46.219,1789166386.2199166,-12
2026-09-11 19:39:46.227,1789166386.227609,-12
2026-09-11 19:39:46.235,1789166386.2353013,-9
2026-09-11 19:39:46.242,1789166386.2429936,-12
2026-09-11 19:39:46.250,1789166386.250686,-16
2026-09-11 19:39:46.258,1789166386.258378,-24
2026-09-11 19:39:46.266,1789166386.2660704,-26
2026-09-11 19:39:46.273,1789166386.2737627,-24
2026-09-11 19:39:46.280,1789166386.2808936,-16
2026-09-11 19:39:46.288,1789166386.288586,2
2026-09-11 19:39:46.296,1789166386.2962782,29
2026-09-11 19:39:46.303,1789166386.3039706,43
2026-09-11 19:39:46.311,1789166386.311663,41
2026-09-11 19:39:46.319,1789166386.319355,24
2026-09-11 19:39:46.327,1789166386.3270473,2
2026-09-11 19:39:46.334,1789166386.3347397,-14
2026-09-11 19:39:46.342,1789166386.342432,-16
2026-09-11 19:39:46.350,1789166386.3501244,-14
2026-09-11 19:39:46.357,1789166386.3578167,-14
2026-09-11 19:39:46.365,1789166386.365509,-12
2026-09-11 19:39:46.373,1789166386.3732014,-12
2026-09-11 19:39:46.380,1789166386.3808935,-12
2026-09-11 19:39:46.388,1789166386.3885858,-9
2026-09-11 19:39:46.396,1789166386.3962781,-2
2026-09-11 19:39:46.403,1789166386.4039705,75
2026-09-11 19:39:46.411,1789166386.4116628,300
2026-09-11 19:39:46.419,1789166386.4193552,628
2026-09-11 19:39:46.427,1789166386.4270475,914
2026-09-11 19:39:46.434,1789166386.4347398,768
2026-09-11 19:39:46.442,1789166386.442432,-12
2026-09-11 19:39:46.450,1789166386.4501243,-533
2026-09-11 19:39:46.457,1789166386.4578166,-249
2026-09-11 19:39:46.465,1789166386.465509,2
2026-09-11 19:39:46.473,1789166386.4732013,-101
2026-09-11 19:39:46.480,1789166386.4808936,-92
2026-09-11 19:39:46.488,1789166386.488586,-12
2026-09-11 19:39:46.496,1789166386.4962783,-38
2026-09-11 19:39:46.503,1789166386.5039704,-46
2026-09-11 19:39:46.511,1789166386.5116627,-9
2026-09-11 19:39:46.519,1789166386.519355,-7
2026-09-11 19:39:46.527,1789166386.5270474,-12
2026-09-11 19:39:46.534,1789166386.5347397,9
2026-09-11 19:39:46.542,1789166386.542432,19
2026-09-11 19:39:46.550,1789166386.5501244,21
2026-09-11 19:39:46.557,1789166386.5578167,31
2026-09-11 19:39:46.565,1789166386.5655088,43
2026-09-11 19:39:46.573,1789166386.5732012,58
2026-09-11 19:39:46.580,1789166386.5808935,75
2026-09-11 19:39:46.588,1789166386.5885859,87
2026-09-11 19:39:46.596,1789166386.5962782,99
2026-09-11 19:39:46.603,1789166386.6039705,113
2026-09-11 19:39:46.611,1789166386.6116629,130
2026-09-11 19:39:46.619,1789166386.6193552,143
2026-09-11 19:39:46.627,1789166386.6270473,145
2026-09-11 19:39:46.634,1789166386.6347396,140
2026-09-11 19:39:46.642,1789166386.642432,140
2026-09-11 19:39:46.650,1789166386.6501243,130
2026-09-11 19:39:46.657,1789166386.6578166,109
2026-09-11 19:39:46.665,1789166386.665509,82
2026-09-11 19:39:46.673,1789166386.6732013,53
2026-09-11 19:39:46.680,1789166386.6808937,19
2026-09-11 19:39:46.688,1789166386.6885858,-12
2026-09-11 19:39:46.696,1789166386.696278,-38
2026-09-11 19:39:46.703,1789166386.7039704,-55
2026-09-11 19:39:46.711,1789166386.7116628,-63
2026-09-11 19:39:46.719,1789166386.719355,-67
2026-09-11 19:39:46.727,1789166386.7270474,-72
2026-09-11 19:39:46.734,1789166386.7347398,-65
2026-09-11 19:39:46.742,1789166386.742432,-53
2026-09-11 19:39:46.750,1789166386.7501242,-48
2026-09-11 19:39:46.757,1789166386.7578166,-43
2026-09-11 19:39:46.765,1789166386.765509,-31
2026-09-11 19:39:46.773,1789166386.7732012,-21
2026-09-11 19:39:46.780,1789166386.7808936,-16
2026-09-11 19:39:46.788,1789166386.788586,-14
2026-09-11 19:39:46.796,1789166386.7962782,-12
2026-09-11 19:39:46.803,1789166386.8039706,-9
2026-09-11 19:39:46.811,1789166386.811663,-4
2026-09-11 19:39:46.819,1789166386.819355,-4
2026-09-11 19:39:46.827,1789166386.8270473,-7
2026-09-11 19:39:46.834,1789166386.8347397,-9
2026-09-11 19:39:46.841,1789166386.8418705,-12
2026-09-11 19:39:46.849,1789166386.849563,-12
2026-09-11 19:39:46.857,1789166386.8572552,-7
2026-09-11 19:39:46.864,1789166386.8649476,-4
2026-09-11 19:39:46.872,1789166386.87264,-9
2026-09-11 19:39:46.880,1789166386.880332,-16
2026-09-11 19:39:46.888,1789166386.8880243,-21
2026-09-11 19:39:46.895,1789166386.8957167,-16
2026-09-11 19:39:46.903,1789166386.903409,-14
2026-09-11 19:39:46.911,1789166386.9111013,-12
2026-09-11 19:39:46.918,1789166386.9187937,9
2026-09-11 19:39:46.926,1789166386.926486,36
2026-09-11 19:39:46.934,1789166386.9341784,48
2026-09-11 19:39:46.941,1789166386.9418705,41
2026-09-11 19:39:46.949,1789166386.9495628,24
2026-09-11 19:39:46.957,1789166386.9572551,4
2026-09-11 19:39:46.964,1789166386.9649475,-7
2026-09-11 19:39:46.972,1789166386.9726398,-9
2026-09-11 19:39:46.980,1789166386.9803321,-14
2026-09-11 19:39:46.988,1789166386.9880245,-14
2026-09-11 19:39:46.995,1789166386.9957168,-4
2026-09-11 19:39:47.003,1789166387.003409,-2
2026-09-11 19:39:47.011,1789166387.0111012,-7
2026-09-11 19:39:47.018,1789166387.0187936,-14
2026-09-11 19:39:47.026,1789166387.026486,0
2026-09-11 19:39:47.034,1789166387.0341783,109
2026-09-11 19:39:47.041,1789166387.0418706,366
2026-09-11 19:39:47.049,1789166387.049563,698
2026-09-11 19:39:47.057,1789166387.0572553,940
2026-09-11 19:39:47.064,1789166387.0649474,681
2026-09-11 19:39:47.072,1789166387.0726397,-140
2026-09-11 19:39:47.080,1789166387.080332,-545
2026-09-11 19:39:47.088,1789166387.0880244,-194
2026-09-11 19:39:47.095,1789166387.0957167,0
2026-09-11 19:39:47.103,1789166387.103409,-113
2026-09-11 19:39:47.111,1789166387.1111014,-80
2026-09-11 19:39:47.118,1789166387.1187937,-14
2026-09-11 19:39:47.126,1789166387.1264858,-46
2026-09-11 19:39:47.134,1789166387.1341782,-43
2026-09-11 19:39:47.141,1789166387.1418705,-7
2026-09-11 19:39:47.149,1789166387.1495628,-4
2026-09-11 19:39:47.157,1789166387.1572552,-2
2026-09-11 19:39:47.164,1789166387.1649475,14
2026-09-11 19:39:47.172,1789166387.1726398,19
2026-09-11 19:39:47.180,1789166387.1803322,24
2026-09-11 19:39:47.188,1789166387.1880243,38
2026-09-11 19:39:47.195,1789166387.1957166,55
2026-09-11 19:39:47.203,1789166387.203409,65
2026-09-11 19:39:47.211,1789166387.2111013,75
2026-09-11 19:39:47.218,1789166387.2187936,92
2026-09-11 19:39:47.226,1789166387.226486,111
2026-09-11 19:39:47.234,1789166387.2341783,126
2026-09-11 19:39:47.241,1789166387.2418706,138
2026-09-11 19:39:47.249,1789166387.2495627,150
2026-09-11 19:39:47.257,1789166387.257255,155
2026-09-11 19:39:47.264,1789166387.2649474,152
2026-09-11 19:39:47.272,1789166387.2726398,145
2026-09-11 19:39:47.280,1789166387.280332,135
2026-09-11 19:39:47.288,1789166387.2880244,113
2026-09-11 19:39:47.295,1789166387.2957168,84
2026-09-11 19:39:47.303,1789166387.303409,50
2026-09-11 19:39:47.311,1789166387.3111012,19
2026-09-11 19:39:47.318,1789166387.3187935,-14
2026-09-11 19:39:47.326,1789166387.3264859,-46
2026-09-11 19:39:47.334,1789166387.3341782,-58
2026-09-11 19:39:47.341,1789166387.3418705,-60
2026-09-11 19:39:47.349,1789166387.349563,-63
2026-09-11 19:39:47.357,1789166387.3572552,-67
2026-09-11 19:39:47.364,1789166387.3649476,-67
2026-09-11 19:39:47.372,1789166387.37264,-60
2026-09-11 19:39:47.380,1789166387.380332,-53
2026-09-11 19:39:47.388,1789166387.3880243,-43
2026-09-11 19:39:47.395,1789166387.3957167,-31
2026-09-11 19:39:47.402,1789166387.402847,-24
2026-09-11 19:39:47.410,1789166387.4105394,-16
2026-09-11 19:39:47.418,1789166387.4182317,-9
2026-09-11 19:39:47.425,1789166387.425924,-12
2026-09-11 19:39:47.433,1789166387.4336164,-12
2026-09-11 19:39:47.441,1789166387.4413085,-4
2026-09-11 19:39:47.449,1789166387.4490008,-4
2026-09-11 19:39:47.456,1789166387.4566932,-9
2026-09-11 19:39:47.464,1789166387.4643855,-4
2026-09-11 19:39:47.472,1789166387.4720778,0
2026-09-11 19:39:47.479,1789166387.4797702,-4
2026-09-11 19:39:47.487,1789166387.4874625,-7
2026-09-11 19:39:47.495,1789166387.4951549,-7
2026-09-11 19:39:47.502,1789166387.502847,-12
2026-09-11 19:39:47.510,1789166387.5105393,-9
2026-09-11 19:39:47.518,1789166387.5182316,-4
2026-09-11 19:39:47.525,1789166387.525924,-4
2026-09-11 19:39:47.533,1789166387.5336163,-9
2026-09-11 19:39:47.541,1789166387.5413086,-9
2026-09-11 19:39:47.549,1789166387.549001,-16
2026-09-11 19:39:47.556,1789166387.5566933,-24
2026-09-11 19:39:47.564,1789166387.5643854,-16
2026-09-11 19:39:47.572,1789166387.5720778,-12
2026-09-11 19:39:47.579,1789166387.57977,-2
2026-09-11 19:39:47.587,1789166387.5874624,21
2026-09-11 19:39:47.595,1789166387.5951548,43
2026-09-11 19:39:47.602,1789166387.602847,50
2026-09-11 19:39:47.610,1789166387.6105394,41
2026-09-11 19:39:47.618,1789166387.6182318,16
2026-09-11 19:39:47.625,1789166387.6259239,-2
2026-09-11 19:39:47.633,1789166387.6336162,-7
2026-09-11 19:39:47.641,1789166387.6413085,-4
2026-09-11 19:39:47.649,1789166387.649001,-9
2026-09-11 19:39:47.656,1789166387.6566932,-14
2026-09-11 19:39:47.664,1789166387.6643856,-12
2026-09-11 19:39:47.672,1789166387.672078,-4
2026-09-11 19:39:47.679,1789166387.6797702,-2
2026-09-11 19:39:47.687,1789166387.6874623,-2
2026-09-11 19:39:47.695,1789166387.6951547,43
2026-09-11 19:39:47.702,1789166387.702847,223
2026-09-11 19:39:47.710,1789166387.7105393,518
2026-09-11 19:39:47.718,1789166387.7182317,831
2026-09-11 19:39:47.725,1789166387.725924,890
2026-09-11 19:39:47.733,1789166387.7336164,295
2026-09-11 19:39:47.741,1789166387.7413087,-458
2026-09-11 19:39:47.749,1789166387.7490008,-421
2026-09-11 19:39:47.756,1789166387.7566931,-38
2026-09-11 19:39:47.764,1789166387.7643855,-55
2026-09-11 19:39:47.772,1789166387.7720778,-126
2026-09-11 19:39:47.779,1789166387.7797701,-36
2026-09-11 19:39:47.787,1789166387.7874625,-29
2026-09-11 19:39:47.795,1789166387.7951548,-63
2026-09-11 19:39:47.802,1789166387.8028471,-33
2026-09-11 19:39:47.810,1789166387.8105392,-9
2026-09-11 19:39:47.818,1789166387.8182316,-12
2026-09-11 19:39:47.825,1789166387.825924,2
2026-09-11 19:39:47.833,1789166387.8336163,16
2026-09-11 19:39:47.841,1789166387.8413086,19
2026-09-11 19:39:47.849,1789166387.849001,26
2026-09-11 19:39:47.856,1789166387.8566933,38
2026-09-11 19:39:47.864,1789166387.8643856,50
2026-09-11 19:39:47.872,1789166387.8720777,65
2026-09-11 19:39:47.879,1789166387.87977,80
2026-09-11 19:39:47.887,1789166387.8874624,94
2026-09-11 19:39:47.895,1789166387.8951547,116
2026-09-11 19:39:47.902,1789166387.902847,133
2026-09-11 19:39:47.910,1789166387.9105394,145
2026-09-11 19:39:47.918,1789166387.9182317,152
2026-09-11 19:39:47.925,1789166387.925924,162
2026-09-11 19:39:47.933,1789166387.9336164,162
2026-09-11 19:39:47.941,1789166387.9413085,155
2026-09-11 19:39:47.949,1789166387.9490008,135
2026-09-11 19:39:47.956,1789166387.9566932,111
2026-09-11 19:39:47.963,1789166387.9638546,80
2026-09-11 19:39:47.971,1789166387.971547,41
2026-09-11 19:39:47.979,1789166387.9792392,-2
2026-09-11 19:39:47.986,1789166387.9869316,-33
2026-09-11 19:39:47.994,1789166387.994624,-50
2026-09-11 19:39:48.002,1789166388.002316,-63
2026-09-11 19:39:48.010,1789166388.0100083,-70
2026-09-11 19:39:48.017,1789166388.0177007,-72
2026-09-11 19:39:48.025,1789166388.025393,-72
2026-09-11 19:39:48.033,1789166388.0330853,-67
2026-09-11 19:39:48.040,1789166388.0407777,-58
2026-09-11 19:39:48.048,1789166388.04847,-48
2026-09-11 19:39:48.056,1789166388.0561624,-41
2026-09-11 19:39:48.063,1789166388.0638545,-38
2026-09-11 19:39:48.071,1789166388.0715468,-33
2026-09-11 19:39:48.079,1789166388.0792391,-26
2026-09-11 19:39:48.086,1789166388.0869315,-21
2026-09-11 19:39:48.094,1789166388.0946238,-14
2026-09-11 19:39:48.102,1789166388.1023161,-7
2026-09-11 19:39:48.110,1789166388.1100085,-9
2026-09-11 19:39:48.117,1789166388.1177008,-12
2026-09-11 19:39:48.125,1789166388.125393,-9
2026-09-11 19:39:48.133,1789166388.1330853,-9
2026-09-11 19:39:48.140,1789166388.1407776,-16
2026-09-11 19:39:48.148,1789166388.14847,-16
2026-09-11 19:39:48.156,1789166388.1561623,-9
2026-09-11 19:39:48.163,1789166388.1638546,-4
2026-09-11 19:39:48.171,1789166388.171547,-9
2026-09-11 19:39:48.179,1789166388.1792393,-14
2026-09-11 19:39:48.186,1789166388.1869314,-12
2026-09-11 19:39:48.194,1789166388.1946237,-14
2026-09-11 19:39:48.202,1789166388.202316,-14
2026-09-11 19:39:48.210,1789166388.2100084,-12
2026-09-11 19:39:48.217,1789166388.2177007,-12
2026-09-11 19:39:48.225,1789166388.225393,-12
2026-09-11 19:39:48.233,1789166388.2330854,-9
2026-09-11 19:39:48.240,1789166388.2407777,-9
2026-09-11 19:39:48.248,1789166388.2484698,-16
2026-09-11 19:39:48.256,1789166388.2561622,-21
2026-09-11 19:39:48.263,1789166388.2638545,-16
2026-09-11 19:39:48.271,1789166388.2715468,-9
2026-09-11 19:39:48.279,1789166388.2792392,-9
2026-09-11 19:39:48.286,1789166388.2869315,9
2026-09-11 19:39:48.294,1789166388.2946239,38
2026-09-11 19:39:48.302,1789166388.3023162,53
2026-09-11 19:39:48.310,1789166388.3100083,41
2026-09-11 19:39:48.317,1789166388.3177006,21
2026-09-11 19:39:48.325,1789166388.325393,4
2026-09-11 19:39:48.333,1789166388.3330853,0
2026-09-11 19:39:48.340,1789166388.3407776,0
2026-09-11 19:39:48.348,1789166388.34847,-4
2026-09-11 19:39:48.356,1789166388.3561623,-9
2026-09-11 19:39:48.363,1789166388.3638546,-9
2026-09-11 19:39:48.371,1789166388.3715467,-7
2026-09-11 19:39:48.379,1789166388.379239,-4
2026-09-11 19:39:48.386,1789166388.3869314,-2
2026-09-11 19:39:48.394,1789166388.3946238,19
2026-09-11 19:39:48.402,1789166388.402316,135
2026-09-11 19:39:48.410,1789166388.4100084,390
2026-09-11 19:39:48.417,1789166388.4177008,705
2026-09-11 19:39:48.425,1789166388.425393,923
2026-09-11 19:39:48.433,1789166388.4330852,618
2026-09-11 19:39:48.440,1789166388.4407775,-206
2026-09-11 19:39:48.448,1789166388.4484699,-528
2026-09-11 19:39:48.456,1789166388.4561622,-150
2026-09-11 19:39:48.463,1789166388.4638546,0
2026-09-11 19:39:48.471,1789166388.471547,-116
2026-09-11 19:39:48.479,1789166388.4792392,-65
2026-09-11 19:39:48.486,1789166388.4869316,-9
2026-09-11 19:39:48.494,1789166388.494624,-50
2026-09-11 19:39:48.502,1789166388.502316,-36
2026-09-11 19:39:48.510,1789166388.5100083,0
2026-09-11 19:39:48.517,1789166388.5177007,-4
2026-09-11 19:39:48.524,1789166388.5248313,-2
2026-09-11 19:39:48.532,1789166388.5325236,19
2026-09-11 19:39:48.540,1789166388.540216,29
2026-09-11 19:39:48.547,1789166388.5479083,31
2026-09-11 19:39:48.555,1789166388.5556006,41
2026-09-11 19:39:48.563,1789166388.5632927,53
2026-09-11 19:39:48.570,1789166388.570985,65
2026-09-11 19:39:48.578,1789166388.5786774,82
2026-09-11 19:39:48.586,1789166388.5863698,99
2026-09-11 19:39:48.594,1789166388.594062,116
2026-09-11 19:39:48.601,1789166388.6017544,135
2026-09-11 19:39:48.609,1789166388.6094468,155
2026-09-11 19:39:48.617,1789166388.617139,164
2026-09-11 19:39:48.624,1789166388.6248312,167
2026-09-11 19:39:48.632,1789166388.6325235,167
2026-09-11 19:39:48.640,1789166388.6402159,167
2026-09-11 19:39:48.647,1789166388.6479082,157
2026-09-11 19:39:48.655,1789166388.6556005,133
2026-09-11 19:39:48.663,1789166388.663293,101
2026-09-11 19:39:48.670,1789166388.6709852,63
2026-09-11 19:39:48.678,1789166388.6786776,26
2026-09-11 19:39:48.686,1789166388.6863697,-2
2026-09-11 19:39:48.694,1789166388.694062,-33
2026-09-11 19:39:48.701,1789166388.7017543,-60
2026-09-11 19:39:48.709,1789166388.7094467,-70
2026-09-11 19:39:48.717,1789166388.717139,-70
2026-09-11 19:39:48.724,1789166388.7248313,-70
2026-09-11 19:39:48.732,1789166388.7325237,-65
2026-09-11 19:39:48.740,1789166388.740216,-58
2026-09-11 19:39:48.747,1789166388.747908,-55
2026-09-11 19:39:48.755,1789166388.7556005,-55
2026-09-11 19:39:48.763,1789166388.7632928,-53
2026-09-11 19:39:48.770,1789166388.7709851,-38
2026-09-11 19:39:48.778,1789166388.7786775,-26
2026-09-11 19:39:48.786,1789166388.7863698,-21
2026-09-11 19:39:48.794,1789166388.7940621,-21
2026-09-11 19:39:48.801,1789166388.8017545,-16
2026-09-11 19:39:48.809,1789166388.8094466,-16
2026-09-11 19:39:48.817,1789166388.817139,-16
2026-09-11 19:39:48.824,1789166388.8248312,-14
2026-09-11 19:39:48.832,1789166388.8325236,-12
2026-09-11 19:39:48.840,1789166388.840216,-14
2026-09-11 19:39:48.847,1789166388.8479083,-12
2026-09-11 19:39:48.855,1789166388.8556006,-7
2026-09-11 19:39:48.863,1789166388.863293,-9
2026-09-11 19:39:48.870,1789166388.870985,-16
2026-09-11 19:39:48.878,1789166388.8786774,-14
2026-09-11 19:39:48.886,1789166388.8863697,-12
2026-09-11 19:39:48.894,1789166388.894062,-12
2026-09-11 19:39:48.901,1789166388.9017544,-12
2026-09-11 19:39:48.909,1789166388.9094467,-9
2026-09-11 19:39:48.917,1789166388.917139,-12
2026-09-11 19:39:48.924,1789166388.9248314,-14
2026-09-11 19:39:48.932,1789166388.9325235,-12
2026-09-11 19:39:48.940,1789166388.9402158,-9
2026-09-11 19:39:48.947,1789166388.9479082,-9
2026-09-11 19:39:48.955,1789166388.9556005,-7
2026-09-11 19:39:48.963,1789166388.9632928,-7
2026-09-11 19:39:48.970,1789166388.9709852,-14
2026-09-11 19:39:48.978,1789166388.9786775,-24
2026-09-11 19:39:48.986,1789166388.9863698,-21
2026-09-11 19:39:48.994,1789166388.994062,-9
2026-09-11 19:39:49.001,1789166389.0017543,-2
2026-09-11 19:39:49.009,1789166389.0094466,9
2026-09-11 19:39:49.017,1789166389.017139,33
2026-09-11 19:39:49.024,1789166389.0248313,55
2026-09-11 19:39:49.032,1789166389.0325236,53
2026-09-11 19:39:49.040,1789166389.040216,29
2026-09-11 19:39:49.047,1789166389.0479083,9
2026-09-11 19:39:49.055,1789166389.0556006,-2
2026-09-11 19:39:49.063,1789166389.0632927,-7
2026-09-11 19:39:49.070,1789166389.070985,-9
2026-09-11 19:39:49.078,1789166389.0786774,-4
2026-09-11 19:39:49.085,1789166389.085808,-2
2026-09-11 19:39:49.093,1789166389.0935004,0
2026-09-11 19:39:49.101,1789166389.1011927,0
2026-09-11 19:39:49.108,1789166389.108885,0
2026-09-11 19:39:49.116,1789166389.1165774,16
2026-09-11 19:39:49.124,1789166389.1242695,123
2026-09-11 19:39:49.131,1789166389.1319618,368
2026-09-11 19:39:49.139,1789166389.1396542,686
2026-09-11 19:39:49.147,1789166389.1473465,928
2026-09-11 19:39:49.155,1789166389.1550388,666
2026-09-11 19:39:49.162,1789166389.1627312,-155
2026-09-11 19:39:49.170,1789166389.1704235,-531
2026-09-11 19:39:49.178,1789166389.1781158,-172
2026-09-11 19:39:49.185,1789166389.185808,2
2026-09-11 19:39:49.193,1789166389.1935003,-113
2026-09-11 19:39:49.201,1789166389.2011926,-75
2026-09-11 19:39:49.208,1789166389.208885,-7
2026-09-11 19:39:49.216,1789166389.2165773,-41
2026-09-11 19:39:49.224,1789166389.2242696,-36
2026-09-11 19:39:49.231,1789166389.231962,-4
2026-09-11 19:39:49.239,1789166389.2396543,-7
2026-09-11 19:39:49.247,1789166389.2473464,-7
2026-09-11 19:39:49.255,1789166389.2550387,9
2026-09-11 19:39:49.262,1789166389.262731,21
2026-09-11 19:39:49.270,1789166389.2704234,26
2026-09-11 19:39:49.278,1789166389.2781157,38
2026-09-11 19:39:49.285,1789166389.285808,53
2026-09-11 19:39:49.293,1789166389.2935004,60
2026-09-11 19:39:49.301,1789166389.3011928,72
2026-09-11 19:39:49.308,1789166389.3088849,94
2026-09-11 19:39:49.316,1789166389.3165772,113
2026-09-11 19:39:49.324,1789166389.3242695,126
2026-09-11 19:39:49.331,1789166389.3319619,143
2026-09-11 19:39:49.339,1789166389.3396542,162
2026-09-11 19:39:49.347,1789166389.3473465,174
2026-09-11 19:39:49.355,1789166389.355039,174
2026-09-11 19:39:49.362,1789166389.3627312,167
2026-09-11 19:39:49.370,1789166389.3704233,157
2026-09-11 19:39:49.378,1789166389.3781157,140
2026-09-11 19:39:49.385,1789166389.385808,109
2026-09-11 19:39:49.393,1789166389.3935003,67
2026-09-11 19:39:49.401,1789166389.4011927,24
2026-09-11 19:39:49.408,1789166389.408885,-9
2026-09-11 19:39:49.416,1789166389.4165773,-38
2026-09-11 19:39:49.424,1789166389.4242697,-58
2026-09-11 19:39:49.431,1789166389.4319618,-67
2026-09-11 19:39:49.439,1789166389.439654,-72
2026-09-11 19:39:49.447,1789166389.4473464,-75
2026-09-11 19:39:49.455,1789166389.4550388,-72
2026-09-11 19:39:49.462,1789166389.4627311,-72
2026-09-11 19:39:49.470,1789166389.4704235,-67
2026-09-11 19:39:49.478,1789166389.4781158,-58
2026-09-11 19:39:49.485,1789166389.4858081,-48
2026-09-11 19:39:49.493,1789166389.4935002,-41
2026-09-11 19:39:49.501,1789166389.5011926,-36
2026-09-11 19:39:49.508,1789166389.508885,-33
2026-09-11 19:39:49.516,1789166389.5165772,-29
2026-09-11 19:39:49.524,1789166389.5242696,-24
2026-09-11 19:39:49.531,1789166389.531962,-19
2026-09-11 19:39:49.539,1789166389.5396543,-16
2026-09-11 19:39:49.547,1789166389.5473466,-16
2026-09-11 19:39:49.555,1789166389.5550387,-16
2026-09-11 19:39:49.562,1789166389.562731,-9
2026-09-11 19:39:49.570,1789166389.5704234,-7
2026-09-11 19:39:49.578,1789166389.5781157,-12
2026-09-11 19:39:49.585,1789166389.585808,-12
2026-09-11 19:39:49.593,1789166389.5935004,-9
2026-09-11 19:39:49.601,1789166389.6011927,-7
2026-09-11 19:39:49.608,1789166389.608885,-9
2026-09-11 19:39:49.616,1789166389.6165774,-12
2026-09-11 19:39:49.624,1789166389.6242695,-12
2026-09-11 19:39:49.631,1789166389.6319618,-9
2026-09-11 19:39:49.639,1789166389.6396542,-9
2026-09-11 19:39:49.646,1789166389.6468153,-14
2026-09-11 19:39:49.654,1789166389.6545076,-16
2026-09-11 19:39:49.662,1789166389.6622,-7
2026-09-11 19:39:49.669,1789166389.6698923,-4
2026-09-11 19:39:49.677,1789166389.6775846,-9
2026-09-11 19:39:49.685,1789166389.6852767,-12
2026-09-11 19:39:49.692,1789166389.692969,-12
2026-09-11 19:39:49.700,1789166389.7006614,-16
2026-09-11 19:39:49.708,1789166389.7083538,-14
2026-09-11 19:39:49.716,1789166389.716046,-7
2026-09-11 19:39:49.723,1789166389.7237384,4
2026-09-11 19:39:49.731,1789166389.7314308,21
2026-09-11 19:39:49.739,1789166389.739123,43
2026-09-11 19:39:49.746,1789166389.7468152,60
2026-09-11 19:39:49.754,1789166389.7545075,58
2026-09-11 19:39:49.762,1789166389.7621999,36
2026-09-11 19:39:49.769,1789166389.7698922,14
2026-09-11 19:39:49.777,1789166389.7775846,7
2026-09-11 19:39:49.785,1789166389.785277,2
2026-09-11 19:39:49.792,1789166389.7929692,0
2026-09-11 19:39:49.800,1789166389.8006616,-2
2026-09-11 19:39:49.808,1789166389.8083537,-2
2026-09-11 19:39:49.816,1789166389.816046,2
2026-09-11 19:39:49.823,1789166389.8237383,9
2026-09-11 19:39:49.831,1789166389.8314307,9
2026-09-11 19:39:49.839,1789166389.839123,16
2026-09-11 19:39:49.846,1789166389.8468153,109
2026-09-11 19:39:49.854,1789166389.8545077,344
2026-09-11 19:39:49.862,1789166389.8622,659
2026-09-11 19:39:49.869,1789166389.8698921,926
2026-09-11 19:39:49.877,1789166389.8775845,746
2026-09-11 19:39:49.885,1789166389.8852768,-53
2026-09-11 19:39:49.892,1789166389.8929691,-531
2026-09-11 19:39:49.900,1789166389.9006615,-220
2026-09-11 19:39:49.908,1789166389.9083538,4
2026-09-11 19:39:49.916,1789166389.9160461,-104
2026-09-11 19:39:49.923,1789166389.9237385,-82
2026-09-11 19:39:49.931,1789166389.9314306,-4
2026-09-11 19:39:49.939,1789166389.939123,-36
2026-09-11 19:39:49.946,1789166389.9468153,-41
2026-09-11 19:39:49.954,1789166389.9545076,-4
2026-09-11 19:39:49.962,1789166389.9622,0
2026-09-11 19:39:49.969,1789166389.9698923,2
2026-09-11 19:39:49.977,1789166389.9775846,19
2026-09-11 19:39:49.985,1789166389.985277,24
2026-09-11 19:39:49.992,1789166389.992969,26
2026-09-11 19:39:50.000,1789166390.0006614,38
2026-09-11 19:39:50.008,1789166390.0083537,53
2026-09-11 19:39:50.016,1789166390.016046,65
2026-09-11 19:39:50.023,1789166390.0237384,77
2026-09-11 19:39:50.031,1789166390.0314307,94
2026-09-11 19:39:50.039,1789166390.039123,111
2026-09-11 19:39:50.046,1789166390.0468154,128
2026-09-11 19:39:50.054,1789166390.0545075,152
2026-09-11 19:39:50.062,1789166390.0621998,172
2026-09-11 19:39:50.069,1789166390.0698922,181
2026-09-11 19:39:50.077,1789166390.0775845,186
2026-09-11 19:39:50.085,1789166390.0852768,189
2026-09-11 19:39:50.092,1789166390.0929692,179
2026-09-11 19:39:50.100,1789166390.1006615,155
2026-09-11 19:39:50.108,1789166390.1083539,123
2026-09-11 19:39:50.116,1789166390.116046,82
2026-09-11 19:39:50.123,1789166390.1237383,36
2026-09-11 19:39:50.131,1789166390.1314306,-4
2026-09-11 19:39:50.139,1789166390.139123,-36
2026-09-11 19:39:50.146,1789166390.1468153,-60
2026-09-11 19:39:50.154,1789166390.1545076,-72
2026-09-11 19:39:50.162,1789166390.1622,-75
2026-09-11 19:39:50.169,1789166390.1698923,-77
2026-09-11 19:39:50.177,1789166390.1775846,-77
2026-09-11 19:39:50.185,1789166390.1852767,-75
2026-09-11 19:39:50.192,1789166390.192969,-70
2026-09-11 19:39:50.200,1789166390.2006614,-60
2026-09-11 19:39:50.207,1789166390.2077923,-53
2026-09-11 19:39:50.215,1789166390.2154846,-46
2026-09-11 19:39:50.223,1789166390.223177,-36
2026-09-11 19:39:50.230,1789166390.2308693,-29
2026-09-11 19:39:50.238,1789166390.2385616,-29
2026-09-11 19:39:50.246,1789166390.2462537,-29
2026-09-11 19:39:50.253,1789166390.253946,-24
2026-09-11 19:39:50.261,1789166390.2616384,-14
2026-09-11 19:39:50.269,1789166390.2693307,-7
2026-09-11 19:39:50.277,1789166390.277023,-9
2026-09-11 19:39:50.284,1789166390.2847154,-9
2026-09-11 19:39:50.292,1789166390.2924078,-9
2026-09-11 19:39:50.300,1789166390.3001,-4
2026-09-11 19:39:50.307,1789166390.3077922,-7
2026-09-11 19:39:50.315,1789166390.3154845,-9
2026-09-11 19:39:50.323,1789166390.3231769,-12
2026-09-11 19:39:50.330,1789166390.3308692,-9
2026-09-11 19:39:50.338,1789166390.3385615,-12
2026-09-11 19:39:50.346,1789166390.3462539,-9
2026-09-11 19:39:50.353,1789166390.3539462,-4
2026-09-11 19:39:50.361,1789166390.3616385,-4
2026-09-11 19:39:50.369,1789166390.3693306,-4
2026-09-11 19:39:50.377,1789166390.377023,-2
2026-09-11 19:39:50.384,1789166390.3847153,-2
2026-09-11 19:39:50.392,1789166390.3924077,-2
2026-09-11 19:39:50.400,1789166390.4001,0
2026-09-11 19:39:50.407,1789166390.4077923,2
2026-09-11 19:39:50.415,1789166390.4154847,0
2026-09-11 19:39:50.423,1789166390.423177,-4
2026-09-11 19:39:50.430,1789166390.430869,-14
2026-09-11 19:39:50.438,1789166390.4385614,-12
2026-09-11 19:39:50.446,1789166390.4462538,0
2026-09-11 19:39:50.453,1789166390.453946,9
2026-09-11 19:39:50.461,1789166390.4616385,21
2026-09-11 19:39:50.469,1789166390.4693308,43
2026-09-11 19:39:50.477,1789166390.4770231,58
2026-09-11 19:39:50.484,1789166390.4847155,55
2026-09-11 19:39:50.492,1789166390.4924076,43
2026-09-11 19:39:50.500,1789166390.5001,24
2026-09-11 19:39:50.507,1789166390.5077922,9
2026-09-11 19:39:50.515,1789166390.5154846,0
2026-09-11 19:39:50.523,1789166390.523177,0
2026-09-11 19:39:50.530,1789166390.5308692,0
2026-09-11 19:39:50.538,1789166390.5385616,0
2026-09-11 19:39:50.546,1789166390.546254,0
2026-09-11 19:39:50.553,1789166390.553946,4
2026-09-11 19:39:50.561,1789166390.5616384,9
2026-09-11 19:39:50.569,1789166390.5693307,16
2026-09-11 19:39:50.577,1789166390.577023,106
2026-09-11 19:39:50.584,1789166390.5847154,341
2026-09-11 19:39:50.592,1789166390.5924077,662
2026-09-11 19:39:50.600,1789166390.6001,928
2026-09-11 19:39:50.607,1789166390.6077924,759
2026-09-11 19:39:50.615,1789166390.6154845,-31
2026-09-11 19:39:50.623,1789166390.6231768,-526
2026-09-11 19:39:50.630,1789166390.6308692,-230
2026-09-11 19:39:50.638,1789166390.6385615,0
2026-09-11 19:39:50.646,1789166390.6462538,-106
2026-09-11 19:39:50.653,1789166390.6539462,-87
2026-09-11 19:39:50.661,1789166390.6616385,-7
2026-09-11 19:39:50.669,1789166390.6693308,-38
2026-09-11 19:39:50.677,1789166390.677023,-48
2026-09-11 19:39:50.684,1789166390.6847153,-7
2026-09-11 19:39:50.692,1789166390.6924076,2
2026-09-11 19:39:50.700,1789166390.7001,-2
2026-09-11 19:39:50.707,1789166390.7077923,9
2026-09-11 19:39:50.715,1789166390.7154846,21
2026-09-11 19:39:50.723,1789166390.723177,26
2026-09-11 19:39:50.730,1789166390.7308693,36
2026-09-11 19:39:50.738,1789166390.7385616,48
2026-09-11 19:39:50.746,1789166390.7462537,60
2026-09-11 19:39:50.753,1789166390.753946,72
2026-09-11 19:39:50.761,1789166390.7616384,92
2026-09-11 19:39:50.768,1789166390.7687943,111
2026-09-11 19:39:50.776,1789166390.7764866,128
2026-09-11 19:39:50.784,1789166390.784179,147
2026-09-11 19:39:50.791,1789166390.7918713,172
2026-09-11 19:39:50.799,1789166390.7995636,191
2026-09-11 19:39:50.807,1789166390.8072557,196
2026-09-11 19:39:50.814,1789166390.814948,189
2026-09-11 19:39:50.822,1789166390.8226404,177
2026-09-11 19:39:50.830,1789166390.8303328,162
2026-09-11 19:39:50.838,1789166390.838025,133
2026-09-11 19:39:50.845,1789166390.8457174,89
2026-09-11 19:39:50.853,1789166390.8534098,38
2026-09-11 19:39:50.861,1789166390.861102,-2
2026-09-11 19:39:50.868,1789166390.8687942,-31
2026-09-11 19:39:50.876,1789166390.8764865,-55
2026-09-11 19:39:50.884,1789166390.8841789,-72
2026-09-11 19:39:50.891,1789166390.8918712,-77
2026-09-11 19:39:50.899,1789166390.8995636,-72
2026-09-11 19:39:50.907,1789166390.907256,-72
2026-09-11 19:39:50.914,1789166390.9149482,-70
2026-09-11 19:39:50.922,1789166390.9226406,-65
2026-09-11 19:39:50.930,1789166390.9303327,-60
2026-09-11 19:39:50.938,1789166390.938025,-50
2026-09-11 19:39:50.945,1789166390.9457173,-38
2026-09-11 19:39:50.953,1789166390.9534097,-38
2026-09-11 19:39:50.961,1789166390.961102,-36
2026-09-11 19:39:50.968,1789166390.9687943,-21
2026-09-11 19:39:50.976,1789166390.9764867,-12
2026-09-11 19:39:50.984,1789166390.984179,-9
2026-09-11 19:39:50.991,1789166390.991871,-12
2026-09-11 19:39:50.999,1789166390.9995635,-9
2026-09-11 19:39:51.007,1789166391.0072558,-4
2026-09-11 19:39:51.014,1789166391.0149481,-4
2026-09-11 19:39:51.022,1789166391.0226405,-4
2026-09-11 19:39:51.030,1789166391.0303328,0
2026-09-11 19:39:51.038,1789166391.0380251,2
2026-09-11 19:39:51.045,1789166391.0457175,0
2026-09-11 19:39:51.053,1789166391.0534096,-4
2026-09-11 19:39:51.061,1789166391.061102,-2
2026-09-11 19:39:51.068,1789166391.0687943,-2
2026-09-11 19:39:51.076,1789166391.0764866,-2
2026-09-11 19:39:51.084,1789166391.084179,0
2026-09-11 19:39:51.091,1789166391.0918713,-2
2026-09-11 19:39:51.099,1789166391.0995636,-7
2026-09-11 19:39:51.107,1789166391.107256,-2
2026-09-11 19:39:51.114,1789166391.114948,0
2026-09-11 19:39:51.122,1789166391.1226404,-2
2026-09-11 19:39:51.130,1789166391.1303327,-2
2026-09-11 19:39:51.138,1789166391.138025,-2
2026-09-11 19:39:51.145,1789166391.1457174,0
2026-09-11 19:39:51.153,1789166391.1534097,2
2026-09-11 19:39:51.161,1789166391.161102,4
2026-09-11 19:39:51.168,1789166391.1687944,-2
2026-09-11 19:39:51.176,1789166391.1764865,-9
2026-09-11 19:39:51.184,1789166391.1841788,-7
2026-09-11 19:39:51.191,1789166391.1918712,4
2026-09-11 19:39:51.199,1789166391.1995635,12
2026-09-11 19:39:51.207,1789166391.2072558,26
2026-09-11 19:39:51.214,1789166391.2149482,48
2026-09-11 19:39:51.222,1789166391.2226405,60
2026-09-11 19:39:51.230,1789166391.2303329,55
2026-09-11 19:39:51.238,1789166391.238025,41
2026-09-11 19:39:51.245,1789166391.2457173,26
2026-09-11 19:39:51.253,1789166391.2534096,9
2026-09-11 19:39:51.261,1789166391.261102,2
2026-09-11 19:39:51.268,1789166391.2687943,4
2026-09-11 19:39:51.276,1789166391.2764866,9
2026-09-11 19:39:51.284,1789166391.284179,12
2026-09-11 19:39:51.291,1789166391.2918713,12
2026-09-11 19:39:51.299,1789166391.2995636,9
2026-09-11 19:39:51.307,1789166391.3072557,9
2026-09-11 19:39:51.314,1789166391.314948,21
2026-09-11 19:39:51.322,1789166391.3226404,116
2026-09-11 19:39:51.329,1789166391.3297763,351
2026-09-11 19:39:51.337,1789166391.3374686,669
2026-09-11 19:39:51.345,1789166391.345161,938
2026-09-11 19:39:51.352,1789166391.3528533,756
2026-09-11 19:39:51.360,1789166391.3605456,-46
2026-09-11 19:39:51.368,1789166391.3682377,-523
2026-09-11 19:39:51.375,1789166391.37593,-210
2026-09-11 19:39:51.383,1789166391.3836224,12
2026-09-11 19:39:51.391,1789166391.3913147,-101
2026-09-11 19:39:51.399,1789166391.399007,-80
2026-09-11 19:39:51.406,1789166391.4066994,2
2026-09-11 19:39:51.414,1789166391.4143918,-31
2026-09-11 19:39:51.422,1789166391.422084,-41
2026-09-11 19:39:51.429,1789166391.4297762,-4
2026-09-11 19:39:51.437,1789166391.4374685,2
2026-09-11 19:39:51.445,1789166391.4451609,2
2026-09-11 19:39:51.452,1789166391.4528532,16
2026-09-11 19:39:51.460,1789166391.4605455,24
2026-09-11 19:39:51.468,1789166391.4682379,29
2026-09-11 19:39:51.475,1789166391.4759302,46
2026-09-11 19:39:51.483,1789166391.4836226,63
2026-09-11 19:39:51.491,1789166391.4913146,72
2026-09-11 19:39:51.499,1789166391.499007,82
2026-09-11 19:39:51.506,1789166391.5066993,97
2026-09-11 19:39:51.514,1789166391.5143917,116
2026-09-11 19:39:51.522,1789166391.522084,138
2026-09-11 19:39:51.529,1789166391.5297763,160
2026-09-11 19:39:51.537,1789166391.5374687,181
2026-09-11 19:39:51.545,1789166391.545161,196
2026-09-11 19:39:51.552,1789166391.552853,201
2026-09-11 19:39:51.560,1789166391.5605454,201
2026-09-11 19:39:51.568,1789166391.5682378,191
2026-09-11 19:39:51.575,1789166391.57593,169
2026-09-11 19:39:51.583,1789166391.5836225,138
2026-09-11 19:39:51.591,1789166391.5913148,97
2026-09-11 19:39:51.599,1789166391.5990071,50
2026-09-11 19:39:51.606,1789166391.6066995,7
2026-09-11 19:39:51.614,1789166391.6143916,-26
2026-09-11 19:39:51.622,1789166391.622084,-46
2026-09-11 19:39:51.629,1789166391.6297762,-55
2026-09-11 19:39:51.637,1789166391.6374686,-65
2026-09-11 19:39:51.645,1789166391.645161,-70
2026-09-11 19:39:51.652,1789166391.6528533,-67
2026-09-11 19:39:51.660,1789166391.6605456,-63
2026-09-11 19:39:51.668,1789166391.668238,-55
2026-09-11 19:39:51.675,1789166391.67593,-53
2026-09-11 19:39:51.683,1789166391.6836224,-50
2026-09-11 19:39:51.691,1789166391.6913147,-41
2026-09-11 19:39:51.699,1789166391.699007,-31
2026-09-11 19:39:51.706,1789166391.7066994,-24
2026-09-11 19:39:51.714,1789166391.7143917,-19
2026-09-11 19:39:51.722,1789166391.722084,-16
2026-09-11 19:39:51.729,1789166391.7297764,-12
2026-09-11 19:39:51.737,1789166391.7374685,-7
2026-09-11 19:39:51.745,1789166391.7451608,-4
2026-09-11 19:39:51.752,1789166391.7528532,-4
2026-09-11 19:39:51.760,1789166391.7605455,-2
2026-09-11 19:39:51.768,1789166391.7682378,2
2026-09-11 19:39:51.775,1789166391.7759302,0
2026-09-11 19:39:51.783,1789166391.7836225,-2
2026-09-11 19:39:51.791,1789166391.7913148,2
2026-09-11 19:39:51.799,1789166391.799007,4
2026-09-11 19:39:51.806,1789166391.8066993,2
2026-09-11 19:39:51.814,1789166391.8143916,-4
2026-09-11 19:39:51.822,1789166391.822084,-4
2026-09-11 19:39:51.829,1789166391.8297763,0
2026-09-11 19:39:51.837,1789166391.8374686,0
2026-09-11 19:39:51.845,1789166391.845161,-2
2026-09-11 19:39:51.852,1789166391.8528533,0
2026-09-11 19:39:51.860,1789166391.8605456,0
2026-09-11 19:39:51.868,1789166391.8682377,0
2026-09-11 19:39:51.875,1789166391.87593,2
2026-09-11 19:39:51.883,1789166391.8836224,0
2026-09-11 19:39:51.890,1789166391.890753,-2
2026-09-11 19:39:51.898,1789166391.8984454,-7
2026-09-11 19:39:51.906,1789166391.9061377,-9
2026-09-11 19:39:51.913,1789166391.91383,-2
2026-09-11 19:39:51.921,1789166391.9215224,2
2026-09-11 19:39:51.929,1789166391.9292145,4
2026-09-11 19:39:51.936,1789166391.9369068,24
2026-09-11 19:39:51.944,1789166391.9445992,53
2026-09-11 19:39:51.952,1789166391.9522915,63
2026-09-11 19:39:51.959,1789166391.9599838,55
2026-09-11 19:39:51.967,1789166391.9676762,38
2026-09-11 19:39:51.975,1789166391.9753685,21
2026-09-11 19:39:51.983,1789166391.9830608,12
2026-09-11 19:39:51.990,1789166391.990753,4
2026-09-11 19:39:51.998,1789166391.9984453,0
2026-09-11 19:39:52.006,1789166392.0061376,2
2026-09-11 19:39:52.013,1789166392.01383,7
2026-09-11 19:39:52.021,1789166392.0215223,12
2026-09-11 19:39:52.029,1789166392.0292146,14
2026-09-11 19:39:52.036,1789166392.036907,12
2026-09-11 19:39:52.044,1789166392.0445993,24
2026-09-11 19:39:52.052,1789166392.0522914,130
2026-09-11 19:39:52.059,1789166392.0599837,375
2026-09-11 19:39:52.067,1789166392.067676,693
2026-09-11 19:39:52.075,1789166392.0753684,945
2026-09-11 19:39:52.083,1789166392.0830607,703
2026-09-11 19:39:52.090,1789166392.090753,-121
2026-09-11 19:39:52.098,1789166392.0984454,-518
2026-09-11 19:39:52.106,1789166392.1061378,-167
2026-09-11 19:39:52.113,1789166392.1138299,9
2026-09-11 19:39:52.121,1789166392.1215222,-109
2026-09-11 19:39:52.129,1789166392.1292145,-70
2026-09-11 19:39:52.136,1789166392.1369069,0
2026-09-11 19:39:52.144,1789166392.1445992,-33
2026-09-11 19:39:52.152,1789166392.1522915,-31
2026-09-11 19:39:52.159,1789166392.1599839,0
2026-09-11 19:39:52.167,1789166392.1676762,-4
2026-09-11 19:39:52.175,1789166392.1753683,0
2026-09-11 19:39:52.183,1789166392.1830606,19
2026-09-11 19:39:52.190,1789166392.190753,29
2026-09-11 19:39:52.198,1789166392.1984453,36
2026-09-11 19:39:52.206,1789166392.2061377,43
2026-09-11 19:39:52.213,1789166392.21383,53
2026-09-11 19:39:52.221,1789166392.2215223,65
2026-09-11 19:39:52.229,1789166392.2292147,77
2026-09-11 19:39:52.236,1789166392.2369068,97
2026-09-11 19:39:52.244,1789166392.244599,116
2026-09-11 19:39:52.252,1789166392.2522914,135
2026-09-11 19:39:52.259,1789166392.2599838,157
2026-09-11 19:39:52.267,1789166392.267676,179
2026-09-11 19:39:52.275,1789166392.2753685,196
2026-09-11 19:39:52.283,1789166392.2830608,203
2026-09-11 19:39:52.290,1789166392.2907531,201
2026-09-11 19:39:52.298,1789166392.2984452,189
2026-09-11 19:39:52.306,1789166392.3061376,162
2026-09-11 19:39:52.313,1789166392.31383,130
2026-09-11 19:39:52.321,1789166392.3215222,89
2026-09-11 19:39:52.329,1789166392.3292146,41
2026-09-11 19:39:52.336,1789166392.336907,-2
2026-09-11 19:39:52.344,1789166392.3445992,-29
2026-09-11 19:39:52.352,1789166392.3522916,-48
2026-09-11 19:39:52.359,1789166392.3599837,-63
2026-09-11 19:39:52.367,1789166392.367676,-70
2026-09-11 19:39:52.375,1789166392.3753684,-70
2026-09-11 19:39:52.383,1789166392.3830607,-67
2026-09-11 19:39:52.390,1789166392.390753,-67
2026-09-11 19:39:52.398,1789166392.3984454,-63
2026-09-11 19:39:52.406,1789166392.4061377,-58
2026-09-11 19:39:52.413,1789166392.41383,-50
2026-09-11 19:39:52.421,1789166392.4215224,-41
2026-09-11 19:39:52.429,1789166392.4292145,-33
2026-09-11 19:39:52.436,1789166392.4369068,-29
2026-09-11 19:39:52.444,1789166392.4445992,-24
2026-09-11 19:39:52.451,1789166392.4517603,-16
2026-09-11 19:39:52.459,1789166392.4594526,-9
2026-09-11 19:39:52.467,1789166392.467145,-7
2026-09-11 19:39:52.474,1789166392.4748373,-7
2026-09-11 19:39:52.482,1789166392.4825296,-7
2026-09-11 19:39:52.490,1789166392.4902217,-4
2026-09-11 19:39:52.497,1789166392.497914,0
2026-09-11 19:39:52.505,1789166392.5056064,2
2026-09-11 19:39:52.513,1789166392.5132987,0
2026-09-11 19:39:52.520,1789166392.520991,0
2026-09-11 19:39:52.528,1789166392.5286834,2
2026-09-11 19:39:52.536,1789166392.5363758,0
2026-09-11 19:39:52.544,1789166392.544068,-2
2026-09-11 19:39:52.551,1789166392.5517602,0
2026-09-11 19:39:52.559,1789166392.5594525,2
2026-09-11 19:39:52.567,1789166392.5671449,0
2026-09-11 19:39:52.574,1789166392.5748372,-2
2026-09-11 19:39:52.582,1789166392.5825295,-2
2026-09-11 19:39:52.590,1789166392.590222,-2
2026-09-11 19:39:52.597,1789166392.5979142,-2
2026-09-11 19:39:52.605,1789166392.6056066,-2
2026-09-11 19:39:52.613,1789166392.6132987,0
2026-09-11 19:39:52.620,1789166392.620991,0
2026-09-11 19:39:52.628,1789166392.6286833,-7
2026-09-11 19:39:52.636,1789166392.6363757,-9
2026-09-11 19:39:52.644,1789166392.644068,-2
2026-09-11 19:39:52.651,1789166392.6517603,4
2026-09-11 19:39:52.659,1789166392.6594527,19
2026-09-11 19:39:52.667,1789166392.667145,41
2026-09-11 19:39:52.674,1789166392.674837,60
2026-09-11 19:39:52.682,1789166392.6825294,60
2026-09-11 19:39:52.690,1789166392.6902218,48
2026-09-11 19:39:52.697,1789166392.6979141,31
2026-09-11 19:39:52.705,1789166392.7056065,12
2026-09-11 19:39:52.713,1789166392.7132988,2
2026-09-11 19:39:52.720,1789166392.7209911,2
2026-09-11 19:39:52.728,1789166392.7286835,4
2026-09-11 19:39:52.736,1789166392.7363756,4
2026-09-11 19:39:52.744,1789166392.744068,9
2026-09-11 19:39:52.751,1789166392.7517602,9
2026-09-11 19:39:52.759,1789166392.7594526,4
2026-09-11 19:39:52.767,1789166392.767145,9
2026-09-11 19:39:52.774,1789166392.7748373,67
2026-09-11 19:39:52.782,1789166392.7825296,247
2026-09-11 19:39:52.790,1789166392.790222,543
2026-09-11 19:39:52.797,1789166392.797914,863
2026-09-11 19:39:52.805,1789166392.8056064,916
2026-09-11 19:39:52.813,1789166392.8132987,295
2026-09-11 19:39:52.820,1789166392.820991,-443
2026-09-11 19:39:52.828,1789166392.8286834,-378
2026-09-11 19:39:52.836,1789166392.8363757,-14
2026-09-11 19:39:52.844,1789166392.844068,-50
2026-09-11 19:39:52.851,1789166392.8517604,-116
2026-09-11 19:39:52.859,1789166392.8594525,-29
2026-09-11 19:39:52.867,1789166392.8671448,-21
2026-09-11 19:39:52.874,1789166392.8748372,-48
2026-09-11 19:39:52.882,1789166392.8825295,-14
2026-09-11 19:39:52.890,1789166392.8902218,-2
2026-09-11 19:39:52.897,1789166392.8979142,-9
2026-09-11 19:39:52.905,1789166392.9056065,2
2026-09-11 19:39:52.913,1789166392.9132988,19
2026-09-11 19:39:52.920,1789166392.920991,24
2026-09-11 19:39:52.928,1789166392.9286833,31
2026-09-11 19:39:52.936,1789166392.9363756,43
2026-09-11 19:39:52.944,1789166392.944068,55
2026-09-11 19:39:52.951,1789166392.9517603,65
2026-09-11 19:39:52.959,1789166392.9594526,77
2026-09-11 19:39:52.967,1789166392.967145,94
2026-09-11 19:39:52.974,1789166392.9748373,118
2026-09-11 19:39:52.982,1789166392.9825296,140
2026-09-11 19:39:52.990,1789166392.9902217,157
2026-09-11 19:39:52.997,1789166392.997914,179
2026-09-11 19:39:53.005,1789166393.0056064,196
