timestamp_local,timestamp_epoch_s,ecg_uV
2026-09-13 19:33:05.274,1789338785.2746766,266
2026-09-13 19:33:05.282,1789338785.282369,254
2026-09-13 19:33:05.290,1789338785.2900612,223
2026-09-13 19:33:05.297,1789338785.2977536,167
2026-09-13 19:33:05.305,1789338785.305446,99
2026-09-13 19:33:05.313,1789338785.313138,36
2026-09-13 19:33:05.320,1789338785.3208303,-21
2026-09-13 19:33:05.328,1789338785.3285227,-65
2026-09-13 19:33:05.336,1789338785.336215,-87
2026-09-13 19:33:05.343,1789338785.3439074,-104
2026-09-13 19:33:05.351,1789338785.3515997,-116
2026-09-13 19:33:05.359,1789338785.359292,-116
2026-09-13 19:33:05.366,1789338785.3669844,-109
2026-09-13 19:33:05.374,1789338785.3746765,-104
2026-09-13 19:33:05.382,1789338785.3823688,-104
2026-09-13 19:33:05.390,1789338785.3900611,-104
2026-09-13 19:33:05.397,1789338785.3977535,-97
2026-09-13 19:33:05.405,1789338785.4054458,-87
2026-09-13 19:33:05.413,1789338785.4131382,-80
2026-09-13 19:33:05.420,1789338785.4208305,-72
2026-09-13 19:33:05.428,1789338785.4285228,-70
2026-09-13 19:33:05.436,1789338785.436215,-67
2026-09-13 19:33:05.443,1789338785.4439073,-55
2026-09-13 19:33:05.451,1789338785.4515996,-48
2026-09-13 19:33:05.459,1789338785.459292,-50
2026-09-13 19:33:05.466,1789338785.4669843,-48
2026-09-13 19:33:05.474,1789338785.4746766,-41
2026-09-13 19:33:05.482,1789338785.482369,-38
2026-09-13 19:33:05.490,1789338785.4900613,-36
2026-09-13 19:33:05.497,1789338785.4977534,-36
2026-09-13 19:33:05.505,1789338785.5054457,-36
2026-09-13 19:33:05.513,1789338785.513138,-33
2026-09-13 19:33:05.520,1789338785.5208304,-29
2026-09-13 19:33:05.528,1789338785.5285227,-31
2026-09-13 19:33:05.536,1789338785.536215,-33
2026-09-13 19:33:05.543,1789338785.5439074,-31
2026-09-13 19:33:05.551,1789338785.5515997,-29
2026-09-13 19:33:05.559,1789338785.5592918,-21
2026-09-13 19:33:05.566,1789338785.5669842,-19
2026-09-13 19:33:05.574,1789338785.5746765,-26
2026-09-13 19:33:05.582,1789338785.5823689,-21
2026-09-13 19:33:05.590,1789338785.5900612,-14
2026-09-13 19:33:05.597,1789338785.5977535,-16
2026-09-13 19:33:05.605,1789338785.6054459,-16
2026-09-13 19:33:05.613,1789338785.6131382,-14
2026-09-13 19:33:05.620,1789338785.6208303,-12
2026-09-13 19:33:05.628,1789338785.6285226,-7
2026-09-13 19:33:05.636,1789338785.636215,-9
2026-09-13 19:33:05.643,1789338785.6439073,-9
2026-09-13 19:33:05.651,1789338785.6515996,-4
2026-09-13 19:33:05.659,1789338785.659292,-2
2026-09-13 19:33:05.666,1789338785.6669843,-4
2026-09-13 19:33:05.674,1789338785.6746767,-2
2026-09-13 19:33:05.682,1789338785.6823688,-2
2026-09-13 19:33:05.690,1789338785.690061,-4
2026-09-13 19:33:05.697,1789338785.6977534,-2
2026-09-13 19:33:05.705,1789338785.7054458,2
2026-09-13 19:33:05.713,1789338785.713138,0
2026-09-13 19:33:05.720,1789338785.7208304,0
2026-09-13 19:33:05.728,1789338785.7285228,2
2026-09-13 19:33:05.736,1789338785.736215,7
2026-09-13 19:33:05.743,1789338785.7439072,7
2026-09-13 19:33:05.751,1789338785.7515996,7
2026-09-13 19:33:05.759,1789338785.759292,9
2026-09-13 19:33:05.766,1789338785.7669842,4
2026-09-13 19:33:05.774,1789338785.7746766,2
2026-09-13 19:33:05.782,1789338785.782369,12
2026-09-13 19:33:05.790,1789338785.7900612,14
2026-09-13 19:33:05.797,1789338785.7977536,9
2026-09-13 19:33:05.805,1789338785.805446,12
2026-09-13 19:33:05.813,1789338785.813138,14
2026-09-13 19:33:05.820,1789338785.8208303,12
2026-09-13 19:33:05.828,1789338785.8285227,12
2026-09-13 19:33:05.835,1789338785.8356533,16
2026-09-13 19:33:05.843,1789338785.8433456,19
2026-09-13 19:33:05.851,1789338785.851038,19
2026-09-13 19:33:05.858,1789338785.8587303,19
2026-09-13 19:33:05.866,1789338785.8664227,21
2026-09-13 19:33:05.874,1789338785.8741148,19
2026-09-13 19:33:05.881,1789338785.881807,19
2026-09-13 19:33:05.889,1789338785.8894994,19
2026-09-13 19:33:05.897,1789338785.8971918,21
2026-09-13 19:33:05.904,1789338785.904884,19
2026-09-13 19:33:05.912,1789338785.9125764,21
2026-09-13 19:33:05.920,1789338785.9202688,21
2026-09-13 19:33:05.927,1789338785.927961,21
2026-09-13 19:33:05.935,1789338785.9356532,24
2026-09-13 19:33:05.943,1789338785.9433455,24
2026-09-13 19:33:05.951,1789338785.951038,19
2026-09-13 19:33:05.958,1789338785.9587302,21
2026-09-13 19:33:05.966,1789338785.9664226,24
2026-09-13 19:33:05.974,1789338785.974115,24
2026-09-13 19:33:05.981,1789338785.9818072,24
2026-09-13 19:33:05.989,1789338785.9894996,24
2026-09-13 19:33:05.997,1789338785.9971917,19
2026-09-13 19:33:06.004,1789338786.004884,19
2026-09-13 19:33:06.012,1789338786.0125763,21
2026-09-13 19:33:06.020,1789338786.0202687,24
2026-09-13 19:33:06.027,1789338786.027961,24
2026-09-13 19:33:06.035,1789338786.0356534,21
2026-09-13 19:33:06.043,1789338786.0433457,24
2026-09-13 19:33:06.051,1789338786.051038,36
2026-09-13 19:33:06.058,1789338786.0587301,48
2026-09-13 19:33:06.066,1789338786.0664225,53
2026-09-13 19:33:06.074,1789338786.0741148,48
2026-09-13 19:33:06.081,1789338786.0818071,36
2026-09-13 19:33:06.089,1789338786.0894995,31
2026-09-13 19:33:06.097,1789338786.0971918,31
2026-09-13 19:33:06.104,1789338786.1048841,24
2026-09-13 19:33:06.112,1789338786.1125765,16
2026-09-13 19:33:06.120,1789338786.1202686,16
2026-09-13 19:33:06.127,1789338786.127961,19
2026-09-13 19:33:06.135,1789338786.1356533,21
2026-09-13 19:33:06.143,1789338786.1433456,26
2026-09-13 19:33:06.151,1789338786.151038,31
2026-09-13 19:33:06.158,1789338786.1587303,31
2026-09-13 19:33:06.166,1789338786.1664226,24
2026-09-13 19:33:06.174,1789338786.174115,19
2026-09-13 19:33:06.181,1789338786.181807,67
2026-09-13 19:33:06.189,1789338786.1894994,252
2026-09-13 19:33:06.197,1789338786.1971917,584
2026-09-13 19:33:06.204,1789338786.204884,989
2026-09-13 19:33:06.212,1789338786.2125764,1122
2026-09-13 19:33:06.220,1789338786.2202687,562
2026-09-13 19:33:06.227,1789338786.227961,-186
2026-09-13 19:33:06.235,1789338786.2356534,-261
2026-09-13 19:33:06.243,1789338786.2433455,-16
2026-09-13 19:33:06.251,1789338786.2510378,-60
2026-09-13 19:33:06.258,1789338786.2587302,-128
2026-09-13 19:33:06.266,1789338786.2664225,-55
2026-09-13 19:33:06.274,1789338786.2741148,-50
2026-09-13 19:33:06.281,1789338786.2818072,-80
2026-09-13 19:33:06.289,1789338786.2894995,-53
2026-09-13 19:33:06.297,1789338786.2971919,-36
2026-09-13 19:33:06.304,1789338786.304884,-41
2026-09-13 19:33:06.312,1789338786.3125763,-29
2026-09-13 19:33:06.320,1789338786.3202686,-19
2026-09-13 19:33:06.327,1789338786.327961,-19
2026-09-13 19:33:06.335,1789338786.3356533,-14
2026-09-13 19:33:06.343,1789338786.3433456,-4
2026-09-13 19:33:06.351,1789338786.351038,0
2026-09-13 19:33:06.358,1789338786.3587303,9
2026-09-13 19:33:06.366,1789338786.3664227,21
2026-09-13 19:33:06.374,1789338786.3741148,31
2026-09-13 19:33:06.381,1789338786.381807,36
2026-09-13 19:33:06.389,1789338786.3894994,48
2026-09-13 19:33:06.396,1789338786.3966606,67
2026-09-13 19:33:06.404,1789338786.404353,82
2026-09-13 19:33:06.412,1789338786.4120452,101
2026-09-13 19:33:06.419,1789338786.4197376,128
2026-09-13 19:33:06.427,1789338786.42743,155
2026-09-13 19:33:06.435,1789338786.435122,174
2026-09-13 19:33:06.442,1789338786.4428144,194
2026-09-13 19:33:06.450,1789338786.4505067,208
2026-09-13 19:33:06.458,1789338786.458199,215
2026-09-13 19:33:06.465,1789338786.4658914,208
2026-09-13 19:33:06.473,1789338786.4735837,186
2026-09-13 19:33:06.481,1789338786.481276,152
2026-09-13 19:33:06.488,1789338786.4889684,101
2026-09-13 19:33:06.496,1789338786.4966605,41
2026-09-13 19:33:06.504,1789338786.5043528,-7
2026-09-13 19:33:06.512,1789338786.5120451,-38
2026-09-13 19:33:06.519,1789338786.5197375,-65
2026-09-13 19:33:06.527,1789338786.5274298,-82
2026-09-13 19:33:06.535,1789338786.5351222,-94
2026-09-13 19:33:06.542,1789338786.5428145,-104
2026-09-13 19:33:06.550,1789338786.5505068,-106
2026-09-13 19:33:06.558,1789338786.558199,-94
2026-09-13 19:33:06.565,1789338786.5658913,-80
2026-09-13 19:33:06.573,1789338786.5735836,-80
2026-09-13 19:33:06.581,1789338786.581276,-77
2026-09-13 19:33:06.588,1789338786.5889683,-67
2026-09-13 19:33:06.596,1789338786.5966606,-65
2026-09-13 19:33:06.604,1789338786.604353,-60
2026-09-13 19:33:06.612,1789338786.6120453,-50
2026-09-13 19:33:06.619,1789338786.6197374,-48
2026-09-13 19:33:06.627,1789338786.6274297,-41
2026-09-13 19:33:06.635,1789338786.635122,-36
2026-09-13 19:33:06.642,1789338786.6428144,-38
2026-09-13 19:33:06.650,1789338786.6505067,-36
2026-09-13 19:33:06.658,1789338786.658199,-33
2026-09-13 19:33:06.665,1789338786.6658914,-38
2026-09-13 19:33:06.673,1789338786.6735837,-33
2026-09-13 19:33:06.681,1789338786.6812758,-29
2026-09-13 19:33:06.688,1789338786.6889682,-29
2026-09-13 19:33:06.696,1789338786.6966605,-29
2026-09-13 19:33:06.704,1789338786.7043529,-29
2026-09-13 19:33:06.712,1789338786.7120452,-29
2026-09-13 19:33:06.719,1789338786.7197375,-24
2026-09-13 19:33:06.727,1789338786.7274299,-24
2026-09-13 19:33:06.735,1789338786.7351222,-26
2026-09-13 19:33:06.742,1789338786.7428143,-21
2026-09-13 19:33:06.750,1789338786.7505066,-14
2026-09-13 19:33:06.758,1789338786.758199,-12
2026-09-13 19:33:06.765,1789338786.7658913,-14
2026-09-13 19:33:06.773,1789338786.7735837,-16
2026-09-13 19:33:06.781,1789338786.781276,-14
2026-09-13 19:33:06.788,1789338786.7889683,-9
2026-09-13 19:33:06.796,1789338786.7966607,-7
2026-09-13 19:33:06.804,1789338786.8043528,-9
2026-09-13 19:33:06.812,1789338786.812045,-4
2026-09-13 19:33:06.819,1789338786.8197374,-4
2026-09-13 19:33:06.827,1789338786.8274298,-7
2026-09-13 19:33:06.835,1789338786.835122,-12
2026-09-13 19:33:06.842,1789338786.8428144,-7
2026-09-13 19:33:06.850,1789338786.8505068,0
2026-09-13 19:33:06.858,1789338786.8581991,4
2026-09-13 19:33:06.865,1789338786.8658912,2
2026-09-13 19:33:06.873,1789338786.8735836,-2
2026-09-13 19:33:06.881,1789338786.881276,-2
2026-09-13 19:33:06.888,1789338786.8889682,0
2026-09-13 19:33:06.896,1789338786.8966606,4
2026-09-13 19:33:06.904,1789338786.904353,4
2026-09-13 19:33:06.912,1789338786.9120452,2
2026-09-13 19:33:06.919,1789338786.9197376,4
2026-09-13 19:33:06.927,1789338786.92743,4
2026-09-13 19:33:06.935,1789338786.935122,7
2026-09-13 19:33:06.942,1789338786.9428144,9
2026-09-13 19:33:06.950,1789338786.9505067,2
2026-09-13 19:33:06.957,1789338786.9576375,2
2026-09-13 19:33:06.965,1789338786.96533,14
2026-09-13 19:33:06.973,1789338786.9730222,19
2026-09-13 19:33:06.980,1789338786.9807146,14
2026-09-13 19:33:06.988,1789338786.988407,12
2026-09-13 19:33:06.996,1789338786.996099,14
2026-09-13 19:33:07.003,1789338787.0037913,9
2026-09-13 19:33:07.011,1789338787.0114837,9
2026-09-13 19:33:07.019,1789338787.019176,21
2026-09-13 19:33:07.026,1789338787.0268683,24
2026-09-13 19:33:07.034,1789338787.0345607,14
2026-09-13 19:33:07.042,1789338787.042253,14
2026-09-13 19:33:07.049,1789338787.0499454,24
2026-09-13 19:33:07.057,1789338787.0576375,26
2026-09-13 19:33:07.065,1789338787.0653298,16
2026-09-13 19:33:07.073,1789338787.0730221,19
2026-09-13 19:33:07.080,1789338787.0807145,33
2026-09-13 19:33:07.088,1789338787.0884068,36
2026-09-13 19:33:07.096,1789338787.0960991,19
2026-09-13 19:33:07.103,1789338787.1037915,16
2026-09-13 19:33:07.111,1789338787.1114838,26
2026-09-13 19:33:07.119,1789338787.119176,24
2026-09-13 19:33:07.126,1789338787.1268682,26
2026-09-13 19:33:07.134,1789338787.1345606,50
2026-09-13 19:33:07.142,1789338787.142253,72
2026-09-13 19:33:07.149,1789338787.1499453,80
2026-09-13 19:33:07.157,1789338787.1576376,80
2026-09-13 19:33:07.165,1789338787.16533,65
2026-09-13 19:33:07.173,1789338787.1730223,60
2026-09-13 19:33:07.180,1789338787.1807144,58
2026-09-13 19:33:07.188,1789338787.1884067,33
2026-09-13 19:33:07.196,1789338787.196099,9
2026-09-13 19:33:07.203,1789338787.2037914,16
2026-09-13 19:33:07.211,1789338787.2114837,24
2026-09-13 19:33:07.219,1789338787.219176,16
2026-09-13 19:33:07.226,1789338787.2268684,16
2026-09-13 19:33:07.234,1789338787.2345607,24
2026-09-13 19:33:07.242,1789338787.2422528,26
2026-09-13 19:33:07.249,1789338787.2499452,16
2026-09-13 19:33:07.257,1789338787.2576375,12
2026-09-13 19:33:07.265,1789338787.2653298,72
2026-09-13 19:33:07.273,1789338787.2730222,259
2026-09-13 19:33:07.280,1789338787.2807145,569
2026-09-13 19:33:07.288,1789338787.2884068,957
2026-09-13 19:33:07.296,1789338787.2960992,1084
2026-09-13 19:33:07.303,1789338787.3037913,499
2026-09-13 19:33:07.311,1789338787.3114836,-232
2026-09-13 19:33:07.319,1789338787.319176,-254
2026-09-13 19:33:07.326,1789338787.3268683,-4
2026-09-13 19:33:07.334,1789338787.3345606,-58
2026-09-13 19:33:07.342,1789338787.342253,-121
2026-09-13 19:33:07.349,1789338787.3499453,-53
2026-09-13 19:33:07.357,1789338787.3576376,-46
2026-09-13 19:33:07.365,1789338787.3653297,-72
2026-09-13 19:33:07.373,1789338787.373022,-50
2026-09-13 19:33:07.380,1789338787.3807144,-29
2026-09-13 19:33:07.388,1789338787.3884068,-24
2026-09-13 19:33:07.396,1789338787.396099,-16
2026-09-13 19:33:07.403,1789338787.4037914,-12
2026-09-13 19:33:07.411,1789338787.4114838,-9
2026-09-13 19:33:07.419,1789338787.419176,4
2026-09-13 19:33:07.426,1789338787.4268682,14
2026-09-13 19:33:07.434,1789338787.4345605,21
2026-09-13 19:33:07.442,1789338787.4422529,36
2026-09-13 19:33:07.449,1789338787.4499452,46
2026-09-13 19:33:07.457,1789338787.4576375,50
2026-09-13 19:33:07.465,1789338787.46533,65
2026-09-13 19:33:07.473,1789338787.4730222,82
2026-09-13 19:33:07.480,1789338787.4807146,97
2026-09-13 19:33:07.488,1789338787.488407,123
2026-09-13 19:33:07.496,1789338787.496099,157
2026-09-13 19:33:07.503,1789338787.5037913,179
2026-09-13 19:33:07.511,1789338787.5114837,201
2026-09-13 19:33:07.518,1789338787.518614,230
2026-09-13 19:33:07.526,1789338787.5263064,257
2026-09-13 19:33:07.533,1789338787.5339987,264
2026-09-13 19:33:07.541,1789338787.541691,261
2026-09-13 19:33:07.549,1789338787.5493834,254
2026-09-13 19:33:07.557,1789338787.5570755,223
2026-09-13 19:33:07.564,1789338787.5647678,172
2026-09-13 19:33:07.572,1789338787.5724602,123
2026-09-13 19:33:07.580,1789338787.5801525,70
2026-09-13 19:33:07.587,1789338787.5878448,19
2026-09-13 19:33:07.595,1789338787.5955372,-14
2026-09-13 19:33:07.603,1789338787.6032295,-41
2026-09-13 19:33:07.610,1789338787.6109219,-63
2026-09-13 19:33:07.618,1789338787.618614,-65
2026-09-13 19:33:07.626,1789338787.6263063,-67
2026-09-13 19:33:07.633,1789338787.6339986,-72
2026-09-13 19:33:07.641,1789338787.641691,-65
2026-09-13 19:33:07.649,1789338787.6493833,-53
2026-09-13 19:33:07.657,1789338787.6570756,-50
2026-09-13 19:33:07.664,1789338787.664768,-43
2026-09-13 19:33:07.672,1789338787.6724603,-31
2026-09-13 19:33:07.680,1789338787.6801524,-26
2026-09-13 19:33:07.687,1789338787.6878448,-26
2026-09-13 19:33:07.695,1789338787.695537,-21
2026-09-13 19:33:07.703,1789338787.7032294,-16
2026-09-13 19:33:07.710,1789338787.7109218,-9
2026-09-13 19:33:07.718,1789338787.718614,-4
2026-09-13 19:33:07.726,1789338787.7263064,-4
2026-09-13 19:33:07.733,1789338787.7339988,-2
2026-09-13 19:33:07.741,1789338787.7416909,0
2026-09-13 19:33:07.749,1789338787.7493832,2
2026-09-13 19:33:07.757,1789338787.7570755,2
2026-09-13 19:33:07.764,1789338787.764768,4
2026-09-13 19:33:07.772,1789338787.7724602,4
2026-09-13 19:33:07.780,1789338787.7801526,4
2026-09-13 19:33:07.787,1789338787.787845,4
2026-09-13 19:33:07.795,1789338787.7955372,7
2026-09-13 19:33:07.803,1789338787.8032293,7
2026-09-13 19:33:07.810,1789338787.8109217,7
2026-09-13 19:33:07.818,1789338787.818614,9
2026-09-13 19:33:07.826,1789338787.8263063,9
2026-09-13 19:33:07.833,1789338787.8339987,9
2026-09-13 19:33:07.841,1789338787.841691,12
2026-09-13 19:33:07.849,1789338787.8493834,12
2026-09-13 19:33:07.857,1789338787.8570757,14
2026-09-13 19:33:07.864,1789338787.8647678,19
2026-09-13 19:33:07.872,1789338787.8724601,21
2026-09-13 19:33:07.880,1789338787.8801525,14
2026-09-13 19:33:07.887,1789338787.8878448,14
2026-09-13 19:33:07.895,1789338787.8955371,24
2026-09-13 19:33:07.903,1789338787.9032295,31
2026-09-13 19:33:07.910,1789338787.9109218,29
2026-09-13 19:33:07.918,1789338787.9186141,24
2026-09-13 19:33:07.926,1789338787.9263062,24
2026-09-13 19:33:07.933,1789338787.9339986,29
2026-09-13 19:33:07.941,1789338787.941691,29
2026-09-13 19:33:07.949,1789338787.9493833,29
2026-09-13 19:33:07.957,1789338787.9570756,31
2026-09-13 19:33:07.964,1789338787.964768,31
2026-09-13 19:33:07.972,1789338787.9724603,31
2026-09-13 19:33:07.980,1789338787.9801526,29
2026-09-13 19:33:07.987,1789338787.9878447,29
2026-09-13 19:33:07.995,1789338787.995537,33
2026-09-13 19:33:08.003,1789338788.0032294,41
2026-09-13 19:33:08.010,1789338788.0109217,41
2026-09-13 19:33:08.018,1789338788.018614,41
2026-09-13 19:33:08.026,1789338788.0263064,41
2026-09-13 19:33:08.033,1789338788.0339987,36
2026-09-13 19:33:08.041,1789338788.041691,36
2026-09-13 19:33:08.049,1789338788.0493834,36
2026-09-13 19:33:08.057,1789338788.0570755,33
2026-09-13 19:33:08.064,1789338788.0647678,36
2026-09-13 19:33:08.072,1789338788.0724602,33
2026-09-13 19:33:08.079,1789338788.0796216,31
2026-09-13 19:33:08.087,1789338788.087314,33
2026-09-13 19:33:08.095,1789338788.0950062,41
2026-09-13 19:33:08.102,1789338788.1026986,38
2026-09-13 19:33:08.110,1789338788.110391,31
2026-09-13 19:33:08.118,1789338788.118083,36
2026-09-13 19:33:08.125,1789338788.1257753,41
2026-09-13 19:33:08.133,1789338788.1334677,38
2026-09-13 19:33:08.141,1789338788.14116,36
2026-09-13 19:33:08.148,1789338788.1488523,29
2026-09-13 19:33:08.156,1789338788.1565447,21
2026-09-13 19:33:08.164,1789338788.164237,29
2026-09-13 19:33:08.171,1789338788.1719294,46
2026-09-13 19:33:08.179,1789338788.1796215,67
2026-09-13 19:33:08.187,1789338788.1873138,89
2026-09-13 19:33:08.195,1789338788.1950061,94
2026-09-13 19:33:08.202,1789338788.2026985,82
2026-09-13 19:33:08.210,1789338788.2103908,70
2026-09-13 19:33:08.218,1789338788.2180831,65
2026-09-13 19:33:08.225,1789338788.2257755,46
2026-09-13 19:33:08.233,1789338788.2334678,29
2026-09-13 19:33:08.241,1789338788.24116,26
2026-09-13 19:33:08.248,1789338788.2488523,21
2026-09-13 19:33:08.256,1789338788.2565446,7
2026-09-13 19:33:08.264,1789338788.264237,16
2026-09-13 19:33:08.271,1789338788.2719293,38
2026-09-13 19:33:08.279,1789338788.2796216,38
2026-09-13 19:33:08.287,1789338788.287314,33
2026-09-13 19:33:08.295,1789338788.2950063,31
2026-09-13 19:33:08.302,1789338788.3026984,38
2026-09-13 19:33:08.310,1789338788.3103907,140
2026-09-13 19:33:08.318,1789338788.318083,400
2026-09-13 19:33:08.325,1789338788.3257754,768
2026-09-13 19:33:08.333,1789338788.3334677,1093
2026-09-13 19:33:08.341,1789338788.34116,877
2026-09-13 19:33:08.348,1789338788.3488524,46
2026-09-13 19:33:08.356,1789338788.3565447,-378
2026-09-13 19:33:08.364,1789338788.3642368,-106
2026-09-13 19:33:08.371,1789338788.3719292,14
2026-09-13 19:33:08.379,1789338788.3796215,-99
2026-09-13 19:33:08.387,1789338788.3873138,-67
2026-09-13 19:33:08.395,1789338788.3950062,-14
2026-09-13 19:33:08.402,1789338788.4026985,-38
2026-09-13 19:33:08.410,1789338788.4103909,-29
2026-09-13 19:33:08.418,1789338788.4180832,-4
2026-09-13 19:33:08.425,1789338788.4257753,-9
2026-09-13 19:33:08.433,1789338788.4334676,2
2026-09-13 19:33:08.441,1789338788.44116,26
2026-09-13 19:33:08.448,1789338788.4488523,21
2026-09-13 19:33:08.456,1789338788.4565446,29
2026-09-13 19:33:08.464,1789338788.464237,55
2026-09-13 19:33:08.471,1789338788.4719293,58
2026-09-13 19:33:08.479,1789338788.4796216,50
2026-09-13 19:33:08.487,1789338788.4873137,70
2026-09-13 19:33:08.495,1789338788.495006,87
2026-09-13 19:33:08.502,1789338788.5026984,89
2026-09-13 19:33:08.510,1789338788.5103908,101
2026-09-13 19:33:08.518,1789338788.518083,126
2026-09-13 19:33:08.525,1789338788.5257754,150
2026-09-13 19:33:08.533,1789338788.5334678,177
2026-09-13 19:33:08.541,1789338788.54116,206
2026-09-13 19:33:08.548,1789338788.5488522,240
2026-09-13 19:33:08.556,1789338788.5565445,271
2026-09-13 19:33:08.564,1789338788.5642369,295
2026-09-13 19:33:08.571,1789338788.5719292,320
2026-09-13 19:33:08.579,1789338788.5796216,329
2026-09-13 19:33:08.587,1789338788.587314,320
2026-09-13 19:33:08.595,1789338788.5950062,288
2026-09-13 19:33:08.602,1789338788.6026986,237
2026-09-13 19:33:08.610,1789338788.610391,179
2026-09-13 19:33:08.618,1789338788.618083,109
2026-09-13 19:33:08.625,1789338788.6257753,36
2026-09-13 19:33:08.633,1789338788.6334677,-16
2026-09-13 19:33:08.640,1789338788.6405985,-41
2026-09-13 19:33:08.648,1789338788.6482909,-65
2026-09-13 19:33:08.655,1789338788.6559832,-92
2026-09-13 19:33:08.663,1789338788.6636755,-101
2026-09-13 19:33:08.671,1789338788.671368,-92
2026-09-13 19:33:08.679,1789338788.67906,-92
2026-09-13 19:33:08.686,1789338788.6867523,-89
2026-09-13 19:33:08.694,1789338788.6944447,-72
2026-09-13 19:33:08.702,1789338788.702137,-67
2026-09-13 19:33:08.709,1789338788.7098293,-67
2026-09-13 19:33:08.717,1789338788.7175217,-60
2026-09-13 19:33:08.725,1789338788.725214,-48
2026-09-13 19:33:08.732,1789338788.7329063,-41
2026-09-13 19:33:08.740,1789338788.7405984,-36
2026-09-13 19:33:08.748,1789338788.7482908,-29
2026-09-13 19:33:08.755,1789338788.755983,-21
2026-09-13 19:33:08.763,1789338788.7636755,-14
2026-09-13 19:33:08.771,1789338788.7713678,-16
2026-09-13 19:33:08.779,1789338788.7790601,-26
2026-09-13 19:33:08.786,1789338788.7867525,-21
2026-09-13 19:33:08.794,1789338788.7944448,-12
2026-09-13 19:33:08.802,1789338788.802137,-14
2026-09-13 19:33:08.809,1789338788.8098292,-21
2026-09-13 19:33:08.817,1789338788.8175216,-14
2026-09-13 19:33:08.825,1789338788.825214,-4
2026-09-13 19:33:08.832,1789338788.8329062,-9
2026-09-13 19:33:08.840,1789338788.8405986,-14
2026-09-13 19:33:08.848,1789338788.848291,-14
2026-09-13 19:33:08.855,1789338788.8559833,-9
2026-09-13 19:33:08.863,1789338788.8636754,-2
2026-09-13 19:33:08.871,1789338788.8713677,2
2026-09-13 19:33:08.879,1789338788.87906,0
2026-09-13 19:33:08.886,1789338788.8867524,0
2026-09-13 19:33:08.894,1789338788.8944447,12
2026-09-13 19:33:08.902,1789338788.902137,9
2026-09-13 19:33:08.909,1789338788.9098294,4
2026-09-13 19:33:08.917,1789338788.9175217,14
2026-09-13 19:33:08.925,1789338788.9252138,16
2026-09-13 19:33:08.932,1789338788.9329062,0
2026-09-13 19:33:08.940,1789338788.9405985,0
2026-09-13 19:33:08.948,1789338788.9482908,16
2026-09-13 19:33:08.955,1789338788.9559832,24
2026-09-13 19:33:08.963,1789338788.9636755,21
2026-09-13 19:33:08.971,1789338788.9713678,14
2026-09-13 19:33:08.979,1789338788.9790602,14
2026-09-13 19:33:08.986,1789338788.9867523,16
2026-09-13 19:33:08.994,1789338788.9944446,19
2026-09-13 19:33:09.002,1789338789.002137,21
2026-09-13 19:33:09.009,1789338789.0098293,24
2026-09-13 19:33:09.017,1789338789.0175216,26
2026-09-13 19:33:09.025,1789338789.025214,36
2026-09-13 19:33:09.032,1789338789.0329063,60
2026-09-13 19:33:09.040,1789338789.0405986,77
2026-09-13 19:33:09.048,1789338789.0482907,70
2026-09-13 19:33:09.055,1789338789.055983,65
2026-09-13 19:33:09.063,1789338789.0636754,65
2026-09-13 19:33:09.071,1789338789.0713677,48
2026-09-13 19:33:09.079,1789338789.07906,26
2026-09-13 19:33:09.086,1789338789.0867524,14
2026-09-13 19:33:09.094,1789338789.0944448,12
2026-09-13 19:33:09.102,1789338789.102137,2
2026-09-13 19:33:09.109,1789338789.1098292,-2
2026-09-13 19:33:09.117,1789338789.1175215,9
2026-09-13 19:33:09.125,1789338789.1252139,19
2026-09-13 19:33:09.132,1789338789.1329062,14
2026-09-13 19:33:09.140,1789338789.1405985,7
2026-09-13 19:33:09.148,1789338789.1482909,12
2026-09-13 19:33:09.155,1789338789.1559832,50
2026-09-13 19:33:09.163,1789338789.1636755,189
2026-09-13 19:33:09.171,1789338789.171368,489
2026-09-13 19:33:09.179,1789338789.17906,904
2026-09-13 19:33:09.186,1789338789.1867523,1113
2026-09-13 19:33:09.194,1789338789.1944447,615
2026-09-13 19:33:09.201,1789338789.201575,-240
2026-09-13 19:33:09.209,1789338789.2092674,-400
2026-09-13 19:33:09.216,1789338789.2169597,-46
2026-09-13 19:33:09.224,1789338789.224652,-21
2026-09-13 19:33:09.232,1789338789.2323444,-126
2026-09-13 19:33:09.240,1789338789.2400365,-46
2026-09-13 19:33:09.247,1789338789.2477288,-19
2026-09-13 19:33:09.255,1789338789.2554212,-55
2026-09-13 19:33:09.263,1789338789.2631135,-26
2026-09-13 19:33:09.270,1789338789.2708058,-2
2026-09-13 19:33:09.278,1789338789.2784982,-16
2026-09-13 19:33:09.286,1789338789.2861905,0
2026-09-13 19:33:09.293,1789338789.2938828,31
2026-09-13 19:33:09.301,1789338789.301575,29
2026-09-13 19:33:09.309,1789338789.3092673,31
2026-09-13 19:33:09.316,1789338789.3169596,46
2026-09-13 19:33:09.324,1789338789.324652,53
2026-09-13 19:33:09.332,1789338789.3323443,63
2026-09-13 19:33:09.340,1789338789.3400366,89
2026-09-13 19:33:09.347,1789338789.347729,104
2026-09-13 19:33:09.355,1789338789.3554213,104
2026-09-13 19:33:09.363,1789338789.3631134,116
2026-09-13 19:33:09.370,1789338789.3708057,145
2026-09-13 19:33:09.378,1789338789.378498,184
2026-09-13 19:33:09.386,1789338789.3861904,220
2026-09-13 19:33:09.393,1789338789.3938828,249
2026-09-13 19:33:09.401,1789338789.401575,288
2026-09-13 19:33:09.409,1789338789.4092674,329
2026-09-13 19:33:09.416,1789338789.4169598,344
2026-09-13 19:33:09.424,1789338789.4246519,358
2026-09-13 19:33:09.432,1789338789.4323442,368
2026-09-13 19:33:09.440,1789338789.4400365,351
2026-09-13 19:33:09.447,1789338789.4477289,305
2026-09-13 19:33:09.455,1789338789.4554212,232
2026-09-13 19:33:09.463,1789338789.4631135,150
2026-09-13 19:33:09.470,1789338789.470806,60
2026-09-13 19:33:09.478,1789338789.4784982,-14
2026-09-13 19:33:09.486,1789338789.4861903,-58
2026-09-13 19:33:09.493,1789338789.4938827,-84
2026-09-13 19:33:09.501,1789338789.501575,-104
2026-09-13 19:33:09.509,1789338789.5092673,-106
2026-09-13 19:33:09.516,1789338789.5169597,-106
2026-09-13 19:33:09.524,1789338789.524652,-104
2026-09-13 19:33:09.532,1789338789.5323443,-94
2026-09-13 19:33:09.540,1789338789.5400367,-99
2026-09-13 19:33:09.547,1789338789.5477288,-104
2026-09-13 19:33:09.555,1789338789.555421,-87
2026-09-13 19:33:09.563,1789338789.5631135,-70
2026-09-13 19:33:09.570,1789338789.5708058,-65
2026-09-13 19:33:09.578,1789338789.5784981,-58
2026-09-13 19:33:09.586,1789338789.5861905,-55
2026-09-13 19:33:09.593,1789338789.5938828,-53
2026-09-13 19:33:09.601,1789338789.6015751,-33
2026-09-13 19:33:09.609,1789338789.6092672,-24
2026-09-13 19:33:09.616,1789338789.6169596,-29
2026-09-13 19:33:09.624,1789338789.624652,-21
2026-09-13 19:33:09.632,1789338789.6323442,-4
2026-09-13 19:33:09.640,1789338789.6400366,2
2026-09-13 19:33:09.647,1789338789.647729,-9
2026-09-13 19:33:09.655,1789338789.6554213,-16
2026-09-13 19:33:09.663,1789338789.6631136,-9
2026-09-13 19:33:09.670,1789338789.6708057,-2
2026-09-13 19:33:09.678,1789338789.678498,-4
2026-09-13 19:33:09.686,1789338789.6861904,-4
2026-09-13 19:33:09.693,1789338789.6938827,-7
2026-09-13 19:33:09.701,1789338789.701575,-2
2026-09-13 19:33:09.709,1789338789.7092674,4
2026-09-13 19:33:09.716,1789338789.7169597,2
2026-09-13 19:33:09.724,1789338789.724652,9
2026-09-13 19:33:09.732,1789338789.7323444,19
2026-09-13 19:33:09.740,1789338789.7400365,2
2026-09-13 19:33:09.747,1789338789.7477288,-7
2026-09-13 19:33:09.755,1789338789.7554212,14
2026-09-13 19:33:09.762,1789338789.762552,24
2026-09-13 19:33:09.770,1789338789.7702444,16
2026-09-13 19:33:09.777,1789338789.7779367,26
2026-09-13 19:33:09.785,1789338789.785629,41
2026-09-13 19:33:09.793,1789338789.7933214,46
2026-09-13 19:33:09.801,1789338789.8010135,65
2026-09-13 19:33:09.808,1789338789.8087058,82
2026-09-13 19:33:09.816,1789338789.8163981,70
2026-09-13 19:33:09.824,1789338789.8240905,63
2026-09-13 19:33:09.831,1789338789.8317828,80
2026-09-13 19:33:09.839,1789338789.8394752,65
2026-09-13 19:33:09.847,1789338789.8471675,36
2026-09-13 19:33:09.854,1789338789.8548598,26
2026-09-13 19:33:09.862,1789338789.862552,24
2026-09-13 19:33:09.870,1789338789.8702443,29
2026-09-13 19:33:09.877,1789338789.8779366,41
2026-09-13 19:33:09.885,1789338789.885629,41
2026-09-13 19:33:09.893,1789338789.8933213,38
2026-09-13 19:33:09.901,1789338789.9010136,38
2026-09-13 19:33:09.908,1789338789.908706,33
2026-09-13 19:33:09.916,1789338789.9163983,31
2026-09-13 19:33:09.924,1789338789.9240904,63
2026-09-13 19:33:09.931,1789338789.9317827,206
2026-09-13 19:33:09.939,1789338789.939475,523
2026-09-13 19:33:09.947,1789338789.9471674,940
2026-09-13 19:33:09.954,1789338789.9548597,1137
2026-09-13 19:33:09.962,1789338789.962552,652
2026-09-13 19:33:09.970,1789338789.9702444,-194
2026-09-13 19:33:09.977,1789338789.9779367,-388
2026-09-13 19:33:09.985,1789338789.9856288,-43
2026-09-13 19:33:09.993,1789338789.9933212,-2
2026-09-13 19:33:10.001,1789338790.0010135,-106
2026-09-13 19:33:10.008,1789338790.0087059,-31
2026-09-13 19:33:10.016,1789338790.0163982,7
2026-09-13 19:33:10.024,1789338790.0240905,-31
2026-09-13 19:33:10.031,1789338790.0317829,0
2026-09-13 19:33:10.039,1789338790.0394752,36
2026-09-13 19:33:10.047,1789338790.0471673,16
2026-09-13 19:33:10.054,1789338790.0548596,14
2026-09-13 19:33:10.062,1789338790.062552,33
2026-09-13 19:33:10.070,1789338790.0702443,43
2026-09-13 19:33:10.077,1789338790.0779366,41
2026-09-13 19:33:10.085,1789338790.085629,53
2026-09-13 19:33:10.093,1789338790.0933213,87
2026-09-13 19:33:10.101,1789338790.1010137,97
2026-09-13 19:33:10.108,1789338790.1087058,82
2026-09-13 19:33:10.116,1789338790.116398,84
2026-09-13 19:33:10.124,1789338790.1240904,111
2026-09-13 19:33:10.131,1789338790.1317828,145
2026-09-13 19:33:10.139,1789338790.139475,179
2026-09-13 19:33:10.147,1789338790.1471674,194
2026-09-13 19:33:10.154,1789338790.1548598,208
2026-09-13 19:33:10.162,1789338790.162552,252
2026-09-13 19:33:10.170,1789338790.1702442,312
2026-09-13 19:33:10.177,1789338790.1779366,346
2026-09-13 19:33:10.185,1789338790.185629,358
2026-09-13 19:33:10.193,1789338790.1933212,373
2026-09-13 19:33:10.201,1789338790.2010136,378
2026-09-13 19:33:10.208,1789338790.208706,354
2026-09-13 19:33:10.216,1789338790.2163982,307
2026-09-13 19:33:10.224,1789338790.2240906,242
2026-09-13 19:33:10.231,1789338790.2317827,157
2026-09-13 19:33:10.239,1789338790.239475,70
2026-09-13 19:33:10.247,1789338790.2471673,7
2026-09-13 19:33:10.254,1789338790.2548597,-41
2026-09-13 19:33:10.262,1789338790.262552,-80
2026-09-13 19:33:10.270,1789338790.2702444,-89
2026-09-13 19:33:10.277,1789338790.2779367,-89
2026-09-13 19:33:10.285,1789338790.285629,-97
2026-09-13 19:33:10.293,1789338790.2933214,-92
2026-09-13 19:33:10.301,1789338790.3010135,-84
2026-09-13 19:33:10.308,1789338790.3087058,-80
2026-09-13 19:33:10.316,1789338790.3163981,-70
2026-09-13 19:33:10.323,1789338790.3235285,-72
2026-09-13 19:33:10.331,1789338790.3312209,-80
2026-09-13 19:33:10.338,1789338790.3389132,-55
2026-09-13 19:33:10.346,1789338790.3466055,-38
2026-09-13 19:33:10.354,1789338790.3542979,-43
2026-09-13 19:33:10.361,1789338790.36199,-36
2026-09-13 19:33:10.369,1789338790.3696823,-19
2026-09-13 19:33:10.377,1789338790.3773746,-12
2026-09-13 19:33:10.385,1789338790.385067,-4
2026-09-13 19:33:10.392,1789338790.3927593,0
2026-09-13 19:33:10.400,1789338790.4004517,4
2026-09-13 19:33:10.408,1789338790.408144,7
2026-09-13 19:33:10.415,1789338790.4158363,-4
2026-09-13 19:33:10.423,1789338790.4235284,-9
2026-09-13 19:33:10.431,1789338790.4312208,4
2026-09-13 19:33:10.438,1789338790.438913,19
2026-09-13 19:33:10.446,1789338790.4466054,16
2026-09-13 19:33:10.454,1789338790.4542978,9
2026-09-13 19:33:10.461,1789338790.46199,-2
2026-09-13 19:33:10.469,1789338790.4696825,-2
2026-09-13 19:33:10.477,1789338790.4773748,24
2026-09-13 19:33:10.485,1789338790.485067,38
2026-09-13 19:33:10.492,1789338790.4927592,21
2026-09-13 19:33:10.500,1789338790.5004516,9
2026-09-13 19:33:10.508,1789338790.508144,21
2026-09-13 19:33:10.515,1789338790.5158362,29
2026-09-13 19:33:10.523,1789338790.5235286,33
2026-09-13 19:33:10.531,1789338790.531221,53
2026-09-13 19:33:10.538,1789338790.5389132,75
2026-09-13 19:33:10.546,1789338790.5466053,77
2026-09-13 19:33:10.554,1789338790.5542977,70
2026-09-13 19:33:10.561,1789338790.56199,70
2026-09-13 19:33:10.569,1789338790.5696824,65
2026-09-13 19:33:10.577,1789338790.5773747,48
2026-09-13 19:33:10.585,1789338790.585067,31
2026-09-13 19:33:10.592,1789338790.5927594,21
2026-09-13 19:33:10.600,1789338790.6004517,26
2026-09-13 19:33:10.608,1789338790.6081438,29
2026-09-13 19:33:10.615,1789338790.6158361,21
2026-09-13 19:33:10.623,1789338790.6235285,24
2026-09-13 19:33:10.631,1789338790.6312208,33
2026-09-13 19:33:10.638,1789338790.6389132,33
2026-09-13 19:33:10.646,1789338790.6466055,33
2026-09-13 19:33:10.654,1789338790.6542978,58
2026-09-13 19:33:10.661,1789338790.6619902,194
2026-09-13 19:33:10.669,1789338790.6696823,540
2026-09-13 19:33:10.677,1789338790.6773746,982
2026-09-13 19:33:10.685,1789338790.685067,1149
2026-09-13 19:33:10.692,1789338790.6927593,649
2026-09-13 19:33:10.700,1789338790.7004516,-174
2026-09-13 19:33:10.708,1789338790.708144,-380
2026-09-13 19:33:10.715,1789338790.7158363,-60
2026-09-13 19:33:10.723,1789338790.7235286,0
2026-09-13 19:33:10.731,1789338790.7312207,-94
2026-09-13 19:33:10.738,1789338790.738913,-38
2026-09-13 19:33:10.746,1789338790.7466054,-9
2026-09-13 19:33:10.754,1789338790.7542977,-38
2026-09-13 19:33:10.761,1789338790.76199,-21
2026-09-13 19:33:10.769,1789338790.7696824,-2
2026-09-13 19:33:10.777,1789338790.7773747,-9
2026-09-13 19:33:10.785,1789338790.785067,2
2026-09-13 19:33:10.792,1789338790.7927592,19
2026-09-13 19:33:10.800,1789338790.8004515,19
2026-09-13 19:33:10.808,1789338790.8081439,24
2026-09-13 19:33:10.815,1789338790.8158362,41
2026-09-13 19:33:10.823,1789338790.8235285,50
2026-09-13 19:33:10.831,1789338790.8312209,58
2026-09-13 19:33:10.838,1789338790.8389132,72
2026-09-13 19:33:10.846,1789338790.8466055,82
2026-09-13 19:33:10.854,1789338790.8542979,92
2026-09-13 19:33:10.861,1789338790.86199,111
2026-09-13 19:33:10.869,1789338790.8696823,138
2026-09-13 19:33:10.877,1789338790.8773746,174
2026-09-13 19:33:10.884,1789338790.8845055,203
2026-09-13 19:33:10.892,1789338790.8921978,232
2026-09-13 19:33:10.899,1789338790.8998902,269
2026-09-13 19:33:10.907,1789338790.9075825,298
2026-09-13 19:33:10.915,1789338790.9152749,317
2026-09-13 19:33:10.922,1789338790.922967,337
2026-09-13 19:33:10.930,1789338790.9306593,332
2026-09-13 19:33:10.938,1789338790.9383516,298
2026-09-13 19:33:10.946,1789338790.946044,249
2026-09-13 19:33:10.953,1789338790.9537363,179
2026-09-13 19:33:10.961,1789338790.9614286,101
2026-09-13 19:33:10.969,1789338790.969121,29
2026-09-13 19:33:10.976,1789338790.9768133,-24
2026-09-13 19:33:10.984,1789338790.9845054,-55
2026-09-13 19:33:10.992,1789338790.9921978,-82
2026-09-13 19:33:10.999,1789338790.99989,-106
2026-09-13 19:33:11.007,1789338791.0075824,-113
2026-09-13 19:33:11.015,1789338791.0152748,-106
2026-09-13 19:33:11.022,1789338791.022967,-99
2026-09-13 19:33:11.030,1789338791.0306594,-99
2026-09-13 19:33:11.038,1789338791.0383518,-99
2026-09-13 19:33:11.046,1789338791.0460439,-92
2026-09-13 19:33:11.053,1789338791.0537362,-87
2026-09-13 19:33:11.061,1789338791.0614285,-80
2026-09-13 19:33:11.069,1789338791.069121,-72
2026-09-13 19:33:11.076,1789338791.0768132,-67
2026-09-13 19:33:11.084,1789338791.0845056,-58
2026-09-13 19:33:11.092,1789338791.092198,-41
2026-09-13 19:33:11.099,1789338791.0998902,-38
2026-09-13 19:33:11.107,1789338791.1075823,-43
2026-09-13 19:33:11.115,1789338791.1152747,-33
2026-09-13 19:33:11.122,1789338791.122967,-26
2026-09-13 19:33:11.130,1789338791.1306593,-29
2026-09-13 19:33:11.138,1789338791.1383517,-29
2026-09-13 19:33:11.146,1789338791.146044,-21
2026-09-13 19:33:11.153,1789338791.1537364,-19
2026-09-13 19:33:11.161,1789338791.1614287,-21
2026-09-13 19:33:11.169,1789338791.1691208,-24
2026-09-13 19:33:11.176,1789338791.1768131,-24
2026-09-13 19:33:11.184,1789338791.1845055,-19
2026-09-13 19:33:11.192,1789338791.1921978,-16
2026-09-13 19:33:11.199,1789338791.1998901,-14
2026-09-13 19:33:11.207,1789338791.2075825,-14
2026-09-13 19:33:11.215,1789338791.2152748,-14
2026-09-13 19:33:11.222,1789338791.2229671,-16
2026-09-13 19:33:11.230,1789338791.2306592,-16
2026-09-13 19:33:11.238,1789338791.2383516,-12
2026-09-13 19:33:11.246,1789338791.246044,-9
2026-09-13 19:33:11.253,1789338791.2537363,-7
2026-09-13 19:33:11.261,1789338791.2614286,-7
2026-09-13 19:33:11.269,1789338791.269121,-2
2026-09-13 19:33:11.276,1789338791.2768133,7
2026-09-13 19:33:11.284,1789338791.2845056,26
2026-09-13 19:33:11.292,1789338791.2921977,46
2026-09-13 19:33:11.299,1789338791.29989,38
2026-09-13 19:33:11.307,1789338791.3075824,29
2026-09-13 19:33:11.315,1789338791.3152747,36
2026-09-13 19:33:11.322,1789338791.322967,33
2026-09-13 19:33:11.330,1789338791.3306594,4
2026-09-13 19:33:11.338,1789338791.3383517,-14
2026-09-13 19:33:11.346,1789338791.346044,-12
2026-09-13 19:33:11.353,1789338791.3537362,-7
2026-09-13 19:33:11.361,1789338791.3614285,-4
2026-09-13 19:33:11.369,1789338791.3691208,-7
2026-09-13 19:33:11.376,1789338791.3768132,-2
2026-09-13 19:33:11.384,1789338791.3845055,7
2026-09-13 19:33:11.392,1789338791.3921978,2
2026-09-13 19:33:11.399,1789338791.3998902,-9
2026-09-13 19:33:11.407,1789338791.4075825,19
2026-09-13 19:33:11.415,1789338791.4152749,169
2026-09-13 19:33:11.422,1789338791.422967,492
2026-09-13 19:33:11.430,1789338791.4306593,885
2026-09-13 19:33:11.438,1789338791.4383516,1035
2026-09-13 19:33:11.445,1789338791.4454823,569
2026-09-13 19:33:11.453,1789338791.4531746,-167
2026-09-13 19:33:11.460,1789338791.460867,-322
2026-09-13 19:33:11.468,1789338791.4685593,-53
2026-09-13 19:33:11.476,1789338791.4762516,-41
2026-09-13 19:33:11.483,1789338791.4839437,-135
2026-09-13 19:33:11.491,1789338791.491636,-80
2026-09-13 19:33:11.499,1789338791.4993284,-50
2026-09-13 19:33:11.507,1789338791.5070207,-75
2026-09-13 19:33:11.514,1789338791.514713,-55
2026-09-13 19:33:11.522,1789338791.5224054,-31
2026-09-13 19:33:11.530,1789338791.5300977,-36
2026-09-13 19:33:11.537,1789338791.53779,-29
2026-09-13 19:33:11.545,1789338791.5454822,-14
2026-09-13 19:33:11.553,1789338791.5531745,-7
2026-09-13 19:33:11.560,1789338791.5608668,0
2026-09-13 19:33:11.568,1789338791.5685592,7
2026-09-13 19:33:11.576,1789338791.5762515,14
2026-09-13 19:33:11.583,1789338791.5839438,21
2026-09-13 19:33:11.591,1789338791.5916362,38
2026-09-13 19:33:11.599,1789338791.5993285,53
2026-09-13 19:33:11.607,1789338791.6070206,60
2026-09-13 19:33:11.614,1789338791.614713,75
2026-09-13 19:33:11.622,1789338791.6224053,94
2026-09-13 19:33:11.630,1789338791.6300976,116
2026-09-13 19:33:11.637,1789338791.63779,140
2026-09-13 19:33:11.645,1789338791.6454823,167
2026-09-13 19:33:11.653,1789338791.6531746,191
2026-09-13 19:33:11.660,1789338791.660867,223
2026-09-13 19:33:11.668,1789338791.668559,244
2026-09-13 19:33:11.676,1789338791.6762514,252
2026-09-13 19:33:11.683,1789338791.6839437,247
2026-09-13 19:33:11.691,1789338791.691636,230
2026-09-13 19:33:11.699,1789338791.6993284,196
2026-09-13 19:33:11.707,1789338791.7070208,143
2026-09-13 19:33:11.714,1789338791.714713,75
2026-09-13 19:33:11.722,1789338791.7224054,16
2026-09-13 19:33:11.730,1789338791.7300975,-21
2026-09-13 19:33:11.737,1789338791.7377899,-48
2026-09-13 19:33:11.745,1789338791.7454822,-77
2026-09-13 19:33:11.753,1789338791.7531745,-94
2026-09-13 19:33:11.760,1789338791.7608669,-92
2026-09-13 19:33:11.768,1789338791.7685592,-89
2026-09-13 19:33:11.776,1789338791.7762516,-87
2026-09-13 19:33:11.783,1789338791.783944,-84
2026-09-13 19:33:11.791,1789338791.791636,-77
2026-09-13 19:33:11.799,1789338791.7993283,-65
2026-09-13 19:33:11.807,1789338791.8070207,-55
2026-09-13 19:33:11.814,1789338791.814713,-53
2026-09-13 19:33:11.822,1789338791.8224053,-48
2026-09-13 19:33:11.830,1789338791.8300977,-46
2026-09-13 19:33:11.837,1789338791.83779,-43
2026-09-13 19:33:11.845,1789338791.8454823,-33
2026-09-13 19:33:11.853,1789338791.8531744,-26
2026-09-13 19:33:11.860,1789338791.8608668,-24
2026-09-13 19:33:11.868,1789338791.8685591,-24
2026-09-13 19:33:11.876,1789338791.8762515,-21
2026-09-13 19:33:11.883,1789338791.8839438,-16
2026-09-13 19:33:11.891,1789338791.8916361,-9
2026-09-13 19:33:11.899,1789338791.8993285,-12
2026-09-13 19:33:11.907,1789338791.9070208,-14
2026-09-13 19:33:11.914,1789338791.914713,-12
2026-09-13 19:33:11.922,1789338791.9224052,-7
2026-09-13 19:33:11.930,1789338791.9300976,-9
2026-09-13 19:33:11.937,1789338791.93779,-12
2026-09-13 19:33:11.945,1789338791.9454823,-7
2026-09-13 19:33:11.953,1789338791.9531746,-4
2026-09-13 19:33:11.960,1789338791.960867,-9
2026-09-13 19:33:11.968,1789338791.9685593,-14
2026-09-13 19:33:11.976,1789338791.9762516,-2
2026-09-13 19:33:11.983,1789338791.9839437,9
2026-09-13 19:33:11.991,1789338791.991636,9
2026-09-13 19:33:11.999,1789338791.9993284,0
2026-09-13 19:33:12.006,1789338792.006459,0
2026-09-13 19:33:12.014,1789338792.0141513,4
2026-09-13 19:33:12.021,1789338792.0218437,7
2026-09-13 19:33:12.029,1789338792.029536,9
2026-09-13 19:33:12.037,1789338792.0372283,7
2026-09-13 19:33:12.044,1789338792.0449204,7
2026-09-13 19:33:12.052,1789338792.0526128,14
2026-09-13 19:33:12.060,1789338792.060305,14
2026-09-13 19:33:12.067,1789338792.0679975,16
2026-09-13 19:33:12.075,1789338792.0756898,16
2026-09-13 19:33:12.083,1789338792.0833821,14
2026-09-13 19:33:12.091,1789338792.0910745,16
2026-09-13 19:33:12.098,1789338792.0987668,21
2026-09-13 19:33:12.106,1789338792.106459,21
2026-09-13 19:33:12.114,1789338792.1141512,21
2026-09-13 19:33:12.121,1789338792.1218436,26
2026-09-13 19:33:12.129,1789338792.129536,24
2026-09-13 19:33:12.137,1789338792.1372283,21
2026-09-13 19:33:12.144,1789338792.1449206,29
2026-09-13 19:33:12.152,1789338792.152613,36
2026-09-13 19:33:12.160,1789338792.1603053,33
2026-09-13 19:33:12.167,1789338792.1679974,31
2026-09-13 19:33:12.175,1789338792.1756897,29
2026-09-13 19:33:12.183,1789338792.183382,29
2026-09-13 19:33:12.191,1789338792.1910744,36
2026-09-13 19:33:12.198,1789338792.1987667,38
2026-09-13 19:33:12.206,1789338792.206459,31
2026-09-13 19:33:12.214,1789338792.2141514,29
2026-09-13 19:33:12.221,1789338792.2218437,36
2026-09-13 19:33:12.229,1789338792.2295358,36
2026-09-13 19:33:12.237,1789338792.2372282,36
2026-09-13 19:33:12.244,1789338792.2449205,38
2026-09-13 19:33:12.252,1789338792.2526128,36
2026-09-13 19:33:12.260,1789338792.2603052,33
2026-09-13 19:33:12.267,1789338792.2679975,33
2026-09-13 19:33:12.275,1789338792.2756898,33
2026-09-13 19:33:12.283,1789338792.2833822,31
2026-09-13 19:33:12.291,1789338792.2910743,36
2026-09-13 19:33:12.298,1789338792.2987666,41
2026-09-13 19:33:12.306,1789338792.306459,41
2026-09-13 19:33:12.314,1789338792.3141513,36
2026-09-13 19:33:12.321,1789338792.3218436,33
2026-09-13 19:33:12.329,1789338792.329536,36
2026-09-13 19:33:12.337,1789338792.3372283,36
2026-09-13 19:33:12.344,1789338792.3449206,31
2026-09-13 19:33:12.352,1789338792.3526127,41
2026-09-13 19:33:12.360,1789338792.360305,53
2026-09-13 19:33:12.367,1789338792.3679974,63
2026-09-13 19:33:12.375,1789338792.3756897,77
2026-09-13 19:33:12.383,1789338792.383382,82
2026-09-13 19:33:12.391,1789338792.3910744,67
2026-09-13 19:33:12.398,1789338792.3987668,60
2026-09-13 19:33:12.406,1789338792.406459,65
2026-09-13 19:33:12.414,1789338792.4141512,48
2026-09-13 19:33:12.421,1789338792.4218435,26
2026-09-13 19:33:12.429,1789338792.4295359,19
2026-09-13 19:33:12.437,1789338792.4372282,21
2026-09-13 19:33:12.444,1789338792.4449205,19
2026-09-13 19:33:12.452,1789338792.4526129,19
2026-09-13 19:33:12.460,1789338792.4603052,19
2026-09-13 19:33:12.467,1789338792.4679976,21
2026-09-13 19:33:12.475,1789338792.4756896,19
2026-09-13 19:33:12.483,1789338792.483382,14
2026-09-13 19:33:12.491,1789338792.4910743,26
2026-09-13 19:33:12.498,1789338792.4987667,123
2026-09-13 19:33:12.506,1789338792.506459,383
2026-09-13 19:33:12.514,1789338792.5141513,759
2026-09-13 19:33:12.521,1789338792.5218437,1052
2026-09-13 19:33:12.529,1789338792.529536,814
2026-09-13 19:33:12.537,1789338792.5372283,46
2026-09-13 19:33:12.544,1789338792.5449204,-346
2026-09-13 19:33:12.552,1789338792.5526128,-121
2026-09-13 19:33:12.560,1789338792.560305,-24
2026-09-13 19:33:12.567,1789338792.5674665,-133
2026-09-13 19:33:12.575,1789338792.5751588,-99
2026-09-13 19:33:12.582,1789338792.5828512,-43
2026-09-13 19:33:12.590,1789338792.5905435,-72
2026-09-13 19:33:12.598,1789338792.5982358,-72
2026-09-13 19:33:12.605,1789338792.605928,-43
2026-09-13 19:33:12.613,1789338792.6136203,-43
2026-09-13 19:33:12.621,1789338792.6213126,-41
2026-09-13 19:33:12.629,1789338792.629005,-29
2026-09-13 19:33:12.636,1789338792.6366973,-21
2026-09-13 19:33:12.644,1789338792.6443896,-16
2026-09-13 19:33:12.652,1789338792.652082,-9
2026-09-13 19:33:12.659,1789338792.6597743,-2
2026-09-13 19:33:12.667,1789338792.6674664,7
2026-09-13 19:33:12.675,1789338792.6751587,21
2026-09-13 19:33:12.682,1789338792.682851,29
2026-09-13 19:33:12.690,1789338792.6905434,38
2026-09-13 19:33:12.698,1789338792.6982358,48
2026-09-13 19:33:12.705,1789338792.705928,63
2026-09-13 19:33:12.713,1789338792.7136204,82
2026-09-13 19:33:12.721,1789338792.7213128,104
2026-09-13 19:33:12.729,1789338792.7290049,126
2026-09-13 19:33:12.736,1789338792.7366972,147
2026-09-13 19:33:12.744,1789338792.7443895,174
2026-09-13 19:33:12.752,1789338792.7520819,191
2026-09-13 19:33:12.759,1789338792.7597742,203
2026-09-13 19:33:12.767,1789338792.7674665,213
2026-09-13 19:33:12.775,1789338792.775159,210
2026-09-13 19:33:12.782,1789338792.7828512,191
2026-09-13 19:33:12.790,1789338792.7905433,164
2026-09-13 19:33:12.798,1789338792.7982357,123
2026-09-13 19:33:12.805,1789338792.805928,72
2026-09-13 19:33:12.813,1789338792.8136203,24
2026-09-13 19:33:12.821,1789338792.8213127,-21
2026-09-13 19:33:12.829,1789338792.829005,-55
2026-09-13 19:33:12.836,1789338792.8366973,-72
2026-09-13 19:33:12.844,1789338792.8443897,-84
2026-09-13 19:33:12.852,1789338792.8520818,-97
2026-09-13 19:33:12.859,1789338792.859774,-99
2026-09-13 19:33:12.867,1789338792.8674664,-92
2026-09-13 19:33:12.875,1789338792.8751588,-87
2026-09-13 19:33:12.882,1789338792.8828511,-84
2026-09-13 19:33:12.890,1789338792.8905435,-77
2026-09-13 19:33:12.898,1789338792.8982358,-70
2026-09-13 19:33:12.905,1789338792.9059281,-60
2026-09-13 19:33:12.913,1789338792.9136202,-53
2026-09-13 19:33:12.921,1789338792.9213126,-48
2026-09-13 19:33:12.929,1789338792.929005,-46
2026-09-13 19:33:12.936,1789338792.9366972,-43
2026-09-13 19:33:12.944,1789338792.9443896,-38
2026-09-13 19:33:12.952,1789338792.952082,-38
2026-09-13 19:33:12.959,1789338792.9597743,-38
2026-09-13 19:33:12.967,1789338792.9674666,-38
2026-09-13 19:33:12.975,1789338792.9751587,-36
2026-09-13 19:33:12.982,1789338792.982851,-33
2026-09-13 19:33:12.990,1789338792.9905434,-33
2026-09-13 19:33:12.998,1789338792.9982357,-31
2026-09-13 19:33:13.005,1789338793.005928,-31
2026-09-13 19:33:13.013,1789338793.0136204,-33
2026-09-13 19:33:13.021,1789338793.0213127,-31
2026-09-13 19:33:13.029,1789338793.029005,-29
2026-09-13 19:33:13.036,1789338793.0366971,-29
2026-09-13 19:33:13.044,1789338793.0443895,-24
2026-09-13 19:33:13.052,1789338793.0520818,-14
2026-09-13 19:33:13.059,1789338793.0597742,-16
2026-09-13 19:33:13.067,1789338793.0674665,-21
2026-09-13 19:33:13.075,1789338793.0751588,-16
2026-09-13 19:33:13.082,1789338793.0828512,-12
2026-09-13 19:33:13.090,1789338793.0905435,-7
2026-09-13 19:33:13.098,1789338793.0982358,-4
2026-09-13 19:33:13.105,1789338793.105928,-2
2026-09-13 19:33:13.113,1789338793.1136203,-2
2026-09-13 19:33:13.121,1789338793.1213126,-2
2026-09-13 19:33:13.128,1789338793.128443,-7
2026-09-13 19:33:13.136,1789338793.1361353,-4
2026-09-13 19:33:13.143,1789338793.1438277,0
2026-09-13 19:33:13.151,1789338793.15152,2
2026-09-13 19:33:13.159,1789338793.1592124,7
2026-09-13 19:33:13.166,1789338793.1669044,9
2026-09-13 19:33:13.174,1789338793.1745968,7
2026-09-13 19:33:13.182,1789338793.1822891,4
2026-09-13 19:33:13.189,1789338793.1899815,9
2026-09-13 19:33:13.197,1789338793.1976738,12
2026-09-13 19:33:13.205,1789338793.2053661,14
2026-09-13 19:33:13.213,1789338793.2130585,9
2026-09-13 19:33:13.220,1789338793.2207508,12
2026-09-13 19:33:13.228,1789338793.228443,16
2026-09-13 19:33:13.236,1789338793.2361352,16
2026-09-13 19:33:13.243,1789338793.2438276,14
2026-09-13 19:33:13.251,1789338793.25152,16
2026-09-13 19:33:13.259,1789338793.2592123,16
2026-09-13 19:33:13.266,1789338793.2669046,14
2026-09-13 19:33:13.274,1789338793.274597,16
2026-09-13 19:33:13.282,1789338793.2822893,16
2026-09-13 19:33:13.289,1789338793.2899814,16
2026-09-13 19:33:13.297,1789338793.2976737,14
2026-09-13 19:33:13.305,1789338793.305366,14
2026-09-13 19:33:13.313,1789338793.3130584,16
2026-09-13 19:33:13.320,1789338793.3207507,21
2026-09-13 19:33:13.328,1789338793.328443,21
2026-09-13 19:33:13.336,1789338793.3361354,24
2026-09-13 19:33:13.343,1789338793.3438277,24
2026-09-13 19:33:13.351,1789338793.3515198,24
2026-09-13 19:33:13.359,1789338793.3592122,24
2026-09-13 19:33:13.366,1789338793.3669045,16
2026-09-13 19:33:13.374,1789338793.3745968,12
2026-09-13 19:33:13.382,1789338793.3822892,16
2026-09-13 19:33:13.389,1789338793.3899815,19
2026-09-13 19:33:13.397,1789338793.3976738,21
2026-09-13 19:33:13.405,1789338793.4053662,19
2026-09-13 19:33:13.413,1789338793.4130583,19
2026-09-13 19:33:13.420,1789338793.4207506,24
2026-09-13 19:33:13.428,1789338793.428443,21
2026-09-13 19:33:13.436,1789338793.4361353,12
2026-09-13 19:33:13.443,1789338793.4438276,9
2026-09-13 19:33:13.451,1789338793.45152,19
2026-09-13 19:33:13.459,1789338793.4592123,33
2026-09-13 19:33:13.466,1789338793.4669046,46
2026-09-13 19:33:13.474,1789338793.4745967,60
2026-09-13 19:33:13.482,1789338793.482289,67
2026-09-13 19:33:13.489,1789338793.4899814,55
2026-09-13 19:33:13.497,1789338793.4976737,46
2026-09-13 19:33:13.505,1789338793.505366,48
2026-09-13 19:33:13.513,1789338793.5130584,36
2026-09-13 19:33:13.520,1789338793.5207508,12
2026-09-13 19:33:13.528,1789338793.528443,2
2026-09-13 19:33:13.536,1789338793.5361352,2
2026-09-13 19:33:13.543,1789338793.5438275,0
2026-09-13 19:33:13.551,1789338793.5515199,-2
2026-09-13 19:33:13.559,1789338793.5592122,2
2026-09-13 19:33:13.566,1789338793.5669045,7
2026-09-13 19:33:13.574,1789338793.574597,4
2026-09-13 19:33:13.582,1789338793.5822892,-2
2026-09-13 19:33:13.589,1789338793.5899816,12
2026-09-13 19:33:13.597,1789338793.5976737,113
2026-09-13 19:33:13.605,1789338793.605366,358
2026-09-13 19:33:13.613,1789338793.6130583,720
2026-09-13 19:33:13.620,1789338793.6207507,1057
2026-09-13 19:33:13.628,1789338793.628443,880
2026-09-13 19:33:13.636,1789338793.6361353,87
2026-09-13 19:33:13.643,1789338793.6438277,-356
2026-09-13 19:33:13.651,1789338793.65152,-123
2026-09-13 19:33:13.659,1789338793.6592124,-16
2026-09-13 19:33:13.666,1789338793.6669044,-138
2026-09-13 19:33:13.674,1789338793.6745968,-106
2026-09-13 19:33:13.682,1789338793.6822891,-46
2026-09-13 19:33:13.689,1789338793.6894302,-77
2026-09-13 19:33:13.697,1789338793.6971226,-80
2026-09-13 19:33:13.704,1789338793.704815,-48
2026-09-13 19:33:13.712,1789338793.7125072,-46
2026-09-13 19:33:13.720,1789338793.7201996,-41
2026-09-13 19:33:13.727,1789338793.7278917,-29
2026-09-13 19:33:13.735,1789338793.735584,-24
2026-09-13 19:33:13.743,1789338793.7432764,-16
2026-09-13 19:33:13.750,1789338793.7509687,-2
2026-09-13 19:33:13.758,1789338793.758661,9
2026-09-13 19:33:13.766,1789338793.7663534,16
2026-09-13 19:33:13.774,1789338793.7740457,26
2026-09-13 19:33:13.781,1789338793.781738,36
2026-09-13 19:33:13.789,1789338793.7894301,43
2026-09-13 19:33:13.797,1789338793.7971225,58
2026-09-13 19:33:13.804,1789338793.8048148,75
2026-09-13 19:33:13.812,1789338793.8125072,97
2026-09-13 19:33:13.820,1789338793.8201995,118
2026-09-13 19:33:13.827,1789338793.8278918,143
2026-09-13 19:33:13.835,1789338793.8355842,169
2026-09-13 19:33:13.843,1789338793.8432765,191
2026-09-13 19:33:13.850,1789338793.8509686,215
2026-09-13 19:33:13.858,1789338793.858661,237
2026-09-13 19:33:13.866,1789338793.8663533,242
2026-09-13 19:33:13.874,1789338793.8740456,237
2026-09-13 19:33:13.881,1789338793.881738,227
2026-09-13 19:33:13.889,1789338793.8894303,198
2026-09-13 19:33:13.897,1789338793.8971226,145
2026-09-13 19:33:13.904,1789338793.904815,92
2026-09-13 19:33:13.912,1789338793.912507,43
2026-09-13 19:33:13.920,1789338793.9201994,-2
2026-09-13 19:33:13.927,1789338793.9278917,-38
2026-09-13 19:33:13.935,1789338793.935584,-63
2026-09-13 19:33:13.943,1789338793.9432764,-75
2026-09-13 19:33:13.950,1789338793.9509687,-80
2026-09-13 19:33:13.958,1789338793.958661,-77
2026-09-13 19:33:13.966,1789338793.9663534,-75
2026-09-13 19:33:13.974,1789338793.9740455,-72
2026-09-13 19:33:13.981,1789338793.9817379,-67
2026-09-13 19:33:13.989,1789338793.9894302,-55
2026-09-13 19:33:13.997,1789338793.9971225,-48
2026-09-13 19:33:14.004,1789338794.0048149,-43
2026-09-13 19:33:14.012,1789338794.0125072,-41
2026-09-13 19:33:14.020,1789338794.0201995,-36
2026-09-13 19:33:14.027,1789338794.0278919,-29
2026-09-13 19:33:14.035,1789338794.035584,-21
2026-09-13 19:33:14.043,1789338794.0432763,-19
2026-09-13 19:33:14.050,1789338794.0509686,-16
2026-09-13 19:33:14.058,1789338794.058661,-9
2026-09-13 19:33:14.066,1789338794.0663533,-4
2026-09-13 19:33:14.074,1789338794.0740457,0
2026-09-13 19:33:14.081,1789338794.081738,-4
2026-09-13 19:33:14.089,1789338794.0894303,-7
2026-09-13 19:33:14.097,1789338794.0971224,-2
2026-09-13 19:33:14.104,1789338794.1048148,0
2026-09-13 19:33:14.112,1789338794.112507,-2
2026-09-13 19:33:14.120,1789338794.1201994,-9
2026-09-13 19:33:14.127,1789338794.1278918,-4
2026-09-13 19:33:14.135,1789338794.135584,9
2026-09-13 19:33:14.143,1789338794.1432765,16
2026-09-13 19:33:14.150,1789338794.1509688,9
2026-09-13 19:33:14.158,1789338794.158661,4
2026-09-13 19:33:14.166,1789338794.1663532,14
2026-09-13 19:33:14.174,1789338794.1740456,21
2026-09-13 19:33:14.181,1789338794.181738,14
2026-09-13 19:33:14.189,1789338794.1894302,12
2026-09-13 19:33:14.197,1789338794.1971226,9
2026-09-13 19:33:14.204,1789338794.204815,16
2026-09-13 19:33:14.212,1789338794.2125072,26
2026-09-13 19:33:14.220,1789338794.2201996,29
2026-09-13 19:33:14.227,1789338794.2278917,26
2026-09-13 19:33:14.235,1789338794.235584,29
2026-09-13 19:33:14.243,1789338794.2432764,36
2026-09-13 19:33:14.250,1789338794.2504272,36
2026-09-13 19:33:14.258,1789338794.2581196,31
2026-09-13 19:33:14.265,1789338794.265812,29
2026-09-13 19:33:14.273,1789338794.2735043,24
2026-09-13 19:33:14.281,1789338794.2811966,31
2026-09-13 19:33:14.288,1789338794.2888887,38
2026-09-13 19:33:14.296,1789338794.296581,36
2026-09-13 19:33:14.304,1789338794.3042734,36
2026-09-13 19:33:14.311,1789338794.3119657,43
2026-09-13 19:33:14.319,1789338794.319658,43
2026-09-13 19:33:14.327,1789338794.3273504,41
2026-09-13 19:33:14.335,1789338794.3350427,38
2026-09-13 19:33:14.342,1789338794.342735,38
2026-09-13 19:33:14.350,1789338794.3504272,41
2026-09-13 19:33:14.358,1789338794.3581195,38
2026-09-13 19:33:14.365,1789338794.3658118,36
2026-09-13 19:33:14.373,1789338794.3735042,41
2026-09-13 19:33:14.381,1789338794.3811965,41
2026-09-13 19:33:14.388,1789338794.3888888,38
2026-09-13 19:33:14.396,1789338794.3965812,38
2026-09-13 19:33:14.404,1789338794.4042735,36
2026-09-13 19:33:14.411,1789338794.4119656,31
2026-09-13 19:33:14.419,1789338794.419658,33
2026-09-13 19:33:14.427,1789338794.4273503,33
2026-09-13 19:33:14.435,1789338794.4350426,38
2026-09-13 19:33:14.442,1789338794.442735,38
2026-09-13 19:33:14.450,1789338794.4504273,36
2026-09-13 19:33:14.458,1789338794.4581196,36
2026-09-13 19:33:14.465,1789338794.465812,36
2026-09-13 19:33:14.473,1789338794.473504,31
2026-09-13 19:33:14.481,1789338794.4811964,24
2026-09-13 19:33:14.488,1789338794.4888887,24
2026-09-13 19:33:14.496,1789338794.496581,33
2026-09-13 19:33:14.504,1789338794.5042734,50
2026-09-13 19:33:14.511,1789338794.5119658,67
2026-09-13 19:33:14.519,1789338794.519658,84
2026-09-13 19:33:14.527,1789338794.5273504,80
2026-09-13 19:33:14.535,1789338794.5350425,58
2026-09-13 19:33:14.542,1789338794.5427349,53
2026-09-13 19:33:14.550,1789338794.5504272,58
2026-09-13 19:33:14.558,1789338794.5581195,36
2026-09-13 19:33:14.565,1789338794.5658119,14
2026-09-13 19:33:14.573,1789338794.5735042,16
2026-09-13 19:33:14.581,1789338794.5811965,19
2026-09-13 19:33:14.588,1789338794.588889,12
2026-09-13 19:33:14.596,1789338794.596581,9
2026-09-13 19:33:14.604,1789338794.6042733,16
2026-09-13 19:33:14.611,1789338794.6119657,21
2026-09-13 19:33:14.619,1789338794.619658,12
2026-09-13 19:33:14.627,1789338794.6273503,4
2026-09-13 19:33:14.635,1789338794.6350427,33
2026-09-13 19:33:14.642,1789338794.642735,164
2026-09-13 19:33:14.650,1789338794.6504273,448
2026-09-13 19:33:14.658,1789338794.6581194,848
2026-09-13 19:33:14.665,1789338794.6658118,1081
2026-09-13 19:33:14.673,1789338794.673504,628
2026-09-13 19:33:14.681,1789338794.6811965,-206
2026-09-13 19:33:14.688,1789338794.6888888,-380
2026-09-13 19:33:14.696,1789338794.6965811,-48
2026-09-13 19:33:14.704,1789338794.7042735,-38
2026-09-13 19:33:14.711,1789338794.7119658,-140
2026-09-13 19:33:14.719,1789338794.719658,-50
2026-09-13 19:33:14.727,1789338794.7273502,-16
2026-09-13 19:33:14.735,1789338794.7350426,-67
2026-09-13 19:33:14.742,1789338794.742735,-53
2026-09-13 19:33:14.750,1789338794.7504272,-14
2026-09-13 19:33:14.758,1789338794.7581196,-12
2026-09-13 19:33:14.765,1789338794.765812,-7
2026-09-13 19:33:14.773,1789338794.7735043,9
2026-09-13 19:33:14.781,1789338794.7811966,16
2026-09-13 19:33:14.788,1789338794.7888887,19
2026-09-13 19:33:14.796,1789338794.796581,26
2026-09-13 19:33:14.804,1789338794.8042734,38
2026-09-13 19:33:14.811,1789338794.811404,50
2026-09-13 19:33:14.819,1789338794.8190963,63
2026-09-13 19:33:14.826,1789338794.8267887,80
2026-09-13 19:33:14.834,1789338794.834481,92
2026-09-13 19:33:14.842,1789338794.8421733,99
2026-09-13 19:33:14.849,1789338794.8498654,123
2026-09-13 19:33:14.857,1789338794.8575578,155
2026-09-13 19:33:14.865,1789338794.86525,177
2026-09-13 19:33:14.872,1789338794.8729424,203
2026-09-13 19:33:14.880,1789338794.8806348,235
2026-09-13 19:33:14.888,1789338794.8883271,264
2026-09-13 19:33:14.896,1789338794.8960195,291
2026-09-13 19:33:14.903,1789338794.9037118,307
2026-09-13 19:33:14.911,1789338794.911404,307
2026-09-13 19:33:14.919,1789338794.9190962,298
2026-09-13 19:33:14.926,1789338794.9267886,274
2026-09-13 19:33:14.934,1789338794.934481,223
2026-09-13 19:33:14.942,1789338794.9421732,152
2026-09-13 19:33:14.949,1789338794.9498656,82
2026-09-13 19:33:14.957,1789338794.957558,21
2026-09-13 19:33:14.965,1789338794.9652503,-31
2026-09-13 19:33:14.972,1789338794.9729424,-67
2026-09-13 19:33:14.980,1789338794.9806347,-92
2026-09-13 19:33:14.988,1789338794.988327,-109
2026-09-13 19:33:14.996,1789338794.9960194,-113
2026-09-13 19:33:15.003,1789338795.0037117,-109
2026-09-13 19:33:15.011,1789338795.011404,-97
2026-09-13 19:33:15.019,1789338795.0190964,-92
2026-09-13 19:33:15.026,1789338795.0267887,-94
2026-09-13 19:33:15.034,1789338795.0344808,-87
2026-09-13 19:33:15.042,1789338795.0421731,-77
2026-09-13 19:33:15.049,1789338795.0498655,-63
2026-09-13 19:33:15.057,1789338795.0575578,-46
2026-09-13 19:33:15.065,1789338795.0652502,-41
2026-09-13 19:33:15.072,1789338795.0729425,-50
2026-09-13 19:33:15.080,1789338795.0806348,-46
2026-09-13 19:33:15.088,1789338795.0883272,-33
2026-09-13 19:33:15.096,1789338795.0960193,-31
2026-09-13 19:33:15.103,1789338795.1037116,-33
2026-09-13 19:33:15.111,1789338795.111404,-36
2026-09-13 19:33:15.119,1789338795.1190963,-31
2026-09-13 19:33:15.126,1789338795.1267886,-24
2026-09-13 19:33:15.134,1789338795.134481,-21
2026-09-13 19:33:15.142,1789338795.1421733,-24
2026-09-13 19:33:15.149,1789338795.1498656,-24
2026-09-13 19:33:15.157,1789338795.1575577,-24
2026-09-13 19:33:15.165,1789338795.16525,-24
2026-09-13 19:33:15.172,1789338795.1729424,-26
2026-09-13 19:33:15.180,1789338795.1806347,-29
2026-09-13 19:33:15.188,1789338795.188327,-19
2026-09-13 19:33:15.196,1789338795.1960194,-9
2026-09-13 19:33:15.203,1789338795.2037117,-12
2026-09-13 19:33:15.211,1789338795.211404,-14
2026-09-13 19:33:15.219,1789338795.2190962,-7
2026-09-13 19:33:15.226,1789338795.2267885,-7
2026-09-13 19:33:15.234,1789338795.2344809,-9
2026-09-13 19:33:15.242,1789338795.2421732,-2
2026-09-13 19:33:15.249,1789338795.2498655,4
2026-09-13 19:33:15.257,1789338795.2575579,2
2026-09-13 19:33:15.265,1789338795.2652502,0
2026-09-13 19:33:15.272,1789338795.2729425,2
2026-09-13 19:33:15.280,1789338795.2806346,0
2026-09-13 19:33:15.288,1789338795.288327,7
2026-09-13 19:33:15.296,1789338795.2960193,12
2026-09-13 19:33:15.303,1789338795.3037117,9
2026-09-13 19:33:15.311,1789338795.311404,16
2026-09-13 19:33:15.319,1789338795.3190963,24
2026-09-13 19:33:15.326,1789338795.3267887,12
2026-09-13 19:33:15.334,1789338795.334481,7
2026-09-13 19:33:15.342,1789338795.3421733,16
2026-09-13 19:33:15.349,1789338795.3498654,21
2026-09-13 19:33:15.357,1789338795.3575578,19
2026-09-13 19:33:15.365,1789338795.36525,29
2026-09-13 19:33:15.372,1789338795.3723807,50
2026-09-13 19:33:15.380,1789338795.380073,60
2026-09-13 19:33:15.387,1789338795.3877654,63
2026-09-13 19:33:15.395,1789338795.3954577,60
2026-09-13 19:33:15.403,1789338795.40315,60
2026-09-13 19:33:15.410,1789338795.4108422,67
2026-09-13 19:33:15.418,1789338795.4185345,55
2026-09-13 19:33:15.426,1789338795.4262269,24
2026-09-13 19:33:15.433,1789338795.4339192,21
2026-09-13 19:33:15.441,1789338795.4416115,29
2026-09-13 19:33:15.449,1789338795.4493039,16
2026-09-13 19:33:15.456,1789338795.4569962,2
2026-09-13 19:33:15.464,1789338795.4646885,9
2026-09-13 19:33:15.472,1789338795.4723806,24
2026-09-13 19:33:15.480,1789338795.480073,19
2026-09-13 19:33:15.487,1789338795.4877653,14
2026-09-13 19:33:15.495,1789338795.4954576,31
2026-09-13 19:33:15.503,1789338795.50315,63
2026-09-13 19:33:15.510,1789338795.5108423,203
2026-09-13 19:33:15.518,1789338795.5185347,535
2026-09-13 19:33:15.526,1789338795.526227,940
2026-09-13 19:33:15.533,1789338795.533919,1062
2026-09-13 19:33:15.541,1789338795.5416114,514
2026-09-13 19:33:15.549,1789338795.5493038,-254
2026-09-13 19:33:15.556,1789338795.556996,-334
2026-09-13 19:33:15.564,1789338795.5646884,-29
2026-09-13 19:33:15.572,1789338795.5723808,-36
2026-09-13 19:33:15.580,1789338795.580073,-104
2026-09-13 19:33:15.587,1789338795.5877655,-26
2026-09-13 19:33:15.595,1789338795.5954576,-19
2026-09-13 19:33:15.603,1789338795.60315,-41
2026-09-13 19:33:15.610,1789338795.6108422,-2
2026-09-13 19:33:15.618,1789338795.6185346,12
2026-09-13 19:33:15.626,1789338795.626227,-2
2026-09-13 19:33:15.633,1789338795.6339192,7
2026-09-13 19:33:15.641,1789338795.6416116,29
2026-09-13 19:33:15.649,1789338795.649304,43
2026-09-13 19:33:15.656,1789338795.656996,48
2026-09-13 19:33:15.664,1789338795.6646883,50
2026-09-13 19:33:15.672,1789338795.6723807,60
2026-09-13 19:33:15.680,1789338795.680073,80
2026-09-13 19:33:15.687,1789338795.6877654,89
2026-09-13 19:33:15.695,1789338795.6954577,89
2026-09-13 19:33:15.703,1789338795.70315,106
2026-09-13 19:33:15.710,1789338795.7108424,130
2026-09-13 19:33:15.718,1789338795.7185345,152
2026-09-13 19:33:15.726,1789338795.7262268,172
2026-09-13 19:33:15.733,1789338795.7339191,208
2026-09-13 19:33:15.741,1789338795.7416115,257
2026-09-13 19:33:15.749,1789338795.7493038,291
2026-09-13 19:33:15.756,1789338795.7569962,312
2026-09-13 19:33:15.764,1789338795.7646885,334
2026-09-13 19:33:15.772,1789338795.7723808,354
2026-09-13 19:33:15.780,1789338795.780073,349
2026-09-13 19:33:15.787,1789338795.7877653,329
2026-09-13 19:33:15.795,1789338795.7954576,298
2026-09-13 19:33:15.803,1789338795.80315,244
2026-09-13 19:33:15.810,1789338795.8108423,160
2026-09-13 19:33:15.818,1789338795.8185346,72
2026-09-13 19:33:15.826,1789338795.826227,14
2026-09-13 19:33:15.833,1789338795.8339193,-24
2026-09-13 19:33:15.841,1789338795.8416114,-60
2026-09-13 19:33:15.849,1789338795.8493037,-84
2026-09-13 19:33:15.856,1789338795.856996,-89
2026-09-13 19:33:15.864,1789338795.8646884,-87
2026-09-13 19:33:15.872,1789338795.8723807,-89
2026-09-13 19:33:15.880,1789338795.880073,-92
2026-09-13 19:33:15.887,1789338795.8877654,-82
2026-09-13 19:33:15.895,1789338795.8954577,-72
2026-09-13 19:33:15.903,1789338795.90315,-70
2026-09-13 19:33:15.910,1789338795.9108422,-60
2026-09-13 19:33:15.918,1789338795.9185345,-38
2026-09-13 19:33:15.926,1789338795.9262269,-29
2026-09-13 19:33:15.933,1789338795.9333577,-33
2026-09-13 19:33:15.941,1789338795.94105,-38
2026-09-13 19:33:15.948,1789338795.9487424,-31
2026-09-13 19:33:15.956,1789338795.9564347,-9
2026-09-13 19:33:15.964,1789338795.964127,12
2026-09-13 19:33:15.971,1789338795.9718192,14
2026-09-13 19:33:15.979,1789338795.9795115,-2
2026-09-13 19:33:15.987,1789338795.9872038,-12
2026-09-13 19:33:15.994,1789338795.9948962,-4
2026-09-13 19:33:16.002,1789338796.0025885,7
2026-09-13 19:33:16.010,1789338796.0102808,4
2026-09-13 19:33:16.017,1789338796.0179732,7
2026-09-13 19:33:16.025,1789338796.0256655,14
2026-09-13 19:33:16.033,1789338796.0333576,14
2026-09-13 19:33:16.041,1789338796.04105,16
2026-09-13 19:33:16.048,1789338796.0487423,29
2026-09-13 19:33:16.056,1789338796.0564346,14
2026-09-13 19:33:16.064,1789338796.064127,2
2026-09-13 19:33:16.071,1789338796.0718193,19
2026-09-13 19:33:16.079,1789338796.0795116,31
2026-09-13 19:33:16.087,1789338796.087204,21
2026-09-13 19:33:16.094,1789338796.094896,19
2026-09-13 19:33:16.102,1789338796.1025884,33
2026-09-13 19:33:16.110,1789338796.1102808,36
2026-09-13 19:33:16.117,1789338796.117973,29
2026-09-13 19:33:16.125,1789338796.1256654,38
2026-09-13 19:33:16.133,1789338796.1333578,36
2026-09-13 19:33:16.141,1789338796.14105,29
2026-09-13 19:33:16.148,1789338796.1487424,46
2026-09-13 19:33:16.156,1789338796.1564345,63
2026-09-13 19:33:16.164,1789338796.1641269,77
2026-09-13 19:33:16.171,1789338796.1718192,94
2026-09-13 19:33:16.179,1789338796.1795115,77
2026-09-13 19:33:16.187,1789338796.187204,63
2026-09-13 19:33:16.194,1789338796.1948962,80
2026-09-13 19:33:16.202,1789338796.2025886,77
2026-09-13 19:33:16.210,1789338796.210281,48
2026-09-13 19:33:16.217,1789338796.217973,33
2026-09-13 19:33:16.225,1789338796.2256653,26
2026-09-13 19:33:16.233,1789338796.2333577,26
2026-09-13 19:33:16.241,1789338796.24105,26
2026-09-13 19:33:16.248,1789338796.2487423,29
2026-09-13 19:33:16.256,1789338796.2564347,38
2026-09-13 19:33:16.264,1789338796.264127,43
2026-09-13 19:33:16.271,1789338796.2718194,29
2026-09-13 19:33:16.279,1789338796.2795115,19
2026-09-13 19:33:16.287,1789338796.2872038,48
2026-09-13 19:33:16.294,1789338796.2948961,177
2026-09-13 19:33:16.302,1789338796.3025885,470
2026-09-13 19:33:16.310,1789338796.3102808,885
2026-09-13 19:33:16.317,1789338796.3179731,1113
2026-09-13 19:33:16.325,1789338796.3256655,722
2026-09-13 19:33:16.333,1789338796.3333578,-80
2026-09-13 19:33:16.341,1789338796.34105,-358
2026-09-13 19:33:16.348,1789338796.3487422,-60
2026-09-13 19:33:16.356,1789338796.3564346,24
2026-09-13 19:33:16.364,1789338796.364127,-89
2026-09-13 19:33:16.371,1789338796.3718193,-46
2026-09-13 19:33:16.379,1789338796.3795116,4
2026-09-13 19:33:16.387,1789338796.387204,-36
2026-09-13 19:33:16.394,1789338796.3948963,-36
2026-09-13 19:33:16.402,1789338796.4025884,0
2026-09-13 19:33:16.410,1789338796.4102807,-2
2026-09-13 19:33:16.417,1789338796.417973,0
2026-09-13 19:33:16.425,1789338796.4256654,24
2026-09-13 19:33:16.433,1789338796.4333577,29
2026-09-13 19:33:16.441,1789338796.44105,31
2026-09-13 19:33:16.448,1789338796.4487424,41
2026-09-13 19:33:16.456,1789338796.4564347,48
2026-09-13 19:33:16.464,1789338796.464127,58
2026-09-13 19:33:16.471,1789338796.4718192,72
2026-09-13 19:33:16.479,1789338796.4795115,87
2026-09-13 19:33:16.487,1789338796.4872038,94
2026-09-13 19:33:16.494,1789338796.4943345,106
2026-09-13 19:33:16.502,1789338796.5020268,128
2026-09-13 19:33:16.509,1789338796.5097191,157
2026-09-13 19:33:16.517,1789338796.5174115,184
2026-09-13 19:33:16.525,1789338796.5251038,208
2026-09-13 19:33:16.532,1789338796.532796,247
2026-09-13 19:33:16.540,1789338796.5404882,288
2026-09-13 19:33:16.548,1789338796.5481806,305
2026-09-13 19:33:16.555,1789338796.555873,312
2026-09-13 19:33:16.563,1789338796.5635653,315
2026-09-13 19:33:16.571,1789338796.5712576,307
2026-09-13 19:33:16.578,1789338796.57895,281
2026-09-13 19:33:16.586,1789338796.5866423,225
2026-09-13 19:33:16.594,1789338796.5943344,143
2026-09-13 19:33:16.602,1789338796.6020267,67
2026-09-13 19:33:16.609,1789338796.609719,16
2026-09-13 19:33:16.617,1789338796.6174114,-29
2026-09-13 19:33:16.625,1789338796.6251037,-70
2026-09-13 19:33:16.632,1789338796.632796,-84
2026-09-13 19:33:16.640,1789338796.6404884,-89
2026-09-13 19:33:16.648,1789338796.6481807,-97
2026-09-13 19:33:16.655,1789338796.6558728,-97
2026-09-13 19:33:16.663,1789338796.6635652,-87
2026-09-13 19:33:16.671,1789338796.6712575,-87
2026-09-13 19:33:16.678,1789338796.6789498,-84
2026-09-13 19:33:16.686,1789338796.6866422,-72
2026-09-13 19:33:16.694,1789338796.6943345,-65
2026-09-13 19:33:16.702,1789338796.7020268,-60
2026-09-13 19:33:16.709,1789338796.7097192,-48
2026-09-13 19:33:16.717,1789338796.7174113,-41
2026-09-13 19:33:16.725,1789338796.7251036,-46
2026-09-13 19:33:16.732,1789338796.732796,-36
2026-09-13 19:33:16.740,1789338796.7404883,-24
2026-09-13 19:33:16.748,1789338796.7481806,-24
2026-09-13 19:33:16.755,1789338796.755873,-24
2026-09-13 19:33:16.763,1789338796.7635653,-14
2026-09-13 19:33:16.771,1789338796.7712576,-9
2026-09-13 19:33:16.778,1789338796.7789497,-12
2026-09-13 19:33:16.786,1789338796.786642,-14
2026-09-13 19:33:16.794,1789338796.7943344,-16
2026-09-13 19:33:16.802,1789338796.8020267,-14
2026-09-13 19:33:16.809,1789338796.809719,-9
2026-09-13 19:33:16.817,1789338796.8174114,-4
2026-09-13 19:33:16.825,1789338796.8251038,-2
2026-09-13 19:33:16.832,1789338796.832796,-2
2026-09-13 19:33:16.840,1789338796.8404882,-4
2026-09-13 19:33:16.848,1789338796.8481805,-9
2026-09-13 19:33:16.855,1789338796.8558729,-4
2026-09-13 19:33:16.863,1789338796.8635652,2
2026-09-13 19:33:16.871,1789338796.8712575,7
2026-09-13 19:33:16.878,1789338796.8789499,4
2026-09-13 19:33:16.886,1789338796.8866422,7
2026-09-13 19:33:16.894,1789338796.8943346,7
2026-09-13 19:33:16.902,1789338796.9020267,9
2026-09-13 19:33:16.909,1789338796.909719,14
2026-09-13 19:33:16.917,1789338796.9174113,16
2026-09-13 19:33:16.925,1789338796.9251037,12
2026-09-13 19:33:16.932,1789338796.932796,14
2026-09-13 19:33:16.940,1789338796.9404883,26
2026-09-13 19:33:16.948,1789338796.9481807,36
2026-09-13 19:33:16.955,1789338796.955873,50
2026-09-13 19:33:16.963,1789338796.963565,65
2026-09-13 19:33:16.971,1789338796.9712574,63
2026-09-13 19:33:16.978,1789338796.9789498,58
2026-09-13 19:33:16.986,1789338796.9866421,58
2026-09-13 19:33:16.994,1789338796.9943345,50
2026-09-13 19:33:17.002,1789338797.0020268,31
2026-09-13 19:33:17.009,1789338797.0097191,16
2026-09-13 19:33:17.017,1789338797.0174115,12
2026-09-13 19:33:17.025,1789338797.0251038,9
2026-09-13 19:33:17.032,1789338797.032796,12
2026-09-13 19:33:17.040,1789338797.0404882,19
2026-09-13 19:33:17.048,1789338797.0481806,24
2026-09-13 19:33:17.055,1789338797.0553417,24
2026-09-13 19:33:17.063,1789338797.063034,24
2026-09-13 19:33:17.070,1789338797.0707264,24
2026-09-13 19:33:17.078,1789338797.0784187,31
2026-09-13 19:33:17.086,1789338797.086111,126
2026-09-13 19:33:17.093,1789338797.0938032,378
2026-09-13 19:33:17.101,1789338797.1014955,734
2026-09-13 19:33:17.109,1789338797.1091878,984
2026-09-13 19:33:17.116,1789338797.1168802,742
2026-09-13 19:33:17.124,1789338797.1245725,31
2026-09-13 19:33:17.132,1789338797.1322649,-324
2026-09-13 19:33:17.139,1789338797.1399572,-99
2026-09-13 19:33:17.147,1789338797.1476495,7
2026-09-13 19:33:17.155,1789338797.1553416,-87
2026-09-13 19:33:17.163,1789338797.163034,-53
2026-09-13 19:33:17.170,1789338797.1707263,2
2026-09-13 19:33:17.178,1789338797.1784186,-24
2026-09-13 19:33:17.186,1789338797.186111,-21
2026-09-13 19:33:17.193,1789338797.1938033,4
2026-09-13 19:33:17.201,1789338797.2014956,4
2026-09-13 19:33:17.209,1789338797.209188,9
2026-09-13 19:33:17.216,1789338797.21688,24
2026-09-13 19:33:17.224,1789338797.2245724,26
2026-09-13 19:33:17.232,1789338797.2322648,24
2026-09-13 19:33:17.239,1789338797.239957,36
2026-09-13 19:33:17.247,1789338797.2476494,46
2026-09-13 19:33:17.255,1789338797.2553418,53
2026-09-13 19:33:17.263,1789338797.263034,60
2026-09-13 19:33:17.270,1789338797.2707264,72
2026-09-13 19:33:17.278,1789338797.2784185,87
2026-09-13 19:33:17.286,1789338797.2861109,97
2026-09-13 19:33:17.293,1789338797.2938032,109
2026-09-13 19:33:17.301,1789338797.3014956,128
2026-09-13 19:33:17.309,1789338797.309188,152
2026-09-13 19:33:17.316,1789338797.3168802,174
2026-09-13 19:33:17.324,1789338797.3245726,198
2026-09-13 19:33:17.332,1789338797.332265,223
2026-09-13 19:33:17.339,1789338797.339957,242
2026-09-13 19:33:17.347,1789338797.3476493,259
2026-09-13 19:33:17.355,1789338797.3553417,264
2026-09-13 19:33:17.363,1789338797.363034,252
2026-09-13 19:33:17.370,1789338797.3707263,225
2026-09-13 19:33:17.378,1789338797.3784187,184
2026-09-13 19:33:17.386,1789338797.386111,126
2026-09-13 19:33:17.393,1789338797.3938034,67
2026-09-13 19:33:17.401,1789338797.4014955,14
2026-09-13 19:33:17.409,1789338797.4091878,-29
2026-09-13 19:33:17.416,1789338797.4168801,-60
2026-09-13 19:33:17.424,1789338797.4245725,-77
2026-09-13 19:33:17.432,1789338797.4322648,-84
2026-09-13 19:33:17.439,1789338797.4399571,-92
2026-09-13 19:33:17.447,1789338797.4476495,-89
2026-09-13 19:33:17.455,1789338797.4553418,-82
2026-09-13 19:33:17.463,1789338797.463034,-82
2026-09-13 19:33:17.470,1789338797.4707263,-82
2026-09-13 19:33:17.478,1789338797.4784186,-72
2026-09-13 19:33:17.486,1789338797.486111,-63
2026-09-13 19:33:17.493,1789338797.4938033,-58
2026-09-13 19:33:17.501,1789338797.5014956,-55
2026-09-13 19:33:17.509,1789338797.509188,-48
2026-09-13 19:33:17.516,1789338797.5168803,-41
2026-09-13 19:33:17.524,1789338797.5245724,-38
2026-09-13 19:33:17.532,1789338797.5322647,-36
2026-09-13 19:33:17.539,1789338797.539957,-29
2026-09-13 19:33:17.547,1789338797.5476494,-29
2026-09-13 19:33:17.555,1789338797.5553417,-31
2026-09-13 19:33:17.563,1789338797.563034,-31
2026-09-13 19:33:17.570,1789338797.5707264,-31
2026-09-13 19:33:17.578,1789338797.5784187,-33
2026-09-13 19:33:17.586,1789338797.586111,-33
2026-09-13 19:33:17.593,1789338797.5938032,-31
2026-09-13 19:33:17.601,1789338797.6014955,-31
2026-09-13 19:33:17.609,1789338797.6091878,-26
2026-09-13 19:33:17.616,1789338797.6163187,-24
2026-09-13 19:33:17.624,1789338797.624011,-26
2026-09-13 19:33:17.631,1789338797.6317034,-26
2026-09-13 19:33:17.639,1789338797.6393957,-24
2026-09-13 19:33:17.647,1789338797.647088,-21
2026-09-13 19:33:17.654,1789338797.6547801,-21
2026-09-13 19:33:17.662,1789338797.6624725,-19
2026-09-13 19:33:17.670,1789338797.6701648,-16
2026-09-13 19:33:17.677,1789338797.6778572,-14
2026-09-13 19:33:17.685,1789338797.6855495,-14
2026-09-13 19:33:17.693,1789338797.6932418,-19
2026-09-13 19:33:17.700,1789338797.7009342,-16
2026-09-13 19:33:17.708,1789338797.7086265,-12
2026-09-13 19:33:17.716,1789338797.7163186,-9
2026-09-13 19:33:17.724,1789338797.724011,-9
2026-09-13 19:33:17.731,1789338797.7317033,-9
2026-09-13 19:33:17.739,1789338797.7393956,-7
2026-09-13 19:33:17.747,1789338797.747088,-4
2026-09-13 19:33:17.754,1789338797.7547803,-7
2026-09-13 19:33:17.762,1789338797.7624726,-7
2026-09-13 19:33:17.770,1789338797.770165,-4
2026-09-13 19:33:17.777,1789338797.777857,-4
2026-09-13 19:33:17.785,1789338797.7855494,-7
2026-09-13 19:33:17.793,1789338797.7932417,-4
2026-09-13 19:33:17.800,1789338797.800934,0
2026-09-13 19:33:17.808,1789338797.8086264,0
2026-09-13 19:33:17.816,1789338797.8163188,-2
2026-09-13 19:33:17.824,1789338797.824011,0
2026-09-13 19:33:17.831,1789338797.8317034,0
2026-09-13 19:33:17.839,1789338797.8393955,0
2026-09-13 19:33:17.847,1789338797.8470879,0
2026-09-13 19:33:17.854,1789338797.8547802,0
2026-09-13 19:33:17.862,1789338797.8624725,-4
2026-09-13 19:33:17.870,1789338797.8701649,0
2026-09-13 19:33:17.877,1789338797.8778572,14
2026-09-13 19:33:17.885,1789338797.8855495,29
2026-09-13 19:33:17.893,1789338797.893242,43
2026-09-13 19:33:17.900,1789338797.900934,48
2026-09-13 19:33:17.908,1789338797.9086263,38
2026-09-13 19:33:17.916,1789338797.9163187,31
2026-09-13 19:33:17.924,1789338797.924011,33
2026-09-13 19:33:17.931,1789338797.9317033,26
2026-09-13 19:33:17.939,1789338797.9393957,4
2026-09-13 19:33:17.947,1789338797.947088,-12
2026-09-13 19:33:17.954,1789338797.9547803,-14
2026-09-13 19:33:17.962,1789338797.9624724,-14
2026-09-13 19:33:17.970,1789338797.9701648,-14
2026-09-13 19:33:17.977,1789338797.977857,-9
2026-09-13 19:33:17.985,1789338797.9855494,-9
2026-09-13 19:33:17.993,1789338797.9932418,-12
2026-09-13 19:33:18.000,1789338798.0009341,-12
2026-09-13 19:33:18.008,1789338798.0086265,-12
2026-09-13 19:33:18.016,1789338798.0163188,31
2026-09-13 19:33:18.024,1789338798.024011,206
2026-09-13 19:33:18.031,1789338798.0317032,523
2026-09-13 19:33:18.039,1789338798.0393956,899
2026-09-13 19:33:18.047,1789338798.047088,987
2026-09-13 19:33:18.054,1789338798.0547802,414
2026-09-13 19:33:18.062,1789338798.0624726,-274
2026-09-13 19:33:18.070,1789338798.070165,-283
2026-09-13 19:33:18.077,1789338798.0778573,-33
2026-09-13 19:33:18.085,1789338798.0855494,-87
2026-09-13 19:33:18.093,1789338798.0932417,-147
2026-09-13 19:33:18.100,1789338798.100934,-75
2026-09-13 19:33:18.108,1789338798.1086264,-70
2026-09-13 19:33:18.116,1789338798.1163187,-92
2026-09-13 19:33:18.124,1789338798.124011,-63
2026-09-13 19:33:18.131,1789338798.1317034,-46
2026-09-13 19:33:18.139,1789338798.1393957,-53
2026-09-13 19:33:18.147,1789338798.147088,-46
2026-09-13 19:33:18.154,1789338798.1547801,-33
2026-09-13 19:33:18.162,1789338798.1624725,-29
2026-09-13 19:33:18.170,1789338798.1701648,-19
2026-09-13 19:33:18.177,1789338798.1773257,-12
2026-09-13 19:33:18.185,1789338798.185018,-2
2026-09-13 19:33:18.192,1789338798.1927104,4
2026-09-13 19:33:18.200,1789338798.2004027,16
2026-09-13 19:33:18.208,1789338798.208095,29
2026-09-13 19:33:18.215,1789338798.2157872,38
2026-09-13 19:33:18.223,1789338798.2234795,50
2026-09-13 19:33:18.231,1789338798.2311718,70
2026-09-13 19:33:18.238,1789338798.2388642,87
2026-09-13 19:33:18.246,1789338798.2465565,111
2026-09-13 19:33:18.254,1789338798.2542489,135
2026-09-13 19:33:18.261,1789338798.2619412,152
2026-09-13 19:33:18.269,1789338798.2696335,177
2026-09-13 19:33:18.277,1789338798.2773256,196
2026-09-13 19:33:18.285,1789338798.285018,203
2026-09-13 19:33:18.292,1789338798.2927103,201
2026-09-13 19:33:18.300,1789338798.3004026,196
2026-09-13 19:33:18.308,1789338798.308095,177
2026-09-13 19:33:18.315,1789338798.3157873,138
2026-09-13 19:33:18.323,1789338798.3234797,87
2026-09-13 19:33:18.331,1789338798.331172,38
2026-09-13 19:33:18.338,1789338798.338864,-2
2026-09-13 19:33:18.346,1789338798.3465564,-41
2026-09-13 19:33:18.354,1789338798.3542488,-67
2026-09-13 19:33:18.361,1789338798.361941,-84
2026-09-13 19:33:18.369,1789338798.3696334,-92
2026-09-13 19:33:18.377,1789338798.3773258,-94
2026-09-13 19:33:18.385,1789338798.385018,-92
2026-09-13 19:33:18.392,1789338798.3927104,-87
2026-09-13 19:33:18.400,1789338798.4004025,-84
2026-09-13 19:33:18.408,1789338798.408095,-77
2026-09-13 19:33:18.415,1789338798.4157872,-63
2026-09-13 19:33:18.423,1789338798.4234796,-58
2026-09-13 19:33:18.431,1789338798.431172,-55
2026-09-13 19:33:18.438,1789338798.4388642,-50
2026-09-13 19:33:18.446,1789338798.4465566,-46
2026-09-13 19:33:18.454,1789338798.454249,-46
2026-09-13 19:33:18.461,1789338798.461941,-46
2026-09-13 19:33:18.469,1789338798.4696333,-41
2026-09-13 19:33:18.477,1789338798.4773257,-36
2026-09-13 19:33:18.485,1789338798.485018,-38
2026-09-13 19:33:18.492,1789338798.4927104,-38
2026-09-13 19:33:18.500,1789338798.5004027,-33
2026-09-13 19:33:18.508,1789338798.508095,-33
2026-09-13 19:33:18.515,1789338798.5157874,-36
2026-09-13 19:33:18.523,1789338798.5234795,-36
2026-09-13 19:33:18.531,1789338798.5311718,-38
2026-09-13 19:33:18.538,1789338798.5388641,-38
2026-09-13 19:33:18.546,1789338798.5465565,-36
2026-09-13 19:33:18.554,1789338798.5542488,-33
2026-09-13 19:33:18.561,1789338798.5619411,-31
2026-09-13 19:33:18.569,1789338798.5696335,-29
2026-09-13 19:33:18.577,1789338798.5773258,-29
2026-09-13 19:33:18.585,1789338798.585018,-26
2026-09-13 19:33:18.592,1789338798.5927103,-29
2026-09-13 19:33:18.600,1789338798.6004026,-24
2026-09-13 19:33:18.608,1789338798.608095,-16
2026-09-13 19:33:18.615,1789338798.6157873,-14
2026-09-13 19:33:18.623,1789338798.6234796,-14
2026-09-13 19:33:18.631,1789338798.631172,-16
2026-09-13 19:33:18.638,1789338798.6388643,-16
2026-09-13 19:33:18.646,1789338798.6465564,-14
2026-09-13 19:33:18.654,1789338798.6542487,-14
2026-09-13 19:33:18.661,1789338798.661941,-14
2026-09-13 19:33:18.669,1789338798.6696334,-9
2026-09-13 19:33:18.677,1789338798.6773257,-4
2026-09-13 19:33:18.685,1789338798.685018,-7
2026-09-13 19:33:18.692,1789338798.6927104,-16
2026-09-13 19:33:18.700,1789338798.7004027,-12
2026-09-13 19:33:18.708,1789338798.708095,0
2026-09-13 19:33:18.715,1789338798.7157872,0
2026-09-13 19:33:18.723,1789338798.7234795,-4
2026-09-13 19:33:18.731,1789338798.7311718,-2
2026-09-13 19:33:18.738,1789338798.7383027,0
2026-09-13 19:33:18.745,1789338798.745995,0
2026-09-13 19:33:18.753,1789338798.7536874,-4
2026-09-13 19:33:18.761,1789338798.7613797,-2
2026-09-13 19:33:18.769,1789338798.769072,4
2026-09-13 19:33:18.776,1789338798.7767642,2
2026-09-13 19:33:18.784,1789338798.7844565,0
2026-09-13 19:33:18.792,1789338798.7921488,2
2026-09-13 19:33:18.799,1789338798.7998412,7
2026-09-13 19:33:18.807,1789338798.8075335,7
2026-09-13 19:33:18.815,1789338798.8152258,7
2026-09-13 19:33:18.822,1789338798.8229182,9
2026-09-13 19:33:18.830,1789338798.8306105,7
2026-09-13 19:33:18.838,1789338798.8383026,0
2026-09-13 19:33:18.845,1789338798.845995,2
2026-09-13 19:33:18.853,1789338798.8536873,9
2026-09-13 19:33:18.861,1789338798.8613796,-2
2026-09-13 19:33:18.869,1789338798.869072,2
2026-09-13 19:33:18.876,1789338798.8767643,26
2026-09-13 19:33:18.884,1789338798.8844566,41
2026-09-13 19:33:18.892,1789338798.892149,53
2026-09-13 19:33:18.899,1789338798.899841,67
2026-09-13 19:33:18.907,1789338798.9075334,63
2026-09-13 19:33:18.915,1789338798.9152257,46
2026-09-13 19:33:18.922,1789338798.922918,46
2026-09-13 19:33:18.930,1789338798.9306104,33
2026-09-13 19:33:18.938,1789338798.9383028,7
2026-09-13 19:33:18.945,1789338798.945995,-4
2026-09-13 19:33:18.953,1789338798.9536874,0
2026-09-13 19:33:18.961,1789338798.9613795,-4
2026-09-13 19:33:18.969,1789338798.9690719,-2
2026-09-13 19:33:18.976,1789338798.9767642,2
2026-09-13 19:33:18.984,1789338798.9844565,2
2026-09-13 19:33:18.992,1789338798.9921489,0
2026-09-13 19:33:18.999,1789338798.9998412,0
2026-09-13 19:33:19.007,1789338799.0075336,0
2026-09-13 19:33:19.015,1789338799.015226,63
2026-09-13 19:33:19.022,1789338799.022918,254
2026-09-13 19:33:19.030,1789338799.0306103,567
2026-09-13 19:33:19.038,1789338799.0383027,936
2026-09-13 19:33:19.045,1789338799.045995,987
2026-09-13 19:33:19.053,1789338799.0536873,351
2026-09-13 19:33:19.061,1789338799.0613797,-293
2026-09-13 19:33:19.069,1789338799.069072,-227
2026-09-13 19:33:19.076,1789338799.0767643,-12
2026-09-13 19:33:19.084,1789338799.0844564,-94
2026-09-13 19:33:19.092,1789338799.0921488,-130
2026-09-13 19:33:19.099,1789338799.099841,-60
2026-09-13 19:33:19.107,1789338799.1075335,-67
2026-09-13 19:33:19.115,1789338799.1152258,-77
2026-09-13 19:33:19.122,1789338799.1229181,-48
2026-09-13 19:33:19.130,1789338799.1306105,-43
2026-09-13 19:33:19.138,1789338799.1383028,-48
2026-09-13 19:33:19.145,1789338799.145995,-33
2026-09-13 19:33:19.153,1789338799.1536872,-21
2026-09-13 19:33:19.161,1789338799.1613796,-16
2026-09-13 19:33:19.169,1789338799.169072,-4
2026-09-13 19:33:19.176,1789338799.1767642,4
2026-09-13 19:33:19.184,1789338799.1844566,9
2026-09-13 19:33:19.192,1789338799.192149,16
2026-09-13 19:33:19.199,1789338799.1998413,26
2026-09-13 19:33:19.207,1789338799.2075334,38
2026-09-13 19:33:19.215,1789338799.2152257,50
2026-09-13 19:33:19.222,1789338799.222918,67
2026-09-13 19:33:19.230,1789338799.2306104,87
2026-09-13 19:33:19.238,1789338799.2383027,101
2026-09-13 19:33:19.245,1789338799.245995,123
2026-09-13 19:33:19.253,1789338799.2536874,143
2026-09-13 19:33:19.261,1789338799.2613797,164
2026-09-13 19:33:19.269,1789338799.269072,191
2026-09-13 19:33:19.276,1789338799.2767642,210
2026-09-13 19:33:19.284,1789338799.2844565,220
2026-09-13 19:33:19.292,1789338799.2921488,223
2026-09-13 19:33:19.299,1789338799.29931,210
2026-09-13 19:33:19.307,1789338799.3070023,184
2026-09-13 19:33:19.314,1789338799.3146946,150
2026-09-13 19:33:19.322,1789338799.322387,104
2026-09-13 19:33:19.330,1789338799.3300793,50
2026-09-13 19:33:19.337,1789338799.3377714,4
2026-09-13 19:33:19.345,1789338799.3454638,-29
2026-09-13 19:33:19.353,1789338799.353156,-58
2026-09-13 19:33:19.360,1789338799.3608484,-75
2026-09-13 19:33:19.368,1789338799.3685408,-80
2026-09-13 19:33:19.376,1789338799.376233,-82
2026-09-13 19:33:19.383,1789338799.3839254,-82
2026-09-13 19:33:19.391,1789338799.3916178,-72
2026-09-13 19:33:19.399,1789338799.3993099,-63
2026-09-13 19:33:19.407,1789338799.4070022,-63
2026-09-13 19:33:19.414,1789338799.4146945,-58
2026-09-13 19:33:19.422,1789338799.422387,-41
2026-09-13 19:33:19.430,1789338799.4300792,-33
2026-09-13 19:33:19.437,1789338799.4377716,-36
2026-09-13 19:33:19.445,1789338799.445464,-31
2026-09-13 19:33:19.453,1789338799.4531562,-21
2026-09-13 19:33:19.460,1789338799.4608483,-21
2026-09-13 19:33:19.468,1789338799.4685407,-24
2026-09-13 19:33:19.476,1789338799.476233,-21
2026-09-13 19:33:19.483,1789338799.4839253,-16
2026-09-13 19:33:19.491,1789338799.4916177,-19
2026-09-13 19:33:19.499,1789338799.49931,-16
2026-09-13 19:33:19.507,1789338799.5070024,-14
2026-09-13 19:33:19.514,1789338799.5146947,-12
2026-09-13 19:33:19.522,1789338799.5223868,-12
2026-09-13 19:33:19.530,1789338799.5300791,-9
2026-09-13 19:33:19.537,1789338799.5377715,-7
2026-09-13 19:33:19.545,1789338799.5454638,-7
2026-09-13 19:33:19.553,1789338799.5531561,-9
2026-09-13 19:33:19.560,1789338799.5608485,-7
2026-09-13 19:33:19.568,1789338799.5685408,-4
2026-09-13 19:33:19.576,1789338799.5762331,-4
2026-09-13 19:33:19.583,1789338799.5839252,-2
2026-09-13 19:33:19.591,1789338799.5916176,2
2026-09-13 19:33:19.599,1789338799.59931,2
2026-09-13 19:33:19.607,1789338799.6070023,2
2026-09-13 19:33:19.614,1789338799.6146946,4
2026-09-13 19:33:19.622,1789338799.622387,7
2026-09-13 19:33:19.630,1789338799.6300793,7
2026-09-13 19:33:19.637,1789338799.6377716,9
2026-09-13 19:33:19.645,1789338799.6454637,12
2026-09-13 19:33:19.653,1789338799.653156,16
2026-09-13 19:33:19.660,1789338799.6608484,16
2026-09-13 19:33:19.668,1789338799.6685407,14
2026-09-13 19:33:19.676,1789338799.676233,16
2026-09-13 19:33:19.683,1789338799.6839254,21
2026-09-13 19:33:19.691,1789338799.6916177,19
2026-09-13 19:33:19.699,1789338799.69931,19
2026-09-13 19:33:19.707,1789338799.7070022,21
2026-09-13 19:33:19.714,1789338799.7146945,21
2026-09-13 19:33:19.722,1789338799.7223868,19
2026-09-13 19:33:19.730,1789338799.7300792,24
2026-09-13 19:33:19.737,1789338799.7377715,29
2026-09-13 19:33:19.745,1789338799.7454638,29
2026-09-13 19:33:19.753,1789338799.7531562,26
2026-09-13 19:33:19.760,1789338799.7608485,26
2026-09-13 19:33:19.768,1789338799.7685406,29
2026-09-13 19:33:19.776,1789338799.776233,29
2026-09-13 19:33:19.783,1789338799.7839253,29
2026-09-13 19:33:19.791,1789338799.7916176,26
2026-09-13 19:33:19.799,1789338799.79931,24
2026-09-13 19:33:19.807,1789338799.8070023,26
2026-09-13 19:33:19.814,1789338799.8146946,26
2026-09-13 19:33:19.822,1789338799.822387,24
2026-09-13 19:33:19.830,1789338799.8300793,26
2026-09-13 19:33:19.837,1789338799.8377714,24
2026-09-13 19:33:19.845,1789338799.8454638,16
2026-09-13 19:33:19.853,1789338799.853156,21
2026-09-13 19:33:19.860,1789338799.8602867,43
2026-09-13 19:33:19.867,1789338799.867979,58
2026-09-13 19:33:19.875,1789338799.8756714,75
2026-09-13 19:33:19.883,1789338799.8833637,92
2026-09-13 19:33:19.891,1789338799.891056,80
2026-09-13 19:33:19.898,1789338799.8987482,63
2026-09-13 19:33:19.906,1789338799.9064405,63
2026-09-13 19:33:19.914,1789338799.9141328,55
2026-09-13 19:33:19.921,1789338799.9218252,31
2026-09-13 19:33:19.929,1789338799.9295175,12
2026-09-13 19:33:19.937,1789338799.9372098,14
2026-09-13 19:33:19.944,1789338799.9449022,16
2026-09-13 19:33:19.952,1789338799.9525945,16
2026-09-13 19:33:19.960,1789338799.9602866,16
2026-09-13 19:33:19.967,1789338799.967979,21
2026-09-13 19:33:19.975,1789338799.9756713,21
2026-09-13 19:33:19.983,1789338799.9833636,16
2026-09-13 19:33:19.991,1789338799.991056,12
2026-09-13 19:33:19.998,1789338799.9987483,70
2026-09-13 19:33:20.006,1789338800.0064406,249
2026-09-13 19:33:20.014,1789338800.014133,545
2026-09-13 19:33:20.021,1789338800.021825,906
2026-09-13 19:33:20.029,1789338800.0295174,987
2026-09-13 19:33:20.037,1789338800.0372097,380
2026-09-13 19:33:20.044,1789338800.044902,-293
2026-09-13 19:33:20.052,1789338800.0525944,-242
2026-09-13 19:33:20.060,1789338800.0602868,4
2026-09-13 19:33:20.067,1789338800.067979,-65
2026-09-13 19:33:20.075,1789338800.0756714,-106
2026-09-13 19:33:20.083,1789338800.0833635,-29
2026-09-13 19:33:20.091,1789338800.0910559,-33
2026-09-13 19:33:20.098,1789338800.0987482,-55
2026-09-13 19:33:20.106,1789338800.1064405,-29
2026-09-13 19:33:20.114,1789338800.114133,-14
2026-09-13 19:33:20.121,1789338800.1218252,-16
2026-09-13 19:33:20.129,1789338800.1295176,-7
2026-09-13 19:33:20.137,1789338800.13721,4
2026-09-13 19:33:20.144,1789338800.144902,12
2026-09-13 19:33:20.152,1789338800.1525943,24
2026-09-13 19:33:20.160,1789338800.1602867,38
2026-09-13 19:33:20.167,1789338800.167979,43
2026-09-13 19:33:20.175,1789338800.1756713,48
2026-09-13 19:33:20.183,1789338800.1833637,60
2026-09-13 19:33:20.191,1789338800.191056,75
2026-09-13 19:33:20.198,1789338800.1987484,87
2026-09-13 19:33:20.206,1789338800.2064404,101
2026-09-13 19:33:20.214,1789338800.2141328,126
2026-09-13 19:33:20.221,1789338800.2218251,147
2026-09-13 19:33:20.229,1789338800.2295175,164
2026-09-13 19:33:20.237,1789338800.2372098,184
2026-09-13 19:33:20.244,1789338800.2449021,215
2026-09-13 19:33:20.252,1789338800.2525945,240
2026-09-13 19:33:20.260,1789338800.2602868,257
2026-09-13 19:33:20.267,1789338800.267979,274
2026-09-13 19:33:20.275,1789338800.2756712,271
2026-09-13 19:33:20.283,1789338800.2833636,252
2026-09-13 19:33:20.291,1789338800.291056,230
2026-09-13 19:33:20.298,1789338800.2987483,196
2026-09-13 19:33:20.306,1789338800.3064406,140
2026-09-13 19:33:20.314,1789338800.314133,87
2026-09-13 19:33:20.321,1789338800.3218253,38
2026-09-13 19:33:20.329,1789338800.3295174,-9
2026-09-13 19:33:20.337,1789338800.3372097,-48
2026-09-13 19:33:20.344,1789338800.344902,-60
2026-09-13 19:33:20.352,1789338800.3525944,-63
2026-09-13 19:33:20.360,1789338800.3602867,-67
2026-09-13 19:33:20.367,1789338800.367979,-72
2026-09-13 19:33:20.375,1789338800.3756714,-60
2026-09-13 19:33:20.383,1789338800.3833637,-43
2026-09-13 19:33:20.391,1789338800.391056,-33
2026-09-13 19:33:20.398,1789338800.3987482,-31
2026-09-13 19:33:20.406,1789338800.4064405,-26
2026-09-13 19:33:20.414,1789338800.4141328,-19
2026-09-13 19:33:20.421,1789338800.4212635,-12
2026-09-13 19:33:20.428,1789338800.4289558,-12
2026-09-13 19:33:20.436,1789338800.4366481,-14
2026-09-13 19:33:20.444,1789338800.4443405,-7
2026-09-13 19:33:20.452,1789338800.4520328,-2
2026-09-13 19:33:20.459,1789338800.459725,0
2026-09-13 19:33:20.467,1789338800.4674172,4
2026-09-13 19:33:20.475,1789338800.4751096,4
2026-09-13 19:33:20.482,1789338800.482802,4
2026-09-13 19:33:20.490,1789338800.4904943,4
2026-09-13 19:33:20.498,1789338800.4981866,9
2026-09-13 19:33:20.505,1789338800.505879,9
2026-09-13 19:33:20.513,1789338800.5135713,12
2026-09-13 19:33:20.521,1789338800.5212634,14
2026-09-13 19:33:20.528,1789338800.5289557,16
2026-09-13 19:33:20.536,1789338800.536648,16
2026-09-13 19:33:20.544,1789338800.5443404,19
2026-09-13 19:33:20.552,1789338800.5520327,19
2026-09-13 19:33:20.559,1789338800.559725,7
2026-09-13 19:33:20.567,1789338800.5674174,9
2026-09-13 19:33:20.575,1789338800.5751097,21
2026-09-13 19:33:20.582,1789338800.5828018,24
2026-09-13 19:33:20.590,1789338800.5904942,21
2026-09-13 19:33:20.598,1789338800.5981865,24
2026-09-13 19:33:20.605,1789338800.6058788,33
2026-09-13 19:33:20.613,1789338800.6135712,36
2026-09-13 19:33:20.621,1789338800.6212635,26
2026-09-13 19:33:20.628,1789338800.6289558,24
2026-09-13 19:33:20.636,1789338800.6366482,36
2026-09-13 19:33:20.644,1789338800.6443403,43
2026-09-13 19:33:20.652,1789338800.6520326,43
2026-09-13 19:33:20.659,1789338800.659725,38
2026-09-13 19:33:20.667,1789338800.6674173,36
2026-09-13 19:33:20.675,1789338800.6751096,38
2026-09-13 19:33:20.682,1789338800.682802,38
2026-09-13 19:33:20.690,1789338800.6904943,38
2026-09-13 19:33:20.698,1789338800.6981866,43
2026-09-13 19:33:20.705,1789338800.7058787,46
2026-09-13 19:33:20.713,1789338800.713571,38
2026-09-13 19:33:20.721,1789338800.7212634,41
2026-09-13 19:33:20.728,1789338800.7289557,46
2026-09-13 19:33:20.736,1789338800.736648,46
2026-09-13 19:33:20.744,1789338800.7443404,50
2026-09-13 19:33:20.752,1789338800.7520328,65
2026-09-13 19:33:20.759,1789338800.759725,80
2026-09-13 19:33:20.767,1789338800.7674172,99
2026-09-13 19:33:20.775,1789338800.7751095,106
2026-09-13 19:33:20.782,1789338800.7828019,89
2026-09-13 19:33:20.790,1789338800.7904942,77
2026-09-13 19:33:20.798,1789338800.7981865,72
2026-09-13 19:33:20.805,1789338800.8058789,48
2026-09-13 19:33:20.813,1789338800.8135712,31
2026-09-13 19:33:20.821,1789338800.8212636,33
2026-09-13 19:33:20.828,1789338800.8289557,36
2026-09-13 19:33:20.836,1789338800.836648,29
2026-09-13 19:33:20.844,1789338800.8443403,29
2026-09-13 19:33:20.852,1789338800.8520327,33
2026-09-13 19:33:20.859,1789338800.859725,38
2026-09-13 19:33:20.867,1789338800.8674173,36
2026-09-13 19:33:20.875,1789338800.8751097,31
2026-09-13 19:33:20.882,1789338800.882802,67
2026-09-13 19:33:20.890,1789338800.890494,215
2026-09-13 19:33:20.898,1789338800.8981864,521
2026-09-13 19:33:20.905,1789338800.9058788,919
2026-09-13 19:33:20.913,1789338800.9135711,1091
2026-09-13 19:33:20.921,1789338800.9212635,555
2026-09-13 19:33:20.928,1789338800.9289558,-264
2026-09-13 19:33:20.936,1789338800.9366481,-354
2026-09-13 19:33:20.944,1789338800.9443405,-7
2026-09-13 19:33:20.952,1789338800.9520328,-14
2026-09-13 19:33:20.959,1789338800.959725,-104
2026-09-13 19:33:20.967,1789338800.9674172,-16
2026-09-13 19:33:20.975,1789338800.9751096,2
2026-09-13 19:33:20.982,1789338800.982271,-36
2026-09-13 19:33:20.989,1789338800.9899633,-7
2026-09-13 19:33:20.997,1789338800.9976556,16
2026-09-13 19:33:21.005,1789338801.005348,9
2026-09-13 19:33:21.013,1789338801.0130403,31
2026-09-13 19:33:21.020,1789338801.0207324,50
2026-09-13 19:33:21.028,1789338801.0284247,46
2026-09-13 19:33:21.036,1789338801.036117,55
2026-09-13 19:33:21.043,1789338801.0438094,75
2026-09-13 19:33:21.051,1789338801.0515018,75
2026-09-13 19:33:21.059,1789338801.059194,72
2026-09-13 19:33:21.066,1789338801.0668864,84
2026-09-13 19:33:21.074,1789338801.0745788,109
2026-09-13 19:33:21.082,1789338801.0822709,126
2026-09-13 19:33:21.089,1789338801.0899632,135
2026-09-13 19:33:21.097,1789338801.0976555,164
2026-09-13 19:33:21.105,1789338801.1053479,194
2026-09-13 19:33:21.113,1789338801.1130402,213
2026-09-13 19:33:21.120,1789338801.1207325,242
2026-09-13 19:33:21.128,1789338801.128425,278
2026-09-13 19:33:21.136,1789338801.1361172,295
2026-09-13 19:33:21.143,1789338801.1438093,317
2026-09-13 19:33:21.151,1789338801.1515017,339
2026-09-13 19:33:21.159,1789338801.159194,344
2026-09-13 19:33:21.166,1789338801.1668863,320
2026-09-13 19:33:21.174,1789338801.1745787,281
2026-09-13 19:33:21.182,1789338801.182271,232
2026-09-13 19:33:21.189,1789338801.1899633,164
2026-09-13 19:33:21.197,1789338801.1976557,84
2026-09-13 19:33:21.205,1789338801.2053478,16
2026-09-13 19:33:21.213,1789338801.21304,-21
2026-09-13 19:33:21.220,1789338801.2207325,-48
2026-09-13 19:33:21.228,1789338801.2284248,-72
2026-09-13 19:33:21.236,1789338801.2361171,-87
2026-09-13 19:33:21.243,1789338801.2438095,-92
2026-09-13 19:33:21.251,1789338801.2515018,-87
2026-09-13 19:33:21.259,1789338801.2591941,-84
2026-09-13 19:33:21.266,1789338801.2668862,-87
2026-09-13 19:33:21.274,1789338801.2745786,-80
2026-09-13 19:33:21.282,1789338801.282271,-67
2026-09-13 19:33:21.289,1789338801.2899632,-53
2026-09-13 19:33:21.297,1789338801.2976556,-38
2026-09-13 19:33:21.305,1789338801.305348,-41
2026-09-13 19:33:21.313,1789338801.3130403,-46
2026-09-13 19:33:21.320,1789338801.3207326,-29
2026-09-13 19:33:21.328,1789338801.3284247,-19
2026-09-13 19:33:21.336,1789338801.336117,-24
2026-09-13 19:33:21.343,1789338801.3438094,-19
2026-09-13 19:33:21.351,1789338801.3515017,-14
2026-09-13 19:33:21.359,1789338801.359194,-21
2026-09-13 19:33:21.366,1789338801.3668864,-19
2026-09-13 19:33:21.374,1789338801.3745787,-7
2026-09-13 19:33:21.382,1789338801.382271,-9
2026-09-13 19:33:21.389,1789338801.3899632,-16
2026-09-13 19:33:21.397,1789338801.3976555,-7
2026-09-13 19:33:21.405,1789338801.4053478,4
2026-09-13 19:33:21.413,1789338801.4130402,-4
2026-09-13 19:33:21.420,1789338801.4207325,-14
2026-09-13 19:33:21.428,1789338801.4284248,-4
2026-09-13 19:33:21.436,1789338801.4361172,2
2026-09-13 19:33:21.443,1789338801.4438095,4
2026-09-13 19:33:21.451,1789338801.4515016,2
2026-09-13 19:33:21.459,1789338801.459194,-4
2026-09-13 19:33:21.466,1789338801.4668863,7
2026-09-13 19:33:21.474,1789338801.4745786,26
2026-09-13 19:33:21.482,1789338801.482271,19
2026-09-13 19:33:21.489,1789338801.4899633,2
2026-09-13 19:33:21.497,1789338801.4976556,9
2026-09-13 19:33:21.505,1789338801.505348,21
2026-09-13 19:33:21.513,1789338801.5130403,26
2026-09-13 19:33:21.520,1789338801.5207324,36
2026-09-13 19:33:21.528,1789338801.5284247,38
2026-09-13 19:33:21.536,1789338801.536117,36
2026-09-13 19:33:21.543,1789338801.5432475,60
2026-09-13 19:33:21.550,1789338801.5509398,80
2026-09-13 19:33:21.558,1789338801.5586321,72
2026-09-13 19:33:21.566,1789338801.5663245,72
2026-09-13 19:33:21.574,1789338801.5740168,75
2026-09-13 19:33:21.581,1789338801.581709,53
2026-09-13 19:33:21.589,1789338801.5894012,36
2026-09-13 19:33:21.597,1789338801.5970936,33
2026-09-13 19:33:21.604,1789338801.604786,21
2026-09-13 19:33:21.612,1789338801.6124783,9
2026-09-13 19:33:21.620,1789338801.6201706,21
2026-09-13 19:33:21.627,1789338801.627863,38
2026-09-13 19:33:21.635,1789338801.6355553,26
2026-09-13 19:33:21.643,1789338801.6432474,19
2026-09-13 19:33:21.650,1789338801.6509397,36
2026-09-13 19:33:21.658,1789338801.658632,31
2026-09-13 19:33:21.666,1789338801.6663244,31
2026-09-13 19:33:21.674,1789338801.6740167,164
2026-09-13 19:33:21.681,1789338801.681709,487
2026-09-13 19:33:21.689,1789338801.6894014,875
2026-09-13 19:33:21.697,1789338801.6970937,1057
2026-09-13 19:33:21.704,1789338801.7047858,623
2026-09-13 19:33:21.712,1789338801.7124782,-186
2026-09-13 19:33:21.720,1789338801.7201705,-388
2026-09-13 19:33:21.727,1789338801.7278628,-58
2026-09-13 19:33:21.735,1789338801.7355552,-4
2026-09-13 19:33:21.743,1789338801.7432475,-99
2026-09-13 19:33:21.750,1789338801.7509398,-36
2026-09-13 19:33:21.758,1789338801.7586322,-2
2026-09-13 19:33:21.766,1789338801.7663243,-29
2026-09-13 19:33:21.774,1789338801.7740166,-12
2026-09-13 19:33:21.781,1789338801.781709,9
2026-09-13 19:33:21.789,1789338801.7894013,4
2026-09-13 19:33:21.797,1789338801.7970936,16
2026-09-13 19:33:21.804,1789338801.804786,43
2026-09-13 19:33:21.812,1789338801.8124783,41
2026-09-13 19:33:21.820,1789338801.8201706,29
2026-09-13 19:33:21.827,1789338801.8278627,48
2026-09-13 19:33:21.835,1789338801.835555,80
2026-09-13 19:33:21.843,1789338801.8432474,82
2026-09-13 19:33:21.850,1789338801.8509398,70
2026-09-13 19:33:21.858,1789338801.858632,80
2026-09-13 19:33:21.866,1789338801.8663244,113
2026-09-13 19:33:21.874,1789338801.8740168,135
2026-09-13 19:33:21.881,1789338801.881709,143
2026-09-13 19:33:21.889,1789338801.8894012,160
2026-09-13 19:33:21.897,1789338801.8970935,191
2026-09-13 19:33:21.904,1789338801.9047859,230
2026-09-13 19:33:21.912,1789338801.9124782,264
2026-09-13 19:33:21.920,1789338801.9201705,295
2026-09-13 19:33:21.927,1789338801.927863,320
2026-09-13 19:33:21.935,1789338801.9355552,324
2026-09-13 19:33:21.943,1789338801.9432476,320
2026-09-13 19:33:21.950,1789338801.9509397,315
2026-09-13 19:33:21.958,1789338801.958632,276
2026-09-13 19:33:21.966,1789338801.9663243,210
2026-09-13 19:33:21.974,1789338801.9740167,145
2026-09-13 19:33:21.981,1789338801.981709,77
2026-09-13 19:33:21.989,1789338801.9894013,4
2026-09-13 19:33:21.997,1789338801.9970937,-41
2026-09-13 19:33:22.004,1789338802.004786,-58
2026-09-13 19:33:22.012,1789338802.012478,-87
2026-09-13 19:33:22.020,1789338802.0201705,-109
2026-09-13 19:33:22.027,1789338802.0278628,-104
2026-09-13 19:33:22.035,1789338802.0355551,-89
2026-09-13 19:33:22.043,1789338802.0432475,-87
2026-09-13 19:33:22.050,1789338802.0509398,-92
2026-09-13 19:33:22.058,1789338802.0586321,-75
2026-09-13 19:33:22.066,1789338802.0663245,-53
2026-09-13 19:33:22.074,1789338802.0740168,-65
2026-09-13 19:33:22.081,1789338802.081709,-72
2026-09-13 19:33:22.089,1789338802.0894012,-41
2026-09-13 19:33:22.097,1789338802.0970936,-19
2026-09-13 19:33:22.104,1789338802.1042244,-26
2026-09-13 19:33:22.111,1789338802.1119168,-36
2026-09-13 19:33:22.119,1789338802.119609,-29
2026-09-13 19:33:22.127,1789338802.1273015,-14
2026-09-13 19:33:22.134,1789338802.1349938,-14
2026-09-13 19:33:22.142,1789338802.142686,-12
2026-09-13 19:33:22.150,1789338802.1503782,4
2026-09-13 19:33:22.158,1789338802.1580706,0
2026-09-13 19:33:22.165,1789338802.165763,-21
2026-09-13 19:33:22.173,1789338802.1734552,-19
2026-09-13 19:33:22.181,1789338802.1811476,-4
2026-09-13 19:33:22.188,1789338802.18884,-7
2026-09-13 19:33:22.196,1789338802.1965322,-7
2026-09-13 19:33:22.204,1789338802.2042243,2
2026-09-13 19:33:22.211,1789338802.2119167,2
2026-09-13 19:33:22.219,1789338802.219609,-2
2026-09-13 19:33:22.227,1789338802.2273014,2
2026-09-13 19:33:22.234,1789338802.2349937,4
2026-09-13 19:33:22.242,1789338802.242686,7
2026-09-13 19:33:22.250,1789338802.2503784,4
2026-09-13 19:33:22.258,1789338802.2580707,0
2026-09-13 19:33:22.265,1789338802.2657628,9
2026-09-13 19:33:22.273,1789338802.2734551,24
2026-09-13 19:33:22.281,1789338802.2811475,26
2026-09-13 19:33:22.288,1789338802.2888398,43
2026-09-13 19:33:22.296,1789338802.2965322,72
2026-09-13 19:33:22.304,1789338802.3042245,63
2026-09-13 19:33:22.311,1789338802.3119168,46
2026-09-13 19:33:22.319,1789338802.3196092,53
2026-09-13 19:33:22.327,1789338802.3273013,50
2026-09-13 19:33:22.334,1789338802.3349936,19
2026-09-13 19:33:22.342,1789338802.342686,0
2026-09-13 19:33:22.350,1789338802.3503783,12
2026-09-13 19:33:22.358,1789338802.3580706,14
2026-09-13 19:33:22.365,1789338802.365763,4
2026-09-13 19:33:22.373,1789338802.3734553,2
2026-09-13 19:33:22.381,1789338802.3811476,4
2026-09-13 19:33:22.388,1789338802.3888397,9
2026-09-13 19:33:22.396,1789338802.396532,14
2026-09-13 19:33:22.404,1789338802.4042244,4
2026-09-13 19:33:22.411,1789338802.4119167,29
2026-09-13 19:33:22.419,1789338802.419609,186
2026-09-13 19:33:22.427,1789338802.4273014,521
2026-09-13 19:33:22.434,1789338802.4349937,916
2026-09-13 19:33:22.442,1789338802.442686,1025
2026-09-13 19:33:22.450,1789338802.4503782,480
2026-09-13 19:33:22.458,1789338802.4580705,-261
2026-09-13 19:33:22.465,1789338802.4657629,-332
2026-09-13 19:33:22.473,1789338802.4734552,-29
2026-09-13 19:33:22.481,1789338802.4811475,-38
2026-09-13 19:33:22.488,1789338802.4888399,-118
2026-09-13 19:33:22.496,1789338802.4965322,-50
2026-09-13 19:33:22.504,1789338802.5042245,-41
2026-09-13 19:33:22.511,1789338802.5119166,-60
2026-09-13 19:33:22.519,1789338802.519609,-31
2026-09-13 19:33:22.527,1789338802.5273013,-24
2026-09-13 19:33:22.534,1789338802.5349936,-36
2026-09-13 19:33:22.542,1789338802.542686,-14
2026-09-13 19:33:22.550,1789338802.5503783,0
2026-09-13 19:33:22.558,1789338802.5580707,0
2026-09-13 19:33:22.565,1789338802.565763,12
2026-09-13 19:33:22.573,1789338802.573455,24
2026-09-13 19:33:22.581,1789338802.5811474,24
2026-09-13 19:33:22.588,1789338802.5888398,33
2026-09-13 19:33:22.596,1789338802.596532,48
2026-09-13 19:33:22.604,1789338802.6042244,58
2026-09-13 19:33:22.611,1789338802.6119168,70
2026-09-13 19:33:22.619,1789338802.619609,89
2026-09-13 19:33:22.627,1789338802.6273015,113
2026-09-13 19:33:22.634,1789338802.6349938,135
2026-09-13 19:33:22.642,1789338802.642686,152
2026-09-13 19:33:22.650,1789338802.6503782,181
2026-09-13 19:33:22.658,1789338802.6580706,215
2026-09-13 19:33:22.665,1789338802.6652317,240
2026-09-13 19:33:22.672,1789338802.672924,261
2026-09-13 19:33:22.680,1789338802.6806164,276
2026-09-13 19:33:22.688,1789338802.6883087,271
2026-09-13 19:33:22.696,1789338802.696001,249
2026-09-13 19:33:22.703,1789338802.7036932,206
2026-09-13 19:33:22.711,1789338802.7113855,147
2026-09-13 19:33:22.719,1789338802.7190778,89
2026-09-13 19:33:22.726,1789338802.7267702,29
2026-09-13 19:33:22.734,1789338802.7344625,-29
2026-09-13 19:33:22.742,1789338802.7421548,-67
2026-09-13 19:33:22.749,1789338802.7498472,-92
2026-09-13 19:33:22.757,1789338802.7575395,-104
2026-09-13 19:33:22.765,1789338802.7652316,-101
2026-09-13 19:33:22.772,1789338802.772924,-101
2026-09-13 19:33:22.780,1789338802.7806163,-106
2026-09-13 19:33:22.788,1789338802.7883086,-104
2026-09-13 19:33:22.796,1789338802.796001,-94
2026-09-13 19:33:22.803,1789338802.8036933,-87
2026-09-13 19:33:22.811,1789338802.8113856,-80
2026-09-13 19:33:22.819,1789338802.819078,-72
2026-09-13 19:33:22.826,1789338802.82677,-60
2026-09-13 19:33:22.834,1789338802.8344624,-58
2026-09-13 19:33:22.842,1789338802.8421547,-58
2026-09-13 19:33:22.849,1789338802.849847,-46
2026-09-13 19:33:22.857,1789338802.8575394,-33
2026-09-13 19:33:22.865,1789338802.8652318,-31
2026-09-13 19:33:22.872,1789338802.872924,-31
2026-09-13 19:33:22.880,1789338802.8806164,-31
2026-09-13 19:33:22.888,1789338802.8883085,-31
2026-09-13 19:33:22.896,1789338802.8960009,-29
2026-09-13 19:33:22.903,1789338802.9036932,-29
2026-09-13 19:33:22.911,1789338802.9113855,-26
2026-09-13 19:33:22.919,1789338802.9190779,-24
2026-09-13 19:33:22.926,1789338802.9267702,-21
2026-09-13 19:33:22.934,1789338802.9344625,-26
2026-09-13 19:33:22.942,1789338802.942155,-26
2026-09-13 19:33:22.949,1789338802.949847,-19
2026-09-13 19:33:22.957,1789338802.9575393,-14
2026-09-13 19:33:22.965,1789338802.9652317,-16
2026-09-13 19:33:22.972,1789338802.972924,-16
2026-09-13 19:33:22.980,1789338802.9806163,-16
2026-09-13 19:33:22.988,1789338802.9883087,-12
2026-09-13 19:33:22.996,1789338802.996001,-4
2026-09-13 19:33:23.003,1789338803.0036933,-7
2026-09-13 19:33:23.011,1789338803.0113854,-12
2026-09-13 19:33:23.019,1789338803.0190778,-7
2026-09-13 19:33:23.026,1789338803.02677,-4
2026-09-13 19:33:23.034,1789338803.0344625,-4
2026-09-13 19:33:23.042,1789338803.0421548,7
2026-09-13 19:33:23.049,1789338803.0498471,19
2026-09-13 19:33:23.057,1789338803.0575395,31
2026-09-13 19:33:23.065,1789338803.0652318,48
2026-09-13 19:33:23.072,1789338803.072924,46
2026-09-13 19:33:23.080,1789338803.0806162,31
2026-09-13 19:33:23.088,1789338803.0883086,38
2026-09-13 19:33:23.096,1789338803.096001,38
2026-09-13 19:33:23.103,1789338803.1036932,7
2026-09-13 19:33:23.111,1789338803.1113856,-9
2026-09-13 19:33:23.119,1789338803.119078,-4
2026-09-13 19:33:23.126,1789338803.1267703,-7
2026-09-13 19:33:23.134,1789338803.1344624,-7
2026-09-13 19:33:23.142,1789338803.1421547,0
2026-09-13 19:33:23.149,1789338803.149847,0
2026-09-13 19:33:23.157,1789338803.1575394,0
2026-09-13 19:33:23.165,1789338803.1652317,0
2026-09-13 19:33:23.172,1789338803.172924,-2
2026-09-13 19:33:23.180,1789338803.1806164,14
2026-09-13 19:33:23.188,1789338803.1883087,128
2026-09-13 19:33:23.196,1789338803.196001,400
2026-09-13 19:33:23.203,1789338803.2036932,759
2026-09-13 19:33:23.211,1789338803.2113855,955
2026-09-13 19:33:23.219,1789338803.2190778,611
2026-09-13 19:33:23.226,1789338803.2262084,-99
2026-09-13 19:33:23.233,1789338803.2339008,-337
2026-09-13 19:33:23.241,1789338803.2415931,-87
2026-09-13 19:33:23.249,1789338803.2492855,-24
2026-09-13 19:33:23.256,1789338803.2569778,-111
2026-09-13 19:33:23.264,1789338803.26467,-72
2026-09-13 19:33:23.272,1789338803.2723622,-38
2026-09-13 19:33:23.280,1789338803.2800546,-60
2026-09-13 19:33:23.287,1789338803.287747,-46
2026-09-13 19:33:23.295,1789338803.2954392,-24
2026-09-13 19:33:23.303,1789338803.3031316,-29
2026-09-13 19:33:23.310,1789338803.310824,-24
2026-09-13 19:33:23.318,1789338803.3185163,-9
2026-09-13 19:33:23.326,1789338803.3262084,-2
2026-09-13 19:33:23.333,1789338803.3339007,2
2026-09-13 19:33:23.341,1789338803.341593,14
2026-09-13 19:33:23.349,1789338803.3492854,21
2026-09-13 19:33:23.356,1789338803.3569777,29
2026-09-13 19:33:23.364,1789338803.36467,36
2026-09-13 19:33:23.372,1789338803.3723624,41
2026-09-13 19:33:23.380,1789338803.3800547,53
2026-09-13 19:33:23.387,1789338803.3877468,72
2026-09-13 19:33:23.395,1789338803.3954391,87
2026-09-13 19:33:23.403,1789338803.4031315,104
2026-09-13 19:33:23.410,1789338803.4108238,126
2026-09-13 19:33:23.418,1789338803.4185162,150
2026-09-13 19:33:23.426,1789338803.4262085,177
2026-09-13 19:33:23.433,1789338803.4339008,198
2026-09-13 19:33:23.441,1789338803.4415932,218
2026-09-13 19:33:23.449,1789338803.4492853,227
2026-09-13 19:33:23.456,1789338803.4569776,225
2026-09-13 19:33:23.464,1789338803.46467,213
2026-09-13 19:33:23.472,1789338803.4723623,189
2026-09-13 19:33:23.480,1789338803.4800546,155
2026-09-13 19:33:23.487,1789338803.487747,104
2026-09-13 19:33:23.495,1789338803.4954393,48
2026-09-13 19:33:23.503,1789338803.5031316,-2
2026-09-13 19:33:23.510,1789338803.5108237,-33
2026-09-13 19:33:23.518,1789338803.518516,-55
2026-09-13 19:33:23.526,1789338803.5262084,-70
2026-09-13 19:33:23.533,1789338803.5339007,-75
2026-09-13 19:33:23.541,1789338803.541593,-72
2026-09-13 19:33:23.549,1789338803.5492854,-70
2026-09-13 19:33:23.556,1789338803.5569777,-75
2026-09-13 19:33:23.564,1789338803.56467,-67
2026-09-13 19:33:23.572,1789338803.5723622,-55
2026-09-13 19:33:23.580,1789338803.5800545,-46
2026-09-13 19:33:23.587,1789338803.5877469,-46
2026-09-13 19:33:23.595,1789338803.5954392,-43
2026-09-13 19:33:23.603,1789338803.6031315,-31
2026-09-13 19:33:23.610,1789338803.6108239,-19
2026-09-13 19:33:23.618,1789338803.6185162,-21
2026-09-13 19:33:23.626,1789338803.6262085,-21
2026-09-13 19:33:23.633,1789338803.6339006,-14
2026-09-13 19:33:23.641,1789338803.641593,-12
2026-09-13 19:33:23.649,1789338803.6492853,-14
2026-09-13 19:33:23.656,1789338803.6569777,-9
2026-09-13 19:33:23.664,1789338803.66467,-4
2026-09-13 19:33:23.672,1789338803.6723623,-7
2026-09-13 19:33:23.680,1789338803.6800547,-7
2026-09-13 19:33:23.687,1789338803.687747,-7
2026-09-13 19:33:23.695,1789338803.695439,-9
2026-09-13 19:33:23.703,1789338803.7031314,-12
2026-09-13 19:33:23.710,1789338803.7108238,-7
2026-09-13 19:33:23.718,1789338803.718516,-7
2026-09-13 19:33:23.726,1789338803.7262084,-4
2026-09-13 19:33:23.733,1789338803.7339008,0
2026-09-13 19:33:23.741,1789338803.7415931,0
2026-09-13 19:33:23.749,1789338803.7492855,0
2026-09-13 19:33:23.756,1789338803.7569778,2
2026-09-13 19:33:23.764,1789338803.76467,4
2026-09-13 19:33:23.772,1789338803.7723622,4
2026-09-13 19:33:23.780,1789338803.7800546,7
2026-09-13 19:33:23.787,1789338803.7872157,7
2026-09-13 19:33:23.794,1789338803.794908,9
2026-09-13 19:33:23.802,1789338803.8026004,9
2026-09-13 19:33:23.810,1789338803.8102927,9
2026-09-13 19:33:23.817,1789338803.817985,9
2026-09-13 19:33:23.825,1789338803.8256772,7
2026-09-13 19:33:23.833,1789338803.8333695,9
2026-09-13 19:33:23.841,1789338803.8410618,14
2026-09-13 19:33:23.848,1789338803.8487542,19
2026-09-13 19:33:23.856,1789338803.8564465,16
2026-09-13 19:33:23.864,1789338803.8641388,14
2026-09-13 19:33:23.871,1789338803.8718312,12
2026-09-13 19:33:23.879,1789338803.8795235,16
2026-09-13 19:33:23.887,1789338803.8872156,21
2026-09-13 19:33:23.894,1789338803.894908,19
2026-09-13 19:33:23.902,1789338803.9026003,16
2026-09-13 19:33:23.910,1789338803.9102926,21
2026-09-13 19:33:23.917,1789338803.917985,21
2026-09-13 19:33:23.925,1789338803.9256773,21
2026-09-13 19:33:23.933,1789338803.9333696,26
2026-09-13 19:33:23.941,1789338803.941062,24
2026-09-13 19:33:23.948,1789338803.948754,19
2026-09-13 19:33:23.956,1789338803.9564464,16
2026-09-13 19:33:23.964,1789338803.9641387,21
2026-09-13 19:33:23.971,1789338803.971831,21
2026-09-13 19:33:23.979,1789338803.9795234,14
2026-09-13 19:33:23.987,1789338803.9872158,14
2026-09-13 19:33:23.994,1789338803.994908,26
2026-09-13 19:33:24.002,1789338804.0026004,41
2026-09-13 19:33:24.010,1789338804.0102925,50
2026-09-13 19:33:24.017,1789338804.0179849,60
2026-09-13 19:33:24.025,1789338804.0256772,63
2026-09-13 19:33:24.033,1789338804.0333695,53
2026-09-13 19:33:24.041,1789338804.0410619,50
2026-09-13 19:33:24.048,1789338804.0487542,48
2026-09-13 19:33:24.056,1789338804.0564466,31
2026-09-13 19:33:24.064,1789338804.064139,7
2026-09-13 19:33:24.071,1789338804.071831,-2
2026-09-13 19:33:24.079,1789338804.0795233,2
2026-09-13 19:33:24.087,1789338804.0872157,4
2026-09-13 19:33:24.094,1789338804.094908,2
2026-09-13 19:33:24.102,1789338804.1026003,4
2026-09-13 19:33:24.110,1789338804.1102927,4
2026-09-13 19:33:24.117,1789338804.117985,2
2026-09-13 19:33:24.125,1789338804.1256773,0
2026-09-13 19:33:24.133,1789338804.1333694,12
2026-09-13 19:33:24.141,1789338804.1410618,109
2026-09-13 19:33:24.148,1789338804.1487541,346
2026-09-13 19:33:24.156,1789338804.1564465,693
2026-09-13 19:33:24.164,1789338804.1641388,965
2026-09-13 19:33:24.171,1789338804.1718311,722
2026-09-13 19:33:24.179,1789338804.1795235,-16
2026-09-13 19:33:24.187,1789338804.1872158,-356
2026-09-13 19:33:24.194,1789338804.194908,-116
2026-09-13 19:33:24.202,1789338804.2026002,-26
2026-09-13 19:33:24.210,1789338804.2102926,-121
2026-09-13 19:33:24.217,1789338804.217985,-82
2026-09-13 19:33:24.225,1789338804.2256773,-36
2026-09-13 19:33:24.233,1789338804.2333696,-65
2026-09-13 19:33:24.241,1789338804.241062,-60
2026-09-13 19:33:24.248,1789338804.2487543,-31
2026-09-13 19:33:24.256,1789338804.2564464,-29
2026-09-13 19:33:24.264,1789338804.2641387,-29
2026-09-13 19:33:24.271,1789338804.271831,-14
2026-09-13 19:33:24.279,1789338804.2795234,-4
2026-09-13 19:33:24.287,1789338804.2872157,0
2026-09-13 19:33:24.294,1789338804.294908,7
2026-09-13 19:33:24.302,1789338804.3026004,14
2026-09-13 19:33:24.310,1789338804.3102927,24
2026-09-13 19:33:24.317,1789338804.317985,36
2026-09-13 19:33:24.325,1789338804.3256772,46
2026-09-13 19:33:24.333,1789338804.3333695,55
2026-09-13 19:33:24.341,1789338804.3410618,67
2026-09-13 19:33:24.348,1789338804.3482232,80
2026-09-13 19:33:24.355,1789338804.3559155,92
2026-09-13 19:33:24.363,1789338804.363608,111
2026-09-13 19:33:24.371,1789338804.3713002,133
2026-09-13 19:33:24.378,1789338804.3789926,150
2026-09-13 19:33:24.386,1789338804.3866847,172
2026-09-13 19:33:24.394,1789338804.394377,191
2026-09-13 19:33:24.402,1789338804.4020693,201
2026-09-13 19:33:24.409,1789338804.4097617,203
2026-09-13 19:33:24.417,1789338804.417454,203
2026-09-13 19:33:24.425,1789338804.4251463,191
2026-09-13 19:33:24.432,1789338804.4328387,162
2026-09-13 19:33:24.440,1789338804.440531,121
2026-09-13 19:33:24.448,1789338804.448223,72
2026-09-13 19:33:24.455,1789338804.4559155,24
2026-09-13 19:33:24.463,1789338804.4636078,-14
2026-09-13 19:33:24.471,1789338804.4713001,-46
2026-09-13 19:33:24.478,1789338804.4789925,-65
2026-09-13 19:33:24.486,1789338804.4866848,-75
2026-09-13 19:33:24.494,1789338804.4943771,-80
2026-09-13 19:33:24.502,1789338804.5020695,-82
2026-09-13 19:33:24.509,1789338804.5097616,-80
2026-09-13 19:33:24.517,1789338804.517454,-75
2026-09-13 19:33:24.525,1789338804.5251462,-67
2026-09-13 19:33:24.532,1789338804.5328386,-58
2026-09-13 19:33:24.540,1789338804.540531,-48
2026-09-13 19:33:24.548,1789338804.5482233,-41
2026-09-13 19:33:24.555,1789338804.5559156,-36
2026-09-13 19:33:24.563,1789338804.563608,-31
2026-09-13 19:33:24.571,1789338804.5713,-29
2026-09-13 19:33:24.578,1789338804.5789924,-26
2026-09-13 19:33:24.586,1789338804.5866847,-26
2026-09-13 19:33:24.594,1789338804.594377,-26
2026-09-13 19:33:24.602,1789338804.6020694,-26
2026-09-13 19:33:24.609,1789338804.6097617,-24
2026-09-13 19:33:24.617,1789338804.617454,-19
2026-09-13 19:33:24.625,1789338804.6251464,-19
2026-09-13 19:33:24.632,1789338804.6328385,-24
2026-09-13 19:33:24.640,1789338804.6405308,-21
2026-09-13 19:33:24.648,1789338804.6482232,-19
2026-09-13 19:33:24.655,1789338804.6559155,-16
2026-09-13 19:33:24.663,1789338804.6636078,-19
2026-09-13 19:33:24.671,1789338804.6713002,-19
2026-09-13 19:33:24.678,1789338804.6789925,-19
2026-09-13 19:33:24.686,1789338804.6866848,-14
2026-09-13 19:33:24.694,1789338804.694377,-9
2026-09-13 19:33:24.702,1789338804.7020693,-14
2026-09-13 19:33:24.709,1789338804.7097616,-14
2026-09-13 19:33:24.717,1789338804.717454,-9
2026-09-13 19:33:24.725,1789338804.7251463,-7
2026-09-13 19:33:24.732,1789338804.7328386,-9
2026-09-13 19:33:24.740,1789338804.740531,-4
2026-09-13 19:33:24.748,1789338804.7482233,-4
2026-09-13 19:33:24.755,1789338804.7559154,-7
2026-09-13 19:33:24.763,1789338804.7636077,-4
2026-09-13 19:33:24.771,1789338804.7713,0
2026-09-13 19:33:24.778,1789338804.7789924,-2
2026-09-13 19:33:24.786,1789338804.7866848,-7
2026-09-13 19:33:24.794,1789338804.794377,-2
2026-09-13 19:33:24.802,1789338804.8020694,2
2026-09-13 19:33:24.809,1789338804.8097618,2
2026-09-13 19:33:24.817,1789338804.8174539,2
2026-09-13 19:33:24.825,1789338804.8251462,2
2026-09-13 19:33:24.832,1789338804.8328385,2
2026-09-13 19:33:24.840,1789338804.8405309,-2
2026-09-13 19:33:24.848,1789338804.8482232,0
2026-09-13 19:33:24.855,1789338804.8559155,2
2026-09-13 19:33:24.863,1789338804.863608,2
2026-09-13 19:33:24.871,1789338804.8713002,2
2026-09-13 19:33:24.878,1789338804.8789926,2
2026-09-13 19:33:24.886,1789338804.8866847,4
2026-09-13 19:33:24.894,1789338804.894377,2
2026-09-13 19:33:24.902,1789338804.9020693,0
2026-09-13 19:33:24.909,1789338804.9092305,4
2026-09-13 19:33:24.916,1789338804.9169228,9
2026-09-13 19:33:24.924,1789338804.9246151,9
2026-09-13 19:33:24.932,1789338804.9323075,7
2026-09-13 19:33:24.940,1789338804.9399998,7
2026-09-13 19:33:24.947,1789338804.947692,12
2026-09-13 19:33:24.955,1789338804.9553843,12
2026-09-13 19:33:24.963,1789338804.9630766,12
2026-09-13 19:33:24.970,1789338804.970769,12
2026-09-13 19:33:24.978,1789338804.9784613,12
2026-09-13 19:33:24.986,1789338804.9861536,9
2026-09-13 19:33:24.993,1789338804.993846,9
2026-09-13 19:33:25.001,1789338805.0015383,7
2026-09-13 19:33:25.009,1789338805.0092304,7
2026-09-13 19:33:25.016,1789338805.0169227,7
2026-09-13 19:33:25.024,1789338805.024615,19
2026-09-13 19:33:25.032,1789338805.0323074,36
2026-09-13 19:33:25.040,1789338805.0399997,46
2026-09-13 19:33:25.047,1789338805.047692,53
2026-09-13 19:33:25.055,1789338805.0553844,60
2026-09-13 19:33:25.063,1789338805.0630767,53
2026-09-13 19:33:25.070,1789338805.0707688,36
2026-09-13 19:33:25.078,1789338805.0784612,33
2026-09-13 19:33:25.086,1789338805.0861535,29
2026-09-13 19:33:25.093,1789338805.0938458,4
2026-09-13 19:33:25.101,1789338805.1015382,-12
2026-09-13 19:33:25.109,1789338805.1092305,-12
2026-09-13 19:33:25.116,1789338805.1169229,-12
2026-09-13 19:33:25.124,1789338805.1246152,-12
2026-09-13 19:33:25.132,1789338805.1323073,-12
2026-09-13 19:33:25.140,1789338805.1399996,-14
2026-09-13 19:33:25.147,1789338805.147692,-12
2026-09-13 19:33:25.155,1789338805.1553843,-16
2026-09-13 19:33:25.163,1789338805.1630766,-16
2026-09-13 19:33:25.170,1789338805.170769,50
2026-09-13 19:33:25.178,1789338805.1784613,244
2026-09-13 19:33:25.186,1789338805.1861537,560
2026-09-13 19:33:25.193,1789338805.1938457,916
2026-09-13 19:33:25.201,1789338805.201538,911
2026-09-13 19:33:25.209,1789338805.2092304,237
2026-09-13 19:33:25.216,1789338805.2169228,-341
2026-09-13 19:33:25.224,1789338805.224615,-213
2026-09-13 19:33:25.232,1789338805.2323074,-19
2026-09-13 19:33:25.240,1789338805.2399998,-111
2026-09-13 19:33:25.247,1789338805.247692,-126
2026-09-13 19:33:25.255,1789338805.2553842,-58
2026-09-13 19:33:25.263,1789338805.2630765,-80
2026-09-13 19:33:25.270,1789338805.270769,-92
2026-09-13 19:33:25.278,1789338805.2784612,-53
2026-09-13 19:33:25.286,1789338805.2861536,-46
2026-09-13 19:33:25.293,1789338805.293846,-50
2026-09-13 19:33:25.301,1789338805.3015382,-33
2026-09-13 19:33:25.309,1789338805.3092306,-24
2026-09-13 19:33:25.316,1789338805.3169227,-21
2026-09-13 19:33:25.324,1789338805.324615,-14
2026-09-13 19:33:25.332,1789338805.3323073,0
2026-09-13 19:33:25.340,1789338805.3399997,7
2026-09-13 19:33:25.347,1789338805.347692,16
2026-09-13 19:33:25.355,1789338805.3553843,29
2026-09-13 19:33:25.363,1789338805.3630767,36
2026-09-13 19:33:25.370,1789338805.370769,48
2026-09-13 19:33:25.378,1789338805.3784611,65
2026-09-13 19:33:25.386,1789338805.3861535,80
2026-09-13 19:33:25.393,1789338805.3938458,97
2026-09-13 19:33:25.401,1789338805.4015381,118
2026-09-13 19:33:25.409,1789338805.4092305,140
2026-09-13 19:33:25.416,1789338805.4169228,162
2026-09-13 19:33:25.424,1789338805.4246151,186
2026-09-13 19:33:25.432,1789338805.4323075,203
2026-09-13 19:33:25.440,1789338805.4399998,210
2026-09-13 19:33:25.447,1789338805.447692,210
2026-09-13 19:33:25.455,1789338805.4553843,201
2026-09-13 19:33:25.463,1789338805.4630766,179
2026-09-13 19:33:25.470,1789338805.4702072,145
2026-09-13 19:33:25.477,1789338805.4778996,97
2026-09-13 19:33:25.485,1789338805.485592,48
2026-09-13 19:33:25.493,1789338805.4932842,4
2026-09-13 19:33:25.500,1789338805.5009766,-33
2026-09-13 19:33:25.508,1789338805.5086687,-60
2026-09-13 19:33:25.516,1789338805.516361,-72
2026-09-13 19:33:25.524,1789338805.5240533,-80
2026-09-13 19:33:25.531,1789338805.5317457,-84
2026-09-13 19:33:25.539,1789338805.539438,-82
2026-09-13 19:33:25.547,1789338805.5471303,-75
2026-09-13 19:33:25.554,1789338805.5548227,-65
2026-09-13 19:33:25.562,1789338805.562515,-55
2026-09-13 19:33:25.570,1789338805.570207,-48
2026-09-13 19:33:25.577,1789338805.5778995,-43
2026-09-13 19:33:25.585,1789338805.5855918,-41
2026-09-13 19:33:25.593,1789338805.5932841,-33
2026-09-13 19:33:25.600,1789338805.6009765,-29
2026-09-13 19:33:25.608,1789338805.6086688,-26
2026-09-13 19:33:25.616,1789338805.6163611,-26
2026-09-13 19:33:25.624,1789338805.6240535,-21
2026-09-13 19:33:25.631,1789338805.6317456,-14
2026-09-13 19:33:25.639,1789338805.639438,-14
2026-09-13 19:33:25.647,1789338805.6471303,-16
2026-09-13 19:33:25.654,1789338805.6548226,-14
2026-09-13 19:33:25.662,1789338805.662515,-12
2026-09-13 19:33:25.670,1789338805.6702073,-14
2026-09-13 19:33:25.677,1789338805.6778996,-14
2026-09-13 19:33:25.685,1789338805.685592,-12
2026-09-13 19:33:25.693,1789338805.693284,-9
2026-09-13 19:33:25.700,1789338805.7009764,-7
2026-09-13 19:33:25.708,1789338805.7086687,-2
2026-09-13 19:33:25.716,1789338805.716361,-4
2026-09-13 19:33:25.724,1789338805.7240534,-4
2026-09-13 19:33:25.731,1789338805.7317457,-4
2026-09-13 19:33:25.739,1789338805.739438,-2
2026-09-13 19:33:25.747,1789338805.7471304,2
2026-09-13 19:33:25.754,1789338805.7548225,4
2026-09-13 19:33:25.762,1789338805.7625148,2
2026-09-13 19:33:25.770,1789338805.7702072,0
2026-09-13 19:33:25.777,1789338805.7778995,4
2026-09-13 19:33:25.785,1789338805.7855918,9
2026-09-13 19:33:25.793,1789338805.7932842,12
2026-09-13 19:33:25.800,1789338805.8009765,7
2026-09-13 19:33:25.808,1789338805.8086689,9
2026-09-13 19:33:25.816,1789338805.816361,14
2026-09-13 19:33:25.824,1789338805.8240533,14
2026-09-13 19:33:25.831,1789338805.8317456,9
2026-09-13 19:33:25.839,1789338805.839438,14
2026-09-13 19:33:25.847,1789338805.8471303,19
2026-09-13 19:33:25.854,1789338805.8548226,16
2026-09-13 19:33:25.862,1789338805.862515,16
2026-09-13 19:33:25.870,1789338805.8702073,21
2026-09-13 19:33:25.877,1789338805.8778994,24
2026-09-13 19:33:25.885,1789338805.8855917,21
2026-09-13 19:33:25.893,1789338805.893284,21
2026-09-13 19:33:25.900,1789338805.9009764,21
2026-09-13 19:33:25.908,1789338805.9086688,24
2026-09-13 19:33:25.916,1789338805.916361,26
2026-09-13 19:33:25.924,1789338805.9240534,29
2026-09-13 19:33:25.931,1789338805.9317458,31
2026-09-13 19:33:25.939,1789338805.9394379,33
2026-09-13 19:33:25.947,1789338805.9471302,31
2026-09-13 19:33:25.954,1789338805.9548225,26
2026-09-13 19:33:25.962,1789338805.9625149,26
2026-09-13 19:33:25.970,1789338805.9702072,26
2026-09-13 19:33:25.977,1789338805.9778996,26
2026-09-13 19:33:25.985,1789338805.985592,29
2026-09-13 19:33:25.993,1789338805.9932842,36
2026-09-13 19:33:26.000,1789338806.0009766,38
2026-09-13 19:33:26.008,1789338806.0086687,31
2026-09-13 19:33:26.016,1789338806.016361,24
2026-09-13 19:33:26.024,1789338806.0240533,31
2026-09-13 19:33:26.031,1789338806.0312145,48
2026-09-13 19:33:26.038,1789338806.0389068,67
2026-09-13 19:33:26.046,1789338806.0465991,87
2026-09-13 19:33:26.054,1789338806.0542915,94
2026-09-13 19:33:26.061,1789338806.0619838,80
2026-09-13 19:33:26.069,1789338806.069676,65
2026-09-13 19:33:26.077,1789338806.0773683,58
2026-09-13 19:33:26.085,1789338806.0850606,43
2026-09-13 19:33:26.092,1789338806.092753,29
2026-09-13 19:33:26.100,1789338806.1004453,21
2026-09-13 19:33:26.108,1789338806.1081376,21
2026-09-13 19:33:26.115,1789338806.11583,14
2026-09-13 19:33:26.123,1789338806.1235223,19
2026-09-13 19:33:26.131,1789338806.1312144,26
2026-09-13 19:33:26.138,1789338806.1389067,26
2026-09-13 19:33:26.146,1789338806.146599,26
2026-09-13 19:33:26.154,1789338806.1542914,29
2026-09-13 19:33:26.161,1789338806.1619837,43
2026-09-13 19:33:26.169,1789338806.169676,145
2026-09-13 19:33:26.177,1789338806.1773684,388
2026-09-13 19:33:26.185,1789338806.1850607,734
2026-09-13 19:33:26.192,1789338806.1927528,1013
2026-09-13 19:33:26.200,1789338806.2004452,739
2026-09-13 19:33:26.208,1789338806.2081375,-46
2026-09-13 19:33:26.215,1789338806.2158298,-361
2026-09-13 19:33:26.223,1789338806.2235222,-77
2026-09-13 19:33:26.231,1789338806.2312145,2
2026-09-13 19:33:26.238,1789338806.2389069,-97
2026-09-13 19:33:26.246,1789338806.2465992,-46
2026-09-13 19:33:26.254,1789338806.2542913,-2
2026-09-13 19:33:26.261,1789338806.2619836,-36
2026-09-13 19:33:26.269,1789338806.269676,-31
2026-09-13 19:33:26.277,1789338806.2773683,-12
2026-09-13 19:33:26.285,1789338806.2850606,-9
2026-09-13 19:33:26.292,1789338806.292753,7
2026-09-13 19:33:26.300,1789338806.3004453,24
2026-09-13 19:33:26.308,1789338806.3081377,21
2026-09-13 19:33:26.315,1789338806.3158298,24
2026-09-13 19:33:26.323,1789338806.323522,41
2026-09-13 19:33:26.331,1789338806.3312144,53
2026-09-13 19:33:26.338,1789338806.3389068,55
2026-09-13 19:33:26.346,1789338806.346599,60
2026-09-13 19:33:26.354,1789338806.3542914,72
2026-09-13 19:33:26.361,1789338806.3619838,82
2026-09-13 19:33:26.369,1789338806.369676,99
2026-09-13 19:33:26.377,1789338806.3773682,126
2026-09-13 19:33:26.385,1789338806.3850605,143
2026-09-13 19:33:26.392,1789338806.392753,157
2026-09-13 19:33:26.400,1789338806.4004452,181
2026-09-13 19:33:26.408,1789338806.4081376,203
2026-09-13 19:33:26.415,1789338806.41583,237
2026-09-13 19:33:26.423,1789338806.4235222,271
2026-09-13 19:33:26.431,1789338806.4312146,281
2026-09-13 19:33:26.438,1789338806.4389067,274
2026-09-13 19:33:26.446,1789338806.446599,278
2026-09-13 19:33:26.454,1789338806.4542913,276
2026-09-13 19:33:26.461,1789338806.4619837,235
2026-09-13 19:33:26.469,1789338806.469676,172
2026-09-13 19:33:26.477,1789338806.4773684,104
2026-09-13 19:33:26.485,1789338806.4850607,46
2026-09-13 19:33:26.492,1789338806.492753,2
2026-09-13 19:33:26.500,1789338806.5004451,-38
2026-09-13 19:33:26.508,1789338806.5081375,-65
2026-09-13 19:33:26.515,1789338806.5158298,-77
2026-09-13 19:33:26.523,1789338806.5235221,-84
2026-09-13 19:33:26.531,1789338806.5312145,-84
2026-09-13 19:33:26.538,1789338806.5389068,-72
2026-09-13 19:33:26.546,1789338806.5465991,-67
2026-09-13 19:33:26.554,1789338806.5542915,-65
2026-09-13 19:33:26.561,1789338806.5619838,-55
2026-09-13 19:33:26.569,1789338806.569676,-43
2026-09-13 19:33:26.577,1789338806.5773683,-41
2026-09-13 19:33:26.585,1789338806.5850606,-41
2026-09-13 19:33:26.592,1789338806.5921915,-33
2026-09-13 19:33:26.599,1789338806.5998838,-26
2026-09-13 19:33:26.607,1789338806.6075761,-14
2026-09-13 19:33:26.615,1789338806.6152685,-7
2026-09-13 19:33:26.622,1789338806.6229608,-16
2026-09-13 19:33:26.630,1789338806.630653,-24
2026-09-13 19:33:26.638,1789338806.6383452,-19
2026-09-13 19:33:26.646,1789338806.6460376,-14
2026-09-13 19:33:26.653,1789338806.65373,-14
2026-09-13 19:33:26.661,1789338806.6614223,-7
2026-09-13 19:33:26.669,1789338806.6691146,-2
2026-09-13 19:33:26.676,1789338806.676807,-2
2026-09-13 19:33:26.684,1789338806.6844993,-7
2026-09-13 19:33:26.692,1789338806.6921914,-7
2026-09-13 19:33:26.699,1789338806.6998837,-2
2026-09-13 19:33:26.707,1789338806.707576,0
2026-09-13 19:33:26.715,1789338806.7152684,-2
2026-09-13 19:33:26.722,1789338806.7229607,0
2026-09-13 19:33:26.730,1789338806.730653,9
2026-09-13 19:33:26.738,1789338806.7383454,9
2026-09-13 19:33:26.746,1789338806.7460377,7
2026-09-13 19:33:26.753,1789338806.7537298,14
2026-09-13 19:33:26.761,1789338806.7614222,26
2026-09-13 19:33:26.769,1789338806.7691145,26
2026-09-13 19:33:26.776,1789338806.7768068,16
2026-09-13 19:33:26.784,1789338806.7844992,12
2026-09-13 19:33:26.792,1789338806.7921915,12
2026-09-13 19:33:26.799,1789338806.7998838,16
2026-09-13 19:33:26.807,1789338806.8075762,21
2026-09-13 19:33:26.815,1789338806.8152683,24
2026-09-13 19:33:26.822,1789338806.8229606,31
2026-09-13 19:33:26.830,1789338806.830653,38
2026-09-13 19:33:26.838,1789338806.8383453,38
2026-09-13 19:33:26.846,1789338806.8460376,33
2026-09-13 19:33:26.853,1789338806.85373,33
2026-09-13 19:33:26.861,1789338806.8614223,33
2026-09-13 19:33:26.869,1789338806.8691146,33
2026-09-13 19:33:26.876,1789338806.8768067,29
2026-09-13 19:33:26.884,1789338806.884499,24
2026-09-13 19:33:26.892,1789338806.8921914,41
2026-09-13 19:33:26.899,1789338806.8998837,58
2026-09-13 19:33:26.907,1789338806.907576,70
2026-09-13 19:33:26.915,1789338806.9152684,94
2026-09-13 19:33:26.922,1789338806.9229608,106
2026-09-13 19:33:26.930,1789338806.930653,80
2026-09-13 19:33:26.938,1789338806.9383452,65
2026-09-13 19:33:26.946,1789338806.9460375,70
2026-09-13 19:33:26.953,1789338806.9537299,50
2026-09-13 19:33:26.961,1789338806.9614222,24
2026-09-13 19:33:26.969,1789338806.9691145,19
2026-09-13 19:33:26.976,1789338806.9768069,29
2026-09-13 19:33:26.984,1789338806.9844992,33
2026-09-13 19:33:26.992,1789338806.9921916,29
2026-09-13 19:33:26.999,1789338806.9998837,21
2026-09-13 19:33:27.007,1789338807.007576,21
2026-09-13 19:33:27.015,1789338807.0152683,26
2026-09-13 19:33:27.022,1789338807.0229607,29
2026-09-13 19:33:27.030,1789338807.030653,38
2026-09-13 19:33:27.038,1789338807.0383453,123
2026-09-13 19:33:27.046,1789338807.0460377,354
2026-09-13 19:33:27.053,1789338807.05373,722
2026-09-13 19:33:27.061,1789338807.061422,1045
2026-09-13 19:33:27.069,1789338807.0691144,851
2026-09-13 19:33:27.076,1789338807.0768068,48
2026-09-13 19:33:27.084,1789338807.0844991,-421
2026-09-13 19:33:27.092,1789338807.0921915,-160
2026-09-13 19:33:27.099,1789338807.0998838,16
2026-09-13 19:33:27.107,1789338807.1075761,-89
2026-09-13 19:33:27.115,1789338807.1152685,-70
2026-09-13 19:33:27.122,1789338807.1229608,0
2026-09-13 19:33:27.130,1789338807.130653,-24
2026-09-13 19:33:27.138,1789338807.1383452,-31
2026-09-13 19:33:27.146,1789338807.1460376,0
2026-09-13 19:33:27.153,1789338807.1531985,12
2026-09-13 19:33:27.160,1789338807.1608908,19
2026-09-13 19:33:27.168,1789338807.1685832,36
2026-09-13 19:33:27.176,1789338807.1762755,41
2026-09-13 19:33:27.183,1789338807.1839678,26
2026-09-13 19:33:27.191,1789338807.19166,33
2026-09-13 19:33:27.199,1789338807.1993523,70
2026-09-13 19:33:27.207,1789338807.2070446,89
2026-09-13 19:33:27.214,1789338807.214737,77
2026-09-13 19:33:27.222,1789338807.2224293,80
2026-09-13 19:33:27.230,1789338807.2301216,111
2026-09-13 19:33:27.237,1789338807.237814,130
2026-09-13 19:33:27.245,1789338807.2455063,135
2026-09-13 19:33:27.253,1789338807.2531984,157
2026-09-13 19:33:27.260,1789338807.2608907,194
2026-09-13 19:33:27.268,1789338807.268583,220
2026-09-13 19:33:27.276,1789338807.2762754,249
2026-09-13 19:33:27.283,1789338807.2839677,295
2026-09-13 19:33:27.291,1789338807.29166,327
2026-09-13 19:33:27.299,1789338807.2993524,320
2026-09-13 19:33:27.307,1789338807.3070447,317
2026-09-13 19:33:27.314,1789338807.3147368,327
2026-09-13 19:33:27.322,1789338807.3224292,307
2026-09-13 19:33:27.330,1789338807.3301215,249
2026-09-13 19:33:27.337,1789338807.3378139,179
2026-09-13 19:33:27.345,1789338807.3455062,111
2026-09-13 19:33:27.353,1789338807.3531985,41
2026-09-13 19:33:27.360,1789338807.3608909,-7
2026-09-13 19:33:27.368,1789338807.3685832,-36
2026-09-13 19:33:27.376,1789338807.3762753,-65
2026-09-13 19:33:27.383,1789338807.3839676,-99
2026-09-13 19:33:27.391,1789338807.39166,-104
2026-09-13 19:33:27.399,1789338807.3993523,-94
2026-09-13 19:33:27.407,1789338807.4070446,-94
2026-09-13 19:33:27.414,1789338807.414737,-84
2026-09-13 19:33:27.422,1789338807.4224293,-70
2026-09-13 19:33:27.430,1789338807.4301217,-70
2026-09-13 19:33:27.437,1789338807.4378138,-70
2026-09-13 19:33:27.445,1789338807.445506,-50
2026-09-13 19:33:27.453,1789338807.4531984,-33
2026-09-13 19:33:27.460,1789338807.4608908,-41
2026-09-13 19:33:27.468,1789338807.468583,-38
2026-09-13 19:33:27.476,1789338807.4762754,-16
2026-09-13 19:33:27.483,1789338807.4839678,-14
2026-09-13 19:33:27.491,1789338807.49166,-21
2026-09-13 19:33:27.499,1789338807.4993522,-21
2026-09-13 19:33:27.507,1789338807.5070446,-14
2026-09-13 19:33:27.514,1789338807.514737,-9
2026-09-13 19:33:27.522,1789338807.5224292,-9
2026-09-13 19:33:27.530,1789338807.5301216,-12
2026-09-13 19:33:27.537,1789338807.537814,-9
2026-09-13 19:33:27.545,1789338807.5455062,-7
2026-09-13 19:33:27.553,1789338807.5531986,-12
2026-09-13 19:33:27.560,1789338807.5608907,-19
2026-09-13 19:33:27.568,1789338807.568583,-16
2026-09-13 19:33:27.576,1789338807.5762753,-4
2026-09-13 19:33:27.583,1789338807.5839677,-2
2026-09-13 19:33:27.591,1789338807.59166,2
2026-09-13 19:33:27.599,1789338807.5993524,9
2026-09-13 19:33:27.607,1789338807.6070447,4
2026-09-13 19:33:27.614,1789338807.614737,-2
2026-09-13 19:33:27.622,1789338807.6224291,7
2026-09-13 19:33:27.630,1789338807.6301215,4
2026-09-13 19:33:27.637,1789338807.6378138,-14
2026-09-13 19:33:27.645,1789338807.6455061,-4
2026-09-13 19:33:27.653,1789338807.6531985,24
2026-09-13 19:33:27.660,1789338807.6608908,26
2026-09-13 19:33:27.668,1789338807.6685832,19
2026-09-13 19:33:27.676,1789338807.6762755,31
2026-09-13 19:33:27.683,1789338807.6839678,46
2026-09-13 19:33:27.691,1789338807.69166,60
2026-09-13 19:33:27.699,1789338807.6993523,75
2026-09-13 19:33:27.707,1789338807.7070446,63
2026-09-13 19:33:27.714,1789338807.7141755,50
2026-09-13 19:33:27.721,1789338807.7218678,50
2026-09-13 19:33:27.729,1789338807.7295601,31
2026-09-13 19:33:27.737,1789338807.7372525,16
2026-09-13 19:33:27.744,1789338807.7449448,24
2026-09-13 19:33:27.752,1789338807.752637,26
2026-09-13 19:33:27.760,1789338807.7603292,14
2026-09-13 19:33:27.768,1789338807.7680216,9
2026-09-13 19:33:27.775,1789338807.775714,16
2026-09-13 19:33:27.783,1789338807.7834063,29
2026-09-13 19:33:27.791,1789338807.7910986,29
2026-09-13 19:33:27.798,1789338807.798791,14
2026-09-13 19:33:27.806,1789338807.8064833,19
2026-09-13 19:33:27.814,1789338807.8141754,97
2026-09-13 19:33:27.821,1789338807.8218677,305
2026-09-13 19:33:27.829,1789338807.82956,654
2026-09-13 19:33:27.837,1789338807.8372524,1011
2026-09-13 19:33:27.844,1789338807.8449447,936
2026-09-13 19:33:27.852,1789338807.852637,196
2026-09-13 19:33:27.860,1789338807.8603294,-395
2026-09-13 19:33:27.868,1789338807.8680217,-215
2026-09-13 19:33:27.875,1789338807.8757138,26
2026-09-13 19:33:27.883,1789338807.8834062,-70
2026-09-13 19:33:27.891,1789338807.8910985,-92
2026-09-13 19:33:27.898,1789338807.8987908,-12
2026-09-13 19:33:27.906,1789338807.9064832,-24
2026-09-13 19:33:27.914,1789338807.9141755,-46
2026-09-13 19:33:27.921,1789338807.9218678,-21
2026-09-13 19:33:27.929,1789338807.9295602,0
2026-09-13 19:33:27.937,1789338807.9372523,7
2026-09-13 19:33:27.944,1789338807.9449446,12
2026-09-13 19:33:27.952,1789338807.952637,19
2026-09-13 19:33:27.960,1789338807.9603293,41
2026-09-13 19:33:27.968,1789338807.9680216,50
2026-09-13 19:33:27.975,1789338807.975714,48
2026-09-13 19:33:27.983,1789338807.9834063,50
2026-09-13 19:33:27.991,1789338807.9910986,65
2026-09-13 19:33:27.998,1789338807.9987907,75
2026-09-13 19:33:28.006,1789338808.006483,89
2026-09-13 19:33:28.014,1789338808.0141754,101
2026-09-13 19:33:28.021,1789338808.0218678,118
2026-09-13 19:33:28.029,1789338808.02956,147
2026-09-13 19:33:28.037,1789338808.0372524,174
2026-09-13 19:33:28.044,1789338808.0449448,196
2026-09-13 19:33:28.052,1789338808.052637,235
2026-09-13 19:33:28.060,1789338808.0603292,276
2026-09-13 19:33:28.068,1789338808.0680215,281
2026-09-13 19:33:28.075,1789338808.0757139,291
2026-09-13 19:33:28.083,1789338808.0834062,320
2026-09-13 19:33:28.091,1789338808.0910985,327
2026-09-13 19:33:28.098,1789338808.098791,283
2026-09-13 19:33:28.106,1789338808.1064832,223
2026-09-13 19:33:28.114,1789338808.1141756,167
2026-09-13 19:33:28.121,1789338808.1218677,109
2026-09-13 19:33:28.129,1789338808.12956,38
2026-09-13 19:33:28.137,1789338808.1372523,-21
2026-09-13 19:33:28.144,1789338808.1449447,-65
2026-09-13 19:33:28.152,1789338808.152637,-77
2026-09-13 19:33:28.160,1789338808.1603293,-67
2026-09-13 19:33:28.168,1789338808.1680217,-82
2026-09-13 19:33:28.175,1789338808.175714,-109
2026-09-13 19:33:28.183,1789338808.183406,-109
2026-09-13 19:33:28.191,1789338808.1910985,-92
2026-09-13 19:33:28.198,1789338808.1987908,-84
2026-09-13 19:33:28.206,1789338808.2064831,-72
2026-09-13 19:33:28.214,1789338808.2141755,-63
2026-09-13 19:33:28.221,1789338808.2218678,-60
2026-09-13 19:33:28.229,1789338808.2295601,-48
2026-09-13 19:33:28.237,1789338808.2372525,-41
2026-09-13 19:33:28.244,1789338808.2449448,-43
2026-09-13 19:33:28.252,1789338808.252637,-31
2026-09-13 19:33:28.260,1789338808.2603292,-12
2026-09-13 19:33:28.268,1789338808.2680216,-16
2026-09-13 19:33:28.275,1789338808.2751522,-24
2026-09-13 19:33:28.282,1789338808.2828445,-16
2026-09-13 19:33:28.290,1789338808.2905369,-7
2026-09-13 19:33:28.298,1789338808.2982292,-7
2026-09-13 19:33:28.305,1789338808.3059216,-12
2026-09-13 19:33:28.313,1789338808.3136137,-7
2026-09-13 19:33:28.321,1789338808.321306,-7
2026-09-13 19:33:28.328,1789338808.3289983,-14
2026-09-13 19:33:28.336,1789338808.3366907,-9
2026-09-13 19:33:28.344,1789338808.344383,0
2026-09-13 19:33:28.352,1789338808.3520753,-7
2026-09-13 19:33:28.359,1789338808.3597677,-9
2026-09-13 19:33:28.367,1789338808.36746,0
2026-09-13 19:33:28.375,1789338808.375152,9
2026-09-13 19:33:28.382,1789338808.3828444,9
2026-09-13 19:33:28.390,1789338808.3905368,2
2026-09-13 19:33:28.398,1789338808.3982291,7
2026-09-13 19:33:28.405,1789338808.4059215,19
2026-09-13 19:33:28.413,1789338808.4136138,4
2026-09-13 19:33:28.421,1789338808.4213061,0
2026-09-13 19:33:28.428,1789338808.4289985,24
2026-09-13 19:33:28.436,1789338808.4366906,43
2026-09-13 19:33:28.444,1789338808.444383,55
2026-09-13 19:33:28.452,1789338808.4520752,63
2026-09-13 19:33:28.459,1789338808.4597676,55
2026-09-13 19:33:28.467,1789338808.46746,46
2026-09-13 19:33:28.475,1789338808.4751523,43
2026-09-13 19:33:28.482,1789338808.4828446,38
2026-09-13 19:33:28.490,1789338808.490537,26
2026-09-13 19:33:28.498,1789338808.498229,9
2026-09-13 19:33:28.505,1789338808.5059214,0
2026-09-13 19:33:28.513,1789338808.5136137,2
2026-09-13 19:33:28.521,1789338808.521306,4
2026-09-13 19:33:28.528,1789338808.5289984,4
2026-09-13 19:33:28.536,1789338808.5366907,7
2026-09-13 19:33:28.544,1789338808.544383,14
2026-09-13 19:33:28.552,1789338808.5520754,7
2026-09-13 19:33:28.559,1789338808.5597675,7
2026-09-13 19:33:28.567,1789338808.5674598,87
2026-09-13 19:33:28.575,1789338808.5751522,329
2026-09-13 19:33:28.582,1789338808.5828445,712
2026-09-13 19:33:28.590,1789338808.5905368,1025
2026-09-13 19:33:28.598,1789338808.5982292,856
2026-09-13 19:33:28.605,1789338808.6059215,118
2026-09-13 19:33:28.613,1789338808.6136138,-366
2026-09-13 19:33:28.621,1789338808.621306,-169
2026-09-13 19:33:28.628,1789338808.6289983,14
2026-09-13 19:33:28.636,1789338808.6366906,-82
2026-09-13 19:33:28.644,1789338808.644383,-94
2026-09-13 19:33:28.652,1789338808.6520753,-36
2026-09-13 19:33:28.659,1789338808.6597676,-50
2026-09-13 19:33:28.667,1789338808.66746,-63
2026-09-13 19:33:28.675,1789338808.6751523,-29
2026-09-13 19:33:28.682,1789338808.6828444,-14
2026-09-13 19:33:28.690,1789338808.6905367,-19
2026-09-13 19:33:28.698,1789338808.698229,-14
2026-09-13 19:33:28.705,1789338808.7059214,0
2026-09-13 19:33:28.713,1789338808.7136137,7
2026-09-13 19:33:28.721,1789338808.721306,12
2026-09-13 19:33:28.728,1789338808.7289984,19
2026-09-13 19:33:28.736,1789338808.7366908,31
2026-09-13 19:33:28.744,1789338808.7443829,38
2026-09-13 19:33:28.752,1789338808.7520752,48
2026-09-13 19:33:28.759,1789338808.7597675,60
2026-09-13 19:33:28.767,1789338808.7674599,72
2026-09-13 19:33:28.775,1789338808.7751522,92
2026-09-13 19:33:28.782,1789338808.7828445,121
2026-09-13 19:33:28.790,1789338808.7905369,140
2026-09-13 19:33:28.798,1789338808.7982292,157
2026-09-13 19:33:28.805,1789338808.8059216,184
2026-09-13 19:33:28.813,1789338808.8136137,213
2026-09-13 19:33:28.821,1789338808.821306,235
2026-09-13 19:33:28.828,1789338808.8289983,252
2026-09-13 19:33:28.836,1789338808.8361595,257
2026-09-13 19:33:28.843,1789338808.8438518,242
2026-09-13 19:33:28.851,1789338808.8515441,215
2026-09-13 19:33:28.859,1789338808.8592365,174
2026-09-13 19:33:28.866,1789338808.8669288,111
2026-09-13 19:33:28.874,1789338808.874621,55
2026-09-13 19:33:28.882,1789338808.8823133,7
2026-09-13 19:33:28.890,1789338808.8900056,-43
2026-09-13 19:33:28.897,1789338808.897698,-75
2026-09-13 19:33:28.905,1789338808.9053903,-84
2026-09-13 19:33:28.913,1789338808.9130826,-94
2026-09-13 19:33:28.920,1789338808.920775,-101
2026-09-13 19:33:28.928,1789338808.9284673,-99
2026-09-13 19:33:28.936,1789338808.9361594,-97
2026-09-13 19:33:28.943,1789338808.9438517,-99
2026-09-13 19:33:28.951,1789338808.951544,-92
2026-09-13 19:33:28.959,1789338808.9592364,-80
2026-09-13 19:33:28.966,1789338808.9669287,-72
2026-09-13 19:33:28.974,1789338808.974621,-65
2026-09-13 19:33:28.982,1789338808.9823134,-55
2026-09-13 19:33:28.990,1789338808.9900057,-48
2026-09-13 19:33:28.997,1789338808.9976978,-41
2026-09-13 19:33:29.005,1789338809.0053902,-36
2026-09-13 19:33:29.013,1789338809.0130825,-38
2026-09-13 19:33:29.020,1789338809.0207748,-36
2026-09-13 19:33:29.028,1789338809.0284672,-26
2026-09-13 19:33:29.036,1789338809.0361595,-21
2026-09-13 19:33:29.043,1789338809.0438519,-29
2026-09-13 19:33:29.051,1789338809.0515442,-31
2026-09-13 19:33:29.059,1789338809.0592363,-26
2026-09-13 19:33:29.066,1789338809.0669286,-21
2026-09-13 19:33:29.074,1789338809.074621,-24
2026-09-13 19:33:29.082,1789338809.0823133,-21
2026-09-13 19:33:29.090,1789338809.0900056,-24
2026-09-13 19:33:29.097,1789338809.097698,-24
2026-09-13 19:33:29.105,1789338809.1053903,-16
2026-09-13 19:33:29.113,1789338809.1130826,-16
2026-09-13 19:33:29.120,1789338809.1207747,-12
2026-09-13 19:33:29.128,1789338809.128467,-9
2026-09-13 19:33:29.136,1789338809.1361594,-12
2026-09-13 19:33:29.143,1789338809.1438518,-12
2026-09-13 19:33:29.151,1789338809.151544,-7
2026-09-13 19:33:29.159,1789338809.1592364,-4
2026-09-13 19:33:29.166,1789338809.1669288,-2
2026-09-13 19:33:29.174,1789338809.174621,0
2026-09-13 19:33:29.182,1789338809.1823132,4
2026-09-13 19:33:29.190,1789338809.1900055,4
2026-09-13 19:33:29.197,1789338809.1976979,-2
2026-09-13 19:33:29.205,1789338809.2053902,2
2026-09-13 19:33:29.213,1789338809.2130826,12
2026-09-13 19:33:29.220,1789338809.220775,16
2026-09-13 19:33:29.228,1789338809.2284672,29
2026-09-13 19:33:29.236,1789338809.2361596,50
2026-09-13 19:33:29.243,1789338809.2438517,55
2026-09-13 19:33:29.251,1789338809.251544,43
2026-09-13 19:33:29.259,1789338809.2592363,48
2026-09-13 19:33:29.266,1789338809.2669287,53
2026-09-13 19:33:29.274,1789338809.274621,31
2026-09-13 19:33:29.282,1789338809.2823133,7
2026-09-13 19:33:29.290,1789338809.2900057,2
2026-09-13 19:33:29.297,1789338809.297698,4
2026-09-13 19:33:29.305,1789338809.3053901,2
2026-09-13 19:33:29.313,1789338809.3130825,4
2026-09-13 19:33:29.320,1789338809.3207748,14
2026-09-13 19:33:29.328,1789338809.3284671,14
2026-09-13 19:33:29.336,1789338809.3361595,2
2026-09-13 19:33:29.343,1789338809.3438518,0
2026-09-13 19:33:29.351,1789338809.3515441,16
2026-09-13 19:33:29.359,1789338809.3592365,97
2026-09-13 19:33:29.366,1789338809.3669288,324
2026-09-13 19:33:29.374,1789338809.374621,676
2026-09-13 19:33:29.382,1789338809.3823133,953
2026-09-13 19:33:29.390,1789338809.3900056,756
2026-09-13 19:33:29.397,1789338809.3971362,65
2026-09-13 19:33:29.404,1789338809.4048285,-329
2026-09-13 19:33:29.412,1789338809.412521,-128
2026-09-13 19:33:29.420,1789338809.4202132,0
2026-09-13 19:33:29.427,1789338809.4279056,-99
2026-09-13 19:33:29.435,1789338809.4355977,-89
2026-09-13 19:33:29.443,1789338809.44329,-36
2026-09-13 19:33:29.450,1789338809.4509823,-50
2026-09-13 19:33:29.458,1789338809.4586747,-43
2026-09-13 19:33:29.466,1789338809.466367,-21
2026-09-13 19:33:29.474,1789338809.4740593,-21
2026-09-13 19:33:29.481,1789338809.4817517,-16
2026-09-13 19:33:29.489,1789338809.489444,-7
2026-09-13 19:33:29.497,1789338809.497136,-4
2026-09-13 19:33:29.504,1789338809.5048285,4
2026-09-13 19:33:29.512,1789338809.5125208,16
2026-09-13 19:33:29.520,1789338809.5202131,24
2026-09-13 19:33:29.527,1789338809.5279055,36
2026-09-13 19:33:29.535,1789338809.5355978,46
2026-09-13 19:33:29.543,1789338809.5432901,48
2026-09-13 19:33:29.550,1789338809.5509825,60
2026-09-13 19:33:29.558,1789338809.5586746,77
2026-09-13 19:33:29.566,1789338809.566367,89
2026-09-13 19:33:29.574,1789338809.5740592,109
2026-09-13 19:33:29.581,1789338809.5817516,130
2026-09-13 19:33:29.589,1789338809.589444,150
2026-09-13 19:33:29.597,1789338809.5971363,169
2026-09-13 19:33:29.604,1789338809.6048286,194
2026-09-13 19:33:29.612,1789338809.612521,213
2026-09-13 19:33:29.620,1789338809.620213,218
2026-09-13 19:33:29.627,1789338809.6279054,220
2026-09-13 19:33:29.635,1789338809.6355977,220
2026-09-13 19:33:29.643,1789338809.64329,198
2026-09-13 19:33:29.650,1789338809.6509824,160
2026-09-13 19:33:29.658,1789338809.6586747,109
2026-09-13 19:33:29.666,1789338809.666367,53
2026-09-13 19:33:29.674,1789338809.6740594,7
2026-09-13 19:33:29.681,1789338809.6817515,-26
2026-09-13 19:33:29.689,1789338809.6894438,-55
2026-09-13 19:33:29.697,1789338809.6971362,-75
2026-09-13 19:33:29.704,1789338809.7048285,-82
2026-09-13 19:33:29.712,1789338809.7125208,-89
2026-09-13 19:33:29.720,1789338809.7202132,-84
2026-09-13 19:33:29.727,1789338809.7279055,-80
2026-09-13 19:33:29.735,1789338809.7355978,-82
2026-09-13 19:33:29.743,1789338809.74329,-77
2026-09-13 19:33:29.750,1789338809.7509823,-60
2026-09-13 19:33:29.758,1789338809.7586746,-53
2026-09-13 19:33:29.766,1789338809.766367,-55
2026-09-13 19:33:29.774,1789338809.7740593,-50
2026-09-13 19:33:29.781,1789338809.7817516,-36
2026-09-13 19:33:29.789,1789338809.789444,-31
2026-09-13 19:33:29.797,1789338809.7971363,-31
2026-09-13 19:33:29.804,1789338809.8048284,-26
2026-09-13 19:33:29.812,1789338809.8125207,-26
2026-09-13 19:33:29.820,1789338809.820213,-31
2026-09-13 19:33:29.827,1789338809.8279054,-29
2026-09-13 19:33:29.835,1789338809.8355978,-24
2026-09-13 19:33:29.843,1789338809.84329,-26
2026-09-13 19:33:29.850,1789338809.8509824,-29
2026-09-13 19:33:29.858,1789338809.8586748,-21
2026-09-13 19:33:29.866,1789338809.8663669,-16
2026-09-13 19:33:29.874,1789338809.8740592,-21
2026-09-13 19:33:29.881,1789338809.8817515,-19
2026-09-13 19:33:29.889,1789338809.8894439,-14
2026-09-13 19:33:29.897,1789338809.8971362,-16
2026-09-13 19:33:29.904,1789338809.9048285,-19
2026-09-13 19:33:29.912,1789338809.912521,-12
2026-09-13 19:33:29.920,1789338809.9202132,-4
2026-09-13 19:33:29.927,1789338809.9279056,-4
2026-09-13 19:33:29.935,1789338809.9355977,-4
2026-09-13 19:33:29.943,1789338809.94329,-7
2026-09-13 19:33:29.950,1789338809.9509823,-7
2026-09-13 19:33:29.958,1789338809.9581437,-2
2026-09-13 19:33:29.965,1789338809.965836,2
2026-09-13 19:33:29.973,1789338809.9735284,0
2026-09-13 19:33:29.981,1789338809.9812207,0
2026-09-13 19:33:29.988,1789338809.988913,4
2026-09-13 19:33:29.996,1789338809.9966052,4
2026-09-13 19:33:30.004,1789338810.0042975,7
2026-09-13 19:33:30.011,1789338810.0119898,7
2026-09-13 19:33:30.019,1789338810.0196822,7
2026-09-13 19:33:30.027,1789338810.0273745,7
2026-09-13 19:33:30.035,1789338810.0350668,9
2026-09-13 19:33:30.042,1789338810.0427592,9
2026-09-13 19:33:30.050,1789338810.0504515,12
2026-09-13 19:33:30.058,1789338810.0581436,16
2026-09-13 19:33:30.065,1789338810.065836,16
2026-09-13 19:33:30.073,1789338810.0735283,19
2026-09-13 19:33:30.081,1789338810.0812206,16
2026-09-13 19:33:30.088,1789338810.088913,16
2026-09-13 19:33:30.096,1789338810.0966053,16
2026-09-13 19:33:30.104,1789338810.1042976,16
2026-09-13 19:33:30.111,1789338810.11199,19
2026-09-13 19:33:30.119,1789338810.119682,19
2026-09-13 19:33:30.127,1789338810.1273744,16
2026-09-13 19:33:30.135,1789338810.1350667,24
2026-09-13 19:33:30.142,1789338810.142759,41
2026-09-13 19:33:30.150,1789338810.1504514,55
2026-09-13 19:33:30.158,1789338810.1581438,67
2026-09-13 19:33:30.165,1789338810.165836,63
2026-09-13 19:33:30.173,1789338810.1735284,55
2026-09-13 19:33:30.181,1789338810.1812205,58
2026-09-13 19:33:30.188,1789338810.1889129,50
2026-09-13 19:33:30.196,1789338810.1966052,29
2026-09-13 19:33:30.204,1789338810.2042975,12
2026-09-13 19:33:30.211,1789338810.2119899,9
2026-09-13 19:33:30.219,1789338810.2196822,9
2026-09-13 19:33:30.227,1789338810.2273746,12
2026-09-13 19:33:30.235,1789338810.235067,12
2026-09-13 19:33:30.242,1789338810.242759,12
2026-09-13 19:33:30.250,1789338810.2504513,14
2026-09-13 19:33:30.258,1789338810.2581437,16
2026-09-13 19:33:30.265,1789338810.265836,12
2026-09-13 19:33:30.273,1789338810.2735283,26
2026-09-13 19:33:30.281,1789338810.2812207,143
2026-09-13 19:33:30.288,1789338810.288913,412
2026-09-13 19:33:30.296,1789338810.2966053,768
2026-09-13 19:33:30.304,1789338810.3042974,972
2026-09-13 19:33:30.311,1789338810.3119898,613
2026-09-13 19:33:30.319,1789338810.3196821,-109
2026-09-13 19:33:30.327,1789338810.3273745,-320
2026-09-13 19:33:30.335,1789338810.3350668,-55
2026-09-13 19:33:30.342,1789338810.3427591,-12
2026-09-13 19:33:30.350,1789338810.3504515,-104
2026-09-13 19:33:30.358,1789338810.3581438,-50
2026-09-13 19:33:30.365,1789338810.365836,-14
2026-09-13 19:33:30.373,1789338810.3735282,-43
2026-09-13 19:33:30.381,1789338810.3812206,-33
2026-09-13 19:33:30.388,1789338810.388913,-4
2026-09-13 19:33:30.396,1789338810.3966053,-7
2026-09-13 19:33:30.404,1789338810.4042976,-4
2026-09-13 19:33:30.411,1789338810.41199,9
2026-09-13 19:33:30.419,1789338810.4196823,14
2026-09-13 19:33:30.427,1789338810.4273744,16
2026-09-13 19:33:30.435,1789338810.4350667,26
2026-09-13 19:33:30.442,1789338810.442759,33
2026-09-13 19:33:30.450,1789338810.4504514,46
2026-09-13 19:33:30.458,1789338810.4581437,60
2026-09-13 19:33:30.465,1789338810.465836,67
2026-09-13 19:33:30.473,1789338810.4735284,77
2026-09-13 19:33:30.481,1789338810.4812207,89
2026-09-13 19:33:30.488,1789338810.488913,104
2026-09-13 19:33:30.496,1789338810.4966052,116
2026-09-13 19:33:30.504,1789338810.5042975,130
2026-09-13 19:33:30.511,1789338810.5119898,152
2026-09-13 19:33:30.519,1789338810.5191202,177
2026-09-13 19:33:30.526,1789338810.5268126,196
2026-09-13 19:33:30.534,1789338810.534505,206
2026-09-13 19:33:30.542,1789338810.5421972,218
2026-09-13 19:33:30.549,1789338810.5498896,225
2026-09-13 19:33:30.557,1789338810.5575817,213
2026-09-13 19:33:30.565,1789338810.565274,191
2026-09-13 19:33:30.572,1789338810.5729663,164
2026-09-13 19:33:30.580,1789338810.5806587,121
2026-09-13 19:33:30.588,1789338810.588351,67
2026-09-13 19:33:30.596,1789338810.5960433,21
2026-09-13 19:33:30.603,1789338810.6037357,-19
2026-09-13 19:33:30.611,1789338810.611428,-50
2026-09-13 19:33:30.619,1789338810.6191201,-67
2026-09-13 19:33:30.626,1789338810.6268125,-77
2026-09-13 19:33:30.634,1789338810.6345048,-84
2026-09-13 19:33:30.642,1789338810.6421971,-87
2026-09-13 19:33:30.649,1789338810.6498895,-82
2026-09-13 19:33:30.657,1789338810.6575818,-77
2026-09-13 19:33:30.665,1789338810.6652741,-72
2026-09-13 19:33:30.672,1789338810.6729665,-63
2026-09-13 19:33:30.680,1789338810.6806586,-53
2026-09-13 19:33:30.688,1789338810.688351,-48
2026-09-13 19:33:30.696,1789338810.6960433,-46
2026-09-13 19:33:30.703,1789338810.7037356,-41
2026-09-13 19:33:30.711,1789338810.711428,-38
2026-09-13 19:33:30.719,1789338810.7191203,-36
2026-09-13 19:33:30.726,1789338810.7268126,-33
2026-09-13 19:33:30.734,1789338810.734505,-31
2026-09-13 19:33:30.742,1789338810.742197,-29
2026-09-13 19:33:30.749,1789338810.7498894,-29
2026-09-13 19:33:30.757,1789338810.7575817,-31
2026-09-13 19:33:30.765,1789338810.765274,-26
2026-09-13 19:33:30.772,1789338810.7729664,-21
2026-09-13 19:33:30.780,1789338810.7806587,-24
2026-09-13 19:33:30.788,1789338810.788351,-29
2026-09-13 19:33:30.796,1789338810.7960434,-29
2026-09-13 19:33:30.803,1789338810.8037355,-24
2026-09-13 19:33:30.811,1789338810.8114278,-21
2026-09-13 19:33:30.819,1789338810.8191202,-19
2026-09-13 19:33:30.826,1789338810.8268125,-21
2026-09-13 19:33:30.834,1789338810.8345048,-16
2026-09-13 19:33:30.842,1789338810.8421972,-7
2026-09-13 19:33:30.849,1789338810.8498895,-4
2026-09-13 19:33:30.857,1789338810.8575819,-7
2026-09-13 19:33:30.865,1789338810.865274,-7
2026-09-13 19:33:30.872,1789338810.8729663,-2
2026-09-13 19:33:30.880,1789338810.8806586,-2
2026-09-13 19:33:30.888,1789338810.888351,-2
2026-09-13 19:33:30.896,1789338810.8960433,-4
2026-09-13 19:33:30.903,1789338810.9037356,2
2026-09-13 19:33:30.911,1789338810.911428,9
2026-09-13 19:33:30.919,1789338810.9191203,7
2026-09-13 19:33:30.926,1789338810.9268124,4
2026-09-13 19:33:30.934,1789338810.9345047,7
2026-09-13 19:33:30.942,1789338810.942197,9
2026-09-13 19:33:30.949,1789338810.9498894,14
2026-09-13 19:33:30.957,1789338810.9575818,19
2026-09-13 19:33:30.965,1789338810.965274,16
2026-09-13 19:33:30.972,1789338810.9729664,16
2026-09-13 19:33:30.980,1789338810.9806588,21
2026-09-13 19:33:30.988,1789338810.9883509,21
2026-09-13 19:33:30.996,1789338810.9960432,21
2026-09-13 19:33:31.003,1789338811.0037355,21
2026-09-13 19:33:31.011,1789338811.0114279,26
2026-09-13 19:33:31.019,1789338811.0191202,31
2026-09-13 19:33:31.026,1789338811.0268126,24
2026-09-13 19:33:31.034,1789338811.034505,21
2026-09-13 19:33:31.042,1789338811.0421972,21
2026-09-13 19:33:31.049,1789338811.0498896,24
2026-09-13 19:33:31.057,1789338811.0575817,29
2026-09-13 19:33:31.065,1789338811.065274,33
2026-09-13 19:33:31.072,1789338811.0729663,33
2026-09-13 19:33:31.080,1789338811.0801277,26
2026-09-13 19:33:31.087,1789338811.08782,26
2026-09-13 19:33:31.095,1789338811.0955124,31
2026-09-13 19:33:31.103,1789338811.1032047,31
2026-09-13 19:33:31.110,1789338811.110897,26
2026-09-13 19:33:31.118,1789338811.1185892,26
2026-09-13 19:33:31.126,1789338811.1262815,26
2026-09-13 19:33:31.133,1789338811.1339738,21
2026-09-13 19:33:31.141,1789338811.1416662,24
2026-09-13 19:33:31.149,1789338811.1493585,41
2026-09-13 19:33:31.157,1789338811.1570508,55
2026-09-13 19:33:31.164,1789338811.1647432,67
2026-09-13 19:33:31.172,1789338811.1724355,77
2026-09-13 19:33:31.180,1789338811.1801276,65
2026-09-13 19:33:31.187,1789338811.18782,53
2026-09-13 19:33:31.195,1789338811.1955123,55
2026-09-13 19:33:31.203,1789338811.2032046,43
2026-09-13 19:33:31.210,1789338811.210897,16
2026-09-13 19:33:31.218,1789338811.2185893,4
2026-09-13 19:33:31.226,1789338811.2262816,2
2026-09-13 19:33:31.233,1789338811.233974,0
2026-09-13 19:33:31.241,1789338811.241666,4
2026-09-13 19:33:31.249,1789338811.2493584,4
2026-09-13 19:33:31.257,1789338811.2570508,4
2026-09-13 19:33:31.264,1789338811.264743,4
2026-09-13 19:33:31.272,1789338811.2724354,-2
2026-09-13 19:33:31.280,1789338811.2801278,4
2026-09-13 19:33:31.287,1789338811.28782,82
2026-09-13 19:33:31.295,1789338811.2955124,293
2026-09-13 19:33:31.303,1789338811.3032045,628
2026-09-13 19:33:31.310,1789338811.3108969,960
2026-09-13 19:33:31.318,1789338811.3185892,846
2026-09-13 19:33:31.326,1789338811.3262815,118
2026-09-13 19:33:31.333,1789338811.333974,-358
2026-09-13 19:33:31.341,1789338811.3416662,-160
2026-09-13 19:33:31.349,1789338811.3493586,-14
2026-09-13 19:33:31.357,1789338811.357051,-118
2026-09-13 19:33:31.364,1789338811.364743,-101
2026-09-13 19:33:31.372,1789338811.3724353,-41
2026-09-13 19:33:31.380,1789338811.3801277,-70
2026-09-13 19:33:31.387,1789338811.38782,-70
2026-09-13 19:33:31.395,1789338811.3955123,-38
2026-09-13 19:33:31.403,1789338811.4032047,-41
2026-09-13 19:33:31.410,1789338811.410897,-36
2026-09-13 19:33:31.418,1789338811.4185894,-16
2026-09-13 19:33:31.426,1789338811.4262815,-14
2026-09-13 19:33:31.433,1789338811.4339738,-9
2026-09-13 19:33:31.441,1789338811.4416661,7
2026-09-13 19:33:31.449,1789338811.4493585,12
2026-09-13 19:33:31.457,1789338811.4570508,12
2026-09-13 19:33:31.464,1789338811.4647431,24
2026-09-13 19:33:31.472,1789338811.4724355,41
2026-09-13 19:33:31.480,1789338811.4801278,50
2026-09-13 19:33:31.487,1789338811.48782,63
2026-09-13 19:33:31.495,1789338811.4955122,77
2026-09-13 19:33:31.503,1789338811.5032046,87
2026-09-13 19:33:31.510,1789338811.510897,101
2026-09-13 19:33:31.518,1789338811.5185893,128
2026-09-13 19:33:31.526,1789338811.5262816,152
2026-09-13 19:33:31.533,1789338811.533974,167
2026-09-13 19:33:31.541,1789338811.5416663,181
2026-09-13 19:33:31.549,1789338811.5493584,201
2026-09-13 19:33:31.557,1789338811.5570507,208
2026-09-13 19:33:31.564,1789338811.564743,206
2026-09-13 19:33:31.572,1789338811.5724354,194
2026-09-13 19:33:31.580,1789338811.5801277,169
2026-09-13 19:33:31.587,1789338811.58782,128
2026-09-13 19:33:31.595,1789338811.5955124,80
2026-09-13 19:33:31.603,1789338811.6032047,31
2026-09-13 19:33:31.610,1789338811.610897,-9
2026-09-13 19:33:31.618,1789338811.6185892,-43
2026-09-13 19:33:31.626,1789338811.6262815,-65
2026-09-13 19:33:31.633,1789338811.6339738,-77
2026-09-13 19:33:31.641,1789338811.6411045,-87
2026-09-13 19:33:31.648,1789338811.6487968,-92
2026-09-13 19:33:31.656,1789338811.6564891,-89
2026-09-13 19:33:31.664,1789338811.6641815,-82
2026-09-13 19:33:31.671,1789338811.6718738,-72
2026-09-13 19:33:31.679,1789338811.679566,-67
2026-09-13 19:33:31.687,1789338811.6872582,-63
2026-09-13 19:33:31.694,1789338811.6949506,-58
2026-09-13 19:33:31.702,1789338811.702643,-50
2026-09-13 19:33:31.710,1789338811.7103353,-46
2026-09-13 19:33:31.718,1789338811.7180276,-38
2026-09-13 19:33:31.725,1789338811.72572,-31
2026-09-13 19:33:31.733,1789338811.7334123,-31
2026-09-13 19:33:31.741,1789338811.7411044,-31
2026-09-13 19:33:31.748,1789338811.7487967,-24
2026-09-13 19:33:31.756,1789338811.756489,-19
2026-09-13 19:33:31.764,1789338811.7641814,-24
2026-09-13 19:33:31.771,1789338811.7718737,-24
2026-09-13 19:33:31.779,1789338811.779566,-19
2026-09-13 19:33:31.787,1789338811.7872584,-21
2026-09-13 19:33:31.794,1789338811.7949507,-24
2026-09-13 19:33:31.802,1789338811.8026428,-24
2026-09-13 19:33:31.810,1789338811.8103352,-21
2026-09-13 19:33:31.818,1789338811.8180275,-19
2026-09-13 19:33:31.825,1789338811.8257198,-19
2026-09-13 19:33:31.833,1789338811.8334122,-16
2026-09-13 19:33:31.841,1789338811.8411045,-12
2026-09-13 19:33:31.848,1789338811.8487968,-9
2026-09-13 19:33:31.856,1789338811.8564892,-9
2026-09-13 19:33:31.864,1789338811.8641813,-7
2026-09-13 19:33:31.871,1789338811.8718736,-7
2026-09-13 19:33:31.879,1789338811.879566,-7
2026-09-13 19:33:31.887,1789338811.8872583,-2
2026-09-13 19:33:31.894,1789338811.8949506,0
2026-09-13 19:33:31.902,1789338811.902643,-2
2026-09-13 19:33:31.910,1789338811.9103353,0
2026-09-13 19:33:31.918,1789338811.9180276,2
2026-09-13 19:33:31.925,1789338811.9257197,2
2026-09-13 19:33:31.933,1789338811.933412,2
2026-09-13 19:33:31.941,1789338811.9411044,4
2026-09-13 19:33:31.948,1789338811.9487967,12
2026-09-13 19:33:31.956,1789338811.956489,14
2026-09-13 19:33:31.964,1789338811.9641814,7
2026-09-13 19:33:31.971,1789338811.9718738,7
2026-09-13 19:33:31.979,1789338811.979566,12
2026-09-13 19:33:31.987,1789338811.9872582,7
2026-09-13 19:33:31.994,1789338811.9949505,7
2026-09-13 19:33:32.002,1789338812.0026429,19
2026-09-13 19:33:32.010,1789338812.0103352,24
2026-09-13 19:33:32.018,1789338812.0180275,21
2026-09-13 19:33:32.025,1789338812.02572,19
2026-09-13 19:33:32.033,1789338812.0334122,16
2026-09-13 19:33:32.041,1789338812.0411046,16
2026-09-13 19:33:32.048,1789338812.0487967,21
2026-09-13 19:33:32.056,1789338812.056489,24
2026-09-13 19:33:32.064,1789338812.0641813,24
2026-09-13 19:33:32.071,1789338812.0718737,21
2026-09-13 19:33:32.079,1789338812.079566,19
2026-09-13 19:33:32.087,1789338812.0872583,24
2026-09-13 19:33:32.094,1789338812.0949507,29
2026-09-13 19:33:32.102,1789338812.102643,29
2026-09-13 19:33:32.110,1789338812.110335,19
2026-09-13 19:33:32.118,1789338812.1180274,24
2026-09-13 19:33:32.125,1789338812.1257198,46
2026-09-13 19:33:32.133,1789338812.1334121,63
2026-09-13 19:33:32.141,1789338812.1411045,70
2026-09-13 19:33:32.148,1789338812.1487968,84
2026-09-13 19:33:32.156,1789338812.1564891,82
2026-09-13 19:33:32.164,1789338812.1641815,63
2026-09-13 19:33:32.171,1789338812.1718738,53
2026-09-13 19:33:32.179,1789338812.179566,43
2026-09-13 19:33:32.187,1789338812.1872582,24
2026-09-13 19:33:32.194,1789338812.1949506,7
2026-09-13 19:33:32.202,1789338812.2021117,2
2026-09-13 19:33:32.209,1789338812.209804,0
2026-09-13 19:33:32.217,1789338812.2174964,7
2026-09-13 19:33:32.225,1789338812.2251887,19
2026-09-13 19:33:32.232,1789338812.232881,21
2026-09-13 19:33:32.240,1789338812.2405732,14
2026-09-13 19:33:32.248,1789338812.2482655,12
2026-09-13 19:33:32.255,1789338812.2559578,19
2026-09-13 19:33:32.263,1789338812.2636502,84
2026-09-13 19:33:32.271,1789338812.2713425,288
2026-09-13 19:33:32.279,1789338812.2790349,620
2026-09-13 19:33:32.286,1789338812.2867272,970
2026-09-13 19:33:32.294,1789338812.2944195,909
2026-09-13 19:33:32.302,1789338812.3021116,179
2026-09-13 19:33:32.309,1789338812.309804,-373
2026-09-13 19:33:32.317,1789338812.3174963,-191
2026-09-13 19:33:32.325,1789338812.3251886,2
2026-09-13 19:33:32.332,1789338812.332881,-92
2026-09-13 19:33:32.340,1789338812.3405733,-87
2026-09-13 19:33:32.348,1789338812.3482656,-19
2026-09-13 19:33:32.355,1789338812.355958,-53
2026-09-13 19:33:32.363,1789338812.36365,-70
2026-09-13 19:33:32.371,1789338812.3713424,-33
2026-09-13 19:33:32.379,1789338812.3790348,-21
2026-09-13 19:33:32.386,1789338812.386727,-19
2026-09-13 19:33:32.394,1789338812.3944194,-7
2026-09-13 19:33:32.402,1789338812.4021118,2
2026-09-13 19:33:32.409,1789338812.409804,14
2026-09-13 19:33:32.417,1789338812.4174964,29
2026-09-13 19:33:32.425,1789338812.4251885,33
2026-09-13 19:33:32.432,1789338812.4328809,33
2026-09-13 19:33:32.440,1789338812.4405732,41
2026-09-13 19:33:32.448,1789338812.4482656,48
2026-09-13 19:33:32.455,1789338812.455958,60
2026-09-13 19:33:32.463,1789338812.4636502,84
2026-09-13 19:33:32.471,1789338812.4713426,101
2026-09-13 19:33:32.479,1789338812.479035,113
2026-09-13 19:33:32.486,1789338812.486727,138
2026-09-13 19:33:32.494,1789338812.4944193,160
2026-09-13 19:33:32.502,1789338812.5021117,184
2026-09-13 19:33:32.509,1789338812.509804,220
2026-09-13 19:33:32.517,1789338812.5174963,247
2026-09-13 19:33:32.525,1789338812.5251887,254
2026-09-13 19:33:32.532,1789338812.532881,261
2026-09-13 19:33:32.540,1789338812.5405734,266
2026-09-13 19:33:32.548,1789338812.5482655,249
2026-09-13 19:33:32.555,1789338812.5559578,208
2026-09-13 19:33:32.563,1789338812.5636501,155
2026-09-13 19:33:32.571,1789338812.5713425,104
2026-09-13 19:33:32.579,1789338812.5790348,46
2026-09-13 19:33:32.586,1789338812.5867271,-14
2026-09-13 19:33:32.594,1789338812.5944195,-55
2026-09-13 19:33:32.602,1789338812.6021118,-80
2026-09-13 19:33:32.609,1789338812.609804,-92
2026-09-13 19:33:32.617,1789338812.6174963,-97
2026-09-13 19:33:32.625,1789338812.6251886,-106
2026-09-13 19:33:32.632,1789338812.632881,-106
2026-09-13 19:33:32.640,1789338812.6405733,-89
2026-09-13 19:33:32.648,1789338812.6482656,-72
2026-09-13 19:33:32.655,1789338812.655958,-72
2026-09-13 19:33:32.663,1789338812.6636503,-77
2026-09-13 19:33:32.671,1789338812.6713424,-67
2026-09-13 19:33:32.679,1789338812.6790347,-53
2026-09-13 19:33:32.686,1789338812.686727,-50
2026-09-13 19:33:32.694,1789338812.6944194,-55
2026-09-13 19:33:32.702,1789338812.7021117,-48
2026-09-13 19:33:32.709,1789338812.709804,-33
2026-09-13 19:33:32.717,1789338812.7174964,-26
2026-09-13 19:33:32.725,1789338812.7251887,-26
2026-09-13 19:33:32.732,1789338812.732881,-38
2026-09-13 19:33:32.740,1789338812.7405732,-41
2026-09-13 19:33:32.748,1789338812.7482655,-38
2026-09-13 19:33:32.755,1789338812.7559578,-38
2026-09-13 19:33:32.763,1789338812.7630885,-36
2026-09-13 19:33:32.770,1789338812.7707808,-24
2026-09-13 19:33:32.778,1789338812.7784731,-24
2026-09-13 19:33:32.786,1789338812.7861655,-26
2026-09-13 19:33:32.793,1789338812.7938578,-24
2026-09-13 19:33:32.801,1789338812.80155,-24
2026-09-13 19:33:32.809,1789338812.8092422,-29
2026-09-13 19:33:32.816,1789338812.8169346,-19
2026-09-13 19:33:32.824,1789338812.824627,-4
2026-09-13 19:33:32.832,1789338812.8323193,-4
2026-09-13 19:33:32.840,1789338812.8400116,-19
2026-09-13 19:33:32.847,1789338812.847704,-21
2026-09-13 19:33:32.855,1789338812.8553963,-7
2026-09-13 19:33:32.863,1789338812.8630884,0
2026-09-13 19:33:32.870,1789338812.8707807,-2
2026-09-13 19:33:32.878,1789338812.878473,-4
2026-09-13 19:33:32.886,1789338812.8861654,-2
2026-09-13 19:33:32.893,1789338812.8938577,7
2026-09-13 19:33:32.901,1789338812.90155,12
2026-09-13 19:33:32.909,1789338812.9092424,7
2026-09-13 19:33:32.916,1789338812.9169347,7
2026-09-13 19:33:32.924,1789338812.9246268,12
2026-09-13 19:33:32.932,1789338812.9323192,16
2026-09-13 19:33:32.940,1789338812.9400115,19
2026-09-13 19:33:32.947,1789338812.9477038,16
2026-09-13 19:33:32.955,1789338812.9553962,16
2026-09-13 19:33:32.963,1789338812.9630885,29
2026-09-13 19:33:32.970,1789338812.9707808,41
2026-09-13 19:33:32.978,1789338812.9784732,50
2026-09-13 19:33:32.986,1789338812.9861653,70
2026-09-13 19:33:32.993,1789338812.9938576,89
2026-09-13 19:33:33.001,1789338813.00155,80
2026-09-13 19:33:33.009,1789338813.0092423,60
2026-09-13 19:33:33.016,1789338813.0169346,63
2026-09-13 19:33:33.024,1789338813.024627,55
2026-09-13 19:33:33.032,1789338813.0323193,33
2026-09-13 19:33:33.040,1789338813.0400116,26
2026-09-13 19:33:33.047,1789338813.0477037,26
2026-09-13 19:33:33.055,1789338813.055396,21
2026-09-13 19:33:33.063,1789338813.0630884,24
2026-09-13 19:33:33.070,1789338813.0707808,36
2026-09-13 19:33:33.078,1789338813.078473,33
2026-09-13 19:33:33.086,1789338813.0861654,31
2026-09-13 19:33:33.093,1789338813.0938578,31
2026-09-13 19:33:33.101,1789338813.10155,33
2026-09-13 19:33:33.109,1789338813.1092422,84
2026-09-13 19:33:33.116,1789338813.1169345,271
2026-09-13 19:33:33.124,1789338813.1246269,615
2026-09-13 19:33:33.132,1789338813.1323192,991
2026-09-13 19:33:33.140,1789338813.1400115,977
2026-09-13 19:33:33.147,1789338813.147704,266
2026-09-13 19:33:33.155,1789338813.1553962,-383
2026-09-13 19:33:33.163,1789338813.1630886,-244
2026-09-13 19:33:33.170,1789338813.1707807,26
2026-09-13 19:33:33.178,1789338813.178473,-53
2026-09-13 19:33:33.186,1789338813.1861653,-77
2026-09-13 19:33:33.193,1789338813.1938577,9
2026-09-13 19:33:33.201,1789338813.20155,-7
2026-09-13 19:33:33.209,1789338813.2092423,-31
2026-09-13 19:33:33.216,1789338813.2169347,12
2026-09-13 19:33:33.224,1789338813.224627,31
2026-09-13 19:33:33.232,1789338813.232319,24
2026-09-13 19:33:33.240,1789338813.2400115,31
2026-09-13 19:33:33.247,1789338813.2477038,41
2026-09-13 19:33:33.255,1789338813.2553961,50
2026-09-13 19:33:33.263,1789338813.2630885,63
2026-09-13 19:33:33.270,1789338813.2707808,75
2026-09-13 19:33:33.278,1789338813.2784731,77
2026-09-13 19:33:33.286,1789338813.2861655,84
2026-09-13 19:33:33.293,1789338813.2938578,101
2026-09-13 19:33:33.301,1789338813.30155,118
2026-09-13 19:33:33.309,1789338813.3092422,128
2026-09-13 19:33:33.316,1789338813.3169346,138
2026-09-13 19:33:33.324,1789338813.3240805,160
2026-09-13 19:33:33.331,1789338813.3317728,194
2026-09-13 19:33:33.339,1789338813.3394651,227
2026-09-13 19:33:33.347,1789338813.3471575,254
2026-09-13 19:33:33.354,1789338813.3548498,278
2026-09-13 19:33:33.362,1789338813.362542,303
2026-09-13 19:33:33.370,1789338813.3702343,327
2026-09-13 19:33:33.377,1789338813.3779266,339
2026-09-13 19:33:33.385,1789338813.385619,334
2026-09-13 19:33:33.393,1789338813.3933113,317
2026-09-13 19:33:33.401,1789338813.4010036,281
2026-09-13 19:33:33.408,1789338813.408696,213
2026-09-13 19:33:33.416,1789338813.4163883,135
2026-09-13 19:33:33.424,1789338813.4240804,70
2026-09-13 19:33:33.431,1789338813.4317727,21
2026-09-13 19:33:33.439,1789338813.439465,-14
2026-09-13 19:33:33.447,1789338813.4471574,-50
2026-09-13 19:33:33.454,1789338813.4548497,-80
2026-09-13 19:33:33.462,1789338813.462542,-82
2026-09-13 19:33:33.470,1789338813.4702344,-80
2026-09-13 19:33:33.477,1789338813.4779267,-80
2026-09-13 19:33:33.485,1789338813.4856188,-75
2026-09-13 19:33:33.493,1789338813.4933112,-65
2026-09-13 19:33:33.501,1789338813.5010035,-55
2026-09-13 19:33:33.508,1789338813.5086958,-46
2026-09-13 19:33:33.516,1789338813.5163882,-33
2026-09-13 19:33:33.524,1789338813.5240805,-26
2026-09-13 19:33:33.531,1789338813.5317729,-21
2026-09-13 19:33:33.539,1789338813.5394652,-21
2026-09-13 19:33:33.547,1789338813.5471573,-21
2026-09-13 19:33:33.554,1789338813.5548496,-9
2026-09-13 19:33:33.562,1789338813.562542,-2
2026-09-13 19:33:33.570,1789338813.5702343,0
2026-09-13 19:33:33.577,1789338813.5779266,4
2026-09-13 19:33:33.585,1789338813.585619,0
2026-09-13 19:33:33.593,1789338813.5933113,-2
2026-09-13 19:33:33.601,1789338813.6010036,12
2026-09-13 19:33:33.608,1789338813.6086957,9
2026-09-13 19:33:33.616,1789338813.616388,-2
2026-09-13 19:33:33.624,1789338813.6240804,0
2026-09-13 19:33:33.631,1789338813.6317728,12
2026-09-13 19:33:33.639,1789338813.639465,19
2026-09-13 19:33:33.647,1789338813.6471574,7
2026-09-13 19:33:33.654,1789338813.6548498,4
2026-09-13 19:33:33.662,1789338813.662542,19
2026-09-13 19:33:33.670,1789338813.6702342,21
2026-09-13 19:33:33.677,1789338813.6779265,4
2026-09-13 19:33:33.685,1789338813.6856189,12
2026-09-13 19:33:33.693,1789338813.6933112,38
2026-09-13 19:33:33.701,1789338813.7010036,33
2026-09-13 19:33:33.708,1789338813.708696,19
2026-09-13 19:33:33.716,1789338813.7163882,31
2026-09-13 19:33:33.724,1789338813.7240806,29
2026-09-13 19:33:33.731,1789338813.7317727,19
2026-09-13 19:33:33.739,1789338813.739465,43
2026-09-13 19:33:33.747,1789338813.7471573,65
2026-09-13 19:33:33.754,1789338813.7548497,60
2026-09-13 19:33:33.762,1789338813.762542,70
2026-09-13 19:33:33.770,1789338813.7702343,89
2026-09-13 19:33:33.777,1789338813.7779267,82
2026-09-13 19:33:33.785,1789338813.785619,65
2026-09-13 19:33:33.793,1789338813.793311,65
2026-09-13 19:33:33.801,1789338813.8010035,67
2026-09-13 19:33:33.808,1789338813.8086958,43
2026-09-13 19:33:33.816,1789338813.8163881,21
2026-09-13 19:33:33.824,1789338813.8240805,29
2026-09-13 19:33:33.831,1789338813.8317728,36
2026-09-13 19:33:33.839,1789338813.8394651,36
2026-09-13 19:33:33.847,1789338813.8471575,41
2026-09-13 19:33:33.854,1789338813.8548498,43
2026-09-13 19:33:33.862,1789338813.862542,33
2026-09-13 19:33:33.870,1789338813.8702343,29
2026-09-13 19:33:33.877,1789338813.8779266,36
2026-09-13 19:33:33.885,1789338813.8850725,106
2026-09-13 19:33:33.892,1789338813.8927648,334
2026-09-13 19:33:33.900,1789338813.9004571,720
2026-09-13 19:33:33.908,1789338813.9081495,1033
2026-09-13 19:33:33.915,1789338813.9158418,856
2026-09-13 19:33:33.923,1789338813.923534,113
2026-09-13 19:33:33.931,1789338813.9312263,-368
2026-09-13 19:33:33.938,1789338813.9389186,-162
2026-09-13 19:33:33.946,1789338813.946611,31
2026-09-13 19:33:33.954,1789338813.9543033,-58
2026-09-13 19:33:33.961,1789338813.9619956,-48
2026-09-13 19:33:33.969,1789338813.969688,21
2026-09-13 19:33:33.977,1789338813.9773803,-2
2026-09-13 19:33:33.985,1789338813.9850724,-16
2026-09-13 19:33:33.992,1789338813.9927647,16
2026-09-13 19:33:34.000,1789338814.000457,33
2026-09-13 19:33:34.008,1789338814.0081494,26
2026-09-13 19:33:34.015,1789338814.0158417,33
2026-09-13 19:33:34.023,1789338814.023534,50
2026-09-13 19:33:34.031,1789338814.0312264,63
2026-09-13 19:33:34.038,1789338814.0389187,67
2026-09-13 19:33:34.046,1789338814.0466108,72
2026-09-13 19:33:34.054,1789338814.0543032,80
2026-09-13 19:33:34.061,1789338814.0619955,97
2026-09-13 19:33:34.069,1789338814.0696878,109
2026-09-13 19:33:34.077,1789338814.0773802,109
2026-09-13 19:33:34.085,1789338814.0850725,130
2026-09-13 19:33:34.092,1789338814.0927649,167
2026-09-13 19:33:34.100,1789338814.1004572,177
2026-09-13 19:33:34.108,1789338814.1081493,186
2026-09-13 19:33:34.115,1789338814.1158416,223
2026-09-13 19:33:34.123,1789338814.123534,257
2026-09-13 19:33:34.131,1789338814.1312263,283
2026-09-13 19:33:34.138,1789338814.1389186,310
2026-09-13 19:33:34.146,1789338814.146611,334
2026-09-13 19:33:34.154,1789338814.1543033,339
2026-09-13 19:33:34.161,1789338814.1619956,327
2026-09-13 19:33:34.169,1789338814.1696877,298
2026-09-13 19:33:34.177,1789338814.17738,252
2026-09-13 19:33:34.185,1789338814.1850724,189
2026-09-13 19:33:34.192,1789338814.1927648,113
2026-09-13 19:33:34.200,1789338814.200457,38
2026-09-13 19:33:34.208,1789338814.2081494,-9
2026-09-13 19:33:34.215,1789338814.2158418,-29
2026-09-13 19:33:34.223,1789338814.223534,-55
2026-09-13 19:33:34.231,1789338814.2312262,-82
2026-09-13 19:33:34.238,1789338814.2389185,-70
2026-09-13 19:33:34.246,1789338814.2466109,-60
2026-09-13 19:33:34.254,1789338814.2543032,-77
2026-09-13 19:33:34.261,1789338814.2619956,-82
2026-09-13 19:33:34.269,1789338814.269688,-55
2026-09-13 19:33:34.277,1789338814.2773802,-43
2026-09-13 19:33:34.285,1789338814.2850726,-48
2026-09-13 19:33:34.292,1789338814.2927647,-38
2026-09-13 19:33:34.300,1789338814.300457,-16
2026-09-13 19:33:34.308,1789338814.3081493,-7
2026-09-13 19:33:34.315,1789338814.3158417,-12
2026-09-13 19:33:34.323,1789338814.323534,-12
2026-09-13 19:33:34.331,1789338814.3312263,-2
2026-09-13 19:33:34.338,1789338814.3389187,2
2026-09-13 19:33:34.346,1789338814.346611,7
2026-09-13 19:33:34.354,1789338814.3543031,14
2026-09-13 19:33:34.361,1789338814.3619955,16
2026-09-13 19:33:34.369,1789338814.3696878,14
2026-09-13 19:33:34.377,1789338814.3773801,7
2026-09-13 19:33:34.385,1789338814.3850725,7
2026-09-13 19:33:34.392,1789338814.3927648,12
2026-09-13 19:33:34.400,1789338814.4004571,12
2026-09-13 19:33:34.408,1789338814.4081495,12
2026-09-13 19:33:34.415,1789338814.4158418,9
2026-09-13 19:33:34.423,1789338814.423534,0
2026-09-13 19:33:34.431,1789338814.4312263,0
2026-09-13 19:33:34.438,1789338814.4389186,14
2026-09-13 19:33:34.446,1789338814.4460495,16
2026-09-13 19:33:34.453,1789338814.4537418,9
2026-09-13 19:33:34.461,1789338814.4614341,19
2026-09-13 19:33:34.469,1789338814.4691265,24
2026-09-13 19:33:34.476,1789338814.4768188,12
2026-09-13 19:33:34.484,1789338814.484511,9
2026-09-13 19:33:34.492,1789338814.4922032,19
2026-09-13 19:33:34.499,1789338814.4998956,29
2026-09-13 19:33:34.507,1789338814.507588,46
2026-09-13 19:33:34.515,1789338814.5152802,63
2026-09-13 19:33:34.522,1789338814.5229726,65
2026-09-13 19:33:34.530,1789338814.530665,55
2026-09-13 19:33:34.538,1789338814.5383573,53
2026-09-13 19:33:34.546,1789338814.5460494,55
2026-09-13 19:33:34.553,1789338814.5537417,36
2026-09-13 19:33:34.561,1789338814.561434,9
2026-09-13 19:33:34.569,1789338814.5691264,2
2026-09-13 19:33:34.576,1789338814.5768187,7
2026-09-13 19:33:34.584,1789338814.584511,14
2026-09-13 19:33:34.592,1789338814.5922034,16
2026-09-13 19:33:34.599,1789338814.5998957,14
2026-09-13 19:33:34.607,1789338814.6075878,12
2026-09-13 19:33:34.615,1789338814.6152802,14
2026-09-13 19:33:34.622,1789338814.6229725,16
2026-09-13 19:33:34.630,1789338814.6306648,24
2026-09-13 19:33:34.638,1789338814.6383572,118
2026-09-13 19:33:34.646,1789338814.6460495,397
2026-09-13 19:33:34.653,1789338814.6537418,785
2026-09-13 19:33:34.661,1789338814.6614342,1001
2026-09-13 19:33:34.669,1789338814.6691263,664
2026-09-13 19:33:34.676,1789338814.6768186,-67
2026-09-13 19:33:34.684,1789338814.684511,-339
2026-09-13 19:33:34.692,1789338814.6922033,-80
2026-09-13 19:33:34.699,1789338814.6998956,-7
2026-09-13 19:33:34.707,1789338814.707588,-111
2026-09-13 19:33:34.715,1789338814.7152803,-67
2026-09-13 19:33:34.722,1789338814.7229726,-24
2026-09-13 19:33:34.730,1789338814.7306647,-53
2026-09-13 19:33:34.738,1789338814.738357,-46
2026-09-13 19:33:34.746,1789338814.7460494,-12
2026-09-13 19:33:34.753,1789338814.7537417,-12
2026-09-13 19:33:34.761,1789338814.761434,-14
2026-09-13 19:33:34.769,1789338814.7691264,-2
2026-09-13 19:33:34.776,1789338814.7768188,4
2026-09-13 19:33:34.784,1789338814.784511,9
2026-09-13 19:33:34.792,1789338814.7922032,24
2026-09-13 19:33:34.799,1789338814.7998955,29
2026-09-13 19:33:34.807,1789338814.8075879,29
2026-09-13 19:33:34.815,1789338814.8152802,43
2026-09-13 19:33:34.822,1789338814.8229725,58
2026-09-13 19:33:34.830,1789338814.8306649,70
2026-09-13 19:33:34.838,1789338814.8383572,84
2026-09-13 19:33:34.846,1789338814.8460495,101
2026-09-13 19:33:34.853,1789338814.8537416,113
2026-09-13 19:33:34.861,1789338814.861434,133
2026-09-13 19:33:34.869,1789338814.8691263,162
2026-09-13 19:33:34.876,1789338814.8768187,186
2026-09-13 19:33:34.884,1789338814.884511,208
2026-09-13 19:33:34.892,1789338814.8922033,232
2026-09-13 19:33:34.899,1789338814.8998957,242
2026-09-13 19:33:34.907,1789338814.907588,232
2026-09-13 19:33:34.915,1789338814.91528,220
2026-09-13 19:33:34.922,1789338814.9229724,196
2026-09-13 19:33:34.930,1789338814.9306648,150
2026-09-13 19:33:34.938,1789338814.938357,94
2026-09-13 19:33:34.946,1789338814.9460495,36
2026-09-13 19:33:34.953,1789338814.9537418,-14
2026-09-13 19:33:34.961,1789338814.9614341,-53
2026-09-13 19:33:34.969,1789338814.9691265,-82
2026-09-13 19:33:34.976,1789338814.9768188,-99
2026-09-13 19:33:34.984,1789338814.984511,-106
2026-09-13 19:33:34.992,1789338814.9922032,-104
2026-09-13 19:33:34.999,1789338814.9998956,-99
2026-09-13 19:33:35.007,1789338815.0070567,-94
2026-09-13 19:33:35.014,1789338815.014749,-89
2026-09-13 19:33:35.022,1789338815.0224414,-89
2026-09-13 19:33:35.030,1789338815.0301337,-84
2026-09-13 19:33:35.037,1789338815.037826,-72
2026-09-13 19:33:35.045,1789338815.0455182,-63
2026-09-13 19:33:35.053,1789338815.0532105,-55
2026-09-13 19:33:35.060,1789338815.0609028,-50
2026-09-13 19:33:35.068,1789338815.0685952,-48
2026-09-13 19:33:35.076,1789338815.0762875,-46
2026-09-13 19:33:35.083,1789338815.0839798,-43
2026-09-13 19:33:35.091,1789338815.0916722,-38
2026-09-13 19:33:35.099,1789338815.0993645,-36
2026-09-13 19:33:35.107,1789338815.1070566,-33
2026-09-13 19:33:35.114,1789338815.114749,-26
2026-09-13 19:33:35.122,1789338815.1224413,-24
2026-09-13 19:33:35.130,1789338815.1301336,-29
2026-09-13 19:33:35.137,1789338815.137826,-31
2026-09-13 19:33:35.145,1789338815.1455183,-29
2026-09-13 19:33:35.153,1789338815.1532106,-24
2026-09-13 19:33:35.160,1789338815.160903,-24
2026-09-13 19:33:35.168,1789338815.168595,-29
2026-09-13 19:33:35.176,1789338815.1762874,-26
2026-09-13 19:33:35.183,1789338815.1839797,-19
2026-09-13 19:33:35.191,1789338815.191672,-16
2026-09-13 19:33:35.199,1789338815.1993644,-16
2026-09-13 19:33:35.207,1789338815.2070568,-19
2026-09-13 19:33:35.214,1789338815.214749,-16
2026-09-13 19:33:35.222,1789338815.2224414,-9
2026-09-13 19:33:35.230,1789338815.2301335,-9
2026-09-13 19:33:35.237,1789338815.2378259,-7
2026-09-13 19:33:35.245,1789338815.2455182,-7
2026-09-13 19:33:35.253,1789338815.2532105,-7
2026-09-13 19:33:35.260,1789338815.260903,-2
2026-09-13 19:33:35.268,1789338815.2685952,4
2026-09-13 19:33:35.276,1789338815.2762876,0
2026-09-13 19:33:35.283,1789338815.28398,-2
2026-09-13 19:33:35.291,1789338815.291672,0
2026-09-13 19:33:35.299,1789338815.2993643,-4
2026-09-13 19:33:35.307,1789338815.3070567,0
2026-09-13 19:33:35.314,1789338815.314749,19
2026-09-13 19:33:35.322,1789338815.3224413,29
2026-09-13 19:33:35.330,1789338815.3301337,41
2026-09-13 19:33:35.337,1789338815.337826,53
2026-09-13 19:33:35.345,1789338815.3455184,43
2026-09-13 19:33:35.353,1789338815.3532104,36
2026-09-13 19:33:35.360,1789338815.3609028,41
2026-09-13 19:33:35.368,1789338815.3685951,29
2026-09-13 19:33:35.376,1789338815.3762875,9
2026-09-13 19:33:35.383,1789338815.3839798,-4
2026-09-13 19:33:35.391,1789338815.3916721,-9
2026-09-13 19:33:35.399,1789338815.3993645,0
2026-09-13 19:33:35.407,1789338815.4070568,4
2026-09-13 19:33:35.414,1789338815.414749,0
2026-09-13 19:33:35.422,1789338815.4224412,-4
2026-09-13 19:33:35.430,1789338815.4301336,-2
2026-09-13 19:33:35.437,1789338815.437826,2
2026-09-13 19:33:35.445,1789338815.4455183,4
2026-09-13 19:33:35.453,1789338815.4532106,55
2026-09-13 19:33:35.460,1789338815.460903,242
2026-09-13 19:33:35.468,1789338815.4685953,569
2026-09-13 19:33:35.476,1789338815.4762874,890
2026-09-13 19:33:35.483,1789338815.4839797,839
2026-09-13 19:33:35.491,1789338815.491672,215
2026-09-13 19:33:35.499,1789338815.4993644,-312
2026-09-13 19:33:35.507,1789338815.5070567,-208
2026-09-13 19:33:35.514,1789338815.514749,-7
2026-09-13 19:33:35.522,1789338815.5224414,-77
2026-09-13 19:33:35.530,1789338815.5301337,-104
2026-09-13 19:33:35.537,1789338815.537826,-38
2026-09-13 19:33:35.545,1789338815.5455182,-46
2026-09-13 19:33:35.553,1789338815.5532105,-60
2026-09-13 19:33:35.560,1789338815.5609028,-33
2026-09-13 19:33:35.568,1789338815.5680335,-26
2026-09-13 19:33:35.575,1789338815.5757258,-33
2026-09-13 19:33:35.583,1789338815.5834181,-21
2026-09-13 19:33:35.591,1789338815.5911105,-7
2026-09-13 19:33:35.598,1789338815.5988028,0
2026-09-13 19:33:35.606,1789338815.606495,7
2026-09-13 19:33:35.614,1789338815.6141872,19
2026-09-13 19:33:35.621,1789338815.6218796,19
2026-09-13 19:33:35.629,1789338815.629572,26
2026-09-13 19:33:35.637,1789338815.6372643,46
2026-09-13 19:33:35.644,1789338815.6449566,53
2026-09-13 19:33:35.652,1789338815.652649,60
2026-09-13 19:33:35.660,1789338815.6603413,77
2026-09-13 19:33:35.668,1789338815.6680334,94
2026-09-13 19:33:35.675,1789338815.6757257,109
2026-09-13 19:33:35.683,1789338815.683418,130
2026-09-13 19:33:35.691,1789338815.6911104,152
2026-09-13 19:33:35.698,1789338815.6988027,172
2026-09-13 19:33:35.706,1789338815.706495,191
2026-09-13 19:33:35.714,1789338815.7141874,206
2026-09-13 19:33:35.721,1789338815.7218797,213
2026-09-13 19:33:35.729,1789338815.7295718,208
2026-09-13 19:33:35.737,1789338815.7372642,191
2026-09-13 19:33:35.744,1789338815.7449565,167
2026-09-13 19:33:35.752,1789338815.7526488,123
2026-09-13 19:33:35.760,1789338815.7603412,67
2026-09-13 19:33:35.768,1789338815.7680335,16
2026-09-13 19:33:35.775,1789338815.7757258,-21
2026-09-13 19:33:35.783,1789338815.7834182,-58
2026-09-13 19:33:35.791,1789338815.7911103,-82
2026-09-13 19:33:35.798,1789338815.7988026,-87
2026-09-13 19:33:35.806,1789338815.806495,-89
2026-09-13 19:33:35.814,1789338815.8141873,-94
2026-09-13 19:33:35.821,1789338815.8218796,-92
2026-09-13 19:33:35.829,1789338815.829572,-84
2026-09-13 19:33:35.837,1789338815.8372643,-77
2026-09-13 19:33:35.844,1789338815.8449566,-72
2026-09-13 19:33:35.852,1789338815.8526487,-63
2026-09-13 19:33:35.860,1789338815.860341,-50
2026-09-13 19:33:35.868,1789338815.8680334,-48
2026-09-13 19:33:35.875,1789338815.8757257,-48
2026-09-13 19:33:35.883,1789338815.883418,-43
2026-09-13 19:33:35.891,1789338815.8911104,-36
2026-09-13 19:33:35.898,1789338815.8988028,-38
2026-09-13 19:33:35.906,1789338815.906495,-38
2026-09-13 19:33:35.914,1789338815.9141872,-33
2026-09-13 19:33:35.921,1789338815.9218795,-33
2026-09-13 19:33:35.929,1789338815.9295719,-29
2026-09-13 19:33:35.937,1789338815.9372642,-26
2026-09-13 19:33:35.944,1789338815.9449565,-29
2026-09-13 19:33:35.952,1789338815.9526489,-29
2026-09-13 19:33:35.960,1789338815.9603412,-29
2026-09-13 19:33:35.968,1789338815.9680336,-31
2026-09-13 19:33:35.975,1789338815.9757257,-29
2026-09-13 19:33:35.983,1789338815.983418,-26
2026-09-13 19:33:35.991,1789338815.9911103,-24
2026-09-13 19:33:35.998,1789338815.9988027,-26
2026-09-13 19:33:36.006,1789338816.006495,-24
2026-09-13 19:33:36.014,1789338816.0141873,-21
2026-09-13 19:33:36.021,1789338816.0218797,-19
2026-09-13 19:33:36.029,1789338816.029572,-16
2026-09-13 19:33:36.037,1789338816.037264,-14
2026-09-13 19:33:36.044,1789338816.0449564,-16
2026-09-13 19:33:36.052,1789338816.0526488,-14
2026-09-13 19:33:36.060,1789338816.0603411,-9
2026-09-13 19:33:36.068,1789338816.0680335,-4
2026-09-13 19:33:36.075,1789338816.0757258,-7
2026-09-13 19:33:36.083,1789338816.0834181,-7
2026-09-13 19:33:36.091,1789338816.0911105,-4
2026-09-13 19:33:36.098,1789338816.0988028,-7
2026-09-13 19:33:36.106,1789338816.106495,-4
2026-09-13 19:33:36.114,1789338816.1141872,-2
2026-09-13 19:33:36.121,1789338816.1218796,-4
2026-09-13 19:33:36.129,1789338816.1290407,-2
2026-09-13 19:33:36.136,1789338816.136733,4
2026-09-13 19:33:36.144,1789338816.1444254,9
2026-09-13 19:33:36.152,1789338816.1521177,7
2026-09-13 19:33:36.159,1789338816.15981,2
2026-09-13 19:33:36.167,1789338816.1675022,7
2026-09-13 19:33:36.175,1789338816.1751945,9
2026-09-13 19:33:36.182,1789338816.1828868,7
2026-09-13 19:33:36.190,1789338816.1905792,7
2026-09-13 19:33:36.198,1789338816.1982715,14
2026-09-13 19:33:36.205,1789338816.2059639,14
2026-09-13 19:33:36.213,1789338816.2136562,14
2026-09-13 19:33:36.221,1789338816.2213485,14
2026-09-13 19:33:36.229,1789338816.2290406,16
2026-09-13 19:33:36.236,1789338816.236733,16
2026-09-13 19:33:36.244,1789338816.2444253,16
2026-09-13 19:33:36.252,1789338816.2521176,19
2026-09-13 19:33:36.259,1789338816.25981,21
2026-09-13 19:33:36.267,1789338816.2675023,19
2026-09-13 19:33:36.275,1789338816.2751946,19
2026-09-13 19:33:36.282,1789338816.282887,29
2026-09-13 19:33:36.290,1789338816.290579,41
2026-09-13 19:33:36.298,1789338816.2982714,53
2026-09-13 19:33:36.305,1789338816.3059638,67
2026-09-13 19:33:36.313,1789338816.313656,75
2026-09-13 19:33:36.321,1789338816.3213484,63
2026-09-13 19:33:36.329,1789338816.3290408,58
2026-09-13 19:33:36.336,1789338816.336733,63
2026-09-13 19:33:36.344,1789338816.3444254,48
2026-09-13 19:33:36.352,1789338816.3521175,16
2026-09-13 19:33:36.359,1789338816.3598099,7
2026-09-13 19:33:36.367,1789338816.3675022,14
2026-09-13 19:33:36.375,1789338816.3751945,14
2026-09-13 19:33:36.382,1789338816.382887,14
2026-09-13 19:33:36.390,1789338816.3905792,14
2026-09-13 19:33:36.398,1789338816.3982716,16
2026-09-13 19:33:36.405,1789338816.405964,16
2026-09-13 19:33:36.413,1789338816.413656,12
2026-09-13 19:33:36.421,1789338816.4213483,21
2026-09-13 19:33:36.429,1789338816.4290407,123
2026-09-13 19:33:36.436,1789338816.436733,378
2026-09-13 19:33:36.444,1789338816.4444253,734
2026-09-13 19:33:36.452,1789338816.4521177,977
2026-09-13 19:33:36.459,1789338816.45981,676
2026-09-13 19:33:36.467,1789338816.4675024,-58
2026-09-13 19:33:36.475,1789338816.4751945,-332
2026-09-13 19:33:36.482,1789338816.4828868,-80
2026-09-13 19:33:36.490,1789338816.4905791,-19
2026-09-13 19:33:36.498,1789338816.4982715,-116
2026-09-13 19:33:36.505,1789338816.5059638,-67
2026-09-13 19:33:36.513,1789338816.5136561,-26
2026-09-13 19:33:36.521,1789338816.5213485,-60
2026-09-13 19:33:36.529,1789338816.5290408,-53
2026-09-13 19:33:36.536,1789338816.536733,-24
2026-09-13 19:33:36.544,1789338816.5444252,-26
2026-09-13 19:33:36.552,1789338816.5521176,-21
2026-09-13 19:33:36.559,1789338816.55981,-7
2026-09-13 19:33:36.567,1789338816.5675023,0
2026-09-13 19:33:36.575,1789338816.5751946,2
2026-09-13 19:33:36.582,1789338816.582887,12
2026-09-13 19:33:36.590,1789338816.5905793,19
2026-09-13 19:33:36.598,1789338816.5982714,29
2026-09-13 19:33:36.605,1789338816.6059637,38
2026-09-13 19:33:36.613,1789338816.613656,46
2026-09-13 19:33:36.621,1789338816.6213484,55
2026-09-13 19:33:36.629,1789338816.6290407,67
2026-09-13 19:33:36.636,1789338816.636733,82
2026-09-13 19:33:36.644,1789338816.6444254,97
2026-09-13 19:33:36.652,1789338816.6521177,111
2026-09-13 19:33:36.659,1789338816.65981,130
2026-09-13 19:33:36.667,1789338816.6675022,152
2026-09-13 19:33:36.675,1789338816.6751945,169
2026-09-13 19:33:36.682,1789338816.6828868,184
2026-09-13 19:33:36.690,1789338816.6900482,198
2026-09-13 19:33:36.697,1789338816.6977406,203
2026-09-13 19:33:36.705,1789338816.705433,198
2026-09-13 19:33:36.713,1789338816.7131252,184
2026-09-13 19:33:36.720,1789338816.7208176,157
2026-09-13 19:33:36.728,1789338816.7285097,113
2026-09-13 19:33:36.736,1789338816.736202,63
2026-09-13 19:33:36.743,1789338816.7438943,16
2026-09-13 19:33:36.751,1789338816.7515867,-19
2026-09-13 19:33:36.759,1789338816.759279,-53
2026-09-13 19:33:36.766,1789338816.7669713,-72
2026-09-13 19:33:36.774,1789338816.7746637,-77
2026-09-13 19:33:36.782,1789338816.782356,-84
2026-09-13 19:33:36.790,1789338816.7900481,-89
2026-09-13 19:33:36.797,1789338816.7977405,-82
2026-09-13 19:33:36.805,1789338816.8054328,-72
2026-09-13 19:33:36.813,1789338816.8131251,-67
2026-09-13 19:33:36.820,1789338816.8208175,-63
2026-09-13 19:33:36.828,1789338816.8285098,-55
2026-09-13 19:33:36.836,1789338816.8362021,-48
2026-09-13 19:33:36.843,1789338816.8438945,-43
2026-09-13 19:33:36.851,1789338816.8515866,-41
2026-09-13 19:33:36.859,1789338816.859279,-38
2026-09-13 19:33:36.866,1789338816.8669713,-33
2026-09-13 19:33:36.874,1789338816.8746636,-29
2026-09-13 19:33:36.882,1789338816.882356,-31
2026-09-13 19:33:36.890,1789338816.8900483,-33
2026-09-13 19:33:36.897,1789338816.8977406,-26
2026-09-13 19:33:36.905,1789338816.905433,-21
2026-09-13 19:33:36.913,1789338816.913125,-24
2026-09-13 19:33:36.920,1789338816.9208174,-29
2026-09-13 19:33:36.928,1789338816.9285097,-26
2026-09-13 19:33:36.936,1789338816.936202,-24
2026-09-13 19:33:36.943,1789338816.9438944,-26
2026-09-13 19:33:36.951,1789338816.9515867,-24
2026-09-13 19:33:36.959,1789338816.959279,-24
2026-09-13 19:33:36.966,1789338816.9669714,-24
2026-09-13 19:33:36.974,1789338816.9746635,-21
2026-09-13 19:33:36.982,1789338816.9823558,-14
2026-09-13 19:33:36.990,1789338816.9900482,-14
2026-09-13 19:33:36.997,1789338816.9977405,-14
2026-09-13 19:33:37.005,1789338817.0054328,-14
2026-09-13 19:33:37.013,1789338817.0131252,-12
2026-09-13 19:33:37.020,1789338817.0208175,-7
2026-09-13 19:33:37.028,1789338817.0285099,-7
2026-09-13 19:33:37.036,1789338817.036202,-4
2026-09-13 19:33:37.043,1789338817.0438943,-2
2026-09-13 19:33:37.051,1789338817.0515866,-2
2026-09-13 19:33:37.059,1789338817.059279,0
2026-09-13 19:33:37.066,1789338817.0669713,2
2026-09-13 19:33:37.074,1789338817.0746636,2
2026-09-13 19:33:37.082,1789338817.082356,4
2026-09-13 19:33:37.090,1789338817.0900483,4
2026-09-13 19:33:37.097,1789338817.0977404,2
2026-09-13 19:33:37.105,1789338817.1054327,7
2026-09-13 19:33:37.113,1789338817.113125,9
2026-09-13 19:33:37.120,1789338817.1208174,9
2026-09-13 19:33:37.128,1789338817.1285098,7
2026-09-13 19:33:37.136,1789338817.136202,12
2026-09-13 19:33:37.143,1789338817.1438944,12
2026-09-13 19:33:37.151,1789338817.1515868,9
2026-09-13 19:33:37.159,1789338817.1592789,12
2026-09-13 19:33:37.166,1789338817.1669712,16
2026-09-13 19:33:37.174,1789338817.1746635,19
2026-09-13 19:33:37.182,1789338817.1823559,16
2026-09-13 19:33:37.190,1789338817.1900482,14
2026-09-13 19:33:37.197,1789338817.1977406,16
2026-09-13 19:33:37.205,1789338817.205433,19
2026-09-13 19:33:37.213,1789338817.2131252,21
2026-09-13 19:33:37.220,1789338817.2208176,21
2026-09-13 19:33:37.228,1789338817.2285097,19
2026-09-13 19:33:37.236,1789338817.236202,16
2026-09-13 19:33:37.243,1789338817.2438943,14
2026-09-13 19:33:37.251,1789338817.251025,16
2026-09-13 19:33:37.258,1789338817.2587173,21
2026-09-13 19:33:37.266,1789338817.2664096,24
2026-09-13 19:33:37.274,1789338817.274102,24
2026-09-13 19:33:37.281,1789338817.2817943,26
2026-09-13 19:33:37.289,1789338817.2894864,26
2026-09-13 19:33:37.297,1789338817.2971787,16
2026-09-13 19:33:37.304,1789338817.304871,16
2026-09-13 19:33:37.312,1789338817.3125634,33
2026-09-13 19:33:37.320,1789338817.3202558,46
2026-09-13 19:33:37.327,1789338817.327948,55
2026-09-13 19:33:37.335,1789338817.3356404,72
2026-09-13 19:33:37.343,1789338817.3433328,80
2026-09-13 19:33:37.351,1789338817.3510249,63
2026-09-13 19:33:37.358,1789338817.3587172,53
2026-09-13 19:33:37.366,1789338817.3664095,50
2026-09-13 19:33:37.374,1789338817.3741019,31
2026-09-13 19:33:37.381,1789338817.3817942,12
2026-09-13 19:33:37.389,1789338817.3894866,7
2026-09-13 19:33:37.397,1789338817.397179,9
2026-09-13 19:33:37.404,1789338817.4048712,4
2026-09-13 19:33:37.412,1789338817.4125633,7
2026-09-13 19:33:37.420,1789338817.4202557,12
2026-09-13 19:33:37.427,1789338817.427948,9
2026-09-13 19:33:37.435,1789338817.4356403,2
2026-09-13 19:33:37.443,1789338817.4433327,-2
2026-09-13 19:33:37.451,1789338817.451025,29
2026-09-13 19:33:37.458,1789338817.4587173,155
2026-09-13 19:33:37.466,1789338817.4664097,421
2026-09-13 19:33:37.474,1789338817.4741018,783
2026-09-13 19:33:37.481,1789338817.481794,996
2026-09-13 19:33:37.489,1789338817.4894865,589
2026-09-13 19:33:37.497,1789338817.4971788,-164
2026-09-13 19:33:37.504,1789338817.5048711,-327
2026-09-13 19:33:37.512,1789338817.5125635,-46
2026-09-13 19:33:37.520,1789338817.5202558,-41
2026-09-13 19:33:37.527,1789338817.5279481,-130
2026-09-13 19:33:37.535,1789338817.5356402,-60
2026-09-13 19:33:37.543,1789338817.5433326,-41
2026-09-13 19:33:37.551,1789338817.551025,-77
2026-09-13 19:33:37.558,1789338817.5587173,-58
2026-09-13 19:33:37.566,1789338817.5664096,-33
2026-09-13 19:33:37.574,1789338817.574102,-36
2026-09-13 19:33:37.581,1789338817.5817943,-29
2026-09-13 19:33:37.589,1789338817.5894866,-16
2026-09-13 19:33:37.597,1789338817.5971787,-9
2026-09-13 19:33:37.604,1789338817.604871,0
2026-09-13 19:33:37.612,1789338817.6125634,7
2026-09-13 19:33:37.620,1789338817.6202557,16
2026-09-13 19:33:37.627,1789338817.627948,26
2026-09-13 19:33:37.635,1789338817.6356404,33
2026-09-13 19:33:37.643,1789338817.6433327,43
2026-09-13 19:33:37.651,1789338817.651025,55
2026-09-13 19:33:37.658,1789338817.6587172,70
2026-09-13 19:33:37.666,1789338817.6664095,84
2026-09-13 19:33:37.674,1789338817.6741018,101
2026-09-13 19:33:37.681,1789338817.6817942,121
2026-09-13 19:33:37.689,1789338817.6894865,138
2026-09-13 19:33:37.697,1789338817.6971788,162
2026-09-13 19:33:37.704,1789338817.7048712,186
2026-09-13 19:33:37.712,1789338817.7125635,201
2026-09-13 19:33:37.720,1789338817.7202556,213
2026-09-13 19:33:37.727,1789338817.727948,218
2026-09-13 19:33:37.735,1789338817.7356403,213
2026-09-13 19:33:37.743,1789338817.7433326,198
2026-09-13 19:33:37.751,1789338817.751025,169
2026-09-13 19:33:37.758,1789338817.7587173,128
2026-09-13 19:33:37.766,1789338817.7664096,77
2026-09-13 19:33:37.774,1789338817.774102,26
2026-09-13 19:33:37.781,1789338817.7817943,-12
2026-09-13 19:33:37.789,1789338817.7894864,-48
2026-09-13 19:33:37.797,1789338817.7971787,-70
2026-09-13 19:33:37.804,1789338817.804871,-77
2026-09-13 19:33:37.812,1789338817.8120322,-82
2026-09-13 19:33:37.819,1789338817.8197246,-84
2026-09-13 19:33:37.827,1789338817.827417,-77
2026-09-13 19:33:37.835,1789338817.8351092,-70
2026-09-13 19:33:37.842,1789338817.8428016,-63
2026-09-13 19:33:37.850,1789338817.8504937,-50
2026-09-13 19:33:37.858,1789338817.858186,-43
2026-09-13 19:33:37.865,1789338817.8658783,-41
2026-09-13 19:33:37.873,1789338817.8735707,-33
2026-09-13 19:33:37.881,1789338817.881263,-26
2026-09-13 19:33:37.888,1789338817.8889554,-26
2026-09-13 19:33:37.896,1789338817.8966477,-26
2026-09-13 19:33:37.904,1789338817.90434,-21
2026-09-13 19:33:37.912,1789338817.9120321,-16
2026-09-13 19:33:37.919,1789338817.9197245,-14
2026-09-13 19:33:37.927,1789338817.9274168,-14
2026-09-13 19:33:37.935,1789338817.9351091,-12
2026-09-13 19:33:37.942,1789338817.9428015,-9
2026-09-13 19:33:37.950,1789338817.9504938,-4
2026-09-13 19:33:37.958,1789338817.9581861,-4
2026-09-13 19:33:37.965,1789338817.9658785,-4
2026-09-13 19:33:37.973,1789338817.9735706,-9
2026-09-13 19:33:37.981,1789338817.981263,-9
2026-09-13 19:33:37.988,1789338817.9889553,-7
2026-09-13 19:33:37.996,1789338817.9966476,0
2026-09-13 19:33:38.004,1789338818.00434,0
2026-09-13 19:33:38.012,1789338818.0120323,0
2026-09-13 19:33:38.019,1789338818.0197246,2
2026-09-13 19:33:38.027,1789338818.027417,2
2026-09-13 19:33:38.035,1789338818.035109,2
2026-09-13 19:33:38.042,1789338818.0428014,7
2026-09-13 19:33:38.050,1789338818.0504937,7
2026-09-13 19:33:38.058,1789338818.058186,9
2026-09-13 19:33:38.065,1789338818.0658784,14
2026-09-13 19:33:38.073,1789338818.0735707,16
2026-09-13 19:33:38.081,1789338818.081263,16
2026-09-13 19:33:38.088,1789338818.0889554,19
2026-09-13 19:33:38.096,1789338818.0966475,21
2026-09-13 19:33:38.104,1789338818.1043398,26
2026-09-13 19:33:38.112,1789338818.1120322,26
2026-09-13 19:33:38.119,1789338818.1197245,24
2026-09-13 19:33:38.127,1789338818.1274168,24
2026-09-13 19:33:38.135,1789338818.1351092,31
2026-09-13 19:33:38.142,1789338818.1428015,36
2026-09-13 19:33:38.150,1789338818.1504939,38
2026-09-13 19:33:38.158,1789338818.158186,36
2026-09-13 19:33:38.165,1789338818.1658783,31
2026-09-13 19:33:38.173,1789338818.1735706,33
2026-09-13 19:33:38.181,1789338818.181263,38
2026-09-13 19:33:38.188,1789338818.1889553,41
2026-09-13 19:33:38.196,1789338818.1966476,36
2026-09-13 19:33:38.204,1789338818.20434,31
2026-09-13 19:33:38.212,1789338818.2120323,41
2026-09-13 19:33:38.219,1789338818.2197244,48
2026-09-13 19:33:38.227,1789338818.2274168,43
2026-09-13 19:33:38.235,1789338818.235109,41
2026-09-13 19:33:38.242,1789338818.2428014,46
2026-09-13 19:33:38.250,1789338818.2504938,50
2026-09-13 19:33:38.258,1789338818.258186,46
2026-09-13 19:33:38.265,1789338818.2658784,43
2026-09-13 19:33:38.273,1789338818.2735708,46
2026-09-13 19:33:38.281,1789338818.2812629,48
2026-09-13 19:33:38.288,1789338818.2889552,46
2026-09-13 19:33:38.296,1789338818.2966475,38
2026-09-13 19:33:38.304,1789338818.30434,33
2026-09-13 19:33:38.312,1789338818.3120322,50
2026-09-13 19:33:38.319,1789338818.3197246,75
2026-09-13 19:33:38.327,1789338818.327417,92
2026-09-13 19:33:38.335,1789338818.3351092,101
2026-09-13 19:33:38.342,1789338818.3428016,97
2026-09-13 19:33:38.350,1789338818.3504937,82
2026-09-13 19:33:38.358,1789338818.358186,82
2026-09-13 19:33:38.365,1789338818.3658783,80
2026-09-13 19:33:38.373,1789338818.3730395,53
2026-09-13 19:33:38.380,1789338818.3807318,31
2026-09-13 19:33:38.388,1789338818.3884242,26
2026-09-13 19:33:38.396,1789338818.3961165,24
2026-09-13 19:33:38.403,1789338818.4038088,24
2026-09-13 19:33:38.411,1789338818.411501,29
2026-09-13 19:33:38.419,1789338818.4191933,36
2026-09-13 19:33:38.426,1789338818.4268856,38
2026-09-13 19:33:38.434,1789338818.434578,31
2026-09-13 19:33:38.442,1789338818.4422703,26
2026-09-13 19:33:38.449,1789338818.4499626,63
2026-09-13 19:33:38.457,1789338818.457655,213
2026-09-13 19:33:38.465,1789338818.4653473,509
2026-09-13 19:33:38.473,1789338818.4730394,880
2026-09-13 19:33:38.480,1789338818.4807317,1030
2026-09-13 19:33:38.488,1789338818.488424,511
2026-09-13 19:33:38.496,1789338818.4961164,-252
2026-09-13 19:33:38.503,1789338818.5038087,-322
2026-09-13 19:33:38.511,1789338818.511501,-14
2026-09-13 19:33:38.519,1789338818.5191934,-29
2026-09-13 19:33:38.526,1789338818.5268857,-99
2026-09-13 19:33:38.534,1789338818.5345778,-16
2026-09-13 19:33:38.542,1789338818.5422702,-2
2026-09-13 19:33:38.549,1789338818.5499625,-36
2026-09-13 19:33:38.557,1789338818.5576549,-19
2026-09-13 19:33:38.565,1789338818.5653472,-2
2026-09-13 19:33:38.573,1789338818.5730395,-4
2026-09-13 19:33:38.580,1789338818.5807319,12
2026-09-13 19:33:38.588,1789338818.5884242,29
2026-09-13 19:33:38.596,1789338818.5961163,33
2026-09-13 19:33:38.603,1789338818.6038086,41
2026-09-13 19:33:38.611,1789338818.611501,53
2026-09-13 19:33:38.619,1789338818.6191933,58
2026-09-13 19:33:38.626,1789338818.6268857,65
2026-09-13 19:33:38.634,1789338818.634578,82
2026-09-13 19:33:38.642,1789338818.6422703,94
2026-09-13 19:33:38.649,1789338818.6499627,97
2026-09-13 19:33:38.657,1789338818.6576548,106
2026-09-13 19:33:38.665,1789338818.665347,128
2026-09-13 19:33:38.673,1789338818.6730394,155
2026-09-13 19:33:38.680,1789338818.6807318,184
2026-09-13 19:33:38.688,1789338818.688424,213
2026-09-13 19:33:38.696,1789338818.6961164,244
2026-09-13 19:33:38.703,1789338818.7038088,266
2026-09-13 19:33:38.711,1789338818.7115011,286
2026-09-13 19:33:38.719,1789338818.7191932,295
2026-09-13 19:33:38.726,1789338818.7268856,295
2026-09-13 19:33:38.734,1789338818.734578,295
2026-09-13 19:33:38.742,1789338818.7422702,278
2026-09-13 19:33:38.749,1789338818.7499626,223
2026-09-13 19:33:38.757,1789338818.757655,147
2026-09-13 19:33:38.765,1789338818.7653472,89
2026-09-13 19:33:38.773,1789338818.7730396,36
2026-09-13 19:33:38.780,1789338818.7807317,-16
2026-09-13 19:33:38.788,1789338818.788424,-46
2026-09-13 19:33:38.796,1789338818.7961164,-70
2026-09-13 19:33:38.803,1789338818.8038087,-92
2026-09-13 19:33:38.811,1789338818.811501,-89
2026-09-13 19:33:38.819,1789338818.8191934,-75
2026-09-13 19:33:38.826,1789338818.8268857,-75
2026-09-13 19:33:38.834,1789338818.834578,-77
2026-09-13 19:33:38.842,1789338818.8422701,-70
2026-09-13 19:33:38.849,1789338818.8499625,-58
2026-09-13 19:33:38.857,1789338818.8576548,-53
2026-09-13 19:33:38.865,1789338818.8653471,-38
2026-09-13 19:33:38.873,1789338818.8730395,-29
2026-09-13 19:33:38.880,1789338818.8807318,-33
2026-09-13 19:33:38.888,1789338818.8884242,-38
2026-09-13 19:33:38.896,1789338818.8961165,-24
2026-09-13 19:33:38.903,1789338818.9038088,-7
2026-09-13 19:33:38.911,1789338818.911501,-9
2026-09-13 19:33:38.919,1789338818.9191933,-19
2026-09-13 19:33:38.926,1789338818.9268856,-14
2026-09-13 19:33:38.934,1789338818.9340165,-9
2026-09-13 19:33:38.941,1789338818.9417088,-12
2026-09-13 19:33:38.949,1789338818.9494011,-12
2026-09-13 19:33:38.957,1789338818.9570935,-14
2026-09-13 19:33:38.964,1789338818.9647858,-14
2026-09-13 19:33:38.972,1789338818.972478,-12
2026-09-13 19:33:38.980,1789338818.9801702,-7
2026-09-13 19:33:38.987,1789338818.9878626,-2
2026-09-13 19:33:38.995,1789338818.995555,2
2026-09-13 19:33:39.003,1789338819.0032473,4
2026-09-13 19:33:39.010,1789338819.0109396,4
2026-09-13 19:33:39.018,1789338819.018632,9
2026-09-13 19:33:39.026,1789338819.0263243,19
2026-09-13 19:33:39.034,1789338819.0340164,14
2026-09-13 19:33:39.041,1789338819.0417087,4
2026-09-13 19:33:39.049,1789338819.049401,14
2026-09-13 19:33:39.057,1789338819.0570934,19
2026-09-13 19:33:39.064,1789338819.0647857,16
2026-09-13 19:33:39.072,1789338819.072478,24
2026-09-13 19:33:39.080,1789338819.0801704,21
2026-09-13 19:33:39.087,1789338819.0878627,19
2026-09-13 19:33:39.095,1789338819.0955548,33
2026-09-13 19:33:39.103,1789338819.1032472,43
2026-09-13 19:33:39.110,1789338819.1109395,36
2026-09-13 19:33:39.118,1789338819.1186318,29
2026-09-13 19:33:39.126,1789338819.1263242,26
2026-09-13 19:33:39.134,1789338819.1340165,24
2026-09-13 19:33:39.141,1789338819.1417089,29
2026-09-13 19:33:39.149,1789338819.1494012,43
2026-09-13 19:33:39.157,1789338819.1570933,58
2026-09-13 19:33:39.164,1789338819.1647856,67
2026-09-13 19:33:39.172,1789338819.172478,82
2026-09-13 19:33:39.180,1789338819.1801703,92
2026-09-13 19:33:39.187,1789338819.1878626,77
2026-09-13 19:33:39.195,1789338819.195555,67
2026-09-13 19:33:39.203,1789338819.2032473,72
2026-09-13 19:33:39.210,1789338819.2109396,58
2026-09-13 19:33:39.218,1789338819.2186317,29
2026-09-13 19:33:39.226,1789338819.226324,21
2026-09-13 19:33:39.234,1789338819.2340164,29
2026-09-13 19:33:39.241,1789338819.2417088,24
2026-09-13 19:33:39.249,1789338819.249401,19
2026-09-13 19:33:39.257,1789338819.2570934,29
2026-09-13 19:33:39.264,1789338819.2647858,33
2026-09-13 19:33:39.272,1789338819.272478,26
2026-09-13 19:33:39.280,1789338819.2801702,29
2026-09-13 19:33:39.287,1789338819.2878625,36
2026-09-13 19:33:39.295,1789338819.2955549,99
2026-09-13 19:33:39.303,1789338819.3032472,324
2026-09-13 19:33:39.310,1789338819.3109396,683
2026-09-13 19:33:39.318,1789338819.318632,1006
2026-09-13 19:33:39.326,1789338819.3263242,885
2026-09-13 19:33:39.334,1789338819.3340166,140
2026-09-13 19:33:39.341,1789338819.3417087,-400
2026-09-13 19:33:39.349,1789338819.349401,-189
2026-09-13 19:33:39.357,1789338819.3570933,24
2026-09-13 19:33:39.364,1789338819.3647857,-75
2026-09-13 19:33:39.372,1789338819.372478,-72
2026-09-13 19:33:39.380,1789338819.3801703,4
2026-09-13 19:33:39.387,1789338819.3878627,-12
2026-09-13 19:33:39.395,1789338819.395555,-16
2026-09-13 19:33:39.403,1789338819.403247,4
2026-09-13 19:33:39.410,1789338819.4109395,7
2026-09-13 19:33:39.418,1789338819.4186318,16
2026-09-13 19:33:39.426,1789338819.4263241,33
2026-09-13 19:33:39.434,1789338819.4340165,43
2026-09-13 19:33:39.441,1789338819.4417088,53
2026-09-13 19:33:39.449,1789338819.4494011,58
2026-09-13 19:33:39.457,1789338819.4570935,65
2026-09-13 19:33:39.464,1789338819.4647858,75
2026-09-13 19:33:39.472,1789338819.472478,75
2026-09-13 19:33:39.480,1789338819.4801702,89
2026-09-13 19:33:39.487,1789338819.4878626,111
2026-09-13 19:33:39.494,1789338819.494993,130
2026-09-13 19:33:39.502,1789338819.5026853,150
2026-09-13 19:33:39.510,1789338819.5103776,167
2026-09-13 19:33:39.518,1789338819.51807,184
2026-09-13 19:33:39.525,1789338819.5257623,210
2026-09-13 19:33:39.533,1789338819.5334544,244
2026-09-13 19:33:39.541,1789338819.5411468,269
2026-09-13 19:33:39.548,1789338819.548839,295
2026-09-13 19:33:39.556,1789338819.5565314,329
2026-09-13 19:33:39.564,1789338819.5642238,341
2026-09-13 19:33:39.571,1789338819.571916,327
2026-09-13 19:33:39.579,1789338819.5796084,310
2026-09-13 19:33:39.587,1789338819.5873008,271
2026-09-13 19:33:39.594,1789338819.5949929,189
2026-09-13 19:33:39.602,1789338819.6026852,109
2026-09-13 19:33:39.610,1789338819.6103776,50
2026-09-13 19:33:39.618,1789338819.61807,-4
2026-09-13 19:33:39.625,1789338819.6257622,-46
2026-09-13 19:33:39.633,1789338819.6334546,-60
2026-09-13 19:33:39.641,1789338819.641147,-72
2026-09-13 19:33:39.648,1789338819.6488392,-92
2026-09-13 19:33:39.656,1789338819.6565313,-104
2026-09-13 19:33:39.664,1789338819.6642237,-84
2026-09-13 19:33:39.671,1789338819.671916,-67
2026-09-13 19:33:39.679,1789338819.6796083,-77
2026-09-13 19:33:39.687,1789338819.6873007,-97
2026-09-13 19:33:39.694,1789338819.694993,-80
2026-09-13 19:33:39.702,1789338819.7026854,-41
2026-09-13 19:33:39.710,1789338819.7103777,-29
2026-09-13 19:33:39.718,1789338819.7180698,-38
2026-09-13 19:33:39.725,1789338819.7257621,-33
2026-09-13 19:33:39.733,1789338819.7334545,-24
2026-09-13 19:33:39.741,1789338819.7411468,-16
2026-09-13 19:33:39.748,1789338819.7488391,-21
2026-09-13 19:33:39.756,1789338819.7565315,-26
2026-09-13 19:33:39.764,1789338819.7642238,-14
2026-09-13 19:33:39.771,1789338819.7719162,-2
2026-09-13 19:33:39.779,1789338819.7796082,-7
2026-09-13 19:33:39.787,1789338819.7873006,-12
2026-09-13 19:33:39.794,1789338819.794993,-9
2026-09-13 19:33:39.802,1789338819.8026853,-9
2026-09-13 19:33:39.810,1789338819.8103776,-7
2026-09-13 19:33:39.818,1789338819.81807,0
2026-09-13 19:33:39.825,1789338819.8257623,7
2026-09-13 19:33:39.833,1789338819.8334546,7
2026-09-13 19:33:39.841,1789338819.8411467,4
2026-09-13 19:33:39.848,1789338819.848839,0
2026-09-13 19:33:39.856,1789338819.8565314,-2
2026-09-13 19:33:39.864,1789338819.8642237,-2
2026-09-13 19:33:39.871,1789338819.871916,-4
2026-09-13 19:33:39.879,1789338819.8796084,-2
2026-09-13 19:33:39.887,1789338819.8873007,9
2026-09-13 19:33:39.894,1789338819.894993,16
2026-09-13 19:33:39.902,1789338819.9026852,21
2026-09-13 19:33:39.910,1789338819.9103775,26
2026-09-13 19:33:39.918,1789338819.9180698,21
2026-09-13 19:33:39.925,1789338819.9257622,16
2026-09-13 19:33:39.933,1789338819.9334545,31
2026-09-13 19:33:39.941,1789338819.9411469,46
2026-09-13 19:33:39.948,1789338819.9488392,55
2026-09-13 19:33:39.956,1789338819.9565315,67
2026-09-13 19:33:39.964,1789338819.9642236,60
2026-09-13 19:33:39.971,1789338819.971916,53
2026-09-13 19:33:39.979,1789338819.9796083,53
2026-09-13 19:33:39.987,1789338819.9873006,41
2026-09-13 19:33:39.994,1789338819.994993,21
2026-09-13 19:33:40.002,1789338820.0026853,14
2026-09-13 19:33:40.010,1789338820.0103776,12
2026-09-13 19:33:40.018,1789338820.01807,7
2026-09-13 19:33:40.025,1789338820.0257623,12
2026-09-13 19:33:40.033,1789338820.0334544,24
2026-09-13 19:33:40.041,1789338820.0411468,19
2026-09-13 19:33:40.048,1789338820.048839,14
2026-09-13 19:33:40.055,1789338820.05597,24
2026-09-13 19:33:40.063,1789338820.0636623,41
2026-09-13 19:33:40.071,1789338820.0713546,128
2026-09-13 19:33:40.079,1789338820.079047,392
2026-09-13 19:33:40.086,1789338820.0867393,780
2026-09-13 19:33:40.094,1789338820.0944314,1042
2026-09-13 19:33:40.102,1789338820.1021237,742
2026-09-13 19:33:40.109,1789338820.109816,-43
2026-09-13 19:33:40.117,1789338820.1175084,-380
2026-09-13 19:33:40.125,1789338820.1252007,-87
2026-09-13 19:33:40.132,1789338820.132893,26
2026-09-13 19:33:40.140,1789338820.1405854,-89
2026-09-13 19:33:40.148,1789338820.1482778,-50
2026-09-13 19:33:40.155,1789338820.1559699,7
2026-09-13 19:33:40.163,1789338820.1636622,-24
2026-09-13 19:33:40.171,1789338820.1713545,-21
2026-09-13 19:33:40.179,1789338820.1790469,4
2026-09-13 19:33:40.186,1789338820.1867392,-2
2026-09-13 19:33:40.194,1789338820.1944315,12
2026-09-13 19:33:40.202,1789338820.2021239,33
2026-09-13 19:33:40.209,1789338820.2098162,36
2026-09-13 19:33:40.217,1789338820.2175083,46
2026-09-13 19:33:40.225,1789338820.2252007,53
2026-09-13 19:33:40.232,1789338820.232893,55
2026-09-13 19:33:40.240,1789338820.2405853,67
2026-09-13 19:33:40.248,1789338820.2482777,82
2026-09-13 19:33:40.255,1789338820.25597,89
2026-09-13 19:33:40.263,1789338820.2636623,94
2026-09-13 19:33:40.271,1789338820.2713547,99
2026-09-13 19:33:40.279,1789338820.2790468,121
2026-09-13 19:33:40.286,1789338820.286739,155
2026-09-13 19:33:40.294,1789338820.2944314,172
2026-09-13 19:33:40.302,1789338820.3021238,194
2026-09-13 19:33:40.309,1789338820.3098161,240
2026-09-13 19:33:40.317,1789338820.3175085,278
2026-09-13 19:33:40.325,1789338820.3252008,288
2026-09-13 19:33:40.332,1789338820.3328931,298
2026-09-13 19:33:40.340,1789338820.3405852,303
2026-09-13 19:33:40.348,1789338820.3482776,295
2026-09-13 19:33:40.355,1789338820.35597,269
2026-09-13 19:33:40.363,1789338820.3636622,210
2026-09-13 19:33:40.371,1789338820.3713546,143
2026-09-13 19:33:40.379,1789338820.379047,77
2026-09-13 19:33:40.386,1789338820.3867393,12
2026-09-13 19:33:40.394,1789338820.3944316,-38
2026-09-13 19:33:40.402,1789338820.4021237,-67
2026-09-13 19:33:40.409,1789338820.409816,-80
2026-09-13 19:33:40.417,1789338820.4175084,-77
2026-09-13 19:33:40.425,1789338820.4252007,-82
2026-09-13 19:33:40.432,1789338820.432893,-94
2026-09-13 19:33:40.440,1789338820.4405854,-89
2026-09-13 19:33:40.448,1789338820.4482777,-77
2026-09-13 19:33:40.455,1789338820.45597,-75
2026-09-13 19:33:40.463,1789338820.4636621,-75
2026-09-13 19:33:40.471,1789338820.4713545,-67
2026-09-13 19:33:40.479,1789338820.4790468,-50
2026-09-13 19:33:40.486,1789338820.4867392,-41
2026-09-13 19:33:40.494,1789338820.4944315,-43
2026-09-13 19:33:40.502,1789338820.5021238,-38
2026-09-13 19:33:40.509,1789338820.5098162,-29
2026-09-13 19:33:40.517,1789338820.5175085,-21
2026-09-13 19:33:40.525,1789338820.5252006,-16
2026-09-13 19:33:40.532,1789338820.532893,-12
2026-09-13 19:33:40.540,1789338820.5405853,-14
2026-09-13 19:33:40.548,1789338820.5482776,-12
2026-09-13 19:33:40.555,1789338820.55597,-9
2026-09-13 19:33:40.563,1789338820.5636623,-12
2026-09-13 19:33:40.571,1789338820.5713546,-12
2026-09-13 19:33:40.579,1789338820.579047,-12
2026-09-13 19:33:40.586,1789338820.5867393,-12
2026-09-13 19:33:40.594,1789338820.5944314,-7
2026-09-13 19:33:40.602,1789338820.6021237,-7
2026-09-13 19:33:40.609,1789338820.609816,-9
2026-09-13 19:33:40.616,1789338820.616947,-4
2026-09-13 19:33:40.624,1789338820.6246393,2
2026-09-13 19:33:40.632,1789338820.6323316,-2
2026-09-13 19:33:40.640,1789338820.640024,-7
2026-09-13 19:33:40.647,1789338820.6477163,-2
2026-09-13 19:33:40.655,1789338820.6554084,2
2026-09-13 19:33:40.663,1789338820.6631007,7
2026-09-13 19:33:40.670,1789338820.670793,9
2026-09-13 19:33:40.678,1789338820.6784854,2
2026-09-13 19:33:40.686,1789338820.6861777,2
2026-09-13 19:33:40.693,1789338820.69387,14
2026-09-13 19:33:40.701,1789338820.7015624,31
2026-09-13 19:33:40.709,1789338820.7092547,46
2026-09-13 19:33:40.716,1789338820.7169468,55
2026-09-13 19:33:40.724,1789338820.7246392,50
2026-09-13 19:33:40.732,1789338820.7323315,46
2026-09-13 19:33:40.740,1789338820.7400239,50
2026-09-13 19:33:40.747,1789338820.7477162,38
2026-09-13 19:33:40.755,1789338820.7554085,14
2026-09-13 19:33:40.763,1789338820.7631009,2
2026-09-13 19:33:40.770,1789338820.7707932,0
2026-09-13 19:33:40.778,1789338820.7784853,0
2026-09-13 19:33:40.786,1789338820.7861776,4
2026-09-13 19:33:40.793,1789338820.79387,7
2026-09-13 19:33:40.801,1789338820.8015623,12
2026-09-13 19:33:40.809,1789338820.8092546,14
2026-09-13 19:33:40.816,1789338820.816947,12
2026-09-13 19:33:40.824,1789338820.8246393,7
2026-09-13 19:33:40.832,1789338820.8323317,43
2026-09-13 19:33:40.840,1789338820.8400238,218
2026-09-13 19:33:40.847,1789338820.847716,543
2026-09-13 19:33:40.855,1789338820.8554084,887
2026-09-13 19:33:40.863,1789338820.8631008,936
2026-09-13 19:33:40.870,1789338820.870793,395
2026-09-13 19:33:40.878,1789338820.8784854,-244
2026-09-13 19:33:40.886,1789338820.8861778,-257
2026-09-13 19:33:40.893,1789338820.89387,-4
2026-09-13 19:33:40.901,1789338820.9015622,-41
2026-09-13 19:33:40.909,1789338820.9092546,-106
2026-09-13 19:33:40.916,1789338820.916947,-38
2026-09-13 19:33:40.924,1789338820.9246392,-31
2026-09-13 19:33:40.932,1789338820.9323316,-58
2026-09-13 19:33:40.940,1789338820.940024,-29
2026-09-13 19:33:40.947,1789338820.9477162,-7
2026-09-13 19:33:40.955,1789338820.9554086,-19
2026-09-13 19:33:40.963,1789338820.9631007,-12
2026-09-13 19:33:40.970,1789338820.970793,4
2026-09-13 19:33:40.978,1789338820.9784853,9
2026-09-13 19:33:40.986,1789338820.9861777,14
2026-09-13 19:33:40.993,1789338820.99387,24
2026-09-13 19:33:41.001,1789338821.0015624,31
2026-09-13 19:33:41.009,1789338821.0092547,41
2026-09-13 19:33:41.016,1789338821.016947,55
2026-09-13 19:33:41.024,1789338821.0246391,63
2026-09-13 19:33:41.032,1789338821.0323315,72
2026-09-13 19:33:41.040,1789338821.0400238,87
2026-09-13 19:33:41.047,1789338821.0477161,99
2026-09-13 19:33:41.055,1789338821.0554085,116
2026-09-13 19:33:41.063,1789338821.0631008,143
2026-09-13 19:33:41.070,1789338821.0707932,172
2026-09-13 19:33:41.078,1789338821.0784855,194
2026-09-13 19:33:41.086,1789338821.0861776,215
2026-09-13 19:33:41.093,1789338821.09387,227
2026-09-13 19:33:41.101,1789338821.1015623,230
2026-09-13 19:33:41.109,1789338821.1092546,230
2026-09-13 19:33:41.116,1789338821.116947,223
2026-09-13 19:33:41.124,1789338821.1246393,191
2026-09-13 19:33:41.132,1789338821.1323316,138
2026-09-13 19:33:41.140,1789338821.140024,80
2026-09-13 19:33:41.147,1789338821.1477163,26
2026-09-13 19:33:41.155,1789338821.1554084,-19
2026-09-13 19:33:41.163,1789338821.1631007,-53
2026-09-13 19:33:41.170,1789338821.170793,-77
2026-09-13 19:33:41.177,1789338821.177954,-84
2026-09-13 19:33:41.185,1789338821.1856463,-92
2026-09-13 19:33:41.193,1789338821.1933386,-94
2026-09-13 19:33:41.201,1789338821.201031,-89
2026-09-13 19:33:41.208,1789338821.2087233,-80
2026-09-13 19:33:41.216,1789338821.2164154,-75
2026-09-13 19:33:41.224,1789338821.2241077,-67
2026-09-13 19:33:41.231,1789338821.2318,-60
2026-09-13 19:33:41.239,1789338821.2394924,-55
2026-09-13 19:33:41.247,1789338821.2471848,-48
2026-09-13 19:33:41.254,1789338821.254877,-38
2026-09-13 19:33:41.262,1789338821.2625694,-33
2026-09-13 19:33:41.270,1789338821.2702618,-33
2026-09-13 19:33:41.277,1789338821.2779539,-31
2026-09-13 19:33:41.285,1789338821.2856462,-26
2026-09-13 19:33:41.293,1789338821.2933385,-21
2026-09-13 19:33:41.301,1789338821.3010309,-24
2026-09-13 19:33:41.308,1789338821.3087232,-24
2026-09-13 19:33:41.316,1789338821.3164155,-21
2026-09-13 19:33:41.324,1789338821.324108,-16
2026-09-13 19:33:41.331,1789338821.3318002,-16
2026-09-13 19:33:41.339,1789338821.3394923,-24
2026-09-13 19:33:41.347,1789338821.3471847,-24
2026-09-13 19:33:41.354,1789338821.354877,-12
2026-09-13 19:33:41.362,1789338821.3625693,-7
2026-09-13 19:33:41.370,1789338821.3702617,-14
2026-09-13 19:33:41.377,1789338821.377954,-14
2026-09-13 19:33:41.385,1789338821.3856463,-12
2026-09-13 19:33:41.393,1789338821.3933387,-7
2026-09-13 19:33:41.401,1789338821.4010308,-4
2026-09-13 19:33:41.408,1789338821.408723,-9
2026-09-13 19:33:41.416,1789338821.4164155,-9
2026-09-13 19:33:41.424,1789338821.4241078,-2
2026-09-13 19:33:41.431,1789338821.4318001,2
2026-09-13 19:33:41.439,1789338821.4394925,-2
2026-09-13 19:33:41.447,1789338821.4471848,-4
2026-09-13 19:33:41.454,1789338821.4548771,2
2026-09-13 19:33:41.462,1789338821.4625692,4
2026-09-13 19:33:41.470,1789338821.4702616,0
2026-09-13 19:33:41.477,1789338821.477954,2
2026-09-13 19:33:41.485,1789338821.4856462,9
2026-09-13 19:33:41.493,1789338821.4933386,7
2026-09-13 19:33:41.501,1789338821.501031,7
2026-09-13 19:33:41.508,1789338821.5087233,14
2026-09-13 19:33:41.516,1789338821.5164156,14
2026-09-13 19:33:41.524,1789338821.5241077,7
2026-09-13 19:33:41.531,1789338821.5318,4
2026-09-13 19:33:41.539,1789338821.5394924,12
2026-09-13 19:33:41.547,1789338821.5471847,21
2026-09-13 19:33:41.554,1789338821.554877,33
2026-09-13 19:33:41.562,1789338821.5625694,48
2026-09-13 19:33:41.570,1789338821.5702617,58
2026-09-13 19:33:41.577,1789338821.577954,53
2026-09-13 19:33:41.585,1789338821.5856462,46
2026-09-13 19:33:41.593,1789338821.5933385,50
2026-09-13 19:33:41.601,1789338821.6010308,41
2026-09-13 19:33:41.608,1789338821.6087232,16
2026-09-13 19:33:41.616,1789338821.6164155,0
2026-09-13 19:33:41.624,1789338821.6241078,0
2026-09-13 19:33:41.631,1789338821.6318002,4
2026-09-13 19:33:41.639,1789338821.6394925,4
2026-09-13 19:33:41.647,1789338821.6471846,4
2026-09-13 19:33:41.654,1789338821.654877,7
2026-09-13 19:33:41.662,1789338821.6625693,7
2026-09-13 19:33:41.670,1789338821.6702616,7
2026-09-13 19:33:41.677,1789338821.677954,2
2026-09-13 19:33:41.685,1789338821.6856463,29
2026-09-13 19:33:41.693,1789338821.6933386,172
2026-09-13 19:33:41.701,1789338821.701031,463
2026-09-13 19:33:41.708,1789338821.7087233,814
2026-09-13 19:33:41.716,1789338821.7164154,938
2026-09-13 19:33:41.724,1789338821.7241077,468
2026-09-13 19:33:41.731,1789338821.7318,-213
2026-09-13 19:33:41.738,1789338821.738931,-293
2026-09-13 19:33:41.746,1789338821.7466233,-33
2026-09-13 19:33:41.754,1789338821.7543156,-50
2026-09-13 19:33:41.762,1789338821.762008,-128
2026-09-13 19:33:41.769,1789338821.7697003,-60
2026-09-13 19:33:41.777,1789338821.7773924,-41
2026-09-13 19:33:41.785,1789338821.7850847,-75
2026-09-13 19:33:41.792,1789338821.792777,-53
2026-09-13 19:33:41.800,1789338821.8004694,-29
2026-09-13 19:33:41.808,1789338821.8081617,-36
2026-09-13 19:33:41.815,1789338821.815854,-31
2026-09-13 19:33:41.823,1789338821.8235464,-14
2026-09-13 19:33:41.831,1789338821.8312387,-9
2026-09-13 19:33:41.838,1789338821.8389308,-4
2026-09-13 19:33:41.846,1789338821.8466232,4
2026-09-13 19:33:41.854,1789338821.8543155,12
2026-09-13 19:33:41.862,1789338821.8620079,21
2026-09-13 19:33:41.869,1789338821.8697002,31
2026-09-13 19:33:41.877,1789338821.8773925,36
2026-09-13 19:33:41.885,1789338821.8850849,46
2026-09-13 19:33:41.892,1789338821.8927772,60
2026-09-13 19:33:41.900,1789338821.9004693,72
2026-09-13 19:33:41.908,1789338821.9081616,82
2026-09-13 19:33:41.915,1789338821.915854,101
2026-09-13 19:33:41.923,1789338821.9235463,126
2026-09-13 19:33:41.931,1789338821.9312387,143
2026-09-13 19:33:41.938,1789338821.938931,160
2026-09-13 19:33:41.946,1789338821.9466233,179
2026-09-13 19:33:41.954,1789338821.9543157,184
2026-09-13 19:33:41.962,1789338821.9620078,181
2026-09-13 19:33:41.969,1789338821.9697,177
2026-09-13 19:33:41.977,1789338821.9773924,157
2026-09-13 19:33:41.985,1789338821.9850848,118
2026-09-13 19:33:41.992,1789338821.992777,72
2026-09-13 19:33:42.000,1789338822.0004694,26
2026-09-13 19:33:42.008,1789338822.0081618,-19
2026-09-13 19:33:42.015,1789338822.0158541,-55
2026-09-13 19:33:42.023,1789338822.0235462,-84
2026-09-13 19:33:42.031,1789338822.0312386,-97
2026-09-13 19:33:42.038,1789338822.038931,-104
2026-09-13 19:33:42.046,1789338822.0466232,-109
2026-09-13 19:33:42.054,1789338822.0543156,-104
2026-09-13 19:33:42.062,1789338822.062008,-94
2026-09-13 19:33:42.069,1789338822.0697002,-92
2026-09-13 19:33:42.077,1789338822.0773926,-87
2026-09-13 19:33:42.085,1789338822.0850847,-75
2026-09-13 19:33:42.092,1789338822.092777,-67
2026-09-13 19:33:42.100,1789338822.1004694,-63
2026-09-13 19:33:42.108,1789338822.1081617,-55
2026-09-13 19:33:42.115,1789338822.115854,-48
2026-09-13 19:33:42.123,1789338822.1235464,-48
2026-09-13 19:33:42.131,1789338822.1312387,-46
2026-09-13 19:33:42.138,1789338822.138931,-38
2026-09-13 19:33:42.146,1789338822.1466231,-33
2026-09-13 19:33:42.154,1789338822.1543155,-36
2026-09-13 19:33:42.162,1789338822.1620078,-36
2026-09-13 19:33:42.169,1789338822.1697001,-31
2026-09-13 19:33:42.177,1789338822.1773925,-31
2026-09-13 19:33:42.185,1789338822.1850848,-29
2026-09-13 19:33:42.192,1789338822.1927772,-29
2026-09-13 19:33:42.200,1789338822.2004695,-29
2026-09-13 19:33:42.208,1789338822.2081616,-26
2026-09-13 19:33:42.215,1789338822.215854,-24
2026-09-13 19:33:42.223,1789338822.2235463,-24
2026-09-13 19:33:42.231,1789338822.2312386,-24
2026-09-13 19:33:42.238,1789338822.238931,-21
2026-09-13 19:33:42.246,1789338822.2466233,-14
2026-09-13 19:33:42.254,1789338822.2543156,-12
2026-09-13 19:33:42.262,1789338822.262008,-12
2026-09-13 19:33:42.269,1789338822.2697003,-9
2026-09-13 19:33:42.277,1789338822.2773924,-9
2026-09-13 19:33:42.285,1789338822.2850847,-7
2026-09-13 19:33:42.292,1789338822.292777,-4
2026-09-13 19:33:42.299,1789338822.2999382,0
2026-09-13 19:33:42.307,1789338822.3076305,2
2026-09-13 19:33:42.315,1789338822.3153229,0
2026-09-13 19:33:42.323,1789338822.3230152,0
2026-09-13 19:33:42.330,1789338822.3307076,7
2026-09-13 19:33:42.338,1789338822.3383996,14
2026-09-13 19:33:42.346,1789338822.346092,12
2026-09-13 19:33:42.353,1789338822.3537843,9
2026-09-13 19:33:42.361,1789338822.3614767,14
2026-09-13 19:33:42.369,1789338822.369169,14
2026-09-13 19:33:42.376,1789338822.3768613,14
2026-09-13 19:33:42.384,1789338822.3845537,19
2026-09-13 19:33:42.392,1789338822.392246,19
2026-09-13 19:33:42.399,1789338822.399938,16
2026-09-13 19:33:42.407,1789338822.4076304,19
2026-09-13 19:33:42.415,1789338822.4153228,26
2026-09-13 19:33:42.423,1789338822.423015,24
2026-09-13 19:33:42.430,1789338822.4307075,19
2026-09-13 19:33:42.438,1789338822.4383998,19
2026-09-13 19:33:42.446,1789338822.4460921,24
2026-09-13 19:33:42.453,1789338822.4537845,24
2026-09-13 19:33:42.461,1789338822.4614766,21
2026-09-13 19:33:42.469,1789338822.469169,29
2026-09-13 19:33:42.476,1789338822.4768612,46
2026-09-13 19:33:42.484,1789338822.4845536,58
2026-09-13 19:33:42.492,1789338822.492246,67
2026-09-13 19:33:42.499,1789338822.4999382,70
2026-09-13 19:33:42.507,1789338822.5076306,60
2026-09-13 19:33:42.515,1789338822.515323,58
2026-09-13 19:33:42.523,1789338822.523015,55
2026-09-13 19:33:42.530,1789338822.5307074,38
2026-09-13 19:33:42.538,1789338822.5383997,12
2026-09-13 19:33:42.546,1789338822.546092,2
2026-09-13 19:33:42.553,1789338822.5537844,2
2026-09-13 19:33:42.561,1789338822.5614767,4
2026-09-13 19:33:42.569,1789338822.569169,9
2026-09-13 19:33:42.576,1789338822.5768614,9
2026-09-13 19:33:42.584,1789338822.5845535,9
2026-09-13 19:33:42.592,1789338822.5922458,7
2026-09-13 19:33:42.599,1789338822.5999382,4
2026-09-13 19:33:42.607,1789338822.6076305,12
2026-09-13 19:33:42.615,1789338822.6153228,89
2026-09-13 19:33:42.623,1789338822.6230152,307
2026-09-13 19:33:42.630,1789338822.6307075,649
2026-09-13 19:33:42.638,1789338822.6383998,974
2026-09-13 19:33:42.646,1789338822.646092,829
2026-09-13 19:33:42.653,1789338822.6537843,89
2026-09-13 19:33:42.661,1789338822.6614766,-349
2026-09-13 19:33:42.669,1789338822.669169,-130
2026-09-13 19:33:42.676,1789338822.6768613,0
2026-09-13 19:33:42.684,1789338822.6845536,-106
2026-09-13 19:33:42.692,1789338822.692246,-82
2026-09-13 19:33:42.699,1789338822.6999383,-26
2026-09-13 19:33:42.707,1789338822.7076304,-55
2026-09-13 19:33:42.715,1789338822.7153227,-58
2026-09-13 19:33:42.723,1789338822.723015,-26
2026-09-13 19:33:42.730,1789338822.7307074,-21
2026-09-13 19:33:42.738,1789338822.7383997,-19
2026-09-13 19:33:42.746,1789338822.746092,-2
2026-09-13 19:33:42.753,1789338822.7537844,2
2026-09-13 19:33:42.761,1789338822.7614768,2
2026-09-13 19:33:42.769,1789338822.7691689,12
2026-09-13 19:33:42.776,1789338822.7768612,24
2026-09-13 19:33:42.784,1789338822.7845535,29
2026-09-13 19:33:42.792,1789338822.7922459,33
2026-09-13 19:33:42.799,1789338822.7999382,48
2026-09-13 19:33:42.807,1789338822.8076305,65
2026-09-13 19:33:42.815,1789338822.8153229,77
2026-09-13 19:33:42.823,1789338822.8230152,87
2026-09-13 19:33:42.830,1789338822.8307076,101
2026-09-13 19:33:42.838,1789338822.8383996,121
2026-09-13 19:33:42.846,1789338822.846092,135
2026-09-13 19:33:42.853,1789338822.8537843,155
2026-09-13 19:33:42.860,1789338822.860915,177
2026-09-13 19:33:42.868,1789338822.8686073,196
2026-09-13 19:33:42.876,1789338822.8762996,208
2026-09-13 19:33:42.883,1789338822.883992,213
2026-09-13 19:33:42.891,1789338822.8916843,210
2026-09-13 19:33:42.899,1789338822.8993764,201
2026-09-13 19:33:42.907,1789338822.9070687,172
2026-09-13 19:33:42.914,1789338822.914761,128
2026-09-13 19:33:42.922,1789338822.9224534,80
2026-09-13 19:33:42.930,1789338822.9301457,31
2026-09-13 19:33:42.937,1789338822.937838,-9
2026-09-13 19:33:42.945,1789338822.9455304,-36
2026-09-13 19:33:42.953,1789338822.9532228,-63
2026-09-13 19:33:42.960,1789338822.9609149,-80
2026-09-13 19:33:42.968,1789338822.9686072,-82
2026-09-13 19:33:42.976,1789338822.9762995,-82
2026-09-13 19:33:42.983,1789338822.9839919,-80
2026-09-13 19:33:42.991,1789338822.9916842,-72
2026-09-13 19:33:42.999,1789338822.9993765,-60
2026-09-13 19:33:43.007,1789338823.0070689,-50
2026-09-13 19:33:43.014,1789338823.0147612,-50
2026-09-13 19:33:43.022,1789338823.0224533,-48
2026-09-13 19:33:43.030,1789338823.0301456,-38
2026-09-13 19:33:43.037,1789338823.037838,-31
2026-09-13 19:33:43.045,1789338823.0455303,-26
2026-09-13 19:33:43.053,1789338823.0532227,-29
2026-09-13 19:33:43.060,1789338823.060915,-24
2026-09-13 19:33:43.068,1789338823.0686073,-19
2026-09-13 19:33:43.076,1789338823.0762997,-21
2026-09-13 19:33:43.083,1789338823.0839918,-26
2026-09-13 19:33:43.091,1789338823.091684,-16
2026-09-13 19:33:43.099,1789338823.0993764,-9
2026-09-13 19:33:43.107,1789338823.1070688,-19
2026-09-13 19:33:43.114,1789338823.114761,-21
2026-09-13 19:33:43.122,1789338823.1224535,-14
2026-09-13 19:33:43.130,1789338823.1301458,-14
2026-09-13 19:33:43.137,1789338823.1378381,-19
2026-09-13 19:33:43.145,1789338823.1455302,-14
2026-09-13 19:33:43.153,1789338823.1532226,-9
2026-09-13 19:33:43.160,1789338823.160915,-9
2026-09-13 19:33:43.168,1789338823.1686072,-7
2026-09-13 19:33:43.176,1789338823.1762996,-7
2026-09-13 19:33:43.183,1789338823.183992,-7
2026-09-13 19:33:43.191,1789338823.1916842,-2
2026-09-13 19:33:43.199,1789338823.1993766,0
2026-09-13 19:33:43.207,1789338823.2070687,2
2026-09-13 19:33:43.214,1789338823.214761,4
2026-09-13 19:33:43.222,1789338823.2224534,2
2026-09-13 19:33:43.230,1789338823.2301457,2
2026-09-13 19:33:43.237,1789338823.237838,7
2026-09-13 19:33:43.245,1789338823.2455304,9
2026-09-13 19:33:43.253,1789338823.2532227,9
2026-09-13 19:33:43.260,1789338823.260915,14
2026-09-13 19:33:43.268,1789338823.2686071,19
2026-09-13 19:33:43.276,1789338823.2762995,14
2026-09-13 19:33:43.283,1789338823.2839918,12
2026-09-13 19:33:43.291,1789338823.2916842,14
2026-09-13 19:33:43.299,1789338823.2993765,14
2026-09-13 19:33:43.307,1789338823.3070688,14
2026-09-13 19:33:43.314,1789338823.3147612,21
2026-09-13 19:33:43.322,1789338823.3224535,26
2026-09-13 19:33:43.330,1789338823.3301456,24
2026-09-13 19:33:43.337,1789338823.337838,24
2026-09-13 19:33:43.345,1789338823.3455303,29
2026-09-13 19:33:43.353,1789338823.3532226,29
2026-09-13 19:33:43.360,1789338823.360915,26
2026-09-13 19:33:43.368,1789338823.3686073,26
2026-09-13 19:33:43.376,1789338823.3762996,31
2026-09-13 19:33:43.383,1789338823.383992,31
2026-09-13 19:33:43.391,1789338823.3916843,26
2026-09-13 19:33:43.399,1789338823.3993764,29
2026-09-13 19:33:43.407,1789338823.4070687,31
2026-09-13 19:33:43.414,1789338823.414761,29
2026-09-13 19:33:43.421,1789338823.4219222,29
2026-09-13 19:33:43.429,1789338823.4296145,26
2026-09-13 19:33:43.437,1789338823.437307,26
2026-09-13 19:33:43.444,1789338823.4449992,41
2026-09-13 19:33:43.452,1789338823.4526916,55
2026-09-13 19:33:43.460,1789338823.4603837,67
2026-09-13 19:33:43.468,1789338823.468076,82
2026-09-13 19:33:43.475,1789338823.4757683,82
2026-09-13 19:33:43.483,1789338823.4834607,70
2026-09-13 19:33:43.491,1789338823.491153,63
2026-09-13 19:33:43.498,1789338823.4988453,58
2026-09-13 19:33:43.506,1789338823.5065377,38
2026-09-13 19:33:43.514,1789338823.51423,16
2026-09-13 19:33:43.521,1789338823.521922,12
2026-09-13 19:33:43.529,1789338823.5296144,16
2026-09-13 19:33:43.537,1789338823.5373068,16
2026-09-13 19:33:43.544,1789338823.5449991,21
2026-09-13 19:33:43.552,1789338823.5526915,24
2026-09-13 19:33:43.560,1789338823.5603838,19
2026-09-13 19:33:43.568,1789338823.5680761,14
2026-09-13 19:33:43.575,1789338823.5757685,16
2026-09-13 19:33:43.583,1789338823.5834606,46
2026-09-13 19:33:43.591,1789338823.591153,184
2026-09-13 19:33:43.598,1789338823.5988452,458
2026-09-13 19:33:43.606,1789338823.6065376,819
2026-09-13 19:33:43.614,1789338823.61423,994
2026-09-13 19:33:43.621,1789338823.6219223,516
2026-09-13 19:33:43.629,1789338823.6296146,-210
2026-09-13 19:33:43.637,1789338823.637307,-283
2026-09-13 19:33:43.644,1789338823.644999,-12
2026-09-13 19:33:43.652,1789338823.6526914,-43
2026-09-13 19:33:43.660,1789338823.6603837,-109
2026-09-13 19:33:43.668,1789338823.668076,-33
2026-09-13 19:33:43.675,1789338823.6757684,-26
2026-09-13 19:33:43.683,1789338823.6834607,-60
2026-09-13 19:33:43.691,1789338823.691153,-36
2026-09-13 19:33:43.698,1789338823.6988454,-14
2026-09-13 19:33:43.706,1789338823.7065375,-16
2026-09-13 19:33:43.714,1789338823.7142298,-9
2026-09-13 19:33:43.721,1789338823.7219222,0
2026-09-13 19:33:43.729,1789338823.7296145,9
2026-09-13 19:33:43.737,1789338823.7373068,19
2026-09-13 19:33:43.744,1789338823.7449992,26
2026-09-13 19:33:43.752,1789338823.7526915,29
2026-09-13 19:33:43.760,1789338823.7603838,38
2026-09-13 19:33:43.768,1789338823.768076,53
2026-09-13 19:33:43.775,1789338823.7757683,65
2026-09-13 19:33:43.783,1789338823.7834606,75
2026-09-13 19:33:43.791,1789338823.791153,84
2026-09-13 19:33:43.798,1789338823.7988453,97
2026-09-13 19:33:43.806,1789338823.8065376,113
2026-09-13 19:33:43.814,1789338823.81423,135
2026-09-13 19:33:43.821,1789338823.8219223,160
2026-09-13 19:33:43.829,1789338823.8296144,181
2026-09-13 19:33:43.837,1789338823.8373067,201
2026-09-13 19:33:43.844,1789338823.844999,220
2026-09-13 19:33:43.852,1789338823.8526914,232
2026-09-13 19:33:43.860,1789338823.8603837,232
2026-09-13 19:33:43.868,1789338823.868076,227
2026-09-13 19:33:43.875,1789338823.8757684,213
2026-09-13 19:33:43.883,1789338823.8834608,179
2026-09-13 19:33:43.891,1789338823.8911529,128
2026-09-13 19:33:43.898,1789338823.8988452,72
2026-09-13 19:33:43.906,1789338823.9065375,24
2026-09-13 19:33:43.914,1789338823.9142299,-14
2026-09-13 19:33:43.921,1789338823.9219222,-46
2026-09-13 19:33:43.929,1789338823.9296145,-60
2026-09-13 19:33:43.937,1789338823.937307,-70
2026-09-13 19:33:43.944,1789338823.9449992,-70
2026-09-13 19:33:43.952,1789338823.9526916,-72
2026-09-13 19:33:43.960,1789338823.9603837,-70
2026-09-13 19:33:43.968,1789338823.968076,-58
2026-09-13 19:33:43.975,1789338823.9757683,-43
2026-09-13 19:33:43.982,1789338823.9828992,-38
2026-09-13 19:33:43.990,1789338823.9905915,-38
2026-09-13 19:33:43.998,1789338823.9982839,-33
2026-09-13 19:33:44.005,1789338824.0059762,-19
2026-09-13 19:33:44.013,1789338824.0136685,-16
2026-09-13 19:33:44.021,1789338824.0213606,-21
2026-09-13 19:33:44.029,1789338824.029053,-16
2026-09-13 19:33:44.036,1789338824.0367453,-7
2026-09-13 19:33:44.044,1789338824.0444376,-4
2026-09-13 19:33:44.052,1789338824.05213,-9
2026-09-13 19:33:44.059,1789338824.0598223,-4
2026-09-13 19:33:44.067,1789338824.0675147,7
2026-09-13 19:33:44.075,1789338824.075207,12
2026-09-13 19:33:44.082,1789338824.082899,4
2026-09-13 19:33:44.090,1789338824.0905914,0
2026-09-13 19:33:44.098,1789338824.0982838,12
2026-09-13 19:33:44.105,1789338824.105976,14
2026-09-13 19:33:44.113,1789338824.1136684,9
2026-09-13 19:33:44.121,1789338824.1213608,14
2026-09-13 19:33:44.129,1789338824.129053,21
2026-09-13 19:33:44.136,1789338824.1367455,19
2026-09-13 19:33:44.144,1789338824.1444376,14
2026-09-13 19:33:44.152,1789338824.15213,19
2026-09-13 19:33:44.159,1789338824.1598222,24
2026-09-13 19:33:44.167,1789338824.1675146,29
2026-09-13 19:33:44.175,1789338824.175207,31
2026-09-13 19:33:44.182,1789338824.1828992,31
2026-09-13 19:33:44.190,1789338824.1905916,33
2026-09-13 19:33:44.198,1789338824.198284,36
2026-09-13 19:33:44.205,1789338824.205976,36
2026-09-13 19:33:44.213,1789338824.2136683,36
2026-09-13 19:33:44.221,1789338824.2213607,41
2026-09-13 19:33:44.229,1789338824.229053,43
2026-09-13 19:33:44.236,1789338824.2367454,36
2026-09-13 19:33:44.244,1789338824.2444377,36
2026-09-13 19:33:44.252,1789338824.25213,48
2026-09-13 19:33:44.259,1789338824.2598224,55
2026-09-13 19:33:44.267,1789338824.2675145,55
2026-09-13 19:33:44.275,1789338824.2752068,48
2026-09-13 19:33:44.282,1789338824.2828991,38
2026-09-13 19:33:44.290,1789338824.2905915,29
2026-09-13 19:33:44.298,1789338824.2982838,24
2026-09-13 19:33:44.305,1789338824.3059762,21
2026-09-13 19:33:44.313,1789338824.3136685,24
2026-09-13 19:33:44.321,1789338824.3213608,24
2026-09-13 19:33:44.329,1789338824.329053,19
2026-09-13 19:33:44.336,1789338824.3367453,21
2026-09-13 19:33:44.344,1789338824.3444376,33
2026-09-13 19:33:44.352,1789338824.35213,33
2026-09-13 19:33:44.359,1789338824.3598223,38
2026-09-13 19:33:44.367,1789338824.3675146,60
2026-09-13 19:33:44.375,1789338824.375207,72
2026-09-13 19:33:44.382,1789338824.3828993,70
2026-09-13 19:33:44.390,1789338824.3905914,67
2026-09-13 19:33:44.398,1789338824.3982837,60
2026-09-13 19:33:44.405,1789338824.405976,60
2026-09-13 19:33:44.413,1789338824.4136684,67
2026-09-13 19:33:44.421,1789338824.4213607,82
2026-09-13 19:33:44.429,1789338824.429053,181
2026-09-13 19:33:44.436,1789338824.4367454,438
2026-09-13 19:33:44.444,1789338824.4444377,805
2026-09-13 19:33:44.452,1789338824.4521298,1069
2026-09-13 19:33:44.459,1789338824.4598222,761
2026-09-13 19:33:44.467,1789338824.4675145,-55
2026-09-13 19:33:44.475,1789338824.4752069,-375
2026-09-13 19:33:44.482,1789338824.4828992,-65
2026-09-13 19:33:44.490,1789338824.4905915,26
2026-09-13 19:33:44.498,1789338824.4982839,-80
2026-09-13 19:33:44.505,1789338824.5059762,-24
2026-09-13 19:33:44.513,1789338824.5136685,24
2026-09-13 19:33:44.521,1789338824.5213606,-14
2026-09-13 19:33:44.529,1789338824.529053,-2
2026-09-13 19:33:44.536,1789338824.5367453,26
2026-09-13 19:33:44.543,1789338824.5439062,19
2026-09-13 19:33:44.551,1789338824.5515985,21
2026-09-13 19:33:44.559,1789338824.559291,38
2026-09-13 19:33:44.566,1789338824.5669832,43
2026-09-13 19:33:44.574,1789338824.5746756,46
2026-09-13 19:33:44.582,1789338824.5823677,48
2026-09-13 19:33:44.590,1789338824.59006,55
2026-09-13 19:33:44.597,1789338824.5977523,75
2026-09-13 19:33:44.605,1789338824.6054447,92
2026-09-13 19:33:44.613,1789338824.613137,97
2026-09-13 19:33:44.620,1789338824.6208293,99
2026-09-13 19:33:44.628,1789338824.6285217,113
2026-09-13 19:33:44.636,1789338824.636214,138
2026-09-13 19:33:44.643,1789338824.643906,164
2026-09-13 19:33:44.651,1789338824.6515985,184
2026-09-13 19:33:44.659,1789338824.6592908,208
2026-09-13 19:33:44.666,1789338824.6669831,247
2026-09-13 19:33:44.674,1789338824.6746755,283
2026-09-13 19:33:44.682,1789338824.6823678,300
2026-09-13 19:33:44.690,1789338824.6900601,310
2026-09-13 19:33:44.697,1789338824.6977525,320
2026-09-13 19:33:44.705,1789338824.7054446,307
2026-09-13 19:33:44.713,1789338824.713137,278
2026-09-13 19:33:44.720,1789338824.7208292,227
2026-09-13 19:33:44.728,1789338824.7285216,162
2026-09-13 19:33:44.736,1789338824.736214,94
2026-09-13 19:33:44.743,1789338824.7439063,33
2026-09-13 19:33:44.751,1789338824.7515986,-21
2026-09-13 19:33:44.759,1789338824.759291,-55
2026-09-13 19:33:44.766,1789338824.766983,-70
2026-09-13 19:33:44.774,1789338824.7746754,-84
2026-09-13 19:33:44.782,1789338824.7823677,-92
2026-09-13 19:33:44.790,1789338824.79006,-84
2026-09-13 19:33:44.797,1789338824.7977524,-80
2026-09-13 19:33:44.805,1789338824.8054447,-82
2026-09-13 19:33:44.813,1789338824.813137,-75
2026-09-13 19:33:44.820,1789338824.8208294,-63
2026-09-13 19:33:44.828,1789338824.8285215,-53
2026-09-13 19:33:44.836,1789338824.8362138,-43
2026-09-13 19:33:44.843,1789338824.8439062,-29
2026-09-13 19:33:44.851,1789338824.8515985,-26
2026-09-13 19:33:44.859,1789338824.8592908,-24
2026-09-13 19:33:44.866,1789338824.8669832,-16
2026-09-13 19:33:44.874,1789338824.8746755,-7
2026-09-13 19:33:44.882,1789338824.8823678,-9
2026-09-13 19:33:44.890,1789338824.89006,-14
2026-09-13 19:33:44.897,1789338824.8977523,-7
2026-09-13 19:33:44.905,1789338824.9054446,-4
2026-09-13 19:33:44.913,1789338824.913137,-12
2026-09-13 19:33:44.920,1789338824.9208293,-12
2026-09-13 19:33:44.928,1789338824.9285216,-2
2026-09-13 19:33:44.936,1789338824.936214,-4
2026-09-13 19:33:44.943,1789338824.9439063,-14
2026-09-13 19:33:44.951,1789338824.9515984,-4
2026-09-13 19:33:44.959,1789338824.9592907,16
2026-09-13 19:33:44.966,1789338824.966983,21
2026-09-13 19:33:44.974,1789338824.9746754,16
2026-09-13 19:33:44.982,1789338824.9823678,19
2026-09-13 19:33:44.990,1789338824.99006,19
2026-09-13 19:33:44.997,1789338824.9977524,16
2026-09-13 19:33:45.005,1789338825.0054448,16
2026-09-13 19:33:45.013,1789338825.0131369,19
2026-09-13 19:33:45.020,1789338825.0208292,26
2026-09-13 19:33:45.028,1789338825.0285215,33
2026-09-13 19:33:45.036,1789338825.0362139,36
2026-09-13 19:33:45.043,1789338825.0439062,31
2026-09-13 19:33:45.051,1789338825.0515985,31
2026-09-13 19:33:45.059,1789338825.059291,36
2026-09-13 19:33:45.066,1789338825.0669832,41
2026-09-13 19:33:45.074,1789338825.0746756,41
2026-09-13 19:33:45.082,1789338825.0823677,41
2026-09-13 19:33:45.090,1789338825.09006,46
2026-09-13 19:33:45.097,1789338825.0977523,48
2026-09-13 19:33:45.104,1789338825.1048832,41
2026-09-13 19:33:45.112,1789338825.1125755,41
2026-09-13 19:33:45.120,1789338825.1202679,46
2026-09-13 19:33:45.127,1789338825.1279602,46
2026-09-13 19:33:45.135,1789338825.1356525,48
2026-09-13 19:33:45.143,1789338825.1433446,53
2026-09-13 19:33:45.151,1789338825.151037,48
2026-09-13 19:33:45.158,1789338825.1587293,46
2026-09-13 19:33:45.166,1789338825.1664217,50
2026-09-13 19:33:45.174,1789338825.174114,50
2026-09-13 19:33:45.181,1789338825.1818063,46
2026-09-13 19:33:45.189,1789338825.1894987,58
2026-09-13 19:33:45.197,1789338825.197191,67
2026-09-13 19:33:45.204,1789338825.204883,48
2026-09-13 19:33:45.212,1789338825.2125754,36
2026-09-13 19:33:45.220,1789338825.2202678,58
2026-09-13 19:33:45.227,1789338825.22796,80
2026-09-13 19:33:45.235,1789338825.2356524,89
2026-09-13 19:33:45.243,1789338825.2433448,94
2026-09-13 19:33:45.251,1789338825.2510371,99
2026-09-13 19:33:45.258,1789338825.2587295,99
2026-09-13 19:33:45.266,1789338825.2664216,87
2026-09-13 19:33:45.274,1789338825.274114,75
2026-09-13 19:33:45.281,1789338825.2818062,63
2026-09-13 19:33:45.289,1789338825.2894986,41
2026-09-13 19:33:45.297,1789338825.297191,29
2026-09-13 19:33:45.304,1789338825.3048832,29
2026-09-13 19:33:45.312,1789338825.3125756,29
2026-09-13 19:33:45.320,1789338825.320268,33
2026-09-13 19:33:45.327,1789338825.32796,43
2026-09-13 19:33:45.335,1789338825.3356524,50
2026-09-13 19:33:45.343,1789338825.3433447,50
2026-09-13 19:33:45.351,1789338825.351037,43
2026-09-13 19:33:45.358,1789338825.3587294,128
2026-09-13 19:33:45.366,1789338825.3664217,383
2026-09-13 19:33:45.374,1789338825.374114,754
2026-09-13 19:33:45.381,1789338825.3818064,1047
2026-09-13 19:33:45.389,1789338825.3894985,822
2026-09-13 19:33:45.397,1789338825.3971908,29
2026-09-13 19:33:45.404,1789338825.4048831,-392
2026-09-13 19:33:45.412,1789338825.4125755,-121
2026-09-13 19:33:45.420,1789338825.4202678,29
2026-09-13 19:33:45.427,1789338825.4279602,-84
2026-09-13 19:33:45.435,1789338825.4356525,-50
2026-09-13 19:33:45.443,1789338825.4433448,19
2026-09-13 19:33:45.451,1789338825.451037,-19
2026-09-13 19:33:45.458,1789338825.4587293,-24
2026-09-13 19:33:45.466,1789338825.4664216,14
2026-09-13 19:33:45.474,1789338825.474114,14
2026-09-13 19:33:45.481,1789338825.4818063,12
2026-09-13 19:33:45.489,1789338825.4894986,31
2026-09-13 19:33:45.497,1789338825.497191,43
2026-09-13 19:33:45.504,1789338825.5048833,53
2026-09-13 19:33:45.512,1789338825.5125754,60
2026-09-13 19:33:45.520,1789338825.5202677,65
2026-09-13 19:33:45.527,1789338825.52796,72
2026-09-13 19:33:45.535,1789338825.5356524,70
2026-09-13 19:33:45.543,1789338825.5433447,77
2026-09-13 19:33:45.551,1789338825.551037,101
2026-09-13 19:33:45.558,1789338825.5587294,118
2026-09-13 19:33:45.566,1789338825.5664217,138
2026-09-13 19:33:45.574,1789338825.5741138,157
2026-09-13 19:33:45.581,1789338825.5818062,179
2026-09-13 19:33:45.589,1789338825.5894985,213
2026-09-13 19:33:45.597,1789338825.5971909,242
2026-09-13 19:33:45.604,1789338825.6048832,261
2026-09-13 19:33:45.612,1789338825.6125755,286
2026-09-13 19:33:45.620,1789338825.6202679,307
2026-09-13 19:33:45.627,1789338825.6279602,312
2026-09-13 19:33:45.635,1789338825.6356525,300
2026-09-13 19:33:45.643,1789338825.6433446,286
2026-09-13 19:33:45.651,1789338825.651037,247
2026-09-13 19:33:45.658,1789338825.6587293,181
2026-09-13 19:33:45.665,1789338825.6658905,121
2026-09-13 19:33:45.673,1789338825.6735828,70
2026-09-13 19:33:45.681,1789338825.6812751,9
2026-09-13 19:33:45.688,1789338825.6889675,-38
2026-09-13 19:33:45.696,1789338825.6966598,-50
2026-09-13 19:33:45.704,1789338825.704352,-55
2026-09-13 19:33:45.712,1789338825.7120442,-72
2026-09-13 19:33:45.719,1789338825.7197366,-82
2026-09-13 19:33:45.727,1789338825.727429,-67
2026-09-13 19:33:45.735,1789338825.7351213,-70
2026-09-13 19:33:45.742,1789338825.7428136,-70
2026-09-13 19:33:45.750,1789338825.750506,-48
2026-09-13 19:33:45.758,1789338825.7581983,-38
2026-09-13 19:33:45.765,1789338825.7658904,-41
2026-09-13 19:33:45.773,1789338825.7735827,-24
2026-09-13 19:33:45.781,1789338825.781275,-7
2026-09-13 19:33:45.788,1789338825.7889674,-14
2026-09-13 19:33:45.796,1789338825.7966597,-12
2026-09-13 19:33:45.804,1789338825.804352,2
2026-09-13 19:33:45.812,1789338825.8120444,2
2026-09-13 19:33:45.819,1789338825.8197367,0
2026-09-13 19:33:45.827,1789338825.8274288,0
2026-09-13 19:33:45.835,1789338825.8351212,0
2026-09-13 19:33:45.842,1789338825.8428135,4
2026-09-13 19:33:45.850,1789338825.8505058,12
2026-09-13 19:33:45.858,1789338825.8581982,12
2026-09-13 19:33:45.865,1789338825.8658905,2
2026-09-13 19:33:45.873,1789338825.8735828,2
2026-09-13 19:33:45.881,1789338825.8812752,12
2026-09-13 19:33:45.888,1789338825.8889673,14
2026-09-13 19:33:45.896,1789338825.8966596,12
2026-09-13 19:33:45.904,1789338825.904352,14
2026-09-13 19:33:45.912,1789338825.9120443,16
2026-09-13 19:33:45.919,1789338825.9197366,24
2026-09-13 19:33:45.927,1789338825.927429,24
2026-09-13 19:33:45.935,1789338825.9351213,12
2026-09-13 19:33:45.942,1789338825.9428136,21
2026-09-13 19:33:45.950,1789338825.9505057,21
2026-09-13 19:33:45.958,1789338825.958198,12
2026-09-13 19:33:45.965,1789338825.9658904,19
2026-09-13 19:33:45.973,1789338825.9735827,29
2026-09-13 19:33:45.981,1789338825.981275,26
2026-09-13 19:33:45.988,1789338825.9889674,38
2026-09-13 19:33:45.996,1789338825.9966598,58
2026-09-13 19:33:46.004,1789338826.004352,67
2026-09-13 19:33:46.012,1789338826.0120442,72
2026-09-13 19:33:46.019,1789338826.0197365,75
2026-09-13 19:33:46.027,1789338826.0274289,67
2026-09-13 19:33:46.035,1789338826.0351212,50
2026-09-13 19:33:46.042,1789338826.0428135,43
2026-09-13 19:33:46.050,1789338826.0505059,36
2026-09-13 19:33:46.058,1789338826.0581982,24
2026-09-13 19:33:46.065,1789338826.0658906,12
2026-09-13 19:33:46.073,1789338826.0735826,12
2026-09-13 19:33:46.081,1789338826.081275,24
2026-09-13 19:33:46.088,1789338826.0889673,24
2026-09-13 19:33:46.096,1789338826.0966597,16
2026-09-13 19:33:46.104,1789338826.104352,24
2026-09-13 19:33:46.112,1789338826.1120443,29
2026-09-13 19:33:46.119,1789338826.1197367,26
2026-09-13 19:33:46.127,1789338826.127429,75
2026-09-13 19:33:46.135,1789338826.135121,259
2026-09-13 19:33:46.142,1789338826.1428134,611
2026-09-13 19:33:46.150,1789338826.1505058,982
2026-09-13 19:33:46.158,1789338826.158198,965
2026-09-13 19:33:46.165,1789338826.1658905,310
2026-09-13 19:33:46.173,1789338826.1735828,-315
2026-09-13 19:33:46.181,1789338826.1812751,-232
2026-09-13 19:33:46.188,1789338826.1889675,21
2026-09-13 19:33:46.196,1789338826.1966598,-41
2026-09-13 19:33:46.204,1789338826.204352,-94
2026-09-13 19:33:46.212,1789338826.2120442,-21
2026-09-13 19:33:46.219,1789338826.2197366,-16
2026-09-13 19:33:46.226,1789338826.2268875,-38
2026-09-13 19:33:46.234,1789338826.2345798,-21
2026-09-13 19:33:46.242,1789338826.2422721,-4
2026-09-13 19:33:46.249,1789338826.2499645,16
2026-09-13 19:33:46.257,1789338826.2576568,29
2026-09-13 19:33:46.265,1789338826.265349,16
2026-09-13 19:33:46.273,1789338826.2730412,16
2026-09-13 19:33:46.280,1789338826.2807336,38
2026-09-13 19:33:46.288,1789338826.288426,48
2026-09-13 19:33:46.296,1789338826.2961183,38
2026-09-13 19:33:46.303,1789338826.3038106,41
2026-09-13 19:33:46.311,1789338826.311503,70
2026-09-13 19:33:46.319,1789338826.3191953,92
2026-09-13 19:33:46.326,1789338826.3268874,99
2026-09-13 19:33:46.334,1789338826.3345797,106
2026-09-13 19:33:46.342,1789338826.342272,130
2026-09-13 19:33:46.349,1789338826.3499644,162
2026-09-13 19:33:46.357,1789338826.3576567,184
2026-09-13 19:33:46.365,1789338826.365349,208
2026-09-13 19:33:46.373,1789338826.3730414,247
2026-09-13 19:33:46.380,1789338826.3807337,271
2026-09-13 19:33:46.388,1789338826.3884258,283
2026-09-13 19:33:46.396,1789338826.3961182,293
2026-09-13 19:33:46.403,1789338826.4038105,286
2026-09-13 19:33:46.411,1789338826.4115028,259
2026-09-13 19:33:46.419,1789338826.4191952,220
2026-09-13 19:33:46.426,1789338826.4268875,164
2026-09-13 19:33:46.434,1789338826.4345798,94
2026-09-13 19:33:46.442,1789338826.4422722,21
2026-09-13 19:33:46.449,1789338826.4499643,-29
2026-09-13 19:33:46.457,1789338826.4576566,-58
2026-09-13 19:33:46.465,1789338826.465349,-77
2026-09-13 19:33:46.473,1789338826.4730413,-94
2026-09-13 19:33:46.480,1789338826.4807336,-104
2026-09-13 19:33:46.488,1789338826.488426,-104
2026-09-13 19:33:46.496,1789338826.4961183,-104
2026-09-13 19:33:46.503,1789338826.5038106,-101
2026-09-13 19:33:46.511,1789338826.5115027,-92
2026-09-13 19:33:46.519,1789338826.519195,-82
2026-09-13 19:33:46.526,1789338826.5268874,-72
2026-09-13 19:33:46.534,1789338826.5345798,-65
2026-09-13 19:33:46.542,1789338826.542272,-58
2026-09-13 19:33:46.549,1789338826.5499644,-50
2026-09-13 19:33:46.557,1789338826.5576568,-43
2026-09-13 19:33:46.565,1789338826.565349,-41
2026-09-13 19:33:46.573,1789338826.5730412,-36
2026-09-13 19:33:46.580,1789338826.5807335,-29
2026-09-13 19:33:46.588,1789338826.5884259,-24
2026-09-13 19:33:46.596,1789338826.5961182,-21
2026-09-13 19:33:46.603,1789338826.6038105,-21
2026-09-13 19:33:46.611,1789338826.611503,-26
2026-09-13 19:33:46.619,1789338826.6191952,-21
2026-09-13 19:33:46.626,1789338826.6268876,-12
2026-09-13 19:33:46.634,1789338826.6345797,-14
2026-09-13 19:33:46.642,1789338826.642272,-24
2026-09-13 19:33:46.649,1789338826.6499643,-16
2026-09-13 19:33:46.657,1789338826.6576567,-12
2026-09-13 19:33:46.665,1789338826.665349,-16
2026-09-13 19:33:46.673,1789338826.6730413,-19
2026-09-13 19:33:46.680,1789338826.6807337,-14
2026-09-13 19:33:46.688,1789338826.688426,-9
2026-09-13 19:33:46.696,1789338826.696118,-4
2026-09-13 19:33:46.703,1789338826.7038105,-2
2026-09-13 19:33:46.711,1789338826.7115028,-4
2026-09-13 19:33:46.719,1789338826.7191951,-7
2026-09-13 19:33:46.726,1789338826.7268875,-7
2026-09-13 19:33:46.734,1789338826.7345798,-7
2026-09-13 19:33:46.742,1789338826.7422721,2
2026-09-13 19:33:46.749,1789338826.7499645,16
2026-09-13 19:33:46.757,1789338826.7576568,26
2026-09-13 19:33:46.765,1789338826.765349,36
2026-09-13 19:33:46.773,1789338826.7730412,46
2026-09-13 19:33:46.780,1789338826.7807336,41
2026-09-13 19:33:46.787,1789338826.7878745,36
2026-09-13 19:33:46.795,1789338826.7955668,41
2026-09-13 19:33:46.803,1789338826.8032591,26
2026-09-13 19:33:46.810,1789338826.8109515,0
2026-09-13 19:33:46.818,1789338826.8186438,-7
2026-09-13 19:33:46.826,1789338826.826336,-7
2026-09-13 19:33:46.834,1789338826.8340282,-2
2026-09-13 19:33:46.841,1789338826.8417206,7
2026-09-13 19:33:46.849,1789338826.849413,2
2026-09-13 19:33:46.857,1789338826.8571053,-2
2026-09-13 19:33:46.864,1789338826.8647976,4
2026-09-13 19:33:46.872,1789338826.87249,9
2026-09-13 19:33:46.880,1789338826.8801823,4
2026-09-13 19:33:46.887,1789338826.8878744,41
2026-09-13 19:33:46.895,1789338826.8955667,210
2026-09-13 19:33:46.903,1789338826.903259,531
2026-09-13 19:33:46.910,1789338826.9109514,875
2026-09-13 19:33:46.918,1789338826.9186437,911
2026-09-13 19:33:46.926,1789338826.926336,361
2026-09-13 19:33:46.934,1789338826.9340284,-257
2026-09-13 19:33:46.941,1789338826.9417207,-249
2026-09-13 19:33:46.949,1789338826.9494128,-9
2026-09-13 19:33:46.957,1789338826.9571052,-50
2026-09-13 19:33:46.964,1789338826.9647975,-109
2026-09-13 19:33:46.972,1789338826.9724898,-43
2026-09-13 19:33:46.980,1789338826.9801822,-36
2026-09-13 19:33:46.987,1789338826.9878745,-60
2026-09-13 19:33:46.995,1789338826.9955668,-36
2026-09-13 19:33:47.003,1789338827.0032592,-19
2026-09-13 19:33:47.010,1789338827.0109513,-24
2026-09-13 19:33:47.018,1789338827.0186436,-16
2026-09-13 19:33:47.026,1789338827.026336,-2
2026-09-13 19:33:47.034,1789338827.0340283,0
2026-09-13 19:33:47.041,1789338827.0417206,4
2026-09-13 19:33:47.049,1789338827.049413,12
2026-09-13 19:33:47.057,1789338827.0571053,21
2026-09-13 19:33:47.064,1789338827.0647976,29
2026-09-13 19:33:47.072,1789338827.0724897,36
2026-09-13 19:33:47.080,1789338827.080182,53
2026-09-13 19:33:47.087,1789338827.0878744,72
2026-09-13 19:33:47.095,1789338827.0955667,80
2026-09-13 19:33:47.103,1789338827.103259,89
2026-09-13 19:33:47.110,1789338827.1109514,109
2026-09-13 19:33:47.118,1789338827.1186438,133
2026-09-13 19:33:47.126,1789338827.126336,155
2026-09-13 19:33:47.134,1789338827.1340282,179
2026-09-13 19:33:47.141,1789338827.1417205,201
2026-09-13 19:33:47.149,1789338827.1494129,213
2026-09-13 19:33:47.157,1789338827.1571052,218
2026-09-13 19:33:47.164,1789338827.1647975,210
2026-09-13 19:33:47.172,1789338827.17249,196
2026-09-13 19:33:47.180,1789338827.1801822,167
2026-09-13 19:33:47.187,1789338827.1878746,121
2026-09-13 19:33:47.195,1789338827.1955667,63
2026-09-13 19:33:47.203,1789338827.203259,4
2026-09-13 19:33:47.210,1789338827.2109513,-36
2026-09-13 19:33:47.218,1789338827.2186437,-63
2026-09-13 19:33:47.226,1789338827.226336,-84
2026-09-13 19:33:47.234,1789338827.2340283,-94
2026-09-13 19:33:47.241,1789338827.2417207,-97
2026-09-13 19:33:47.249,1789338827.249413,-104
2026-09-13 19:33:47.257,1789338827.257105,-101
2026-09-13 19:33:47.264,1789338827.2647974,-92
2026-09-13 19:33:47.272,1789338827.2724898,-82
2026-09-13 19:33:47.280,1789338827.2801821,-77
2026-09-13 19:33:47.287,1789338827.2878745,-72
2026-09-13 19:33:47.295,1789338827.2955668,-65
2026-09-13 19:33:47.303,1789338827.3032591,-63
2026-09-13 19:33:47.310,1789338827.3109515,-55
2026-09-13 19:33:47.318,1789338827.3186438,-43
2026-09-13 19:33:47.326,1789338827.326336,-38
2026-09-13 19:33:47.334,1789338827.3340282,-36
2026-09-13 19:33:47.341,1789338827.3417206,-38
2026-09-13 19:33:47.348,1789338827.3488514,-36
2026-09-13 19:33:47.356,1789338827.3565438,-31
2026-09-13 19:33:47.364,1789338827.364236,-29
2026-09-13 19:33:47.371,1789338827.3719285,-24
2026-09-13 19:33:47.379,1789338827.3796208,-24
2026-09-13 19:33:47.387,1789338827.387313,-26
2026-09-13 19:33:47.395,1789338827.3950052,-26
2026-09-13 19:33:47.402,1789338827.4026976,-24
2026-09-13 19:33:47.410,1789338827.41039,-24
2026-09-13 19:33:47.418,1789338827.4180822,-24
2026-09-13 19:33:47.425,1789338827.4257746,-19
2026-09-13 19:33:47.433,1789338827.433467,-16
2026-09-13 19:33:47.441,1789338827.4411592,-16
2026-09-13 19:33:47.448,1789338827.4488513,-12
2026-09-13 19:33:47.456,1789338827.4565437,-9
2026-09-13 19:33:47.464,1789338827.464236,-9
2026-09-13 19:33:47.471,1789338827.4719284,-4
2026-09-13 19:33:47.479,1789338827.4796207,-2
2026-09-13 19:33:47.487,1789338827.487313,-2
2026-09-13 19:33:47.495,1789338827.4950054,-2
2026-09-13 19:33:47.502,1789338827.5026977,-2
2026-09-13 19:33:47.510,1789338827.5103898,0
2026-09-13 19:33:47.518,1789338827.5180821,2
2026-09-13 19:33:47.525,1789338827.5257745,4
2026-09-13 19:33:47.533,1789338827.5334668,4
2026-09-13 19:33:47.541,1789338827.5411592,4
2026-09-13 19:33:47.548,1789338827.5488515,7
2026-09-13 19:33:47.556,1789338827.5565438,9
2026-09-13 19:33:47.564,1789338827.5642362,9
2026-09-13 19:33:47.571,1789338827.5719283,12
2026-09-13 19:33:47.579,1789338827.5796206,12
2026-09-13 19:33:47.587,1789338827.587313,12
2026-09-13 19:33:47.595,1789338827.5950053,14
2026-09-13 19:33:47.602,1789338827.6026976,16
2026-09-13 19:33:47.610,1789338827.61039,14
2026-09-13 19:33:47.618,1789338827.6180823,12
2026-09-13 19:33:47.625,1789338827.6257746,19
2026-09-13 19:33:47.633,1789338827.6334667,33
2026-09-13 19:33:47.641,1789338827.641159,48
2026-09-13 19:33:47.648,1789338827.6488514,58
2026-09-13 19:33:47.656,1789338827.6565437,58
2026-09-13 19:33:47.664,1789338827.664236,50
2026-09-13 19:33:47.671,1789338827.6719284,53
2026-09-13 19:33:47.679,1789338827.6796207,48
2026-09-13 19:33:47.687,1789338827.687313,24
2026-09-13 19:33:47.695,1789338827.6950052,4
2026-09-13 19:33:47.702,1789338827.7026975,2
2026-09-13 19:33:47.710,1789338827.7103899,0
2026-09-13 19:33:47.718,1789338827.7180822,0
2026-09-13 19:33:47.725,1789338827.7257745,4
2026-09-13 19:33:47.733,1789338827.7334669,7
2026-09-13 19:33:47.741,1789338827.7411592,7
2026-09-13 19:33:47.748,1789338827.7488515,7
2026-09-13 19:33:47.756,1789338827.7565436,2
2026-09-13 19:33:47.764,1789338827.764236,12
2026-09-13 19:33:47.771,1789338827.7719283,111
2026-09-13 19:33:47.779,1789338827.7796206,363
2026-09-13 19:33:47.787,1789338827.787313,722
2026-09-13 19:33:47.795,1789338827.7950053,967
2026-09-13 19:33:47.802,1789338827.8026977,674
2026-09-13 19:33:47.810,1789338827.81039,-58
2026-09-13 19:33:47.818,1789338827.818082,-339
2026-09-13 19:33:47.825,1789338827.8257744,-84
2026-09-13 19:33:47.833,1789338827.8334668,-14
2026-09-13 19:33:47.841,1789338827.841159,-113
2026-09-13 19:33:47.848,1789338827.8488514,-72
2026-09-13 19:33:47.856,1789338827.8565438,-31
2026-09-13 19:33:47.864,1789338827.864236,-58
2026-09-13 19:33:47.871,1789338827.8719285,-50
2026-09-13 19:33:47.879,1789338827.8796208,-24
2026-09-13 19:33:47.887,1789338827.887313,-24
2026-09-13 19:33:47.895,1789338827.8950052,-21
2026-09-13 19:33:47.902,1789338827.9026976,-9
2026-09-13 19:33:47.909,1789338827.909828,-2
2026-09-13 19:33:47.917,1789338827.9175203,4
2026-09-13 19:33:47.925,1789338827.9252126,12
2026-09-13 19:33:47.932,1789338827.932905,21
2026-09-13 19:33:47.940,1789338827.9405973,26
2026-09-13 19:33:47.948,1789338827.9482894,33
2026-09-13 19:33:47.955,1789338827.9559817,48
2026-09-13 19:33:47.963,1789338827.963674,63
2026-09-13 19:33:47.971,1789338827.9713664,67
2026-09-13 19:33:47.979,1789338827.9790587,80
2026-09-13 19:33:47.986,1789338827.986751,99
2026-09-13 19:33:47.994,1789338827.9944434,116
2026-09-13 19:33:48.002,1789338828.0021358,133
2026-09-13 19:33:48.009,1789338828.0098279,155
2026-09-13 19:33:48.017,1789338828.0175202,177
2026-09-13 19:33:48.025,1789338828.0252125,191
2026-09-13 19:33:48.032,1789338828.0329049,198
2026-09-13 19:33:48.040,1789338828.0405972,203
2026-09-13 19:33:48.048,1789338828.0482895,198
2026-09-13 19:33:48.055,1789338828.0559819,184
2026-09-13 19:33:48.063,1789338828.0636742,155
2026-09-13 19:33:48.071,1789338828.0713663,106
2026-09-13 19:33:48.079,1789338828.0790586,55
2026-09-13 19:33:48.086,1789338828.086751,9
2026-09-13 19:33:48.094,1789338828.0944433,-29
2026-09-13 19:33:48.102,1789338828.1021357,-55
2026-09-13 19:33:48.109,1789338828.109828,-70
2026-09-13 19:33:48.117,1789338828.1175203,-82
2026-09-13 19:33:48.125,1789338828.1252127,-89
2026-09-13 19:33:48.132,1789338828.1329048,-89
2026-09-13 19:33:48.140,1789338828.140597,-82
2026-09-13 19:33:48.148,1789338828.1482894,-75
2026-09-13 19:33:48.155,1789338828.1559818,-67
2026-09-13 19:33:48.163,1789338828.163674,-58
2026-09-13 19:33:48.171,1789338828.1713665,-50
2026-09-13 19:33:48.179,1789338828.1790588,-48
2026-09-13 19:33:48.186,1789338828.1867511,-43
2026-09-13 19:33:48.194,1789338828.1944432,-33
2026-09-13 19:33:48.202,1789338828.2021356,-31
2026-09-13 19:33:48.209,1789338828.209828,-31
2026-09-13 19:33:48.217,1789338828.2175202,-29
2026-09-13 19:33:48.225,1789338828.2252126,-26
2026-09-13 19:33:48.232,1789338828.232905,-24
2026-09-13 19:33:48.240,1789338828.2405972,-19
2026-09-13 19:33:48.248,1789338828.2482896,-19
2026-09-13 19:33:48.255,1789338828.2559817,-21
2026-09-13 19:33:48.263,1789338828.263674,-19
2026-09-13 19:33:48.271,1789338828.2713664,-19
2026-09-13 19:33:48.279,1789338828.2790587,-19
2026-09-13 19:33:48.286,1789338828.286751,-16
2026-09-13 19:33:48.294,1789338828.2944434,-12
2026-09-13 19:33:48.302,1789338828.3021357,-12
2026-09-13 19:33:48.309,1789338828.309828,-12
2026-09-13 19:33:48.317,1789338828.3175201,-7
2026-09-13 19:33:48.325,1789338828.3252125,-4
2026-09-13 19:33:48.332,1789338828.3329048,-9
2026-09-13 19:33:48.340,1789338828.3405972,-7
2026-09-13 19:33:48.348,1789338828.3482895,-2
2026-09-13 19:33:48.355,1789338828.3559818,0
2026-09-13 19:33:48.363,1789338828.3636742,0
2026-09-13 19:33:48.371,1789338828.3713665,2
2026-09-13 19:33:48.379,1789338828.3790586,2
2026-09-13 19:33:48.386,1789338828.386751,2
2026-09-13 19:33:48.394,1789338828.3944433,4
2026-09-13 19:33:48.402,1789338828.4021356,4
2026-09-13 19:33:48.409,1789338828.409828,9
2026-09-13 19:33:48.417,1789338828.4175203,12
2026-09-13 19:33:48.425,1789338828.4252126,12
2026-09-13 19:33:48.432,1789338828.432905,9
2026-09-13 19:33:48.440,1789338828.4405973,14
2026-09-13 19:33:48.448,1789338828.4482894,14
2026-09-13 19:33:48.455,1789338828.4559817,12
2026-09-13 19:33:48.463,1789338828.463674,14
2026-09-13 19:33:48.470,1789338828.4708354,16
2026-09-13 19:33:48.478,1789338828.4785278,14
2026-09-13 19:33:48.486,1789338828.4862201,16
2026-09-13 19:33:48.493,1789338828.4939125,19
2026-09-13 19:33:48.501,1789338828.5016048,21
2026-09-13 19:33:48.509,1789338828.509297,21
2026-09-13 19:33:48.516,1789338828.5169892,19
2026-09-13 19:33:48.524,1789338828.5246816,21
2026-09-13 19:33:48.532,1789338828.532374,24
2026-09-13 19:33:48.540,1789338828.5400662,21
2026-09-13 19:33:48.547,1789338828.5477586,21
2026-09-13 19:33:48.555,1789338828.555451,24
2026-09-13 19:33:48.563,1789338828.5631433,21
2026-09-13 19:33:48.570,1789338828.5708354,16
2026-09-13 19:33:48.578,1789338828.5785277,21
2026-09-13 19:33:48.586,1789338828.58622,24
2026-09-13 19:33:48.593,1789338828.5939124,24
2026-09-13 19:33:48.601,1789338828.6016047,26
2026-09-13 19:33:48.609,1789338828.609297,24
2026-09-13 19:33:48.616,1789338828.6169894,16
2026-09-13 19:33:48.624,1789338828.6246817,16
2026-09-13 19:33:48.632,1789338828.6323738,19
2026-09-13 19:33:48.640,1789338828.6400661,24
2026-09-13 19:33:48.647,1789338828.6477585,33
2026-09-13 19:33:48.655,1789338828.6554508,48
2026-09-13 19:33:48.663,1789338828.6631432,60
2026-09-13 19:33:48.670,1789338828.6708355,67
2026-09-13 19:33:48.678,1789338828.6785278,60
2026-09-13 19:33:48.686,1789338828.6862202,43
2026-09-13 19:33:48.693,1789338828.6939123,41
2026-09-13 19:33:48.701,1789338828.7016046,31
2026-09-13 19:33:48.709,1789338828.709297,4
2026-09-13 19:33:48.716,1789338828.7169893,-4
2026-09-13 19:33:48.724,1789338828.7246816,0
2026-09-13 19:33:48.732,1789338828.732374,-4
2026-09-13 19:33:48.740,1789338828.7400663,-4
2026-09-13 19:33:48.747,1789338828.7477586,-2
2026-09-13 19:33:48.755,1789338828.7554507,-2
2026-09-13 19:33:48.763,1789338828.763143,-4
2026-09-13 19:33:48.770,1789338828.7708354,-7
2026-09-13 19:33:48.778,1789338828.7785277,14
2026-09-13 19:33:48.786,1789338828.78622,135
2026-09-13 19:33:48.793,1789338828.7939124,390
2026-09-13 19:33:48.801,1789338828.8016047,749
2026-09-13 19:33:48.809,1789338828.809297,996
2026-09-13 19:33:48.816,1789338828.8169892,642
2026-09-13 19:33:48.824,1789338828.8246815,-130
2026-09-13 19:33:48.832,1789338828.8323739,-354
2026-09-13 19:33:48.840,1789338828.8400662,-70
2026-09-13 19:33:48.847,1789338828.8477585,-36
2026-09-13 19:33:48.855,1789338828.8554509,-135
2026-09-13 19:33:48.863,1789338828.8631432,-77
2026-09-13 19:33:48.870,1789338828.8708355,-46
2026-09-13 19:33:48.878,1789338828.8785276,-82
2026-09-13 19:33:48.886,1789338828.88622,-67
2026-09-13 19:33:48.893,1789338828.8939123,-33
2026-09-13 19:33:48.901,1789338828.9016047,-36
2026-09-13 19:33:48.909,1789338828.909297,-36
2026-09-13 19:33:48.916,1789338828.9169893,-21
2026-09-13 19:33:48.924,1789338828.9246817,-12
2026-09-13 19:33:48.932,1789338828.932374,-7
2026-09-13 19:33:48.940,1789338828.940066,-2
2026-09-13 19:33:48.947,1789338828.9477584,7
2026-09-13 19:33:48.955,1789338828.9554508,19
2026-09-13 19:33:48.963,1789338828.963143,29
2026-09-13 19:33:48.970,1789338828.9708354,36
2026-09-13 19:33:48.978,1789338828.9785278,53
2026-09-13 19:33:48.986,1789338828.9862201,65
2026-09-13 19:33:48.993,1789338828.9939125,77
2026-09-13 19:33:49.001,1789338829.0016048,94
2026-09-13 19:33:49.009,1789338829.009297,113
2026-09-13 19:33:49.016,1789338829.0169892,130
2026-09-13 19:33:49.024,1789338829.0246816,152
2026-09-13 19:33:49.031,1789338829.0318122,174
2026-09-13 19:33:49.039,1789338829.0395045,194
2026-09-13 19:33:49.047,1789338829.0471969,210
2026-09-13 19:33:49.054,1789338829.0548892,213
2026-09-13 19:33:49.062,1789338829.0625815,203
2026-09-13 19:33:49.070,1789338829.0702736,191
2026-09-13 19:33:49.077,1789338829.077966,172
2026-09-13 19:33:49.085,1789338829.0856583,128
2026-09-13 19:33:49.093,1789338829.0933506,77
2026-09-13 19:33:49.101,1789338829.101043,33
2026-09-13 19:33:49.108,1789338829.1087353,-12
2026-09-13 19:33:49.116,1789338829.1164277,-50
2026-09-13 19:33:49.124,1789338829.12412,-67
2026-09-13 19:33:49.131,1789338829.131812,-77
2026-09-13 19:33:49.139,1789338829.1395044,-84
2026-09-13 19:33:49.147,1789338829.1471968,-80
2026-09-13 19:33:49.154,1789338829.154889,-72
2026-09-13 19:33:49.162,1789338829.1625814,-70
2026-09-13 19:33:49.170,1789338829.1702738,-65
2026-09-13 19:33:49.177,1789338829.177966,-50
2026-09-13 19:33:49.185,1789338829.1856585,-41
2026-09-13 19:33:49.193,1789338829.1933506,-38
2026-09-13 19:33:49.201,1789338829.201043,-33
2026-09-13 19:33:49.208,1789338829.2087352,-29
2026-09-13 19:33:49.216,1789338829.2164276,-26
2026-09-13 19:33:49.224,1789338829.22412,-26
2026-09-13 19:33:49.231,1789338829.2318122,-21
2026-09-13 19:33:49.239,1789338829.2395046,-16
2026-09-13 19:33:49.247,1789338829.247197,-19
2026-09-13 19:33:49.254,1789338829.254889,-19
2026-09-13 19:33:49.262,1789338829.2625813,-12
2026-09-13 19:33:49.270,1789338829.2702737,-14
2026-09-13 19:33:49.277,1789338829.277966,-19
2026-09-13 19:33:49.285,1789338829.2856584,-12
2026-09-13 19:33:49.293,1789338829.2933507,-7
2026-09-13 19:33:49.301,1789338829.301043,-9
2026-09-13 19:33:49.308,1789338829.3087354,-7
2026-09-13 19:33:49.316,1789338829.3164275,-4
2026-09-13 19:33:49.324,1789338829.3241198,-7
2026-09-13 19:33:49.331,1789338829.3318121,-9
2026-09-13 19:33:49.339,1789338829.3395045,-4
2026-09-13 19:33:49.347,1789338829.3471968,0
2026-09-13 19:33:49.354,1789338829.3548892,2
2026-09-13 19:33:49.362,1789338829.3625815,7
2026-09-13 19:33:49.370,1789338829.3702738,9
2026-09-13 19:33:49.377,1789338829.377966,7
2026-09-13 19:33:49.385,1789338829.3856583,9
2026-09-13 19:33:49.393,1789338829.3933506,14
2026-09-13 19:33:49.401,1789338829.401043,14
2026-09-13 19:33:49.408,1789338829.4087353,14
2026-09-13 19:33:49.416,1789338829.4164276,14
2026-09-13 19:33:49.424,1789338829.42412,14
2026-09-13 19:33:49.431,1789338829.4318123,16
2026-09-13 19:33:49.439,1789338829.4395044,19
2026-09-13 19:33:49.447,1789338829.4471967,19
2026-09-13 19:33:49.454,1789338829.454889,19
2026-09-13 19:33:49.462,1789338829.4625814,19
2026-09-13 19:33:49.470,1789338829.4702737,24
2026-09-13 19:33:49.477,1789338829.477966,26
2026-09-13 19:33:49.485,1789338829.4856584,26
2026-09-13 19:33:49.493,1789338829.4933507,29
2026-09-13 19:33:49.501,1789338829.5010428,21
2026-09-13 19:33:49.508,1789338829.5087352,19
2026-09-13 19:33:49.516,1789338829.5164275,29
2026-09-13 19:33:49.524,1789338829.5241199,31
2026-09-13 19:33:49.531,1789338829.5318122,29
2026-09-13 19:33:49.539,1789338829.5395045,29
2026-09-13 19:33:49.547,1789338829.5471969,29
2026-09-13 19:33:49.554,1789338829.5548892,29
2026-09-13 19:33:49.562,1789338829.5625815,29
2026-09-13 19:33:49.570,1789338829.5702736,31
2026-09-13 19:33:49.577,1789338829.577966,36
2026-09-13 19:33:49.585,1789338829.5856583,31
2026-09-13 19:33:49.592,1789338829.592789,29
2026-09-13 19:33:49.600,1789338829.6004813,33
2026-09-13 19:33:49.608,1789338829.6081736,36
2026-09-13 19:33:49.615,1789338829.615866,31
2026-09-13 19:33:49.623,1789338829.6235583,31
2026-09-13 19:33:49.631,1789338829.6312504,33
2026-09-13 19:33:49.638,1789338829.6389427,31
2026-09-13 19:33:49.646,1789338829.646635,26
2026-09-13 19:33:49.654,1789338829.6543274,31
2026-09-13 19:33:49.662,1789338829.6620197,50
2026-09-13 19:33:49.669,1789338829.669712,67
2026-09-13 19:33:49.677,1789338829.6774044,84
2026-09-13 19:33:49.685,1789338829.6850967,94
2026-09-13 19:33:49.692,1789338829.6927888,87
2026-09-13 19:33:49.700,1789338829.7004812,75
2026-09-13 19:33:49.708,1789338829.7081735,70
2026-09-13 19:33:49.715,1789338829.7158659,55
2026-09-13 19:33:49.723,1789338829.7235582,31
2026-09-13 19:33:49.731,1789338829.7312505,19
2026-09-13 19:33:49.738,1789338829.7389429,21
2026-09-13 19:33:49.746,1789338829.7466352,21
2026-09-13 19:33:49.754,1789338829.7543273,19
2026-09-13 19:33:49.762,1789338829.7620196,26
2026-09-13 19:33:49.769,1789338829.769712,26
2026-09-13 19:33:49.777,1789338829.7774043,21
2026-09-13 19:33:49.785,1789338829.7850966,16
2026-09-13 19:33:49.792,1789338829.792789,26
2026-09-13 19:33:49.800,1789338829.8004813,106
2026-09-13 19:33:49.808,1789338829.8081737,322
2026-09-13 19:33:49.815,1789338829.8158658,657
2026-09-13 19:33:49.823,1789338829.823558,987
2026-09-13 19:33:49.831,1789338829.8312504,853
2026-09-13 19:33:49.838,1789338829.8389428,101
2026-09-13 19:33:49.846,1789338829.846635,-349
2026-09-13 19:33:49.854,1789338829.8543274,-121
2026-09-13 19:33:49.862,1789338829.8620198,21
2026-09-13 19:33:49.869,1789338829.869712,-87
2026-09-13 19:33:49.877,1789338829.8774042,-75
2026-09-13 19:33:49.885,1789338829.8850965,-21
2026-09-13 19:33:49.892,1789338829.892789,-48
2026-09-13 19:33:49.900,1789338829.9004812,-43
2026-09-13 19:33:49.908,1789338829.9081736,-9
2026-09-13 19:33:49.915,1789338829.915866,-7
2026-09-13 19:33:49.923,1789338829.9235582,-4
2026-09-13 19:33:49.931,1789338829.9312506,19
2026-09-13 19:33:49.938,1789338829.9389427,21
2026-09-13 19:33:49.946,1789338829.946635,12
2026-09-13 19:33:49.954,1789338829.9543273,19
2026-09-13 19:33:49.962,1789338829.9620197,36
2026-09-13 19:33:49.969,1789338829.969712,46
2026-09-13 19:33:49.977,1789338829.9774044,55
2026-09-13 19:33:49.985,1789338829.9850967,70
2026-09-13 19:33:49.992,1789338829.992789,80
2026-09-13 19:33:50.000,1789338830.0004811,84
2026-09-13 19:33:50.008,1789338830.0081735,97
2026-09-13 19:33:50.015,1789338830.0158658,116
2026-09-13 19:33:50.023,1789338830.0235581,143
2026-09-13 19:33:50.031,1789338830.0312505,164
2026-09-13 19:33:50.038,1789338830.0389428,191
2026-09-13 19:33:50.046,1789338830.0466352,215
2026-09-13 19:33:50.054,1789338830.0543275,235
2026-09-13 19:33:50.062,1789338830.0620196,249
2026-09-13 19:33:50.069,1789338830.069712,261
2026-09-13 19:33:50.077,1789338830.0774043,261
2026-09-13 19:33:50.085,1789338830.0850966,244
2026-09-13 19:33:50.092,1789338830.092789,220
2026-09-13 19:33:50.100,1789338830.1004813,179
2026-09-13 19:33:50.108,1789338830.1081736,123
2026-09-13 19:33:50.115,1789338830.115866,67
2026-09-13 19:33:50.123,1789338830.1235583,19
2026-09-13 19:33:50.131,1789338830.1312504,-19
2026-09-13 19:33:50.138,1789338830.1389427,-38
2026-09-13 19:33:50.146,1789338830.146635,-50
2026-09-13 19:33:50.153,1789338830.1537962,-60
2026-09-13 19:33:50.161,1789338830.1614885,-63
2026-09-13 19:33:50.169,1789338830.1691809,-63
2026-09-13 19:33:50.176,1789338830.1768732,-55
2026-09-13 19:33:50.184,1789338830.1845655,-48
2026-09-13 19:33:50.192,1789338830.1922576,-48
2026-09-13 19:33:50.199,1789338830.19995,-36
2026-09-13 19:33:50.207,1789338830.2076423,-21
2026-09-13 19:33:50.215,1789338830.2153347,-26
2026-09-13 19:33:50.223,1789338830.223027,-33
2026-09-13 19:33:50.230,1789338830.2307193,-26
2026-09-13 19:33:50.238,1789338830.2384117,-16
2026-09-13 19:33:50.246,1789338830.246104,-9
2026-09-13 19:33:50.253,1789338830.253796,-2
2026-09-13 19:33:50.261,1789338830.2614884,-4
2026-09-13 19:33:50.269,1789338830.2691808,-14
2026-09-13 19:33:50.276,1789338830.276873,-16
2026-09-13 19:33:50.284,1789338830.2845654,-7
2026-09-13 19:33:50.292,1789338830.2922578,-2
2026-09-13 19:33:50.299,1789338830.2999501,-4
2026-09-13 19:33:50.307,1789338830.3076425,0
2026-09-13 19:33:50.315,1789338830.3153346,2
2026-09-13 19:33:50.323,1789338830.323027,0
2026-09-13 19:33:50.330,1789338830.3307192,0
2026-09-13 19:33:50.338,1789338830.3384116,0
2026-09-13 19:33:50.346,1789338830.346104,2
2026-09-13 19:33:50.353,1789338830.3537962,4
2026-09-13 19:33:50.361,1789338830.3614886,7
2026-09-13 19:33:50.369,1789338830.369181,4
2026-09-13 19:33:50.376,1789338830.376873,4
2026-09-13 19:33:50.384,1789338830.3845654,12
2026-09-13 19:33:50.392,1789338830.3922577,19
2026-09-13 19:33:50.399,1789338830.39995,14
2026-09-13 19:33:50.407,1789338830.4076424,12
2026-09-13 19:33:50.415,1789338830.4153347,19
2026-09-13 19:33:50.423,1789338830.423027,26
2026-09-13 19:33:50.430,1789338830.4307194,24
2026-09-13 19:33:50.438,1789338830.4384115,21
2026-09-13 19:33:50.446,1789338830.4461038,24
2026-09-13 19:33:50.453,1789338830.4537961,29
2026-09-13 19:33:50.461,1789338830.4614885,24
2026-09-13 19:33:50.469,1789338830.4691808,19
2026-09-13 19:33:50.476,1789338830.4768732,26
2026-09-13 19:33:50.484,1789338830.4845655,33
2026-09-13 19:33:50.492,1789338830.4922578,33
2026-09-13 19:33:50.499,1789338830.49995,33
2026-09-13 19:33:50.507,1789338830.5076423,31
2026-09-13 19:33:50.515,1789338830.5153346,24
2026-09-13 19:33:50.523,1789338830.523027,31
2026-09-13 19:33:50.530,1789338830.5307193,46
2026-09-13 19:33:50.538,1789338830.5384116,41
2026-09-13 19:33:50.546,1789338830.546104,29
2026-09-13 19:33:50.553,1789338830.5537963,33
2026-09-13 19:33:50.561,1789338830.5614884,46
2026-09-13 19:33:50.569,1789338830.5691807,58
2026-09-13 19:33:50.576,1789338830.576873,82
2026-09-13 19:33:50.584,1789338830.5845654,106
2026-09-13 19:33:50.592,1789338830.5922577,101
2026-09-13 19:33:50.599,1789338830.59995,82
2026-09-13 19:33:50.607,1789338830.6076424,70
2026-09-13 19:33:50.615,1789338830.6153347,63
2026-09-13 19:33:50.623,1789338830.6230268,38
2026-09-13 19:33:50.630,1789338830.6307192,14
2026-09-13 19:33:50.638,1789338830.6384115,19
2026-09-13 19:33:50.646,1789338830.6461039,36
2026-09-13 19:33:50.653,1789338830.6537962,41
2026-09-13 19:33:50.661,1789338830.6614885,38
2026-09-13 19:33:50.669,1789338830.6691809,36
2026-09-13 19:33:50.676,1789338830.6768732,36
2026-09-13 19:33:50.684,1789338830.6845655,31
2026-09-13 19:33:50.692,1789338830.6922576,41
2026-09-13 19:33:50.699,1789338830.69995,116
2026-09-13 19:33:50.707,1789338830.7076423,329
2026-09-13 19:33:50.714,1789338830.7148037,681
2026-09-13 19:33:50.722,1789338830.722496,1040
2026-09-13 19:33:50.730,1789338830.7301884,923
2026-09-13 19:33:50.737,1789338830.7378807,138
2026-09-13 19:33:50.745,1789338830.745573,-404
2026-09-13 19:33:50.753,1789338830.7532651,-172
2026-09-13 19:33:50.760,1789338830.7609575,38
2026-09-13 19:33:50.768,1789338830.7686498,-65
2026-09-13 19:33:50.776,1789338830.7763422,-53
2026-09-13 19:33:50.784,1789338830.7840345,19
2026-09-13 19:33:50.791,1789338830.7917268,-16
2026-09-13 19:33:50.799,1789338830.7994192,-29
2026-09-13 19:33:50.807,1789338830.8071115,14
2026-09-13 19:33:50.814,1789338830.8148036,26
2026-09-13 19:33:50.822,1789338830.822496,31
2026-09-13 19:33:50.830,1789338830.8301883,50
2026-09-13 19:33:50.837,1789338830.8378806,58
2026-09-13 19:33:50.845,1789338830.845573,60
2026-09-13 19:33:50.853,1789338830.8532653,65
2026-09-13 19:33:50.860,1789338830.8609576,67
2026-09-13 19:33:50.868,1789338830.86865,84
2026-09-13 19:33:50.876,1789338830.876342,101
2026-09-13 19:33:50.884,1789338830.8840344,113
2026-09-13 19:33:50.891,1789338830.8917267,123
2026-09-13 19:33:50.899,1789338830.899419,135
2026-09-13 19:33:50.907,1789338830.9071114,160
2026-09-13 19:33:50.914,1789338830.9148037,181
2026-09-13 19:33:50.922,1789338830.922496,198
2026-09-13 19:33:50.930,1789338830.9301884,225
2026-09-13 19:33:50.937,1789338830.9378805,259
2026-09-13 19:33:50.945,1789338830.9455729,295
2026-09-13 19:33:50.953,1789338830.9532652,324
2026-09-13 19:33:50.960,1789338830.9609575,339
2026-09-13 19:33:50.968,1789338830.9686499,346
2026-09-13 19:33:50.976,1789338830.9763422,346
2026-09-13 19:33:50.984,1789338830.9840345,315
2026-09-13 19:33:50.991,1789338830.9917269,274
2026-09-13 19:33:50.999,1789338830.999419,220
2026-09-13 19:33:51.007,1789338831.0071113,145
2026-09-13 19:33:51.014,1789338831.0148036,70
2026-09-13 19:33:51.022,1789338831.022496,9
2026-09-13 19:33:51.030,1789338831.0301883,-33
2026-09-13 19:33:51.037,1789338831.0378807,-58
2026-09-13 19:33:51.045,1789338831.045573,-70
2026-09-13 19:33:51.053,1789338831.0532653,-75
2026-09-13 19:33:51.060,1789338831.0609574,-75
2026-09-13 19:33:51.068,1789338831.0686498,-77
2026-09-13 19:33:51.076,1789338831.076342,-72
2026-09-13 19:33:51.084,1789338831.0840344,-63
2026-09-13 19:33:51.091,1789338831.0917268,-53
2026-09-13 19:33:51.099,1789338831.099419,-46
2026-09-13 19:33:51.107,1789338831.1071115,-33
2026-09-13 19:33:51.114,1789338831.1148038,-31
2026-09-13 19:33:51.122,1789338831.122496,-31
2026-09-13 19:33:51.130,1789338831.1301882,-19
2026-09-13 19:33:51.137,1789338831.1378806,-4
2026-09-13 19:33:51.145,1789338831.145573,0
2026-09-13 19:33:51.153,1789338831.1532652,-2
2026-09-13 19:33:51.160,1789338831.1609576,0
2026-09-13 19:33:51.168,1789338831.16865,7
2026-09-13 19:33:51.176,1789338831.1763422,9
2026-09-13 19:33:51.184,1789338831.1840343,0
2026-09-13 19:33:51.191,1789338831.1917267,-14
2026-09-13 19:33:51.199,1789338831.199419,-12
2026-09-13 19:33:51.207,1789338831.2071114,9
2026-09-13 19:33:51.214,1789338831.2148037,16
2026-09-13 19:33:51.222,1789338831.222496,12
2026-09-13 19:33:51.230,1789338831.2301884,14
2026-09-13 19:33:51.237,1789338831.2378807,12
2026-09-13 19:33:51.245,1789338831.245573,0
2026-09-13 19:33:51.253,1789338831.2532651,4
2026-09-13 19:33:51.260,1789338831.2609575,24
2026-09-13 19:33:51.268,1789338831.2686498,19
2026-09-13 19:33:51.275,1789338831.2757804,12
2026-09-13 19:33:51.283,1789338831.2834728,31
2026-09-13 19:33:51.291,1789338831.291165,38
2026-09-13 19:33:51.298,1789338831.2988575,16
2026-09-13 19:33:51.306,1789338831.3065498,12
2026-09-13 19:33:51.314,1789338831.314242,31
2026-09-13 19:33:51.321,1789338831.3219342,41
2026-09-13 19:33:51.329,1789338831.3296266,38
2026-09-13 19:33:51.337,1789338831.337319,33
2026-09-13 19:33:51.345,1789338831.3450112,36
2026-09-13 19:33:51.352,1789338831.3527036,48
2026-09-13 19:33:51.360,1789338831.360396,55
2026-09-13 19:33:51.368,1789338831.3680882,63
2026-09-13 19:33:51.375,1789338831.3757803,82
2026-09-13 19:33:51.383,1789338831.3834727,97
2026-09-13 19:33:51.391,1789338831.391165,94
2026-09-13 19:33:51.398,1789338831.3988574,82
2026-09-13 19:33:51.406,1789338831.4065497,67
2026-09-13 19:33:51.414,1789338831.414242,53
2026-09-13 19:33:51.421,1789338831.4219344,43
2026-09-13 19:33:51.429,1789338831.4296267,33
2026-09-13 19:33:51.437,1789338831.4373188,29
2026-09-13 19:33:51.445,1789338831.4450111,31
2026-09-13 19:33:51.452,1789338831.4527035,33
2026-09-13 19:33:51.460,1789338831.4603958,36
2026-09-13 19:33:51.468,1789338831.4680882,38
2026-09-13 19:33:51.475,1789338831.4757805,41
2026-09-13 19:33:51.483,1789338831.4834728,43
2026-09-13 19:33:51.491,1789338831.4911652,55
2026-09-13 19:33:51.498,1789338831.4988573,147
2026-09-13 19:33:51.506,1789338831.5065496,414
2026-09-13 19:33:51.514,1789338831.514242,800
2026-09-13 19:33:51.521,1789338831.5219343,1047
2026-09-13 19:33:51.529,1789338831.5296266,715
2026-09-13 19:33:51.537,1789338831.537319,-84
2026-09-13 19:33:51.545,1789338831.5450113,-390
2026-09-13 19:33:51.552,1789338831.5527036,-77
2026-09-13 19:33:51.560,1789338831.5603957,31
2026-09-13 19:33:51.568,1789338831.568088,-77
2026-09-13 19:33:51.575,1789338831.5757804,-29
2026-09-13 19:33:51.583,1789338831.5834727,24
2026-09-13 19:33:51.591,1789338831.591165,-21
2026-09-13 19:33:51.598,1789338831.5988574,-16
2026-09-13 19:33:51.606,1789338831.6065497,29
2026-09-13 19:33:51.614,1789338831.614242,43
2026-09-13 19:33:51.621,1789338831.6219342,38
2026-09-13 19:33:51.629,1789338831.6296265,31
2026-09-13 19:33:51.637,1789338831.6373188,38
2026-09-13 19:33:51.645,1789338831.6450112,75
2026-09-13 19:33:51.652,1789338831.6527035,92
2026-09-13 19:33:51.660,1789338831.6603959,72
2026-09-13 19:33:51.668,1789338831.6680882,75
2026-09-13 19:33:51.675,1789338831.6757805,106
2026-09-13 19:33:51.683,1789338831.6834726,106
2026-09-13 19:33:51.691,1789338831.691165,101
2026-09-13 19:33:51.698,1789338831.6988573,130
2026-09-13 19:33:51.706,1789338831.7065496,162
2026-09-13 19:33:51.714,1789338831.714242,174
2026-09-13 19:33:51.721,1789338831.7219343,194
2026-09-13 19:33:51.729,1789338831.7296267,230
2026-09-13 19:33:51.737,1789338831.737319,271
2026-09-13 19:33:51.745,1789338831.745011,305
2026-09-13 19:33:51.752,1789338831.7527034,324
2026-09-13 19:33:51.760,1789338831.7603958,337
2026-09-13 19:33:51.768,1789338831.768088,339
2026-09-13 19:33:51.775,1789338831.7757804,322
2026-09-13 19:33:51.783,1789338831.7834728,295
2026-09-13 19:33:51.791,1789338831.791165,252
2026-09-13 19:33:51.798,1789338831.7988575,181
2026-09-13 19:33:51.806,1789338831.8065498,101
2026-09-13 19:33:51.814,1789338831.814242,41
2026-09-13 19:33:51.821,1789338831.8219342,-2
2026-09-13 19:33:51.829,1789338831.8296266,-36
2026-09-13 19:33:51.836,1789338831.8367572,-70
2026-09-13 19:33:51.844,1789338831.8444495,-87
2026-09-13 19:33:51.852,1789338831.8521419,-75
2026-09-13 19:33:51.859,1789338831.8598342,-63
2026-09-13 19:33:51.867,1789338831.8675265,-67
2026-09-13 19:33:51.875,1789338831.8752186,-70
2026-09-13 19:33:51.882,1789338831.882911,-58
2026-09-13 19:33:51.890,1789338831.8906033,-43
2026-09-13 19:33:51.898,1789338831.8982956,-50
2026-09-13 19:33:51.905,1789338831.905988,-50
2026-09-13 19:33:51.913,1789338831.9136803,-33
2026-09-13 19:33:51.921,1789338831.9213727,-16
2026-09-13 19:33:51.929,1789338831.929065,-7
2026-09-13 19:33:51.936,1789338831.936757,-4
2026-09-13 19:33:51.944,1789338831.9444494,-4
2026-09-13 19:33:51.952,1789338831.9521418,-4
2026-09-13 19:33:51.959,1789338831.959834,0
2026-09-13 19:33:51.967,1789338831.9675264,4
2026-09-13 19:33:51.975,1789338831.9752188,4
2026-09-13 19:33:51.982,1789338831.982911,2
2026-09-13 19:33:51.990,1789338831.9906034,4
2026-09-13 19:33:51.998,1789338831.9982955,9
2026-09-13 19:33:52.005,1789338832.005988,7
2026-09-13 19:33:52.013,1789338832.0136802,9
2026-09-13 19:33:52.021,1789338832.0213726,14
2026-09-13 19:33:52.029,1789338832.029065,12
2026-09-13 19:33:52.036,1789338832.0367572,12
2026-09-13 19:33:52.044,1789338832.0444496,14
2026-09-13 19:33:52.052,1789338832.052142,9
2026-09-13 19:33:52.059,1789338832.059834,7
2026-09-13 19:33:52.067,1789338832.0675263,21
2026-09-13 19:33:52.075,1789338832.0752187,31
2026-09-13 19:33:52.082,1789338832.082911,26
2026-09-13 19:33:52.090,1789338832.0906034,29
2026-09-13 19:33:52.098,1789338832.0982957,33
2026-09-13 19:33:52.105,1789338832.105988,31
2026-09-13 19:33:52.113,1789338832.1136804,36
2026-09-13 19:33:52.121,1789338832.1213725,63
2026-09-13 19:33:52.129,1789338832.1290648,82
2026-09-13 19:33:52.136,1789338832.1367571,75
2026-09-13 19:33:52.144,1789338832.1444495,65
2026-09-13 19:33:52.152,1789338832.1521418,60
2026-09-13 19:33:52.159,1789338832.1598341,43
2026-09-13 19:33:52.167,1789338832.1675265,31
2026-09-13 19:33:52.175,1789338832.1752188,29
2026-09-13 19:33:52.182,1789338832.182911,26
2026-09-13 19:33:52.190,1789338832.1906033,19
2026-09-13 19:33:52.198,1789338832.1982956,16
2026-09-13 19:33:52.205,1789338832.205988,26
2026-09-13 19:33:52.213,1789338832.2136803,38
2026-09-13 19:33:52.221,1789338832.2213726,38
2026-09-13 19:33:52.229,1789338832.229065,26
2026-09-13 19:33:52.236,1789338832.2367573,33
2026-09-13 19:33:52.244,1789338832.2444494,152
2026-09-13 19:33:52.252,1789338832.2521417,448
2026-09-13 19:33:52.259,1789338832.259834,839
2026-09-13 19:33:52.267,1789338832.2675264,1042
2026-09-13 19:33:52.275,1789338832.2752187,666
2026-09-13 19:33:52.282,1789338832.282911,-97
2026-09-13 19:33:52.290,1789338832.2906034,-337
2026-09-13 19:33:52.298,1789338832.2982957,-46
2026-09-13 19:33:52.305,1789338832.3059878,9
2026-09-13 19:33:52.313,1789338832.3136802,-94
2026-09-13 19:33:52.321,1789338832.3213725,-31
2026-09-13 19:33:52.329,1789338832.3290648,9
2026-09-13 19:33:52.336,1789338832.3367572,-31
2026-09-13 19:33:52.344,1789338832.3444495,-16
2026-09-13 19:33:52.352,1789338832.3521419,16
2026-09-13 19:33:52.359,1789338832.3598342,12
2026-09-13 19:33:52.367,1789338832.3675265,14
2026-09-13 19:33:52.375,1789338832.3752186,33
2026-09-13 19:33:52.382,1789338832.382911,38
2026-09-13 19:33:52.390,1789338832.3906033,36
2026-09-13 19:33:52.397,1789338832.3977644,46
2026-09-13 19:33:52.405,1789338832.4054568,63
2026-09-13 19:33:52.413,1789338832.413149,67
2026-09-13 19:33:52.420,1789338832.4208415,70
2026-09-13 19:33:52.428,1789338832.4285338,82
2026-09-13 19:33:52.436,1789338832.436226,99
2026-09-13 19:33:52.443,1789338832.4439182,109
2026-09-13 19:33:52.451,1789338832.4516106,128
2026-09-13 19:33:52.459,1789338832.459303,152
2026-09-13 19:33:52.466,1789338832.4669952,179
2026-09-13 19:33:52.474,1789338832.4746876,203
2026-09-13 19:33:52.482,1789338832.48238,225
2026-09-13 19:33:52.490,1789338832.4900723,259
2026-09-13 19:33:52.497,1789338832.4977643,286
2026-09-13 19:33:52.505,1789338832.5054567,291
2026-09-13 19:33:52.513,1789338832.513149,291
2026-09-13 19:33:52.520,1789338832.5208414,281
2026-09-13 19:33:52.528,1789338832.5285337,247
2026-09-13 19:33:52.536,1789338832.536226,186
2026-09-13 19:33:52.543,1789338832.5439184,121
2026-09-13 19:33:52.551,1789338832.5516107,58
2026-09-13 19:33:52.559,1789338832.5593028,2
2026-09-13 19:33:52.566,1789338832.5669951,-41
2026-09-13 19:33:52.574,1789338832.5746875,-67
2026-09-13 19:33:52.582,1789338832.5823798,-82
2026-09-13 19:33:52.590,1789338832.5900722,-89
2026-09-13 19:33:52.597,1789338832.5977645,-92
2026-09-13 19:33:52.605,1789338832.6054568,-92
2026-09-13 19:33:52.613,1789338832.6131492,-89
2026-09-13 19:33:52.620,1789338832.6208413,-84
2026-09-13 19:33:52.628,1789338832.6285336,-77
2026-09-13 19:33:52.636,1789338832.636226,-70
2026-09-13 19:33:52.643,1789338832.6439183,-63
2026-09-13 19:33:52.651,1789338832.6516106,-53
2026-09-13 19:33:52.659,1789338832.659303,-53
2026-09-13 19:33:52.666,1789338832.6669953,-48
2026-09-13 19:33:52.674,1789338832.6746876,-33
2026-09-13 19:33:52.682,1789338832.6823797,-24
2026-09-13 19:33:52.690,1789338832.690072,-26
2026-09-13 19:33:52.697,1789338832.6977644,-29
2026-09-13 19:33:52.705,1789338832.7054567,-19
2026-09-13 19:33:52.713,1789338832.713149,-14
2026-09-13 19:33:52.720,1789338832.7208414,-14
2026-09-13 19:33:52.728,1789338832.7285337,-14
2026-09-13 19:33:52.736,1789338832.736226,-12
2026-09-13 19:33:52.743,1789338832.7439182,-12
2026-09-13 19:33:52.751,1789338832.7516105,-14
2026-09-13 19:33:52.759,1789338832.7593029,-16
2026-09-13 19:33:52.766,1789338832.7669952,-12
2026-09-13 19:33:52.774,1789338832.7746875,-12
2026-09-13 19:33:52.782,1789338832.7823799,-16
2026-09-13 19:33:52.790,1789338832.7900722,-14
2026-09-13 19:33:52.797,1789338832.7977645,-9
2026-09-13 19:33:52.805,1789338832.8054566,-9
2026-09-13 19:33:52.813,1789338832.813149,-12
2026-09-13 19:33:52.820,1789338832.8208413,-9
2026-09-13 19:33:52.828,1789338832.8285336,-4
2026-09-13 19:33:52.836,1789338832.836226,-4
2026-09-13 19:33:52.843,1789338832.8439183,-7
2026-09-13 19:33:52.851,1789338832.8516107,0
2026-09-13 19:33:52.859,1789338832.859303,12
2026-09-13 19:33:52.866,1789338832.866995,14
2026-09-13 19:33:52.874,1789338832.8746874,21
2026-09-13 19:33:52.882,1789338832.8823798,36
2026-09-13 19:33:52.890,1789338832.890072,43
2026-09-13 19:33:52.897,1789338832.8977644,38
2026-09-13 19:33:52.905,1789338832.9054568,33
2026-09-13 19:33:52.913,1789338832.913149,26
2026-09-13 19:33:52.920,1789338832.9208415,7
2026-09-13 19:33:52.928,1789338832.9285338,-9
2026-09-13 19:33:52.936,1789338832.936226,-12
2026-09-13 19:33:52.943,1789338832.9439182,-9
2026-09-13 19:33:52.951,1789338832.9516106,-7
2026-09-13 19:33:52.958,1789338832.9587412,-7
2026-09-13 19:33:52.966,1789338832.9664335,-9
2026-09-13 19:33:52.974,1789338832.9741259,-4
2026-09-13 19:33:52.981,1789338832.9818182,4
2026-09-13 19:33:52.989,1789338832.9895105,0
2026-09-13 19:33:52.997,1789338832.9972026,21
2026-09-13 19:33:53.004,1789338833.004895,174
2026-09-13 19:33:53.012,1789338833.0125873,482
2026-09-13 19:33:53.020,1789338833.0202796,831
2026-09-13 19:33:53.027,1789338833.027972,919
2026-09-13 19:33:53.035,1789338833.0356643,417
2026-09-13 19:33:53.043,1789338833.0433567,-237
2026-09-13 19:33:53.051,1789338833.051049,-276
2026-09-13 19:33:53.058,1789338833.058741,-24
2026-09-13 19:33:53.066,1789338833.0664334,-50
2026-09-13 19:33:53.074,1789338833.0741258,-116
2026-09-13 19:33:53.081,1789338833.081818,-48
2026-09-13 19:33:53.089,1789338833.0895104,-36
2026-09-13 19:33:53.097,1789338833.0972028,-63
2026-09-13 19:33:53.104,1789338833.104895,-41
2026-09-13 19:33:53.112,1789338833.1125875,-21
2026-09-13 19:33:53.120,1789338833.1202796,-26
2026-09-13 19:33:53.127,1789338833.127972,-16
2026-09-13 19:33:53.135,1789338833.1356642,-7
2026-09-13 19:33:53.143,1789338833.1433566,-4
2026-09-13 19:33:53.151,1789338833.151049,4
2026-09-13 19:33:53.158,1789338833.1587412,9
2026-09-13 19:33:53.166,1789338833.1664336,9
2026-09-13 19:33:53.174,1789338833.174126,21
2026-09-13 19:33:53.181,1789338833.181818,36
2026-09-13 19:33:53.189,1789338833.1895103,41
2026-09-13 19:33:53.197,1789338833.1972027,53
2026-09-13 19:33:53.204,1789338833.204895,67
2026-09-13 19:33:53.212,1789338833.2125874,80
2026-09-13 19:33:53.220,1789338833.2202797,101
2026-09-13 19:33:53.227,1789338833.227972,121
2026-09-13 19:33:53.235,1789338833.2356644,143
2026-09-13 19:33:53.243,1789338833.2433565,167
2026-09-13 19:33:53.251,1789338833.2510488,186
2026-09-13 19:33:53.258,1789338833.2587411,198
2026-09-13 19:33:53.266,1789338833.2664335,208
2026-09-13 19:33:53.274,1789338833.2741258,208
2026-09-13 19:33:53.281,1789338833.2818182,191
2026-09-13 19:33:53.289,1789338833.2895105,164
2026-09-13 19:33:53.297,1789338833.2972028,118
2026-09-13 19:33:53.304,1789338833.304895,65
2026-09-13 19:33:53.312,1789338833.3125873,12
2026-09-13 19:33:53.320,1789338833.3202796,-29
2026-09-13 19:33:53.327,1789338833.327972,-58
2026-09-13 19:33:53.335,1789338833.3356643,-77
2026-09-13 19:33:53.343,1789338833.3433566,-92
2026-09-13 19:33:53.351,1789338833.351049,-97
2026-09-13 19:33:53.358,1789338833.3587413,-97
2026-09-13 19:33:53.366,1789338833.3664334,-99
2026-09-13 19:33:53.374,1789338833.3741257,-94
2026-09-13 19:33:53.381,1789338833.381818,-84
2026-09-13 19:33:53.389,1789338833.3895104,-72
2026-09-13 19:33:53.397,1789338833.3972027,-67
2026-09-13 19:33:53.404,1789338833.404895,-63
2026-09-13 19:33:53.412,1789338833.4125874,-60
2026-09-13 19:33:53.420,1789338833.4202797,-53
2026-09-13 19:33:53.427,1789338833.4279718,-48
2026-09-13 19:33:53.435,1789338833.4356642,-46
2026-09-13 19:33:53.443,1789338833.4433565,-38
2026-09-13 19:33:53.451,1789338833.4510489,-36
2026-09-13 19:33:53.458,1789338833.4587412,-41
2026-09-13 19:33:53.466,1789338833.4664335,-38
2026-09-13 19:33:53.474,1789338833.4741259,-31
2026-09-13 19:33:53.481,1789338833.4818182,-31
2026-09-13 19:33:53.489,1789338833.4895105,-33
2026-09-13 19:33:53.497,1789338833.4972026,-33
2026-09-13 19:33:53.504,1789338833.504895,-29
2026-09-13 19:33:53.512,1789338833.5125873,-33
2026-09-13 19:33:53.519,1789338833.5197484,-36
2026-09-13 19:33:53.527,1789338833.5274408,-31
2026-09-13 19:33:53.535,1789338833.5351331,-26
2026-09-13 19:33:53.542,1789338833.5428255,-26
2026-09-13 19:33:53.550,1789338833.5505178,-24
2026-09-13 19:33:53.558,1789338833.55821,-19
2026-09-13 19:33:53.565,1789338833.5659022,-19
2026-09-13 19:33:53.573,1789338833.5735946,-19
2026-09-13 19:33:53.581,1789338833.581287,-19
2026-09-13 19:33:53.588,1789338833.5889792,-16
2026-09-13 19:33:53.596,1789338833.5966716,-12
2026-09-13 19:33:53.604,1789338833.604364,-7
2026-09-13 19:33:53.612,1789338833.6120563,-4
2026-09-13 19:33:53.619,1789338833.6197484,-4
2026-09-13 19:33:53.627,1789338833.6274407,-9
2026-09-13 19:33:53.635,1789338833.635133,-9
2026-09-13 19:33:53.642,1789338833.6428254,-7
2026-09-13 19:33:53.650,1789338833.6505177,-4
2026-09-13 19:33:53.658,1789338833.65821,-4
2026-09-13 19:33:53.665,1789338833.6659024,0
2026-09-13 19:33:53.673,1789338833.6735947,2
2026-09-13 19:33:53.681,1789338833.6812868,0
2026-09-13 19:33:53.688,1789338833.6889791,0
2026-09-13 19:33:53.696,1789338833.6966715,4
2026-09-13 19:33:53.704,1789338833.7043638,0
2026-09-13 19:33:53.712,1789338833.7120562,-4
2026-09-13 19:33:53.719,1789338833.7197485,7
2026-09-13 19:33:53.727,1789338833.7274408,24
2026-09-13 19:33:53.735,1789338833.7351332,33
2026-09-13 19:33:53.742,1789338833.7428253,50
2026-09-13 19:33:53.750,1789338833.7505176,53
2026-09-13 19:33:53.758,1789338833.75821,36
2026-09-13 19:33:53.765,1789338833.7659023,36
2026-09-13 19:33:53.773,1789338833.7735946,41
2026-09-13 19:33:53.781,1789338833.781287,14
2026-09-13 19:33:53.788,1789338833.7889793,-9
2026-09-13 19:33:53.796,1789338833.7966716,-7
2026-09-13 19:33:53.804,1789338833.8043637,-4
2026-09-13 19:33:53.812,1789338833.812056,-7
2026-09-13 19:33:53.819,1789338833.8197484,-2
2026-09-13 19:33:53.827,1789338833.8274407,0
2026-09-13 19:33:53.835,1789338833.835133,-2
2026-09-13 19:33:53.842,1789338833.8428254,-2
2026-09-13 19:33:53.850,1789338833.8505177,-2
2026-09-13 19:33:53.858,1789338833.85821,7
2026-09-13 19:33:53.865,1789338833.8659022,101
2026-09-13 19:33:53.873,1789338833.8735945,349
2026-09-13 19:33:53.881,1789338833.8812869,705
2026-09-13 19:33:53.888,1789338833.8889792,974
2026-09-13 19:33:53.896,1789338833.8966715,698
2026-09-13 19:33:53.904,1789338833.9043639,-48
2026-09-13 19:33:53.912,1789338833.9120562,-346
2026-09-13 19:33:53.919,1789338833.9197485,-84
2026-09-13 19:33:53.927,1789338833.9274406,-16
2026-09-13 19:33:53.935,1789338833.935133,-116
2026-09-13 19:33:53.942,1789338833.9428253,-72
2026-09-13 19:33:53.950,1789338833.9505177,-29
2026-09-13 19:33:53.958,1789338833.95821,-60
2026-09-13 19:33:53.965,1789338833.9659023,-50
2026-09-13 19:33:53.973,1789338833.9735947,-21
2026-09-13 19:33:53.981,1789338833.981287,-26
2026-09-13 19:33:53.988,1789338833.988979,-21
2026-09-13 19:33:53.996,1789338833.9966714,-4
2026-09-13 19:33:54.004,1789338834.0043638,0
2026-09-13 19:33:54.012,1789338834.012056,4
2026-09-13 19:33:54.019,1789338834.0197484,14
2026-09-13 19:33:54.027,1789338834.0274408,24
2026-09-13 19:33:54.035,1789338834.0351331,29
2026-09-13 19:33:54.042,1789338834.0428255,36
2026-09-13 19:33:54.050,1789338834.0505178,48
2026-09-13 19:33:54.058,1789338834.05821,60
2026-09-13 19:33:54.065,1789338834.0659022,70
2026-09-13 19:33:54.073,1789338834.0735946,82
2026-09-13 19:33:54.080,1789338834.0807254,99
2026-09-13 19:33:54.088,1789338834.0884178,121
2026-09-13 19:33:54.096,1789338834.09611,138
2026-09-13 19:33:54.103,1789338834.1038024,152
2026-09-13 19:33:54.111,1789338834.1114948,172
2026-09-13 19:33:54.119,1789338834.1191869,191
2026-09-13 19:33:54.126,1789338834.1268792,203
2026-09-13 19:33:54.134,1789338834.1345716,203
2026-09-13 19:33:54.142,1789338834.142264,198
2026-09-13 19:33:54.149,1789338834.1499562,184
2026-09-13 19:33:54.157,1789338834.1576486,157
2026-09-13 19:33:54.165,1789338834.165341,113
2026-09-13 19:33:54.173,1789338834.1730332,63
2026-09-13 19:33:54.180,1789338834.1807253,16
2026-09-13 19:33:54.188,1789338834.1884177,-24
2026-09-13 19:33:54.196,1789338834.19611,-53
2026-09-13 19:33:54.203,1789338834.2038023,-63
2026-09-13 19:33:54.211,1789338834.2114947,-70
2026-09-13 19:33:54.219,1789338834.219187,-77
2026-09-13 19:33:54.226,1789338834.2268794,-80
2026-09-13 19:33:54.234,1789338834.2345717,-72
2026-09-13 19:33:54.242,1789338834.2422638,-67
2026-09-13 19:33:54.249,1789338834.2499561,-60
2026-09-13 19:33:54.257,1789338834.2576485,-55
2026-09-13 19:33:54.265,1789338834.2653408,-48
2026-09-13 19:33:54.273,1789338834.2730331,-43
2026-09-13 19:33:54.280,1789338834.2807255,-38
2026-09-13 19:33:54.288,1789338834.2884178,-33
2026-09-13 19:33:54.296,1789338834.2961102,-31
2026-09-13 19:33:54.303,1789338834.3038023,-31
2026-09-13 19:33:54.311,1789338834.3114946,-26
2026-09-13 19:33:54.319,1789338834.319187,-19
2026-09-13 19:33:54.326,1789338834.3268793,-24
2026-09-13 19:33:54.334,1789338834.3345716,-29
2026-09-13 19:33:54.342,1789338834.342264,-24
2026-09-13 19:33:54.349,1789338834.3499563,-24
2026-09-13 19:33:54.357,1789338834.3576486,-24
2026-09-13 19:33:54.365,1789338834.3653407,-21
2026-09-13 19:33:54.373,1789338834.373033,-24
2026-09-13 19:33:54.380,1789338834.3807254,-26
2026-09-13 19:33:54.388,1789338834.3884177,-24
2026-09-13 19:33:54.396,1789338834.39611,-19
2026-09-13 19:33:54.403,1789338834.4038024,-16
2026-09-13 19:33:54.411,1789338834.4114947,-14
2026-09-13 19:33:54.419,1789338834.419187,-12
2026-09-13 19:33:54.426,1789338834.4268792,-9
2026-09-13 19:33:54.434,1789338834.4345715,-9
2026-09-13 19:33:54.442,1789338834.4422638,-7
2026-09-13 19:33:54.449,1789338834.4499562,0
2026-09-13 19:33:54.457,1789338834.4576485,0
2026-09-13 19:33:54.465,1789338834.4653409,0
2026-09-13 19:33:54.473,1789338834.4730332,2
2026-09-13 19:33:54.480,1789338834.4807255,0
2026-09-13 19:33:54.488,1789338834.4884176,0
2026-09-13 19:33:54.496,1789338834.49611,2
2026-09-13 19:33:54.503,1789338834.5038023,2
2026-09-13 19:33:54.511,1789338834.5114946,4
2026-09-13 19:33:54.519,1789338834.519187,12
2026-09-13 19:33:54.526,1789338834.5268793,12
2026-09-13 19:33:54.534,1789338834.5345716,9
2026-09-13 19:33:54.542,1789338834.542264,12
2026-09-13 19:33:54.549,1789338834.549956,12
2026-09-13 19:33:54.557,1789338834.5576484,12
2026-09-13 19:33:54.565,1789338834.5653408,16
2026-09-13 19:33:54.573,1789338834.573033,16
2026-09-13 19:33:54.580,1789338834.5807254,16
2026-09-13 19:33:54.588,1789338834.5884178,19
2026-09-13 19:33:54.596,1789338834.59611,21
2026-09-13 19:33:54.603,1789338834.6038024,24
2026-09-13 19:33:54.611,1789338834.6114948,19
2026-09-13 19:33:54.619,1789338834.6191869,21
2026-09-13 19:33:54.626,1789338834.6268792,26
2026-09-13 19:33:54.634,1789338834.6345716,26
2026-09-13 19:33:54.641,1789338834.6417327,24
2026-09-13 19:33:54.649,1789338834.649425,24
2026-09-13 19:33:54.657,1789338834.6571174,26
2026-09-13 19:33:54.664,1789338834.6648097,31
2026-09-13 19:33:54.672,1789338834.672502,29
2026-09-13 19:33:54.680,1789338834.6801941,21
2026-09-13 19:33:54.687,1789338834.6878865,21
2026-09-13 19:33:54.695,1789338834.6955788,36
2026-09-13 19:33:54.703,1789338834.7032712,55
2026-09-13 19:33:54.710,1789338834.7109635,70
2026-09-13 19:33:54.718,1789338834.7186558,82
2026-09-13 19:33:54.726,1789338834.7263482,82
2026-09-13 19:33:54.734,1789338834.7340405,72
2026-09-13 19:33:54.741,1789338834.7417326,67
2026-09-13 19:33:54.749,1789338834.749425,55
2026-09-13 19:33:54.757,1789338834.7571173,31
2026-09-13 19:33:54.764,1789338834.7648096,16
2026-09-13 19:33:54.772,1789338834.772502,16
2026-09-13 19:33:54.780,1789338834.7801943,16
2026-09-13 19:33:54.787,1789338834.7878866,16
2026-09-13 19:33:54.795,1789338834.795579,21
2026-09-13 19:33:54.803,1789338834.803271,21
2026-09-13 19:33:54.810,1789338834.8109634,16
2026-09-13 19:33:54.818,1789338834.8186557,12
2026-09-13 19:33:54.826,1789338834.826348,14
2026-09-13 19:33:54.834,1789338834.8340404,75
2026-09-13 19:33:54.841,1789338834.8417327,261
2026-09-13 19:33:54.849,1789338834.849425,572
2026-09-13 19:33:54.857,1789338834.8571174,936
2026-09-13 19:33:54.864,1789338834.8648095,943
2026-09-13 19:33:54.872,1789338834.8725019,269
2026-09-13 19:33:54.880,1789338834.8801942,-315
2026-09-13 19:33:54.887,1789338834.8878865,-179
2026-09-13 19:33:54.895,1789338834.8955789,12
2026-09-13 19:33:54.903,1789338834.9032712,-89
2026-09-13 19:33:54.910,1789338834.9109635,-104
2026-09-13 19:33:54.918,1789338834.9186559,-26
2026-09-13 19:33:54.926,1789338834.926348,-46
2026-09-13 19:33:54.934,1789338834.9340403,-63
2026-09-13 19:33:54.941,1789338834.9417326,-26
2026-09-13 19:33:54.949,1789338834.949425,-16
2026-09-13 19:33:54.957,1789338834.9571173,-26
2026-09-13 19:33:54.964,1789338834.9648097,-12
2026-09-13 19:33:54.972,1789338834.972502,0
2026-09-13 19:33:54.980,1789338834.9801943,0
2026-09-13 19:33:54.987,1789338834.9878864,14
2026-09-13 19:33:54.995,1789338834.9955788,26
2026-09-13 19:33:55.003,1789338835.003271,29
2026-09-13 19:33:55.010,1789338835.0109634,36
2026-09-13 19:33:55.018,1789338835.0186558,46
2026-09-13 19:33:55.026,1789338835.026348,53
2026-09-13 19:33:55.034,1789338835.0340405,67
2026-09-13 19:33:55.041,1789338835.0417328,82
2026-09-13 19:33:55.049,1789338835.049425,99
2026-09-13 19:33:55.057,1789338835.0571172,116
2026-09-13 19:33:55.064,1789338835.0648096,130
2026-09-13 19:33:55.072,1789338835.072502,150
2026-09-13 19:33:55.080,1789338835.0801942,172
2026-09-13 19:33:55.087,1789338835.0878866,189
2026-09-13 19:33:55.095,1789338835.095579,201
2026-09-13 19:33:55.103,1789338835.1032712,213
2026-09-13 19:33:55.110,1789338835.1109633,210
2026-09-13 19:33:55.118,1789338835.1186557,203
2026-09-13 19:33:55.126,1789338835.126348,184
2026-09-13 19:33:55.134,1789338835.1340404,145
2026-09-13 19:33:55.141,1789338835.1417327,97
2026-09-13 19:33:55.149,1789338835.149425,50
2026-09-13 19:33:55.157,1789338835.1571174,7
2026-09-13 19:33:55.164,1789338835.1648097,-33
2026-09-13 19:33:55.172,1789338835.172502,-58
2026-09-13 19:33:55.180,1789338835.1801941,-70
2026-09-13 19:33:55.187,1789338835.1878865,-75
2026-09-13 19:33:55.195,1789338835.1955788,-72
2026-09-13 19:33:55.202,1789338835.2027094,-70
2026-09-13 19:33:55.210,1789338835.2104018,-70
2026-09-13 19:33:55.218,1789338835.218094,-60
2026-09-13 19:33:55.225,1789338835.2257864,-50
2026-09-13 19:33:55.233,1789338835.2334788,-48
2026-09-13 19:33:55.241,1789338835.241171,-43
2026-09-13 19:33:55.248,1789338835.2488632,-33
2026-09-13 19:33:55.256,1789338835.2565556,-31
2026-09-13 19:33:55.264,1789338835.264248,-31
2026-09-13 19:33:55.271,1789338835.2719402,-31
2026-09-13 19:33:55.279,1789338835.2796326,-29
2026-09-13 19:33:55.287,1789338835.287325,-24
2026-09-13 19:33:55.295,1789338835.2950172,-24
2026-09-13 19:33:55.302,1789338835.3027093,-21
2026-09-13 19:33:55.310,1789338835.3104017,-19
2026-09-13 19:33:55.318,1789338835.318094,-16
2026-09-13 19:33:55.325,1789338835.3257864,-14
2026-09-13 19:33:55.333,1789338835.3334787,-14
2026-09-13 19:33:55.341,1789338835.341171,-16
2026-09-13 19:33:55.348,1789338835.3488634,-16
2026-09-13 19:33:55.356,1789338835.3565557,-19
2026-09-13 19:33:55.364,1789338835.3642478,-16
2026-09-13 19:33:55.371,1789338835.3719401,-12
2026-09-13 19:33:55.379,1789338835.3796325,-12
2026-09-13 19:33:55.387,1789338835.3873248,-16
2026-09-13 19:33:55.395,1789338835.3950171,-14
2026-09-13 19:33:55.402,1789338835.4027095,-7
2026-09-13 19:33:55.410,1789338835.4104018,-7
2026-09-13 19:33:55.418,1789338835.4180942,-7
2026-09-13 19:33:55.425,1789338835.4257863,-4
2026-09-13 19:33:55.433,1789338835.4334786,-2
2026-09-13 19:33:55.441,1789338835.441171,-2
2026-09-13 19:33:55.448,1789338835.4488633,2
2026-09-13 19:33:55.456,1789338835.4565556,4
2026-09-13 19:33:55.464,1789338835.464248,4
2026-09-13 19:33:55.471,1789338835.4719403,4
2026-09-13 19:33:55.479,1789338835.4796326,4
2026-09-13 19:33:55.487,1789338835.4873247,7
2026-09-13 19:33:55.495,1789338835.495017,7
2026-09-13 19:33:55.502,1789338835.5027094,7
2026-09-13 19:33:55.510,1789338835.5104017,9
2026-09-13 19:33:55.518,1789338835.518094,16
2026-09-13 19:33:55.525,1789338835.5257864,19
2026-09-13 19:33:55.533,1789338835.5334787,16
2026-09-13 19:33:55.541,1789338835.541171,16
2026-09-13 19:33:55.548,1789338835.5488632,19
2026-09-13 19:33:55.556,1789338835.5565555,19
2026-09-13 19:33:55.564,1789338835.5642478,16
2026-09-13 19:33:55.571,1789338835.5719402,14
2026-09-13 19:33:55.579,1789338835.5796325,21
2026-09-13 19:33:55.587,1789338835.5873249,24
2026-09-13 19:33:55.595,1789338835.5950172,19
2026-09-13 19:33:55.602,1789338835.6027095,21
2026-09-13 19:33:55.610,1789338835.6104016,21
2026-09-13 19:33:55.618,1789338835.618094,19
2026-09-13 19:33:55.625,1789338835.6257863,21
2026-09-13 19:33:55.633,1789338835.6334786,24
2026-09-13 19:33:55.641,1789338835.641171,26
2026-09-13 19:33:55.648,1789338835.6488633,26
2026-09-13 19:33:55.656,1789338835.6565557,26
2026-09-13 19:33:55.664,1789338835.664248,24
2026-09-13 19:33:55.671,1789338835.67194,21
2026-09-13 19:33:55.679,1789338835.6796324,21
2026-09-13 19:33:55.687,1789338835.6873248,36
2026-09-13 19:33:55.695,1789338835.695017,50
2026-09-13 19:33:55.702,1789338835.7027094,63
2026-09-13 19:33:55.710,1789338835.7104018,82
2026-09-13 19:33:55.718,1789338835.718094,89
2026-09-13 19:33:55.725,1789338835.7257864,70
2026-09-13 19:33:55.733,1789338835.7334788,55
2026-09-13 19:33:55.741,1789338835.741171,53
2026-09-13 19:33:55.748,1789338835.7488632,36
2026-09-13 19:33:55.756,1789338835.7565556,16
2026-09-13 19:33:55.763,1789338835.7637167,14
2026-09-13 19:33:55.771,1789338835.771409,14
2026-09-13 19:33:55.779,1789338835.7791014,12
2026-09-13 19:33:55.786,1789338835.7867937,12
2026-09-13 19:33:55.794,1789338835.794486,14
2026-09-13 19:33:55.802,1789338835.8021781,14
2026-09-13 19:33:55.809,1789338835.8098705,12
2026-09-13 19:33:55.817,1789338835.8175628,12
2026-09-13 19:33:55.825,1789338835.8252552,50
2026-09-13 19:33:55.832,1789338835.8329475,201
2026-09-13 19:33:55.840,1789338835.8406398,485
2026-09-13 19:33:55.848,1789338835.8483322,848
2026-09-13 19:33:55.856,1789338835.8560245,989
2026-09-13 19:33:55.863,1789338835.8637166,465
2026-09-13 19:33:55.871,1789338835.871409,-242
2026-09-13 19:33:55.879,1789338835.8791013,-271
2026-09-13 19:33:55.886,1789338835.8867936,-4
2026-09-13 19:33:55.894,1789338835.894486,-48
2026-09-13 19:33:55.902,1789338835.9021783,-113
2026-09-13 19:33:55.909,1789338835.9098706,-43
2026-09-13 19:33:55.917,1789338835.917563,-38
2026-09-13 19:33:55.925,1789338835.925255,-58
2026-09-13 19:33:55.932,1789338835.9329474,-31
2026-09-13 19:33:55.940,1789338835.9406397,-21
2026-09-13 19:33:55.948,1789338835.948332,-29
2026-09-13 19:33:55.956,1789338835.9560244,-12
2026-09-13 19:33:55.963,1789338835.9637167,2
2026-09-13 19:33:55.971,1789338835.971409,2
2026-09-13 19:33:55.979,1789338835.9791014,9
2026-09-13 19:33:55.986,1789338835.9867935,19
2026-09-13 19:33:55.994,1789338835.9944859,29
2026-09-13 19:33:56.002,1789338836.0021782,38
2026-09-13 19:33:56.009,1789338836.0098705,48
2026-09-13 19:33:56.017,1789338836.0175629,55
2026-09-13 19:33:56.025,1789338836.0252552,65
2026-09-13 19:33:56.032,1789338836.0329475,80
2026-09-13 19:33:56.040,1789338836.0406399,94
2026-09-13 19:33:56.048,1789338836.048332,109
2026-09-13 19:33:56.056,1789338836.0560243,126
2026-09-13 19:33:56.063,1789338836.0637167,150
2026-09-13 19:33:56.071,1789338836.071409,174
2026-09-13 19:33:56.079,1789338836.0791013,194
2026-09-13 19:33:56.086,1789338836.0867937,213
2026-09-13 19:33:56.094,1789338836.094486,225
2026-09-13 19:33:56.102,1789338836.1021783,227
2026-09-13 19:33:56.109,1789338836.1098704,223
2026-09-13 19:33:56.117,1789338836.1175628,206
2026-09-13 19:33:56.125,1789338836.125255,164
2026-09-13 19:33:56.132,1789338836.1329474,116
2026-09-13 19:33:56.140,1789338836.1406398,72
2026-09-13 19:33:56.148,1789338836.148332,26
2026-09-13 19:33:56.156,1789338836.1560245,-19
2026-09-13 19:33:56.163,1789338836.1637168,-50
2026-09-13 19:33:56.171,1789338836.171409,-63
2026-09-13 19:33:56.179,1789338836.1791012,-67
2026-09-13 19:33:56.186,1789338836.1867936,-70
2026-09-13 19:33:56.194,1789338836.194486,-67
2026-09-13 19:33:56.202,1789338836.2021782,-58
2026-09-13 19:33:56.209,1789338836.2098706,-48
2026-09-13 19:33:56.217,1789338836.217563,-46
2026-09-13 19:33:56.225,1789338836.2252553,-41
2026-09-13 19:33:56.232,1789338836.2329473,-29
2026-09-13 19:33:56.240,1789338836.2406397,-21
2026-09-13 19:33:56.248,1789338836.248332,-21
2026-09-13 19:33:56.256,1789338836.2560244,-16
2026-09-13 19:33:56.263,1789338836.2637167,-4
2026-09-13 19:33:56.271,1789338836.271409,4
2026-09-13 19:33:56.279,1789338836.2791014,2
2026-09-13 19:33:56.286,1789338836.2867937,-4
2026-09-13 19:33:56.294,1789338836.294486,-4
2026-09-13 19:33:56.302,1789338836.3021781,2
2026-09-13 19:33:56.309,1789338836.3098705,12
2026-09-13 19:33:56.317,1789338836.3175628,9
2026-09-13 19:33:56.324,1789338836.324714,2
2026-09-13 19:33:56.332,1789338836.3324063,4
2026-09-13 19:33:56.340,1789338836.3400986,9
2026-09-13 19:33:56.347,1789338836.347791,7
2026-09-13 19:33:56.355,1789338836.3554833,2
2026-09-13 19:33:56.363,1789338836.3631754,4
2026-09-13 19:33:56.370,1789338836.3708677,14
2026-09-13 19:33:56.378,1789338836.37856,24
2026-09-13 19:33:56.386,1789338836.3862524,24
2026-09-13 19:33:56.393,1789338836.3939447,12
2026-09-13 19:33:56.401,1789338836.401637,12
2026-09-13 19:33:56.409,1789338836.4093294,19
2026-09-13 19:33:56.417,1789338836.4170218,24
2026-09-13 19:33:56.424,1789338836.4247139,21
2026-09-13 19:33:56.432,1789338836.4324062,19
2026-09-13 19:33:56.440,1789338836.4400985,19
2026-09-13 19:33:56.447,1789338836.4477909,21
2026-09-13 19:33:56.455,1789338836.4554832,26
2026-09-13 19:33:56.463,1789338836.4631755,29
2026-09-13 19:33:56.470,1789338836.4708679,33
2026-09-13 19:33:56.478,1789338836.4785602,31
2026-09-13 19:33:56.486,1789338836.4862523,26
2026-09-13 19:33:56.493,1789338836.4939446,31
2026-09-13 19:33:56.501,1789338836.501637,33
2026-09-13 19:33:56.509,1789338836.5093293,36
2026-09-13 19:33:56.517,1789338836.5170217,36
2026-09-13 19:33:56.524,1789338836.524714,29
2026-09-13 19:33:56.532,1789338836.5324063,24
2026-09-13 19:33:56.540,1789338836.5400987,33
2026-09-13 19:33:56.547,1789338836.5477908,43
2026-09-13 19:33:56.555,1789338836.555483,41
2026-09-13 19:33:56.563,1789338836.5631754,29
2026-09-13 19:33:56.570,1789338836.5708678,24
2026-09-13 19:33:56.578,1789338836.57856,26
2026-09-13 19:33:56.586,1789338836.5862525,26
2026-09-13 19:33:56.593,1789338836.5939448,26
2026-09-13 19:33:56.601,1789338836.6016371,29
2026-09-13 19:33:56.609,1789338836.6093292,33
2026-09-13 19:33:56.617,1789338836.6170216,36
2026-09-13 19:33:56.624,1789338836.624714,31
2026-09-13 19:33:56.632,1789338836.6324062,31
2026-09-13 19:33:56.640,1789338836.6400986,48
2026-09-13 19:33:56.647,1789338836.647791,72
2026-09-13 19:33:56.655,1789338836.6554832,89
2026-09-13 19:33:56.663,1789338836.6631756,82
2026-09-13 19:33:56.670,1789338836.6708677,65
2026-09-13 19:33:56.678,1789338836.67856,58
2026-09-13 19:33:56.686,1789338836.6862524,48
2026-09-13 19:33:56.693,1789338836.6939447,29
2026-09-13 19:33:56.701,1789338836.701637,19
2026-09-13 19:33:56.709,1789338836.7093294,12
2026-09-13 19:33:56.717,1789338836.7170217,7
2026-09-13 19:33:56.724,1789338836.724714,12
2026-09-13 19:33:56.732,1789338836.7324061,19
2026-09-13 19:33:56.740,1789338836.7400985,14
2026-09-13 19:33:56.747,1789338836.7477908,14
2026-09-13 19:33:56.755,1789338836.7554832,16
2026-09-13 19:33:56.763,1789338836.7631755,24
2026-09-13 19:33:56.770,1789338836.7708678,87
2026-09-13 19:33:56.778,1789338836.7785602,278
2026-09-13 19:33:56.786,1789338836.7862525,611
2026-09-13 19:33:56.793,1789338836.7939446,970
2026-09-13 19:33:56.801,1789338836.801637,916
2026-09-13 19:33:56.809,1789338836.8093293,179
2026-09-13 19:33:56.817,1789338836.8170216,-412
2026-09-13 19:33:56.824,1789338836.824714,-227
2026-09-13 19:33:56.832,1789338836.8324063,7
2026-09-13 19:33:56.840,1789338836.8400986,-84
2026-09-13 19:33:56.847,1789338836.847791,-84
2026-09-13 19:33:56.855,1789338836.8554833,-7
2026-09-13 19:33:56.863,1789338836.8631754,-33
2026-09-13 19:33:56.870,1789338836.8708677,-46
2026-09-13 19:33:56.878,1789338836.87856,-12
2026-09-13 19:33:56.885,1789338836.8857007,-4
2026-09-13 19:33:56.893,1789338836.893393,2
2026-09-13 19:33:56.901,1789338836.9010854,24
2026-09-13 19:33:56.908,1789338836.9087777,21
2026-09-13 19:33:56.916,1789338836.91647,9
2026-09-13 19:33:56.924,1789338836.9241621,29
2026-09-13 19:33:56.931,1789338836.9318545,48
2026-09-13 19:33:56.939,1789338836.9395468,55
2026-09-13 19:33:56.947,1789338836.9472392,67
2026-09-13 19:33:56.954,1789338836.9549315,77
2026-09-13 19:33:56.962,1789338836.9626238,87
2026-09-13 19:33:56.970,1789338836.9703162,104
2026-09-13 19:33:56.978,1789338836.9780085,123
2026-09-13 19:33:56.985,1789338836.9857006,138
2026-09-13 19:33:56.993,1789338836.993393,157
2026-09-13 19:33:57.001,1789338837.0010853,194
2026-09-13 19:33:57.008,1789338837.0087776,225
2026-09-13 19:33:57.016,1789338837.01647,252
2026-09-13 19:33:57.024,1789338837.0241623,276
2026-09-13 19:33:57.031,1789338837.0318546,286
2026-09-13 19:33:57.039,1789338837.039547,293
2026-09-13 19:33:57.047,1789338837.047239,307
2026-09-13 19:33:57.054,1789338837.0549314,293
2026-09-13 19:33:57.062,1789338837.0626237,240
2026-09-13 19:33:57.070,1789338837.070316,184
2026-09-13 19:33:57.078,1789338837.0780084,130
2026-09-13 19:33:57.085,1789338837.0857008,60
2026-09-13 19:33:57.093,1789338837.093393,-2
2026-09-13 19:33:57.101,1789338837.1010854,-38
2026-09-13 19:33:57.108,1789338837.1087775,-70
2026-09-13 19:33:57.116,1789338837.1164699,-92
2026-09-13 19:33:57.124,1789338837.1241622,-94
2026-09-13 19:33:57.131,1789338837.1318545,-94
2026-09-13 19:33:57.139,1789338837.1395469,-92
2026-09-13 19:33:57.147,1789338837.1472392,-84
2026-09-13 19:33:57.154,1789338837.1549315,-75
2026-09-13 19:33:57.162,1789338837.162624,-72
2026-09-13 19:33:57.170,1789338837.170316,-67
2026-09-13 19:33:57.178,1789338837.1780083,-58
2026-09-13 19:33:57.185,1789338837.1857007,-53
2026-09-13 19:33:57.193,1789338837.193393,-43
2026-09-13 19:33:57.201,1789338837.2010853,-26
2026-09-13 19:33:57.208,1789338837.2087777,-31
2026-09-13 19:33:57.216,1789338837.21647,-36
2026-09-13 19:33:57.224,1789338837.2241623,-24
2026-09-13 19:33:57.231,1789338837.2318544,-16
2026-09-13 19:33:57.239,1789338837.2395468,-16
2026-09-13 19:33:57.247,1789338837.247239,-16
2026-09-13 19:33:57.254,1789338837.2549314,-26
2026-09-13 19:33:57.262,1789338837.2626238,-29
2026-09-13 19:33:57.270,1789338837.2703161,-21
2026-09-13 19:33:57.278,1789338837.2780085,-19
2026-09-13 19:33:57.285,1789338837.2857008,-14
2026-09-13 19:33:57.293,1789338837.293393,-9
2026-09-13 19:33:57.301,1789338837.3010852,-12
2026-09-13 19:33:57.308,1789338837.3087776,-12
2026-09-13 19:33:57.316,1789338837.31647,-12
2026-09-13 19:33:57.324,1789338837.3241622,-7
2026-09-13 19:33:57.331,1789338837.3318546,4
2026-09-13 19:33:57.339,1789338837.339547,7
2026-09-13 19:33:57.347,1789338837.3472393,-2
2026-09-13 19:33:57.354,1789338837.3549314,-12
2026-09-13 19:33:57.362,1789338837.3626237,-7
2026-09-13 19:33:57.370,1789338837.370316,4
2026-09-13 19:33:57.378,1789338837.3780084,14
2026-09-13 19:33:57.385,1789338837.3857007,21
2026-09-13 19:33:57.393,1789338837.393393,14
2026-09-13 19:33:57.401,1789338837.4010854,7
2026-09-13 19:33:57.408,1789338837.4087777,9
2026-09-13 19:33:57.416,1789338837.41647,12
2026-09-13 19:33:57.424,1789338837.4241621,14
2026-09-13 19:33:57.431,1789338837.4318545,16
2026-09-13 19:33:57.439,1789338837.4395468,19
2026-09-13 19:33:57.446,1789338837.4466777,19
2026-09-13 19:33:57.454,1789338837.45437,24
2026-09-13 19:33:57.462,1789338837.4620624,33
2026-09-13 19:33:57.469,1789338837.4697547,50
2026-09-13 19:33:57.477,1789338837.477447,67
2026-09-13 19:33:57.485,1789338837.4851391,75
2026-09-13 19:33:57.492,1789338837.4928315,67
2026-09-13 19:33:57.500,1789338837.5005238,65
2026-09-13 19:33:57.508,1789338837.5082161,70
2026-09-13 19:33:57.515,1789338837.5159085,58
2026-09-13 19:33:57.523,1789338837.5236008,24
2026-09-13 19:33:57.531,1789338837.5312932,7
2026-09-13 19:33:57.538,1789338837.5389855,19
2026-09-13 19:33:57.546,1789338837.5466776,16
2026-09-13 19:33:57.554,1789338837.55437,12
2026-09-13 19:33:57.562,1789338837.5620623,24
2026-09-13 19:33:57.569,1789338837.5697546,26
2026-09-13 19:33:57.577,1789338837.577447,19
2026-09-13 19:33:57.585,1789338837.5851393,24
2026-09-13 19:33:57.592,1789338837.5928316,24
2026-09-13 19:33:57.600,1789338837.600524,48
2026-09-13 19:33:57.608,1789338837.608216,201
2026-09-13 19:33:57.615,1789338837.6159084,516
2026-09-13 19:33:57.623,1789338837.6236007,887
2026-09-13 19:33:57.631,1789338837.631293,989
2026-09-13 19:33:57.638,1789338837.6389854,429
2026-09-13 19:33:57.646,1789338837.6466777,-293
2026-09-13 19:33:57.654,1789338837.65437,-303
2026-09-13 19:33:57.662,1789338837.6620624,-9
2026-09-13 19:33:57.669,1789338837.6697545,-46
2026-09-13 19:33:57.677,1789338837.6774468,-99
2026-09-13 19:33:57.685,1789338837.6851392,-14
2026-09-13 19:33:57.692,1789338837.6928315,-9
2026-09-13 19:33:57.700,1789338837.7005239,-29
2026-09-13 19:33:57.708,1789338837.7082162,2
2026-09-13 19:33:57.715,1789338837.7159085,9
2026-09-13 19:33:57.723,1789338837.7236009,2
2026-09-13 19:33:57.731,1789338837.731293,21
2026-09-13 19:33:57.738,1789338837.7389853,36
2026-09-13 19:33:57.746,1789338837.7466776,36
2026-09-13 19:33:57.754,1789338837.75437,43
2026-09-13 19:33:57.762,1789338837.7620623,60
2026-09-13 19:33:57.769,1789338837.7697546,70
2026-09-13 19:33:57.777,1789338837.777447,72
2026-09-13 19:33:57.785,1789338837.7851393,80
2026-09-13 19:33:57.792,1789338837.7928314,97
2026-09-13 19:33:57.800,1789338837.8005238,109
2026-09-13 19:33:57.808,1789338837.808216,121
2026-09-13 19:33:57.815,1789338837.8159084,143
2026-09-13 19:33:57.823,1789338837.8236008,172
2026-09-13 19:33:57.831,1789338837.831293,194
2026-09-13 19:33:57.838,1789338837.8389854,220
2026-09-13 19:33:57.846,1789338837.8466778,249
2026-09-13 19:33:57.854,1789338837.8543699,276
2026-09-13 19:33:57.862,1789338837.8620622,300
2026-09-13 19:33:57.869,1789338837.8697546,322
2026-09-13 19:33:57.877,1789338837.877447,324
2026-09-13 19:33:57.885,1789338837.8851392,310
2026-09-13 19:33:57.892,1789338837.8928316,266
2026-09-13 19:33:57.900,1789338837.900524,198
2026-09-13 19:33:57.908,1789338837.9082162,133
2026-09-13 19:33:57.915,1789338837.9159083,75
2026-09-13 19:33:57.923,1789338837.9236007,9
2026-09-13 19:33:57.931,1789338837.931293,-41
2026-09-13 19:33:57.938,1789338837.9389853,-70
2026-09-13 19:33:57.946,1789338837.9466777,-80
2026-09-13 19:33:57.954,1789338837.95437,-77
2026-09-13 19:33:57.962,1789338837.9620624,-82
2026-09-13 19:33:57.969,1789338837.9697547,-82
2026-09-13 19:33:57.977,1789338837.977447,-77
2026-09-13 19:33:57.985,1789338837.9851391,-77
2026-09-13 19:33:57.992,1789338837.9928315,-77
2026-09-13 19:33:58.000,1789338838.0005238,-70
2026-09-13 19:33:58.007,1789338838.007685,-58
2026-09-13 19:33:58.015,1789338838.0153773,-46
2026-09-13 19:33:58.023,1789338838.0230696,-43
2026-09-13 19:33:58.030,1789338838.030762,-33
2026-09-13 19:33:58.038,1789338838.0384543,-21
2026-09-13 19:33:58.046,1789338838.0461464,-21
2026-09-13 19:33:58.053,1789338838.0538387,-16
2026-09-13 19:33:58.061,1789338838.061531,-12
2026-09-13 19:33:58.069,1789338838.0692234,-16
2026-09-13 19:33:58.076,1789338838.0769157,-14
2026-09-13 19:33:58.084,1789338838.084608,-12
2026-09-13 19:33:58.092,1789338838.0923004,-9
2026-09-13 19:33:58.099,1789338838.0999928,2
2026-09-13 19:33:58.107,1789338838.1076849,-2
2026-09-13 19:33:58.115,1789338838.1153772,-14
2026-09-13 19:33:58.123,1789338838.1230695,0
2026-09-13 19:33:58.130,1789338838.1307619,4
2026-09-13 19:33:58.138,1789338838.1384542,-14
2026-09-13 19:33:58.146,1789338838.1461465,-4
2026-09-13 19:33:58.153,1789338838.1538389,16
2026-09-13 19:33:58.161,1789338838.1615312,14
2026-09-13 19:33:58.169,1789338838.1692233,-4
2026-09-13 19:33:58.176,1789338838.1769156,-7
2026-09-13 19:33:58.184,1789338838.184608,12
2026-09-13 19:33:58.192,1789338838.1923003,24
2026-09-13 19:33:58.199,1789338838.1999927,21
2026-09-13 19:33:58.207,1789338838.207685,16
2026-09-13 19:33:58.215,1789338838.2153773,19
2026-09-13 19:33:58.223,1789338838.2230697,16
2026-09-13 19:33:58.230,1789338838.2307618,16
2026-09-13 19:33:58.238,1789338838.238454,21
2026-09-13 19:33:58.246,1789338838.2461464,26
2026-09-13 19:33:58.253,1789338838.2538388,50
2026-09-13 19:33:58.261,1789338838.261531,77
2026-09-13 19:33:58.269,1789338838.2692235,77
2026-09-13 19:33:58.276,1789338838.2769158,65
2026-09-13 19:33:58.284,1789338838.2846081,63
2026-09-13 19:33:58.292,1789338838.2923002,67
2026-09-13 19:33:58.299,1789338838.2999926,50
2026-09-13 19:33:58.307,1789338838.307685,19
2026-09-13 19:33:58.315,1789338838.3153772,2
2026-09-13 19:33:58.323,1789338838.3230696,9
2026-09-13 19:33:58.330,1789338838.330762,24
2026-09-13 19:33:58.338,1789338838.3384542,26
2026-09-13 19:33:58.346,1789338838.3461466,21
2026-09-13 19:33:58.353,1789338838.3538387,36
2026-09-13 19:33:58.361,1789338838.361531,43
2026-09-13 19:33:58.369,1789338838.3692234,21
2026-09-13 19:33:58.376,1789338838.3769157,7
2026-09-13 19:33:58.384,1789338838.384608,50
2026-09-13 19:33:58.392,1789338838.3923004,225
2026-09-13 19:33:58.399,1789338838.3999927,560
2026-09-13 19:33:58.407,1789338838.407685,928
2026-09-13 19:33:58.415,1789338838.4153771,972
2026-09-13 19:33:58.423,1789338838.4230695,380
2026-09-13 19:33:58.430,1789338838.4307618,-281
2026-09-13 19:33:58.438,1789338838.4384542,-252
2026-09-13 19:33:58.446,1789338838.4461465,14
2026-09-13 19:33:58.453,1789338838.4538388,-38
2026-09-13 19:33:58.461,1789338838.4615312,-84
2026-09-13 19:33:58.469,1789338838.4692235,-4
2026-09-13 19:33:58.476,1789338838.4769156,-16
2026-09-13 19:33:58.484,1789338838.484608,-41
2026-09-13 19:33:58.492,1789338838.4923003,0
2026-09-13 19:33:58.499,1789338838.4999926,14
2026-09-13 19:33:58.507,1789338838.507685,2
2026-09-13 19:33:58.515,1789338838.5153773,19
2026-09-13 19:33:58.523,1789338838.5230696,43
2026-09-13 19:33:58.530,1789338838.530762,33
2026-09-13 19:33:58.538,1789338838.5384543,31
2026-09-13 19:33:58.546,1789338838.5461464,55
2026-09-13 19:33:58.553,1789338838.5538387,70
2026-09-13 19:33:58.561,1789338838.561531,72
2026-09-13 19:33:58.568,1789338838.5686617,87
2026-09-13 19:33:58.576,1789338838.576354,89
2026-09-13 19:33:58.584,1789338838.5840464,97
2026-09-13 19:33:58.591,1789338838.5917387,116
2026-09-13 19:33:58.599,1789338838.599431,138
2026-09-13 19:33:58.607,1789338838.6071231,160
2026-09-13 19:33:58.614,1789338838.6148155,189
2026-09-13 19:33:58.622,1789338838.6225078,215
2026-09-13 19:33:58.630,1789338838.6302001,242
2026-09-13 19:33:58.637,1789338838.6378925,271
2026-09-13 19:33:58.645,1789338838.6455848,293
2026-09-13 19:33:58.653,1789338838.6532772,303
2026-09-13 19:33:58.660,1789338838.6609695,298
2026-09-13 19:33:58.668,1789338838.6686616,276
2026-09-13 19:33:58.676,1789338838.676354,227
2026-09-13 19:33:58.684,1789338838.6840463,169
2026-09-13 19:33:58.691,1789338838.6917386,109
2026-09-13 19:33:58.699,1789338838.699431,46
2026-09-13 19:33:58.707,1789338838.7071233,-14
2026-09-13 19:33:58.714,1789338838.7148156,-55
2026-09-13 19:33:58.722,1789338838.722508,-75
2026-09-13 19:33:58.730,1789338838.7302,-84
2026-09-13 19:33:58.737,1789338838.7378924,-89
2026-09-13 19:33:58.745,1789338838.7455847,-97
2026-09-13 19:33:58.753,1789338838.753277,-101
2026-09-13 19:33:58.760,1789338838.7609694,-92
2026-09-13 19:33:58.768,1789338838.7686617,-80
2026-09-13 19:33:58.776,1789338838.776354,-77
2026-09-13 19:33:58.784,1789338838.7840464,-75
2026-09-13 19:33:58.791,1789338838.7917385,-67
2026-09-13 19:33:58.799,1789338838.7994308,-55
2026-09-13 19:33:58.807,1789338838.8071232,-48
2026-09-13 19:33:58.814,1789338838.8148155,-43
2026-09-13 19:33:58.822,1789338838.8225079,-38
2026-09-13 19:33:58.830,1789338838.8302002,-33
2026-09-13 19:33:58.837,1789338838.8378925,-29
2026-09-13 19:33:58.845,1789338838.8455849,-21
2026-09-13 19:33:58.853,1789338838.853277,-16
2026-09-13 19:33:58.860,1789338838.8609693,-16
2026-09-13 19:33:58.868,1789338838.8686616,-14
2026-09-13 19:33:58.876,1789338838.876354,-12
2026-09-13 19:33:58.884,1789338838.8840463,-12
2026-09-13 19:33:58.891,1789338838.8917387,-12
2026-09-13 19:33:58.899,1789338838.899431,-12
2026-09-13 19:33:58.907,1789338838.9071233,-16
2026-09-13 19:33:58.914,1789338838.9148154,-12
2026-09-13 19:33:58.922,1789338838.9225078,-4
2026-09-13 19:33:58.930,1789338838.9302,-4
2026-09-13 19:33:58.937,1789338838.9378924,-2
2026-09-13 19:33:58.945,1789338838.9455848,0
2026-09-13 19:33:58.953,1789338838.953277,-4
2026-09-13 19:33:58.960,1789338838.9609694,-4
2026-09-13 19:33:58.968,1789338838.9686618,4
2026-09-13 19:33:58.976,1789338838.976354,9
2026-09-13 19:33:58.984,1789338838.9840462,7
2026-09-13 19:33:58.991,1789338838.9917386,4
2026-09-13 19:33:58.999,1789338838.999431,7
2026-09-13 19:33:59.007,1789338839.0071232,9
2026-09-13 19:33:59.014,1789338839.0148156,9
2026-09-13 19:33:59.022,1789338839.022508,12
2026-09-13 19:33:59.030,1789338839.0302002,9
2026-09-13 19:33:59.037,1789338839.0378923,7
2026-09-13 19:33:59.045,1789338839.0455847,21
2026-09-13 19:33:59.053,1789338839.053277,33
2026-09-13 19:33:59.060,1789338839.0609694,38
2026-09-13 19:33:59.068,1789338839.0686617,50
2026-09-13 19:33:59.076,1789338839.076354,58
2026-09-13 19:33:59.084,1789338839.0840464,50
2026-09-13 19:33:59.091,1789338839.0917387,50
2026-09-13 19:33:59.099,1789338839.099431,50
2026-09-13 19:33:59.107,1789338839.1071231,26
2026-09-13 19:33:59.114,1789338839.1148155,7
2026-09-13 19:33:59.122,1789338839.1225078,4
2026-09-13 19:33:59.129,1789338839.129669,2
2026-09-13 19:33:59.137,1789338839.1373613,2
2026-09-13 19:33:59.145,1789338839.1450536,7
2026-09-13 19:33:59.152,1789338839.152746,7
2026-09-13 19:33:59.160,1789338839.1604383,7
2026-09-13 19:33:59.168,1789338839.1681304,7
2026-09-13 19:33:59.175,1789338839.1758227,7
2026-09-13 19:33:59.183,1789338839.183515,14
2026-09-13 19:33:59.191,1789338839.1912074,87
2026-09-13 19:33:59.198,1789338839.1988997,307
2026-09-13 19:33:59.206,1789338839.206592,657
2026-09-13 19:33:59.214,1789338839.2142844,943
2026-09-13 19:33:59.221,1789338839.2219768,766
2026-09-13 19:33:59.229,1789338839.2296689,70
2026-09-13 19:33:59.237,1789338839.2373612,-337
2026-09-13 19:33:59.245,1789338839.2450535,-135
2026-09-13 19:33:59.252,1789338839.2527459,0
2026-09-13 19:33:59.260,1789338839.2604382,-94
2026-09-13 19:33:59.268,1789338839.2681305,-84
2026-09-13 19:33:59.275,1789338839.2758229,-29
2026-09-13 19:33:59.283,1789338839.2835152,-50
2026-09-13 19:33:59.291,1789338839.2912073,-53
2026-09-13 19:33:59.298,1789338839.2988997,-21
2026-09-13 19:33:59.306,1789338839.306592,-12
2026-09-13 19:33:59.314,1789338839.3142843,-19
2026-09-13 19:33:59.321,1789338839.3219767,-9
2026-09-13 19:33:59.329,1789338839.329669,2
2026-09-13 19:33:59.337,1789338839.3373613,9
2026-09-13 19:33:59.345,1789338839.3450537,16
2026-09-13 19:33:59.352,1789338839.3527458,21
2026-09-13 19:33:59.360,1789338839.360438,26
2026-09-13 19:33:59.368,1789338839.3681304,36
2026-09-13 19:33:59.375,1789338839.3758228,48
2026-09-13 19:33:59.383,1789338839.3835151,58
2026-09-13 19:33:59.391,1789338839.3912075,70
2026-09-13 19:33:59.398,1789338839.3988998,84
2026-09-13 19:33:59.406,1789338839.4065921,97
2026-09-13 19:33:59.414,1789338839.4142842,118
2026-09-13 19:33:59.421,1789338839.4219766,145
2026-09-13 19:33:59.429,1789338839.429669,167
2026-09-13 19:33:59.437,1789338839.4373612,184
2026-09-13 19:33:59.445,1789338839.4450536,203
2026-09-13 19:33:59.452,1789338839.452746,220
2026-09-13 19:33:59.460,1789338839.4604383,225
2026-09-13 19:33:59.468,1789338839.4681306,220
2026-09-13 19:33:59.475,1789338839.4758227,198
2026-09-13 19:33:59.483,1789338839.483515,162
2026-09-13 19:33:59.491,1789338839.4912074,111
2026-09-13 19:33:59.498,1789338839.4988997,58
2026-09-13 19:33:59.506,1789338839.506592,2
2026-09-13 19:33:59.514,1789338839.5142844,-38
2026-09-13 19:33:59.521,1789338839.5219767,-65
2026-09-13 19:33:59.529,1789338839.529669,-84
2026-09-13 19:33:59.537,1789338839.5373611,-94
2026-09-13 19:33:59.545,1789338839.5450535,-99
2026-09-13 19:33:59.552,1789338839.5527458,-101
2026-09-13 19:33:59.560,1789338839.5604382,-99
2026-09-13 19:33:59.568,1789338839.5681305,-87
2026-09-13 19:33:59.575,1789338839.5758228,-80
2026-09-13 19:33:59.583,1789338839.5835152,-77
2026-09-13 19:33:59.591,1789338839.5912075,-72
2026-09-13 19:33:59.598,1789338839.5988996,-63
2026-09-13 19:33:59.606,1789338839.606592,-55
2026-09-13 19:33:59.614,1789338839.6142843,-50
2026-09-13 19:33:59.621,1789338839.6219766,-46
2026-09-13 19:33:59.629,1789338839.629669,-41
2026-09-13 19:33:59.637,1789338839.6373613,-36
2026-09-13 19:33:59.645,1789338839.6450536,-36
2026-09-13 19:33:59.652,1789338839.652746,-33
2026-09-13 19:33:59.660,1789338839.6604383,-31
2026-09-13 19:33:59.668,1789338839.6681304,-29
2026-09-13 19:33:59.675,1789338839.6758227,-29
2026-09-13 19:33:59.683,1789338839.683515,-29
2026-09-13 19:33:59.690,1789338839.690646,-29
2026-09-13 19:33:59.698,1789338839.6983383,-26
2026-09-13 19:33:59.706,1789338839.7060306,-29
2026-09-13 19:33:59.713,1789338839.713723,-26
2026-09-13 19:33:59.721,1789338839.7214153,-21
2026-09-13 19:33:59.729,1789338839.7291074,-19
2026-09-13 19:33:59.736,1789338839.7367997,-19
2026-09-13 19:33:59.744,1789338839.744492,-16
2026-09-13 19:33:59.752,1789338839.7521844,-14
2026-09-13 19:33:59.759,1789338839.7598767,-12
2026-09-13 19:33:59.767,1789338839.767569,-12
2026-09-13 19:33:59.775,1789338839.7752614,-9
2026-09-13 19:33:59.782,1789338839.7829537,-7
2026-09-13 19:33:59.790,1789338839.7906458,-4
2026-09-13 19:33:59.798,1789338839.7983382,-2
2026-09-13 19:33:59.806,1789338839.8060305,-2
2026-09-13 19:33:59.813,1789338839.8137228,0
2026-09-13 19:33:59.821,1789338839.8214152,2
2026-09-13 19:33:59.829,1789338839.8291075,4
2026-09-13 19:33:59.836,1789338839.8367999,7
2026-09-13 19:33:59.844,1789338839.8444922,7
2026-09-13 19:33:59.852,1789338839.8521843,9
2026-09-13 19:33:59.859,1789338839.8598766,9
2026-09-13 19:33:59.867,1789338839.867569,14
2026-09-13 19:33:59.875,1789338839.8752613,16
2026-09-13 19:33:59.882,1789338839.8829536,14
2026-09-13 19:33:59.890,1789338839.890646,14
2026-09-13 19:33:59.898,1789338839.8983383,14
2026-09-13 19:33:59.906,1789338839.9060307,14
2026-09-13 19:33:59.913,1789338839.9137228,16
2026-09-13 19:33:59.921,1789338839.921415,16
2026-09-13 19:33:59.929,1789338839.9291074,19
2026-09-13 19:33:59.936,1789338839.9367998,21
2026-09-13 19:33:59.944,1789338839.944492,21
2026-09-13 19:33:59.952,1789338839.9521844,24
2026-09-13 19:33:59.959,1789338839.9598768,26
2026-09-13 19:33:59.967,1789338839.967569,26
2026-09-13 19:33:59.975,1789338839.9752612,26
2026-09-13 19:33:59.982,1789338839.9829535,31
2026-09-13 19:33:59.990,1789338839.990646,31
2026-09-13 19:33:59.998,1789338839.9983382,24
2026-09-13 19:34:00.006,1789338840.0060306,24
2026-09-13 19:34:00.013,1789338840.013723,38
2026-09-13 19:34:00.021,1789338840.0214152,53
2026-09-13 19:34:00.029,1789338840.0291076,67
2026-09-13 19:34:00.036,1789338840.0367997,77
2026-09-13 19:34:00.044,1789338840.044492,72
2026-09-13 19:34:00.052,1789338840.0521843,60
2026-09-13 19:34:00.059,1789338840.0598767,63
2026-09-13 19:34:00.067,1789338840.067569,58
2026-09-13 19:34:00.075,1789338840.0752614,29
2026-09-13 19:34:00.082,1789338840.0829537,12
2026-09-13 19:34:00.090,1789338840.090646,19
2026-09-13 19:34:00.098,1789338840.0983381,24
2026-09-13 19:34:00.106,1789338840.1060305,19
2026-09-13 19:34:00.113,1789338840.1137228,19
2026-09-13 19:34:00.121,1789338840.1214151,21
2026-09-13 19:34:00.129,1789338840.1291075,24
2026-09-13 19:34:00.136,1789338840.1367998,21
2026-09-13 19:34:00.144,1789338840.1444921,16
2026-09-13 19:34:00.152,1789338840.1521845,53
2026-09-13 19:34:00.159,1789338840.1598766,210
2026-09-13 19:34:00.167,1789338840.167569,504
2026-09-13 19:34:00.175,1789338840.1752613,868
2026-09-13 19:34:00.182,1789338840.1829536,982
2026-09-13 19:34:00.190,1789338840.190646,443
2026-09-13 19:34:00.198,1789338840.1983383,-242
2026-09-13 19:34:00.206,1789338840.2060306,-259
2026-09-13 19:34:00.213,1789338840.213723,-4
2026-09-13 19:34:00.221,1789338840.2214153,-53
2026-09-13 19:34:00.229,1789338840.2291074,-111
2026-09-13 19:34:00.236,1789338840.2367997,-36
2026-09-13 19:34:00.244,1789338840.244492,-31
2026-09-13 19:34:00.251,1789338840.2516532,-58
2026-09-13 19:34:00.259,1789338840.2593455,-31
2026-09-13 19:34:00.267,1789338840.2670379,-12
2026-09-13 19:34:00.274,1789338840.2747302,-16
2026-09-13 19:34:00.282,1789338840.2824225,-7
2026-09-13 19:34:00.290,1789338840.2901146,4
2026-09-13 19:34:00.297,1789338840.297807,9
2026-09-13 19:34:00.305,1789338840.3054993,19
2026-09-13 19:34:00.313,1789338840.3131917,29
2026-09-13 19:34:00.320,1789338840.320884,33
2026-09-13 19:34:00.328,1789338840.3285763,41
2026-09-13 19:34:00.336,1789338840.3362687,53
2026-09-13 19:34:00.343,1789338840.343961,63
2026-09-13 19:34:00.351,1789338840.351653,72
2026-09-13 19:34:00.359,1789338840.3593454,87
2026-09-13 19:34:00.367,1789338840.3670378,99
2026-09-13 19:34:00.374,1789338840.37473,113
2026-09-13 19:34:00.382,1789338840.3824224,130
2026-09-13 19:34:00.390,1789338840.3901148,147
2026-09-13 19:34:00.397,1789338840.3978071,172
2026-09-13 19:34:00.405,1789338840.4054995,196
2026-09-13 19:34:00.413,1789338840.4131916,210
2026-09-13 19:34:00.420,1789338840.420884,218
2026-09-13 19:34:00.428,1789338840.4285762,223
2026-09-13 19:34:00.436,1789338840.4362686,215
2026-09-13 19:34:00.443,1789338840.443961,201
2026-09-13 19:34:00.451,1789338840.4516532,169
2026-09-13 19:34:00.459,1789338840.4593456,121
2026-09-13 19:34:00.467,1789338840.467038,67
2026-09-13 19:34:00.474,1789338840.47473,21
2026-09-13 19:34:00.482,1789338840.4824224,-12
2026-09-13 19:34:00.490,1789338840.4901147,-41
2026-09-13 19:34:00.497,1789338840.497807,-60
2026-09-13 19:34:00.505,1789338840.5054994,-67
2026-09-13 19:34:00.513,1789338840.5131917,-70
2026-09-13 19:34:00.520,1789338840.520884,-67
2026-09-13 19:34:00.528,1789338840.5285764,-67
2026-09-13 19:34:00.536,1789338840.5362685,-63
2026-09-13 19:34:00.543,1789338840.5439608,-58
2026-09-13 19:34:00.551,1789338840.5516531,-48
2026-09-13 19:34:00.559,1789338840.5593455,-43
2026-09-13 19:34:00.567,1789338840.5670378,-36
2026-09-13 19:34:00.574,1789338840.5747302,-29
2026-09-13 19:34:00.582,1789338840.5824225,-26
2026-09-13 19:34:00.590,1789338840.5901148,-24
2026-09-13 19:34:00.597,1789338840.597807,-19
2026-09-13 19:34:00.605,1789338840.6054993,-16
2026-09-13 19:34:00.613,1789338840.6131916,-19
2026-09-13 19:34:00.620,1789338840.620884,-12
2026-09-13 19:34:00.628,1789338840.6285763,-7
2026-09-13 19:34:00.636,1789338840.6362686,-12
2026-09-13 19:34:00.643,1789338840.643961,-12
2026-09-13 19:34:00.651,1789338840.6516533,-9
2026-09-13 19:34:00.659,1789338840.6593454,-14
2026-09-13 19:34:00.667,1789338840.6670377,-14
2026-09-13 19:34:00.674,1789338840.67473,-7
2026-09-13 19:34:00.682,1789338840.6824224,-4
2026-09-13 19:34:00.690,1789338840.6901147,-7
2026-09-13 19:34:00.697,1789338840.697807,-12
2026-09-13 19:34:00.705,1789338840.7054994,-9
2026-09-13 19:34:00.713,1789338840.7131917,0
2026-09-13 19:34:00.720,1789338840.7208838,2
2026-09-13 19:34:00.728,1789338840.7285762,0
2026-09-13 19:34:00.736,1789338840.7362685,4
2026-09-13 19:34:00.743,1789338840.7439609,4
2026-09-13 19:34:00.751,1789338840.7516532,2
2026-09-13 19:34:00.759,1789338840.7593455,2
2026-09-13 19:34:00.767,1789338840.7670379,7
2026-09-13 19:34:00.774,1789338840.7747302,9
2026-09-13 19:34:00.782,1789338840.7824225,14
2026-09-13 19:34:00.790,1789338840.7901146,14
2026-09-13 19:34:00.797,1789338840.797807,14
2026-09-13 19:34:00.805,1789338840.8054993,14
2026-09-13 19:34:00.812,1789338840.81263,16
2026-09-13 19:34:00.820,1789338840.8203223,14
2026-09-13 19:34:00.828,1789338840.8280146,14
2026-09-13 19:34:00.835,1789338840.835707,19
2026-09-13 19:34:00.843,1789338840.8433993,16
2026-09-13 19:34:00.851,1789338840.8510914,16
2026-09-13 19:34:00.858,1789338840.8587837,24
2026-09-13 19:34:00.866,1789338840.866476,24
2026-09-13 19:34:00.874,1789338840.8741684,21
2026-09-13 19:34:00.881,1789338840.8818607,26
2026-09-13 19:34:00.889,1789338840.889553,29
2026-09-13 19:34:00.897,1789338840.8972454,21
2026-09-13 19:34:00.904,1789338840.9049377,16
2026-09-13 19:34:00.912,1789338840.9126298,24
2026-09-13 19:34:00.920,1789338840.9203222,31
2026-09-13 19:34:00.928,1789338840.9280145,29
2026-09-13 19:34:00.935,1789338840.9357069,26
2026-09-13 19:34:00.943,1789338840.9433992,26
2026-09-13 19:34:00.951,1789338840.9510915,24
2026-09-13 19:34:00.958,1789338840.9587839,26
2026-09-13 19:34:00.966,1789338840.9664762,31
2026-09-13 19:34:00.974,1789338840.9741683,29
2026-09-13 19:34:00.981,1789338840.9818606,29
2026-09-13 19:34:00.989,1789338840.989553,29
2026-09-13 19:34:00.997,1789338840.9972453,29
2026-09-13 19:34:01.004,1789338841.0049376,29
2026-09-13 19:34:01.012,1789338841.01263,31
2026-09-13 19:34:01.020,1789338841.0203223,26
2026-09-13 19:34:01.028,1789338841.0280147,24
2026-09-13 19:34:01.035,1789338841.0357068,33
2026-09-13 19:34:01.043,1789338841.043399,46
2026-09-13 19:34:01.051,1789338841.0510914,60
2026-09-13 19:34:01.058,1789338841.0587838,80
2026-09-13 19:34:01.066,1789338841.066476,84
2026-09-13 19:34:01.074,1789338841.0741684,72
2026-09-13 19:34:01.081,1789338841.0818608,65
2026-09-13 19:34:01.089,1789338841.089553,58
2026-09-13 19:34:01.097,1789338841.0972452,33
2026-09-13 19:34:01.104,1789338841.1049376,14
2026-09-13 19:34:01.112,1789338841.11263,14
2026-09-13 19:34:01.120,1789338841.1203222,16
2026-09-13 19:34:01.128,1789338841.1280146,16
2026-09-13 19:34:01.135,1789338841.135707,19
2026-09-13 19:34:01.143,1789338841.1433992,19
2026-09-13 19:34:01.151,1789338841.1510916,16
2026-09-13 19:34:01.158,1789338841.1587837,16
2026-09-13 19:34:01.166,1789338841.166476,12
2026-09-13 19:34:01.174,1789338841.1741683,48
2026-09-13 19:34:01.181,1789338841.1818607,210
2026-09-13 19:34:01.189,1789338841.189553,502
2026-09-13 19:34:01.197,1789338841.1972454,863
2026-09-13 19:34:01.204,1789338841.2049377,996
2026-09-13 19:34:01.212,1789338841.21263,472
2026-09-13 19:34:01.220,1789338841.2203221,-237
2026-09-13 19:34:01.228,1789338841.2280145,-269
2026-09-13 19:34:01.235,1789338841.2357068,-4
2026-09-13 19:34:01.243,1789338841.2433991,-50
2026-09-13 19:34:01.251,1789338841.2510915,-111
2026-09-13 19:34:01.258,1789338841.2587838,-38
2026-09-13 19:34:01.266,1789338841.2664762,-33
2026-09-13 19:34:01.274,1789338841.2741685,-60
2026-09-13 19:34:01.281,1789338841.2818606,-36
2026-09-13 19:34:01.289,1789338841.289553,-19
2026-09-13 19:34:01.297,1789338841.2972453,-21
2026-09-13 19:34:01.304,1789338841.3049376,-9
2026-09-13 19:34:01.312,1789338841.31263,0
2026-09-13 19:34:01.320,1789338841.3203223,4
2026-09-13 19:34:01.328,1789338841.3280146,14
2026-09-13 19:34:01.335,1789338841.335707,26
2026-09-13 19:34:01.343,1789338841.3433993,33
2026-09-13 19:34:01.351,1789338841.3510914,38
2026-09-13 19:34:01.358,1789338841.3587837,46
2026-09-13 19:34:01.366,1789338841.366476,63
2026-09-13 19:34:01.373,1789338841.3736372,77
2026-09-13 19:34:01.381,1789338841.3813295,89
2026-09-13 19:34:01.389,1789338841.3890219,101
2026-09-13 19:34:01.396,1789338841.3967142,121
2026-09-13 19:34:01.404,1789338841.4044065,140
2026-09-13 19:34:01.412,1789338841.4120986,160
2026-09-13 19:34:01.419,1789338841.419791,186
2026-09-13 19:34:01.427,1789338841.4274833,208
2026-09-13 19:34:01.435,1789338841.4351757,227
2026-09-13 19:34:01.442,1789338841.442868,237
2026-09-13 19:34:01.450,1789338841.4505603,242
2026-09-13 19:34:01.458,1789338841.4582527,235
2026-09-13 19:34:01.465,1789338841.465945,218
2026-09-13 19:34:01.473,1789338841.473637,181
2026-09-13 19:34:01.481,1789338841.4813294,130
2026-09-13 19:34:01.489,1789338841.4890218,82
2026-09-13 19:34:01.496,1789338841.496714,36
2026-09-13 19:34:01.504,1789338841.5044065,-7
2026-09-13 19:34:01.512,1789338841.5120988,-43
2026-09-13 19:34:01.519,1789338841.5197911,-58
2026-09-13 19:34:01.527,1789338841.5274835,-67
2026-09-13 19:34:01.535,1789338841.5351756,-72
2026-09-13 19:34:01.542,1789338841.542868,-70
2026-09-13 19:34:01.550,1789338841.5505602,-65
2026-09-13 19:34:01.558,1789338841.5582526,-60
2026-09-13 19:34:01.565,1789338841.565945,-50
2026-09-13 19:34:01.573,1789338841.5736372,-43
2026-09-13 19:34:01.581,1789338841.5813296,-38
2026-09-13 19:34:01.589,1789338841.589022,-33
2026-09-13 19:34:01.596,1789338841.596714,-29
2026-09-13 19:34:01.604,1789338841.6044064,-24
2026-09-13 19:34:01.612,1789338841.6120987,-21
2026-09-13 19:34:01.619,1789338841.619791,-19
2026-09-13 19:34:01.627,1789338841.6274834,-12
2026-09-13 19:34:01.635,1789338841.6351757,-12
2026-09-13 19:34:01.642,1789338841.642868,-14
2026-09-13 19:34:01.650,1789338841.6505604,-9
2026-09-13 19:34:01.658,1789338841.6582525,-9
2026-09-13 19:34:01.665,1789338841.6659448,-7
2026-09-13 19:34:01.673,1789338841.6736372,-7
2026-09-13 19:34:01.681,1789338841.6813295,-9
2026-09-13 19:34:01.689,1789338841.6890218,-9
2026-09-13 19:34:01.696,1789338841.6967142,-7
2026-09-13 19:34:01.704,1789338841.7044065,-4
2026-09-13 19:34:01.712,1789338841.7120988,-2
2026-09-13 19:34:01.719,1789338841.719791,2
2026-09-13 19:34:01.727,1789338841.7274833,2
2026-09-13 19:34:01.735,1789338841.7351756,0
2026-09-13 19:34:01.742,1789338841.742868,2
2026-09-13 19:34:01.750,1789338841.7505603,4
2026-09-13 19:34:01.758,1789338841.7582526,7
2026-09-13 19:34:01.765,1789338841.765945,7
2026-09-13 19:34:01.773,1789338841.7736373,9
2026-09-13 19:34:01.781,1789338841.7813294,12
2026-09-13 19:34:01.789,1789338841.7890217,14
2026-09-13 19:34:01.796,1789338841.796714,12
2026-09-13 19:34:01.804,1789338841.8044064,16
2026-09-13 19:34:01.812,1789338841.8120987,24
2026-09-13 19:34:01.819,1789338841.819791,21
2026-09-13 19:34:01.827,1789338841.8274834,19
2026-09-13 19:34:01.835,1789338841.8351758,19
2026-09-13 19:34:01.842,1789338841.8428679,21
2026-09-13 19:34:01.850,1789338841.8505602,26
2026-09-13 19:34:01.858,1789338841.8582525,26
2026-09-13 19:34:01.865,1789338841.8659449,21
2026-09-13 19:34:01.873,1789338841.8736372,24
2026-09-13 19:34:01.881,1789338841.8813295,33
2026-09-13 19:34:01.889,1789338841.8890219,33
2026-09-13 19:34:01.896,1789338841.8967142,26
2026-09-13 19:34:01.904,1789338841.9044065,26
2026-09-13 19:34:01.912,1789338841.9120986,33
2026-09-13 19:34:01.919,1789338841.919791,33
2026-09-13 19:34:01.927,1789338841.9274833,29
2026-09-13 19:34:01.934,1789338841.9346142,33
2026-09-13 19:34:01.942,1789338841.9423065,38
2026-09-13 19:34:01.949,1789338841.9499989,36
2026-09-13 19:34:01.957,1789338841.9576912,33
2026-09-13 19:34:01.965,1789338841.9653835,38
2026-09-13 19:34:01.973,1789338841.9730756,38
2026-09-13 19:34:01.980,1789338841.980768,33
2026-09-13 19:34:01.988,1789338841.9884603,43
2026-09-13 19:34:01.996,1789338841.9961526,53
2026-09-13 19:34:02.003,1789338842.003845,46
2026-09-13 19:34:02.011,1789338842.0115373,33
2026-09-13 19:34:02.019,1789338842.0192297,36
2026-09-13 19:34:02.026,1789338842.026922,36
2026-09-13 19:34:02.034,1789338842.034614,46
2026-09-13 19:34:02.042,1789338842.0423064,65
2026-09-13 19:34:02.049,1789338842.0499988,80
2026-09-13 19:34:02.057,1789338842.057691,92
2026-09-13 19:34:02.065,1789338842.0653834,104
2026-09-13 19:34:02.073,1789338842.0730758,97
2026-09-13 19:34:02.080,1789338842.080768,80
2026-09-13 19:34:02.088,1789338842.0884604,72
2026-09-13 19:34:02.096,1789338842.0961525,63
2026-09-13 19:34:02.103,1789338842.103845,46
2026-09-13 19:34:02.111,1789338842.1115372,38
2026-09-13 19:34:02.119,1789338842.1192296,36
2026-09-13 19:34:02.126,1789338842.126922,33
2026-09-13 19:34:02.134,1789338842.1346142,33
2026-09-13 19:34:02.142,1789338842.1423066,33
2026-09-13 19:34:02.149,1789338842.149999,31
2026-09-13 19:34:02.157,1789338842.157691,31
2026-09-13 19:34:02.165,1789338842.1653833,31
2026-09-13 19:34:02.173,1789338842.1730757,41
2026-09-13 19:34:02.180,1789338842.180768,128
2026-09-13 19:34:02.188,1789338842.1884604,363
2026-09-13 19:34:02.196,1789338842.1961527,729
2026-09-13 19:34:02.203,1789338842.203845,1052
2026-09-13 19:34:02.211,1789338842.2115374,831
2026-09-13 19:34:02.219,1789338842.2192295,26
2026-09-13 19:34:02.226,1789338842.2269218,-375
2026-09-13 19:34:02.234,1789338842.2346141,-104
2026-09-13 19:34:02.242,1789338842.2423065,9
2026-09-13 19:34:02.249,1789338842.2499988,-109
2026-09-13 19:34:02.257,1789338842.2576911,-72
2026-09-13 19:34:02.265,1789338842.2653835,-9
2026-09-13 19:34:02.273,1789338842.2730758,-36
2026-09-13 19:34:02.280,1789338842.280768,-29
2026-09-13 19:34:02.288,1789338842.2884603,0
2026-09-13 19:34:02.296,1789338842.2961526,0
2026-09-13 19:34:02.303,1789338842.303845,2
2026-09-13 19:34:02.311,1789338842.3115373,14
2026-09-13 19:34:02.319,1789338842.3192296,16
2026-09-13 19:34:02.326,1789338842.326922,26
2026-09-13 19:34:02.334,1789338842.3346143,41
2026-09-13 19:34:02.342,1789338842.3423064,46
2026-09-13 19:34:02.349,1789338842.3499987,50
2026-09-13 19:34:02.357,1789338842.357691,63
2026-09-13 19:34:02.365,1789338842.3653834,80
2026-09-13 19:34:02.373,1789338842.3730757,97
2026-09-13 19:34:02.380,1789338842.380768,106
2026-09-13 19:34:02.388,1789338842.3884604,118
2026-09-13 19:34:02.396,1789338842.3961527,147
2026-09-13 19:34:02.403,1789338842.4038448,172
2026-09-13 19:34:02.411,1789338842.4115372,184
2026-09-13 19:34:02.419,1789338842.4192295,215
2026-09-13 19:34:02.426,1789338842.4269218,252
2026-09-13 19:34:02.434,1789338842.4346142,274
2026-09-13 19:34:02.442,1789338842.4423065,293
2026-09-13 19:34:02.449,1789338842.4499989,310
2026-09-13 19:34:02.457,1789338842.4576912,310
2026-09-13 19:34:02.465,1789338842.4653835,298
2026-09-13 19:34:02.473,1789338842.4730756,259
2026-09-13 19:34:02.480,1789338842.480768,194
2026-09-13 19:34:02.488,1789338842.4884603,118
2026-09-13 19:34:02.495,1789338842.4956212,60
2026-09-13 19:34:02.503,1789338842.5033135,12
2026-09-13 19:34:02.511,1789338842.5110059,-31
2026-09-13 19:34:02.518,1789338842.5186982,-58
2026-09-13 19:34:02.526,1789338842.5263906,-75
2026-09-13 19:34:02.534,1789338842.5340827,-77
2026-09-13 19:34:02.541,1789338842.541775,-72
2026-09-13 19:34:02.549,1789338842.5494673,-80
2026-09-13 19:34:02.557,1789338842.5571597,-75
2026-09-13 19:34:02.564,1789338842.564852,-60
2026-09-13 19:34:02.572,1789338842.5725443,-60
2026-09-13 19:34:02.580,1789338842.5802367,-50
2026-09-13 19:34:02.587,1789338842.587929,-31
2026-09-13 19:34:02.595,1789338842.595621,-26
2026-09-13 19:34:02.603,1789338842.6033134,-26
2026-09-13 19:34:02.611,1789338842.6110058,-12
2026-09-13 19:34:02.618,1789338842.6186981,-7
2026-09-13 19:34:02.626,1789338842.6263905,-19
2026-09-13 19:34:02.634,1789338842.6340828,-21
2026-09-13 19:34:02.641,1789338842.6417751,-16
2026-09-13 19:34:02.649,1789338842.6494675,-7
2026-09-13 19:34:02.657,1789338842.6571596,0
2026-09-13 19:34:02.664,1789338842.664852,2
2026-09-13 19:34:02.672,1789338842.6725442,0
2026-09-13 19:34:02.680,1789338842.6802366,0
2026-09-13 19:34:02.687,1789338842.687929,0
2026-09-13 19:34:02.695,1789338842.6956213,-2
2026-09-13 19:34:02.703,1789338842.7033136,-4
2026-09-13 19:34:02.711,1789338842.711006,-2
2026-09-13 19:34:02.718,1789338842.718698,4
2026-09-13 19:34:02.726,1789338842.7263904,4
2026-09-13 19:34:02.734,1789338842.7340827,7
2026-09-13 19:34:02.741,1789338842.741775,14
2026-09-13 19:34:02.749,1789338842.7494674,16
2026-09-13 19:34:02.757,1789338842.7571597,14
2026-09-13 19:34:02.764,1789338842.764852,16
2026-09-13 19:34:02.772,1789338842.7725444,21
2026-09-13 19:34:02.780,1789338842.7802365,24
2026-09-13 19:34:02.787,1789338842.7879288,24
2026-09-13 19:34:02.795,1789338842.7956212,24
2026-09-13 19:34:02.803,1789338842.8033135,24
2026-09-13 19:34:02.811,1789338842.8110058,26
2026-09-13 19:34:02.818,1789338842.8186982,31
2026-09-13 19:34:02.826,1789338842.8263905,38
2026-09-13 19:34:02.834,1789338842.8340828,29
2026-09-13 19:34:02.841,1789338842.841775,21
2026-09-13 19:34:02.849,1789338842.8494673,41
2026-09-13 19:34:02.857,1789338842.8571596,55
2026-09-13 19:34:02.864,1789338842.864852,41
2026-09-13 19:34:02.872,1789338842.8725443,29
2026-09-13 19:34:02.880,1789338842.8802366,43
2026-09-13 19:34:02.887,1789338842.887929,48
2026-09-13 19:34:02.895,1789338842.8956213,33
2026-09-13 19:34:02.903,1789338842.9033134,29
2026-09-13 19:34:02.911,1789338842.9110057,58
2026-09-13 19:34:02.918,1789338842.918698,87
2026-09-13 19:34:02.926,1789338842.9263904,97
2026-09-13 19:34:02.934,1789338842.9340827,97
2026-09-13 19:34:02.941,1789338842.941775,84
2026-09-13 19:34:02.949,1789338842.9494674,72
2026-09-13 19:34:02.957,1789338842.9571598,70
2026-09-13 19:34:02.964,1789338842.9648519,67
2026-09-13 19:34:02.972,1789338842.9725442,48
2026-09-13 19:34:02.980,1789338842.9802365,31
2026-09-13 19:34:02.987,1789338842.9879289,24
2026-09-13 19:34:02.995,1789338842.9956212,26
2026-09-13 19:34:03.003,1789338843.0033135,36
2026-09-13 19:34:03.011,1789338843.0110059,46
2026-09-13 19:34:03.018,1789338843.0186982,41
2026-09-13 19:34:03.026,1789338843.0263906,29
2026-09-13 19:34:03.034,1789338843.0340827,31
2026-09-13 19:34:03.041,1789338843.041775,41
2026-09-13 19:34:03.049,1789338843.0494673,99
2026-09-13 19:34:03.056,1789338843.0565982,310
2026-09-13 19:34:03.064,1789338843.0642905,688
2026-09-13 19:34:03.071,1789338843.0719829,1057
2026-09-13 19:34:03.079,1789338843.0796752,962
2026-09-13 19:34:03.087,1789338843.0873675,189
2026-09-13 19:34:03.095,1789338843.0950596,-402
2026-09-13 19:34:03.102,1789338843.102752,-198
2026-09-13 19:34:03.110,1789338843.1104443,29
2026-09-13 19:34:03.118,1789338843.1181366,-75
2026-09-13 19:34:03.125,1789338843.125829,-67
2026-09-13 19:34:03.133,1789338843.1335213,19
2026-09-13 19:34:03.141,1789338843.1412137,-16
2026-09-13 19:34:03.148,1789338843.148906,-33
2026-09-13 19:34:03.156,1789338843.156598,4
2026-09-13 19:34:03.164,1789338843.1642904,16
2026-09-13 19:34:03.171,1789338843.1719828,21
2026-09-13 19:34:03.179,1789338843.179675,41
2026-09-13 19:34:03.187,1789338843.1873674,50
2026-09-13 19:34:03.195,1789338843.1950598,50
2026-09-13 19:34:03.202,1789338843.202752,53
2026-09-13 19:34:03.210,1789338843.2104445,60
2026-09-13 19:34:03.218,1789338843.2181365,75
2026-09-13 19:34:03.225,1789338843.225829,97
2026-09-13 19:34:03.233,1789338843.2335212,104
2026-09-13 19:34:03.241,1789338843.2412136,111
2026-09-13 19:34:03.248,1789338843.248906,133
2026-09-13 19:34:03.256,1789338843.2565982,152
2026-09-13 19:34:03.264,1789338843.2642906,167
2026-09-13 19:34:03.271,1789338843.271983,189
2026-09-13 19:34:03.279,1789338843.279675,210
2026-09-13 19:34:03.287,1789338843.2873673,247
2026-09-13 19:34:03.295,1789338843.2950597,288
2026-09-13 19:34:03.302,1789338843.302752,320
2026-09-13 19:34:03.310,1789338843.3104444,341
2026-09-13 19:34:03.318,1789338843.3181367,346
2026-09-13 19:34:03.325,1789338843.325829,337
2026-09-13 19:34:03.333,1789338843.3335214,315
2026-09-13 19:34:03.341,1789338843.3412135,269
2026-09-13 19:34:03.348,1789338843.3489058,203
2026-09-13 19:34:03.356,1789338843.3565981,133
2026-09-13 19:34:03.364,1789338843.3642905,65
2026-09-13 19:34:03.371,1789338843.3719828,-2
2026-09-13 19:34:03.379,1789338843.3796751,-60
2026-09-13 19:34:03.387,1789338843.3873675,-87
2026-09-13 19:34:03.395,1789338843.3950598,-92
2026-09-13 19:34:03.402,1789338843.402752,-97
2026-09-13 19:34:03.410,1789338843.4104443,-99
2026-09-13 19:34:03.418,1789338843.4181366,-99
2026-09-13 19:34:03.425,1789338843.425829,-94
2026-09-13 19:34:03.433,1789338843.4335213,-84
2026-09-13 19:34:03.441,1789338843.4412136,-80
2026-09-13 19:34:03.448,1789338843.448906,-70
2026-09-13 19:34:03.456,1789338843.4565983,-63
2026-09-13 19:34:03.464,1789338843.4642904,-65
2026-09-13 19:34:03.471,1789338843.4719827,-55
2026-09-13 19:34:03.479,1789338843.479675,-36
2026-09-13 19:34:03.487,1789338843.4873674,-36
2026-09-13 19:34:03.495,1789338843.4950597,-43
2026-09-13 19:34:03.502,1789338843.502752,-31
2026-09-13 19:34:03.510,1789338843.5104444,-19
2026-09-13 19:34:03.518,1789338843.5181367,-12
2026-09-13 19:34:03.525,1789338843.5258288,-9
2026-09-13 19:34:03.533,1789338843.5335212,-14
2026-09-13 19:34:03.541,1789338843.5412135,-19
2026-09-13 19:34:03.548,1789338843.5489058,-24
2026-09-13 19:34:03.556,1789338843.5565982,-16
2026-09-13 19:34:03.564,1789338843.5642905,-4
2026-09-13 19:34:03.571,1789338843.5719829,-14
2026-09-13 19:34:03.579,1789338843.5796752,-19
2026-09-13 19:34:03.587,1789338843.5873675,-2
2026-09-13 19:34:03.595,1789338843.5950596,7
2026-09-13 19:34:03.602,1789338843.602752,-2
2026-09-13 19:34:03.610,1789338843.6104443,-12
2026-09-13 19:34:03.617,1789338843.6175747,-9
2026-09-13 19:34:03.625,1789338843.625267,-2
2026-09-13 19:34:03.632,1789338843.6329594,9
2026-09-13 19:34:03.640,1789338843.6406517,9
2026-09-13 19:34:03.648,1789338843.648344,4
2026-09-13 19:34:03.656,1789338843.6560361,7
2026-09-13 19:34:03.663,1789338843.6637285,12
2026-09-13 19:34:03.671,1789338843.6714208,12
2026-09-13 19:34:03.679,1789338843.6791131,12
2026-09-13 19:34:03.686,1789338843.6868055,14
2026-09-13 19:34:03.694,1789338843.6944978,26
2026-09-13 19:34:03.702,1789338843.7021902,36
2026-09-13 19:34:03.709,1789338843.7098825,43
2026-09-13 19:34:03.717,1789338843.7175746,67
2026-09-13 19:34:03.725,1789338843.725267,77
2026-09-13 19:34:03.732,1789338843.7329593,55
2026-09-13 19:34:03.740,1789338843.7406516,53
2026-09-13 19:34:03.748,1789338843.748344,67
2026-09-13 19:34:03.756,1789338843.7560363,41
2026-09-13 19:34:03.763,1789338843.7637286,12
2026-09-13 19:34:03.771,1789338843.771421,9
2026-09-13 19:34:03.779,1789338843.779113,19
2026-09-13 19:34:03.786,1789338843.7868054,19
2026-09-13 19:34:03.794,1789338843.7944977,12
2026-09-13 19:34:03.802,1789338843.80219,16
2026-09-13 19:34:03.809,1789338843.8098824,21
2026-09-13 19:34:03.817,1789338843.8175747,14
2026-09-13 19:34:03.825,1789338843.825267,12
2026-09-13 19:34:03.832,1789338843.8329594,29
2026-09-13 19:34:03.840,1789338843.8406515,126
2026-09-13 19:34:03.848,1789338843.8483438,383
2026-09-13 19:34:03.856,1789338843.8560362,776
2026-09-13 19:34:03.863,1789338843.8637285,1074
2026-09-13 19:34:03.871,1789338843.8714209,788
2026-09-13 19:34:03.879,1789338843.8791132,-33
2026-09-13 19:34:03.886,1789338843.8868055,-400
2026-09-13 19:34:03.894,1789338843.8944979,-101
2026-09-13 19:34:03.902,1789338843.90219,21
2026-09-13 19:34:03.909,1789338843.9098823,-104
2026-09-13 19:34:03.917,1789338843.9175746,-67
2026-09-13 19:34:03.925,1789338843.925267,4
2026-09-13 19:34:03.932,1789338843.9329593,-29
2026-09-13 19:34:03.940,1789338843.9406517,-43
2026-09-13 19:34:03.948,1789338843.948344,-12
2026-09-13 19:34:03.956,1789338843.9560363,-2
2026-09-13 19:34:03.963,1789338843.9637284,-2
2026-09-13 19:34:03.971,1789338843.9714208,14
2026-09-13 19:34:03.979,1789338843.979113,24
2026-09-13 19:34:03.986,1789338843.9868054,26
2026-09-13 19:34:03.994,1789338843.9944978,41
2026-09-13 19:34:04.002,1789338844.00219,53
2026-09-13 19:34:04.009,1789338844.0098825,58
2026-09-13 19:34:04.017,1789338844.0175748,70
2026-09-13 19:34:04.025,1789338844.025267,92
2026-09-13 19:34:04.032,1789338844.0329592,97
2026-09-13 19:34:04.040,1789338844.0406516,99
2026-09-13 19:34:04.048,1789338844.048344,118
2026-09-13 19:34:04.056,1789338844.0560362,152
2026-09-13 19:34:04.063,1789338844.0637286,184
2026-09-13 19:34:04.071,1789338844.071421,201
2026-09-13 19:34:04.079,1789338844.0791132,227
2026-09-13 19:34:04.086,1789338844.0868053,276
2026-09-13 19:34:04.094,1789338844.0944977,305
2026-09-13 19:34:04.102,1789338844.10219,307
2026-09-13 19:34:04.109,1789338844.1098824,310
2026-09-13 19:34:04.117,1789338844.1175747,312
2026-09-13 19:34:04.125,1789338844.125267,291
2026-09-13 19:34:04.132,1789338844.1329594,230
2026-09-13 19:34:04.140,1789338844.1406517,145
2026-09-13 19:34:04.148,1789338844.148344,82
2026-09-13 19:34:04.156,1789338844.1560361,29
2026-09-13 19:34:04.163,1789338844.1637285,-29
2026-09-13 19:34:04.171,1789338844.1714208,-63
2026-09-13 19:34:04.178,1789338844.1785822,-72
2026-09-13 19:34:04.186,1789338844.1862745,-92
2026-09-13 19:34:04.193,1789338844.1939669,-99
2026-09-13 19:34:04.201,1789338844.2016592,-89
2026-09-13 19:34:04.209,1789338844.2093515,-89
2026-09-13 19:34:04.217,1789338844.2170436,-99
2026-09-13 19:34:04.224,1789338844.224736,-87
2026-09-13 19:34:04.232,1789338844.2324283,-60
2026-09-13 19:34:04.240,1789338844.2401206,-63
2026-09-13 19:34:04.247,1789338844.247813,-65
2026-09-13 19:34:04.255,1789338844.2555053,-46
2026-09-13 19:34:04.263,1789338844.2631977,-31
2026-09-13 19:34:04.270,1789338844.27089,-29
2026-09-13 19:34:04.278,1789338844.278582,-21
2026-09-13 19:34:04.286,1789338844.2862744,-16
2026-09-13 19:34:04.293,1789338844.2939668,-16
2026-09-13 19:34:04.301,1789338844.301659,-12
2026-09-13 19:34:04.309,1789338844.3093514,-9
2026-09-13 19:34:04.317,1789338844.3170438,-9
2026-09-13 19:34:04.324,1789338844.324736,-9
2026-09-13 19:34:04.332,1789338844.3324285,-4
2026-09-13 19:34:04.340,1789338844.3401206,7
2026-09-13 19:34:04.347,1789338844.347813,4
2026-09-13 19:34:04.355,1789338844.3555052,0
2026-09-13 19:34:04.363,1789338844.3631976,4
2026-09-13 19:34:04.370,1789338844.37089,0
2026-09-13 19:34:04.378,1789338844.3785822,-2
2026-09-13 19:34:04.386,1789338844.3862746,4
2026-09-13 19:34:04.393,1789338844.393967,9
2026-09-13 19:34:04.401,1789338844.401659,9
2026-09-13 19:34:04.409,1789338844.4093513,14
2026-09-13 19:34:04.417,1789338844.4170437,14
2026-09-13 19:34:04.424,1789338844.424736,16
2026-09-13 19:34:04.432,1789338844.4324284,24
2026-09-13 19:34:04.440,1789338844.4401207,19
2026-09-13 19:34:04.447,1789338844.447813,19
2026-09-13 19:34:04.455,1789338844.4555054,31
2026-09-13 19:34:04.463,1789338844.4631975,43
2026-09-13 19:34:04.470,1789338844.4708898,50
2026-09-13 19:34:04.478,1789338844.4785821,72
2026-09-13 19:34:04.486,1789338844.4862745,75
2026-09-13 19:34:04.493,1789338844.4939668,58
2026-09-13 19:34:04.501,1789338844.5016592,55
2026-09-13 19:34:04.509,1789338844.5093515,53
2026-09-13 19:34:04.517,1789338844.5170438,31
2026-09-13 19:34:04.524,1789338844.524736,12
2026-09-13 19:34:04.532,1789338844.5324283,14
2026-09-13 19:34:04.540,1789338844.5401206,19
2026-09-13 19:34:04.547,1789338844.547813,14
2026-09-13 19:34:04.555,1789338844.5555053,12
2026-09-13 19:34:04.563,1789338844.5631976,21
2026-09-13 19:34:04.570,1789338844.57089,29
2026-09-13 19:34:04.578,1789338844.5785823,26
2026-09-13 19:34:04.586,1789338844.5862744,21
2026-09-13 19:34:04.593,1789338844.5939667,63
2026-09-13 19:34:04.601,1789338844.601659,240
2026-09-13 19:34:04.609,1789338844.6093514,594
2026-09-13 19:34:04.617,1789338844.6170437,965
2026-09-13 19:34:04.624,1789338844.624736,974
2026-09-13 19:34:04.632,1789338844.6324284,356
2026-09-13 19:34:04.640,1789338844.6401207,-286
2026-09-13 19:34:04.647,1789338844.6478128,-237
2026-09-13 19:34:04.655,1789338844.6555052,21
2026-09-13 19:34:04.663,1789338844.6631975,-41
2026-09-13 19:34:04.670,1789338844.6708899,-97
2026-09-13 19:34:04.678,1789338844.6785822,-21
2026-09-13 19:34:04.686,1789338844.6862745,-24
2026-09-13 19:34:04.693,1789338844.6939669,-48
2026-09-13 19:34:04.701,1789338844.7016592,-14
2026-09-13 19:34:04.709,1789338844.7093515,-4
2026-09-13 19:34:04.717,1789338844.7170436,-7
2026-09-13 19:34:04.724,1789338844.724736,12
2026-09-13 19:34:04.732,1789338844.7324283,21
2026-09-13 19:34:04.739,1789338844.7395592,21
2026-09-13 19:34:04.747,1789338844.7472515,31
2026-09-13 19:34:04.754,1789338844.7549438,41
2026-09-13 19:34:04.762,1789338844.7626362,41
2026-09-13 19:34:04.770,1789338844.7703285,50
2026-09-13 19:34:04.778,1789338844.7780206,65
2026-09-13 19:34:04.785,1789338844.785713,75
2026-09-13 19:34:04.793,1789338844.7934053,89
2026-09-13 19:34:04.801,1789338844.8010976,106
2026-09-13 19:34:04.808,1789338844.80879,118
2026-09-13 19:34:04.816,1789338844.8164823,143
2026-09-13 19:34:04.824,1789338844.8241746,169
2026-09-13 19:34:04.831,1789338844.831867,191
2026-09-13 19:34:04.839,1789338844.839559,220
2026-09-13 19:34:04.847,1789338844.8472514,252
2026-09-13 19:34:04.854,1789338844.8549438,266
2026-09-13 19:34:04.862,1789338844.862636,271
2026-09-13 19:34:04.870,1789338844.8703284,271
2026-09-13 19:34:04.878,1789338844.8780208,247
2026-09-13 19:34:04.885,1789338844.885713,206
2026-09-13 19:34:04.893,1789338844.8934054,152
2026-09-13 19:34:04.901,1789338844.9010975,87
2026-09-13 19:34:04.908,1789338844.9087899,26
2026-09-13 19:34:04.916,1789338844.9164822,-21
2026-09-13 19:34:04.924,1789338844.9241745,-55
2026-09-13 19:34:04.931,1789338844.931867,-82
2026-09-13 19:34:04.939,1789338844.9395592,-97
2026-09-13 19:34:04.947,1789338844.9472516,-97
2026-09-13 19:34:04.954,1789338844.954944,-89
2026-09-13 19:34:04.962,1789338844.962636,-94
2026-09-13 19:34:04.970,1789338844.9703283,-97
2026-09-13 19:34:04.978,1789338844.9780207,-84
2026-09-13 19:34:04.985,1789338844.985713,-75
2026-09-13 19:34:04.993,1789338844.9934053,-67
2026-09-13 19:34:05.001,1789338845.0010977,-60
2026-09-13 19:34:05.008,1789338845.00879,-58
2026-09-13 19:34:05.016,1789338845.0164824,-58
2026-09-13 19:34:05.024,1789338845.0241745,-50
2026-09-13 19:34:05.031,1789338845.0318668,-46
2026-09-13 19:34:05.039,1789338845.0395591,-41
2026-09-13 19:34:05.047,1789338845.0472515,-33
2026-09-13 19:34:05.054,1789338845.0549438,-31
2026-09-13 19:34:05.062,1789338845.0626361,-26
2026-09-13 19:34:05.070,1789338845.0703285,-19
2026-09-13 19:34:05.078,1789338845.0780208,-21
2026-09-13 19:34:05.085,1789338845.085713,-24
2026-09-13 19:34:05.093,1789338845.0934052,-21
2026-09-13 19:34:05.101,1789338845.1010976,-16
2026-09-13 19:34:05.108,1789338845.10879,-14
2026-09-13 19:34:05.116,1789338845.1164823,-19
2026-09-13 19:34:05.124,1789338845.1241746,-21
2026-09-13 19:34:05.131,1789338845.131867,-16
2026-09-13 19:34:05.139,1789338845.1395593,-14
2026-09-13 19:34:05.147,1789338845.1472514,-14
2026-09-13 19:34:05.154,1789338845.1549437,-14
2026-09-13 19:34:05.162,1789338845.162636,-12
2026-09-13 19:34:05.170,1789338845.1703284,-7
2026-09-13 19:34:05.178,1789338845.1780207,-2
2026-09-13 19:34:05.185,1789338845.185713,-4
2026-09-13 19:34:05.193,1789338845.1934054,-7
2026-09-13 19:34:05.201,1789338845.2010977,0
2026-09-13 19:34:05.208,1789338845.2087898,2
2026-09-13 19:34:05.216,1789338845.2164822,2
2026-09-13 19:34:05.224,1789338845.2241745,2
2026-09-13 19:34:05.231,1789338845.2318668,2
2026-09-13 19:34:05.239,1789338845.2395592,9
2026-09-13 19:34:05.247,1789338845.2472515,21
2026-09-13 19:34:05.254,1789338845.2549438,29
2026-09-13 19:34:05.262,1789338845.2626362,43
2026-09-13 19:34:05.270,1789338845.2703285,55
2026-09-13 19:34:05.278,1789338845.2780206,43
2026-09-13 19:34:05.285,1789338845.285713,36
2026-09-13 19:34:05.293,1789338845.2934053,46
2026-09-13 19:34:05.300,1789338845.3005664,36
2026-09-13 19:34:05.308,1789338845.3082588,4
2026-09-13 19:34:05.315,1789338845.315951,-9
2026-09-13 19:34:05.323,1789338845.3236434,-2
2026-09-13 19:34:05.331,1789338845.3313358,0
2026-09-13 19:34:05.339,1789338845.339028,-2
2026-09-13 19:34:05.346,1789338845.3467202,-2
2026-09-13 19:34:05.354,1789338845.3544126,2
2026-09-13 19:34:05.362,1789338845.362105,4
2026-09-13 19:34:05.369,1789338845.3697972,2
2026-09-13 19:34:05.377,1789338845.3774896,2
2026-09-13 19:34:05.385,1789338845.385182,43
2026-09-13 19:34:05.392,1789338845.3928742,206
2026-09-13 19:34:05.400,1789338845.4005663,516
2026-09-13 19:34:05.408,1789338845.4082587,863
2026-09-13 19:34:05.415,1789338845.415951,906
2026-09-13 19:34:05.423,1789338845.4236434,344
2026-09-13 19:34:05.431,1789338845.4313357,-274
2026-09-13 19:34:05.439,1789338845.439028,-247
2026-09-13 19:34:05.446,1789338845.4467204,-9
2026-09-13 19:34:05.454,1789338845.4544127,-65
2026-09-13 19:34:05.462,1789338845.4621048,-118
2026-09-13 19:34:05.469,1789338845.4697971,-46
2026-09-13 19:34:05.477,1789338845.4774895,-41
2026-09-13 19:34:05.485,1789338845.4851818,-63
2026-09-13 19:34:05.492,1789338845.4928741,-41
2026-09-13 19:34:05.500,1789338845.5005665,-24
2026-09-13 19:34:05.508,1789338845.5082588,-29
2026-09-13 19:34:05.515,1789338845.5159512,-21
2026-09-13 19:34:05.523,1789338845.5236433,-12
2026-09-13 19:34:05.531,1789338845.5313356,-4
2026-09-13 19:34:05.539,1789338845.539028,0
2026-09-13 19:34:05.546,1789338845.5467203,7
2026-09-13 19:34:05.554,1789338845.5544126,14
2026-09-13 19:34:05.562,1789338845.562105,21
2026-09-13 19:34:05.569,1789338845.5697973,29
2026-09-13 19:34:05.577,1789338845.5774896,38
2026-09-13 19:34:05.585,1789338845.5851817,50
2026-09-13 19:34:05.592,1789338845.592874,63
2026-09-13 19:34:05.600,1789338845.6005664,77
2026-09-13 19:34:05.608,1789338845.6082587,94
2026-09-13 19:34:05.615,1789338845.615951,111
2026-09-13 19:34:05.623,1789338845.6236434,133
2026-09-13 19:34:05.631,1789338845.6313357,152
2026-09-13 19:34:05.639,1789338845.639028,172
2026-09-13 19:34:05.646,1789338845.6467202,189
2026-09-13 19:34:05.654,1789338845.6544125,196
2026-09-13 19:34:05.662,1789338845.6621048,194
2026-09-13 19:34:05.669,1789338845.6697972,179
2026-09-13 19:34:05.677,1789338845.6774895,155
2026-09-13 19:34:05.685,1789338845.6851819,113
2026-09-13 19:34:05.692,1789338845.6928742,60
2026-09-13 19:34:05.700,1789338845.7005665,9
2026-09-13 19:34:05.708,1789338845.7082586,-31
2026-09-13 19:34:05.715,1789338845.715951,-60
2026-09-13 19:34:05.723,1789338845.7236433,-80
2026-09-13 19:34:05.731,1789338845.7313356,-94
2026-09-13 19:34:05.739,1789338845.739028,-101
2026-09-13 19:34:05.746,1789338845.7467203,-99
2026-09-13 19:34:05.754,1789338845.7544127,-94
2026-09-13 19:34:05.762,1789338845.762105,-89
2026-09-13 19:34:05.769,1789338845.769797,-87
2026-09-13 19:34:05.777,1789338845.7774894,-80
2026-09-13 19:34:05.785,1789338845.7851818,-72
2026-09-13 19:34:05.792,1789338845.792874,-67
2026-09-13 19:34:05.800,1789338845.8005664,-63
2026-09-13 19:34:05.808,1789338845.8082588,-55
2026-09-13 19:34:05.815,1789338845.815951,-48
2026-09-13 19:34:05.823,1789338845.8236434,-43
2026-09-13 19:34:05.831,1789338845.8313358,-43
2026-09-13 19:34:05.839,1789338845.839028,-41
2026-09-13 19:34:05.846,1789338845.8467202,-33
2026-09-13 19:34:05.854,1789338845.8544126,-31
2026-09-13 19:34:05.861,1789338845.8615432,-36
2026-09-13 19:34:05.869,1789338845.8692355,-36
2026-09-13 19:34:05.876,1789338845.8769279,-31
2026-09-13 19:34:05.884,1789338845.8846202,-29
2026-09-13 19:34:05.892,1789338845.8923125,-33
2026-09-13 19:34:05.900,1789338845.9000046,-33
2026-09-13 19:34:05.907,1789338845.907697,-24
2026-09-13 19:34:05.915,1789338845.9153893,-21
2026-09-13 19:34:05.923,1789338845.9230816,-21
2026-09-13 19:34:05.930,1789338845.930774,-21
2026-09-13 19:34:05.938,1789338845.9384663,-19
2026-09-13 19:34:05.946,1789338845.9461586,-16
2026-09-13 19:34:05.953,1789338845.953851,-14
2026-09-13 19:34:05.961,1789338845.961543,-9
2026-09-13 19:34:05.969,1789338845.9692354,-7
2026-09-13 19:34:05.976,1789338845.9769278,-7
2026-09-13 19:34:05.984,1789338845.98462,-7
2026-09-13 19:34:05.992,1789338845.9923124,-4
2026-09-13 19:34:06.000,1789338846.0000048,-2
2026-09-13 19:34:06.007,1789338846.007697,0
2026-09-13 19:34:06.015,1789338846.0153894,2
2026-09-13 19:34:06.023,1789338846.0230815,2
2026-09-13 19:34:06.030,1789338846.0307739,2
2026-09-13 19:34:06.038,1789338846.0384662,4
2026-09-13 19:34:06.046,1789338846.0461586,7
2026-09-13 19:34:06.053,1789338846.053851,7
2026-09-13 19:34:06.061,1789338846.0615432,4
2026-09-13 19:34:06.069,1789338846.0692356,9
2026-09-13 19:34:06.076,1789338846.076928,12
2026-09-13 19:34:06.084,1789338846.08462,12
2026-09-13 19:34:06.092,1789338846.0923123,16
2026-09-13 19:34:06.100,1789338846.1000047,19
2026-09-13 19:34:06.107,1789338846.107697,14
2026-09-13 19:34:06.115,1789338846.1153893,14
2026-09-13 19:34:06.123,1789338846.1230817,21
2026-09-13 19:34:06.130,1789338846.130774,19
2026-09-13 19:34:06.138,1789338846.1384664,12
2026-09-13 19:34:06.146,1789338846.1461585,19
2026-09-13 19:34:06.153,1789338846.1538508,36
2026-09-13 19:34:06.161,1789338846.1615431,50
2026-09-13 19:34:06.169,1789338846.1692355,58
2026-09-13 19:34:06.176,1789338846.1769278,72
2026-09-13 19:34:06.184,1789338846.1846201,80
2026-09-13 19:34:06.192,1789338846.1923125,63
2026-09-13 19:34:06.200,1789338846.2000048,60
2026-09-13 19:34:06.207,1789338846.207697,60
2026-09-13 19:34:06.215,1789338846.2153893,41
2026-09-13 19:34:06.223,1789338846.2230816,16
2026-09-13 19:34:06.230,1789338846.230774,14
2026-09-13 19:34:06.238,1789338846.2384663,19
2026-09-13 19:34:06.246,1789338846.2461586,19
2026-09-13 19:34:06.253,1789338846.253851,19
2026-09-13 19:34:06.261,1789338846.2615433,26
2026-09-13 19:34:06.269,1789338846.2692354,29
2026-09-13 19:34:06.276,1789338846.2769277,26
2026-09-13 19:34:06.284,1789338846.28462,21
2026-09-13 19:34:06.292,1789338846.2923124,36
2026-09-13 19:34:06.300,1789338846.3000047,147
2026-09-13 19:34:06.307,1789338846.307697,407
2026-09-13 19:34:06.315,1789338846.3153894,766
2026-09-13 19:34:06.323,1789338846.3230817,1028
2026-09-13 19:34:06.330,1789338846.3307738,715
2026-09-13 19:34:06.338,1789338846.3384662,-53
2026-09-13 19:34:06.346,1789338846.3461585,-327
2026-09-13 19:34:06.353,1789338846.3538508,-60
2026-09-13 19:34:06.361,1789338846.3615432,-4
2026-09-13 19:34:06.369,1789338846.3692355,-109
2026-09-13 19:34:06.376,1789338846.3769279,-60
2026-09-13 19:34:06.384,1789338846.3846202,-21
2026-09-13 19:34:06.392,1789338846.3923125,-53
2026-09-13 19:34:06.400,1789338846.4000046,-43
2026-09-13 19:34:06.407,1789338846.407697,-16
2026-09-13 19:34:06.415,1789338846.4153893,-24
2026-09-13 19:34:06.422,1789338846.4225504,-19
2026-09-13 19:34:06.430,1789338846.4302428,-2
2026-09-13 19:34:06.437,1789338846.437935,0
2026-09-13 19:34:06.445,1789338846.4456275,0
2026-09-13 19:34:06.453,1789338846.4533198,12
2026-09-13 19:34:06.461,1789338846.461012,21
2026-09-13 19:34:06.468,1789338846.4687042,29
2026-09-13 19:34:06.476,1789338846.4763966,41
2026-09-13 19:34:06.484,1789338846.484089,48
2026-09-13 19:34:06.491,1789338846.4917812,60
2026-09-13 19:34:06.499,1789338846.4994736,75
2026-09-13 19:34:06.507,1789338846.507166,87
2026-09-13 19:34:06.514,1789338846.5148582,104
2026-09-13 19:34:06.522,1789338846.5225503,121
2026-09-13 19:34:06.530,1789338846.5302427,143
2026-09-13 19:34:06.537,1789338846.537935,162
2026-09-13 19:34:06.545,1789338846.5456274,181
2026-09-13 19:34:06.553,1789338846.5533197,198
2026-09-13 19:34:06.561,1789338846.561012,213
2026-09-13 19:34:06.568,1789338846.5687044,215
2026-09-13 19:34:06.576,1789338846.5763967,210
2026-09-13 19:34:06.584,1789338846.5840888,196
2026-09-13 19:34:06.591,1789338846.5917811,164
2026-09-13 19:34:06.599,1789338846.5994735,118
2026-09-13 19:34:06.607,1789338846.6071658,67
2026-09-13 19:34:06.614,1789338846.6148582,24
2026-09-13 19:34:06.622,1789338846.6225505,-16
2026-09-13 19:34:06.630,1789338846.6302428,-48
2026-09-13 19:34:06.637,1789338846.6379352,-67
2026-09-13 19:34:06.645,1789338846.6456273,-80
2026-09-13 19:34:06.653,1789338846.6533196,-82
2026-09-13 19:34:06.661,1789338846.661012,-80
2026-09-13 19:34:06.668,1789338846.6687043,-77
2026-09-13 19:34:06.676,1789338846.6763966,-72
2026-09-13 19:34:06.684,1789338846.684089,-60
2026-09-13 19:34:06.691,1789338846.6917813,-48
2026-09-13 19:34:06.699,1789338846.6994736,-43
2026-09-13 19:34:06.707,1789338846.7071657,-38
2026-09-13 19:34:06.714,1789338846.714858,-31
2026-09-13 19:34:06.722,1789338846.7225504,-26
2026-09-13 19:34:06.730,1789338846.7302427,-24
2026-09-13 19:34:06.737,1789338846.737935,-24
2026-09-13 19:34:06.745,1789338846.7456274,-19
2026-09-13 19:34:06.753,1789338846.7533197,-16
2026-09-13 19:34:06.761,1789338846.761012,-14
2026-09-13 19:34:06.768,1789338846.7687042,-12
2026-09-13 19:34:06.776,1789338846.7763965,-12
2026-09-13 19:34:06.784,1789338846.7840889,-9
2026-09-13 19:34:06.791,1789338846.7917812,-7
2026-09-13 19:34:06.799,1789338846.7994735,-9
2026-09-13 19:34:06.807,1789338846.8071659,-12
2026-09-13 19:34:06.814,1789338846.8148582,-7
2026-09-13 19:34:06.822,1789338846.8225505,-9
2026-09-13 19:34:06.830,1789338846.8302426,-7
2026-09-13 19:34:06.837,1789338846.837935,-4
2026-09-13 19:34:06.845,1789338846.8456273,-4
2026-09-13 19:34:06.853,1789338846.8533196,-7
2026-09-13 19:34:06.861,1789338846.861012,-7
2026-09-13 19:34:06.868,1789338846.8687043,-4
2026-09-13 19:34:06.876,1789338846.8763967,2
2026-09-13 19:34:06.884,1789338846.884089,4
2026-09-13 19:34:06.891,1789338846.891781,0
2026-09-13 19:34:06.899,1789338846.8994734,4
2026-09-13 19:34:06.907,1789338846.9071658,9
2026-09-13 19:34:06.914,1789338846.914858,4
2026-09-13 19:34:06.922,1789338846.9225504,4
2026-09-13 19:34:06.930,1789338846.9302428,9
2026-09-13 19:34:06.937,1789338846.937935,9
2026-09-13 19:34:06.945,1789338846.9456275,9
2026-09-13 19:34:06.953,1789338846.9533198,12
2026-09-13 19:34:06.961,1789338846.961012,14
2026-09-13 19:34:06.968,1789338846.9687042,14
2026-09-13 19:34:06.976,1789338846.9763966,16
2026-09-13 19:34:06.983,1789338846.9835274,14
2026-09-13 19:34:06.991,1789338846.9912198,14
2026-09-13 19:34:06.998,1789338846.998912,21
2026-09-13 19:34:07.006,1789338847.0066044,21
2026-09-13 19:34:07.014,1789338847.0142968,19
2026-09-13 19:34:07.021,1789338847.0219889,19
2026-09-13 19:34:07.029,1789338847.0296812,24
2026-09-13 19:34:07.037,1789338847.0373735,21
2026-09-13 19:34:07.045,1789338847.0450659,21
2026-09-13 19:34:07.052,1789338847.0527582,21
2026-09-13 19:34:07.060,1789338847.0604506,21
2026-09-13 19:34:07.068,1789338847.068143,21
2026-09-13 19:34:07.075,1789338847.0758352,21
2026-09-13 19:34:07.083,1789338847.0835273,26
2026-09-13 19:34:07.091,1789338847.0912197,41
2026-09-13 19:34:07.098,1789338847.098912,58
2026-09-13 19:34:07.106,1789338847.1066043,65
2026-09-13 19:34:07.114,1789338847.1142967,80
2026-09-13 19:34:07.121,1789338847.121989,87
2026-09-13 19:34:07.129,1789338847.1296813,72
2026-09-13 19:34:07.137,1789338847.1373737,60
2026-09-13 19:34:07.145,1789338847.1450658,58
2026-09-13 19:34:07.152,1789338847.1527581,43
2026-09-13 19:34:07.160,1789338847.1604505,16
2026-09-13 19:34:07.168,1789338847.1681428,7
2026-09-13 19:34:07.175,1789338847.1758351,12
2026-09-13 19:34:07.183,1789338847.1835275,9
2026-09-13 19:34:07.191,1789338847.1912198,12
2026-09-13 19:34:07.198,1789338847.1989121,14
2026-09-13 19:34:07.206,1789338847.2066042,12
2026-09-13 19:34:07.214,1789338847.2142966,9
2026-09-13 19:34:07.221,1789338847.221989,12
2026-09-13 19:34:07.229,1789338847.2296813,16
2026-09-13 19:34:07.237,1789338847.2373736,75
2026-09-13 19:34:07.245,1789338847.245066,269
2026-09-13 19:34:07.252,1789338847.2527583,589
2026-09-13 19:34:07.260,1789338847.2604506,943
2026-09-13 19:34:07.268,1789338847.2681427,919
2026-09-13 19:34:07.275,1789338847.275835,227
2026-09-13 19:34:07.283,1789338847.2835274,-334
2026-09-13 19:34:07.291,1789338847.2912197,-184
2026-09-13 19:34:07.298,1789338847.298912,7
2026-09-13 19:34:07.306,1789338847.3066044,-84
2026-09-13 19:34:07.314,1789338847.3142967,-89
2026-09-13 19:34:07.321,1789338847.321989,-24
2026-09-13 19:34:07.329,1789338847.3296812,-46
2026-09-13 19:34:07.337,1789338847.3373735,-55
2026-09-13 19:34:07.345,1789338847.3450658,-24
2026-09-13 19:34:07.352,1789338847.3527582,-16
2026-09-13 19:34:07.360,1789338847.3604505,-14
2026-09-13 19:34:07.368,1789338847.3681428,0
2026-09-13 19:34:07.375,1789338847.3758352,9
2026-09-13 19:34:07.383,1789338847.3835275,12
2026-09-13 19:34:07.391,1789338847.3912196,21
2026-09-13 19:34:07.398,1789338847.398912,29
2026-09-13 19:34:07.406,1789338847.4066043,38
2026-09-13 19:34:07.414,1789338847.4142966,50
2026-09-13 19:34:07.421,1789338847.421989,58
2026-09-13 19:34:07.429,1789338847.4296813,67
2026-09-13 19:34:07.437,1789338847.4373736,84
2026-09-13 19:34:07.445,1789338847.445066,99
2026-09-13 19:34:07.452,1789338847.452758,113
2026-09-13 19:34:07.460,1789338847.4604504,133
2026-09-13 19:34:07.468,1789338847.4681427,152
2026-09-13 19:34:07.475,1789338847.475835,174
2026-09-13 19:34:07.483,1789338847.4835274,198
2026-09-13 19:34:07.491,1789338847.4912198,220
2026-09-13 19:34:07.498,1789338847.498912,237
2026-09-13 19:34:07.506,1789338847.5066044,244
2026-09-13 19:34:07.514,1789338847.5142968,244
2026-09-13 19:34:07.521,1789338847.5219889,237
2026-09-13 19:34:07.529,1789338847.5296812,208
2026-09-13 19:34:07.537,1789338847.5373735,160
2026-09-13 19:34:07.544,1789338847.5445344,113
2026-09-13 19:34:07.552,1789338847.5522268,63
2026-09-13 19:34:07.559,1789338847.559919,7
2026-09-13 19:34:07.567,1789338847.5676115,-31
2026-09-13 19:34:07.575,1789338847.5753038,-53
2026-09-13 19:34:07.582,1789338847.582996,-67
2026-09-13 19:34:07.590,1789338847.5906882,-72
2026-09-13 19:34:07.598,1789338847.5983806,-72
2026-09-13 19:34:07.606,1789338847.606073,-70
2026-09-13 19:34:07.613,1789338847.6137652,-67
2026-09-13 19:34:07.621,1789338847.6214576,-55
2026-09-13 19:34:07.629,1789338847.62915,-46
2026-09-13 19:34:07.636,1789338847.6368423,-43
2026-09-13 19:34:07.644,1789338847.6445343,-36
2026-09-13 19:34:07.652,1789338847.6522267,-26
2026-09-13 19:34:07.659,1789338847.659919,-26
2026-09-13 19:34:07.667,1789338847.6676114,-21
2026-09-13 19:34:07.675,1789338847.6753037,-16
2026-09-13 19:34:07.682,1789338847.682996,-16
2026-09-13 19:34:07.690,1789338847.6906884,-14
2026-09-13 19:34:07.698,1789338847.6983807,-9
2026-09-13 19:34:07.706,1789338847.7060728,-12
2026-09-13 19:34:07.713,1789338847.7137651,-12
2026-09-13 19:34:07.721,1789338847.7214575,-9
2026-09-13 19:34:07.729,1789338847.7291498,-9
2026-09-13 19:34:07.736,1789338847.7368422,-7
2026-09-13 19:34:07.744,1789338847.7445345,-2
2026-09-13 19:34:07.752,1789338847.7522268,0
2026-09-13 19:34:07.759,1789338847.7599192,-2
2026-09-13 19:34:07.767,1789338847.7676113,-2
2026-09-13 19:34:07.775,1789338847.7753036,2
2026-09-13 19:34:07.782,1789338847.782996,2
2026-09-13 19:34:07.790,1789338847.7906883,4
2026-09-13 19:34:07.798,1789338847.7983806,7
2026-09-13 19:34:07.806,1789338847.806073,4
2026-09-13 19:34:07.813,1789338847.8137653,7
2026-09-13 19:34:07.821,1789338847.8214576,12
2026-09-13 19:34:07.829,1789338847.8291497,14
2026-09-13 19:34:07.836,1789338847.836842,7
2026-09-13 19:34:07.844,1789338847.8445344,7
2026-09-13 19:34:07.852,1789338847.8522267,16
2026-09-13 19:34:07.859,1789338847.859919,21
2026-09-13 19:34:07.867,1789338847.8676114,19
2026-09-13 19:34:07.875,1789338847.8753037,19
2026-09-13 19:34:07.882,1789338847.882996,21
2026-09-13 19:34:07.890,1789338847.8906882,24
2026-09-13 19:34:07.898,1789338847.8983805,21
2026-09-13 19:34:07.906,1789338847.9060729,19
2026-09-13 19:34:07.913,1789338847.9137652,26
2026-09-13 19:34:07.921,1789338847.9214575,31
2026-09-13 19:34:07.929,1789338847.9291499,33
2026-09-13 19:34:07.936,1789338847.9368422,31
2026-09-13 19:34:07.944,1789338847.9445345,26
2026-09-13 19:34:07.952,1789338847.9522266,26
2026-09-13 19:34:07.959,1789338847.959919,33
2026-09-13 19:34:07.967,1789338847.9676113,33
2026-09-13 19:34:07.975,1789338847.9753036,33
2026-09-13 19:34:07.982,1789338847.982996,38
2026-09-13 19:34:07.990,1789338847.9906883,41
2026-09-13 19:34:07.998,1789338847.9983807,43
2026-09-13 19:34:08.006,1789338848.006073,36
2026-09-13 19:34:08.013,1789338848.013765,29
2026-09-13 19:34:08.021,1789338848.0214574,36
2026-09-13 19:34:08.029,1789338848.0291498,53
2026-09-13 19:34:08.036,1789338848.036842,67
2026-09-13 19:34:08.044,1789338848.0445344,84
2026-09-13 19:34:08.052,1789338848.0522268,97
2026-09-13 19:34:08.059,1789338848.059919,89
2026-09-13 19:34:08.067,1789338848.0676115,82
2026-09-13 19:34:08.075,1789338848.0753038,77
2026-09-13 19:34:08.082,1789338848.082996,58
2026-09-13 19:34:08.090,1789338848.0906882,36
2026-09-13 19:34:08.098,1789338848.0983806,33
2026-09-13 19:34:08.105,1789338848.1055114,31
2026-09-13 19:34:08.113,1789338848.1132038,21
2026-09-13 19:34:08.120,1789338848.120896,21
2026-09-13 19:34:08.128,1789338848.1285884,33
2026-09-13 19:34:08.136,1789338848.1362808,33
2026-09-13 19:34:08.143,1789338848.1439729,31
2026-09-13 19:34:08.151,1789338848.1516652,29
2026-09-13 19:34:08.159,1789338848.1593575,21
2026-09-13 19:34:08.167,1789338848.16705,63
2026-09-13 19:34:08.174,1789338848.1747422,235
2026-09-13 19:34:08.182,1789338848.1824346,533
2026-09-13 19:34:08.190,1789338848.190127,906
2026-09-13 19:34:08.197,1789338848.1978192,1023
2026-09-13 19:34:08.205,1789338848.2055113,434
2026-09-13 19:34:08.213,1789338848.2132037,-298
2026-09-13 19:34:08.220,1789338848.220896,-278
2026-09-13 19:34:08.228,1789338848.2285883,12
2026-09-13 19:34:08.236,1789338848.2362807,-41
2026-09-13 19:34:08.243,1789338848.243973,-99
2026-09-13 19:34:08.251,1789338848.2516654,-12
2026-09-13 19:34:08.259,1789338848.2593577,-7
2026-09-13 19:34:08.267,1789338848.2670498,-41
2026-09-13 19:34:08.274,1789338848.2747421,-24
2026-09-13 19:34:08.282,1789338848.2824345,-2
2026-09-13 19:34:08.290,1789338848.2901268,9
2026-09-13 19:34:08.297,1789338848.2978191,26
2026-09-13 19:34:08.305,1789338848.3055115,33
2026-09-13 19:34:08.313,1789338848.3132038,29
2026-09-13 19:34:08.320,1789338848.3208961,38
2026-09-13 19:34:08.328,1789338848.3285882,55
2026-09-13 19:34:08.336,1789338848.3362806,58
2026-09-13 19:34:08.343,1789338848.343973,58
2026-09-13 19:34:08.351,1789338848.3516653,65
2026-09-13 19:34:08.359,1789338848.3593576,80
2026-09-13 19:34:08.367,1789338848.36705,99
2026-09-13 19:34:08.374,1789338848.3747423,113
2026-09-13 19:34:08.382,1789338848.3824346,130
2026-09-13 19:34:08.390,1789338848.3901267,157
2026-09-13 19:34:08.397,1789338848.397819,189
2026-09-13 19:34:08.405,1789338848.4055114,213
2026-09-13 19:34:08.413,1789338848.4132037,244
2026-09-13 19:34:08.420,1789338848.420896,271
2026-09-13 19:34:08.428,1789338848.4285884,286
2026-09-13 19:34:08.436,1789338848.4362807,303
2026-09-13 19:34:08.443,1789338848.443973,307
2026-09-13 19:34:08.451,1789338848.4516652,288
2026-09-13 19:34:08.459,1789338848.4593575,261
2026-09-13 19:34:08.467,1789338848.4670498,218
2026-09-13 19:34:08.474,1789338848.4747422,140
2026-09-13 19:34:08.482,1789338848.4824345,65
2026-09-13 19:34:08.490,1789338848.4901268,14
2026-09-13 19:34:08.497,1789338848.4978192,-24
2026-09-13 19:34:08.505,1789338848.5055115,-58
2026-09-13 19:34:08.513,1789338848.5132036,-77
2026-09-13 19:34:08.520,1789338848.520896,-92
2026-09-13 19:34:08.528,1789338848.5285883,-99
2026-09-13 19:34:08.536,1789338848.5362806,-94
2026-09-13 19:34:08.543,1789338848.543973,-84
2026-09-13 19:34:08.551,1789338848.5516653,-80
2026-09-13 19:34:08.559,1789338848.5593576,-72
2026-09-13 19:34:08.567,1789338848.56705,-65
2026-09-13 19:34:08.574,1789338848.574742,-50
2026-09-13 19:34:08.582,1789338848.5824344,-38
2026-09-13 19:34:08.590,1789338848.5901268,-46
2026-09-13 19:34:08.597,1789338848.597819,-48
2026-09-13 19:34:08.605,1789338848.6055114,-36
2026-09-13 19:34:08.613,1789338848.6132038,-26
2026-09-13 19:34:08.620,1789338848.620896,-29
2026-09-13 19:34:08.628,1789338848.6285884,-24
2026-09-13 19:34:08.636,1789338848.6362808,-16
2026-09-13 19:34:08.643,1789338848.6439729,-19
2026-09-13 19:34:08.651,1789338848.6516652,-21
2026-09-13 19:34:08.659,1789338848.6593575,-14
2026-09-13 19:34:08.666,1789338848.6664882,-9
2026-09-13 19:34:08.674,1789338848.6741805,-16
2026-09-13 19:34:08.681,1789338848.6818728,-26
2026-09-13 19:34:08.689,1789338848.6895652,-19
2026-09-13 19:34:08.697,1789338848.6972575,-9
2026-09-13 19:34:08.704,1789338848.7049496,-9
2026-09-13 19:34:08.712,1789338848.712642,-12
2026-09-13 19:34:08.720,1789338848.7203343,-4
2026-09-13 19:34:08.728,1789338848.7280266,7
2026-09-13 19:34:08.735,1789338848.735719,7
2026-09-13 19:34:08.743,1789338848.7434113,4
2026-09-13 19:34:08.751,1789338848.7511036,14
2026-09-13 19:34:08.758,1789338848.758796,16
2026-09-13 19:34:08.766,1789338848.766488,4
2026-09-13 19:34:08.774,1789338848.7741804,4
2026-09-13 19:34:08.781,1789338848.7818727,9
2026-09-13 19:34:08.789,1789338848.789565,12
2026-09-13 19:34:08.797,1789338848.7972574,19
2026-09-13 19:34:08.804,1789338848.8049498,19
2026-09-13 19:34:08.812,1789338848.812642,19
2026-09-13 19:34:08.820,1789338848.8203344,29
2026-09-13 19:34:08.828,1789338848.8280265,29
2026-09-13 19:34:08.835,1789338848.8357189,26
2026-09-13 19:34:08.843,1789338848.8434112,31
2026-09-13 19:34:08.851,1789338848.8511035,36
2026-09-13 19:34:08.858,1789338848.858796,53
2026-09-13 19:34:08.866,1789338848.8664882,82
2026-09-13 19:34:08.874,1789338848.8741806,92
2026-09-13 19:34:08.881,1789338848.881873,72
2026-09-13 19:34:08.889,1789338848.889565,58
2026-09-13 19:34:08.897,1789338848.8972573,63
2026-09-13 19:34:08.904,1789338848.9049497,53
2026-09-13 19:34:08.912,1789338848.912642,31
2026-09-13 19:34:08.920,1789338848.9203343,16
2026-09-13 19:34:08.928,1789338848.9280267,14
2026-09-13 19:34:08.935,1789338848.935719,16
2026-09-13 19:34:08.943,1789338848.9434114,19
2026-09-13 19:34:08.951,1789338848.9511034,21
2026-09-13 19:34:08.958,1789338848.9587958,26
2026-09-13 19:34:08.966,1789338848.9664881,29
2026-09-13 19:34:08.974,1789338848.9741805,16
2026-09-13 19:34:08.981,1789338848.9818728,16
2026-09-13 19:34:08.989,1789338848.9895651,63
2026-09-13 19:34:08.997,1789338848.9972575,223
2026-09-13 19:34:09.004,1789338849.0049498,545
2026-09-13 19:34:09.012,1789338849.012642,943
2026-09-13 19:34:09.020,1789338849.0203342,1028
2026-09-13 19:34:09.028,1789338849.0280266,402
2026-09-13 19:34:09.035,1789338849.035719,-346
2026-09-13 19:34:09.043,1789338849.0434113,-315
2026-09-13 19:34:09.051,1789338849.0511036,4
2026-09-13 19:34:09.058,1789338849.058796,-38
2026-09-13 19:34:09.066,1789338849.0664883,-92
2026-09-13 19:34:09.074,1789338849.0741804,-4
2026-09-13 19:34:09.081,1789338849.0818727,-12
2026-09-13 19:34:09.089,1789338849.089565,-38
2026-09-13 19:34:09.097,1789338849.0972574,2
2026-09-13 19:34:09.104,1789338849.1049497,16
2026-09-13 19:34:09.112,1789338849.112642,7
2026-09-13 19:34:09.120,1789338849.1203344,26
2026-09-13 19:34:09.128,1789338849.1280267,43
2026-09-13 19:34:09.135,1789338849.1357188,43
2026-09-13 19:34:09.143,1789338849.1434112,53
2026-09-13 19:34:09.151,1789338849.1511035,72
2026-09-13 19:34:09.158,1789338849.1587958,80
2026-09-13 19:34:09.166,1789338849.1664882,80
2026-09-13 19:34:09.174,1789338849.1741805,89
2026-09-13 19:34:09.181,1789338849.1818728,104
2026-09-13 19:34:09.189,1789338849.1895652,121
2026-09-13 19:34:09.197,1789338849.1972575,143
2026-09-13 19:34:09.204,1789338849.2049496,160
2026-09-13 19:34:09.212,1789338849.212642,179
2026-09-13 19:34:09.220,1789338849.2203343,208
2026-09-13 19:34:09.227,1789338849.2274904,244
2026-09-13 19:34:09.235,1789338849.2351828,283
2026-09-13 19:34:09.242,1789338849.242875,307
2026-09-13 19:34:09.250,1789338849.2505674,322
2026-09-13 19:34:09.258,1789338849.2582598,334
2026-09-13 19:34:09.265,1789338849.2659519,334
2026-09-13 19:34:09.273,1789338849.2736442,322
2026-09-13 19:34:09.281,1789338849.2813365,288
2026-09-13 19:34:09.289,1789338849.289029,223
2026-09-13 19:34:09.296,1789338849.2967212,135
2026-09-13 19:34:09.304,1789338849.3044136,63
2026-09-13 19:34:09.312,1789338849.312106,12
2026-09-13 19:34:09.319,1789338849.3197982,-36
2026-09-13 19:34:09.327,1789338849.3274903,-82
2026-09-13 19:34:09.335,1789338849.3351827,-97
2026-09-13 19:34:09.342,1789338849.342875,-82
2026-09-13 19:34:09.350,1789338849.3505673,-80
2026-09-13 19:34:09.358,1789338849.3582597,-89
2026-09-13 19:34:09.365,1789338849.365952,-87
2026-09-13 19:34:09.373,1789338849.3736444,-65
2026-09-13 19:34:09.381,1789338849.3813367,-63
2026-09-13 19:34:09.389,1789338849.3890288,-82
2026-09-13 19:34:09.396,1789338849.3967211,-72
2026-09-13 19:34:09.404,1789338849.4044135,-43
2026-09-13 19:34:09.412,1789338849.4121058,-33
2026-09-13 19:34:09.419,1789338849.4197981,-26
2026-09-13 19:34:09.427,1789338849.4274905,-21
2026-09-13 19:34:09.435,1789338849.4351828,-19
2026-09-13 19:34:09.442,1789338849.4428751,-12
2026-09-13 19:34:09.450,1789338849.4505672,-12
2026-09-13 19:34:09.458,1789338849.4582596,-7
2026-09-13 19:34:09.465,1789338849.465952,-4
2026-09-13 19:34:09.473,1789338849.4736443,-7
2026-09-13 19:34:09.481,1789338849.4813366,2
2026-09-13 19:34:09.489,1789338849.489029,4
2026-09-13 19:34:09.496,1789338849.4967213,-2
2026-09-13 19:34:09.504,1789338849.5044136,-4
2026-09-13 19:34:09.512,1789338849.5121057,-2
2026-09-13 19:34:09.519,1789338849.519798,-2
2026-09-13 19:34:09.527,1789338849.5274904,4
2026-09-13 19:34:09.535,1789338849.5351827,19
2026-09-13 19:34:09.542,1789338849.542875,19
2026-09-13 19:34:09.550,1789338849.5505674,9
2026-09-13 19:34:09.558,1789338849.5582597,9
2026-09-13 19:34:09.565,1789338849.565952,14
2026-09-13 19:34:09.573,1789338849.5736442,14
2026-09-13 19:34:09.581,1789338849.5813365,14
2026-09-13 19:34:09.589,1789338849.5890288,14
2026-09-13 19:34:09.596,1789338849.5967212,19
2026-09-13 19:34:09.604,1789338849.6044135,31
2026-09-13 19:34:09.612,1789338849.6121058,26
2026-09-13 19:34:09.619,1789338849.6197982,14
2026-09-13 19:34:09.627,1789338849.6274905,33
2026-09-13 19:34:09.635,1789338849.6351826,65
2026-09-13 19:34:09.642,1789338849.642875,77
2026-09-13 19:34:09.650,1789338849.6505673,67
2026-09-13 19:34:09.658,1789338849.6582596,70
2026-09-13 19:34:09.665,1789338849.665952,67
2026-09-13 19:34:09.673,1789338849.6736443,53
2026-09-13 19:34:09.681,1789338849.6813366,38
2026-09-13 19:34:09.689,1789338849.689029,26
2026-09-13 19:34:09.696,1789338849.696721,14
2026-09-13 19:34:09.704,1789338849.7044134,14
2026-09-13 19:34:09.712,1789338849.7121058,21
2026-09-13 19:34:09.719,1789338849.719798,24
2026-09-13 19:34:09.727,1789338849.7274904,31
2026-09-13 19:34:09.735,1789338849.7351828,33
2026-09-13 19:34:09.742,1789338849.742875,26
2026-09-13 19:34:09.750,1789338849.7505674,16
2026-09-13 19:34:09.758,1789338849.7582598,29
2026-09-13 19:34:09.765,1789338849.7659519,130
2026-09-13 19:34:09.773,1789338849.7736442,404
2026-09-13 19:34:09.781,1789338849.7813365,790
2026-09-13 19:34:09.788,1789338849.7884722,1045
2026-09-13 19:34:09.796,1789338849.7961645,729
2026-09-13 19:34:09.803,1789338849.8038568,-65
2026-09-13 19:34:09.811,1789338849.8115492,-390
2026-09-13 19:34:09.819,1789338849.8192415,-94
2026-09-13 19:34:09.826,1789338849.8269336,16
2026-09-13 19:34:09.834,1789338849.834626,-89
2026-09-13 19:34:09.842,1789338849.8423183,-48
2026-09-13 19:34:09.850,1789338849.8500106,2
2026-09-13 19:34:09.857,1789338849.857703,-31
2026-09-13 19:34:09.865,1789338849.8653953,-26
2026-09-13 19:34:09.873,1789338849.8730876,19
2026-09-13 19:34:09.880,1789338849.88078,31
2026-09-13 19:34:09.888,1789338849.888472,19
2026-09-13 19:34:09.896,1789338849.8961644,24
2026-09-13 19:34:09.903,1789338849.9038568,38
2026-09-13 19:34:09.911,1789338849.911549,46
2026-09-13 19:34:09.919,1789338849.9192414,50
2026-09-13 19:34:09.926,1789338849.9269338,58
2026-09-13 19:34:09.934,1789338849.934626,63
2026-09-13 19:34:09.942,1789338849.9423184,82
2026-09-13 19:34:09.950,1789338849.9500105,97
2026-09-13 19:34:09.957,1789338849.9577029,99
2026-09-13 19:34:09.965,1789338849.9653952,116
2026-09-13 19:34:09.973,1789338849.9730875,152
2026-09-13 19:34:09.980,1789338849.98078,169
2026-09-13 19:34:09.988,1789338849.9884722,181
2026-09-13 19:34:09.996,1789338849.9961646,223
2026-09-13 19:34:10.003,1789338850.003857,259
2026-09-13 19:34:10.011,1789338850.011549,274
2026-09-13 19:34:10.019,1789338850.0192413,293
2026-09-13 19:34:10.026,1789338850.0269337,315
2026-09-13 19:34:10.034,1789338850.034626,320
2026-09-13 19:34:10.042,1789338850.0423183,315
2026-09-13 19:34:10.050,1789338850.0500107,288
2026-09-13 19:34:10.057,1789338850.057703,227
2026-09-13 19:34:10.065,1789338850.0653954,147
2026-09-13 19:34:10.073,1789338850.0730875,80
2026-09-13 19:34:10.080,1789338850.0807798,24
2026-09-13 19:34:10.088,1789338850.0884721,-26
2026-09-13 19:34:10.096,1789338850.0961645,-67
2026-09-13 19:34:10.103,1789338850.1038568,-89
2026-09-13 19:34:10.111,1789338850.1115491,-84
2026-09-13 19:34:10.119,1789338850.1192415,-75
2026-09-13 19:34:10.126,1789338850.1269338,-89
2026-09-13 19:34:10.134,1789338850.134626,-101
2026-09-13 19:34:10.142,1789338850.1423182,-82
2026-09-13 19:34:10.150,1789338850.1500106,-67
2026-09-13 19:34:10.157,1789338850.157703,-72
2026-09-13 19:34:10.165,1789338850.1653953,-60
2026-09-13 19:34:10.173,1789338850.1730876,-43
2026-09-13 19:34:10.180,1789338850.18078,-43
2026-09-13 19:34:10.188,1789338850.1884723,-38
2026-09-13 19:34:10.196,1789338850.1961644,-29
2026-09-13 19:34:10.203,1789338850.2038567,-19
2026-09-13 19:34:10.211,1789338850.211549,-7
2026-09-13 19:34:10.219,1789338850.2192414,-12
2026-09-13 19:34:10.226,1789338850.2269337,-16
2026-09-13 19:34:10.234,1789338850.234626,-19
2026-09-13 19:34:10.242,1789338850.2423184,-7
2026-09-13 19:34:10.250,1789338850.2500107,16
2026-09-13 19:34:10.257,1789338850.2577028,16
2026-09-13 19:34:10.265,1789338850.2653952,-4
2026-09-13 19:34:10.273,1789338850.2730875,-4
2026-09-13 19:34:10.280,1789338850.2807798,4
2026-09-13 19:34:10.288,1789338850.2884722,2
2026-09-13 19:34:10.296,1789338850.2961645,-2
2026-09-13 19:34:10.303,1789338850.3038568,4
2026-09-13 19:34:10.311,1789338850.3115492,9
2026-09-13 19:34:10.319,1789338850.3192415,12
2026-09-13 19:34:10.326,1789338850.3269336,16
2026-09-13 19:34:10.334,1789338850.334626,21
2026-09-13 19:34:10.342,1789338850.3423183,21
2026-09-13 19:34:10.349,1789338850.3494492,21
2026-09-13 19:34:10.357,1789338850.3571415,21
2026-09-13 19:34:10.364,1789338850.3648338,29
2026-09-13 19:34:10.372,1789338850.3725262,38
2026-09-13 19:34:10.380,1789338850.3802185,46
2026-09-13 19:34:10.387,1789338850.3879106,63
2026-09-13 19:34:10.395,1789338850.395603,80
2026-09-13 19:34:10.403,1789338850.4032953,67
2026-09-13 19:34:10.410,1789338850.4109876,60
2026-09-13 19:34:10.418,1789338850.41868,67
2026-09-13 19:34:10.426,1789338850.4263723,53
2026-09-13 19:34:10.434,1789338850.4340646,26
2026-09-13 19:34:10.441,1789338850.441757,19
2026-09-13 19:34:10.449,1789338850.449449,24
2026-09-13 19:34:10.457,1789338850.4571414,24
2026-09-13 19:34:10.464,1789338850.4648337,26
2026-09-13 19:34:10.472,1789338850.472526,26
2026-09-13 19:34:10.480,1789338850.4802184,26
2026-09-13 19:34:10.487,1789338850.4879107,31
2026-09-13 19:34:10.495,1789338850.495603,33
2026-09-13 19:34:10.503,1789338850.5032954,29
2026-09-13 19:34:10.510,1789338850.5109875,60
2026-09-13 19:34:10.518,1789338850.5186799,215
2026-09-13 19:34:10.526,1789338850.5263722,535
2026-09-13 19:34:10.534,1789338850.5340645,911
2026-09-13 19:34:10.541,1789338850.5417569,996
2026-09-13 19:34:10.549,1789338850.5494492,438
2026-09-13 19:34:10.557,1789338850.5571415,-252
2026-09-13 19:34:10.564,1789338850.5648339,-269
2026-09-13 19:34:10.572,1789338850.572526,12
2026-09-13 19:34:10.580,1789338850.5802183,-19
2026-09-13 19:34:10.587,1789338850.5879107,-92
2026-09-13 19:34:10.595,1789338850.595603,-21
2026-09-13 19:34:10.603,1789338850.6032953,-4
2026-09-13 19:34:10.610,1789338850.6109877,-29
2026-09-13 19:34:10.618,1789338850.61868,-12
2026-09-13 19:34:10.626,1789338850.6263723,2
2026-09-13 19:34:10.634,1789338850.6340644,4
2026-09-13 19:34:10.641,1789338850.6417568,16
2026-09-13 19:34:10.649,1789338850.649449,24
2026-09-13 19:34:10.657,1789338850.6571414,26
2026-09-13 19:34:10.664,1789338850.6648338,33
2026-09-13 19:34:10.672,1789338850.6725261,46
2026-09-13 19:34:10.680,1789338850.6802185,58
2026-09-13 19:34:10.687,1789338850.6879108,65
2026-09-13 19:34:10.695,1789338850.695603,80
2026-09-13 19:34:10.703,1789338850.7032952,92
2026-09-13 19:34:10.710,1789338850.7109876,97
2026-09-13 19:34:10.718,1789338850.71868,109
2026-09-13 19:34:10.726,1789338850.7263722,130
2026-09-13 19:34:10.734,1789338850.7340646,147
2026-09-13 19:34:10.741,1789338850.741757,169
2026-09-13 19:34:10.749,1789338850.7494493,201
2026-09-13 19:34:10.757,1789338850.7571414,227
2026-09-13 19:34:10.764,1789338850.7648337,252
2026-09-13 19:34:10.772,1789338850.772526,271
2026-09-13 19:34:10.780,1789338850.7802184,276
2026-09-13 19:34:10.787,1789338850.7879107,276
2026-09-13 19:34:10.795,1789338850.795603,261
2026-09-13 19:34:10.803,1789338850.8032954,225
2026-09-13 19:34:10.810,1789338850.8109877,167
2026-09-13 19:34:10.818,1789338850.8186798,101
2026-09-13 19:34:10.826,1789338850.8263721,43
2026-09-13 19:34:10.834,1789338850.8340645,-2
2026-09-13 19:34:10.841,1789338850.8417568,-41
2026-09-13 19:34:10.849,1789338850.8494492,-67
2026-09-13 19:34:10.857,1789338850.8571415,-77
2026-09-13 19:34:10.864,1789338850.8648338,-80
2026-09-13 19:34:10.872,1789338850.8725262,-82
2026-09-13 19:34:10.880,1789338850.8802185,-84
2026-09-13 19:34:10.887,1789338850.8879106,-82
2026-09-13 19:34:10.895,1789338850.895603,-75
2026-09-13 19:34:10.903,1789338850.9032953,-60
2026-09-13 19:34:10.910,1789338850.9104257,-46
2026-09-13 19:34:10.918,1789338850.918118,-43
2026-09-13 19:34:10.925,1789338850.9258103,-46
2026-09-13 19:34:10.933,1789338850.9335027,-41
2026-09-13 19:34:10.941,1789338850.941195,-29
2026-09-13 19:34:10.948,1789338850.948887,-24
2026-09-13 19:34:10.956,1789338850.9565794,-21
2026-09-13 19:34:10.964,1789338850.9642718,-16
2026-09-13 19:34:10.971,1789338850.9719641,-16
2026-09-13 19:34:10.979,1789338850.9796565,-16
2026-09-13 19:34:10.987,1789338850.9873488,-7
2026-09-13 19:34:10.995,1789338850.9950411,0
2026-09-13 19:34:11.002,1789338851.0027335,-2
2026-09-13 19:34:11.010,1789338851.0104256,-9
2026-09-13 19:34:11.018,1789338851.018118,-7
2026-09-13 19:34:11.025,1789338851.0258102,-2
2026-09-13 19:34:11.033,1789338851.0335026,-4
2026-09-13 19:34:11.041,1789338851.041195,-7
2026-09-13 19:34:11.048,1789338851.0488873,-2
2026-09-13 19:34:11.056,1789338851.0565796,0
2026-09-13 19:34:11.064,1789338851.064272,0
2026-09-13 19:34:11.071,1789338851.071964,2
2026-09-13 19:34:11.079,1789338851.0796564,4
2026-09-13 19:34:11.087,1789338851.0873487,4
2026-09-13 19:34:11.095,1789338851.095041,4
2026-09-13 19:34:11.102,1789338851.1027334,4
2026-09-13 19:34:11.110,1789338851.1104257,7
2026-09-13 19:34:11.118,1789338851.118118,12
2026-09-13 19:34:11.125,1789338851.1258104,14
2026-09-13 19:34:11.133,1789338851.1335025,9
2026-09-13 19:34:11.141,1789338851.1411948,12
2026-09-13 19:34:11.148,1789338851.1488872,12
2026-09-13 19:34:11.156,1789338851.1565795,9
2026-09-13 19:34:11.164,1789338851.1642718,12
2026-09-13 19:34:11.171,1789338851.1719642,21
2026-09-13 19:34:11.179,1789338851.1796565,36
2026-09-13 19:34:11.187,1789338851.1873488,46
2026-09-13 19:34:11.195,1789338851.195041,55
2026-09-13 19:34:11.202,1789338851.2027333,60
2026-09-13 19:34:11.210,1789338851.2104256,50
2026-09-13 19:34:11.218,1789338851.218118,46
2026-09-13 19:34:11.225,1789338851.2258103,50
2026-09-13 19:34:11.233,1789338851.2335026,31
2026-09-13 19:34:11.241,1789338851.241195,7
2026-09-13 19:34:11.248,1789338851.2488873,4
2026-09-13 19:34:11.256,1789338851.2565794,7
2026-09-13 19:34:11.264,1789338851.2642717,7
2026-09-13 19:34:11.271,1789338851.271964,7
2026-09-13 19:34:11.279,1789338851.2796564,4
2026-09-13 19:34:11.287,1789338851.2873487,4
2026-09-13 19:34:11.295,1789338851.295041,14
2026-09-13 19:34:11.302,1789338851.3027334,14
2026-09-13 19:34:11.310,1789338851.3104258,9
2026-09-13 19:34:11.318,1789338851.3181179,75
2026-09-13 19:34:11.325,1789338851.3258102,293
2026-09-13 19:34:11.333,1789338851.3335025,628
2026-09-13 19:34:11.341,1789338851.3411949,943
2026-09-13 19:34:11.348,1789338851.3488872,841
2026-09-13 19:34:11.356,1789338851.3565795,157
2026-09-13 19:34:11.364,1789338851.3642719,-327
2026-09-13 19:34:11.371,1789338851.3719642,-157
2026-09-13 19:34:11.379,1789338851.3796563,0
2026-09-13 19:34:11.387,1789338851.3873487,-97
2026-09-13 19:34:11.395,1789338851.395041,-94
2026-09-13 19:34:11.402,1789338851.4027333,-29
2026-09-13 19:34:11.410,1789338851.4104257,-53
2026-09-13 19:34:11.418,1789338851.418118,-63
2026-09-13 19:34:11.425,1789338851.4258103,-29
2026-09-13 19:34:11.433,1789338851.4335027,-26
2026-09-13 19:34:11.441,1789338851.441195,-26
2026-09-13 19:34:11.448,1789338851.448887,-7
2026-09-13 19:34:11.456,1789338851.4565794,2
2026-09-13 19:34:11.464,1789338851.4642718,2
2026-09-13 19:34:11.471,1789338851.4714332,9
2026-09-13 19:34:11.479,1789338851.4791255,16
2026-09-13 19:34:11.486,1789338851.4868178,21
2026-09-13 19:34:11.494,1789338851.4945102,33
2026-09-13 19:34:11.502,1789338851.5022025,46
2026-09-13 19:34:11.509,1789338851.5098946,50
2026-09-13 19:34:11.517,1789338851.517587,60
2026-09-13 19:34:11.525,1789338851.5252793,77
2026-09-13 19:34:11.532,1789338851.5329716,97
2026-09-13 19:34:11.540,1789338851.540664,113
2026-09-13 19:34:11.548,1789338851.5483563,133
2026-09-13 19:34:11.556,1789338851.5560486,152
2026-09-13 19:34:11.563,1789338851.563741,174
2026-09-13 19:34:11.571,1789338851.571433,194
2026-09-13 19:34:11.579,1789338851.5791254,206
2026-09-13 19:34:11.586,1789338851.5868177,210
2026-09-13 19:34:11.594,1789338851.59451,208
2026-09-13 19:34:11.602,1789338851.6022024,194
2026-09-13 19:34:11.609,1789338851.6098948,164
2026-09-13 19:34:11.617,1789338851.617587,121
2026-09-13 19:34:11.625,1789338851.6252794,65
2026-09-13 19:34:11.632,1789338851.6329715,14
2026-09-13 19:34:11.640,1789338851.6406639,-24
2026-09-13 19:34:11.648,1789338851.6483562,-53
2026-09-13 19:34:11.656,1789338851.6560485,-75
2026-09-13 19:34:11.663,1789338851.6637409,-82
2026-09-13 19:34:11.671,1789338851.6714332,-84
2026-09-13 19:34:11.679,1789338851.6791255,-87
2026-09-13 19:34:11.686,1789338851.686818,-82
2026-09-13 19:34:11.694,1789338851.69451,-75
2026-09-13 19:34:11.702,1789338851.7022023,-67
2026-09-13 19:34:11.709,1789338851.7098947,-63
2026-09-13 19:34:11.717,1789338851.717587,-55
2026-09-13 19:34:11.725,1789338851.7252793,-50
2026-09-13 19:34:11.732,1789338851.7329717,-46
2026-09-13 19:34:11.740,1789338851.740664,-41
2026-09-13 19:34:11.748,1789338851.7483563,-36
2026-09-13 19:34:11.756,1789338851.7560484,-29
2026-09-13 19:34:11.763,1789338851.7637408,-29
2026-09-13 19:34:11.771,1789338851.771433,-26
2026-09-13 19:34:11.779,1789338851.7791255,-24
2026-09-13 19:34:11.786,1789338851.7868178,-24
2026-09-13 19:34:11.794,1789338851.7945101,-21
2026-09-13 19:34:11.802,1789338851.8022025,-19
2026-09-13 19:34:11.809,1789338851.8098948,-19
2026-09-13 19:34:11.817,1789338851.817587,-21
2026-09-13 19:34:11.825,1789338851.8252792,-19
2026-09-13 19:34:11.832,1789338851.8329716,-16
2026-09-13 19:34:11.840,1789338851.840664,-14
2026-09-13 19:34:11.848,1789338851.8483562,-16
2026-09-13 19:34:11.856,1789338851.8560486,-19
2026-09-13 19:34:11.863,1789338851.863741,-14
2026-09-13 19:34:11.871,1789338851.8714333,-12
2026-09-13 19:34:11.879,1789338851.8791254,-14
2026-09-13 19:34:11.886,1789338851.8868177,-14
2026-09-13 19:34:11.894,1789338851.89451,-7
2026-09-13 19:34:11.902,1789338851.9022024,-7
2026-09-13 19:34:11.909,1789338851.9098947,-7
2026-09-13 19:34:11.917,1789338851.917587,-7
2026-09-13 19:34:11.925,1789338851.9252794,0
2026-09-13 19:34:11.932,1789338851.9329717,0
2026-09-13 19:34:11.940,1789338851.9406638,0
2026-09-13 19:34:11.948,1789338851.9483562,4
2026-09-13 19:34:11.956,1789338851.9560485,4
2026-09-13 19:34:11.963,1789338851.9637408,2
2026-09-13 19:34:11.971,1789338851.9714332,4
2026-09-13 19:34:11.979,1789338851.9791255,7
2026-09-13 19:34:11.986,1789338851.9868178,12
2026-09-13 19:34:11.994,1789338851.9945102,12
2026-09-13 19:34:12.002,1789338852.0022025,7
2026-09-13 19:34:12.009,1789338852.0098946,4
2026-09-13 19:34:12.017,1789338852.017587,12
2026-09-13 19:34:12.025,1789338852.0252793,16
2026-09-13 19:34:12.032,1789338852.03241,16
2026-09-13 19:34:12.040,1789338852.0401022,16
2026-09-13 19:34:12.047,1789338852.0477946,14
2026-09-13 19:34:12.055,1789338852.055487,14
2026-09-13 19:34:12.063,1789338852.0631793,19
2026-09-13 19:34:12.070,1789338852.0708714,21
2026-09-13 19:34:12.078,1789338852.0785637,21
2026-09-13 19:34:12.086,1789338852.086256,24
2026-09-13 19:34:12.093,1789338852.0939484,21
2026-09-13 19:34:12.101,1789338852.1016407,14
2026-09-13 19:34:12.109,1789338852.109333,19
2026-09-13 19:34:12.117,1789338852.1170254,31
2026-09-13 19:34:12.124,1789338852.1247177,29
2026-09-13 19:34:12.132,1789338852.1324098,16
2026-09-13 19:34:12.140,1789338852.1401021,16
2026-09-13 19:34:12.147,1789338852.1477945,36
2026-09-13 19:34:12.155,1789338852.1554868,50
2026-09-13 19:34:12.163,1789338852.1631792,63
2026-09-13 19:34:12.170,1789338852.1708715,75
2026-09-13 19:34:12.178,1789338852.1785638,70
2026-09-13 19:34:12.186,1789338852.1862562,55
2026-09-13 19:34:12.193,1789338852.1939483,55
2026-09-13 19:34:12.201,1789338852.2016406,55
2026-09-13 19:34:12.209,1789338852.209333,31
2026-09-13 19:34:12.217,1789338852.2170253,7
2026-09-13 19:34:12.224,1789338852.2247176,7
2026-09-13 19:34:12.232,1789338852.23241,12
2026-09-13 19:34:12.240,1789338852.2401023,7
2026-09-13 19:34:12.247,1789338852.2477946,9
2026-09-13 19:34:12.255,1789338852.2554867,12
2026-09-13 19:34:12.263,1789338852.263179,12
2026-09-13 19:34:12.270,1789338852.2708714,9
2026-09-13 19:34:12.278,1789338852.2785637,9
2026-09-13 19:34:12.286,1789338852.286256,29
2026-09-13 19:34:12.293,1789338852.2939484,143
2026-09-13 19:34:12.301,1789338852.3016407,409
2026-09-13 19:34:12.309,1789338852.309333,788
2026-09-13 19:34:12.317,1789338852.3170252,1030
2026-09-13 19:34:12.324,1789338852.3247175,662
2026-09-13 19:34:12.332,1789338852.3324099,-111
2026-09-13 19:34:12.340,1789338852.3401022,-322
2026-09-13 19:34:12.347,1789338852.3477945,-43
2026-09-13 19:34:12.355,1789338852.3554869,-24
2026-09-13 19:34:12.363,1789338852.3631792,-128
2026-09-13 19:34:12.370,1789338852.3708715,-75
2026-09-13 19:34:12.378,1789338852.3785636,-41
2026-09-13 19:34:12.386,1789338852.386256,-67
2026-09-13 19:34:12.393,1789338852.3939483,-53
2026-09-13 19:34:12.401,1789338852.4016407,-29
2026-09-13 19:34:12.409,1789338852.409333,-29
2026-09-13 19:34:12.417,1789338852.4170253,-29
2026-09-13 19:34:12.424,1789338852.4247177,-16
2026-09-13 19:34:12.432,1789338852.43241,-7
2026-09-13 19:34:12.440,1789338852.440102,0
2026-09-13 19:34:12.447,1789338852.4477944,9
2026-09-13 19:34:12.455,1789338852.4554868,14
2026-09-13 19:34:12.463,1789338852.463179,19
2026-09-13 19:34:12.470,1789338852.4708714,33
2026-09-13 19:34:12.478,1789338852.4785638,46
2026-09-13 19:34:12.486,1789338852.4862561,55
2026-09-13 19:34:12.493,1789338852.4939485,65
2026-09-13 19:34:12.501,1789338852.5016406,80
2026-09-13 19:34:12.509,1789338852.509333,94
2026-09-13 19:34:12.517,1789338852.5170252,113
2026-09-13 19:34:12.524,1789338852.5247176,133
2026-09-13 19:34:12.532,1789338852.53241,150
2026-09-13 19:34:12.540,1789338852.5401022,172
2026-09-13 19:34:12.547,1789338852.5477946,196
2026-09-13 19:34:12.555,1789338852.555487,206
2026-09-13 19:34:12.563,1789338852.5631793,208
2026-09-13 19:34:12.570,1789338852.5708714,208
2026-09-13 19:34:12.578,1789338852.5785637,196
2026-09-13 19:34:12.586,1789338852.586256,164
2026-09-13 19:34:12.593,1789338852.5934172,118
2026-09-13 19:34:12.601,1789338852.6011095,72
2026-09-13 19:34:12.608,1789338852.6088018,29
2026-09-13 19:34:12.616,1789338852.6164942,-19
2026-09-13 19:34:12.624,1789338852.6241865,-50
2026-09-13 19:34:12.631,1789338852.6318786,-67
2026-09-13 19:34:12.639,1789338852.639571,-82
2026-09-13 19:34:12.647,1789338852.6472633,-87
2026-09-13 19:34:12.654,1789338852.6549556,-80
2026-09-13 19:34:12.662,1789338852.662648,-72
2026-09-13 19:34:12.670,1789338852.6703403,-65
2026-09-13 19:34:12.678,1789338852.6780326,-58
2026-09-13 19:34:12.685,1789338852.685725,-53
2026-09-13 19:34:12.693,1789338852.693417,-46
2026-09-13 19:34:12.701,1789338852.7011094,-38
2026-09-13 19:34:12.708,1789338852.7088017,-33
2026-09-13 19:34:12.716,1789338852.716494,-29
2026-09-13 19:34:12.724,1789338852.7241864,-26
2026-09-13 19:34:12.731,1789338852.7318788,-26
2026-09-13 19:34:12.739,1789338852.739571,-19
2026-09-13 19:34:12.747,1789338852.7472634,-14
2026-09-13 19:34:12.754,1789338852.7549555,-14
2026-09-13 19:34:12.762,1789338852.7626479,-14
2026-09-13 19:34:12.770,1789338852.7703402,-12
2026-09-13 19:34:12.778,1789338852.7780325,-14
2026-09-13 19:34:12.785,1789338852.7857249,-12
2026-09-13 19:34:12.793,1789338852.7934172,-9
2026-09-13 19:34:12.801,1789338852.8011096,-9
2026-09-13 19:34:12.808,1789338852.808802,-7
2026-09-13 19:34:12.816,1789338852.816494,-7
2026-09-13 19:34:12.824,1789338852.8241863,-9
2026-09-13 19:34:12.831,1789338852.8318787,-7
2026-09-13 19:34:12.839,1789338852.839571,-2
2026-09-13 19:34:12.847,1789338852.8472633,0
2026-09-13 19:34:12.854,1789338852.8549557,-2
2026-09-13 19:34:12.862,1789338852.862648,2
2026-09-13 19:34:12.870,1789338852.8703403,2
2026-09-13 19:34:12.878,1789338852.8780324,0
2026-09-13 19:34:12.885,1789338852.8857248,4
2026-09-13 19:34:12.893,1789338852.8934171,7
2026-09-13 19:34:12.901,1789338852.9011095,4
2026-09-13 19:34:12.908,1789338852.9088018,12
2026-09-13 19:34:12.916,1789338852.9164941,9
2026-09-13 19:34:12.924,1789338852.9241865,9
2026-09-13 19:34:12.931,1789338852.9318788,7
2026-09-13 19:34:12.939,1789338852.939571,9
2026-09-13 19:34:12.947,1789338852.9472632,14
2026-09-13 19:34:12.954,1789338852.9549556,16
2026-09-13 19:34:12.962,1789338852.962648,16
2026-09-13 19:34:12.970,1789338852.9703403,19
2026-09-13 19:34:12.978,1789338852.9780326,19
2026-09-13 19:34:12.985,1789338852.985725,19
2026-09-13 19:34:12.993,1789338852.9934173,16
2026-09-13 19:34:13.001,1789338853.0011094,16
2026-09-13 19:34:13.008,1789338853.0088017,19
2026-09-13 19:34:13.016,1789338853.016494,19
2026-09-13 19:34:13.024,1789338853.0241864,24
2026-09-13 19:34:13.031,1789338853.0318787,26
2026-09-13 19:34:13.039,1789338853.039571,26
2026-09-13 19:34:13.047,1789338853.0472634,29
2026-09-13 19:34:13.054,1789338853.0549557,24
2026-09-13 19:34:13.062,1789338853.0626478,21
2026-09-13 19:34:13.070,1789338853.0703402,29
2026-09-13 19:34:13.078,1789338853.0780325,29
2026-09-13 19:34:13.085,1789338853.0857248,19
2026-09-13 19:34:13.093,1789338853.0934172,26
2026-09-13 19:34:13.101,1789338853.1011095,38
2026-09-13 19:34:13.108,1789338853.1088018,29
2026-09-13 19:34:13.116,1789338853.1164942,19
2026-09-13 19:34:13.124,1789338853.1241865,26
2026-09-13 19:34:13.131,1789338853.1318786,29
2026-09-13 19:34:13.139,1789338853.139571,21
2026-09-13 19:34:13.147,1789338853.1472633,33
2026-09-13 19:34:13.154,1789338853.1544244,53
2026-09-13 19:34:13.162,1789338853.1621168,63
2026-09-13 19:34:13.169,1789338853.169809,75
2026-09-13 19:34:13.177,1789338853.1775014,84
2026-09-13 19:34:13.185,1789338853.1851938,72
2026-09-13 19:34:13.192,1789338853.1928859,58
2026-09-13 19:34:13.200,1789338853.2005782,58
2026-09-13 19:34:13.208,1789338853.2082705,46
2026-09-13 19:34:13.215,1789338853.215963,19
2026-09-13 19:34:13.223,1789338853.2236552,7
2026-09-13 19:34:13.231,1789338853.2313476,14
2026-09-13 19:34:13.239,1789338853.23904,12
2026-09-13 19:34:13.246,1789338853.2467322,9
2026-09-13 19:34:13.254,1789338853.2544243,16
2026-09-13 19:34:13.262,1789338853.2621167,19
2026-09-13 19:34:13.269,1789338853.269809,16
2026-09-13 19:34:13.277,1789338853.2775013,14
2026-09-13 19:34:13.285,1789338853.2851937,19
2026-09-13 19:34:13.292,1789338853.292886,94
2026-09-13 19:34:13.300,1789338853.3005784,310
2026-09-13 19:34:13.308,1789338853.3082707,652
2026-09-13 19:34:13.315,1789338853.3159628,982
2026-09-13 19:34:13.323,1789338853.3236551,841
2026-09-13 19:34:13.331,1789338853.3313475,97
2026-09-13 19:34:13.339,1789338853.3390398,-341
2026-09-13 19:34:13.346,1789338853.3467321,-121
2026-09-13 19:34:13.354,1789338853.3544245,12
2026-09-13 19:34:13.362,1789338853.3621168,-92
2026-09-13 19:34:13.369,1789338853.3698092,-75
2026-09-13 19:34:13.377,1789338853.3775012,-26
2026-09-13 19:34:13.385,1789338853.3851936,-58
2026-09-13 19:34:13.392,1789338853.392886,-48
2026-09-13 19:34:13.400,1789338853.4005783,-14
2026-09-13 19:34:13.408,1789338853.4082706,-16
2026-09-13 19:34:13.415,1789338853.415963,-14
2026-09-13 19:34:13.423,1789338853.4236553,0
2026-09-13 19:34:13.431,1789338853.4313476,4
2026-09-13 19:34:13.439,1789338853.4390397,12
2026-09-13 19:34:13.446,1789338853.446732,19
2026-09-13 19:34:13.454,1789338853.4544244,31
2026-09-13 19:34:13.462,1789338853.4621167,43
2026-09-13 19:34:13.469,1789338853.469809,48
2026-09-13 19:34:13.477,1789338853.4775014,55
2026-09-13 19:34:13.485,1789338853.4851937,67
2026-09-13 19:34:13.492,1789338853.492886,77
2026-09-13 19:34:13.500,1789338853.5005782,87
2026-09-13 19:34:13.508,1789338853.5082705,109
2026-09-13 19:34:13.515,1789338853.5159628,130
2026-09-13 19:34:13.523,1789338853.5236552,147
2026-09-13 19:34:13.531,1789338853.5313475,167
2026-09-13 19:34:13.539,1789338853.5390399,194
2026-09-13 19:34:13.546,1789338853.5467322,218
2026-09-13 19:34:13.554,1789338853.5544245,232
2026-09-13 19:34:13.562,1789338853.5621166,235
2026-09-13 19:34:13.569,1789338853.569809,230
2026-09-13 19:34:13.577,1789338853.5775013,223
2026-09-13 19:34:13.585,1789338853.5851936,194
2026-09-13 19:34:13.592,1789338853.592886,147
2026-09-13 19:34:13.600,1789338853.6005783,97
2026-09-13 19:34:13.608,1789338853.6082706,46
2026-09-13 19:34:13.615,1789338853.615963,-2
2026-09-13 19:34:13.623,1789338853.623655,-33
2026-09-13 19:34:13.631,1789338853.6313474,-60
2026-09-13 19:34:13.639,1789338853.6390398,-77
2026-09-13 19:34:13.646,1789338853.646732,-84
2026-09-13 19:34:13.654,1789338853.6544244,-82
2026-09-13 19:34:13.662,1789338853.6621168,-75
2026-09-13 19:34:13.669,1789338853.669809,-67
2026-09-13 19:34:13.677,1789338853.6775014,-58
2026-09-13 19:34:13.685,1789338853.6851938,-50
2026-09-13 19:34:13.692,1789338853.6928859,-46
2026-09-13 19:34:13.700,1789338853.7005782,-41
2026-09-13 19:34:13.708,1789338853.7082705,-38
2026-09-13 19:34:13.715,1789338853.7154014,-36
2026-09-13 19:34:13.723,1789338853.7230937,-29
2026-09-13 19:34:13.730,1789338853.730786,-26
2026-09-13 19:34:13.738,1789338853.7384784,-24
2026-09-13 19:34:13.746,1789338853.7461708,-21
2026-09-13 19:34:13.753,1789338853.7538629,-21
2026-09-13 19:34:13.761,1789338853.7615552,-16
2026-09-13 19:34:13.769,1789338853.7692475,-14
2026-09-13 19:34:13.776,1789338853.7769399,-16
2026-09-13 19:34:13.784,1789338853.7846322,-16
2026-09-13 19:34:13.792,1789338853.7923245,-14
2026-09-13 19:34:13.800,1789338853.8000169,-14
2026-09-13 19:34:13.807,1789338853.8077092,-9
2026-09-13 19:34:13.815,1789338853.8154013,-7
2026-09-13 19:34:13.823,1789338853.8230937,-4
2026-09-13 19:34:13.830,1789338853.830786,-2
2026-09-13 19:34:13.838,1789338853.8384783,-4
2026-09-13 19:34:13.846,1789338853.8461707,-2
2026-09-13 19:34:13.853,1789338853.853863,0
2026-09-13 19:34:13.861,1789338853.8615553,0
2026-09-13 19:34:13.869,1789338853.8692477,-2
2026-09-13 19:34:13.876,1789338853.8769398,0
2026-09-13 19:34:13.884,1789338853.884632,4
2026-09-13 19:34:13.892,1789338853.8923244,7
2026-09-13 19:34:13.900,1789338853.9000168,2
2026-09-13 19:34:13.907,1789338853.9077091,7
2026-09-13 19:34:13.915,1789338853.9154015,16
2026-09-13 19:34:13.923,1789338853.9230938,12
2026-09-13 19:34:13.930,1789338853.9307861,14
2026-09-13 19:34:13.938,1789338853.9384782,16
2026-09-13 19:34:13.946,1789338853.9461706,14
2026-09-13 19:34:13.953,1789338853.953863,12
2026-09-13 19:34:13.961,1789338853.9615552,14
2026-09-13 19:34:13.969,1789338853.9692476,21
2026-09-13 19:34:13.976,1789338853.97694,24
2026-09-13 19:34:13.984,1789338853.9846323,24
2026-09-13 19:34:13.992,1789338853.9923246,21
2026-09-13 19:34:14.000,1789338854.0000167,19
2026-09-13 19:34:14.007,1789338854.007709,29
2026-09-13 19:34:14.015,1789338854.0154014,36
2026-09-13 19:34:14.023,1789338854.0230937,36
2026-09-13 19:34:14.030,1789338854.030786,38
2026-09-13 19:34:14.038,1789338854.0384784,38
2026-09-13 19:34:14.046,1789338854.0461707,36
2026-09-13 19:34:14.053,1789338854.053863,38
2026-09-13 19:34:14.061,1789338854.0615551,43
2026-09-13 19:34:14.069,1789338854.0692475,41
2026-09-13 19:34:14.076,1789338854.0769398,38
2026-09-13 19:34:14.084,1789338854.0846322,36
2026-09-13 19:34:14.092,1789338854.0923245,33
2026-09-13 19:34:14.100,1789338854.1000168,43
2026-09-13 19:34:14.107,1789338854.1077092,58
2026-09-13 19:34:14.115,1789338854.1154015,65
2026-09-13 19:34:14.123,1789338854.1230936,80
2026-09-13 19:34:14.130,1789338854.130786,113
2026-09-13 19:34:14.138,1789338854.1384783,121
2026-09-13 19:34:14.146,1789338854.1461706,84
2026-09-13 19:34:14.153,1789338854.153863,53
2026-09-13 19:34:14.161,1789338854.1615553,55
2026-09-13 19:34:14.169,1789338854.1692476,50
2026-09-13 19:34:14.176,1789338854.17694,36
2026-09-13 19:34:14.184,1789338854.184632,41
2026-09-13 19:34:14.192,1789338854.1923244,48
2026-09-13 19:34:14.200,1789338854.2000167,46
2026-09-13 19:34:14.207,1789338854.207709,48
2026-09-13 19:34:14.215,1789338854.2154014,55
2026-09-13 19:34:14.223,1789338854.2230937,63
2026-09-13 19:34:14.230,1789338854.230786,63
2026-09-13 19:34:14.238,1789338854.2384784,67
2026-09-13 19:34:14.246,1789338854.2461708,128
2026-09-13 19:34:14.253,1789338854.2538629,327
2026-09-13 19:34:14.261,1789338854.2615552,662
2026-09-13 19:34:14.269,1789338854.2692475,1033
2026-09-13 19:34:14.276,1789338854.2764084,1016
2026-09-13 19:34:14.284,1789338854.2841008,281
2026-09-13 19:34:14.291,1789338854.291793,-358
2026-09-13 19:34:14.299,1789338854.2994854,-203
2026-09-13 19:34:14.307,1789338854.3071778,43
2026-09-13 19:34:14.314,1789338854.3148699,-48
2026-09-13 19:34:14.322,1789338854.3225622,-75
2026-09-13 19:34:14.330,1789338854.3302546,-4
2026-09-13 19:34:14.337,1789338854.337947,-16
2026-09-13 19:34:14.345,1789338854.3456392,-19
2026-09-13 19:34:14.353,1789338854.3533316,7
2026-09-13 19:34:14.361,1789338854.361024,4
2026-09-13 19:34:14.368,1789338854.3687162,12
2026-09-13 19:34:14.376,1789338854.3764083,43
2026-09-13 19:34:14.384,1789338854.3841007,48
2026-09-13 19:34:14.391,1789338854.391793,43
2026-09-13 19:34:14.399,1789338854.3994853,55
2026-09-13 19:34:14.407,1789338854.4071777,60
2026-09-13 19:34:14.414,1789338854.41487,60
2026-09-13 19:34:14.422,1789338854.4225624,77
2026-09-13 19:34:14.430,1789338854.4302547,94
2026-09-13 19:34:14.437,1789338854.4379468,97
2026-09-13 19:34:14.445,1789338854.4456391,99
2026-09-13 19:34:14.453,1789338854.4533315,121
2026-09-13 19:34:14.461,1789338854.4610238,160
2026-09-13 19:34:14.468,1789338854.4687161,191
2026-09-13 19:34:14.476,1789338854.4764085,198
2026-09-13 19:34:14.484,1789338854.4841008,208
2026-09-13 19:34:14.491,1789338854.4917932,242
2026-09-13 19:34:14.499,1789338854.4994853,276
2026-09-13 19:34:14.507,1789338854.5071776,300
2026-09-13 19:34:14.514,1789338854.51487,312
2026-09-13 19:34:14.522,1789338854.5225623,307
2026-09-13 19:34:14.530,1789338854.5302546,291
2026-09-13 19:34:14.537,1789338854.537947,254
2026-09-13 19:34:14.545,1789338854.5456393,194
2026-09-13 19:34:14.553,1789338854.5533316,123
2026-09-13 19:34:14.561,1789338854.5610237,50
2026-09-13 19:34:14.568,1789338854.568716,-16
2026-09-13 19:34:14.576,1789338854.5764084,-63
2026-09-13 19:34:14.584,1789338854.5841007,-92
2026-09-13 19:34:14.591,1789338854.591793,-111
2026-09-13 19:34:14.599,1789338854.5994854,-121
2026-09-13 19:34:14.607,1789338854.6071777,-113
2026-09-13 19:34:14.614,1789338854.61487,-113
2026-09-13 19:34:14.622,1789338854.6225622,-111
2026-09-13 19:34:14.630,1789338854.6302545,-89
2026-09-13 19:34:14.637,1789338854.6379468,-70
2026-09-13 19:34:14.645,1789338854.6456392,-72
2026-09-13 19:34:14.653,1789338854.6533315,-77
2026-09-13 19:34:14.661,1789338854.6610239,-70
2026-09-13 19:34:14.668,1789338854.6687162,-63
2026-09-13 19:34:14.676,1789338854.6764085,-48
2026-09-13 19:34:14.684,1789338854.6841006,-33
2026-09-13 19:34:14.691,1789338854.691793,-36
2026-09-13 19:34:14.699,1789338854.6994853,-38
2026-09-13 19:34:14.707,1789338854.7071776,-33
2026-09-13 19:34:14.714,1789338854.71487,-41
2026-09-13 19:34:14.722,1789338854.7225623,-46
2026-09-13 19:34:14.730,1789338854.7302547,-33
2026-09-13 19:34:14.737,1789338854.737947,-26
2026-09-13 19:34:14.745,1789338854.745639,-24
2026-09-13 19:34:14.753,1789338854.7533314,-21
2026-09-13 19:34:14.761,1789338854.7610238,-24
2026-09-13 19:34:14.768,1789338854.768716,-24
2026-09-13 19:34:14.776,1789338854.7764084,-16
2026-09-13 19:34:14.784,1789338854.7841008,-12
2026-09-13 19:34:14.791,1789338854.791793,-12
2026-09-13 19:34:14.799,1789338854.7994854,-12
2026-09-13 19:34:14.807,1789338854.8071778,-12
2026-09-13 19:34:14.814,1789338854.8148699,-9
2026-09-13 19:34:14.822,1789338854.8225622,0
2026-09-13 19:34:14.830,1789338854.8302546,4
2026-09-13 19:34:14.837,1789338854.8373904,4
2026-09-13 19:34:14.845,1789338854.8450828,7
2026-09-13 19:34:14.852,1789338854.852775,14
2026-09-13 19:34:14.860,1789338854.8604674,19
2026-09-13 19:34:14.868,1789338854.8681598,24
2026-09-13 19:34:14.875,1789338854.8758519,21
2026-09-13 19:34:14.883,1789338854.8835442,16
2026-09-13 19:34:14.891,1789338854.8912365,26
2026-09-13 19:34:14.898,1789338854.8989289,31
2026-09-13 19:34:14.906,1789338854.9066212,26
2026-09-13 19:34:14.914,1789338854.9143136,31
2026-09-13 19:34:14.922,1789338854.922006,33
2026-09-13 19:34:14.929,1789338854.9296982,29
2026-09-13 19:34:14.937,1789338854.9373903,31
2026-09-13 19:34:14.945,1789338854.9450827,41
2026-09-13 19:34:14.952,1789338854.952775,55
2026-09-13 19:34:14.960,1789338854.9604673,65
2026-09-13 19:34:14.968,1789338854.9681597,80
2026-09-13 19:34:14.975,1789338854.975852,87
2026-09-13 19:34:14.983,1789338854.9835443,77
2026-09-13 19:34:14.991,1789338854.9912367,72
2026-09-13 19:34:14.998,1789338854.9989288,70
2026-09-13 19:34:15.006,1789338855.0066211,55
2026-09-13 19:34:15.014,1789338855.0143135,41
2026-09-13 19:34:15.022,1789338855.0220058,38
2026-09-13 19:34:15.029,1789338855.0296981,29
2026-09-13 19:34:15.037,1789338855.0373905,21
2026-09-13 19:34:15.045,1789338855.0450828,21
2026-09-13 19:34:15.052,1789338855.0527751,24
2026-09-13 19:34:15.060,1789338855.0604672,26
2026-09-13 19:34:15.068,1789338855.0681596,26
2026-09-13 19:34:15.075,1789338855.075852,24
2026-09-13 19:34:15.083,1789338855.0835443,24
2026-09-13 19:34:15.091,1789338855.0912366,109
2026-09-13 19:34:15.098,1789338855.098929,366
2026-09-13 19:34:15.106,1789338855.1066213,763
2026-09-13 19:34:15.114,1789338855.1143136,1098
2026-09-13 19:34:15.122,1789338855.1220057,892
2026-09-13 19:34:15.129,1789338855.129698,53
2026-09-13 19:34:15.137,1789338855.1373904,-429
2026-09-13 19:34:15.145,1789338855.1450827,-145
2026-09-13 19:34:15.152,1789338855.152775,31
2026-09-13 19:34:15.160,1789338855.1604674,-97
2026-09-13 19:34:15.168,1789338855.1681597,-72
2026-09-13 19:34:15.175,1789338855.175852,7
2026-09-13 19:34:15.183,1789338855.1835442,-24
2026-09-13 19:34:15.191,1789338855.1912365,-26
2026-09-13 19:34:15.198,1789338855.1989288,16
2026-09-13 19:34:15.206,1789338855.2066212,16
2026-09-13 19:34:15.214,1789338855.2143135,4
2026-09-13 19:34:15.222,1789338855.2220058,29
2026-09-13 19:34:15.229,1789338855.2296982,58
2026-09-13 19:34:15.237,1789338855.2373905,55
2026-09-13 19:34:15.245,1789338855.2450826,50
2026-09-13 19:34:15.252,1789338855.252775,60
2026-09-13 19:34:15.260,1789338855.2604673,75
2026-09-13 19:34:15.268,1789338855.2681596,87
2026-09-13 19:34:15.275,1789338855.275852,97
2026-09-13 19:34:15.283,1789338855.2835443,111
2026-09-13 19:34:15.291,1789338855.2912366,130
2026-09-13 19:34:15.298,1789338855.298929,147
2026-09-13 19:34:15.306,1789338855.306621,167
2026-09-13 19:34:15.314,1789338855.3143134,198
2026-09-13 19:34:15.322,1789338855.3220057,227
2026-09-13 19:34:15.329,1789338855.329698,259
2026-09-13 19:34:15.337,1789338855.3373904,298
2026-09-13 19:34:15.345,1789338855.3450828,317
2026-09-13 19:34:15.352,1789338855.352775,329
2026-09-13 19:34:15.360,1789338855.3604674,351
2026-09-13 19:34:15.368,1789338855.3681598,349
2026-09-13 19:34:15.375,1789338855.3758519,312
2026-09-13 19:34:15.383,1789338855.3835442,257
2026-09-13 19:34:15.391,1789338855.3912365,189
2026-09-13 19:34:15.398,1789338855.3983622,111
2026-09-13 19:34:15.406,1789338855.4060545,41
2026-09-13 19:34:15.413,1789338855.4137468,-12
2026-09-13 19:34:15.421,1789338855.4214392,-60
2026-09-13 19:34:15.429,1789338855.4291315,-101
2026-09-13 19:34:15.436,1789338855.4368236,-109
2026-09-13 19:34:15.444,1789338855.444516,-106
2026-09-13 19:34:15.452,1789338855.4522083,-111
2026-09-13 19:34:15.459,1789338855.4599006,-113
2026-09-13 19:34:15.467,1789338855.467593,-111
2026-09-13 19:34:15.475,1789338855.4752853,-97
2026-09-13 19:34:15.482,1789338855.4829776,-80
2026-09-13 19:34:15.490,1789338855.49067,-77
2026-09-13 19:34:15.498,1789338855.498362,-80
2026-09-13 19:34:15.506,1789338855.5060544,-70
2026-09-13 19:34:15.513,1789338855.5137467,-60
2026-09-13 19:34:15.521,1789338855.521439,-55
2026-09-13 19:34:15.529,1789338855.5291314,-53
2026-09-13 19:34:15.536,1789338855.5368237,-53
2026-09-13 19:34:15.544,1789338855.544516,-43
2026-09-13 19:34:15.552,1789338855.5522084,-36
2026-09-13 19:34:15.559,1789338855.5599005,-41
2026-09-13 19:34:15.567,1789338855.5675929,-48
2026-09-13 19:34:15.575,1789338855.5752852,-41
2026-09-13 19:34:15.582,1789338855.5829775,-36
2026-09-13 19:34:15.590,1789338855.5906699,-36
2026-09-13 19:34:15.598,1789338855.5983622,-36
2026-09-13 19:34:15.606,1789338855.6060545,-29
2026-09-13 19:34:15.613,1789338855.613747,-24
2026-09-13 19:34:15.621,1789338855.621439,-38
2026-09-13 19:34:15.629,1789338855.6291313,-41
2026-09-13 19:34:15.636,1789338855.6368237,-31
2026-09-13 19:34:15.644,1789338855.644516,-26
2026-09-13 19:34:15.652,1789338855.6522083,-31
2026-09-13 19:34:15.659,1789338855.6599007,-31
2026-09-13 19:34:15.667,1789338855.667593,-31
2026-09-13 19:34:15.675,1789338855.6752853,-26
2026-09-13 19:34:15.682,1789338855.6829774,-21
2026-09-13 19:34:15.690,1789338855.6906698,-21
2026-09-13 19:34:15.698,1789338855.698362,-19
2026-09-13 19:34:15.706,1789338855.7060544,-16
2026-09-13 19:34:15.713,1789338855.7137468,-21
2026-09-13 19:34:15.721,1789338855.7214391,-26
2026-09-13 19:34:15.729,1789338855.7291315,-29
2026-09-13 19:34:15.736,1789338855.7368238,-21
2026-09-13 19:34:15.744,1789338855.744516,-9
2026-09-13 19:34:15.752,1789338855.7522082,2
2026-09-13 19:34:15.759,1789338855.7599006,7
2026-09-13 19:34:15.767,1789338855.767593,16
2026-09-13 19:34:15.775,1789338855.7752852,26
2026-09-13 19:34:15.782,1789338855.7829776,19
2026-09-13 19:34:15.790,1789338855.79067,21
2026-09-13 19:34:15.798,1789338855.7983623,24
2026-09-13 19:34:15.806,1789338855.8060544,2
2026-09-13 19:34:15.813,1789338855.8137467,-19
2026-09-13 19:34:15.821,1789338855.821439,-29
2026-09-13 19:34:15.829,1789338855.8291314,-31
2026-09-13 19:34:15.836,1789338855.8368237,-29
2026-09-13 19:34:15.844,1789338855.844516,-19
2026-09-13 19:34:15.852,1789338855.8522084,-16
2026-09-13 19:34:15.859,1789338855.8599007,-16
2026-09-13 19:34:15.867,1789338855.8675928,-19
2026-09-13 19:34:15.875,1789338855.8752851,-29
2026-09-13 19:34:15.882,1789338855.8829775,-21
2026-09-13 19:34:15.890,1789338855.8906698,75
2026-09-13 19:34:15.898,1789338855.8983622,334
2026-09-13 19:34:15.906,1789338855.9060545,727
2026-09-13 19:34:15.913,1789338855.9137468,1033
2026-09-13 19:34:15.921,1789338855.9214392,739
2026-09-13 19:34:15.929,1789338855.9291315,-77
2026-09-13 19:34:15.936,1789338855.9368236,-412
2026-09-13 19:34:15.944,1789338855.944516,-135
2026-09-13 19:34:15.952,1789338855.9522083,-65
2026-09-13 19:34:15.959,1789338855.9593694,-181
2026-09-13 19:34:15.967,1789338855.9670618,-128
2026-09-13 19:34:15.974,1789338855.974754,-82
2026-09-13 19:34:15.982,1789338855.9824464,-123
2026-09-13 19:34:15.990,1789338855.9901388,-109
2026-09-13 19:34:15.997,1789338855.9978309,-77
2026-09-13 19:34:16.005,1789338856.0055232,-80
2026-09-13 19:34:16.013,1789338856.0132155,-77
2026-09-13 19:34:16.020,1789338856.0209079,-63
2026-09-13 19:34:16.028,1789338856.0286002,-55
2026-09-13 19:34:16.036,1789338856.0362926,-48
2026-09-13 19:34:16.043,1789338856.043985,-36
2026-09-13 19:34:16.051,1789338856.0516772,-26
2026-09-13 19:34:16.059,1789338856.0593693,-21
2026-09-13 19:34:16.067,1789338856.0670617,-14
2026-09-13 19:34:16.074,1789338856.074754,0
2026-09-13 19:34:16.082,1789338856.0824463,12
2026-09-13 19:34:16.090,1789338856.0901387,21
2026-09-13 19:34:16.097,1789338856.097831,33
2026-09-13 19:34:16.105,1789338856.1055233,53
2026-09-13 19:34:16.113,1789338856.1132157,72
2026-09-13 19:34:16.120,1789338856.1209078,99
2026-09-13 19:34:16.128,1789338856.1286001,128
2026-09-13 19:34:16.136,1789338856.1362925,152
2026-09-13 19:34:16.143,1789338856.1439848,169
2026-09-13 19:34:16.151,1789338856.1516771,184
2026-09-13 19:34:16.159,1789338856.1593695,196
2026-09-13 19:34:16.167,1789338856.1670618,191
2026-09-13 19:34:16.174,1789338856.1747541,164
2026-09-13 19:34:16.182,1789338856.1824462,113
2026-09-13 19:34:16.190,1789338856.1901386,55
2026-09-13 19:34:16.197,1789338856.197831,-2
2026-09-13 19:34:16.205,1789338856.2055233,-63
2026-09-13 19:34:16.213,1789338856.2132156,-113
2026-09-13 19:34:16.220,1789338856.220908,-140
2026-09-13 19:34:16.228,1789338856.2286003,-155
2026-09-13 19:34:16.236,1789338856.2362926,-174
2026-09-13 19:34:16.243,1789338856.2439847,-181
2026-09-13 19:34:16.251,1789338856.251677,-177
2026-09-13 19:34:16.259,1789338856.2593694,-172
2026-09-13 19:34:16.267,1789338856.2670617,-167
2026-09-13 19:34:16.274,1789338856.274754,-160
2026-09-13 19:34:16.282,1789338856.2824464,-155
2026-09-13 19:34:16.290,1789338856.2901387,-145
2026-09-13 19:34:16.297,1789338856.297831,-138
2026-09-13 19:34:16.305,1789338856.3055232,-128
2026-09-13 19:34:16.313,1789338856.3132155,-118
2026-09-13 19:34:16.320,1789338856.3209078,-111
2026-09-13 19:34:16.328,1789338856.3286002,-111
2026-09-13 19:34:16.336,1789338856.3362925,-101
2026-09-13 19:34:16.343,1789338856.3439848,-89
2026-09-13 19:34:16.351,1789338856.3516772,-89
2026-09-13 19:34:16.359,1789338856.3593695,-89
2026-09-13 19:34:16.367,1789338856.3670616,-82
2026-09-13 19:34:16.374,1789338856.374754,-77
2026-09-13 19:34:16.382,1789338856.3824463,-75
2026-09-13 19:34:16.390,1789338856.3901386,-75
2026-09-13 19:34:16.397,1789338856.397831,-77
2026-09-13 19:34:16.405,1789338856.4055233,-72
2026-09-13 19:34:16.413,1789338856.4132156,-70
2026-09-13 19:34:16.420,1789338856.420908,-72
2026-09-13 19:34:16.428,1789338856.4286,-67
2026-09-13 19:34:16.436,1789338856.4362924,-70
2026-09-13 19:34:16.443,1789338856.4439847,-70
2026-09-13 19:34:16.451,1789338856.451677,-63
2026-09-13 19:34:16.459,1789338856.4593694,-60
2026-09-13 19:34:16.467,1789338856.4670618,-60
2026-09-13 19:34:16.474,1789338856.474754,-58
2026-09-13 19:34:16.482,1789338856.4824464,-50
2026-09-13 19:34:16.490,1789338856.4901388,-48
2026-09-13 19:34:16.497,1789338856.4978309,-53
2026-09-13 19:34:16.505,1789338856.5055232,-53
2026-09-13 19:34:16.513,1789338856.5132155,-50
2026-09-13 19:34:16.520,1789338856.5203462,-48
2026-09-13 19:34:16.528,1789338856.5280385,-43
2026-09-13 19:34:16.535,1789338856.5357308,-41
2026-09-13 19:34:16.543,1789338856.5434232,-43
2026-09-13 19:34:16.551,1789338856.5511155,-43
2026-09-13 19:34:16.558,1789338856.5588076,-38
2026-09-13 19:34:16.566,1789338856.5665,-29
2026-09-13 19:34:16.574,1789338856.5741923,-14
2026-09-13 19:34:16.581,1789338856.5818846,7
2026-09-13 19:34:16.589,1789338856.589577,16
2026-09-13 19:34:16.597,1789338856.5972693,12
2026-09-13 19:34:16.604,1789338856.6049616,9
2026-09-13 19:34:16.612,1789338856.612654,14
2026-09-13 19:34:16.620,1789338856.620346,0
2026-09-13 19:34:16.628,1789338856.6280384,-24
2026-09-13 19:34:16.635,1789338856.6357307,-33
2026-09-13 19:34:16.643,1789338856.643423,-33
2026-09-13 19:34:16.651,1789338856.6511154,-36
2026-09-13 19:34:16.658,1789338856.6588078,-36
2026-09-13 19:34:16.666,1789338856.6665,-29
2026-09-13 19:34:16.674,1789338856.6741924,-24
2026-09-13 19:34:16.681,1789338856.6818845,-26
2026-09-13 19:34:16.689,1789338856.6895769,-26
2026-09-13 19:34:16.697,1789338856.6972692,-26
2026-09-13 19:34:16.704,1789338856.7049615,12
2026-09-13 19:34:16.712,1789338856.7126539,174
2026-09-13 19:34:16.720,1789338856.7203462,492
2026-09-13 19:34:16.728,1789338856.7280385,877
2026-09-13 19:34:16.735,1789338856.735731,974
2026-09-13 19:34:16.743,1789338856.743423,404
2026-09-13 19:34:16.751,1789338856.7511153,-278
2026-09-13 19:34:16.758,1789338856.7588077,-276
2026-09-13 19:34:16.766,1789338856.7665,-26
2026-09-13 19:34:16.774,1789338856.7741923,-87
2026-09-13 19:34:16.781,1789338856.7818847,-145
2026-09-13 19:34:16.789,1789338856.789577,-65
2026-09-13 19:34:16.797,1789338856.7972693,-63
2026-09-13 19:34:16.804,1789338856.8049614,-89
2026-09-13 19:34:16.812,1789338856.8126538,-55
2026-09-13 19:34:16.820,1789338856.820346,-38
2026-09-13 19:34:16.828,1789338856.8280385,-48
2026-09-13 19:34:16.835,1789338856.8357308,-33
2026-09-13 19:34:16.843,1789338856.8434231,-14
2026-09-13 19:34:16.851,1789338856.8511155,-12
2026-09-13 19:34:16.858,1789338856.8588078,-4
2026-09-13 19:34:16.866,1789338856.8665,9
2026-09-13 19:34:16.874,1789338856.8741922,14
2026-09-13 19:34:16.881,1789338856.8818846,19
2026-09-13 19:34:16.889,1789338856.889577,31
2026-09-13 19:34:16.897,1789338856.8972692,43
2026-09-13 19:34:16.904,1789338856.9049616,55
2026-09-13 19:34:16.912,1789338856.912654,65
2026-09-13 19:34:16.920,1789338856.9203463,80
2026-09-13 19:34:16.928,1789338856.9280384,101
2026-09-13 19:34:16.935,1789338856.9357307,123
2026-09-13 19:34:16.943,1789338856.943423,143
2026-09-13 19:34:16.951,1789338856.9511154,164
2026-09-13 19:34:16.958,1789338856.9588077,189
2026-09-13 19:34:16.966,1789338856.9665,208
2026-09-13 19:34:16.974,1789338856.9741924,220
2026-09-13 19:34:16.981,1789338856.9818847,223
2026-09-13 19:34:16.989,1789338856.9895768,210
2026-09-13 19:34:16.997,1789338856.9972692,184
2026-09-13 19:34:17.004,1789338857.0049615,143
2026-09-13 19:34:17.012,1789338857.0126538,89
2026-09-13 19:34:17.020,1789338857.0203462,33
2026-09-13 19:34:17.028,1789338857.0280385,-14
2026-09-13 19:34:17.035,1789338857.0357308,-55
2026-09-13 19:34:17.043,1789338857.0434232,-80
2026-09-13 19:34:17.051,1789338857.0511155,-94
2026-09-13 19:34:17.058,1789338857.0588076,-99
2026-09-13 19:34:17.066,1789338857.0665,-99
2026-09-13 19:34:17.074,1789338857.0741923,-99
2026-09-13 19:34:17.081,1789338857.0813382,-92
2026-09-13 19:34:17.089,1789338857.0890305,-84
2026-09-13 19:34:17.096,1789338857.0967228,-82
2026-09-13 19:34:17.104,1789338857.1044152,-75
2026-09-13 19:34:17.112,1789338857.1121075,-63
2026-09-13 19:34:17.119,1789338857.1197996,-58
2026-09-13 19:34:17.127,1789338857.127492,-55
2026-09-13 19:34:17.135,1789338857.1351843,-50
2026-09-13 19:34:17.142,1789338857.1428766,-43
2026-09-13 19:34:17.150,1789338857.150569,-41
2026-09-13 19:34:17.158,1789338857.1582613,-36
2026-09-13 19:34:17.165,1789338857.1659536,-31
2026-09-13 19:34:17.173,1789338857.173646,-29
2026-09-13 19:34:17.181,1789338857.181338,-29
2026-09-13 19:34:17.189,1789338857.1890304,-26
2026-09-13 19:34:17.196,1789338857.1967227,-26
2026-09-13 19:34:17.204,1789338857.204415,-21
2026-09-13 19:34:17.212,1789338857.2121074,-19
2026-09-13 19:34:17.219,1789338857.2197998,-24
2026-09-13 19:34:17.227,1789338857.227492,-26
2026-09-13 19:34:17.235,1789338857.2351844,-24
2026-09-13 19:34:17.242,1789338857.2428765,-21
2026-09-13 19:34:17.250,1789338857.2505689,-24
2026-09-13 19:34:17.258,1789338857.2582612,-16
2026-09-13 19:34:17.265,1789338857.2659535,-2
2026-09-13 19:34:17.273,1789338857.2736459,-2
2026-09-13 19:34:17.281,1789338857.2813382,-24
2026-09-13 19:34:17.289,1789338857.2890306,-26
2026-09-13 19:34:17.296,1789338857.296723,-4
2026-09-13 19:34:17.304,1789338857.304415,0
2026-09-13 19:34:17.312,1789338857.3121073,-7
2026-09-13 19:34:17.319,1789338857.3197997,-2
2026-09-13 19:34:17.327,1789338857.327492,4
2026-09-13 19:34:17.335,1789338857.3351843,2
2026-09-13 19:34:17.342,1789338857.3428767,2
2026-09-13 19:34:17.350,1789338857.350569,4
2026-09-13 19:34:17.358,1789338857.3582613,9
2026-09-13 19:34:17.365,1789338857.3659534,12
2026-09-13 19:34:17.373,1789338857.3736458,12
2026-09-13 19:34:17.381,1789338857.3813381,7
2026-09-13 19:34:17.389,1789338857.3890305,7
2026-09-13 19:34:17.396,1789338857.3967228,12
2026-09-13 19:34:17.404,1789338857.4044151,16
2026-09-13 19:34:17.412,1789338857.4121075,16
2026-09-13 19:34:17.419,1789338857.4197998,14
2026-09-13 19:34:17.427,1789338857.427492,12
2026-09-13 19:34:17.435,1789338857.4351842,16
2026-09-13 19:34:17.442,1789338857.4428766,19
2026-09-13 19:34:17.450,1789338857.450569,16
2026-09-13 19:34:17.458,1789338857.4582613,14
2026-09-13 19:34:17.465,1789338857.4659536,14
2026-09-13 19:34:17.473,1789338857.473646,29
2026-09-13 19:34:17.481,1789338857.4813383,43
2026-09-13 19:34:17.489,1789338857.4890304,55
2026-09-13 19:34:17.496,1789338857.4967227,67
2026-09-13 19:34:17.504,1789338857.504415,63
2026-09-13 19:34:17.512,1789338857.5121074,50
2026-09-13 19:34:17.519,1789338857.5197997,50
2026-09-13 19:34:17.527,1789338857.527492,43
2026-09-13 19:34:17.535,1789338857.5351844,16
2026-09-13 19:34:17.542,1789338857.5428767,0
2026-09-13 19:34:17.550,1789338857.5505688,2
2026-09-13 19:34:17.558,1789338857.5582612,7
2026-09-13 19:34:17.565,1789338857.5659535,2
2026-09-13 19:34:17.573,1789338857.5736458,0
2026-09-13 19:34:17.581,1789338857.5813382,4
2026-09-13 19:34:17.589,1789338857.5890305,4
2026-09-13 19:34:17.596,1789338857.5967228,0
2026-09-13 19:34:17.604,1789338857.6044152,0
2026-09-13 19:34:17.612,1789338857.6121075,26
2026-09-13 19:34:17.619,1789338857.6197996,155
2026-09-13 19:34:17.627,1789338857.627492,419
2026-09-13 19:34:17.635,1789338857.6351843,788
2026-09-13 19:34:17.642,1789338857.6423302,1016
2026-09-13 19:34:17.650,1789338857.6500225,611
2026-09-13 19:34:17.657,1789338857.6577148,-150
2026-09-13 19:34:17.665,1789338857.6654072,-307
2026-09-13 19:34:17.673,1789338857.6730995,-33
2026-09-13 19:34:17.680,1789338857.6807916,-36
2026-09-13 19:34:17.688,1789338857.688484,-126
2026-09-13 19:34:17.696,1789338857.6961763,-63
2026-09-13 19:34:17.703,1789338857.7038686,-38
2026-09-13 19:34:17.711,1789338857.711561,-70
2026-09-13 19:34:17.719,1789338857.7192533,-48
2026-09-13 19:34:17.726,1789338857.7269456,-29
2026-09-13 19:34:17.734,1789338857.734638,-33
2026-09-13 19:34:17.742,1789338857.74233,-24
2026-09-13 19:34:17.750,1789338857.7500224,-9
2026-09-13 19:34:17.757,1789338857.7577147,-7
2026-09-13 19:34:17.765,1789338857.765407,-7
2026-09-13 19:34:17.773,1789338857.7730994,4
2026-09-13 19:34:17.780,1789338857.7807918,16
2026-09-13 19:34:17.788,1789338857.788484,24
2026-09-13 19:34:17.796,1789338857.7961764,31
2026-09-13 19:34:17.803,1789338857.8038685,46
2026-09-13 19:34:17.811,1789338857.8115609,58
2026-09-13 19:34:17.819,1789338857.8192532,65
2026-09-13 19:34:17.826,1789338857.8269455,80
2026-09-13 19:34:17.834,1789338857.8346379,104
2026-09-13 19:34:17.842,1789338857.8423302,121
2026-09-13 19:34:17.850,1789338857.8500226,140
2026-09-13 19:34:17.857,1789338857.857715,164
2026-09-13 19:34:17.865,1789338857.865407,186
2026-09-13 19:34:17.873,1789338857.8730993,203
2026-09-13 19:34:17.880,1789338857.8807917,215
2026-09-13 19:34:17.888,1789338857.888484,223
2026-09-13 19:34:17.896,1789338857.8961763,218
2026-09-13 19:34:17.903,1789338857.9038687,201
2026-09-13 19:34:17.911,1789338857.911561,167
2026-09-13 19:34:17.919,1789338857.9192533,118
2026-09-13 19:34:17.926,1789338857.9269454,70
2026-09-13 19:34:17.934,1789338857.9346378,24
2026-09-13 19:34:17.942,1789338857.9423301,-16
2026-09-13 19:34:17.950,1789338857.9500225,-50
2026-09-13 19:34:17.957,1789338857.9577148,-65
2026-09-13 19:34:17.965,1789338857.9654071,-77
2026-09-13 19:34:17.973,1789338857.9730995,-84
2026-09-13 19:34:17.980,1789338857.9807918,-77
2026-09-13 19:34:17.988,1789338857.988484,-70
2026-09-13 19:34:17.996,1789338857.9961762,-67
2026-09-13 19:34:18.003,1789338858.0038686,-60
2026-09-13 19:34:18.011,1789338858.011561,-50
2026-09-13 19:34:18.019,1789338858.0192533,-43
2026-09-13 19:34:18.026,1789338858.0269456,-36
2026-09-13 19:34:18.034,1789338858.034638,-31
2026-09-13 19:34:18.042,1789338858.0423303,-26
2026-09-13 19:34:18.050,1789338858.0500224,-24
2026-09-13 19:34:18.057,1789338858.0577147,-19
2026-09-13 19:34:18.065,1789338858.065407,-14
2026-09-13 19:34:18.073,1789338858.0730994,-14
2026-09-13 19:34:18.080,1789338858.0807917,-16
2026-09-13 19:34:18.088,1789338858.088484,-14
2026-09-13 19:34:18.096,1789338858.0961764,-9
2026-09-13 19:34:18.103,1789338858.1038687,-9
2026-09-13 19:34:18.111,1789338858.1115608,-12
2026-09-13 19:34:18.119,1789338858.1192532,-7
2026-09-13 19:34:18.126,1789338858.1269455,-7
2026-09-13 19:34:18.134,1789338858.1346378,-9
2026-09-13 19:34:18.142,1789338858.1423302,-9
2026-09-13 19:34:18.150,1789338858.1500225,-7
2026-09-13 19:34:18.157,1789338858.1577148,0
2026-09-13 19:34:18.165,1789338858.1654072,0
2026-09-13 19:34:18.173,1789338858.1730995,-2
2026-09-13 19:34:18.180,1789338858.1807916,0
2026-09-13 19:34:18.188,1789338858.188484,4
2026-09-13 19:34:18.196,1789338858.1961763,4
2026-09-13 19:34:18.203,1789338858.2033124,4
2026-09-13 19:34:18.211,1789338858.2110047,7
2026-09-13 19:34:18.218,1789338858.218697,12
2026-09-13 19:34:18.226,1789338858.2263894,7
2026-09-13 19:34:18.234,1789338858.2340817,7
2026-09-13 19:34:18.241,1789338858.2417738,9
2026-09-13 19:34:18.249,1789338858.2494662,9
2026-09-13 19:34:18.257,1789338858.2571585,9
2026-09-13 19:34:18.264,1789338858.2648509,14
2026-09-13 19:34:18.272,1789338858.2725432,19
2026-09-13 19:34:18.280,1789338858.2802355,16
2026-09-13 19:34:18.287,1789338858.2879279,16
2026-09-13 19:34:18.295,1789338858.2956202,21
2026-09-13 19:34:18.303,1789338858.3033123,24
2026-09-13 19:34:18.311,1789338858.3110046,21
2026-09-13 19:34:18.318,1789338858.318697,21
2026-09-13 19:34:18.326,1789338858.3263893,26
2026-09-13 19:34:18.334,1789338858.3340816,29
2026-09-13 19:34:18.341,1789338858.341774,29
2026-09-13 19:34:18.349,1789338858.3494663,29
2026-09-13 19:34:18.357,1789338858.3571587,31
2026-09-13 19:34:18.364,1789338858.3648508,31
2026-09-13 19:34:18.372,1789338858.372543,33
2026-09-13 19:34:18.380,1789338858.3802354,33
2026-09-13 19:34:18.387,1789338858.3879278,31
2026-09-13 19:34:18.395,1789338858.39562,36
2026-09-13 19:34:18.403,1789338858.4033124,38
2026-09-13 19:34:18.411,1789338858.4110048,33
2026-09-13 19:34:18.418,1789338858.418697,29
2026-09-13 19:34:18.426,1789338858.4263892,21
2026-09-13 19:34:18.434,1789338858.4340816,29
2026-09-13 19:34:18.441,1789338858.441774,50
2026-09-13 19:34:18.449,1789338858.4494662,70
2026-09-13 19:34:18.457,1789338858.4571586,82
2026-09-13 19:34:18.464,1789338858.464851,89
2026-09-13 19:34:18.472,1789338858.4725432,80
2026-09-13 19:34:18.480,1789338858.4802356,65
2026-09-13 19:34:18.487,1789338858.4879277,63
2026-09-13 19:34:18.495,1789338858.49562,48
2026-09-13 19:34:18.503,1789338858.5033123,24
2026-09-13 19:34:18.511,1789338858.5110047,14
2026-09-13 19:34:18.518,1789338858.518697,19
2026-09-13 19:34:18.526,1789338858.5263894,21
2026-09-13 19:34:18.534,1789338858.5340817,14
2026-09-13 19:34:18.541,1789338858.541774,16
2026-09-13 19:34:18.549,1789338858.5494661,19
2026-09-13 19:34:18.557,1789338858.5571585,19
2026-09-13 19:34:18.564,1789338858.5648508,16
2026-09-13 19:34:18.572,1789338858.5725431,26
2026-09-13 19:34:18.580,1789338858.5802355,104
2026-09-13 19:34:18.587,1789338858.5879278,320
2026-09-13 19:34:18.595,1789338858.5956202,657
2026-09-13 19:34:18.603,1789338858.6033125,979
2026-09-13 19:34:18.611,1789338858.6110046,836
2026-09-13 19:34:18.618,1789338858.618697,94
2026-09-13 19:34:18.626,1789338858.6263893,-341
2026-09-13 19:34:18.634,1789338858.6340816,-121
2026-09-13 19:34:18.641,1789338858.641774,7
2026-09-13 19:34:18.649,1789338858.6494663,-97
2026-09-13 19:34:18.657,1789338858.6571586,-72
2026-09-13 19:34:18.664,1789338858.664851,-16
2026-09-13 19:34:18.672,1789338858.672543,-48
2026-09-13 19:34:18.680,1789338858.6802354,-50
2026-09-13 19:34:18.687,1789338858.6879277,-19
2026-09-13 19:34:18.695,1789338858.69562,-14
2026-09-13 19:34:18.703,1789338858.7033124,-12
2026-09-13 19:34:18.711,1789338858.7110047,2
2026-09-13 19:34:18.718,1789338858.718697,16
2026-09-13 19:34:18.726,1789338858.7263894,19
2026-09-13 19:34:18.734,1789338858.7340817,21
2026-09-13 19:34:18.741,1789338858.7417738,31
2026-09-13 19:34:18.749,1789338858.7494662,41
2026-09-13 19:34:18.757,1789338858.7571585,48
2026-09-13 19:34:18.764,1789338858.7643144,58
2026-09-13 19:34:18.772,1789338858.7720068,70
2026-09-13 19:34:18.779,1789338858.779699,80
2026-09-13 19:34:18.787,1789338858.7873914,97
2026-09-13 19:34:18.795,1789338858.7950838,113
2026-09-13 19:34:18.802,1789338858.8027759,128
2026-09-13 19:34:18.810,1789338858.8104682,150
2026-09-13 19:34:18.818,1789338858.8181605,174
2026-09-13 19:34:18.825,1789338858.8258529,198
2026-09-13 19:34:18.833,1789338858.8335452,220
2026-09-13 19:34:18.841,1789338858.8412375,235
2026-09-13 19:34:18.848,1789338858.84893,244
2026-09-13 19:34:18.856,1789338858.8566222,249
2026-09-13 19:34:18.864,1789338858.8643143,237
2026-09-13 19:34:18.872,1789338858.8720067,206
2026-09-13 19:34:18.879,1789338858.879699,160
2026-09-13 19:34:18.887,1789338858.8873913,109
2026-09-13 19:34:18.895,1789338858.8950837,60
2026-09-13 19:34:18.902,1789338858.902776,14
2026-09-13 19:34:18.910,1789338858.9104683,-21
2026-09-13 19:34:18.918,1789338858.9181607,-48
2026-09-13 19:34:18.925,1789338858.9258528,-63
2026-09-13 19:34:18.933,1789338858.933545,-67
2026-09-13 19:34:18.941,1789338858.9412374,-63
2026-09-13 19:34:18.948,1789338858.9489298,-60
2026-09-13 19:34:18.956,1789338858.9566221,-58
2026-09-13 19:34:18.964,1789338858.9643145,-50
2026-09-13 19:34:18.972,1789338858.9720068,-41
2026-09-13 19:34:18.979,1789338858.9796991,-33
2026-09-13 19:34:18.987,1789338858.9873912,-26
2026-09-13 19:34:18.995,1789338858.9950836,-19
2026-09-13 19:34:19.002,1789338859.002776,-16
2026-09-13 19:34:19.010,1789338859.0104682,-14
2026-09-13 19:34:19.018,1789338859.0181606,-7
2026-09-13 19:34:19.025,1789338859.025853,-7
2026-09-13 19:34:19.033,1789338859.0335453,-9
2026-09-13 19:34:19.041,1789338859.0412376,-7
2026-09-13 19:34:19.048,1789338859.0489297,-2
2026-09-13 19:34:19.056,1789338859.056622,0
2026-09-13 19:34:19.064,1789338859.0643144,0
2026-09-13 19:34:19.072,1789338859.0720067,2
2026-09-13 19:34:19.079,1789338859.079699,2
2026-09-13 19:34:19.087,1789338859.0873914,2
2026-09-13 19:34:19.095,1789338859.0950837,7
2026-09-13 19:34:19.102,1789338859.102776,7
2026-09-13 19:34:19.110,1789338859.1104681,7
2026-09-13 19:34:19.118,1789338859.1181605,9
2026-09-13 19:34:19.125,1789338859.1258528,7
2026-09-13 19:34:19.133,1789338859.1335452,9
2026-09-13 19:34:19.141,1789338859.1412375,16
2026-09-13 19:34:19.148,1789338859.1489298,19
2026-09-13 19:34:19.156,1789338859.1566222,16
2026-09-13 19:34:19.164,1789338859.1643145,16
2026-09-13 19:34:19.172,1789338859.1720066,16
2026-09-13 19:34:19.179,1789338859.179699,16
2026-09-13 19:34:19.187,1789338859.1873913,19
2026-09-13 19:34:19.195,1789338859.1950836,21
2026-09-13 19:34:19.202,1789338859.202776,24
2026-09-13 19:34:19.210,1789338859.2104683,26
2026-09-13 19:34:19.218,1789338859.2181606,26
2026-09-13 19:34:19.225,1789338859.225853,21
2026-09-13 19:34:19.233,1789338859.233545,26
2026-09-13 19:34:19.241,1789338859.2412374,31
2026-09-13 19:34:19.248,1789338859.2489297,29
2026-09-13 19:34:19.256,1789338859.256622,29
2026-09-13 19:34:19.264,1789338859.2643144,36
2026-09-13 19:34:19.272,1789338859.2720068,33
2026-09-13 19:34:19.279,1789338859.279699,26
2026-09-13 19:34:19.287,1789338859.2873914,29
2026-09-13 19:34:19.295,1789338859.2950838,33
2026-09-13 19:34:19.302,1789338859.3027759,33
2026-09-13 19:34:19.310,1789338859.3104682,33
2026-09-13 19:34:19.318,1789338859.3181605,33
2026-09-13 19:34:19.325,1789338859.325322,36
2026-09-13 19:34:19.333,1789338859.3330142,33
2026-09-13 19:34:19.340,1789338859.3407066,31
2026-09-13 19:34:19.348,1789338859.348399,33
2026-09-13 19:34:19.356,1789338859.3560913,33
2026-09-13 19:34:19.363,1789338859.3637834,31
2026-09-13 19:34:19.371,1789338859.3714757,41
2026-09-13 19:34:19.379,1789338859.379168,60
2026-09-13 19:34:19.386,1789338859.3868604,72
2026-09-13 19:34:19.394,1789338859.3945527,87
2026-09-13 19:34:19.402,1789338859.402245,97
2026-09-13 19:34:19.409,1789338859.4099374,84
2026-09-13 19:34:19.417,1789338859.4176297,70
2026-09-13 19:34:19.425,1789338859.4253218,72
2026-09-13 19:34:19.433,1789338859.4330142,65
2026-09-13 19:34:19.440,1789338859.4407065,38
2026-09-13 19:34:19.448,1789338859.4483988,24
2026-09-13 19:34:19.456,1789338859.4560912,26
2026-09-13 19:34:19.463,1789338859.4637835,29
2026-09-13 19:34:19.471,1789338859.4714758,26
2026-09-13 19:34:19.479,1789338859.4791682,24
2026-09-13 19:34:19.486,1789338859.4868603,29
2026-09-13 19:34:19.494,1789338859.4945526,31
2026-09-13 19:34:19.502,1789338859.502245,26
2026-09-13 19:34:19.509,1789338859.5099373,26
2026-09-13 19:34:19.517,1789338859.5176296,70
2026-09-13 19:34:19.525,1789338859.525322,235
2026-09-13 19:34:19.533,1789338859.5330143,535
2026-09-13 19:34:19.540,1789338859.5407066,899
2026-09-13 19:34:19.548,1789338859.5483987,960
2026-09-13 19:34:19.556,1789338859.556091,346
2026-09-13 19:34:19.563,1789338859.5637834,-303
2026-09-13 19:34:19.571,1789338859.5714757,-227
2026-09-13 19:34:19.579,1789338859.579168,16
2026-09-13 19:34:19.586,1789338859.5868604,-50
2026-09-13 19:34:19.594,1789338859.5945528,-89
2026-09-13 19:34:19.602,1789338859.602245,-16
2026-09-13 19:34:19.609,1789338859.6099372,-21
2026-09-13 19:34:19.617,1789338859.6176295,-41
2026-09-13 19:34:19.625,1789338859.6253219,-14
2026-09-13 19:34:19.633,1789338859.6330142,-2
2026-09-13 19:34:19.640,1789338859.6407065,-7
2026-09-13 19:34:19.648,1789338859.6483989,4
2026-09-13 19:34:19.656,1789338859.6560912,19
2026-09-13 19:34:19.663,1789338859.6637836,24
2026-09-13 19:34:19.671,1789338859.6714756,31
2026-09-13 19:34:19.679,1789338859.679168,41
2026-09-13 19:34:19.686,1789338859.6868603,46
2026-09-13 19:34:19.694,1789338859.6945527,55
2026-09-13 19:34:19.702,1789338859.702245,70
2026-09-13 19:34:19.709,1789338859.7099373,80
2026-09-13 19:34:19.717,1789338859.7176297,89
2026-09-13 19:34:19.725,1789338859.725322,101
2026-09-13 19:34:19.733,1789338859.733014,116
2026-09-13 19:34:19.740,1789338859.7407064,135
2026-09-13 19:34:19.748,1789338859.7483988,157
2026-09-13 19:34:19.756,1789338859.756091,179
2026-09-13 19:34:19.763,1789338859.7637835,201
2026-09-13 19:34:19.771,1789338859.7714758,223
2026-09-13 19:34:19.779,1789338859.7791681,244
2026-09-13 19:34:19.786,1789338859.7868605,259
2026-09-13 19:34:19.794,1789338859.7945526,259
2026-09-13 19:34:19.802,1789338859.802245,247
2026-09-13 19:34:19.809,1789338859.8099372,227
2026-09-13 19:34:19.817,1789338859.8176296,189
2026-09-13 19:34:19.825,1789338859.825322,135
2026-09-13 19:34:19.833,1789338859.8330142,77
2026-09-13 19:34:19.840,1789338859.8407066,21
2026-09-13 19:34:19.848,1789338859.848399,-21
2026-09-13 19:34:19.856,1789338859.8560913,-43
2026-09-13 19:34:19.863,1789338859.8637834,-60
2026-09-13 19:34:19.871,1789338859.8714757,-72
2026-09-13 19:34:19.879,1789338859.879168,-75
2026-09-13 19:34:19.886,1789338859.8862984,-67
2026-09-13 19:34:19.893,1789338859.8939908,-65
2026-09-13 19:34:19.901,1789338859.901683,-60
2026-09-13 19:34:19.909,1789338859.9093754,-48
2026-09-13 19:34:19.917,1789338859.9170678,-41
2026-09-13 19:34:19.924,1789338859.9247599,-36
2026-09-13 19:34:19.932,1789338859.9324522,-26
2026-09-13 19:34:19.940,1789338859.9401445,-24
2026-09-13 19:34:19.947,1789338859.9478369,-24
2026-09-13 19:34:19.955,1789338859.9555292,-16
2026-09-13 19:34:19.963,1789338859.9632215,-9
2026-09-13 19:34:19.970,1789338859.970914,-7
2026-09-13 19:34:19.978,1789338859.9786062,-9
2026-09-13 19:34:19.986,1789338859.9862983,-9
2026-09-13 19:34:19.993,1789338859.9939907,-9
2026-09-13 19:34:20.001,1789338860.001683,-4
2026-09-13 19:34:20.009,1789338860.0093753,0
2026-09-13 19:34:20.017,1789338860.0170677,-4
2026-09-13 19:34:20.024,1789338860.02476,-9
2026-09-13 19:34:20.032,1789338860.0324523,-4
2026-09-13 19:34:20.040,1789338860.0401447,4
2026-09-13 19:34:20.047,1789338860.0478368,7
2026-09-13 19:34:20.055,1789338860.055529,2
2026-09-13 19:34:20.063,1789338860.0632215,2
2026-09-13 19:34:20.070,1789338860.0709138,4
2026-09-13 19:34:20.078,1789338860.0786061,0
2026-09-13 19:34:20.086,1789338860.0862985,4
2026-09-13 19:34:20.093,1789338860.0939908,21
2026-09-13 19:34:20.101,1789338860.1016831,26
2026-09-13 19:34:20.109,1789338860.1093752,19
2026-09-13 19:34:20.117,1789338860.1170676,14
2026-09-13 19:34:20.124,1789338860.12476,16
2026-09-13 19:34:20.132,1789338860.1324522,26
2026-09-13 19:34:20.140,1789338860.1401446,26
2026-09-13 19:34:20.147,1789338860.147837,16
2026-09-13 19:34:20.155,1789338860.1555293,21
2026-09-13 19:34:20.163,1789338860.1632216,29
2026-09-13 19:34:20.170,1789338860.1709137,21
2026-09-13 19:34:20.178,1789338860.178606,16
2026-09-13 19:34:20.186,1789338860.1862984,26
2026-09-13 19:34:20.193,1789338860.1939907,26
2026-09-13 19:34:20.201,1789338860.201683,19
2026-09-13 19:34:20.209,1789338860.2093754,26
2026-09-13 19:34:20.217,1789338860.2170677,33
2026-09-13 19:34:20.224,1789338860.22476,31
2026-09-13 19:34:20.232,1789338860.2324522,36
2026-09-13 19:34:20.240,1789338860.2401445,38
2026-09-13 19:34:20.247,1789338860.2478368,33
2026-09-13 19:34:20.255,1789338860.2555292,29
2026-09-13 19:34:20.263,1789338860.2632215,31
2026-09-13 19:34:20.270,1789338860.2709138,48
2026-09-13 19:34:20.278,1789338860.2786062,63
2026-09-13 19:34:20.286,1789338860.2862985,77
2026-09-13 19:34:20.293,1789338860.2939906,92
2026-09-13 19:34:20.301,1789338860.301683,84
2026-09-13 19:34:20.309,1789338860.3093753,67
2026-09-13 19:34:20.317,1789338860.3170676,70
2026-09-13 19:34:20.324,1789338860.32476,70
2026-09-13 19:34:20.332,1789338860.3324523,41
2026-09-13 19:34:20.340,1789338860.3401446,16
2026-09-13 19:34:20.347,1789338860.347837,14
2026-09-13 19:34:20.355,1789338860.355529,24
2026-09-13 19:34:20.363,1789338860.3632214,29
2026-09-13 19:34:20.370,1789338860.3709137,26
2026-09-13 19:34:20.378,1789338860.378606,33
2026-09-13 19:34:20.386,1789338860.3862984,36
2026-09-13 19:34:20.393,1789338860.3939908,26
2026-09-13 19:34:20.401,1789338860.401683,21
2026-09-13 19:34:20.409,1789338860.4093754,53
2026-09-13 19:34:20.417,1789338860.4170678,191
2026-09-13 19:34:20.424,1789338860.4247599,485
2026-09-13 19:34:20.432,1789338860.4324522,880
2026-09-13 19:34:20.440,1789338860.4401445,1059
2026-09-13 19:34:20.447,1789338860.447306,550
2026-09-13 19:34:20.454,1789338860.4549983,-249
2026-09-13 19:34:20.462,1789338860.4626906,-341
2026-09-13 19:34:20.470,1789338860.470383,-7
2026-09-13 19:34:20.478,1789338860.4780753,-14
2026-09-13 19:34:20.485,1789338860.4857674,-104
2026-09-13 19:34:20.493,1789338860.4934597,-21
2026-09-13 19:34:20.501,1789338860.501152,0
2026-09-13 19:34:20.508,1789338860.5088444,-33
2026-09-13 19:34:20.516,1789338860.5165367,-16
2026-09-13 19:34:20.524,1789338860.524229,2
2026-09-13 19:34:20.531,1789338860.5319214,2
2026-09-13 19:34:20.539,1789338860.5396137,19
2026-09-13 19:34:20.547,1789338860.5473058,38
2026-09-13 19:34:20.554,1789338860.5549982,38
2026-09-13 19:34:20.562,1789338860.5626905,38
2026-09-13 19:34:20.570,1789338860.5703828,53
2026-09-13 19:34:20.578,1789338860.5780752,72
2026-09-13 19:34:20.585,1789338860.5857675,77
2026-09-13 19:34:20.593,1789338860.5934598,75
2026-09-13 19:34:20.601,1789338860.6011522,87
2026-09-13 19:34:20.608,1789338860.6088443,113
2026-09-13 19:34:20.616,1789338860.6165366,133
2026-09-13 19:34:20.624,1789338860.624229,143
2026-09-13 19:34:20.631,1789338860.6319213,160
2026-09-13 19:34:20.639,1789338860.6396136,191
2026-09-13 19:34:20.647,1789338860.647306,223
2026-09-13 19:34:20.654,1789338860.6549983,249
2026-09-13 19:34:20.662,1789338860.6626906,278
2026-09-13 19:34:20.670,1789338860.6703827,312
2026-09-13 19:34:20.678,1789338860.678075,332
2026-09-13 19:34:20.685,1789338860.6857674,324
2026-09-13 19:34:20.693,1789338860.6934597,295
2026-09-13 19:34:20.701,1789338860.701152,264
2026-09-13 19:34:20.708,1789338860.7088444,223
2026-09-13 19:34:20.716,1789338860.7165368,162
2026-09-13 19:34:20.724,1789338860.724229,87
2026-09-13 19:34:20.731,1789338860.7319212,19
2026-09-13 19:34:20.739,1789338860.7396135,-24
2026-09-13 19:34:20.747,1789338860.7473059,-50
2026-09-13 19:34:20.754,1789338860.7549982,-72
2026-09-13 19:34:20.762,1789338860.7626905,-89
2026-09-13 19:34:20.770,1789338860.770383,-94
2026-09-13 19:34:20.778,1789338860.7780752,-92
2026-09-13 19:34:20.785,1789338860.7857676,-94
2026-09-13 19:34:20.793,1789338860.7934597,-94
2026-09-13 19:34:20.801,1789338860.801152,-84
2026-09-13 19:34:20.808,1789338860.8088443,-70
2026-09-13 19:34:20.816,1789338860.8165367,-55
2026-09-13 19:34:20.824,1789338860.824229,-53
2026-09-13 19:34:20.831,1789338860.8319213,-50
2026-09-13 19:34:20.839,1789338860.8396137,-33
2026-09-13 19:34:20.847,1789338860.847306,-21
2026-09-13 19:34:20.854,1789338860.854998,-26
2026-09-13 19:34:20.862,1789338860.8626904,-31
2026-09-13 19:34:20.870,1789338860.8703828,-24
2026-09-13 19:34:20.878,1789338860.8780751,-21
2026-09-13 19:34:20.885,1789338860.8857675,-19
2026-09-13 19:34:20.893,1789338860.8934598,-9
2026-09-13 19:34:20.901,1789338860.9011521,-14
2026-09-13 19:34:20.908,1789338860.9088445,-26
2026-09-13 19:34:20.916,1789338860.9165366,-14
2026-09-13 19:34:20.924,1789338860.924229,-2
2026-09-13 19:34:20.931,1789338860.9319212,-9
2026-09-13 19:34:20.939,1789338860.9396136,-14
2026-09-13 19:34:20.947,1789338860.947306,-2
2026-09-13 19:34:20.954,1789338860.9549983,2
2026-09-13 19:34:20.962,1789338860.9626906,0
2026-09-13 19:34:20.970,1789338860.970383,2
2026-09-13 19:34:20.978,1789338860.9780753,2
2026-09-13 19:34:20.985,1789338860.9857674,9
2026-09-13 19:34:20.993,1789338860.9934597,7
2026-09-13 19:34:21.001,1789338861.001152,-9
2026-09-13 19:34:21.008,1789338861.0082827,-4
2026-09-13 19:34:21.015,1789338861.015975,24
2026-09-13 19:34:21.023,1789338861.0236673,29
2026-09-13 19:34:21.031,1789338861.0313597,14
2026-09-13 19:34:21.039,1789338861.039052,19
2026-09-13 19:34:21.046,1789338861.046744,29
2026-09-13 19:34:21.054,1789338861.0544364,24
2026-09-13 19:34:21.062,1789338861.0621288,26
2026-09-13 19:34:21.069,1789338861.0698211,33
2026-09-13 19:34:21.077,1789338861.0775135,31
2026-09-13 19:34:21.085,1789338861.0852058,41
2026-09-13 19:34:21.092,1789338861.0928981,80
2026-09-13 19:34:21.100,1789338861.1005905,104
2026-09-13 19:34:21.108,1789338861.1082826,80
2026-09-13 19:34:21.115,1789338861.115975,55
2026-09-13 19:34:21.123,1789338861.1236672,70
2026-09-13 19:34:21.131,1789338861.1313596,75
2026-09-13 19:34:21.139,1789338861.139052,48
2026-09-13 19:34:21.146,1789338861.1467443,26
2026-09-13 19:34:21.154,1789338861.1544366,19
2026-09-13 19:34:21.162,1789338861.162129,21
2026-09-13 19:34:21.169,1789338861.169821,33
2026-09-13 19:34:21.177,1789338861.1775134,43
2026-09-13 19:34:21.185,1789338861.1852057,29
2026-09-13 19:34:21.192,1789338861.192898,4
2026-09-13 19:34:21.200,1789338861.2005904,16
2026-09-13 19:34:21.208,1789338861.2082827,48
2026-09-13 19:34:21.215,1789338861.215975,89
2026-09-13 19:34:21.223,1789338861.2236674,232
2026-09-13 19:34:21.231,1789338861.2313595,560
2026-09-13 19:34:21.239,1789338861.2390518,960
2026-09-13 19:34:21.246,1789338861.2467442,1035
2026-09-13 19:34:21.254,1789338861.2544365,412
2026-09-13 19:34:21.262,1789338861.2621288,-317
2026-09-13 19:34:21.269,1789338861.2698212,-291
2026-09-13 19:34:21.277,1789338861.2775135,14
2026-09-13 19:34:21.285,1789338861.2852058,-31
2026-09-13 19:34:21.292,1789338861.292898,-94
2026-09-13 19:34:21.300,1789338861.3005903,-12
2026-09-13 19:34:21.308,1789338861.3082826,0
2026-09-13 19:34:21.315,1789338861.315975,-26
2026-09-13 19:34:21.323,1789338861.3236673,-4
2026-09-13 19:34:21.331,1789338861.3313596,19
2026-09-13 19:34:21.339,1789338861.339052,24
2026-09-13 19:34:21.346,1789338861.3467443,24
2026-09-13 19:34:21.354,1789338861.3544364,29
2026-09-13 19:34:21.362,1789338861.3621287,48
2026-09-13 19:34:21.369,1789338861.369821,58
2026-09-13 19:34:21.377,1789338861.3775134,60
2026-09-13 19:34:21.385,1789338861.3852057,70
2026-09-13 19:34:21.392,1789338861.392898,82
2026-09-13 19:34:21.400,1789338861.4005904,94
2026-09-13 19:34:21.408,1789338861.4082828,101
2026-09-13 19:34:21.415,1789338861.4159749,113
2026-09-13 19:34:21.423,1789338861.4236672,133
2026-09-13 19:34:21.431,1789338861.4313595,157
2026-09-13 19:34:21.439,1789338861.4390519,179
2026-09-13 19:34:21.446,1789338861.4467442,213
2026-09-13 19:34:21.454,1789338861.4544365,254
2026-09-13 19:34:21.462,1789338861.4621289,278
2026-09-13 19:34:21.469,1789338861.4698212,288
2026-09-13 19:34:21.477,1789338861.4775133,315
2026-09-13 19:34:21.485,1789338861.4852057,334
2026-09-13 19:34:21.492,1789338861.492898,320
2026-09-13 19:34:21.500,1789338861.5005903,300
2026-09-13 19:34:21.508,1789338861.5082827,276
2026-09-13 19:34:21.515,1789338861.515975,225
2026-09-13 19:34:21.523,1789338861.5236673,150
2026-09-13 19:34:21.531,1789338861.5313597,72
2026-09-13 19:34:21.539,1789338861.539052,21
2026-09-13 19:34:21.546,1789338861.546744,-21
2026-09-13 19:34:21.554,1789338861.5544364,-60
2026-09-13 19:34:21.562,1789338861.5621288,-84
2026-09-13 19:34:21.569,1789338861.5692647,-92
2026-09-13 19:34:21.576,1789338861.576957,-84
2026-09-13 19:34:21.584,1789338861.5846493,-80
2026-09-13 19:34:21.592,1789338861.5923417,-82
2026-09-13 19:34:21.600,1789338861.600034,-82
2026-09-13 19:34:21.607,1789338861.607726,-70
2026-09-13 19:34:21.615,1789338861.6154184,-55
2026-09-13 19:34:21.623,1789338861.6231108,-48
2026-09-13 19:34:21.630,1789338861.630803,-46
2026-09-13 19:34:21.638,1789338861.6384954,-36
2026-09-13 19:34:21.646,1789338861.6461878,-31
2026-09-13 19:34:21.653,1789338861.6538801,-26
2026-09-13 19:34:21.661,1789338861.6615725,-12
2026-09-13 19:34:21.669,1789338861.6692646,0
2026-09-13 19:34:21.676,1789338861.676957,-9
2026-09-13 19:34:21.684,1789338861.6846492,-16
2026-09-13 19:34:21.692,1789338861.6923416,-12
2026-09-13 19:34:21.700,1789338861.700034,-7
2026-09-13 19:34:21.707,1789338861.7077262,-7
2026-09-13 19:34:21.715,1789338861.7154186,-4
2026-09-13 19:34:21.723,1789338861.723111,0
2026-09-13 19:34:21.730,1789338861.730803,0
2026-09-13 19:34:21.738,1789338861.7384953,0
2026-09-13 19:34:21.746,1789338861.7461877,4
2026-09-13 19:34:21.753,1789338861.75388,4
2026-09-13 19:34:21.761,1789338861.7615724,2
2026-09-13 19:34:21.769,1789338861.7692647,0
2026-09-13 19:34:21.776,1789338861.776957,0
2026-09-13 19:34:21.784,1789338861.7846494,16
2026-09-13 19:34:21.792,1789338861.7923415,12
2026-09-13 19:34:21.800,1789338861.8000338,-2
2026-09-13 19:34:21.807,1789338861.8077261,9
2026-09-13 19:34:21.815,1789338861.8154185,21
2026-09-13 19:34:21.823,1789338861.8231108,19
2026-09-13 19:34:21.830,1789338861.8308032,14
2026-09-13 19:34:21.838,1789338861.8384955,26
2026-09-13 19:34:21.846,1789338861.8461878,38
2026-09-13 19:34:21.853,1789338861.85388,38
2026-09-13 19:34:21.861,1789338861.8615723,48
2026-09-13 19:34:21.869,1789338861.8692646,72
2026-09-13 19:34:21.876,1789338861.876957,70
2026-09-13 19:34:21.884,1789338861.8846493,60
2026-09-13 19:34:21.892,1789338861.8923416,63
2026-09-13 19:34:21.900,1789338861.900034,50
2026-09-13 19:34:21.907,1789338861.9077263,31
2026-09-13 19:34:21.915,1789338861.9154184,33
2026-09-13 19:34:21.923,1789338861.9231107,31
2026-09-13 19:34:21.930,1789338861.930803,14
2026-09-13 19:34:21.938,1789338861.9384954,7
2026-09-13 19:34:21.946,1789338861.9461877,21
2026-09-13 19:34:21.953,1789338861.95388,31
2026-09-13 19:34:21.961,1789338861.9615724,26
2026-09-13 19:34:21.969,1789338861.9692647,24
2026-09-13 19:34:21.976,1789338861.9769568,36
2026-09-13 19:34:21.984,1789338861.9846492,70
2026-09-13 19:34:21.992,1789338861.9923415,220
2026-09-13 19:34:22.000,1789338862.0000339,562
2026-09-13 19:34:22.007,1789338862.0077262,970
2026-09-13 19:34:22.015,1789338862.0154185,1057
2026-09-13 19:34:22.023,1789338862.0231109,475
2026-09-13 19:34:22.030,1789338862.0308032,-252
2026-09-13 19:34:22.038,1789338862.0384953,-281
2026-09-13 19:34:22.046,1789338862.0461876,7
2026-09-13 19:34:22.053,1789338862.05388,-26
2026-09-13 19:34:22.061,1789338862.0615723,-92
2026-09-13 19:34:22.069,1789338862.0692647,-9
2026-09-13 19:34:22.076,1789338862.076957,-4
2026-09-13 19:34:22.084,1789338862.0846493,-36
2026-09-13 19:34:22.092,1789338862.0923417,-4
2026-09-13 19:34:22.100,1789338862.100034,16
2026-09-13 19:34:22.107,1789338862.107726,16
2026-09-13 19:34:22.115,1789338862.1154184,31
2026-09-13 19:34:22.123,1789338862.1231108,33
2026-09-13 19:34:22.130,1789338862.1302667,24
2026-09-13 19:34:22.137,1789338862.137959,36
2026-09-13 19:34:22.145,1789338862.1456513,55
2026-09-13 19:34:22.153,1789338862.1533437,60
2026-09-13 19:34:22.161,1789338862.161036,67
2026-09-13 19:34:22.168,1789338862.168728,72
2026-09-13 19:34:22.176,1789338862.1764205,80
2026-09-13 19:34:22.184,1789338862.1841128,97
2026-09-13 19:34:22.191,1789338862.1918051,111
2026-09-13 19:34:22.199,1789338862.1994975,135
2026-09-13 19:34:22.207,1789338862.2071898,167
2026-09-13 19:34:22.214,1789338862.2148821,186
2026-09-13 19:34:22.222,1789338862.2225745,206
2026-09-13 19:34:22.230,1789338862.2302666,240
2026-09-13 19:34:22.237,1789338862.237959,274
2026-09-13 19:34:22.245,1789338862.2456512,281
2026-09-13 19:34:22.253,1789338862.2533436,281
2026-09-13 19:34:22.261,1789338862.261036,293
2026-09-13 19:34:22.268,1789338862.2687283,286
2026-09-13 19:34:22.276,1789338862.2764206,240
2026-09-13 19:34:22.284,1789338862.284113,184
2026-09-13 19:34:22.291,1789338862.291805,126
2026-09-13 19:34:22.299,1789338862.2994974,53
2026-09-13 19:34:22.307,1789338862.3071897,-9
2026-09-13 19:34:22.314,1789338862.314882,-43
2026-09-13 19:34:22.322,1789338862.3225744,-63
2026-09-13 19:34:22.330,1789338862.3302667,-77
2026-09-13 19:34:22.337,1789338862.337959,-94
2026-09-13 19:34:22.345,1789338862.3456514,-97
2026-09-13 19:34:22.353,1789338862.3533435,-87
2026-09-13 19:34:22.361,1789338862.3610358,-82
2026-09-13 19:34:22.368,1789338862.3687282,-82
2026-09-13 19:34:22.376,1789338862.3764205,-80
2026-09-13 19:34:22.384,1789338862.3841128,-72
2026-09-13 19:34:22.391,1789338862.3918052,-63
2026-09-13 19:34:22.399,1789338862.3994975,-53
2026-09-13 19:34:22.407,1789338862.4071898,-46
2026-09-13 19:34:22.414,1789338862.414882,-36
2026-09-13 19:34:22.422,1789338862.4225743,-26
2026-09-13 19:34:22.430,1789338862.4302666,-29
2026-09-13 19:34:22.437,1789338862.437959,-31
2026-09-13 19:34:22.445,1789338862.4456513,-21
2026-09-13 19:34:22.453,1789338862.4533436,-12
2026-09-13 19:34:22.461,1789338862.461036,-14
2026-09-13 19:34:22.468,1789338862.4687283,-14
2026-09-13 19:34:22.476,1789338862.4764204,-12
2026-09-13 19:34:22.484,1789338862.4841127,-9
2026-09-13 19:34:22.491,1789338862.491805,-7
2026-09-13 19:34:22.499,1789338862.4994974,-9
2026-09-13 19:34:22.507,1789338862.5071898,-12
2026-09-13 19:34:22.514,1789338862.514882,-9
2026-09-13 19:34:22.522,1789338862.5225744,2
2026-09-13 19:34:22.530,1789338862.5302668,4
2026-09-13 19:34:22.537,1789338862.5379589,-4
2026-09-13 19:34:22.545,1789338862.5456512,-4
2026-09-13 19:34:22.553,1789338862.5533435,2
2026-09-13 19:34:22.561,1789338862.5610359,4
2026-09-13 19:34:22.568,1789338862.5687282,12
2026-09-13 19:34:22.576,1789338862.5764205,19
2026-09-13 19:34:22.584,1789338862.584113,21
2026-09-13 19:34:22.591,1789338862.5918052,16
2026-09-13 19:34:22.599,1789338862.5994973,14
2026-09-13 19:34:22.607,1789338862.6071897,21
2026-09-13 19:34:22.614,1789338862.614882,36
2026-09-13 19:34:22.622,1789338862.6225743,43
2026-09-13 19:34:22.630,1789338862.6302667,50
2026-09-13 19:34:22.637,1789338862.637959,67
2026-09-13 19:34:22.645,1789338862.6456513,72
2026-09-13 19:34:22.653,1789338862.6533437,67
2026-09-13 19:34:22.661,1789338862.661036,70
2026-09-13 19:34:22.668,1789338862.668728,65
2026-09-13 19:34:22.676,1789338862.6764205,38
2026-09-13 19:34:22.684,1789338862.6841128,21
2026-09-13 19:34:22.691,1789338862.6912436,26
2026-09-13 19:34:22.698,1789338862.698936,24
2026-09-13 19:34:22.706,1789338862.7066283,19
2026-09-13 19:34:22.714,1789338862.7143207,24
2026-09-13 19:34:22.722,1789338862.722013,33
2026-09-13 19:34:22.729,1789338862.729705,33
2026-09-13 19:34:22.737,1789338862.7373974,29
2026-09-13 19:34:22.745,1789338862.7450898,26
2026-09-13 19:34:22.752,1789338862.752782,46
2026-09-13 19:34:22.760,1789338862.7604744,167
2026-09-13 19:34:22.768,1789338862.7681668,453
2026-09-13 19:34:22.775,1789338862.775859,814
2026-09-13 19:34:22.783,1789338862.7835515,974
2026-09-13 19:34:22.791,1789338862.7912436,565
2026-09-13 19:34:22.798,1789338862.798936,-135
2026-09-13 19:34:22.806,1789338862.8066282,-293
2026-09-13 19:34:22.814,1789338862.8143206,-26
2026-09-13 19:34:22.822,1789338862.822013,-4
2026-09-13 19:34:22.829,1789338862.8297052,-92
2026-09-13 19:34:22.837,1789338862.8373976,-29
2026-09-13 19:34:22.845,1789338862.84509,4
2026-09-13 19:34:22.852,1789338862.852782,-29
2026-09-13 19:34:22.860,1789338862.8604743,-16
2026-09-13 19:34:22.868,1789338862.8681667,9
2026-09-13 19:34:22.875,1789338862.875859,4
2026-09-13 19:34:22.883,1789338862.8835514,7
2026-09-13 19:34:22.891,1789338862.8912437,21
2026-09-13 19:34:22.898,1789338862.898936,31
2026-09-13 19:34:22.906,1789338862.9066284,36
2026-09-13 19:34:22.914,1789338862.9143205,38
2026-09-13 19:34:22.922,1789338862.9220128,48
2026-09-13 19:34:22.929,1789338862.9297051,58
2026-09-13 19:34:22.937,1789338862.9373975,67
2026-09-13 19:34:22.945,1789338862.9450898,77
2026-09-13 19:34:22.952,1789338862.9527822,89
2026-09-13 19:34:22.960,1789338862.9604745,101
2026-09-13 19:34:22.968,1789338862.9681668,113
2026-09-13 19:34:22.975,1789338862.975859,130
2026-09-13 19:34:22.983,1789338862.9835513,152
2026-09-13 19:34:22.991,1789338862.9912436,174
2026-09-13 19:34:22.998,1789338862.998936,198
2026-09-13 19:34:23.006,1789338863.0066283,218
2026-09-13 19:34:23.014,1789338863.0143206,240
2026-09-13 19:34:23.022,1789338863.022013,244
2026-09-13 19:34:23.029,1789338863.0297053,237
2026-09-13 19:34:23.037,1789338863.0373974,230
2026-09-13 19:34:23.045,1789338863.0450897,208
2026-09-13 19:34:23.052,1789338863.052782,160
2026-09-13 19:34:23.060,1789338863.0604744,101
2026-09-13 19:34:23.068,1789338863.0681667,46
2026-09-13 19:34:23.075,1789338863.075859,-7
2026-09-13 19:34:23.083,1789338863.0835514,-46
2026-09-13 19:34:23.091,1789338863.0912437,-72
2026-09-13 19:34:23.098,1789338863.0989358,-92
2026-09-13 19:34:23.106,1789338863.1066282,-99
2026-09-13 19:34:23.114,1789338863.1143205,-97
2026-09-13 19:34:23.122,1789338863.1220129,-94
2026-09-13 19:34:23.129,1789338863.1297052,-94
2026-09-13 19:34:23.137,1789338863.1373975,-89
2026-09-13 19:34:23.145,1789338863.1450899,-80
2026-09-13 19:34:23.152,1789338863.1527822,-80
2026-09-13 19:34:23.160,1789338863.1604743,-77
2026-09-13 19:34:23.168,1789338863.1681666,-67
2026-09-13 19:34:23.175,1789338863.175859,-60
2026-09-13 19:34:23.183,1789338863.1835513,-60
2026-09-13 19:34:23.191,1789338863.1912436,-60
2026-09-13 19:34:23.198,1789338863.198936,-55
2026-09-13 19:34:23.206,1789338863.2066283,-55
2026-09-13 19:34:23.214,1789338863.2143207,-55
2026-09-13 19:34:23.222,1789338863.222013,-53
2026-09-13 19:34:23.229,1789338863.229705,-48
2026-09-13 19:34:23.237,1789338863.2373974,-46
2026-09-13 19:34:23.245,1789338863.2450898,-50
2026-09-13 19:34:23.252,1789338863.2522507,-50
2026-09-13 19:34:23.259,1789338863.259943,-50
2026-09-13 19:34:23.267,1789338863.2676353,-53
2026-09-13 19:34:23.275,1789338863.2753277,-53
2026-09-13 19:34:23.283,1789338863.28302,-48
2026-09-13 19:34:23.290,1789338863.290712,-48
2026-09-13 19:34:23.298,1789338863.2984045,-50
2026-09-13 19:34:23.306,1789338863.3060968,-46
2026-09-13 19:34:23.313,1789338863.3137891,-41
2026-09-13 19:34:23.321,1789338863.3214815,-43
2026-09-13 19:34:23.329,1789338863.3291738,-43
2026-09-13 19:34:23.336,1789338863.3368661,-33
2026-09-13 19:34:23.344,1789338863.3445585,-31
2026-09-13 19:34:23.352,1789338863.3522506,-33
2026-09-13 19:34:23.359,1789338863.359943,-31
2026-09-13 19:34:23.367,1789338863.3676353,-29
2026-09-13 19:34:23.375,1789338863.3753276,-29
2026-09-13 19:34:23.383,1789338863.38302,-24
2026-09-13 19:34:23.390,1789338863.3907123,-21
2026-09-13 19:34:23.398,1789338863.3984046,-24
2026-09-13 19:34:23.406,1789338863.406097,-24
2026-09-13 19:34:23.413,1789338863.413789,-16
2026-09-13 19:34:23.421,1789338863.4214814,-12
2026-09-13 19:34:23.429,1789338863.4291737,-7
2026-09-13 19:34:23.436,1789338863.436866,-7
2026-09-13 19:34:23.444,1789338863.4445584,-9
2026-09-13 19:34:23.452,1789338863.4522507,-7
2026-09-13 19:34:23.459,1789338863.459943,-7
2026-09-13 19:34:23.467,1789338863.4676354,-4
2026-09-13 19:34:23.475,1789338863.4753275,7
2026-09-13 19:34:23.483,1789338863.4830198,16
2026-09-13 19:34:23.490,1789338863.4907122,29
2026-09-13 19:34:23.498,1789338863.4984045,46
2026-09-13 19:34:23.506,1789338863.5060968,50
2026-09-13 19:34:23.513,1789338863.5137892,38
2026-09-13 19:34:23.521,1789338863.5214815,36
2026-09-13 19:34:23.529,1789338863.5291739,41
2026-09-13 19:34:23.536,1789338863.536866,26
2026-09-13 19:34:23.544,1789338863.5445583,2
2026-09-13 19:34:23.552,1789338863.5522506,-4
2026-09-13 19:34:23.559,1789338863.559943,-4
2026-09-13 19:34:23.567,1789338863.5676353,0
2026-09-13 19:34:23.575,1789338863.5753276,2
2026-09-13 19:34:23.583,1789338863.58302,4
2026-09-13 19:34:23.590,1789338863.5907123,2
2026-09-13 19:34:23.598,1789338863.5984044,2
2026-09-13 19:34:23.606,1789338863.6060967,2
2026-09-13 19:34:23.613,1789338863.613789,2
2026-09-13 19:34:23.621,1789338863.6214814,60
2026-09-13 19:34:23.629,1789338863.6291738,261
2026-09-13 19:34:23.636,1789338863.636866,594
2026-09-13 19:34:23.644,1789338863.6445584,921
2026-09-13 19:34:23.652,1789338863.6522508,851
2026-09-13 19:34:23.659,1789338863.6599429,181
2026-09-13 19:34:23.667,1789338863.6676352,-322
2026-09-13 19:34:23.675,1789338863.6753275,-169
2026-09-13 19:34:23.683,1789338863.6830199,0
2026-09-13 19:34:23.690,1789338863.6907122,-89
2026-09-13 19:34:23.698,1789338863.6984046,-97
2026-09-13 19:34:23.706,1789338863.706097,-36
2026-09-13 19:34:23.713,1789338863.7137892,-53
2026-09-13 19:34:23.721,1789338863.7214813,-63
2026-09-13 19:34:23.729,1789338863.7291737,-36
2026-09-13 19:34:23.736,1789338863.736866,-29
2026-09-13 19:34:23.744,1789338863.7445583,-31
2026-09-13 19:34:23.752,1789338863.7522507,-16
2026-09-13 19:34:23.759,1789338863.759943,-9
2026-09-13 19:34:23.767,1789338863.7676353,-4
2026-09-13 19:34:23.775,1789338863.7753277,2
2026-09-13 19:34:23.783,1789338863.78302,12
2026-09-13 19:34:23.790,1789338863.790712,19
2026-09-13 19:34:23.798,1789338863.7984045,26
2026-09-13 19:34:23.806,1789338863.8060968,36
2026-09-13 19:34:23.813,1789338863.8132277,48
2026-09-13 19:34:23.820,1789338863.82092,58
2026-09-13 19:34:23.828,1789338863.8286123,70
2026-09-13 19:34:23.836,1789338863.8363047,84
2026-09-13 19:34:23.843,1789338863.843997,97
2026-09-13 19:34:23.851,1789338863.851689,116
2026-09-13 19:34:23.859,1789338863.8593814,138
2026-09-13 19:34:23.867,1789338863.8670738,155
2026-09-13 19:34:23.874,1789338863.874766,169
2026-09-13 19:34:23.882,1789338863.8824584,181
2026-09-13 19:34:23.890,1789338863.8901508,194
2026-09-13 19:34:23.897,1789338863.8978431,198
2026-09-13 19:34:23.905,1789338863.9055355,191
2026-09-13 19:34:23.913,1789338863.9132276,164
2026-09-13 19:34:23.920,1789338863.92092,123
2026-09-13 19:34:23.928,1789338863.9286122,75
2026-09-13 19:34:23.936,1789338863.9363046,29
2026-09-13 19:34:23.943,1789338863.943997,-9
2026-09-13 19:34:23.951,1789338863.9516892,-38
2026-09-13 19:34:23.959,1789338863.9593816,-63
2026-09-13 19:34:23.967,1789338863.967074,-75
2026-09-13 19:34:23.974,1789338863.974766,-82
2026-09-13 19:34:23.982,1789338863.9824584,-84
2026-09-13 19:34:23.990,1789338863.9901507,-82
2026-09-13 19:34:23.997,1789338863.997843,-75
2026-09-13 19:34:24.005,1789338864.0055354,-60
2026-09-13 19:34:24.013,1789338864.0132277,-48
2026-09-13 19:34:24.020,1789338864.02092,-46
2026-09-13 19:34:24.028,1789338864.0286124,-48
2026-09-13 19:34:24.036,1789338864.0363045,-38
2026-09-13 19:34:24.043,1789338864.0439968,-31
2026-09-13 19:34:24.051,1789338864.0516891,-29
2026-09-13 19:34:24.059,1789338864.0593815,-31
2026-09-13 19:34:24.067,1789338864.0670738,-29
2026-09-13 19:34:24.074,1789338864.0747662,-26
2026-09-13 19:34:24.082,1789338864.0824585,-26
2026-09-13 19:34:24.090,1789338864.0901508,-26
2026-09-13 19:34:24.097,1789338864.097843,-29
2026-09-13 19:34:24.105,1789338864.1055353,-24
2026-09-13 19:34:24.113,1789338864.1132276,-16
2026-09-13 19:34:24.120,1789338864.12092,-21
2026-09-13 19:34:24.128,1789338864.1286123,-24
2026-09-13 19:34:24.136,1789338864.1363046,-19
2026-09-13 19:34:24.143,1789338864.143997,-19
2026-09-13 19:34:24.151,1789338864.1516893,-16
2026-09-13 19:34:24.159,1789338864.1593814,-16
2026-09-13 19:34:24.167,1789338864.1670737,-19
2026-09-13 19:34:24.174,1789338864.174766,-19
2026-09-13 19:34:24.182,1789338864.1824584,-14
2026-09-13 19:34:24.190,1789338864.1901507,-12
2026-09-13 19:34:24.197,1789338864.197843,-16
2026-09-13 19:34:24.205,1789338864.2055354,-14
2026-09-13 19:34:24.213,1789338864.2132277,-7
2026-09-13 19:34:24.220,1789338864.2209198,0
2026-09-13 19:34:24.228,1789338864.2286122,-2
2026-09-13 19:34:24.236,1789338864.2363045,-7
2026-09-13 19:34:24.243,1789338864.2439969,-4
2026-09-13 19:34:24.251,1789338864.2516892,-2
2026-09-13 19:34:24.259,1789338864.2593815,0
2026-09-13 19:34:24.267,1789338864.2670739,2
2026-09-13 19:34:24.274,1789338864.2747662,2
2026-09-13 19:34:24.282,1789338864.2824583,0
2026-09-13 19:34:24.290,1789338864.2901506,0
2026-09-13 19:34:24.297,1789338864.297843,2
2026-09-13 19:34:24.305,1789338864.3055353,9
2026-09-13 19:34:24.313,1789338864.3132277,12
2026-09-13 19:34:24.320,1789338864.32092,7
2026-09-13 19:34:24.328,1789338864.3286123,12
2026-09-13 19:34:24.336,1789338864.3363047,16
2026-09-13 19:34:24.343,1789338864.343997,9
2026-09-13 19:34:24.351,1789338864.351689,9
2026-09-13 19:34:24.359,1789338864.3593814,16
2026-09-13 19:34:24.367,1789338864.3670738,26
2026-09-13 19:34:24.374,1789338864.374235,26
2026-09-13 19:34:24.381,1789338864.3819273,16
2026-09-13 19:34:24.389,1789338864.3896196,14
2026-09-13 19:34:24.397,1789338864.397312,19
2026-09-13 19:34:24.405,1789338864.4050043,24
2026-09-13 19:34:24.412,1789338864.4126964,31
2026-09-13 19:34:24.420,1789338864.4203887,24
2026-09-13 19:34:24.428,1789338864.428081,16
2026-09-13 19:34:24.435,1789338864.4357734,19
2026-09-13 19:34:24.443,1789338864.4434657,24
2026-09-13 19:34:24.451,1789338864.451158,21
2026-09-13 19:34:24.458,1789338864.4588504,31
2026-09-13 19:34:24.466,1789338864.4665427,48
2026-09-13 19:34:24.474,1789338864.4742348,63
2026-09-13 19:34:24.481,1789338864.4819272,72
2026-09-13 19:34:24.489,1789338864.4896195,87
2026-09-13 19:34:24.497,1789338864.4973118,94
2026-09-13 19:34:24.505,1789338864.5050042,80
2026-09-13 19:34:24.512,1789338864.5126965,63
2026-09-13 19:34:24.520,1789338864.5203888,58
2026-09-13 19:34:24.528,1789338864.5280812,43
2026-09-13 19:34:24.535,1789338864.5357733,21
2026-09-13 19:34:24.543,1789338864.5434656,16
2026-09-13 19:34:24.551,1789338864.551158,21
2026-09-13 19:34:24.558,1789338864.5588503,19
2026-09-13 19:34:24.566,1789338864.5665426,16
2026-09-13 19:34:24.574,1789338864.574235,14
2026-09-13 19:34:24.581,1789338864.5819273,19
2026-09-13 19:34:24.589,1789338864.5896196,24
2026-09-13 19:34:24.597,1789338864.5973117,21
2026-09-13 19:34:24.605,1789338864.605004,36
2026-09-13 19:34:24.612,1789338864.6126964,145
2026-09-13 19:34:24.620,1789338864.6203887,395
2026-09-13 19:34:24.628,1789338864.628081,749
2026-09-13 19:34:24.635,1789338864.6357734,1001
2026-09-13 19:34:24.643,1789338864.6434658,669
2026-09-13 19:34:24.651,1789338864.651158,-87
2026-09-13 19:34:24.658,1789338864.6588502,-317
2026-09-13 19:34:24.666,1789338864.6665425,-43
2026-09-13 19:34:24.674,1789338864.6742349,-12
2026-09-13 19:34:24.681,1789338864.6819272,-116
2026-09-13 19:34:24.689,1789338864.6896195,-63
2026-09-13 19:34:24.697,1789338864.6973119,-29
2026-09-13 19:34:24.705,1789338864.7050042,-55
2026-09-13 19:34:24.712,1789338864.7126966,-41
2026-09-13 19:34:24.720,1789338864.7203887,-19
2026-09-13 19:34:24.728,1789338864.728081,-24
2026-09-13 19:34:24.735,1789338864.7357733,-24
2026-09-13 19:34:24.743,1789338864.7434657,-9
2026-09-13 19:34:24.751,1789338864.751158,2
2026-09-13 19:34:24.758,1789338864.7588503,12
2026-09-13 19:34:24.766,1789338864.7665427,24
2026-09-13 19:34:24.774,1789338864.774235,29
2026-09-13 19:34:24.781,1789338864.781927,31
2026-09-13 19:34:24.789,1789338864.7896194,43
2026-09-13 19:34:24.797,1789338864.7973118,55
2026-09-13 19:34:24.805,1789338864.8050041,58
2026-09-13 19:34:24.812,1789338864.8126965,67
2026-09-13 19:34:24.820,1789338864.8203888,89
2026-09-13 19:34:24.828,1789338864.8280811,106
2026-09-13 19:34:24.835,1789338864.8357735,118
2026-09-13 19:34:24.843,1789338864.8434656,135
2026-09-13 19:34:24.851,1789338864.851158,157
2026-09-13 19:34:24.858,1789338864.8588502,181
2026-09-13 19:34:24.866,1789338864.8665426,194
2026-09-13 19:34:24.874,1789338864.874235,198
2026-09-13 19:34:24.881,1789338864.8819273,210
2026-09-13 19:34:24.889,1789338864.8896196,213
2026-09-13 19:34:24.897,1789338864.897312,198
2026-09-13 19:34:24.905,1789338864.9050043,172
2026-09-13 19:34:24.912,1789338864.9126964,130
2026-09-13 19:34:24.920,1789338864.9203887,87
2026-09-13 19:34:24.928,1789338864.928081,33
2026-09-13 19:34:24.935,1789338864.9352117,-16
2026-09-13 19:34:24.942,1789338864.942904,-46
2026-09-13 19:34:24.950,1789338864.9505963,-58
2026-09-13 19:34:24.958,1789338864.9582887,-70
2026-09-13 19:34:24.965,1789338864.965981,-75
2026-09-13 19:34:24.973,1789338864.973673,-72
2026-09-13 19:34:24.981,1789338864.9813654,-72
2026-09-13 19:34:24.989,1789338864.9890578,-70
2026-09-13 19:34:24.996,1789338864.99675,-58
2026-09-13 19:34:25.004,1789338865.0044425,-48
2026-09-13 19:34:25.012,1789338865.0121348,-48
2026-09-13 19:34:25.019,1789338865.0198271,-46
2026-09-13 19:34:25.027,1789338865.0275195,-41
2026-09-13 19:34:25.035,1789338865.0352116,-31
2026-09-13 19:34:25.042,1789338865.042904,-24
2026-09-13 19:34:25.050,1789338865.0505962,-24
2026-09-13 19:34:25.058,1789338865.0582886,-24
2026-09-13 19:34:25.065,1789338865.065981,-14
2026-09-13 19:34:25.073,1789338865.0736732,-16
2026-09-13 19:34:25.081,1789338865.0813656,-24
2026-09-13 19:34:25.089,1789338865.089058,-19
2026-09-13 19:34:25.096,1789338865.09675,-12
2026-09-13 19:34:25.104,1789338865.1044424,-16
2026-09-13 19:34:25.112,1789338865.1121347,-21
2026-09-13 19:34:25.119,1789338865.119827,-14
2026-09-13 19:34:25.127,1789338865.1275194,-14
2026-09-13 19:34:25.135,1789338865.1352117,-12
2026-09-13 19:34:25.142,1789338865.142904,-9
2026-09-13 19:34:25.150,1789338865.1505964,-9
2026-09-13 19:34:25.158,1789338865.1582885,-9
2026-09-13 19:34:25.165,1789338865.1659808,-4
2026-09-13 19:34:25.173,1789338865.1736732,-4
2026-09-13 19:34:25.181,1789338865.1813655,-4
2026-09-13 19:34:25.189,1789338865.1890578,-4
2026-09-13 19:34:25.196,1789338865.1967502,-9
2026-09-13 19:34:25.204,1789338865.2044425,-2
2026-09-13 19:34:25.212,1789338865.2121348,7
2026-09-13 19:34:25.219,1789338865.219827,4
2026-09-13 19:34:25.227,1789338865.2275193,2
2026-09-13 19:34:25.235,1789338865.2352116,7
2026-09-13 19:34:25.242,1789338865.242904,9
2026-09-13 19:34:25.250,1789338865.2505963,9
2026-09-13 19:34:25.258,1789338865.2582886,12
2026-09-13 19:34:25.265,1789338865.265981,14
2026-09-13 19:34:25.273,1789338865.2736733,16
2026-09-13 19:34:25.281,1789338865.2813654,16
2026-09-13 19:34:25.289,1789338865.2890577,14
2026-09-13 19:34:25.296,1789338865.29675,19
2026-09-13 19:34:25.304,1789338865.3044424,24
2026-09-13 19:34:25.312,1789338865.3121347,16
2026-09-13 19:34:25.319,1789338865.319827,16
2026-09-13 19:34:25.327,1789338865.3275194,21
2026-09-13 19:34:25.335,1789338865.3352118,19
2026-09-13 19:34:25.342,1789338865.3429039,19
2026-09-13 19:34:25.350,1789338865.3505962,24
2026-09-13 19:34:25.358,1789338865.3582885,26
2026-09-13 19:34:25.365,1789338865.3659809,24
2026-09-13 19:34:25.373,1789338865.3736732,21
2026-09-13 19:34:25.381,1789338865.3813655,21
2026-09-13 19:34:25.389,1789338865.3890579,21
2026-09-13 19:34:25.396,1789338865.3967502,19
2026-09-13 19:34:25.404,1789338865.4044423,14
2026-09-13 19:34:25.412,1789338865.4121346,19
2026-09-13 19:34:25.419,1789338865.419827,43
2026-09-13 19:34:25.427,1789338865.4275193,65
2026-09-13 19:34:25.435,1789338865.4352117,75
2026-09-13 19:34:25.442,1789338865.442904,82
2026-09-13 19:34:25.450,1789338865.4505963,77
2026-09-13 19:34:25.458,1789338865.4582887,60
2026-09-13 19:34:25.465,1789338865.465981,53
2026-09-13 19:34:25.473,1789338865.473673,48
2026-09-13 19:34:25.481,1789338865.4813654,26
2026-09-13 19:34:25.489,1789338865.4890578,9
2026-09-13 19:34:25.496,1789338865.4961886,2
2026-09-13 19:34:25.503,1789338865.503881,4
2026-09-13 19:34:25.511,1789338865.5115733,7
2026-09-13 19:34:25.519,1789338865.5192657,7
2026-09-13 19:34:25.526,1789338865.526958,9
2026-09-13 19:34:25.534,1789338865.53465,12
2026-09-13 19:34:25.542,1789338865.5423424,16
2026-09-13 19:34:25.550,1789338865.5500348,14
2026-09-13 19:34:25.557,1789338865.557727,38
2026-09-13 19:34:25.565,1789338865.5654194,177
2026-09-13 19:34:25.573,1789338865.5731118,451
2026-09-13 19:34:25.580,1789338865.580804,802
2026-09-13 19:34:25.588,1789338865.5884964,967
2026-09-13 19:34:25.596,1789338865.5961885,489
2026-09-13 19:34:25.603,1789338865.603881,-240
2026-09-13 19:34:25.611,1789338865.6115732,-310
2026-09-13 19:34:25.619,1789338865.6192656,-14
2026-09-13 19:34:25.626,1789338865.626958,-33
2026-09-13 19:34:25.634,1789338865.6346502,-109
2026-09-13 19:34:25.642,1789338865.6423426,-36
2026-09-13 19:34:25.650,1789338865.650035,-24
2026-09-13 19:34:25.657,1789338865.657727,-55
2026-09-13 19:34:25.665,1789338865.6654193,-26
2026-09-13 19:34:25.673,1789338865.6731117,-12
2026-09-13 19:34:25.680,1789338865.680804,-14
2026-09-13 19:34:25.688,1789338865.6884964,-2
2026-09-13 19:34:25.696,1789338865.6961887,4
2026-09-13 19:34:25.703,1789338865.703881,9
2026-09-13 19:34:25.711,1789338865.7115734,21
2026-09-13 19:34:25.719,1789338865.7192655,31
2026-09-13 19:34:25.726,1789338865.7269578,36
2026-09-13 19:34:25.734,1789338865.7346501,46
2026-09-13 19:34:25.742,1789338865.7423425,58
2026-09-13 19:34:25.750,1789338865.7500348,70
2026-09-13 19:34:25.757,1789338865.7577271,84
2026-09-13 19:34:25.765,1789338865.7654195,97
2026-09-13 19:34:25.773,1789338865.7731118,109
2026-09-13 19:34:25.780,1789338865.780804,123
2026-09-13 19:34:25.788,1789338865.7884963,143
2026-09-13 19:34:25.796,1789338865.7961886,164
2026-09-13 19:34:25.803,1789338865.803881,191
2026-09-13 19:34:25.811,1789338865.8115733,215
2026-09-13 19:34:25.819,1789338865.8192656,230
2026-09-13 19:34:25.826,1789338865.826958,237
2026-09-13 19:34:25.834,1789338865.8346503,247
2026-09-13 19:34:25.842,1789338865.8423424,249
2026-09-13 19:34:25.850,1789338865.8500347,232
2026-09-13 19:34:25.857,1789338865.857727,194
2026-09-13 19:34:25.865,1789338865.8654194,138
2026-09-13 19:34:25.873,1789338865.8731117,80
2026-09-13 19:34:25.880,1789338865.880804,29
2026-09-13 19:34:25.888,1789338865.8884964,-12
2026-09-13 19:34:25.896,1789338865.8961887,-43
2026-09-13 19:34:25.903,1789338865.9038808,-58
2026-09-13 19:34:25.911,1789338865.9115732,-63
2026-09-13 19:34:25.919,1789338865.9192655,-70
2026-09-13 19:34:25.926,1789338865.9269578,-72
2026-09-13 19:34:25.934,1789338865.9346502,-65
2026-09-13 19:34:25.942,1789338865.9423425,-53
2026-09-13 19:34:25.950,1789338865.9500349,-43
2026-09-13 19:34:25.957,1789338865.9577272,-38
2026-09-13 19:34:25.965,1789338865.9654193,-36
2026-09-13 19:34:25.973,1789338865.9731116,-31
2026-09-13 19:34:25.980,1789338865.980804,-31
2026-09-13 19:34:25.988,1789338865.9884963,-36
2026-09-13 19:34:25.996,1789338865.9961886,-31
2026-09-13 19:34:26.003,1789338866.003881,-24
2026-09-13 19:34:26.011,1789338866.0115733,-21
2026-09-13 19:34:26.019,1789338866.0192657,-26
2026-09-13 19:34:26.026,1789338866.026958,-29
2026-09-13 19:34:26.034,1789338866.03465,-21
2026-09-13 19:34:26.042,1789338866.0423424,-9
2026-09-13 19:34:26.050,1789338866.0500348,-4
2026-09-13 19:34:26.057,1789338866.057196,-7
2026-09-13 19:34:26.064,1789338866.0648882,-7
2026-09-13 19:34:26.072,1789338866.0725806,-4
2026-09-13 19:34:26.080,1789338866.080273,-4
2026-09-13 19:34:26.087,1789338866.0879653,-9
2026-09-13 19:34:26.095,1789338866.0956573,-9
2026-09-13 19:34:26.103,1789338866.1033497,-4
2026-09-13 19:34:26.111,1789338866.111042,0
2026-09-13 19:34:26.118,1789338866.1187344,4
2026-09-13 19:34:26.126,1789338866.1264267,4
2026-09-13 19:34:26.134,1789338866.134119,4
2026-09-13 19:34:26.141,1789338866.1418114,14
2026-09-13 19:34:26.149,1789338866.1495037,21
2026-09-13 19:34:26.157,1789338866.1571958,21
2026-09-13 19:34:26.164,1789338866.1648881,19
2026-09-13 19:34:26.172,1789338866.1725805,16
2026-09-13 19:34:26.180,1789338866.1802728,19
2026-09-13 19:34:26.187,1789338866.1879652,19
2026-09-13 19:34:26.195,1789338866.1956575,24
2026-09-13 19:34:26.203,1789338866.2033498,29
2026-09-13 19:34:26.211,1789338866.2110422,26
2026-09-13 19:34:26.218,1789338866.2187343,29
2026-09-13 19:34:26.226,1789338866.2264266,31
2026-09-13 19:34:26.234,1789338866.234119,33
2026-09-13 19:34:26.241,1789338866.2418113,31
2026-09-13 19:34:26.249,1789338866.2495036,31
2026-09-13 19:34:26.257,1789338866.257196,26
2026-09-13 19:34:26.264,1789338866.2648883,26
2026-09-13 19:34:26.272,1789338866.2725806,29
2026-09-13 19:34:26.280,1789338866.2802727,29
2026-09-13 19:34:26.287,1789338866.287965,21
2026-09-13 19:34:26.295,1789338866.2956574,29
2026-09-13 19:34:26.303,1789338866.3033497,53
2026-09-13 19:34:26.311,1789338866.311042,67
2026-09-13 19:34:26.318,1789338866.3187344,75
2026-09-13 19:34:26.326,1789338866.3264267,87
2026-09-13 19:34:26.334,1789338866.334119,82
2026-09-13 19:34:26.341,1789338866.3418112,60
2026-09-13 19:34:26.349,1789338866.3495035,55
2026-09-13 19:34:26.357,1789338866.3571959,63
2026-09-13 19:34:26.364,1789338866.3648882,46
2026-09-13 19:34:26.372,1789338866.3725805,19
2026-09-13 19:34:26.380,1789338866.3802729,7
2026-09-13 19:34:26.387,1789338866.3879652,9
2026-09-13 19:34:26.395,1789338866.3956575,12
2026-09-13 19:34:26.403,1789338866.4033496,16
2026-09-13 19:34:26.411,1789338866.411042,21
2026-09-13 19:34:26.418,1789338866.4187343,19
2026-09-13 19:34:26.426,1789338866.4264266,12
2026-09-13 19:34:26.434,1789338866.434119,12
2026-09-13 19:34:26.441,1789338866.4418113,31
2026-09-13 19:34:26.449,1789338866.4495037,155
2026-09-13 19:34:26.457,1789338866.457196,436
2026-09-13 19:34:26.464,1789338866.464888,822
2026-09-13 19:34:26.472,1789338866.4725804,1064
2026-09-13 19:34:26.480,1789338866.4802728,659
2026-09-13 19:34:26.487,1789338866.487965,-172
2026-09-13 19:34:26.495,1789338866.4956574,-388
2026-09-13 19:34:26.503,1789338866.5033498,-55
2026-09-13 19:34:26.511,1789338866.511042,-2
2026-09-13 19:34:26.518,1789338866.5187345,-99
2026-09-13 19:34:26.526,1789338866.5264266,-41
2026-09-13 19:34:26.534,1789338866.534119,-9
2026-09-13 19:34:26.541,1789338866.5418112,-36
2026-09-13 19:34:26.549,1789338866.5495036,-19
2026-09-13 19:34:26.557,1789338866.557196,-7
2026-09-13 19:34:26.564,1789338866.5648882,-9
2026-09-13 19:34:26.572,1789338866.5725806,7
2026-09-13 19:34:26.580,1789338866.580273,24
2026-09-13 19:34:26.587,1789338866.5879653,21
2026-09-13 19:34:26.595,1789338866.5956573,29
2026-09-13 19:34:26.603,1789338866.6033497,48
2026-09-13 19:34:26.611,1789338866.611042,58
2026-09-13 19:34:26.618,1789338866.6181726,58
2026-09-13 19:34:26.625,1789338866.625865,70
2026-09-13 19:34:26.633,1789338866.6335573,87
2026-09-13 19:34:26.641,1789338866.6412497,97
2026-09-13 19:34:26.648,1789338866.648942,106
2026-09-13 19:34:26.656,1789338866.656634,123
2026-09-13 19:34:26.664,1789338866.6643264,150
2026-09-13 19:34:26.672,1789338866.6720188,179
2026-09-13 19:34:26.679,1789338866.679711,203
2026-09-13 19:34:26.687,1789338866.6874034,230
2026-09-13 19:34:26.695,1789338866.6950958,264
2026-09-13 19:34:26.702,1789338866.702788,283
2026-09-13 19:34:26.710,1789338866.7104805,293
2026-09-13 19:34:26.718,1789338866.7181726,307
2026-09-13 19:34:26.725,1789338866.725865,305
2026-09-13 19:34:26.733,1789338866.7335572,276
2026-09-13 19:34:26.741,1789338866.7412496,225
2026-09-13 19:34:26.748,1789338866.748942,155
2026-09-13 19:34:26.756,1789338866.7566342,82
2026-09-13 19:34:26.764,1789338866.7643266,19
2026-09-13 19:34:26.772,1789338866.772019,-29
2026-09-13 19:34:26.779,1789338866.779711,-50
2026-09-13 19:34:26.787,1789338866.7874033,-72
2026-09-13 19:34:26.795,1789338866.7950957,-97
2026-09-13 19:34:26.802,1789338866.802788,-99
2026-09-13 19:34:26.810,1789338866.8104804,-97
2026-09-13 19:34:26.818,1789338866.8181727,-97
2026-09-13 19:34:26.825,1789338866.825865,-89
2026-09-13 19:34:26.833,1789338866.8335574,-80
2026-09-13 19:34:26.841,1789338866.8412495,-80
2026-09-13 19:34:26.848,1789338866.8489418,-65
2026-09-13 19:34:26.856,1789338866.8566341,-50
2026-09-13 19:34:26.864,1789338866.8643265,-53
2026-09-13 19:34:26.872,1789338866.8720188,-53
2026-09-13 19:34:26.879,1789338866.8797112,-36
2026-09-13 19:34:26.887,1789338866.8874035,-33
2026-09-13 19:34:26.895,1789338866.8950958,-41
2026-09-13 19:34:26.902,1789338866.902788,-36
2026-09-13 19:34:26.910,1789338866.9104803,-29
2026-09-13 19:34:26.918,1789338866.9181726,-26
2026-09-13 19:34:26.925,1789338866.925865,-29
2026-09-13 19:34:26.933,1789338866.9335573,-26
2026-09-13 19:34:26.941,1789338866.9412496,-21
2026-09-13 19:34:26.948,1789338866.948942,-26
2026-09-13 19:34:26.956,1789338866.9566343,-33
2026-09-13 19:34:26.964,1789338866.9643264,-19
2026-09-13 19:34:26.972,1789338866.9720187,-7
2026-09-13 19:34:26.979,1789338866.979711,-16
2026-09-13 19:34:26.987,1789338866.9874034,-24
2026-09-13 19:34:26.995,1789338866.9950957,-16
2026-09-13 19:34:27.002,1789338867.002788,-12
2026-09-13 19:34:27.010,1789338867.0104804,-12
2026-09-13 19:34:27.018,1789338867.0181727,-9
2026-09-13 19:34:27.025,1789338867.0258648,-12
2026-09-13 19:34:27.033,1789338867.0335572,-4
2026-09-13 19:34:27.041,1789338867.0412495,7
2026-09-13 19:34:27.048,1789338867.0489419,9
2026-09-13 19:34:27.056,1789338867.0566342,2
2026-09-13 19:34:27.064,1789338867.0643265,-4
2026-09-13 19:34:27.072,1789338867.0720189,-4
2026-09-13 19:34:27.079,1789338867.0797112,4
2026-09-13 19:34:27.087,1789338867.0874033,7
2026-09-13 19:34:27.095,1789338867.0950956,12
2026-09-13 19:34:27.102,1789338867.102788,29
2026-09-13 19:34:27.110,1789338867.1104803,38
2026-09-13 19:34:27.118,1789338867.1181726,53
2026-09-13 19:34:27.125,1789338867.125865,70
2026-09-13 19:34:27.133,1789338867.1335573,63
2026-09-13 19:34:27.141,1789338867.1412497,48
2026-09-13 19:34:27.148,1789338867.148942,48
2026-09-13 19:34:27.156,1789338867.156634,41
2026-09-13 19:34:27.164,1789338867.1643264,19
2026-09-13 19:34:27.172,1789338867.1720188,0
2026-09-13 19:34:27.179,1789338867.1791494,0
2026-09-13 19:34:27.186,1789338867.1868417,9
2026-09-13 19:34:27.194,1789338867.194534,12
2026-09-13 19:34:27.202,1789338867.2022264,12
2026-09-13 19:34:27.209,1789338867.2099187,14
2026-09-13 19:34:27.217,1789338867.2176108,14
2026-09-13 19:34:27.225,1789338867.2253032,16
2026-09-13 19:34:27.232,1789338867.2329955,14
2026-09-13 19:34:27.240,1789338867.2406878,46
2026-09-13 19:34:27.248,1789338867.2483802,203
2026-09-13 19:34:27.256,1789338867.2560725,509
2026-09-13 19:34:27.263,1789338867.2637649,890
2026-09-13 19:34:27.271,1789338867.2714572,1047
2026-09-13 19:34:27.279,1789338867.2791493,521
2026-09-13 19:34:27.286,1789338867.2868416,-259
2026-09-13 19:34:27.294,1789338867.294534,-327
2026-09-13 19:34:27.302,1789338867.3022263,-4
2026-09-13 19:34:27.309,1789338867.3099186,-26
2026-09-13 19:34:27.317,1789338867.317611,-111
2026-09-13 19:34:27.325,1789338867.3253033,-21
2026-09-13 19:34:27.332,1789338867.3329957,2
2026-09-13 19:34:27.340,1789338867.3406878,-33
2026-09-13 19:34:27.348,1789338867.34838,-12
2026-09-13 19:34:27.356,1789338867.3560724,12
2026-09-13 19:34:27.363,1789338867.3637648,9
2026-09-13 19:34:27.371,1789338867.371457,26
2026-09-13 19:34:27.379,1789338867.3791494,38
2026-09-13 19:34:27.386,1789338867.3868418,29
2026-09-13 19:34:27.394,1789338867.394534,36
2026-09-13 19:34:27.402,1789338867.4022262,53
2026-09-13 19:34:27.409,1789338867.4099185,67
2026-09-13 19:34:27.417,1789338867.417611,92
2026-09-13 19:34:27.425,1789338867.4253032,99
2026-09-13 19:34:27.432,1789338867.4329956,94
2026-09-13 19:34:27.440,1789338867.440688,104
2026-09-13 19:34:27.448,1789338867.4483802,123
2026-09-13 19:34:27.456,1789338867.4560726,140
2026-09-13 19:34:27.463,1789338867.4637647,169
2026-09-13 19:34:27.471,1789338867.471457,198
2026-09-13 19:34:27.479,1789338867.4791493,225
2026-09-13 19:34:27.486,1789338867.4868417,257
2026-09-13 19:34:27.494,1789338867.494534,295
2026-09-13 19:34:27.502,1789338867.5022264,322
2026-09-13 19:34:27.509,1789338867.5099187,327
2026-09-13 19:34:27.517,1789338867.517611,322
2026-09-13 19:34:27.525,1789338867.5253031,307
2026-09-13 19:34:27.532,1789338867.5329955,266
2026-09-13 19:34:27.540,1789338867.5406878,213
2026-09-13 19:34:27.548,1789338867.5483801,155
2026-09-13 19:34:27.556,1789338867.5560725,77
2026-09-13 19:34:27.563,1789338867.5637648,9
2026-09-13 19:34:27.571,1789338867.5714571,-24
2026-09-13 19:34:27.579,1789338867.5791495,-50
2026-09-13 19:34:27.586,1789338867.5868416,-80
2026-09-13 19:34:27.594,1789338867.594534,-101
2026-09-13 19:34:27.602,1789338867.6022263,-104
2026-09-13 19:34:27.609,1789338867.6099186,-89
2026-09-13 19:34:27.617,1789338867.617611,-77
2026-09-13 19:34:27.625,1789338867.6253033,-77
2026-09-13 19:34:27.632,1789338867.6329956,-77
2026-09-13 19:34:27.640,1789338867.640688,-72
2026-09-13 19:34:27.648,1789338867.64838,-58
2026-09-13 19:34:27.656,1789338867.6560724,-43
2026-09-13 19:34:27.663,1789338867.6637647,-31
2026-09-13 19:34:27.671,1789338867.671457,-24
2026-09-13 19:34:27.679,1789338867.6791494,-29
2026-09-13 19:34:27.686,1789338867.6868417,-31
2026-09-13 19:34:27.694,1789338867.694534,-24
2026-09-13 19:34:27.702,1789338867.7022264,-21
2026-09-13 19:34:27.709,1789338867.7099187,-21
2026-09-13 19:34:27.717,1789338867.7176108,-4
2026-09-13 19:34:27.725,1789338867.7253032,2
2026-09-13 19:34:27.732,1789338867.7329955,0
2026-09-13 19:34:27.740,1789338867.740157,0
2026-09-13 19:34:27.747,1789338867.7478492,-7
2026-09-13 19:34:27.755,1789338867.7555416,-14
2026-09-13 19:34:27.763,1789338867.763234,-4
2026-09-13 19:34:27.770,1789338867.7709262,-7
2026-09-13 19:34:27.778,1789338867.7786183,-9
2026-09-13 19:34:27.786,1789338867.7863107,7
2026-09-13 19:34:27.794,1789338867.794003,7
2026-09-13 19:34:27.801,1789338867.8016953,0
2026-09-13 19:34:27.809,1789338867.8093877,7
2026-09-13 19:34:27.817,1789338867.81708,16
2026-09-13 19:34:27.824,1789338867.8247724,9
2026-09-13 19:34:27.832,1789338867.8324647,12
2026-09-13 19:34:27.840,1789338867.8401568,14
2026-09-13 19:34:27.847,1789338867.8478491,9
2026-09-13 19:34:27.855,1789338867.8555415,16
2026-09-13 19:34:27.863,1789338867.8632338,36
2026-09-13 19:34:27.870,1789338867.8709261,48
2026-09-13 19:34:27.878,1789338867.8786185,60
2026-09-13 19:34:27.886,1789338867.8863108,77
2026-09-13 19:34:27.894,1789338867.8940032,77
2026-09-13 19:34:27.901,1789338867.9016953,67
2026-09-13 19:34:27.909,1789338867.9093876,58
2026-09-13 19:34:27.917,1789338867.91708,46
2026-09-13 19:34:27.924,1789338867.9247723,29
2026-09-13 19:34:27.932,1789338867.9324646,21
2026-09-13 19:34:27.940,1789338867.940157,19
2026-09-13 19:34:27.947,1789338867.9478493,16
2026-09-13 19:34:27.955,1789338867.9555416,26
2026-09-13 19:34:27.963,1789338867.9632337,29
2026-09-13 19:34:27.970,1789338867.970926,24
2026-09-13 19:34:27.978,1789338867.9786184,26
2026-09-13 19:34:27.986,1789338867.9863107,26
2026-09-13 19:34:27.994,1789338867.994003,24
2026-09-13 19:34:28.001,1789338868.0016954,70
2026-09-13 19:34:28.009,1789338868.0093877,259
2026-09-13 19:34:28.017,1789338868.01708,608
2026-09-13 19:34:28.024,1789338868.0247722,979
2026-09-13 19:34:28.032,1789338868.0324645,982
2026-09-13 19:34:28.040,1789338868.0401568,307
2026-09-13 19:34:28.047,1789338868.0478492,-341
2026-09-13 19:34:28.055,1789338868.0555415,-235
2026-09-13 19:34:28.063,1789338868.0632339,29
2026-09-13 19:34:28.070,1789338868.0709262,-53
2026-09-13 19:34:28.078,1789338868.0786185,-99
2026-09-13 19:34:28.086,1789338868.0863106,-9
2026-09-13 19:34:28.094,1789338868.094003,-9
2026-09-13 19:34:28.101,1789338868.1016953,-29
2026-09-13 19:34:28.109,1789338868.1093876,-4
2026-09-13 19:34:28.117,1789338868.11708,7
2026-09-13 19:34:28.124,1789338868.1247723,7
2026-09-13 19:34:28.132,1789338868.1324646,16
2026-09-13 19:34:28.140,1789338868.140157,21
2026-09-13 19:34:28.147,1789338868.147849,29
2026-09-13 19:34:28.155,1789338868.1555414,41
2026-09-13 19:34:28.163,1789338868.1632338,48
2026-09-13 19:34:28.170,1789338868.170926,63
2026-09-13 19:34:28.178,1789338868.1786184,75
2026-09-13 19:34:28.186,1789338868.1863108,80
2026-09-13 19:34:28.194,1789338868.194003,89
2026-09-13 19:34:28.201,1789338868.2016954,111
2026-09-13 19:34:28.209,1789338868.2093875,130
2026-09-13 19:34:28.217,1789338868.2170799,126
2026-09-13 19:34:28.224,1789338868.2247722,145
2026-09-13 19:34:28.232,1789338868.2324646,201
2026-09-13 19:34:28.240,1789338868.240157,240
2026-09-13 19:34:28.247,1789338868.2478492,249
2026-09-13 19:34:28.255,1789338868.2555416,264
2026-09-13 19:34:28.263,1789338868.263234,291
2026-09-13 19:34:28.270,1789338868.2709262,307
2026-09-13 19:34:28.278,1789338868.2786183,298
2026-09-13 19:34:28.286,1789338868.2863107,278
2026-09-13 19:34:28.294,1789338868.294003,240
2026-09-13 19:34:28.301,1789338868.3011334,177
2026-09-13 19:34:28.308,1789338868.3088257,111
2026-09-13 19:34:28.316,1789338868.316518,41
2026-09-13 19:34:28.324,1789338868.3242104,-21
2026-09-13 19:34:28.331,1789338868.3319027,-53
2026-09-13 19:34:28.339,1789338868.3395948,-75
2026-09-13 19:34:28.347,1789338868.3472872,-80
2026-09-13 19:34:28.354,1789338868.3549795,-80
2026-09-13 19:34:28.362,1789338868.3626719,-99
2026-09-13 19:34:28.370,1789338868.3703642,-97
2026-09-13 19:34:28.378,1789338868.3780565,-67
2026-09-13 19:34:28.385,1789338868.3857489,-70
2026-09-13 19:34:28.393,1789338868.3934412,-87
2026-09-13 19:34:28.401,1789338868.4011333,-63
2026-09-13 19:34:28.408,1789338868.4088256,-38
2026-09-13 19:34:28.416,1789338868.416518,-50
2026-09-13 19:34:28.424,1789338868.4242103,-53
2026-09-13 19:34:28.431,1789338868.4319026,-26
2026-09-13 19:34:28.439,1789338868.439595,-16
2026-09-13 19:34:28.447,1789338868.4472873,-21
2026-09-13 19:34:28.454,1789338868.4549797,-16
2026-09-13 19:34:28.462,1789338868.4626718,-9
2026-09-13 19:34:28.470,1789338868.470364,-4
2026-09-13 19:34:28.478,1789338868.4780564,-2
2026-09-13 19:34:28.485,1789338868.4857488,-7
2026-09-13 19:34:28.493,1789338868.493441,-12
2026-09-13 19:34:28.501,1789338868.5011334,-9
2026-09-13 19:34:28.508,1789338868.5088258,-2
2026-09-13 19:34:28.516,1789338868.516518,2
2026-09-13 19:34:28.524,1789338868.5242102,0
2026-09-13 19:34:28.531,1789338868.5319026,-2
2026-09-13 19:34:28.539,1789338868.539595,-7
2026-09-13 19:34:28.547,1789338868.5472872,-9
2026-09-13 19:34:28.554,1789338868.5549796,-7
2026-09-13 19:34:28.562,1789338868.562672,2
2026-09-13 19:34:28.570,1789338868.5703642,9
2026-09-13 19:34:28.578,1789338868.5780566,12
2026-09-13 19:34:28.585,1789338868.5857487,7
2026-09-13 19:34:28.593,1789338868.593441,7
2026-09-13 19:34:28.601,1789338868.6011333,14
2026-09-13 19:34:28.608,1789338868.6088257,14
2026-09-13 19:34:28.616,1789338868.616518,29
2026-09-13 19:34:28.624,1789338868.6242104,63
2026-09-13 19:34:28.631,1789338868.6319027,70
2026-09-13 19:34:28.639,1789338868.639595,55
2026-09-13 19:34:28.647,1789338868.6472871,55
2026-09-13 19:34:28.654,1789338868.6549795,58
2026-09-13 19:34:28.662,1789338868.6626718,36
2026-09-13 19:34:28.670,1789338868.6703641,12
2026-09-13 19:34:28.678,1789338868.6780565,4
2026-09-13 19:34:28.685,1789338868.6857488,7
2026-09-13 19:34:28.693,1789338868.6934412,9
2026-09-13 19:34:28.701,1789338868.7011335,12
2026-09-13 19:34:28.708,1789338868.7088256,12
2026-09-13 19:34:28.716,1789338868.716518,16
2026-09-13 19:34:28.724,1789338868.7242103,21
2026-09-13 19:34:28.731,1789338868.7319026,21
2026-09-13 19:34:28.739,1789338868.739595,16
2026-09-13 19:34:28.747,1789338868.7472873,67
2026-09-13 19:34:28.754,1789338868.7549796,274
2026-09-13 19:34:28.762,1789338868.762672,635
2026-09-13 19:34:28.770,1789338868.770364,970
2026-09-13 19:34:28.778,1789338868.7780564,865
2026-09-13 19:34:28.785,1789338868.7857487,177
2026-09-13 19:34:28.793,1789338868.793441,-334
2026-09-13 19:34:28.801,1789338868.8011334,-172
2026-09-13 19:34:28.808,1789338868.8088257,19
2026-09-13 19:34:28.816,1789338868.816518,-72
2026-09-13 19:34:28.824,1789338868.8242104,-87
2026-09-13 19:34:28.831,1789338868.8319027,-16
2026-09-13 19:34:28.839,1789338868.8395948,-31
2026-09-13 19:34:28.847,1789338868.8472872,-48
2026-09-13 19:34:28.854,1789338868.8549795,-19
2026-09-13 19:34:28.862,1789338868.862141,-4
2026-09-13 19:34:28.869,1789338868.8698332,-7
2026-09-13 19:34:28.877,1789338868.8775256,0
2026-09-13 19:34:28.885,1789338868.885218,9
2026-09-13 19:34:28.892,1789338868.8929102,19
2026-09-13 19:34:28.900,1789338868.9006023,31
2026-09-13 19:34:28.908,1789338868.9082947,38
2026-09-13 19:34:28.915,1789338868.915987,38
2026-09-13 19:34:28.923,1789338868.9236794,50
2026-09-13 19:34:28.931,1789338868.9313717,70
2026-09-13 19:34:28.939,1789338868.939064,80
2026-09-13 19:34:28.946,1789338868.9467564,84
2026-09-13 19:34:28.954,1789338868.9544487,97
2026-09-13 19:34:28.962,1789338868.9621408,121
2026-09-13 19:34:28.969,1789338868.9698331,145
2026-09-13 19:34:28.977,1789338868.9775255,160
2026-09-13 19:34:28.985,1789338868.9852178,181
2026-09-13 19:34:28.992,1789338868.9929101,210
2026-09-13 19:34:29.000,1789338869.0006025,227
2026-09-13 19:34:29.008,1789338869.0082948,244
2026-09-13 19:34:29.015,1789338869.0159872,257
2026-09-13 19:34:29.023,1789338869.0236793,247
2026-09-13 19:34:29.031,1789338869.0313716,225
2026-09-13 19:34:29.039,1789338869.039064,186
2026-09-13 19:34:29.046,1789338869.0467563,128
2026-09-13 19:34:29.054,1789338869.0544486,60
2026-09-13 19:34:29.062,1789338869.062141,9
2026-09-13 19:34:29.069,1789338869.0698333,-31
2026-09-13 19:34:29.077,1789338869.0775256,-67
2026-09-13 19:34:29.085,1789338869.0852177,-87
2026-09-13 19:34:29.092,1789338869.09291,-92
2026-09-13 19:34:29.100,1789338869.1006024,-94
2026-09-13 19:34:29.108,1789338869.1082947,-101
2026-09-13 19:34:29.115,1789338869.115987,-101
2026-09-13 19:34:29.123,1789338869.1236794,-94
2026-09-13 19:34:29.131,1789338869.1313717,-82
2026-09-13 19:34:29.139,1789338869.139064,-77
2026-09-13 19:34:29.146,1789338869.1467562,-75
2026-09-13 19:34:29.154,1789338869.1544485,-67
2026-09-13 19:34:29.162,1789338869.1621408,-55
2026-09-13 19:34:29.169,1789338869.1698332,-48
2026-09-13 19:34:29.177,1789338869.1775255,-48
2026-09-13 19:34:29.185,1789338869.1852179,-43
2026-09-13 19:34:29.192,1789338869.1929102,-38
2026-09-13 19:34:29.200,1789338869.2006025,-38
2026-09-13 19:34:29.208,1789338869.2082946,-41
2026-09-13 19:34:29.215,1789338869.215987,-33
2026-09-13 19:34:29.223,1789338869.2236793,-26
2026-09-13 19:34:29.231,1789338869.2313716,-26
2026-09-13 19:34:29.239,1789338869.239064,-24
2026-09-13 19:34:29.246,1789338869.2467563,-24
2026-09-13 19:34:29.254,1789338869.2544487,-29
2026-09-13 19:34:29.262,1789338869.262141,-31
2026-09-13 19:34:29.269,1789338869.269833,-26
2026-09-13 19:34:29.277,1789338869.2775254,-26
2026-09-13 19:34:29.285,1789338869.2852178,-31
2026-09-13 19:34:29.292,1789338869.29291,-31
2026-09-13 19:34:29.300,1789338869.3006024,-24
2026-09-13 19:34:29.308,1789338869.3082948,-21
2026-09-13 19:34:29.315,1789338869.315987,-24
2026-09-13 19:34:29.323,1789338869.3236794,-21
2026-09-13 19:34:29.331,1789338869.3313715,-21
2026-09-13 19:34:29.339,1789338869.339064,-21
2026-09-13 19:34:29.346,1789338869.3467562,-19
2026-09-13 19:34:29.354,1789338869.3544486,-19
2026-09-13 19:34:29.362,1789338869.362141,-16
2026-09-13 19:34:29.369,1789338869.3698332,-12
2026-09-13 19:34:29.377,1789338869.3775256,-16
2026-09-13 19:34:29.385,1789338869.385218,-21
2026-09-13 19:34:29.392,1789338869.3929102,-12
2026-09-13 19:34:29.400,1789338869.4006023,2
2026-09-13 19:34:29.408,1789338869.4082947,7
2026-09-13 19:34:29.415,1789338869.415987,21
2026-09-13 19:34:29.423,1789338869.4231176,29
2026-09-13 19:34:29.430,1789338869.43081,19
2026-09-13 19:34:29.438,1789338869.4385023,14
2026-09-13 19:34:29.446,1789338869.4461946,14
2026-09-13 19:34:29.453,1789338869.453887,-2
2026-09-13 19:34:29.461,1789338869.461579,-21
2026-09-13 19:34:29.469,1789338869.4692714,-29
2026-09-13 19:34:29.476,1789338869.4769638,-33
2026-09-13 19:34:29.484,1789338869.484656,-31
2026-09-13 19:34:29.492,1789338869.4923484,-26
2026-09-13 19:34:29.500,1789338869.5000408,-24
2026-09-13 19:34:29.507,1789338869.507733,-26
2026-09-13 19:34:29.515,1789338869.5154254,-26
2026-09-13 19:34:29.523,1789338869.5231175,-26
2026-09-13 19:34:29.530,1789338869.5308099,-26
2026-09-13 19:34:29.538,1789338869.5385022,36
2026-09-13 19:34:29.546,1789338869.5461946,237
2026-09-13 19:34:29.553,1789338869.553887,567
2026-09-13 19:34:29.561,1789338869.5615792,904
2026-09-13 19:34:29.569,1789338869.5692716,822
2026-09-13 19:34:29.576,1789338869.576964,135
2026-09-13 19:34:29.584,1789338869.584656,-351
2026-09-13 19:34:29.592,1789338869.5923483,-174
2026-09-13 19:34:29.600,1789338869.6000407,-16
2026-09-13 19:34:29.607,1789338869.607733,-121
2026-09-13 19:34:29.615,1789338869.6154253,-118
2026-09-13 19:34:29.623,1789338869.6231177,-55
2026-09-13 19:34:29.630,1789338869.63081,-77
2026-09-13 19:34:29.638,1789338869.6385024,-82
2026-09-13 19:34:29.646,1789338869.6461945,-48
2026-09-13 19:34:29.653,1789338869.6538868,-43
2026-09-13 19:34:29.661,1789338869.6615791,-46
2026-09-13 19:34:29.669,1789338869.6692715,-29
2026-09-13 19:34:29.676,1789338869.6769638,-19
2026-09-13 19:34:29.684,1789338869.6846561,-12
2026-09-13 19:34:29.692,1789338869.6923485,-2
2026-09-13 19:34:29.700,1789338869.7000408,4
2026-09-13 19:34:29.707,1789338869.707733,12
2026-09-13 19:34:29.715,1789338869.7154253,26
2026-09-13 19:34:29.723,1789338869.7231176,38
2026-09-13 19:34:29.730,1789338869.73081,48
2026-09-13 19:34:29.738,1789338869.7385023,55
2026-09-13 19:34:29.746,1789338869.7461946,67
2026-09-13 19:34:29.753,1789338869.753887,82
2026-09-13 19:34:29.761,1789338869.7615793,106
2026-09-13 19:34:29.769,1789338869.7692714,130
2026-09-13 19:34:29.776,1789338869.7769637,147
2026-09-13 19:34:29.784,1789338869.784656,169
2026-09-13 19:34:29.792,1789338869.7923484,196
2026-09-13 19:34:29.800,1789338869.8000407,210
2026-09-13 19:34:29.807,1789338869.807733,213
2026-09-13 19:34:29.815,1789338869.8154254,210
2026-09-13 19:34:29.823,1789338869.8231177,201
2026-09-13 19:34:29.830,1789338869.8308098,172
2026-09-13 19:34:29.838,1789338869.8385022,126
2026-09-13 19:34:29.846,1789338869.8461945,72
2026-09-13 19:34:29.853,1789338869.8538868,26
2026-09-13 19:34:29.861,1789338869.8615792,-14
2026-09-13 19:34:29.869,1789338869.8692715,-48
2026-09-13 19:34:29.876,1789338869.8769639,-67
2026-09-13 19:34:29.884,1789338869.8846562,-72
2026-09-13 19:34:29.892,1789338869.8923483,-77
2026-09-13 19:34:29.900,1789338869.9000406,-75
2026-09-13 19:34:29.907,1789338869.907733,-70
2026-09-13 19:34:29.915,1789338869.9154253,-63
2026-09-13 19:34:29.923,1789338869.9231176,-60
2026-09-13 19:34:29.930,1789338869.93081,-53
2026-09-13 19:34:29.938,1789338869.9385023,-43
2026-09-13 19:34:29.946,1789338869.9461946,-38
2026-09-13 19:34:29.953,1789338869.953887,-36
2026-09-13 19:34:29.961,1789338869.961579,-29
2026-09-13 19:34:29.969,1789338869.9692714,-21
2026-09-13 19:34:29.976,1789338869.9769638,-21
2026-09-13 19:34:29.984,1789338869.984125,-19
2026-09-13 19:34:29.991,1789338869.9918172,-12
2026-09-13 19:34:29.999,1789338869.9995096,-4
2026-09-13 19:34:30.007,1789338870.007202,-9
2026-09-13 19:34:30.014,1789338870.0148942,-12
2026-09-13 19:34:30.022,1789338870.0225863,-9
2026-09-13 19:34:30.030,1789338870.0302787,-7
2026-09-13 19:34:30.037,1789338870.037971,-7
2026-09-13 19:34:30.045,1789338870.0456634,-4
2026-09-13 19:34:30.053,1789338870.0533557,-4
2026-09-13 19:34:30.061,1789338870.061048,-4
2026-09-13 19:34:30.068,1789338870.0687404,-2
2026-09-13 19:34:30.076,1789338870.0764327,2
2026-09-13 19:34:30.084,1789338870.0841248,4
2026-09-13 19:34:30.091,1789338870.0918171,2
2026-09-13 19:34:30.099,1789338870.0995095,0
2026-09-13 19:34:30.107,1789338870.1072018,7
2026-09-13 19:34:30.114,1789338870.1148942,16
2026-09-13 19:34:30.122,1789338870.1225865,14
2026-09-13 19:34:30.130,1789338870.1302788,7
2026-09-13 19:34:30.137,1789338870.1379712,12
2026-09-13 19:34:30.145,1789338870.1456633,16
2026-09-13 19:34:30.153,1789338870.1533556,16
2026-09-13 19:34:30.161,1789338870.161048,19
2026-09-13 19:34:30.168,1789338870.1687403,24
2026-09-13 19:34:30.176,1789338870.1764326,21
2026-09-13 19:34:30.184,1789338870.184125,24
2026-09-13 19:34:30.191,1789338870.1918173,26
2026-09-13 19:34:30.199,1789338870.1995096,24
2026-09-13 19:34:30.207,1789338870.2072017,21
2026-09-13 19:34:30.214,1789338870.214894,26
2026-09-13 19:34:30.222,1789338870.2225864,29
2026-09-13 19:34:30.230,1789338870.2302787,29
2026-09-13 19:34:30.237,1789338870.237971,31
2026-09-13 19:34:30.245,1789338870.2456634,31
2026-09-13 19:34:30.253,1789338870.2533557,31
2026-09-13 19:34:30.261,1789338870.261048,29
2026-09-13 19:34:30.268,1789338870.2687402,31
2026-09-13 19:34:30.276,1789338870.2764325,31
2026-09-13 19:34:30.284,1789338870.2841249,31
2026-09-13 19:34:30.291,1789338870.2918172,38
2026-09-13 19:34:30.299,1789338870.2995095,48
2026-09-13 19:34:30.307,1789338870.3072019,60
2026-09-13 19:34:30.314,1789338870.3148942,77
2026-09-13 19:34:30.322,1789338870.3225865,89
2026-09-13 19:34:30.330,1789338870.3302786,82
2026-09-13 19:34:30.337,1789338870.337971,67
2026-09-13 19:34:30.345,1789338870.3456633,65
2026-09-13 19:34:30.353,1789338870.3533556,58
2026-09-13 19:34:30.361,1789338870.361048,31
2026-09-13 19:34:30.368,1789338870.3687403,16
2026-09-13 19:34:30.376,1789338870.3764327,16
2026-09-13 19:34:30.384,1789338870.384125,16
2026-09-13 19:34:30.391,1789338870.391817,19
2026-09-13 19:34:30.399,1789338870.3995094,21
2026-09-13 19:34:30.407,1789338870.4072018,19
2026-09-13 19:34:30.414,1789338870.414894,21
2026-09-13 19:34:30.422,1789338870.4225864,21
2026-09-13 19:34:30.430,1789338870.4302788,14
2026-09-13 19:34:30.437,1789338870.437971,60
2026-09-13 19:34:30.445,1789338870.4456635,242
2026-09-13 19:34:30.453,1789338870.4533556,560
2026-09-13 19:34:30.461,1789338870.461048,931
2026-09-13 19:34:30.468,1789338870.4687402,970
2026-09-13 19:34:30.476,1789338870.4764326,332
2026-09-13 19:34:30.484,1789338870.484125,-293
2026-09-13 19:34:30.491,1789338870.4918172,-203
2026-09-13 19:34:30.499,1789338870.4995096,19
2026-09-13 19:34:30.507,1789338870.507202,-63
2026-09-13 19:34:30.514,1789338870.5148942,-99
2026-09-13 19:34:30.522,1789338870.5225863,-26
2026-09-13 19:34:30.530,1789338870.5302787,-33
2026-09-13 19:34:30.537,1789338870.537971,-55
2026-09-13 19:34:30.545,1789338870.5451016,-26
2026-09-13 19:34:30.552,1789338870.552794,-14
2026-09-13 19:34:30.560,1789338870.5604863,-19
2026-09-13 19:34:30.568,1789338870.5681787,-7
2026-09-13 19:34:30.575,1789338870.575871,4
2026-09-13 19:34:30.583,1789338870.583563,9
2026-09-13 19:34:30.591,1789338870.5912554,16
2026-09-13 19:34:30.598,1789338870.5989478,26
2026-09-13 19:34:30.606,1789338870.60664,33
2026-09-13 19:34:30.614,1789338870.6143324,43
2026-09-13 19:34:30.622,1789338870.6220248,53
2026-09-13 19:34:30.629,1789338870.629717,67
2026-09-13 19:34:30.637,1789338870.6374094,82
2026-09-13 19:34:30.645,1789338870.6451015,87
2026-09-13 19:34:30.652,1789338870.652794,99
2026-09-13 19:34:30.660,1789338870.6604862,118
2026-09-13 19:34:30.668,1789338870.6681786,140
2026-09-13 19:34:30.675,1789338870.675871,157
2026-09-13 19:34:30.683,1789338870.6835632,179
2026-09-13 19:34:30.691,1789338870.6912556,198
2026-09-13 19:34:30.698,1789338870.698948,215
2026-09-13 19:34:30.706,1789338870.70664,223
2026-09-13 19:34:30.714,1789338870.7143323,220
2026-09-13 19:34:30.722,1789338870.7220247,208
2026-09-13 19:34:30.729,1789338870.729717,184
2026-09-13 19:34:30.737,1789338870.7374094,147
2026-09-13 19:34:30.745,1789338870.7451017,97
2026-09-13 19:34:30.752,1789338870.752794,46
2026-09-13 19:34:30.760,1789338870.7604864,0
2026-09-13 19:34:30.768,1789338870.7681785,-36
2026-09-13 19:34:30.775,1789338870.7758708,-58
2026-09-13 19:34:30.783,1789338870.7835631,-70
2026-09-13 19:34:30.791,1789338870.7912555,-80
2026-09-13 19:34:30.798,1789338870.7989478,-80
2026-09-13 19:34:30.806,1789338870.8066401,-82
2026-09-13 19:34:30.814,1789338870.8143325,-80
2026-09-13 19:34:30.822,1789338870.8220248,-65
2026-09-13 19:34:30.829,1789338870.829717,-55
2026-09-13 19:34:30.837,1789338870.8374093,-53
2026-09-13 19:34:30.845,1789338870.8451016,-48
2026-09-13 19:34:30.852,1789338870.852794,-41
2026-09-13 19:34:30.860,1789338870.8604863,-33
2026-09-13 19:34:30.868,1789338870.8681786,-29
2026-09-13 19:34:30.875,1789338870.875871,-29
2026-09-13 19:34:30.883,1789338870.8835633,-26
2026-09-13 19:34:30.891,1789338870.8912554,-24
2026-09-13 19:34:30.898,1789338870.8989477,-19
2026-09-13 19:34:30.906,1789338870.90664,-16
2026-09-13 19:34:30.914,1789338870.9143324,-19
2026-09-13 19:34:30.922,1789338870.9220247,-16
2026-09-13 19:34:30.929,1789338870.929717,-12
2026-09-13 19:34:30.937,1789338870.9374094,-14
2026-09-13 19:34:30.945,1789338870.9451017,-16
2026-09-13 19:34:30.952,1789338870.9527938,-9
2026-09-13 19:34:30.960,1789338870.9604862,-9
2026-09-13 19:34:30.968,1789338870.9681785,-12
2026-09-13 19:34:30.975,1789338870.9758708,-9
2026-09-13 19:34:30.983,1789338870.9835632,-12
2026-09-13 19:34:30.991,1789338870.9912555,-9
2026-09-13 19:34:30.998,1789338870.9989479,2
2026-09-13 19:34:31.006,1789338871.0066402,2
2026-09-13 19:34:31.014,1789338871.0143323,0
2026-09-13 19:34:31.022,1789338871.0220246,4
2026-09-13 19:34:31.029,1789338871.029717,7
2026-09-13 19:34:31.037,1789338871.0374093,4
2026-09-13 19:34:31.045,1789338871.0451016,4
2026-09-13 19:34:31.052,1789338871.052794,4
2026-09-13 19:34:31.060,1789338871.0604863,9
2026-09-13 19:34:31.068,1789338871.0681787,14
2026-09-13 19:34:31.075,1789338871.075871,14
2026-09-13 19:34:31.083,1789338871.083563,14
2026-09-13 19:34:31.091,1789338871.0912554,16
2026-09-13 19:34:31.098,1789338871.0989478,12
2026-09-13 19:34:31.106,1789338871.1061091,14
2026-09-13 19:34:31.113,1789338871.1138015,21
2026-09-13 19:34:31.121,1789338871.1214938,24
2026-09-13 19:34:31.129,1789338871.1291862,19
2026-09-13 19:34:31.136,1789338871.1368785,19
2026-09-13 19:34:31.144,1789338871.1445706,24
2026-09-13 19:34:31.152,1789338871.152263,29
2026-09-13 19:34:31.159,1789338871.1599553,29
2026-09-13 19:34:31.167,1789338871.1676476,29
2026-09-13 19:34:31.175,1789338871.17534,26
2026-09-13 19:34:31.183,1789338871.1830323,26
2026-09-13 19:34:31.190,1789338871.1907246,29
2026-09-13 19:34:31.198,1789338871.198417,31
2026-09-13 19:34:31.206,1789338871.206109,31
2026-09-13 19:34:31.213,1789338871.2138014,29
2026-09-13 19:34:31.221,1789338871.2214937,29
2026-09-13 19:34:31.229,1789338871.229186,29
2026-09-13 19:34:31.236,1789338871.2368784,29
2026-09-13 19:34:31.244,1789338871.2445707,26
2026-09-13 19:34:31.252,1789338871.252263,26
2026-09-13 19:34:31.259,1789338871.2599554,31
2026-09-13 19:34:31.267,1789338871.2676475,53
2026-09-13 19:34:31.275,1789338871.2753398,67
2026-09-13 19:34:31.283,1789338871.2830322,77
2026-09-13 19:34:31.290,1789338871.2907245,84
2026-09-13 19:34:31.298,1789338871.2984169,75
2026-09-13 19:34:31.306,1789338871.3061092,65
2026-09-13 19:34:31.313,1789338871.3138015,65
2026-09-13 19:34:31.321,1789338871.3214939,50
2026-09-13 19:34:31.329,1789338871.329186,21
2026-09-13 19:34:31.336,1789338871.3368783,7
2026-09-13 19:34:31.344,1789338871.3445706,9
2026-09-13 19:34:31.352,1789338871.352263,12
2026-09-13 19:34:31.359,1789338871.3599553,12
2026-09-13 19:34:31.367,1789338871.3676476,12
2026-09-13 19:34:31.375,1789338871.37534,14
2026-09-13 19:34:31.383,1789338871.3830323,19
2026-09-13 19:34:31.390,1789338871.3907244,21
2026-09-13 19:34:31.398,1789338871.3984168,14
2026-09-13 19:34:31.406,1789338871.406109,67
2026-09-13 19:34:31.413,1789338871.4138014,257
2026-09-13 19:34:31.421,1789338871.4214938,572
2026-09-13 19:34:31.429,1789338871.429186,926
2026-09-13 19:34:31.436,1789338871.4368784,921
2026-09-13 19:34:31.444,1789338871.4445708,247
2026-09-13 19:34:31.452,1789338871.4522629,-332
2026-09-13 19:34:31.459,1789338871.4599552,-194
2026-09-13 19:34:31.467,1789338871.4676476,9
2026-09-13 19:34:31.475,1789338871.47534,-80
2026-09-13 19:34:31.483,1789338871.4830322,-92
2026-09-13 19:34:31.490,1789338871.4907246,-24
2026-09-13 19:34:31.498,1789338871.498417,-41
2026-09-13 19:34:31.506,1789338871.5061092,-53
2026-09-13 19:34:31.513,1789338871.5138013,-21
2026-09-13 19:34:31.521,1789338871.5214937,-12
2026-09-13 19:34:31.529,1789338871.529186,-14
2026-09-13 19:34:31.536,1789338871.5368783,-4
2026-09-13 19:34:31.544,1789338871.5445707,4
2026-09-13 19:34:31.552,1789338871.552263,12
2026-09-13 19:34:31.559,1789338871.5599554,24
2026-09-13 19:34:31.567,1789338871.5676477,31
2026-09-13 19:34:31.575,1789338871.5753398,41
2026-09-13 19:34:31.583,1789338871.5830321,53
2026-09-13 19:34:31.590,1789338871.5907245,55
2026-09-13 19:34:31.598,1789338871.5984168,63
2026-09-13 19:34:31.606,1789338871.6061091,80
2026-09-13 19:34:31.613,1789338871.6138015,94
2026-09-13 19:34:31.621,1789338871.6214938,109
2026-09-13 19:34:31.629,1789338871.6291862,126
2026-09-13 19:34:31.636,1789338871.6368785,145
2026-09-13 19:34:31.644,1789338871.6445706,164
2026-09-13 19:34:31.652,1789338871.652263,189
2026-09-13 19:34:31.659,1789338871.6599553,210
2026-09-13 19:34:31.667,1789338871.667091,227
2026-09-13 19:34:31.674,1789338871.6747832,235
2026-09-13 19:34:31.682,1789338871.6824756,232
2026-09-13 19:34:31.690,1789338871.690168,223
2026-09-13 19:34:31.697,1789338871.6978602,203
2026-09-13 19:34:31.705,1789338871.7055523,157
2026-09-13 19:34:31.713,1789338871.7132447,104
2026-09-13 19:34:31.720,1789338871.720937,53
2026-09-13 19:34:31.728,1789338871.7286294,2
2026-09-13 19:34:31.736,1789338871.7363217,-36
2026-09-13 19:34:31.744,1789338871.744014,-55
2026-09-13 19:34:31.751,1789338871.7517064,-70
2026-09-13 19:34:31.759,1789338871.7593987,-82
2026-09-13 19:34:31.767,1789338871.7670908,-80
2026-09-13 19:34:31.774,1789338871.7747831,-77
2026-09-13 19:34:31.782,1789338871.7824755,-70
2026-09-13 19:34:31.790,1789338871.7901678,-60
2026-09-13 19:34:31.797,1789338871.7978601,-53
2026-09-13 19:34:31.805,1789338871.8055525,-48
2026-09-13 19:34:31.813,1789338871.8132448,-38
2026-09-13 19:34:31.820,1789338871.8209372,-33
2026-09-13 19:34:31.828,1789338871.8286293,-31
2026-09-13 19:34:31.836,1789338871.8363216,-29
2026-09-13 19:34:31.844,1789338871.844014,-24
2026-09-13 19:34:31.851,1789338871.8517063,-24
2026-09-13 19:34:31.859,1789338871.8593986,-24
2026-09-13 19:34:31.867,1789338871.867091,-21
2026-09-13 19:34:31.874,1789338871.8747833,-19
2026-09-13 19:34:31.882,1789338871.8824756,-16
2026-09-13 19:34:31.890,1789338871.8901677,-16
2026-09-13 19:34:31.897,1789338871.89786,-14
2026-09-13 19:34:31.905,1789338871.9055524,-12
2026-09-13 19:34:31.913,1789338871.9132447,-12
2026-09-13 19:34:31.920,1789338871.920937,-9
2026-09-13 19:34:31.928,1789338871.9286294,-7
2026-09-13 19:34:31.936,1789338871.9363217,-9
2026-09-13 19:34:31.944,1789338871.944014,-12
2026-09-13 19:34:31.951,1789338871.9517062,-14
2026-09-13 19:34:31.959,1789338871.9593985,-7
2026-09-13 19:34:31.967,1789338871.9670908,-2
2026-09-13 19:34:31.974,1789338871.9747832,-4
2026-09-13 19:34:31.982,1789338871.9824755,-2
2026-09-13 19:34:31.990,1789338871.9901679,0
2026-09-13 19:34:31.997,1789338871.9978602,0
2026-09-13 19:34:32.005,1789338872.0055525,0
2026-09-13 19:34:32.013,1789338872.0132446,4
2026-09-13 19:34:32.020,1789338872.020937,12
2026-09-13 19:34:32.028,1789338872.0286293,12
2026-09-13 19:34:32.036,1789338872.0363216,12
2026-09-13 19:34:32.044,1789338872.044014,12
2026-09-13 19:34:32.051,1789338872.0517063,14
2026-09-13 19:34:32.059,1789338872.0593987,16
2026-09-13 19:34:32.067,1789338872.067091,16
2026-09-13 19:34:32.074,1789338872.074783,19
2026-09-13 19:34:32.082,1789338872.0824754,21
2026-09-13 19:34:32.090,1789338872.0901678,16
2026-09-13 19:34:32.097,1789338872.09786,12
2026-09-13 19:34:32.105,1789338872.1055524,16
2026-09-13 19:34:32.113,1789338872.1132448,24
2026-09-13 19:34:32.120,1789338872.120937,24
2026-09-13 19:34:32.128,1789338872.1286294,26
2026-09-13 19:34:32.136,1789338872.1363215,31
2026-09-13 19:34:32.144,1789338872.144014,26
2026-09-13 19:34:32.151,1789338872.1517062,21
2026-09-13 19:34:32.159,1789338872.1593986,33
2026-09-13 19:34:32.167,1789338872.167091,53
2026-09-13 19:34:32.174,1789338872.1747832,63
2026-09-13 19:34:32.182,1789338872.1824756,72
2026-09-13 19:34:32.190,1789338872.190168,82
2026-09-13 19:34:32.197,1789338872.1978602,77
2026-09-13 19:34:32.205,1789338872.2055523,63
2026-09-13 19:34:32.213,1789338872.2132447,55
2026-09-13 19:34:32.220,1789338872.220937,36
2026-09-13 19:34:32.228,1789338872.2280931,14
2026-09-13 19:34:32.235,1789338872.2357855,14
2026-09-13 19:34:32.243,1789338872.2434778,16
2026-09-13 19:34:32.251,1789338872.2511702,12
2026-09-13 19:34:32.258,1789338872.2588625,7
2026-09-13 19:34:32.266,1789338872.2665546,9
2026-09-13 19:34:32.274,1789338872.274247,12
2026-09-13 19:34:32.281,1789338872.2819393,12
2026-09-13 19:34:32.289,1789338872.2896316,9
2026-09-13 19:34:32.297,1789338872.297324,9
2026-09-13 19:34:32.305,1789338872.3050163,58
2026-09-13 19:34:32.312,1789338872.3127086,240
2026-09-13 19:34:32.320,1789338872.320401,557
2026-09-13 19:34:32.328,1789338872.328093,926
2026-09-13 19:34:32.335,1789338872.3357854,943
2026-09-13 19:34:32.343,1789338872.3434777,271
2026-09-13 19:34:32.351,1789338872.35117,-356
2026-09-13 19:34:32.358,1789338872.3588624,-235
2026-09-13 19:34:32.366,1789338872.3665547,-2
2026-09-13 19:34:32.374,1789338872.374247,-84
2026-09-13 19:34:32.381,1789338872.3819394,-97
2026-09-13 19:34:32.389,1789338872.3896315,-16
2026-09-13 19:34:32.397,1789338872.3973238,-36
2026-09-13 19:34:32.405,1789338872.4050162,-55
2026-09-13 19:34:32.412,1789338872.4127085,-19
2026-09-13 19:34:32.420,1789338872.4204009,-12
2026-09-13 19:34:32.428,1789338872.4280932,-16
2026-09-13 19:34:32.435,1789338872.4357855,2
2026-09-13 19:34:32.443,1789338872.4434779,14
2026-09-13 19:34:32.451,1789338872.45117,12
2026-09-13 19:34:32.458,1789338872.4588623,21
2026-09-13 19:34:32.466,1789338872.4665546,38
2026-09-13 19:34:32.474,1789338872.474247,48
2026-09-13 19:34:32.481,1789338872.4819393,53
2026-09-13 19:34:32.489,1789338872.4896317,60
2026-09-13 19:34:32.497,1789338872.497324,77
2026-09-13 19:34:32.505,1789338872.5050163,99
2026-09-13 19:34:32.512,1789338872.5127084,111
2026-09-13 19:34:32.520,1789338872.5204008,128
2026-09-13 19:34:32.528,1789338872.528093,155
2026-09-13 19:34:32.535,1789338872.5357854,177
2026-09-13 19:34:32.543,1789338872.5434778,198
2026-09-13 19:34:32.551,1789338872.55117,235
2026-09-13 19:34:32.558,1789338872.5588624,261
2026-09-13 19:34:32.566,1789338872.5665548,274
2026-09-13 19:34:32.574,1789338872.574247,286
2026-09-13 19:34:32.581,1789338872.5819392,291
2026-09-13 19:34:32.589,1789338872.5896316,274
2026-09-13 19:34:32.597,1789338872.597324,235
2026-09-13 19:34:32.605,1789338872.6050162,181
2026-09-13 19:34:32.612,1789338872.6127086,118
2026-09-13 19:34:32.620,1789338872.620401,46
2026-09-13 19:34:32.628,1789338872.6280932,-14
2026-09-13 19:34:32.635,1789338872.6357853,-48
2026-09-13 19:34:32.643,1789338872.6434777,-75
2026-09-13 19:34:32.651,1789338872.65117,-92
2026-09-13 19:34:32.658,1789338872.6588624,-97
2026-09-13 19:34:32.666,1789338872.6665547,-106
2026-09-13 19:34:32.674,1789338872.674247,-109
2026-09-13 19:34:32.681,1789338872.6819394,-97
2026-09-13 19:34:32.689,1789338872.6896317,-82
2026-09-13 19:34:32.697,1789338872.6973238,-72
2026-09-13 19:34:32.705,1789338872.7050161,-70
2026-09-13 19:34:32.712,1789338872.7127085,-65
2026-09-13 19:34:32.720,1789338872.7204008,-55
2026-09-13 19:34:32.728,1789338872.7280931,-48
2026-09-13 19:34:32.735,1789338872.7357855,-43
2026-09-13 19:34:32.743,1789338872.7434778,-38
2026-09-13 19:34:32.751,1789338872.7511702,-38
2026-09-13 19:34:32.758,1789338872.7588625,-36
2026-09-13 19:34:32.766,1789338872.7665546,-29
2026-09-13 19:34:32.774,1789338872.774247,-29
2026-09-13 19:34:32.781,1789338872.7819393,-29
2026-09-13 19:34:32.789,1789338872.7890954,-24
2026-09-13 19:34:32.796,1789338872.7967877,-26
2026-09-13 19:34:32.804,1789338872.80448,-26
2026-09-13 19:34:32.812,1789338872.8121724,-16
2026-09-13 19:34:32.819,1789338872.8198647,-7
2026-09-13 19:34:32.827,1789338872.8275568,-7
2026-09-13 19:34:32.835,1789338872.8352492,-14
2026-09-13 19:34:32.842,1789338872.8429415,-19
2026-09-13 19:34:32.850,1789338872.8506339,-9
2026-09-13 19:34:32.858,1789338872.8583262,0
2026-09-13 19:34:32.866,1789338872.8660185,0
2026-09-13 19:34:32.873,1789338872.8737109,-2
2026-09-13 19:34:32.881,1789338872.8814032,2
2026-09-13 19:34:32.889,1789338872.8890953,7
2026-09-13 19:34:32.896,1789338872.8967876,4
2026-09-13 19:34:32.904,1789338872.90448,7
2026-09-13 19:34:32.912,1789338872.9121723,12
2026-09-13 19:34:32.919,1789338872.9198647,7
2026-09-13 19:34:32.927,1789338872.927557,9
2026-09-13 19:34:32.935,1789338872.9352493,12
2026-09-13 19:34:32.942,1789338872.9429417,12
2026-09-13 19:34:32.950,1789338872.9506338,24
2026-09-13 19:34:32.958,1789338872.958326,46
2026-09-13 19:34:32.966,1789338872.9660184,67
2026-09-13 19:34:32.973,1789338872.9737108,75
2026-09-13 19:34:32.981,1789338872.981403,65
2026-09-13 19:34:32.989,1789338872.9890954,55
2026-09-13 19:34:32.996,1789338872.9967878,55
2026-09-13 19:34:33.004,1789338873.0044801,46
2026-09-13 19:34:33.012,1789338873.0121722,24
2026-09-13 19:34:33.019,1789338873.0198646,14
2026-09-13 19:34:33.027,1789338873.027557,21
2026-09-13 19:34:33.035,1789338873.0352492,24
2026-09-13 19:34:33.042,1789338873.0429416,12
2026-09-13 19:34:33.050,1789338873.050634,9
2026-09-13 19:34:33.058,1789338873.0583262,21
2026-09-13 19:34:33.066,1789338873.0660186,26
2026-09-13 19:34:33.073,1789338873.0737107,21
2026-09-13 19:34:33.081,1789338873.081403,19
2026-09-13 19:34:33.089,1789338873.0890954,43
2026-09-13 19:34:33.096,1789338873.0967877,164
2026-09-13 19:34:33.104,1789338873.10448,436
2026-09-13 19:34:33.112,1789338873.1121724,819
2026-09-13 19:34:33.119,1789338873.1198647,1050
2026-09-13 19:34:33.127,1789338873.127557,640
2026-09-13 19:34:33.135,1789338873.1352491,-186
2026-09-13 19:34:33.142,1789338873.1429415,-385
2026-09-13 19:34:33.150,1789338873.1506338,-38
2026-09-13 19:34:33.158,1789338873.1583261,4
2026-09-13 19:34:33.166,1789338873.1660185,-104
2026-09-13 19:34:33.173,1789338873.1737108,-33
2026-09-13 19:34:33.181,1789338873.1814032,2
2026-09-13 19:34:33.189,1789338873.1890955,-36
2026-09-13 19:34:33.196,1789338873.1967876,-14
2026-09-13 19:34:33.204,1789338873.20448,14
2026-09-13 19:34:33.212,1789338873.2121723,12
2026-09-13 19:34:33.219,1789338873.2198646,19
2026-09-13 19:34:33.227,1789338873.227557,38
2026-09-13 19:34:33.235,1789338873.2352493,46
2026-09-13 19:34:33.242,1789338873.2429416,53
2026-09-13 19:34:33.250,1789338873.250634,67
2026-09-13 19:34:33.258,1789338873.258326,75
2026-09-13 19:34:33.266,1789338873.2660184,77
2026-09-13 19:34:33.273,1789338873.2737107,89
2026-09-13 19:34:33.281,1789338873.281403,109
2026-09-13 19:34:33.289,1789338873.2890954,126
2026-09-13 19:34:33.296,1789338873.2967877,135
2026-09-13 19:34:33.304,1789338873.30448,145
2026-09-13 19:34:33.312,1789338873.3121724,172
2026-09-13 19:34:33.319,1789338873.3198647,215
2026-09-13 19:34:33.327,1789338873.3275568,244
2026-09-13 19:34:33.335,1789338873.3352492,266
2026-09-13 19:34:33.342,1789338873.3429415,293
2026-09-13 19:34:33.350,1789338873.3500774,322
2026-09-13 19:34:33.357,1789338873.3577697,334
2026-09-13 19:34:33.365,1789338873.365462,339
2026-09-13 19:34:33.373,1789338873.3731544,329
2026-09-13 19:34:33.380,1789338873.3808467,288
2026-09-13 19:34:33.388,1789338873.3885388,227
2026-09-13 19:34:33.396,1789338873.3962312,162
2026-09-13 19:34:33.403,1789338873.4039235,84
2026-09-13 19:34:33.411,1789338873.4116158,14
2026-09-13 19:34:33.419,1789338873.4193082,-29
2026-09-13 19:34:33.427,1789338873.4270005,-63
2026-09-13 19:34:33.434,1789338873.4346929,-82
2026-09-13 19:34:33.442,1789338873.4423852,-84
2026-09-13 19:34:33.450,1789338873.4500773,-84
2026-09-13 19:34:33.457,1789338873.4577696,-80
2026-09-13 19:34:33.465,1789338873.465462,-77
2026-09-13 19:34:33.473,1789338873.4731543,-80
2026-09-13 19:34:33.480,1789338873.4808466,-75
2026-09-13 19:34:33.488,1789338873.488539,-70
2026-09-13 19:34:33.496,1789338873.4962313,-55
2026-09-13 19:34:33.503,1789338873.5039237,-41
2026-09-13 19:34:33.511,1789338873.5116158,-41
2026-09-13 19:34:33.519,1789338873.519308,-33
2026-09-13 19:34:33.527,1789338873.5270004,-19
2026-09-13 19:34:33.534,1789338873.5346928,-14
2026-09-13 19:34:33.542,1789338873.542385,-9
2026-09-13 19:34:33.550,1789338873.5500774,-4
2026-09-13 19:34:33.557,1789338873.5577698,-7
2026-09-13 19:34:33.565,1789338873.565462,2
2026-09-13 19:34:33.573,1789338873.5731542,4
2026-09-13 19:34:33.580,1789338873.5808465,-12
2026-09-13 19:34:33.588,1789338873.588539,-14
2026-09-13 19:34:33.596,1789338873.5962312,0
2026-09-13 19:34:33.603,1789338873.6039236,9
2026-09-13 19:34:33.611,1789338873.611616,14
2026-09-13 19:34:33.619,1789338873.6193082,9
2026-09-13 19:34:33.627,1789338873.6270006,4
2026-09-13 19:34:33.634,1789338873.6346927,9
2026-09-13 19:34:33.642,1789338873.642385,14
2026-09-13 19:34:33.650,1789338873.6500773,12
2026-09-13 19:34:33.657,1789338873.6577697,9
2026-09-13 19:34:33.665,1789338873.665462,19
2026-09-13 19:34:33.673,1789338873.6731544,26
2026-09-13 19:34:33.680,1789338873.6808467,21
2026-09-13 19:34:33.688,1789338873.688539,21
2026-09-13 19:34:33.696,1789338873.6962311,29
2026-09-13 19:34:33.703,1789338873.7039235,41
2026-09-13 19:34:33.711,1789338873.7116158,65
2026-09-13 19:34:33.719,1789338873.7193081,87
2026-09-13 19:34:33.727,1789338873.7270005,77
2026-09-13 19:34:33.734,1789338873.7346928,55
2026-09-13 19:34:33.742,1789338873.7423851,58
2026-09-13 19:34:33.750,1789338873.7500775,58
2026-09-13 19:34:33.757,1789338873.7577696,29
2026-09-13 19:34:33.765,1789338873.765462,14
2026-09-13 19:34:33.773,1789338873.7731543,26
2026-09-13 19:34:33.780,1789338873.7808466,26
2026-09-13 19:34:33.788,1789338873.788539,16
2026-09-13 19:34:33.796,1789338873.7962313,19
2026-09-13 19:34:33.803,1789338873.8039236,26
2026-09-13 19:34:33.811,1789338873.811616,24
2026-09-13 19:34:33.819,1789338873.819308,21
2026-09-13 19:34:33.827,1789338873.8270004,33
2026-09-13 19:34:33.834,1789338873.8346927,80
2026-09-13 19:34:33.842,1789338873.842385,247
2026-09-13 19:34:33.850,1789338873.8500774,577
2026-09-13 19:34:33.857,1789338873.8577697,957
2026-09-13 19:34:33.865,1789338873.865462,972
2026-09-13 19:34:33.873,1789338873.8731544,307
2026-09-13 19:34:33.880,1789338873.8808467,-334
2026-09-13 19:34:33.888,1789338873.8885388,-227
2026-09-13 19:34:33.896,1789338873.8962312,36
2026-09-13 19:34:33.903,1789338873.9039235,-43
2026-09-13 19:34:33.911,1789338873.911054,-87
2026-09-13 19:34:33.918,1789338873.9187462,-12
2026-09-13 19:34:33.926,1789338873.9264386,-12
2026-09-13 19:34:33.934,1789338873.934131,-26
2026-09-13 19:34:33.941,1789338873.9418232,-2
2026-09-13 19:34:33.949,1789338873.9495153,12
2026-09-13 19:34:33.957,1789338873.9572077,12
2026-09-13 19:34:33.964,1789338873.9649,24
2026-09-13 19:34:33.972,1789338873.9725924,36
2026-09-13 19:34:33.980,1789338873.9802847,41
2026-09-13 19:34:33.987,1789338873.987977,46
2026-09-13 19:34:33.995,1789338873.9956694,63
2026-09-13 19:34:34.003,1789338874.0033617,72
2026-09-13 19:34:34.011,1789338874.0110538,84
2026-09-13 19:34:34.018,1789338874.0187461,99
2026-09-13 19:34:34.026,1789338874.0264385,111
2026-09-13 19:34:34.034,1789338874.0341308,116
2026-09-13 19:34:34.041,1789338874.0418231,130
2026-09-13 19:34:34.049,1789338874.0495155,152
2026-09-13 19:34:34.057,1789338874.0572078,181
2026-09-13 19:34:34.064,1789338874.0649002,208
2026-09-13 19:34:34.072,1789338874.0725923,227
2026-09-13 19:34:34.080,1789338874.0802846,261
2026-09-13 19:34:34.087,1789338874.087977,303
2026-09-13 19:34:34.095,1789338874.0956693,320
2026-09-13 19:34:34.103,1789338874.1033616,317
2026-09-13 19:34:34.111,1789338874.111054,320
2026-09-13 19:34:34.118,1789338874.1187463,303
2026-09-13 19:34:34.126,1789338874.1264386,237
2026-09-13 19:34:34.134,1789338874.1341307,164
2026-09-13 19:34:34.141,1789338874.141823,113
2026-09-13 19:34:34.149,1789338874.1495154,48
2026-09-13 19:34:34.157,1789338874.1572077,-21
2026-09-13 19:34:34.164,1789338874.1649,-53
2026-09-13 19:34:34.172,1789338874.1725924,-65
2026-09-13 19:34:34.180,1789338874.1802847,-84
2026-09-13 19:34:34.187,1789338874.187977,-84
2026-09-13 19:34:34.195,1789338874.1956692,-75
2026-09-13 19:34:34.203,1789338874.2033615,-97
2026-09-13 19:34:34.211,1789338874.2110538,-99
2026-09-13 19:34:34.218,1789338874.2187462,-67
2026-09-13 19:34:34.226,1789338874.2264385,-55
2026-09-13 19:34:34.234,1789338874.2341309,-60
2026-09-13 19:34:34.241,1789338874.2418232,-50
2026-09-13 19:34:34.249,1789338874.2495155,-36
2026-09-13 19:34:34.257,1789338874.2572076,-29
2026-09-13 19:34:34.264,1789338874.2649,-24
2026-09-13 19:34:34.272,1789338874.2725923,-16
2026-09-13 19:34:34.280,1789338874.2802846,-12
2026-09-13 19:34:34.287,1789338874.287977,-9
2026-09-13 19:34:34.295,1789338874.2956693,-7
2026-09-13 19:34:34.303,1789338874.3033617,-7
2026-09-13 19:34:34.311,1789338874.311054,-4
2026-09-13 19:34:34.318,1789338874.318746,-4
2026-09-13 19:34:34.326,1789338874.3264384,2
2026-09-13 19:34:34.334,1789338874.3341308,9
2026-09-13 19:34:34.341,1789338874.341823,4
2026-09-13 19:34:34.349,1789338874.3495154,7
2026-09-13 19:34:34.357,1789338874.3572078,12
2026-09-13 19:34:34.364,1789338874.3649,2
2026-09-13 19:34:34.372,1789338874.3725924,0
2026-09-13 19:34:34.380,1789338874.3802845,9
2026-09-13 19:34:34.387,1789338874.387977,19
2026-09-13 19:34:34.395,1789338874.3956692,19
2026-09-13 19:34:34.403,1789338874.4033616,16
2026-09-13 19:34:34.411,1789338874.411054,14
2026-09-13 19:34:34.418,1789338874.4187462,14
2026-09-13 19:34:34.426,1789338874.4264386,31
2026-09-13 19:34:34.434,1789338874.434131,48
2026-09-13 19:34:34.441,1789338874.4418232,50
2026-09-13 19:34:34.449,1789338874.4495153,63
2026-09-13 19:34:34.457,1789338874.4572077,67
2026-09-13 19:34:34.464,1789338874.4649,63
2026-09-13 19:34:34.472,1789338874.4720614,63
2026-09-13 19:34:34.479,1789338874.4797537,53
2026-09-13 19:34:34.487,1789338874.487446,29
2026-09-13 19:34:34.495,1789338874.4951384,14
2026-09-13 19:34:34.502,1789338874.5028307,16
2026-09-13 19:34:34.510,1789338874.5105228,16
2026-09-13 19:34:34.518,1789338874.5182152,12
2026-09-13 19:34:34.525,1789338874.5259075,14
2026-09-13 19:34:34.533,1789338874.5335999,21
2026-09-13 19:34:34.541,1789338874.5412922,24
2026-09-13 19:34:34.548,1789338874.5489845,21
2026-09-13 19:34:34.556,1789338874.5566769,12
2026-09-13 19:34:34.564,1789338874.5643692,16
2026-09-13 19:34:34.572,1789338874.5720613,123
2026-09-13 19:34:34.579,1789338874.5797536,414
2026-09-13 19:34:34.587,1789338874.587446,805
2026-09-13 19:34:34.595,1789338874.5951383,1028
2026-09-13 19:34:34.602,1789338874.6028306,669
2026-09-13 19:34:34.610,1789338874.610523,-84
2026-09-13 19:34:34.618,1789338874.6182153,-327
2026-09-13 19:34:34.625,1789338874.6259077,-46
2026-09-13 19:34:34.633,1789338874.6335998,7
2026-09-13 19:34:34.641,1789338874.641292,-101
2026-09-13 19:34:34.648,1789338874.6489844,-53
2026-09-13 19:34:34.656,1789338874.6566768,-16
2026-09-13 19:34:34.664,1789338874.664369,-46
2026-09-13 19:34:34.672,1789338874.6720614,-31
2026-09-13 19:34:34.679,1789338874.6797538,-4
2026-09-13 19:34:34.687,1789338874.687446,-9
2026-09-13 19:34:34.695,1789338874.6951382,-4
2026-09-13 19:34:34.702,1789338874.7028306,14
2026-09-13 19:34:34.710,1789338874.710523,14
2026-09-13 19:34:34.718,1789338874.7182152,21
2026-09-13 19:34:34.725,1789338874.7259076,38
2026-09-13 19:34:34.733,1789338874.7336,43
2026-09-13 19:34:34.741,1789338874.7412922,48
2026-09-13 19:34:34.748,1789338874.7489846,65
2026-09-13 19:34:34.756,1789338874.7566767,77
2026-09-13 19:34:34.764,1789338874.764369,82
2026-09-13 19:34:34.772,1789338874.7720613,99
2026-09-13 19:34:34.779,1789338874.7797537,118
2026-09-13 19:34:34.787,1789338874.787446,135
2026-09-13 19:34:34.795,1789338874.7951384,155
2026-09-13 19:34:34.802,1789338874.8028307,184
2026-09-13 19:34:34.810,1789338874.810523,210
2026-09-13 19:34:34.818,1789338874.8182151,232
2026-09-13 19:34:34.825,1789338874.8259075,249
2026-09-13 19:34:34.833,1789338874.8335998,266
2026-09-13 19:34:34.841,1789338874.8412921,274
2026-09-13 19:34:34.848,1789338874.8489845,259
2026-09-13 19:34:34.856,1789338874.8566768,220
2026-09-13 19:34:34.864,1789338874.8643692,169
2026-09-13 19:34:34.872,1789338874.8720615,104
2026-09-13 19:34:34.879,1789338874.8797536,38
2026-09-13 19:34:34.887,1789338874.887446,-7
2026-09-13 19:34:34.895,1789338874.8951383,-41
2026-09-13 19:34:34.902,1789338874.9028306,-72
2026-09-13 19:34:34.910,1789338874.910523,-89
2026-09-13 19:34:34.918,1789338874.9182153,-92
2026-09-13 19:34:34.925,1789338874.9259076,-94
2026-09-13 19:34:34.933,1789338874.9336,-92
2026-09-13 19:34:34.941,1789338874.941292,-82
2026-09-13 19:34:34.948,1789338874.9489844,-77
2026-09-13 19:34:34.956,1789338874.9566767,-80
2026-09-13 19:34:34.964,1789338874.964369,-70
2026-09-13 19:34:34.972,1789338874.9720614,-60
2026-09-13 19:34:34.979,1789338874.9797537,-53
2026-09-13 19:34:34.987,1789338874.987446,-41
2026-09-13 19:34:34.995,1789338874.9951384,-38
2026-09-13 19:34:35.002,1789338875.0028307,-41
2026-09-13 19:34:35.010,1789338875.0105228,-33
2026-09-13 19:34:35.018,1789338875.0182152,-26
2026-09-13 19:34:35.025,1789338875.0259075,-26
2026-09-13 19:34:35.033,1789338875.0330381,-21
2026-09-13 19:34:35.040,1789338875.0407305,-19
2026-09-13 19:34:35.048,1789338875.0484228,-21
2026-09-13 19:34:35.056,1789338875.0561152,-19
2026-09-13 19:34:35.063,1789338875.0638075,-14
2026-09-13 19:34:35.071,1789338875.0714996,-16
2026-09-13 19:34:35.079,1789338875.079192,-16
2026-09-13 19:34:35.086,1789338875.0868843,-12
2026-09-13 19:34:35.094,1789338875.0945766,-14
2026-09-13 19:34:35.102,1789338875.102269,-19
2026-09-13 19:34:35.109,1789338875.1099613,-12
2026-09-13 19:34:35.117,1789338875.1176536,-7
2026-09-13 19:34:35.125,1789338875.125346,-12
2026-09-13 19:34:35.133,1789338875.133038,-14
2026-09-13 19:34:35.140,1789338875.1407304,-7
2026-09-13 19:34:35.148,1789338875.1484227,0
2026-09-13 19:34:35.156,1789338875.156115,0
2026-09-13 19:34:35.163,1789338875.1638074,-4
2026-09-13 19:34:35.171,1789338875.1714997,-4
2026-09-13 19:34:35.179,1789338875.179192,2
2026-09-13 19:34:35.186,1789338875.1868844,4
2026-09-13 19:34:35.194,1789338875.1945765,2
2026-09-13 19:34:35.202,1789338875.2022688,-4
2026-09-13 19:34:35.209,1789338875.2099612,-2
2026-09-13 19:34:35.217,1789338875.2176535,12
2026-09-13 19:34:35.225,1789338875.2253458,31
2026-09-13 19:34:35.233,1789338875.2330382,46
2026-09-13 19:34:35.240,1789338875.2407305,53
2026-09-13 19:34:35.248,1789338875.2484229,46
2026-09-13 19:34:35.256,1789338875.256115,38
2026-09-13 19:34:35.263,1789338875.2638073,46
2026-09-13 19:34:35.271,1789338875.2714996,36
2026-09-13 19:34:35.279,1789338875.279192,7
2026-09-13 19:34:35.286,1789338875.2868843,-4
2026-09-13 19:34:35.294,1789338875.2945766,-4
2026-09-13 19:34:35.302,1789338875.302269,-7
2026-09-13 19:34:35.309,1789338875.3099613,-2
2026-09-13 19:34:35.317,1789338875.3176534,4
2026-09-13 19:34:35.325,1789338875.3253458,-2
2026-09-13 19:34:35.333,1789338875.333038,-4
2026-09-13 19:34:35.340,1789338875.3407304,2
2026-09-13 19:34:35.348,1789338875.3484228,2
2026-09-13 19:34:35.356,1789338875.356115,14
2026-09-13 19:34:35.363,1789338875.3638074,135
2026-09-13 19:34:35.371,1789338875.3714998,412
2026-09-13 19:34:35.379,1789338875.3791919,768
2026-09-13 19:34:35.386,1789338875.3868842,936
2026-09-13 19:34:35.394,1789338875.3945765,516
2026-09-13 19:34:35.402,1789338875.402269,-172
2026-09-13 19:34:35.409,1789338875.4099612,-293
2026-09-13 19:34:35.417,1789338875.4176536,-36
2026-09-13 19:34:35.425,1789338875.425346,-41
2026-09-13 19:34:35.433,1789338875.4330382,-121
2026-09-13 19:34:35.440,1789338875.4407303,-58
2026-09-13 19:34:35.448,1789338875.4484227,-36
2026-09-13 19:34:35.456,1789338875.456115,-67
2026-09-13 19:34:35.463,1789338875.4638073,-46
2026-09-13 19:34:35.471,1789338875.4714997,-21
2026-09-13 19:34:35.479,1789338875.479192,-29
2026-09-13 19:34:35.486,1789338875.4868844,-26
2026-09-13 19:34:35.494,1789338875.4945767,-9
2026-09-13 19:34:35.502,1789338875.5022688,-2
2026-09-13 19:34:35.509,1789338875.5099611,-2
2026-09-13 19:34:35.517,1789338875.5176535,9
2026-09-13 19:34:35.525,1789338875.5253458,19
2026-09-13 19:34:35.533,1789338875.5330381,21
2026-09-13 19:34:35.540,1789338875.5407305,29
2026-09-13 19:34:35.548,1789338875.5484228,41
2026-09-13 19:34:35.556,1789338875.5561152,55
2026-09-13 19:34:35.563,1789338875.5638075,67
2026-09-13 19:34:35.571,1789338875.5714996,80
2026-09-13 19:34:35.579,1789338875.579192,97
2026-09-13 19:34:35.586,1789338875.5868843,116
2026-09-13 19:34:35.594,1789338875.5940454,133
2026-09-13 19:34:35.601,1789338875.6017377,155
2026-09-13 19:34:35.609,1789338875.60943,179
2026-09-13 19:34:35.617,1789338875.6171224,191
2026-09-13 19:34:35.624,1789338875.6248147,189
2026-09-13 19:34:35.632,1789338875.6325068,194
2026-09-13 19:34:35.640,1789338875.6401992,189
2026-09-13 19:34:35.647,1789338875.6478915,167
2026-09-13 19:34:35.655,1789338875.6555839,126
2026-09-13 19:34:35.663,1789338875.6632762,80
2026-09-13 19:34:35.670,1789338875.6709685,29
2026-09-13 19:34:35.678,1789338875.6786609,-16
2026-09-13 19:34:35.686,1789338875.6863532,-48
2026-09-13 19:34:35.694,1789338875.6940453,-67
2026-09-13 19:34:35.701,1789338875.7017376,-82
2026-09-13 19:34:35.709,1789338875.70943,-89
2026-09-13 19:34:35.717,1789338875.7171223,-92
2026-09-13 19:34:35.724,1789338875.7248147,-87
2026-09-13 19:34:35.732,1789338875.732507,-80
2026-09-13 19:34:35.740,1789338875.7401993,-72
2026-09-13 19:34:35.747,1789338875.7478917,-63
2026-09-13 19:34:35.755,1789338875.7555838,-58
2026-09-13 19:34:35.763,1789338875.763276,-53
2026-09-13 19:34:35.770,1789338875.7709684,-46
2026-09-13 19:34:35.778,1789338875.7786608,-38
2026-09-13 19:34:35.786,1789338875.786353,-31
2026-09-13 19:34:35.794,1789338875.7940454,-26
2026-09-13 19:34:35.801,1789338875.8017378,-29
2026-09-13 19:34:35.809,1789338875.8094301,-29
2026-09-13 19:34:35.817,1789338875.8171222,-21
2026-09-13 19:34:35.824,1789338875.8248146,-16
2026-09-13 19:34:35.832,1789338875.832507,-16
2026-09-13 19:34:35.840,1789338875.8401992,-16
2026-09-13 19:34:35.847,1789338875.8478916,-14
2026-09-13 19:34:35.855,1789338875.855584,-14
2026-09-13 19:34:35.863,1789338875.8632762,-16
2026-09-13 19:34:35.870,1789338875.8709686,-14
2026-09-13 19:34:35.878,1789338875.8786607,-7
2026-09-13 19:34:35.886,1789338875.886353,-4
2026-09-13 19:34:35.894,1789338875.8940454,-9
2026-09-13 19:34:35.901,1789338875.9017377,-7
2026-09-13 19:34:35.909,1789338875.90943,-2
2026-09-13 19:34:35.917,1789338875.9171224,-2
2026-09-13 19:34:35.924,1789338875.9248147,0
2026-09-13 19:34:35.932,1789338875.932507,2
2026-09-13 19:34:35.940,1789338875.9401991,4
2026-09-13 19:34:35.947,1789338875.9478915,7
2026-09-13 19:34:35.955,1789338875.9555838,9
2026-09-13 19:34:35.963,1789338875.9632761,9
2026-09-13 19:34:35.970,1789338875.9709685,7
2026-09-13 19:34:35.978,1789338875.9786608,9
2026-09-13 19:34:35.986,1789338875.9863532,16
2026-09-13 19:34:35.994,1789338875.9940455,16
2026-09-13 19:34:36.001,1789338876.0017376,14
2026-09-13 19:34:36.009,1789338876.00943,16
2026-09-13 19:34:36.017,1789338876.0171223,19
2026-09-13 19:34:36.024,1789338876.0248146,14
2026-09-13 19:34:36.032,1789338876.032507,14
2026-09-13 19:34:36.040,1789338876.0401993,19
2026-09-13 19:34:36.047,1789338876.0478916,21
2026-09-13 19:34:36.055,1789338876.055584,21
2026-09-13 19:34:36.063,1789338876.063276,24
2026-09-13 19:34:36.070,1789338876.0709684,21
2026-09-13 19:34:36.078,1789338876.0786607,24
2026-09-13 19:34:36.086,1789338876.086353,26
2026-09-13 19:34:36.094,1789338876.0940454,24
2026-09-13 19:34:36.101,1789338876.1017377,21
2026-09-13 19:34:36.109,1789338876.10943,24
2026-09-13 19:34:36.117,1789338876.1171224,24
2026-09-13 19:34:36.124,1789338876.1248147,24
2026-09-13 19:34:36.132,1789338876.1325068,26
2026-09-13 19:34:36.140,1789338876.1401992,21
2026-09-13 19:34:36.147,1789338876.1478915,24
2026-09-13 19:34:36.155,1789338876.155058,26
2026-09-13 19:34:36.162,1789338876.1627502,21
2026-09-13 19:34:36.170,1789338876.1704426,14
2026-09-13 19:34:36.178,1789338876.178135,24
2026-09-13 19:34:36.185,1789338876.1858273,46
2026-09-13 19:34:36.193,1789338876.1935194,60
2026-09-13 19:34:36.201,1789338876.2012117,70
2026-09-13 19:34:36.208,1789338876.208904,72
2026-09-13 19:34:36.216,1789338876.2165964,63
2026-09-13 19:34:36.224,1789338876.2242887,53
2026-09-13 19:34:36.231,1789338876.231981,53
2026-09-13 19:34:36.239,1789338876.2396734,36
2026-09-13 19:34:36.247,1789338876.2473657,14
2026-09-13 19:34:36.255,1789338876.2550578,9
2026-09-13 19:34:36.262,1789338876.2627501,12
2026-09-13 19:34:36.270,1789338876.2704425,12
2026-09-13 19:34:36.278,1789338876.2781348,9
2026-09-13 19:34:36.285,1789338876.2858272,7
2026-09-13 19:34:36.293,1789338876.2935195,4
2026-09-13 19:34:36.301,1789338876.3012118,9
2026-09-13 19:34:36.308,1789338876.3089042,9
2026-09-13 19:34:36.316,1789338876.3165963,14
2026-09-13 19:34:36.324,1789338876.3242886,92
2026-09-13 19:34:36.331,1789338876.331981,310
2026-09-13 19:34:36.339,1789338876.3396733,657
2026-09-13 19:34:36.347,1789338876.3473656,972
2026-09-13 19:34:36.355,1789338876.355058,783
2026-09-13 19:34:36.362,1789338876.3627503,36
2026-09-13 19:34:36.370,1789338876.3704426,-337
2026-09-13 19:34:36.378,1789338876.3781347,-94
2026-09-13 19:34:36.385,1789338876.385827,2
2026-09-13 19:34:36.393,1789338876.3935194,-111
2026-09-13 19:34:36.401,1789338876.4012117,-80
2026-09-13 19:34:36.408,1789338876.408904,-29
2026-09-13 19:34:36.416,1789338876.4165964,-60
2026-09-13 19:34:36.424,1789338876.4242887,-58
2026-09-13 19:34:36.431,1789338876.431981,-26
2026-09-13 19:34:36.439,1789338876.4396732,-24
2026-09-13 19:34:36.447,1789338876.4473655,-21
2026-09-13 19:34:36.455,1789338876.4550579,-7
2026-09-13 19:34:36.462,1789338876.4627502,0
2026-09-13 19:34:36.470,1789338876.4704425,4
2026-09-13 19:34:36.478,1789338876.4781349,9
2026-09-13 19:34:36.485,1789338876.4858272,19
2026-09-13 19:34:36.493,1789338876.4935195,26
2026-09-13 19:34:36.501,1789338876.5012116,33
2026-09-13 19:34:36.508,1789338876.508904,46
2026-09-13 19:34:36.516,1789338876.5165963,53
2026-09-13 19:34:36.524,1789338876.5242887,63
2026-09-13 19:34:36.531,1789338876.531981,77
2026-09-13 19:34:36.539,1789338876.5396733,94
2026-09-13 19:34:36.547,1789338876.5473657,111
2026-09-13 19:34:36.555,1789338876.555058,130
2026-09-13 19:34:36.562,1789338876.56275,147
2026-09-13 19:34:36.570,1789338876.5704424,167
2026-09-13 19:34:36.578,1789338876.5781348,186
2026-09-13 19:34:36.585,1789338876.585827,194
2026-09-13 19:34:36.593,1789338876.5935194,201
2026-09-13 19:34:36.601,1789338876.6012118,203
2026-09-13 19:34:36.608,1789338876.6089041,189
2026-09-13 19:34:36.616,1789338876.6165965,157
2026-09-13 19:34:36.624,1789338876.6242886,118
2026-09-13 19:34:36.631,1789338876.631981,70
2026-09-13 19:34:36.639,1789338876.6396732,24
2026-09-13 19:34:36.647,1789338876.6473656,-14
2026-09-13 19:34:36.655,1789338876.655058,-50
2026-09-13 19:34:36.662,1789338876.6627502,-77
2026-09-13 19:34:36.670,1789338876.6704426,-87
2026-09-13 19:34:36.678,1789338876.678135,-87
2026-09-13 19:34:36.685,1789338876.6858273,-84
2026-09-13 19:34:36.693,1789338876.6935194,-82
2026-09-13 19:34:36.701,1789338876.7012117,-75
2026-09-13 19:34:36.708,1789338876.708904,-67
2026-09-13 19:34:36.716,1789338876.7160602,-63
2026-09-13 19:34:36.723,1789338876.7237525,-53
2026-09-13 19:34:36.731,1789338876.7314448,-46
2026-09-13 19:34:36.739,1789338876.7391372,-46
2026-09-13 19:34:36.746,1789338876.7468295,-41
2026-09-13 19:34:36.754,1789338876.7545216,-36
2026-09-13 19:34:36.762,1789338876.762214,-29
2026-09-13 19:34:36.769,1789338876.7699063,-26
2026-09-13 19:34:36.777,1789338876.7775986,-24
2026-09-13 19:34:36.785,1789338876.785291,-21
2026-09-13 19:34:36.792,1789338876.7929833,-14
2026-09-13 19:34:36.800,1789338876.8006756,-14
2026-09-13 19:34:36.808,1789338876.808368,-16
2026-09-13 19:34:36.816,1789338876.81606,-14
2026-09-13 19:34:36.823,1789338876.8237524,-14
2026-09-13 19:34:36.831,1789338876.8314447,-19
2026-09-13 19:34:36.839,1789338876.839137,-16
2026-09-13 19:34:36.846,1789338876.8468294,-12
2026-09-13 19:34:36.854,1789338876.8545218,-14
2026-09-13 19:34:36.862,1789338876.862214,-14
2026-09-13 19:34:36.869,1789338876.8699064,-12
2026-09-13 19:34:36.877,1789338876.8775985,-9
2026-09-13 19:34:36.885,1789338876.8852909,-7
2026-09-13 19:34:36.892,1789338876.8929832,-7
2026-09-13 19:34:36.900,1789338876.9006755,-4
2026-09-13 19:34:36.908,1789338876.9083679,-4
2026-09-13 19:34:36.916,1789338876.9160602,-2
2026-09-13 19:34:36.923,1789338876.9237525,0
2026-09-13 19:34:36.931,1789338876.931445,2
2026-09-13 19:34:36.939,1789338876.939137,2
2026-09-13 19:34:36.946,1789338876.9468293,0
2026-09-13 19:34:36.954,1789338876.9545217,0
2026-09-13 19:34:36.962,1789338876.962214,2
2026-09-13 19:34:36.969,1789338876.9699063,4
2026-09-13 19:34:36.977,1789338876.9775987,4
2026-09-13 19:34:36.985,1789338876.985291,7
2026-09-13 19:34:36.992,1789338876.9929833,9
2026-09-13 19:34:37.000,1789338877.0006754,9
2026-09-13 19:34:37.008,1789338877.0083678,12
2026-09-13 19:34:37.016,1789338877.01606,14
2026-09-13 19:34:37.023,1789338877.0237525,9
2026-09-13 19:34:37.031,1789338877.0314448,9
2026-09-13 19:34:37.039,1789338877.0391371,12
2026-09-13 19:34:37.046,1789338877.0468295,19
2026-09-13 19:34:37.054,1789338877.0545218,26
2026-09-13 19:34:37.062,1789338877.062214,24
2026-09-13 19:34:37.069,1789338877.0699062,16
2026-09-13 19:34:37.077,1789338877.0775986,21
2026-09-13 19:34:37.085,1789338877.085291,19
2026-09-13 19:34:37.092,1789338877.0929832,21
2026-09-13 19:34:37.100,1789338877.1006756,24
2026-09-13 19:34:37.108,1789338877.108368,24
2026-09-13 19:34:37.116,1789338877.1160603,26
2026-09-13 19:34:37.123,1789338877.1237524,26
2026-09-13 19:34:37.131,1789338877.1314447,29
2026-09-13 19:34:37.139,1789338877.139137,31
2026-09-13 19:34:37.146,1789338877.1468294,31
2026-09-13 19:34:37.154,1789338877.1545217,21
2026-09-13 19:34:37.162,1789338877.162214,21
2026-09-13 19:34:37.169,1789338877.1699064,24
2026-09-13 19:34:37.177,1789338877.1775987,31
2026-09-13 19:34:37.185,1789338877.1852908,46
2026-09-13 19:34:37.192,1789338877.1929832,60
2026-09-13 19:34:37.200,1789338877.2006755,72
2026-09-13 19:34:37.208,1789338877.2083678,82
2026-09-13 19:34:37.216,1789338877.2160602,75
2026-09-13 19:34:37.223,1789338877.2237525,63
2026-09-13 19:34:37.231,1789338877.2314448,60
2026-09-13 19:34:37.239,1789338877.2391372,50
2026-09-13 19:34:37.246,1789338877.2468295,24
2026-09-13 19:34:37.254,1789338877.2545216,12
2026-09-13 19:34:37.262,1789338877.262214,12
2026-09-13 19:34:37.269,1789338877.2699063,12
2026-09-13 19:34:37.277,1789338877.2770367,14
2026-09-13 19:34:37.284,1789338877.284729,16
2026-09-13 19:34:37.292,1789338877.2924213,16
2026-09-13 19:34:37.300,1789338877.3001137,16
2026-09-13 19:34:37.307,1789338877.307806,14
2026-09-13 19:34:37.315,1789338877.315498,14
2026-09-13 19:34:37.323,1789338877.3231905,80
2026-09-13 19:34:37.330,1789338877.3308828,283
2026-09-13 19:34:37.338,1789338877.3385751,606
2026-09-13 19:34:37.346,1789338877.3462675,931
2026-09-13 19:34:37.353,1789338877.3539598,836
2026-09-13 19:34:37.361,1789338877.3616521,128
2026-09-13 19:34:37.369,1789338877.3693445,-334
2026-09-13 19:34:37.377,1789338877.3770366,-133
2026-09-13 19:34:37.384,1789338877.384729,9
2026-09-13 19:34:37.392,1789338877.3924212,-92
2026-09-13 19:34:37.400,1789338877.4001136,-77
2026-09-13 19:34:37.407,1789338877.407806,-21
2026-09-13 19:34:37.415,1789338877.4154983,-50
2026-09-13 19:34:37.423,1789338877.4231906,-53
2026-09-13 19:34:37.430,1789338877.430883,-24
2026-09-13 19:34:37.438,1789338877.438575,-19
2026-09-13 19:34:37.446,1789338877.4462674,-21
2026-09-13 19:34:37.453,1789338877.4539597,-9
2026-09-13 19:34:37.461,1789338877.461652,4
2026-09-13 19:34:37.469,1789338877.4693444,14
2026-09-13 19:34:37.477,1789338877.4770367,19
2026-09-13 19:34:37.484,1789338877.484729,26
2026-09-13 19:34:37.492,1789338877.4924214,36
2026-09-13 19:34:37.500,1789338877.5001135,41
2026-09-13 19:34:37.507,1789338877.5078058,46
2026-09-13 19:34:37.515,1789338877.5154982,63
2026-09-13 19:34:37.523,1789338877.5231905,80
2026-09-13 19:34:37.530,1789338877.5308828,87
2026-09-13 19:34:37.538,1789338877.5385752,97
2026-09-13 19:34:37.546,1789338877.5462675,121
2026-09-13 19:34:37.553,1789338877.5539598,143
2026-09-13 19:34:37.561,1789338877.561652,160
2026-09-13 19:34:37.569,1789338877.5693443,181
2026-09-13 19:34:37.577,1789338877.5770366,203
2026-09-13 19:34:37.584,1789338877.584729,218
2026-09-13 19:34:37.592,1789338877.5924213,225
2026-09-13 19:34:37.600,1789338877.6001136,225
2026-09-13 19:34:37.607,1789338877.607806,213
2026-09-13 19:34:37.615,1789338877.6154983,184
2026-09-13 19:34:37.623,1789338877.6231904,138
2026-09-13 19:34:37.630,1789338877.6308827,84
2026-09-13 19:34:37.638,1789338877.638575,33
2026-09-13 19:34:37.646,1789338877.6462674,-12
2026-09-13 19:34:37.653,1789338877.6539598,-48
2026-09-13 19:34:37.661,1789338877.661652,-70
2026-09-13 19:34:37.669,1789338877.6693444,-84
2026-09-13 19:34:37.677,1789338877.6770368,-87
2026-09-13 19:34:37.684,1789338877.6847289,-84
2026-09-13 19:34:37.692,1789338877.6924212,-80
2026-09-13 19:34:37.700,1789338877.7001135,-77
2026-09-13 19:34:37.707,1789338877.7078059,-70
2026-09-13 19:34:37.715,1789338877.7154982,-60
2026-09-13 19:34:37.723,1789338877.7231905,-55
2026-09-13 19:34:37.730,1789338877.730883,-48
2026-09-13 19:34:37.738,1789338877.7385752,-38
2026-09-13 19:34:37.746,1789338877.7462673,-41
2026-09-13 19:34:37.753,1789338877.7539597,-36
2026-09-13 19:34:37.761,1789338877.761652,-26
2026-09-13 19:34:37.769,1789338877.7693443,-24
2026-09-13 19:34:37.777,1789338877.7770367,-21
2026-09-13 19:34:37.784,1789338877.784729,-16
2026-09-13 19:34:37.792,1789338877.7924213,-14
2026-09-13 19:34:37.800,1789338877.8001137,-12
2026-09-13 19:34:37.807,1789338877.807806,-12
2026-09-13 19:34:37.815,1789338877.815498,-12
2026-09-13 19:34:37.823,1789338877.8231905,-12
2026-09-13 19:34:37.830,1789338877.8308828,-9
2026-09-13 19:34:37.838,1789338877.8380442,-7
2026-09-13 19:34:37.845,1789338877.8457365,-7
2026-09-13 19:34:37.853,1789338877.8534288,-9
2026-09-13 19:34:37.861,1789338877.8611212,-2
2026-09-13 19:34:37.868,1789338877.8688135,0
2026-09-13 19:34:37.876,1789338877.8765056,-2
2026-09-13 19:34:37.884,1789338877.884198,2
2026-09-13 19:34:37.891,1789338877.8918903,7
2026-09-13 19:34:37.899,1789338877.8995826,4
2026-09-13 19:34:37.907,1789338877.907275,7
2026-09-13 19:34:37.914,1789338877.9149673,9
2026-09-13 19:34:37.922,1789338877.9226596,9
2026-09-13 19:34:37.930,1789338877.930352,12
2026-09-13 19:34:37.938,1789338877.938044,14
2026-09-13 19:34:37.945,1789338877.9457364,12
2026-09-13 19:34:37.953,1789338877.9534287,12
2026-09-13 19:34:37.961,1789338877.961121,16
2026-09-13 19:34:37.968,1789338877.9688134,19
2026-09-13 19:34:37.976,1789338877.9765058,21
2026-09-13 19:34:37.984,1789338877.984198,21
2026-09-13 19:34:37.991,1789338877.9918904,19
2026-09-13 19:34:37.999,1789338877.9995825,19
2026-09-13 19:34:38.007,1789338878.0072749,24
2026-09-13 19:34:38.014,1789338878.0149672,26
2026-09-13 19:34:38.022,1789338878.0226595,26
2026-09-13 19:34:38.030,1789338878.0303519,24
2026-09-13 19:34:38.038,1789338878.0380442,24
2026-09-13 19:34:38.045,1789338878.0457366,26
2026-09-13 19:34:38.053,1789338878.053429,29
2026-09-13 19:34:38.061,1789338878.061121,26
2026-09-13 19:34:38.068,1789338878.0688133,24
2026-09-13 19:34:38.076,1789338878.0765057,26
2026-09-13 19:34:38.084,1789338878.084198,31
2026-09-13 19:34:38.091,1789338878.0918903,31
2026-09-13 19:34:38.099,1789338878.0995827,26
2026-09-13 19:34:38.107,1789338878.107275,26
2026-09-13 19:34:38.114,1789338878.1149673,24
2026-09-13 19:34:38.122,1789338878.1226594,21
2026-09-13 19:34:38.130,1789338878.1303518,36
2026-09-13 19:34:38.138,1789338878.138044,60
2026-09-13 19:34:38.145,1789338878.1457365,75
2026-09-13 19:34:38.153,1789338878.1534288,82
2026-09-13 19:34:38.161,1789338878.1611211,80
2026-09-13 19:34:38.168,1789338878.1688135,65
2026-09-13 19:34:38.176,1789338878.1765058,70
2026-09-13 19:34:38.184,1789338878.184198,75
2026-09-13 19:34:38.191,1789338878.1918902,48
2026-09-13 19:34:38.199,1789338878.1995826,21
2026-09-13 19:34:38.207,1789338878.207275,14
2026-09-13 19:34:38.214,1789338878.2149673,14
2026-09-13 19:34:38.222,1789338878.2226596,19
2026-09-13 19:34:38.230,1789338878.230352,24
2026-09-13 19:34:38.238,1789338878.2380443,29
2026-09-13 19:34:38.245,1789338878.2457364,26
2026-09-13 19:34:38.253,1789338878.2534287,19
2026-09-13 19:34:38.261,1789338878.261121,14
2026-09-13 19:34:38.268,1789338878.2688134,36
2026-09-13 19:34:38.276,1789338878.2765057,150
2026-09-13 19:34:38.284,1789338878.284198,395
2026-09-13 19:34:38.291,1789338878.2918904,744
2026-09-13 19:34:38.299,1789338878.2995827,996
2026-09-13 19:34:38.307,1789338878.3072748,654
2026-09-13 19:34:38.314,1789338878.3149672,-126
2026-09-13 19:34:38.322,1789338878.3226595,-344
2026-09-13 19:34:38.330,1789338878.3303518,-36
2026-09-13 19:34:38.338,1789338878.3380442,7
2026-09-13 19:34:38.345,1789338878.3457365,-94
2026-09-13 19:34:38.353,1789338878.3534288,-36
2026-09-13 19:34:38.361,1789338878.3611212,-7
2026-09-13 19:34:38.368,1789338878.3688135,-41
2026-09-13 19:34:38.376,1789338878.3765056,-21
2026-09-13 19:34:38.384,1789338878.384198,2
2026-09-13 19:34:38.391,1789338878.3918903,0
2026-09-13 19:34:38.399,1789338878.399021,7
2026-09-13 19:34:38.406,1789338878.4067132,21
2026-09-13 19:34:38.414,1789338878.4144056,38
2026-09-13 19:34:38.422,1789338878.422098,48
2026-09-13 19:34:38.429,1789338878.4297903,46
2026-09-13 19:34:38.437,1789338878.4374824,50
2026-09-13 19:34:38.445,1789338878.4451747,67
2026-09-13 19:34:38.452,1789338878.452867,80
2026-09-13 19:34:38.460,1789338878.4605594,84
2026-09-13 19:34:38.468,1789338878.4682517,104
2026-09-13 19:34:38.475,1789338878.475944,121
2026-09-13 19:34:38.483,1789338878.4836364,135
2026-09-13 19:34:38.491,1789338878.4913287,157
2026-09-13 19:34:38.499,1789338878.4990208,179
2026-09-13 19:34:38.506,1789338878.5067132,201
2026-09-13 19:34:38.514,1789338878.5144055,232
2026-09-13 19:34:38.522,1789338878.5220978,259
2026-09-13 19:34:38.529,1789338878.5297902,281
2026-09-13 19:34:38.537,1789338878.5374825,295
2026-09-13 19:34:38.545,1789338878.5451748,303
2026-09-13 19:34:38.552,1789338878.5528672,300
2026-09-13 19:34:38.560,1789338878.5605593,276
2026-09-13 19:34:38.568,1789338878.5682516,223
2026-09-13 19:34:38.575,1789338878.575944,162
2026-09-13 19:34:38.583,1789338878.5836363,99
2026-09-13 19:34:38.591,1789338878.5913286,36
2026-09-13 19:34:38.599,1789338878.599021,-16
2026-09-13 19:34:38.606,1789338878.6067133,-46
2026-09-13 19:34:38.614,1789338878.6144056,-60
2026-09-13 19:34:38.622,1789338878.6220977,-75
2026-09-13 19:34:38.629,1789338878.62979,-80
2026-09-13 19:34:38.637,1789338878.6374824,-80
2026-09-13 19:34:38.645,1789338878.6451747,-80
2026-09-13 19:34:38.652,1789338878.652867,-70
2026-09-13 19:34:38.660,1789338878.6605594,-58
2026-09-13 19:34:38.668,1789338878.6682518,-48
2026-09-13 19:34:38.675,1789338878.675944,-36
2026-09-13 19:34:38.683,1789338878.6836362,-29
2026-09-13 19:34:38.691,1789338878.6913285,-29
2026-09-13 19:34:38.699,1789338878.6990209,-29
2026-09-13 19:34:38.706,1789338878.7067132,-21
2026-09-13 19:34:38.714,1789338878.7144055,-14
2026-09-13 19:34:38.722,1789338878.7220979,-7
2026-09-13 19:34:38.729,1789338878.7297902,-4
2026-09-13 19:34:38.737,1789338878.7374825,-9
2026-09-13 19:34:38.745,1789338878.7451746,-4
2026-09-13 19:34:38.752,1789338878.752867,2
2026-09-13 19:34:38.760,1789338878.7605593,2
2026-09-13 19:34:38.768,1789338878.7682517,4
2026-09-13 19:34:38.775,1789338878.775944,7
2026-09-13 19:34:38.783,1789338878.7836363,4
2026-09-13 19:34:38.791,1789338878.7913287,4
2026-09-13 19:34:38.799,1789338878.799021,9
2026-09-13 19:34:38.806,1789338878.806713,9
2026-09-13 19:34:38.814,1789338878.8144054,9
2026-09-13 19:34:38.822,1789338878.8220978,16
2026-09-13 19:34:38.829,1789338878.82979,21
2026-09-13 19:34:38.837,1789338878.8374825,19
2026-09-13 19:34:38.845,1789338878.8451748,21
2026-09-13 19:34:38.852,1789338878.8528671,21
2026-09-13 19:34:38.860,1789338878.8605595,16
2026-09-13 19:34:38.868,1789338878.8682516,19
2026-09-13 19:34:38.875,1789338878.875944,26
2026-09-13 19:34:38.883,1789338878.8836362,26
2026-09-13 19:34:38.891,1789338878.8913286,26
2026-09-13 19:34:38.899,1789338878.899021,26
2026-09-13 19:34:38.906,1789338878.9067132,24
2026-09-13 19:34:38.914,1789338878.9144056,26
2026-09-13 19:34:38.922,1789338878.922098,31
2026-09-13 19:34:38.929,1789338878.9297903,31
2026-09-13 19:34:38.937,1789338878.9374824,31
2026-09-13 19:34:38.945,1789338878.9451747,26
2026-09-13 19:34:38.952,1789338878.952867,26
2026-09-13 19:34:38.960,1789338878.9600284,33
2026-09-13 19:34:38.967,1789338878.9677207,50
2026-09-13 19:34:38.975,1789338878.975413,67
2026-09-13 19:34:38.983,1789338878.9831054,84
2026-09-13 19:34:38.990,1789338878.9907978,89
2026-09-13 19:34:38.998,1789338878.9984899,72
2026-09-13 19:34:39.006,1789338879.0061822,60
2026-09-13 19:34:39.013,1789338879.0138745,60
2026-09-13 19:34:39.021,1789338879.0215669,48
2026-09-13 19:34:39.029,1789338879.0292592,26
2026-09-13 19:34:39.036,1789338879.0369515,19
2026-09-13 19:34:39.044,1789338879.0446439,19
2026-09-13 19:34:39.052,1789338879.0523362,19
2026-09-13 19:34:39.060,1789338879.0600283,21
2026-09-13 19:34:39.067,1789338879.0677207,19
2026-09-13 19:34:39.075,1789338879.075413,21
2026-09-13 19:34:39.083,1789338879.0831053,26
2026-09-13 19:34:39.090,1789338879.0907977,19
2026-09-13 19:34:39.098,1789338879.09849,9
2026-09-13 19:34:39.106,1789338879.1061823,58
2026-09-13 19:34:39.113,1789338879.1138747,230
2026-09-13 19:34:39.121,1789338879.1215668,528
2026-09-13 19:34:39.129,1789338879.129259,885
2026-09-13 19:34:39.136,1789338879.1369514,926
2026-09-13 19:34:39.144,1789338879.1446438,291
2026-09-13 19:34:39.152,1789338879.1523361,-344
2026-09-13 19:34:39.160,1789338879.1600285,-235
2026-09-13 19:34:39.167,1789338879.1677208,14
2026-09-13 19:34:39.175,1789338879.1754131,-65
2026-09-13 19:34:39.183,1789338879.1831052,-92
2026-09-13 19:34:39.190,1789338879.1907976,-9
2026-09-13 19:34:39.198,1789338879.19849,-24
2026-09-13 19:34:39.206,1789338879.2061822,-43
2026-09-13 19:34:39.213,1789338879.2138746,0
2026-09-13 19:34:39.221,1789338879.221567,7
2026-09-13 19:34:39.229,1789338879.2292593,-7
2026-09-13 19:34:39.236,1789338879.2369516,9
2026-09-13 19:34:39.244,1789338879.2446437,29
2026-09-13 19:34:39.252,1789338879.252336,29
2026-09-13 19:34:39.260,1789338879.2600284,29
2026-09-13 19:34:39.267,1789338879.2677207,41
2026-09-13 19:34:39.275,1789338879.275413,60
2026-09-13 19:34:39.283,1789338879.2831054,65
2026-09-13 19:34:39.290,1789338879.2907977,70
2026-09-13 19:34:39.298,1789338879.29849,87
2026-09-13 19:34:39.306,1789338879.3061821,101
2026-09-13 19:34:39.313,1789338879.3138745,113
2026-09-13 19:34:39.321,1789338879.3215668,128
2026-09-13 19:34:39.329,1789338879.3292592,147
2026-09-13 19:34:39.336,1789338879.3369515,177
2026-09-13 19:34:39.344,1789338879.3446438,206
2026-09-13 19:34:39.352,1789338879.3523362,232
2026-09-13 19:34:39.360,1789338879.3600285,254
2026-09-13 19:34:39.367,1789338879.3677206,269
2026-09-13 19:34:39.375,1789338879.375413,278
2026-09-13 19:34:39.383,1789338879.3831053,283
2026-09-13 19:34:39.390,1789338879.3907976,276
2026-09-13 19:34:39.398,1789338879.39849,237
2026-09-13 19:34:39.406,1789338879.4061823,177
2026-09-13 19:34:39.413,1789338879.4138746,111
2026-09-13 19:34:39.421,1789338879.421567,50
2026-09-13 19:34:39.429,1789338879.429259,-4
2026-09-13 19:34:39.436,1789338879.4369514,-48
2026-09-13 19:34:39.444,1789338879.4446437,-72
2026-09-13 19:34:39.452,1789338879.452336,-80
2026-09-13 19:34:39.460,1789338879.4600284,-89
2026-09-13 19:34:39.467,1789338879.4677207,-97
2026-09-13 19:34:39.475,1789338879.475413,-89
2026-09-13 19:34:39.483,1789338879.4831054,-80
2026-09-13 19:34:39.490,1789338879.4907978,-75
2026-09-13 19:34:39.498,1789338879.4984899,-67
2026-09-13 19:34:39.506,1789338879.5061822,-60
2026-09-13 19:34:39.513,1789338879.5138745,-55
2026-09-13 19:34:39.521,1789338879.5210354,-50
2026-09-13 19:34:39.528,1789338879.5287278,-43
2026-09-13 19:34:39.536,1789338879.53642,-33
2026-09-13 19:34:39.544,1789338879.5441124,-24
2026-09-13 19:34:39.551,1789338879.5518048,-24
2026-09-13 19:34:39.559,1789338879.5594969,-26
2026-09-13 19:34:39.567,1789338879.5671892,-21
2026-09-13 19:34:39.574,1789338879.5748816,-12
2026-09-13 19:34:39.582,1789338879.582574,-4
2026-09-13 19:34:39.590,1789338879.5902662,-12
2026-09-13 19:34:39.597,1789338879.5979586,-12
2026-09-13 19:34:39.605,1789338879.605651,-7
2026-09-13 19:34:39.613,1789338879.6133432,-7
2026-09-13 19:34:39.621,1789338879.6210353,-9
2026-09-13 19:34:39.628,1789338879.6287277,-7
2026-09-13 19:34:39.636,1789338879.63642,0
2026-09-13 19:34:39.644,1789338879.6441123,2
2026-09-13 19:34:39.651,1789338879.6518047,-2
2026-09-13 19:34:39.659,1789338879.659497,-2
2026-09-13 19:34:39.667,1789338879.6671894,0
2026-09-13 19:34:39.674,1789338879.6748817,0
2026-09-13 19:34:39.682,1789338879.6825738,4
2026-09-13 19:34:39.690,1789338879.6902661,4
2026-09-13 19:34:39.697,1789338879.6979585,2
2026-09-13 19:34:39.705,1789338879.7056508,4
2026-09-13 19:34:39.713,1789338879.7133431,9
2026-09-13 19:34:39.721,1789338879.7210355,9
2026-09-13 19:34:39.728,1789338879.7287278,12
2026-09-13 19:34:39.736,1789338879.7364202,14
2026-09-13 19:34:39.744,1789338879.7441123,12
2026-09-13 19:34:39.751,1789338879.7518046,14
2026-09-13 19:34:39.759,1789338879.759497,14
2026-09-13 19:34:39.767,1789338879.7671893,7
2026-09-13 19:34:39.774,1789338879.7748816,14
2026-09-13 19:34:39.782,1789338879.782574,41
2026-09-13 19:34:39.790,1789338879.7902663,53
2026-09-13 19:34:39.797,1789338879.7979586,60
2026-09-13 19:34:39.805,1789338879.8056507,75
2026-09-13 19:34:39.813,1789338879.813343,70
2026-09-13 19:34:39.821,1789338879.8210354,55
2026-09-13 19:34:39.828,1789338879.8287277,53
2026-09-13 19:34:39.836,1789338879.83642,46
2026-09-13 19:34:39.844,1789338879.8441124,29
2026-09-13 19:34:39.851,1789338879.8518047,9
2026-09-13 19:34:39.859,1789338879.859497,7
2026-09-13 19:34:39.867,1789338879.8671892,7
2026-09-13 19:34:39.874,1789338879.8748815,2
2026-09-13 19:34:39.882,1789338879.8825738,7
2026-09-13 19:34:39.890,1789338879.8902662,14
2026-09-13 19:34:39.897,1789338879.8979585,12
2026-09-13 19:34:39.905,1789338879.9056509,9
2026-09-13 19:34:39.913,1789338879.9133432,7
2026-09-13 19:34:39.921,1789338879.9210355,19
2026-09-13 19:34:39.928,1789338879.9287276,128
2026-09-13 19:34:39.936,1789338879.93642,375
2026-09-13 19:34:39.944,1789338879.9441123,729
2026-09-13 19:34:39.951,1789338879.9518046,989
2026-09-13 19:34:39.959,1789338879.959497,659
2026-09-13 19:34:39.967,1789338879.9671893,-128
2026-09-13 19:34:39.974,1789338879.9748816,-366
2026-09-13 19:34:39.982,1789338879.982574,-58
2026-09-13 19:34:39.990,1789338879.990266,-7
2026-09-13 19:34:39.997,1789338879.9979584,-111
2026-09-13 19:34:40.005,1789338880.0056508,-53
2026-09-13 19:34:40.013,1789338880.013343,-12
2026-09-13 19:34:40.021,1789338880.0210354,-46
2026-09-13 19:34:40.028,1789338880.0287278,-38
2026-09-13 19:34:40.036,1789338880.03642,-12
2026-09-13 19:34:40.044,1789338880.0441124,-9
2026-09-13 19:34:40.051,1789338880.0518048,-2
2026-09-13 19:34:40.059,1789338880.0594969,9
2026-09-13 19:34:40.067,1789338880.0671892,14
2026-09-13 19:34:40.074,1789338880.0748816,21
2026-09-13 19:34:40.082,1789338880.0820124,33
2026-09-13 19:34:40.089,1789338880.0897048,41
2026-09-13 19:34:40.097,1789338880.097397,48
2026-09-13 19:34:40.105,1789338880.1050894,53
2026-09-13 19:34:40.112,1789338880.1127818,67
2026-09-13 19:34:40.120,1789338880.1204739,80
2026-09-13 19:34:40.128,1789338880.1281662,92
2026-09-13 19:34:40.135,1789338880.1358585,109
2026-09-13 19:34:40.143,1789338880.1435509,128
2026-09-13 19:34:40.151,1789338880.1512432,150
2026-09-13 19:34:40.158,1789338880.1589355,177
2026-09-13 19:34:40.166,1789338880.166628,201
2026-09-13 19:34:40.174,1789338880.1743202,223
2026-09-13 19:34:40.182,1789338880.1820123,244
2026-09-13 19:34:40.189,1789338880.1897047,264
2026-09-13 19:34:40.197,1789338880.197397,269
2026-09-13 19:34:40.205,1789338880.2050893,254
2026-09-13 19:34:40.212,1789338880.2127817,225
2026-09-13 19:34:40.220,1789338880.220474,186
2026-09-13 19:34:40.228,1789338880.2281663,133
2026-09-13 19:34:40.235,1789338880.2358587,65
2026-09-13 19:34:40.243,1789338880.2435508,7
2026-09-13 19:34:40.251,1789338880.251243,-33
2026-09-13 19:34:40.258,1789338880.2589355,-63
2026-09-13 19:34:40.266,1789338880.2666278,-82
2026-09-13 19:34:40.274,1789338880.2743201,-92
2026-09-13 19:34:40.282,1789338880.2820125,-92
2026-09-13 19:34:40.289,1789338880.2897048,-87
2026-09-13 19:34:40.297,1789338880.2973971,-84
2026-09-13 19:34:40.305,1789338880.3050892,-82
2026-09-13 19:34:40.312,1789338880.3127816,-70
2026-09-13 19:34:40.320,1789338880.320474,-58
2026-09-13 19:34:40.328,1789338880.3281662,-53
2026-09-13 19:34:40.335,1789338880.3358586,-46
2026-09-13 19:34:40.343,1789338880.343551,-33
2026-09-13 19:34:40.351,1789338880.3512433,-33
2026-09-13 19:34:40.358,1789338880.3589356,-33
2026-09-13 19:34:40.366,1789338880.3666277,-26
2026-09-13 19:34:40.374,1789338880.37432,-21
2026-09-13 19:34:40.382,1789338880.3820124,-21
2026-09-13 19:34:40.389,1789338880.3897047,-16
2026-09-13 19:34:40.397,1789338880.397397,-12
2026-09-13 19:34:40.405,1789338880.4050894,-9
2026-09-13 19:34:40.412,1789338880.4127817,-9
2026-09-13 19:34:40.420,1789338880.420474,-12
2026-09-13 19:34:40.428,1789338880.4281662,-14
2026-09-13 19:34:40.435,1789338880.4358585,-9
2026-09-13 19:34:40.443,1789338880.4435508,-12
2026-09-13 19:34:40.451,1789338880.4512432,-9
2026-09-13 19:34:40.458,1789338880.4589355,-4
2026-09-13 19:34:40.466,1789338880.4666278,-7
2026-09-13 19:34:40.474,1789338880.4743202,-9
2026-09-13 19:34:40.482,1789338880.4820125,-7
2026-09-13 19:34:40.489,1789338880.4897046,-4
2026-09-13 19:34:40.497,1789338880.497397,-4
2026-09-13 19:34:40.505,1789338880.5050893,2
2026-09-13 19:34:40.512,1789338880.5127816,9
2026-09-13 19:34:40.520,1789338880.520474,4
2026-09-13 19:34:40.528,1789338880.5281663,2
2026-09-13 19:34:40.535,1789338880.5358586,4
2026-09-13 19:34:40.543,1789338880.543551,9
2026-09-13 19:34:40.551,1789338880.551243,7
2026-09-13 19:34:40.558,1789338880.5589354,7
2026-09-13 19:34:40.566,1789338880.5666277,9
2026-09-13 19:34:40.574,1789338880.57432,7
2026-09-13 19:34:40.582,1789338880.5820124,7
2026-09-13 19:34:40.589,1789338880.5897048,24
2026-09-13 19:34:40.597,1789338880.597397,41
2026-09-13 19:34:40.605,1789338880.6050894,53
2026-09-13 19:34:40.612,1789338880.6127818,65
2026-09-13 19:34:40.620,1789338880.6204739,70
2026-09-13 19:34:40.628,1789338880.6281662,58
2026-09-13 19:34:40.635,1789338880.6358585,50
2026-09-13 19:34:40.643,1789338880.6430197,48
2026-09-13 19:34:40.650,1789338880.650712,26
2026-09-13 19:34:40.658,1789338880.6584044,4
2026-09-13 19:34:40.666,1789338880.6660967,0
2026-09-13 19:34:40.673,1789338880.673789,0
2026-09-13 19:34:40.681,1789338880.6814811,2
2026-09-13 19:34:40.689,1789338880.6891735,4
2026-09-13 19:34:40.696,1789338880.6968658,4
2026-09-13 19:34:40.704,1789338880.7045581,4
2026-09-13 19:34:40.712,1789338880.7122505,9
2026-09-13 19:34:40.719,1789338880.7199428,4
2026-09-13 19:34:40.727,1789338880.7276351,7
2026-09-13 19:34:40.735,1789338880.7353275,82
2026-09-13 19:34:40.743,1789338880.7430196,293
2026-09-13 19:34:40.750,1789338880.750712,625
2026-09-13 19:34:40.758,1789338880.7584043,953
2026-09-13 19:34:40.766,1789338880.7660966,807
2026-09-13 19:34:40.773,1789338880.773789,46
2026-09-13 19:34:40.781,1789338880.7814813,-385
2026-09-13 19:34:40.789,1789338880.7891736,-128
2026-09-13 19:34:40.796,1789338880.796866,14
2026-09-13 19:34:40.804,1789338880.804558,-99
2026-09-13 19:34:40.812,1789338880.8122504,-75
2026-09-13 19:34:40.819,1789338880.8199427,-12
2026-09-13 19:34:40.827,1789338880.827635,-46
2026-09-13 19:34:40.835,1789338880.8353274,-50
2026-09-13 19:34:40.843,1789338880.8430197,-14
2026-09-13 19:34:40.850,1789338880.850712,-9
2026-09-13 19:34:40.858,1789338880.8584044,-12
2026-09-13 19:34:40.866,1789338880.8660965,0
2026-09-13 19:34:40.873,1789338880.8737888,12
2026-09-13 19:34:40.881,1789338880.8814812,21
2026-09-13 19:34:40.889,1789338880.8891735,31
2026-09-13 19:34:40.896,1789338880.8968658,36
2026-09-13 19:34:40.904,1789338880.9045582,43
2026-09-13 19:34:40.912,1789338880.9122505,55
2026-09-13 19:34:40.919,1789338880.9199429,63
2026-09-13 19:34:40.927,1789338880.927635,70
2026-09-13 19:34:40.935,1789338880.9353273,87
2026-09-13 19:34:40.943,1789338880.9430196,101
2026-09-13 19:34:40.950,1789338880.950712,116
2026-09-13 19:34:40.958,1789338880.9584043,135
2026-09-13 19:34:40.966,1789338880.9660966,162
2026-09-13 19:34:40.973,1789338880.973789,191
2026-09-13 19:34:40.981,1789338880.9814813,218
2026-09-13 19:34:40.989,1789338880.9891734,237
2026-09-13 19:34:40.996,1789338880.9968657,252
2026-09-13 19:34:41.004,1789338881.004558,259
2026-09-13 19:34:41.012,1789338881.0122504,252
2026-09-13 19:34:41.019,1789338881.0199428,232
2026-09-13 19:34:41.027,1789338881.027635,191
2026-09-13 19:34:41.035,1789338881.0353274,130
2026-09-13 19:34:41.043,1789338881.0430198,70
2026-09-13 19:34:41.050,1789338881.0507119,16
2026-09-13 19:34:41.058,1789338881.0584042,-29
2026-09-13 19:34:41.066,1789338881.0660965,-63
2026-09-13 19:34:41.073,1789338881.073789,-82
2026-09-13 19:34:41.081,1789338881.0814812,-94
2026-09-13 19:34:41.089,1789338881.0891736,-99
2026-09-13 19:34:41.096,1789338881.096866,-92
2026-09-13 19:34:41.104,1789338881.1045582,-87
2026-09-13 19:34:41.112,1789338881.1122503,-87
2026-09-13 19:34:41.119,1789338881.1199427,-84
2026-09-13 19:34:41.127,1789338881.127635,-70
2026-09-13 19:34:41.135,1789338881.1353273,-63
2026-09-13 19:34:41.143,1789338881.1430197,-55
2026-09-13 19:34:41.150,1789338881.150712,-48
2026-09-13 19:34:41.158,1789338881.1584044,-43
2026-09-13 19:34:41.166,1789338881.1660967,-36
2026-09-13 19:34:41.173,1789338881.173789,-33
2026-09-13 19:34:41.181,1789338881.1814811,-31
2026-09-13 19:34:41.189,1789338881.1891735,-31
2026-09-13 19:34:41.196,1789338881.1968658,-29
2026-09-13 19:34:41.204,1789338881.204027,-21
2026-09-13 19:34:41.211,1789338881.2117193,-19
2026-09-13 19:34:41.219,1789338881.2194116,-24
2026-09-13 19:34:41.227,1789338881.227104,-21
2026-09-13 19:34:41.234,1789338881.2347963,-19
2026-09-13 19:34:41.242,1789338881.2424884,-16
2026-09-13 19:34:41.250,1789338881.2501807,-16
2026-09-13 19:34:41.257,1789338881.257873,-16
2026-09-13 19:34:41.265,1789338881.2655654,-16
2026-09-13 19:34:41.273,1789338881.2732577,-12
2026-09-13 19:34:41.280,1789338881.28095,-9
2026-09-13 19:34:41.288,1789338881.2886424,-12
2026-09-13 19:34:41.296,1789338881.2963347,-4
2026-09-13 19:34:41.304,1789338881.3040268,4
2026-09-13 19:34:41.311,1789338881.3117192,0
2026-09-13 19:34:41.319,1789338881.3194115,-4
2026-09-13 19:34:41.327,1789338881.3271039,4
2026-09-13 19:34:41.334,1789338881.3347962,12
2026-09-13 19:34:41.342,1789338881.3424885,9
2026-09-13 19:34:41.350,1789338881.3501809,7
2026-09-13 19:34:41.357,1789338881.3578732,7
2026-09-13 19:34:41.365,1789338881.3655653,16
2026-09-13 19:34:41.373,1789338881.3732576,36
2026-09-13 19:34:41.380,1789338881.38095,48
2026-09-13 19:34:41.388,1789338881.3886423,55
2026-09-13 19:34:41.396,1789338881.3963346,70
2026-09-13 19:34:41.404,1789338881.404027,65
2026-09-13 19:34:41.411,1789338881.4117193,50
2026-09-13 19:34:41.419,1789338881.4194117,50
2026-09-13 19:34:41.427,1789338881.4271038,41
2026-09-13 19:34:41.434,1789338881.434796,16
2026-09-13 19:34:41.442,1789338881.4424884,4
2026-09-13 19:34:41.450,1789338881.4501808,4
2026-09-13 19:34:41.457,1789338881.457873,4
2026-09-13 19:34:41.465,1789338881.4655654,2
2026-09-13 19:34:41.473,1789338881.4732578,2
2026-09-13 19:34:41.480,1789338881.48095,4
2026-09-13 19:34:41.488,1789338881.4886422,7
2026-09-13 19:34:41.496,1789338881.4963346,9
2026-09-13 19:34:41.504,1789338881.504027,9
2026-09-13 19:34:41.511,1789338881.5117192,38
2026-09-13 19:34:41.519,1789338881.5194116,181
2026-09-13 19:34:41.527,1789338881.527104,465
2026-09-13 19:34:41.534,1789338881.5347962,834
2026-09-13 19:34:41.542,1789338881.5424886,960
2026-09-13 19:34:41.550,1789338881.5501807,417
2026-09-13 19:34:41.557,1789338881.557873,-283
2026-09-13 19:34:41.565,1789338881.5655653,-283
2026-09-13 19:34:41.573,1789338881.5732577,-4
2026-09-13 19:34:41.580,1789338881.58095,-46
2026-09-13 19:34:41.588,1789338881.5886424,-106
2026-09-13 19:34:41.596,1789338881.5963347,-33
2026-09-13 19:34:41.604,1789338881.604027,-24
2026-09-13 19:34:41.611,1789338881.6117191,-48
2026-09-13 19:34:41.619,1789338881.6194115,-31
2026-09-13 19:34:41.627,1789338881.6271038,-12
2026-09-13 19:34:41.634,1789338881.6347961,-9
2026-09-13 19:34:41.642,1789338881.6424885,2
2026-09-13 19:34:41.650,1789338881.6501808,14
2026-09-13 19:34:41.657,1789338881.6578732,19
2026-09-13 19:34:41.665,1789338881.6655655,26
2026-09-13 19:34:41.673,1789338881.6732576,36
2026-09-13 19:34:41.680,1789338881.68095,46
2026-09-13 19:34:41.688,1789338881.6886423,50
2026-09-13 19:34:41.696,1789338881.6963346,58
2026-09-13 19:34:41.704,1789338881.704027,67
2026-09-13 19:34:41.711,1789338881.7117193,84
2026-09-13 19:34:41.719,1789338881.7194116,104
2026-09-13 19:34:41.727,1789338881.727104,121
2026-09-13 19:34:41.734,1789338881.7347963,135
2026-09-13 19:34:41.742,1789338881.7424884,155
2026-09-13 19:34:41.750,1789338881.7501807,181
2026-09-13 19:34:41.757,1789338881.757873,210
2026-09-13 19:34:41.765,1789338881.7650342,232
2026-09-13 19:34:41.772,1789338881.7727265,247
2026-09-13 19:34:41.780,1789338881.7804189,261
2026-09-13 19:34:41.788,1789338881.7881112,261
2026-09-13 19:34:41.795,1789338881.7958035,244
2026-09-13 19:34:41.803,1789338881.8034956,210
2026-09-13 19:34:41.811,1789338881.811188,157
2026-09-13 19:34:41.818,1789338881.8188803,97
2026-09-13 19:34:41.826,1789338881.8265727,43
2026-09-13 19:34:41.834,1789338881.834265,-7
2026-09-13 19:34:41.841,1789338881.8419573,-43
2026-09-13 19:34:41.849,1789338881.8496497,-67
2026-09-13 19:34:41.857,1789338881.857342,-84
2026-09-13 19:34:41.865,1789338881.865034,-92
2026-09-13 19:34:41.872,1789338881.8727264,-84
2026-09-13 19:34:41.880,1789338881.8804188,-80
2026-09-13 19:34:41.888,1789338881.888111,-77
2026-09-13 19:34:41.895,1789338881.8958035,-75
2026-09-13 19:34:41.903,1789338881.9034958,-65
2026-09-13 19:34:41.911,1789338881.9111881,-53
2026-09-13 19:34:41.918,1789338881.9188805,-50
2026-09-13 19:34:41.926,1789338881.9265726,-43
2026-09-13 19:34:41.934,1789338881.934265,-33
2026-09-13 19:34:41.941,1789338881.9419572,-31
2026-09-13 19:34:41.949,1789338881.9496496,-31
2026-09-13 19:34:41.957,1789338881.957342,-24
2026-09-13 19:34:41.965,1789338881.9650342,-16
2026-09-13 19:34:41.972,1789338881.9727266,-14
2026-09-13 19:34:41.980,1789338881.980419,-14
2026-09-13 19:34:41.988,1789338881.988111,-14
2026-09-13 19:34:41.995,1789338881.9958034,-12
2026-09-13 19:34:42.003,1789338882.0034957,-7
2026-09-13 19:34:42.011,1789338882.011188,-9
2026-09-13 19:34:42.018,1789338882.0188804,-14
2026-09-13 19:34:42.026,1789338882.0265727,-14
2026-09-13 19:34:42.034,1789338882.034265,-12
2026-09-13 19:34:42.041,1789338882.0419574,-7
2026-09-13 19:34:42.049,1789338882.0496495,0
2026-09-13 19:34:42.057,1789338882.0573418,2
2026-09-13 19:34:42.065,1789338882.0650342,0
2026-09-13 19:34:42.072,1789338882.0727265,-2
2026-09-13 19:34:42.080,1789338882.0804188,-2
2026-09-13 19:34:42.088,1789338882.0881112,9
2026-09-13 19:34:42.095,1789338882.0958035,31
2026-09-13 19:34:42.103,1789338882.1034958,46
2026-09-13 19:34:42.111,1789338882.111188,53
2026-09-13 19:34:42.118,1789338882.1188803,60
2026-09-13 19:34:42.126,1789338882.1265726,55
2026-09-13 19:34:42.134,1789338882.134265,46
2026-09-13 19:34:42.141,1789338882.1419573,41
2026-09-13 19:34:42.149,1789338882.1496496,29
2026-09-13 19:34:42.157,1789338882.157342,2
2026-09-13 19:34:42.165,1789338882.1650343,-7
2026-09-13 19:34:42.172,1789338882.1727264,-2
2026-09-13 19:34:42.180,1789338882.1804187,-2
2026-09-13 19:34:42.188,1789338882.188111,0
2026-09-13 19:34:42.195,1789338882.1958034,4
2026-09-13 19:34:42.203,1789338882.2034957,2
2026-09-13 19:34:42.211,1789338882.211188,4
2026-09-13 19:34:42.218,1789338882.2188804,4
2026-09-13 19:34:42.226,1789338882.2265728,2
2026-09-13 19:34:42.234,1789338882.2342649,58
2026-09-13 19:34:42.241,1789338882.2419572,252
2026-09-13 19:34:42.249,1789338882.2496495,569
2026-09-13 19:34:42.257,1789338882.2573419,919
2026-09-13 19:34:42.265,1789338882.2650342,875
2026-09-13 19:34:42.272,1789338882.2727265,169
2026-09-13 19:34:42.280,1789338882.2804189,-368
2026-09-13 19:34:42.288,1789338882.2881112,-181
2026-09-13 19:34:42.295,1789338882.2958035,14
2026-09-13 19:34:42.303,1789338882.3034956,-84
2026-09-13 19:34:42.311,1789338882.311188,-82
2026-09-13 19:34:42.318,1789338882.3188803,-12
2026-09-13 19:34:42.326,1789338882.326011,-33
2026-09-13 19:34:42.333,1789338882.3337033,-41
2026-09-13 19:34:42.341,1789338882.3413956,-9
2026-09-13 19:34:42.349,1789338882.349088,-4
2026-09-13 19:34:42.356,1789338882.3567803,-7
2026-09-13 19:34:42.364,1789338882.3644724,12
2026-09-13 19:34:42.372,1789338882.3721647,21
2026-09-13 19:34:42.379,1789338882.379857,21
2026-09-13 19:34:42.387,1789338882.3875494,38
2026-09-13 19:34:42.395,1789338882.3952417,50
2026-09-13 19:34:42.402,1789338882.402934,50
2026-09-13 19:34:42.410,1789338882.4106264,58
2026-09-13 19:34:42.418,1789338882.4183187,70
2026-09-13 19:34:42.426,1789338882.4260108,82
2026-09-13 19:34:42.433,1789338882.4337032,94
2026-09-13 19:34:42.441,1789338882.4413955,109
2026-09-13 19:34:42.449,1789338882.4490879,128
2026-09-13 19:34:42.456,1789338882.4567802,147
2026-09-13 19:34:42.464,1789338882.4644725,172
2026-09-13 19:34:42.472,1789338882.4721649,201
2026-09-13 19:34:42.479,1789338882.4798572,225
2026-09-13 19:34:42.487,1789338882.4875493,242
2026-09-13 19:34:42.495,1789338882.4952416,257
2026-09-13 19:34:42.502,1789338882.502934,264
2026-09-13 19:34:42.510,1789338882.5106263,254
2026-09-13 19:34:42.518,1789338882.5183187,225
2026-09-13 19:34:42.526,1789338882.526011,179
2026-09-13 19:34:42.533,1789338882.5337033,121
2026-09-13 19:34:42.541,1789338882.5413957,60
2026-09-13 19:34:42.549,1789338882.5490878,9
2026-09-13 19:34:42.556,1789338882.55678,-33
2026-09-13 19:34:42.564,1789338882.5644724,-67
2026-09-13 19:34:42.572,1789338882.5721648,-84
2026-09-13 19:34:42.579,1789338882.579857,-84
2026-09-13 19:34:42.587,1789338882.5875494,-87
2026-09-13 19:34:42.595,1789338882.5952418,-87
2026-09-13 19:34:42.602,1789338882.6029341,-84
2026-09-13 19:34:42.610,1789338882.6106262,-77
2026-09-13 19:34:42.618,1789338882.6183186,-70
2026-09-13 19:34:42.626,1789338882.626011,-63
2026-09-13 19:34:42.633,1789338882.6337032,-50
2026-09-13 19:34:42.641,1789338882.6413956,-41
2026-09-13 19:34:42.649,1789338882.649088,-41
2026-09-13 19:34:42.656,1789338882.6567802,-38
2026-09-13 19:34:42.664,1789338882.6644726,-31
2026-09-13 19:34:42.672,1789338882.6721647,-26
2026-09-13 19:34:42.679,1789338882.679857,-21
2026-09-13 19:34:42.687,1789338882.6875494,-14
2026-09-13 19:34:42.695,1789338882.6952417,-12
2026-09-13 19:34:42.702,1789338882.702934,-14
2026-09-13 19:34:42.710,1789338882.7106264,-16
2026-09-13 19:34:42.718,1789338882.7183187,-12
2026-09-13 19:34:42.726,1789338882.726011,-9
2026-09-13 19:34:42.733,1789338882.7337031,-9
2026-09-13 19:34:42.741,1789338882.7413955,-9
2026-09-13 19:34:42.749,1789338882.7490878,-9
2026-09-13 19:34:42.756,1789338882.7567801,-7
2026-09-13 19:34:42.764,1789338882.7644725,-4
2026-09-13 19:34:42.772,1789338882.7721648,-2
2026-09-13 19:34:42.779,1789338882.7798572,2
2026-09-13 19:34:42.787,1789338882.7875495,4
2026-09-13 19:34:42.795,1789338882.7952416,0
2026-09-13 19:34:42.802,1789338882.802934,7
2026-09-13 19:34:42.810,1789338882.8106263,29
2026-09-13 19:34:42.818,1789338882.8183186,41
2026-09-13 19:34:42.826,1789338882.826011,53
2026-09-13 19:34:42.833,1789338882.8337033,63
2026-09-13 19:34:42.841,1789338882.8413956,58
2026-09-13 19:34:42.849,1789338882.849088,48
2026-09-13 19:34:42.856,1789338882.8567803,50
2026-09-13 19:34:42.864,1789338882.8644724,36
2026-09-13 19:34:42.872,1789338882.8721647,7
2026-09-13 19:34:42.879,1789338882.879857,2
2026-09-13 19:34:42.886,1789338882.886988,4
2026-09-13 19:34:42.894,1789338882.8946803,2
2026-09-13 19:34:42.902,1789338882.9023726,4
2026-09-13 19:34:42.910,1789338882.910065,7
2026-09-13 19:34:42.917,1789338882.9177573,2
2026-09-13 19:34:42.925,1789338882.9254494,2
2026-09-13 19:34:42.933,1789338882.9331417,7
2026-09-13 19:34:42.940,1789338882.940834,4
2026-09-13 19:34:42.948,1789338882.9485264,33
2026-09-13 19:34:42.956,1789338882.9562187,164
2026-09-13 19:34:42.963,1789338882.963911,434
2026-09-13 19:34:42.971,1789338882.9716034,797
2026-09-13 19:34:42.979,1789338882.9792957,972
2026-09-13 19:34:42.986,1789338882.9869878,487
2026-09-13 19:34:42.994,1789338882.9946802,-242
2026-09-13 19:34:43.002,1789338883.0023725,-300
2026-09-13 19:34:43.010,1789338883.0100648,-9
2026-09-13 19:34:43.017,1789338883.0177572,-33
2026-09-13 19:34:43.025,1789338883.0254495,-104
2026-09-13 19:34:43.033,1789338883.0331419,-26
2026-09-13 19:34:43.040,1789338883.0408342,-14
2026-09-13 19:34:43.048,1789338883.0485263,-43
2026-09-13 19:34:43.056,1789338883.0562186,-19
2026-09-13 19:34:43.063,1789338883.063911,0
2026-09-13 19:34:43.071,1789338883.0716033,-7
2026-09-13 19:34:43.079,1789338883.0792956,4
2026-09-13 19:34:43.086,1789338883.086988,19
2026-09-13 19:34:43.094,1789338883.0946803,21
2026-09-13 19:34:43.102,1789338883.1023726,29
2026-09-13 19:34:43.110,1789338883.1100647,46
2026-09-13 19:34:43.117,1789338883.117757,53
2026-09-13 19:34:43.125,1789338883.1254494,58
2026-09-13 19:34:43.133,1789338883.1331418,72
2026-09-13 19:34:43.140,1789338883.140834,87
2026-09-13 19:34:43.148,1789338883.1485264,94
2026-09-13 19:34:43.156,1789338883.1562188,106
2026-09-13 19:34:43.163,1789338883.163911,121
2026-09-13 19:34:43.171,1789338883.1716032,140
2026-09-13 19:34:43.179,1789338883.1792955,164
2026-09-13 19:34:43.186,1789338883.1869879,191
2026-09-13 19:34:43.194,1789338883.1946802,215
2026-09-13 19:34:43.202,1789338883.2023726,235
2026-09-13 19:34:43.210,1789338883.210065,252
2026-09-13 19:34:43.217,1789338883.2177572,259
2026-09-13 19:34:43.225,1789338883.2254496,259
2026-09-13 19:34:43.233,1789338883.2331417,242
2026-09-13 19:34:43.240,1789338883.240834,203
2026-09-13 19:34:43.248,1789338883.2485263,150
2026-09-13 19:34:43.256,1789338883.2562187,89
2026-09-13 19:34:43.263,1789338883.263911,29
2026-09-13 19:34:43.271,1789338883.2716033,-19
2026-09-13 19:34:43.279,1789338883.2792957,-48
2026-09-13 19:34:43.286,1789338883.286988,-70
2026-09-13 19:34:43.294,1789338883.29468,-80
2026-09-13 19:34:43.302,1789338883.3023725,-82
2026-09-13 19:34:43.310,1789338883.3100648,-80
2026-09-13 19:34:43.317,1789338883.3177571,-75
2026-09-13 19:34:43.325,1789338883.3254495,-63
2026-09-13 19:34:43.333,1789338883.3331418,-55
2026-09-13 19:34:43.340,1789338883.3408341,-50
2026-09-13 19:34:43.348,1789338883.3485265,-46
2026-09-13 19:34:43.356,1789338883.3562186,-38
2026-09-13 19:34:43.363,1789338883.363911,-33
2026-09-13 19:34:43.371,1789338883.3716033,-26
2026-09-13 19:34:43.379,1789338883.3792956,-24
2026-09-13 19:34:43.386,1789338883.386988,-21
2026-09-13 19:34:43.394,1789338883.3946803,-14
2026-09-13 19:34:43.402,1789338883.4023726,-12
2026-09-13 19:34:43.410,1789338883.410065,-9
2026-09-13 19:34:43.417,1789338883.4177573,-9
2026-09-13 19:34:43.425,1789338883.4254494,-7
2026-09-13 19:34:43.433,1789338883.4331417,-4
2026-09-13 19:34:43.440,1789338883.440834,0
2026-09-13 19:34:43.447,1789338883.447995,0
2026-09-13 19:34:43.455,1789338883.4556873,-2
2026-09-13 19:34:43.463,1789338883.4633796,-2
2026-09-13 19:34:43.471,1789338883.471072,0
2026-09-13 19:34:43.478,1789338883.4787643,2
2026-09-13 19:34:43.486,1789338883.4864564,2
2026-09-13 19:34:43.494,1789338883.4941487,4
2026-09-13 19:34:43.501,1789338883.501841,4
2026-09-13 19:34:43.509,1789338883.5095334,7
2026-09-13 19:34:43.517,1789338883.5172257,7
2026-09-13 19:34:43.524,1789338883.524918,12
2026-09-13 19:34:43.532,1789338883.5326104,19
2026-09-13 19:34:43.540,1789338883.5403028,19
2026-09-13 19:34:43.547,1789338883.5479949,16
2026-09-13 19:34:43.555,1789338883.5556872,14
2026-09-13 19:34:43.563,1789338883.5633795,14
2026-09-13 19:34:43.571,1789338883.5710719,12
2026-09-13 19:34:43.578,1789338883.5787642,24
2026-09-13 19:34:43.586,1789338883.5864565,46
2026-09-13 19:34:43.594,1789338883.5941489,55
2026-09-13 19:34:43.601,1789338883.6018412,65
2026-09-13 19:34:43.609,1789338883.6095333,80
2026-09-13 19:34:43.617,1789338883.6172256,75
2026-09-13 19:34:43.624,1789338883.624918,58
2026-09-13 19:34:43.632,1789338883.6326103,55
2026-09-13 19:34:43.640,1789338883.6403027,48
2026-09-13 19:34:43.647,1789338883.647995,29
2026-09-13 19:34:43.655,1789338883.6556873,9
2026-09-13 19:34:43.663,1789338883.6633797,9
2026-09-13 19:34:43.671,1789338883.6710718,14
2026-09-13 19:34:43.678,1789338883.678764,16
2026-09-13 19:34:43.686,1789338883.6864564,14
2026-09-13 19:34:43.694,1789338883.6941488,16
2026-09-13 19:34:43.701,1789338883.701841,16
2026-09-13 19:34:43.709,1789338883.7095335,14
2026-09-13 19:34:43.717,1789338883.7172258,14
2026-09-13 19:34:43.724,1789338883.7249181,33
2026-09-13 19:34:43.732,1789338883.7326102,140
2026-09-13 19:34:43.740,1789338883.7403026,388
2026-09-13 19:34:43.747,1789338883.747995,744
2026-09-13 19:34:43.755,1789338883.7556872,989
2026-09-13 19:34:43.763,1789338883.7633796,632
2026-09-13 19:34:43.771,1789338883.771072,-143
2026-09-13 19:34:43.778,1789338883.7787642,-341
2026-09-13 19:34:43.786,1789338883.7864566,-36
2026-09-13 19:34:43.794,1789338883.7941487,-7
2026-09-13 19:34:43.801,1789338883.801841,-101
2026-09-13 19:34:43.809,1789338883.8095334,-33
2026-09-13 19:34:43.817,1789338883.8172257,-2
2026-09-13 19:34:43.824,1789338883.824918,-33
2026-09-13 19:34:43.832,1789338883.8326104,-16
2026-09-13 19:34:43.840,1789338883.8403027,7
2026-09-13 19:34:43.847,1789338883.847995,2
2026-09-13 19:34:43.855,1789338883.8556871,9
2026-09-13 19:34:43.863,1789338883.8633795,26
2026-09-13 19:34:43.871,1789338883.8710718,29
2026-09-13 19:34:43.878,1789338883.8787642,31
2026-09-13 19:34:43.886,1789338883.8864565,43
2026-09-13 19:34:43.894,1789338883.8941488,58
2026-09-13 19:34:43.901,1789338883.9018412,65
2026-09-13 19:34:43.909,1789338883.9095335,70
2026-09-13 19:34:43.917,1789338883.9172256,77
2026-09-13 19:34:43.924,1789338883.924918,92
2026-09-13 19:34:43.932,1789338883.9326103,109
2026-09-13 19:34:43.940,1789338883.9403026,126
2026-09-13 19:34:43.947,1789338883.947995,140
2026-09-13 19:34:43.955,1789338883.9556873,160
2026-09-13 19:34:43.963,1789338883.9633796,184
2026-09-13 19:34:43.971,1789338883.971072,206
2026-09-13 19:34:43.978,1789338883.9787643,230
2026-09-13 19:34:43.986,1789338883.9864564,247
2026-09-13 19:34:43.994,1789338883.9941487,254
2026-09-13 19:34:44.001,1789338884.001841,257
2026-09-13 19:34:44.008,1789338884.008972,249
2026-09-13 19:34:44.016,1789338884.0166643,220
2026-09-13 19:34:44.024,1789338884.0243566,167
2026-09-13 19:34:44.032,1789338884.032049,106
2026-09-13 19:34:44.039,1789338884.0397413,48
2026-09-13 19:34:44.047,1789338884.0474334,2
2026-09-13 19:34:44.055,1789338884.0551257,-31
2026-09-13 19:34:44.062,1789338884.062818,-55
2026-09-13 19:34:44.070,1789338884.0705104,-67
2026-09-13 19:34:44.078,1789338884.0782027,-75
2026-09-13 19:34:44.085,1789338884.085895,-80
2026-09-13 19:34:44.093,1789338884.0935874,-72
2026-09-13 19:34:44.101,1789338884.1012797,-63
2026-09-13 19:34:44.108,1789338884.1089718,-58
2026-09-13 19:34:44.116,1789338884.1166642,-48
2026-09-13 19:34:44.124,1789338884.1243565,-38
2026-09-13 19:34:44.132,1789338884.1320488,-36
2026-09-13 19:34:44.139,1789338884.1397412,-33
2026-09-13 19:34:44.147,1789338884.1474335,-29
2026-09-13 19:34:44.155,1789338884.1551259,-21
2026-09-13 19:34:44.162,1789338884.1628182,-12
2026-09-13 19:34:44.170,1789338884.1705103,-7
2026-09-13 19:34:44.178,1789338884.1782026,-9
2026-09-13 19:34:44.185,1789338884.185895,-7
2026-09-13 19:34:44.193,1789338884.1935873,-4
2026-09-13 19:34:44.201,1789338884.2012796,-7
2026-09-13 19:34:44.208,1789338884.208972,-7
2026-09-13 19:34:44.216,1789338884.2166643,-4
2026-09-13 19:34:44.224,1789338884.2243567,-2
2026-09-13 19:34:44.232,1789338884.2320487,0
2026-09-13 19:34:44.239,1789338884.239741,-4
2026-09-13 19:34:44.247,1789338884.2474334,-9
2026-09-13 19:34:44.255,1789338884.2551258,-2
2026-09-13 19:34:44.262,1789338884.262818,2
2026-09-13 19:34:44.270,1789338884.2705104,4
2026-09-13 19:34:44.278,1789338884.2782028,2
2026-09-13 19:34:44.285,1789338884.285895,2
2026-09-13 19:34:44.293,1789338884.2935872,7
2026-09-13 19:34:44.301,1789338884.3012795,9
2026-09-13 19:34:44.308,1789338884.308972,9
2026-09-13 19:34:44.316,1789338884.3166642,7
2026-09-13 19:34:44.324,1789338884.3243566,9
2026-09-13 19:34:44.332,1789338884.332049,16
2026-09-13 19:34:44.339,1789338884.3397412,19
2026-09-13 19:34:44.347,1789338884.3474336,14
2026-09-13 19:34:44.355,1789338884.3551257,14
2026-09-13 19:34:44.362,1789338884.362818,24
2026-09-13 19:34:44.370,1789338884.3705103,24
2026-09-13 19:34:44.378,1789338884.3782027,16
2026-09-13 19:34:44.385,1789338884.385895,21
2026-09-13 19:34:44.393,1789338884.3935874,29
2026-09-13 19:34:44.401,1789338884.4012797,24
2026-09-13 19:34:44.408,1789338884.408972,19
2026-09-13 19:34:44.416,1789338884.4166641,21
2026-09-13 19:34:44.424,1789338884.4243565,26
2026-09-13 19:34:44.432,1789338884.4320488,26
2026-09-13 19:34:44.439,1789338884.4397411,29
2026-09-13 19:34:44.447,1789338884.4474335,26
2026-09-13 19:34:44.455,1789338884.4551258,21
2026-09-13 19:34:44.462,1789338884.4628181,31
2026-09-13 19:34:44.470,1789338884.4705105,48
2026-09-13 19:34:44.478,1789338884.4782026,63
2026-09-13 19:34:44.485,1789338884.485895,77
2026-09-13 19:34:44.493,1789338884.4935873,87
2026-09-13 19:34:44.501,1789338884.5012796,75
2026-09-13 19:34:44.508,1789338884.508972,58
2026-09-13 19:34:44.516,1789338884.5166643,58
2026-09-13 19:34:44.524,1789338884.5243566,50
2026-09-13 19:34:44.532,1789338884.532049,26
2026-09-13 19:34:44.539,1789338884.5397413,9
2026-09-13 19:34:44.547,1789338884.5474334,12
2026-09-13 19:34:44.555,1789338884.5551257,14
2026-09-13 19:34:44.562,1789338884.562818,12
2026-09-13 19:34:44.569,1789338884.5699792,12
2026-09-13 19:34:44.577,1789338884.5776715,14
2026-09-13 19:34:44.585,1789338884.5853639,14
2026-09-13 19:34:44.593,1789338884.5930562,16
2026-09-13 19:34:44.600,1789338884.6007485,16
2026-09-13 19:34:44.608,1789338884.6084406,36
2026-09-13 19:34:44.616,1789338884.616133,169
2026-09-13 19:34:44.623,1789338884.6238253,451
2026-09-13 19:34:44.631,1789338884.6315176,819
2026-09-13 19:34:44.639,1789338884.63921,991
2026-09-13 19:34:44.646,1789338884.6469023,509
2026-09-13 19:34:44.654,1789338884.6545947,-230
2026-09-13 19:34:44.662,1789338884.662287,-295
2026-09-13 19:34:44.669,1789338884.669979,0
2026-09-13 19:34:44.677,1789338884.6776714,-29
2026-09-13 19:34:44.685,1789338884.6853638,-104
2026-09-13 19:34:44.693,1789338884.693056,-29
2026-09-13 19:34:44.700,1789338884.7007484,-16
2026-09-13 19:34:44.708,1789338884.7084408,-46
2026-09-13 19:34:44.716,1789338884.716133,-19
2026-09-13 19:34:44.723,1789338884.7238255,0
2026-09-13 19:34:44.731,1789338884.7315176,-4
2026-09-13 19:34:44.739,1789338884.73921,2
2026-09-13 19:34:44.746,1789338884.7469022,16
2026-09-13 19:34:44.754,1789338884.7545946,21
2026-09-13 19:34:44.762,1789338884.762287,29
2026-09-13 19:34:44.769,1789338884.7699792,41
2026-09-13 19:34:44.777,1789338884.7776716,46
2026-09-13 19:34:44.785,1789338884.785364,50
2026-09-13 19:34:44.793,1789338884.793056,63
2026-09-13 19:34:44.800,1789338884.8007483,75
2026-09-13 19:34:44.808,1789338884.8084407,87
2026-09-13 19:34:44.816,1789338884.816133,99
2026-09-13 19:34:44.823,1789338884.8238254,113
2026-09-13 19:34:44.831,1789338884.8315177,133
2026-09-13 19:34:44.839,1789338884.83921,157
2026-09-13 19:34:44.846,1789338884.8469024,177
2026-09-13 19:34:44.854,1789338884.8545945,196
2026-09-13 19:34:44.862,1789338884.8622868,220
2026-09-13 19:34:44.869,1789338884.8699791,240
2026-09-13 19:34:44.877,1789338884.8776715,247
2026-09-13 19:34:44.885,1789338884.8853638,244
2026-09-13 19:34:44.893,1789338884.8930562,235
2026-09-13 19:34:44.900,1789338884.9007485,210
2026-09-13 19:34:44.908,1789338884.9084408,169
2026-09-13 19:34:44.916,1789338884.916133,113
2026-09-13 19:34:44.923,1789338884.9238253,60
2026-09-13 19:34:44.931,1789338884.9315176,12
2026-09-13 19:34:44.939,1789338884.93921,-26
2026-09-13 19:34:44.946,1789338884.9469023,-53
2026-09-13 19:34:44.954,1789338884.9545946,-67
2026-09-13 19:34:44.962,1789338884.962287,-75
2026-09-13 19:34:44.969,1789338884.9699793,-77
2026-09-13 19:34:44.977,1789338884.9776714,-72
2026-09-13 19:34:44.985,1789338884.9853637,-65
2026-09-13 19:34:44.993,1789338884.993056,-60
2026-09-13 19:34:45.000,1789338885.0007484,-53
2026-09-13 19:34:45.008,1789338885.0084407,-46
2026-09-13 19:34:45.016,1789338885.016133,-41
2026-09-13 19:34:45.023,1789338885.0238254,-31
2026-09-13 19:34:45.031,1789338885.0315177,-26
2026-09-13 19:34:45.039,1789338885.0392098,-21
2026-09-13 19:34:45.046,1789338885.0469022,-19
2026-09-13 19:34:45.054,1789338885.0545945,-16
2026-09-13 19:34:45.062,1789338885.0622869,-19
2026-09-13 19:34:45.069,1789338885.0699792,-14
2026-09-13 19:34:45.077,1789338885.0776715,-7
2026-09-13 19:34:45.085,1789338885.0853639,-7
2026-09-13 19:34:45.093,1789338885.0930562,-7
2026-09-13 19:34:45.100,1789338885.1007485,-7
2026-09-13 19:34:45.108,1789338885.1084406,-7
2026-09-13 19:34:45.116,1789338885.116133,-9
2026-09-13 19:34:45.123,1789338885.1238253,-12
2026-09-13 19:34:45.130,1789338885.1309867,-9
2026-09-13 19:34:45.138,1789338885.138679,-2
2026-09-13 19:34:45.146,1789338885.1463714,0
2026-09-13 19:34:45.154,1789338885.1540637,0
2026-09-13 19:34:45.161,1789338885.161756,-2
2026-09-13 19:34:45.169,1789338885.1694481,2
2026-09-13 19:34:45.177,1789338885.1771405,9
2026-09-13 19:34:45.184,1789338885.1848328,9
2026-09-13 19:34:45.192,1789338885.1925251,12
2026-09-13 19:34:45.200,1789338885.2002175,16
2026-09-13 19:34:45.207,1789338885.2079098,16
2026-09-13 19:34:45.215,1789338885.2156022,14
2026-09-13 19:34:45.223,1789338885.2232945,16
2026-09-13 19:34:45.230,1789338885.2309866,19
2026-09-13 19:34:45.238,1789338885.238679,14
2026-09-13 19:34:45.246,1789338885.2463713,14
2026-09-13 19:34:45.254,1789338885.2540636,21
2026-09-13 19:34:45.261,1789338885.261756,26
2026-09-13 19:34:45.269,1789338885.2694483,24
2026-09-13 19:34:45.277,1789338885.2771406,21
2026-09-13 19:34:45.284,1789338885.284833,24
2026-09-13 19:34:45.292,1789338885.292525,29
2026-09-13 19:34:45.300,1789338885.3002174,29
2026-09-13 19:34:45.307,1789338885.3079097,26
2026-09-13 19:34:45.315,1789338885.315602,24
2026-09-13 19:34:45.323,1789338885.3232944,24
2026-09-13 19:34:45.330,1789338885.3309867,24
2026-09-13 19:34:45.338,1789338885.338679,29
2026-09-13 19:34:45.346,1789338885.3463714,31
2026-09-13 19:34:45.354,1789338885.3540635,33
2026-09-13 19:34:45.361,1789338885.3617558,33
2026-09-13 19:34:45.369,1789338885.3694482,33
2026-09-13 19:34:45.377,1789338885.3771405,29
2026-09-13 19:34:45.384,1789338885.3848329,26
2026-09-13 19:34:45.392,1789338885.3925252,38
2026-09-13 19:34:45.400,1789338885.4002175,63
2026-09-13 19:34:45.407,1789338885.4079099,77
2026-09-13 19:34:45.415,1789338885.415602,82
2026-09-13 19:34:45.423,1789338885.4232943,87
2026-09-13 19:34:45.430,1789338885.4309866,80
2026-09-13 19:34:45.438,1789338885.438679,72
2026-09-13 19:34:45.446,1789338885.4463713,67
2026-09-13 19:34:45.454,1789338885.4540637,53
2026-09-13 19:34:45.461,1789338885.461756,31
2026-09-13 19:34:45.469,1789338885.4694483,19
2026-09-13 19:34:45.477,1789338885.4771404,19
2026-09-13 19:34:45.484,1789338885.4848328,21
2026-09-13 19:34:45.492,1789338885.492525,24
2026-09-13 19:34:45.500,1789338885.5002174,26
2026-09-13 19:34:45.507,1789338885.5079098,29
2026-09-13 19:34:45.515,1789338885.515602,29
2026-09-13 19:34:45.523,1789338885.5232944,24
2026-09-13 19:34:45.530,1789338885.5309868,24
2026-09-13 19:34:45.538,1789338885.538679,82
2026-09-13 19:34:45.546,1789338885.5463712,269
2026-09-13 19:34:45.554,1789338885.5540636,589
2026-09-13 19:34:45.561,1789338885.561756,945
2026-09-13 19:34:45.569,1789338885.5694482,923
2026-09-13 19:34:45.577,1789338885.5771406,232
2026-09-13 19:34:45.584,1789338885.584833,-329
2026-09-13 19:34:45.592,1789338885.5925252,-167
2026-09-13 19:34:45.600,1789338885.6002173,31
2026-09-13 19:34:45.607,1789338885.6079097,-67
2026-09-13 19:34:45.615,1789338885.615602,-72
2026-09-13 19:34:45.623,1789338885.6232944,0
2026-09-13 19:34:45.630,1789338885.6309867,-24
2026-09-13 19:34:45.638,1789338885.638679,-41
2026-09-13 19:34:45.646,1789338885.6463714,-9
2026-09-13 19:34:45.654,1789338885.6540637,2
2026-09-13 19:34:45.661,1789338885.661756,0
2026-09-13 19:34:45.669,1789338885.6694481,14
2026-09-13 19:34:45.677,1789338885.6771405,26
2026-09-13 19:34:45.684,1789338885.6848328,31
2026-09-13 19:34:45.691,1789338885.6919632,41
2026-09-13 19:34:45.699,1789338885.6996555,50
2026-09-13 19:34:45.707,1789338885.7073479,55
2026-09-13 19:34:45.715,1789338885.7150402,63
2026-09-13 19:34:45.722,1789338885.7227325,75
2026-09-13 19:34:45.730,1789338885.7304246,84
2026-09-13 19:34:45.738,1789338885.738117,99
2026-09-13 19:34:45.745,1789338885.7458093,116
2026-09-13 19:34:45.753,1789338885.7535017,128
2026-09-13 19:34:45.761,1789338885.761194,143
2026-09-13 19:34:45.768,1789338885.7688863,162
2026-09-13 19:34:45.776,1789338885.7765787,184
2026-09-13 19:34:45.784,1789338885.784271,206
2026-09-13 19:34:45.791,1789338885.791963,232
2026-09-13 19:34:45.799,1789338885.7996554,247
2026-09-13 19:34:45.807,1789338885.8073478,252
2026-09-13 19:34:45.815,1789338885.81504,249
2026-09-13 19:34:45.822,1789338885.8227324,237
2026-09-13 19:34:45.830,1789338885.8304248,208
2026-09-13 19:34:45.838,1789338885.8381171,157
2026-09-13 19:34:45.845,1789338885.8458095,99
2026-09-13 19:34:45.853,1789338885.8535016,43
2026-09-13 19:34:45.861,1789338885.861194,0
2026-09-13 19:34:45.868,1789338885.8688862,-33
2026-09-13 19:34:45.876,1789338885.8765786,-60
2026-09-13 19:34:45.884,1789338885.884271,-72
2026-09-13 19:34:45.891,1789338885.8919632,-75
2026-09-13 19:34:45.899,1789338885.8996556,-77
2026-09-13 19:34:45.907,1789338885.907348,-75
2026-09-13 19:34:45.915,1789338885.91504,-67
2026-09-13 19:34:45.922,1789338885.9227324,-60
2026-09-13 19:34:45.930,1789338885.9304247,-50
2026-09-13 19:34:45.938,1789338885.938117,-41
2026-09-13 19:34:45.945,1789338885.9458094,-38
2026-09-13 19:34:45.953,1789338885.9535017,-36
2026-09-13 19:34:45.961,1789338885.961194,-29
2026-09-13 19:34:45.968,1789338885.9688864,-21
2026-09-13 19:34:45.976,1789338885.9765785,-24
2026-09-13 19:34:45.984,1789338885.9842708,-21
2026-09-13 19:34:45.991,1789338885.9919631,-12
2026-09-13 19:34:45.999,1789338885.9996555,-9
2026-09-13 19:34:46.007,1789338886.0073478,-12
2026-09-13 19:34:46.015,1789338886.0150402,-7
2026-09-13 19:34:46.022,1789338886.0227325,-4
2026-09-13 19:34:46.030,1789338886.0304248,-7
2026-09-13 19:34:46.038,1789338886.038117,-4
2026-09-13 19:34:46.045,1789338886.0458093,-2
2026-09-13 19:34:46.053,1789338886.0535016,-7
2026-09-13 19:34:46.061,1789338886.061194,-7
2026-09-13 19:34:46.068,1789338886.0688863,-2
2026-09-13 19:34:46.076,1789338886.0765786,0
2026-09-13 19:34:46.084,1789338886.084271,-2
2026-09-13 19:34:46.091,1789338886.0919633,0
2026-09-13 19:34:46.099,1789338886.0996554,0
2026-09-13 19:34:46.107,1789338886.1073477,2
2026-09-13 19:34:46.115,1789338886.11504,9
2026-09-13 19:34:46.122,1789338886.1227324,12
2026-09-13 19:34:46.130,1789338886.1304247,12
2026-09-13 19:34:46.138,1789338886.138117,12
2026-09-13 19:34:46.145,1789338886.1458094,16
2026-09-13 19:34:46.153,1789338886.1535017,14
2026-09-13 19:34:46.161,1789338886.1611938,14
2026-09-13 19:34:46.168,1789338886.1688862,19
2026-09-13 19:34:46.176,1789338886.1765785,19
2026-09-13 19:34:46.184,1789338886.1842709,14
2026-09-13 19:34:46.191,1789338886.1919632,16
2026-09-13 19:34:46.199,1789338886.1996555,19
2026-09-13 19:34:46.207,1789338886.2073479,24
2026-09-13 19:34:46.215,1789338886.2150402,26
2026-09-13 19:34:46.222,1789338886.2227325,24
2026-09-13 19:34:46.230,1789338886.2304246,24
2026-09-13 19:34:46.238,1789338886.238117,29
2026-09-13 19:34:46.245,1789338886.2458093,29
2026-09-13 19:34:46.252,1789338886.2529707,29
2026-09-13 19:34:46.260,1789338886.260663,31
2026-09-13 19:34:46.268,1789338886.2683554,31
2026-09-13 19:34:46.276,1789338886.2760477,33
2026-09-13 19:34:46.283,1789338886.28374,36
2026-09-13 19:34:46.291,1789338886.2914321,33
2026-09-13 19:34:46.299,1789338886.2991245,36
2026-09-13 19:34:46.306,1789338886.3068168,38
2026-09-13 19:34:46.314,1789338886.3145092,38
2026-09-13 19:34:46.322,1789338886.3222015,38
2026-09-13 19:34:46.329,1789338886.3298938,36
2026-09-13 19:34:46.337,1789338886.3375862,31
2026-09-13 19:34:46.345,1789338886.3452785,36
2026-09-13 19:34:46.352,1789338886.3529706,53
2026-09-13 19:34:46.360,1789338886.360663,72
2026-09-13 19:34:46.368,1789338886.3683553,84
2026-09-13 19:34:46.376,1789338886.3760476,92
2026-09-13 19:34:46.383,1789338886.38374,87
2026-09-13 19:34:46.391,1789338886.3914323,77
2026-09-13 19:34:46.399,1789338886.3991246,72
2026-09-13 19:34:46.406,1789338886.406817,63
2026-09-13 19:34:46.414,1789338886.414509,41
2026-09-13 19:34:46.422,1789338886.4222014,26
2026-09-13 19:34:46.429,1789338886.4298937,26
2026-09-13 19:34:46.437,1789338886.437586,26
2026-09-13 19:34:46.445,1789338886.4452784,24
2026-09-13 19:34:46.452,1789338886.4529707,21
2026-09-13 19:34:46.460,1789338886.460663,26
2026-09-13 19:34:46.468,1789338886.4683554,29
2026-09-13 19:34:46.476,1789338886.4760475,29
2026-09-13 19:34:46.483,1789338886.4837399,24
2026-09-13 19:34:46.491,1789338886.4914322,46
2026-09-13 19:34:46.499,1789338886.4991245,174
2026-09-13 19:34:46.506,1789338886.5068169,448
2026-09-13 19:34:46.514,1789338886.5145092,822
2026-09-13 19:34:46.522,1789338886.5222015,1020
2026-09-13 19:34:46.529,1789338886.5298939,555
2026-09-13 19:34:46.537,1789338886.537586,-203
2026-09-13 19:34:46.545,1789338886.5452783,-300
2026-09-13 19:34:46.552,1789338886.5529706,-4
2026-09-13 19:34:46.560,1789338886.560663,-24
2026-09-13 19:34:46.568,1789338886.5683553,-106
2026-09-13 19:34:46.576,1789338886.5760477,-31
2026-09-13 19:34:46.583,1789338886.58374,-16
2026-09-13 19:34:46.591,1789338886.5914323,-50
2026-09-13 19:34:46.599,1789338886.5991244,-24
2026-09-13 19:34:46.606,1789338886.6068168,0
2026-09-13 19:34:46.614,1789338886.614509,-7
2026-09-13 19:34:46.622,1789338886.6222014,2
2026-09-13 19:34:46.629,1789338886.6298938,12
2026-09-13 19:34:46.637,1789338886.637586,16
2026-09-13 19:34:46.645,1789338886.6452785,29
2026-09-13 19:34:46.652,1789338886.6529708,38
2026-09-13 19:34:46.660,1789338886.660663,43
2026-09-13 19:34:46.668,1789338886.6683552,55
2026-09-13 19:34:46.676,1789338886.6760476,65
2026-09-13 19:34:46.683,1789338886.68374,72
2026-09-13 19:34:46.691,1789338886.6914322,87
2026-09-13 19:34:46.699,1789338886.6991246,99
2026-09-13 19:34:46.706,1789338886.706817,113
2026-09-13 19:34:46.714,1789338886.7145092,130
2026-09-13 19:34:46.722,1789338886.7222013,150
2026-09-13 19:34:46.729,1789338886.7298937,172
2026-09-13 19:34:46.737,1789338886.737586,198
2026-09-13 19:34:46.745,1789338886.7452784,223
2026-09-13 19:34:46.752,1789338886.7529707,235
2026-09-13 19:34:46.760,1789338886.760663,247
2026-09-13 19:34:46.768,1789338886.7683554,257
2026-09-13 19:34:46.776,1789338886.7760477,247
2026-09-13 19:34:46.783,1789338886.78374,220
2026-09-13 19:34:46.791,1789338886.7914321,177
2026-09-13 19:34:46.799,1789338886.7991245,123
2026-09-13 19:34:46.806,1789338886.8068168,67
2026-09-13 19:34:46.813,1789338886.8139474,19
2026-09-13 19:34:46.821,1789338886.8216398,-26
2026-09-13 19:34:46.829,1789338886.829332,-55
2026-09-13 19:34:46.837,1789338886.8370245,-72
2026-09-13 19:34:46.844,1789338886.8447168,-87
2026-09-13 19:34:46.852,1789338886.852409,-92
2026-09-13 19:34:46.860,1789338886.8601012,-82
2026-09-13 19:34:46.867,1789338886.8677936,-75
2026-09-13 19:34:46.875,1789338886.875486,-72
2026-09-13 19:34:46.883,1789338886.8831782,-65
2026-09-13 19:34:46.890,1789338886.8908706,-55
2026-09-13 19:34:46.898,1789338886.898563,-46
2026-09-13 19:34:46.906,1789338886.9062552,-38
2026-09-13 19:34:46.913,1789338886.9139473,-33
2026-09-13 19:34:46.921,1789338886.9216397,-29
2026-09-13 19:34:46.929,1789338886.929332,-26
2026-09-13 19:34:46.937,1789338886.9370244,-26
2026-09-13 19:34:46.944,1789338886.9447167,-21
2026-09-13 19:34:46.952,1789338886.952409,-14
2026-09-13 19:34:46.960,1789338886.9601014,-7
2026-09-13 19:34:46.967,1789338886.9677937,-7
2026-09-13 19:34:46.975,1789338886.9754858,-7
2026-09-13 19:34:46.983,1789338886.9831781,-7
2026-09-13 19:34:46.990,1789338886.9908705,-4
2026-09-13 19:34:46.998,1789338886.9985628,-4
2026-09-13 19:34:47.006,1789338887.0062551,-2
2026-09-13 19:34:47.013,1789338887.0139475,-4
2026-09-13 19:34:47.021,1789338887.0216398,-2
2026-09-13 19:34:47.029,1789338887.0293322,4
2026-09-13 19:34:47.037,1789338887.0370243,4
2026-09-13 19:34:47.044,1789338887.0447166,2
2026-09-13 19:34:47.052,1789338887.052409,4
2026-09-13 19:34:47.060,1789338887.0601013,9
2026-09-13 19:34:47.067,1789338887.0677936,9
2026-09-13 19:34:47.075,1789338887.075486,9
2026-09-13 19:34:47.083,1789338887.0831783,9
2026-09-13 19:34:47.090,1789338887.0908706,9
2026-09-13 19:34:47.098,1789338887.0985627,14
2026-09-13 19:34:47.106,1789338887.106255,16
2026-09-13 19:34:47.113,1789338887.1139474,21
2026-09-13 19:34:47.121,1789338887.1216397,21
2026-09-13 19:34:47.129,1789338887.129332,16
2026-09-13 19:34:47.137,1789338887.1370244,14
2026-09-13 19:34:47.144,1789338887.1447167,21
2026-09-13 19:34:47.152,1789338887.152409,26
2026-09-13 19:34:47.160,1789338887.1601012,24
2026-09-13 19:34:47.167,1789338887.1677935,21
2026-09-13 19:34:47.175,1789338887.1754858,24
2026-09-13 19:34:47.183,1789338887.1831782,26
2026-09-13 19:34:47.190,1789338887.1908705,26
2026-09-13 19:34:47.198,1789338887.1985629,29
2026-09-13 19:34:47.206,1789338887.2062552,31
2026-09-13 19:34:47.213,1789338887.2139475,33
2026-09-13 19:34:47.221,1789338887.2216396,31
2026-09-13 19:34:47.229,1789338887.229332,31
2026-09-13 19:34:47.237,1789338887.2370243,31
2026-09-13 19:34:47.244,1789338887.2447166,36
2026-09-13 19:34:47.252,1789338887.252409,33
2026-09-13 19:34:47.260,1789338887.2601013,31
2026-09-13 19:34:47.267,1789338887.2677937,41
2026-09-13 19:34:47.275,1789338887.275486,46
2026-09-13 19:34:47.283,1789338887.283178,41
2026-09-13 19:34:47.290,1789338887.2908704,36
2026-09-13 19:34:47.298,1789338887.2985628,36
2026-09-13 19:34:47.306,1789338887.306255,43
2026-09-13 19:34:47.313,1789338887.3139474,55
2026-09-13 19:34:47.321,1789338887.3216398,67
2026-09-13 19:34:47.329,1789338887.329332,87
2026-09-13 19:34:47.337,1789338887.3370245,97
2026-09-13 19:34:47.344,1789338887.3447168,82
2026-09-13 19:34:47.352,1789338887.352409,67
2026-09-13 19:34:47.360,1789338887.3601012,72
2026-09-13 19:34:47.367,1789338887.3677936,70
2026-09-13 19:34:47.374,1789338887.3749547,46
2026-09-13 19:34:47.382,1789338887.382647,24
2026-09-13 19:34:47.390,1789338887.3903394,29
2026-09-13 19:34:47.398,1789338887.3980317,33
2026-09-13 19:34:47.405,1789338887.405724,29
2026-09-13 19:34:47.413,1789338887.4134161,26
2026-09-13 19:34:47.421,1789338887.4211085,31
2026-09-13 19:34:47.428,1789338887.4288008,36
2026-09-13 19:34:47.436,1789338887.4364932,31
2026-09-13 19:34:47.444,1789338887.4441855,26
2026-09-13 19:34:47.451,1789338887.4518778,72
2026-09-13 19:34:47.459,1789338887.4595702,235
2026-09-13 19:34:47.467,1789338887.4672625,535
2026-09-13 19:34:47.474,1789338887.4749546,911
2026-09-13 19:34:47.482,1789338887.482647,991
2026-09-13 19:34:47.490,1789338887.4903393,368
2026-09-13 19:34:47.498,1789338887.4980316,-295
2026-09-13 19:34:47.505,1789338887.505724,-213
2026-09-13 19:34:47.513,1789338887.5134163,33
2026-09-13 19:34:47.521,1789338887.5211086,-46
2026-09-13 19:34:47.528,1789338887.528801,-84
2026-09-13 19:34:47.536,1789338887.536493,-7
2026-09-13 19:34:47.544,1789338887.5441854,-19
2026-09-13 19:34:47.551,1789338887.5518777,-38
2026-09-13 19:34:47.559,1789338887.55957,-4
2026-09-13 19:34:47.567,1789338887.5672624,4
2026-09-13 19:34:47.574,1789338887.5749547,-2
2026-09-13 19:34:47.582,1789338887.582647,14
2026-09-13 19:34:47.590,1789338887.5903394,33
2026-09-13 19:34:47.598,1789338887.5980315,33
2026-09-13 19:34:47.605,1789338887.6057239,38
2026-09-13 19:34:47.613,1789338887.6134162,48
2026-09-13 19:34:47.621,1789338887.6211085,53
2026-09-13 19:34:47.628,1789338887.6288009,60
2026-09-13 19:34:47.636,1789338887.6364932,72
2026-09-13 19:34:47.644,1789338887.6441855,84
2026-09-13 19:34:47.651,1789338887.6518779,97
2026-09-13 19:34:47.659,1789338887.65957,109
2026-09-13 19:34:47.667,1789338887.6672623,123
2026-09-13 19:34:47.674,1789338887.6749547,143
2026-09-13 19:34:47.682,1789338887.682647,162
2026-09-13 19:34:47.690,1789338887.6903393,189
2026-09-13 19:34:47.698,1789338887.6980317,218
2026-09-13 19:34:47.705,1789338887.705724,232
2026-09-13 19:34:47.713,1789338887.7134163,247
2026-09-13 19:34:47.721,1789338887.7211084,264
2026-09-13 19:34:47.728,1789338887.7288008,269
2026-09-13 19:34:47.736,1789338887.736493,252
2026-09-13 19:34:47.744,1789338887.7441854,225
2026-09-13 19:34:47.751,1789338887.7518778,181
2026-09-13 19:34:47.759,1789338887.7595701,121
2026-09-13 19:34:47.767,1789338887.7672625,60
2026-09-13 19:34:47.774,1789338887.7749548,14
2026-09-13 19:34:47.782,1789338887.782647,-19
2026-09-13 19:34:47.790,1789338887.7903392,-48
2026-09-13 19:34:47.798,1789338887.7980316,-70
2026-09-13 19:34:47.805,1789338887.805724,-75
2026-09-13 19:34:47.813,1789338887.8134162,-77
2026-09-13 19:34:47.821,1789338887.8211086,-75
2026-09-13 19:34:47.828,1789338887.828801,-65
2026-09-13 19:34:47.836,1789338887.8364933,-58
2026-09-13 19:34:47.844,1789338887.8441854,-50
2026-09-13 19:34:47.851,1789338887.8518777,-43
2026-09-13 19:34:47.859,1789338887.85957,-33
2026-09-13 19:34:47.867,1789338887.8672624,-29
2026-09-13 19:34:47.874,1789338887.8749547,-26
2026-09-13 19:34:47.882,1789338887.882647,-21
2026-09-13 19:34:47.890,1789338887.8903394,-12
2026-09-13 19:34:47.898,1789338887.8980317,-7
2026-09-13 19:34:47.905,1789338887.905724,-7
2026-09-13 19:34:47.913,1789338887.9134161,-2
2026-09-13 19:34:47.921,1789338887.9211085,2
2026-09-13 19:34:47.928,1789338887.9288008,4
2026-09-13 19:34:47.935,1789338887.9359314,2
2026-09-13 19:34:47.943,1789338887.9436238,2
2026-09-13 19:34:47.951,1789338887.951316,4
2026-09-13 19:34:47.959,1789338887.9590085,7
2026-09-13 19:34:47.966,1789338887.9667008,4
2026-09-13 19:34:47.974,1789338887.974393,7
2026-09-13 19:34:47.982,1789338887.9820852,7
2026-09-13 19:34:47.989,1789338887.9897776,12
2026-09-13 19:34:47.997,1789338887.99747,16
2026-09-13 19:34:48.005,1789338888.0051622,12
2026-09-13 19:34:48.012,1789338888.0128546,9
2026-09-13 19:34:48.020,1789338888.020547,16
2026-09-13 19:34:48.028,1789338888.0282393,21
2026-09-13 19:34:48.035,1789338888.0359313,19
2026-09-13 19:34:48.043,1789338888.0436237,21
2026-09-13 19:34:48.051,1789338888.051316,26
2026-09-13 19:34:48.059,1789338888.0590084,24
2026-09-13 19:34:48.066,1789338888.0667007,19
2026-09-13 19:34:48.074,1789338888.074393,24
2026-09-13 19:34:48.082,1789338888.0820854,29
2026-09-13 19:34:48.089,1789338888.0897777,24
2026-09-13 19:34:48.097,1789338888.0974698,24
2026-09-13 19:34:48.105,1789338888.1051621,33
2026-09-13 19:34:48.112,1789338888.1128545,33
2026-09-13 19:34:48.120,1789338888.1205468,29
2026-09-13 19:34:48.128,1789338888.1282392,29
2026-09-13 19:34:48.135,1789338888.1359315,29
2026-09-13 19:34:48.143,1789338888.1436238,29
2026-09-13 19:34:48.151,1789338888.1513162,31
2026-09-13 19:34:48.159,1789338888.1590083,36
2026-09-13 19:34:48.166,1789338888.1667006,36
2026-09-13 19:34:48.174,1789338888.174393,33
2026-09-13 19:34:48.182,1789338888.1820853,33
2026-09-13 19:34:48.189,1789338888.1897776,36
2026-09-13 19:34:48.197,1789338888.19747,36
2026-09-13 19:34:48.205,1789338888.2051623,36
2026-09-13 19:34:48.212,1789338888.2128546,38
2026-09-13 19:34:48.220,1789338888.2205467,38
2026-09-13 19:34:48.228,1789338888.228239,38
2026-09-13 19:34:48.235,1789338888.2359314,38
2026-09-13 19:34:48.243,1789338888.2436237,36
2026-09-13 19:34:48.251,1789338888.251316,36
2026-09-13 19:34:48.259,1789338888.2590084,36
2026-09-13 19:34:48.266,1789338888.2667007,31
2026-09-13 19:34:48.274,1789338888.274393,43
2026-09-13 19:34:48.282,1789338888.2820852,63
2026-09-13 19:34:48.289,1789338888.2897775,77
2026-09-13 19:34:48.297,1789338888.2974699,87
2026-09-13 19:34:48.305,1789338888.3051622,92
2026-09-13 19:34:48.312,1789338888.3128545,80
2026-09-13 19:34:48.320,1789338888.3205469,70
2026-09-13 19:34:48.328,1789338888.3282392,63
2026-09-13 19:34:48.335,1789338888.3359315,46
2026-09-13 19:34:48.343,1789338888.3436236,29
2026-09-13 19:34:48.351,1789338888.351316,24
2026-09-13 19:34:48.359,1789338888.3590083,24
2026-09-13 19:34:48.366,1789338888.3667006,21
2026-09-13 19:34:48.374,1789338888.374393,24
2026-09-13 19:34:48.382,1789338888.3820853,29
2026-09-13 19:34:48.389,1789338888.3897777,29
2026-09-13 19:34:48.397,1789338888.39747,29
2026-09-13 19:34:48.405,1789338888.405162,24
2026-09-13 19:34:48.412,1789338888.4128544,36
2026-09-13 19:34:48.420,1789338888.4205468,140
2026-09-13 19:34:48.428,1789338888.428239,385
2026-09-13 19:34:48.435,1789338888.4359314,742
2026-09-13 19:34:48.443,1789338888.4436238,1020
2026-09-13 19:34:48.451,1789338888.451316,720
2026-09-13 19:34:48.459,1789338888.4590085,-67
2026-09-13 19:34:48.466,1789338888.4667008,-339
2026-09-13 19:34:48.474,1789338888.474393,-46
2026-09-13 19:34:48.482,1789338888.4820852,7
2026-09-13 19:34:48.489,1789338888.4897776,-97
2026-09-13 19:34:48.496,1789338888.496939,-38
2026-09-13 19:34:48.504,1789338888.5046313,-4
2026-09-13 19:34:48.512,1789338888.5123236,-43
2026-09-13 19:34:48.520,1789338888.520016,-26
2026-09-13 19:34:48.527,1789338888.5277083,0
2026-09-13 19:34:48.535,1789338888.5354004,-2
2026-09-13 19:34:48.543,1789338888.5430927,7
2026-09-13 19:34:48.550,1789338888.550785,21
2026-09-13 19:34:48.558,1789338888.5584774,24
2026-09-13 19:34:48.566,1789338888.5661697,31
2026-09-13 19:34:48.573,1789338888.573862,43
2026-09-13 19:34:48.581,1789338888.5815544,53
2026-09-13 19:34:48.589,1789338888.5892467,63
2026-09-13 19:34:48.596,1789338888.5969388,70
2026-09-13 19:34:48.604,1789338888.6046312,75
2026-09-13 19:34:48.612,1789338888.6123235,89
2026-09-13 19:34:48.620,1789338888.6200159,109
2026-09-13 19:34:48.627,1789338888.6277082,121
2026-09-13 19:34:48.635,1789338888.6354005,135
2026-09-13 19:34:48.643,1789338888.6430929,152
2026-09-13 19:34:48.650,1789338888.6507852,174
2026-09-13 19:34:48.658,1789338888.6584773,201
2026-09-13 19:34:48.666,1789338888.6661696,227
2026-09-13 19:34:48.673,1789338888.673862,249
2026-09-13 19:34:48.681,1789338888.6815543,266
2026-09-13 19:34:48.689,1789338888.6892467,274
2026-09-13 19:34:48.696,1789338888.696939,264
2026-09-13 19:34:48.704,1789338888.7046313,240
2026-09-13 19:34:48.712,1789338888.7123237,203
2026-09-13 19:34:48.720,1789338888.7200158,150
2026-09-13 19:34:48.727,1789338888.727708,92
2026-09-13 19:34:48.735,1789338888.7354004,33
2026-09-13 19:34:48.743,1789338888.7430928,-14
2026-09-13 19:34:48.750,1789338888.750785,-43
2026-09-13 19:34:48.758,1789338888.7584774,-63
2026-09-13 19:34:48.766,1789338888.7661698,-75
2026-09-13 19:34:48.773,1789338888.7738621,-77
2026-09-13 19:34:48.781,1789338888.7815542,-80
2026-09-13 19:34:48.789,1789338888.7892466,-77
2026-09-13 19:34:48.796,1789338888.796939,-70
2026-09-13 19:34:48.804,1789338888.8046312,-65
2026-09-13 19:34:48.812,1789338888.8123236,-60
2026-09-13 19:34:48.820,1789338888.820016,-50
2026-09-13 19:34:48.827,1789338888.8277082,-41
2026-09-13 19:34:48.835,1789338888.8354006,-38
2026-09-13 19:34:48.843,1789338888.8430927,-31
2026-09-13 19:34:48.850,1789338888.850785,-21
2026-09-13 19:34:48.858,1789338888.8584774,-16
2026-09-13 19:34:48.866,1789338888.8661697,-14
2026-09-13 19:34:48.873,1789338888.873862,-16
2026-09-13 19:34:48.881,1789338888.8815544,-12
2026-09-13 19:34:48.889,1789338888.8892467,-2
2026-09-13 19:34:48.896,1789338888.896939,-2
2026-09-13 19:34:48.904,1789338888.9046311,-4
2026-09-13 19:34:48.912,1789338888.9123235,-4
2026-09-13 19:34:48.920,1789338888.9200158,-4
2026-09-13 19:34:48.927,1789338888.9277081,0
2026-09-13 19:34:48.935,1789338888.9354005,4
2026-09-13 19:34:48.943,1789338888.9430928,4
2026-09-13 19:34:48.950,1789338888.9507852,4
2026-09-13 19:34:48.958,1789338888.9584775,4
2026-09-13 19:34:48.966,1789338888.9661696,7
2026-09-13 19:34:48.973,1789338888.973862,7
2026-09-13 19:34:48.981,1789338888.9815543,7
2026-09-13 19:34:48.989,1789338888.9892466,9
2026-09-13 19:34:48.996,1789338888.996939,12
2026-09-13 19:34:49.004,1789338889.0046313,14
2026-09-13 19:34:49.012,1789338889.0123236,14
2026-09-13 19:34:49.020,1789338889.020016,16
2026-09-13 19:34:49.027,1789338889.0277083,19
2026-09-13 19:34:49.035,1789338889.0354004,21
2026-09-13 19:34:49.043,1789338889.0430927,21
2026-09-13 19:34:49.050,1789338889.050785,19
2026-09-13 19:34:49.057,1789338889.0579154,19
2026-09-13 19:34:49.065,1789338889.0656078,21
2026-09-13 19:34:49.073,1789338889.0733001,24
2026-09-13 19:34:49.080,1789338889.0809925,21
2026-09-13 19:34:49.088,1789338889.0886848,29
2026-09-13 19:34:49.096,1789338889.096377,33
2026-09-13 19:34:49.104,1789338889.1040692,29
2026-09-13 19:34:49.111,1789338889.1117616,29
2026-09-13 19:34:49.119,1789338889.119454,33
2026-09-13 19:34:49.127,1789338889.1271462,31
2026-09-13 19:34:49.134,1789338889.1348386,33
2026-09-13 19:34:49.142,1789338889.142531,36
2026-09-13 19:34:49.150,1789338889.1502233,33
2026-09-13 19:34:49.157,1789338889.1579154,33
2026-09-13 19:34:49.165,1789338889.1656077,36
2026-09-13 19:34:49.173,1789338889.1733,33
2026-09-13 19:34:49.180,1789338889.1809924,29
2026-09-13 19:34:49.188,1789338889.1886847,31
2026-09-13 19:34:49.196,1789338889.196377,38
2026-09-13 19:34:49.204,1789338889.2040694,43
2026-09-13 19:34:49.211,1789338889.2117617,33
2026-09-13 19:34:49.219,1789338889.2194538,29
2026-09-13 19:34:49.227,1789338889.2271461,38
2026-09-13 19:34:49.234,1789338889.2348385,55
2026-09-13 19:34:49.242,1789338889.2425308,70
2026-09-13 19:34:49.250,1789338889.2502232,84
2026-09-13 19:34:49.257,1789338889.2579155,87
2026-09-13 19:34:49.265,1789338889.2656078,70
2026-09-13 19:34:49.273,1789338889.2733002,63
2026-09-13 19:34:49.280,1789338889.2809923,60
2026-09-13 19:34:49.288,1789338889.2886846,41
2026-09-13 19:34:49.296,1789338889.296377,24
2026-09-13 19:34:49.304,1789338889.3040693,19
2026-09-13 19:34:49.311,1789338889.3117616,16
2026-09-13 19:34:49.319,1789338889.319454,19
2026-09-13 19:34:49.327,1789338889.3271463,21
2026-09-13 19:34:49.334,1789338889.3348386,21
2026-09-13 19:34:49.342,1789338889.3425307,19
2026-09-13 19:34:49.350,1789338889.350223,21
2026-09-13 19:34:49.357,1789338889.3579154,19
2026-09-13 19:34:49.365,1789338889.3656077,41
2026-09-13 19:34:49.373,1789338889.3733,160
2026-09-13 19:34:49.380,1789338889.3809924,417
2026-09-13 19:34:49.388,1789338889.3886847,780
2026-09-13 19:34:49.396,1789338889.396377,1006
2026-09-13 19:34:49.404,1789338889.4040692,613
2026-09-13 19:34:49.411,1789338889.4117615,-155
2026-09-13 19:34:49.419,1789338889.4194539,-320
2026-09-13 19:34:49.427,1789338889.4271462,-24
2026-09-13 19:34:49.434,1789338889.4348385,-12
2026-09-13 19:34:49.442,1789338889.4425309,-104
2026-09-13 19:34:49.450,1789338889.4502232,-36
2026-09-13 19:34:49.457,1789338889.4579155,-12
2026-09-13 19:34:49.465,1789338889.4656076,-48
2026-09-13 19:34:49.473,1789338889.4733,-26
2026-09-13 19:34:49.480,1789338889.4809923,-2
2026-09-13 19:34:49.488,1789338889.4886847,-7
2026-09-13 19:34:49.496,1789338889.496377,0
2026-09-13 19:34:49.504,1789338889.5040693,14
2026-09-13 19:34:49.511,1789338889.5117617,16
2026-09-13 19:34:49.519,1789338889.519454,26
2026-09-13 19:34:49.527,1789338889.527146,41
2026-09-13 19:34:49.534,1789338889.5348384,48
2026-09-13 19:34:49.542,1789338889.5425308,50
2026-09-13 19:34:49.550,1789338889.550223,63
2026-09-13 19:34:49.557,1789338889.5579154,75
2026-09-13 19:34:49.565,1789338889.5656078,84
2026-09-13 19:34:49.573,1789338889.5733001,97
2026-09-13 19:34:49.580,1789338889.5809925,113
2026-09-13 19:34:49.588,1789338889.5886848,130
2026-09-13 19:34:49.596,1789338889.596377,147
2026-09-13 19:34:49.604,1789338889.6040692,172
2026-09-13 19:34:49.611,1789338889.6117616,201
2026-09-13 19:34:49.618,1789338889.618923,227
2026-09-13 19:34:49.626,1789338889.6266153,244
2026-09-13 19:34:49.634,1789338889.6343076,257
2026-09-13 19:34:49.642,1789338889.642,269
2026-09-13 19:34:49.649,1789338889.6496923,261
2026-09-13 19:34:49.657,1789338889.6573844,237
2026-09-13 19:34:49.665,1789338889.6650767,198
2026-09-13 19:34:49.672,1789338889.672769,143
2026-09-13 19:34:49.680,1789338889.6804614,82
2026-09-13 19:34:49.688,1789338889.6881537,26
2026-09-13 19:34:49.695,1789338889.695846,-21
2026-09-13 19:34:49.703,1789338889.7035384,-53
2026-09-13 19:34:49.711,1789338889.7112308,-67
2026-09-13 19:34:49.718,1789338889.7189229,-77
2026-09-13 19:34:49.726,1789338889.7266152,-84
2026-09-13 19:34:49.734,1789338889.7343075,-84
2026-09-13 19:34:49.742,1789338889.7419999,-75
2026-09-13 19:34:49.749,1789338889.7496922,-72
2026-09-13 19:34:49.757,1789338889.7573845,-70
2026-09-13 19:34:49.765,1789338889.7650769,-60
2026-09-13 19:34:49.772,1789338889.7727692,-50
2026-09-13 19:34:49.780,1789338889.7804613,-46
2026-09-13 19:34:49.788,1789338889.7881536,-41
2026-09-13 19:34:49.795,1789338889.795846,-31
2026-09-13 19:34:49.803,1789338889.8035383,-26
2026-09-13 19:34:49.811,1789338889.8112307,-26
2026-09-13 19:34:49.818,1789338889.818923,-24
2026-09-13 19:34:49.826,1789338889.8266153,-19
2026-09-13 19:34:49.834,1789338889.8343077,-16
2026-09-13 19:34:49.842,1789338889.8419998,-14
2026-09-13 19:34:49.849,1789338889.849692,-12
2026-09-13 19:34:49.857,1789338889.8573844,-9
2026-09-13 19:34:49.865,1789338889.8650768,-7
2026-09-13 19:34:49.872,1789338889.872769,-4
2026-09-13 19:34:49.880,1789338889.8804615,-2
2026-09-13 19:34:49.888,1789338889.8881538,-2
2026-09-13 19:34:49.895,1789338889.8958461,-2
2026-09-13 19:34:49.903,1789338889.9035382,-2
2026-09-13 19:34:49.911,1789338889.9112306,0
2026-09-13 19:34:49.918,1789338889.918923,0
2026-09-13 19:34:49.926,1789338889.9266152,2
2026-09-13 19:34:49.934,1789338889.9343076,4
2026-09-13 19:34:49.942,1789338889.942,9
2026-09-13 19:34:49.949,1789338889.9496922,9
2026-09-13 19:34:49.957,1789338889.9573846,9
2026-09-13 19:34:49.965,1789338889.9650767,9
2026-09-13 19:34:49.972,1789338889.972769,12
2026-09-13 19:34:49.980,1789338889.9804614,14
2026-09-13 19:34:49.988,1789338889.9881537,16
2026-09-13 19:34:49.995,1789338889.995846,16
2026-09-13 19:34:50.003,1789338890.0035384,16
2026-09-13 19:34:50.011,1789338890.0112307,19
2026-09-13 19:34:50.018,1789338890.018923,21
2026-09-13 19:34:50.026,1789338890.0266151,21
2026-09-13 19:34:50.034,1789338890.0343075,19
2026-09-13 19:34:50.042,1789338890.0419998,19
2026-09-13 19:34:50.049,1789338890.0496922,26
2026-09-13 19:34:50.057,1789338890.0573845,26
2026-09-13 19:34:50.065,1789338890.0650768,21
2026-09-13 19:34:50.072,1789338890.0727692,29
2026-09-13 19:34:50.080,1789338890.0804615,31
2026-09-13 19:34:50.088,1789338890.0881536,24
2026-09-13 19:34:50.095,1789338890.095846,21
2026-09-13 19:34:50.103,1789338890.1035383,29
2026-09-13 19:34:50.111,1789338890.1112306,31
2026-09-13 19:34:50.118,1789338890.118923,29
2026-09-13 19:34:50.126,1789338890.1266153,26
2026-09-13 19:34:50.134,1789338890.1343076,24
2026-09-13 19:34:50.142,1789338890.142,41
2026-09-13 19:34:50.149,1789338890.1496923,58
2026-09-13 19:34:50.157,1789338890.1573844,67
2026-09-13 19:34:50.165,1789338890.1650767,80
2026-09-13 19:34:50.172,1789338890.172769,82
2026-09-13 19:34:50.179,1789338890.1799302,65
2026-09-13 19:34:50.187,1789338890.1876225,60
2026-09-13 19:34:50.195,1789338890.195315,58
2026-09-13 19:34:50.203,1789338890.2030072,41
2026-09-13 19:34:50.210,1789338890.2106996,19
2026-09-13 19:34:50.218,1789338890.2183917,12
2026-09-13 19:34:50.226,1789338890.226084,14
2026-09-13 19:34:50.233,1789338890.2337763,14
2026-09-13 19:34:50.241,1789338890.2414687,16
2026-09-13 19:34:50.249,1789338890.249161,19
2026-09-13 19:34:50.256,1789338890.2568533,21
2026-09-13 19:34:50.264,1789338890.2645457,21
2026-09-13 19:34:50.272,1789338890.272238,14
2026-09-13 19:34:50.279,1789338890.27993,29
2026-09-13 19:34:50.287,1789338890.2876225,150
2026-09-13 19:34:50.295,1789338890.2953148,409
2026-09-13 19:34:50.303,1789338890.3030071,766
2026-09-13 19:34:50.310,1789338890.3106995,1016
2026-09-13 19:34:50.318,1789338890.3183918,657
2026-09-13 19:34:50.326,1789338890.3260841,-133
2026-09-13 19:34:50.333,1789338890.3337765,-341
2026-09-13 19:34:50.341,1789338890.3414686,-36
2026-09-13 19:34:50.349,1789338890.349161,-2
2026-09-13 19:34:50.356,1789338890.3568532,-101
2026-09-13 19:34:50.364,1789338890.3645456,-41
2026-09-13 19:34:50.372,1789338890.372238,-12
2026-09-13 19:34:50.379,1789338890.3799303,-48
2026-09-13 19:34:50.387,1789338890.3876226,-26
2026-09-13 19:34:50.395,1789338890.395315,2
2026-09-13 19:34:50.403,1789338890.403007,2
2026-09-13 19:34:50.410,1789338890.4106994,7
2026-09-13 19:34:50.418,1789338890.4183917,21
2026-09-13 19:34:50.426,1789338890.426084,26
2026-09-13 19:34:50.433,1789338890.4337764,31
2026-09-13 19:34:50.441,1789338890.4414687,38
2026-09-13 19:34:50.449,1789338890.449161,48
2026-09-13 19:34:50.456,1789338890.4568534,58
2026-09-13 19:34:50.464,1789338890.4645455,67
2026-09-13 19:34:50.472,1789338890.4722378,82
2026-09-13 19:34:50.479,1789338890.4799302,94
2026-09-13 19:34:50.487,1789338890.4876225,101
2026-09-13 19:34:50.495,1789338890.4953148,113
2026-09-13 19:34:50.503,1789338890.5030072,138
2026-09-13 19:34:50.510,1789338890.5106995,164
2026-09-13 19:34:50.518,1789338890.5183918,186
2026-09-13 19:34:50.526,1789338890.526084,210
2026-09-13 19:34:50.533,1789338890.5337763,237
2026-09-13 19:34:50.541,1789338890.5414686,261
2026-09-13 19:34:50.549,1789338890.549161,276
2026-09-13 19:34:50.556,1789338890.5568533,283
2026-09-13 19:34:50.564,1789338890.5645456,278
2026-09-13 19:34:50.572,1789338890.572238,257
2026-09-13 19:34:50.579,1789338890.5799303,208
2026-09-13 19:34:50.587,1789338890.5876224,150
2026-09-13 19:34:50.595,1789338890.5953147,87
2026-09-13 19:34:50.603,1789338890.603007,26
2026-09-13 19:34:50.610,1789338890.6106994,-14
2026-09-13 19:34:50.618,1789338890.6183918,-38
2026-09-13 19:34:50.626,1789338890.626084,-60
2026-09-13 19:34:50.633,1789338890.6337764,-70
2026-09-13 19:34:50.641,1789338890.6414688,-72
2026-09-13 19:34:50.649,1789338890.6491609,-70
2026-09-13 19:34:50.656,1789338890.6568532,-67
2026-09-13 19:34:50.664,1789338890.6645455,-65
2026-09-13 19:34:50.672,1789338890.6722379,-60
2026-09-13 19:34:50.679,1789338890.6799302,-50
2026-09-13 19:34:50.687,1789338890.6876225,-41
2026-09-13 19:34:50.695,1789338890.695315,-36
2026-09-13 19:34:50.703,1789338890.7030072,-36
2026-09-13 19:34:50.710,1789338890.7106996,-26
2026-09-13 19:34:50.718,1789338890.7183917,-14
2026-09-13 19:34:50.726,1789338890.726084,-14
2026-09-13 19:34:50.733,1789338890.7337763,-16
2026-09-13 19:34:50.740,1789338890.740907,-7
2026-09-13 19:34:50.748,1789338890.7485993,-2
2026-09-13 19:34:50.756,1789338890.7562916,-4
2026-09-13 19:34:50.763,1789338890.763984,-4
2026-09-13 19:34:50.771,1789338890.7716763,-2
2026-09-13 19:34:50.779,1789338890.7793684,-2
2026-09-13 19:34:50.787,1789338890.7870607,0
2026-09-13 19:34:50.794,1789338890.794753,0
2026-09-13 19:34:50.802,1789338890.8024454,2
2026-09-13 19:34:50.810,1789338890.8101377,2
2026-09-13 19:34:50.817,1789338890.81783,4
2026-09-13 19:34:50.825,1789338890.8255224,7
2026-09-13 19:34:50.833,1789338890.8332148,7
2026-09-13 19:34:50.840,1789338890.8409069,12
2026-09-13 19:34:50.848,1789338890.8485992,16
2026-09-13 19:34:50.856,1789338890.8562915,16
2026-09-13 19:34:50.863,1789338890.8639839,14
2026-09-13 19:34:50.871,1789338890.8716762,16
2026-09-13 19:34:50.879,1789338890.8793685,21
2026-09-13 19:34:50.887,1789338890.8870609,24
2026-09-13 19:34:50.894,1789338890.8947532,21
2026-09-13 19:34:50.902,1789338890.9024453,24
2026-09-13 19:34:50.910,1789338890.9101377,26
2026-09-13 19:34:50.917,1789338890.91783,24
2026-09-13 19:34:50.925,1789338890.9255223,26
2026-09-13 19:34:50.933,1789338890.9332147,36
2026-09-13 19:34:50.940,1789338890.940907,33
2026-09-13 19:34:50.948,1789338890.9485993,29
2026-09-13 19:34:50.956,1789338890.9562917,29
2026-09-13 19:34:50.963,1789338890.9639838,29
2026-09-13 19:34:50.971,1789338890.971676,31
2026-09-13 19:34:50.979,1789338890.9793684,33
2026-09-13 19:34:50.987,1789338890.9870608,33
2026-09-13 19:34:50.994,1789338890.9947531,29
2026-09-13 19:34:51.002,1789338891.0024455,33
2026-09-13 19:34:51.010,1789338891.0101378,36
2026-09-13 19:34:51.017,1789338891.0178301,33
2026-09-13 19:34:51.025,1789338891.0255222,31
2026-09-13 19:34:51.033,1789338891.0332146,33
2026-09-13 19:34:51.040,1789338891.040907,48
2026-09-13 19:34:51.048,1789338891.0485992,63
2026-09-13 19:34:51.056,1789338891.0562916,75
2026-09-13 19:34:51.063,1789338891.063984,87
2026-09-13 19:34:51.071,1789338891.0716763,82
2026-09-13 19:34:51.079,1789338891.0793686,65
2026-09-13 19:34:51.087,1789338891.0870607,63
2026-09-13 19:34:51.094,1789338891.094753,58
2026-09-13 19:34:51.102,1789338891.1024454,36
2026-09-13 19:34:51.110,1789338891.1101377,16
2026-09-13 19:34:51.117,1789338891.11783,14
2026-09-13 19:34:51.125,1789338891.1255224,19
2026-09-13 19:34:51.133,1789338891.1332147,21
2026-09-13 19:34:51.140,1789338891.140907,21
2026-09-13 19:34:51.148,1789338891.1485991,21
2026-09-13 19:34:51.156,1789338891.1562915,19
2026-09-13 19:34:51.163,1789338891.1639838,19
2026-09-13 19:34:51.171,1789338891.1716762,16
2026-09-13 19:34:51.179,1789338891.1793685,38
2026-09-13 19:34:51.187,1789338891.1870608,169
2026-09-13 19:34:51.194,1789338891.1947532,441
2026-09-13 19:34:51.202,1789338891.2024455,807
2026-09-13 19:34:51.210,1789338891.2101376,1011
2026-09-13 19:34:51.217,1789338891.21783,562
2026-09-13 19:34:51.225,1789338891.2255223,-198
2026-09-13 19:34:51.233,1789338891.2332146,-307
2026-09-13 19:34:51.240,1789338891.240907,-7
2026-09-13 19:34:51.248,1789338891.2485993,-19
2026-09-13 19:34:51.256,1789338891.2562916,-104
2026-09-13 19:34:51.263,1789338891.263984,-31
2026-09-13 19:34:51.271,1789338891.2716763,-16
2026-09-13 19:34:51.279,1789338891.2793684,-50
2026-09-13 19:34:51.287,1789338891.2870607,-24
2026-09-13 19:34:51.294,1789338891.294753,-4
2026-09-13 19:34:51.301,1789338891.3019142,-14
2026-09-13 19:34:51.309,1789338891.3096066,-2
2026-09-13 19:34:51.317,1789338891.317299,16
2026-09-13 19:34:51.324,1789338891.3249912,21
2026-09-13 19:34:51.332,1789338891.3326836,26
2026-09-13 19:34:51.340,1789338891.3403757,36
2026-09-13 19:34:51.348,1789338891.348068,46
2026-09-13 19:34:51.355,1789338891.3557603,55
2026-09-13 19:34:51.363,1789338891.3634527,65
2026-09-13 19:34:51.371,1789338891.371145,77
2026-09-13 19:34:51.378,1789338891.3788373,92
2026-09-13 19:34:51.386,1789338891.3865297,104
2026-09-13 19:34:51.394,1789338891.394222,116
2026-09-13 19:34:51.401,1789338891.4019141,138
2026-09-13 19:34:51.409,1789338891.4096065,157
2026-09-13 19:34:51.417,1789338891.4172988,181
2026-09-13 19:34:51.424,1789338891.4249911,213
2026-09-13 19:34:51.432,1789338891.4326835,240
2026-09-13 19:34:51.440,1789338891.4403758,259
2026-09-13 19:34:51.448,1789338891.4480681,271
2026-09-13 19:34:51.455,1789338891.4557605,274
2026-09-13 19:34:51.463,1789338891.4634526,269
2026-09-13 19:34:51.471,1789338891.471145,247
2026-09-13 19:34:51.478,1789338891.4788373,201
2026-09-13 19:34:51.486,1789338891.4865296,138
2026-09-13 19:34:51.494,1789338891.494222,77
2026-09-13 19:34:51.501,1789338891.5019143,19
2026-09-13 19:34:51.509,1789338891.5096066,-26
2026-09-13 19:34:51.517,1789338891.517299,-53
2026-09-13 19:34:51.524,1789338891.524991,-70
2026-09-13 19:34:51.532,1789338891.5326834,-77
2026-09-13 19:34:51.540,1789338891.5403757,-77
2026-09-13 19:34:51.548,1789338891.548068,-75
2026-09-13 19:34:51.555,1789338891.5557604,-75
2026-09-13 19:34:51.563,1789338891.5634527,-67
2026-09-13 19:34:51.571,1789338891.571145,-60
2026-09-13 19:34:51.578,1789338891.5788374,-55
2026-09-13 19:34:51.586,1789338891.5865295,-46
2026-09-13 19:34:51.594,1789338891.5942218,-33
2026-09-13 19:34:51.601,1789338891.6019142,-33
2026-09-13 19:34:51.609,1789338891.6096065,-33
2026-09-13 19:34:51.617,1789338891.6172988,-26
2026-09-13 19:34:51.624,1789338891.6249912,-21
2026-09-13 19:34:51.632,1789338891.6326835,-19
2026-09-13 19:34:51.640,1789338891.6403759,-12
2026-09-13 19:34:51.648,1789338891.648068,-9
2026-09-13 19:34:51.655,1789338891.6557603,-9
2026-09-13 19:34:51.663,1789338891.6634526,-7
2026-09-13 19:34:51.671,1789338891.671145,-4
2026-09-13 19:34:51.678,1789338891.6788373,0
2026-09-13 19:34:51.686,1789338891.6865296,2
2026-09-13 19:34:51.694,1789338891.694222,-2
2026-09-13 19:34:51.701,1789338891.7019143,-4
2026-09-13 19:34:51.709,1789338891.7096064,-4
2026-09-13 19:34:51.717,1789338891.7172987,-4
2026-09-13 19:34:51.724,1789338891.724991,0
2026-09-13 19:34:51.732,1789338891.7326834,2
2026-09-13 19:34:51.740,1789338891.7403758,2
2026-09-13 19:34:51.748,1789338891.748068,4
2026-09-13 19:34:51.755,1789338891.7557604,9
2026-09-13 19:34:51.763,1789338891.7634528,9
2026-09-13 19:34:51.771,1789338891.7711449,12
2026-09-13 19:34:51.778,1789338891.7788372,14
2026-09-13 19:34:51.786,1789338891.7865295,12
2026-09-13 19:34:51.794,1789338891.7942219,9
2026-09-13 19:34:51.801,1789338891.8019142,9
2026-09-13 19:34:51.809,1789338891.8096066,12
2026-09-13 19:34:51.817,1789338891.817299,12
2026-09-13 19:34:51.824,1789338891.8249912,16
2026-09-13 19:34:51.832,1789338891.8326836,21
2026-09-13 19:34:51.840,1789338891.8403757,21
2026-09-13 19:34:51.848,1789338891.848068,19
2026-09-13 19:34:51.855,1789338891.8557603,21
2026-09-13 19:34:51.862,1789338891.8629217,24
2026-09-13 19:34:51.870,1789338891.870614,21
2026-09-13 19:34:51.878,1789338891.8783064,24
2026-09-13 19:34:51.885,1789338891.8859987,24
2026-09-13 19:34:51.893,1789338891.893691,24
2026-09-13 19:34:51.901,1789338891.9013832,21
2026-09-13 19:34:51.909,1789338891.9090755,21
2026-09-13 19:34:51.916,1789338891.9167678,21
2026-09-13 19:34:51.924,1789338891.9244602,33
2026-09-13 19:34:51.932,1789338891.9321525,50
2026-09-13 19:34:51.939,1789338891.9398448,63
2026-09-13 19:34:51.947,1789338891.9475372,80
2026-09-13 19:34:51.955,1789338891.9552295,92
2026-09-13 19:34:51.962,1789338891.9629216,75
2026-09-13 19:34:51.970,1789338891.970614,60
2026-09-13 19:34:51.978,1789338891.9783063,63
2026-09-13 19:34:51.985,1789338891.9859986,46
2026-09-13 19:34:51.993,1789338891.993691,16
2026-09-13 19:34:52.001,1789338892.0013833,7
2026-09-13 19:34:52.009,1789338892.0090756,14
2026-09-13 19:34:52.016,1789338892.016768,19
2026-09-13 19:34:52.024,1789338892.02446,16
2026-09-13 19:34:52.032,1789338892.0321524,14
2026-09-13 19:34:52.039,1789338892.0398448,19
2026-09-13 19:34:52.047,1789338892.047537,21
2026-09-13 19:34:52.055,1789338892.0552294,19
2026-09-13 19:34:52.062,1789338892.0629218,21
2026-09-13 19:34:52.070,1789338892.070614,84
2026-09-13 19:34:52.078,1789338892.0783064,283
2026-09-13 19:34:52.085,1789338892.0859985,613
2026-09-13 19:34:52.093,1789338892.0936909,962
2026-09-13 19:34:52.101,1789338892.1013832,885
2026-09-13 19:34:52.109,1789338892.1090755,150
2026-09-13 19:34:52.116,1789338892.116768,-363
2026-09-13 19:34:52.124,1789338892.1244602,-155
2026-09-13 19:34:52.132,1789338892.1321526,19
2026-09-13 19:34:52.139,1789338892.139845,-89
2026-09-13 19:34:52.147,1789338892.147537,-80
2026-09-13 19:34:52.155,1789338892.1552293,-12
2026-09-13 19:34:52.162,1789338892.1629217,-36
2026-09-13 19:34:52.170,1789338892.170614,-41
2026-09-13 19:34:52.178,1789338892.1783063,-14
2026-09-13 19:34:52.185,1789338892.1859987,-9
2026-09-13 19:34:52.193,1789338892.193691,-4
2026-09-13 19:34:52.201,1789338892.2013834,9
2026-09-13 19:34:52.209,1789338892.2090755,12
2026-09-13 19:34:52.216,1789338892.2167678,19
2026-09-13 19:34:52.224,1789338892.2244601,33
2026-09-13 19:34:52.232,1789338892.2321525,41
2026-09-13 19:34:52.239,1789338892.2398448,46
2026-09-13 19:34:52.247,1789338892.2475371,53
2026-09-13 19:34:52.255,1789338892.2552295,65
2026-09-13 19:34:52.262,1789338892.2629218,75
2026-09-13 19:34:52.270,1789338892.270614,92
2026-09-13 19:34:52.278,1789338892.2783062,109
2026-09-13 19:34:52.285,1789338892.2859986,121
2026-09-13 19:34:52.293,1789338892.293691,143
2026-09-13 19:34:52.301,1789338892.3013833,172
2026-09-13 19:34:52.309,1789338892.3090756,198
2026-09-13 19:34:52.316,1789338892.316768,223
2026-09-13 19:34:52.324,1789338892.3244603,249
2026-09-13 19:34:52.332,1789338892.3321524,266
2026-09-13 19:34:52.339,1789338892.3398447,274
2026-09-13 19:34:52.347,1789338892.347537,274
2026-09-13 19:34:52.355,1789338892.3552294,254
2026-09-13 19:34:52.362,1789338892.3629217,215
2026-09-13 19:34:52.370,1789338892.370614,162
2026-09-13 19:34:52.378,1789338892.3783064,101
2026-09-13 19:34:52.385,1789338892.3859987,38
2026-09-13 19:34:52.393,1789338892.393691,-9
2026-09-13 19:34:52.401,1789338892.4013832,-43
2026-09-13 19:34:52.409,1789338892.4090755,-67
2026-09-13 19:34:52.416,1789338892.4167678,-80
2026-09-13 19:34:52.423,1789338892.4238985,-82
2026-09-13 19:34:52.431,1789338892.4315908,-84
2026-09-13 19:34:52.439,1789338892.4392831,-82
2026-09-13 19:34:52.446,1789338892.4469755,-75
2026-09-13 19:34:52.454,1789338892.4546678,-70
2026-09-13 19:34:52.462,1789338892.46236,-63
2026-09-13 19:34:52.470,1789338892.4700522,-50
2026-09-13 19:34:52.477,1789338892.4777446,-48
2026-09-13 19:34:52.485,1789338892.485437,-41
2026-09-13 19:34:52.493,1789338892.4931293,-29
2026-09-13 19:34:52.500,1789338892.5008216,-26
2026-09-13 19:34:52.508,1789338892.508514,-24
2026-09-13 19:34:52.516,1789338892.5162063,-19
2026-09-13 19:34:52.523,1789338892.5238984,-16
2026-09-13 19:34:52.531,1789338892.5315907,-14
2026-09-13 19:34:52.539,1789338892.539283,-12
2026-09-13 19:34:52.546,1789338892.5469754,-9
2026-09-13 19:34:52.554,1789338892.5546677,-9
2026-09-13 19:34:52.562,1789338892.56236,-9
2026-09-13 19:34:52.570,1789338892.5700524,-7
2026-09-13 19:34:52.577,1789338892.5777447,-4
2026-09-13 19:34:52.585,1789338892.5854368,-2
2026-09-13 19:34:52.593,1789338892.5931292,0
2026-09-13 19:34:52.600,1789338892.6008215,-2
2026-09-13 19:34:52.608,1789338892.6085138,-4
2026-09-13 19:34:52.616,1789338892.6162062,0
2026-09-13 19:34:52.623,1789338892.6238985,7
2026-09-13 19:34:52.631,1789338892.6315908,7
2026-09-13 19:34:52.639,1789338892.6392832,2
2026-09-13 19:34:52.646,1789338892.6469753,7
2026-09-13 19:34:52.654,1789338892.6546676,12
2026-09-13 19:34:52.662,1789338892.66236,12
2026-09-13 19:34:52.670,1789338892.6700523,14
2026-09-13 19:34:52.677,1789338892.6777446,16
2026-09-13 19:34:52.685,1789338892.685437,14
2026-09-13 19:34:52.693,1789338892.6931293,14
2026-09-13 19:34:52.700,1789338892.7008216,19
2026-09-13 19:34:52.708,1789338892.7085137,19
2026-09-13 19:34:52.716,1789338892.716206,19
2026-09-13 19:34:52.723,1789338892.7238984,21
2026-09-13 19:34:52.731,1789338892.7315907,21
2026-09-13 19:34:52.739,1789338892.739283,19
2026-09-13 19:34:52.746,1789338892.7469754,24
2026-09-13 19:34:52.754,1789338892.7546678,26
2026-09-13 19:34:52.762,1789338892.76236,26
2026-09-13 19:34:52.770,1789338892.7700522,26
2026-09-13 19:34:52.777,1789338892.7777445,29
2026-09-13 19:34:52.785,1789338892.7854369,31
2026-09-13 19:34:52.793,1789338892.7931292,29
2026-09-13 19:34:52.800,1789338892.8008215,21
2026-09-13 19:34:52.808,1789338892.8085139,21
2026-09-13 19:34:52.816,1789338892.8162062,31
2026-09-13 19:34:52.823,1789338892.8238986,50
2026-09-13 19:34:52.831,1789338892.8315907,63
2026-09-13 19:34:52.839,1789338892.839283,77
2026-09-13 19:34:52.846,1789338892.8469753,84
2026-09-13 19:34:52.854,1789338892.8546677,72
2026-09-13 19:34:52.862,1789338892.86236,55
2026-09-13 19:34:52.870,1789338892.8700523,55
2026-09-13 19:34:52.877,1789338892.8777447,48
2026-09-13 19:34:52.885,1789338892.885437,24
2026-09-13 19:34:52.893,1789338892.893129,9
2026-09-13 19:34:52.900,1789338892.9008214,12
2026-09-13 19:34:52.908,1789338892.9085138,14
2026-09-13 19:34:52.916,1789338892.9162061,14
2026-09-13 19:34:52.923,1789338892.9238985,16
2026-09-13 19:34:52.931,1789338892.9315908,19
2026-09-13 19:34:52.939,1789338892.9392831,21
2026-09-13 19:34:52.946,1789338892.9469755,16
2026-09-13 19:34:52.954,1789338892.9546678,7
2026-09-13 19:34:52.962,1789338892.96236,55
2026-09-13 19:34:52.970,1789338892.9700522,232
2026-09-13 19:34:52.977,1789338892.9777446,531
2026-09-13 19:34:52.984,1789338892.9849057,899
2026-09-13 19:34:52.992,1789338892.992598,970
2026-09-13 19:34:53.000,1789338893.0002904,344
2026-09-13 19:34:53.007,1789338893.0079827,-320
2026-09-13 19:34:53.015,1789338893.015675,-240
2026-09-13 19:34:53.023,1789338893.0233672,14
2026-09-13 19:34:53.031,1789338893.0310595,-60
2026-09-13 19:34:53.038,1789338893.0387518,-97
2026-09-13 19:34:53.046,1789338893.0464442,-21
2026-09-13 19:34:53.054,1789338893.0541365,-33
2026-09-13 19:34:53.061,1789338893.0618289,-53
2026-09-13 19:34:53.069,1789338893.0695212,-16
2026-09-13 19:34:53.077,1789338893.0772135,-2
2026-09-13 19:34:53.084,1789338893.0849056,-7
2026-09-13 19:34:53.092,1789338893.092598,2
2026-09-13 19:34:53.100,1789338893.1002903,14
2026-09-13 19:34:53.107,1789338893.1079826,19
2026-09-13 19:34:53.115,1789338893.115675,29
2026-09-13 19:34:53.123,1789338893.1233673,41
2026-09-13 19:34:53.131,1789338893.1310596,46
2026-09-13 19:34:53.138,1789338893.138752,53
2026-09-13 19:34:53.146,1789338893.146444,65
2026-09-13 19:34:53.154,1789338893.1541364,80
2026-09-13 19:34:53.161,1789338893.1618288,87
2026-09-13 19:34:53.169,1789338893.169521,99
2026-09-13 19:34:53.177,1789338893.1772134,116
2026-09-13 19:34:53.184,1789338893.1849058,138
2026-09-13 19:34:53.192,1789338893.192598,162
2026-09-13 19:34:53.200,1789338893.2002904,189
2026-09-13 19:34:53.207,1789338893.2079825,215
2026-09-13 19:34:53.215,1789338893.2156749,240
2026-09-13 19:34:53.223,1789338893.2233672,259
2026-09-13 19:34:53.231,1789338893.2310596,271
2026-09-13 19:34:53.238,1789338893.238752,274
2026-09-13 19:34:53.246,1789338893.2464442,259
2026-09-13 19:34:53.254,1789338893.2541366,223
2026-09-13 19:34:53.261,1789338893.261829,169
2026-09-13 19:34:53.269,1789338893.269521,106
2026-09-13 19:34:53.277,1789338893.2772133,43
2026-09-13 19:34:53.284,1789338893.2849057,-4
2026-09-13 19:34:53.292,1789338893.292598,-43
2026-09-13 19:34:53.300,1789338893.3002903,-67
2026-09-13 19:34:53.307,1789338893.3079827,-82
2026-09-13 19:34:53.315,1789338893.315675,-87
2026-09-13 19:34:53.323,1789338893.3233674,-87
2026-09-13 19:34:53.331,1789338893.3310595,-84
2026-09-13 19:34:53.338,1789338893.3387518,-84
2026-09-13 19:34:53.346,1789338893.3464441,-77
2026-09-13 19:34:53.354,1789338893.3541365,-72
2026-09-13 19:34:53.361,1789338893.3618288,-65
2026-09-13 19:34:53.369,1789338893.3695211,-55
2026-09-13 19:34:53.377,1789338893.3772135,-46
2026-09-13 19:34:53.384,1789338893.3849058,-38
2026-09-13 19:34:53.392,1789338893.392598,-31
2026-09-13 19:34:53.400,1789338893.4002903,-29
2026-09-13 19:34:53.407,1789338893.4079826,-29
2026-09-13 19:34:53.415,1789338893.415675,-24
2026-09-13 19:34:53.423,1789338893.4233673,-16
2026-09-13 19:34:53.431,1789338893.4310596,-14
2026-09-13 19:34:53.438,1789338893.438752,-14
2026-09-13 19:34:53.446,1789338893.4464443,-12
2026-09-13 19:34:53.454,1789338893.4541364,-7
2026-09-13 19:34:53.461,1789338893.4618287,-7
2026-09-13 19:34:53.469,1789338893.469521,-9
2026-09-13 19:34:53.477,1789338893.4772134,-12
2026-09-13 19:34:53.484,1789338893.4849057,-12
2026-09-13 19:34:53.492,1789338893.492598,-7
2026-09-13 19:34:53.500,1789338893.5002904,0
2026-09-13 19:34:53.507,1789338893.5079827,0
2026-09-13 19:34:53.515,1789338893.515675,0
2026-09-13 19:34:53.523,1789338893.5233672,0
2026-09-13 19:34:53.531,1789338893.5310595,0
2026-09-13 19:34:53.538,1789338893.5387518,0
2026-09-13 19:34:53.545,1789338893.5459027,2
2026-09-13 19:34:53.553,1789338893.553595,2
2026-09-13 19:34:53.561,1789338893.5612874,7
2026-09-13 19:34:53.568,1789338893.5689797,12
2026-09-13 19:34:53.576,1789338893.576672,9
2026-09-13 19:34:53.584,1789338893.5843642,7
2026-09-13 19:34:53.592,1789338893.5920565,14
2026-09-13 19:34:53.599,1789338893.5997488,16
2026-09-13 19:34:53.607,1789338893.6074412,14
2026-09-13 19:34:53.615,1789338893.6151335,14
2026-09-13 19:34:53.622,1789338893.6228259,14
2026-09-13 19:34:53.630,1789338893.6305182,16
2026-09-13 19:34:53.638,1789338893.6382105,19
2026-09-13 19:34:53.645,1789338893.6459026,21
2026-09-13 19:34:53.653,1789338893.653595,21
2026-09-13 19:34:53.661,1789338893.6612873,19
2026-09-13 19:34:53.668,1789338893.6689796,21
2026-09-13 19:34:53.676,1789338893.676672,24
2026-09-13 19:34:53.684,1789338893.6843643,24
2026-09-13 19:34:53.692,1789338893.6920567,24
2026-09-13 19:34:53.699,1789338893.699749,26
2026-09-13 19:34:53.707,1789338893.707441,24
2026-09-13 19:34:53.715,1789338893.7151334,19
2026-09-13 19:34:53.722,1789338893.7228258,26
2026-09-13 19:34:53.730,1789338893.730518,46
2026-09-13 19:34:53.738,1789338893.7382104,63
2026-09-13 19:34:53.745,1789338893.7459028,77
2026-09-13 19:34:53.753,1789338893.753595,80
2026-09-13 19:34:53.761,1789338893.7612875,63
2026-09-13 19:34:53.768,1789338893.7689795,58
2026-09-13 19:34:53.776,1789338893.776672,60
2026-09-13 19:34:53.784,1789338893.7843642,38
2026-09-13 19:34:53.792,1789338893.7920566,12
2026-09-13 19:34:53.799,1789338893.799749,9
2026-09-13 19:34:53.807,1789338893.8074412,14
2026-09-13 19:34:53.815,1789338893.8151336,9
2026-09-13 19:34:53.822,1789338893.822826,7
2026-09-13 19:34:53.830,1789338893.830518,12
2026-09-13 19:34:53.838,1789338893.8382103,14
2026-09-13 19:34:53.845,1789338893.8459027,16
2026-09-13 19:34:53.853,1789338893.853595,14
2026-09-13 19:34:53.861,1789338893.8612874,12
2026-09-13 19:34:53.868,1789338893.8689797,70
2026-09-13 19:34:53.876,1789338893.876672,264
2026-09-13 19:34:53.884,1789338893.8843644,594
2026-09-13 19:34:53.892,1789338893.8920565,953
2026-09-13 19:34:53.899,1789338893.8997488,909
2026-09-13 19:34:53.907,1789338893.9074411,191
2026-09-13 19:34:53.915,1789338893.9151335,-363
2026-09-13 19:34:53.922,1789338893.9228258,-184
2026-09-13 19:34:53.930,1789338893.9305182,16
2026-09-13 19:34:53.938,1789338893.9382105,-87
2026-09-13 19:34:53.945,1789338893.9459028,-97
2026-09-13 19:34:53.953,1789338893.953595,-26
2026-09-13 19:34:53.961,1789338893.9612873,-46
2026-09-13 19:34:53.968,1789338893.9689796,-55
2026-09-13 19:34:53.976,1789338893.976672,-19
2026-09-13 19:34:53.984,1789338893.9843643,-12
2026-09-13 19:34:53.992,1789338893.9920566,-19
2026-09-13 19:34:53.999,1789338893.999749,-7
2026-09-13 19:34:54.007,1789338894.0074413,7
2026-09-13 19:34:54.015,1789338894.0151334,12
2026-09-13 19:34:54.022,1789338894.0228257,19
2026-09-13 19:34:54.030,1789338894.030518,29
2026-09-13 19:34:54.038,1789338894.0382104,38
2026-09-13 19:34:54.045,1789338894.0459027,46
2026-09-13 19:34:54.053,1789338894.053595,55
2026-09-13 19:34:54.061,1789338894.0612874,70
2026-09-13 19:34:54.068,1789338894.0689797,84
2026-09-13 19:34:54.076,1789338894.076672,99
2026-09-13 19:34:54.084,1789338894.0843642,113
2026-09-13 19:34:54.092,1789338894.0920565,135
2026-09-13 19:34:54.099,1789338894.0997488,162
2026-09-13 19:34:54.106,1789338894.10689,189
2026-09-13 19:34:54.114,1789338894.1145823,213
2026-09-13 19:34:54.122,1789338894.1222746,235
2026-09-13 19:34:54.129,1789338894.129967,257
2026-09-13 19:34:54.137,1789338894.1376593,264
2026-09-13 19:34:54.145,1789338894.1453514,261
2026-09-13 19:34:54.153,1789338894.1530437,247
2026-09-13 19:34:54.160,1789338894.160736,213
2026-09-13 19:34:54.168,1789338894.1684284,157
2026-09-13 19:34:54.176,1789338894.1761208,97
2026-09-13 19:34:54.183,1789338894.183813,38
2026-09-13 19:34:54.191,1789338894.1915054,-12
2026-09-13 19:34:54.199,1789338894.1991978,-53
2026-09-13 19:34:54.206,1789338894.2068899,-77
2026-09-13 19:34:54.214,1789338894.2145822,-84
2026-09-13 19:34:54.222,1789338894.2222745,-92
2026-09-13 19:34:54.229,1789338894.2299669,-99
2026-09-13 19:34:54.237,1789338894.2376592,-89
2026-09-13 19:34:54.245,1789338894.2453516,-77
2026-09-13 19:34:54.253,1789338894.253044,-72
2026-09-13 19:34:54.260,1789338894.2607362,-67
2026-09-13 19:34:54.268,1789338894.2684283,-63
2026-09-13 19:34:54.276,1789338894.2761207,-58
2026-09-13 19:34:54.283,1789338894.283813,-50
2026-09-13 19:34:54.291,1789338894.2915053,-43
2026-09-13 19:34:54.299,1789338894.2991977,-33
2026-09-13 19:34:54.306,1789338894.30689,-29
2026-09-13 19:34:54.314,1789338894.3145823,-29
2026-09-13 19:34:54.322,1789338894.3222747,-24
2026-09-13 19:34:54.329,1789338894.3299668,-14
2026-09-13 19:34:54.337,1789338894.3376591,-14
2026-09-13 19:34:54.345,1789338894.3453515,-12
2026-09-13 19:34:54.353,1789338894.3530438,-9
2026-09-13 19:34:54.360,1789338894.3607361,-9
2026-09-13 19:34:54.368,1789338894.3684285,-9
2026-09-13 19:34:54.376,1789338894.3761208,-9
2026-09-13 19:34:54.383,1789338894.3838131,-9
2026-09-13 19:34:54.391,1789338894.3915052,-9
2026-09-13 19:34:54.399,1789338894.3991976,-7
2026-09-13 19:34:54.406,1789338894.40689,-4
2026-09-13 19:34:54.414,1789338894.4145823,-4
2026-09-13 19:34:54.422,1789338894.4222746,2
2026-09-13 19:34:54.429,1789338894.429967,7
2026-09-13 19:34:54.437,1789338894.4376593,4
2026-09-13 19:34:54.445,1789338894.4453516,2
2026-09-13 19:34:54.453,1789338894.4530437,7
2026-09-13 19:34:54.460,1789338894.460736,9
2026-09-13 19:34:54.468,1789338894.4684284,9
2026-09-13 19:34:54.476,1789338894.4761207,12
2026-09-13 19:34:54.483,1789338894.483813,12
2026-09-13 19:34:54.491,1789338894.4915054,12
2026-09-13 19:34:54.499,1789338894.4991977,16
2026-09-13 19:34:54.506,1789338894.50689,14
2026-09-13 19:34:54.514,1789338894.5145822,14
2026-09-13 19:34:54.522,1789338894.5222745,19
2026-09-13 19:34:54.529,1789338894.5299668,24
2026-09-13 19:34:54.537,1789338894.5376592,24
2026-09-13 19:34:54.545,1789338894.5453515,24
2026-09-13 19:34:54.553,1789338894.5530438,24
2026-09-13 19:34:54.560,1789338894.5607362,24
2026-09-13 19:34:54.568,1789338894.5684285,26
2026-09-13 19:34:54.576,1789338894.5761206,29
2026-09-13 19:34:54.583,1789338894.583813,26
2026-09-13 19:34:54.591,1789338894.5915053,21
2026-09-13 19:34:54.599,1789338894.5991976,21
2026-09-13 19:34:54.606,1789338894.60689,24
2026-09-13 19:34:54.614,1789338894.6145823,24
2026-09-13 19:34:54.622,1789338894.6222746,21
2026-09-13 19:34:54.629,1789338894.629967,29
2026-09-13 19:34:54.637,1789338894.6376593,48
2026-09-13 19:34:54.645,1789338894.6453514,63
2026-09-13 19:34:54.653,1789338894.6530437,75
2026-09-13 19:34:54.660,1789338894.660736,82
2026-09-13 19:34:54.667,1789338894.6678972,67
2026-09-13 19:34:54.675,1789338894.6755896,53
2026-09-13 19:34:54.683,1789338894.683282,50
2026-09-13 19:34:54.690,1789338894.6909742,36
2026-09-13 19:34:54.698,1789338894.6986666,14
2026-09-13 19:34:54.706,1789338894.7063587,7
2026-09-13 19:34:54.714,1789338894.714051,12
2026-09-13 19:34:54.721,1789338894.7217433,12
2026-09-13 19:34:54.729,1789338894.7294357,12
2026-09-13 19:34:54.737,1789338894.737128,14
2026-09-13 19:34:54.744,1789338894.7448204,14
2026-09-13 19:34:54.752,1789338894.7525127,16
2026-09-13 19:34:54.760,1789338894.760205,12
2026-09-13 19:34:54.767,1789338894.7678971,9
2026-09-13 19:34:54.775,1789338894.7755895,65
2026-09-13 19:34:54.783,1789338894.7832818,247
2026-09-13 19:34:54.790,1789338894.7909741,555
2026-09-13 19:34:54.798,1789338894.7986665,921
2026-09-13 19:34:54.806,1789338894.8063588,953
2026-09-13 19:34:54.814,1789338894.8140512,288
2026-09-13 19:34:54.821,1789338894.8217435,-339
2026-09-13 19:34:54.829,1789338894.8294356,-218
2026-09-13 19:34:54.837,1789338894.837128,19
2026-09-13 19:34:54.844,1789338894.8448203,-70
2026-09-13 19:34:54.852,1789338894.8525126,-97
2026-09-13 19:34:54.860,1789338894.860205,-24
2026-09-13 19:34:54.867,1789338894.8678973,-36
2026-09-13 19:34:54.875,1789338894.8755896,-55
2026-09-13 19:34:54.883,1789338894.883282,-24
2026-09-13 19:34:54.890,1789338894.890974,-14
2026-09-13 19:34:54.898,1789338894.8986664,-19
2026-09-13 19:34:54.906,1789338894.9063587,-2
2026-09-13 19:34:54.914,1789338894.914051,14
2026-09-13 19:34:54.921,1789338894.9217434,14
2026-09-13 19:34:54.929,1789338894.9294357,19
2026-09-13 19:34:54.937,1789338894.937128,33
2026-09-13 19:34:54.944,1789338894.9448204,41
2026-09-13 19:34:54.952,1789338894.9525125,48
2026-09-13 19:34:54.960,1789338894.9602048,63
2026-09-13 19:34:54.967,1789338894.9678972,77
2026-09-13 19:34:54.975,1789338894.9755895,87
2026-09-13 19:34:54.983,1789338894.9832819,101
2026-09-13 19:34:54.990,1789338894.9909742,118
2026-09-13 19:34:54.998,1789338894.9986665,133
2026-09-13 19:34:55.006,1789338895.0063589,155
2026-09-13 19:34:55.014,1789338895.014051,191
2026-09-13 19:34:55.021,1789338895.0217433,225
2026-09-13 19:34:55.029,1789338895.0294356,244
2026-09-13 19:34:55.037,1789338895.037128,259
2026-09-13 19:34:55.044,1789338895.0448203,271
2026-09-13 19:34:55.052,1789338895.0525126,271
2026-09-13 19:34:55.060,1789338895.060205,259
2026-09-13 19:34:55.067,1789338895.0678973,230
2026-09-13 19:34:55.075,1789338895.0755894,172
2026-09-13 19:34:55.083,1789338895.0832818,104
2026-09-13 19:34:55.090,1789338895.090974,43
2026-09-13 19:34:55.098,1789338895.0986664,-9
2026-09-13 19:34:55.106,1789338895.1063588,-50
2026-09-13 19:34:55.114,1789338895.114051,-72
2026-09-13 19:34:55.121,1789338895.1217434,-82
2026-09-13 19:34:55.129,1789338895.1294358,-87
2026-09-13 19:34:55.137,1789338895.1371279,-89
2026-09-13 19:34:55.144,1789338895.1448202,-92
2026-09-13 19:34:55.152,1789338895.1525126,-87
2026-09-13 19:34:55.160,1789338895.160205,-75
2026-09-13 19:34:55.167,1789338895.1678972,-67
2026-09-13 19:34:55.175,1789338895.1755896,-58
2026-09-13 19:34:55.183,1789338895.183282,-50
2026-09-13 19:34:55.190,1789338895.1909742,-50
2026-09-13 19:34:55.198,1789338895.1986666,-46
2026-09-13 19:34:55.206,1789338895.2063587,-33
2026-09-13 19:34:55.214,1789338895.214051,-29
2026-09-13 19:34:55.221,1789338895.2217433,-26
2026-09-13 19:34:55.228,1789338895.2289042,-21
2026-09-13 19:34:55.236,1789338895.2365966,-16
2026-09-13 19:34:55.244,1789338895.244289,-16
2026-09-13 19:34:55.251,1789338895.2519813,-14
2026-09-13 19:34:55.259,1789338895.2596736,-12
2026-09-13 19:34:55.267,1789338895.2673657,-9
2026-09-13 19:34:55.275,1789338895.275058,-7
2026-09-13 19:34:55.282,1789338895.2827504,-4
2026-09-13 19:34:55.290,1789338895.2904427,-7
2026-09-13 19:34:55.298,1789338895.298135,-9
2026-09-13 19:34:55.305,1789338895.3058274,-9
2026-09-13 19:34:55.313,1789338895.3135197,-2
2026-09-13 19:34:55.321,1789338895.321212,2
2026-09-13 19:34:55.328,1789338895.3289042,0
2026-09-13 19:34:55.336,1789338895.3365965,4
2026-09-13 19:34:55.344,1789338895.3442888,9
2026-09-13 19:34:55.351,1789338895.3519812,7
2026-09-13 19:34:55.359,1789338895.3596735,7
2026-09-13 19:34:55.367,1789338895.3673658,9
2026-09-13 19:34:55.375,1789338895.3750582,9
2026-09-13 19:34:55.382,1789338895.3827505,7
2026-09-13 19:34:55.390,1789338895.3904426,9
2026-09-13 19:34:55.398,1789338895.398135,14
2026-09-13 19:34:55.405,1789338895.4058273,16
2026-09-13 19:34:55.413,1789338895.4135196,16
2026-09-13 19:34:55.421,1789338895.421212,21
2026-09-13 19:34:55.428,1789338895.4289043,21
2026-09-13 19:34:55.436,1789338895.4365966,19
2026-09-13 19:34:55.444,1789338895.444289,19
2026-09-13 19:34:55.451,1789338895.451981,24
2026-09-13 19:34:55.459,1789338895.4596734,29
2026-09-13 19:34:55.467,1789338895.4673657,33
2026-09-13 19:34:55.475,1789338895.475058,31
2026-09-13 19:34:55.482,1789338895.4827504,29
2026-09-13 19:34:55.490,1789338895.4904428,31
2026-09-13 19:34:55.498,1789338895.498135,31
2026-09-13 19:34:55.505,1789338895.5058274,31
2026-09-13 19:34:55.513,1789338895.5135195,33
2026-09-13 19:34:55.521,1789338895.5212119,36
2026-09-13 19:34:55.528,1789338895.5289042,31
2026-09-13 19:34:55.536,1789338895.5365965,26
2026-09-13 19:34:55.544,1789338895.5442889,31
2026-09-13 19:34:55.551,1789338895.5519812,50
2026-09-13 19:34:55.559,1789338895.5596735,67
2026-09-13 19:34:55.567,1789338895.567366,72
2026-09-13 19:34:55.575,1789338895.575058,82
2026-09-13 19:34:55.582,1789338895.5827503,84
2026-09-13 19:34:55.590,1789338895.5904427,72
2026-09-13 19:34:55.598,1789338895.598135,65
2026-09-13 19:34:55.605,1789338895.6058273,60
2026-09-13 19:34:55.613,1789338895.6135197,38
2026-09-13 19:34:55.621,1789338895.621212,16
2026-09-13 19:34:55.628,1789338895.6289043,16
2026-09-13 19:34:55.636,1789338895.6365964,21
2026-09-13 19:34:55.644,1789338895.6442888,19
2026-09-13 19:34:55.651,1789338895.651981,21
2026-09-13 19:34:55.659,1789338895.6596735,21
2026-09-13 19:34:55.667,1789338895.6673658,24
2026-09-13 19:34:55.675,1789338895.6750581,24
2026-09-13 19:34:55.682,1789338895.6827505,19
2026-09-13 19:34:55.690,1789338895.6904428,31
2026-09-13 19:34:55.698,1789338895.698135,133
2026-09-13 19:34:55.705,1789338895.7058272,380
2026-09-13 19:34:55.713,1789338895.7135196,746
2026-09-13 19:34:55.721,1789338895.721212,1033
2026-09-13 19:34:55.728,1789338895.7289042,732
2026-09-13 19:34:55.736,1789338895.7365966,-67
2026-09-13 19:34:55.744,1789338895.744289,-354
2026-09-13 19:34:55.751,1789338895.7519813,-55
2026-09-13 19:34:55.759,1789338895.7596736,7
2026-09-13 19:34:55.767,1789338895.7673657,-106
2026-09-13 19:34:55.775,1789338895.775058,-50
2026-09-13 19:34:55.782,1789338895.7827504,-9
2026-09-13 19:34:55.789,1789338895.7898812,-43
2026-09-13 19:34:55.797,1789338895.7975736,-29
2026-09-13 19:34:55.805,1789338895.805266,2
2026-09-13 19:34:55.812,1789338895.8129582,0
2026-09-13 19:34:55.820,1789338895.8206506,2
2026-09-13 19:34:55.828,1789338895.8283427,14
2026-09-13 19:34:55.836,1789338895.836035,24
2026-09-13 19:34:55.843,1789338895.8437274,33
2026-09-13 19:34:55.851,1789338895.8514197,38
2026-09-13 19:34:55.859,1789338895.859112,46
2026-09-13 19:34:55.866,1789338895.8668044,58
2026-09-13 19:34:55.874,1789338895.8744967,70
2026-09-13 19:34:55.882,1789338895.882189,80
2026-09-13 19:34:55.889,1789338895.8898811,89
2026-09-13 19:34:55.897,1789338895.8975735,101
2026-09-13 19:34:55.905,1789338895.9052658,121
2026-09-13 19:34:55.912,1789338895.9129581,140
2026-09-13 19:34:55.920,1789338895.9206505,160
2026-09-13 19:34:55.928,1789338895.9283428,186
2026-09-13 19:34:55.936,1789338895.9360352,215
2026-09-13 19:34:55.943,1789338895.9437275,242
2026-09-13 19:34:55.951,1789338895.9514196,266
2026-09-13 19:34:55.959,1789338895.959112,283
2026-09-13 19:34:55.966,1789338895.9668043,291
2026-09-13 19:34:55.974,1789338895.9744966,281
2026-09-13 19:34:55.982,1789338895.982189,257
2026-09-13 19:34:55.989,1789338895.9898813,210
2026-09-13 19:34:55.997,1789338895.9975736,150
2026-09-13 19:34:56.005,1789338896.005266,87
2026-09-13 19:34:56.012,1789338896.012958,29
2026-09-13 19:34:56.020,1789338896.0206504,-14
2026-09-13 19:34:56.028,1789338896.0283427,-48
2026-09-13 19:34:56.036,1789338896.036035,-70
2026-09-13 19:34:56.043,1789338896.0437274,-77
2026-09-13 19:34:56.051,1789338896.0514197,-80
2026-09-13 19:34:56.059,1789338896.059112,-82
2026-09-13 19:34:56.066,1789338896.0668044,-80
2026-09-13 19:34:56.074,1789338896.0744965,-75
2026-09-13 19:34:56.082,1789338896.0821888,-65
2026-09-13 19:34:56.089,1789338896.0898812,-55
2026-09-13 19:34:56.097,1789338896.0975735,-50
2026-09-13 19:34:56.105,1789338896.1052659,-46
2026-09-13 19:34:56.112,1789338896.1129582,-36
2026-09-13 19:34:56.120,1789338896.1206505,-31
2026-09-13 19:34:56.128,1789338896.1283429,-29
2026-09-13 19:34:56.136,1789338896.136035,-24
2026-09-13 19:34:56.143,1789338896.1437273,-21
2026-09-13 19:34:56.151,1789338896.1514196,-16
2026-09-13 19:34:56.159,1789338896.159112,-9
2026-09-13 19:34:56.166,1789338896.1668043,-4
2026-09-13 19:34:56.174,1789338896.1744967,-2
2026-09-13 19:34:56.182,1789338896.182189,-4
2026-09-13 19:34:56.189,1789338896.1898813,-4
2026-09-13 19:34:56.197,1789338896.1975734,-2
2026-09-13 19:34:56.205,1789338896.2052658,0
2026-09-13 19:34:56.212,1789338896.212958,0
2026-09-13 19:34:56.220,1789338896.2206504,0
2026-09-13 19:34:56.228,1789338896.2283428,2
2026-09-13 19:34:56.236,1789338896.236035,4
2026-09-13 19:34:56.243,1789338896.2437274,4
2026-09-13 19:34:56.251,1789338896.2514198,4
2026-09-13 19:34:56.259,1789338896.259112,4
2026-09-13 19:34:56.266,1789338896.2668042,7
2026-09-13 19:34:56.274,1789338896.2744966,14
2026-09-13 19:34:56.282,1789338896.282189,16
2026-09-13 19:34:56.289,1789338896.2898812,12
2026-09-13 19:34:56.297,1789338896.2975736,14
2026-09-13 19:34:56.305,1789338896.305266,19
2026-09-13 19:34:56.312,1789338896.3129582,16
2026-09-13 19:34:56.320,1789338896.3206506,16
2026-09-13 19:34:56.328,1789338896.3283427,19
2026-09-13 19:34:56.336,1789338896.336035,24
2026-09-13 19:34:56.343,1789338896.3437274,26
2026-09-13 19:34:56.350,1789338896.3508885,24
2026-09-13 19:34:56.358,1789338896.3585808,19
2026-09-13 19:34:56.366,1789338896.3662732,24
2026-09-13 19:34:56.373,1789338896.3739655,29
2026-09-13 19:34:56.381,1789338896.3816578,26
2026-09-13 19:34:56.389,1789338896.38935,26
2026-09-13 19:34:56.397,1789338896.3970423,33
2026-09-13 19:34:56.404,1789338896.4047346,33
2026-09-13 19:34:56.412,1789338896.412427,31
2026-09-13 19:34:56.420,1789338896.4201193,31
2026-09-13 19:34:56.427,1789338896.4278116,33
2026-09-13 19:34:56.435,1789338896.435504,36
2026-09-13 19:34:56.443,1789338896.4431963,33
2026-09-13 19:34:56.450,1789338896.4508884,36
2026-09-13 19:34:56.458,1789338896.4585807,53
2026-09-13 19:34:56.466,1789338896.466273,70
2026-09-13 19:34:56.473,1789338896.4739654,82
2026-09-13 19:34:56.481,1789338896.4816577,87
2026-09-13 19:34:56.489,1789338896.48935,82
2026-09-13 19:34:56.497,1789338896.4970424,72
2026-09-13 19:34:56.504,1789338896.5047348,67
2026-09-13 19:34:56.512,1789338896.5124269,60
2026-09-13 19:34:56.520,1789338896.5201192,38
2026-09-13 19:34:56.527,1789338896.5278115,21
2026-09-13 19:34:56.535,1789338896.5355039,21
2026-09-13 19:34:56.543,1789338896.5431962,24
2026-09-13 19:34:56.550,1789338896.5508885,24
2026-09-13 19:34:56.558,1789338896.5585809,24
2026-09-13 19:34:56.566,1789338896.5662732,24
2026-09-13 19:34:56.573,1789338896.5739653,26
2026-09-13 19:34:56.581,1789338896.5816576,24
2026-09-13 19:34:56.589,1789338896.58935,21
2026-09-13 19:34:56.597,1789338896.5970423,60
2026-09-13 19:34:56.604,1789338896.6047347,208
2026-09-13 19:34:56.612,1789338896.612427,502
2026-09-13 19:34:56.620,1789338896.6201193,887
2026-09-13 19:34:56.627,1789338896.6278117,1028
2026-09-13 19:34:56.635,1789338896.6355038,477
2026-09-13 19:34:56.643,1789338896.643196,-252
2026-09-13 19:34:56.650,1789338896.6508884,-264
2026-09-13 19:34:56.658,1789338896.6585808,14
2026-09-13 19:34:56.666,1789338896.666273,-36
2026-09-13 19:34:56.673,1789338896.6739655,-99
2026-09-13 19:34:56.681,1789338896.6816578,-21
2026-09-13 19:34:56.689,1789338896.6893501,-19
2026-09-13 19:34:56.697,1789338896.6970422,-48
2026-09-13 19:34:56.704,1789338896.7047346,-24
2026-09-13 19:34:56.712,1789338896.712427,-4
2026-09-13 19:34:56.720,1789338896.7201192,-4
2026-09-13 19:34:56.727,1789338896.7278116,7
2026-09-13 19:34:56.735,1789338896.735504,16
2026-09-13 19:34:56.743,1789338896.7431962,16
2026-09-13 19:34:56.750,1789338896.7508886,29
2026-09-13 19:34:56.758,1789338896.7585807,38
2026-09-13 19:34:56.766,1789338896.766273,43
2026-09-13 19:34:56.773,1789338896.7739654,53
2026-09-13 19:34:56.781,1789338896.7816577,67
2026-09-13 19:34:56.789,1789338896.78935,77
2026-09-13 19:34:56.797,1789338896.7970424,84
2026-09-13 19:34:56.804,1789338896.8047347,101
2026-09-13 19:34:56.812,1789338896.812427,121
2026-09-13 19:34:56.820,1789338896.8201191,138
2026-09-13 19:34:56.827,1789338896.8278115,160
2026-09-13 19:34:56.835,1789338896.8355038,186
2026-09-13 19:34:56.843,1789338896.8431962,218
2026-09-13 19:34:56.850,1789338896.8508885,244
2026-09-13 19:34:56.858,1789338896.8585808,266
2026-09-13 19:34:56.866,1789338896.8662732,278
2026-09-13 19:34:56.873,1789338896.8739655,281
2026-09-13 19:34:56.881,1789338896.8816578,271
2026-09-13 19:34:56.889,1789338896.88935,240
2026-09-13 19:34:56.897,1789338896.8970423,186
2026-09-13 19:34:56.904,1789338896.9047346,123
2026-09-13 19:34:56.911,1789338896.911896,63
2026-09-13 19:34:56.919,1789338896.9195883,4
2026-09-13 19:34:56.927,1789338896.9272807,-38
2026-09-13 19:34:56.934,1789338896.934973,-67
2026-09-13 19:34:56.942,1789338896.9426653,-80
2026-09-13 19:34:56.950,1789338896.9503574,-80
2026-09-13 19:34:56.958,1789338896.9580498,-84
2026-09-13 19:34:56.965,1789338896.965742,-89
2026-09-13 19:34:56.973,1789338896.9734344,-84
2026-09-13 19:34:56.981,1789338896.9811268,-75
2026-09-13 19:34:56.988,1789338896.9888191,-67
2026-09-13 19:34:56.996,1789338896.9965115,-58
2026-09-13 19:34:57.004,1789338897.0042038,-48
2026-09-13 19:34:57.011,1789338897.011896,-41
2026-09-13 19:34:57.019,1789338897.0195882,-33
2026-09-13 19:34:57.027,1789338897.0272806,-31
2026-09-13 19:34:57.034,1789338897.034973,-26
2026-09-13 19:34:57.042,1789338897.0426652,-21
2026-09-13 19:34:57.050,1789338897.0503576,-19
2026-09-13 19:34:57.058,1789338897.05805,-19
2026-09-13 19:34:57.065,1789338897.0657423,-9
2026-09-13 19:34:57.073,1789338897.0734344,-4
2026-09-13 19:34:57.081,1789338897.0811267,-7
2026-09-13 19:34:57.088,1789338897.088819,-4
2026-09-13 19:34:57.096,1789338897.0965114,-4
2026-09-13 19:34:57.104,1789338897.1042037,-4
2026-09-13 19:34:57.111,1789338897.111896,0
2026-09-13 19:34:57.119,1789338897.1195884,2
2026-09-13 19:34:57.127,1789338897.1272807,0
2026-09-13 19:34:57.134,1789338897.1349728,2
2026-09-13 19:34:57.142,1789338897.1426651,4
2026-09-13 19:34:57.150,1789338897.1503575,4
2026-09-13 19:34:57.158,1789338897.1580498,2
2026-09-13 19:34:57.165,1789338897.1657422,2
2026-09-13 19:34:57.173,1789338897.1734345,7
2026-09-13 19:34:57.181,1789338897.1811268,14
2026-09-13 19:34:57.188,1789338897.1888192,12
2026-09-13 19:34:57.196,1789338897.1965113,9
2026-09-13 19:34:57.204,1789338897.2042036,16
2026-09-13 19:34:57.211,1789338897.211896,16
2026-09-13 19:34:57.219,1789338897.2195883,14
2026-09-13 19:34:57.227,1789338897.2272806,19
2026-09-13 19:34:57.234,1789338897.234973,19
2026-09-13 19:34:57.242,1789338897.2426653,16
2026-09-13 19:34:57.250,1789338897.2503576,21
2026-09-13 19:34:57.258,1789338897.2580497,26
2026-09-13 19:34:57.265,1789338897.265742,24
2026-09-13 19:34:57.273,1789338897.2734344,24
2026-09-13 19:34:57.281,1789338897.2811267,29
2026-09-13 19:34:57.288,1789338897.288819,29
2026-09-13 19:34:57.296,1789338897.2965114,26
2026-09-13 19:34:57.304,1789338897.3042037,26
2026-09-13 19:34:57.311,1789338897.311896,26
2026-09-13 19:34:57.319,1789338897.3195882,26
2026-09-13 19:34:57.327,1789338897.3272805,29
2026-09-13 19:34:57.334,1789338897.3349729,29
2026-09-13 19:34:57.342,1789338897.3426652,26
2026-09-13 19:34:57.350,1789338897.3503575,24
2026-09-13 19:34:57.358,1789338897.3580499,24
2026-09-13 19:34:57.365,1789338897.3657422,36
2026-09-13 19:34:57.373,1789338897.3734345,55
2026-09-13 19:34:57.381,1789338897.3811266,70
2026-09-13 19:34:57.388,1789338897.388819,77
2026-09-13 19:34:57.396,1789338897.3965113,75
2026-09-13 19:34:57.404,1789338897.4042037,63
2026-09-13 19:34:57.411,1789338897.411896,60
2026-09-13 19:34:57.419,1789338897.4195883,55
2026-09-13 19:34:57.427,1789338897.4272807,31
2026-09-13 19:34:57.434,1789338897.434973,14
2026-09-13 19:34:57.442,1789338897.4426653,12
2026-09-13 19:34:57.450,1789338897.4503574,9
2026-09-13 19:34:57.458,1789338897.4580498,12
2026-09-13 19:34:57.465,1789338897.465742,14
2026-09-13 19:34:57.472,1789338897.4728725,14
2026-09-13 19:34:57.480,1789338897.4805648,14
2026-09-13 19:34:57.488,1789338897.4882572,14
2026-09-13 19:34:57.495,1789338897.4959495,9
2026-09-13 19:34:57.503,1789338897.5036418,19
2026-09-13 19:34:57.511,1789338897.511334,113
2026-09-13 19:34:57.519,1789338897.5190263,354
2026-09-13 19:34:57.526,1789338897.5267186,708
2026-09-13 19:34:57.534,1789338897.534411,1013
2026-09-13 19:34:57.542,1789338897.5421033,766
2026-09-13 19:34:57.549,1789338897.5497956,-26
2026-09-13 19:34:57.557,1789338897.557488,-363
2026-09-13 19:34:57.565,1789338897.5651803,-84
2026-09-13 19:34:57.572,1789338897.5728724,0
2026-09-13 19:34:57.580,1789338897.5805647,-111
2026-09-13 19:34:57.588,1789338897.588257,-72
2026-09-13 19:34:57.595,1789338897.5959494,-24
2026-09-13 19:34:57.603,1789338897.6036417,-53
2026-09-13 19:34:57.611,1789338897.611334,-50
2026-09-13 19:34:57.619,1789338897.6190264,-21
2026-09-13 19:34:57.626,1789338897.6267188,-16
2026-09-13 19:34:57.634,1789338897.6344109,-16
2026-09-13 19:34:57.642,1789338897.6421032,-4
2026-09-13 19:34:57.649,1789338897.6497955,4
2026-09-13 19:34:57.657,1789338897.6574879,9
2026-09-13 19:34:57.665,1789338897.6651802,19
2026-09-13 19:34:57.672,1789338897.6728725,31
2026-09-13 19:34:57.680,1789338897.6805649,36
2026-09-13 19:34:57.688,1789338897.6882572,46
2026-09-13 19:34:57.695,1789338897.6959493,60
2026-09-13 19:34:57.703,1789338897.7036417,70
2026-09-13 19:34:57.711,1789338897.711334,77
2026-09-13 19:34:57.719,1789338897.7190263,94
2026-09-13 19:34:57.726,1789338897.7267187,118
2026-09-13 19:34:57.734,1789338897.734411,140
2026-09-13 19:34:57.742,1789338897.7421033,164
2026-09-13 19:34:57.749,1789338897.7497957,194
2026-09-13 19:34:57.757,1789338897.7574878,223
2026-09-13 19:34:57.765,1789338897.76518,244
2026-09-13 19:34:57.772,1789338897.7728724,259
2026-09-13 19:34:57.780,1789338897.7805648,269
2026-09-13 19:34:57.788,1789338897.7882571,271
2026-09-13 19:34:57.795,1789338897.7959495,247
2026-09-13 19:34:57.803,1789338897.8036418,196
2026-09-13 19:34:57.811,1789338897.8113341,138
2026-09-13 19:34:57.819,1789338897.8190262,75
2026-09-13 19:34:57.826,1789338897.8267186,16
2026-09-13 19:34:57.834,1789338897.834411,-26
2026-09-13 19:34:57.842,1789338897.8421032,-60
2026-09-13 19:34:57.849,1789338897.8497956,-84
2026-09-13 19:34:57.857,1789338897.857488,-94
2026-09-13 19:34:57.865,1789338897.8651803,-92
2026-09-13 19:34:57.872,1789338897.8728726,-92
2026-09-13 19:34:57.880,1789338897.8805647,-89
2026-09-13 19:34:57.888,1789338897.888257,-82
2026-09-13 19:34:57.895,1789338897.8959494,-77
2026-09-13 19:34:57.903,1789338897.9036417,-70
2026-09-13 19:34:57.911,1789338897.911334,-63
2026-09-13 19:34:57.919,1789338897.9190264,-60
2026-09-13 19:34:57.926,1789338897.9267187,-50
2026-09-13 19:34:57.934,1789338897.934411,-36
2026-09-13 19:34:57.942,1789338897.9421031,-31
2026-09-13 19:34:57.949,1789338897.9497955,-33
2026-09-13 19:34:57.957,1789338897.9574878,-29
2026-09-13 19:34:57.965,1789338897.9651802,-24
2026-09-13 19:34:57.972,1789338897.9728725,-14
2026-09-13 19:34:57.980,1789338897.9805648,-9
2026-09-13 19:34:57.988,1789338897.9882572,-9
2026-09-13 19:34:57.995,1789338897.9959495,-7
2026-09-13 19:34:58.003,1789338898.0036418,-2
2026-09-13 19:34:58.011,1789338898.011334,-4
2026-09-13 19:34:58.019,1789338898.0190263,-4
2026-09-13 19:34:58.026,1789338898.0267186,-4
2026-09-13 19:34:58.033,1789338898.03388,-2
2026-09-13 19:34:58.041,1789338898.0415723,-2
2026-09-13 19:34:58.049,1789338898.0492647,0
2026-09-13 19:34:58.056,1789338898.056957,0
2026-09-13 19:34:58.064,1789338898.0646493,2
2026-09-13 19:34:58.072,1789338898.0723414,2
2026-09-13 19:34:58.080,1789338898.0800338,2
2026-09-13 19:34:58.087,1789338898.087726,7
2026-09-13 19:34:58.095,1789338898.0954185,12
2026-09-13 19:34:58.103,1789338898.1031108,9
2026-09-13 19:34:58.110,1789338898.1108031,12
2026-09-13 19:34:58.118,1789338898.1184955,14
2026-09-13 19:34:58.126,1789338898.1261878,9
2026-09-13 19:34:58.133,1789338898.13388,12
2026-09-13 19:34:58.141,1789338898.1415722,16
2026-09-13 19:34:58.149,1789338898.1492646,16
2026-09-13 19:34:58.156,1789338898.156957,19
2026-09-13 19:34:58.164,1789338898.1646492,19
2026-09-13 19:34:58.172,1789338898.1723416,19
2026-09-13 19:34:58.180,1789338898.180034,24
2026-09-13 19:34:58.187,1789338898.1877263,21
2026-09-13 19:34:58.195,1789338898.1954184,19
2026-09-13 19:34:58.203,1789338898.2031107,21
2026-09-13 19:34:58.210,1789338898.210803,26
2026-09-13 19:34:58.218,1789338898.2184954,26
2026-09-13 19:34:58.226,1789338898.2261877,24
2026-09-13 19:34:58.233,1789338898.23388,24
2026-09-13 19:34:58.241,1789338898.2415724,24
2026-09-13 19:34:58.249,1789338898.2492647,21
2026-09-13 19:34:58.256,1789338898.2569568,24
2026-09-13 19:34:58.264,1789338898.2646492,36
2026-09-13 19:34:58.272,1789338898.2723415,53
2026-09-13 19:34:58.280,1789338898.2800338,70
2026-09-13 19:34:58.287,1789338898.2877262,84
2026-09-13 19:34:58.295,1789338898.2954185,75
2026-09-13 19:34:58.303,1789338898.3031108,63
2026-09-13 19:34:58.310,1789338898.3108032,63
2026-09-13 19:34:58.318,1789338898.3184953,55
2026-09-13 19:34:58.326,1789338898.3261876,31
2026-09-13 19:34:58.333,1789338898.33388,12
2026-09-13 19:34:58.341,1789338898.3415723,9
2026-09-13 19:34:58.349,1789338898.3492646,12
2026-09-13 19:34:58.356,1789338898.356957,9
2026-09-13 19:34:58.364,1789338898.3646493,14
2026-09-13 19:34:58.372,1789338898.3723416,16
2026-09-13 19:34:58.380,1789338898.3800337,14
2026-09-13 19:34:58.387,1789338898.387726,14
2026-09-13 19:34:58.395,1789338898.3954184,12
2026-09-13 19:34:58.403,1789338898.4031107,29
2026-09-13 19:34:58.410,1789338898.410803,145
2026-09-13 19:34:58.418,1789338898.4184954,402
2026-09-13 19:34:58.426,1789338898.4261878,766
2026-09-13 19:34:58.433,1789338898.43388,1020
2026-09-13 19:34:58.441,1789338898.4415722,654
2026-09-13 19:34:58.449,1789338898.4492645,-138
2026-09-13 19:34:58.456,1789338898.4569569,-344
2026-09-13 19:34:58.464,1789338898.4646492,-43
2026-09-13 19:34:58.472,1789338898.4723415,-14
2026-09-13 19:34:58.480,1789338898.4800339,-111
2026-09-13 19:34:58.487,1789338898.4877262,-48
2026-09-13 19:34:58.495,1789338898.4954185,-24
2026-09-13 19:34:58.503,1789338898.5031106,-58
2026-09-13 19:34:58.510,1789338898.510803,-38
2026-09-13 19:34:58.518,1789338898.5184953,-12
2026-09-13 19:34:58.526,1789338898.5261877,-19
2026-09-13 19:34:58.533,1789338898.53388,-9
2026-09-13 19:34:58.541,1789338898.5415723,4
2026-09-13 19:34:58.549,1789338898.5492647,9
2026-09-13 19:34:58.556,1789338898.556957,16
2026-09-13 19:34:58.564,1789338898.5646493,31
2026-09-13 19:34:58.572,1789338898.5723414,41
2026-09-13 19:34:58.580,1789338898.5800338,46
2026-09-13 19:34:58.587,1789338898.587726,50
2026-09-13 19:34:58.594,1789338898.5948873,63
2026-09-13 19:34:58.602,1789338898.6025796,80
2026-09-13 19:34:58.610,1789338898.610272,87
2026-09-13 19:34:58.617,1789338898.6179643,99
2026-09-13 19:34:58.625,1789338898.6256566,123
2026-09-13 19:34:58.633,1789338898.6333487,150
2026-09-13 19:34:58.641,1789338898.641041,174
2026-09-13 19:34:58.648,1789338898.6487334,201
2026-09-13 19:34:58.656,1789338898.6564257,230
2026-09-13 19:34:58.664,1789338898.664118,254
2026-09-13 19:34:58.671,1789338898.6718104,269
2026-09-13 19:34:58.679,1789338898.6795027,271
2026-09-13 19:34:58.687,1789338898.687195,266
2026-09-13 19:34:58.694,1789338898.6948872,244
2026-09-13 19:34:58.702,1789338898.7025795,198
2026-09-13 19:34:58.710,1789338898.7102718,130
2026-09-13 19:34:58.717,1789338898.7179642,63
2026-09-13 19:34:58.725,1789338898.7256565,9
2026-09-13 19:34:58.733,1789338898.7333488,-33
2026-09-13 19:34:58.741,1789338898.7410412,-65
2026-09-13 19:34:58.748,1789338898.7487335,-82
2026-09-13 19:34:58.756,1789338898.7564256,-89
2026-09-13 19:34:58.764,1789338898.764118,-92
2026-09-13 19:34:58.771,1789338898.7718103,-89
2026-09-13 19:34:58.779,1789338898.7795026,-84
2026-09-13 19:34:58.787,1789338898.787195,-82
2026-09-13 19:34:58.794,1789338898.7948873,-77
2026-09-13 19:34:58.802,1789338898.8025796,-67
2026-09-13 19:34:58.810,1789338898.810272,-63
2026-09-13 19:34:58.817,1789338898.817964,-55
2026-09-13 19:34:58.825,1789338898.8256564,-46
2026-09-13 19:34:58.833,1789338898.8333488,-38
2026-09-13 19:34:58.841,1789338898.841041,-36
2026-09-13 19:34:58.848,1789338898.8487334,-31
2026-09-13 19:34:58.856,1789338898.8564258,-29
2026-09-13 19:34:58.864,1789338898.864118,-24
2026-09-13 19:34:58.871,1789338898.8718104,-16
2026-09-13 19:34:58.879,1789338898.8795025,-14
2026-09-13 19:34:58.887,1789338898.8871949,-12
2026-09-13 19:34:58.894,1789338898.8948872,-7
2026-09-13 19:34:58.902,1789338898.9025795,-4
2026-09-13 19:34:58.910,1789338898.910272,-9
2026-09-13 19:34:58.917,1789338898.9179642,-7
2026-09-13 19:34:58.925,1789338898.9256566,-4
2026-09-13 19:34:58.933,1789338898.933349,-4
2026-09-13 19:34:58.941,1789338898.941041,-7
2026-09-13 19:34:58.948,1789338898.9487333,-7
2026-09-13 19:34:58.956,1789338898.9564257,-4
2026-09-13 19:34:58.964,1789338898.964118,0
2026-09-13 19:34:58.971,1789338898.9718103,2
2026-09-13 19:34:58.979,1789338898.9795027,2
2026-09-13 19:34:58.987,1789338898.987195,0
2026-09-13 19:34:58.994,1789338898.9948874,2
2026-09-13 19:34:59.002,1789338899.0025795,7
2026-09-13 19:34:59.010,1789338899.0102718,14
2026-09-13 19:34:59.017,1789338899.0179641,19
2026-09-13 19:34:59.025,1789338899.0256565,19
2026-09-13 19:34:59.033,1789338899.0333488,16
2026-09-13 19:34:59.041,1789338899.0410411,14
2026-09-13 19:34:59.048,1789338899.0487335,12
2026-09-13 19:34:59.056,1789338899.0564258,16
2026-09-13 19:34:59.064,1789338899.064118,21
2026-09-13 19:34:59.071,1789338899.0718102,21
2026-09-13 19:34:59.079,1789338899.0795026,21
2026-09-13 19:34:59.087,1789338899.087195,16
2026-09-13 19:34:59.094,1789338899.0948873,19
2026-09-13 19:34:59.102,1789338899.1025796,24
2026-09-13 19:34:59.110,1789338899.110272,24
2026-09-13 19:34:59.117,1789338899.1179643,26
2026-09-13 19:34:59.125,1789338899.1256566,26
2026-09-13 19:34:59.133,1789338899.1333487,19
2026-09-13 19:34:59.141,1789338899.141041,14
2026-09-13 19:34:59.148,1789338899.1487334,29
2026-09-13 19:34:59.155,1789338899.1558948,50
2026-09-13 19:34:59.163,1789338899.163587,65
2026-09-13 19:34:59.171,1789338899.1712794,77
2026-09-13 19:34:59.178,1789338899.1789718,80
2026-09-13 19:34:59.186,1789338899.186664,63
2026-09-13 19:34:59.194,1789338899.1943562,53
2026-09-13 19:34:59.202,1789338899.2020485,55
2026-09-13 19:34:59.209,1789338899.2097409,43
2026-09-13 19:34:59.217,1789338899.2174332,19
2026-09-13 19:34:59.225,1789338899.2251256,9
2026-09-13 19:34:59.232,1789338899.232818,16
2026-09-13 19:34:59.240,1789338899.2405102,16
2026-09-13 19:34:59.248,1789338899.2482026,16
2026-09-13 19:34:59.255,1789338899.2558947,16
2026-09-13 19:34:59.263,1789338899.263587,12
2026-09-13 19:34:59.271,1789338899.2712793,12
2026-09-13 19:34:59.278,1789338899.2789717,14
2026-09-13 19:34:59.286,1789338899.286664,16
2026-09-13 19:34:59.294,1789338899.2943563,60
2026-09-13 19:34:59.302,1789338899.3020487,227
2026-09-13 19:34:59.309,1789338899.309741,535
2026-09-13 19:34:59.317,1789338899.317433,909
2026-09-13 19:34:59.325,1789338899.3251255,970
2026-09-13 19:34:59.332,1789338899.3328178,334
2026-09-13 19:34:59.340,1789338899.3405101,-317
2026-09-13 19:34:59.348,1789338899.3482025,-227
2026-09-13 19:34:59.355,1789338899.3558948,16
2026-09-13 19:34:59.363,1789338899.3635871,-65
2026-09-13 19:34:59.371,1789338899.3712795,-97
2026-09-13 19:34:59.378,1789338899.3789716,-21
2026-09-13 19:34:59.386,1789338899.386664,-31
2026-09-13 19:34:59.394,1789338899.3943563,-53
2026-09-13 19:34:59.402,1789338899.4020486,-19
2026-09-13 19:34:59.409,1789338899.409741,-9
2026-09-13 19:34:59.417,1789338899.4174333,-12
2026-09-13 19:34:59.425,1789338899.4251256,4
2026-09-13 19:34:59.432,1789338899.432818,12
2026-09-13 19:34:59.440,1789338899.44051,14
2026-09-13 19:34:59.448,1789338899.4482024,29
2026-09-13 19:34:59.455,1789338899.4558947,41
2026-09-13 19:34:59.463,1789338899.463587,46
2026-09-13 19:34:59.471,1789338899.4712794,53
2026-09-13 19:34:59.478,1789338899.4789717,65
2026-09-13 19:34:59.486,1789338899.486664,75
2026-09-13 19:34:59.494,1789338899.4943564,84
2026-09-13 19:34:59.502,1789338899.5020485,101
2026-09-13 19:34:59.509,1789338899.5097408,121
2026-09-13 19:34:59.517,1789338899.5174332,140
2026-09-13 19:34:59.525,1789338899.5251255,160
2026-09-13 19:34:59.532,1789338899.5328178,191
2026-09-13 19:34:59.540,1789338899.5405102,225
2026-09-13 19:34:59.548,1789338899.5482025,249
2026-09-13 19:34:59.555,1789338899.5558949,264
2026-09-13 19:34:59.563,1789338899.563587,274
2026-09-13 19:34:59.571,1789338899.5712793,278
2026-09-13 19:34:59.578,1789338899.5789716,264
2026-09-13 19:34:59.586,1789338899.586664,227
2026-09-13 19:34:59.594,1789338899.5943563,174
2026-09-13 19:34:59.602,1789338899.6020486,106
2026-09-13 19:34:59.609,1789338899.609741,41
2026-09-13 19:34:59.617,1789338899.6174333,-9
2026-09-13 19:34:59.625,1789338899.6251254,-48
2026-09-13 19:34:59.632,1789338899.6328177,-75
2026-09-13 19:34:59.640,1789338899.64051,-87
2026-09-13 19:34:59.648,1789338899.6482024,-92
2026-09-13 19:34:59.655,1789338899.6558948,-94
2026-09-13 19:34:59.663,1789338899.663587,-92
2026-09-13 19:34:59.671,1789338899.6712794,-87
2026-09-13 19:34:59.678,1789338899.6789718,-82
2026-09-13 19:34:59.686,1789338899.686664,-80
2026-09-13 19:34:59.694,1789338899.6943562,-72
2026-09-13 19:34:59.702,1789338899.7020485,-58
2026-09-13 19:34:59.709,1789338899.7097409,-50
2026-09-13 19:34:59.716,1789338899.7168713,-48
2026-09-13 19:34:59.724,1789338899.7245636,-41
2026-09-13 19:34:59.732,1789338899.732256,-33
2026-09-13 19:34:59.739,1789338899.7399483,-24
2026-09-13 19:34:59.747,1789338899.7476406,-16
2026-09-13 19:34:59.755,1789338899.7553327,-16
2026-09-13 19:34:59.763,1789338899.763025,-14
2026-09-13 19:34:59.770,1789338899.7707174,-12
2026-09-13 19:34:59.778,1789338899.7784097,-7
2026-09-13 19:34:59.786,1789338899.786102,-4
2026-09-13 19:34:59.793,1789338899.7937944,-4
2026-09-13 19:34:59.801,1789338899.8014867,-4
2026-09-13 19:34:59.809,1789338899.809179,-4
2026-09-13 19:34:59.816,1789338899.8168712,-4
2026-09-13 19:34:59.824,1789338899.8245635,-2
2026-09-13 19:34:59.832,1789338899.8322558,-2
2026-09-13 19:34:59.839,1789338899.8399482,-4
2026-09-13 19:34:59.847,1789338899.8476405,2
2026-09-13 19:34:59.855,1789338899.8553329,4
2026-09-13 19:34:59.863,1789338899.8630252,4
2026-09-13 19:34:59.870,1789338899.8707175,2
2026-09-13 19:34:59.878,1789338899.8784096,4
2026-09-13 19:34:59.886,1789338899.886102,12
2026-09-13 19:34:59.893,1789338899.8937943,12
2026-09-13 19:34:59.901,1789338899.9014866,9
2026-09-13 19:34:59.909,1789338899.909179,12
2026-09-13 19:34:59.916,1789338899.9168713,14
2026-09-13 19:34:59.924,1789338899.9245636,12
2026-09-13 19:34:59.932,1789338899.932256,12
2026-09-13 19:34:59.939,1789338899.939948,16
2026-09-13 19:34:59.947,1789338899.9476404,19
2026-09-13 19:34:59.955,1789338899.9553328,21
2026-09-13 19:34:59.963,1789338899.963025,24
2026-09-13 19:34:59.970,1789338899.9707174,21
2026-09-13 19:34:59.978,1789338899.9784098,26
2026-09-13 19:34:59.986,1789338899.986102,26
2026-09-13 19:34:59.993,1789338899.9937944,21
2026-09-13 19:35:00.001,1789338900.0014865,21
2026-09-13 19:35:00.009,1789338900.0091789,26
2026-09-13 19:35:00.016,1789338900.0168712,26
2026-09-13 19:35:00.024,1789338900.0245636,29
2026-09-13 19:35:00.032,1789338900.032256,31
2026-09-13 19:35:00.039,1789338900.0399482,31
2026-09-13 19:35:00.047,1789338900.0476406,29
2026-09-13 19:35:00.055,1789338900.055333,21
2026-09-13 19:35:00.063,1789338900.063025,19
2026-09-13 19:35:00.070,1789338900.0707173,29
2026-09-13 19:35:00.078,1789338900.0784097,50
2026-09-13 19:35:00.086,1789338900.086102,65
2026-09-13 19:35:00.093,1789338900.0937943,80
2026-09-13 19:35:00.101,1789338900.1014867,80
2026-09-13 19:35:00.109,1789338900.109179,67
2026-09-13 19:35:00.116,1789338900.1168714,58
2026-09-13 19:35:00.124,1789338900.1245635,53
2026-09-13 19:35:00.132,1789338900.1322558,38
2026-09-13 19:35:00.139,1789338900.1399481,21
2026-09-13 19:35:00.147,1789338900.1476405,16
2026-09-13 19:35:00.155,1789338900.1553328,16
2026-09-13 19:35:00.163,1789338900.1630251,14
2026-09-13 19:35:00.170,1789338900.1707175,14
2026-09-13 19:35:00.178,1789338900.1784098,16
2026-09-13 19:35:00.186,1789338900.186102,16
2026-09-13 19:35:00.193,1789338900.1937943,16
2026-09-13 19:35:00.201,1789338900.2014866,14
2026-09-13 19:35:00.209,1789338900.209179,19
2026-09-13 19:35:00.216,1789338900.2168713,106
2026-09-13 19:35:00.224,1789338900.2245636,334
2026-09-13 19:35:00.232,1789338900.232256,688
2026-09-13 19:35:00.239,1789338900.2399483,1006
2026-09-13 19:35:00.247,1789338900.2476406,785
2026-09-13 19:35:00.255,1789338900.2553327,-4
2026-09-13 19:35:00.263,1789338900.263025,-366
2026-09-13 19:35:00.270,1789338900.2707174,-89
2026-09-13 19:35:00.277,1789338900.2778788,2
2026-09-13 19:35:00.285,1789338900.285571,-113
2026-09-13 19:35:00.293,1789338900.2932634,-70
2026-09-13 19:35:00.300,1789338900.3009558,-16
2026-09-13 19:35:00.308,1789338900.308648,-55
2026-09-13 19:35:00.316,1789338900.3163402,-50
2026-09-13 19:35:00.324,1789338900.3240325,-16
2026-09-13 19:35:00.331,1789338900.331725,-16
2026-09-13 19:35:00.339,1789338900.3394172,-19
2026-09-13 19:35:00.347,1789338900.3471096,0
2026-09-13 19:35:00.354,1789338900.354802,12
2026-09-13 19:35:00.362,1789338900.3624942,14
2026-09-13 19:35:00.370,1789338900.3701866,24
2026-09-13 19:35:00.377,1789338900.3778787,33
2026-09-13 19:35:00.385,1789338900.385571,43
2026-09-13 19:35:00.393,1789338900.3932633,53
2026-09-13 19:35:00.400,1789338900.4009557,63
2026-09-13 19:35:00.408,1789338900.408648,72
2026-09-13 19:35:00.416,1789338900.4163404,82
2026-09-13 19:35:00.424,1789338900.4240327,99
2026-09-13 19:35:00.431,1789338900.431725,118
2026-09-13 19:35:00.439,1789338900.4394171,143
2026-09-13 19:35:00.447,1789338900.4471095,167
2026-09-13 19:35:00.454,1789338900.4548018,194
2026-09-13 19:35:00.462,1789338900.4624941,223
2026-09-13 19:35:00.470,1789338900.4701865,249
2026-09-13 19:35:00.477,1789338900.4778788,269
2026-09-13 19:35:00.485,1789338900.4855711,276
2026-09-13 19:35:00.493,1789338900.4932635,274
2026-09-13 19:35:00.500,1789338900.5009556,252
2026-09-13 19:35:00.508,1789338900.508648,206
2026-09-13 19:35:00.516,1789338900.5163403,147
2026-09-13 19:35:00.524,1789338900.5240326,84
2026-09-13 19:35:00.531,1789338900.531725,21
2026-09-13 19:35:00.539,1789338900.5394173,-36
2026-09-13 19:35:00.547,1789338900.5471096,-65
2026-09-13 19:35:00.554,1789338900.554802,-77
2026-09-13 19:35:00.562,1789338900.562494,-92
2026-09-13 19:35:00.570,1789338900.5701864,-99
2026-09-13 19:35:00.577,1789338900.5778787,-94
2026-09-13 19:35:00.585,1789338900.585571,-92
2026-09-13 19:35:00.593,1789338900.5932634,-89
2026-09-13 19:35:00.600,1789338900.6009557,-82
2026-09-13 19:35:00.608,1789338900.608648,-72
2026-09-13 19:35:00.616,1789338900.6163404,-65
2026-09-13 19:35:00.624,1789338900.6240325,-58
2026-09-13 19:35:00.631,1789338900.6317248,-50
2026-09-13 19:35:00.639,1789338900.6394172,-46
2026-09-13 19:35:00.647,1789338900.6471095,-41
2026-09-13 19:35:00.654,1789338900.6548018,-36
2026-09-13 19:35:00.662,1789338900.6624942,-31
2026-09-13 19:35:00.670,1789338900.6701865,-24
2026-09-13 19:35:00.677,1789338900.6778789,-19
2026-09-13 19:35:00.685,1789338900.685571,-19
2026-09-13 19:35:00.693,1789338900.6932633,-19
2026-09-13 19:35:00.700,1789338900.7009556,-14
2026-09-13 19:35:00.708,1789338900.708648,-14
2026-09-13 19:35:00.716,1789338900.7163403,-9
2026-09-13 19:35:00.724,1789338900.7240326,-4
2026-09-13 19:35:00.731,1789338900.731725,-7
2026-09-13 19:35:00.739,1789338900.7394173,-9
2026-09-13 19:35:00.747,1789338900.7471094,-4
2026-09-13 19:35:00.754,1789338900.7548018,-4
2026-09-13 19:35:00.762,1789338900.762494,-2
2026-09-13 19:35:00.770,1789338900.7701864,-2
2026-09-13 19:35:00.777,1789338900.7778788,0
2026-09-13 19:35:00.785,1789338900.785571,2
2026-09-13 19:35:00.793,1789338900.7932634,2
2026-09-13 19:35:00.800,1789338900.8009558,0
2026-09-13 19:35:00.808,1789338900.808648,7
2026-09-13 19:35:00.816,1789338900.8163402,9
2026-09-13 19:35:00.824,1789338900.8240325,7
2026-09-13 19:35:00.831,1789338900.831725,9
2026-09-13 19:35:00.838,1789338900.838886,12
2026-09-13 19:35:00.846,1789338900.8465784,9
2026-09-13 19:35:00.854,1789338900.8542707,12
2026-09-13 19:35:00.861,1789338900.861963,19
2026-09-13 19:35:00.869,1789338900.8696554,16
2026-09-13 19:35:00.877,1789338900.8773475,16
2026-09-13 19:35:00.885,1789338900.8850398,21
2026-09-13 19:35:00.892,1789338900.8927321,21
2026-09-13 19:35:00.900,1789338900.9004245,21
2026-09-13 19:35:00.908,1789338900.9081168,24
2026-09-13 19:35:00.915,1789338900.9158092,24
2026-09-13 19:35:00.923,1789338900.9235015,24
2026-09-13 19:35:00.931,1789338900.9311938,24
2026-09-13 19:35:00.938,1789338900.938886,24
2026-09-13 19:35:00.946,1789338900.9465783,19
2026-09-13 19:35:00.954,1789338900.9542706,16
2026-09-13 19:35:00.961,1789338900.961963,26
2026-09-13 19:35:00.969,1789338900.9696553,48
2026-09-13 19:35:00.977,1789338900.9773476,63
2026-09-13 19:35:00.985,1789338900.98504,70
2026-09-13 19:35:00.992,1789338900.9927323,77
2026-09-13 19:35:01.000,1789338901.0004244,72
2026-09-13 19:35:01.008,1789338901.0081167,58
2026-09-13 19:35:01.015,1789338901.015809,48
2026-09-13 19:35:01.023,1789338901.0235014,41
2026-09-13 19:35:01.031,1789338901.0311937,19
2026-09-13 19:35:01.038,1789338901.038886,7
2026-09-13 19:35:01.046,1789338901.0465784,9
2026-09-13 19:35:01.054,1789338901.0542707,9
2026-09-13 19:35:01.061,1789338901.0619628,7
2026-09-13 19:35:01.069,1789338901.0696552,9
2026-09-13 19:35:01.077,1789338901.0773475,14
2026-09-13 19:35:01.085,1789338901.0850399,16
2026-09-13 19:35:01.092,1789338901.0927322,12
2026-09-13 19:35:01.100,1789338901.1004245,7
2026-09-13 19:35:01.108,1789338901.1081169,41
2026-09-13 19:35:01.115,1789338901.1158092,191
2026-09-13 19:35:01.123,1789338901.1235013,480
2026-09-13 19:35:01.131,1789338901.1311936,853
2026-09-13 19:35:01.138,1789338901.138886,999
2026-09-13 19:35:01.146,1789338901.1465783,463
2026-09-13 19:35:01.154,1789338901.1542706,-261
2026-09-13 19:35:01.161,1789338901.161963,-278
2026-09-13 19:35:01.169,1789338901.1696553,2
2026-09-13 19:35:01.177,1789338901.1773477,-46
2026-09-13 19:35:01.185,1789338901.1850398,-111
2026-09-13 19:35:01.192,1789338901.192732,-36
2026-09-13 19:35:01.200,1789338901.2004244,-29
2026-09-13 19:35:01.208,1789338901.2081168,-58
2026-09-13 19:35:01.215,1789338901.215809,-31
2026-09-13 19:35:01.223,1789338901.2235014,-14
2026-09-13 19:35:01.231,1789338901.2311938,-16
2026-09-13 19:35:01.238,1789338901.238886,-4
2026-09-13 19:35:01.246,1789338901.2465782,7
2026-09-13 19:35:01.254,1789338901.2542706,9
2026-09-13 19:35:01.261,1789338901.261963,16
2026-09-13 19:35:01.269,1789338901.2696552,26
2026-09-13 19:35:01.277,1789338901.2773476,38
2026-09-13 19:35:01.285,1789338901.28504,48
2026-09-13 19:35:01.292,1789338901.2927322,55
2026-09-13 19:35:01.300,1789338901.3004246,65
2026-09-13 19:35:01.308,1789338901.3081167,77
2026-09-13 19:35:01.315,1789338901.315809,94
2026-09-13 19:35:01.323,1789338901.3235013,106
2026-09-13 19:35:01.331,1789338901.3311937,126
2026-09-13 19:35:01.338,1789338901.338886,147
2026-09-13 19:35:01.346,1789338901.3465784,177
2026-09-13 19:35:01.354,1789338901.3542707,206
2026-09-13 19:35:01.361,1789338901.361963,230
2026-09-13 19:35:01.369,1789338901.3696554,254
2026-09-13 19:35:01.377,1789338901.3773475,274
2026-09-13 19:35:01.385,1789338901.3850398,278
2026-09-13 19:35:01.392,1789338901.3927321,264
2026-09-13 19:35:01.399,1789338901.3998628,227
2026-09-13 19:35:01.407,1789338901.407555,172
2026-09-13 19:35:01.415,1789338901.4152474,113
2026-09-13 19:35:01.422,1789338901.4229398,53
2026-09-13 19:35:01.430,1789338901.430632,-4
2026-09-13 19:35:01.438,1789338901.4383242,-46
2026-09-13 19:35:01.446,1789338901.4460166,-72
2026-09-13 19:35:01.453,1789338901.453709,-92
2026-09-13 19:35:01.461,1789338901.4614012,-99
2026-09-13 19:35:01.469,1789338901.4690936,-94
2026-09-13 19:35:01.476,1789338901.476786,-92
2026-09-13 19:35:01.484,1789338901.4844782,-92
2026-09-13 19:35:01.492,1789338901.4921706,-84
2026-09-13 19:35:01.499,1789338901.4998627,-70
2026-09-13 19:35:01.507,1789338901.507555,-60
2026-09-13 19:35:01.515,1789338901.5152473,-58
2026-09-13 19:35:01.522,1789338901.5229397,-55
2026-09-13 19:35:01.530,1789338901.530632,-43
2026-09-13 19:35:01.538,1789338901.5383244,-36
2026-09-13 19:35:01.546,1789338901.5460167,-31
2026-09-13 19:35:01.553,1789338901.553709,-29
2026-09-13 19:35:01.561,1789338901.5614011,-26
2026-09-13 19:35:01.569,1789338901.5690935,-16
2026-09-13 19:35:01.576,1789338901.5767858,-9
2026-09-13 19:35:01.584,1789338901.5844781,-9
2026-09-13 19:35:01.592,1789338901.5921705,-7
2026-09-13 19:35:01.599,1789338901.5998628,-4
2026-09-13 19:35:01.607,1789338901.6075552,-4
2026-09-13 19:35:01.615,1789338901.6152475,-2
2026-09-13 19:35:01.622,1789338901.6229396,-2
2026-09-13 19:35:01.630,1789338901.630632,0
2026-09-13 19:35:01.638,1789338901.6383243,0
2026-09-13 19:35:01.646,1789338901.6460166,0
2026-09-13 19:35:01.653,1789338901.653709,0
2026-09-13 19:35:01.661,1789338901.6614013,2
2026-09-13 19:35:01.669,1789338901.6690936,2
2026-09-13 19:35:01.676,1789338901.676786,4
2026-09-13 19:35:01.684,1789338901.684478,9
2026-09-13 19:35:01.692,1789338901.6921704,9
2026-09-13 19:35:01.699,1789338901.6998627,7
2026-09-13 19:35:01.707,1789338901.707555,9
2026-09-13 19:35:01.715,1789338901.7152474,14
2026-09-13 19:35:01.722,1789338901.7229397,14
2026-09-13 19:35:01.730,1789338901.730632,14
2026-09-13 19:35:01.738,1789338901.7383244,16
2026-09-13 19:35:01.746,1789338901.7460165,14
2026-09-13 19:35:01.753,1789338901.7537088,9
2026-09-13 19:35:01.761,1789338901.7614012,14
2026-09-13 19:35:01.769,1789338901.7690935,21
2026-09-13 19:35:01.776,1789338901.7767859,21
2026-09-13 19:35:01.784,1789338901.7844782,19
2026-09-13 19:35:01.792,1789338901.7921705,19
2026-09-13 19:35:01.799,1789338901.7998629,24
2026-09-13 19:35:01.807,1789338901.807555,21
2026-09-13 19:35:01.815,1789338901.8152473,21
2026-09-13 19:35:01.822,1789338901.8229396,24
2026-09-13 19:35:01.830,1789338901.830632,21
2026-09-13 19:35:01.838,1789338901.8383243,19
2026-09-13 19:35:01.846,1789338901.8460166,33
2026-09-13 19:35:01.853,1789338901.853709,53
2026-09-13 19:35:01.861,1789338901.8614013,63
2026-09-13 19:35:01.869,1789338901.8690934,72
2026-09-13 19:35:01.876,1789338901.8767858,80
2026-09-13 19:35:01.884,1789338901.884478,70
2026-09-13 19:35:01.892,1789338901.8921704,58
2026-09-13 19:35:01.899,1789338901.8998628,55
2026-09-13 19:35:01.907,1789338901.907555,43
2026-09-13 19:35:01.915,1789338901.9152474,21
2026-09-13 19:35:01.922,1789338901.9229398,7
2026-09-13 19:35:01.930,1789338901.930632,9
2026-09-13 19:35:01.938,1789338901.9383242,12
2026-09-13 19:35:01.946,1789338901.9460166,12
2026-09-13 19:35:01.953,1789338901.953709,12
2026-09-13 19:35:01.960,1789338901.96087,14
2026-09-13 19:35:01.968,1789338901.9685624,19
2026-09-13 19:35:01.976,1789338901.9762547,16
2026-09-13 19:35:01.983,1789338901.983947,9
2026-09-13 19:35:01.991,1789338901.9916394,50
2026-09-13 19:35:01.999,1789338901.9993315,218
2026-09-13 19:35:02.007,1789338902.0070238,523
2026-09-13 19:35:02.014,1789338902.0147161,902
2026-09-13 19:35:02.022,1789338902.0224085,1004
2026-09-13 19:35:02.030,1789338902.0301008,400
2026-09-13 19:35:02.037,1789338902.0377932,-298
2026-09-13 19:35:02.045,1789338902.0454855,-247
2026-09-13 19:35:02.053,1789338902.0531778,21
2026-09-13 19:35:02.060,1789338902.06087,-50
2026-09-13 19:35:02.068,1789338902.0685623,-101
2026-09-13 19:35:02.076,1789338902.0762546,-21
2026-09-13 19:35:02.083,1789338902.083947,-24
2026-09-13 19:35:02.091,1789338902.0916393,-48
2026-09-13 19:35:02.099,1789338902.0993316,-21
2026-09-13 19:35:02.107,1789338902.107024,-7
2026-09-13 19:35:02.114,1789338902.1147163,-7
2026-09-13 19:35:02.122,1789338902.1224084,2
2026-09-13 19:35:02.130,1789338902.1301007,12
2026-09-13 19:35:02.137,1789338902.137793,19
2026-09-13 19:35:02.145,1789338902.1454854,29
2026-09-13 19:35:02.153,1789338902.1531777,36
2026-09-13 19:35:02.160,1789338902.16087,48
2026-09-13 19:35:02.168,1789338902.1685624,63
2026-09-13 19:35:02.176,1789338902.1762547,67
2026-09-13 19:35:02.183,1789338902.1839468,75
2026-09-13 19:35:02.191,1789338902.1916392,92
2026-09-13 19:35:02.199,1789338902.1993315,104
2026-09-13 19:35:02.207,1789338902.2070239,116
2026-09-13 19:35:02.214,1789338902.2147162,140
2026-09-13 19:35:02.222,1789338902.2224085,169
2026-09-13 19:35:02.230,1789338902.2301009,196
2026-09-13 19:35:02.237,1789338902.2377932,223
2026-09-13 19:35:02.245,1789338902.2454853,247
2026-09-13 19:35:02.253,1789338902.2531776,269
2026-09-13 19:35:02.260,1789338902.26087,283
2026-09-13 19:35:02.268,1789338902.2685623,286
2026-09-13 19:35:02.276,1789338902.2762547,266
2026-09-13 19:35:02.283,1789338902.283947,232
2026-09-13 19:35:02.291,1789338902.2916393,181
2026-09-13 19:35:02.299,1789338902.2993317,113
2026-09-13 19:35:02.307,1789338902.3070238,48
2026-09-13 19:35:02.314,1789338902.314716,-2
2026-09-13 19:35:02.322,1789338902.3224084,-46
2026-09-13 19:35:02.330,1789338902.3301008,-72
2026-09-13 19:35:02.337,1789338902.337793,-80
2026-09-13 19:35:02.345,1789338902.3454854,-84
2026-09-13 19:35:02.353,1789338902.3531778,-89
2026-09-13 19:35:02.360,1789338902.3608701,-92
2026-09-13 19:35:02.368,1789338902.3685622,-89
2026-09-13 19:35:02.376,1789338902.3762546,-82
2026-09-13 19:35:02.383,1789338902.383947,-75
2026-09-13 19:35:02.391,1789338902.3916392,-67
2026-09-13 19:35:02.399,1789338902.3993316,-63
2026-09-13 19:35:02.407,1789338902.407024,-55
2026-09-13 19:35:02.414,1789338902.4147162,-46
2026-09-13 19:35:02.422,1789338902.4224086,-36
2026-09-13 19:35:02.430,1789338902.4301007,-31
2026-09-13 19:35:02.437,1789338902.437793,-29
2026-09-13 19:35:02.445,1789338902.4454854,-24
2026-09-13 19:35:02.453,1789338902.4531777,-16
2026-09-13 19:35:02.460,1789338902.46087,-14
2026-09-13 19:35:02.468,1789338902.4685624,-14
2026-09-13 19:35:02.476,1789338902.4762547,-12
2026-09-13 19:35:02.483,1789338902.483947,-7
2026-09-13 19:35:02.491,1789338902.4916394,-7
2026-09-13 19:35:02.499,1789338902.4993315,-7
2026-09-13 19:35:02.507,1789338902.5070238,-4
2026-09-13 19:35:02.514,1789338902.5147161,0
2026-09-13 19:35:02.521,1789338902.5218773,2
2026-09-13 19:35:02.529,1789338902.5295696,0
2026-09-13 19:35:02.537,1789338902.537262,0
2026-09-13 19:35:02.544,1789338902.5449543,4
2026-09-13 19:35:02.552,1789338902.5526466,7
2026-09-13 19:35:02.560,1789338902.5603387,4
2026-09-13 19:35:02.568,1789338902.568031,7
2026-09-13 19:35:02.575,1789338902.5757234,12
2026-09-13 19:35:02.583,1789338902.5834157,16
2026-09-13 19:35:02.591,1789338902.591108,14
2026-09-13 19:35:02.598,1789338902.5988004,12
2026-09-13 19:35:02.606,1789338902.6064928,14
2026-09-13 19:35:02.614,1789338902.614185,21
2026-09-13 19:35:02.621,1789338902.6218772,19
2026-09-13 19:35:02.629,1789338902.6295695,14
2026-09-13 19:35:02.637,1789338902.6372619,14
2026-09-13 19:35:02.644,1789338902.6449542,19
2026-09-13 19:35:02.652,1789338902.6526465,24
2026-09-13 19:35:02.660,1789338902.6603389,26
2026-09-13 19:35:02.668,1789338902.6680312,24
2026-09-13 19:35:02.675,1789338902.6757236,24
2026-09-13 19:35:02.683,1789338902.6834157,26
2026-09-13 19:35:02.691,1789338902.691108,29
2026-09-13 19:35:02.698,1789338902.6988003,26
2026-09-13 19:35:02.706,1789338902.7064927,26
2026-09-13 19:35:02.714,1789338902.714185,26
2026-09-13 19:35:02.721,1789338902.7218773,26
2026-09-13 19:35:02.729,1789338902.7295697,21
2026-09-13 19:35:02.737,1789338902.737262,24
2026-09-13 19:35:02.744,1789338902.744954,31
2026-09-13 19:35:02.752,1789338902.7526464,43
2026-09-13 19:35:02.760,1789338902.7603388,55
2026-09-13 19:35:02.768,1789338902.7680311,70
2026-09-13 19:35:02.775,1789338902.7757235,80
2026-09-13 19:35:02.783,1789338902.7834158,72
2026-09-13 19:35:02.791,1789338902.7911081,58
2026-09-13 19:35:02.798,1789338902.7988005,53
2026-09-13 19:35:02.806,1789338902.8064926,48
2026-09-13 19:35:02.814,1789338902.814185,31
2026-09-13 19:35:02.821,1789338902.8218772,14
2026-09-13 19:35:02.829,1789338902.8295696,9
2026-09-13 19:35:02.837,1789338902.837262,12
2026-09-13 19:35:02.844,1789338902.8449543,12
2026-09-13 19:35:02.852,1789338902.8526466,12
2026-09-13 19:35:02.860,1789338902.860339,16
2026-09-13 19:35:02.868,1789338902.868031,12
2026-09-13 19:35:02.875,1789338902.8757234,9
2026-09-13 19:35:02.883,1789338902.8834157,14
2026-09-13 19:35:02.891,1789338902.891108,26
2026-09-13 19:35:02.898,1789338902.8988004,128
2026-09-13 19:35:02.906,1789338902.9064927,380
2026-09-13 19:35:02.914,1789338902.914185,749
2026-09-13 19:35:02.921,1789338902.9218774,1025
2026-09-13 19:35:02.929,1789338902.9295695,712
2026-09-13 19:35:02.937,1789338902.9372618,-87
2026-09-13 19:35:02.944,1789338902.9449542,-356
2026-09-13 19:35:02.952,1789338902.9526465,-58
2026-09-13 19:35:02.960,1789338902.9603388,-7
2026-09-13 19:35:02.968,1789338902.9680312,-116
2026-09-13 19:35:02.975,1789338902.9757235,-55
2026-09-13 19:35:02.983,1789338902.9834158,-12
2026-09-13 19:35:02.991,1789338902.991108,-48
2026-09-13 19:35:02.998,1789338902.9988003,-43
2026-09-13 19:35:03.006,1789338903.0064926,-19
2026-09-13 19:35:03.014,1789338903.014185,-16
2026-09-13 19:35:03.021,1789338903.0218773,-4
2026-09-13 19:35:03.029,1789338903.0295696,9
2026-09-13 19:35:03.037,1789338903.037262,12
2026-09-13 19:35:03.044,1789338903.0449543,16
2026-09-13 19:35:03.052,1789338903.0526466,29
2026-09-13 19:35:03.060,1789338903.0603387,38
2026-09-13 19:35:03.068,1789338903.068031,43
2026-09-13 19:35:03.075,1789338903.0757234,50
2026-09-13 19:35:03.082,1789338903.0828795,63
2026-09-13 19:35:03.090,1789338903.0905719,75
2026-09-13 19:35:03.098,1789338903.0982642,89
2026-09-13 19:35:03.105,1789338903.1059566,104
2026-09-13 19:35:03.113,1789338903.113649,121
2026-09-13 19:35:03.121,1789338903.121341,140
2026-09-13 19:35:03.129,1789338903.1290333,172
2026-09-13 19:35:03.136,1789338903.1367257,201
2026-09-13 19:35:03.144,1789338903.144418,230
2026-09-13 19:35:03.152,1789338903.1521103,252
2026-09-13 19:35:03.159,1789338903.1598027,266
2026-09-13 19:35:03.167,1789338903.167495,271
2026-09-13 19:35:03.175,1789338903.1751873,269
2026-09-13 19:35:03.182,1789338903.1828794,247
2026-09-13 19:35:03.190,1789338903.1905718,198
2026-09-13 19:35:03.198,1789338903.1982641,138
2026-09-13 19:35:03.205,1789338903.2059565,72
2026-09-13 19:35:03.213,1789338903.2136488,12
2026-09-13 19:35:03.221,1789338903.2213411,-36
2026-09-13 19:35:03.229,1789338903.2290335,-63
2026-09-13 19:35:03.236,1789338903.2367258,-82
2026-09-13 19:35:03.244,1789338903.244418,-92
2026-09-13 19:35:03.252,1789338903.2521102,-92
2026-09-13 19:35:03.259,1789338903.2598026,-89
2026-09-13 19:35:03.267,1789338903.267495,-87
2026-09-13 19:35:03.275,1789338903.2751873,-87
2026-09-13 19:35:03.282,1789338903.2828796,-82
2026-09-13 19:35:03.290,1789338903.290572,-72
2026-09-13 19:35:03.298,1789338903.2982643,-63
2026-09-13 19:35:03.305,1789338903.3059564,-55
2026-09-13 19:35:03.313,1789338903.3136487,-48
2026-09-13 19:35:03.321,1789338903.321341,-46
2026-09-13 19:35:03.329,1789338903.3290334,-38
2026-09-13 19:35:03.336,1789338903.3367257,-31
2026-09-13 19:35:03.344,1789338903.344418,-24
2026-09-13 19:35:03.352,1789338903.3521104,-24
2026-09-13 19:35:03.359,1789338903.3598027,-19
2026-09-13 19:35:03.367,1789338903.3674948,-14
2026-09-13 19:35:03.375,1789338903.3751872,-12
2026-09-13 19:35:03.382,1789338903.3828795,-12
2026-09-13 19:35:03.390,1789338903.3905718,-9
2026-09-13 19:35:03.398,1789338903.3982642,-7
2026-09-13 19:35:03.405,1789338903.4059565,-4
2026-09-13 19:35:03.413,1789338903.4136488,-4
2026-09-13 19:35:03.421,1789338903.4213412,-2
2026-09-13 19:35:03.429,1789338903.4290333,-4
2026-09-13 19:35:03.436,1789338903.4367256,-4
2026-09-13 19:35:03.444,1789338903.444418,0
2026-09-13 19:35:03.452,1789338903.4521103,0
2026-09-13 19:35:03.459,1789338903.4598026,0
2026-09-13 19:35:03.467,1789338903.467495,0
2026-09-13 19:35:03.475,1789338903.4751873,0
2026-09-13 19:35:03.482,1789338903.4828796,4
2026-09-13 19:35:03.490,1789338903.4905717,9
2026-09-13 19:35:03.498,1789338903.498264,9
2026-09-13 19:35:03.505,1789338903.5059564,7
2026-09-13 19:35:03.513,1789338903.5136487,7
2026-09-13 19:35:03.521,1789338903.521341,9
2026-09-13 19:35:03.529,1789338903.5290334,16
2026-09-13 19:35:03.536,1789338903.5367258,16
2026-09-13 19:35:03.544,1789338903.544418,16
2026-09-13 19:35:03.552,1789338903.5521102,21
2026-09-13 19:35:03.559,1789338903.5598025,24
2026-09-13 19:35:03.567,1789338903.5674949,16
2026-09-13 19:35:03.575,1789338903.5751872,16
2026-09-13 19:35:03.582,1789338903.5828795,24
2026-09-13 19:35:03.590,1789338903.5905719,24
2026-09-13 19:35:03.598,1789338903.5982642,21
2026-09-13 19:35:03.605,1789338903.6059566,21
2026-09-13 19:35:03.613,1789338903.613649,26
2026-09-13 19:35:03.621,1789338903.621341,24
2026-09-13 19:35:03.629,1789338903.6290333,24
2026-09-13 19:35:03.636,1789338903.6367257,26
2026-09-13 19:35:03.643,1789338903.6438613,24
2026-09-13 19:35:03.651,1789338903.6515536,29
2026-09-13 19:35:03.659,1789338903.659246,29
2026-09-13 19:35:03.666,1789338903.6669383,19
2026-09-13 19:35:03.674,1789338903.6746306,19
2026-09-13 19:35:03.682,1789338903.6823227,41
2026-09-13 19:35:03.690,1789338903.690015,58
2026-09-13 19:35:03.697,1789338903.6977074,65
2026-09-13 19:35:03.705,1789338903.7053998,77
2026-09-13 19:35:03.713,1789338903.713092,80
2026-09-13 19:35:03.720,1789338903.7207844,63
2026-09-13 19:35:03.728,1789338903.7284768,58
2026-09-13 19:35:03.736,1789338903.736169,65
2026-09-13 19:35:03.743,1789338903.7438612,46
2026-09-13 19:35:03.751,1789338903.7515535,16
2026-09-13 19:35:03.759,1789338903.7592459,12
2026-09-13 19:35:03.766,1789338903.7669382,16
2026-09-13 19:35:03.774,1789338903.7746305,12
2026-09-13 19:35:03.782,1789338903.782323,16
2026-09-13 19:35:03.790,1789338903.7900152,24
2026-09-13 19:35:03.797,1789338903.7977076,26
2026-09-13 19:35:03.805,1789338903.8053997,24
2026-09-13 19:35:03.813,1789338903.813092,19
2026-09-13 19:35:03.820,1789338903.8207843,19
2026-09-13 19:35:03.828,1789338903.8284767,92
2026-09-13 19:35:03.836,1789338903.836169,310
2026-09-13 19:35:03.843,1789338903.8438613,652
2026-09-13 19:35:03.851,1789338903.8515537,987
2026-09-13 19:35:03.859,1789338903.859246,868
2026-09-13 19:35:03.866,1789338903.866938,118
2026-09-13 19:35:03.874,1789338903.8746305,-358
2026-09-13 19:35:03.882,1789338903.8823228,-138
2026-09-13 19:35:03.890,1789338903.8900151,14
2026-09-13 19:35:03.897,1789338903.8977075,-94
2026-09-13 19:35:03.905,1789338903.9053998,-75
2026-09-13 19:35:03.913,1789338903.9130921,-9
2026-09-13 19:35:03.920,1789338903.9207845,-43
2026-09-13 19:35:03.928,1789338903.9284766,-46
2026-09-13 19:35:03.936,1789338903.936169,-12
2026-09-13 19:35:03.943,1789338903.9438612,-9
2026-09-13 19:35:03.951,1789338903.9515536,-7
2026-09-13 19:35:03.959,1789338903.959246,7
2026-09-13 19:35:03.966,1789338903.9669383,14
2026-09-13 19:35:03.974,1789338903.9746306,19
2026-09-13 19:35:03.982,1789338903.982323,29
2026-09-13 19:35:03.990,1789338903.990015,36
2026-09-13 19:35:03.997,1789338903.9977074,48
2026-09-13 19:35:04.005,1789338904.0053997,58
2026-09-13 19:35:04.013,1789338904.013092,67
2026-09-13 19:35:04.020,1789338904.0207844,82
2026-09-13 19:35:04.028,1789338904.0284767,97
2026-09-13 19:35:04.036,1789338904.036169,101
2026-09-13 19:35:04.043,1789338904.0438614,121
2026-09-13 19:35:04.051,1789338904.0515535,147
2026-09-13 19:35:04.059,1789338904.0592458,169
2026-09-13 19:35:04.066,1789338904.0669382,196
2026-09-13 19:35:04.074,1789338904.0746305,225
2026-09-13 19:35:04.082,1789338904.0823228,249
2026-09-13 19:35:04.090,1789338904.0900152,271
2026-09-13 19:35:04.097,1789338904.0977075,288
2026-09-13 19:35:04.105,1789338904.1053998,283
2026-09-13 19:35:04.113,1789338904.113092,261
2026-09-13 19:35:04.120,1789338904.1207843,223
2026-09-13 19:35:04.128,1789338904.1284766,167
2026-09-13 19:35:04.136,1789338904.136169,97
2026-09-13 19:35:04.143,1789338904.1438613,36
2026-09-13 19:35:04.151,1789338904.1515536,-9
2026-09-13 19:35:04.159,1789338904.159246,-43
2026-09-13 19:35:04.166,1789338904.1669383,-70
2026-09-13 19:35:04.174,1789338904.1746306,-84
2026-09-13 19:35:04.182,1789338904.1823227,-87
2026-09-13 19:35:04.190,1789338904.190015,-87
2026-09-13 19:35:04.197,1789338904.1977074,-84
2026-09-13 19:35:04.204,1789338904.2048688,-77
2026-09-13 19:35:04.212,1789338904.2125611,-70
2026-09-13 19:35:04.220,1789338904.2202535,-67
2026-09-13 19:35:04.227,1789338904.2279458,-60
2026-09-13 19:35:04.235,1789338904.2356381,-50
2026-09-13 19:35:04.243,1789338904.2433302,-43
2026-09-13 19:35:04.251,1789338904.2510226,-38
2026-09-13 19:35:04.258,1789338904.258715,-31
2026-09-13 19:35:04.266,1789338904.2664073,-21
2026-09-13 19:35:04.274,1789338904.2740996,-14
2026-09-13 19:35:04.281,1789338904.281792,-12
2026-09-13 19:35:04.289,1789338904.2894843,-12
2026-09-13 19:35:04.297,1789338904.2971766,-7
2026-09-13 19:35:04.304,1789338904.3048687,0
2026-09-13 19:35:04.312,1789338904.312561,4
2026-09-13 19:35:04.320,1789338904.3202534,4
2026-09-13 19:35:04.327,1789338904.3279457,4
2026-09-13 19:35:04.335,1789338904.335638,4
2026-09-13 19:35:04.343,1789338904.3433304,4
2026-09-13 19:35:04.351,1789338904.3510227,4
2026-09-13 19:35:04.358,1789338904.358715,2
2026-09-13 19:35:04.366,1789338904.3664072,4
2026-09-13 19:35:04.374,1789338904.3740995,12
2026-09-13 19:35:04.381,1789338904.3817918,14
2026-09-13 19:35:04.389,1789338904.3894842,14
2026-09-13 19:35:04.397,1789338904.3971765,14
2026-09-13 19:35:04.404,1789338904.4048688,16
2026-09-13 19:35:04.412,1789338904.4125612,21
2026-09-13 19:35:04.420,1789338904.4202535,21
2026-09-13 19:35:04.427,1789338904.4279456,21
2026-09-13 19:35:04.435,1789338904.435638,21
2026-09-13 19:35:04.443,1789338904.4433303,29
2026-09-13 19:35:04.451,1789338904.4510226,26
2026-09-13 19:35:04.458,1789338904.458715,21
2026-09-13 19:35:04.466,1789338904.4664073,29
2026-09-13 19:35:04.474,1789338904.4740996,31
2026-09-13 19:35:04.481,1789338904.481792,29
2026-09-13 19:35:04.489,1789338904.489484,29
2026-09-13 19:35:04.497,1789338904.4971764,29
2026-09-13 19:35:04.504,1789338904.5048687,29
2026-09-13 19:35:04.512,1789338904.512561,33
2026-09-13 19:35:04.520,1789338904.5202534,36
2026-09-13 19:35:04.527,1789338904.5279458,38
2026-09-13 19:35:04.535,1789338904.535638,33
2026-09-13 19:35:04.543,1789338904.5433304,31
2026-09-13 19:35:04.551,1789338904.5510225,31
2026-09-13 19:35:04.558,1789338904.5587149,31
2026-09-13 19:35:04.566,1789338904.5664072,31
2026-09-13 19:35:04.574,1789338904.5740995,33
2026-09-13 19:35:04.581,1789338904.5817919,33
2026-09-13 19:35:04.589,1789338904.5894842,31
2026-09-13 19:35:04.597,1789338904.5971766,33
2026-09-13 19:35:04.604,1789338904.604869,48
2026-09-13 19:35:04.612,1789338904.612561,67
2026-09-13 19:35:04.620,1789338904.6202533,80
2026-09-13 19:35:04.627,1789338904.6279457,87
2026-09-13 19:35:04.635,1789338904.635638,82
2026-09-13 19:35:04.643,1789338904.6433303,70
2026-09-13 19:35:04.651,1789338904.6510227,65
2026-09-13 19:35:04.658,1789338904.658715,60
2026-09-13 19:35:04.666,1789338904.6664073,36
2026-09-13 19:35:04.674,1789338904.6740994,16
2026-09-13 19:35:04.681,1789338904.6817918,19
2026-09-13 19:35:04.689,1789338904.6894841,24
2026-09-13 19:35:04.697,1789338904.6971765,21
2026-09-13 19:35:04.704,1789338904.7048688,21
2026-09-13 19:35:04.712,1789338904.7125611,29
2026-09-13 19:35:04.720,1789338904.7202535,29
2026-09-13 19:35:04.727,1789338904.7279458,26
2026-09-13 19:35:04.735,1789338904.7356381,24
2026-09-13 19:35:04.743,1789338904.7433302,41
2026-09-13 19:35:04.751,1789338904.7510226,152
2026-09-13 19:35:04.758,1789338904.758715,407
2026-09-13 19:35:04.765,1789338904.7658556,768
2026-09-13 19:35:04.773,1789338904.773548,1035
2026-09-13 19:35:04.781,1789338904.7812402,696
2026-09-13 19:35:04.788,1789338904.7889326,-101
2026-09-13 19:35:04.796,1789338904.796625,-341
2026-09-13 19:35:04.804,1789338904.804317,-41
2026-09-13 19:35:04.812,1789338904.8120093,0
2026-09-13 19:35:04.819,1789338904.8197017,-104
2026-09-13 19:35:04.827,1789338904.827394,-43
2026-09-13 19:35:04.835,1789338904.8350863,-9
2026-09-13 19:35:04.842,1789338904.8427787,-43
2026-09-13 19:35:04.850,1789338904.850471,-31
2026-09-13 19:35:04.858,1789338904.8581634,-7
2026-09-13 19:35:04.865,1789338904.8658555,-9
2026-09-13 19:35:04.873,1789338904.8735478,-2
2026-09-13 19:35:04.881,1789338904.8812401,14
2026-09-13 19:35:04.888,1789338904.8889325,19
2026-09-13 19:35:04.896,1789338904.8966248,26
2026-09-13 19:35:04.904,1789338904.9043171,38
2026-09-13 19:35:04.912,1789338904.9120095,46
2026-09-13 19:35:04.919,1789338904.9197018,55
2026-09-13 19:35:04.927,1789338904.927394,65
2026-09-13 19:35:04.935,1789338904.9350863,70
2026-09-13 19:35:04.942,1789338904.9427786,82
2026-09-13 19:35:04.950,1789338904.950471,99
2026-09-13 19:35:04.958,1789338904.9581633,111
2026-09-13 19:35:04.965,1789338904.9658556,130
2026-09-13 19:35:04.973,1789338904.973548,152
2026-09-13 19:35:04.981,1789338904.9812403,181
2026-09-13 19:35:04.988,1789338904.9889324,210
2026-09-13 19:35:04.996,1789338904.9966247,242
2026-09-13 19:35:05.004,1789338905.004317,266
2026-09-13 19:35:05.012,1789338905.0120094,283
2026-09-13 19:35:05.019,1789338905.0197017,293
2026-09-13 19:35:05.027,1789338905.027394,286
2026-09-13 19:35:05.035,1789338905.0350864,254
2026-09-13 19:35:05.042,1789338905.0427787,208
2026-09-13 19:35:05.050,1789338905.0504708,147
2026-09-13 19:35:05.058,1789338905.0581632,80
2026-09-13 19:35:05.065,1789338905.0658555,21
2026-09-13 19:35:05.073,1789338905.0735478,-21
2026-09-13 19:35:05.081,1789338905.0812402,-55
2026-09-13 19:35:05.088,1789338905.0889325,-75
2026-09-13 19:35:05.096,1789338905.0966249,-80
2026-09-13 19:35:05.104,1789338905.1043172,-82
2026-09-13 19:35:05.112,1789338905.1120093,-84
2026-09-13 19:35:05.119,1789338905.1197016,-80
2026-09-13 19:35:05.127,1789338905.127394,-75
2026-09-13 19:35:05.135,1789338905.1350863,-72
2026-09-13 19:35:05.142,1789338905.1427786,-63
2026-09-13 19:35:05.150,1789338905.150471,-55
2026-09-13 19:35:05.158,1789338905.1581633,-50
2026-09-13 19:35:05.165,1789338905.1658556,-41
2026-09-13 19:35:05.173,1789338905.1735477,-31
2026-09-13 19:35:05.181,1789338905.18124,-31
2026-09-13 19:35:05.188,1789338905.1889324,-26
2026-09-13 19:35:05.196,1789338905.1966248,-19
2026-09-13 19:35:05.204,1789338905.204317,-12
2026-09-13 19:35:05.212,1789338905.2120094,-7
2026-09-13 19:35:05.219,1789338905.2197018,-7
2026-09-13 19:35:05.227,1789338905.227394,-4
2026-09-13 19:35:05.235,1789338905.2350862,2
2026-09-13 19:35:05.242,1789338905.2427785,4
2026-09-13 19:35:05.250,1789338905.2504709,4
2026-09-13 19:35:05.258,1789338905.2581632,4
2026-09-13 19:35:05.265,1789338905.2658556,2
2026-09-13 19:35:05.273,1789338905.273548,2
2026-09-13 19:35:05.281,1789338905.2812402,4
2026-09-13 19:35:05.288,1789338905.2889326,7
2026-09-13 19:35:05.296,1789338905.296625,9
2026-09-13 19:35:05.304,1789338905.304317,7
2026-09-13 19:35:05.312,1789338905.3120093,9
2026-09-13 19:35:05.319,1789338905.3197017,14
