timestamp_local,timestamp_epoch_s,x_mg,y_mg,z_mg
2026-09-11 19:25:37.003,1789165537.0038714,-968,22,30
2026-09-11 19:25:37.023,1789165537.0238714,-969,19,41
2026-09-11 19:25:37.043,1789165537.0438714,-982,20,40
2026-09-11 19:25:37.063,1789165537.0638714,-984,24,12
2026-09-11 19:25:37.083,1789165537.0838714,-970,20,21
2026-09-11 19:25:37.103,1789165537.1038713,-969,21,37
2026-09-11 19:25:37.123,1789165537.1238713,-976,21,40
2026-09-11 19:25:37.143,1789165537.1438715,-982,18,34
2026-09-11 19:25:37.163,1789165537.1638715,-980,18,32
2026-09-11 19:25:37.183,1789165537.1838715,-975,22,30
2026-09-11 19:25:37.203,1789165537.2038715,-972,22,36
2026-09-11 19:25:37.223,1789165537.2238715,-976,21,39
2026-09-11 19:25:37.243,1789165537.2438715,-976,18,39
2026-09-11 19:25:37.263,1789165537.2638714,-974,18,38
2026-09-11 19:25:37.283,1789165537.2838714,-975,23,32
2026-09-11 19:25:37.303,1789165537.3038714,-975,20,37
2026-09-11 19:25:37.323,1789165537.3238714,-979,17,43
2026-09-11 19:25:37.343,1789165537.3438714,-983,20,40
2026-09-11 19:25:37.363,1789165537.3638713,-975,22,48
2026-09-11 19:25:37.383,1789165537.3838716,-979,21,48
2026-09-11 19:25:37.403,1789165537.4038715,-980,21,46
2026-09-11 19:25:37.423,1789165537.4238715,-977,19,44
2026-09-11 19:25:37.443,1789165537.4438715,-974,20,43
2026-09-11 19:25:37.463,1789165537.4638715,-972,18,42
2026-09-11 19:25:37.483,1789165537.4838715,-973,20,47
2026-09-11 19:25:37.503,1789165537.5038714,-975,20,49
2026-09-11 19:25:37.523,1789165537.5238714,-974,18,54
2026-09-11 19:25:37.543,1789165537.5438714,-974,19,53
2026-09-11 19:25:37.563,1789165537.5638714,-974,20,50
2026-09-11 19:25:37.583,1789165537.5838714,-974,19,55
2026-09-11 19:25:37.603,1789165537.6038713,-976,17,50
2026-09-11 19:25:37.623,1789165537.6238713,-976,18,54
2026-09-11 19:25:37.643,1789165537.6438715,-977,19,53
2026-09-11 19:25:37.663,1789165537.6638715,-976,19,59
2026-09-11 19:25:37.683,1789165537.6838715,-976,19,66
2026-09-11 19:25:37.703,1789165537.7038715,-980,20,47
2026-09-11 19:25:37.711,1789165537.7111871,-970,18,65
2026-09-11 19:25:37.731,1789165537.731187,-972,17,63
2026-09-11 19:25:37.751,1789165537.751187,-978,17,59
2026-09-11 19:25:37.771,1789165537.771187,-972,22,38
2026-09-11 19:25:37.791,1789165537.791187,-967,21,47
2026-09-11 19:25:37.811,1789165537.811187,-973,22,59
2026-09-11 19:25:37.831,1789165537.831187,-980,20,68
2026-09-11 19:25:37.851,1789165537.8511872,-983,15,71
2026-09-11 19:25:37.871,1789165537.8711872,-980,16,64
2026-09-11 19:25:37.891,1789165537.8911872,-976,19,54
2026-09-11 19:25:37.911,1789165537.9111872,-971,19,58
2026-09-11 19:25:37.931,1789165537.9311872,-975,19,62
2026-09-11 19:25:37.951,1789165537.9511871,-976,18,61
2026-09-11 19:25:37.971,1789165537.971187,-975,19,67
2026-09-11 19:25:37.991,1789165537.991187,-972,24,62
2026-09-11 19:25:38.011,1789165538.011187,-970,20,65
2026-09-11 19:25:38.031,1789165538.031187,-972,19,66
2026-09-11 19:25:38.051,1789165538.051187,-976,21,67
2026-09-11 19:25:38.071,1789165538.071187,-976,21,69
2026-09-11 19:25:38.091,1789165538.0911872,-976,18,69
2026-09-11 19:25:38.111,1789165538.1111872,-977,18,69
2026-09-11 19:25:38.131,1789165538.1311872,-978,21,63
2026-09-11 19:25:38.151,1789165538.1511872,-974,22,64
2026-09-11 19:25:38.171,1789165538.1711872,-974,20,64
2026-09-11 19:25:38.191,1789165538.1911871,-973,21,68
2026-09-11 19:25:38.211,1789165538.2111871,-972,21,64
2026-09-11 19:25:38.231,1789165538.231187,-971,22,68
2026-09-11 19:25:38.251,1789165538.251187,-975,21,74
2026-09-11 19:25:38.271,1789165538.271187,-976,21,70
2026-09-11 19:25:38.291,1789165538.291187,-974,21,70
2026-09-11 19:25:38.311,1789165538.311187,-977,20,67
2026-09-11 19:25:38.331,1789165538.331187,-972,21,62
2026-09-11 19:25:38.351,1789165538.3511872,-973,24,66
2026-09-11 19:25:38.371,1789165538.3711872,-976,23,70
2026-09-11 19:25:38.391,1789165538.3911872,-975,20,71
2026-09-11 19:25:38.411,1789165538.4111872,-975,20,78
2026-09-11 19:25:38.418,1789165538.4185638,-981,23,65
2026-09-11 19:25:38.438,1789165538.4385638,-973,21,71
2026-09-11 19:25:38.458,1789165538.4585638,-972,19,73
2026-09-11 19:25:38.478,1789165538.4785638,-971,21,78
2026-09-11 19:25:38.498,1789165538.4985638,-975,23,59
2026-09-11 19:25:38.518,1789165538.5185637,-972,20,61
2026-09-11 19:25:38.538,1789165538.5385637,-972,19,72
2026-09-11 19:25:38.558,1789165538.558564,-978,22,83
2026-09-11 19:25:38.578,1789165538.578564,-980,23,75
2026-09-11 19:25:38.598,1789165538.598564,-975,20,69
2026-09-11 19:25:38.618,1789165538.618564,-974,23,71
2026-09-11 19:25:38.638,1789165538.6385639,-971,26,73
2026-09-11 19:25:38.658,1789165538.6585639,-973,23,70
2026-09-11 19:25:38.678,1789165538.6785638,-972,22,75
2026-09-11 19:25:38.698,1789165538.6985638,-971,22,76
2026-09-11 19:25:38.718,1789165538.7185638,-975,22,66
2026-09-11 19:25:38.738,1789165538.7385638,-969,19,73
2026-09-11 19:25:38.758,1789165538.7585638,-977,19,76
2026-09-11 19:25:38.778,1789165538.7785637,-978,23,76
2026-09-11 19:25:38.798,1789165538.798564,-978,22,85
2026-09-11 19:25:38.818,1789165538.818564,-982,21,83
2026-09-11 19:25:38.838,1789165538.838564,-972,19,81
2026-09-11 19:25:38.858,1789165538.858564,-971,23,78
2026-09-11 19:25:38.878,1789165538.878564,-970,22,82
2026-09-11 19:25:38.898,1789165538.8985639,-970,22,84
2026-09-11 19:25:38.918,1789165538.9185638,-974,22,81
2026-09-11 19:25:38.938,1789165538.9385638,-977,21,84
2026-09-11 19:25:38.958,1789165538.9585638,-975,19,86
2026-09-11 19:25:38.978,1789165538.9785638,-972,20,87
2026-09-11 19:25:38.998,1789165538.9985638,-969,22,95
2026-09-11 19:25:39.018,1789165539.0185637,-969,25,96
2026-09-11 19:25:39.038,1789165539.0385637,-973,24,82
2026-09-11 19:25:39.058,1789165539.058564,-976,23,75
2026-09-11 19:25:39.078,1789165539.078564,-984,23,72
2026-09-11 19:25:39.098,1789165539.098564,-986,22,75
2026-09-11 19:25:39.118,1789165539.118564,-985,19,68
2026-09-11 19:25:39.125,1789165539.125971,-975,17,63
2026-09-11 19:25:39.145,1789165539.145971,-977,20,65
2026-09-11 19:25:39.165,1789165539.165971,-982,20,44
2026-09-11 19:25:39.185,1789165539.185971,-974,13,55
2026-09-11 19:25:39.205,1789165539.205971,-969,12,57
2026-09-11 19:25:39.225,1789165539.225971,-977,18,42
2026-09-11 19:25:39.245,1789165539.245971,-973,23,27
2026-09-11 19:25:39.265,1789165539.2659712,-972,16,39
2026-09-11 19:25:39.285,1789165539.2859712,-980,18,46
2026-09-11 19:25:39.305,1789165539.3059711,-985,21,46
2026-09-11 19:25:39.325,1789165539.3259711,-981,18,37
2026-09-11 19:25:39.345,1789165539.345971,-975,18,36
2026-09-11 19:25:39.365,1789165539.365971,-975,19,39
2026-09-11 19:25:39.385,1789165539.385971,-977,20,35
2026-09-11 19:25:39.405,1789165539.405971,-974,20,30
2026-09-11 19:25:39.425,1789165539.425971,-972,18,22
2026-09-11 19:25:39.445,1789165539.445971,-970,21,29
2026-09-11 19:25:39.465,1789165539.465971,-975,16,16
2026-09-11 19:25:39.485,1789165539.485971,-972,12,19
2026-09-11 19:25:39.505,1789165539.5059712,-978,13,24
2026-09-11 19:25:39.525,1789165539.5259712,-987,22,25
2026-09-11 19:25:39.545,1789165539.5459712,-982,19,22
2026-09-11 19:25:39.565,1789165539.5659711,-979,17,16
2026-09-11 19:25:39.585,1789165539.585971,-977,16,8
2026-09-11 19:25:39.605,1789165539.605971,-972,19,8
2026-09-11 19:25:39.625,1789165539.625971,-973,18,12
2026-09-11 19:25:39.645,1789165539.645971,-978,18,13
2026-09-11 19:25:39.665,1789165539.665971,-978,19,9
2026-09-11 19:25:39.685,1789165539.685971,-977,20,5
2026-09-11 19:25:39.705,1789165539.705971,-978,19,1
2026-09-11 19:25:39.725,1789165539.725971,-974,19,0
2026-09-11 19:25:39.745,1789165539.745971,-974,19,3
2026-09-11 19:25:39.765,1789165539.7659712,-978,18,0
2026-09-11 19:25:39.785,1789165539.7859712,-979,19,1
2026-09-11 19:25:39.805,1789165539.8059711,-976,19,8
2026-09-11 19:25:39.825,1789165539.8259711,-984,20,-2
2026-09-11 19:25:39.833,1789165539.8332257,-986,20,-18
2026-09-11 19:25:39.853,1789165539.8532257,-970,17,-12
2026-09-11 19:25:39.873,1789165539.8732257,-968,20,4
2026-09-11 19:25:39.893,1789165539.8932257,-977,21,-8
2026-09-11 19:25:39.913,1789165539.9132257,-979,18,-30
2026-09-11 19:25:39.933,1789165539.9332256,-968,14,-7
2026-09-11 19:25:39.953,1789165539.9532256,-988,19,-6
2026-09-11 19:25:39.973,1789165539.9732258,-984,21,-11
2026-09-11 19:25:39.993,1789165539.9932258,-980,20,-9
2026-09-11 19:25:40.013,1789165540.0132258,-976,17,-18
2026-09-11 19:25:40.033,1789165540.0332258,-973,20,-24
2026-09-11 19:25:40.053,1789165540.0532258,-974,21,-19
2026-09-11 19:25:40.073,1789165540.0732257,-977,20,-17
2026-09-11 19:25:40.093,1789165540.0932257,-980,18,-21
2026-09-11 19:25:40.113,1789165540.1132257,-976,19,-13
2026-09-11 19:25:40.133,1789165540.1332257,-977,21,-22
2026-09-11 19:25:40.153,1789165540.1532257,-975,18,-31
2026-09-11 19:25:40.173,1789165540.1732256,-976,17,-26
2026-09-11 19:25:40.193,1789165540.1932256,-978,22,-28
2026-09-11 19:25:40.213,1789165540.2132258,-975,20,-30
2026-09-11 19:25:40.233,1789165540.2332258,-973,16,-29
2026-09-11 19:25:40.253,1789165540.2532258,-973,19,-39
2026-09-11 19:25:40.273,1789165540.2732258,-972,20,-42
2026-09-11 19:25:40.293,1789165540.2932258,-974,18,-31
2026-09-11 19:25:40.313,1789165540.3132257,-985,16,-42
2026-09-11 19:25:40.333,1789165540.3332257,-981,18,-47
2026-09-11 19:25:40.353,1789165540.3532257,-979,22,-54
2026-09-11 19:25:40.373,1789165540.3732257,-980,27,-58
2026-09-11 19:25:40.393,1789165540.3932257,-977,29,-50
2026-09-11 19:25:40.413,1789165540.4132257,-978,27,-53
2026-09-11 19:25:40.433,1789165540.4332256,-977,26,-51
2026-09-11 19:25:40.453,1789165540.4532256,-975,25,-44
2026-09-11 19:25:40.473,1789165540.4732258,-978,27,-61
2026-09-11 19:25:40.493,1789165540.4932258,-979,26,-72
2026-09-11 19:25:40.513,1789165540.5132258,-962,23,-23
2026-09-11 19:25:40.533,1789165540.5332258,-980,24,-29
2026-09-11 19:25:40.540,1789165540.5403888,-984,30,-82
2026-09-11 19:25:40.560,1789165540.5603888,-963,27,-57
2026-09-11 19:25:40.580,1789165540.5803888,-986,26,-33
2026-09-11 19:25:40.600,1789165540.6003888,-992,26,-42
2026-09-11 19:25:40.620,1789165540.6203887,-983,23,-39
2026-09-11 19:25:40.640,1789165540.6403887,-978,25,-41
2026-09-11 19:25:40.660,1789165540.6603887,-972,25,-42
2026-09-11 19:25:40.680,1789165540.680389,-977,25,-36
2026-09-11 19:25:40.700,1789165540.700389,-976,24,-41
2026-09-11 19:25:40.720,1789165540.720389,-972,28,-33
2026-09-11 19:25:40.740,1789165540.7403889,-977,28,-38
2026-09-11 19:25:40.760,1789165540.7603889,-972,27,-23
2026-09-11 19:25:40.780,1789165540.7803888,-975,35,-55
2026-09-11 19:25:40.800,1789165540.8003888,-969,28,-46
2026-09-11 19:25:40.820,1789165540.8203888,-976,32,-33
2026-09-11 19:25:40.840,1789165540.8403888,-986,29,-36
2026-09-11 19:25:40.860,1789165540.8603888,-978,27,-30
2026-09-11 19:25:40.880,1789165540.8803887,-976,26,-40
2026-09-11 19:25:40.900,1789165540.9003887,-977,27,-46
2026-09-11 19:25:40.920,1789165540.920389,-973,27,-33
2026-09-11 19:25:40.940,1789165540.940389,-975,27,-32
2026-09-11 19:25:40.960,1789165540.960389,-973,25,-28
2026-09-11 19:25:40.980,1789165540.9803889,-973,27,-35
2026-09-11 19:25:41.000,1789165541.0003889,-976,38,-46
2026-09-11 19:25:41.020,1789165541.0203888,-965,40,-31
2026-09-11 19:25:41.040,1789165541.0403888,-972,34,-22
2026-09-11 19:25:41.060,1789165541.0603888,-965,30,-5
2026-09-11 19:25:41.080,1789165541.0803888,-967,28,-38
2026-09-11 19:25:41.100,1789165541.1003888,-962,34,-70
2026-09-11 19:25:41.120,1789165541.1203887,-944,30,-16
2026-09-11 19:25:41.140,1789165541.1403887,-979,28,-35
2026-09-11 19:25:41.160,1789165541.1603887,-969,32,-67
2026-09-11 19:25:41.180,1789165541.180389,-958,34,-29
2026-09-11 19:25:41.200,1789165541.200389,-986,31,-21
2026-09-11 19:25:41.220,1789165541.220389,-988,27,-36
2026-09-11 19:25:41.240,1789165541.2403889,-975,27,-30
2026-09-11 19:25:41.247,1789165541.2478266,-972,27,-33
2026-09-11 19:25:41.267,1789165541.2678266,-971,31,-31
2026-09-11 19:25:41.287,1789165541.2878265,-978,32,-34
2026-09-11 19:25:41.307,1789165541.3078265,-978,31,-26
2026-09-11 19:25:41.327,1789165541.3278265,-978,31,-34
2026-09-11 19:25:41.347,1789165541.3478265,-976,27,-30
2026-09-11 19:25:41.367,1789165541.3678265,-974,29,-20
2026-09-11 19:25:41.387,1789165541.3878267,-976,33,-34
2026-09-11 19:25:41.407,1789165541.4078267,-975,27,-30
2026-09-11 19:25:41.427,1789165541.4278266,-980,31,-23
2026-09-11 19:25:41.447,1789165541.4478266,-980,34,-23
2026-09-11 19:25:41.467,1789165541.4678266,-977,31,-19
2026-09-11 19:25:41.487,1789165541.4878266,-979,35,-21
2026-09-11 19:25:41.507,1789165541.5078266,-979,31,-17
2026-09-11 19:25:41.527,1789165541.5278265,-977,29,-16
2026-09-11 19:25:41.547,1789165541.5478265,-976,26,-17
2026-09-11 19:25:41.567,1789165541.5678265,-975,26,-17
2026-09-11 19:25:41.587,1789165541.5878265,-975,28,-16
2026-09-11 19:25:41.607,1789165541.6078265,-975,28,-18
2026-09-11 19:25:41.627,1789165541.6278267,-978,26,-21
2026-09-11 19:25:41.647,1789165541.6478267,-977,25,-7
2026-09-11 19:25:41.667,1789165541.6678267,-987,29,-15
2026-09-11 19:25:41.687,1789165541.6878266,-991,31,-29
2026-09-11 19:25:41.707,1789165541.7078266,-972,25,-7
2026-09-11 19:25:41.727,1789165541.7278266,-977,21,9
2026-09-11 19:25:41.747,1789165541.7478266,-993,27,-31
2026-09-11 19:25:41.767,1789165541.7678266,-965,31,-44
2026-09-11 19:25:41.787,1789165541.7878265,-953,28,-6
2026-09-11 19:25:41.807,1789165541.8078265,-977,30,-2
2026-09-11 19:25:41.827,1789165541.8278265,-981,27,-3
2026-09-11 19:25:41.847,1789165541.8478265,-983,24,-6
2026-09-11 19:25:41.867,1789165541.8678265,-982,25,-9
2026-09-11 19:25:41.887,1789165541.8878267,-978,24,-10
2026-09-11 19:25:41.907,1789165541.9078267,-976,26,-6
2026-09-11 19:25:41.927,1789165541.9278266,-976,26,-10
2026-09-11 19:25:41.947,1789165541.9478266,-973,26,-4
2026-09-11 19:25:41.955,1789165541.955356,-975,24,2
2026-09-11 19:25:41.975,1789165541.9753559,-980,28,-6
2026-09-11 19:25:41.995,1789165541.9953558,-977,22,-14
2026-09-11 19:25:42.015,1789165542.0153558,-970,21,3
2026-09-11 19:25:42.035,1789165542.0353558,-979,28,1
2026-09-11 19:25:42.055,1789165542.0553558,-979,27,8
2026-09-11 19:25:42.075,1789165542.0753558,-979,25,8
2026-09-11 19:25:42.095,1789165542.095356,-977,26,5
2026-09-11 19:25:42.115,1789165542.115356,-973,26,1
2026-09-11 19:25:42.135,1789165542.135356,-974,24,7
2026-09-11 19:25:42.155,1789165542.155356,-980,24,6
2026-09-11 19:25:42.175,1789165542.175356,-975,25,5
2026-09-11 19:25:42.195,1789165542.195356,-975,26,10
2026-09-11 19:25:42.215,1789165542.2153559,-974,29,11
2026-09-11 19:25:42.235,1789165542.2353559,-976,30,11
2026-09-11 19:25:42.255,1789165542.2553558,-975,26,20
2026-09-11 19:25:42.275,1789165542.2753558,-978,25,20
2026-09-11 19:25:42.295,1789165542.2953558,-986,26,-4
2026-09-11 19:25:42.315,1789165542.3153558,-969,23,17
2026-09-11 19:25:42.335,1789165542.335356,-969,20,37
2026-09-11 19:25:42.355,1789165542.355356,-984,26,16
2026-09-11 19:25:42.375,1789165542.375356,-976,31,-5
2026-09-11 19:25:42.395,1789165542.395356,-960,26,19
2026-09-11 19:25:42.415,1789165542.415356,-977,29,27
2026-09-11 19:25:42.435,1789165542.435356,-986,28,34
2026-09-11 19:25:42.455,1789165542.455356,-989,26,26
2026-09-11 19:25:42.475,1789165542.4753559,-982,24,25
2026-09-11 19:25:42.495,1789165542.4953558,-976,27,23
2026-09-11 19:25:42.515,1789165542.5153558,-976,25,27
2026-09-11 19:25:42.535,1789165542.5353558,-973,25,27
2026-09-11 19:25:42.555,1789165542.5553558,-973,25,27
2026-09-11 19:25:42.575,1789165542.5753558,-975,25,27
2026-09-11 19:25:42.595,1789165542.595356,-971,29,24
2026-09-11 19:25:42.615,1789165542.615356,-968,25,29
2026-09-11 19:25:42.635,1789165542.635356,-975,23,33
2026-09-11 19:25:42.655,1789165542.655356,-981,24,31
2026-09-11 19:25:42.662,1789165542.6629767,-975,25,38
2026-09-11 19:25:42.682,1789165542.6829767,-980,26,39
2026-09-11 19:25:42.702,1789165542.7029767,-982,27,36
2026-09-11 19:25:42.722,1789165542.7229767,-975,28,36
2026-09-11 19:25:42.742,1789165542.7429767,-974,26,32
2026-09-11 19:25:42.762,1789165542.7629766,-971,25,32
2026-09-11 19:25:42.782,1789165542.7829766,-974,24,36
2026-09-11 19:25:42.802,1789165542.8029768,-975,25,41
2026-09-11 19:25:42.822,1789165542.8229768,-973,23,43
2026-09-11 19:25:42.842,1789165542.8429768,-974,21,43
2026-09-11 19:25:42.862,1789165542.8629768,-976,24,38
2026-09-11 19:25:42.882,1789165542.8829768,-974,25,41
2026-09-11 19:25:42.902,1789165542.9029768,-978,24,39
2026-09-11 19:25:42.922,1789165542.9229767,-972,21,54
2026-09-11 19:25:42.942,1789165542.9429767,-984,26,45
2026-09-11 19:25:42.962,1789165542.9629767,-979,23,26
2026-09-11 19:25:42.982,1789165542.9829767,-966,24,52
2026-09-11 19:25:43.002,1789165543.0029767,-969,20,74
2026-09-11 19:25:43.022,1789165543.0229766,-988,23,44
2026-09-11 19:25:43.042,1789165543.0429769,-974,23,32
2026-09-11 19:25:43.062,1789165543.0629768,-965,21,50
2026-09-11 19:25:43.082,1789165543.0829768,-974,25,61
2026-09-11 19:25:43.102,1789165543.1029768,-980,23,59
2026-09-11 19:25:43.122,1789165543.1229768,-978,22,57
2026-09-11 19:25:43.142,1789165543.1429768,-976,23,53
2026-09-11 19:25:43.162,1789165543.1629767,-976,24,57
2026-09-11 19:25:43.182,1789165543.1829767,-975,25,68
2026-09-11 19:25:43.202,1789165543.2029767,-981,21,65
2026-09-11 19:25:43.222,1789165543.2229767,-975,20,54
2026-09-11 19:25:43.242,1789165543.2429767,-972,21,58
2026-09-11 19:25:43.262,1789165543.2629766,-972,25,55
2026-09-11 19:25:43.282,1789165543.2829766,-970,22,60
2026-09-11 19:25:43.302,1789165543.3029768,-974,21,66
2026-09-11 19:25:43.322,1789165543.3229768,-976,23,66
2026-09-11 19:25:43.342,1789165543.3429768,-976,23,72
2026-09-11 19:25:43.362,1789165543.3629768,-980,22,69
2026-09-11 19:25:43.370,1789165543.370323,-978,20,68
2026-09-11 19:25:43.390,1789165543.390323,-977,21,71
2026-09-11 19:25:43.410,1789165543.410323,-976,23,70
2026-09-11 19:25:43.430,1789165543.430323,-973,22,66
2026-09-11 19:25:43.450,1789165543.4503229,-971,21,72
2026-09-11 19:25:43.470,1789165543.4703228,-971,20,75
2026-09-11 19:25:43.490,1789165543.4903228,-972,22,74
2026-09-11 19:25:43.510,1789165543.510323,-972,22,78
2026-09-11 19:25:43.530,1789165543.530323,-974,22,77
2026-09-11 19:25:43.550,1789165543.550323,-974,22,75
2026-09-11 19:25:43.570,1789165543.570323,-975,23,76
2026-09-11 19:25:43.590,1789165543.590323,-974,22,80
2026-09-11 19:25:43.610,1789165543.610323,-974,21,83
2026-09-11 19:25:43.630,1789165543.630323,-974,23,83
2026-09-11 19:25:43.650,1789165543.650323,-975,25,83
2026-09-11 19:25:43.670,1789165543.670323,-974,24,82
2026-09-11 19:25:43.690,1789165543.6903229,-970,25,79
2026-09-11 19:25:43.710,1789165543.7103229,-970,21,96
2026-09-11 19:25:43.730,1789165543.7303228,-980,23,86
2026-09-11 19:25:43.750,1789165543.750323,-978,23,93
2026-09-11 19:25:43.770,1789165543.770323,-970,20,90
2026-09-11 19:25:43.790,1789165543.790323,-968,19,90
2026-09-11 19:25:43.810,1789165543.810323,-970,23,77
2026-09-11 19:25:43.830,1789165543.830323,-965,23,84
2026-09-11 19:25:43.850,1789165543.850323,-968,26,101
2026-09-11 19:25:43.870,1789165543.870323,-972,30,106
2026-09-11 19:25:43.890,1789165543.890323,-976,26,102
2026-09-11 19:25:43.910,1789165543.910323,-975,23,99
2026-09-11 19:25:43.930,1789165543.930323,-971,24,98
2026-09-11 19:25:43.950,1789165543.9503229,-969,25,98
2026-09-11 19:25:43.970,1789165543.9703228,-969,25,104
2026-09-11 19:25:43.990,1789165543.9903228,-970,24,108
2026-09-11 19:25:44.010,1789165544.010323,-971,23,108
2026-09-11 19:25:44.030,1789165544.030323,-969,26,98
2026-09-11 19:25:44.050,1789165544.050323,-970,22,97
2026-09-11 19:25:44.070,1789165544.070323,-971,20,103
2026-09-11 19:25:44.077,1789165544.0777607,-975,24,105
2026-09-11 19:25:44.097,1789165544.0977607,-972,26,107
2026-09-11 19:25:44.117,1789165544.1177607,-972,26,105
2026-09-11 19:25:44.137,1789165544.1377606,-970,22,104
2026-09-11 19:25:44.157,1789165544.1577606,-973,23,97
2026-09-11 19:25:44.177,1789165544.1777606,-970,24,97
2026-09-11 19:25:44.197,1789165544.1977606,-967,25,102
2026-09-11 19:25:44.217,1789165544.2177608,-974,25,104
2026-09-11 19:25:44.237,1789165544.2377608,-970,25,109
2026-09-11 19:25:44.257,1789165544.2577608,-967,24,102
2026-09-11 19:25:44.277,1789165544.2777607,-969,25,97
2026-09-11 19:25:44.297,1789165544.2977607,-969,27,102
2026-09-11 19:25:44.317,1789165544.3177607,-972,28,109
2026-09-11 19:25:44.337,1789165544.3377607,-973,26,102
2026-09-11 19:25:44.357,1789165544.3577607,-972,25,100
2026-09-11 19:25:44.377,1789165544.3777606,-973,26,98
2026-09-11 19:25:44.397,1789165544.3977606,-971,25,101
2026-09-11 19:25:44.417,1789165544.4177606,-971,25,104
2026-09-11 19:25:44.437,1789165544.4377606,-971,23,102
2026-09-11 19:25:44.457,1789165544.4577608,-971,23,102
2026-09-11 19:25:44.477,1789165544.4777608,-970,26,105
2026-09-11 19:25:44.497,1789165544.4977608,-969,28,100
2026-09-11 19:25:44.517,1789165544.5177608,-972,25,102
2026-09-11 19:25:44.537,1789165544.5377607,-970,25,102
2026-09-11 19:25:44.557,1789165544.5577607,-970,25,110
2026-09-11 19:25:44.577,1789165544.5777607,-975,29,104
2026-09-11 19:25:44.597,1789165544.5977607,-975,26,94
2026-09-11 19:25:44.617,1789165544.6177607,-971,24,94
2026-09-11 19:25:44.637,1789165544.6377606,-959,24,119
2026-09-11 19:25:44.657,1789165544.6577606,-973,25,89
2026-09-11 19:25:44.677,1789165544.6777606,-962,26,91
2026-09-11 19:25:44.697,1789165544.6977606,-970,26,100
2026-09-11 19:25:44.717,1789165544.7177608,-975,30,110
2026-09-11 19:25:44.737,1789165544.7377608,-977,26,111
2026-09-11 19:25:44.757,1789165544.7577608,-975,24,94
2026-09-11 19:25:44.777,1789165544.7777607,-971,25,96
2026-09-11 19:25:44.785,1789165544.7852902,-970,29,103
2026-09-11 19:25:44.805,1789165544.8052902,-971,29,102
2026-09-11 19:25:44.825,1789165544.8252902,-970,27,104
2026-09-11 19:25:44.845,1789165544.8452902,-973,25,103
2026-09-11 19:25:44.865,1789165544.8652902,-973,27,106
2026-09-11 19:25:44.885,1789165544.8852901,-975,25,107
2026-09-11 19:25:44.905,1789165544.9052901,-974,22,92
2026-09-11 19:25:44.925,1789165544.9252903,-970,26,82
2026-09-11 19:25:44.945,1789165544.9452903,-965,30,92
2026-09-11 19:25:44.965,1789165544.9652903,-972,31,89
2026-09-11 19:25:44.985,1789165544.9852903,-977,28,97
2026-09-11 19:25:45.005,1789165545.0052903,-987,26,86
2026-09-11 19:25:45.025,1789165545.0252903,-982,22,69
2026-09-11 19:25:45.045,1789165545.0452902,-972,23,60
2026-09-11 19:25:45.065,1789165545.0652902,-972,21,70
2026-09-11 19:25:45.085,1789165545.0852902,-988,19,74
2026-09-11 19:25:45.105,1789165545.1052902,-1000,17,66
2026-09-11 19:25:45.125,1789165545.1252902,-995,18,42
2026-09-11 19:25:45.145,1789165545.1452901,-971,21,39
2026-09-11 19:25:45.165,1789165545.1652904,-968,21,37
2026-09-11 19:25:45.185,1789165545.1852903,-971,19,47
2026-09-11 19:25:45.205,1789165545.2052903,-976,18,40
2026-09-11 19:25:45.225,1789165545.2252903,-972,20,33
2026-09-11 19:25:45.245,1789165545.2452903,-968,22,34
2026-09-11 19:25:45.265,1789165545.2652903,-975,19,31
2026-09-11 19:25:45.285,1789165545.2852902,-981,20,25
2026-09-11 19:25:45.305,1789165545.3052902,-980,23,20
2026-09-11 19:25:45.325,1789165545.3252902,-974,23,21
2026-09-11 19:25:45.345,1789165545.3452902,-975,21,18
2026-09-11 19:25:45.365,1789165545.3652902,-974,20,20
2026-09-11 19:25:45.385,1789165545.3852901,-980,23,21
2026-09-11 19:25:45.405,1789165545.4052901,-987,20,2
2026-09-11 19:25:45.425,1789165545.4252903,-968,16,9
2026-09-11 19:25:45.445,1789165545.4452903,-963,18,19
2026-09-11 19:25:45.465,1789165545.4652903,-978,19,6
2026-09-11 19:25:45.485,1789165545.4852903,-976,19,-2
2026-09-11 19:25:45.492,1789165545.4928803,-972,15,7
2026-09-11 19:25:45.512,1789165545.5128803,-981,21,7
2026-09-11 19:25:45.532,1789165545.5328803,-978,23,3
2026-09-11 19:25:45.552,1789165545.5528803,-979,22,4
2026-09-11 19:25:45.572,1789165545.5728803,-978,22,-2
2026-09-11 19:25:45.592,1789165545.5928802,-973,22,-7
2026-09-11 19:25:45.612,1789165545.6128802,-971,21,-1
2026-09-11 19:25:45.632,1789165545.6328804,-976,21,-3
2026-09-11 19:25:45.652,1789165545.6528804,-977,22,-3
2026-09-11 19:25:45.672,1789165545.6728804,-977,20,1
2026-09-11 19:25:45.692,1789165545.6928804,-980,26,-8
2026-09-11 19:25:45.712,1789165545.7128804,-974,23,-20
2026-09-11 19:25:45.732,1789165545.7328804,-969,20,-19
2026-09-11 19:25:45.752,1789165545.7528803,-972,26,-14
2026-09-11 19:25:45.772,1789165545.7728803,-978,28,-12
2026-09-11 19:25:45.792,1789165545.7928803,-977,27,-11
2026-09-11 19:25:45.812,1789165545.8128803,-975,26,-16
2026-09-11 19:25:45.832,1789165545.8328803,-973,26,-21
2026-09-11 19:25:45.852,1789165545.8528802,-973,24,-27
2026-09-11 19:25:45.872,1789165545.8728805,-973,24,-25
2026-09-11 19:25:45.892,1789165545.8928804,-979,24,-24
2026-09-11 19:25:45.912,1789165545.9128804,-980,22,-26
2026-09-11 19:25:45.932,1789165545.9328804,-978,23,-24
2026-09-11 19:25:45.952,1789165545.9528804,-978,24,-20
2026-09-11 19:25:45.972,1789165545.9728804,-980,23,-24
2026-09-11 19:25:45.992,1789165545.9928803,-977,24,-28
2026-09-11 19:25:46.012,1789165546.0128803,-975,27,-28
2026-09-11 19:25:46.032,1789165546.0328803,-973,29,-26
2026-09-11 19:25:46.052,1789165546.0528803,-975,30,-27
2026-09-11 19:25:46.072,1789165546.0728803,-973,29,-16
2026-09-11 19:25:46.092,1789165546.0928802,-985,31,-25
2026-09-11 19:25:46.112,1789165546.1128802,-987,28,-50
2026-09-11 19:25:46.132,1789165546.1328804,-956,26,-8
2026-09-11 19:25:46.152,1789165546.1528804,-974,24,-9
2026-09-11 19:25:46.172,1789165546.1728804,-982,29,-52
2026-09-11 19:25:46.192,1789165546.1928804,-963,31,-32
2026-09-11 19:25:46.200,1789165546.200318,-983,29,-5
2026-09-11 19:25:46.220,1789165546.220318,-996,29,-22
2026-09-11 19:25:46.240,1789165546.240318,-979,25,-19
2026-09-11 19:25:46.260,1789165546.260318,-980,26,-19
2026-09-11 19:25:46.280,1789165546.280318,-974,28,-18
2026-09-11 19:25:46.300,1789165546.300318,-973,29,-14
2026-09-11 19:25:46.320,1789165546.320318,-976,30,-16
2026-09-11 19:25:46.340,1789165546.3403182,-976,29,-15
2026-09-11 19:25:46.360,1789165546.3603182,-975,29,-14
2026-09-11 19:25:46.380,1789165546.3803182,-979,28,-12
2026-09-11 19:25:46.400,1789165546.4003181,-976,29,-15
2026-09-11 19:25:46.420,1789165546.4203181,-973,30,-28
2026-09-11 19:25:46.440,1789165546.440318,-973,25,-11
2026-09-11 19:25:46.460,1789165546.460318,-982,30,-11
2026-09-11 19:25:46.480,1789165546.480318,-978,28,-9
2026-09-11 19:25:46.500,1789165546.500318,-982,27,-10
2026-09-11 19:25:46.520,1789165546.520318,-979,26,-9
2026-09-11 19:25:46.540,1789165546.540318,-976,26,-11
2026-09-11 19:25:46.560,1789165546.560318,-974,25,-5
2026-09-11 19:25:46.580,1789165546.5803182,-978,26,-16
2026-09-11 19:25:46.600,1789165546.6003182,-971,28,-8
2026-09-11 19:25:46.620,1789165546.6203182,-976,31,-13
2026-09-11 19:25:46.640,1789165546.6403182,-976,31,-12
2026-09-11 19:25:46.660,1789165546.6603181,-974,30,-13
2026-09-11 19:25:46.680,1789165546.680318,-972,30,-10
2026-09-11 19:25:46.700,1789165546.700318,-974,31,-14
2026-09-11 19:25:46.720,1789165546.720318,-973,31,-11
2026-09-11 19:25:46.740,1789165546.740318,-974,32,-10
2026-09-11 19:25:46.760,1789165546.760318,-980,37,-24
2026-09-11 19:25:46.780,1789165546.780318,-969,31,-5
2026-09-11 19:25:46.800,1789165546.800318,-975,29,3
2026-09-11 19:25:46.820,1789165546.820318,-986,33,-23
2026-09-11 19:25:46.840,1789165546.8403182,-964,38,-28
2026-09-11 19:25:46.860,1789165546.8603182,-970,31,4
2026-09-11 19:25:46.880,1789165546.8803182,-997,33,-3
2026-09-11 19:25:46.900,1789165546.9003181,-979,29,-11
2026-09-11 19:25:46.907,1789165546.9076643,-973,30,-9
2026-09-11 19:25:46.927,1789165546.9276643,-975,33,-10
2026-09-11 19:25:46.947,1789165546.9476643,-975,32,-11
2026-09-11 19:25:46.967,1789165546.9676642,-969,31,-10
2026-09-11 19:25:46.987,1789165546.9876642,-971,30,-9
2026-09-11 19:25:47.007,1789165547.0076642,-975,28,-13
2026-09-11 19:25:47.027,1789165547.0276642,-980,30,-23
2026-09-11 19:25:47.047,1789165547.0476644,-970,31,1
2026-09-11 19:25:47.067,1789165547.0676644,-969,30,-11
2026-09-11 19:25:47.087,1789165547.0876644,-973,27,-7
2026-09-11 19:25:47.107,1789165547.1076643,-984,33,-5
2026-09-11 19:25:47.127,1789165547.1276643,-978,32,-13
2026-09-11 19:25:47.147,1789165547.1476643,-966,31,-9
2026-09-11 19:25:47.167,1789165547.1676643,-971,32,-10
2026-09-11 19:25:47.187,1789165547.1876643,-968,30,-15
2026-09-11 19:25:47.207,1789165547.2076643,-963,27,-17
2026-09-11 19:25:47.227,1789165547.2276642,-969,29,-14
2026-09-11 19:25:47.247,1789165547.2476642,-972,30,-14
2026-09-11 19:25:47.267,1789165547.2676642,-971,30,-18
2026-09-11 19:25:47.287,1789165547.2876644,-972,33,-24
2026-09-11 19:25:47.307,1789165547.3076644,-973,33,-23
2026-09-11 19:25:47.327,1789165547.3276644,-975,31,-21
2026-09-11 19:25:47.347,1789165547.3476644,-974,26,-14
2026-09-11 19:25:47.367,1789165547.3676643,-977,30,-29
2026-09-11 19:25:47.387,1789165547.3876643,-989,31,-50
2026-09-11 19:25:47.407,1789165547.4076643,-967,30,0
2026-09-11 19:25:47.427,1789165547.4276643,-990,31,-10
2026-09-11 19:25:47.447,1789165547.4476643,-985,35,-52
2026-09-11 19:25:47.467,1789165547.4676642,-960,39,-36
2026-09-11 19:25:47.487,1789165547.4876642,-976,32,-13
2026-09-11 19:25:47.507,1789165547.5076642,-993,34,-19
2026-09-11 19:25:47.527,1789165547.5276642,-981,33,-19
2026-09-11 19:25:47.547,1789165547.5476644,-979,35,-18
2026-09-11 19:25:47.567,1789165547.5676644,-980,33,-24
2026-09-11 19:25:47.587,1789165547.5876644,-975,31,-24
2026-09-11 19:25:47.607,1789165547.6076643,-974,31,-25
2026-09-11 19:25:47.614,1789165547.61498,-974,31,-23
2026-09-11 19:25:47.634,1789165547.63498,-974,30,-17
2026-09-11 19:25:47.654,1789165547.65498,-977,27,-3
2026-09-11 19:25:47.674,1789165547.67498,-982,32,-22
2026-09-11 19:25:47.694,1789165547.69498,-974,30,-33
2026-09-11 19:25:47.714,1789165547.71498,-972,33,-16
2026-09-11 19:25:47.734,1789165547.7349799,-981,34,-17
2026-09-11 19:25:47.754,1789165547.75498,-981,31,-11
2026-09-11 19:25:47.774,1789165547.77498,-979,29,-15
2026-09-11 19:25:47.794,1789165547.79498,-977,30,-21
2026-09-11 19:25:47.814,1789165547.81498,-973,31,-14
2026-09-11 19:25:47.834,1789165547.83498,-975,30,-18
2026-09-11 19:25:47.854,1789165547.85498,-976,28,-14
2026-09-11 19:25:47.874,1789165547.87498,-978,28,-11
2026-09-11 19:25:47.894,1789165547.89498,-977,28,-15
2026-09-11 19:25:47.914,1789165547.91498,-975,31,-16
2026-09-11 19:25:47.934,1789165547.93498,-976,30,-11
2026-09-11 19:25:47.954,1789165547.95498,-979,29,-12
2026-09-11 19:25:47.974,1789165547.9749799,-974,27,-7
2026-09-11 19:25:47.994,1789165547.99498,-978,30,-13
2026-09-11 19:25:48.014,1789165548.01498,-988,32,-40
2026-09-11 19:25:48.034,1789165548.03498,-963,29,-4
2026-09-11 19:25:48.054,1789165548.05498,-974,23,12
2026-09-11 19:25:48.074,1789165548.07498,-996,28,-20
2026-09-11 19:25:48.094,1789165548.09498,-976,30,-46
2026-09-11 19:25:48.114,1789165548.11498,-961,28,-4
2026-09-11 19:25:48.134,1789165548.13498,-981,30,0
2026-09-11 19:25:48.154,1789165548.15498,-980,27,0
2026-09-11 19:25:48.174,1789165548.17498,-985,26,-5
2026-09-11 19:25:48.194,1789165548.19498,-979,27,-4
2026-09-11 19:25:48.214,1789165548.21498,-975,28,-6
2026-09-11 19:25:48.234,1789165548.2349799,-979,27,-5
2026-09-11 19:25:48.254,1789165548.25498,-976,26,-6
2026-09-11 19:25:48.274,1789165548.27498,-974,27,-10
2026-09-11 19:25:48.294,1789165548.29498,-974,26,-2
2026-09-11 19:25:48.314,1789165548.31498,-978,29,-2
2026-09-11 19:25:48.322,1789165548.3225706,-978,27,-9
2026-09-11 19:25:48.342,1789165548.3425705,-970,23,2
2026-09-11 19:25:48.362,1789165548.3625705,-981,26,-6
2026-09-11 19:25:48.382,1789165548.3825705,-973,26,7
2026-09-11 19:25:48.402,1789165548.4025705,-982,27,9
2026-09-11 19:25:48.422,1789165548.4225705,-982,28,7
2026-09-11 19:25:48.442,1789165548.4425704,-977,27,6
2026-09-11 19:25:48.462,1789165548.4625707,-976,27,0
2026-09-11 19:25:48.482,1789165548.4825706,-976,25,3
2026-09-11 19:25:48.502,1789165548.5025706,-974,26,4
2026-09-11 19:25:48.522,1789165548.5225706,-973,27,10
2026-09-11 19:25:48.542,1789165548.5425706,-974,29,10
2026-09-11 19:25:48.562,1789165548.5625706,-975,28,10
2026-09-11 19:25:48.582,1789165548.5825706,-979,28,10
2026-09-11 19:25:48.602,1789165548.6025705,-980,27,11
2026-09-11 19:25:48.622,1789165548.6225705,-975,26,19
2026-09-11 19:25:48.642,1789165548.6425705,-982,28,11
2026-09-11 19:25:48.662,1789165548.6625705,-983,29,-14
2026-09-11 19:25:48.682,1789165548.6825705,-961,26,24
2026-09-11 19:25:48.702,1789165548.7025707,-972,21,42
2026-09-11 19:25:48.722,1789165548.7225707,-992,25,13
2026-09-11 19:25:48.742,1789165548.7425706,-977,28,-7
2026-09-11 19:25:48.762,1789165548.7625706,-959,27,18
2026-09-11 19:25:48.782,1789165548.7825706,-976,29,27
2026-09-11 19:25:48.802,1789165548.8025706,-980,27,33
2026-09-11 19:25:48.822,1789165548.8225706,-985,24,25
2026-09-11 19:25:48.842,1789165548.8425705,-979,25,21
2026-09-11 19:25:48.862,1789165548.8625705,-970,27,25
2026-09-11 19:25:48.882,1789165548.8825705,-972,28,26
2026-09-11 19:25:48.902,1789165548.9025705,-976,26,28
2026-09-11 19:25:48.922,1789165548.9225705,-976,25,24
2026-09-11 19:25:48.942,1789165548.9425704,-973,26,31
2026-09-11 19:25:48.962,1789165548.9625707,-973,30,29
2026-09-11 19:25:48.982,1789165548.9825706,-971,28,30
2026-09-11 19:25:49.002,1789165549.0025706,-977,25,34
2026-09-11 19:25:49.022,1789165549.0225706,-977,26,29
2026-09-11 19:25:49.029,1789165549.0299776,-974,28,39
2026-09-11 19:25:49.049,1789165549.0499775,-981,28,40
2026-09-11 19:25:49.069,1789165549.0699775,-979,28,35
2026-09-11 19:25:49.089,1789165549.0899775,-973,30,36
2026-09-11 19:25:49.109,1789165549.1099775,-973,28,35
2026-09-11 19:25:49.129,1789165549.1299775,-974,25,36
2026-09-11 19:25:49.149,1789165549.1499774,-974,25,39
2026-09-11 19:25:49.169,1789165549.1699777,-975,29,40
2026-09-11 19:25:49.189,1789165549.1899776,-974,30,43
2026-09-11 19:25:49.209,1789165549.2099776,-978,29,43
2026-09-11 19:25:49.229,1789165549.2299776,-976,29,44
2026-09-11 19:25:49.249,1789165549.2499776,-975,28,45
2026-09-11 19:25:49.269,1789165549.2699776,-974,28,43
2026-09-11 19:25:49.289,1789165549.2899776,-975,27,43
2026-09-11 19:25:49.309,1789165549.3099775,-975,30,41
2026-09-11 19:25:49.329,1789165549.3299775,-973,30,40
2026-09-11 19:25:49.349,1789165549.3499775,-972,29,46
2026-09-11 19:25:49.369,1789165549.3699775,-973,28,55
2026-09-11 19:25:49.389,1789165549.3899775,-985,32,18
2026-09-11 19:25:49.409,1789165549.4099777,-964,33,49
2026-09-11 19:25:49.429,1789165549.4299777,-967,26,65
2026-09-11 19:25:49.449,1789165549.4499776,-985,29,47
2026-09-11 19:25:49.469,1789165549.4699776,-979,31,24
2026-09-11 19:25:49.489,1789165549.4899776,-968,26,39
2026-09-11 19:25:49.509,1789165549.5099776,-972,31,57
2026-09-11 19:25:49.529,1789165549.5299776,-982,31,58
2026-09-11 19:25:49.549,1789165549.5499775,-980,24,53
2026-09-11 19:25:49.569,1789165549.5699775,-979,23,44
2026-09-11 19:25:49.589,1789165549.5899775,-975,27,46
2026-09-11 19:25:49.609,1789165549.6099775,-975,28,46
2026-09-11 19:25:49.629,1789165549.6299775,-974,26,49
2026-09-11 19:25:49.649,1789165549.6499774,-973,25,44
2026-09-11 19:25:49.669,1789165549.6699777,-970,24,49
2026-09-11 19:25:49.689,1789165549.6899776,-975,28,41
2026-09-11 19:25:49.709,1789165549.7099776,-968,25,46
2026-09-11 19:25:49.729,1789165549.7299776,-975,23,50
2026-09-11 19:25:49.737,1789165549.73769,-977,24,49
2026-09-11 19:25:49.757,1789165549.75769,-979,26,49
2026-09-11 19:25:49.777,1789165549.77769,-978,26,53
2026-09-11 19:25:49.797,1789165549.79769,-974,26,57
2026-09-11 19:25:49.817,1789165549.81769,-976,27,52
2026-09-11 19:25:49.837,1789165549.8376899,-975,28,53
2026-09-11 19:25:49.857,1789165549.8576899,-975,25,52
2026-09-11 19:25:49.877,1789165549.87769,-978,21,54
2026-09-11 19:25:49.897,1789165549.89769,-975,19,54
2026-09-11 19:25:49.917,1789165549.91769,-974,21,59
2026-09-11 19:25:49.937,1789165549.93769,-977,22,52
2026-09-11 19:25:49.957,1789165549.95769,-975,23,54
2026-09-11 19:25:49.977,1789165549.97769,-974,23,60
2026-09-11 19:25:49.997,1789165549.99769,-974,20,62
2026-09-11 19:25:50.017,1789165550.01769,-979,22,59
2026-09-11 19:25:50.037,1789165550.03769,-977,23,62
2026-09-11 19:25:50.057,1789165550.05769,-976,24,59
2026-09-11 19:25:50.077,1789165550.07769,-974,23,62
2026-09-11 19:25:50.097,1789165550.0976899,-975,22,64
2026-09-11 19:25:50.117,1789165550.11769,-974,23,67
2026-09-11 19:25:50.137,1789165550.13769,-976,22,60
2026-09-11 19:25:50.157,1789165550.15769,-971,24,64
2026-09-11 19:25:50.177,1789165550.17769,-973,24,71
2026-09-11 19:25:50.197,1789165550.19769,-976,21,70
2026-09-11 19:25:50.217,1789165550.21769,-972,22,80
2026-09-11 19:25:50.237,1789165550.23769,-979,24,56
2026-09-11 19:25:50.257,1789165550.25769,-973,26,74
2026-09-11 19:25:50.277,1789165550.27769,-973,23,79
2026-09-11 19:25:50.297,1789165550.29769,-976,22,81
2026-09-11 19:25:50.317,1789165550.31769,-973,23,57
2026-09-11 19:25:50.337,1789165550.3376899,-966,21,63
2026-09-11 19:25:50.357,1789165550.3576899,-972,24,80
2026-09-11 19:25:50.377,1789165550.37769,-978,27,82
2026-09-11 19:25:50.397,1789165550.39769,-975,25,79
2026-09-11 19:25:50.417,1789165550.41769,-975,23,77
2026-09-11 19:25:50.437,1789165550.43769,-974,24,71
2026-09-11 19:25:50.445,1789165550.4450974,-976,26,70
2026-09-11 19:25:50.465,1789165550.4650974,-973,24,70
2026-09-11 19:25:50.485,1789165550.4850974,-971,23,69
2026-09-11 19:25:50.505,1789165550.5050974,-971,22,69
2026-09-11 19:25:50.525,1789165550.5250974,-972,26,74
2026-09-11 19:25:50.545,1789165550.5450974,-976,24,66
2026-09-11 19:25:50.565,1789165550.5650973,-972,25,81
2026-09-11 19:25:50.585,1789165550.5850976,-978,25,79
2026-09-11 19:25:50.605,1789165550.6050975,-973,25,76
2026-09-11 19:25:50.625,1789165550.6250975,-974,26,74
2026-09-11 19:25:50.645,1789165550.6450975,-975,23,76
2026-09-11 19:25:50.665,1789165550.6650975,-976,22,76
2026-09-11 19:25:50.685,1789165550.6850975,-973,24,74
2026-09-11 19:25:50.705,1789165550.7050974,-970,25,77
2026-09-11 19:25:50.725,1789165550.7250974,-971,24,81
2026-09-11 19:25:50.745,1789165550.7450974,-973,23,76
2026-09-11 19:25:50.765,1789165550.7650974,-969,23,77
2026-09-11 19:25:50.785,1789165550.7850974,-972,22,78
2026-09-11 19:25:50.805,1789165550.8050973,-978,23,84
2026-09-11 19:25:50.825,1789165550.8250976,-981,25,86
2026-09-11 19:25:50.845,1789165550.8450975,-977,23,85
2026-09-11 19:25:50.865,1789165550.8650975,-975,25,81
2026-09-11 19:25:50.885,1789165550.8850975,-974,26,82
2026-09-11 19:25:50.905,1789165550.9050975,-974,26,79
2026-09-11 19:25:50.925,1789165550.9250975,-976,23,82
2026-09-11 19:25:50.945,1789165550.9450974,-976,22,79
2026-09-11 19:25:50.965,1789165550.9650974,-976,20,75
2026-09-11 19:25:50.985,1789165550.9850974,-976,19,70
2026-09-11 19:25:51.005,1789165551.0050974,-975,20,68
2026-09-11 19:25:51.025,1789165551.0250974,-981,24,59
2026-09-11 19:25:51.045,1789165551.0450974,-983,26,47
2026-09-11 19:25:51.065,1789165551.0650973,-972,26,54
2026-09-11 19:25:51.085,1789165551.0850976,-973,24,59
2026-09-11 19:25:51.105,1789165551.1050975,-986,25,47
2026-09-11 19:25:51.125,1789165551.1250975,-984,22,28
2026-09-11 19:25:51.145,1789165551.1450975,-976,21,40
2026-09-11 19:25:51.152,1789165551.1524742,-965,19,46
2026-09-11 19:25:51.172,1789165551.1724741,-978,24,26
2026-09-11 19:25:51.192,1789165551.1924741,-971,24,19
2026-09-11 19:25:51.212,1789165551.212474,-977,20,30
2026-09-11 19:25:51.232,1789165551.232474,-980,26,29
2026-09-11 19:25:51.252,1789165551.252474,-981,25,34
2026-09-11 19:25:51.272,1789165551.272474,-984,19,23
2026-09-11 19:25:51.292,1789165551.2924743,-977,22,20
2026-09-11 19:25:51.312,1789165551.3124743,-973,25,17
2026-09-11 19:25:51.332,1789165551.3324742,-970,23,15
2026-09-11 19:25:51.352,1789165551.3524742,-971,23,16
2026-09-11 19:25:51.372,1789165551.3724742,-974,23,15
2026-09-11 19:25:51.392,1789165551.3924742,-971,25,18
2026-09-11 19:25:51.412,1789165551.4124742,-975,25,7
2026-09-11 19:25:51.432,1789165551.4324741,-971,19,2
2026-09-11 19:25:51.452,1789165551.452474,-972,18,16
2026-09-11 19:25:51.472,1789165551.472474,-981,26,9
2026-09-11 19:25:51.492,1789165551.492474,-976,25,9
2026-09-11 19:25:51.512,1789165551.512474,-978,23,10
2026-09-11 19:25:51.532,1789165551.5324743,-981,23,10
2026-09-11 19:25:51.552,1789165551.5524743,-980,25,5
2026-09-11 19:25:51.572,1789165551.5724742,-977,22,5
2026-09-11 19:25:51.592,1789165551.5924742,-975,23,4
2026-09-11 19:25:51.612,1789165551.6124742,-975,25,3
2026-09-11 19:25:51.632,1789165551.6324742,-977,25,1
2026-09-11 19:25:51.652,1789165551.6524742,-978,26,1
2026-09-11 19:25:51.672,1789165551.6724741,-974,25,2
2026-09-11 19:25:51.692,1789165551.6924741,-974,25,4
2026-09-11 19:25:51.712,1789165551.712474,-978,25,4
2026-09-11 19:25:51.732,1789165551.732474,-981,25,2
2026-09-11 19:25:51.752,1789165551.752474,-975,23,0
2026-09-11 19:25:51.772,1789165551.772474,-973,24,-2
2026-09-11 19:25:51.792,1789165551.7924743,-975,24,3
2026-09-11 19:25:51.812,1789165551.8124743,-978,25,-1
2026-09-11 19:25:51.832,1789165551.8324742,-972,26,5
2026-09-11 19:25:51.852,1789165551.8524742,-978,27,3
2026-09-11 19:25:51.859,1789165551.8597898,-982,25,-10
2026-09-11 19:25:51.879,1789165551.8797898,-969,22,-13
2026-09-11 19:25:51.899,1789165551.8997898,-959,24,15
2026-09-11 19:25:51.919,1789165551.9197898,-980,27,1
2026-09-11 19:25:51.939,1789165551.9397898,-975,27,-16
2026-09-11 19:25:51.959,1789165551.9597898,-974,24,4
2026-09-11 19:25:51.979,1789165551.9797897,-993,26,5
2026-09-11 19:25:51.999,1789165551.99979,-983,26,1
2026-09-11 19:25:52.019,1789165552.01979,-974,25,5
2026-09-11 19:25:52.039,1789165552.03979,-975,27,2
2026-09-11 19:25:52.059,1789165552.05979,-978,30,0
2026-09-11 19:25:52.079,1789165552.0797899,-974,28,0
2026-09-11 19:25:52.099,1789165552.0997899,-973,26,4
2026-09-11 19:25:52.119,1789165552.1197898,-975,27,0
2026-09-11 19:25:52.139,1789165552.1397898,-976,26,3
2026-09-11 19:25:52.159,1789165552.1597898,-975,29,10
2026-09-11 19:25:52.179,1789165552.1797898,-973,31,-11
2026-09-11 19:25:52.199,1789165552.1997898,-969,27,-4
2026-09-11 19:25:52.219,1789165552.2197897,-975,30,4
2026-09-11 19:25:52.239,1789165552.23979,-980,32,5
2026-09-11 19:25:52.259,1789165552.25979,-980,27,3
2026-09-11 19:25:52.279,1789165552.27979,-976,28,3
2026-09-11 19:25:52.299,1789165552.29979,-976,27,2
2026-09-11 19:25:52.319,1789165552.31979,-977,27,6
2026-09-11 19:25:52.339,1789165552.3397899,-979,28,2
2026-09-11 19:25:52.359,1789165552.3597898,-978,29,0
2026-09-11 19:25:52.379,1789165552.3797898,-972,30,7
2026-09-11 19:25:52.399,1789165552.3997898,-976,29,6
2026-09-11 19:25:52.419,1789165552.4197898,-977,28,3
2026-09-11 19:25:52.439,1789165552.4397898,-971,31,3
2026-09-11 19:25:52.459,1789165552.4597898,-975,29,5
2026-09-11 19:25:52.479,1789165552.4797897,-980,29,1
2026-09-11 19:25:52.499,1789165552.49979,-975,28,6
2026-09-11 19:25:52.519,1789165552.51979,-978,32,6
2026-09-11 19:25:52.539,1789165552.53979,-980,35,-2
2026-09-11 19:25:52.559,1789165552.55979,-974,31,1
2026-09-11 19:25:52.567,1789165552.5672274,-961,27,28
2026-09-11 19:25:52.587,1789165552.5872273,-982,33,0
2026-09-11 19:25:52.607,1789165552.6072273,-967,37,-8
2026-09-11 19:25:52.627,1789165552.6272273,-966,33,12
2026-09-11 19:25:52.647,1789165552.6472273,-993,36,12
2026-09-11 19:25:52.667,1789165552.6672273,-986,31,-1
2026-09-11 19:25:52.687,1789165552.6872272,-973,31,5
2026-09-11 19:25:52.707,1789165552.7072275,-973,31,9
2026-09-11 19:25:52.727,1789165552.7272274,-975,33,8
2026-09-11 19:25:52.747,1789165552.7472274,-976,32,6
2026-09-11 19:25:52.767,1789165552.7672274,-975,32,10
2026-09-11 19:25:52.787,1789165552.7872274,-969,30,7
2026-09-11 19:25:52.807,1789165552.8072274,-974,29,6
2026-09-11 19:25:52.827,1789165552.8272274,-973,32,15
2026-09-11 19:25:52.847,1789165552.8472273,-971,38,-7
2026-09-11 19:25:52.867,1789165552.8672273,-973,33,-5
2026-09-11 19:25:52.887,1789165552.8872273,-976,37,8
2026-09-11 19:25:52.907,1789165552.9072273,-982,36,5
2026-09-11 19:25:52.927,1789165552.9272273,-978,37,2
2026-09-11 19:25:52.947,1789165552.9472275,-976,34,2
2026-09-11 19:25:52.967,1789165552.9672275,-974,34,2
2026-09-11 19:25:52.987,1789165552.9872274,-974,32,4
2026-09-11 19:25:53.007,1789165553.0072274,-972,31,-5
2026-09-11 19:25:53.027,1789165553.0272274,-969,37,-12
2026-09-11 19:25:53.047,1789165553.0472274,-967,41,-8
2026-09-11 19:25:53.067,1789165553.0672274,-969,37,-15
2026-09-11 19:25:53.087,1789165553.0872273,-972,33,-21
2026-09-11 19:25:53.107,1789165553.1072273,-972,36,-23
2026-09-11 19:25:53.127,1789165553.1272273,-964,38,-2
2026-09-11 19:25:53.147,1789165553.1472273,-970,33,-20
2026-09-11 19:25:53.167,1789165553.1672273,-973,34,-46
2026-09-11 19:25:53.187,1789165553.1872272,-967,30,-20
2026-09-11 19:25:53.207,1789165553.2072275,-980,30,-11
2026-09-11 19:25:53.227,1789165553.2272274,-978,31,-27
2026-09-11 19:25:53.247,1789165553.2472274,-961,40,-34
2026-09-11 19:25:53.267,1789165553.2672274,-969,34,-21
2026-09-11 19:25:53.274,1789165553.274543,-993,30,-25
2026-09-11 19:25:53.294,1789165553.294543,-984,30,-19
2026-09-11 19:25:53.314,1789165553.314543,-974,30,-19
2026-09-11 19:25:53.334,1789165553.334543,-967,33,-19
2026-09-11 19:25:53.354,1789165553.354543,-972,29,-27
2026-09-11 19:25:53.374,1789165553.374543,-972,30,-21
2026-09-11 19:25:53.394,1789165553.394543,-976,30,-22
2026-09-11 19:25:53.414,1789165553.4145432,-974,35,-20
2026-09-11 19:25:53.434,1789165553.4345431,-983,28,-11
2026-09-11 19:25:53.454,1789165553.454543,-980,31,-22
2026-09-11 19:25:53.474,1789165553.474543,-975,32,-31
2026-09-11 19:25:53.494,1789165553.494543,-976,28,-25
2026-09-11 19:25:53.514,1789165553.514543,-972,35,-12
2026-09-11 19:25:53.534,1789165553.534543,-977,33,-11
2026-09-11 19:25:53.554,1789165553.554543,-976,30,-12
2026-09-11 19:25:53.574,1789165553.574543,-980,29,-14
2026-09-11 19:25:53.594,1789165553.594543,-981,28,-22
2026-09-11 19:25:53.614,1789165553.614543,-974,33,-21
2026-09-11 19:25:53.634,1789165553.634543,-974,31,-16
2026-09-11 19:25:53.654,1789165553.6545432,-976,27,-15
2026-09-11 19:25:53.674,1789165553.6745431,-977,26,-18
2026-09-11 19:25:53.694,1789165553.6945431,-978,29,-27
2026-09-11 19:25:53.714,1789165553.714543,-973,31,-20
2026-09-11 19:25:53.734,1789165553.734543,-975,31,-18
2026-09-11 19:25:53.754,1789165553.754543,-975,27,-8
2026-09-11 19:25:53.774,1789165553.774543,-981,32,-32
2026-09-11 19:25:53.794,1789165553.794543,-985,31,-43
2026-09-11 19:25:53.814,1789165553.814543,-965,25,5
2026-09-11 19:25:53.834,1789165553.834543,-988,26,-6
2026-09-11 19:25:53.854,1789165553.854543,-983,32,-55
2026-09-11 19:25:53.874,1789165553.874543,-954,31,-27
2026-09-11 19:25:53.894,1789165553.894543,-978,33,-10
2026-09-11 19:25:53.914,1789165553.9145432,-980,32,-12
2026-09-11 19:25:53.934,1789165553.9345431,-982,28,-14
2026-09-11 19:25:53.954,1789165553.954543,-984,28,-18
2026-09-11 19:25:53.974,1789165553.974543,-977,28,-17
2026-09-11 19:25:53.981,1789165553.9816453,-974,26,-16
2026-09-11 19:25:54.001,1789165554.0016453,-976,26,-18
2026-09-11 19:25:54.021,1789165554.0216453,-976,28,-16
2026-09-11 19:25:54.041,1789165554.0416453,-974,27,-11
2026-09-11 19:25:54.061,1789165554.0616453,-980,30,-7
2026-09-11 19:25:54.081,1789165554.0816453,-982,30,-26
2026-09-11 19:25:54.101,1789165554.1016452,-969,24,-14
2026-09-11 19:25:54.121,1789165554.1216455,-975,29,-11
2026-09-11 19:25:54.141,1789165554.1416454,-978,31,-8
2026-09-11 19:25:54.161,1789165554.1616454,-976,30,-1
2026-09-11 19:25:54.181,1789165554.1816454,-979,29,3
2026-09-11 19:25:54.201,1789165554.2016454,-983,29,-7
2026-09-11 19:25:54.221,1789165554.2216454,-974,30,-9
2026-09-11 19:25:54.241,1789165554.2416453,-974,30,-6
2026-09-11 19:25:54.261,1789165554.2616453,-975,25,-2
2026-09-11 19:25:54.281,1789165554.2816453,-976,25,3
2026-09-11 19:25:54.301,1789165554.3016453,-976,27,0
2026-09-11 19:25:54.321,1789165554.3216453,-976,29,3
2026-09-11 19:25:54.341,1789165554.3416452,-978,28,3
2026-09-11 19:25:54.361,1789165554.3616455,-977,25,9
2026-09-11 19:25:54.381,1789165554.3816454,-977,29,-7
2026-09-11 19:25:54.401,1789165554.4016454,-980,27,-26
2026-09-11 19:25:54.421,1789165554.4216454,-959,26,19
2026-09-11 19:25:54.441,1789165554.4416454,-975,22,43
2026-09-11 19:25:54.461,1789165554.4616454,-1000,28,-6
2026-09-11 19:25:54.481,1789165554.4816453,-974,25,-7
2026-09-11 19:25:54.501,1789165554.5016453,-972,26,19
2026-09-11 19:25:54.521,1789165554.5216453,-979,29,16
2026-09-11 19:25:54.541,1789165554.5416453,-976,25,17
2026-09-11 19:25:54.561,1789165554.5616453,-979,24,15
2026-09-11 19:25:54.581,1789165554.5816453,-977,26,16
2026-09-11 19:25:54.601,1789165554.6016452,-972,29,19
2026-09-11 19:25:54.621,1789165554.6216455,-975,28,23
2026-09-11 19:25:54.641,1789165554.6416454,-978,27,23
2026-09-11 19:25:54.661,1789165554.6616454,-978,25,22
2026-09-11 19:25:54.681,1789165554.6816454,-976,26,23
2026-09-11 19:25:54.688,1789165554.6888998,-972,30,21
2026-09-11 19:25:54.708,1789165554.7088997,-970,25,26
2026-09-11 19:25:54.728,1789165554.7288997,-975,24,24
2026-09-11 19:25:54.748,1789165554.7488997,-973,28,26
2026-09-11 19:25:54.768,1789165554.7688997,-974,28,33
2026-09-11 19:25:54.788,1789165554.7888997,-980,25,39
2026-09-11 19:25:54.808,1789165554.8088996,-981,27,34
2026-09-11 19:25:54.828,1789165554.8288999,-975,27,28
2026-09-11 19:25:54.848,1789165554.8488998,-973,28,28
2026-09-11 19:25:54.868,1789165554.8688998,-973,27,31
2026-09-11 19:25:54.888,1789165554.8888998,-975,26,38
2026-09-11 19:25:54.908,1789165554.9088998,-978,26,40
2026-09-11 19:25:54.928,1789165554.9288998,-978,27,43
2026-09-11 19:25:54.948,1789165554.9488997,-979,27,38
2026-09-11 19:25:54.968,1789165554.9688997,-977,28,33
2026-09-11 19:25:54.988,1789165554.9888997,-970,26,47
2026-09-11 19:25:55.008,1789165555.0088997,-983,30,32
2026-09-11 19:25:55.028,1789165555.0288997,-980,27,18
2026-09-11 19:25:55.048,1789165555.0488997,-965,27,51
2026-09-11 19:25:55.068,1789165555.0688999,-969,24,73
2026-09-11 19:25:55.088,1789165555.0888999,-990,29,30
2026-09-11 19:25:55.108,1789165555.1088998,-976,29,21
2026-09-11 19:25:55.128,1789165555.1288998,-967,26,39
2026-09-11 19:25:55.148,1789165555.1488998,-973,35,50
2026-09-11 19:25:55.168,1789165555.1688998,-979,32,56
2026-09-11 19:25:55.188,1789165555.1888998,-982,24,54
2026-09-11 19:25:55.208,1789165555.2088997,-979,24,50
2026-09-11 19:25:55.228,1789165555.2288997,-973,27,47
2026-09-11 19:25:55.248,1789165555.2488997,-970,27,50
2026-09-11 19:25:55.268,1789165555.2688997,-975,27,51
2026-09-11 19:25:55.288,1789165555.2888997,-974,27,52
2026-09-11 19:25:55.308,1789165555.3088996,-975,28,59
2026-09-11 19:25:55.328,1789165555.3288999,-975,28,48
2026-09-11 19:25:55.348,1789165555.3488998,-970,25,55
2026-09-11 19:25:55.368,1789165555.3688998,-976,25,60
2026-09-11 19:25:55.388,1789165555.3888998,-980,27,62
2026-09-11 19:25:55.396,1789165555.3963988,-979,27,63
2026-09-11 19:25:55.416,1789165555.4163988,-976,23,61
2026-09-11 19:25:55.436,1789165555.4363987,-973,23,58
2026-09-11 19:25:55.456,1789165555.4563987,-974,26,56
2026-09-11 19:25:55.476,1789165555.4763987,-973,26,56
2026-09-11 19:25:55.496,1789165555.4963987,-972,24,60
2026-09-11 19:25:55.516,1789165555.5163987,-971,24,66
2026-09-11 19:25:55.536,1789165555.536399,-974,25,63
2026-09-11 19:25:55.556,1789165555.5563989,-972,26,63
2026-09-11 19:25:55.576,1789165555.5763988,-974,25,65
2026-09-11 19:25:55.596,1789165555.5963988,-974,25,65
2026-09-11 19:25:55.616,1789165555.6163988,-975,23,66
2026-09-11 19:25:55.636,1789165555.6363988,-973,26,64
2026-09-11 19:25:55.656,1789165555.6563988,-973,25,66
2026-09-11 19:25:55.676,1789165555.6763988,-975,26,68
2026-09-11 19:25:55.696,1789165555.6963987,-973,23,74
2026-09-11 19:25:55.716,1789165555.7163987,-979,24,74
2026-09-11 19:25:55.736,1789165555.7363987,-979,25,51
2026-09-11 19:25:55.756,1789165555.7563987,-966,23,73
2026-09-11 19:25:55.776,1789165555.776399,-969,21,88
2026-09-11 19:25:55.796,1789165555.7963989,-982,23,73
2026-09-11 19:25:55.816,1789165555.8163989,-975,28,54
2026-09-11 19:25:55.836,1789165555.8363988,-968,24,63
2026-09-11 19:25:55.856,1789165555.8563988,-972,27,77
2026-09-11 19:25:55.876,1789165555.8763988,-977,25,76
2026-09-11 19:25:55.896,1789165555.8963988,-977,22,75
2026-09-11 19:25:55.916,1789165555.9163988,-977,23,70
2026-09-11 19:25:55.936,1789165555.9363987,-974,27,68
2026-09-11 19:25:55.956,1789165555.9563987,-971,27,70
2026-09-11 19:25:55.976,1789165555.9763987,-971,24,75
2026-09-11 19:25:55.996,1789165555.9963987,-972,23,73
2026-09-11 19:25:56.016,1789165556.0163987,-969,26,79
2026-09-11 19:25:56.036,1789165556.036399,-974,28,67
2026-09-11 19:25:56.056,1789165556.0563989,-970,23,76
2026-09-11 19:25:56.076,1789165556.0763988,-977,25,77
2026-09-11 19:25:56.096,1789165556.0963988,-977,27,77
2026-09-11 19:25:56.103,1789165556.1038363,-975,25,80
2026-09-11 19:25:56.123,1789165556.1238363,-975,26,83
2026-09-11 19:25:56.143,1789165556.1438363,-975,24,77
2026-09-11 19:25:56.163,1789165556.1638362,-973,24,80
2026-09-11 19:25:56.183,1789165556.1838362,-972,25,78
2026-09-11 19:25:56.203,1789165556.2038362,-970,24,76
2026-09-11 19:25:56.223,1789165556.2238362,-969,22,78
2026-09-11 19:25:56.243,1789165556.2438364,-972,24,80
2026-09-11 19:25:56.263,1789165556.2638364,-973,24,86
2026-09-11 19:25:56.283,1789165556.2838364,-975,25,87
2026-09-11 19:25:56.303,1789165556.3038363,-975,25,85
2026-09-11 19:25:56.323,1789165556.3238363,-975,25,85
2026-09-11 19:25:56.343,1789165556.3438363,-977,23,84
2026-09-11 19:25:56.363,1789165556.3638363,-973,23,85
2026-09-11 19:25:56.383,1789165556.3838363,-971,23,86
2026-09-11 19:25:56.403,1789165556.4038363,-973,25,82
2026-09-11 19:25:56.423,1789165556.4238362,-969,25,84
2026-09-11 19:25:56.443,1789165556.4438362,-971,23,90
2026-09-11 19:25:56.463,1789165556.4638362,-973,25,87
2026-09-11 19:25:56.483,1789165556.4838364,-968,24,92
2026-09-11 19:25:56.503,1789165556.5038364,-976,26,88
2026-09-11 19:25:56.523,1789165556.5238364,-973,23,79
2026-09-11 19:25:56.543,1789165556.5438364,-970,23,89
2026-09-11 19:25:56.563,1789165556.5638363,-966,20,110
2026-09-11 19:25:56.583,1789165556.5838363,-979,25,85
2026-09-11 19:25:56.603,1789165556.6038363,-969,24,78
2026-09-11 19:25:56.623,1789165556.6238363,-966,23,86
2026-09-11 19:25:56.643,1789165556.6438363,-969,25,99
2026-09-11 19:25:56.663,1789165556.6638362,-977,23,99
2026-09-11 19:25:56.683,1789165556.6838362,-974,21,95
2026-09-11 19:25:56.703,1789165556.7038362,-976,23,90
2026-09-11 19:25:56.723,1789165556.7238362,-972,26,92
2026-09-11 19:25:56.743,1789165556.7438364,-968,26,91
2026-09-11 19:25:56.763,1789165556.7638364,-968,25,93
2026-09-11 19:25:56.783,1789165556.7838364,-971,23,89
2026-09-11 19:25:56.803,1789165556.8038363,-967,26,94
2026-09-11 19:25:56.811,1789165556.8111217,-973,23,86
2026-09-11 19:25:56.831,1789165556.8311217,-969,22,98
2026-09-11 19:25:56.851,1789165556.8511217,-975,26,98
2026-09-11 19:25:56.871,1789165556.8711216,-976,29,102
2026-09-11 19:25:56.891,1789165556.8911216,-978,27,97
2026-09-11 19:25:56.911,1789165556.9111216,-977,23,92
2026-09-11 19:25:56.931,1789165556.9311216,-977,23,88
2026-09-11 19:25:56.951,1789165556.9511218,-975,24,88
2026-09-11 19:25:56.971,1789165556.9711218,-978,26,80
2026-09-11 19:25:56.991,1789165556.9911218,-979,25,73
2026-09-11 19:25:57.011,1789165557.0111217,-985,22,71
2026-09-11 19:25:57.031,1789165557.0311217,-991,20,62
2026-09-11 19:25:57.051,1789165557.0511217,-990,20,38
2026-09-11 19:25:57.071,1789165557.0711217,-972,23,36
2026-09-11 19:25:57.091,1789165557.0911217,-969,26,49
2026-09-11 19:25:57.111,1789165557.1111217,-976,26,48
2026-09-11 19:25:57.131,1789165557.1311216,-980,24,45
2026-09-11 19:25:57.151,1789165557.1511216,-977,22,37
2026-09-11 19:25:57.171,1789165557.1711216,-974,20,31
2026-09-11 19:25:57.191,1789165557.1911218,-973,21,22
2026-09-11 19:25:57.211,1789165557.2111218,-972,25,16
2026-09-11 19:25:57.231,1789165557.2311218,-972,23,24
2026-09-11 19:25:57.251,1789165557.2511218,-976,22,26
2026-09-11 19:25:57.271,1789165557.2711217,-976,20,30
2026-09-11 19:25:57.291,1789165557.2911217,-983,24,15
2026-09-11 19:25:57.311,1789165557.3111217,-977,22,-3
2026-09-11 19:25:57.331,1789165557.3311217,-967,19,18
2026-09-11 19:25:57.351,1789165557.3511217,-967,20,26
2026-09-11 19:25:57.371,1789165557.3711216,-982,24,-3
2026-09-11 19:25:57.391,1789165557.3911216,-970,22,0
2026-09-11 19:25:57.411,1789165557.4111216,-973,19,18
2026-09-11 19:25:57.431,1789165557.4311216,-985,23,14
2026-09-11 19:25:57.451,1789165557.4511218,-979,21,13
2026-09-11 19:25:57.471,1789165557.4711218,-977,20,5
2026-09-11 19:25:57.491,1789165557.4911218,-970,23,4
2026-09-11 19:25:57.511,1789165557.5111217,-972,24,6
2026-09-11 19:25:57.518,1789165557.5185595,-974,23,5
2026-09-11 19:25:57.538,1789165557.5385594,-973,22,8
2026-09-11 19:25:57.558,1789165557.5585594,-975,21,6
2026-09-11 19:25:57.578,1789165557.5785594,-973,24,13
2026-09-11 19:25:57.598,1789165557.5985594,-978,25,-1
2026-09-11 19:25:57.618,1789165557.6185594,-973,20,2
2026-09-11 19:25:57.638,1789165557.6385593,-978,23,8
2026-09-11 19:25:57.658,1789165557.6585596,-977,28,4
2026-09-11 19:25:57.678,1789165557.6785595,-977,25,4
2026-09-11 19:25:57.698,1789165557.6985595,-975,23,4
2026-09-11 19:25:57.718,1789165557.7185595,-976,25,2
2026-09-11 19:25:57.738,1789165557.7385595,-975,25,-1
2026-09-11 19:25:57.758,1789165557.7585595,-973,23,1
2026-09-11 19:25:57.778,1789165557.7785594,-976,23,2
2026-09-11 19:25:57.798,1789165557.7985594,-978,24,-1
2026-09-11 19:25:57.818,1789165557.8185594,-974,25,5
2026-09-11 19:25:57.838,1789165557.8385594,-978,24,1
2026-09-11 19:25:57.858,1789165557.8585594,-977,25,-3
2026-09-11 19:25:57.878,1789165557.8785594,-974,26,-2
2026-09-11 19:25:57.898,1789165557.8985596,-975,27,-6
2026-09-11 19:25:57.918,1789165557.9185596,-976,24,-3
2026-09-11 19:25:57.938,1789165557.9385595,-976,25,-2
2026-09-11 19:25:57.958,1789165557.9585595,-974,24,4
2026-09-11 19:25:57.978,1789165557.9785595,-985,27,-8
2026-09-11 19:25:57.998,1789165557.9985595,-979,24,-25
2026-09-11 19:25:58.018,1789165558.0185595,-958,26,12
2026-09-11 19:25:58.038,1789165558.0385594,-976,27,4
2026-09-11 19:25:58.058,1789165558.0585594,-977,30,-30
2026-09-11 19:25:58.078,1789165558.0785594,-967,28,-11
2026-09-11 19:25:58.098,1789165558.0985594,-984,28,-1
2026-09-11 19:25:58.118,1789165558.1185594,-983,29,-8
2026-09-11 19:25:58.138,1789165558.1385593,-975,25,-2
2026-09-11 19:25:58.158,1789165558.1585596,-977,28,-6
2026-09-11 19:25:58.178,1789165558.1785595,-970,29,-9
2026-09-11 19:25:58.198,1789165558.1985595,-971,28,-7
2026-09-11 19:25:58.218,1789165558.2185595,-976,28,-8
2026-09-11 19:25:58.226,1789165558.226119,-973,27,-4
2026-09-11 19:25:58.246,1789165558.246119,-975,27,-3
2026-09-11 19:25:58.266,1789165558.266119,-974,27,8
2026-09-11 19:25:58.286,1789165558.286119,-976,29,-16
2026-09-11 19:25:58.306,1789165558.306119,-969,26,-8
2026-09-11 19:25:58.326,1789165558.326119,-977,32,0
2026-09-11 19:25:58.346,1789165558.346119,-981,32,0
2026-09-11 19:25:58.366,1789165558.3661191,-976,28,0
2026-09-11 19:25:58.386,1789165558.3861191,-976,29,-2
2026-09-11 19:25:58.406,1789165558.406119,-977,28,-5
2026-09-11 19:25:58.426,1789165558.426119,-976,27,-3
2026-09-11 19:25:58.446,1789165558.446119,-975,27,-3
2026-09-11 19:25:58.466,1789165558.466119,-973,29,2
2026-09-11 19:25:58.486,1789165558.486119,-975,28,2
2026-09-11 19:25:58.506,1789165558.506119,-975,31,-6
2026-09-11 19:25:58.526,1789165558.526119,-974,30,-7
2026-09-11 19:25:58.546,1789165558.546119,-974,29,-5
2026-09-11 19:25:58.566,1789165558.566119,-976,30,-3
2026-09-11 19:25:58.586,1789165558.586119,-974,27,2
2026-09-11 19:25:58.606,1789165558.6061192,-975,30,2
2026-09-11 19:25:58.626,1789165558.6261191,-983,33,-9
2026-09-11 19:25:58.646,1789165558.646119,-976,30,-11
2026-09-11 19:25:58.666,1789165558.666119,-966,27,14
2026-09-11 19:25:58.686,1789165558.686119,-979,33,-6
2026-09-11 19:25:58.706,1789165558.706119,-968,35,-28
2026-09-11 19:25:58.726,1789165558.726119,-965,30,0
2026-09-11 19:25:58.746,1789165558.746119,-994,32,3
2026-09-11 19:25:58.766,1789165558.766119,-982,30,-8
2026-09-11 19:25:58.786,1789165558.786119,-971,31,-2
2026-09-11 19:25:58.806,1789165558.806119,-976,29,-6
2026-09-11 19:25:58.826,1789165558.826119,-979,30,-11
2026-09-11 19:25:58.846,1789165558.846119,-972,34,-8
2026-09-11 19:25:58.866,1789165558.8661191,-968,30,-3
2026-09-11 19:25:58.886,1789165558.8861191,-976,31,-4
2026-09-11 19:25:58.906,1789165558.906119,-977,31,-3
2026-09-11 19:25:58.926,1789165558.926119,-972,30,11
2026-09-11 19:25:58.933,1789165558.9336178,-973,34,-14
2026-09-11 19:25:58.953,1789165558.9536178,-974,30,-17
2026-09-11 19:25:58.973,1789165558.9736178,-973,38,-2
2026-09-11 19:25:58.993,1789165558.9936178,-973,35,2
2026-09-11 19:25:59.013,1789165559.0136178,-969,34,3
2026-09-11 19:25:59.033,1789165559.0336177,-972,32,-13
2026-09-11 19:25:59.053,1789165559.0536177,-969,34,-17
2026-09-11 19:25:59.073,1789165559.073618,-970,30,-18
2026-09-11 19:25:59.093,1789165559.093618,-965,30,-9
2026-09-11 19:25:59.113,1789165559.113618,-971,34,-17
2026-09-11 19:25:59.133,1789165559.1336179,-973,39,-14
2026-09-11 19:25:59.153,1789165559.1536179,-974,31,-15
2026-09-11 19:25:59.173,1789165559.1736178,-976,30,-14
2026-09-11 19:25:59.193,1789165559.1936178,-977,31,-23
2026-09-11 19:25:59.213,1789165559.2136178,-971,32,-5
2026-09-11 19:25:59.233,1789165559.2336178,-980,36,-23
2026-09-11 19:25:59.253,1789165559.2536178,-984,31,-47
2026-09-11 19:25:59.273,1789165559.2736177,-953,24,10
2026-09-11 19:25:59.293,1789165559.2936177,-981,29,-5
2026-09-11 19:25:59.313,1789165559.313618,-980,39,-50
2026-09-11 19:25:59.333,1789165559.333618,-963,40,-37
2026-09-11 19:25:59.353,1789165559.353618,-977,33,-17
2026-09-11 19:25:59.373,1789165559.373618,-985,31,-14
2026-09-11 19:25:59.393,1789165559.3936179,-979,30,-5
2026-09-11 19:25:59.413,1789165559.4136178,-985,29,-13
2026-09-11 19:25:59.433,1789165559.4336178,-984,29,-20
2026-09-11 19:25:59.453,1789165559.4536178,-977,32,-24
2026-09-11 19:25:59.473,1789165559.4736178,-973,30,-21
2026-09-11 19:25:59.493,1789165559.4936178,-972,28,-23
2026-09-11 19:25:59.513,1789165559.5136178,-971,28,-9
2026-09-11 19:25:59.533,1789165559.5336177,-978,29,-6
2026-09-11 19:25:59.553,1789165559.5536177,-978,30,-26
2026-09-11 19:25:59.573,1789165559.573618,-971,26,-27
2026-09-11 19:25:59.593,1789165559.593618,-972,29,-20
2026-09-11 19:25:59.613,1789165559.613618,-975,33,-15
2026-09-11 19:25:59.633,1789165559.6336179,-978,30,-10
2026-09-11 19:25:59.641,1789165559.6412694,-980,29,-14
2026-09-11 19:25:59.661,1789165559.6612694,-978,28,-15
2026-09-11 19:25:59.681,1789165559.6812694,-975,29,-18
2026-09-11 19:25:59.701,1789165559.7012694,-974,28,-16
2026-09-11 19:25:59.721,1789165559.7212694,-979,28,-18
2026-09-11 19:25:59.741,1789165559.7412694,-975,28,-13
2026-09-11 19:25:59.761,1789165559.7612693,-974,29,-13
2026-09-11 19:25:59.781,1789165559.7812696,-973,30,-15
2026-09-11 19:25:59.801,1789165559.8012695,-975,29,-12
2026-09-11 19:25:59.821,1789165559.8212695,-974,27,-15
2026-09-11 19:25:59.841,1789165559.8412695,-974,28,-1
2026-09-11 19:25:59.861,1789165559.8612695,-984,33,-28
2026-09-11 19:25:59.881,1789165559.8812695,-976,32,-32
2026-09-11 19:25:59.901,1789165559.9012694,-967,27,7
2026-09-11 19:25:59.921,1789165559.9212694,-984,25,6
2026-09-11 19:25:59.941,1789165559.9412694,-990,30,-49
2026-09-11 19:25:59.961,1789165559.9612694,-957,29,-15
2026-09-11 19:25:59.981,1789165559.9812694,-976,32,-5
2026-09-11 19:26:00.001,1789165560.0012693,-976,32,0
2026-09-11 19:26:00.021,1789165560.0212696,-982,28,-2
2026-09-11 19:26:00.041,1789165560.0412695,-985,30,-9
2026-09-11 19:26:00.061,1789165560.0612695,-976,31,-6
2026-09-11 19:26:00.081,1789165560.0812695,-972,28,-6
2026-09-11 19:26:00.101,1789165560.1012695,-973,25,-4
2026-09-11 19:26:00.121,1789165560.1212695,-975,28,-8
2026-09-11 19:26:00.141,1789165560.1412694,-975,26,-6
2026-09-11 19:26:00.161,1789165560.1612694,-974,29,3
2026-09-11 19:26:00.181,1789165560.1812694,-978,31,-13
2026-09-11 19:26:00.201,1789165560.2012694,-967,26,8
2026-09-11 19:26:00.221,1789165560.2212694,-982,26,3
2026-09-11 19:26:00.241,1789165560.2412694,-980,29,0
2026-09-11 19:26:00.261,1789165560.2612693,-974,27,12
2026-09-11 19:26:00.281,1789165560.2812696,-978,26,9
2026-09-11 19:26:00.301,1789165560.3012695,-977,29,8
2026-09-11 19:26:00.321,1789165560.3212695,-976,27,7
2026-09-11 19:26:00.341,1789165560.3412695,-974,25,7
2026-09-11 19:26:00.348,1789165560.3484936,-975,24,7
2026-09-11 19:26:00.368,1789165560.3684936,-972,24,10
2026-09-11 19:26:00.388,1789165560.3884935,-974,26,14
2026-09-11 19:26:00.408,1789165560.4084935,-974,28,17
2026-09-11 19:26:00.428,1789165560.4284935,-979,28,14
2026-09-11 19:26:00.448,1789165560.4484935,-974,28,11
2026-09-11 19:26:00.468,1789165560.4684935,-971,23,23
2026-09-11 19:26:00.488,1789165560.4884937,-983,28,6
2026-09-11 19:26:00.508,1789165560.5084937,-980,28,1
2026-09-11 19:26:00.528,1789165560.5284936,-972,24,27
2026-09-11 19:26:00.548,1789165560.5484936,-974,23,49
2026-09-11 19:26:00.568,1789165560.5684936,-991,27,4
2026-09-11 19:26:00.588,1789165560.5884936,-970,25,6
2026-09-11 19:26:00.608,1789165560.6084936,-968,23,14
2026-09-11 19:26:00.628,1789165560.6284935,-967,30,29
2026-09-11 19:26:00.648,1789165560.6484935,-973,29,29
2026-09-11 19:26:00.668,1789165560.6684935,-981,27,28
2026-09-11 19:26:00.688,1789165560.6884935,-982,27,26
2026-09-11 19:26:00.708,1789165560.7084935,-978,26,28
2026-09-11 19:26:00.728,1789165560.7284937,-979,26,26
2026-09-11 19:26:00.748,1789165560.7484937,-976,25,24
2026-09-11 19:26:00.768,1789165560.7684937,-972,24,22
2026-09-11 19:26:00.788,1789165560.7884936,-973,28,32
2026-09-11 19:26:00.808,1789165560.8084936,-977,31,26
2026-09-11 19:26:00.828,1789165560.8284936,-972,29,32
2026-09-11 19:26:00.848,1789165560.8484936,-975,26,27
2026-09-11 19:26:00.868,1789165560.8684936,-974,28,27
2026-09-11 19:26:00.888,1789165560.8884935,-973,29,35
2026-09-11 19:26:00.908,1789165560.9084935,-977,28,36
2026-09-11 19:26:00.928,1789165560.9284935,-979,27,38
2026-09-11 19:26:00.948,1789165560.9484935,-976,27,36
2026-09-11 19:26:00.968,1789165560.9684935,-978,27,33
2026-09-11 19:26:00.988,1789165560.9884937,-974,27,32
2026-09-11 19:26:01.008,1789165561.0084937,-973,26,35
2026-09-11 19:26:01.028,1789165561.0284936,-973,27,36
2026-09-11 19:26:01.048,1789165561.0484936,-973,29,41
2026-09-11 19:26:01.056,1789165561.056084,-974,29,45
2026-09-11 19:26:01.076,1789165561.076084,-977,27,39
2026-09-11 19:26:01.096,1789165561.0960839,-973,27,36
2026-09-11 19:26:01.116,1789165561.1160839,-975,28,40
2026-09-11 19:26:01.136,1789165561.1360838,-977,29,37
2026-09-11 19:26:01.156,1789165561.1560838,-971,27,51
2026-09-11 19:26:01.176,1789165561.1760838,-984,29,26
2026-09-11 19:26:01.196,1789165561.196084,-971,27,34
2026-09-11 19:26:01.216,1789165561.216084,-969,25,49
2026-09-11 19:26:01.236,1789165561.236084,-975,25,60
2026-09-11 19:26:01.256,1789165561.256084,-985,30,26
2026-09-11 19:26:01.276,1789165561.276084,-973,28,26
2026-09-11 19:26:01.296,1789165561.296084,-967,27,47
2026-09-11 19:26:01.316,1789165561.316084,-978,28,55
2026-09-11 19:26:01.336,1789165561.336084,-984,27,56
2026-09-11 19:26:01.356,1789165561.3560839,-983,25,51
2026-09-11 19:26:01.376,1789165561.3760839,-978,27,42
2026-09-11 19:26:01.396,1789165561.3960838,-975,27,45
2026-09-11 19:26:01.416,1789165561.4160838,-974,26,49
2026-09-11 19:26:01.436,1789165561.436084,-975,25,46
2026-09-11 19:26:01.456,1789165561.456084,-972,25,52
2026-09-11 19:26:01.476,1789165561.476084,-974,28,51
2026-09-11 19:26:01.496,1789165561.496084,-972,27,45
2026-09-11 19:26:01.516,1789165561.516084,-973,23,52
2026-09-11 19:26:01.536,1789165561.536084,-977,24,49
2026-09-11 19:26:01.556,1789165561.556084,-977,27,55
2026-09-11 19:26:01.576,1789165561.576084,-978,25,60
2026-09-11 19:26:01.596,1789165561.5960839,-978,25,59
2026-09-11 19:26:01.616,1789165561.6160839,-975,24,56
2026-09-11 19:26:01.636,1789165561.6360838,-975,24,54
2026-09-11 19:26:01.656,1789165561.6560838,-975,23,58
2026-09-11 19:26:01.676,1789165561.6760838,-973,23,58
2026-09-11 19:26:01.696,1789165561.696084,-972,23,58
2026-09-11 19:26:01.716,1789165561.716084,-972,24,61
2026-09-11 19:26:01.736,1789165561.736084,-975,25,60
2026-09-11 19:26:01.756,1789165561.756084,-974,25,63
2026-09-11 19:26:01.763,1789165561.7636435,-974,25,64
2026-09-11 19:26:01.783,1789165561.7836435,-974,24,67
2026-09-11 19:26:01.803,1789165561.8036435,-977,25,66
2026-09-11 19:26:01.823,1789165561.8236434,-974,23,65
2026-09-11 19:26:01.843,1789165561.8436434,-974,27,67
2026-09-11 19:26:01.863,1789165561.8636434,-975,27,67
2026-09-11 19:26:01.883,1789165561.8836434,-977,24,65
2026-09-11 19:26:01.903,1789165561.9036436,-968,22,78
2026-09-11 19:26:01.923,1789165561.9236436,-983,26,69
2026-09-11 19:26:01.943,1789165561.9436436,-975,24,59
2026-09-11 19:26:01.963,1789165561.9636436,-968,23,74
2026-09-11 19:26:01.983,1789165561.9836435,-967,24,95
2026-09-11 19:26:02.003,1789165562.0036435,-981,27,71
2026-09-11 19:26:02.023,1789165562.0236435,-974,24,58
2026-09-11 19:26:02.043,1789165562.0436435,-968,24,74
2026-09-11 19:26:02.063,1789165562.0636435,-975,27,85
2026-09-11 19:26:02.083,1789165562.0836434,-980,25,81
2026-09-11 19:26:02.103,1789165562.1036434,-976,24,78
2026-09-11 19:26:02.123,1789165562.1236434,-975,26,79
2026-09-11 19:26:02.143,1789165562.1436436,-972,28,79
2026-09-11 19:26:02.163,1789165562.1636436,-970,26,85
2026-09-11 19:26:02.183,1789165562.1836436,-972,25,82
2026-09-11 19:26:02.203,1789165562.2036436,-971,24,80
2026-09-11 19:26:02.223,1789165562.2236435,-969,27,82
2026-09-11 19:26:02.243,1789165562.2436435,-974,25,73
2026-09-11 19:26:02.263,1789165562.2636435,-970,24,84
2026-09-11 19:26:02.283,1789165562.2836435,-976,26,83
2026-09-11 19:26:02.303,1789165562.3036435,-974,27,85
2026-09-11 19:26:02.323,1789165562.3236434,-974,25,92
2026-09-11 19:26:02.343,1789165562.3436434,-975,25,89
2026-09-11 19:26:02.363,1789165562.3636434,-973,25,86
2026-09-11 19:26:02.383,1789165562.3836434,-970,25,86
2026-09-11 19:26:02.403,1789165562.4036436,-970,26,80
2026-09-11 19:26:02.423,1789165562.4236436,-971,23,82
2026-09-11 19:26:02.443,1789165562.4436436,-973,23,81
2026-09-11 19:26:02.463,1789165562.4636436,-971,25,83
2026-09-11 19:26:02.471,1789165562.4714477,-970,26,86
2026-09-11 19:26:02.491,1789165562.4914477,-971,26,83
2026-09-11 19:26:02.511,1789165562.5114477,-971,25,84
2026-09-11 19:26:02.531,1789165562.5314476,-972,25,86
2026-09-11 19:26:02.551,1789165562.5514476,-974,25,86
2026-09-11 19:26:02.571,1789165562.5714476,-976,26,81
2026-09-11 19:26:02.591,1789165562.5914476,-972,25,76
2026-09-11 19:26:02.611,1789165562.6114478,-969,27,80
2026-09-11 19:26:02.631,1789165562.6314478,-973,26,81
2026-09-11 19:26:02.651,1789165562.6514478,-971,25,85
2026-09-11 19:26:02.671,1789165562.6714478,-970,22,94
2026-09-11 19:26:02.691,1789165562.6914477,-980,26,86
2026-09-11 19:26:02.711,1789165562.7114477,-975,25,83
2026-09-11 19:26:02.731,1789165562.7314477,-969,21,86
2026-09-11 19:26:02.751,1789165562.7514477,-968,25,98
2026-09-11 19:26:02.771,1789165562.7714477,-977,29,74
2026-09-11 19:26:02.791,1789165562.7914476,-971,27,82
2026-09-11 19:26:02.811,1789165562.8114476,-977,23,91
2026-09-11 19:26:02.831,1789165562.8314476,-986,27,101
2026-09-11 19:26:02.851,1789165562.8514478,-992,29,91
2026-09-11 19:26:02.871,1789165562.8714478,-978,27,76
2026-09-11 19:26:02.891,1789165562.8914478,-967,29,78
2026-09-11 19:26:02.911,1789165562.9114478,-966,28,80
2026-09-11 19:26:02.931,1789165562.9314477,-960,24,92
2026-09-11 19:26:02.951,1789165562.9514477,-977,20,92
2026-09-11 19:26:02.971,1789165562.9714477,-989,21,80
2026-09-11 19:26:02.991,1789165562.9914477,-981,28,68
2026-09-11 19:26:03.011,1789165563.0114477,-971,27,53
2026-09-11 19:26:03.031,1789165563.0314476,-966,21,55
2026-09-11 19:26:03.051,1789165563.0514476,-973,22,54
2026-09-11 19:26:03.071,1789165563.0714476,-981,28,70
2026-09-11 19:26:03.091,1789165563.0914476,-994,28,70
2026-09-11 19:26:03.111,1789165563.1114478,-993,27,53
2026-09-11 19:26:03.131,1789165563.1314478,-977,24,47
2026-09-11 19:26:03.151,1789165563.1514478,-976,23,33
2026-09-11 19:26:03.171,1789165563.1714478,-971,23,29
2026-09-11 19:26:03.178,1789165563.1786718,-969,23,34
2026-09-11 19:26:03.198,1789165563.1986718,-974,24,31
2026-09-11 19:26:03.218,1789165563.2186718,-975,27,31
2026-09-11 19:26:03.238,1789165563.2386718,-975,27,25
2026-09-11 19:26:03.258,1789165563.2586718,-974,28,31
2026-09-11 19:26:03.278,1789165563.2786717,-981,25,26
2026-09-11 19:26:03.298,1789165563.2986717,-977,23,22
2026-09-11 19:26:03.318,1789165563.318672,-975,22,14
2026-09-11 19:26:03.338,1789165563.338672,-973,22,14
2026-09-11 19:26:03.358,1789165563.358672,-973,23,19
2026-09-11 19:26:03.378,1789165563.378672,-977,25,20
2026-09-11 19:26:03.398,1789165563.3986719,-977,27,26
2026-09-11 19:26:03.418,1789165563.4186718,-980,27,15
2026-09-11 19:26:03.438,1789165563.4386718,-981,22,-1
2026-09-11 19:26:03.458,1789165563.4586718,-960,23,19
2026-09-11 19:26:03.478,1789165563.4786718,-974,25,21
2026-09-11 19:26:03.498,1789165563.4986718,-978,29,-1
2026-09-11 19:26:03.518,1789165563.5186718,-970,24,8
2026-09-11 19:26:03.538,1789165563.5386717,-984,25,25
2026-09-11 19:26:03.558,1789165563.558672,-990,34,15
2026-09-11 19:26:03.578,1789165563.578672,-979,28,11
2026-09-11 19:26:03.598,1789165563.598672,-977,26,4
2026-09-11 19:26:03.618,1789165563.618672,-972,27,5
2026-09-11 19:26:03.638,1789165563.6386719,-973,28,7
2026-09-11 19:26:03.658,1789165563.6586719,-970,27,5
2026-09-11 19:26:03.678,1789165563.6786718,-970,27,7
2026-09-11 19:26:03.698,1789165563.6986718,-976,26,8
2026-09-11 19:26:03.718,1789165563.7186718,-974,27,14
2026-09-11 19:26:03.738,1789165563.7386718,-977,25,-8
2026-09-11 19:26:03.758,1789165563.7586718,-967,21,0
2026-09-11 19:26:03.778,1789165563.7786717,-973,27,4
2026-09-11 19:26:03.798,1789165563.7986717,-975,29,6
2026-09-11 19:26:03.818,1789165563.818672,-977,26,2
2026-09-11 19:26:03.838,1789165563.838672,-974,25,2
2026-09-11 19:26:03.858,1789165563.858672,-974,26,5
2026-09-11 19:26:03.878,1789165563.878672,-978,25,3
2026-09-11 19:26:03.886,1789165563.886018,-977,26,2
2026-09-11 19:26:03.906,1789165563.906018,-974,28,3
2026-09-11 19:26:03.926,1789165563.926018,-976,30,5
2026-09-11 19:26:03.946,1789165563.946018,-977,30,-3
2026-09-11 19:26:03.966,1789165563.966018,-975,29,-2
2026-09-11 19:26:03.986,1789165563.986018,-974,29,0
2026-09-11 19:26:04.006,1789165564.006018,-975,29,4
2026-09-11 19:26:04.026,1789165564.0260181,-979,27,10
2026-09-11 19:26:04.046,1789165564.0460181,-983,24,13
2026-09-11 19:26:04.066,1789165564.066018,-987,26,2
2026-09-11 19:26:04.086,1789165564.086018,-986,24,-21
2026-09-11 19:26:04.106,1789165564.106018,-959,21,8
2026-09-11 19:26:04.126,1789165564.126018,-972,23,14
2026-09-11 19:26:04.146,1789165564.146018,-985,31,-26
2026-09-11 19:26:04.166,1789165564.166018,-962,33,-10
2026-09-11 19:26:04.186,1789165564.186018,-981,31,11
2026-09-11 19:26:04.206,1789165564.206018,-986,32,3
2026-09-11 19:26:04.226,1789165564.226018,-971,28,0
2026-09-11 19:26:04.246,1789165564.246018,-972,29,-1
2026-09-11 19:26:04.266,1789165564.2660182,-972,31,-2
2026-09-11 19:26:04.286,1789165564.2860181,-971,29,0
2026-09-11 19:26:04.306,1789165564.306018,-972,26,2
2026-09-11 19:26:04.326,1789165564.326018,-974,28,1
2026-09-11 19:26:04.346,1789165564.346018,-975,29,-1
2026-09-11 19:26:04.366,1789165564.366018,-974,27,10
2026-09-11 19:26:04.386,1789165564.386018,-983,28,-1
2026-09-11 19:26:04.406,1789165564.406018,-973,28,-13
2026-09-11 19:26:04.426,1789165564.426018,-968,31,2
2026-09-11 19:26:04.446,1789165564.446018,-977,34,6
2026-09-11 19:26:04.466,1789165564.466018,-981,29,8
2026-09-11 19:26:04.486,1789165564.486018,-979,29,7
2026-09-11 19:26:04.506,1789165564.506018,-975,30,2
2026-09-11 19:26:04.526,1789165564.5260181,-973,32,4
2026-09-11 19:26:04.546,1789165564.5460181,-975,32,4
2026-09-11 19:26:04.566,1789165564.566018,-974,32,5
2026-09-11 19:26:04.586,1789165564.586018,-973,30,9
2026-09-11 19:26:04.593,1789165564.5935168,-975,29,2
2026-09-11 19:26:04.613,1789165564.6135168,-973,27,3
2026-09-11 19:26:04.633,1789165564.6335168,-977,28,8
2026-09-11 19:26:04.653,1789165564.6535168,-980,31,7
2026-09-11 19:26:04.673,1789165564.6735168,-976,32,9
2026-09-11 19:26:04.693,1789165564.6935167,-976,36,1
2026-09-11 19:26:04.713,1789165564.7135167,-981,36,-16
2026-09-11 19:26:04.733,1789165564.733517,-957,31,23
2026-09-11 19:26:04.753,1789165564.753517,-978,34,10
2026-09-11 19:26:04.773,1789165564.773517,-978,44,-30
2026-09-11 19:26:04.793,1789165564.7935169,-951,38,3
2026-09-11 19:26:04.813,1789165564.8135169,-984,34,16
2026-09-11 19:26:04.833,1789165564.8335168,-988,33,7
2026-09-11 19:26:04.853,1789165564.8535168,-975,32,8
2026-09-11 19:26:04.873,1789165564.8735168,-977,34,4
2026-09-11 19:26:04.893,1789165564.8935168,-974,36,9
2026-09-11 19:26:04.913,1789165564.9135168,-973,35,4
2026-09-11 19:26:04.933,1789165564.9335167,-971,33,9
2026-09-11 19:26:04.953,1789165564.9535167,-972,32,6
2026-09-11 19:26:04.973,1789165564.973517,-969,32,7
2026-09-11 19:26:04.993,1789165564.993517,-974,29,16
2026-09-11 19:26:05.013,1789165565.013517,-972,34,-1
2026-09-11 19:26:05.033,1789165565.033517,-966,33,-5
2026-09-11 19:26:05.053,1789165565.0535169,-962,35,13
2026-09-11 19:26:05.073,1789165565.0735168,-969,29,10
2026-09-11 19:26:05.093,1789165565.0935168,-970,31,-6
2026-09-11 19:26:05.113,1789165565.1135168,-964,32,-14
2026-09-11 19:26:05.133,1789165565.1335168,-967,26,-8
2026-09-11 19:26:05.153,1789165565.1535168,-971,24,1
2026-09-11 19:26:05.173,1789165565.1735168,-972,28,6
2026-09-11 19:26:05.193,1789165565.1935167,-978,30,0
2026-09-11 19:26:05.213,1789165565.2135167,-971,32,-6
2026-09-11 19:26:05.233,1789165565.233517,-971,30,-8
2026-09-11 19:26:05.253,1789165565.253517,-971,29,-10
2026-09-11 19:26:05.273,1789165565.273517,-972,28,1
2026-09-11 19:26:05.293,1789165565.2935169,-976,26,-6
2026-09-11 19:26:05.301,1789165565.3013818,-978,33,-13
2026-09-11 19:26:05.321,1789165565.3213818,-986,32,-29
2026-09-11 19:26:05.341,1789165565.3413818,-972,25,21
2026-09-11 19:26:05.361,1789165565.3613818,-995,29,-2
2026-09-11 19:26:05.381,1789165565.3813818,-973,35,-38
2026-09-11 19:26:05.401,1789165565.4013817,-962,31,-4
2026-09-11 19:26:05.421,1789165565.4213817,-987,34,5
2026-09-11 19:26:05.441,1789165565.441382,-985,32,-5
2026-09-11 19:26:05.461,1789165565.461382,-976,28,-1
2026-09-11 19:26:05.481,1789165565.481382,-977,31,1
2026-09-11 19:26:05.501,1789165565.5013819,-977,29,-1
2026-09-11 19:26:05.521,1789165565.5213819,-977,31,-5
2026-09-11 19:26:05.541,1789165565.5413818,-973,31,-4
2026-09-11 19:26:05.561,1789165565.5613818,-975,30,-3
2026-09-11 19:26:05.581,1789165565.5813818,-975,27,9
2026-09-11 19:26:05.601,1789165565.6013818,-979,29,2
2026-09-11 19:26:05.621,1789165565.6213818,-978,31,-10
2026-09-11 19:26:05.641,1789165565.6413817,-973,28,-9
2026-09-11 19:26:05.661,1789165565.6613817,-972,33,0
2026-09-11 19:26:05.681,1789165565.681382,-978,33,4
2026-09-11 19:26:05.701,1789165565.701382,-976,30,2
2026-09-11 19:26:05.721,1789165565.721382,-976,32,1
2026-09-11 19:26:05.741,1789165565.741382,-976,35,2
2026-09-11 19:26:05.761,1789165565.7613819,-976,32,2
2026-09-11 19:26:05.781,1789165565.7813818,-979,29,0
2026-09-11 19:26:05.801,1789165565.8013818,-977,29,2
2026-09-11 19:26:05.821,1789165565.8213818,-975,30,5
2026-09-11 19:26:05.841,1789165565.8413818,-975,31,1
2026-09-11 19:26:05.861,1789165565.8613818,-976,29,7
2026-09-11 19:26:05.881,1789165565.8813818,-976,30,8
2026-09-11 19:26:05.901,1789165565.9013817,-976,27,13
2026-09-11 19:26:05.921,1789165565.9213817,-986,33,-15
2026-09-11 19:26:05.941,1789165565.941382,-972,30,-2
2026-09-11 19:26:05.961,1789165565.961382,-970,26,28
2026-09-11 19:26:05.981,1789165565.981382,-989,29,14
2026-09-11 19:26:06.001,1789165566.0013819,-980,31,-27
2026-09-11 19:26:06.008,1789165566.00885,-960,30,5
2026-09-11 19:26:06.028,1789165566.02885,-976,34,13
2026-09-11 19:26:06.048,1789165566.04885,-976,31,21
2026-09-11 19:26:06.068,1789165566.06885,-984,28,17
2026-09-11 19:26:06.088,1789165566.08885,-982,30,11
2026-09-11 19:26:06.108,1789165566.10885,-976,32,9
2026-09-11 19:26:06.128,1789165566.12885,-973,27,8
2026-09-11 19:26:06.148,1789165566.1488502,-973,27,11
2026-09-11 19:26:06.168,1789165566.1688502,-974,29,11
2026-09-11 19:26:06.188,1789165566.1888502,-974,27,19
2026-09-11 19:26:06.208,1789165566.2088501,-980,30,18
2026-09-11 19:26:06.228,1789165566.2288501,-976,29,12
2026-09-11 19:26:06.248,1789165566.24885,-974,26,18
2026-09-11 19:26:06.268,1789165566.26885,-979,31,12
2026-09-11 19:26:06.288,1789165566.28885,-975,29,15
2026-09-11 19:26:06.308,1789165566.30885,-972,29,27
2026-09-11 19:26:06.328,1789165566.32885,-976,26,29
2026-09-11 19:26:06.348,1789165566.34885,-980,27,29
2026-09-11 19:26:06.368,1789165566.36885,-978,25,28
2026-09-11 19:26:06.388,1789165566.3888502,-981,25,24
2026-09-11 19:26:06.408,1789165566.4088502,-975,26,29
2026-09-11 19:26:06.428,1789165566.4288502,-975,27,30
2026-09-11 19:26:06.448,1789165566.4488502,-976,29,34
2026-09-11 19:26:06.468,1789165566.4688501,-979,29,33
2026-09-11 19:26:06.488,1789165566.48885,-979,30,36
2026-09-11 19:26:06.508,1789165566.50885,-973,26,52
2026-09-11 19:26:06.528,1789165566.52885,-990,31,23
2026-09-11 19:26:06.548,1789165566.54885,-973,28,22
2026-09-11 19:26:06.568,1789165566.56885,-961,26,50
2026-09-11 19:26:06.588,1789165566.58885,-969,27,71
2026-09-11 19:26:06.608,1789165566.60885,-990,33,19
2026-09-11 19:26:06.628,1789165566.62885,-968,27,30
2026-09-11 19:26:06.648,1789165566.6488502,-971,27,52
2026-09-11 19:26:06.668,1789165566.6688502,-982,32,55
2026-09-11 19:26:06.688,1789165566.6888502,-981,29,50
2026-09-11 19:26:06.708,1789165566.7088501,-976,27,45
2026-09-11 19:26:06.716,1789165566.7162268,-972,31,46
2026-09-11 19:26:06.736,1789165566.7362268,-973,30,51
2026-09-11 19:26:06.756,1789165566.7562268,-976,28,53
2026-09-11 19:26:06.776,1789165566.7762268,-976,27,53
2026-09-11 19:26:06.796,1789165566.7962267,-976,26,49
2026-09-11 19:26:06.816,1789165566.8162267,-973,31,50
2026-09-11 19:26:06.836,1789165566.8362267,-972,33,48
2026-09-11 19:26:06.856,1789165566.856227,-974,29,61
2026-09-11 19:26:06.876,1789165566.876227,-981,29,53
2026-09-11 19:26:06.896,1789165566.896227,-977,32,56
2026-09-11 19:26:06.916,1789165566.9162269,-974,30,63
2026-09-11 19:26:06.936,1789165566.9362268,-977,30,60
2026-09-11 19:26:06.956,1789165566.9562268,-974,30,54
2026-09-11 19:26:06.976,1789165566.9762268,-973,30,58
2026-09-11 19:26:06.996,1789165566.9962268,-973,28,59
2026-09-11 19:26:07.016,1789165567.0162268,-972,28,61
2026-09-11 19:26:07.036,1789165567.0362267,-974,28,67
2026-09-11 19:26:07.056,1789165567.0562267,-974,29,70
2026-09-11 19:26:07.076,1789165567.0762267,-973,28,70
2026-09-11 19:26:07.096,1789165567.096227,-975,29,67
2026-09-11 19:26:07.116,1789165567.116227,-974,31,66
2026-09-11 19:26:07.136,1789165567.136227,-973,28,66
2026-09-11 19:26:07.156,1789165567.1562269,-970,28,70
2026-09-11 19:26:07.176,1789165567.1762269,-969,27,80
2026-09-11 19:26:07.196,1789165567.1962268,-981,30,50
2026-09-11 19:26:07.216,1789165567.2162268,-965,29,74
2026-09-11 19:26:07.236,1789165567.2362268,-967,25,87
2026-09-11 19:26:07.256,1789165567.2562268,-977,25,85
2026-09-11 19:26:07.276,1789165567.2762268,-979,27,55
2026-09-11 19:26:07.296,1789165567.2962267,-968,25,64
2026-09-11 19:26:07.316,1789165567.3162267,-967,29,83
2026-09-11 19:26:07.336,1789165567.3362267,-977,32,85
2026-09-11 19:26:07.356,1789165567.356227,-980,26,82
2026-09-11 19:26:07.376,1789165567.376227,-979,24,80
2026-09-11 19:26:07.396,1789165567.396227,-973,27,74
2026-09-11 19:26:07.416,1789165567.4162269,-967,29,77
2026-09-11 19:26:07.423,1789165567.4238172,-969,27,79
2026-09-11 19:26:07.443,1789165567.4438171,-971,23,83
2026-09-11 19:26:07.463,1789165567.4638171,-971,24,86
2026-09-11 19:26:07.483,1789165567.483817,-976,28,77
2026-09-11 19:26:07.503,1789165567.503817,-971,26,79
2026-09-11 19:26:07.523,1789165567.523817,-972,22,87
2026-09-11 19:26:07.543,1789165567.543817,-975,23,84
2026-09-11 19:26:07.563,1789165567.5638173,-973,26,85
2026-09-11 19:26:07.583,1789165567.5838172,-974,26,90
2026-09-11 19:26:07.603,1789165567.6038172,-974,26,87
2026-09-11 19:26:07.623,1789165567.6238172,-972,25,86
2026-09-11 19:26:07.643,1789165567.6438172,-970,25,86
2026-09-11 19:26:07.663,1789165567.6638172,-970,27,86
2026-09-11 19:26:07.683,1789165567.6838171,-969,27,85
2026-09-11 19:26:07.703,1789165567.7038171,-970,27,85
2026-09-11 19:26:07.723,1789165567.723817,-972,28,89
2026-09-11 19:26:07.743,1789165567.743817,-974,27,90
2026-09-11 19:26:07.763,1789165567.763817,-974,24,88
2026-09-11 19:26:07.783,1789165567.783817,-971,25,91
2026-09-11 19:26:07.803,1789165567.8038173,-973,25,91
2026-09-11 19:26:07.823,1789165567.8238173,-974,26,93
2026-09-11 19:26:07.843,1789165567.8438172,-972,26,91
2026-09-11 19:26:07.863,1789165567.8638172,-971,26,89
2026-09-11 19:26:07.883,1789165567.8838172,-972,26,91
2026-09-11 19:26:07.903,1789165567.9038172,-969,25,99
2026-09-11 19:26:07.923,1789165567.9238172,-975,27,95
2026-09-11 19:26:07.943,1789165567.9438171,-976,26,78
2026-09-11 19:26:07.963,1789165567.9638171,-968,26,99
2026-09-11 19:26:07.983,1789165567.983817,-966,24,117
2026-09-11 19:26:08.003,1789165568.003817,-976,27,102
2026-09-11 19:26:08.023,1789165568.023817,-969,29,90
2026-09-11 19:26:08.043,1789165568.043817,-966,27,101
2026-09-11 19:26:08.063,1789165568.0638173,-968,28,117
2026-09-11 19:26:08.083,1789165568.0838172,-975,25,118
2026-09-11 19:26:08.103,1789165568.1038172,-973,24,111
2026-09-11 19:26:08.123,1789165568.1238172,-971,23,109
2026-09-11 19:26:08.131,1789165568.1311634,-970,23,112
2026-09-11 19:26:08.151,1789165568.1511633,-965,24,114
2026-09-11 19:26:08.171,1789165568.1711633,-968,24,116
2026-09-11 19:26:08.191,1789165568.1911633,-970,26,106
2026-09-11 19:26:08.211,1789165568.2111633,-964,29,114
2026-09-11 19:26:08.231,1789165568.2311633,-971,26,107
2026-09-11 19:26:08.251,1789165568.2511632,-968,23,118
2026-09-11 19:26:08.271,1789165568.2711635,-972,25,117
2026-09-11 19:26:08.291,1789165568.2911634,-971,28,118
2026-09-11 19:26:08.311,1789165568.3111634,-971,26,123
2026-09-11 19:26:08.331,1789165568.3311634,-972,23,121
2026-09-11 19:26:08.351,1789165568.3511634,-971,24,118
2026-09-11 19:26:08.371,1789165568.3711634,-971,26,117
2026-09-11 19:26:08.391,1789165568.3911633,-968,24,114
2026-09-11 19:26:08.411,1789165568.4111633,-966,24,117
2026-09-11 19:26:08.431,1789165568.4311633,-968,24,116
2026-09-11 19:26:08.451,1789165568.4511633,-969,22,119
2026-09-11 19:26:08.471,1789165568.4711633,-968,23,119
2026-09-11 19:26:08.491,1789165568.4911633,-969,25,117
2026-09-11 19:26:08.511,1789165568.5111635,-969,27,118
2026-09-11 19:26:08.531,1789165568.5311635,-967,28,119
2026-09-11 19:26:08.551,1789165568.5511634,-968,30,117
2026-09-11 19:26:08.571,1789165568.5711634,-970,26,119
2026-09-11 19:26:08.591,1789165568.5911634,-968,23,119
2026-09-11 19:26:08.611,1789165568.6111634,-967,23,122
2026-09-11 19:26:08.631,1789165568.6311634,-968,24,122
2026-09-11 19:26:08.651,1789165568.6511633,-969,24,126
2026-09-11 19:26:08.671,1789165568.6711633,-972,24,129
2026-09-11 19:26:08.691,1789165568.6911633,-974,27,115
2026-09-11 19:26:08.711,1789165568.7111633,-969,26,123
2026-09-11 19:26:08.731,1789165568.7311633,-963,23,130
2026-09-11 19:26:08.751,1789165568.7511632,-967,27,129
2026-09-11 19:26:08.771,1789165568.7711635,-965,29,112
2026-09-11 19:26:08.791,1789165568.7911634,-960,24,128
2026-09-11 19:26:08.811,1789165568.8111634,-969,25,134
2026-09-11 19:26:08.831,1789165568.8311634,-972,29,136
2026-09-11 19:26:08.838,1789165568.8382652,-976,25,136
2026-09-11 19:26:08.858,1789165568.8582652,-971,20,130
2026-09-11 19:26:08.878,1789165568.8782651,-962,22,134
2026-09-11 19:26:08.898,1789165568.8982651,-965,26,135
2026-09-11 19:26:08.918,1789165568.918265,-961,29,133
2026-09-11 19:26:08.938,1789165568.938265,-961,25,134
2026-09-11 19:26:08.958,1789165568.958265,-964,27,139
2026-09-11 19:26:08.978,1789165568.9782653,-970,26,138
2026-09-11 19:26:08.998,1789165568.9982653,-968,25,137
2026-09-11 19:26:09.018,1789165569.0182652,-969,28,141
2026-09-11 19:26:09.038,1789165569.0382652,-971,26,140
2026-09-11 19:26:09.058,1789165569.0582652,-973,24,142
2026-09-11 19:26:09.078,1789165569.0782652,-973,21,143
2026-09-11 19:26:09.098,1789165569.0982652,-962,21,136
2026-09-11 19:26:09.118,1789165569.1182652,-954,27,139
2026-09-11 19:26:09.138,1789165569.1382651,-971,26,131
2026-09-11 19:26:09.158,1789165569.158265,-973,24,121
2026-09-11 19:26:09.178,1789165569.178265,-973,25,114
2026-09-11 19:26:09.198,1789165569.198265,-974,24,111
2026-09-11 19:26:09.218,1789165569.2182653,-976,24,107
2026-09-11 19:26:09.238,1789165569.2382653,-980,26,107
2026-09-11 19:26:09.258,1789165569.2582653,-980,27,92
2026-09-11 19:26:09.278,1789165569.2782652,-974,27,83
2026-09-11 19:26:09.298,1789165569.2982652,-971,22,77
2026-09-11 19:26:09.318,1789165569.3182652,-971,21,71
2026-09-11 19:26:09.338,1789165569.3382652,-973,20,75
2026-09-11 19:26:09.358,1789165569.3582652,-978,20,69
2026-09-11 19:26:09.378,1789165569.3782651,-968,24,76
2026-09-11 19:26:09.398,1789165569.3982651,-977,26,73
2026-09-11 19:26:09.418,1789165569.418265,-986,25,50
2026-09-11 19:26:09.438,1789165569.438265,-977,20,57
2026-09-11 19:26:09.458,1789165569.458265,-963,21,63
2026-09-11 19:26:09.478,1789165569.4782653,-973,27,49
2026-09-11 19:26:09.498,1789165569.4982653,-973,26,38
2026-09-11 19:26:09.518,1789165569.5182652,-973,21,63
2026-09-11 19:26:09.538,1789165569.5382652,-985,28,60
2026-09-11 19:26:09.545,1789165569.5458863,-981,29,53
2026-09-11 19:26:09.565,1789165569.5658863,-977,24,49
2026-09-11 19:26:09.585,1789165569.5858862,-972,22,44
2026-09-11 19:26:09.605,1789165569.6058862,-972,24,41
2026-09-11 19:26:09.625,1789165569.6258862,-972,24,38
2026-09-11 19:26:09.645,1789165569.6458862,-975,25,42
2026-09-11 19:26:09.665,1789165569.6658862,-978,26,42
2026-09-11 19:26:09.685,1789165569.6858864,-974,25,53
2026-09-11 19:26:09.705,1789165569.7058864,-982,28,30
2026-09-11 19:26:09.725,1789165569.7258863,-973,23,28
2026-09-11 19:26:09.745,1789165569.7458863,-973,22,30
2026-09-11 19:26:09.765,1789165569.7658863,-978,26,32
2026-09-11 19:26:09.785,1789165569.7858863,-979,27,39
2026-09-11 19:26:09.805,1789165569.8058863,-982,24,34
2026-09-11 19:26:09.825,1789165569.8258862,-978,26,32
2026-09-11 19:26:09.845,1789165569.8458862,-974,25,23
2026-09-11 19:26:09.865,1789165569.8658862,-971,26,23
2026-09-11 19:26:09.885,1789165569.8858862,-974,26,26
2026-09-11 19:26:09.905,1789165569.9058862,-973,24,25
2026-09-11 19:26:09.925,1789165569.9258864,-975,25,26
2026-09-11 19:26:09.945,1789165569.9458864,-975,25,19
2026-09-11 19:26:09.965,1789165569.9658864,-974,30,20
2026-09-11 19:26:09.985,1789165569.9858863,-978,27,19
2026-09-11 19:26:10.005,1789165570.0058863,-977,24,18
2026-09-11 19:26:10.025,1789165570.0258863,-973,23,28
2026-09-11 19:26:10.045,1789165570.0458863,-981,28,20
2026-09-11 19:26:10.065,1789165570.0658863,-987,25,6
2026-09-11 19:26:10.085,1789165570.0858862,-965,22,25
2026-09-11 19:26:10.105,1789165570.1058862,-972,26,34
2026-09-11 19:26:10.125,1789165570.1258862,-982,27,8
2026-09-11 19:26:10.145,1789165570.1458862,-969,26,10
2026-09-11 19:26:10.165,1789165570.1658862,-976,24,26
2026-09-11 19:26:10.185,1789165570.1858864,-989,27,18
2026-09-11 19:26:10.205,1789165570.2058864,-976,26,21
2026-09-11 19:26:10.225,1789165570.2258863,-976,26,20
2026-09-11 19:26:10.245,1789165570.2458863,-971,29,15
2026-09-11 19:26:10.253,1789165570.2531714,-972,26,13
2026-09-11 19:26:10.273,1789165570.2731714,-972,27,19
2026-09-11 19:26:10.293,1789165570.2931714,-978,27,18
2026-09-11 19:26:10.313,1789165570.3131714,-977,27,16
2026-09-11 19:26:10.333,1789165570.3331714,-978,25,30
2026-09-11 19:26:10.353,1789165570.3531713,-980,27,17
2026-09-11 19:26:10.373,1789165570.3731713,-977,25,10
2026-09-11 19:26:10.393,1789165570.3931715,-975,28,13
2026-09-11 19:26:10.413,1789165570.4131715,-976,32,13
2026-09-11 19:26:10.433,1789165570.4331715,-974,32,14
2026-09-11 19:26:10.453,1789165570.4531715,-973,30,15
2026-09-11 19:26:10.473,1789165570.4731715,-972,29,13
2026-09-11 19:26:10.493,1789165570.4931715,-972,27,16
2026-09-11 19:26:10.513,1789165570.5131714,-973,28,16
2026-09-11 19:26:10.533,1789165570.5331714,-974,30,16
2026-09-11 19:26:10.553,1789165570.5531714,-977,28,13
2026-09-11 19:26:10.573,1789165570.5731714,-971,30,12
2026-09-11 19:26:10.593,1789165570.5931714,-970,29,15
2026-09-11 19:26:10.613,1789165570.6131713,-975,33,15
2026-09-11 19:26:10.633,1789165570.6331716,-973,34,15
2026-09-11 19:26:10.653,1789165570.6531715,-970,30,24
2026-09-11 19:26:10.673,1789165570.6731715,-975,33,7
2026-09-11 19:26:10.693,1789165570.6931715,-978,30,-7
2026-09-11 19:26:10.713,1789165570.7131715,-961,25,37
2026-09-11 19:26:10.733,1789165570.7331715,-988,25,23
2026-09-11 19:26:10.753,1789165570.7531714,-982,33,-14
2026-09-11 19:26:10.773,1789165570.7731714,-969,27,19
2026-09-11 19:26:10.793,1789165570.7931714,-995,30,23
2026-09-11 19:26:10.813,1789165570.8131714,-988,27,13
2026-09-11 19:26:10.833,1789165570.8331714,-974,29,18
2026-09-11 19:26:10.853,1789165570.8531713,-975,30,13
2026-09-11 19:26:10.873,1789165570.8731713,-971,32,16
2026-09-11 19:26:10.893,1789165570.8931715,-973,31,14
2026-09-11 19:26:10.913,1789165570.9131715,-974,30,14
2026-09-11 19:26:10.933,1789165570.9331715,-972,29,16
2026-09-11 19:26:10.953,1789165570.9531715,-972,29,22
2026-09-11 19:26:10.960,1789165570.960426,-975,24,36
2026-09-11 19:26:10.980,1789165570.980426,-975,30,11
2026-09-11 19:26:11.000,1789165571.000426,-977,32,4
2026-09-11 19:26:11.020,1789165571.020426,-974,37,23
2026-09-11 19:26:11.040,1789165571.040426,-980,33,25
2026-09-11 19:26:11.060,1789165571.060426,-974,31,23
2026-09-11 19:26:11.080,1789165571.080426,-973,31,19
2026-09-11 19:26:11.100,1789165571.1004262,-969,30,13
2026-09-11 19:26:11.120,1789165571.1204262,-967,31,19
2026-09-11 19:26:11.140,1789165571.1404262,-968,32,15
2026-09-11 19:26:11.160,1789165571.1604261,-968,33,19
2026-09-11 19:26:11.180,1789165571.1804261,-969,32,13
2026-09-11 19:26:11.200,1789165571.200426,-965,30,13
2026-09-11 19:26:11.220,1789165571.220426,-966,31,7
2026-09-11 19:26:11.240,1789165571.240426,-965,32,9
2026-09-11 19:26:11.260,1789165571.260426,-968,31,14
2026-09-11 19:26:11.280,1789165571.280426,-979,34,1
2026-09-11 19:26:11.300,1789165571.300426,-977,30,3
2026-09-11 19:26:11.320,1789165571.320426,-977,27,31
2026-09-11 19:26:11.340,1789165571.3404262,-995,33,2
2026-09-11 19:26:11.360,1789165571.3604262,-962,37,-11
2026-09-11 19:26:11.380,1789165571.3804262,-963,31,19
2026-09-11 19:26:11.400,1789165571.4004261,-987,31,9
2026-09-11 19:26:11.420,1789165571.4204261,-975,27,9
2026-09-11 19:26:11.440,1789165571.440426,-976,33,13
2026-09-11 19:26:11.460,1789165571.460426,-978,37,11
2026-09-11 19:26:11.480,1789165571.480426,-977,34,10
2026-09-11 19:26:11.500,1789165571.500426,-976,30,14
2026-09-11 19:26:11.520,1789165571.520426,-978,30,14
2026-09-11 19:26:11.540,1789165571.540426,-975,29,13
2026-09-11 19:26:11.560,1789165571.560426,-977,26,22
2026-09-11 19:26:11.580,1789165571.580426,-982,34,13
2026-09-11 19:26:11.600,1789165571.6004262,-976,34,5
2026-09-11 19:26:11.620,1789165571.6204262,-974,26,7
2026-09-11 19:26:11.640,1789165571.6404262,-973,32,19
2026-09-11 19:26:11.660,1789165571.6604261,-982,32,16
2026-09-11 19:26:11.667,1789165571.6676502,-976,26,18
2026-09-11 19:26:11.687,1789165571.6876502,-976,29,16
2026-09-11 19:26:11.707,1789165571.7076502,-976,29,13
2026-09-11 19:26:11.727,1789165571.7276502,-973,31,15
2026-09-11 19:26:11.747,1789165571.7476501,-979,30,14
2026-09-11 19:26:11.767,1789165571.7676501,-978,28,15
2026-09-11 19:26:11.787,1789165571.78765,-975,29,10
2026-09-11 19:26:11.807,1789165571.8076503,-973,30,14
2026-09-11 19:26:11.827,1789165571.8276503,-978,30,15
2026-09-11 19:26:11.847,1789165571.8476503,-977,30,21
2026-09-11 19:26:11.867,1789165571.8676503,-978,28,20
2026-09-11 19:26:11.887,1789165571.8876503,-983,31,-6
2026-09-11 19:26:11.907,1789165571.9076502,-964,29,12
2026-09-11 19:26:11.927,1789165571.9276502,-966,24,43
2026-09-11 19:26:11.947,1789165571.9476502,-993,27,11
2026-09-11 19:26:11.967,1789165571.9676502,-975,33,-19
2026-09-11 19:26:11.987,1789165571.9876502,-959,28,14
2026-09-11 19:26:12.007,1789165572.0076501,-978,33,21
2026-09-11 19:26:12.027,1789165572.02765,-983,28,24
2026-09-11 19:26:12.047,1789165572.0476503,-987,28,23
2026-09-11 19:26:12.067,1789165572.0676503,-982,29,16
2026-09-11 19:26:12.087,1789165572.0876503,-976,31,13
2026-09-11 19:26:12.107,1789165572.1076503,-974,27,17
2026-09-11 19:26:12.127,1789165572.1276503,-975,28,17
2026-09-11 19:26:12.147,1789165572.1476502,-972,29,13
2026-09-11 19:26:12.167,1789165572.1676502,-974,29,14
2026-09-11 19:26:12.187,1789165572.1876502,-975,35,23
2026-09-11 19:26:12.207,1789165572.2076502,-975,30,15
2026-09-11 19:26:12.227,1789165572.2276502,-973,24,26
2026-09-11 19:26:12.247,1789165572.2476501,-980,30,17
2026-09-11 19:26:12.267,1789165572.2676501,-975,33,30
2026-09-11 19:26:12.287,1789165572.28765,-981,34,31
2026-09-11 19:26:12.307,1789165572.3076503,-977,31,29
2026-09-11 19:26:12.327,1789165572.3276503,-974,29,26
2026-09-11 19:26:12.347,1789165572.3476503,-974,29,22
2026-09-11 19:26:12.367,1789165572.3676503,-977,27,28
2026-09-11 19:26:12.375,1789165572.3752406,-977,25,30
2026-09-11 19:26:12.395,1789165572.3952405,-974,27,25
2026-09-11 19:26:12.415,1789165572.4152405,-971,31,29
2026-09-11 19:26:12.435,1789165572.4352405,-976,31,31
2026-09-11 19:26:12.455,1789165572.4552405,-975,30,35
2026-09-11 19:26:12.475,1789165572.4752405,-977,28,44
2026-09-11 19:26:12.495,1789165572.4952404,-987,32,11
2026-09-11 19:26:12.515,1789165572.5152407,-964,30,38
2026-09-11 19:26:12.535,1789165572.5352407,-972,25,57
2026-09-11 19:26:12.555,1789165572.5552406,-986,28,51
2026-09-11 19:26:12.575,1789165572.5752406,-984,32,15
2026-09-11 19:26:12.595,1789165572.5952406,-964,28,35
2026-09-11 19:26:12.615,1789165572.6152406,-969,31,49
2026-09-11 19:26:12.635,1789165572.6352406,-972,33,55
2026-09-11 19:26:12.655,1789165572.6552405,-980,29,48
2026-09-11 19:26:12.675,1789165572.6752405,-974,31,47
2026-09-11 19:26:12.695,1789165572.6952405,-970,33,47
2026-09-11 19:26:12.715,1789165572.7152405,-972,28,53
2026-09-11 19:26:12.735,1789165572.7352405,-975,25,53
2026-09-11 19:26:12.755,1789165572.7552407,-975,28,44
2026-09-11 19:26:12.775,1789165572.7752407,-971,30,54
2026-09-11 19:26:12.795,1789165572.7952406,-978,33,56
2026-09-11 19:26:12.815,1789165572.8152406,-976,28,56
2026-09-11 19:26:12.835,1789165572.8352406,-976,24,61
2026-09-11 19:26:12.855,1789165572.8552406,-980,29,54
2026-09-11 19:26:12.875,1789165572.8752406,-976,31,59
2026-09-11 19:26:12.895,1789165572.8952405,-974,30,60
2026-09-11 19:26:12.915,1789165572.9152405,-975,28,60
2026-09-11 19:26:12.935,1789165572.9352405,-973,29,57
2026-09-11 19:26:12.955,1789165572.9552405,-972,30,58
2026-09-11 19:26:12.975,1789165572.9752405,-974,29,57
2026-09-11 19:26:12.995,1789165572.9952404,-974,27,57
2026-09-11 19:26:13.015,1789165573.0152407,-972,26,60
2026-09-11 19:26:13.035,1789165573.0352407,-973,26,64
2026-09-11 19:26:13.055,1789165573.0552406,-976,27,63
2026-09-11 19:26:13.075,1789165573.0752406,-975,31,62
2026-09-11 19:26:13.082,1789165573.0825257,-979,32,59
2026-09-11 19:26:13.102,1789165573.1025257,-973,29,63
2026-09-11 19:26:13.122,1789165573.1225257,-973,27,75
2026-09-11 19:26:13.142,1789165573.1425257,-985,29,45
2026-09-11 19:26:13.162,1789165573.1625257,-969,28,58
2026-09-11 19:26:13.182,1789165573.1825256,-970,25,76
2026-09-11 19:26:13.202,1789165573.2025256,-978,26,88
2026-09-11 19:26:13.222,1789165573.2225258,-984,29,54
2026-09-11 19:26:13.242,1789165573.2425258,-969,27,48
2026-09-11 19:26:13.262,1789165573.2625258,-964,30,68
2026-09-11 19:26:13.282,1789165573.2825258,-976,31,76
2026-09-11 19:26:13.302,1789165573.3025258,-982,26,74
2026-09-11 19:26:13.322,1789165573.3225257,-979,26,70
2026-09-11 19:26:13.342,1789165573.3425257,-977,30,64
2026-09-11 19:26:13.362,1789165573.3625257,-972,32,65
2026-09-11 19:26:13.382,1789165573.3825257,-971,28,69
2026-09-11 19:26:13.402,1789165573.4025257,-972,26,69
2026-09-11 19:26:13.422,1789165573.4225256,-973,23,70
2026-09-11 19:26:13.442,1789165573.4425256,-974,31,69
2026-09-11 19:26:13.462,1789165573.4625258,-968,34,67
2026-09-11 19:26:13.482,1789165573.4825258,-970,28,73
2026-09-11 19:26:13.502,1789165573.5025258,-975,30,69
2026-09-11 19:26:13.522,1789165573.5225258,-975,29,74
2026-09-11 19:26:13.542,1789165573.5425258,-977,29,84
2026-09-11 19:26:13.562,1789165573.5625257,-977,27,77
2026-09-11 19:26:13.582,1789165573.5825257,-973,30,75
2026-09-11 19:26:13.602,1789165573.6025257,-971,28,75
2026-09-11 19:26:13.622,1789165573.6225257,-973,24,80
2026-09-11 19:26:13.642,1789165573.6425257,-973,24,83
2026-09-11 19:26:13.662,1789165573.6625257,-972,24,84
2026-09-11 19:26:13.682,1789165573.6825256,-971,26,81
2026-09-11 19:26:13.702,1789165573.7025256,-970,27,89
2026-09-11 19:26:13.722,1789165573.7225258,-972,25,86
2026-09-11 19:26:13.742,1789165573.7425258,-974,25,92
2026-09-11 19:26:13.762,1789165573.7625258,-975,24,90
2026-09-11 19:26:13.782,1789165573.7825258,-974,26,89
2026-09-11 19:26:13.789,1789165573.7896888,-973,28,89
2026-09-11 19:26:13.809,1789165573.8096888,-973,29,91
2026-09-11 19:26:13.829,1789165573.8296888,-972,26,92
2026-09-11 19:26:13.849,1789165573.8496888,-970,25,112
2026-09-11 19:26:13.869,1789165573.8696887,-979,25,82
2026-09-11 19:26:13.889,1789165573.8896887,-969,28,98
2026-09-11 19:26:13.909,1789165573.9096887,-968,29,104
2026-09-11 19:26:13.929,1789165573.929689,-978,27,97
2026-09-11 19:26:13.949,1789165573.949689,-971,27,75
2026-09-11 19:26:13.969,1789165573.969689,-961,25,86
2026-09-11 19:26:13.989,1789165573.9896889,-968,29,106
2026-09-11 19:26:14.009,1789165574.0096889,-976,30,110
2026-09-11 19:26:14.029,1789165574.0296888,-976,27,108
2026-09-11 19:26:14.049,1789165574.0496888,-971,25,101
2026-09-11 19:26:14.069,1789165574.0696888,-972,27,98
2026-09-11 19:26:14.089,1789165574.0896888,-969,27,105
2026-09-11 19:26:14.109,1789165574.1096888,-969,26,104
2026-09-11 19:26:14.129,1789165574.1296887,-970,24,105
2026-09-11 19:26:14.149,1789165574.1496887,-967,24,111
2026-09-11 19:26:14.169,1789165574.169689,-972,27,104
2026-09-11 19:26:14.189,1789165574.189689,-969,25,102
2026-09-11 19:26:14.209,1789165574.209689,-967,24,115
2026-09-11 19:26:14.229,1789165574.229689,-974,28,112
2026-09-11 19:26:14.249,1789165574.2496889,-974,26,109
2026-09-11 19:26:14.269,1789165574.2696888,-972,25,113
2026-09-11 19:26:14.289,1789165574.2896888,-972,25,114
2026-09-11 19:26:14.309,1789165574.3096888,-970,26,113
2026-09-11 19:26:14.329,1789165574.3296888,-968,26,110
2026-09-11 19:26:14.349,1789165574.3496888,-968,27,113
2026-09-11 19:26:14.369,1789165574.3696887,-971,26,114
2026-09-11 19:26:14.389,1789165574.3896887,-969,27,115
2026-09-11 19:26:14.409,1789165574.4096887,-971,29,112
2026-09-11 19:26:14.429,1789165574.429689,-970,26,120
2026-09-11 19:26:14.449,1789165574.449689,-971,27,122
2026-09-11 19:26:14.469,1789165574.469689,-970,28,122
2026-09-11 19:26:14.489,1789165574.4896889,-968,25,118
2026-09-11 19:26:14.497,1789165574.4970658,-970,26,113
2026-09-11 19:26:14.517,1789165574.5170658,-967,29,119
2026-09-11 19:26:14.537,1789165574.5370657,-969,30,117
2026-09-11 19:26:14.557,1789165574.5570657,-968,30,116
2026-09-11 19:26:14.577,1789165574.5770657,-964,26,127
2026-09-11 19:26:14.597,1789165574.5970657,-971,27,126
2026-09-11 19:26:14.617,1789165574.6170657,-972,28,108
2026-09-11 19:26:14.637,1789165574.637066,-968,25,122
2026-09-11 19:26:14.657,1789165574.6570659,-965,24,132
2026-09-11 19:26:14.677,1789165574.6770658,-974,28,115
2026-09-11 19:26:14.697,1789165574.6970658,-968,31,108
2026-09-11 19:26:14.717,1789165574.7170658,-964,25,119
2026-09-11 19:26:14.737,1789165574.7370658,-970,29,129
2026-09-11 19:26:14.757,1789165574.7570658,-973,31,129
2026-09-11 19:26:14.777,1789165574.7770658,-973,26,125
2026-09-11 19:26:14.797,1789165574.7970657,-971,25,118
2026-09-11 19:26:14.817,1789165574.8170657,-969,30,117
2026-09-11 19:26:14.837,1789165574.8370657,-960,32,124
2026-09-11 19:26:14.857,1789165574.8570657,-966,29,127
2026-09-11 19:26:14.877,1789165574.877066,-973,29,123
2026-09-11 19:26:14.897,1789165574.8970659,-971,31,127
2026-09-11 19:26:14.917,1789165574.9170659,-974,27,115
2026-09-11 19:26:14.937,1789165574.9370658,-970,24,123
2026-09-11 19:26:14.957,1789165574.9570658,-971,28,118
2026-09-11 19:26:14.977,1789165574.9770658,-971,36,123
2026-09-11 19:26:14.997,1789165574.9970658,-969,32,128
2026-09-11 19:26:15.017,1789165575.0170658,-974,25,122
2026-09-11 19:26:15.037,1789165575.0370657,-974,23,116
2026-09-11 19:26:15.057,1789165575.0570657,-975,23,98
2026-09-11 19:26:15.077,1789165575.0770657,-971,24,90
2026-09-11 19:26:15.097,1789165575.0970657,-971,25,92
2026-09-11 19:26:15.117,1789165575.1170657,-976,25,90
2026-09-11 19:26:15.137,1789165575.137066,-972,24,91
2026-09-11 19:26:15.157,1789165575.1570659,-975,23,91
2026-09-11 19:26:15.177,1789165575.1770658,-972,23,91
2026-09-11 19:26:15.197,1789165575.1970658,-973,24,94
2026-09-11 19:26:15.204,1789165575.2044117,-975,22,77
2026-09-11 19:26:15.224,1789165575.2244117,-969,25,68
2026-09-11 19:26:15.244,1789165575.2444117,-969,28,69
2026-09-11 19:26:15.264,1789165575.2644117,-972,26,73
2026-09-11 19:26:15.284,1789165575.2844117,-977,25,73
2026-09-11 19:26:15.304,1789165575.3044116,-973,26,78
2026-09-11 19:26:15.324,1789165575.3244116,-977,28,74
2026-09-11 19:26:15.344,1789165575.3444118,-980,30,54
2026-09-11 19:26:15.364,1789165575.3644118,-974,24,61
2026-09-11 19:26:15.384,1789165575.3844118,-960,25,78
2026-09-11 19:26:15.404,1789165575.4044118,-979,27,62
2026-09-11 19:26:15.424,1789165575.4244118,-976,27,42
2026-09-11 19:26:15.444,1789165575.4444118,-971,21,65
2026-09-11 19:26:15.464,1789165575.4644117,-982,26,69
2026-09-11 19:26:15.484,1789165575.4844117,-983,27,63
2026-09-11 19:26:15.504,1789165575.5044117,-975,24,62
2026-09-11 19:26:15.524,1789165575.5244117,-973,24,52
2026-09-11 19:26:15.544,1789165575.5444117,-972,26,49
2026-09-11 19:26:15.564,1789165575.5644116,-972,25,52
2026-09-11 19:26:15.584,1789165575.5844119,-973,25,53
2026-09-11 19:26:15.604,1789165575.6044118,-975,23,49
2026-09-11 19:26:15.624,1789165575.6244118,-969,26,61
2026-09-11 19:26:15.644,1789165575.6444118,-978,28,36
2026-09-11 19:26:15.664,1789165575.6644118,-972,25,38
2026-09-11 19:26:15.684,1789165575.6844118,-972,23,38
2026-09-11 19:26:15.704,1789165575.7044117,-974,25,43
2026-09-11 19:26:15.724,1789165575.7244117,-979,25,48
2026-09-11 19:26:15.744,1789165575.7444117,-980,24,44
2026-09-11 19:26:15.764,1789165575.7644117,-978,26,41
2026-09-11 19:26:15.784,1789165575.7844117,-977,26,37
2026-09-11 19:26:15.804,1789165575.8044116,-975,25,34
2026-09-11 19:26:15.824,1789165575.8244116,-974,23,36
2026-09-11 19:26:15.844,1789165575.8444118,-977,25,34
2026-09-11 19:26:15.864,1789165575.8644118,-977,26,36
2026-09-11 19:26:15.884,1789165575.8844118,-974,25,29
2026-09-11 19:26:15.904,1789165575.9044118,-972,28,28
2026-09-11 19:26:15.911,1789165575.911758,-974,28,31
2026-09-11 19:26:15.931,1789165575.931758,-975,28,27
2026-09-11 19:26:15.951,1789165575.951758,-970,29,42
2026-09-11 19:26:15.971,1789165575.971758,-978,30,29
2026-09-11 19:26:15.991,1789165575.9917579,-980,27,13
2026-09-11 19:26:16.011,1789165576.0117579,-954,28,40
2026-09-11 19:26:16.031,1789165576.0317578,-974,29,44
2026-09-11 19:26:16.051,1789165576.051758,-986,32,20
2026-09-11 19:26:16.071,1789165576.071758,-972,30,20
2026-09-11 19:26:16.091,1789165576.091758,-978,26,33
2026-09-11 19:26:16.111,1789165576.111758,-987,29,27
2026-09-11 19:26:16.131,1789165576.131758,-976,26,28
2026-09-11 19:26:16.151,1789165576.151758,-977,26,27
2026-09-11 19:26:16.171,1789165576.171758,-975,27,21
2026-09-11 19:26:16.191,1789165576.191758,-972,28,21
2026-09-11 19:26:16.211,1789165576.211758,-974,28,23
2026-09-11 19:26:16.231,1789165576.2317579,-973,28,21
2026-09-11 19:26:16.251,1789165576.2517579,-973,29,21
2026-09-11 19:26:16.271,1789165576.2717578,-973,28,42
2026-09-11 19:26:16.291,1789165576.291758,-981,32,17
2026-09-11 19:26:16.311,1789165576.311758,-974,30,16
2026-09-11 19:26:16.331,1789165576.331758,-977,31,15
2026-09-11 19:26:16.351,1789165576.351758,-975,32,27
2026-09-11 19:26:16.371,1789165576.371758,-977,30,27
2026-09-11 19:26:16.391,1789165576.391758,-976,29,28
2026-09-11 19:26:16.411,1789165576.411758,-977,30,21
2026-09-11 19:26:16.431,1789165576.431758,-973,32,20
2026-09-11 19:26:16.451,1789165576.451758,-972,30,23
2026-09-11 19:26:16.471,1789165576.471758,-974,31,28
2026-09-11 19:26:16.491,1789165576.4917579,-976,32,22
2026-09-11 19:26:16.511,1789165576.5117579,-973,34,22
2026-09-11 19:26:16.531,1789165576.5317578,-974,34,22
2026-09-11 19:26:16.551,1789165576.551758,-977,32,24
2026-09-11 19:26:16.571,1789165576.571758,-976,33,23
2026-09-11 19:26:16.591,1789165576.591758,-972,31,38
2026-09-11 19:26:16.611,1789165576.611758,-986,35,23
2026-09-11 19:26:16.618,1789165576.618799,-983,31,7
2026-09-11 19:26:16.638,1789165576.638799,-954,29,52
2026-09-11 19:26:16.658,1789165576.658799,-978,32,31
2026-09-11 19:26:16.678,1789165576.678799,-979,38,0
2026-09-11 19:26:16.698,1789165576.698799,-959,38,25
2026-09-11 19:26:16.718,1789165576.7187989,-988,33,36
2026-09-11 19:26:16.738,1789165576.7387989,-984,30,21
2026-09-11 19:26:16.758,1789165576.758799,-968,30,27
2026-09-11 19:26:16.778,1789165576.778799,-973,31,27
2026-09-11 19:26:16.798,1789165576.798799,-977,33,27
2026-09-11 19:26:16.818,1789165576.818799,-975,33,22
2026-09-11 19:26:16.838,1789165576.838799,-971,32,25
2026-09-11 19:26:16.858,1789165576.858799,-974,34,24
2026-09-11 19:26:16.878,1789165576.878799,-974,30,24
2026-09-11 19:26:16.898,1789165576.898799,-976,28,35
2026-09-11 19:26:16.918,1789165576.918799,-974,33,13
2026-09-11 19:26:16.938,1789165576.938799,-971,32,19
2026-09-11 19:26:16.958,1789165576.958799,-972,35,24
2026-09-11 19:26:16.978,1789165576.9787989,-982,36,26
2026-09-11 19:26:16.998,1789165576.998799,-981,33,26
2026-09-11 19:26:17.018,1789165577.018799,-975,33,22
2026-09-11 19:26:17.038,1789165577.038799,-973,30,20
2026-09-11 19:26:17.058,1789165577.058799,-971,31,24
2026-09-11 19:26:17.078,1789165577.078799,-975,31,26
2026-09-11 19:26:17.098,1789165577.098799,-974,31,20
2026-09-11 19:26:17.118,1789165577.118799,-972,35,25
2026-09-11 19:26:17.138,1789165577.138799,-973,35,26
2026-09-11 19:26:17.158,1789165577.158799,-971,34,26
2026-09-11 19:26:17.178,1789165577.178799,-967,33,30
2026-09-11 19:26:17.198,1789165577.198799,-972,30,19
2026-09-11 19:26:17.218,1789165577.2187989,-975,43,15
2026-09-11 19:26:17.238,1789165577.2387989,-975,36,1
2026-09-11 19:26:17.258,1789165577.258799,-941,28,52
2026-09-11 19:26:17.278,1789165577.278799,-980,31,25
2026-09-11 19:26:17.298,1789165577.298799,-964,39,-9
2026-09-11 19:26:17.318,1789165577.318799,-956,41,20
2026-09-11 19:26:17.325,1789165577.32584,-988,37,13
2026-09-11 19:26:17.345,1789165577.34584,-980,31,15
2026-09-11 19:26:17.365,1789165577.36584,-977,34,24
2026-09-11 19:26:17.385,1789165577.38584,-971,35,21
2026-09-11 19:26:17.405,1789165577.40584,-967,38,25
2026-09-11 19:26:17.425,1789165577.42584,-966,34,20
2026-09-11 19:26:17.445,1789165577.44584,-965,31,15
2026-09-11 19:26:17.465,1789165577.46584,-970,32,7
2026-09-11 19:26:17.485,1789165577.48584,-974,37,14
2026-09-11 19:26:17.505,1789165577.50584,-980,35,21
2026-09-11 19:26:17.525,1789165577.52584,-983,36,5
2026-09-11 19:26:17.545,1789165577.54584,-977,30,5
2026-09-11 19:26:17.565,1789165577.56584,-973,32,16
2026-09-11 19:26:17.585,1789165577.58584,-981,35,15
2026-09-11 19:26:17.605,1789165577.60584,-976,35,14
2026-09-11 19:26:17.625,1789165577.62584,-976,35,15
2026-09-11 19:26:17.645,1789165577.64584,-977,33,12
2026-09-11 19:26:17.665,1789165577.66584,-975,33,13
2026-09-11 19:26:17.685,1789165577.68584,-978,31,13
2026-09-11 19:26:17.705,1789165577.70584,-977,30,12
2026-09-11 19:26:17.725,1789165577.72584,-975,31,12
2026-09-11 19:26:17.745,1789165577.74584,-971,31,14
2026-09-11 19:26:17.765,1789165577.76584,-974,33,13
2026-09-11 19:26:17.785,1789165577.78584,-976,36,12
2026-09-11 19:26:17.805,1789165577.80584,-974,30,15
2026-09-11 19:26:17.825,1789165577.82584,-981,35,-4
2026-09-11 19:26:17.845,1789165577.84584,-972,32,8
2026-09-11 19:26:17.865,1789165577.86584,-972,28,40
2026-09-11 19:26:17.885,1789165577.88584,-996,32,7
2026-09-11 19:26:17.905,1789165577.90584,-971,36,-18
2026-09-11 19:26:17.925,1789165577.92584,-961,32,18
2026-09-11 19:26:17.945,1789165577.94584,-981,38,19
2026-09-11 19:26:17.965,1789165577.96584,-979,34,17
2026-09-11 19:26:17.985,1789165577.98584,-981,32,13
2026-09-11 19:26:18.005,1789165578.00584,-977,34,13
2026-09-11 19:26:18.025,1789165578.02584,-975,33,15
2026-09-11 19:26:18.032,1789165578.0329726,-975,30,13
2026-09-11 19:26:18.052,1789165578.0529726,-974,29,13
2026-09-11 19:26:18.072,1789165578.0729725,-973,32,14
2026-09-11 19:26:18.092,1789165578.0929725,-973,34,13
2026-09-11 19:26:18.112,1789165578.1129725,-972,36,19
2026-09-11 19:26:18.132,1789165578.1329725,-979,34,5
2026-09-11 19:26:18.152,1789165578.1529725,-969,29,20
2026-09-11 19:26:18.172,1789165578.1729727,-982,34,15
2026-09-11 19:26:18.192,1789165578.1929727,-975,34,18
2026-09-11 19:26:18.212,1789165578.2129726,-976,33,23
2026-09-11 19:26:18.232,1789165578.2329726,-979,33,24
2026-09-11 19:26:18.252,1789165578.2529726,-978,32,20
2026-09-11 19:26:18.272,1789165578.2729726,-977,31,16
2026-09-11 19:26:18.292,1789165578.2929726,-973,32,17
2026-09-11 19:26:18.312,1789165578.3129725,-974,29,22
2026-09-11 19:26:18.332,1789165578.3329725,-974,29,24
2026-09-11 19:26:18.352,1789165578.3529725,-977,32,24
2026-09-11 19:26:18.372,1789165578.3729725,-978,31,25
2026-09-11 19:26:18.392,1789165578.3929725,-979,33,20
2026-09-11 19:26:18.412,1789165578.4129727,-968,31,37
2026-09-11 19:26:18.432,1789165578.4329727,-979,32,20
2026-09-11 19:26:18.452,1789165578.4529727,-983,31,6
2026-09-11 19:26:18.472,1789165578.4729726,-966,29,43
2026-09-11 19:26:18.492,1789165578.4929726,-973,28,69
2026-09-11 19:26:18.512,1789165578.5129726,-996,31,13
2026-09-11 19:26:18.532,1789165578.5329726,-971,30,11
2026-09-11 19:26:18.552,1789165578.5529726,-964,32,37
2026-09-11 19:26:18.572,1789165578.5729725,-974,33,42
2026-09-11 19:26:18.592,1789165578.5929725,-980,29,46
2026-09-11 19:26:18.612,1789165578.6129725,-983,27,37
2026-09-11 19:26:18.632,1789165578.6329725,-976,30,34
2026-09-11 19:26:18.652,1789165578.6529725,-972,33,37
2026-09-11 19:26:18.672,1789165578.6729727,-973,30,43
2026-09-11 19:26:18.692,1789165578.6929727,-975,28,44
2026-09-11 19:26:18.712,1789165578.7129726,-975,28,45
2026-09-11 19:26:18.732,1789165578.7329726,-978,28,41
2026-09-11 19:26:18.740,1789165578.7401967,-969,31,43
2026-09-11 19:26:18.760,1789165578.7601967,-969,31,40
2026-09-11 19:26:18.780,1789165578.7801967,-973,26,47
2026-09-11 19:26:18.800,1789165578.8001966,-974,29,52
2026-09-11 19:26:18.820,1789165578.8201966,-975,31,58
2026-09-11 19:26:18.840,1789165578.8401966,-979,31,53
2026-09-11 19:26:18.860,1789165578.8601966,-978,29,46
2026-09-11 19:26:18.880,1789165578.8801968,-972,29,41
2026-09-11 19:26:18.900,1789165578.9001968,-970,29,46
2026-09-11 19:26:18.920,1789165578.9201968,-975,28,48
2026-09-11 19:26:18.940,1789165578.9401968,-978,28,54
2026-09-11 19:26:18.960,1789165578.9601967,-977,27,57
2026-09-11 19:26:18.980,1789165578.9801967,-976,29,54
2026-09-11 19:26:19.000,1789165579.0001967,-976,28,55
2026-09-11 19:26:19.020,1789165579.0201967,-975,30,56
2026-09-11 19:26:19.040,1789165579.0401967,-975,30,52
2026-09-11 19:26:19.060,1789165579.0601966,-974,29,56
2026-09-11 19:26:19.080,1789165579.0801966,-974,27,71
2026-09-11 19:26:19.100,1789165579.1001966,-987,29,34
2026-09-11 19:26:19.120,1789165579.1201968,-965,31,54
2026-09-11 19:26:19.140,1789165579.1401968,-965,26,77
2026-09-11 19:26:19.160,1789165579.1601968,-983,29,72
2026-09-11 19:26:19.180,1789165579.1801968,-984,31,34
2026-09-11 19:26:19.200,1789165579.2001967,-964,28,45
2026-09-11 19:26:19.220,1789165579.2201967,-962,36,65
2026-09-11 19:26:19.240,1789165579.2401967,-977,36,73
2026-09-11 19:26:19.260,1789165579.2601967,-981,29,72
2026-09-11 19:26:19.280,1789165579.2801967,-980,27,65
2026-09-11 19:26:19.300,1789165579.3001966,-974,31,68
2026-09-11 19:26:19.320,1789165579.3201966,-973,30,68
2026-09-11 19:26:19.340,1789165579.3401966,-974,29,66
2026-09-11 19:26:19.360,1789165579.3601966,-971,30,65
2026-09-11 19:26:19.380,1789165579.3801968,-971,27,69
2026-09-11 19:26:19.400,1789165579.4001968,-973,35,62
2026-09-11 19:26:19.420,1789165579.4201968,-969,33,69
2026-09-11 19:26:19.440,1789165579.4401968,-973,27,70
2026-09-11 19:26:19.447,1789165579.4474514,-973,27,71
2026-09-11 19:26:19.467,1789165579.4674513,-974,31,73
2026-09-11 19:26:19.487,1789165579.4874513,-975,32,75
2026-09-11 19:26:19.507,1789165579.5074513,-977,30,75
2026-09-11 19:26:19.527,1789165579.5274513,-974,30,70
2026-09-11 19:26:19.547,1789165579.5474513,-971,30,70
2026-09-11 19:26:19.567,1789165579.5674512,-971,30,69
2026-09-11 19:26:19.587,1789165579.5874515,-972,27,75
2026-09-11 19:26:19.607,1789165579.6074514,-973,29,78
2026-09-11 19:26:19.627,1789165579.6274514,-975,30,81
2026-09-11 19:26:19.647,1789165579.6474514,-980,29,83
2026-09-11 19:26:19.667,1789165579.6674514,-980,26,85
2026-09-11 19:26:19.687,1789165579.6874514,-979,27,79
2026-09-11 19:26:19.707,1789165579.7074513,-973,30,80
2026-09-11 19:26:19.727,1789165579.7274513,-971,28,81
2026-09-11 19:26:19.747,1789165579.7474513,-972,28,83
2026-09-11 19:26:19.767,1789165579.7674513,-968,32,81
2026-09-11 19:26:19.787,1789165579.7874513,-966,30,84
2026-09-11 19:26:19.807,1789165579.8074512,-969,32,85
2026-09-11 19:26:19.827,1789165579.8274515,-963,30,98
2026-09-11 19:26:19.847,1789165579.8474514,-978,32,89
2026-09-11 19:26:19.867,1789165579.8674514,-976,29,76
2026-09-11 19:26:19.887,1789165579.8874514,-964,29,97
2026-09-11 19:26:19.907,1789165579.9074514,-971,26,116
2026-09-11 19:26:19.927,1789165579.9274514,-984,28,89
2026-09-11 19:26:19.947,1789165579.9474514,-969,28,84
2026-09-11 19:26:19.967,1789165579.9674513,-963,31,98
2026-09-11 19:26:19.987,1789165579.9874513,-972,33,104
2026-09-11 19:26:20.007,1789165580.0074513,-976,28,103
2026-09-11 19:26:20.027,1789165580.0274513,-974,27,95
2026-09-11 19:26:20.047,1789165580.0474513,-970,29,101
2026-09-11 19:26:20.067,1789165580.0674512,-968,33,109
2026-09-11 19:26:20.087,1789165580.0874515,-969,30,112
2026-09-11 19:26:20.107,1789165580.1074514,-971,28,107
2026-09-11 19:26:20.127,1789165580.1274514,-970,27,106
2026-09-11 19:26:20.147,1789165580.1474514,-967,32,109
2026-09-11 19:26:20.154,1789165580.154523,-972,32,100
2026-09-11 19:26:20.174,1789165580.1745229,-969,26,110
2026-09-11 19:26:20.194,1789165580.1945229,-971,29,109
2026-09-11 19:26:20.214,1789165580.2145228,-972,30,116
2026-09-11 19:26:20.234,1789165580.2345228,-973,30,120
2026-09-11 19:26:20.254,1789165580.2545228,-971,29,116
2026-09-11 19:26:20.274,1789165580.2745228,-970,29,109
2026-09-11 19:26:20.294,1789165580.294523,-968,29,106
2026-09-11 19:26:20.314,1789165580.314523,-965,29,109
2026-09-11 19:26:20.334,1789165580.334523,-968,29,113
2026-09-11 19:26:20.354,1789165580.354523,-971,30,120
2026-09-11 19:26:20.374,1789165580.374523,-973,30,119
2026-09-11 19:26:20.394,1789165580.394523,-965,28,114
2026-09-11 19:26:20.414,1789165580.414523,-968,28,115
2026-09-11 19:26:20.434,1789165580.4345229,-973,28,116
2026-09-11 19:26:20.454,1789165580.4545228,-974,29,119
2026-09-11 19:26:20.474,1789165580.4745228,-970,31,113
2026-09-11 19:26:20.494,1789165580.4945228,-969,31,116
2026-09-11 19:26:20.514,1789165580.5145228,-969,29,116
2026-09-11 19:26:20.534,1789165580.534523,-968,31,115
2026-09-11 19:26:20.554,1789165580.554523,-968,32,109
2026-09-11 19:26:20.574,1789165580.574523,-968,33,111
2026-09-11 19:26:20.594,1789165580.594523,-968,31,115
2026-09-11 19:26:20.614,1789165580.614523,-971,31,115
2026-09-11 19:26:20.634,1789165580.634523,-968,29,119
2026-09-11 19:26:20.654,1789165580.654523,-974,33,115
2026-09-11 19:26:20.674,1789165580.6745229,-974,31,100
2026-09-11 19:26:20.694,1789165580.6945229,-970,29,106
2026-09-11 19:26:20.714,1789165580.7145228,-964,25,125
2026-09-11 19:26:20.734,1789165580.7345228,-977,29,104
2026-09-11 19:26:20.754,1789165580.7545228,-965,32,96
2026-09-11 19:26:20.774,1789165580.7745228,-966,30,105
2026-09-11 19:26:20.794,1789165580.794523,-971,31,123
2026-09-11 19:26:20.814,1789165580.814523,-979,30,118
2026-09-11 19:26:20.834,1789165580.834523,-977,26,107
2026-09-11 19:26:20.854,1789165580.854523,-970,31,103
2026-09-11 19:26:20.861,1789165580.8618386,-968,38,110
2026-09-11 19:26:20.881,1789165580.8818386,-968,35,112
2026-09-11 19:26:20.901,1789165580.9018385,-968,31,113
2026-09-11 19:26:20.921,1789165580.9218385,-976,27,110
2026-09-11 19:26:20.941,1789165580.9418385,-976,27,109
2026-09-11 19:26:20.961,1789165580.9618385,-978,26,90
2026-09-11 19:26:20.981,1789165580.9818385,-967,26,89
2026-09-11 19:26:21.001,1789165581.0018387,-968,34,98
2026-09-11 19:26:21.021,1789165581.0218387,-975,37,101
2026-09-11 19:26:21.041,1789165581.0418386,-974,34,108
2026-09-11 19:26:21.061,1789165581.0618386,-977,32,99
2026-09-11 19:26:21.081,1789165581.0818386,-970,27,89
2026-09-11 19:26:21.101,1789165581.1018386,-967,25,84
2026-09-11 19:26:21.121,1789165581.1218386,-966,26,85
2026-09-11 19:26:21.141,1789165581.1418386,-973,26,82
2026-09-11 19:26:21.161,1789165581.1618385,-969,27,88
2026-09-11 19:26:21.181,1789165581.1818385,-974,28,78
2026-09-11 19:26:21.201,1789165581.2018385,-971,30,79
2026-09-11 19:26:21.221,1789165581.2218385,-972,30,80
2026-09-11 19:26:21.241,1789165581.2418387,-974,27,80
2026-09-11 19:26:21.261,1789165581.2618387,-973,25,70
2026-09-11 19:26:21.281,1789165581.2818387,-970,26,75
2026-09-11 19:26:21.301,1789165581.3018386,-976,29,74
2026-09-11 19:26:21.321,1789165581.3218386,-975,30,75
2026-09-11 19:26:21.341,1789165581.3418386,-976,29,73
2026-09-11 19:26:21.361,1789165581.3618386,-974,29,70
2026-09-11 19:26:21.381,1789165581.3818386,-967,28,74
2026-09-11 19:26:21.401,1789165581.4018385,-974,29,71
2026-09-11 19:26:21.421,1789165581.4218385,-980,29,52
2026-09-11 19:26:21.441,1789165581.4418385,-968,26,61
2026-09-11 19:26:21.461,1789165581.4618385,-957,26,82
2026-09-11 19:26:21.481,1789165581.4818385,-984,28,56
2026-09-11 19:26:21.501,1789165581.5018387,-975,26,46
2026-09-11 19:26:21.521,1789165581.5218387,-972,22,70
2026-09-11 19:26:21.541,1789165581.5418386,-990,28,61
2026-09-11 19:26:21.561,1789165581.5618386,-977,28,57
2026-09-11 19:26:21.569,1789165581.5690932,-976,25,54
2026-09-11 19:26:21.589,1789165581.5890932,-974,27,52
2026-09-11 19:26:21.609,1789165581.6090932,-974,28,52
2026-09-11 19:26:21.629,1789165581.6290932,-972,27,55
2026-09-11 19:26:21.649,1789165581.6490932,-973,28,54
2026-09-11 19:26:21.669,1789165581.6690931,-975,27,48
2026-09-11 19:26:21.689,1789165581.689093,-970,27,62
2026-09-11 19:26:21.709,1789165581.7090933,-975,27,42
2026-09-11 19:26:21.729,1789165581.7290933,-970,24,46
2026-09-11 19:26:21.749,1789165581.7490933,-977,25,44
2026-09-11 19:26:21.769,1789165581.7690933,-980,30,53
2026-09-11 19:26:21.789,1789165581.7890933,-979,28,50
2026-09-11 19:26:21.809,1789165581.8090932,-975,28,47
2026-09-11 19:26:21.829,1789165581.8290932,-975,28,40
2026-09-11 19:26:21.849,1789165581.8490932,-975,27,40
2026-09-11 19:26:21.869,1789165581.8690932,-976,26,38
2026-09-11 19:26:21.889,1789165581.8890932,-971,28,44
2026-09-11 19:26:21.909,1789165581.9090931,-974,29,46
2026-09-11 19:26:21.929,1789165581.9290931,-976,29,43
2026-09-11 19:26:21.949,1789165581.9490933,-973,26,43
2026-09-11 19:26:21.969,1789165581.9690933,-974,29,39
2026-09-11 19:26:21.989,1789165581.9890933,-977,28,38
2026-09-11 19:26:22.009,1789165582.0090933,-975,26,35
2026-09-11 19:26:22.029,1789165582.0290933,-973,29,48
2026-09-11 19:26:22.049,1789165582.0490932,-983,30,39
2026-09-11 19:26:22.069,1789165582.0690932,-982,29,26
2026-09-11 19:26:22.089,1789165582.0890932,-963,27,36
2026-09-11 19:26:22.109,1789165582.1090932,-964,28,52
2026-09-11 19:26:22.129,1789165582.1290932,-983,31,28
2026-09-11 19:26:22.149,1789165582.1490932,-970,30,21
2026-09-11 19:26:22.169,1789165582.1690931,-973,27,48
2026-09-11 19:26:22.189,1789165582.189093,-996,30,38
2026-09-11 19:26:22.209,1789165582.2090933,-977,30,38
2026-09-11 19:26:22.229,1789165582.2290933,-975,28,43
2026-09-11 19:26:22.249,1789165582.2490933,-975,30,38
2026-09-11 19:26:22.269,1789165582.2690933,-977,33,41
2026-09-11 19:26:22.276,1789165582.2763174,-972,32,39
2026-09-11 19:26:22.296,1789165582.2963173,-972,32,44
2026-09-11 19:26:22.316,1789165582.3163173,-975,33,38
2026-09-11 19:26:22.336,1789165582.3363173,-976,29,49
2026-09-11 19:26:22.356,1789165582.3563173,-976,34,38
2026-09-11 19:26:22.376,1789165582.3763173,-976,37,36
2026-09-11 19:26:22.396,1789165582.3963172,-979,30,33
2026-09-11 19:26:22.416,1789165582.4163175,-975,30,40
2026-09-11 19:26:22.436,1789165582.4363174,-978,28,37
2026-09-11 19:26:22.456,1789165582.4563174,-977,28,40
2026-09-11 19:26:22.476,1789165582.4763174,-977,27,37
2026-09-11 19:26:22.496,1789165582.4963174,-974,30,41
2026-09-11 19:26:22.516,1789165582.5163174,-979,31,48
2026-09-11 19:26:22.536,1789165582.5363173,-980,34,42
2026-09-11 19:26:22.556,1789165582.5563173,-974,33,40
2026-09-11 19:26:22.576,1789165582.5763173,-971,35,41
2026-09-11 19:26:22.596,1789165582.5963173,-973,32,39
2026-09-11 19:26:22.616,1789165582.6163173,-976,32,36
2026-09-11 19:26:22.636,1789165582.6363173,-975,31,36
2026-09-11 19:26:22.656,1789165582.6563175,-970,30,51
2026-09-11 19:26:22.676,1789165582.6763175,-977,36,32
2026-09-11 19:26:22.696,1789165582.6963174,-979,33,13
2026-09-11 19:26:22.716,1789165582.7163174,-955,30,60
2026-09-11 19:26:22.736,1789165582.7363174,-982,33,37
2026-09-11 19:26:22.756,1789165582.7563174,-972,37,12
2026-09-11 19:26:22.776,1789165582.7763174,-963,36,43
2026-09-11 19:26:22.796,1789165582.7963173,-999,35,42
2026-09-11 19:26:22.816,1789165582.8163173,-983,32,33
2026-09-11 19:26:22.836,1789165582.8363173,-971,32,44
2026-09-11 19:26:22.856,1789165582.8563173,-975,34,38
2026-09-11 19:26:22.876,1789165582.8763173,-969,37,38
2026-09-11 19:26:22.896,1789165582.8963172,-972,36,38
2026-09-11 19:26:22.916,1789165582.9163175,-972,36,41
2026-09-11 19:26:22.936,1789165582.9363174,-972,34,42
2026-09-11 19:26:22.956,1789165582.9563174,-970,31,42
2026-09-11 19:26:22.976,1789165582.9763174,-975,31,50
2026-09-11 19:26:22.983,1789165582.9834194,-971,37,28
2026-09-11 19:26:23.003,1789165583.0034194,-969,35,28
2026-09-11 19:26:23.023,1789165583.0234194,-969,36,47
2026-09-11 19:26:23.043,1789165583.0434194,-974,34,48
2026-09-11 19:26:23.063,1789165583.0634193,-969,31,45
2026-09-11 19:26:23.083,1789165583.0834193,-971,35,36
2026-09-11 19:26:23.103,1789165583.1034193,-974,37,27
2026-09-11 19:26:23.123,1789165583.1234195,-965,32,31
2026-09-11 19:26:23.143,1789165583.1434195,-972,35,38
2026-09-11 19:26:23.163,1789165583.1634195,-972,33,32
2026-09-11 19:26:23.183,1789165583.1834195,-971,37,35
2026-09-11 19:26:23.203,1789165583.2034194,-973,33,29
2026-09-11 19:26:23.223,1789165583.2234194,-974,36,24
2026-09-11 19:26:23.243,1789165583.2434194,-972,39,34
2026-09-11 19:26:23.263,1789165583.2634194,-973,35,32
2026-09-11 19:26:23.283,1789165583.2834194,-976,36,18
2026-09-11 19:26:23.303,1789165583.3034194,-967,29,24
2026-09-11 19:26:23.323,1789165583.3234193,-957,27,51
2026-09-11 19:26:23.343,1789165583.3434193,-978,33,13
2026-09-11 19:26:23.363,1789165583.3634195,-960,42,-3
2026-09-11 19:26:23.383,1789165583.3834195,-963,43,26
2026-09-11 19:26:23.403,1789165583.4034195,-989,40,24
2026-09-11 19:26:23.423,1789165583.4234195,-984,30,23
2026-09-11 19:26:23.443,1789165583.4434195,-981,29,17
2026-09-11 19:26:23.463,1789165583.4634194,-976,35,14
2026-09-11 19:26:23.483,1789165583.4834194,-974,39,18
2026-09-11 19:26:23.503,1789165583.5034194,-973,37,22
2026-09-11 19:26:23.523,1789165583.5234194,-976,32,22
2026-09-11 19:26:23.543,1789165583.5434194,-976,32,21
2026-09-11 19:26:23.563,1789165583.5634193,-975,29,26
2026-09-11 19:26:23.583,1789165583.5834193,-976,38,23
2026-09-11 19:26:23.603,1789165583.6034193,-976,36,10
2026-09-11 19:26:23.623,1789165583.6234195,-974,30,14
2026-09-11 19:26:23.643,1789165583.6434195,-973,34,22
2026-09-11 19:26:23.663,1789165583.6634195,-978,34,26
2026-09-11 19:26:23.683,1789165583.6834195,-977,32,27
2026-09-11 19:26:23.690,1789165583.690552,-976,35,25
2026-09-11 19:26:23.710,1789165583.710552,-975,33,21
2026-09-11 19:26:23.730,1789165583.730552,-974,32,24
2026-09-11 19:26:23.750,1789165583.750552,-974,29,21
2026-09-11 19:26:23.770,1789165583.770552,-975,31,23
2026-09-11 19:26:23.790,1789165583.790552,-975,32,28
2026-09-11 19:26:23.810,1789165583.810552,-979,32,25
2026-09-11 19:26:23.830,1789165583.830552,-978,33,24
2026-09-11 19:26:23.850,1789165583.850552,-973,31,27
2026-09-11 19:26:23.870,1789165583.870552,-976,30,30
2026-09-11 19:26:23.890,1789165583.890552,-983,33,8
2026-09-11 19:26:23.910,1789165583.910552,-965,31,31
2026-09-11 19:26:23.930,1789165583.930552,-967,29,63
2026-09-11 19:26:23.950,1789165583.950552,-993,31,19
2026-09-11 19:26:23.970,1789165583.970552,-971,32,4
2026-09-11 19:26:23.990,1789165583.990552,-962,32,28
2026-09-11 19:26:24.010,1789165584.010552,-973,37,38
2026-09-11 19:26:24.030,1789165584.030552,-978,34,42
2026-09-11 19:26:24.050,1789165584.050552,-984,30,39
2026-09-11 19:26:24.070,1789165584.070552,-980,31,33
2026-09-11 19:26:24.090,1789165584.090552,-976,31,32
2026-09-11 19:26:24.110,1789165584.110552,-972,28,31
2026-09-11 19:26:24.130,1789165584.130552,-974,29,30
2026-09-11 19:26:24.150,1789165584.150552,-971,28,34
2026-09-11 19:26:24.170,1789165584.170552,-974,29,41
2026-09-11 19:26:24.190,1789165584.190552,-978,31,39
2026-09-11 19:26:24.210,1789165584.210552,-976,30,30
2026-09-11 19:26:24.230,1789165584.230552,-970,26,45
2026-09-11 19:26:24.250,1789165584.250552,-977,33,40
2026-09-11 19:26:24.270,1789165584.270552,-972,31,48
2026-09-11 19:26:24.290,1789165584.290552,-974,28,57
2026-09-11 19:26:24.310,1789165584.310552,-975,30,57
2026-09-11 19:26:24.330,1789165584.330552,-973,33,48
2026-09-11 19:26:24.350,1789165584.350552,-971,35,53
2026-09-11 19:26:24.370,1789165584.370552,-975,31,59
2026-09-11 19:26:24.390,1789165584.390552,-976,29,58
2026-09-11 19:26:24.397,1789165584.3979287,-972,30,63
2026-09-11 19:26:24.417,1789165584.4179287,-975,32,62
2026-09-11 19:26:24.437,1789165584.4379287,-977,34,60
2026-09-11 19:26:24.457,1789165584.4579287,-972,33,72
2026-09-11 19:26:24.477,1789165584.4779286,-982,36,56
2026-09-11 19:26:24.497,1789165584.4979286,-978,29,38
2026-09-11 19:26:24.517,1789165584.5179286,-961,28,73
2026-09-11 19:26:24.537,1789165584.5379288,-963,26,101
2026-09-11 19:26:24.557,1789165584.5579288,-991,32,49
2026-09-11 19:26:24.577,1789165584.5779288,-972,28,48
2026-09-11 19:26:24.597,1789165584.5979288,-965,29,69
2026-09-11 19:26:24.617,1789165584.6179287,-974,34,79
2026-09-11 19:26:24.637,1789165584.6379287,-979,31,79
2026-09-11 19:26:24.657,1789165584.6579287,-980,28,74
2026-09-11 19:26:24.677,1789165584.6779287,-973,30,65
2026-09-11 19:26:24.697,1789165584.6979287,-968,33,68
2026-09-11 19:26:24.717,1789165584.7179286,-970,31,71
2026-09-11 19:26:24.737,1789165584.7379286,-973,29,72
2026-09-11 19:26:24.757,1789165584.7579286,-974,27,72
2026-09-11 19:26:24.777,1789165584.7779288,-975,30,70
2026-09-11 19:26:24.797,1789165584.7979288,-969,32,68
2026-09-11 19:26:24.817,1789165584.8179288,-971,30,66
2026-09-11 19:26:24.837,1789165584.8379288,-973,27,70
2026-09-11 19:26:24.857,1789165584.8579288,-978,29,73
2026-09-11 19:26:24.877,1789165584.8779287,-973,31,78
2026-09-11 19:26:24.897,1789165584.8979287,-975,30,77
2026-09-11 19:26:24.917,1789165584.9179287,-975,31,75
2026-09-11 19:26:24.937,1789165584.9379287,-973,31,76
2026-09-11 19:26:24.957,1789165584.9579287,-971,31,73
2026-09-11 19:26:24.977,1789165584.9779286,-969,30,75
2026-09-11 19:26:24.997,1789165584.9979286,-970,29,77
2026-09-11 19:26:25.017,1789165585.0179286,-967,28,78
2026-09-11 19:26:25.037,1789165585.0379288,-972,31,77
2026-09-11 19:26:25.057,1789165585.0579288,-971,29,82
2026-09-11 19:26:25.077,1789165585.0779288,-976,28,81
2026-09-11 19:26:25.097,1789165585.0979288,-975,29,86
2026-09-11 19:26:25.105,1789165585.1051223,-973,27,101
2026-09-11 19:26:25.125,1789165585.1251223,-983,30,68
2026-09-11 19:26:25.145,1789165585.1451223,-966,27,80
2026-09-11 19:26:25.165,1789165585.1651223,-960,25,101
2026-09-11 19:26:25.185,1789165585.1851223,-975,26,104
2026-09-11 19:26:25.205,1789165585.2051222,-982,28,74
2026-09-11 19:26:25.225,1789165585.2251222,-966,26,75
2026-09-11 19:26:25.245,1789165585.2451224,-961,29,94
2026-09-11 19:26:25.265,1789165585.2651224,-972,29,100
2026-09-11 19:26:25.285,1789165585.2851224,-974,23,99
2026-09-11 19:26:25.305,1789165585.3051224,-974,25,93
2026-09-11 19:26:25.325,1789165585.3251224,-971,29,87
2026-09-11 19:26:25.345,1789165585.3451223,-969,27,96
2026-09-11 19:26:25.365,1789165585.3651223,-970,26,97
2026-09-11 19:26:25.385,1789165585.3851223,-970,26,99
2026-09-11 19:26:25.405,1789165585.4051223,-972,26,100
2026-09-11 19:26:25.425,1789165585.4251223,-969,29,85
2026-09-11 19:26:25.445,1789165585.4451222,-966,27,93
2026-09-11 19:26:25.465,1789165585.4651222,-972,24,100
2026-09-11 19:26:25.485,1789165585.4851224,-975,26,99
2026-09-11 19:26:25.505,1789165585.5051224,-972,28,106
2026-09-11 19:26:25.525,1789165585.5251224,-975,23,108
2026-09-11 19:26:25.545,1789165585.5451224,-973,23,102
2026-09-11 19:26:25.565,1789165585.5651224,-968,26,103
2026-09-11 19:26:25.585,1789165585.5851223,-970,28,102
2026-09-11 19:26:25.605,1789165585.6051223,-968,26,102
2026-09-11 19:26:25.625,1789165585.6251223,-969,25,99
2026-09-11 19:26:25.645,1789165585.6451223,-969,27,105
2026-09-11 19:26:25.665,1789165585.6651223,-969,25,104
2026-09-11 19:26:25.685,1789165585.6851223,-969,26,109
2026-09-11 19:26:25.705,1789165585.7051222,-972,27,109
2026-09-11 19:26:25.725,1789165585.7251222,-973,27,110
2026-09-11 19:26:25.745,1789165585.7451224,-973,27,103
2026-09-11 19:26:25.765,1789165585.7651224,-967,29,95
2026-09-11 19:26:25.785,1789165585.7851224,-962,29,101
2026-09-11 19:26:25.805,1789165585.8051224,-962,30,110
2026-09-11 19:26:25.812,1789165585.812255,-964,27,121
2026-09-11 19:26:25.832,1789165585.832255,-972,31,126
2026-09-11 19:26:25.852,1789165585.8522549,-973,29,110
2026-09-11 19:26:25.872,1789165585.8722548,-966,28,124
2026-09-11 19:26:25.892,1789165585.8922548,-967,25,127
2026-09-11 19:26:25.912,1789165585.9122548,-976,30,113
2026-09-11 19:26:25.932,1789165585.9322548,-970,31,96
2026-09-11 19:26:25.952,1789165585.952255,-965,28,108
2026-09-11 19:26:25.972,1789165585.972255,-965,31,125
2026-09-11 19:26:25.992,1789165585.992255,-974,29,124
2026-09-11 19:26:26.012,1789165586.012255,-972,27,125
2026-09-11 19:26:26.032,1789165586.032255,-972,28,123
2026-09-11 19:26:26.052,1789165586.052255,-967,29,119
2026-09-11 19:26:26.072,1789165586.072255,-964,30,118
2026-09-11 19:26:26.092,1789165586.0922549,-967,31,120
2026-09-11 19:26:26.112,1789165586.1122549,-966,27,121
2026-09-11 19:26:26.132,1789165586.1322548,-964,31,122
2026-09-11 19:26:26.152,1789165586.1522548,-969,31,115
2026-09-11 19:26:26.172,1789165586.1722548,-968,26,124
2026-09-11 19:26:26.192,1789165586.192255,-970,25,122
2026-09-11 19:26:26.212,1789165586.212255,-969,31,124
2026-09-11 19:26:26.232,1789165586.232255,-970,29,123
2026-09-11 19:26:26.252,1789165586.252255,-969,28,126
2026-09-11 19:26:26.272,1789165586.272255,-967,28,121
2026-09-11 19:26:26.292,1789165586.292255,-965,30,124
2026-09-11 19:26:26.312,1789165586.312255,-966,28,123
2026-09-11 19:26:26.332,1789165586.332255,-967,27,123
2026-09-11 19:26:26.352,1789165586.3522549,-968,28,126
2026-09-11 19:26:26.372,1789165586.3722548,-970,29,124
2026-09-11 19:26:26.392,1789165586.3922548,-968,28,123
2026-09-11 19:26:26.412,1789165586.4122548,-968,29,125
2026-09-11 19:26:26.432,1789165586.4322548,-969,27,126
2026-09-11 19:26:26.452,1789165586.452255,-970,30,127
2026-09-11 19:26:26.472,1789165586.472255,-971,27,125
2026-09-11 19:26:26.492,1789165586.492255,-970,25,123
2026-09-11 19:26:26.512,1789165586.512255,-968,29,125
2026-09-11 19:26:26.519,1789165586.5194485,-968,28,125
2026-09-11 19:26:26.539,1789165586.5394485,-966,27,123
2026-09-11 19:26:26.559,1789165586.5594485,-962,27,125
2026-09-11 19:26:26.579,1789165586.5794485,-968,30,127
2026-09-11 19:26:26.599,1789165586.5994484,-970,31,116
2026-09-11 19:26:26.619,1789165586.6194484,-968,27,124
2026-09-11 19:26:26.639,1789165586.6394484,-961,25,130
2026-09-11 19:26:26.659,1789165586.6594486,-967,29,127
2026-09-11 19:26:26.679,1789165586.6794486,-969,32,113
2026-09-11 19:26:26.699,1789165586.6994486,-966,26,121
2026-09-11 19:26:26.719,1789165586.7194486,-967,26,132
2026-09-11 19:26:26.739,1789165586.7394485,-975,28,133
2026-09-11 19:26:26.759,1789165586.7594485,-971,26,129
2026-09-11 19:26:26.779,1789165586.7794485,-968,28,120
2026-09-11 19:26:26.799,1789165586.7994485,-964,31,126
2026-09-11 19:26:26.819,1789165586.8194485,-971,33,125
2026-09-11 19:26:26.839,1789165586.8394485,-969,32,121
2026-09-11 19:26:26.859,1789165586.8594484,-963,30,124
2026-09-11 19:26:26.879,1789165586.8794484,-968,34,117
2026-09-11 19:26:26.899,1789165586.8994486,-968,31,111
2026-09-11 19:26:26.919,1789165586.9194486,-964,27,119
2026-09-11 19:26:26.939,1789165586.9394486,-977,23,115
2026-09-11 19:26:26.959,1789165586.9594486,-979,28,103
2026-09-11 19:26:26.979,1789165586.9794486,-978,31,99
2026-09-11 19:26:26.999,1789165586.9994485,-983,27,94
2026-09-11 19:26:27.019,1789165587.0194485,-979,24,84
2026-09-11 19:26:27.039,1789165587.0394485,-971,24,77
2026-09-11 19:26:27.059,1789165587.0594485,-970,25,75
2026-09-11 19:26:27.079,1789165587.0794485,-968,26,81
2026-09-11 19:26:27.099,1789165587.0994484,-972,26,84
2026-09-11 19:26:27.119,1789165587.1194484,-981,27,75
2026-09-11 19:26:27.139,1789165587.1394484,-975,30,68
2026-09-11 19:26:27.159,1789165587.1594486,-971,27,69
2026-09-11 19:26:27.179,1789165587.1794486,-971,23,70
2026-09-11 19:26:27.199,1789165587.1994486,-975,24,69
2026-09-11 19:26:27.219,1789165587.2194486,-975,23,58
2026-09-11 19:26:27.226,1789165587.226337,-971,25,59
2026-09-11 19:26:27.246,1789165587.246337,-972,24,59
2026-09-11 19:26:27.266,1789165587.266337,-973,24,53
2026-09-11 19:26:27.286,1789165587.286337,-970,25,55
2026-09-11 19:26:27.306,1789165587.3063369,-974,24,66
2026-09-11 19:26:27.326,1789165587.3263369,-981,25,49
2026-09-11 19:26:27.346,1789165587.3463368,-981,22,34
2026-09-11 19:26:27.366,1789165587.366337,-957,23,54
2026-09-11 19:26:27.386,1789165587.386337,-967,23,63
2026-09-11 19:26:27.406,1789165587.406337,-980,24,28
2026-09-11 19:26:27.426,1789165587.426337,-968,22,44
2026-09-11 19:26:27.446,1789165587.446337,-980,21,55
2026-09-11 19:26:27.466,1789165587.466337,-983,27,49
2026-09-11 19:26:27.486,1789165587.486337,-977,24,51
2026-09-11 19:26:27.506,1789165587.506337,-977,22,43
2026-09-11 19:26:27.526,1789165587.526337,-971,24,44
2026-09-11 19:26:27.546,1789165587.546337,-972,26,42
2026-09-11 19:26:27.566,1789165587.5663369,-972,28,45
2026-09-11 19:26:27.586,1789165587.5863369,-975,26,42
2026-09-11 19:26:27.606,1789165587.606337,-975,27,48
2026-09-11 19:26:27.626,1789165587.626337,-976,27,41
2026-09-11 19:26:27.646,1789165587.646337,-973,24,27
2026-09-11 19:26:27.666,1789165587.666337,-972,22,33
2026-09-11 19:26:27.686,1789165587.686337,-976,28,40
2026-09-11 19:26:27.706,1789165587.706337,-979,29,43
2026-09-11 19:26:27.726,1789165587.726337,-982,23,43
2026-09-11 19:26:27.746,1789165587.746337,-979,24,41
2026-09-11 19:26:27.766,1789165587.766337,-976,26,34
2026-09-11 19:26:27.786,1789165587.786337,-972,24,32
2026-09-11 19:26:27.806,1789165587.8063369,-971,27,34
2026-09-11 19:26:27.826,1789165587.8263369,-975,26,36
2026-09-11 19:26:27.846,1789165587.8463368,-975,24,34
2026-09-11 19:26:27.866,1789165587.866337,-976,23,24
2026-09-11 19:26:27.886,1789165587.886337,-970,27,23
2026-09-11 19:26:27.906,1789165587.906337,-970,28,25
2026-09-11 19:26:27.926,1789165587.926337,-976,27,32
2026-09-11 19:26:27.933,1789165587.9331646,-977,28,31
2026-09-11 19:26:27.953,1789165587.9531646,-978,28,36
2026-09-11 19:26:27.973,1789165587.9731646,-984,27,22
2026-09-11 19:26:27.993,1789165587.9931645,-977,22,11
2026-09-11 19:26:28.013,1789165588.0131645,-955,22,39
2026-09-11 19:26:28.033,1789165588.0331645,-976,27,27
2026-09-11 19:26:28.053,1789165588.0531645,-977,28,0
2026-09-11 19:26:28.073,1789165588.0731647,-970,25,22
2026-09-11 19:26:28.093,1789165588.0931647,-988,27,28
2026-09-11 19:26:28.113,1789165588.1131647,-984,27,20
2026-09-11 19:26:28.133,1789165588.1331646,-973,23,23
2026-09-11 19:26:28.153,1789165588.1531646,-975,24,20
2026-09-11 19:26:28.173,1789165588.1731646,-972,27,19
2026-09-11 19:26:28.193,1789165588.1931646,-972,28,18
2026-09-11 19:26:28.213,1789165588.2131646,-972,27,18
2026-09-11 19:26:28.233,1789165588.2331645,-971,26,20
2026-09-11 19:26:28.253,1789165588.2531645,-974,24,26
2026-09-11 19:26:28.273,1789165588.2731645,-977,25,29
2026-09-11 19:26:28.293,1789165588.2931645,-978,25,13
2026-09-11 19:26:28.313,1789165588.3131647,-975,25,18
2026-09-11 19:26:28.333,1789165588.3331647,-976,30,26
2026-09-11 19:26:28.353,1789165588.3531647,-976,29,27
2026-09-11 19:26:28.373,1789165588.3731647,-977,25,28
2026-09-11 19:26:28.393,1789165588.3931646,-975,26,26
2026-09-11 19:26:28.413,1789165588.4131646,-977,26,21
2026-09-11 19:26:28.433,1789165588.4331646,-974,26,21
2026-09-11 19:26:28.453,1789165588.4531646,-971,25,23
2026-09-11 19:26:28.473,1789165588.4731646,-975,27,28
2026-09-11 19:26:28.493,1789165588.4931645,-975,26,24
2026-09-11 19:26:28.513,1789165588.5131645,-975,28,26
2026-09-11 19:26:28.533,1789165588.5331645,-976,30,26
2026-09-11 19:26:28.553,1789165588.5531645,-975,29,25
2026-09-11 19:26:28.573,1789165588.5731647,-973,28,27
2026-09-11 19:26:28.593,1789165588.5931647,-977,28,27
2026-09-11 19:26:28.613,1789165588.6131647,-978,31,15
2026-09-11 19:26:28.633,1789165588.6331646,-975,28,18
2026-09-11 19:26:28.640,1789165588.640297,-961,25,55
2026-09-11 19:26:28.660,1789165588.660297,-984,27,24
2026-09-11 19:26:28.680,1789165588.680297,-971,31,9
2026-09-11 19:26:28.700,1789165588.7002969,-972,26,39
2026-09-11 19:26:28.720,1789165588.7202969,-995,28,32
2026-09-11 19:26:28.740,1789165588.7402968,-976,27,32
2026-09-11 19:26:28.760,1789165588.7602968,-973,27,35
2026-09-11 19:26:28.780,1789165588.780297,-972,29,30
2026-09-11 19:26:28.800,1789165588.800297,-972,30,32
2026-09-11 19:26:28.820,1789165588.820297,-971,31,29
2026-09-11 19:26:28.840,1789165588.840297,-970,29,34
2026-09-11 19:26:28.860,1789165588.860297,-980,28,32
2026-09-11 19:26:28.880,1789165588.880297,-977,25,39
2026-09-11 19:26:28.900,1789165588.900297,-972,26,41
2026-09-11 19:26:28.920,1789165588.920297,-976,29,27
2026-09-11 19:26:28.940,1789165588.940297,-973,27,27
2026-09-11 19:26:28.960,1789165588.9602969,-974,31,40
2026-09-11 19:26:28.980,1789165588.9802969,-976,28,38
2026-09-11 19:26:29.000,1789165589.0002968,-971,27,43
2026-09-11 19:26:29.020,1789165589.020297,-976,28,38
2026-09-11 19:26:29.040,1789165589.040297,-971,27,36
2026-09-11 19:26:29.060,1789165589.060297,-973,26,38
2026-09-11 19:26:29.080,1789165589.080297,-975,26,31
2026-09-11 19:26:29.100,1789165589.100297,-972,30,36
2026-09-11 19:26:29.120,1789165589.120297,-971,30,33
2026-09-11 19:26:29.140,1789165589.140297,-966,30,38
2026-09-11 19:26:29.160,1789165589.160297,-967,28,39
2026-09-11 19:26:29.180,1789165589.180297,-969,27,48
2026-09-11 19:26:29.200,1789165589.2002969,-972,28,26
2026-09-11 19:26:29.220,1789165589.2202969,-967,35,5
2026-09-11 19:26:29.240,1789165589.2402968,-952,33,24
2026-09-11 19:26:29.260,1789165589.2602968,-951,24,35
2026-09-11 19:26:29.280,1789165589.280297,-974,28,4
2026-09-11 19:26:29.300,1789165589.300297,-965,32,12
2026-09-11 19:26:29.320,1789165589.320297,-980,29,27
2026-09-11 19:26:29.340,1789165589.340297,-990,33,15
2026-09-11 19:26:29.346,1789165589.3466055,-977,31,18
2026-09-11 19:26:29.366,1789165589.3666055,-984,32,15
2026-09-11 19:26:29.386,1789165589.3866055,-979,34,10
2026-09-11 19:26:29.406,1789165589.4066055,-974,33,12
2026-09-11 19:26:29.426,1789165589.4266055,-974,31,13
2026-09-11 19:26:29.446,1789165589.4466054,-974,28,15
2026-09-11 19:26:29.466,1789165589.4666054,-976,29,15
2026-09-11 19:26:29.486,1789165589.4866056,-972,28,31
2026-09-11 19:26:29.506,1789165589.5066056,-980,36,17
2026-09-11 19:26:29.526,1789165589.5266056,-974,34,16
2026-09-11 19:26:29.546,1789165589.5466056,-975,29,18
2026-09-11 19:26:29.566,1789165589.5666056,-978,33,25
2026-09-11 19:26:29.586,1789165589.5866055,-980,33,26
2026-09-11 19:26:29.606,1789165589.6066055,-976,30,23
2026-09-11 19:26:29.626,1789165589.6266055,-974,33,24
2026-09-11 19:26:29.646,1789165589.6466055,-973,33,25
2026-09-11 19:26:29.666,1789165589.6666055,-974,31,28
2026-09-11 19:26:29.686,1789165589.6866055,-977,28,26
2026-09-11 19:26:29.706,1789165589.7066054,-976,29,26
2026-09-11 19:26:29.726,1789165589.7266057,-975,31,26
2026-09-11 19:26:29.746,1789165589.7466056,-974,29,22
2026-09-11 19:26:29.766,1789165589.7666056,-973,31,24
2026-09-11 19:26:29.786,1789165589.7866056,-971,29,32
2026-09-11 19:26:29.806,1789165589.8066056,-977,32,34
2026-09-11 19:26:29.826,1789165589.8266056,-988,32,11
2026-09-11 19:26:29.846,1789165589.8466055,-968,30,35
2026-09-11 19:26:29.866,1789165589.8666055,-969,25,64
2026-09-11 19:26:29.886,1789165589.8866055,-993,30,11
2026-09-11 19:26:29.906,1789165589.9066055,-963,29,7
2026-09-11 19:26:29.926,1789165589.9266055,-961,31,37
2026-09-11 19:26:29.946,1789165589.9466054,-979,36,42
2026-09-11 19:26:29.966,1789165589.9666054,-980,30,44
2026-09-11 19:26:29.986,1789165589.9866056,-985,29,31
2026-09-11 19:26:30.006,1789165590.0066056,-977,30,27
2026-09-11 19:26:30.026,1789165590.0266056,-971,30,30
2026-09-11 19:26:30.046,1789165590.0466056,-971,28,35
2026-09-11 19:26:30.053,1789165590.0535855,-973,28,36
2026-09-11 19:26:30.073,1789165590.0735855,-974,28,39
2026-09-11 19:26:30.093,1789165590.0935855,-977,28,43
2026-09-11 19:26:30.113,1789165590.1135855,-978,32,36
2026-09-11 19:26:30.133,1789165590.1335855,-971,30,27
2026-09-11 19:26:30.153,1789165590.1535854,-968,27,44
2026-09-11 19:26:30.173,1789165590.1735854,-979,29,37
2026-09-11 19:26:30.193,1789165590.1935856,-973,28,47
2026-09-11 19:26:30.213,1789165590.2135856,-979,29,52
2026-09-11 19:26:30.233,1789165590.2335856,-980,28,49
2026-09-11 19:26:30.253,1789165590.2535856,-976,27,47
2026-09-11 19:26:30.273,1789165590.2735856,-976,27,44
2026-09-11 19:26:30.293,1789165590.2935855,-974,25,45
2026-09-11 19:26:30.313,1789165590.3135855,-974,25,44
2026-09-11 19:26:30.333,1789165590.3335855,-970,29,51
2026-09-11 19:26:30.353,1789165590.3535855,-973,30,53
2026-09-11 19:26:30.373,1789165590.3735855,-974,27,53
2026-09-11 19:26:30.393,1789165590.3935854,-975,26,63
2026-09-11 19:26:30.413,1789165590.4135854,-973,25,71
2026-09-11 19:26:30.433,1789165590.4335856,-984,28,33
2026-09-11 19:26:30.453,1789165590.4535856,-962,26,50
2026-09-11 19:26:30.473,1789165590.4735856,-962,23,76
2026-09-11 19:26:30.493,1789165590.4935856,-979,24,79
2026-09-11 19:26:30.513,1789165590.5135856,-985,28,36
2026-09-11 19:26:30.533,1789165590.5335855,-967,24,52
2026-09-11 19:26:30.553,1789165590.5535855,-968,28,68
2026-09-11 19:26:30.573,1789165590.5735855,-974,27,74
2026-09-11 19:26:30.593,1789165590.5935855,-978,25,70
2026-09-11 19:26:30.613,1789165590.6135855,-979,25,68
2026-09-11 19:26:30.633,1789165590.6335855,-974,27,66
2026-09-11 19:26:30.653,1789165590.6535854,-971,27,68
2026-09-11 19:26:30.673,1789165590.6735854,-971,25,71
2026-09-11 19:26:30.693,1789165590.6935856,-973,25,72
2026-09-11 19:26:30.713,1789165590.7135856,-972,24,70
2026-09-11 19:26:30.733,1789165590.7335856,-971,28,68
2026-09-11 19:26:30.753,1789165590.7535856,-969,28,72
2026-09-11 19:26:30.759,1789165590.7599552,-973,23,73
2026-09-11 19:26:30.779,1789165590.7799551,-974,25,68
2026-09-11 19:26:30.799,1789165590.7999551,-975,27,74
2026-09-11 19:26:30.819,1789165590.819955,-972,27,76
2026-09-11 19:26:30.839,1789165590.839955,-976,26,73
2026-09-11 19:26:30.859,1789165590.859955,-972,26,75
2026-09-11 19:26:30.879,1789165590.879955,-973,24,72
2026-09-11 19:26:30.899,1789165590.8999553,-971,23,71
2026-09-11 19:26:30.919,1789165590.9199553,-971,24,73
2026-09-11 19:26:30.939,1789165590.9399552,-971,24,79
2026-09-11 19:26:30.959,1789165590.9599552,-973,22,80
2026-09-11 19:26:30.979,1789165590.9799552,-975,23,79
2026-09-11 19:26:30.999,1789165590.9999552,-974,24,82
2026-09-11 19:26:31.019,1789165591.0199552,-972,24,80
2026-09-11 19:26:31.039,1789165591.0399551,-968,23,85
2026-09-11 19:26:31.059,1789165591.0599551,-974,24,86
2026-09-11 19:26:31.079,1789165591.079955,-977,25,60
2026-09-11 19:26:31.099,1789165591.099955,-961,26,91
2026-09-11 19:26:31.119,1789165591.119955,-966,24,116
2026-09-11 19:26:31.139,1789165591.1399553,-984,25,83
2026-09-11 19:26:31.159,1789165591.1599553,-971,24,71
2026-09-11 19:26:31.179,1789165591.1799552,-963,23,81
2026-09-11 19:26:31.199,1789165591.1999552,-967,29,100
2026-09-11 19:26:31.219,1789165591.2199552,-976,26,107
2026-09-11 19:26:31.239,1789165591.2399552,-976,22,97
2026-09-11 19:26:31.259,1789165591.2599552,-974,24,92
2026-09-11 19:26:31.279,1789165591.2799551,-969,27,96
2026-09-11 19:26:31.299,1789165591.2999551,-970,26,99
2026-09-11 19:26:31.319,1789165591.319955,-973,23,97
2026-09-11 19:26:31.339,1789165591.339955,-969,21,91
2026-09-11 19:26:31.359,1789165591.359955,-968,24,99
2026-09-11 19:26:31.379,1789165591.379955,-971,27,85
2026-09-11 19:26:31.399,1789165591.3999553,-966,23,98
2026-09-11 19:26:31.419,1789165591.4199553,-969,23,98
2026-09-11 19:26:31.439,1789165591.4399552,-971,25,95
2026-09-11 19:26:31.459,1789165591.4599552,-970,24,101
2026-09-11 19:26:31.466,1789165591.466508,-972,23,105
2026-09-11 19:26:31.486,1789165591.486508,-972,24,102
2026-09-11 19:26:31.506,1789165591.5065079,-972,26,98
2026-09-11 19:26:31.526,1789165591.5265079,-967,25,97
2026-09-11 19:26:31.546,1789165591.5465078,-970,24,95
2026-09-11 19:26:31.566,1789165591.5665078,-969,24,99
2026-09-11 19:26:31.586,1789165591.5865078,-968,24,97
2026-09-11 19:26:31.606,1789165591.606508,-970,25,103
2026-09-11 19:26:31.626,1789165591.626508,-971,23,104
2026-09-11 19:26:31.646,1789165591.646508,-973,23,101
2026-09-11 19:26:31.666,1789165591.666508,-972,23,102
2026-09-11 19:26:31.686,1789165591.686508,-972,23,99
2026-09-11 19:26:31.706,1789165591.706508,-972,23,99
2026-09-11 19:26:31.726,1789165591.726508,-969,23,100
2026-09-11 19:26:31.746,1789165591.746508,-971,22,115
2026-09-11 19:26:31.766,1789165591.7665079,-979,24,85
2026-09-11 19:26:31.786,1789165591.7865078,-963,25,102
2026-09-11 19:26:31.806,1789165591.8065078,-965,23,109
2026-09-11 19:26:31.826,1789165591.8265078,-971,24,111
2026-09-11 19:26:31.846,1789165591.846508,-970,26,91
2026-09-11 19:26:31.866,1789165591.866508,-965,26,94
2026-09-11 19:26:31.886,1789165591.886508,-969,30,113
2026-09-11 19:26:31.906,1789165591.906508,-978,25,117
2026-09-11 19:26:31.926,1789165591.926508,-979,23,109
2026-09-11 19:26:31.946,1789165591.946508,-971,23,100
2026-09-11 19:26:31.966,1789165591.966508,-967,26,100
2026-09-11 19:26:31.986,1789165591.986508,-966,26,103
2026-09-11 19:26:32.006,1789165592.0065079,-967,25,110
2026-09-11 19:26:32.026,1789165592.0265079,-969,25,107
2026-09-11 19:26:32.046,1789165592.0465078,-966,28,111
2026-09-11 19:26:32.066,1789165592.0665078,-970,32,99
2026-09-11 19:26:32.086,1789165592.0865078,-961,28,105
2026-09-11 19:26:32.106,1789165592.106508,-968,27,103
2026-09-11 19:26:32.126,1789165592.126508,-972,27,106
2026-09-11 19:26:32.146,1789165592.146508,-972,27,112
2026-09-11 19:26:32.166,1789165592.166508,-974,27,110
2026-09-11 19:26:32.173,1789165592.1730301,-970,26,107
2026-09-11 19:26:32.193,1789165592.19303,-971,30,106
2026-09-11 19:26:32.213,1789165592.21303,-970,31,107
2026-09-11 19:26:32.233,1789165592.23303,-970,29,108
2026-09-11 19:26:32.253,1789165592.25303,-969,26,109
2026-09-11 19:26:32.273,1789165592.27303,-968,27,108
2026-09-11 19:26:32.293,1789165592.29303,-968,28,106
2026-09-11 19:26:32.313,1789165592.3130302,-969,28,108
2026-09-11 19:26:32.333,1789165592.3330302,-970,27,113
2026-09-11 19:26:32.353,1789165592.3530302,-973,27,112
2026-09-11 19:26:32.373,1789165592.3730302,-972,26,116
2026-09-11 19:26:32.393,1789165592.3930302,-972,27,107
2026-09-11 19:26:32.413,1789165592.4130301,-968,27,105
2026-09-11 19:26:32.433,1789165592.4330301,-971,27,108
2026-09-11 19:26:32.453,1789165592.45303,-967,26,107
2026-09-11 19:26:32.473,1789165592.47303,-966,26,118
2026-09-11 19:26:32.493,1789165592.49303,-974,31,113
2026-09-11 19:26:32.513,1789165592.51303,-970,26,99
2026-09-11 19:26:32.533,1789165592.53303,-966,26,112
2026-09-11 19:26:32.553,1789165592.5530303,-964,24,126
2026-09-11 19:26:32.573,1789165592.5730302,-975,28,105
2026-09-11 19:26:32.593,1789165592.5930302,-968,27,97
2026-09-11 19:26:32.613,1789165592.6130302,-968,25,111
2026-09-11 19:26:32.633,1789165592.6330302,-970,26,121
2026-09-11 19:26:32.653,1789165592.6530302,-974,27,118
2026-09-11 19:26:32.673,1789165592.6730301,-973,25,113
2026-09-11 19:26:32.693,1789165592.69303,-968,27,112
2026-09-11 19:26:32.713,1789165592.71303,-969,30,111
2026-09-11 19:26:32.733,1789165592.73303,-966,29,114
2026-09-11 19:26:32.753,1789165592.75303,-966,26,113
2026-09-11 19:26:32.773,1789165592.77303,-968,27,116
2026-09-11 19:26:32.793,1789165592.79303,-972,28,109
2026-09-11 19:26:32.813,1789165592.8130302,-975,26,102
2026-09-11 19:26:32.833,1789165592.8330302,-971,23,113
2026-09-11 19:26:32.853,1789165592.8530302,-981,26,101
2026-09-11 19:26:32.873,1789165592.8730302,-980,28,90
2026-09-11 19:26:32.879,1789165592.879583,-976,26,87
2026-09-11 19:26:32.899,1789165592.8995829,-970,25,85
2026-09-11 19:26:32.919,1789165592.9195828,-974,23,85
2026-09-11 19:26:32.939,1789165592.9395828,-977,26,91
2026-09-11 19:26:32.959,1789165592.9595828,-978,25,82
2026-09-11 19:26:32.979,1789165592.9795828,-974,23,77
2026-09-11 19:26:32.999,1789165592.9995828,-974,23,74
2026-09-11 19:26:33.019,1789165593.019583,-976,21,60
2026-09-11 19:26:33.039,1789165593.039583,-969,23,73
2026-09-11 19:26:33.059,1789165593.059583,-977,24,67
2026-09-11 19:26:33.079,1789165593.079583,-977,26,62
2026-09-11 19:26:33.099,1789165593.099583,-976,25,67
2026-09-11 19:26:33.119,1789165593.119583,-979,26,61
2026-09-11 19:26:33.139,1789165593.1395829,-976,23,52
2026-09-11 19:26:33.159,1789165593.1595829,-972,21,47
2026-09-11 19:26:33.179,1789165593.1795828,-972,23,48
2026-09-11 19:26:33.199,1789165593.1995828,-970,22,59
2026-09-11 19:26:33.219,1789165593.2195828,-978,27,55
2026-09-11 19:26:33.239,1789165593.2395828,-979,24,29
2026-09-11 19:26:33.259,1789165593.259583,-966,21,40
2026-09-11 19:26:33.279,1789165593.279583,-955,22,63
2026-09-11 19:26:33.299,1789165593.299583,-982,24,35
2026-09-11 19:26:33.319,1789165593.319583,-974,21,26
2026-09-11 19:26:33.339,1789165593.339583,-972,16,47
2026-09-11 19:26:33.359,1789165593.359583,-984,23,46
2026-09-11 19:26:33.379,1789165593.379583,-979,24,48
2026-09-11 19:26:33.399,1789165593.3995829,-979,21,46
2026-09-11 19:26:33.419,1789165593.4195828,-973,22,38
2026-09-11 19:26:33.439,1789165593.4395828,-971,24,36
2026-09-11 19:26:33.459,1789165593.4595828,-971,24,37
2026-09-11 19:26:33.479,1789165593.4795828,-972,23,39
2026-09-11 19:26:33.499,1789165593.4995828,-973,23,35
2026-09-11 19:26:33.519,1789165593.519583,-969,24,53
2026-09-11 19:26:33.539,1789165593.539583,-977,22,29
2026-09-11 19:26:33.559,1789165593.559583,-972,21,36
2026-09-11 19:26:33.579,1789165593.579583,-976,24,39
2026-09-11 19:26:33.586,1789165593.5864103,-974,26,39
2026-09-11 19:26:33.606,1789165593.6064103,-976,24,42
2026-09-11 19:26:33.626,1789165593.6264102,-979,23,42
2026-09-11 19:26:33.646,1789165593.6464102,-979,24,33
2026-09-11 19:26:33.666,1789165593.6664102,-973,24,33
2026-09-11 19:26:33.686,1789165593.6864102,-972,22,35
2026-09-11 19:26:33.706,1789165593.7064102,-972,23,38
2026-09-11 19:26:33.726,1789165593.7264104,-974,25,39
2026-09-11 19:26:33.746,1789165593.7464104,-973,25,37
2026-09-11 19:26:33.766,1789165593.7664104,-972,26,37
2026-09-11 19:26:33.786,1789165593.7864103,-972,27,32
2026-09-11 19:26:33.806,1789165593.8064103,-973,24,36
2026-09-11 19:26:33.826,1789165593.8264103,-975,23,37
2026-09-11 19:26:33.846,1789165593.8464103,-972,25,48
2026-09-11 19:26:33.866,1789165593.8664103,-982,28,38
2026-09-11 19:26:33.886,1789165593.8864102,-984,25,25
2026-09-11 19:26:33.906,1789165593.9064102,-961,20,38
2026-09-11 19:26:33.926,1789165593.9264102,-960,22,60
2026-09-11 19:26:33.946,1789165593.9464102,-983,26,28
2026-09-11 19:26:33.966,1789165593.9664104,-966,26,22
2026-09-11 19:26:33.986,1789165593.9864104,-972,23,54
2026-09-11 19:26:34.006,1789165594.0064104,-995,26,42
2026-09-11 19:26:34.026,1789165594.0264103,-976,24,44
2026-09-11 19:26:34.046,1789165594.0464103,-974,24,40
2026-09-11 19:26:34.066,1789165594.0664103,-975,26,43
2026-09-11 19:26:34.086,1789165594.0864103,-973,25,35
2026-09-11 19:26:34.106,1789165594.1064103,-969,28,37
2026-09-11 19:26:34.126,1789165594.1264102,-972,27,32
2026-09-11 19:26:34.146,1789165594.1464102,-970,26,38
2026-09-11 19:26:34.166,1789165594.1664102,-972,22,53
2026-09-11 19:26:34.186,1789165594.1864102,-977,21,33
2026-09-11 19:26:34.206,1789165594.2064102,-972,22,29
2026-09-11 19:26:34.226,1789165594.2264104,-976,25,30
2026-09-11 19:26:34.246,1789165594.2464104,-975,29,41
2026-09-11 19:26:34.266,1789165594.2664104,-976,26,37
2026-09-11 19:26:34.286,1789165594.2864103,-976,27,35
2026-09-11 19:26:34.293,1789165594.2933903,-977,29,27
2026-09-11 19:26:34.313,1789165594.3133903,-974,28,25
2026-09-11 19:26:34.333,1789165594.3333902,-973,29,29
2026-09-11 19:26:34.353,1789165594.3533902,-978,29,29
2026-09-11 19:26:34.373,1789165594.3733902,-974,30,23
2026-09-11 19:26:34.393,1789165594.3933902,-971,30,25
2026-09-11 19:26:34.413,1789165594.4133902,-974,31,25
2026-09-11 19:26:34.433,1789165594.4333904,-976,30,20
2026-09-11 19:26:34.453,1789165594.4533904,-970,30,20
2026-09-11 19:26:34.473,1789165594.4733903,-971,28,37
2026-09-11 19:26:34.493,1789165594.4933903,-985,31,18
2026-09-11 19:26:34.513,1789165594.5133903,-985,29,0
2026-09-11 19:26:34.533,1789165594.5333903,-951,28,44
2026-09-11 19:26:34.553,1789165594.5533903,-978,28,39
2026-09-11 19:26:34.573,1789165594.5733902,-987,34,1
2026-09-11 19:26:34.593,1789165594.5933902,-962,31,26
2026-09-11 19:26:34.613,1789165594.6133902,-986,34,39
2026-09-11 19:26:34.633,1789165594.6333902,-985,30,24
2026-09-11 19:26:34.653,1789165594.6533902,-972,27,27
2026-09-11 19:26:34.673,1789165594.6733904,-977,32,25
2026-09-11 19:26:34.693,1789165594.6933904,-971,32,24
2026-09-11 19:26:34.713,1789165594.7133904,-972,31,30
2026-09-11 19:26:34.733,1789165594.7333903,-972,31,26
2026-09-11 19:26:34.753,1789165594.7533903,-973,30,29
2026-09-11 19:26:34.773,1789165594.7733903,-976,31,27
2026-09-11 19:26:34.793,1789165594.7933903,-976,28,40
2026-09-11 19:26:34.813,1789165594.8133903,-976,32,20
2026-09-11 19:26:34.833,1789165594.8333902,-971,29,26
2026-09-11 19:26:34.853,1789165594.8533902,-970,32,36
2026-09-11 19:26:34.873,1789165594.8733902,-982,31,44
2026-09-11 19:26:34.893,1789165594.8933902,-987,35,34
2026-09-11 19:26:34.913,1789165594.9133902,-971,30,28
2026-09-11 19:26:34.933,1789165594.9333904,-966,27,32
2026-09-11 19:26:34.953,1789165594.9533904,-969,29,38
2026-09-11 19:26:34.973,1789165594.9733903,-972,27,34
2026-09-11 19:26:34.993,1789165594.9933903,-981,28,29
2026-09-11 19:26:35.000,1789165595.0005534,-978,31,23
2026-09-11 19:26:35.020,1789165595.0205534,-967,30,30
2026-09-11 19:26:35.040,1789165595.0405533,-970,31,34
2026-09-11 19:26:35.060,1789165595.0605533,-972,33,32
2026-09-11 19:26:35.080,1789165595.0805533,-970,26,37
2026-09-11 19:26:35.100,1789165595.1005533,-970,30,16
2026-09-11 19:26:35.120,1789165595.1205533,-979,31,-1
2026-09-11 19:26:35.140,1789165595.1405535,-948,27,53
2026-09-11 19:26:35.160,1789165595.1605535,-975,25,37
2026-09-11 19:26:35.180,1789165595.1805534,-967,30,-2
2026-09-11 19:26:35.200,1789165595.2005534,-949,35,25
2026-09-11 19:26:35.220,1789165595.2205534,-985,32,28
2026-09-11 19:26:35.240,1789165595.2405534,-981,28,17
2026-09-11 19:26:35.260,1789165595.2605534,-973,27,23
2026-09-11 19:26:35.280,1789165595.2805533,-973,28,22
2026-09-11 19:26:35.300,1789165595.3005533,-973,32,24
2026-09-11 19:26:35.320,1789165595.3205533,-974,31,23
2026-09-11 19:26:35.340,1789165595.3405533,-973,30,22
2026-09-11 19:26:35.360,1789165595.3605533,-972,32,21
2026-09-11 19:26:35.380,1789165595.3805535,-972,29,21
2026-09-11 19:26:35.400,1789165595.4005535,-976,27,32
2026-09-11 19:26:35.420,1789165595.4205534,-979,29,16
2026-09-11 19:26:35.440,1789165595.4405534,-977,29,15
2026-09-11 19:26:35.460,1789165595.4605534,-972,33,24
2026-09-11 19:26:35.480,1789165595.4805534,-979,35,25
2026-09-11 19:26:35.500,1789165595.5005534,-979,29,29
2026-09-11 19:26:35.520,1789165595.5205534,-977,25,35
2026-09-11 19:26:35.540,1789165595.5405533,-978,28,26
2026-09-11 19:26:35.560,1789165595.5605533,-972,30,25
2026-09-11 19:26:35.580,1789165595.5805533,-969,33,23
2026-09-11 19:26:35.600,1789165595.6005533,-974,28,27
2026-09-11 19:26:35.620,1789165595.6205533,-972,26,31
2026-09-11 19:26:35.640,1789165595.6405535,-975,26,31
2026-09-11 19:26:35.660,1789165595.6605535,-976,29,31
2026-09-11 19:26:35.680,1789165595.6805534,-976,30,27
2026-09-11 19:26:35.700,1789165595.7005534,-975,28,33
2026-09-11 19:26:35.707,1789165595.7078385,-978,28,22
2026-09-11 19:26:35.727,1789165595.7278385,-980,29,8
2026-09-11 19:26:35.747,1789165595.7478385,-959,26,56
2026-09-11 19:26:35.767,1789165595.7678385,-979,26,55
2026-09-11 19:26:35.787,1789165595.7878385,-986,31,3
2026-09-11 19:26:35.807,1789165595.8078384,-960,28,22
2026-09-11 19:26:35.827,1789165595.8278384,-974,29,34
2026-09-11 19:26:35.847,1789165595.8478386,-975,32,39
2026-09-11 19:26:35.867,1789165595.8678386,-980,28,43
2026-09-11 19:26:35.887,1789165595.8878386,-981,26,34
2026-09-11 19:26:35.907,1789165595.9078386,-976,28,32
2026-09-11 19:26:35.927,1789165595.9278386,-971,26,31
2026-09-11 19:26:35.947,1789165595.9478385,-974,27,30
2026-09-11 19:26:35.967,1789165595.9678385,-972,26,34
2026-09-11 19:26:35.987,1789165595.9878385,-972,24,36
2026-09-11 19:26:36.007,1789165596.0078385,-974,25,50
2026-09-11 19:26:36.027,1789165596.0278385,-986,28,31
2026-09-11 19:26:36.047,1789165596.0478384,-972,23,46
2026-09-11 19:26:36.067,1789165596.0678384,-976,25,38
2026-09-11 19:26:36.087,1789165596.0878386,-977,28,39
2026-09-11 19:26:36.107,1789165596.1078386,-974,26,48
2026-09-11 19:26:36.127,1789165596.1278386,-975,24,50
2026-09-11 19:26:36.147,1789165596.1478386,-976,26,52
2026-09-11 19:26:36.167,1789165596.1678386,-976,26,50
2026-09-11 19:26:36.187,1789165596.1878386,-976,25,43
2026-09-11 19:26:36.207,1789165596.2078385,-974,22,43
2026-09-11 19:26:36.227,1789165596.2278385,-971,24,43
2026-09-11 19:26:36.247,1789165596.2478385,-969,26,46
2026-09-11 19:26:36.267,1789165596.2678385,-972,25,54
2026-09-11 19:26:36.287,1789165596.2878385,-977,27,55
2026-09-11 19:26:36.307,1789165596.3078384,-974,23,72
2026-09-11 19:26:36.327,1789165596.3278384,-988,26,42
2026-09-11 19:26:36.347,1789165596.3478386,-978,25,34
2026-09-11 19:26:36.367,1789165596.3678386,-964,24,62
2026-09-11 19:26:36.387,1789165596.3878386,-965,23,88
2026-09-11 19:26:36.407,1789165596.4078386,-990,26,35
2026-09-11 19:26:36.415,1789165596.4151237,-967,25,48
2026-09-11 19:26:36.435,1789165596.4351237,-968,25,66
2026-09-11 19:26:36.455,1789165596.4551237,-975,28,70
2026-09-11 19:26:36.475,1789165596.4751236,-977,26,71
2026-09-11 19:26:36.495,1789165596.4951236,-980,24,67
2026-09-11 19:26:36.515,1789165596.5151236,-975,26,68
2026-09-11 19:26:36.535,1789165596.5351236,-971,27,71
2026-09-11 19:26:36.555,1789165596.5551238,-971,25,70
2026-09-11 19:26:36.575,1789165596.5751238,-973,24,69
2026-09-11 19:26:36.595,1789165596.5951238,-975,23,69
2026-09-11 19:26:36.615,1789165596.6151237,-974,27,70
2026-09-11 19:26:36.635,1789165596.6351237,-970,31,69
2026-09-11 19:26:36.655,1789165596.6551237,-973,27,73
2026-09-11 19:26:36.675,1789165596.6751237,-974,22,74
2026-09-11 19:26:36.695,1789165596.6951237,-975,25,77
2026-09-11 19:26:36.715,1789165596.7151237,-972,27,85
2026-09-11 19:26:36.735,1789165596.7351236,-979,27,90
2026-09-11 19:26:36.755,1789165596.7551236,-980,27,88
2026-09-11 19:26:36.775,1789165596.7751236,-973,26,78
2026-09-11 19:26:36.795,1789165596.7951238,-967,25,67
2026-09-11 19:26:36.815,1789165596.8151238,-963,27,69
2026-09-11 19:26:36.835,1789165596.8351238,-970,26,78
2026-09-11 19:26:36.855,1789165596.8551238,-976,26,92
2026-09-11 19:26:36.875,1789165596.8751237,-973,28,90
2026-09-11 19:26:36.895,1789165596.8951237,-970,27,85
2026-09-11 19:26:36.915,1789165596.9151237,-969,27,80
2026-09-11 19:26:36.935,1789165596.9351237,-963,25,94
2026-09-11 19:26:36.955,1789165596.9551237,-981,27,82
2026-09-11 19:26:36.975,1789165596.9751236,-973,24,70
2026-09-11 19:26:36.995,1789165596.9951236,-961,23,95
2026-09-11 19:26:37.015,1789165597.0151236,-963,23,119
2026-09-11 19:26:37.035,1789165597.0351236,-988,26,80
2026-09-11 19:26:37.055,1789165597.0551238,-970,27,77
2026-09-11 19:26:37.075,1789165597.0751238,-959,27,93
2026-09-11 19:26:37.095,1789165597.0951238,-969,30,103
2026-09-11 19:26:37.115,1789165597.1151237,-977,27,102
2026-09-11 19:26:37.122,1789165597.1222868,-972,23,99
2026-09-11 19:26:37.142,1789165597.1422868,-973,28,95
2026-09-11 19:26:37.162,1789165597.1622868,-973,30,101
2026-09-11 19:26:37.182,1789165597.1822867,-968,28,104
2026-09-11 19:26:37.202,1789165597.2022867,-971,26,100
2026-09-11 19:26:37.222,1789165597.2222867,-972,24,96
2026-09-11 19:26:37.242,1789165597.2422867,-968,27,97
2026-09-11 19:26:37.262,1789165597.262287,-968,27,93
2026-09-11 19:26:37.282,1789165597.282287,-972,23,100
2026-09-11 19:26:37.302,1789165597.3022869,-972,24,105
2026-09-11 19:26:37.322,1789165597.3222868,-972,28,106
2026-09-11 19:26:37.342,1789165597.3422868,-972,27,106
2026-09-11 19:26:37.362,1789165597.3622868,-973,24,105
2026-09-11 19:26:37.382,1789165597.3822868,-969,24,104
2026-09-11 19:26:37.402,1789165597.4022868,-968,24,103
2026-09-11 19:26:37.422,1789165597.4222867,-971,24,103
2026-09-11 19:26:37.442,1789165597.4422867,-969,26,106
2026-09-11 19:26:37.462,1789165597.4622867,-967,25,105
2026-09-11 19:26:37.482,1789165597.4822867,-968,25,109
2026-09-11 19:26:37.502,1789165597.502287,-971,24,106
2026-09-11 19:26:37.522,1789165597.522287,-973,23,106
2026-09-11 19:26:37.542,1789165597.5422869,-973,26,105
2026-09-11 19:26:37.562,1789165597.5622869,-973,28,103
2026-09-11 19:26:37.582,1789165597.5822868,-970,27,106
2026-09-11 19:26:37.602,1789165597.6022868,-969,27,106
2026-09-11 19:26:37.622,1789165597.6222868,-969,24,116
2026-09-11 19:26:37.642,1789165597.6422868,-974,27,105
2026-09-11 19:26:37.662,1789165597.6622868,-968,25,89
2026-09-11 19:26:37.682,1789165597.6822867,-963,25,111
2026-09-11 19:26:37.702,1789165597.7022867,-966,23,126
2026-09-11 19:26:37.722,1789165597.7222867,-975,27,101
2026-09-11 19:26:37.742,1789165597.7422867,-965,26,91
2026-09-11 19:26:37.762,1789165597.762287,-959,28,103
2026-09-11 19:26:37.782,1789165597.782287,-969,29,117
2026-09-11 19:26:37.802,1789165597.8022869,-975,28,114
2026-09-11 19:26:37.822,1789165597.8222868,-972,26,109
2026-09-11 19:26:37.829,1789165597.8295414,-971,29,103
2026-09-11 19:26:37.849,1789165597.8495414,-969,30,107
2026-09-11 19:26:37.869,1789165597.8695414,-968,28,116
2026-09-11 19:26:37.889,1789165597.8895414,-969,27,110
2026-09-11 19:26:37.909,1789165597.9095414,-970,25,105
2026-09-11 19:26:37.929,1789165597.9295413,-965,29,106
2026-09-11 19:26:37.949,1789165597.9495413,-966,26,103
2026-09-11 19:26:37.969,1789165597.9695415,-965,26,115
2026-09-11 19:26:37.989,1789165597.9895415,-972,29,112
2026-09-11 19:26:38.009,1789165598.0095415,-973,29,116
2026-09-11 19:26:38.029,1789165598.0295415,-971,29,118
2026-09-11 19:26:38.049,1789165598.0495415,-973,26,117
2026-09-11 19:26:38.069,1789165598.0695415,-971,27,110
2026-09-11 19:26:38.089,1789165598.0895414,-968,28,109
2026-09-11 19:26:38.109,1789165598.1095414,-964,27,109
2026-09-11 19:26:38.129,1789165598.1295414,-965,26,107
2026-09-11 19:26:38.149,1789165598.1495414,-969,26,107
2026-09-11 19:26:38.169,1789165598.1695414,-968,27,112
2026-09-11 19:26:38.189,1789165598.1895413,-970,29,118
2026-09-11 19:26:38.209,1789165598.2095416,-971,32,112
2026-09-11 19:26:38.229,1789165598.2295415,-968,30,112
2026-09-11 19:26:38.249,1789165598.2495415,-971,28,111
2026-09-11 19:26:38.269,1789165598.2695415,-969,29,115
2026-09-11 19:26:38.289,1789165598.2895415,-968,30,116
2026-09-11 19:26:38.309,1789165598.3095415,-971,28,111
2026-09-11 19:26:38.329,1789165598.3295414,-969,26,108
2026-09-11 19:26:38.349,1789165598.3495414,-969,26,117
2026-09-11 19:26:38.369,1789165598.3695414,-975,31,106
2026-09-11 19:26:38.389,1789165598.3895414,-970,28,99
2026-09-11 19:26:38.409,1789165598.4095414,-969,27,108
2026-09-11 19:26:38.429,1789165598.4295413,-963,27,122
2026-09-11 19:26:38.449,1789165598.4495413,-973,31,104
2026-09-11 19:26:38.469,1789165598.4695415,-966,30,104
2026-09-11 19:26:38.489,1789165598.4895415,-968,26,112
2026-09-11 19:26:38.509,1789165598.5095415,-971,29,115
2026-09-11 19:26:38.529,1789165598.5295415,-971,28,113
2026-09-11 19:26:38.536,1789165598.5366435,-972,26,110
2026-09-11 19:26:38.556,1789165598.5566435,-968,29,112
2026-09-11 19:26:38.576,1789165598.5766435,-967,30,112
2026-09-11 19:26:38.596,1789165598.5966434,-967,31,111
2026-09-11 19:26:38.616,1789165598.6166434,-966,29,115
2026-09-11 19:26:38.636,1789165598.6366434,-966,29,109
2026-09-11 19:26:38.656,1789165598.6566434,-966,29,110
2026-09-11 19:26:38.676,1789165598.6766436,-971,27,110
2026-09-11 19:26:38.696,1789165598.6966436,-971,27,113
2026-09-11 19:26:38.716,1789165598.7166436,-969,30,111
2026-09-11 19:26:38.736,1789165598.7366436,-972,30,114
2026-09-11 19:26:38.756,1789165598.7566435,-972,27,119
2026-09-11 19:26:38.776,1789165598.7766435,-970,27,115
2026-09-11 19:26:38.796,1789165598.7966435,-969,29,114
2026-09-11 19:26:38.816,1789165598.8166435,-970,28,108
2026-09-11 19:26:38.836,1789165598.8366435,-967,28,111
2026-09-11 19:26:38.856,1789165598.8566434,-968,28,115
2026-09-11 19:26:38.876,1789165598.8766434,-967,28,114
2026-09-11 19:26:38.896,1789165598.8966434,-969,25,112
2026-09-11 19:26:38.916,1789165598.9166436,-971,26,116
2026-09-11 19:26:38.936,1789165598.9366436,-971,26,113
2026-09-11 19:26:38.956,1789165598.9566436,-967,27,111
2026-09-11 19:26:38.976,1789165598.9766436,-969,32,115
2026-09-11 19:26:38.996,1789165598.9966435,-973,28,113
2026-09-11 19:26:39.016,1789165599.0166435,-970,24,114
2026-09-11 19:26:39.036,1789165599.0366435,-968,23,118
2026-09-11 19:26:39.056,1789165599.0566435,-970,28,122
2026-09-11 19:26:39.076,1789165599.0766435,-969,32,103
2026-09-11 19:26:39.096,1789165599.0966434,-965,27,114
2026-09-11 19:26:39.116,1789165599.1166434,-964,25,123
2026-09-11 19:26:39.136,1789165599.1366434,-974,26,116
2026-09-11 19:26:39.156,1789165599.1566434,-965,28,98
2026-09-11 19:26:39.176,1789165599.1766436,-961,25,116
2026-09-11 19:26:39.196,1789165599.1966436,-972,29,122
2026-09-11 19:26:39.216,1789165599.2166436,-973,32,125
2026-09-11 19:26:39.236,1789165599.2366436,-971,28,122
2026-09-11 19:26:39.243,1789165599.2437758,-970,25,115
2026-09-11 19:26:39.263,1789165599.2637758,-966,26,116
2026-09-11 19:26:39.283,1789165599.2837758,-962,26,113
2026-09-11 19:26:39.303,1789165599.3037758,-964,27,112
2026-09-11 19:26:39.323,1789165599.3237758,-965,27,108
2026-09-11 19:26:39.343,1789165599.3437757,-963,33,110
2026-09-11 19:26:39.363,1789165599.3637757,-966,27,105
2026-09-11 19:26:39.383,1789165599.383776,-969,24,104
2026-09-11 19:26:39.403,1789165599.403776,-969,26,106
2026-09-11 19:26:39.423,1789165599.423776,-970,26,114
2026-09-11 19:26:39.443,1789165599.443776,-972,23,112
2026-09-11 19:26:39.463,1789165599.4637759,-974,21,107
2026-09-11 19:26:39.483,1789165599.4837759,-973,25,96
2026-09-11 19:26:39.503,1789165599.5037758,-970,31,97
2026-09-11 19:26:39.523,1789165599.5237758,-970,34,92
2026-09-11 19:26:39.543,1789165599.5437758,-968,29,89
2026-09-11 19:26:39.563,1789165599.5637758,-971,26,87
2026-09-11 19:26:39.583,1789165599.5837758,-974,23,86
2026-09-11 19:26:39.603,1789165599.6037757,-974,23,86
2026-09-11 19:26:39.623,1789165599.623776,-972,26,84
2026-09-11 19:26:39.643,1789165599.643776,-971,28,77
2026-09-11 19:26:39.663,1789165599.663776,-969,29,72
2026-09-11 19:26:39.683,1789165599.683776,-970,30,72
2026-09-11 19:26:39.703,1789165599.703776,-975,29,73
2026-09-11 19:26:39.723,1789165599.7237759,-973,26,77
2026-09-11 19:26:39.743,1789165599.7437758,-978,28,75
2026-09-11 19:26:39.763,1789165599.7637758,-979,27,60
2026-09-11 19:26:39.783,1789165599.7837758,-974,25,72
2026-09-11 19:26:39.803,1789165599.8037758,-969,25,83
2026-09-11 19:26:39.823,1789165599.8237758,-983,28,60
2026-09-11 19:26:39.843,1789165599.8437757,-971,27,49
2026-09-11 19:26:39.863,1789165599.8637757,-970,24,66
2026-09-11 19:26:39.883,1789165599.883776,-974,27,74
2026-09-11 19:26:39.903,1789165599.903776,-977,29,75
2026-09-11 19:26:39.923,1789165599.923776,-978,23,69
2026-09-11 19:26:39.943,1789165599.943776,-974,22,63
2026-09-11 19:26:39.951,1789165599.9510002,-970,26,63
2026-09-11 19:26:39.971,1789165599.9710002,-969,25,65
2026-09-11 19:26:39.991,1789165599.9910002,-970,24,66
2026-09-11 19:26:40.011,1789165600.0110002,-971,24,63
2026-09-11 19:26:40.031,1789165600.0310001,-972,25,69
2026-09-11 19:26:40.051,1789165600.051,-975,23,62
2026-09-11 19:26:40.071,1789165600.071,-975,19,63
2026-09-11 19:26:40.091,1789165600.0910003,-974,24,64
2026-09-11 19:26:40.111,1789165600.1110003,-975,27,67
2026-09-11 19:26:40.131,1789165600.1310003,-976,23,69
2026-09-11 19:26:40.151,1789165600.1510003,-976,20,66
2026-09-11 19:26:40.171,1789165600.1710002,-975,22,65
2026-09-11 19:26:40.191,1789165600.1910002,-972,24,61
2026-09-11 19:26:40.211,1789165600.2110002,-971,24,60
2026-09-11 19:26:40.231,1789165600.2310002,-972,23,60
2026-09-11 19:26:40.251,1789165600.2510002,-972,21,62
2026-09-11 19:26:40.271,1789165600.2710001,-973,23,64
2026-09-11 19:26:40.291,1789165600.2910001,-974,24,64
2026-09-11 19:26:40.311,1789165600.311,-974,24,60
2026-09-11 19:26:40.331,1789165600.3310003,-975,23,58
2026-09-11 19:26:40.351,1789165600.3510003,-975,23,61
2026-09-11 19:26:40.371,1789165600.3710003,-973,22,62
2026-09-11 19:26:40.391,1789165600.3910003,-975,23,70
2026-09-11 19:26:40.411,1789165600.4110003,-983,26,55
2026-09-11 19:26:40.431,1789165600.4310002,-971,22,51
2026-09-11 19:26:40.451,1789165600.4510002,-966,23,66
2026-09-11 19:26:40.471,1789165600.4710002,-973,21,63
2026-09-11 19:26:40.491,1789165600.4910002,-976,24,43
2026-09-11 19:26:40.511,1789165600.5110002,-968,22,59
2026-09-11 19:26:40.531,1789165600.5310001,-977,24,64
2026-09-11 19:26:40.551,1789165600.551,-978,26,65
2026-09-11 19:26:40.571,1789165600.571,-978,23,65
2026-09-11 19:26:40.591,1789165600.5910003,-979,23,62
2026-09-11 19:26:40.611,1789165600.6110003,-975,25,57
2026-09-11 19:26:40.631,1789165600.6310003,-972,26,59
2026-09-11 19:26:40.651,1789165600.6510003,-968,25,59
2026-09-11 19:26:40.658,1789165600.6582854,-970,24,63
2026-09-11 19:26:40.678,1789165600.6782854,-970,23,67
2026-09-11 19:26:40.698,1789165600.6982853,-975,27,60
2026-09-11 19:26:40.718,1789165600.7182853,-974,23,56
2026-09-11 19:26:40.738,1789165600.7382853,-975,22,60
2026-09-11 19:26:40.758,1789165600.7582853,-974,26,59
2026-09-11 19:26:40.778,1789165600.7782853,-976,25,65
2026-09-11 19:26:40.798,1789165600.7982855,-978,21,64
2026-09-11 19:26:40.818,1789165600.8182855,-977,21,61
2026-09-11 19:26:40.838,1789165600.8382854,-974,23,58
2026-09-11 19:26:40.858,1789165600.8582854,-972,22,58
2026-09-11 19:26:40.878,1789165600.8782854,-971,22,57
2026-09-11 19:26:40.898,1789165600.8982854,-974,23,61
2026-09-11 19:26:40.918,1789165600.9182854,-973,21,63
2026-09-11 19:26:40.938,1789165600.9382854,-974,23,60
2026-09-11 19:26:40.958,1789165600.9582853,-973,25,56
2026-09-11 19:26:40.978,1789165600.9782853,-974,25,56
2026-09-11 19:26:40.998,1789165600.9982853,-975,21,57
2026-09-11 19:26:41.018,1789165601.0182853,-975,23,57
2026-09-11 19:26:41.038,1789165601.0382855,-975,22,68
2026-09-11 19:26:41.058,1789165601.0582855,-982,24,49
2026-09-11 19:26:41.078,1789165601.0782855,-970,22,52
2026-09-11 19:26:41.098,1789165601.0982854,-966,22,69
2026-09-11 19:26:41.118,1789165601.1182854,-977,21,61
2026-09-11 19:26:41.138,1789165601.1382854,-974,24,36
2026-09-11 19:26:41.158,1789165601.1582854,-966,22,54
2026-09-11 19:26:41.178,1789165601.1782854,-975,27,64
2026-09-11 19:26:41.198,1789165601.1982853,-979,24,68
2026-09-11 19:26:41.218,1789165601.2182853,-981,19,63
2026-09-11 19:26:41.238,1789165601.2382853,-976,21,58
2026-09-11 19:26:41.258,1789165601.2582853,-973,25,58
2026-09-11 19:26:41.278,1789165601.2782853,-971,25,62
2026-09-11 19:26:41.298,1789165601.2982855,-972,22,65
2026-09-11 19:26:41.318,1789165601.3182855,-972,22,63
2026-09-11 19:26:41.338,1789165601.3382854,-970,21,63
2026-09-11 19:26:41.358,1789165601.3582854,-975,25,61
2026-09-11 19:26:41.365,1789165601.3654788,-975,22,56
2026-09-11 19:26:41.385,1789165601.3854787,-973,20,59
2026-09-11 19:26:41.405,1789165601.4054787,-974,23,61
2026-09-11 19:26:41.425,1789165601.4254787,-976,25,66
2026-09-11 19:26:41.445,1789165601.4454787,-977,22,66
2026-09-11 19:26:41.465,1789165601.4654787,-977,20,65
2026-09-11 19:26:41.485,1789165601.4854786,-974,23,57
2026-09-11 19:26:41.505,1789165601.5054789,-973,23,57
2026-09-11 19:26:41.525,1789165601.5254788,-973,23,59
2026-09-11 19:26:41.545,1789165601.5454788,-973,24,61
2026-09-11 19:26:41.565,1789165601.5654788,-977,23,75
2026-09-11 19:26:41.585,1789165601.5854788,-982,24,75
2026-09-11 19:26:41.605,1789165601.6054788,-980,27,68
2026-09-11 19:26:41.625,1789165601.6254787,-977,28,60
2026-09-11 19:26:41.645,1789165601.6454787,-976,24,55
2026-09-11 19:26:41.665,1789165601.6654787,-971,24,52
2026-09-11 19:26:41.685,1789165601.6854787,-973,25,65
2026-09-11 19:26:41.705,1789165601.7054787,-982,24,57
2026-09-11 19:26:41.725,1789165601.7254786,-975,19,64
2026-09-11 19:26:41.745,1789165601.7454789,-964,20,72
2026-09-11 19:26:41.765,1789165601.7654788,-974,22,71
2026-09-11 19:26:41.785,1789165601.7854788,-973,22,50
2026-09-11 19:26:41.805,1789165601.8054788,-964,18,64
2026-09-11 19:26:41.825,1789165601.8254788,-972,22,71
2026-09-11 19:26:41.845,1789165601.8454788,-976,27,73
2026-09-11 19:26:41.865,1789165601.8654788,-977,22,70
2026-09-11 19:26:41.885,1789165601.8854787,-975,20,66
2026-09-11 19:26:41.905,1789165601.9054787,-970,23,64
2026-09-11 19:26:41.925,1789165601.9254787,-969,24,65
2026-09-11 19:26:41.945,1789165601.9454787,-971,23,67
2026-09-11 19:26:41.965,1789165601.9654787,-970,21,67
2026-09-11 19:26:41.985,1789165601.9854786,-970,21,66
2026-09-11 19:26:42.005,1789165602.0054789,-970,25,68
2026-09-11 19:26:42.025,1789165602.0254788,-974,23,57
2026-09-11 19:26:42.045,1789165602.0454788,-970,19,67
2026-09-11 19:26:42.065,1789165602.0654788,-976,23,67
2026-09-11 19:26:42.072,1789165602.0729473,-976,28,67
2026-09-11 19:26:42.092,1789165602.0929472,-975,22,70
2026-09-11 19:26:42.112,1789165602.1129472,-975,20,69
2026-09-11 19:26:42.132,1789165602.1329472,-974,22,66
2026-09-11 19:26:42.152,1789165602.1529472,-973,23,66
2026-09-11 19:26:42.172,1789165602.1729472,-974,23,59
2026-09-11 19:26:42.192,1789165602.1929471,-972,23,63
2026-09-11 19:26:42.212,1789165602.2129474,-973,22,67
2026-09-11 19:26:42.232,1789165602.2329473,-974,22,69
2026-09-11 19:26:42.252,1789165602.2529473,-977,24,66
2026-09-11 19:26:42.272,1789165602.2729473,-975,23,62
2026-09-11 19:26:42.292,1789165602.2929473,-977,23,60
2026-09-11 19:26:42.312,1789165602.3129473,-971,20,68
2026-09-11 19:26:42.332,1789165602.3329473,-981,21,68
2026-09-11 19:26:42.352,1789165602.3529472,-980,21,49
2026-09-11 19:26:42.372,1789165602.3729472,-968,20,63
2026-09-11 19:26:42.392,1789165602.3929472,-964,20,87
2026-09-11 19:26:42.412,1789165602.4129472,-983,25,61
2026-09-11 19:26:42.432,1789165602.4329472,-974,25,50
2026-09-11 19:26:42.452,1789165602.4529474,-968,17,65
2026-09-11 19:26:42.472,1789165602.4729474,-974,23,71
2026-09-11 19:26:42.492,1789165602.4929473,-978,21,70
2026-09-11 19:26:42.512,1789165602.5129473,-980,21,72
2026-09-11 19:26:42.532,1789165602.5329473,-977,23,69
2026-09-11 19:26:42.552,1789165602.5529473,-971,29,70
2026-09-11 19:26:42.572,1789165602.5729473,-973,27,70
2026-09-11 19:26:42.592,1789165602.5929472,-973,26,70
2026-09-11 19:26:42.612,1789165602.6129472,-974,24,64
2026-09-11 19:26:42.632,1789165602.6329472,-970,22,71
2026-09-11 19:26:42.652,1789165602.6529472,-976,23,59
2026-09-11 19:26:42.672,1789165602.6729472,-971,18,60
2026-09-11 19:26:42.692,1789165602.6929471,-972,15,70
2026-09-11 19:26:42.712,1789165602.7129474,-977,19,63
2026-09-11 19:26:42.732,1789165602.7329473,-974,19,72
2026-09-11 19:26:42.752,1789165602.7529473,-977,17,70
2026-09-11 19:26:42.772,1789165602.7729473,-976,20,67
2026-09-11 19:26:42.780,1789165602.7804766,-975,20,64
2026-09-11 19:26:42.800,1789165602.8004766,-972,23,64
2026-09-11 19:26:42.820,1789165602.8204765,-974,20,67
2026-09-11 19:26:42.840,1789165602.8404765,-976,21,71
2026-09-11 19:26:42.860,1789165602.8604765,-976,22,70
2026-09-11 19:26:42.880,1789165602.8804765,-977,23,71
2026-09-11 19:26:42.900,1789165602.9004765,-974,23,67
2026-09-11 19:26:42.920,1789165602.9204767,-974,23,69
2026-09-11 19:26:42.940,1789165602.9404767,-970,25,73
2026-09-11 19:26:42.960,1789165602.9604766,-975,23,78
2026-09-11 19:26:42.980,1789165602.9804766,-980,21,49
2026-09-11 19:26:43.000,1789165603.0004766,-967,20,72
2026-09-11 19:26:43.020,1789165603.0204766,-969,19,84
2026-09-11 19:26:43.040,1789165603.0404766,-981,22,72
2026-09-11 19:26:43.060,1789165603.0604765,-976,25,47
2026-09-11 19:26:43.080,1789165603.0804765,-966,20,62
2026-09-11 19:26:43.100,1789165603.1004765,-972,24,74
2026-09-11 19:26:43.120,1789165603.1204765,-980,23,76
2026-09-11 19:26:43.140,1789165603.1404765,-980,19,74
2026-09-11 19:26:43.160,1789165603.1604767,-977,23,67
2026-09-11 19:26:43.180,1789165603.1804767,-971,27,66
2026-09-11 19:26:43.200,1789165603.2004766,-970,25,69
2026-09-11 19:26:43.220,1789165603.2204766,-972,24,70
2026-09-11 19:26:43.240,1789165603.2404766,-973,25,69
2026-09-11 19:26:43.260,1789165603.2604766,-972,23,71
2026-09-11 19:26:43.280,1789165603.2804766,-977,27,63
2026-09-11 19:26:43.300,1789165603.3004766,-973,22,61
2026-09-11 19:26:43.320,1789165603.3204765,-973,21,68
2026-09-11 19:26:43.340,1789165603.3404765,-979,28,66
2026-09-11 19:26:43.360,1789165603.3604765,-974,25,70
2026-09-11 19:26:43.380,1789165603.3804765,-976,21,72
2026-09-11 19:26:43.400,1789165603.4004765,-976,20,68
2026-09-11 19:26:43.420,1789165603.4204767,-973,22,62
2026-09-11 19:26:43.440,1789165603.4404767,-971,22,64
2026-09-11 19:26:43.460,1789165603.4604766,-972,22,65
2026-09-11 19:26:43.480,1789165603.4804766,-972,22,67
2026-09-11 19:26:43.488,1789165603.4880364,-972,22,69
2026-09-11 19:26:43.508,1789165603.5080364,-974,23,66
2026-09-11 19:26:43.528,1789165603.5280364,-974,25,65
2026-09-11 19:26:43.548,1789165603.5480363,-976,25,66
2026-09-11 19:26:43.568,1789165603.5680363,-977,24,65
2026-09-11 19:26:43.588,1789165603.5880363,-970,22,72
2026-09-11 19:26:43.608,1789165603.6080363,-981,24,66
2026-09-11 19:26:43.628,1789165603.6280365,-975,23,48
2026-09-11 19:26:43.648,1789165603.6480365,-969,21,72
2026-09-11 19:26:43.668,1789165603.6680365,-967,18,87
2026-09-11 19:26:43.688,1789165603.6880364,-983,23,62
2026-09-11 19:26:43.708,1789165603.7080364,-972,24,46
2026-09-11 19:26:43.728,1789165603.7280364,-969,20,67
2026-09-11 19:26:43.748,1789165603.7480364,-977,25,75
2026-09-11 19:26:43.768,1789165603.7680364,-981,20,76
2026-09-11 19:26:43.788,1789165603.7880363,-980,19,72
2026-09-11 19:26:43.808,1789165603.8080363,-977,22,65
2026-09-11 19:26:43.828,1789165603.8280363,-971,24,67
2026-09-11 19:26:43.848,1789165603.8480363,-971,23,67
2026-09-11 19:26:43.868,1789165603.8680365,-973,22,69
2026-09-11 19:26:43.888,1789165603.8880365,-971,21,65
2026-09-11 19:26:43.908,1789165603.9080365,-966,25,77
2026-09-11 19:26:43.928,1789165603.9280365,-978,23,59
2026-09-11 19:26:43.948,1789165603.9480364,-971,17,69
2026-09-11 19:26:43.968,1789165603.9680364,-976,20,66
2026-09-11 19:26:43.988,1789165603.9880364,-978,24,69
2026-09-11 19:26:44.008,1789165604.0080364,-977,21,75
2026-09-11 19:26:44.028,1789165604.0280364,-980,21,71
2026-09-11 19:26:44.048,1789165604.0480363,-976,21,68
2026-09-11 19:26:44.068,1789165604.0680363,-974,22,65
2026-09-11 19:26:44.088,1789165604.0880363,-971,22,64
2026-09-11 19:26:44.108,1789165604.1080363,-970,22,68
2026-09-11 19:26:44.128,1789165604.1280365,-970,23,68
2026-09-11 19:26:44.148,1789165604.1480365,-971,21,71
2026-09-11 19:26:44.168,1789165604.1680365,-974,21,72
2026-09-11 19:26:44.188,1789165604.1880364,-976,20,72
2026-09-11 19:26:44.195,1789165604.195535,-976,23,67
2026-09-11 19:26:44.215,1789165604.215535,-975,23,67
2026-09-11 19:26:44.235,1789165604.235535,-976,22,67
2026-09-11 19:26:44.255,1789165604.255535,-971,21,75
2026-09-11 19:26:44.275,1789165604.2755349,-983,24,65
2026-09-11 19:26:44.295,1789165604.2955348,-975,22,51
2026-09-11 19:26:44.315,1789165604.3155348,-969,21,70
2026-09-11 19:26:44.335,1789165604.335535,-965,19,91
2026-09-11 19:26:44.355,1789165604.355535,-985,23,55
2026-09-11 19:26:44.375,1789165604.375535,-970,24,48
2026-09-11 19:26:44.395,1789165604.395535,-967,20,71
2026-09-11 19:26:44.415,1789165604.415535,-976,27,74
2026-09-11 19:26:44.435,1789165604.435535,-980,22,76
2026-09-11 19:26:44.455,1789165604.455535,-981,19,71
2026-09-11 19:26:44.475,1789165604.475535,-976,24,62
2026-09-11 19:26:44.495,1789165604.495535,-969,26,63
2026-09-11 19:26:44.515,1789165604.5155349,-970,24,68
2026-09-11 19:26:44.535,1789165604.5355349,-972,22,72
2026-09-11 19:26:44.555,1789165604.5555348,-974,20,71
2026-09-11 19:26:44.575,1789165604.575535,-973,23,75
2026-09-11 19:26:44.595,1789165604.595535,-977,22,56
2026-09-11 19:26:44.615,1789165604.615535,-969,18,68
2026-09-11 19:26:44.635,1789165604.635535,-977,23,70
2026-09-11 19:26:44.655,1789165604.655535,-977,24,69
2026-09-11 19:26:44.675,1789165604.675535,-976,20,73
2026-09-11 19:26:44.695,1789165604.695535,-979,20,70
2026-09-11 19:26:44.715,1789165604.715535,-975,22,65
2026-09-11 19:26:44.735,1789165604.735535,-972,22,64
2026-09-11 19:26:44.755,1789165604.755535,-972,20,65
2026-09-11 19:26:44.775,1789165604.7755349,-972,21,64
2026-09-11 19:26:44.795,1789165604.7955348,-972,23,65
2026-09-11 19:26:44.815,1789165604.8155348,-971,23,68
2026-09-11 19:26:44.835,1789165604.835535,-974,22,70
2026-09-11 19:26:44.855,1789165604.855535,-977,21,72
2026-09-11 19:26:44.875,1789165604.875535,-978,23,69
2026-09-11 19:26:44.895,1789165604.895535,-977,23,66
2026-09-11 19:26:44.903,1789165604.903217,-975,21,63
2026-09-11 19:26:44.923,1789165604.923217,-968,20,67
2026-09-11 19:26:44.943,1789165604.943217,-974,23,70
2026-09-11 19:26:44.963,1789165604.963217,-976,23,51
2026-09-11 19:26:44.983,1789165604.983217,-968,21,69
2026-09-11 19:26:45.003,1789165605.003217,-967,19,79
2026-09-11 19:26:45.023,1789165605.023217,-978,21,70
2026-09-11 19:26:45.043,1789165605.0432172,-976,25,42
2026-09-11 19:26:45.063,1789165605.0632172,-968,21,67
2026-09-11 19:26:45.083,1789165605.0832171,-978,26,78
2026-09-11 19:26:45.103,1789165605.1032171,-982,24,74
2026-09-11 19:26:45.123,1789165605.123217,-977,19,70
2026-09-11 19:26:45.143,1789165605.143217,-975,20,62
2026-09-11 19:26:45.163,1789165605.163217,-970,23,65
2026-09-11 19:26:45.183,1789165605.183217,-969,24,68
2026-09-11 19:26:45.203,1789165605.203217,-972,21,71
2026-09-11 19:26:45.223,1789165605.223217,-972,20,66
2026-09-11 19:26:45.243,1789165605.243217,-972,20,76
2026-09-11 19:26:45.263,1789165605.263217,-976,23,58
2026-09-11 19:26:45.283,1789165605.2832172,-971,19,58
2026-09-11 19:26:45.303,1789165605.3032172,-971,21,66
2026-09-11 19:26:45.323,1789165605.3232172,-976,26,64
2026-09-11 19:26:45.343,1789165605.3432171,-975,20,71
2026-09-11 19:26:45.363,1789165605.363217,-977,20,74
2026-09-11 19:26:45.383,1789165605.383217,-976,22,70
2026-09-11 19:26:45.403,1789165605.403217,-974,23,64
2026-09-11 19:26:45.423,1789165605.423217,-973,22,64
2026-09-11 19:26:45.443,1789165605.443217,-972,20,60
2026-09-11 19:26:45.463,1789165605.463217,-970,21,67
2026-09-11 19:26:45.483,1789165605.483217,-973,23,70
2026-09-11 19:26:45.503,1789165605.503217,-976,23,69
2026-09-11 19:26:45.523,1789165605.523217,-976,23,68
2026-09-11 19:26:45.543,1789165605.5432172,-974,23,61
2026-09-11 19:26:45.563,1789165605.5632172,-972,23,63
2026-09-11 19:26:45.583,1789165605.5832171,-976,21,62
2026-09-11 19:26:45.603,1789165605.6032171,-974,20,64
2026-09-11 19:26:45.610,1789165605.6105938,-976,22,70
2026-09-11 19:26:45.630,1789165605.6305938,-977,24,49
2026-09-11 19:26:45.650,1789165605.6505938,-969,21,62
2026-09-11 19:26:45.670,1789165605.6705937,-969,20,75
2026-09-11 19:26:45.690,1789165605.6905937,-979,19,78
2026-09-11 19:26:45.710,1789165605.7105937,-981,24,45
2026-09-11 19:26:45.730,1789165605.7305937,-969,21,53
2026-09-11 19:26:45.750,1789165605.750594,-972,25,69
2026-09-11 19:26:45.770,1789165605.770594,-977,25,71
2026-09-11 19:26:45.790,1789165605.7905939,-979,18,74
2026-09-11 19:26:45.810,1789165605.8105938,-979,20,67
2026-09-11 19:26:45.830,1789165605.8305938,-973,23,64
2026-09-11 19:26:45.850,1789165605.8505938,-971,24,64
2026-09-11 19:26:45.870,1789165605.8705938,-972,22,66
2026-09-11 19:26:45.890,1789165605.8905938,-971,20,65
2026-09-11 19:26:45.910,1789165605.9105937,-972,20,70
2026-09-11 19:26:45.930,1789165605.9305937,-976,25,57
2026-09-11 19:26:45.950,1789165605.9505937,-972,20,56
2026-09-11 19:26:45.970,1789165605.9705937,-971,18,67
2026-09-11 19:26:45.990,1789165605.990594,-975,24,65
2026-09-11 19:26:46.010,1789165606.010594,-980,23,68
2026-09-11 19:26:46.030,1789165606.0305939,-980,21,67
2026-09-11 19:26:46.050,1789165606.0505939,-979,21,62
2026-09-11 19:26:46.070,1789165606.0705938,-974,22,59
2026-09-11 19:26:46.090,1789165606.0905938,-972,23,61
2026-09-11 19:26:46.110,1789165606.1105938,-974,22,64
2026-09-11 19:26:46.130,1789165606.1305938,-974,23,62
2026-09-11 19:26:46.150,1789165606.1505938,-973,24,64
2026-09-11 19:26:46.170,1789165606.1705937,-974,23,64
2026-09-11 19:26:46.190,1789165606.1905937,-973,23,61
2026-09-11 19:26:46.210,1789165606.2105937,-973,22,67
2026-09-11 19:26:46.230,1789165606.2305937,-975,21,64
2026-09-11 19:26:46.250,1789165606.250594,-973,21,68
2026-09-11 19:26:46.270,1789165606.270594,-979,22,68
2026-09-11 19:26:46.290,1789165606.2905939,-978,22,53
2026-09-11 19:26:46.310,1789165606.3105938,-969,20,72
2026-09-11 19:26:46.318,1789165606.3182147,-971,18,79
2026-09-11 19:26:46.338,1789165606.3382146,-980,19,81
2026-09-11 19:26:46.358,1789165606.3582146,-982,24,45
2026-09-11 19:26:46.378,1789165606.3782146,-965,19,62
2026-09-11 19:26:46.398,1789165606.3982146,-971,23,74
2026-09-11 19:26:46.418,1789165606.4182146,-978,23,73
2026-09-11 19:26:46.438,1789165606.4382145,-977,18,74
2026-09-11 19:26:46.458,1789165606.4582148,-978,18,69
2026-09-11 19:26:46.478,1789165606.4782147,-972,21,67
2026-09-11 19:26:46.498,1789165606.4982147,-969,24,67
2026-09-11 19:26:46.518,1789165606.5182147,-971,20,67
2026-09-11 19:26:46.538,1789165606.5382147,-972,19,67
2026-09-11 19:26:46.558,1789165606.5582147,-972,21,74
2026-09-11 19:26:46.578,1789165606.5782146,-978,24,60
2026-09-11 19:26:46.598,1789165606.5982146,-973,20,59
2026-09-11 19:26:46.618,1789165606.6182146,-972,20,65
2026-09-11 19:26:46.638,1789165606.6382146,-978,25,65
2026-09-11 19:26:46.658,1789165606.6582146,-976,21,67
2026-09-11 19:26:46.678,1789165606.6782146,-977,19,67
2026-09-11 19:26:46.698,1789165606.6982148,-974,21,63
2026-09-11 19:26:46.718,1789165606.7182148,-972,23,61
2026-09-11 19:26:46.738,1789165606.7382147,-971,22,66
2026-09-11 19:26:46.758,1789165606.7582147,-974,19,65
2026-09-11 19:26:46.778,1789165606.7782147,-974,20,64
2026-09-11 19:26:46.798,1789165606.7982147,-973,22,63
2026-09-11 19:26:46.818,1789165606.8182147,-975,24,64
2026-09-11 19:26:46.838,1789165606.8382146,-974,23,65
2026-09-11 19:26:46.858,1789165606.8582146,-974,21,64
2026-09-11 19:26:46.878,1789165606.8782146,-976,20,74
2026-09-11 19:26:46.898,1789165606.8982146,-983,24,53
2026-09-11 19:26:46.918,1789165606.9182146,-972,19,57
2026-09-11 19:26:46.938,1789165606.9382145,-970,21,67
2026-09-11 19:26:46.958,1789165606.9582148,-970,19,80
2026-09-11 19:26:46.978,1789165606.9782147,-982,24,46
2026-09-11 19:26:46.998,1789165606.9982147,-966,22,51
2026-09-11 19:26:47.018,1789165607.0182147,-970,20,69
2026-09-11 19:26:47.025,1789165607.0255303,-978,27,70
2026-09-11 19:26:47.045,1789165607.0455303,-978,21,70
2026-09-11 19:26:47.065,1789165607.0655303,-977,20,67
2026-09-11 19:26:47.085,1789165607.0855303,-974,23,62
2026-09-11 19:26:47.105,1789165607.1055303,-971,23,62
2026-09-11 19:26:47.125,1789165607.1255302,-970,22,65
2026-09-11 19:26:47.145,1789165607.1455302,-971,20,64
2026-09-11 19:26:47.165,1789165607.1655304,-971,21,70
2026-09-11 19:26:47.185,1789165607.1855304,-975,23,61
2026-09-11 19:26:47.205,1789165607.2055304,-975,21,56
2026-09-11 19:26:47.225,1789165607.2255304,-970,19,68
2026-09-11 19:26:47.245,1789165607.2455304,-978,24,65
2026-09-11 19:26:47.265,1789165607.2655303,-976,23,67
2026-09-11 19:26:47.285,1789165607.2855303,-974,19,66
2026-09-11 19:26:47.305,1789165607.3055303,-976,20,66
2026-09-11 19:26:47.325,1789165607.3255303,-973,22,64
2026-09-11 19:26:47.345,1789165607.3455303,-972,21,64
2026-09-11 19:26:47.365,1789165607.3655303,-973,21,65
2026-09-11 19:26:47.385,1789165607.3855302,-973,21,62
2026-09-11 19:26:47.405,1789165607.4055305,-973,22,62
2026-09-11 19:26:47.425,1789165607.4255304,-972,23,63
2026-09-11 19:26:47.445,1789165607.4455304,-973,22,64
2026-09-11 19:26:47.465,1789165607.4655304,-972,20,71
2026-09-11 19:26:47.485,1789165607.4855304,-982,23,71
2026-09-11 19:26:47.505,1789165607.5055304,-982,22,50
2026-09-11 19:26:47.525,1789165607.5255303,-970,20,62
2026-09-11 19:26:47.545,1789165607.5455303,-967,19,78
2026-09-11 19:26:47.565,1789165607.5655303,-979,20,69
2026-09-11 19:26:47.585,1789165607.5855303,-976,24,43
2026-09-11 19:26:47.605,1789165607.6055303,-966,18,63
2026-09-11 19:26:47.625,1789165607.6255302,-975,25,71
2026-09-11 19:26:47.645,1789165607.6455302,-977,25,71
2026-09-11 19:26:47.665,1789165607.6655304,-976,20,69
2026-09-11 19:26:47.685,1789165607.6855304,-976,21,63
2026-09-11 19:26:47.705,1789165607.7055304,-972,22,61
2026-09-11 19:26:47.725,1789165607.7255304,-970,23,64
2026-09-11 19:26:47.732,1789165607.7329376,-969,19,65
2026-09-11 19:26:47.752,1789165607.7529376,-974,19,65
2026-09-11 19:26:47.772,1789165607.7729375,-972,22,73
2026-09-11 19:26:47.792,1789165607.7929375,-978,21,57
2026-09-11 19:26:47.812,1789165607.8129375,-972,20,62
2026-09-11 19:26:47.832,1789165607.8329375,-973,22,64
2026-09-11 19:26:47.852,1789165607.8529375,-977,24,66
2026-09-11 19:26:47.872,1789165607.8729377,-975,20,69
2026-09-11 19:26:47.892,1789165607.8929377,-978,19,66
2026-09-11 19:26:47.912,1789165607.9129376,-974,22,62
2026-09-11 19:26:47.932,1789165607.9329376,-971,26,61
2026-09-11 19:26:47.952,1789165607.9529376,-971,21,64
2026-09-11 19:26:47.972,1789165607.9729376,-974,18,62
2026-09-11 19:26:47.992,1789165607.9929376,-974,20,66
2026-09-11 19:26:48.012,1789165608.0129375,-974,21,63
2026-09-11 19:26:48.032,1789165608.0329375,-974,21,63
2026-09-11 19:26:48.052,1789165608.0529375,-974,22,65
2026-09-11 19:26:48.072,1789165608.0729375,-979,22,69
2026-09-11 19:26:48.092,1789165608.0929375,-982,25,47
2026-09-11 19:26:48.112,1789165608.1129377,-970,22,62
2026-09-11 19:26:48.132,1789165608.1329377,-967,19,74
2026-09-11 19:26:48.152,1789165608.1529377,-978,19,73
2026-09-11 19:26:48.172,1789165608.1729376,-979,24,41
2026-09-11 19:26:48.192,1789165608.1929376,-962,18,58
2026-09-11 19:26:48.212,1789165608.2129376,-974,21,70
2026-09-11 19:26:48.232,1789165608.2329376,-979,24,70
2026-09-11 19:26:48.252,1789165608.2529376,-977,19,71
2026-09-11 19:26:48.272,1789165608.2729375,-977,21,63
2026-09-11 19:26:48.292,1789165608.2929375,-973,22,61
2026-09-11 19:26:48.312,1789165608.3129375,-970,23,66
2026-09-11 19:26:48.332,1789165608.3329375,-971,21,66
2026-09-11 19:26:48.352,1789165608.3529375,-973,20,65
2026-09-11 19:26:48.372,1789165608.3729377,-972,19,73
2026-09-11 19:26:48.392,1789165608.3929377,-977,22,59
2026-09-11 19:26:48.412,1789165608.4129376,-971,19,63
2026-09-11 19:26:48.432,1789165608.4329376,-975,22,68
2026-09-11 19:26:48.440,1789165608.440253,-978,23,68
2026-09-11 19:26:48.460,1789165608.460253,-976,19,68
2026-09-11 19:26:48.480,1789165608.480253,-976,18,67
2026-09-11 19:26:48.500,1789165608.500253,-974,19,66
2026-09-11 19:26:48.520,1789165608.520253,-973,22,67
2026-09-11 19:26:48.540,1789165608.540253,-975,20,65
2026-09-11 19:26:48.560,1789165608.560253,-974,20,63
2026-09-11 19:26:48.580,1789165608.5802531,-972,23,60
2026-09-11 19:26:48.600,1789165608.600253,-970,23,60
2026-09-11 19:26:48.620,1789165608.620253,-973,22,64
2026-09-11 19:26:48.640,1789165608.640253,-974,22,68
2026-09-11 19:26:48.660,1789165608.660253,-978,22,72
2026-09-11 19:26:48.680,1789165608.680253,-981,24,49
2026-09-11 19:26:48.700,1789165608.700253,-970,20,61
2026-09-11 19:26:48.720,1789165608.720253,-968,17,74
2026-09-11 19:26:48.740,1789165608.740253,-980,17,70
2026-09-11 19:26:48.760,1789165608.760253,-977,22,39
2026-09-11 19:26:48.780,1789165608.780253,-962,20,60
2026-09-11 19:26:48.800,1789165608.800253,-973,24,71
2026-09-11 19:26:48.820,1789165608.8202531,-979,26,69
2026-09-11 19:26:48.840,1789165608.840253,-978,21,67
2026-09-11 19:26:48.860,1789165608.860253,-976,20,62
2026-09-11 19:26:48.880,1789165608.880253,-971,22,59
2026-09-11 19:26:48.900,1789165608.900253,-970,21,65
2026-09-11 19:26:48.920,1789165608.920253,-972,18,67
2026-09-11 19:26:48.940,1789165608.940253,-974,17,66
2026-09-11 19:26:48.960,1789165608.960253,-972,21,72
2026-09-11 19:26:48.980,1789165608.980253,-976,23,57
2026-09-11 19:26:49.000,1789165609.000253,-970,20,64
2026-09-11 19:26:49.020,1789165609.020253,-974,22,68
2026-09-11 19:26:49.040,1789165609.040253,-978,25,66
2026-09-11 19:26:49.060,1789165609.060253,-975,21,67
2026-09-11 19:26:49.080,1789165609.0802531,-977,20,66
2026-09-11 19:26:49.100,1789165609.100253,-974,20,64
2026-09-11 19:26:49.120,1789165609.120253,-972,21,64
2026-09-11 19:26:49.140,1789165609.140253,-972,20,66
2026-09-11 19:26:49.147,1789165609.1472332,-974,17,64
2026-09-11 19:26:49.167,1789165609.1672332,-974,20,61
2026-09-11 19:26:49.187,1789165609.1872332,-970,23,61
2026-09-11 19:26:49.207,1789165609.2072332,-972,23,62
2026-09-11 19:26:49.227,1789165609.2272332,-973,23,69
2026-09-11 19:26:49.247,1789165609.2472332,-980,22,72
2026-09-11 19:26:49.267,1789165609.2672331,-982,23,47
2026-09-11 19:26:49.287,1789165609.2872334,-969,23,60
2026-09-11 19:26:49.307,1789165609.3072333,-967,18,74
2026-09-11 19:26:49.327,1789165609.3272333,-981,17,67
2026-09-11 19:26:49.347,1789165609.3472333,-975,25,39
2026-09-11 19:26:49.367,1789165609.3672333,-962,19,61
2026-09-11 19:26:49.387,1789165609.3872333,-975,22,71
2026-09-11 19:26:49.407,1789165609.4072332,-980,21,70
2026-09-11 19:26:49.427,1789165609.4272332,-979,20,71
2026-09-11 19:26:49.447,1789165609.4472332,-978,20,62
2026-09-11 19:26:49.467,1789165609.4672332,-971,22,61
2026-09-11 19:26:49.487,1789165609.4872332,-970,22,65
2026-09-11 19:26:49.507,1789165609.5072331,-974,20,66
2026-09-11 19:26:49.527,1789165609.5272334,-973,20,66
2026-09-11 19:26:49.547,1789165609.5472333,-971,23,73
2026-09-11 19:26:49.567,1789165609.5672333,-977,24,56
2026-09-11 19:26:49.587,1789165609.5872333,-972,19,61
2026-09-11 19:26:49.607,1789165609.6072333,-973,20,64
2026-09-11 19:26:49.627,1789165609.6272333,-978,24,65
2026-09-11 19:26:49.647,1789165609.6472332,-976,20,70
2026-09-11 19:26:49.667,1789165609.6672332,-977,20,67
2026-09-11 19:26:49.687,1789165609.6872332,-974,20,61
2026-09-11 19:26:49.707,1789165609.7072332,-971,20,63
2026-09-11 19:26:49.727,1789165609.7272332,-972,19,64
2026-09-11 19:26:49.747,1789165609.7472332,-974,21,67
2026-09-11 19:26:49.767,1789165609.7672331,-974,23,64
2026-09-11 19:26:49.787,1789165609.7872334,-972,24,63
2026-09-11 19:26:49.807,1789165609.8072333,-974,22,64
2026-09-11 19:26:49.827,1789165609.8272333,-975,21,62
2026-09-11 19:26:49.847,1789165609.8472333,-972,18,74
2026-09-11 19:26:49.854,1789165609.8545184,-985,22,51
2026-09-11 19:26:49.874,1789165609.8745184,-974,18,55
2026-09-11 19:26:49.894,1789165609.8945184,-970,16,61
2026-09-11 19:26:49.914,1789165609.9145184,-967,16,83
2026-09-11 19:26:49.934,1789165609.9345183,-986,21,45
2026-09-11 19:26:49.954,1789165609.9545183,-967,21,48
2026-09-11 19:26:49.974,1789165609.9745183,-969,21,69
2026-09-11 19:26:49.994,1789165609.9945185,-980,25,67
2026-09-11 19:26:50.014,1789165610.0145185,-977,19,67
2026-09-11 19:26:50.034,1789165610.0345185,-977,19,63
2026-09-11 19:26:50.054,1789165610.0545185,-973,20,62
2026-09-11 19:26:50.074,1789165610.0745184,-971,22,64
2026-09-11 19:26:50.094,1789165610.0945184,-973,21,64
2026-09-11 19:26:50.114,1789165610.1145184,-973,19,65
2026-09-11 19:26:50.134,1789165610.1345184,-972,19,69
2026-09-11 19:26:50.154,1789165610.1545184,-976,23,58
2026-09-11 19:26:50.174,1789165610.1745183,-974,20,54
2026-09-11 19:26:50.194,1789165610.1945183,-971,19,66
2026-09-11 19:26:50.214,1789165610.2145183,-977,24,63
2026-09-11 19:26:50.234,1789165610.2345185,-976,22,69
2026-09-11 19:26:50.254,1789165610.2545185,-978,18,69
2026-09-11 19:26:50.274,1789165610.2745185,-977,19,62
2026-09-11 19:26:50.294,1789165610.2945185,-973,22,59
2026-09-11 19:26:50.314,1789165610.3145185,-972,21,59
2026-09-11 19:26:50.334,1789165610.3345184,-972,21,64
2026-09-11 19:26:50.354,1789165610.3545184,-973,21,66
2026-09-11 19:26:50.374,1789165610.3745184,-973,22,66
2026-09-11 19:26:50.394,1789165610.3945184,-973,22,61
2026-09-11 19:26:50.414,1789165610.4145184,-973,22,63
2026-09-11 19:26:50.434,1789165610.4345183,-976,20,62
2026-09-11 19:26:50.454,1789165610.4545183,-973,19,67
2026-09-11 19:26:50.474,1789165610.4745183,-982,21,65
2026-09-11 19:26:50.494,1789165610.4945185,-979,20,47
2026-09-11 19:26:50.514,1789165610.5145185,-970,20,66
2026-09-11 19:26:50.534,1789165610.5345185,-965,19,82
2026-09-11 19:26:50.554,1789165610.5545185,-983,20,61
2026-09-11 19:26:50.561,1789165610.5616815,-974,23,39
2026-09-11 19:26:50.581,1789165610.5816815,-962,17,62
2026-09-11 19:26:50.601,1789165610.6016815,-977,23,69
2026-09-11 19:26:50.621,1789165610.6216815,-980,21,68
2026-09-11 19:26:50.641,1789165610.6416814,-980,16,69
2026-09-11 19:26:50.661,1789165610.6616814,-975,20,60
2026-09-11 19:26:50.681,1789165610.6816814,-972,24,61
2026-09-11 19:26:50.701,1789165610.7016816,-972,22,65
2026-09-11 19:26:50.721,1789165610.7216816,-973,22,65
2026-09-11 19:26:50.741,1789165610.7416816,-974,20,64
2026-09-11 19:26:50.761,1789165610.7616816,-971,23,67
2026-09-11 19:26:50.781,1789165610.7816815,-976,21,52
2026-09-11 19:26:50.801,1789165610.8016815,-972,17,63
2026-09-11 19:26:50.821,1789165610.8216815,-976,22,64
2026-09-11 19:26:50.841,1789165610.8416815,-979,22,66
2026-09-11 19:26:50.861,1789165610.8616815,-977,18,69
2026-09-11 19:26:50.881,1789165610.8816814,-977,18,64
2026-09-11 19:26:50.901,1789165610.9016814,-973,20,62
2026-09-11 19:26:50.921,1789165610.9216814,-972,23,60
2026-09-11 19:26:50.941,1789165610.9416816,-972,21,59
2026-09-11 19:26:50.961,1789165610.9616816,-973,22,62
2026-09-11 19:26:50.981,1789165610.9816816,-972,24,63
2026-09-11 19:26:51.001,1789165611.0016816,-973,22,64
2026-09-11 19:26:51.021,1789165611.0216815,-974,24,63
2026-09-11 19:26:51.041,1789165611.0416815,-974,22,62
2026-09-11 19:26:51.061,1789165611.0616815,-976,21,62
2026-09-11 19:26:51.081,1789165611.0816815,-974,21,60
2026-09-11 19:26:51.101,1789165611.1016815,-972,20,72
2026-09-11 19:26:51.121,1789165611.1216815,-981,22,49
2026-09-11 19:26:51.141,1789165611.1416814,-971,20,60
2026-09-11 19:26:51.161,1789165611.1616814,-972,18,66
2026-09-11 19:26:51.181,1789165611.1816814,-970,18,81
2026-09-11 19:26:51.201,1789165611.2016816,-982,24,37
2026-09-11 19:26:51.221,1789165611.2216816,-963,20,51
2026-09-11 19:26:51.241,1789165611.2416816,-970,22,68
2026-09-11 19:26:51.261,1789165611.2616816,-985,24,68
2026-09-11 19:26:51.268,1789165611.2689974,-986,18,73
2026-09-11 19:26:51.288,1789165611.2889974,-978,20,60
2026-09-11 19:26:51.308,1789165611.3089974,-970,24,56
2026-09-11 19:26:51.328,1789165611.3289974,-968,22,58
2026-09-11 19:26:51.348,1789165611.3489974,-972,21,63
2026-09-11 19:26:51.368,1789165611.3689973,-974,21,63
2026-09-11 19:26:51.388,1789165611.3889973,-973,21,68
2026-09-11 19:26:51.408,1789165611.4089975,-974,25,54
2026-09-11 19:26:51.428,1789165611.4289975,-971,19,53
2026-09-11 19:26:51.448,1789165611.4489975,-972,17,69
2026-09-11 19:26:51.468,1789165611.4689975,-981,23,66
2026-09-11 19:26:51.488,1789165611.4889975,-978,20,68
2026-09-11 19:26:51.508,1789165611.5089974,-977,15,66
2026-09-11 19:26:51.528,1789165611.5289974,-974,19,62
2026-09-11 19:26:51.548,1789165611.5489974,-972,22,62
2026-09-11 19:26:51.568,1789165611.5689974,-970,20,61
2026-09-11 19:26:51.588,1789165611.5889974,-972,20,61
2026-09-11 19:26:51.608,1789165611.6089973,-970,21,64
2026-09-11 19:26:51.628,1789165611.6289973,-970,22,68
2026-09-11 19:26:51.648,1789165611.6489975,-972,20,67
2026-09-11 19:26:51.668,1789165611.6689975,-977,19,65
2026-09-11 19:26:51.688,1789165611.6889975,-979,21,62
2026-09-11 19:26:51.708,1789165611.7089975,-977,23,61
2026-09-11 19:26:51.728,1789165611.7289975,-976,23,64
2026-09-11 19:26:51.748,1789165611.7489974,-975,21,59
2026-09-11 19:26:51.768,1789165611.7689974,-971,21,67
2026-09-11 19:26:51.788,1789165611.7889974,-980,26,51
2026-09-11 19:26:51.808,1789165611.8089974,-971,22,48
2026-09-11 19:26:51.828,1789165611.8289974,-970,20,63
2026-09-11 19:26:51.848,1789165611.8489974,-970,19,83
2026-09-11 19:26:51.868,1789165611.8689973,-986,26,41
2026-09-11 19:26:51.888,1789165611.8889973,-965,22,45
2026-09-11 19:26:51.908,1789165611.9089975,-971,19,67
2026-09-11 19:26:51.928,1789165611.9289975,-986,27,70
2026-09-11 19:26:51.948,1789165611.9489975,-984,22,70
2026-09-11 19:26:51.968,1789165611.9689975,-975,20,63
2026-09-11 19:26:51.976,1789165611.9767401,-968,20,63
2026-09-11 19:26:51.996,1789165611.99674,-968,20,66
2026-09-11 19:26:52.016,1789165612.01674,-974,17,71
2026-09-11 19:26:52.036,1789165612.03674,-973,18,67
2026-09-11 19:26:52.056,1789165612.05674,-969,17,71
2026-09-11 19:26:52.076,1789165612.07674,-972,17,63
2026-09-11 19:26:52.096,1789165612.09674,-977,15,59
2026-09-11 19:26:52.116,1789165612.1167402,-975,16,75
2026-09-11 19:26:52.136,1789165612.1367402,-978,25,68
2026-09-11 19:26:52.156,1789165612.1567402,-976,24,68
2026-09-11 19:26:52.176,1789165612.1767402,-976,19,68
2026-09-11 19:26:52.196,1789165612.1967402,-973,18,67
2026-09-11 19:26:52.216,1789165612.2167401,-971,23,66
2026-09-11 19:26:52.236,1789165612.23674,-972,22,64
2026-09-11 19:26:52.256,1789165612.25674,-973,22,60
2026-09-11 19:26:52.276,1789165612.27674,-971,23,62
2026-09-11 19:26:52.296,1789165612.29674,-972,22,64
2026-09-11 19:26:52.316,1789165612.31674,-973,23,65
2026-09-11 19:26:52.336,1789165612.33674,-974,23,64
2026-09-11 19:26:52.356,1789165612.3567402,-977,23,60
2026-09-11 19:26:52.376,1789165612.3767402,-976,23,59
2026-09-11 19:26:52.396,1789165612.3967402,-976,23,60
2026-09-11 19:26:52.416,1789165612.4167402,-974,21,59
2026-09-11 19:26:52.436,1789165612.4367402,-971,20,62
2026-09-11 19:26:52.456,1789165612.4567401,-975,21,65
2026-09-11 19:26:52.476,1789165612.4767401,-977,23,46
2026-09-11 19:26:52.496,1789165612.49674,-971,21,61
2026-09-11 19:26:52.516,1789165612.51674,-967,16,73
2026-09-11 19:26:52.536,1789165612.53674,-980,17,67
2026-09-11 19:26:52.556,1789165612.55674,-979,21,40
2026-09-11 19:26:52.576,1789165612.57674,-966,15,60
2026-09-11 19:26:52.596,1789165612.59674,-980,20,72
2026-09-11 19:26:52.616,1789165612.6167402,-984,19,72
2026-09-11 19:26:52.636,1789165612.6367402,-980,15,70
2026-09-11 19:26:52.656,1789165612.6567402,-976,17,61
2026-09-11 19:26:52.676,1789165612.6767402,-969,22,58
2026-09-11 19:26:52.684,1789165612.6843917,-970,21,65
2026-09-11 19:26:52.704,1789165612.7043917,-971,20,65
2026-09-11 19:26:52.724,1789165612.7243917,-971,19,68
2026-09-11 19:26:52.744,1789165612.7443917,-971,20,70
2026-09-11 19:26:52.764,1789165612.7643917,-977,23,57
2026-09-11 19:26:52.784,1789165612.7843916,-972,19,59
2026-09-11 19:26:52.804,1789165612.8043916,-973,18,69
2026-09-11 19:26:52.824,1789165612.8243918,-979,23,64
2026-09-11 19:26:52.844,1789165612.8443918,-975,20,69
2026-09-11 19:26:52.864,1789165612.8643918,-975,17,70
2026-09-11 19:26:52.884,1789165612.8843918,-975,18,67
2026-09-11 19:26:52.904,1789165612.9043918,-972,21,64
2026-09-11 19:26:52.924,1789165612.9243917,-973,21,64
2026-09-11 19:26:52.944,1789165612.9443917,-971,19,64
2026-09-11 19:26:52.964,1789165612.9643917,-972,20,65
2026-09-11 19:26:52.984,1789165612.9843917,-973,19,66
2026-09-11 19:26:53.004,1789165613.0043917,-974,20,65
2026-09-11 19:26:53.024,1789165613.0243917,-974,21,67
2026-09-11 19:26:53.044,1789165613.0443916,-975,19,66
2026-09-11 19:26:53.064,1789165613.0643919,-976,20,62
2026-09-11 19:26:53.084,1789165613.0843918,-978,20,62
2026-09-11 19:26:53.104,1789165613.1043918,-974,19,62
2026-09-11 19:26:53.124,1789165613.1243918,-972,19,59
2026-09-11 19:26:53.144,1789165613.1443918,-971,19,69
2026-09-11 19:26:53.164,1789165613.1643918,-979,21,49
2026-09-11 19:26:53.184,1789165613.1843917,-972,20,54
2026-09-11 19:26:53.204,1789165613.2043917,-968,19,66
2026-09-11 19:26:53.224,1789165613.2243917,-970,18,80
2026-09-11 19:26:53.244,1789165613.2443917,-984,24,41
2026-09-11 19:26:53.264,1789165613.2643917,-967,22,53
2026-09-11 19:26:53.284,1789165613.2843916,-974,23,72
2026-09-11 19:26:53.304,1789165613.3043916,-982,27,71
2026-09-11 19:26:53.324,1789165613.3243918,-977,17,72
2026-09-11 19:26:53.344,1789165613.3443918,-976,18,66
2026-09-11 19:26:53.364,1789165613.3643918,-971,22,65
2026-09-11 19:26:53.384,1789165613.3843918,-970,21,67
2026-09-11 19:26:53.391,1789165613.39186,-972,19,71
2026-09-11 19:26:53.411,1789165613.41186,-974,18,69
2026-09-11 19:26:53.431,1789165613.43186,-974,15,68
2026-09-11 19:26:53.451,1789165613.45186,-976,21,60
2026-09-11 19:26:53.471,1789165613.47186,-975,20,52
2026-09-11 19:26:53.491,1789165613.49186,-971,17,65
2026-09-11 19:26:53.511,1789165613.51186,-978,23,60
2026-09-11 19:26:53.531,1789165613.53186,-977,25,63
2026-09-11 19:26:53.551,1789165613.55186,-976,22,65
2026-09-11 19:26:53.571,1789165613.57186,-974,22,62
2026-09-11 19:26:53.591,1789165613.59186,-972,24,58
2026-09-11 19:26:53.611,1789165613.61186,-967,24,57
2026-09-11 19:26:53.631,1789165613.63186,-971,22,58
2026-09-11 19:26:53.651,1789165613.65186,-971,22,61
2026-09-11 19:26:53.671,1789165613.67186,-972,22,67
2026-09-11 19:26:53.691,1789165613.69186,-973,22,66
2026-09-11 19:26:53.711,1789165613.71186,-971,22,67
2026-09-11 19:26:53.731,1789165613.73186,-973,20,67
2026-09-11 19:26:53.751,1789165613.75186,-976,21,66
2026-09-11 19:26:53.771,1789165613.7718601,-977,21,68
2026-09-11 19:26:53.791,1789165613.79186,-974,21,66
2026-09-11 19:26:53.811,1789165613.81186,-977,20,65
2026-09-11 19:26:53.831,1789165613.83186,-972,20,73
2026-09-11 19:26:53.851,1789165613.85186,-982,23,63
2026-09-11 19:26:53.871,1789165613.87186,-975,20,50
2026-09-11 19:26:53.891,1789165613.89186,-971,20,71
2026-09-11 19:26:53.911,1789165613.91186,-969,18,82
2026-09-11 19:26:53.931,1789165613.93186,-984,21,51
2026-09-11 19:26:53.951,1789165613.95186,-968,22,38
2026-09-11 19:26:53.971,1789165613.97186,-965,19,62
2026-09-11 19:26:53.991,1789165613.99186,-978,26,65
2026-09-11 19:26:54.011,1789165614.01186,-980,20,70
2026-09-11 19:26:54.031,1789165614.03186,-980,17,62
2026-09-11 19:26:54.051,1789165614.05186,-974,21,56
2026-09-11 19:26:54.071,1789165614.07186,-968,22,56
2026-09-11 19:26:54.091,1789165614.09186,-971,21,62
2026-09-11 19:26:54.098,1789165614.0989923,-971,19,66
2026-09-11 19:26:54.118,1789165614.1189923,-972,18,68
2026-09-11 19:26:54.138,1789165614.1389923,-971,22,72
2026-09-11 19:26:54.158,1789165614.1589923,-976,22,55
2026-09-11 19:26:54.178,1789165614.1789923,-970,18,64
2026-09-11 19:26:54.198,1789165614.1989923,-973,21,69
2026-09-11 19:26:54.218,1789165614.2189922,-977,25,71
2026-09-11 19:26:54.238,1789165614.2389925,-976,20,73
2026-09-11 19:26:54.258,1789165614.2589924,-976,19,71
2026-09-11 19:26:54.278,1789165614.2789924,-975,21,67
2026-09-11 19:26:54.298,1789165614.2989924,-973,21,64
2026-09-11 19:26:54.318,1789165614.3189924,-974,19,64
2026-09-11 19:26:54.338,1789165614.3389924,-972,18,62
2026-09-11 19:26:54.358,1789165614.3589923,-971,21,63
2026-09-11 19:26:54.378,1789165614.3789923,-972,21,64
2026-09-11 19:26:54.398,1789165614.3989923,-973,21,66
2026-09-11 19:26:54.418,1789165614.4189923,-974,20,63
2026-09-11 19:26:54.438,1789165614.4389923,-974,21,59
2026-09-11 19:26:54.458,1789165614.4589922,-973,23,58
2026-09-11 19:26:54.478,1789165614.4789925,-974,22,57
2026-09-11 19:26:54.498,1789165614.4989924,-971,22,60
2026-09-11 19:26:54.518,1789165614.5189924,-972,22,65
2026-09-11 19:26:54.538,1789165614.5389924,-977,24,50
2026-09-11 19:26:54.558,1789165614.5589924,-968,22,63
2026-09-11 19:26:54.578,1789165614.5789924,-969,21,70
2026-09-11 19:26:54.598,1789165614.5989923,-977,19,79
2026-09-11 19:26:54.618,1789165614.6189923,-982,23,41
2026-09-11 19:26:54.638,1789165614.6389923,-964,20,56
2026-09-11 19:26:54.658,1789165614.6589923,-973,22,73
2026-09-11 19:26:54.678,1789165614.6789923,-983,25,74
2026-09-11 19:26:54.698,1789165614.6989923,-981,18,74
2026-09-11 19:26:54.718,1789165614.7189922,-978,19,67
2026-09-11 19:26:54.738,1789165614.7389925,-971,22,63
2026-09-11 19:26:54.758,1789165614.7589924,-970,23,65
2026-09-11 19:26:54.778,1789165614.7789924,-971,22,65
2026-09-11 19:26:54.798,1789165614.7989924,-973,21,64
2026-09-11 19:26:54.806,1789165614.8060946,-972,19,65
2026-09-11 19:26:54.826,1789165614.8260946,-973,21,61
2026-09-11 19:26:54.846,1789165614.8460946,-973,21,48
2026-09-11 19:26:54.866,1789165614.8660946,-970,20,63
2026-09-11 19:26:54.886,1789165614.8860946,-978,26,60
2026-09-11 19:26:54.906,1789165614.9060946,-977,24,63
2026-09-11 19:26:54.926,1789165614.9260945,-977,19,65
2026-09-11 19:26:54.946,1789165614.9460948,-977,19,60
2026-09-11 19:26:54.966,1789165614.9660947,-971,22,60
2026-09-11 19:26:54.986,1789165614.9860947,-969,22,61
2026-09-11 19:26:55.006,1789165615.0060947,-971,19,64
2026-09-11 19:26:55.026,1789165615.0260947,-972,20,63
2026-09-11 19:26:55.046,1789165615.0460947,-972,20,67
2026-09-11 19:26:55.066,1789165615.0660946,-973,20,71
2026-09-11 19:26:55.086,1789165615.0860946,-974,19,69
2026-09-11 19:26:55.106,1789165615.1060946,-976,20,69
2026-09-11 19:26:55.126,1789165615.1260946,-975,23,67
2026-09-11 19:26:55.146,1789165615.1460946,-977,21,68
2026-09-11 19:26:55.166,1789165615.1660945,-976,21,65
2026-09-11 19:26:55.186,1789165615.1860948,-970,20,76
2026-09-11 19:26:55.206,1789165615.2060947,-982,24,64
2026-09-11 19:26:55.226,1789165615.2260947,-973,20,55
2026-09-11 19:26:55.246,1789165615.2460947,-970,19,72
2026-09-11 19:26:55.266,1789165615.2660947,-967,16,85
2026-09-11 19:26:55.286,1789165615.2860947,-983,21,54
2026-09-11 19:26:55.306,1789165615.3060946,-969,22,44
2026-09-11 19:26:55.326,1789165615.3260946,-970,19,69
2026-09-11 19:26:55.346,1789165615.3460946,-980,25,70
2026-09-11 19:26:55.366,1789165615.3660946,-978,21,71
2026-09-11 19:26:55.386,1789165615.3860946,-978,18,63
2026-09-11 19:26:55.406,1789165615.4060946,-973,23,57
2026-09-11 19:26:55.426,1789165615.4260945,-969,24,58
2026-09-11 19:26:55.446,1789165615.4460948,-969,22,62
2026-09-11 19:26:55.466,1789165615.4660947,-971,21,63
2026-09-11 19:26:55.486,1789165615.4860947,-971,21,61
2026-09-11 19:26:55.506,1789165615.5060947,-972,23,71
2026-09-11 19:26:55.513,1789165615.5133796,-977,23,56
2026-09-11 19:26:55.533,1789165615.5333796,-972,18,61
2026-09-11 19:26:55.553,1789165615.5533795,-975,21,67
2026-09-11 19:26:55.573,1789165615.5733795,-980,26,68
2026-09-11 19:26:55.593,1789165615.5933795,-977,21,69
2026-09-11 19:26:55.613,1789165615.6133795,-977,19,70
2026-09-11 19:26:55.633,1789165615.6333795,-974,22,68
2026-09-11 19:26:55.653,1789165615.6533797,-971,22,64
2026-09-11 19:26:55.673,1789165615.6733797,-972,21,63
2026-09-11 19:26:55.693,1789165615.6933796,-974,21,67
2026-09-11 19:26:55.713,1789165615.7133796,-974,22,67
2026-09-11 19:26:55.733,1789165615.7333796,-973,22,65
2026-09-11 19:26:55.753,1789165615.7533796,-973,20,66
2026-09-11 19:26:55.773,1789165615.7733796,-976,22,63
2026-09-11 19:26:55.793,1789165615.7933795,-977,23,61
2026-09-11 19:26:55.813,1789165615.8133795,-975,21,61
2026-09-11 19:26:55.833,1789165615.8333795,-974,21,61
2026-09-11 19:26:55.853,1789165615.8533795,-969,21,64
2026-09-11 19:26:55.873,1789165615.8733795,-977,24,59
2026-09-11 19:26:55.893,1789165615.8933797,-974,21,48
2026-09-11 19:26:55.913,1789165615.9133797,-967,20,67
2026-09-11 19:26:55.933,1789165615.9333797,-966,18,79
2026-09-11 19:26:55.953,1789165615.9533796,-984,20,60
2026-09-11 19:26:55.973,1789165615.9733796,-973,24,39
2026-09-11 19:26:55.993,1789165615.9933796,-965,19,66
2026-09-11 19:26:56.013,1789165616.0133796,-979,23,72
2026-09-11 19:26:56.033,1789165616.0333796,-981,20,77
2026-09-11 19:26:56.053,1789165616.0533795,-984,15,73
2026-09-11 19:26:56.073,1789165616.0733795,-976,19,65
2026-09-11 19:26:56.093,1789165616.0933795,-969,23,62
2026-09-11 19:26:56.113,1789165616.1133795,-970,22,66
2026-09-11 19:26:56.133,1789165616.1333795,-972,20,70
2026-09-11 19:26:56.153,1789165616.1533797,-972,20,71
2026-09-11 19:26:56.173,1789165616.1733797,-974,20,75
2026-09-11 19:26:56.193,1789165616.1933796,-981,23,57
2026-09-11 19:26:56.213,1789165616.2133796,-974,19,56
2026-09-11 19:26:56.221,1789165616.221031,-974,19,67
2026-09-11 19:26:56.241,1789165616.241031,-977,24,63
2026-09-11 19:26:56.261,1789165616.261031,-976,19,67
2026-09-11 19:26:56.281,1789165616.281031,-977,18,65
2026-09-11 19:26:56.301,1789165616.3010309,-974,22,61
2026-09-11 19:26:56.321,1789165616.3210309,-971,22,60
2026-09-11 19:26:56.341,1789165616.3410308,-969,22,58
2026-09-11 19:26:56.361,1789165616.361031,-970,20,60
2026-09-11 19:26:56.381,1789165616.381031,-973,22,63
2026-09-11 19:26:56.401,1789165616.401031,-973,21,66
2026-09-11 19:26:56.421,1789165616.421031,-975,21,67
2026-09-11 19:26:56.441,1789165616.441031,-975,22,64
2026-09-11 19:26:56.461,1789165616.461031,-975,21,62
2026-09-11 19:26:56.481,1789165616.481031,-975,21,63
2026-09-11 19:26:56.501,1789165616.501031,-975,21,66
2026-09-11 19:26:56.521,1789165616.521031,-973,22,72
2026-09-11 19:26:56.541,1789165616.541031,-981,24,54
2026-09-11 19:26:56.561,1789165616.5610309,-969,20,65
2026-09-11 19:26:56.581,1789165616.5810308,-972,19,71
2026-09-11 19:26:56.601,1789165616.601031,-974,19,83
2026-09-11 19:26:56.621,1789165616.621031,-981,25,44
2026-09-11 19:26:56.641,1789165616.641031,-964,20,53
2026-09-11 19:26:56.661,1789165616.661031,-971,21,72
2026-09-11 19:26:56.681,1789165616.681031,-981,26,68
2026-09-11 19:26:56.701,1789165616.701031,-978,19,70
2026-09-11 19:26:56.721,1789165616.721031,-977,19,64
2026-09-11 19:26:56.741,1789165616.741031,-971,22,58
2026-09-11 19:26:56.761,1789165616.761031,-968,24,61
2026-09-11 19:26:56.781,1789165616.781031,-969,22,65
2026-09-11 19:26:56.801,1789165616.8010309,-972,22,65
2026-09-11 19:26:56.821,1789165616.8210309,-972,21,68
2026-09-11 19:26:56.841,1789165616.8410308,-975,23,62
2026-09-11 19:26:56.861,1789165616.861031,-976,21,53
2026-09-11 19:26:56.881,1789165616.881031,-970,17,67
2026-09-11 19:26:56.901,1789165616.901031,-977,23,64
2026-09-11 19:26:56.921,1789165616.921031,-976,23,70
2026-09-11 19:26:56.928,1789165616.92853,-979,18,72
2026-09-11 19:26:56.948,1789165616.94853,-977,19,68
2026-09-11 19:26:56.968,1789165616.96853,-974,23,66
2026-09-11 19:26:56.988,1789165616.98853,-971,22,67
2026-09-11 19:26:57.008,1789165617.00853,-971,21,66
2026-09-11 19:26:57.028,1789165617.02853,-972,20,66
2026-09-11 19:26:57.048,1789165617.0485299,-972,21,66
2026-09-11 19:26:57.068,1789165617.06853,-973,21,68
2026-09-11 19:26:57.088,1789165617.08853,-975,23,68
2026-09-11 19:26:57.108,1789165617.10853,-976,22,68
2026-09-11 19:26:57.128,1789165617.12853,-976,20,65
2026-09-11 19:26:57.148,1789165617.14853,-975,21,65
2026-09-11 19:26:57.168,1789165617.16853,-973,20,70
2026-09-11 19:26:57.188,1789165617.18853,-981,23,51
2026-09-11 19:26:57.208,1789165617.20853,-970,20,59
2026-09-11 19:26:57.228,1789165617.22853,-969,20,66
2026-09-11 19:26:57.248,1789165617.24853,-968,18,79
2026-09-11 19:26:57.268,1789165617.26853,-980,23,47
2026-09-11 19:26:57.288,1789165617.2885299,-966,22,48
2026-09-11 19:26:57.308,1789165617.30853,-970,20,70
2026-09-11 19:26:57.328,1789165617.32853,-979,25,70
2026-09-11 19:26:57.348,1789165617.34853,-979,20,71
2026-09-11 19:26:57.368,1789165617.36853,-980,19,67
2026-09-11 19:26:57.388,1789165617.38853,-974,23,64
2026-09-11 19:26:57.408,1789165617.40853,-970,24,63
2026-09-11 19:26:57.428,1789165617.42853,-971,22,66
2026-09-11 19:26:57.448,1789165617.44853,-970,21,68
2026-09-11 19:26:57.468,1789165617.46853,-972,20,68
2026-09-11 19:26:57.488,1789165617.48853,-974,23,71
2026-09-11 19:26:57.508,1789165617.50853,-976,21,56
2026-09-11 19:26:57.528,1789165617.52853,-971,18,69
2026-09-11 19:26:57.548,1789165617.5485299,-977,24,65
2026-09-11 19:26:57.568,1789165617.56853,-978,23,64
2026-09-11 19:26:57.588,1789165617.58853,-976,20,69
2026-09-11 19:26:57.608,1789165617.60853,-976,20,65
2026-09-11 19:26:57.628,1789165617.62853,-974,23,63
2026-09-11 19:26:57.636,1789165617.6360285,-972,21,60
2026-09-11 19:26:57.656,1789165617.6560285,-971,21,58
2026-09-11 19:26:57.676,1789165617.6760285,-972,22,62
2026-09-11 19:26:57.696,1789165617.6960285,-971,22,62
2026-09-11 19:26:57.716,1789165617.7160285,-971,21,64
2026-09-11 19:26:57.736,1789165617.7360284,-972,21,63
2026-09-11 19:26:57.756,1789165617.7560284,-976,22,63
2026-09-11 19:26:57.776,1789165617.7760286,-976,21,64
2026-09-11 19:26:57.796,1789165617.7960286,-977,20,61
2026-09-11 19:26:57.816,1789165617.8160286,-970,20,70
2026-09-11 19:26:57.836,1789165617.8360286,-982,24,60
2026-09-11 19:26:57.856,1789165617.8560286,-975,21,55
2026-09-11 19:26:57.876,1789165617.8760285,-972,21,70
2026-09-11 19:26:57.896,1789165617.8960285,-967,17,85
2026-09-11 19:26:57.916,1789165617.9160285,-983,21,60
2026-09-11 19:26:57.936,1789165617.9360285,-971,24,44
2026-09-11 19:26:57.956,1789165617.9560285,-966,18,69
2026-09-11 19:26:57.976,1789165617.9760284,-980,25,71
2026-09-11 19:26:57.996,1789165617.9960284,-982,21,71
2026-09-11 19:26:58.016,1789165618.0160286,-979,17,69
2026-09-11 19:26:58.036,1789165618.0360286,-974,21,63
2026-09-11 19:26:58.056,1789165618.0560286,-970,23,62
2026-09-11 19:26:58.076,1789165618.0760286,-970,22,64
2026-09-11 19:26:58.096,1789165618.0960286,-973,20,67
2026-09-11 19:26:58.116,1789165618.1160285,-973,18,63
2026-09-11 19:26:58.136,1789165618.1360285,-973,22,64
2026-09-11 19:26:58.156,1789165618.1560285,-977,23,50
2026-09-11 19:26:58.176,1789165618.1760285,-972,17,58
2026-09-11 19:26:58.196,1789165618.1960285,-974,21,59
2026-09-11 19:26:58.216,1789165618.2160285,-976,24,60
2026-09-11 19:26:58.236,1789165618.2360284,-973,20,67
2026-09-11 19:26:58.256,1789165618.2560284,-977,19,65
2026-09-11 19:26:58.276,1789165618.2760286,-974,22,62
2026-09-11 19:26:58.296,1789165618.2960286,-971,22,60
2026-09-11 19:26:58.316,1789165618.3160286,-971,21,62
2026-09-11 19:26:58.336,1789165618.3360286,-971,21,61
2026-09-11 19:26:58.343,1789165618.3437104,-972,21,65
2026-09-11 19:26:58.363,1789165618.3637104,-973,21,65
2026-09-11 19:26:58.383,1789165618.3837104,-974,21,65
2026-09-11 19:26:58.403,1789165618.4037104,-974,22,65
2026-09-11 19:26:58.423,1789165618.4237103,-975,24,66
2026-09-11 19:26:58.443,1789165618.4437103,-976,21,64
2026-09-11 19:26:58.463,1789165618.4637103,-971,21,69
2026-09-11 19:26:58.483,1789165618.4837105,-980,21,60
2026-09-11 19:26:58.503,1789165618.5037105,-974,20,50
2026-09-11 19:26:58.523,1789165618.5237105,-969,19,71
2026-09-11 19:26:58.543,1789165618.5437105,-969,16,79
2026-09-11 19:26:58.563,1789165618.5637105,-981,20,63
2026-09-11 19:26:58.583,1789165618.5837104,-970,24,38
2026-09-11 19:26:58.603,1789165618.6037104,-964,18,63
2026-09-11 19:26:58.623,1789165618.6237104,-975,25,67
2026-09-11 19:26:58.643,1789165618.6437104,-977,25,67
2026-09-11 19:26:58.663,1789165618.6637104,-979,20,68
2026-09-11 19:26:58.683,1789165618.6837103,-979,21,62
2026-09-11 19:26:58.703,1789165618.7037103,-974,22,62
2026-09-11 19:26:58.723,1789165618.7237105,-973,21,65
2026-09-11 19:26:58.743,1789165618.7437105,-972,21,63
2026-09-11 19:26:58.763,1789165618.7637105,-972,21,62
2026-09-11 19:26:58.783,1789165618.7837105,-971,22,69
2026-09-11 19:26:58.803,1789165618.8037105,-977,23,55
2026-09-11 19:26:58.823,1789165618.8237104,-970,19,60
2026-09-11 19:26:58.843,1789165618.8437104,-972,20,65
2026-09-11 19:26:58.863,1789165618.8637104,-978,25,65
2026-09-11 19:26:58.883,1789165618.8837104,-975,22,68
2026-09-11 19:26:58.903,1789165618.9037104,-978,19,66
2026-09-11 19:26:58.923,1789165618.9237103,-975,20,63
2026-09-11 19:26:58.943,1789165618.9437103,-973,20,63
2026-09-11 19:26:58.963,1789165618.9637103,-974,20,63
2026-09-11 19:26:58.983,1789165618.9837105,-973,22,65
2026-09-11 19:26:59.003,1789165619.0037105,-973,23,64
2026-09-11 19:26:59.023,1789165619.0237105,-972,22,65
2026-09-11 19:26:59.043,1789165619.0437105,-972,23,63
2026-09-11 19:26:59.051,1789165619.05124,-973,22,64
2026-09-11 19:26:59.071,1789165619.07124,-975,21,64
2026-09-11 19:26:59.091,1789165619.09124,-976,22,60
2026-09-11 19:26:59.111,1789165619.11124,-972,22,66
2026-09-11 19:26:59.131,1789165619.13124,-981,21,59
2026-09-11 19:26:59.151,1789165619.1512399,-977,20,46
2026-09-11 19:26:59.171,1789165619.1712399,-970,20,65
2026-09-11 19:26:59.191,1789165619.19124,-970,18,74
2026-09-11 19:26:59.211,1789165619.21124,-981,20,64
2026-09-11 19:26:59.231,1789165619.23124,-976,24,36
2026-09-11 19:26:59.251,1789165619.25124,-965,18,60
2026-09-11 19:26:59.271,1789165619.27124,-978,23,65
2026-09-11 19:26:59.291,1789165619.29124,-980,24,67
2026-09-11 19:26:59.311,1789165619.31124,-979,19,67
2026-09-11 19:26:59.331,1789165619.33124,-978,20,60
2026-09-11 19:26:59.351,1789165619.35124,-972,21,57
2026-09-11 19:26:59.371,1789165619.37124,-971,23,63
2026-09-11 19:26:59.391,1789165619.39124,-972,20,65
2026-09-11 19:26:59.411,1789165619.4112399,-973,20,64
2026-09-11 19:26:59.431,1789165619.43124,-972,22,68
2026-09-11 19:26:59.451,1789165619.45124,-978,24,55
2026-09-11 19:26:59.471,1789165619.47124,-972,20,57
2026-09-11 19:26:59.491,1789165619.49124,-973,19,65
2026-09-11 19:26:59.511,1789165619.51124,-978,25,60
2026-09-11 19:26:59.531,1789165619.53124,-975,22,66
2026-09-11 19:26:59.551,1789165619.55124,-977,20,63
2026-09-11 19:26:59.571,1789165619.57124,-974,20,62
2026-09-11 19:26:59.591,1789165619.59124,-973,21,59
2026-09-11 19:26:59.611,1789165619.61124,-973,20,61
2026-09-11 19:26:59.631,1789165619.63124,-973,19,62
2026-09-11 19:26:59.651,1789165619.6512399,-973,22,61
2026-09-11 19:26:59.671,1789165619.6712399,-972,22,65
2026-09-11 19:26:59.691,1789165619.69124,-972,22,65
2026-09-11 19:26:59.711,1789165619.71124,-975,21,63
2026-09-11 19:26:59.731,1789165619.73124,-975,23,62
2026-09-11 19:26:59.751,1789165619.75124,-974,21,62
2026-09-11 19:26:59.758,1789165619.7587996,-972,21,65
2026-09-11 19:26:59.778,1789165619.7787995,-973,21,65
2026-09-11 19:26:59.798,1789165619.7987995,-975,21,71
2026-09-11 19:26:59.818,1789165619.8187995,-980,22,49
2026-09-11 19:26:59.838,1789165619.8387995,-969,20,58
2026-09-11 19:26:59.858,1789165619.8587995,-969,19,67
2026-09-11 19:26:59.878,1789165619.8787994,-972,18,78
2026-09-11 19:26:59.898,1789165619.8987997,-979,23,40
2026-09-11 19:26:59.918,1789165619.9187996,-962,21,50
2026-09-11 19:26:59.938,1789165619.9387996,-972,22,68
2026-09-11 19:26:59.958,1789165619.9587996,-982,26,72
2026-09-11 19:26:59.978,1789165619.9787996,-981,20,70
2026-09-11 19:26:59.998,1789165619.9987996,-980,21,61
2026-09-11 19:27:00.018,1789165620.0187995,-975,24,56
2026-09-11 19:27:00.038,1789165620.0387995,-970,24,61
2026-09-11 19:27:00.058,1789165620.0587995,-970,22,61
2026-09-11 19:27:00.078,1789165620.0787995,-973,21,63
2026-09-11 19:27:00.098,1789165620.0987995,-971,20,66
2026-09-11 19:27:00.118,1789165620.1187994,-975,25,61
2026-09-11 19:27:00.138,1789165620.1387997,-975,21,49
2026-09-11 19:27:00.158,1789165620.1587996,-971,17,60
2026-09-11 19:27:00.178,1789165620.1787996,-978,23,57
2026-09-11 19:27:00.198,1789165620.1987996,-977,23,60
2026-09-11 19:27:00.218,1789165620.2187996,-976,19,61
2026-09-11 19:27:00.238,1789165620.2387996,-976,21,61
2026-09-11 19:27:00.258,1789165620.2587996,-972,22,57
2026-09-11 19:27:00.278,1789165620.2787995,-970,20,58
2026-09-11 19:27:00.298,1789165620.2987995,-974,18,60
2026-09-11 19:27:00.318,1789165620.3187995,-972,20,61
2026-09-11 19:27:00.338,1789165620.3387995,-973,21,61
2026-09-11 19:27:00.358,1789165620.3587995,-973,22,62
2026-09-11 19:27:00.378,1789165620.3787994,-973,20,60
2026-09-11 19:27:00.398,1789165620.3987997,-975,22,58
2026-09-11 19:27:00.418,1789165620.4187996,-977,22,59
2026-09-11 19:27:00.438,1789165620.4387996,-977,22,58
2026-09-11 19:27:00.458,1789165620.4587996,-973,23,57
2026-09-11 19:27:00.466,1789165620.466207,-972,20,65
2026-09-11 19:27:00.486,1789165620.486207,-982,23,46
2026-09-11 19:27:00.506,1789165620.506207,-973,18,46
2026-09-11 19:27:00.526,1789165620.526207,-970,21,61
2026-09-11 19:27:00.546,1789165620.546207,-970,18,76
2026-09-11 19:27:00.566,1789165620.566207,-984,24,44
2026-09-11 19:27:00.586,1789165620.586207,-969,23,38
2026-09-11 19:27:00.606,1789165620.6062071,-969,19,63
2026-09-11 19:27:00.626,1789165620.626207,-981,26,63
2026-09-11 19:27:00.646,1789165620.646207,-979,20,64
2026-09-11 19:27:00.666,1789165620.666207,-980,17,61
2026-09-11 19:27:00.686,1789165620.686207,-977,21,58
2026-09-11 19:27:00.706,1789165620.706207,-971,24,56
2026-09-11 19:27:00.726,1789165620.726207,-970,21,61
2026-09-11 19:27:00.746,1789165620.746207,-972,20,60
2026-09-11 19:27:00.766,1789165620.766207,-973,20,60
2026-09-11 19:27:00.786,1789165620.786207,-973,24,64
2026-09-11 19:27:00.806,1789165620.806207,-977,22,48
2026-09-11 19:27:00.826,1789165620.826207,-971,17,60
2026-09-11 19:27:00.846,1789165620.8462071,-977,22,58
2026-09-11 19:27:00.866,1789165620.8662071,-978,23,61
2026-09-11 19:27:00.886,1789165620.886207,-975,20,61
2026-09-11 19:27:00.906,1789165620.906207,-976,19,60
2026-09-11 19:27:00.926,1789165620.926207,-973,23,56
2026-09-11 19:27:00.946,1789165620.946207,-972,23,53
2026-09-11 19:27:00.966,1789165620.966207,-971,20,57
2026-09-11 19:27:00.986,1789165620.986207,-972,18,56
2026-09-11 19:27:01.006,1789165621.006207,-973,20,60
2026-09-11 19:27:01.026,1789165621.026207,-973,21,62
2026-09-11 19:27:01.046,1789165621.046207,-977,21,61
2026-09-11 19:27:01.066,1789165621.066207,-977,21,57
2026-09-11 19:27:01.086,1789165621.086207,-976,20,55
2026-09-11 19:27:01.106,1789165621.1062071,-974,20,56
2026-09-11 19:27:01.126,1789165621.126207,-974,20,58
2026-09-11 19:27:01.146,1789165621.146207,-970,19,68
2026-09-11 19:27:01.166,1789165621.166207,-981,23,54
2026-09-11 19:27:01.173,1789165621.17395,-975,21,48
2026-09-11 19:27:01.193,1789165621.19395,-970,20,64
2026-09-11 19:27:01.213,1789165621.21395,-970,18,75
2026-09-11 19:27:01.233,1789165621.23395,-983,22,58
2026-09-11 19:27:01.253,1789165621.2539499,-974,24,38
2026-09-11 19:27:01.273,1789165621.2739499,-968,19,64
2026-09-11 19:27:01.293,1789165621.2939498,-980,24,67
2026-09-11 19:27:01.313,1789165621.31395,-979,22,66
2026-09-11 19:27:01.333,1789165621.33395,-980,17,63
2026-09-11 19:27:01.353,1789165621.35395,-977,20,59
2026-09-11 19:27:01.373,1789165621.37395,-972,22,59
2026-09-11 19:27:01.393,1789165621.39395,-969,20,63
2026-09-11 19:27:01.413,1789165621.41395,-971,19,62
2026-09-11 19:27:01.433,1789165621.43395,-972,20,59
2026-09-11 19:27:01.453,1789165621.45395,-971,21,66
2026-09-11 19:27:01.473,1789165621.47395,-975,23,49
2026-09-11 19:27:01.493,1789165621.49395,-972,19,55
2026-09-11 19:27:01.513,1789165621.5139499,-975,20,61
2026-09-11 19:27:01.533,1789165621.5339499,-980,25,60
2026-09-11 19:27:01.553,1789165621.55395,-977,22,62
2026-09-11 19:27:01.573,1789165621.57395,-976,18,60
2026-09-11 19:27:01.593,1789165621.59395,-975,21,57
2026-09-11 19:27:01.613,1789165621.61395,-973,23,56
2026-09-11 19:27:01.633,1789165621.63395,-972,21,55
2026-09-11 19:27:01.653,1789165621.65395,-971,19,56
2026-09-11 19:27:01.673,1789165621.67395,-972,21,59
2026-09-11 19:27:01.693,1789165621.69395,-973,22,61
2026-09-11 19:27:01.713,1789165621.71395,-973,22,59
2026-09-11 19:27:01.733,1789165621.73395,-976,22,63
2026-09-11 19:27:01.753,1789165621.7539499,-978,21,62
2026-09-11 19:27:01.773,1789165621.7739499,-978,22,56
2026-09-11 19:27:01.793,1789165621.7939498,-976,22,59
2026-09-11 19:27:01.813,1789165621.81395,-974,20,55
2026-09-11 19:27:01.833,1789165621.83395,-969,21,65
2026-09-11 19:27:01.853,1789165621.85395,-976,23,59
2026-09-11 19:27:01.873,1789165621.87395,-973,20,44
2026-09-11 19:27:01.881,1789165621.88154,-966,22,62
2026-09-11 19:27:01.901,1789165621.90154,-969,18,72
2026-09-11 19:27:01.921,1789165621.92154,-982,21,63
2026-09-11 19:27:01.941,1789165621.94154,-975,25,38
2026-09-11 19:27:01.961,1789165621.96154,-967,20,57
2026-09-11 19:27:01.981,1789165621.98154,-976,24,65
2026-09-11 19:27:02.001,1789165622.00154,-979,23,68
2026-09-11 19:27:02.021,1789165622.0215402,-980,18,64
2026-09-11 19:27:02.041,1789165622.0415401,-977,20,60
2026-09-11 19:27:02.061,1789165622.0615401,-971,23,55
2026-09-11 19:27:02.081,1789165622.08154,-967,23,59
2026-09-11 19:27:02.101,1789165622.10154,-969,21,61
2026-09-11 19:27:02.121,1789165622.12154,-972,21,61
2026-09-11 19:27:02.141,1789165622.14154,-972,21,68
2026-09-11 19:27:02.161,1789165622.16154,-978,24,53
2026-09-11 19:27:02.181,1789165622.18154,-973,21,55
2026-09-11 19:27:02.201,1789165622.20154,-973,19,63
2026-09-11 19:27:02.221,1789165622.22154,-978,25,60
2026-09-11 19:27:02.241,1789165622.24154,-975,22,64
2026-09-11 19:27:02.261,1789165622.2615402,-977,20,63
2026-09-11 19:27:02.281,1789165622.2815402,-976,21,60
2026-09-11 19:27:02.301,1789165622.3015401,-972,22,58
2026-09-11 19:27:02.321,1789165622.32154,-972,19,59
2026-09-11 19:27:02.341,1789165622.34154,-972,19,58
2026-09-11 19:27:02.361,1789165622.36154,-973,21,61
2026-09-11 19:27:02.381,1789165622.38154,-973,22,61
2026-09-11 19:27:02.401,1789165622.40154,-972,22,60
2026-09-11 19:27:02.421,1789165622.42154,-975,22,59
2026-09-11 19:27:02.441,1789165622.44154,-976,20,62
2026-09-11 19:27:02.461,1789165622.46154,-977,22,58
2026-09-11 19:27:02.481,1789165622.48154,-974,22,58
2026-09-11 19:27:02.501,1789165622.50154,-975,20,58
2026-09-11 19:27:02.521,1789165622.5215402,-975,22,61
2026-09-11 19:27:02.541,1789165622.5415401,-971,21,67
2026-09-11 19:27:02.561,1789165622.5615401,-979,23,56
2026-09-11 19:27:02.581,1789165622.58154,-974,21,47
2026-09-11 19:27:02.589,1789165622.5891,-969,21,63
2026-09-11 19:27:02.609,1789165622.6090999,-968,18,75
2026-09-11 19:27:02.629,1789165622.6290998,-982,22,52
2026-09-11 19:27:02.649,1789165622.6490998,-971,24,38
2026-09-11 19:27:02.669,1789165622.6690998,-968,20,62
2026-09-11 19:27:02.689,1789165622.6890998,-978,24,67
2026-09-11 19:27:02.709,1789165622.7090998,-979,22,66
2026-09-11 19:27:02.729,1789165622.7291,-979,18,64
2026-09-11 19:27:02.749,1789165622.7491,-977,21,57
2026-09-11 19:27:02.769,1789165622.7691,-971,23,57
2026-09-11 19:27:02.789,1789165622.7891,-970,22,58
2026-09-11 19:27:02.809,1789165622.8091,-970,20,59
2026-09-11 19:27:02.829,1789165622.8291,-971,20,57
2026-09-11 19:27:02.849,1789165622.8490999,-971,22,67
2026-09-11 19:27:02.869,1789165622.8690999,-980,24,53
2026-09-11 19:27:02.889,1789165622.8890998,-975,18,58
2026-09-11 19:27:02.909,1789165622.9090998,-977,21,61
2026-09-11 19:27:02.929,1789165622.9290998,-981,24,59
2026-09-11 19:27:02.949,1789165622.9490998,-976,20,63
2026-09-11 19:27:02.969,1789165622.9691,-977,19,62
2026-09-11 19:27:02.989,1789165622.9891,-974,21,59
2026-09-11 19:27:03.009,1789165623.0091,-974,21,57
2026-09-11 19:27:03.029,1789165623.0291,-972,20,57
2026-09-11 19:27:03.049,1789165623.0491,-972,20,57
2026-09-11 19:27:03.069,1789165623.0691,-972,22,57
2026-09-11 19:27:03.089,1789165623.0891,-973,23,59
2026-09-11 19:27:03.109,1789165623.1090999,-972,21,61
2026-09-11 19:27:03.129,1789165623.1290998,-976,21,64
2026-09-11 19:27:03.149,1789165623.1490998,-978,22,63
2026-09-11 19:27:03.169,1789165623.1690998,-977,21,57
2026-09-11 19:27:03.189,1789165623.1890998,-973,21,56
2026-09-11 19:27:03.209,1789165623.2090998,-974,20,57
2026-09-11 19:27:03.229,1789165623.2291,-971,21,59
2026-09-11 19:27:03.249,1789165623.2491,-974,21,66
2026-09-11 19:27:03.269,1789165623.2691,-978,22,51
2026-09-11 19:27:03.289,1789165623.2891,-971,20,57
2026-09-11 19:27:03.296,1789165623.2967513,-969,20,68
2026-09-11 19:27:03.316,1789165623.3167512,-974,19,76
2026-09-11 19:27:03.336,1789165623.3367512,-982,24,38
2026-09-11 19:27:03.356,1789165623.3567512,-964,22,46
2026-09-11 19:27:03.376,1789165623.3767512,-971,20,69
2026-09-11 19:27:03.396,1789165623.3967512,-980,25,69
2026-09-11 19:27:03.416,1789165623.4167511,-978,20,68
2026-09-11 19:27:03.436,1789165623.4367514,-978,18,62
2026-09-11 19:27:03.456,1789165623.4567513,-974,23,55
2026-09-11 19:27:03.476,1789165623.4767513,-970,24,60
2026-09-11 19:27:03.496,1789165623.4967513,-971,22,64
2026-09-11 19:27:03.516,1789165623.5167513,-972,19,62
2026-09-11 19:27:03.536,1789165623.5367513,-973,20,62
2026-09-11 19:27:03.556,1789165623.5567513,-974,23,65
2026-09-11 19:27:03.576,1789165623.5767512,-976,22,50
2026-09-11 19:27:03.596,1789165623.5967512,-972,18,60
2026-09-11 19:27:03.616,1789165623.6167512,-977,22,60
2026-09-11 19:27:03.636,1789165623.6367512,-977,23,63
2026-09-11 19:27:03.656,1789165623.6567512,-975,20,63
2026-09-11 19:27:03.676,1789165623.6767514,-974,20,59
2026-09-11 19:27:03.696,1789165623.6967514,-973,22,57
2026-09-11 19:27:03.716,1789165623.7167513,-971,21,57
2026-09-11 19:27:03.736,1789165623.7367513,-974,20,59
2026-09-11 19:27:03.756,1789165623.7567513,-974,21,58
2026-09-11 19:27:03.776,1789165623.7767513,-973,21,59
2026-09-11 19:27:03.796,1789165623.7967513,-973,22,60
2026-09-11 19:27:03.816,1789165623.8167512,-975,22,61
2026-09-11 19:27:03.836,1789165623.8367512,-977,22,58
2026-09-11 19:27:03.856,1789165623.8567512,-976,22,59
2026-09-11 19:27:03.876,1789165623.8767512,-974,22,59
2026-09-11 19:27:03.896,1789165623.8967512,-975,21,57
2026-09-11 19:27:03.916,1789165623.9167511,-971,20,59
2026-09-11 19:27:03.936,1789165623.9367514,-973,22,63
2026-09-11 19:27:03.956,1789165623.9567513,-978,23,49
2026-09-11 19:27:03.976,1789165623.9767513,-970,20,57
2026-09-11 19:27:03.996,1789165623.9967513,-969,20,65
2026-09-11 19:27:04.004,1789165624.0040975,-974,20,74
2026-09-11 19:27:04.024,1789165624.0240974,-980,24,38
2026-09-11 19:27:04.044,1789165624.0440974,-965,22,48
2026-09-11 19:27:04.064,1789165624.0640974,-973,22,68
2026-09-11 19:27:04.084,1789165624.0840974,-980,25,63
2026-09-11 19:27:04.104,1789165624.1040974,-978,20,66
2026-09-11 19:27:04.124,1789165624.1240973,-979,19,64
2026-09-11 19:27:04.144,1789165624.1440976,-974,23,58
2026-09-11 19:27:04.164,1789165624.1640975,-970,24,57
2026-09-11 19:27:04.184,1789165624.1840975,-970,22,61
2026-09-11 19:27:04.204,1789165624.2040975,-970,22,60
2026-09-11 19:27:04.224,1789165624.2240975,-970,21,62
2026-09-11 19:27:04.244,1789165624.2440975,-976,22,61
2026-09-11 19:27:04.264,1789165624.2640975,-977,21,51
2026-09-11 19:27:04.284,1789165624.2840974,-974,18,62
2026-09-11 19:27:04.304,1789165624.3040974,-979,23,61
2026-09-11 19:27:04.324,1789165624.3240974,-977,23,62
2026-09-11 19:27:04.344,1789165624.3440974,-977,20,66
2026-09-11 19:27:04.364,1789165624.3640974,-976,20,62
2026-09-11 19:27:04.384,1789165624.3840976,-973,23,60
2026-09-11 19:27:04.404,1789165624.4040976,-970,23,57
2026-09-11 19:27:04.424,1789165624.4240975,-971,21,57
2026-09-11 19:27:04.444,1789165624.4440975,-972,20,58
2026-09-11 19:27:04.464,1789165624.4640975,-973,21,64
2026-09-11 19:27:04.484,1789165624.4840975,-974,22,66
2026-09-11 19:27:04.504,1789165624.5040975,-977,23,63
2026-09-11 19:27:04.524,1789165624.5240974,-977,21,59
2026-09-11 19:27:04.544,1789165624.5440974,-975,20,57
2026-09-11 19:27:04.564,1789165624.5640974,-974,21,57
2026-09-11 19:27:04.584,1789165624.5840974,-972,22,63
2026-09-11 19:27:04.604,1789165624.6040974,-976,22,66
2026-09-11 19:27:04.624,1789165624.6240973,-979,23,47
2026-09-11 19:27:04.644,1789165624.6440976,-971,20,59
2026-09-11 19:27:04.664,1789165624.6640975,-971,19,64
2026-09-11 19:27:04.684,1789165624.6840975,-972,20,71
2026-09-11 19:27:04.704,1789165624.7040975,-978,25,39
2026-09-11 19:27:04.711,1789165624.7116878,-964,21,50
2026-09-11 19:27:04.731,1789165624.7316878,-974,20,68
2026-09-11 19:27:04.751,1789165624.7516878,-980,25,69
2026-09-11 19:27:04.771,1789165624.7716877,-978,19,65
2026-09-11 19:27:04.791,1789165624.7916877,-979,19,61
2026-09-11 19:27:04.811,1789165624.8116877,-975,22,59
2026-09-11 19:27:04.831,1789165624.8316877,-971,22,59
2026-09-11 19:27:04.851,1789165624.851688,-972,21,60
2026-09-11 19:27:04.871,1789165624.871688,-972,20,62
2026-09-11 19:27:04.891,1789165624.8916879,-969,20,63
2026-09-11 19:27:04.911,1789165624.9116879,-974,23,63
2026-09-11 19:27:04.931,1789165624.9316878,-975,20,50
2026-09-11 19:27:04.951,1789165624.9516878,-972,17,62
2026-09-11 19:27:04.971,1789165624.9716878,-975,24,59
2026-09-11 19:27:04.991,1789165624.9916878,-976,23,62
2026-09-11 19:27:05.011,1789165625.0116878,-975,18,64
2026-09-11 19:27:05.031,1789165625.0316877,-976,20,60
2026-09-11 19:27:05.051,1789165625.0516877,-975,21,59
2026-09-11 19:27:05.071,1789165625.0716877,-973,22,59
2026-09-11 19:27:05.091,1789165625.091688,-974,20,58
2026-09-11 19:27:05.111,1789165625.111688,-973,21,58
2026-09-11 19:27:05.131,1789165625.1316879,-972,21,59
2026-09-11 19:27:05.151,1789165625.1516879,-972,24,62
2026-09-11 19:27:05.171,1789165625.1716878,-974,22,60
2026-09-11 19:27:05.191,1789165625.1916878,-975,23,59
2026-09-11 19:27:05.211,1789165625.2116878,-978,20,57
2026-09-11 19:27:05.231,1789165625.2316878,-976,20,59
2026-09-11 19:27:05.251,1789165625.2516878,-973,20,67
2026-09-11 19:27:05.271,1789165625.2716877,-980,24,51
2026-09-11 19:27:05.291,1789165625.2916877,-972,21,51
2026-09-11 19:27:05.311,1789165625.3116877,-970,21,64
2026-09-11 19:27:05.331,1789165625.3316877,-969,18,76
2026-09-11 19:27:05.351,1789165625.351688,-981,23,47
2026-09-11 19:27:05.371,1789165625.371688,-967,23,38
2026-09-11 19:27:05.391,1789165625.3916879,-966,20,64
2026-09-11 19:27:05.411,1789165625.4116879,-978,26,64
2026-09-11 19:27:05.418,1789165625.4189732,-979,20,67
2026-09-11 19:27:05.438,1789165625.4389732,-981,18,65
2026-09-11 19:27:05.458,1789165625.4589732,-978,21,63
2026-09-11 19:27:05.478,1789165625.4789732,-972,23,57
2026-09-11 19:27:05.498,1789165625.4989731,-969,21,60
2026-09-11 19:27:05.518,1789165625.518973,-970,21,60
2026-09-11 19:27:05.538,1789165625.538973,-971,21,60
2026-09-11 19:27:05.558,1789165625.5589733,-971,23,69
2026-09-11 19:27:05.578,1789165625.5789733,-978,23,54
2026-09-11 19:27:05.598,1789165625.5989733,-973,19,58
2026-09-11 19:27:05.618,1789165625.6189733,-975,20,61
2026-09-11 19:27:05.638,1789165625.6389732,-977,25,58
2026-09-11 19:27:05.658,1789165625.6589732,-976,20,62
2026-09-11 19:27:05.678,1789165625.6789732,-978,19,64
2026-09-11 19:27:05.698,1789165625.6989732,-976,21,61
2026-09-11 19:27:05.718,1789165625.7189732,-973,21,58
2026-09-11 19:27:05.738,1789165625.7389731,-972,21,56
2026-09-11 19:27:05.758,1789165625.7589731,-972,19,57
2026-09-11 19:27:05.778,1789165625.778973,-971,21,58
2026-09-11 19:27:05.798,1789165625.7989733,-972,22,61
2026-09-11 19:27:05.818,1789165625.8189733,-976,22,63
2026-09-11 19:27:05.838,1789165625.8389733,-977,22,59
2026-09-11 19:27:05.858,1789165625.8589733,-978,21,56
2026-09-11 19:27:05.878,1789165625.8789732,-975,20,55
2026-09-11 19:27:05.898,1789165625.8989732,-974,20,57
2026-09-11 19:27:05.918,1789165625.9189732,-973,20,67
2026-09-11 19:27:05.938,1789165625.9389732,-980,24,51
2026-09-11 19:27:05.958,1789165625.9589732,-972,21,53
2026-09-11 19:27:05.978,1789165625.9789732,-971,21,66
2026-09-11 19:27:05.998,1789165625.9989731,-971,17,75
2026-09-11 19:27:06.018,1789165626.018973,-983,24,42
2026-09-11 19:27:06.038,1789165626.038973,-966,23,38
2026-09-11 19:27:06.058,1789165626.0589733,-970,21,63
2026-09-11 19:27:06.078,1789165626.0789733,-982,27,66
2026-09-11 19:27:06.098,1789165626.0989733,-980,21,69
2026-09-11 19:27:06.118,1789165626.1189733,-980,18,64
2026-09-11 19:27:06.126,1789165626.1265023,-975,20,57
2026-09-11 19:27:06.146,1789165626.1465023,-969,24,56
2026-09-11 19:27:06.166,1789165626.1665022,-970,22,61
2026-09-11 19:27:06.186,1789165626.1865022,-973,21,58
2026-09-11 19:27:06.206,1789165626.2065022,-972,20,58
2026-09-11 19:27:06.226,1789165626.2265022,-973,22,69
2026-09-11 19:27:06.246,1789165626.2465022,-977,22,49
2026-09-11 19:27:06.266,1789165626.2665024,-972,18,61
2026-09-11 19:27:06.286,1789165626.2865024,-973,23,60
2026-09-11 19:27:06.306,1789165626.3065023,-977,24,59
2026-09-11 19:27:06.326,1789165626.3265023,-975,21,64
2026-09-11 19:27:06.346,1789165626.3465023,-977,19,64
2026-09-11 19:27:06.366,1789165626.3665023,-974,23,60
2026-09-11 19:27:06.386,1789165626.3865023,-974,23,57
2026-09-11 19:27:06.406,1789165626.4065022,-973,20,56
2026-09-11 19:27:06.426,1789165626.4265022,-972,21,56
2026-09-11 19:27:06.446,1789165626.4465022,-972,21,59
2026-09-11 19:27:06.466,1789165626.4665022,-973,22,62
2026-09-11 19:27:06.486,1789165626.4865022,-975,21,63
2026-09-11 19:27:06.506,1789165626.5065024,-976,21,59
2026-09-11 19:27:06.526,1789165626.5265024,-975,22,59
2026-09-11 19:27:06.546,1789165626.5465024,-973,20,59
2026-09-11 19:27:06.566,1789165626.5665023,-973,21,55
2026-09-11 19:27:06.586,1789165626.5865023,-971,20,66
2026-09-11 19:27:06.606,1789165626.6065023,-979,23,60
2026-09-11 19:27:06.626,1789165626.6265023,-974,20,46
2026-09-11 19:27:06.646,1789165626.6465023,-968,22,64
2026-09-11 19:27:06.666,1789165626.6665022,-970,18,76
2026-09-11 19:27:06.686,1789165626.6865022,-983,22,58
2026-09-11 19:27:06.706,1789165626.7065022,-973,26,33
2026-09-11 19:27:06.726,1789165626.7265022,-965,20,60
2026-09-11 19:27:06.746,1789165626.7465022,-978,23,66
2026-09-11 19:27:06.766,1789165626.7665024,-979,23,67
2026-09-11 19:27:06.786,1789165626.7865024,-978,18,66
2026-09-11 19:27:06.806,1789165626.8065023,-976,20,60
2026-09-11 19:27:06.826,1789165626.8265023,-971,21,57
2026-09-11 19:27:06.834,1789165626.8340318,-969,22,60
2026-09-11 19:27:06.854,1789165626.8540318,-970,20,63
2026-09-11 19:27:06.874,1789165626.8740318,-971,20,62
2026-09-11 19:27:06.894,1789165626.8940318,-972,22,68
2026-09-11 19:27:06.914,1789165626.9140317,-980,23,56
2026-09-11 19:27:06.934,1789165626.9340317,-974,19,55
2026-09-11 19:27:06.954,1789165626.9540317,-974,20,65
2026-09-11 19:27:06.974,1789165626.974032,-978,25,60
2026-09-11 19:27:06.994,1789165626.994032,-975,21,64
2026-09-11 19:27:07.014,1789165627.014032,-976,19,64
2026-09-11 19:27:07.034,1789165627.0340319,-975,19,63
2026-09-11 19:27:07.054,1789165627.0540318,-972,23,58
2026-09-11 19:27:07.074,1789165627.0740318,-969,22,55
2026-09-11 19:27:07.094,1789165627.0940318,-971,20,59
2026-09-11 19:27:07.114,1789165627.1140318,-973,22,62
2026-09-11 19:27:07.134,1789165627.1340318,-973,20,61
2026-09-11 19:27:07.154,1789165627.1540318,-974,21,59
2026-09-11 19:27:07.174,1789165627.1740317,-974,22,60
2026-09-11 19:27:07.194,1789165627.1940317,-978,22,62
2026-09-11 19:27:07.214,1789165627.214032,-977,22,61
2026-09-11 19:27:07.234,1789165627.234032,-974,20,61
2026-09-11 19:27:07.254,1789165627.254032,-974,21,60
2026-09-11 19:27:07.274,1789165627.2740319,-975,21,59
2026-09-11 19:27:07.294,1789165627.2940319,-969,22,62
2026-09-11 19:27:07.314,1789165627.3140318,-974,23,61
2026-09-11 19:27:07.334,1789165627.3340318,-975,22,47
2026-09-11 19:27:07.354,1789165627.3540318,-971,22,64
2026-09-11 19:27:07.374,1789165627.3740318,-971,18,72
2026-09-11 19:27:07.394,1789165627.3940318,-981,21,67
2026-09-11 19:27:07.414,1789165627.4140317,-977,25,36
2026-09-11 19:27:07.434,1789165627.4340317,-964,20,56
2026-09-11 19:27:07.454,1789165627.4540317,-977,23,67
2026-09-11 19:27:07.474,1789165627.474032,-979,23,64
2026-09-11 19:27:07.494,1789165627.494032,-976,18,66
2026-09-11 19:27:07.514,1789165627.514032,-977,20,63
2026-09-11 19:27:07.534,1789165627.5340319,-972,24,58
