timestamp_local,timestamp_epoch_s,ecg_uV
2026-09-13 19:07:41.526,1789337261.526773,-58
2026-09-13 19:07:41.534,1789337261.5344653,-72
2026-09-13 19:07:41.542,1789337261.5421576,-94
2026-09-13 19:07:41.549,1789337261.54985,-113
2026-09-13 19:07:41.557,1789337261.5575423,-118
2026-09-13 19:07:41.565,1789337261.5652344,-118
2026-09-13 19:07:41.572,1789337261.5729268,-121
2026-09-13 19:07:41.580,1789337261.580619,-118
2026-09-13 19:07:41.588,1789337261.5883114,-116
2026-09-13 19:07:41.596,1789337261.5960038,-123
2026-09-13 19:07:41.603,1789337261.603696,-133
2026-09-13 19:07:41.611,1789337261.6113884,-130
2026-09-13 19:07:41.619,1789337261.6190808,-60
2026-09-13 19:07:41.626,1789337261.6267729,133
2026-09-13 19:07:41.634,1789337261.6344652,465
2026-09-13 19:07:41.642,1789337261.6421576,698
2026-09-13 19:07:41.649,1789337261.64985,303
2026-09-13 19:07:41.657,1789337261.6575422,-375
2026-09-13 19:07:41.665,1789337261.6652346,-385
2026-09-13 19:07:41.672,1789337261.672927,-63
2026-09-13 19:07:41.680,1789337261.6806192,-109
2026-09-13 19:07:41.688,1789337261.6883113,-208
2026-09-13 19:07:41.696,1789337261.6960037,-130
2026-09-13 19:07:41.703,1789337261.703696,-116
2026-09-13 19:07:41.711,1789337261.7113883,-157
2026-09-13 19:07:41.719,1789337261.7190807,-135
2026-09-13 19:07:41.726,1789337261.726773,-113
2026-09-13 19:07:41.734,1789337261.7344654,-121
2026-09-13 19:07:41.742,1789337261.7421577,-113
2026-09-13 19:07:41.749,1789337261.7498498,-94
2026-09-13 19:07:41.757,1789337261.7575421,-87
2026-09-13 19:07:41.765,1789337261.7652345,-84
2026-09-13 19:07:41.772,1789337261.7729268,-82
2026-09-13 19:07:41.780,1789337261.7806191,-70
2026-09-13 19:07:41.788,1789337261.7883115,-60
2026-09-13 19:07:41.796,1789337261.7960038,-58
2026-09-13 19:07:41.803,1789337261.8036962,-55
2026-09-13 19:07:41.811,1789337261.8113883,-46
2026-09-13 19:07:41.819,1789337261.8190806,-41
2026-09-13 19:07:41.826,1789337261.826773,-43
2026-09-13 19:07:41.834,1789337261.8344653,-48
2026-09-13 19:07:41.842,1789337261.8421576,-50
2026-09-13 19:07:41.849,1789337261.84985,-55
2026-09-13 19:07:41.857,1789337261.8575423,-53
2026-09-13 19:07:41.865,1789337261.8652346,-50
2026-09-13 19:07:41.872,1789337261.8729267,-58
2026-09-13 19:07:41.880,1789337261.880619,-70
2026-09-13 19:07:41.888,1789337261.8883114,-87
2026-09-13 19:07:41.896,1789337261.8960037,-109
2026-09-13 19:07:41.903,1789337261.903696,-118
2026-09-13 19:07:41.911,1789337261.9113884,-123
2026-09-13 19:07:41.919,1789337261.9190807,-133
2026-09-13 19:07:41.926,1789337261.926773,-133
2026-09-13 19:07:41.934,1789337261.9344652,-128
2026-09-13 19:07:41.942,1789337261.9421575,-126
2026-09-13 19:07:41.949,1789337261.9498498,-123
2026-09-13 19:07:41.957,1789337261.9575422,-116
2026-09-13 19:07:41.965,1789337261.9652345,-106
2026-09-13 19:07:41.972,1789337261.9729269,-101
2026-09-13 19:07:41.980,1789337261.9806192,-99
2026-09-13 19:07:41.988,1789337261.9883115,-97
2026-09-13 19:07:41.996,1789337261.9960036,-94
2026-09-13 19:07:42.003,1789337262.003696,-89
2026-09-13 19:07:42.011,1789337262.0113883,-89
2026-09-13 19:07:42.019,1789337262.0190806,-94
2026-09-13 19:07:42.026,1789337262.026773,-101
2026-09-13 19:07:42.034,1789337262.0344653,-99
2026-09-13 19:07:42.042,1789337262.0421576,-87
2026-09-13 19:07:42.049,1789337262.04985,-72
2026-09-13 19:07:42.057,1789337262.0575423,-58
2026-09-13 19:07:42.065,1789337262.0652344,-36
2026-09-13 19:07:42.072,1789337262.0729268,-24
2026-09-13 19:07:42.080,1789337262.080619,-33
2026-09-13 19:07:42.087,1789337262.0877192,-53
2026-09-13 19:07:42.095,1789337262.0954115,-72
2026-09-13 19:07:42.103,1789337262.1031039,-87
2026-09-13 19:07:42.110,1789337262.1107962,-92
2026-09-13 19:07:42.118,1789337262.1184886,-94
2026-09-13 19:07:42.126,1789337262.1261806,-92
2026-09-13 19:07:42.133,1789337262.133873,-84
2026-09-13 19:07:42.141,1789337262.1415653,-82
2026-09-13 19:07:42.149,1789337262.1492577,-97
2026-09-13 19:07:42.156,1789337262.15695,-111
2026-09-13 19:07:42.164,1789337262.1646423,-84
2026-09-13 19:07:42.172,1789337262.1723347,21
2026-09-13 19:07:42.180,1789337262.180027,237
2026-09-13 19:07:42.187,1789337262.187719,545
2026-09-13 19:07:42.195,1789337262.1954114,528
2026-09-13 19:07:42.203,1789337262.2031038,-63
2026-09-13 19:07:42.210,1789337262.210796,-424
2026-09-13 19:07:42.218,1789337262.2184885,-172
2026-09-13 19:07:42.226,1789337262.2261808,-21
2026-09-13 19:07:42.233,1789337262.2338731,-130
2026-09-13 19:07:42.241,1789337262.2415655,-118
2026-09-13 19:07:42.249,1789337262.2492576,-65
2026-09-13 19:07:42.256,1789337262.25695,-99
2026-09-13 19:07:42.264,1789337262.2646422,-104
2026-09-13 19:07:42.272,1789337262.2723346,-67
2026-09-13 19:07:42.280,1789337262.280027,-67
2026-09-13 19:07:42.287,1789337262.2877192,-77
2026-09-13 19:07:42.295,1789337262.2954116,-58
2026-09-13 19:07:42.303,1789337262.303104,-48
2026-09-13 19:07:42.310,1789337262.310796,-48
2026-09-13 19:07:42.318,1789337262.3184884,-38
2026-09-13 19:07:42.326,1789337262.3261807,-29
2026-09-13 19:07:42.333,1789337262.333873,-29
2026-09-13 19:07:42.341,1789337262.3415654,-16
2026-09-13 19:07:42.349,1789337262.3492577,-4
2026-09-13 19:07:42.356,1789337262.35695,0
2026-09-13 19:07:42.364,1789337262.3646424,9
2026-09-13 19:07:42.372,1789337262.3723345,14
2026-09-13 19:07:42.380,1789337262.3800268,14
2026-09-13 19:07:42.387,1789337262.3877192,16
2026-09-13 19:07:42.395,1789337262.3954115,14
2026-09-13 19:07:42.403,1789337262.4031038,12
2026-09-13 19:07:42.410,1789337262.4107962,19
2026-09-13 19:07:42.418,1789337262.4184885,21
2026-09-13 19:07:42.426,1789337262.4261808,7
2026-09-13 19:07:42.433,1789337262.433873,-16
2026-09-13 19:07:42.441,1789337262.4415653,-43
2026-09-13 19:07:42.449,1789337262.4492576,-63
2026-09-13 19:07:42.456,1789337262.45695,-77
2026-09-13 19:07:42.464,1789337262.4646423,-87
2026-09-13 19:07:42.472,1789337262.4723346,-94
2026-09-13 19:07:42.480,1789337262.480027,-94
2026-09-13 19:07:42.487,1789337262.4877193,-89
2026-09-13 19:07:42.495,1789337262.4954114,-84
2026-09-13 19:07:42.503,1789337262.5031037,-82
2026-09-13 19:07:42.510,1789337262.510796,-77
2026-09-13 19:07:42.518,1789337262.5184884,-70
2026-09-13 19:07:42.526,1789337262.5261807,-67
2026-09-13 19:07:42.533,1789337262.533873,-65
2026-09-13 19:07:42.541,1789337262.5415654,-60
2026-09-13 19:07:42.549,1789337262.5492578,-55
2026-09-13 19:07:42.556,1789337262.5569499,-58
2026-09-13 19:07:42.564,1789337262.5646422,-55
2026-09-13 19:07:42.572,1789337262.5723345,-55
2026-09-13 19:07:42.580,1789337262.5800269,-65
2026-09-13 19:07:42.587,1789337262.5877192,-67
2026-09-13 19:07:42.595,1789337262.5954115,-55
2026-09-13 19:07:42.603,1789337262.6031039,-43
2026-09-13 19:07:42.610,1789337262.6107962,-31
2026-09-13 19:07:42.618,1789337262.6184886,-9
2026-09-13 19:07:42.626,1789337262.6261806,12
2026-09-13 19:07:42.633,1789337262.633873,12
2026-09-13 19:07:42.641,1789337262.6415653,-2
2026-09-13 19:07:42.648,1789337262.6486654,-14
2026-09-13 19:07:42.656,1789337262.6563578,-26
2026-09-13 19:07:42.664,1789337262.66405,-38
2026-09-13 19:07:42.671,1789337262.6717424,-48
2026-09-13 19:07:42.679,1789337262.6794348,-53
2026-09-13 19:07:42.687,1789337262.6871269,-53
2026-09-13 19:07:42.694,1789337262.6948192,-50
2026-09-13 19:07:42.702,1789337262.7025115,-46
2026-09-13 19:07:42.710,1789337262.710204,-43
2026-09-13 19:07:42.717,1789337262.7178962,-46
2026-09-13 19:07:42.725,1789337262.7255886,9
2026-09-13 19:07:42.733,1789337262.733281,174
2026-09-13 19:07:42.740,1789337262.7409732,441
2026-09-13 19:07:42.748,1789337262.7486653,662
2026-09-13 19:07:42.756,1789337262.7563577,380
2026-09-13 19:07:42.764,1789337262.76405,-232
2026-09-13 19:07:42.771,1789337262.7717423,-317
2026-09-13 19:07:42.779,1789337262.7794347,-16
2026-09-13 19:07:42.787,1789337262.787127,-2
2026-09-13 19:07:42.794,1789337262.7948194,-87
2026-09-13 19:07:42.802,1789337262.8025117,-36
2026-09-13 19:07:42.810,1789337262.8102038,-19
2026-09-13 19:07:42.817,1789337262.8178961,-46
2026-09-13 19:07:42.825,1789337262.8255885,-31
2026-09-13 19:07:42.833,1789337262.8332808,-14
2026-09-13 19:07:42.840,1789337262.8409731,-12
2026-09-13 19:07:42.848,1789337262.8486655,-2
2026-09-13 19:07:42.856,1789337262.8563578,4
2026-09-13 19:07:42.864,1789337262.8640501,7
2026-09-13 19:07:42.871,1789337262.8717422,16
2026-09-13 19:07:42.879,1789337262.8794346,33
2026-09-13 19:07:42.887,1789337262.887127,43
2026-09-13 19:07:42.894,1789337262.8948193,53
2026-09-13 19:07:42.902,1789337262.9025116,60
2026-09-13 19:07:42.910,1789337262.910204,67
2026-09-13 19:07:42.917,1789337262.9178963,75
2026-09-13 19:07:42.925,1789337262.9255886,84
2026-09-13 19:07:42.933,1789337262.9332807,97
2026-09-13 19:07:42.940,1789337262.940973,97
2026-09-13 19:07:42.948,1789337262.9486654,89
2026-09-13 19:07:42.956,1789337262.9563577,89
2026-09-13 19:07:42.964,1789337262.96405,99
2026-09-13 19:07:42.971,1789337262.9717424,99
2026-09-13 19:07:42.979,1789337262.9794347,92
2026-09-13 19:07:42.987,1789337262.987127,70
2026-09-13 19:07:42.994,1789337262.9948192,31
2026-09-13 19:07:43.002,1789337263.0025115,-2
2026-09-13 19:07:43.010,1789337263.0102038,-29
2026-09-13 19:07:43.017,1789337263.0178962,-48
2026-09-13 19:07:43.025,1789337263.0255885,-55
2026-09-13 19:07:43.033,1789337263.0332808,-60
2026-09-13 19:07:43.040,1789337263.0409732,-67
2026-09-13 19:07:43.048,1789337263.0486655,-63
2026-09-13 19:07:43.056,1789337263.0563576,-50
2026-09-13 19:07:43.064,1789337263.06405,-50
2026-09-13 19:07:43.071,1789337263.0717423,-53
2026-09-13 19:07:43.079,1789337263.0794346,-48
2026-09-13 19:07:43.087,1789337263.087127,-41
2026-09-13 19:07:43.094,1789337263.0948193,-36
2026-09-13 19:07:43.102,1789337263.1025116,-33
2026-09-13 19:07:43.110,1789337263.110204,-29
2026-09-13 19:07:43.117,1789337263.117896,-16
2026-09-13 19:07:43.125,1789337263.1255884,-16
2026-09-13 19:07:43.133,1789337263.1332808,-36
2026-09-13 19:07:43.140,1789337263.140973,-43
2026-09-13 19:07:43.148,1789337263.1486654,-31
2026-09-13 19:07:43.156,1789337263.1563578,-29
2026-09-13 19:07:43.164,1789337263.16405,-36
2026-09-13 19:07:43.171,1789337263.1717424,-12
2026-09-13 19:07:43.179,1789337263.1794348,26
2026-09-13 19:07:43.187,1789337263.1871269,36
2026-09-13 19:07:43.194,1789337263.1948192,24
2026-09-13 19:07:43.202,1789337263.2025115,9
2026-09-13 19:07:43.209,1789337263.2096117,-14
2026-09-13 19:07:43.217,1789337263.217304,-43
2026-09-13 19:07:43.224,1789337263.2249963,-43
2026-09-13 19:07:43.232,1789337263.2326887,-33
2026-09-13 19:07:43.240,1789337263.240381,-31
2026-09-13 19:07:43.248,1789337263.248073,-31
2026-09-13 19:07:43.255,1789337263.2557654,-33
2026-09-13 19:07:43.263,1789337263.2634578,-36
2026-09-13 19:07:43.271,1789337263.27115,-38
2026-09-13 19:07:43.278,1789337263.2788424,-12
2026-09-13 19:07:43.286,1789337263.2865348,123
2026-09-13 19:07:43.294,1789337263.2942271,407
2026-09-13 19:07:43.301,1789337263.3019195,712
2026-09-13 19:07:43.309,1789337263.3096116,584
2026-09-13 19:07:43.317,1789337263.317304,-116
2026-09-13 19:07:43.324,1789337263.3249962,-480
2026-09-13 19:07:43.332,1789337263.3326886,-152
2026-09-13 19:07:43.340,1789337263.340381,24
2026-09-13 19:07:43.348,1789337263.3480732,-92
2026-09-13 19:07:43.355,1789337263.3557656,-63
2026-09-13 19:07:43.363,1789337263.363458,0
2026-09-13 19:07:43.371,1789337263.37115,-36
2026-09-13 19:07:43.378,1789337263.3788424,-33
2026-09-13 19:07:43.386,1789337263.3865347,-4
2026-09-13 19:07:43.394,1789337263.394227,-14
2026-09-13 19:07:43.401,1789337263.4019194,-14
2026-09-13 19:07:43.409,1789337263.4096117,16
2026-09-13 19:07:43.417,1789337263.417304,19
2026-09-13 19:07:43.424,1789337263.4249964,14
2026-09-13 19:07:43.432,1789337263.4326885,41
2026-09-13 19:07:43.440,1789337263.4403808,46
2026-09-13 19:07:43.448,1789337263.4480731,41
2026-09-13 19:07:43.455,1789337263.4557655,63
2026-09-13 19:07:43.463,1789337263.4634578,84
2026-09-13 19:07:43.471,1789337263.4711502,97
2026-09-13 19:07:43.478,1789337263.4788425,121
2026-09-13 19:07:43.486,1789337263.4865348,123
2026-09-13 19:07:43.494,1789337263.494227,116
2026-09-13 19:07:43.501,1789337263.5019193,130
2026-09-13 19:07:43.509,1789337263.5096116,138
2026-09-13 19:07:43.517,1789337263.517304,121
2026-09-13 19:07:43.524,1789337263.5249963,118
2026-09-13 19:07:43.532,1789337263.5326886,123
2026-09-13 19:07:43.540,1789337263.540381,101
2026-09-13 19:07:43.548,1789337263.5480733,48
2026-09-13 19:07:43.555,1789337263.5557654,-4
2026-09-13 19:07:43.563,1789337263.5634577,-36
2026-09-13 19:07:43.571,1789337263.57115,-48
2026-09-13 19:07:43.578,1789337263.5788424,-75
2026-09-13 19:07:43.586,1789337263.5865347,-104
2026-09-13 19:07:43.594,1789337263.594227,-104
2026-09-13 19:07:43.601,1789337263.6019194,-89
2026-09-13 19:07:43.609,1789337263.6096117,-80
2026-09-13 19:07:43.617,1789337263.6173038,-77
2026-09-13 19:07:43.624,1789337263.6249962,-84
2026-09-13 19:07:43.632,1789337263.6326885,-77
2026-09-13 19:07:43.640,1789337263.6403809,-55
2026-09-13 19:07:43.648,1789337263.6480732,-55
2026-09-13 19:07:43.655,1789337263.6557655,-55
2026-09-13 19:07:43.663,1789337263.6634579,-43
2026-09-13 19:07:43.671,1789337263.6711502,-36
2026-09-13 19:07:43.678,1789337263.6788423,-38
2026-09-13 19:07:43.686,1789337263.6865346,-48
2026-09-13 19:07:43.694,1789337263.694227,-53
2026-09-13 19:07:43.701,1789337263.7019193,-46
2026-09-13 19:07:43.709,1789337263.7096117,-41
2026-09-13 19:07:43.717,1789337263.717304,-29
2026-09-13 19:07:43.724,1789337263.7249963,-2
2026-09-13 19:07:43.732,1789337263.7326887,16
2026-09-13 19:07:43.740,1789337263.740381,9
2026-09-13 19:07:43.748,1789337263.748073,-14
2026-09-13 19:07:43.755,1789337263.7557654,-36
2026-09-13 19:07:43.763,1789337263.7634578,-48
2026-09-13 19:07:43.770,1789337263.7705631,-50
2026-09-13 19:07:43.778,1789337263.7782555,-50
2026-09-13 19:07:43.785,1789337263.7859478,-53
2026-09-13 19:07:43.793,1789337263.7936401,-50
2026-09-13 19:07:43.801,1789337263.8013325,-48
2026-09-13 19:07:43.809,1789337263.8090246,-48
2026-09-13 19:07:43.816,1789337263.816717,-55
2026-09-13 19:07:43.824,1789337263.8244092,-38
2026-09-13 19:07:43.832,1789337263.8321016,87
2026-09-13 19:07:43.839,1789337263.839794,358
2026-09-13 19:07:43.847,1789337263.8474863,666
2026-09-13 19:07:43.855,1789337263.8551786,611
2026-09-13 19:07:43.862,1789337263.862871,-41
2026-09-13 19:07:43.870,1789337263.870563,-499
2026-09-13 19:07:43.878,1789337263.8782554,-223
2026-09-13 19:07:43.885,1789337263.8859477,21
2026-09-13 19:07:43.893,1789337263.89364,-89
2026-09-13 19:07:43.901,1789337263.9013324,-99
2026-09-13 19:07:43.909,1789337263.9090247,-21
2026-09-13 19:07:43.916,1789337263.916717,-53
2026-09-13 19:07:43.924,1789337263.9244094,-70
2026-09-13 19:07:43.932,1789337263.9321015,-36
2026-09-13 19:07:43.939,1789337263.9397938,-33
2026-09-13 19:07:43.947,1789337263.9474862,-38
2026-09-13 19:07:43.955,1789337263.9551785,-24
2026-09-13 19:07:43.962,1789337263.9628708,-14
2026-09-13 19:07:43.970,1789337263.9705632,-9
2026-09-13 19:07:43.978,1789337263.9782555,0
2026-09-13 19:07:43.985,1789337263.9859478,7
2026-09-13 19:07:43.993,1789337263.99364,12
2026-09-13 19:07:44.001,1789337264.0013323,21
2026-09-13 19:07:44.009,1789337264.0090246,33
2026-09-13 19:07:44.016,1789337264.016717,46
2026-09-13 19:07:44.024,1789337264.0244093,58
2026-09-13 19:07:44.032,1789337264.0321016,67
2026-09-13 19:07:44.039,1789337264.039794,72
2026-09-13 19:07:44.047,1789337264.0474863,72
2026-09-13 19:07:44.055,1789337264.0551784,72
2026-09-13 19:07:44.062,1789337264.0628707,72
2026-09-13 19:07:44.070,1789337264.070563,70
2026-09-13 19:07:44.078,1789337264.0782554,60
2026-09-13 19:07:44.085,1789337264.0859478,41
2026-09-13 19:07:44.093,1789337264.09364,7
2026-09-13 19:07:44.101,1789337264.1013324,-29
2026-09-13 19:07:44.109,1789337264.1090248,-58
2026-09-13 19:07:44.116,1789337264.1167169,-82
2026-09-13 19:07:44.124,1789337264.1244092,-97
2026-09-13 19:07:44.132,1789337264.1321015,-104
2026-09-13 19:07:44.139,1789337264.1397939,-109
2026-09-13 19:07:44.147,1789337264.1474862,-106
2026-09-13 19:07:44.155,1789337264.1551785,-104
2026-09-13 19:07:44.162,1789337264.162871,-99
2026-09-13 19:07:44.170,1789337264.1705632,-92
2026-09-13 19:07:44.178,1789337264.1782553,-82
2026-09-13 19:07:44.185,1789337264.1859477,-75
2026-09-13 19:07:44.193,1789337264.19364,-72
2026-09-13 19:07:44.201,1789337264.2013323,-67
2026-09-13 19:07:44.209,1789337264.2090247,-63
2026-09-13 19:07:44.216,1789337264.216717,-63
2026-09-13 19:07:44.224,1789337264.2244093,-70
2026-09-13 19:07:44.232,1789337264.2321017,-75
2026-09-13 19:07:44.239,1789337264.2397938,-67
2026-09-13 19:07:44.247,1789337264.247486,-58
2026-09-13 19:07:44.255,1789337264.2551785,-53
2026-09-13 19:07:44.262,1789337264.2628708,-36
2026-09-13 19:07:44.270,1789337264.2705631,-9
2026-09-13 19:07:44.278,1789337264.2782555,-2
2026-09-13 19:07:44.285,1789337264.2859478,-16
2026-09-13 19:07:44.293,1789337264.2936401,-36
2026-09-13 19:07:44.301,1789337264.3013325,-55
2026-09-13 19:07:44.309,1789337264.3090246,-65
2026-09-13 19:07:44.316,1789337264.316717,-70
2026-09-13 19:07:44.324,1789337264.3244092,-67
2026-09-13 19:07:44.331,1789337264.3315043,-65
2026-09-13 19:07:44.339,1789337264.3391967,-65
2026-09-13 19:07:44.346,1789337264.346889,-65
2026-09-13 19:07:44.354,1789337264.3545814,-72
2026-09-13 19:07:44.362,1789337264.3622737,-82
2026-09-13 19:07:44.369,1789337264.3699658,-29
2026-09-13 19:07:44.377,1789337264.3776581,145
2026-09-13 19:07:44.385,1789337264.3853505,465
2026-09-13 19:07:44.393,1789337264.3930428,759
2026-09-13 19:07:44.400,1789337264.4007351,489
2026-09-13 19:07:44.408,1789337264.4084275,-227
2026-09-13 19:07:44.416,1789337264.4161198,-388
2026-09-13 19:07:44.423,1789337264.4238122,-43
2026-09-13 19:07:44.431,1789337264.4315042,-21
2026-09-13 19:07:44.439,1789337264.4391966,-155
2026-09-13 19:07:44.446,1789337264.446889,-94
2026-09-13 19:07:44.454,1789337264.4545813,-58
2026-09-13 19:07:44.462,1789337264.4622736,-104
2026-09-13 19:07:44.469,1789337264.469966,-89
2026-09-13 19:07:44.477,1789337264.4776583,-60
2026-09-13 19:07:44.485,1789337264.4853506,-65
2026-09-13 19:07:44.493,1789337264.4930427,-60
2026-09-13 19:07:44.500,1789337264.500735,-43
2026-09-13 19:07:44.508,1789337264.5084274,-38
2026-09-13 19:07:44.516,1789337264.5161197,-36
2026-09-13 19:07:44.523,1789337264.523812,-26
2026-09-13 19:07:44.531,1789337264.5315044,-19
2026-09-13 19:07:44.539,1789337264.5391967,-19
2026-09-13 19:07:44.546,1789337264.546889,-9
2026-09-13 19:07:44.554,1789337264.5545812,0
2026-09-13 19:07:44.562,1789337264.5622735,4
2026-09-13 19:07:44.569,1789337264.5699658,4
2026-09-13 19:07:44.577,1789337264.5776582,4
2026-09-13 19:07:44.585,1789337264.5853505,2
2026-09-13 19:07:44.593,1789337264.5930429,-4
2026-09-13 19:07:44.600,1789337264.6007352,-12
2026-09-13 19:07:44.608,1789337264.6084275,-12
2026-09-13 19:07:44.616,1789337264.6161196,-12
2026-09-13 19:07:44.623,1789337264.623812,-14
2026-09-13 19:07:44.631,1789337264.6315043,-29
2026-09-13 19:07:44.639,1789337264.6391966,-48
2026-09-13 19:07:44.646,1789337264.646889,-58
2026-09-13 19:07:44.654,1789337264.6545813,-70
2026-09-13 19:07:44.662,1789337264.6622736,-82
2026-09-13 19:07:44.669,1789337264.669966,-87
2026-09-13 19:07:44.677,1789337264.677658,-87
2026-09-13 19:07:44.685,1789337264.6853504,-87
2026-09-13 19:07:44.693,1789337264.6930428,-82
2026-09-13 19:07:44.700,1789337264.700735,-72
2026-09-13 19:07:44.708,1789337264.7084274,-67
2026-09-13 19:07:44.716,1789337264.7161198,-65
2026-09-13 19:07:44.723,1789337264.723812,-58
2026-09-13 19:07:44.731,1789337264.7315044,-53
2026-09-13 19:07:44.739,1789337264.7391965,-50
2026-09-13 19:07:44.746,1789337264.7468889,-48
2026-09-13 19:07:44.754,1789337264.7545812,-48
2026-09-13 19:07:44.762,1789337264.7622736,-50
2026-09-13 19:07:44.769,1789337264.769966,-58
2026-09-13 19:07:44.777,1789337264.7776582,-63
2026-09-13 19:07:44.785,1789337264.7853506,-58
2026-09-13 19:07:44.793,1789337264.793043,-46
2026-09-13 19:07:44.800,1789337264.800735,-38
2026-09-13 19:07:44.808,1789337264.8084273,-24
2026-09-13 19:07:44.816,1789337264.8161197,-2
2026-09-13 19:07:44.823,1789337264.823812,0
2026-09-13 19:07:44.831,1789337264.8315043,-14
2026-09-13 19:07:44.839,1789337264.8391967,-33
2026-09-13 19:07:44.846,1789337264.846889,-50
2026-09-13 19:07:44.854,1789337264.8545814,-67
2026-09-13 19:07:44.862,1789337264.8622737,-70
2026-09-13 19:07:44.869,1789337264.8699658,-70
2026-09-13 19:07:44.877,1789337264.8776581,-70
2026-09-13 19:07:44.885,1789337264.8853505,-67
2026-09-13 19:07:44.892,1789337264.892476,-67
2026-09-13 19:07:44.900,1789337264.9001684,-80
2026-09-13 19:07:44.907,1789337264.9078608,-89
2026-09-13 19:07:44.915,1789337264.915553,-36
2026-09-13 19:07:44.923,1789337264.9232454,121
2026-09-13 19:07:44.930,1789337264.9309375,407
2026-09-13 19:07:44.938,1789337264.9386299,698
2026-09-13 19:07:44.946,1789337264.9463222,460
2026-09-13 19:07:44.954,1789337264.9540145,-218
2026-09-13 19:07:44.961,1789337264.9617069,-371
2026-09-13 19:07:44.969,1789337264.9693992,-48
2026-09-13 19:07:44.977,1789337264.9770916,-26
2026-09-13 19:07:44.984,1789337264.984784,-147
2026-09-13 19:07:44.992,1789337264.992476,-92
2026-09-13 19:07:45.000,1789337265.0001683,-58
2026-09-13 19:07:45.007,1789337265.0078607,-101
2026-09-13 19:07:45.015,1789337265.015553,-87
2026-09-13 19:07:45.023,1789337265.0232453,-58
2026-09-13 19:07:45.030,1789337265.0309377,-63
2026-09-13 19:07:45.038,1789337265.03863,-63
2026-09-13 19:07:45.046,1789337265.0463223,-46
2026-09-13 19:07:45.054,1789337265.0540144,-38
2026-09-13 19:07:45.061,1789337265.0617068,-36
2026-09-13 19:07:45.069,1789337265.069399,-26
2026-09-13 19:07:45.077,1789337265.0770915,-19
2026-09-13 19:07:45.084,1789337265.0847838,-14
2026-09-13 19:07:45.092,1789337265.0924761,-7
2026-09-13 19:07:45.100,1789337265.1001685,2
2026-09-13 19:07:45.107,1789337265.1078608,7
2026-09-13 19:07:45.115,1789337265.115553,12
2026-09-13 19:07:45.123,1789337265.1232452,14
2026-09-13 19:07:45.130,1789337265.1309376,16
2026-09-13 19:07:45.138,1789337265.13863,14
2026-09-13 19:07:45.146,1789337265.1463223,12
2026-09-13 19:07:45.154,1789337265.1540146,12
2026-09-13 19:07:45.161,1789337265.161707,9
2026-09-13 19:07:45.169,1789337265.1693993,0
2026-09-13 19:07:45.177,1789337265.1770914,-16
2026-09-13 19:07:45.184,1789337265.1847837,-36
2026-09-13 19:07:45.192,1789337265.192476,-53
2026-09-13 19:07:45.200,1789337265.2001684,-75
2026-09-13 19:07:45.207,1789337265.2078607,-87
2026-09-13 19:07:45.215,1789337265.215553,-94
2026-09-13 19:07:45.223,1789337265.2232454,-94
2026-09-13 19:07:45.230,1789337265.2309377,-92
2026-09-13 19:07:45.238,1789337265.2386298,-92
2026-09-13 19:07:45.246,1789337265.2463222,-87
2026-09-13 19:07:45.254,1789337265.2540145,-77
2026-09-13 19:07:45.261,1789337265.2617068,-65
2026-09-13 19:07:45.269,1789337265.2693992,-60
2026-09-13 19:07:45.277,1789337265.2770915,-58
2026-09-13 19:07:45.284,1789337265.2847838,-55
2026-09-13 19:07:45.292,1789337265.2924762,-50
2026-09-13 19:07:45.300,1789337265.3001683,-46
2026-09-13 19:07:45.307,1789337265.3078606,-48
2026-09-13 19:07:45.315,1789337265.315553,-50
2026-09-13 19:07:45.323,1789337265.3232453,-53
2026-09-13 19:07:45.330,1789337265.3309376,-55
2026-09-13 19:07:45.338,1789337265.33863,-53
2026-09-13 19:07:45.346,1789337265.3463223,-46
2026-09-13 19:07:45.354,1789337265.3540146,-38
2026-09-13 19:07:45.361,1789337265.3617067,-24
2026-09-13 19:07:45.369,1789337265.369399,0
2026-09-13 19:07:45.377,1789337265.3770914,16
2026-09-13 19:07:45.384,1789337265.3847837,16
2026-09-13 19:07:45.392,1789337265.392476,2
2026-09-13 19:07:45.400,1789337265.4001684,-21
2026-09-13 19:07:45.407,1789337265.4078608,-41
2026-09-13 19:07:45.415,1789337265.415553,-50
2026-09-13 19:07:45.423,1789337265.4232454,-55
2026-09-13 19:07:45.430,1789337265.4309375,-58
2026-09-13 19:07:45.438,1789337265.4386299,-58
2026-09-13 19:07:45.446,1789337265.4463222,-58
2026-09-13 19:07:45.453,1789337265.4534273,-60
2026-09-13 19:07:45.461,1789337265.4611197,-67
2026-09-13 19:07:45.468,1789337265.468812,-70
2026-09-13 19:07:45.476,1789337265.4765043,-7
2026-09-13 19:07:45.484,1789337265.4841967,152
2026-09-13 19:07:45.491,1789337265.4918888,426
2026-09-13 19:07:45.499,1789337265.499581,637
2026-09-13 19:07:45.507,1789337265.5072734,317
2026-09-13 19:07:45.514,1789337265.5149658,-266
2026-09-13 19:07:45.522,1789337265.522658,-298
2026-09-13 19:07:45.530,1789337265.5303504,-31
2026-09-13 19:07:45.538,1789337265.5380428,-48
2026-09-13 19:07:45.545,1789337265.5457351,-118
2026-09-13 19:07:45.553,1789337265.5534272,-63
2026-09-13 19:07:45.561,1789337265.5611196,-58
2026-09-13 19:07:45.568,1789337265.568812,-92
2026-09-13 19:07:45.576,1789337265.5765042,-70
2026-09-13 19:07:45.584,1789337265.5841966,-48
2026-09-13 19:07:45.591,1789337265.591889,-50
2026-09-13 19:07:45.599,1789337265.5995812,-43
2026-09-13 19:07:45.607,1789337265.6072736,-31
2026-09-13 19:07:45.614,1789337265.6149657,-24
2026-09-13 19:07:45.622,1789337265.622658,-14
2026-09-13 19:07:45.630,1789337265.6303504,-7
2026-09-13 19:07:45.638,1789337265.6380427,-2
2026-09-13 19:07:45.645,1789337265.645735,7
2026-09-13 19:07:45.653,1789337265.6534274,24
2026-09-13 19:07:45.661,1789337265.6611197,36
2026-09-13 19:07:45.668,1789337265.668812,36
2026-09-13 19:07:45.676,1789337265.6765041,31
2026-09-13 19:07:45.684,1789337265.6841965,41
2026-09-13 19:07:45.691,1789337265.6918888,50
2026-09-13 19:07:45.699,1789337265.6995811,46
2026-09-13 19:07:45.707,1789337265.7072735,43
2026-09-13 19:07:45.714,1789337265.7149658,48
2026-09-13 19:07:45.722,1789337265.7226582,43
2026-09-13 19:07:45.730,1789337265.7303505,33
2026-09-13 19:07:45.738,1789337265.7380426,16
2026-09-13 19:07:45.745,1789337265.745735,-12
2026-09-13 19:07:45.753,1789337265.7534273,-43
2026-09-13 19:07:45.761,1789337265.7611196,-60
2026-09-13 19:07:45.768,1789337265.768812,-72
2026-09-13 19:07:45.776,1789337265.7765043,-94
2026-09-13 19:07:45.784,1789337265.7841966,-104
2026-09-13 19:07:45.791,1789337265.791889,-94
2026-09-13 19:07:45.799,1789337265.799581,-80
2026-09-13 19:07:45.807,1789337265.8072734,-75
2026-09-13 19:07:45.814,1789337265.8149657,-77
2026-09-13 19:07:45.822,1789337265.822658,-67
2026-09-13 19:07:45.830,1789337265.8303504,-58
2026-09-13 19:07:45.838,1789337265.8380427,-63
2026-09-13 19:07:45.845,1789337265.845735,-70
2026-09-13 19:07:45.853,1789337265.8534274,-70
2026-09-13 19:07:45.861,1789337265.8611195,-60
2026-09-13 19:07:45.868,1789337265.8688118,-50
2026-09-13 19:07:45.876,1789337265.8765042,-50
2026-09-13 19:07:45.884,1789337265.8841965,-58
2026-09-13 19:07:45.891,1789337265.8918889,-58
2026-09-13 19:07:45.899,1789337265.8995812,-63
2026-09-13 19:07:45.907,1789337265.9072735,-72
2026-09-13 19:07:45.914,1789337265.9149659,-77
2026-09-13 19:07:45.922,1789337265.922658,-65
2026-09-13 19:07:45.930,1789337265.9303503,-50
2026-09-13 19:07:45.938,1789337265.9380426,-36
2026-09-13 19:07:45.945,1789337265.945735,-7
2026-09-13 19:07:45.953,1789337265.9534273,12
2026-09-13 19:07:45.961,1789337265.9611197,0
2026-09-13 19:07:45.968,1789337265.968812,-29
2026-09-13 19:07:45.976,1789337265.9765043,-46
2026-09-13 19:07:45.984,1789337265.9841967,-58
2026-09-13 19:07:45.991,1789337265.9918888,-67
2026-09-13 19:07:45.999,1789337265.999581,-75
2026-09-13 19:07:46.007,1789337266.0072734,-75
2026-09-13 19:07:46.014,1789337266.0143735,-63
2026-09-13 19:07:46.022,1789337266.0220659,-58
2026-09-13 19:07:46.029,1789337266.0297582,-70
2026-09-13 19:07:46.037,1789337266.0374506,-82
2026-09-13 19:07:46.045,1789337266.045143,-19
2026-09-13 19:07:46.052,1789337266.052835,181
2026-09-13 19:07:46.060,1789337266.0605273,492
2026-09-13 19:07:46.068,1789337266.0682197,734
2026-09-13 19:07:46.075,1789337266.075912,438
2026-09-13 19:07:46.083,1789337266.0836043,-278
2026-09-13 19:07:46.091,1789337266.0912967,-434
2026-09-13 19:07:46.098,1789337266.098989,-82
2026-09-13 19:07:46.106,1789337266.1066813,-36
2026-09-13 19:07:46.114,1789337266.1143734,-140
2026-09-13 19:07:46.122,1789337266.1220658,-80
2026-09-13 19:07:46.129,1789337266.1297581,-50
2026-09-13 19:07:46.137,1789337266.1374505,-89
2026-09-13 19:07:46.145,1789337266.1451428,-72
2026-09-13 19:07:46.152,1789337266.1528351,-48
2026-09-13 19:07:46.160,1789337266.1605275,-50
2026-09-13 19:07:46.168,1789337266.1682198,-41
2026-09-13 19:07:46.175,1789337266.175912,-24
2026-09-13 19:07:46.183,1789337266.1836042,-19
2026-09-13 19:07:46.191,1789337266.1912966,-7
2026-09-13 19:07:46.198,1789337266.198989,2
2026-09-13 19:07:46.206,1789337266.2066813,-2
2026-09-13 19:07:46.214,1789337266.2143736,7
2026-09-13 19:07:46.222,1789337266.222066,41
2026-09-13 19:07:46.229,1789337266.2297583,55
2026-09-13 19:07:46.237,1789337266.2374504,53
2026-09-13 19:07:46.245,1789337266.2451427,63
2026-09-13 19:07:46.252,1789337266.252835,75
2026-09-13 19:07:46.260,1789337266.2605274,80
2026-09-13 19:07:46.268,1789337266.2682197,89
2026-09-13 19:07:46.275,1789337266.275912,94
2026-09-13 19:07:46.283,1789337266.2836044,94
2026-09-13 19:07:46.291,1789337266.2912967,94
2026-09-13 19:07:46.298,1789337266.2989888,77
2026-09-13 19:07:46.306,1789337266.3066812,43
2026-09-13 19:07:46.314,1789337266.3143735,0
2026-09-13 19:07:46.322,1789337266.3220658,-46
2026-09-13 19:07:46.329,1789337266.3297582,-80
2026-09-13 19:07:46.337,1789337266.3374505,-87
2026-09-13 19:07:46.345,1789337266.3451428,-89
2026-09-13 19:07:46.352,1789337266.3528352,-111
2026-09-13 19:07:46.360,1789337266.3605273,-133
2026-09-13 19:07:46.368,1789337266.3682196,-126
2026-09-13 19:07:46.375,1789337266.375912,-111
2026-09-13 19:07:46.383,1789337266.3836043,-109
2026-09-13 19:07:46.391,1789337266.3912966,-104
2026-09-13 19:07:46.398,1789337266.398989,-92
2026-09-13 19:07:46.406,1789337266.4066813,-75
2026-09-13 19:07:46.414,1789337266.4143736,-70
2026-09-13 19:07:46.422,1789337266.4220657,-72
2026-09-13 19:07:46.429,1789337266.429758,-70
2026-09-13 19:07:46.437,1789337266.4374504,-53
2026-09-13 19:07:46.445,1789337266.4451427,-50
2026-09-13 19:07:46.452,1789337266.452835,-70
2026-09-13 19:07:46.460,1789337266.4605274,-84
2026-09-13 19:07:46.468,1789337266.4682198,-80
2026-09-13 19:07:46.475,1789337266.475912,-72
2026-09-13 19:07:46.483,1789337266.4836042,-65
2026-09-13 19:07:46.491,1789337266.4912965,-53
2026-09-13 19:07:46.498,1789337266.4989889,-41
2026-09-13 19:07:46.506,1789337266.5066812,-19
2026-09-13 19:07:46.514,1789337266.5143735,-12
2026-09-13 19:07:46.522,1789337266.5220659,-31
2026-09-13 19:07:46.529,1789337266.5297582,-41
2026-09-13 19:07:46.537,1789337266.5374506,-48
2026-09-13 19:07:46.545,1789337266.545143,-70
2026-09-13 19:07:46.552,1789337266.552835,-92
2026-09-13 19:07:46.560,1789337266.5605273,-89
2026-09-13 19:07:46.568,1789337266.5682197,-82
2026-09-13 19:07:46.575,1789337266.57533,-80
2026-09-13 19:07:46.583,1789337266.5830224,-80
2026-09-13 19:07:46.590,1789337266.5907147,-70
2026-09-13 19:07:46.598,1789337266.598407,-60
2026-09-13 19:07:46.606,1789337266.6060994,14
2026-09-13 19:07:46.613,1789337266.6137915,254
2026-09-13 19:07:46.621,1789337266.6214838,579
2026-09-13 19:07:46.629,1789337266.6291761,691
2026-09-13 19:07:46.636,1789337266.6368685,230
2026-09-13 19:07:46.644,1789337266.6445608,-409
2026-09-13 19:07:46.652,1789337266.6522532,-383
2026-09-13 19:07:46.659,1789337266.6599455,-33
2026-09-13 19:07:46.667,1789337266.6676378,-58
2026-09-13 19:07:46.675,1789337266.67533,-147
2026-09-13 19:07:46.683,1789337266.6830223,-75
2026-09-13 19:07:46.690,1789337266.6907146,-63
2026-09-13 19:07:46.698,1789337266.698407,-97
2026-09-13 19:07:46.706,1789337266.7060993,-75
2026-09-13 19:07:46.713,1789337266.7137916,-55
2026-09-13 19:07:46.721,1789337266.721484,-58
2026-09-13 19:07:46.729,1789337266.7291763,-48
2026-09-13 19:07:46.736,1789337266.7368684,-36
2026-09-13 19:07:46.744,1789337266.7445607,-29
2026-09-13 19:07:46.752,1789337266.752253,-21
2026-09-13 19:07:46.759,1789337266.7599454,-12
2026-09-13 19:07:46.767,1789337266.7676377,-2
2026-09-13 19:07:46.775,1789337266.77533,9
2026-09-13 19:07:46.783,1789337266.7830224,19
2026-09-13 19:07:46.790,1789337266.7907147,31
2026-09-13 19:07:46.798,1789337266.7984068,48
2026-09-13 19:07:46.806,1789337266.8060992,60
2026-09-13 19:07:46.813,1789337266.8137915,65
2026-09-13 19:07:46.821,1789337266.8214839,65
2026-09-13 19:07:46.829,1789337266.8291762,65
2026-09-13 19:07:46.836,1789337266.8368685,60
2026-09-13 19:07:46.844,1789337266.8445609,55
2026-09-13 19:07:46.852,1789337266.8522532,48
2026-09-13 19:07:46.859,1789337266.8599453,33
2026-09-13 19:07:46.867,1789337266.8676376,-2
2026-09-13 19:07:46.875,1789337266.87533,-43
2026-09-13 19:07:46.883,1789337266.8830223,-75
2026-09-13 19:07:46.890,1789337266.8907146,-104
2026-09-13 19:07:46.898,1789337266.898407,-130
2026-09-13 19:07:46.906,1789337266.9060993,-140
2026-09-13 19:07:46.913,1789337266.9137917,-140
2026-09-13 19:07:46.921,1789337266.9214838,-145
2026-09-13 19:07:46.929,1789337266.929176,-145
2026-09-13 19:07:46.936,1789337266.9368684,-138
2026-09-13 19:07:46.944,1789337266.9445608,-133
2026-09-13 19:07:46.952,1789337266.952253,-126
2026-09-13 19:07:46.959,1789337266.9599454,-118
2026-09-13 19:07:46.967,1789337266.9676378,-109
2026-09-13 19:07:46.975,1789337266.97533,-101
2026-09-13 19:07:46.983,1789337266.9830222,-99
2026-09-13 19:07:46.990,1789337266.9907146,-94
2026-09-13 19:07:46.998,1789337266.998407,-89
2026-09-13 19:07:47.006,1789337267.0060992,-92
2026-09-13 19:07:47.013,1789337267.0137916,-104
2026-09-13 19:07:47.021,1789337267.021484,-109
2026-09-13 19:07:47.029,1789337267.0291762,-101
2026-09-13 19:07:47.036,1789337267.0368686,-97
2026-09-13 19:07:47.044,1789337267.0445607,-89
2026-09-13 19:07:47.052,1789337267.052253,-72
2026-09-13 19:07:47.059,1789337267.0599453,-53
2026-09-13 19:07:47.067,1789337267.0676377,-46
2026-09-13 19:07:47.075,1789337267.07533,-53
2026-09-13 19:07:47.083,1789337267.0830224,-72
2026-09-13 19:07:47.090,1789337267.0907147,-94
2026-09-13 19:07:47.098,1789337267.098407,-106
2026-09-13 19:07:47.106,1789337267.1060994,-106
2026-09-13 19:07:47.113,1789337267.1137915,-109
2026-09-13 19:07:47.121,1789337267.1214838,-106
2026-09-13 19:07:47.129,1789337267.1291761,-99
2026-09-13 19:07:47.136,1789337267.1362712,-99
2026-09-13 19:07:47.143,1789337267.1439636,-109
2026-09-13 19:07:47.151,1789337267.151656,-116
2026-09-13 19:07:47.159,1789337267.1593482,-60
2026-09-13 19:07:47.167,1789337267.1670406,121
2026-09-13 19:07:47.174,1789337267.1747327,438
2026-09-13 19:07:47.182,1789337267.182425,720
2026-09-13 19:07:47.190,1789337267.1901174,458
2026-09-13 19:07:47.197,1789337267.1978097,-257
2026-09-13 19:07:47.205,1789337267.205502,-434
2026-09-13 19:07:47.213,1789337267.2131944,-89
2026-09-13 19:07:47.220,1789337267.2208867,-50
2026-09-13 19:07:47.228,1789337267.228579,-184
2026-09-13 19:07:47.236,1789337267.2362711,-128
2026-09-13 19:07:47.243,1789337267.2439635,-87
2026-09-13 19:07:47.251,1789337267.2516558,-128
2026-09-13 19:07:47.259,1789337267.2593482,-116
2026-09-13 19:07:47.267,1789337267.2670405,-87
2026-09-13 19:07:47.274,1789337267.2747328,-94
2026-09-13 19:07:47.282,1789337267.2824252,-89
2026-09-13 19:07:47.290,1789337267.2901175,-70
2026-09-13 19:07:47.297,1789337267.2978096,-65
2026-09-13 19:07:47.305,1789337267.305502,-60
2026-09-13 19:07:47.313,1789337267.3131943,-48
2026-09-13 19:07:47.320,1789337267.3208866,-41
2026-09-13 19:07:47.328,1789337267.328579,-33
2026-09-13 19:07:47.336,1789337267.3362713,-26
2026-09-13 19:07:47.343,1789337267.3439636,-21
2026-09-13 19:07:47.351,1789337267.351656,-16
2026-09-13 19:07:47.359,1789337267.359348,-9
2026-09-13 19:07:47.367,1789337267.3670404,-7
2026-09-13 19:07:47.374,1789337267.3747327,-12
2026-09-13 19:07:47.382,1789337267.382425,-19
2026-09-13 19:07:47.390,1789337267.3901174,-26
2026-09-13 19:07:47.397,1789337267.3978097,-29
2026-09-13 19:07:47.405,1789337267.405502,-29
2026-09-13 19:07:47.413,1789337267.4131944,-31
2026-09-13 19:07:47.420,1789337267.4208865,-41
2026-09-13 19:07:47.428,1789337267.4285789,-58
2026-09-13 19:07:47.436,1789337267.4362712,-77
2026-09-13 19:07:47.443,1789337267.4439635,-92
2026-09-13 19:07:47.451,1789337267.4516559,-101
2026-09-13 19:07:47.459,1789337267.4593482,-109
2026-09-13 19:07:47.467,1789337267.4670405,-109
2026-09-13 19:07:47.474,1789337267.4747329,-106
2026-09-13 19:07:47.482,1789337267.482425,-101
2026-09-13 19:07:47.490,1789337267.4901173,-94
2026-09-13 19:07:47.497,1789337267.4978096,-84
2026-09-13 19:07:47.505,1789337267.505502,-77
2026-09-13 19:07:47.513,1789337267.5131943,-72
2026-09-13 19:07:47.520,1789337267.5208867,-70
2026-09-13 19:07:47.528,1789337267.528579,-65
2026-09-13 19:07:47.536,1789337267.5362713,-63
2026-09-13 19:07:47.543,1789337267.5439634,-63
2026-09-13 19:07:47.551,1789337267.5516558,-65
2026-09-13 19:07:47.559,1789337267.559348,-60
2026-09-13 19:07:47.567,1789337267.5670404,-58
2026-09-13 19:07:47.574,1789337267.5747328,-63
2026-09-13 19:07:47.582,1789337267.582425,-67
2026-09-13 19:07:47.590,1789337267.5901175,-77
2026-09-13 19:07:47.597,1789337267.5978098,-80
2026-09-13 19:07:47.605,1789337267.605502,-70
2026-09-13 19:07:47.613,1789337267.6131942,-60
2026-09-13 19:07:47.620,1789337267.6208866,-48
2026-09-13 19:07:47.628,1789337267.628579,-24
2026-09-13 19:07:47.636,1789337267.6362712,-9
2026-09-13 19:07:47.643,1789337267.6439636,-12
2026-09-13 19:07:47.651,1789337267.651656,-29
2026-09-13 19:07:47.659,1789337267.6593482,-50
2026-09-13 19:07:47.667,1789337267.6670406,-67
2026-09-13 19:07:47.674,1789337267.6747327,-72
2026-09-13 19:07:47.682,1789337267.682425,-77
2026-09-13 19:07:47.690,1789337267.6901174,-80
2026-09-13 19:07:47.697,1789337267.6972125,-72
2026-09-13 19:07:47.704,1789337267.7049048,-67
2026-09-13 19:07:47.712,1789337267.7125971,-75
2026-09-13 19:07:47.720,1789337267.7202895,-87
2026-09-13 19:07:47.727,1789337267.7279818,-50
2026-09-13 19:07:47.735,1789337267.735674,89
2026-09-13 19:07:47.743,1789337267.7433662,349
2026-09-13 19:07:47.751,1789337267.7510586,715
2026-09-13 19:07:47.758,1789337267.758751,763
2026-09-13 19:07:47.766,1789337267.7664433,116
2026-09-13 19:07:47.774,1789337267.7741356,-404
2026-09-13 19:07:47.781,1789337267.781828,-189
2026-09-13 19:07:47.789,1789337267.7895203,0
2026-09-13 19:07:47.797,1789337267.7972124,-138
2026-09-13 19:07:47.804,1789337267.8049047,-147
2026-09-13 19:07:47.812,1789337267.812597,-67
2026-09-13 19:07:47.820,1789337267.8202894,-94
2026-09-13 19:07:47.827,1789337267.8279817,-111
2026-09-13 19:07:47.835,1789337267.835674,-77
2026-09-13 19:07:47.843,1789337267.8433664,-70
2026-09-13 19:07:47.851,1789337267.8510587,-72
2026-09-13 19:07:47.858,1789337267.8587508,-60
2026-09-13 19:07:47.866,1789337267.8664432,-48
2026-09-13 19:07:47.874,1789337267.8741355,-46
2026-09-13 19:07:47.881,1789337267.8818278,-41
2026-09-13 19:07:47.889,1789337267.8895202,-31
2026-09-13 19:07:47.897,1789337267.8972125,-26
2026-09-13 19:07:47.904,1789337267.9049048,-19
2026-09-13 19:07:47.912,1789337267.9125972,-14
2026-09-13 19:07:47.920,1789337267.9202893,-9
2026-09-13 19:07:47.927,1789337267.9279816,-4
2026-09-13 19:07:47.935,1789337267.935674,-4
2026-09-13 19:07:47.943,1789337267.9433663,-4
2026-09-13 19:07:47.951,1789337267.9510586,-7
2026-09-13 19:07:47.958,1789337267.958751,-14
2026-09-13 19:07:47.966,1789337267.9664433,-19
2026-09-13 19:07:47.974,1789337267.9741356,-19
2026-09-13 19:07:47.981,1789337267.9818277,-19
2026-09-13 19:07:47.989,1789337267.98952,-24
2026-09-13 19:07:47.997,1789337267.9972124,-36
2026-09-13 19:07:48.004,1789337268.0049047,-50
2026-09-13 19:07:48.012,1789337268.012597,-70
2026-09-13 19:07:48.020,1789337268.0202894,-84
2026-09-13 19:07:48.027,1789337268.0279818,-89
2026-09-13 19:07:48.035,1789337268.035674,-94
2026-09-13 19:07:48.043,1789337268.0433662,-94
2026-09-13 19:07:48.051,1789337268.0510585,-89
2026-09-13 19:07:48.058,1789337268.0587509,-84
2026-09-13 19:07:48.066,1789337268.0664432,-77
2026-09-13 19:07:48.074,1789337268.0741355,-72
2026-09-13 19:07:48.081,1789337268.0818279,-67
2026-09-13 19:07:48.089,1789337268.0895202,-63
2026-09-13 19:07:48.097,1789337268.0972126,-60
2026-09-13 19:07:48.104,1789337268.1049047,-58
2026-09-13 19:07:48.112,1789337268.112597,-60
2026-09-13 19:07:48.120,1789337268.1202893,-58
2026-09-13 19:07:48.127,1789337268.1279817,-53
2026-09-13 19:07:48.135,1789337268.135674,-55
2026-09-13 19:07:48.143,1789337268.1433663,-55
2026-09-13 19:07:48.151,1789337268.1510587,-55
2026-09-13 19:07:48.158,1789337268.158751,-55
2026-09-13 19:07:48.166,1789337268.166443,-53
2026-09-13 19:07:48.174,1789337268.1741354,-60
2026-09-13 19:07:48.181,1789337268.1818278,-75
2026-09-13 19:07:48.189,1789337268.1895201,-77
2026-09-13 19:07:48.197,1789337268.1972125,-55
2026-09-13 19:07:48.204,1789337268.2049048,-46
2026-09-13 19:07:48.212,1789337268.2125971,-43
2026-09-13 19:07:48.220,1789337268.2202895,-21
2026-09-13 19:07:48.227,1789337268.2279818,2
2026-09-13 19:07:48.235,1789337268.235674,-2
2026-09-13 19:07:48.243,1789337268.2433662,-14
2026-09-13 19:07:48.251,1789337268.2510586,-29
2026-09-13 19:07:48.258,1789337268.2581842,-50
2026-09-13 19:07:48.265,1789337268.2658765,-65
2026-09-13 19:07:48.273,1789337268.2735689,-67
2026-09-13 19:07:48.281,1789337268.2812612,-70
2026-09-13 19:07:48.288,1789337268.2889535,-70
2026-09-13 19:07:48.296,1789337268.2966456,-65
2026-09-13 19:07:48.304,1789337268.304338,-63
2026-09-13 19:07:48.312,1789337268.3120303,-72
2026-09-13 19:07:48.319,1789337268.3197227,-67
2026-09-13 19:07:48.327,1789337268.327415,24
2026-09-13 19:07:48.335,1789337268.3351073,213
2026-09-13 19:07:48.342,1789337268.3427997,504
2026-09-13 19:07:48.350,1789337268.350492,681
2026-09-13 19:07:48.358,1789337268.358184,295
2026-09-13 19:07:48.365,1789337268.3658764,-278
2026-09-13 19:07:48.373,1789337268.3735688,-269
2026-09-13 19:07:48.381,1789337268.381261,-26
2026-09-13 19:07:48.388,1789337268.3889534,-72
2026-09-13 19:07:48.396,1789337268.3966458,-133
2026-09-13 19:07:48.404,1789337268.4043381,-72
2026-09-13 19:07:48.412,1789337268.4120305,-70
2026-09-13 19:07:48.419,1789337268.4197226,-92
2026-09-13 19:07:48.427,1789337268.427415,-67
2026-09-13 19:07:48.435,1789337268.4351072,-55
2026-09-13 19:07:48.442,1789337268.4427996,-55
2026-09-13 19:07:48.450,1789337268.450492,-46
2026-09-13 19:07:48.458,1789337268.4581842,-36
2026-09-13 19:07:48.465,1789337268.4658766,-31
2026-09-13 19:07:48.473,1789337268.473569,-24
2026-09-13 19:07:48.481,1789337268.481261,-14
2026-09-13 19:07:48.488,1789337268.4889534,-7
2026-09-13 19:07:48.496,1789337268.4966457,0
2026-09-13 19:07:48.504,1789337268.504338,7
2026-09-13 19:07:48.512,1789337268.5120304,16
2026-09-13 19:07:48.519,1789337268.5197227,24
2026-09-13 19:07:48.527,1789337268.527415,29
2026-09-13 19:07:48.535,1789337268.5351074,31
2026-09-13 19:07:48.542,1789337268.5427995,33
2026-09-13 19:07:48.550,1789337268.5504918,36
2026-09-13 19:07:48.558,1789337268.5581841,36
2026-09-13 19:07:48.565,1789337268.5658765,36
2026-09-13 19:07:48.573,1789337268.5735688,33
2026-09-13 19:07:48.581,1789337268.5812612,31
2026-09-13 19:07:48.588,1789337268.5889535,24
2026-09-13 19:07:48.596,1789337268.5966458,2
2026-09-13 19:07:48.604,1789337268.604338,-24
2026-09-13 19:07:48.612,1789337268.6120303,-46
2026-09-13 19:07:48.619,1789337268.6197226,-63
2026-09-13 19:07:48.627,1789337268.627415,-77
2026-09-13 19:07:48.635,1789337268.6351073,-84
2026-09-13 19:07:48.642,1789337268.6427996,-82
2026-09-13 19:07:48.650,1789337268.650492,-70
2026-09-13 19:07:48.658,1789337268.6581843,-55
2026-09-13 19:07:48.665,1789337268.6658764,-53
2026-09-13 19:07:48.673,1789337268.6735687,-50
2026-09-13 19:07:48.681,1789337268.681261,-36
2026-09-13 19:07:48.688,1789337268.6889534,-29
2026-09-13 19:07:48.696,1789337268.6966457,-33
2026-09-13 19:07:48.704,1789337268.704338,-38
2026-09-13 19:07:48.712,1789337268.7120304,-46
2026-09-13 19:07:48.719,1789337268.7197227,-43
2026-09-13 19:07:48.727,1789337268.7274148,-29
2026-09-13 19:07:48.735,1789337268.7351072,-24
2026-09-13 19:07:48.742,1789337268.7427995,-29
2026-09-13 19:07:48.750,1789337268.7504919,-26
2026-09-13 19:07:48.758,1789337268.7581842,-24
2026-09-13 19:07:48.765,1789337268.7658765,-26
2026-09-13 19:07:48.773,1789337268.7735689,-26
2026-09-13 19:07:48.781,1789337268.7812612,-31
2026-09-13 19:07:48.788,1789337268.7889535,-41
2026-09-13 19:07:48.796,1789337268.7966456,-36
2026-09-13 19:07:48.804,1789337268.804338,-21
2026-09-13 19:07:48.812,1789337268.8120303,-12
2026-09-13 19:07:48.819,1789337268.8191254,9
2026-09-13 19:07:48.826,1789337268.8268178,43
2026-09-13 19:07:48.834,1789337268.83451,60
2026-09-13 19:07:48.842,1789337268.8422024,46
2026-09-13 19:07:48.849,1789337268.8498948,24
2026-09-13 19:07:48.857,1789337268.8575869,4
2026-09-13 19:07:48.865,1789337268.8652792,-14
2026-09-13 19:07:48.872,1789337268.8729715,-21
2026-09-13 19:07:48.880,1789337268.8806639,-19
2026-09-13 19:07:48.888,1789337268.8883562,-21
2026-09-13 19:07:48.896,1789337268.8960485,-24
2026-09-13 19:07:48.903,1789337268.903741,-21
2026-09-13 19:07:48.911,1789337268.9114332,-29
2026-09-13 19:07:48.919,1789337268.9191253,-33
2026-09-13 19:07:48.926,1789337268.9268177,29
2026-09-13 19:07:48.934,1789337268.93451,189
2026-09-13 19:07:48.942,1789337268.9422023,438
2026-09-13 19:07:48.949,1789337268.9498947,696
2026-09-13 19:07:48.957,1789337268.957587,557
2026-09-13 19:07:48.965,1789337268.9652793,-89
2026-09-13 19:07:48.972,1789337268.9729717,-404
2026-09-13 19:07:48.980,1789337268.9806638,-118
2026-09-13 19:07:48.988,1789337268.988356,19
2026-09-13 19:07:48.996,1789337268.9960485,-80
2026-09-13 19:07:49.003,1789337269.0037408,-58
2026-09-13 19:07:49.011,1789337269.0114331,-21
2026-09-13 19:07:49.019,1789337269.0191255,-50
2026-09-13 19:07:49.026,1789337269.0268178,-33
2026-09-13 19:07:49.034,1789337269.0345101,-2
2026-09-13 19:07:49.042,1789337269.0422022,-14
2026-09-13 19:07:49.049,1789337269.0498946,-14
2026-09-13 19:07:49.057,1789337269.057587,14
2026-09-13 19:07:49.065,1789337269.0652792,21
2026-09-13 19:07:49.072,1789337269.0729716,16
2026-09-13 19:07:49.080,1789337269.080664,21
2026-09-13 19:07:49.088,1789337269.0883563,29
2026-09-13 19:07:49.096,1789337269.0960486,41
2026-09-13 19:07:49.103,1789337269.1037407,60
2026-09-13 19:07:49.111,1789337269.111433,75
2026-09-13 19:07:49.119,1789337269.1191254,77
2026-09-13 19:07:49.126,1789337269.1268177,89
2026-09-13 19:07:49.134,1789337269.13451,106
2026-09-13 19:07:49.142,1789337269.1422024,111
2026-09-13 19:07:49.149,1789337269.1498947,116
2026-09-13 19:07:49.157,1789337269.157587,118
2026-09-13 19:07:49.165,1789337269.1652792,109
2026-09-13 19:07:49.172,1789337269.1729715,111
2026-09-13 19:07:49.180,1789337269.1806638,128
2026-09-13 19:07:49.188,1789337269.1883562,118
2026-09-13 19:07:49.196,1789337269.1960485,70
2026-09-13 19:07:49.203,1789337269.2037408,21
2026-09-13 19:07:49.211,1789337269.2114332,0
2026-09-13 19:07:49.219,1789337269.2191255,-33
2026-09-13 19:07:49.226,1789337269.2268176,-65
2026-09-13 19:07:49.234,1789337269.23451,-67
2026-09-13 19:07:49.242,1789337269.2422023,-63
2026-09-13 19:07:49.249,1789337269.2498946,-72
2026-09-13 19:07:49.257,1789337269.257587,-82
2026-09-13 19:07:49.265,1789337269.2652793,-75
2026-09-13 19:07:49.272,1789337269.2729716,-63
2026-09-13 19:07:49.280,1789337269.280664,-48
2026-09-13 19:07:49.288,1789337269.288356,-36
2026-09-13 19:07:49.296,1789337269.2960484,-29
2026-09-13 19:07:49.303,1789337269.3037407,-29
2026-09-13 19:07:49.311,1789337269.311433,-31
2026-09-13 19:07:49.319,1789337269.3191254,-31
2026-09-13 19:07:49.326,1789337269.3268178,-33
2026-09-13 19:07:49.334,1789337269.33451,-31
2026-09-13 19:07:49.342,1789337269.3422024,-24
2026-09-13 19:07:49.349,1789337269.3498948,-21
2026-09-13 19:07:49.357,1789337269.3575869,-24
2026-09-13 19:07:49.365,1789337269.3652792,-21
2026-09-13 19:07:49.372,1789337269.3729715,-21
2026-09-13 19:07:49.380,1789337269.380082,-43
2026-09-13 19:07:49.387,1789337269.3877742,-53
2026-09-13 19:07:49.395,1789337269.3954666,-33
2026-09-13 19:07:49.403,1789337269.403159,-26
2026-09-13 19:07:49.410,1789337269.4108512,-24
2026-09-13 19:07:49.418,1789337269.4185433,7
2026-09-13 19:07:49.426,1789337269.4262357,33
2026-09-13 19:07:49.433,1789337269.433928,29
2026-09-13 19:07:49.441,1789337269.4416203,7
2026-09-13 19:07:49.449,1789337269.4493127,-16
2026-09-13 19:07:49.457,1789337269.457005,-31
2026-09-13 19:07:49.464,1789337269.4646974,-24
2026-09-13 19:07:49.472,1789337269.4723897,-16
2026-09-13 19:07:49.480,1789337269.4800818,-19
2026-09-13 19:07:49.487,1789337269.4877741,-24
2026-09-13 19:07:49.495,1789337269.4954665,-29
2026-09-13 19:07:49.503,1789337269.5031588,-33
2026-09-13 19:07:49.510,1789337269.5108511,-43
2026-09-13 19:07:49.518,1789337269.5185435,-21
2026-09-13 19:07:49.526,1789337269.5262358,116
2026-09-13 19:07:49.533,1789337269.5339282,395
2026-09-13 19:07:49.541,1789337269.5416203,729
2026-09-13 19:07:49.549,1789337269.5493126,756
2026-09-13 19:07:49.557,1789337269.557005,150
2026-09-13 19:07:49.564,1789337269.5646973,-426
2026-09-13 19:07:49.572,1789337269.5723896,-261
2026-09-13 19:07:49.580,1789337269.580082,19
2026-09-13 19:07:49.587,1789337269.5877743,-50
2026-09-13 19:07:49.595,1789337269.5954666,-89
2026-09-13 19:07:49.603,1789337269.6031587,-41
2026-09-13 19:07:49.610,1789337269.610851,-60
2026-09-13 19:07:49.618,1789337269.6185434,-63
2026-09-13 19:07:49.626,1789337269.6262357,-33
2026-09-13 19:07:49.633,1789337269.633928,-36
2026-09-13 19:07:49.641,1789337269.6416204,-33
2026-09-13 19:07:49.649,1789337269.6493127,-9
2026-09-13 19:07:49.657,1789337269.657005,-2
2026-09-13 19:07:49.664,1789337269.6646972,-2
2026-09-13 19:07:49.672,1789337269.6723895,12
2026-09-13 19:07:49.680,1789337269.6800818,21
2026-09-13 19:07:49.687,1789337269.6877742,26
2026-09-13 19:07:49.695,1789337269.6954665,38
2026-09-13 19:07:49.703,1789337269.7031589,55
2026-09-13 19:07:49.710,1789337269.7108512,63
2026-09-13 19:07:49.718,1789337269.7185435,70
2026-09-13 19:07:49.726,1789337269.7262356,82
2026-09-13 19:07:49.733,1789337269.733928,92
2026-09-13 19:07:49.741,1789337269.7416203,94
2026-09-13 19:07:49.749,1789337269.7493126,92
2026-09-13 19:07:49.757,1789337269.757005,89
2026-09-13 19:07:49.764,1789337269.7646973,87
2026-09-13 19:07:49.772,1789337269.7723897,84
2026-09-13 19:07:49.780,1789337269.780082,70
2026-09-13 19:07:49.787,1789337269.787774,36
2026-09-13 19:07:49.795,1789337269.7954664,-4
2026-09-13 19:07:49.803,1789337269.8031588,-43
2026-09-13 19:07:49.810,1789337269.810851,-70
2026-09-13 19:07:49.818,1789337269.8185434,-89
2026-09-13 19:07:49.826,1789337269.8262358,-104
2026-09-13 19:07:49.833,1789337269.833928,-113
2026-09-13 19:07:49.841,1789337269.8416204,-116
2026-09-13 19:07:49.849,1789337269.8493125,-113
2026-09-13 19:07:49.857,1789337269.857005,-111
2026-09-13 19:07:49.864,1789337269.8646972,-106
2026-09-13 19:07:49.872,1789337269.8723896,-99
2026-09-13 19:07:49.880,1789337269.880082,-89
2026-09-13 19:07:49.887,1789337269.8877742,-84
2026-09-13 19:07:49.895,1789337269.8954666,-80
2026-09-13 19:07:49.903,1789337269.903159,-77
2026-09-13 19:07:49.910,1789337269.9108512,-75
2026-09-13 19:07:49.918,1789337269.9185433,-70
2026-09-13 19:07:49.926,1789337269.9262357,-72
2026-09-13 19:07:49.933,1789337269.933928,-75
2026-09-13 19:07:49.941,1789337269.9410279,-75
2026-09-13 19:07:49.948,1789337269.9487202,-77
2026-09-13 19:07:49.956,1789337269.9564126,-89
2026-09-13 19:07:49.964,1789337269.964105,-94
2026-09-13 19:07:49.971,1789337269.9717972,-87
2026-09-13 19:07:49.979,1789337269.9794893,-87
2026-09-13 19:07:49.987,1789337269.9871817,-82
2026-09-13 19:07:49.994,1789337269.994874,-53
2026-09-13 19:07:50.002,1789337270.0025663,-31
2026-09-13 19:07:50.010,1789337270.0102587,-33
2026-09-13 19:07:50.017,1789337270.017951,-46
2026-09-13 19:07:50.025,1789337270.0256433,-65
2026-09-13 19:07:50.033,1789337270.0333357,-84
2026-09-13 19:07:50.041,1789337270.0410278,-94
2026-09-13 19:07:50.048,1789337270.0487201,-94
2026-09-13 19:07:50.056,1789337270.0564125,-89
2026-09-13 19:07:50.064,1789337270.0641048,-87
2026-09-13 19:07:50.071,1789337270.0717971,-87
2026-09-13 19:07:50.079,1789337270.0794895,-89
2026-09-13 19:07:50.087,1789337270.0871818,-97
2026-09-13 19:07:50.094,1789337270.0948741,-82
2026-09-13 19:07:50.102,1789337270.1025662,24
2026-09-13 19:07:50.110,1789337270.1102586,269
2026-09-13 19:07:50.117,1789337270.117951,608
2026-09-13 19:07:50.125,1789337270.1256433,715
2026-09-13 19:07:50.133,1789337270.1333356,172
2026-09-13 19:07:50.141,1789337270.141028,-426
2026-09-13 19:07:50.148,1789337270.1487203,-303
2026-09-13 19:07:50.156,1789337270.1564126,-21
2026-09-13 19:07:50.164,1789337270.1641047,-116
2026-09-13 19:07:50.171,1789337270.171797,-169
2026-09-13 19:07:50.179,1789337270.1794894,-84
2026-09-13 19:07:50.187,1789337270.1871817,-97
2026-09-13 19:07:50.194,1789337270.194874,-123
2026-09-13 19:07:50.202,1789337270.2025664,-92
2026-09-13 19:07:50.210,1789337270.2102587,-77
2026-09-13 19:07:50.217,1789337270.217951,-89
2026-09-13 19:07:50.225,1789337270.2256432,-84
2026-09-13 19:07:50.233,1789337270.2333355,-70
2026-09-13 19:07:50.241,1789337270.2410278,-60
2026-09-13 19:07:50.248,1789337270.2487202,-55
2026-09-13 19:07:50.256,1789337270.2564125,-50
2026-09-13 19:07:50.264,1789337270.2641048,-43
2026-09-13 19:07:50.271,1789337270.2717972,-33
2026-09-13 19:07:50.279,1789337270.2794895,-24
2026-09-13 19:07:50.287,1789337270.2871816,-19
2026-09-13 19:07:50.294,1789337270.294874,-14
2026-09-13 19:07:50.302,1789337270.3025663,-9
2026-09-13 19:07:50.310,1789337270.3102586,-4
2026-09-13 19:07:50.317,1789337270.317951,-9
2026-09-13 19:07:50.325,1789337270.3256433,-14
2026-09-13 19:07:50.333,1789337270.3333356,-16
2026-09-13 19:07:50.341,1789337270.341028,-19
2026-09-13 19:07:50.348,1789337270.34872,-16
2026-09-13 19:07:50.356,1789337270.3564124,-21
2026-09-13 19:07:50.364,1789337270.3641047,-41
2026-09-13 19:07:50.371,1789337270.371797,-65
2026-09-13 19:07:50.379,1789337270.3794894,-84
2026-09-13 19:07:50.387,1789337270.3871818,-106
2026-09-13 19:07:50.394,1789337270.394874,-118
2026-09-13 19:07:50.402,1789337270.4025664,-123
2026-09-13 19:07:50.410,1789337270.4102585,-126
2026-09-13 19:07:50.417,1789337270.4179509,-126
2026-09-13 19:07:50.425,1789337270.4256432,-121
2026-09-13 19:07:50.433,1789337270.4333355,-113
2026-09-13 19:07:50.441,1789337270.4410279,-104
2026-09-13 19:07:50.448,1789337270.4487202,-99
2026-09-13 19:07:50.456,1789337270.4564126,-97
2026-09-13 19:07:50.464,1789337270.464105,-94
2026-09-13 19:07:50.471,1789337270.4717972,-92
2026-09-13 19:07:50.479,1789337270.4794893,-89
2026-09-13 19:07:50.487,1789337270.4871817,-89
2026-09-13 19:07:50.494,1789337270.494874,-89
2026-09-13 19:07:50.501,1789337270.5019743,-92
2026-09-13 19:07:50.509,1789337270.5096667,-92
2026-09-13 19:07:50.517,1789337270.517359,-92
2026-09-13 19:07:50.525,1789337270.5250514,-97
2026-09-13 19:07:50.532,1789337270.5327437,-111
2026-09-13 19:07:50.540,1789337270.5404358,-113
2026-09-13 19:07:50.548,1789337270.5481281,-106
2026-09-13 19:07:50.555,1789337270.5558205,-97
2026-09-13 19:07:50.563,1789337270.5635128,-92
2026-09-13 19:07:50.571,1789337270.5712051,-72
2026-09-13 19:07:50.578,1789337270.5788975,-43
2026-09-13 19:07:50.586,1789337270.5865898,-41
2026-09-13 19:07:50.594,1789337270.5942822,-58
2026-09-13 19:07:50.601,1789337270.6019742,-72
2026-09-13 19:07:50.609,1789337270.6096666,-92
2026-09-13 19:07:50.617,1789337270.617359,-104
2026-09-13 19:07:50.625,1789337270.6250513,-104
2026-09-13 19:07:50.632,1789337270.6327436,-106
2026-09-13 19:07:50.640,1789337270.640436,-109
2026-09-13 19:07:50.648,1789337270.6481283,-106
2026-09-13 19:07:50.655,1789337270.6558206,-101
2026-09-13 19:07:50.663,1789337270.6635127,-111
2026-09-13 19:07:50.671,1789337270.671205,-118
2026-09-13 19:07:50.678,1789337270.6788974,-53
2026-09-13 19:07:50.686,1789337270.6865897,123
2026-09-13 19:07:50.694,1789337270.694282,417
2026-09-13 19:07:50.701,1789337270.7019744,691
2026-09-13 19:07:50.709,1789337270.7096667,438
2026-09-13 19:07:50.717,1789337270.717359,-237
2026-09-13 19:07:50.725,1789337270.7250512,-392
2026-09-13 19:07:50.732,1789337270.7327435,-89
2026-09-13 19:07:50.740,1789337270.7404358,-77
2026-09-13 19:07:50.748,1789337270.7481282,-189
2026-09-13 19:07:50.755,1789337270.7558205,-130
2026-09-13 19:07:50.763,1789337270.7635128,-101
2026-09-13 19:07:50.771,1789337270.7712052,-140
2026-09-13 19:07:50.778,1789337270.7788975,-123
2026-09-13 19:07:50.786,1789337270.7865896,-97
2026-09-13 19:07:50.794,1789337270.794282,-104
2026-09-13 19:07:50.801,1789337270.8019743,-94
2026-09-13 19:07:50.809,1789337270.8096666,-75
2026-09-13 19:07:50.817,1789337270.817359,-75
2026-09-13 19:07:50.825,1789337270.8250513,-72
2026-09-13 19:07:50.832,1789337270.8327436,-65
2026-09-13 19:07:50.840,1789337270.840436,-60
2026-09-13 19:07:50.848,1789337270.848128,-55
2026-09-13 19:07:50.855,1789337270.8558204,-43
2026-09-13 19:07:50.863,1789337270.8635128,-33
2026-09-13 19:07:50.871,1789337270.871205,-29
2026-09-13 19:07:50.878,1789337270.8788974,-29
2026-09-13 19:07:50.886,1789337270.8865898,-26
2026-09-13 19:07:50.894,1789337270.894282,-24
2026-09-13 19:07:50.901,1789337270.9019744,-26
2026-09-13 19:07:50.909,1789337270.9096665,-31
2026-09-13 19:07:50.917,1789337270.9173589,-31
2026-09-13 19:07:50.925,1789337270.9250512,-24
2026-09-13 19:07:50.932,1789337270.9327435,-31
2026-09-13 19:07:50.940,1789337270.940436,-48
2026-09-13 19:07:50.948,1789337270.9481282,-65
2026-09-13 19:07:50.955,1789337270.9558206,-87
2026-09-13 19:07:50.963,1789337270.963513,-106
2026-09-13 19:07:50.971,1789337270.971205,-116
2026-09-13 19:07:50.978,1789337270.9788973,-123
2026-09-13 19:07:50.986,1789337270.9865897,-130
2026-09-13 19:07:50.994,1789337270.994282,-133
2026-09-13 19:07:51.001,1789337271.0019743,-128
2026-09-13 19:07:51.009,1789337271.0096667,-118
2026-09-13 19:07:51.017,1789337271.017359,-116
2026-09-13 19:07:51.025,1789337271.0250514,-111
2026-09-13 19:07:51.032,1789337271.0327437,-104
2026-09-13 19:07:51.040,1789337271.0404358,-99
2026-09-13 19:07:51.048,1789337271.0481281,-101
2026-09-13 19:07:51.055,1789337271.0558205,-99
2026-09-13 19:07:51.062,1789337271.0629206,-97
2026-09-13 19:07:51.070,1789337271.070613,-94
2026-09-13 19:07:51.078,1789337271.0783052,-92
2026-09-13 19:07:51.085,1789337271.0859976,-87
2026-09-13 19:07:51.093,1789337271.09369,-89
2026-09-13 19:07:51.101,1789337271.101382,-94
2026-09-13 19:07:51.109,1789337271.1090744,-97
2026-09-13 19:07:51.116,1789337271.1167667,-99
2026-09-13 19:07:51.124,1789337271.124459,-106
2026-09-13 19:07:51.132,1789337271.1321514,-97
2026-09-13 19:07:51.139,1789337271.1398437,-77
2026-09-13 19:07:51.147,1789337271.147536,-67
2026-09-13 19:07:51.155,1789337271.1552284,-46
2026-09-13 19:07:51.162,1789337271.1629205,-16
2026-09-13 19:07:51.170,1789337271.1706128,-19
2026-09-13 19:07:51.178,1789337271.1783051,-43
2026-09-13 19:07:51.185,1789337271.1859975,-60
2026-09-13 19:07:51.193,1789337271.1936898,-75
2026-09-13 19:07:51.201,1789337271.2013822,-89
2026-09-13 19:07:51.209,1789337271.2090745,-94
2026-09-13 19:07:51.216,1789337271.2167668,-94
2026-09-13 19:07:51.224,1789337271.224459,-92
2026-09-13 19:07:51.232,1789337271.2321513,-87
2026-09-13 19:07:51.239,1789337271.2398436,-84
2026-09-13 19:07:51.247,1789337271.247536,-94
2026-09-13 19:07:51.255,1789337271.2552283,-92
2026-09-13 19:07:51.262,1789337271.2629206,-24
2026-09-13 19:07:51.270,1789337271.270613,143
2026-09-13 19:07:51.278,1789337271.2783053,424
2026-09-13 19:07:51.285,1789337271.2859974,601
2026-09-13 19:07:51.293,1789337271.2936897,232
2026-09-13 19:07:51.301,1789337271.301382,-315
2026-09-13 19:07:51.309,1789337271.3090744,-298
2026-09-13 19:07:51.316,1789337271.3167667,-46
2026-09-13 19:07:51.324,1789337271.324459,-80
2026-09-13 19:07:51.332,1789337271.3321514,-138
2026-09-13 19:07:51.339,1789337271.3398438,-82
2026-09-13 19:07:51.347,1789337271.3475358,-80
2026-09-13 19:07:51.355,1789337271.3552282,-99
2026-09-13 19:07:51.362,1789337271.3629205,-77
2026-09-13 19:07:51.370,1789337271.3706129,-63
2026-09-13 19:07:51.378,1789337271.3783052,-65
2026-09-13 19:07:51.385,1789337271.3859975,-55
2026-09-13 19:07:51.393,1789337271.3936899,-41
2026-09-13 19:07:51.401,1789337271.4013822,-41
2026-09-13 19:07:51.409,1789337271.4090743,-36
2026-09-13 19:07:51.416,1789337271.4167666,-26
2026-09-13 19:07:51.424,1789337271.424459,-21
2026-09-13 19:07:51.432,1789337271.4321513,-14
2026-09-13 19:07:51.439,1789337271.4398437,-2
2026-09-13 19:07:51.447,1789337271.447536,7
2026-09-13 19:07:51.455,1789337271.4552283,16
2026-09-13 19:07:51.462,1789337271.4629207,21
2026-09-13 19:07:51.470,1789337271.4706128,29
2026-09-13 19:07:51.478,1789337271.478305,31
2026-09-13 19:07:51.485,1789337271.4859974,29
2026-09-13 19:07:51.493,1789337271.4936898,31
2026-09-13 19:07:51.501,1789337271.501382,33
2026-09-13 19:07:51.509,1789337271.5090744,36
2026-09-13 19:07:51.516,1789337271.5167668,29
2026-09-13 19:07:51.524,1789337271.5244591,14
2026-09-13 19:07:51.532,1789337271.5321512,-9
2026-09-13 19:07:51.539,1789337271.5398436,-38
2026-09-13 19:07:51.547,1789337271.547536,-63
2026-09-13 19:07:51.555,1789337271.5552282,-82
2026-09-13 19:07:51.562,1789337271.5629206,-94
2026-09-13 19:07:51.570,1789337271.570613,-97
2026-09-13 19:07:51.578,1789337271.5783052,-92
2026-09-13 19:07:51.585,1789337271.5859976,-87
2026-09-13 19:07:51.593,1789337271.59369,-82
2026-09-13 19:07:51.601,1789337271.601382,-70
2026-09-13 19:07:51.609,1789337271.6090744,-63
2026-09-13 19:07:51.616,1789337271.6167667,-65
2026-09-13 19:07:51.623,1789337271.6238668,-60
2026-09-13 19:07:51.631,1789337271.6315591,-46
2026-09-13 19:07:51.639,1789337271.6392515,-43
2026-09-13 19:07:51.646,1789337271.6469438,-53
2026-09-13 19:07:51.654,1789337271.6546361,-53
2026-09-13 19:07:51.662,1789337271.6623282,-41
2026-09-13 19:07:51.670,1789337271.6700206,-36
2026-09-13 19:07:51.677,1789337271.677713,-41
2026-09-13 19:07:51.685,1789337271.6854053,-43
2026-09-13 19:07:51.693,1789337271.6930976,-50
2026-09-13 19:07:51.700,1789337271.70079,-55
2026-09-13 19:07:51.708,1789337271.7084823,-46
2026-09-13 19:07:51.716,1789337271.7161746,-31
2026-09-13 19:07:51.723,1789337271.7238667,-16
2026-09-13 19:07:51.731,1789337271.731559,4
2026-09-13 19:07:51.739,1789337271.7392514,21
2026-09-13 19:07:51.746,1789337271.7469437,24
2026-09-13 19:07:51.754,1789337271.754636,16
2026-09-13 19:07:51.762,1789337271.7623284,2
2026-09-13 19:07:51.770,1789337271.7700207,-21
2026-09-13 19:07:51.777,1789337271.777713,-38
2026-09-13 19:07:51.785,1789337271.7854052,-41
2026-09-13 19:07:51.793,1789337271.7930975,-41
2026-09-13 19:07:51.800,1789337271.8007898,-46
2026-09-13 19:07:51.808,1789337271.8084822,-48
2026-09-13 19:07:51.816,1789337271.8161745,-41
2026-09-13 19:07:51.823,1789337271.8238668,-43
2026-09-13 19:07:51.831,1789337271.8315592,-55
2026-09-13 19:07:51.839,1789337271.8392515,0
2026-09-13 19:07:51.846,1789337271.8469436,167
2026-09-13 19:07:51.854,1789337271.854636,429
2026-09-13 19:07:51.862,1789337271.8623283,664
2026-09-13 19:07:51.870,1789337271.8700206,443
2026-09-13 19:07:51.877,1789337271.877713,-206
2026-09-13 19:07:51.885,1789337271.8854053,-392
2026-09-13 19:07:51.893,1789337271.8930976,-77
2026-09-13 19:07:51.900,1789337271.90079,-4
2026-09-13 19:07:51.908,1789337271.908482,-101
2026-09-13 19:07:51.916,1789337271.9161744,-60
2026-09-13 19:07:51.923,1789337271.9238667,-31
2026-09-13 19:07:51.931,1789337271.931559,-53
2026-09-13 19:07:51.939,1789337271.9392514,-33
2026-09-13 19:07:51.946,1789337271.9469438,-19
2026-09-13 19:07:51.954,1789337271.954636,-31
2026-09-13 19:07:51.962,1789337271.9623284,-21
2026-09-13 19:07:51.970,1789337271.9700205,0
2026-09-13 19:07:51.977,1789337271.9777129,-2
2026-09-13 19:07:51.985,1789337271.9854052,0
2026-09-13 19:07:51.993,1789337271.9930975,16
2026-09-13 19:07:52.000,1789337272.0007899,26
2026-09-13 19:07:52.008,1789337272.0084822,36
2026-09-13 19:07:52.016,1789337272.0161746,43
2026-09-13 19:07:52.023,1789337272.023867,53
2026-09-13 19:07:52.031,1789337272.031559,70
2026-09-13 19:07:52.039,1789337272.0392513,80
2026-09-13 19:07:52.046,1789337272.0469437,84
2026-09-13 19:07:52.054,1789337272.054636,89
2026-09-13 19:07:52.062,1789337272.0623283,97
2026-09-13 19:07:52.070,1789337272.0700207,106
2026-09-13 19:07:52.077,1789337272.077713,113
2026-09-13 19:07:52.085,1789337272.0854053,111
2026-09-13 19:07:52.093,1789337272.0930974,99
2026-09-13 19:07:52.100,1789337272.1007898,72
2026-09-13 19:07:52.108,1789337272.1084821,38
2026-09-13 19:07:52.116,1789337272.1161745,7
2026-09-13 19:07:52.123,1789337272.1238668,-31
2026-09-13 19:07:52.131,1789337272.1315591,-60
2026-09-13 19:07:52.139,1789337272.1392515,-72
2026-09-13 19:07:52.146,1789337272.1469438,-75
2026-09-13 19:07:52.154,1789337272.1546361,-80
2026-09-13 19:07:52.162,1789337272.1623282,-75
2026-09-13 19:07:52.170,1789337272.1700206,-72
2026-09-13 19:07:52.177,1789337272.177713,-75
2026-09-13 19:07:52.184,1789337272.1848335,-70
2026-09-13 19:07:52.192,1789337272.1925259,-63
2026-09-13 19:07:52.200,1789337272.2002182,-50
2026-09-13 19:07:52.207,1789337272.2079105,-36
2026-09-13 19:07:52.215,1789337272.2156029,-38
2026-09-13 19:07:52.223,1789337272.223295,-43
2026-09-13 19:07:52.230,1789337272.2309873,-36
2026-09-13 19:07:52.238,1789337272.2386796,-36
2026-09-13 19:07:52.246,1789337272.246372,-38
2026-09-13 19:07:52.254,1789337272.2540643,-36
2026-09-13 19:07:52.261,1789337272.2617567,-36
2026-09-13 19:07:52.269,1789337272.269449,-46
2026-09-13 19:07:52.277,1789337272.2771413,-43
2026-09-13 19:07:52.284,1789337272.2848334,-43
2026-09-13 19:07:52.292,1789337272.2925258,-48
2026-09-13 19:07:52.300,1789337272.300218,-19
2026-09-13 19:07:52.307,1789337272.3079104,21
2026-09-13 19:07:52.315,1789337272.3156028,24
2026-09-13 19:07:52.323,1789337272.323295,7
2026-09-13 19:07:52.330,1789337272.3309875,-4
2026-09-13 19:07:52.338,1789337272.3386798,-21
2026-09-13 19:07:52.346,1789337272.346372,-29
2026-09-13 19:07:52.354,1789337272.3540642,-29
2026-09-13 19:07:52.361,1789337272.3617566,-36
2026-09-13 19:07:52.369,1789337272.369449,-43
2026-09-13 19:07:52.377,1789337272.3771412,-38
2026-09-13 19:07:52.384,1789337272.3848336,-33
2026-09-13 19:07:52.392,1789337272.392526,-33
2026-09-13 19:07:52.400,1789337272.4002182,-43
2026-09-13 19:07:52.407,1789337272.4079103,-19
2026-09-13 19:07:52.415,1789337272.4156027,123
2026-09-13 19:07:52.423,1789337272.423295,412
2026-09-13 19:07:52.430,1789337272.4309874,717
2026-09-13 19:07:52.438,1789337272.4386797,608
2026-09-13 19:07:52.446,1789337272.446372,-75
2026-09-13 19:07:52.454,1789337272.4540644,-453
2026-09-13 19:07:52.461,1789337272.4617567,-150
2026-09-13 19:07:52.469,1789337272.4694488,21
2026-09-13 19:07:52.477,1789337272.4771411,-101
2026-09-13 19:07:52.484,1789337272.4848335,-84
2026-09-13 19:07:52.492,1789337272.4925258,-12
2026-09-13 19:07:52.500,1789337272.5002182,-46
2026-09-13 19:07:52.507,1789337272.5079105,-63
2026-09-13 19:07:52.515,1789337272.5156028,-29
2026-09-13 19:07:52.523,1789337272.5232952,-19
2026-09-13 19:07:52.530,1789337272.5309873,-31
2026-09-13 19:07:52.538,1789337272.5386796,-19
2026-09-13 19:07:52.546,1789337272.546372,7
2026-09-13 19:07:52.554,1789337272.5540643,14
2026-09-13 19:07:52.561,1789337272.5617566,16
2026-09-13 19:07:52.569,1789337272.569449,24
2026-09-13 19:07:52.577,1789337272.5771413,26
2026-09-13 19:07:52.584,1789337272.5848336,36
2026-09-13 19:07:52.592,1789337272.5925257,60
2026-09-13 19:07:52.600,1789337272.600218,70
2026-09-13 19:07:52.607,1789337272.6079104,72
2026-09-13 19:07:52.615,1789337272.6156027,87
2026-09-13 19:07:52.623,1789337272.623295,101
2026-09-13 19:07:52.630,1789337272.6309874,97
2026-09-13 19:07:52.638,1789337272.6386797,94
2026-09-13 19:07:52.646,1789337272.646372,97
2026-09-13 19:07:52.654,1789337272.6540642,77
2026-09-13 19:07:52.661,1789337272.6617565,60
2026-09-13 19:07:52.669,1789337272.6694489,53
2026-09-13 19:07:52.677,1789337272.6771412,21
2026-09-13 19:07:52.684,1789337272.6848335,-19
2026-09-13 19:07:52.692,1789337272.6925259,-46
2026-09-13 19:07:52.700,1789337272.7002182,-63
2026-09-13 19:07:52.707,1789337272.7079105,-80
2026-09-13 19:07:52.715,1789337272.7156029,-89
2026-09-13 19:07:52.723,1789337272.723295,-92
2026-09-13 19:07:52.730,1789337272.7309873,-97
2026-09-13 19:07:52.738,1789337272.7386796,-92
2026-09-13 19:07:52.745,1789337272.7457898,-84
2026-09-13 19:07:52.753,1789337272.753482,-75
2026-09-13 19:07:52.761,1789337272.7611744,-65
2026-09-13 19:07:52.768,1789337272.7688668,-60
2026-09-13 19:07:52.776,1789337272.776559,-58
2026-09-13 19:07:52.784,1789337272.7842512,-58
2026-09-13 19:07:52.791,1789337272.7919436,-60
2026-09-13 19:07:52.799,1789337272.799636,-60
2026-09-13 19:07:52.807,1789337272.8073282,-55
2026-09-13 19:07:52.815,1789337272.8150206,-53
2026-09-13 19:07:52.822,1789337272.822713,-60
2026-09-13 19:07:52.830,1789337272.8304052,-70
2026-09-13 19:07:52.838,1789337272.8380976,-67
2026-09-13 19:07:52.845,1789337272.8457897,-63
2026-09-13 19:07:52.853,1789337272.853482,-60
2026-09-13 19:07:52.861,1789337272.8611743,-48
2026-09-13 19:07:52.868,1789337272.8688667,-31
2026-09-13 19:07:52.876,1789337272.876559,-21
2026-09-13 19:07:52.884,1789337272.8842514,-29
2026-09-13 19:07:52.891,1789337272.8919437,-48
2026-09-13 19:07:52.899,1789337272.899636,-70
2026-09-13 19:07:52.907,1789337272.9073281,-82
2026-09-13 19:07:52.915,1789337272.9150205,-82
2026-09-13 19:07:52.922,1789337272.9227128,-84
2026-09-13 19:07:52.930,1789337272.9304051,-87
2026-09-13 19:07:52.938,1789337272.9380975,-84
2026-09-13 19:07:52.945,1789337272.9457898,-80
2026-09-13 19:07:52.953,1789337272.9534822,-87
2026-09-13 19:07:52.961,1789337272.9611745,-104
2026-09-13 19:07:52.968,1789337272.9688666,-77
2026-09-13 19:07:52.976,1789337272.976559,77
2026-09-13 19:07:52.984,1789337272.9842513,368
2026-09-13 19:07:52.991,1789337272.9919436,632
2026-09-13 19:07:52.999,1789337272.999636,402
2026-09-13 19:07:53.007,1789337273.0073283,-281
2026-09-13 19:07:53.015,1789337273.0150206,-475
2026-09-13 19:07:53.022,1789337273.022713,-116
2026-09-13 19:07:53.030,1789337273.030405,-33
2026-09-13 19:07:53.038,1789337273.0380974,-160
2026-09-13 19:07:53.045,1789337273.0457897,-109
2026-09-13 19:07:53.053,1789337273.053482,-65
2026-09-13 19:07:53.061,1789337273.0611744,-111
2026-09-13 19:07:53.068,1789337273.0688667,-104
2026-09-13 19:07:53.076,1789337273.076559,-77
2026-09-13 19:07:53.084,1789337273.0842514,-82
2026-09-13 19:07:53.091,1789337273.0919435,-77
2026-09-13 19:07:53.099,1789337273.0996358,-58
2026-09-13 19:07:53.107,1789337273.1073282,-58
2026-09-13 19:07:53.115,1789337273.1150205,-55
2026-09-13 19:07:53.122,1789337273.1227129,-43
2026-09-13 19:07:53.130,1789337273.1304052,-33
2026-09-13 19:07:53.138,1789337273.1380975,-26
2026-09-13 19:07:53.145,1789337273.1457899,-21
2026-09-13 19:07:53.153,1789337273.153482,-14
2026-09-13 19:07:53.161,1789337273.1611743,-4
2026-09-13 19:07:53.168,1789337273.1688666,2
2026-09-13 19:07:53.176,1789337273.176559,4
2026-09-13 19:07:53.184,1789337273.1842513,7
2026-09-13 19:07:53.191,1789337273.1919436,2
2026-09-13 19:07:53.199,1789337273.199636,-2
2026-09-13 19:07:53.207,1789337273.2073283,-2
2026-09-13 19:07:53.215,1789337273.2150204,0
2026-09-13 19:07:53.222,1789337273.2227128,-4
2026-09-13 19:07:53.230,1789337273.230405,-24
2026-09-13 19:07:53.238,1789337273.2380974,-53
2026-09-13 19:07:53.245,1789337273.2457898,-80
2026-09-13 19:07:53.253,1789337273.253482,-101
2026-09-13 19:07:53.261,1789337273.2611744,-118
2026-09-13 19:07:53.268,1789337273.2688668,-123
2026-09-13 19:07:53.276,1789337273.276559,-123
2026-09-13 19:07:53.284,1789337273.2842512,-126
2026-09-13 19:07:53.291,1789337273.2919436,-123
2026-09-13 19:07:53.299,1789337273.299636,-118
2026-09-13 19:07:53.306,1789337273.3067565,-111
2026-09-13 19:07:53.314,1789337273.3144488,-101
2026-09-13 19:07:53.322,1789337273.3221412,-97
2026-09-13 19:07:53.329,1789337273.3298335,-94
2026-09-13 19:07:53.337,1789337273.3375258,-87
2026-09-13 19:07:53.345,1789337273.345218,-82
2026-09-13 19:07:53.352,1789337273.3529103,-82
2026-09-13 19:07:53.360,1789337273.3606026,-84
2026-09-13 19:07:53.368,1789337273.368295,-87
2026-09-13 19:07:53.375,1789337273.3759873,-89
2026-09-13 19:07:53.383,1789337273.3836796,-89
2026-09-13 19:07:53.391,1789337273.391372,-84
2026-09-13 19:07:53.399,1789337273.3990643,-77
2026-09-13 19:07:53.406,1789337273.4067564,-67
2026-09-13 19:07:53.414,1789337273.4144487,-43
2026-09-13 19:07:53.422,1789337273.422141,-21
2026-09-13 19:07:53.429,1789337273.4298334,-21
2026-09-13 19:07:53.437,1789337273.4375257,-43
2026-09-13 19:07:53.445,1789337273.445218,-63
2026-09-13 19:07:53.452,1789337273.4529104,-75
2026-09-13 19:07:53.460,1789337273.4606028,-84
2026-09-13 19:07:53.468,1789337273.4682949,-82
2026-09-13 19:07:53.475,1789337273.4759872,-77
2026-09-13 19:07:53.483,1789337273.4836795,-77
2026-09-13 19:07:53.491,1789337273.4913719,-77
2026-09-13 19:07:53.499,1789337273.4990642,-80
2026-09-13 19:07:53.506,1789337273.5067565,-92
2026-09-13 19:07:53.514,1789337273.514449,-87
2026-09-13 19:07:53.522,1789337273.5221412,9
2026-09-13 19:07:53.529,1789337273.5298333,242
2026-09-13 19:07:53.537,1789337273.5375257,596
2026-09-13 19:07:53.545,1789337273.545218,712
2026-09-13 19:07:53.552,1789337273.5529103,152
2026-09-13 19:07:53.560,1789337273.5606027,-417
2026-09-13 19:07:53.568,1789337273.568295,-247
2026-09-13 19:07:53.575,1789337273.5759873,2
2026-09-13 19:07:53.583,1789337273.5836797,-116
2026-09-13 19:07:53.591,1789337273.5913718,-157
2026-09-13 19:07:53.599,1789337273.599064,-72
2026-09-13 19:07:53.606,1789337273.6067564,-87
2026-09-13 19:07:53.614,1789337273.6144488,-113
2026-09-13 19:07:53.622,1789337273.6221411,-82
2026-09-13 19:07:53.629,1789337273.6298335,-75
2026-09-13 19:07:53.637,1789337273.6375258,-80
2026-09-13 19:07:53.645,1789337273.6452181,-65
2026-09-13 19:07:53.652,1789337273.6529102,-50
2026-09-13 19:07:53.660,1789337273.6606026,-50
2026-09-13 19:07:53.668,1789337273.668295,-46
2026-09-13 19:07:53.675,1789337273.6759872,-33
2026-09-13 19:07:53.683,1789337273.6836796,-26
2026-09-13 19:07:53.691,1789337273.691372,-21
2026-09-13 19:07:53.699,1789337273.6990643,-16
2026-09-13 19:07:53.706,1789337273.7067566,-12
2026-09-13 19:07:53.714,1789337273.7144487,-9
2026-09-13 19:07:53.722,1789337273.722141,-4
2026-09-13 19:07:53.729,1789337273.7298334,-7
2026-09-13 19:07:53.737,1789337273.7375257,-16
2026-09-13 19:07:53.745,1789337273.745218,-24
2026-09-13 19:07:53.752,1789337273.7529104,-21
2026-09-13 19:07:53.760,1789337273.7606027,-26
2026-09-13 19:07:53.768,1789337273.768295,-29
2026-09-13 19:07:53.775,1789337273.7759871,-29
2026-09-13 19:07:53.783,1789337273.7836795,-43
2026-09-13 19:07:53.791,1789337273.7913718,-70
2026-09-13 19:07:53.799,1789337273.7990642,-87
2026-09-13 19:07:53.806,1789337273.8067565,-94
2026-09-13 19:07:53.814,1789337273.8144488,-104
2026-09-13 19:07:53.822,1789337273.8221412,-109
2026-09-13 19:07:53.829,1789337273.8298335,-109
2026-09-13 19:07:53.837,1789337273.8375258,-106
2026-09-13 19:07:53.845,1789337273.845218,-101
2026-09-13 19:07:53.852,1789337273.8529103,-97
2026-09-13 19:07:53.860,1789337273.8606026,-92
2026-09-13 19:07:53.867,1789337273.8676825,-87
2026-09-13 19:07:53.875,1789337273.8753748,-82
2026-09-13 19:07:53.883,1789337273.8830671,-80
2026-09-13 19:07:53.890,1789337273.8907595,-77
2026-09-13 19:07:53.898,1789337273.8984518,-72
2026-09-13 19:07:53.906,1789337273.906144,-72
2026-09-13 19:07:53.913,1789337273.9138362,-80
2026-09-13 19:07:53.921,1789337273.9215286,-84
2026-09-13 19:07:53.929,1789337273.929221,-84
2026-09-13 19:07:53.936,1789337273.9369133,-77
2026-09-13 19:07:53.944,1789337273.9446056,-70
2026-09-13 19:07:53.952,1789337273.952298,-60
2026-09-13 19:07:53.959,1789337273.9599903,-33
2026-09-13 19:07:53.967,1789337273.9676824,-14
2026-09-13 19:07:53.975,1789337273.9753747,-19
2026-09-13 19:07:53.983,1789337273.983067,-33
2026-09-13 19:07:53.990,1789337273.9907594,-50
2026-09-13 19:07:53.998,1789337273.9984517,-70
2026-09-13 19:07:54.006,1789337274.006144,-82
2026-09-13 19:07:54.013,1789337274.0138364,-84
2026-09-13 19:07:54.021,1789337274.0215287,-84
2026-09-13 19:07:54.029,1789337274.0292208,-84
2026-09-13 19:07:54.036,1789337274.0369132,-80
2026-09-13 19:07:54.044,1789337274.0446055,-82
2026-09-13 19:07:54.052,1789337274.0522978,-92
2026-09-13 19:07:54.059,1789337274.0599902,-89
2026-09-13 19:07:54.067,1789337274.0676825,-21
2026-09-13 19:07:54.075,1789337274.0753748,150
2026-09-13 19:07:54.083,1789337274.0830672,458
2026-09-13 19:07:54.090,1789337274.0907593,635
2026-09-13 19:07:54.098,1789337274.0984516,210
2026-09-13 19:07:54.106,1789337274.106144,-356
2026-09-13 19:07:54.113,1789337274.1138363,-281
2026-09-13 19:07:54.121,1789337274.1215286,-16
2026-09-13 19:07:54.129,1789337274.129221,-82
2026-09-13 19:07:54.136,1789337274.1369133,-135
2026-09-13 19:07:54.144,1789337274.1446056,-63
2026-09-13 19:07:54.152,1789337274.1522977,-67
2026-09-13 19:07:54.159,1789337274.15999,-99
2026-09-13 19:07:54.167,1789337274.1676824,-72
2026-09-13 19:07:54.175,1789337274.1753747,-58
2026-09-13 19:07:54.183,1789337274.183067,-65
2026-09-13 19:07:54.190,1789337274.1907594,-55
2026-09-13 19:07:54.198,1789337274.1984518,-36
2026-09-13 19:07:54.206,1789337274.206144,-31
2026-09-13 19:07:54.213,1789337274.2138362,-29
2026-09-13 19:07:54.221,1789337274.2215285,-19
2026-09-13 19:07:54.229,1789337274.2292209,-14
2026-09-13 19:07:54.236,1789337274.2369132,-14
2026-09-13 19:07:54.244,1789337274.2446055,-4
2026-09-13 19:07:54.252,1789337274.2522979,4
2026-09-13 19:07:54.259,1789337274.2599902,9
2026-09-13 19:07:54.267,1789337274.2676826,16
2026-09-13 19:07:54.275,1789337274.2753747,21
2026-09-13 19:07:54.283,1789337274.283067,16
2026-09-13 19:07:54.290,1789337274.2907593,12
2026-09-13 19:07:54.298,1789337274.2984517,12
2026-09-13 19:07:54.306,1789337274.306144,14
2026-09-13 19:07:54.313,1789337274.3138363,16
2026-09-13 19:07:54.321,1789337274.3215287,12
2026-09-13 19:07:54.329,1789337274.329221,-12
2026-09-13 19:07:54.336,1789337274.336913,-41
2026-09-13 19:07:54.344,1789337274.3446054,-63
2026-09-13 19:07:54.352,1789337274.3522978,-80
2026-09-13 19:07:54.359,1789337274.3599901,-94
2026-09-13 19:07:54.367,1789337274.3676825,-97
2026-09-13 19:07:54.375,1789337274.3753748,-94
2026-09-13 19:07:54.383,1789337274.3830671,-97
2026-09-13 19:07:54.390,1789337274.3907595,-97
2026-09-13 19:07:54.398,1789337274.3984518,-89
2026-09-13 19:07:54.406,1789337274.406144,-82
2026-09-13 19:07:54.413,1789337274.4138362,-77
2026-09-13 19:07:54.421,1789337274.4215286,-77
2026-09-13 19:07:54.428,1789337274.4286594,-77
2026-09-13 19:07:54.436,1789337274.4363518,-75
2026-09-13 19:07:54.444,1789337274.444044,-70
2026-09-13 19:07:54.451,1789337274.4517365,-65
2026-09-13 19:07:54.459,1789337274.4594288,-70
2026-09-13 19:07:54.467,1789337274.467121,-80
2026-09-13 19:07:54.474,1789337274.4748132,-80
2026-09-13 19:07:54.482,1789337274.4825056,-70
2026-09-13 19:07:54.490,1789337274.490198,-58
2026-09-13 19:07:54.497,1789337274.4978902,-41
2026-09-13 19:07:54.505,1789337274.5055826,-21
2026-09-13 19:07:54.513,1789337274.513275,-4
2026-09-13 19:07:54.520,1789337274.5209672,-2
2026-09-13 19:07:54.528,1789337274.5286593,-16
2026-09-13 19:07:54.536,1789337274.5363517,-41
2026-09-13 19:07:54.544,1789337274.544044,-65
2026-09-13 19:07:54.551,1789337274.5517364,-75
2026-09-13 19:07:54.559,1789337274.5594287,-75
2026-09-13 19:07:54.567,1789337274.567121,-77
2026-09-13 19:07:54.574,1789337274.5748134,-77
2026-09-13 19:07:54.582,1789337274.5825057,-75
2026-09-13 19:07:54.590,1789337274.5901978,-80
2026-09-13 19:07:54.597,1789337274.5978901,-89
2026-09-13 19:07:54.605,1789337274.6055825,-94
2026-09-13 19:07:54.613,1789337274.6132748,-36
2026-09-13 19:07:54.620,1789337274.6209671,116
2026-09-13 19:07:54.628,1789337274.6286595,378
2026-09-13 19:07:54.636,1789337274.6363518,545
2026-09-13 19:07:54.644,1789337274.6440442,198
2026-09-13 19:07:54.651,1789337274.6517363,-322
2026-09-13 19:07:54.659,1789337274.6594286,-291
2026-09-13 19:07:54.667,1789337274.667121,-38
2026-09-13 19:07:54.674,1789337274.6748133,-65
2026-09-13 19:07:54.682,1789337274.6825056,-123
2026-09-13 19:07:54.690,1789337274.690198,-72
2026-09-13 19:07:54.697,1789337274.6978903,-72
2026-09-13 19:07:54.705,1789337274.7055826,-92
2026-09-13 19:07:54.713,1789337274.7132747,-65
2026-09-13 19:07:54.720,1789337274.720967,-46
2026-09-13 19:07:54.728,1789337274.7286594,-46
2026-09-13 19:07:54.736,1789337274.7363517,-41
2026-09-13 19:07:54.744,1789337274.744044,-36
2026-09-13 19:07:54.751,1789337274.7517364,-33
2026-09-13 19:07:54.759,1789337274.7594287,-29
2026-09-13 19:07:54.767,1789337274.767121,-16
2026-09-13 19:07:54.774,1789337274.7748132,-4
2026-09-13 19:07:54.782,1789337274.7825055,7
2026-09-13 19:07:54.790,1789337274.7901978,16
2026-09-13 19:07:54.797,1789337274.7978902,21
2026-09-13 19:07:54.805,1789337274.8055825,29
2026-09-13 19:07:54.813,1789337274.8132749,38
2026-09-13 19:07:54.820,1789337274.8209672,46
2026-09-13 19:07:54.828,1789337274.8286595,53
2026-09-13 19:07:54.836,1789337274.8363516,55
2026-09-13 19:07:54.844,1789337274.844044,58
2026-09-13 19:07:54.851,1789337274.8517363,55
2026-09-13 19:07:54.859,1789337274.8594286,53
2026-09-13 19:07:54.867,1789337274.867121,48
2026-09-13 19:07:54.874,1789337274.8748133,26
2026-09-13 19:07:54.882,1789337274.8825057,-9
2026-09-13 19:07:54.890,1789337274.890198,-43
2026-09-13 19:07:54.897,1789337274.89789,-63
2026-09-13 19:07:54.905,1789337274.9055824,-70
2026-09-13 19:07:54.913,1789337274.9132748,-77
2026-09-13 19:07:54.920,1789337274.920967,-80
2026-09-13 19:07:54.928,1789337274.9286594,-84
2026-09-13 19:07:54.936,1789337274.9363518,-80
2026-09-13 19:07:54.944,1789337274.944044,-70
2026-09-13 19:07:54.951,1789337274.9517365,-63
2026-09-13 19:07:54.959,1789337274.9594288,-65
2026-09-13 19:07:54.967,1789337274.967121,-65
2026-09-13 19:07:54.974,1789337274.9748132,-60
2026-09-13 19:07:54.982,1789337274.9825056,-55
2026-09-13 19:07:54.989,1789337274.9896054,-48
2026-09-13 19:07:54.997,1789337274.9972978,-50
2026-09-13 19:07:55.004,1789337275.00499,-55
2026-09-13 19:07:55.012,1789337275.0126824,-63
2026-09-13 19:07:55.020,1789337275.0203748,-63
2026-09-13 19:07:55.028,1789337275.0280669,-55
2026-09-13 19:07:55.035,1789337275.0357592,-38
2026-09-13 19:07:55.043,1789337275.0434515,-19
2026-09-13 19:07:55.051,1789337275.051144,7
2026-09-13 19:07:55.058,1789337275.0588362,16
2026-09-13 19:07:55.066,1789337275.0665286,4
2026-09-13 19:07:55.074,1789337275.074221,-12
2026-09-13 19:07:55.081,1789337275.0819132,-26
2026-09-13 19:07:55.089,1789337275.0896053,-53
2026-09-13 19:07:55.097,1789337275.0972977,-67
2026-09-13 19:07:55.104,1789337275.10499,-63
2026-09-13 19:07:55.112,1789337275.1126823,-58
2026-09-13 19:07:55.120,1789337275.1203747,-60
2026-09-13 19:07:55.128,1789337275.128067,-58
2026-09-13 19:07:55.135,1789337275.1357594,-55
2026-09-13 19:07:55.143,1789337275.1434517,-65
2026-09-13 19:07:55.151,1789337275.1511438,-41
2026-09-13 19:07:55.158,1789337275.1588361,87
2026-09-13 19:07:55.166,1789337275.1665285,346
2026-09-13 19:07:55.174,1789337275.1742208,625
2026-09-13 19:07:55.181,1789337275.1819131,487
2026-09-13 19:07:55.189,1789337275.1896055,-174
2026-09-13 19:07:55.197,1789337275.1972978,-475
2026-09-13 19:07:55.204,1789337275.2049901,-155
2026-09-13 19:07:55.212,1789337275.2126822,-12
2026-09-13 19:07:55.220,1789337275.2203746,-116
2026-09-13 19:07:55.228,1789337275.228067,-89
2026-09-13 19:07:55.235,1789337275.2357593,-46
2026-09-13 19:07:55.243,1789337275.2434516,-65
2026-09-13 19:07:55.251,1789337275.251144,-55
2026-09-13 19:07:55.258,1789337275.2588363,-36
2026-09-13 19:07:55.266,1789337275.2665286,-46
2026-09-13 19:07:55.274,1789337275.2742207,-43
2026-09-13 19:07:55.281,1789337275.281913,-29
2026-09-13 19:07:55.289,1789337275.2896054,-14
2026-09-13 19:07:55.297,1789337275.2972977,-12
2026-09-13 19:07:55.304,1789337275.30499,-2
2026-09-13 19:07:55.312,1789337275.3126824,9
2026-09-13 19:07:55.320,1789337275.3203747,16
2026-09-13 19:07:55.328,1789337275.328067,26
2026-09-13 19:07:55.335,1789337275.3357592,48
2026-09-13 19:07:55.343,1789337275.3434515,60
2026-09-13 19:07:55.351,1789337275.3511438,60
2026-09-13 19:07:55.358,1789337275.3588362,72
2026-09-13 19:07:55.366,1789337275.3665285,87
2026-09-13 19:07:55.374,1789337275.3742208,87
2026-09-13 19:07:55.381,1789337275.3819132,82
2026-09-13 19:07:55.389,1789337275.3896055,89
2026-09-13 19:07:55.397,1789337275.3972976,94
2026-09-13 19:07:55.404,1789337275.40499,80
2026-09-13 19:07:55.412,1789337275.4126823,48
2026-09-13 19:07:55.420,1789337275.4203746,14
2026-09-13 19:07:55.428,1789337275.428067,-19
2026-09-13 19:07:55.435,1789337275.4357593,-60
2026-09-13 19:07:55.443,1789337275.4434516,-97
2026-09-13 19:07:55.451,1789337275.451144,-111
2026-09-13 19:07:55.458,1789337275.458836,-111
2026-09-13 19:07:55.466,1789337275.4665284,-113
2026-09-13 19:07:55.474,1789337275.4742208,-116
2026-09-13 19:07:55.481,1789337275.481913,-111
2026-09-13 19:07:55.489,1789337275.4896054,-99
2026-09-13 19:07:55.497,1789337275.4972978,-89
2026-09-13 19:07:55.504,1789337275.50499,-84
2026-09-13 19:07:55.512,1789337275.5126824,-77
2026-09-13 19:07:55.520,1789337275.5203748,-77
2026-09-13 19:07:55.528,1789337275.5280669,-80
2026-09-13 19:07:55.535,1789337275.5357592,-82
2026-09-13 19:07:55.543,1789337275.5434515,-92
2026-09-13 19:07:55.550,1789337275.5505517,-87
2026-09-13 19:07:55.558,1789337275.558244,-67
2026-09-13 19:07:55.565,1789337275.5659363,-58
2026-09-13 19:07:55.573,1789337275.5736287,-46
2026-09-13 19:07:55.581,1789337275.581321,-24
2026-09-13 19:07:55.589,1789337275.589013,-14
2026-09-13 19:07:55.596,1789337275.5967054,-19
2026-09-13 19:07:55.604,1789337275.6043978,-24
2026-09-13 19:07:55.612,1789337275.61209,-58
2026-09-13 19:07:55.619,1789337275.6197824,-87
2026-09-13 19:07:55.627,1789337275.6274748,-70
2026-09-13 19:07:55.635,1789337275.6351671,-53
2026-09-13 19:07:55.642,1789337275.6428595,-72
2026-09-13 19:07:55.650,1789337275.6505516,-82
2026-09-13 19:07:55.658,1789337275.658244,-72
2026-09-13 19:07:55.665,1789337275.6659362,-77
2026-09-13 19:07:55.673,1789337275.6736286,-87
2026-09-13 19:07:55.681,1789337275.681321,-80
2026-09-13 19:07:55.689,1789337275.6890132,2
2026-09-13 19:07:55.696,1789337275.6967056,220
2026-09-13 19:07:55.704,1789337275.704398,535
2026-09-13 19:07:55.712,1789337275.71209,630
2026-09-13 19:07:55.719,1789337275.7197824,111
2026-09-13 19:07:55.727,1789337275.7274747,-468
2026-09-13 19:07:55.735,1789337275.735167,-320
2026-09-13 19:07:55.742,1789337275.7428594,0
2026-09-13 19:07:55.750,1789337275.7505517,-77
2026-09-13 19:07:55.758,1789337275.758244,-138
2026-09-13 19:07:55.765,1789337275.7659364,-46
2026-09-13 19:07:55.773,1789337275.7736285,-55
2026-09-13 19:07:55.781,1789337275.7813208,-92
2026-09-13 19:07:55.789,1789337275.7890131,-60
2026-09-13 19:07:55.796,1789337275.7967055,-50
2026-09-13 19:07:55.804,1789337275.8043978,-63
2026-09-13 19:07:55.812,1789337275.8120902,-46
2026-09-13 19:07:55.819,1789337275.8197825,-31
2026-09-13 19:07:55.827,1789337275.8274748,-29
2026-09-13 19:07:55.835,1789337275.835167,-19
2026-09-13 19:07:55.842,1789337275.8428593,-9
2026-09-13 19:07:55.850,1789337275.8505516,-4
2026-09-13 19:07:55.858,1789337275.858244,2
2026-09-13 19:07:55.865,1789337275.8659363,16
2026-09-13 19:07:55.873,1789337275.8736286,29
2026-09-13 19:07:55.881,1789337275.881321,38
2026-09-13 19:07:55.889,1789337275.8890133,43
2026-09-13 19:07:55.896,1789337275.8967054,43
2026-09-13 19:07:55.904,1789337275.9043977,48
2026-09-13 19:07:55.912,1789337275.91209,50
2026-09-13 19:07:55.919,1789337275.9197824,50
2026-09-13 19:07:55.927,1789337275.9274747,43
2026-09-13 19:07:55.935,1789337275.935167,36
2026-09-13 19:07:55.942,1789337275.9428594,19
2026-09-13 19:07:55.950,1789337275.9505517,-14
2026-09-13 19:07:55.958,1789337275.9582438,-55
2026-09-13 19:07:55.965,1789337275.9659362,-89
2026-09-13 19:07:55.973,1789337275.9736285,-111
2026-09-13 19:07:55.981,1789337275.9813209,-123
2026-09-13 19:07:55.989,1789337275.9890132,-135
2026-09-13 19:07:55.996,1789337275.9967055,-143
2026-09-13 19:07:56.004,1789337276.0043979,-145
2026-09-13 19:07:56.012,1789337276.0120902,-143
2026-09-13 19:07:56.019,1789337276.0197823,-135
2026-09-13 19:07:56.027,1789337276.0274746,-126
2026-09-13 19:07:56.035,1789337276.035167,-118
2026-09-13 19:07:56.042,1789337276.0428593,-113
2026-09-13 19:07:56.050,1789337276.0505517,-109
2026-09-13 19:07:56.058,1789337276.058244,-106
2026-09-13 19:07:56.065,1789337276.0659363,-111
2026-09-13 19:07:56.073,1789337276.0736287,-116
2026-09-13 19:07:56.081,1789337276.081321,-111
2026-09-13 19:07:56.089,1789337276.089013,-104
2026-09-13 19:07:56.096,1789337276.0967054,-99
2026-09-13 19:07:56.104,1789337276.1043978,-89
2026-09-13 19:07:56.111,1789337276.1115286,-70
2026-09-13 19:07:56.119,1789337276.119221,-53
2026-09-13 19:07:56.126,1789337276.1269133,-50
2026-09-13 19:07:56.134,1789337276.1346056,-67
2026-09-13 19:07:56.142,1789337276.142298,-94
2026-09-13 19:07:56.149,1789337276.14999,-111
2026-09-13 19:07:56.157,1789337276.1576824,-111
2026-09-13 19:07:56.165,1789337276.1653748,-113
2026-09-13 19:07:56.173,1789337276.173067,-113
2026-09-13 19:07:56.180,1789337276.1807594,-111
2026-09-13 19:07:56.188,1789337276.1884518,-109
2026-09-13 19:07:56.196,1789337276.196144,-118
2026-09-13 19:07:56.203,1789337276.2038364,-130
2026-09-13 19:07:56.211,1789337276.2115285,-113
2026-09-13 19:07:56.219,1789337276.2192209,-7
2026-09-13 19:07:56.226,1789337276.2269132,235
2026-09-13 19:07:56.234,1789337276.2346056,569
2026-09-13 19:07:56.242,1789337276.242298,548
2026-09-13 19:07:56.249,1789337276.2499902,-94
2026-09-13 19:07:56.257,1789337276.2576826,-502
2026-09-13 19:07:56.265,1789337276.265375,-206
2026-09-13 19:07:56.273,1789337276.273067,-21
2026-09-13 19:07:56.280,1789337276.2807593,-160
2026-09-13 19:07:56.288,1789337276.2884517,-155
2026-09-13 19:07:56.296,1789337276.296144,-84
2026-09-13 19:07:56.303,1789337276.3038363,-121
2026-09-13 19:07:56.311,1789337276.3115287,-130
2026-09-13 19:07:56.319,1789337276.319221,-94
2026-09-13 19:07:56.326,1789337276.3269134,-94
2026-09-13 19:07:56.334,1789337276.3346055,-99
2026-09-13 19:07:56.342,1789337276.3422978,-80
2026-09-13 19:07:56.349,1789337276.3499901,-70
2026-09-13 19:07:56.357,1789337276.3576825,-70
2026-09-13 19:07:56.365,1789337276.3653748,-60
2026-09-13 19:07:56.373,1789337276.3730671,-50
2026-09-13 19:07:56.380,1789337276.3807595,-46
2026-09-13 19:07:56.388,1789337276.3884518,-41
2026-09-13 19:07:56.396,1789337276.396144,-29
2026-09-13 19:07:56.403,1789337276.4038363,-21
2026-09-13 19:07:56.411,1789337276.4115286,-21
2026-09-13 19:07:56.419,1789337276.419221,-19
2026-09-13 19:07:56.426,1789337276.4269133,-19
2026-09-13 19:07:56.434,1789337276.4346056,-24
2026-09-13 19:07:56.442,1789337276.442298,-29
2026-09-13 19:07:56.449,1789337276.4499903,-31
2026-09-13 19:07:56.457,1789337276.4576824,-31
2026-09-13 19:07:56.465,1789337276.4653747,-31
2026-09-13 19:07:56.473,1789337276.473067,-43
2026-09-13 19:07:56.480,1789337276.4807594,-67
2026-09-13 19:07:56.488,1789337276.4884517,-92
2026-09-13 19:07:56.496,1789337276.496144,-109
2026-09-13 19:07:56.503,1789337276.5038364,-123
2026-09-13 19:07:56.511,1789337276.5115287,-128
2026-09-13 19:07:56.519,1789337276.5192208,-128
2026-09-13 19:07:56.526,1789337276.5269132,-130
2026-09-13 19:07:56.534,1789337276.5346055,-126
2026-09-13 19:07:56.542,1789337276.5422978,-116
2026-09-13 19:07:56.549,1789337276.5499902,-109
2026-09-13 19:07:56.557,1789337276.5576825,-104
2026-09-13 19:07:56.565,1789337276.5653749,-99
2026-09-13 19:07:56.573,1789337276.5730672,-92
2026-09-13 19:07:56.580,1789337276.5807593,-87
2026-09-13 19:07:56.588,1789337276.5884516,-87
2026-09-13 19:07:56.596,1789337276.596144,-92
2026-09-13 19:07:56.603,1789337276.6038363,-97
2026-09-13 19:07:56.611,1789337276.6115286,-94
2026-09-13 19:07:56.619,1789337276.619221,-87
2026-09-13 19:07:56.626,1789337276.6269133,-77
2026-09-13 19:07:56.634,1789337276.6346056,-60
2026-09-13 19:07:56.642,1789337276.642298,-33
2026-09-13 19:07:56.649,1789337276.64999,-24
2026-09-13 19:07:56.657,1789337276.6576824,-36
2026-09-13 19:07:56.665,1789337276.6653748,-58
2026-09-13 19:07:56.672,1789337276.6724749,-80
2026-09-13 19:07:56.680,1789337276.6801672,-92
2026-09-13 19:07:56.687,1789337276.6878595,-97
2026-09-13 19:07:56.695,1789337276.6955519,-97
2026-09-13 19:07:56.703,1789337276.7032442,-92
2026-09-13 19:07:56.710,1789337276.7109363,-89
2026-09-13 19:07:56.718,1789337276.7186286,-87
2026-09-13 19:07:56.726,1789337276.726321,-97
2026-09-13 19:07:56.734,1789337276.7340133,-109
2026-09-13 19:07:56.741,1789337276.7417057,-55
2026-09-13 19:07:56.749,1789337276.749398,106
2026-09-13 19:07:56.757,1789337276.7570903,414
2026-09-13 19:07:56.764,1789337276.7647827,686
2026-09-13 19:07:56.772,1789337276.7724748,378
2026-09-13 19:07:56.780,1789337276.780167,-298
2026-09-13 19:07:56.787,1789337276.7878594,-373
2026-09-13 19:07:56.795,1789337276.7955518,-46
2026-09-13 19:07:56.803,1789337276.803244,-58
2026-09-13 19:07:56.810,1789337276.8109365,-164
2026-09-13 19:07:56.818,1789337276.8186288,-97
2026-09-13 19:07:56.826,1789337276.8263211,-77
2026-09-13 19:07:56.834,1789337276.8340132,-116
2026-09-13 19:07:56.841,1789337276.8417056,-94
2026-09-13 19:07:56.849,1789337276.849398,-67
2026-09-13 19:07:56.857,1789337276.8570902,-77
2026-09-13 19:07:56.864,1789337276.8647826,-72
2026-09-13 19:07:56.872,1789337276.872475,-53
2026-09-13 19:07:56.880,1789337276.8801672,-46
2026-09-13 19:07:56.887,1789337276.8878596,-46
2026-09-13 19:07:56.895,1789337276.8955517,-38
2026-09-13 19:07:56.903,1789337276.903244,-26
2026-09-13 19:07:56.910,1789337276.9109364,-24
2026-09-13 19:07:56.918,1789337276.9186287,-21
2026-09-13 19:07:56.926,1789337276.926321,-12
2026-09-13 19:07:56.934,1789337276.9340134,-7
2026-09-13 19:07:56.941,1789337276.9417057,-4
2026-09-13 19:07:56.949,1789337276.949398,-4
2026-09-13 19:07:56.957,1789337276.9570901,-7
2026-09-13 19:07:56.964,1789337276.9647825,-12
2026-09-13 19:07:56.972,1789337276.9724748,-12
2026-09-13 19:07:56.980,1789337276.9801672,-7
2026-09-13 19:07:56.987,1789337276.9878595,-7
2026-09-13 19:07:56.995,1789337276.9955518,-14
2026-09-13 19:07:57.003,1789337277.0032442,-31
2026-09-13 19:07:57.010,1789337277.0109365,-48
2026-09-13 19:07:57.018,1789337277.0186286,-65
2026-09-13 19:07:57.026,1789337277.026321,-77
2026-09-13 19:07:57.034,1789337277.0340133,-89
2026-09-13 19:07:57.041,1789337277.0417056,-92
2026-09-13 19:07:57.049,1789337277.049398,-92
2026-09-13 19:07:57.057,1789337277.0570903,-89
2026-09-13 19:07:57.064,1789337277.0647826,-84
2026-09-13 19:07:57.072,1789337277.072475,-80
2026-09-13 19:07:57.080,1789337277.080167,-72
2026-09-13 19:07:57.087,1789337277.0878594,-65
2026-09-13 19:07:57.095,1789337277.0955517,-60
2026-09-13 19:07:57.103,1789337277.103244,-63
2026-09-13 19:07:57.110,1789337277.1109364,-65
2026-09-13 19:07:57.118,1789337277.1186287,-60
2026-09-13 19:07:57.126,1789337277.126321,-60
2026-09-13 19:07:57.134,1789337277.1340134,-70
2026-09-13 19:07:57.141,1789337277.1417055,-65
2026-09-13 19:07:57.149,1789337277.1493979,-53
2026-09-13 19:07:57.157,1789337277.1570902,-43
2026-09-13 19:07:57.164,1789337277.1647825,-29
2026-09-13 19:07:57.172,1789337277.1724749,-9
2026-09-13 19:07:57.180,1789337277.1801672,4
2026-09-13 19:07:57.187,1789337277.1878595,0
2026-09-13 19:07:57.195,1789337277.1955519,-14
2026-09-13 19:07:57.203,1789337277.2032442,-33
2026-09-13 19:07:57.210,1789337277.2109363,-55
2026-09-13 19:07:57.218,1789337277.2186286,-65
2026-09-13 19:07:57.226,1789337277.226321,-65
2026-09-13 19:07:57.233,1789337277.2334213,-63
2026-09-13 19:07:57.241,1789337277.2411137,-63
2026-09-13 19:07:57.248,1789337277.248806,-63
2026-09-13 19:07:57.256,1789337277.2564983,-67
2026-09-13 19:07:57.264,1789337277.2641907,-77
2026-09-13 19:07:57.271,1789337277.2718828,-60
2026-09-13 19:07:57.279,1789337277.279575,21
2026-09-13 19:07:57.287,1789337277.2872674,218
2026-09-13 19:07:57.294,1789337277.2949598,518
2026-09-13 19:07:57.302,1789337277.3026521,538
2026-09-13 19:07:57.310,1789337277.3103445,0
2026-09-13 19:07:57.318,1789337277.3180368,-373
2026-09-13 19:07:57.325,1789337277.3257291,-157
2026-09-13 19:07:57.333,1789337277.3334212,4
2026-09-13 19:07:57.341,1789337277.3411136,-87
2026-09-13 19:07:57.348,1789337277.348806,-87
2026-09-13 19:07:57.356,1789337277.3564982,-38
2026-09-13 19:07:57.364,1789337277.3641906,-65
2026-09-13 19:07:57.371,1789337277.371883,-72
2026-09-13 19:07:57.379,1789337277.3795753,-43
2026-09-13 19:07:57.387,1789337277.3872676,-33
2026-09-13 19:07:57.394,1789337277.3949597,-36
2026-09-13 19:07:57.402,1789337277.402652,-24
2026-09-13 19:07:57.410,1789337277.4103444,-12
2026-09-13 19:07:57.418,1789337277.4180367,-9
2026-09-13 19:07:57.425,1789337277.425729,-2
2026-09-13 19:07:57.433,1789337277.4334214,4
2026-09-13 19:07:57.441,1789337277.4411137,14
2026-09-13 19:07:57.448,1789337277.448806,21
2026-09-13 19:07:57.456,1789337277.4564981,29
2026-09-13 19:07:57.464,1789337277.4641905,36
2026-09-13 19:07:57.471,1789337277.4718828,41
2026-09-13 19:07:57.479,1789337277.4795752,48
2026-09-13 19:07:57.487,1789337277.4872675,48
2026-09-13 19:07:57.494,1789337277.4949598,43
2026-09-13 19:07:57.502,1789337277.5026522,41
2026-09-13 19:07:57.510,1789337277.5103445,43
2026-09-13 19:07:57.518,1789337277.5180366,50
2026-09-13 19:07:57.525,1789337277.525729,55
2026-09-13 19:07:57.533,1789337277.5334213,41
2026-09-13 19:07:57.541,1789337277.5411136,12
2026-09-13 19:07:57.548,1789337277.548806,-16
2026-09-13 19:07:57.556,1789337277.5564983,-41
2026-09-13 19:07:57.564,1789337277.5641906,-60
2026-09-13 19:07:57.571,1789337277.571883,-67
2026-09-13 19:07:57.579,1789337277.579575,-65
2026-09-13 19:07:57.587,1789337277.5872674,-63
2026-09-13 19:07:57.594,1789337277.5949597,-58
2026-09-13 19:07:57.602,1789337277.602652,-48
2026-09-13 19:07:57.610,1789337277.6103444,-43
2026-09-13 19:07:57.618,1789337277.6180367,-41
2026-09-13 19:07:57.625,1789337277.625729,-36
2026-09-13 19:07:57.633,1789337277.6334214,-31
2026-09-13 19:07:57.641,1789337277.6411135,-31
2026-09-13 19:07:57.648,1789337277.6488059,-31
2026-09-13 19:07:57.656,1789337277.6564982,-19
2026-09-13 19:07:57.664,1789337277.6641905,-7
2026-09-13 19:07:57.671,1789337277.6718829,-16
2026-09-13 19:07:57.679,1789337277.6795752,-33
2026-09-13 19:07:57.687,1789337277.6872675,-21
2026-09-13 19:07:57.694,1789337277.6949599,4
2026-09-13 19:07:57.702,1789337277.702652,16
2026-09-13 19:07:57.710,1789337277.7103443,24
2026-09-13 19:07:57.718,1789337277.7180367,38
2026-09-13 19:07:57.725,1789337277.725729,43
2026-09-13 19:07:57.733,1789337277.7334213,36
2026-09-13 19:07:57.741,1789337277.7411137,21
2026-09-13 19:07:57.748,1789337277.748806,-2
2026-09-13 19:07:57.756,1789337277.7564983,-21
2026-09-13 19:07:57.764,1789337277.7641907,-16
2026-09-13 19:07:57.771,1789337277.7718828,-9
2026-09-13 19:07:57.779,1789337277.779575,-9
2026-09-13 19:07:57.787,1789337277.7872674,-14
2026-09-13 19:07:57.794,1789337277.7943673,-26
2026-09-13 19:07:57.802,1789337277.8020597,-31
2026-09-13 19:07:57.809,1789337277.809752,-14
2026-09-13 19:07:57.817,1789337277.8174443,70
2026-09-13 19:07:57.825,1789337277.8251367,259
2026-09-13 19:07:57.832,1789337277.8328288,538
2026-09-13 19:07:57.840,1789337277.840521,623
2026-09-13 19:07:57.848,1789337277.8482134,145
2026-09-13 19:07:57.855,1789337277.8559058,-368
2026-09-13 19:07:57.863,1789337277.863598,-237
2026-09-13 19:07:57.871,1789337277.8712904,33
2026-09-13 19:07:57.878,1789337277.8789828,-24
2026-09-13 19:07:57.886,1789337277.8866751,-67
2026-09-13 19:07:57.894,1789337277.8943672,0
2026-09-13 19:07:57.902,1789337277.9020596,-9
2026-09-13 19:07:57.909,1789337277.909752,-31
2026-09-13 19:07:57.917,1789337277.9174442,0
2026-09-13 19:07:57.925,1789337277.9251366,12
2026-09-13 19:07:57.932,1789337277.932829,2
2026-09-13 19:07:57.940,1789337277.9405212,7
2026-09-13 19:07:57.948,1789337277.9482136,24
2026-09-13 19:07:57.955,1789337277.9559057,29
2026-09-13 19:07:57.963,1789337277.963598,29
2026-09-13 19:07:57.971,1789337277.9712903,43
2026-09-13 19:07:57.978,1789337277.9789827,60
2026-09-13 19:07:57.986,1789337277.986675,72
2026-09-13 19:07:57.994,1789337277.9943674,77
2026-09-13 19:07:58.002,1789337278.0020597,87
2026-09-13 19:07:58.009,1789337278.009752,99
2026-09-13 19:07:58.017,1789337278.0174441,101
2026-09-13 19:07:58.025,1789337278.0251365,97
2026-09-13 19:07:58.032,1789337278.0328288,111
2026-09-13 19:07:58.040,1789337278.0405211,123
2026-09-13 19:07:58.048,1789337278.0482135,123
2026-09-13 19:07:58.055,1789337278.0559058,126
2026-09-13 19:07:58.063,1789337278.0635982,126
2026-09-13 19:07:58.071,1789337278.0712905,109
2026-09-13 19:07:58.078,1789337278.0789826,75
2026-09-13 19:07:58.086,1789337278.086675,26
2026-09-13 19:07:58.094,1789337278.0943673,-21
2026-09-13 19:07:58.102,1789337278.1020596,-46
2026-09-13 19:07:58.109,1789337278.109752,-50
2026-09-13 19:07:58.117,1789337278.1174443,-55
2026-09-13 19:07:58.125,1789337278.1251366,-65
2026-09-13 19:07:58.132,1789337278.132829,-70
2026-09-13 19:07:58.140,1789337278.140521,-67
2026-09-13 19:07:58.148,1789337278.1482134,-63
2026-09-13 19:07:58.155,1789337278.1559057,-46
2026-09-13 19:07:58.163,1789337278.163598,-31
2026-09-13 19:07:58.171,1789337278.1712904,-31
2026-09-13 19:07:58.178,1789337278.1789827,-31
2026-09-13 19:07:58.186,1789337278.186675,-21
2026-09-13 19:07:58.194,1789337278.1943674,-21
2026-09-13 19:07:58.202,1789337278.2020595,-31
2026-09-13 19:07:58.209,1789337278.2097518,-31
2026-09-13 19:07:58.217,1789337278.2174442,-29
2026-09-13 19:07:58.225,1789337278.2251365,-29
2026-09-13 19:07:58.232,1789337278.2328289,-24
2026-09-13 19:07:58.240,1789337278.2405212,-16
2026-09-13 19:07:58.248,1789337278.2482135,-7
2026-09-13 19:07:58.255,1789337278.2559059,7
2026-09-13 19:07:58.263,1789337278.263598,26
2026-09-13 19:07:58.271,1789337278.2712903,41
2026-09-13 19:07:58.278,1789337278.2789826,31
2026-09-13 19:07:58.286,1789337278.286675,0
2026-09-13 19:07:58.294,1789337278.2943673,-24
2026-09-13 19:07:58.302,1789337278.3020597,-21
2026-09-13 19:07:58.309,1789337278.309752,-29
2026-09-13 19:07:58.317,1789337278.3174443,-46
2026-09-13 19:07:58.325,1789337278.3251367,-41
2026-09-13 19:07:58.332,1789337278.3328288,-24
2026-09-13 19:07:58.340,1789337278.340521,-19
2026-09-13 19:07:58.348,1789337278.3482134,-38
2026-09-13 19:07:58.355,1789337278.3553443,-38
2026-09-13 19:07:58.363,1789337278.3630366,82
2026-09-13 19:07:58.370,1789337278.370729,344
2026-09-13 19:07:58.378,1789337278.3784213,659
2026-09-13 19:07:58.386,1789337278.3861136,688
2026-09-13 19:07:58.393,1789337278.3938057,106
2026-09-13 19:07:58.401,1789337278.401498,-429
2026-09-13 19:07:58.409,1789337278.4091904,-240
2026-09-13 19:07:58.416,1789337278.4168828,31
2026-09-13 19:07:58.424,1789337278.424575,-60
2026-09-13 19:07:58.432,1789337278.4322674,-80
2026-09-13 19:07:58.439,1789337278.4399598,2
2026-09-13 19:07:58.447,1789337278.447652,-26
2026-09-13 19:07:58.455,1789337278.4553442,-58
2026-09-13 19:07:58.463,1789337278.4630365,-21
2026-09-13 19:07:58.470,1789337278.4707289,-9
2026-09-13 19:07:58.478,1789337278.4784212,-16
2026-09-13 19:07:58.486,1789337278.4861135,-2
2026-09-13 19:07:58.493,1789337278.493806,0
2026-09-13 19:07:58.501,1789337278.5014982,2
2026-09-13 19:07:58.509,1789337278.5091906,24
2026-09-13 19:07:58.516,1789337278.5168827,38
2026-09-13 19:07:58.524,1789337278.524575,48
2026-09-13 19:07:58.532,1789337278.5322673,58
2026-09-13 19:07:58.539,1789337278.5399597,67
2026-09-13 19:07:58.547,1789337278.547652,77
2026-09-13 19:07:58.555,1789337278.5553443,84
2026-09-13 19:07:58.563,1789337278.5630367,99
2026-09-13 19:07:58.570,1789337278.570729,106
2026-09-13 19:07:58.578,1789337278.578421,99
2026-09-13 19:07:58.586,1789337278.5861135,101
2026-09-13 19:07:58.593,1789337278.5938058,113
2026-09-13 19:07:58.601,1789337278.6014981,101
2026-09-13 19:07:58.609,1789337278.6091905,84
2026-09-13 19:07:58.616,1789337278.6168828,80
2026-09-13 19:07:58.624,1789337278.6245751,60
2026-09-13 19:07:58.632,1789337278.6322675,19
2026-09-13 19:07:58.639,1789337278.6399596,-24
2026-09-13 19:07:58.647,1789337278.647652,-55
2026-09-13 19:07:58.655,1789337278.6553442,-72
2026-09-13 19:07:58.663,1789337278.6630366,-77
2026-09-13 19:07:58.670,1789337278.670729,-63
2026-09-13 19:07:58.678,1789337278.6784213,-67
2026-09-13 19:07:58.686,1789337278.6861136,-97
2026-09-13 19:07:58.693,1789337278.693806,-82
2026-09-13 19:07:58.701,1789337278.701498,-46
2026-09-13 19:07:58.709,1789337278.7091904,-41
2026-09-13 19:07:58.716,1789337278.7168827,-38
2026-09-13 19:07:58.724,1789337278.724575,-29
2026-09-13 19:07:58.732,1789337278.7322674,-33
2026-09-13 19:07:58.739,1789337278.7399597,-33
2026-09-13 19:07:58.747,1789337278.747652,-29
2026-09-13 19:07:58.755,1789337278.7553444,-33
2026-09-13 19:07:58.763,1789337278.7630365,-33
2026-09-13 19:07:58.770,1789337278.7707288,-26
2026-09-13 19:07:58.778,1789337278.7784212,-33
2026-09-13 19:07:58.786,1789337278.7861135,-24
2026-09-13 19:07:58.793,1789337278.7938058,4
2026-09-13 19:07:58.801,1789337278.8014982,16
2026-09-13 19:07:58.809,1789337278.8091905,16
2026-09-13 19:07:58.816,1789337278.8168828,14
2026-09-13 19:07:58.824,1789337278.824575,-9
2026-09-13 19:07:58.832,1789337278.8322673,-36
2026-09-13 19:07:58.839,1789337278.8399596,-43
2026-09-13 19:07:58.847,1789337278.847652,-43
2026-09-13 19:07:58.855,1789337278.8553443,-46
2026-09-13 19:07:58.863,1789337278.8630366,-43
2026-09-13 19:07:58.870,1789337278.870729,-38
2026-09-13 19:07:58.878,1789337278.8784213,-46
2026-09-13 19:07:58.886,1789337278.8861136,-63
2026-09-13 19:07:58.893,1789337278.8938057,-60
2026-09-13 19:07:58.901,1789337278.901498,38
2026-09-13 19:07:58.909,1789337278.9091904,286
2026-09-13 19:07:58.916,1789337278.9162905,615
2026-09-13 19:07:58.923,1789337278.9239829,662
2026-09-13 19:07:58.931,1789337278.9316752,80
2026-09-13 19:07:58.939,1789337278.9393675,-448
2026-09-13 19:07:58.947,1789337278.9470599,-244
2026-09-13 19:07:58.954,1789337278.954752,24
2026-09-13 19:07:58.962,1789337278.9624443,-77
2026-09-13 19:07:58.970,1789337278.9701366,-111
2026-09-13 19:07:58.977,1789337278.977829,-33
2026-09-13 19:07:58.985,1789337278.9855213,-53
2026-09-13 19:07:58.993,1789337278.9932137,-77
2026-09-13 19:07:59.000,1789337279.000906,-48
2026-09-13 19:07:59.008,1789337279.0085983,-41
2026-09-13 19:07:59.016,1789337279.0162904,-43
2026-09-13 19:07:59.023,1789337279.0239828,-29
2026-09-13 19:07:59.031,1789337279.031675,-21
2026-09-13 19:07:59.039,1789337279.0393674,-21
2026-09-13 19:07:59.047,1789337279.0470598,-9
2026-09-13 19:07:59.054,1789337279.054752,0
2026-09-13 19:07:59.062,1789337279.0624444,2
2026-09-13 19:07:59.070,1789337279.0701368,9
2026-09-13 19:07:59.077,1789337279.077829,21
2026-09-13 19:07:59.085,1789337279.0855212,33
2026-09-13 19:07:59.093,1789337279.0932136,41
2026-09-13 19:07:59.100,1789337279.100906,41
2026-09-13 19:07:59.108,1789337279.1085982,41
2026-09-13 19:07:59.116,1789337279.1162906,43
2026-09-13 19:07:59.123,1789337279.123983,41
2026-09-13 19:07:59.131,1789337279.1316752,41
2026-09-13 19:07:59.139,1789337279.1393673,41
2026-09-13 19:07:59.147,1789337279.1470597,36
2026-09-13 19:07:59.154,1789337279.154752,19
2026-09-13 19:07:59.162,1789337279.1624444,-9
2026-09-13 19:07:59.170,1789337279.1701367,-41
2026-09-13 19:07:59.177,1789337279.177829,-70
2026-09-13 19:07:59.185,1789337279.1855214,-87
2026-09-13 19:07:59.193,1789337279.1932137,-97
2026-09-13 19:07:59.200,1789337279.2009058,-101
2026-09-13 19:07:59.208,1789337279.2085981,-104
2026-09-13 19:07:59.216,1789337279.2162905,-104
2026-09-13 19:07:59.223,1789337279.2239828,-99
2026-09-13 19:07:59.231,1789337279.2316751,-92
2026-09-13 19:07:59.239,1789337279.2393675,-80
2026-09-13 19:07:59.247,1789337279.2470598,-75
2026-09-13 19:07:59.254,1789337279.2547522,-72
2026-09-13 19:07:59.262,1789337279.2624443,-67
2026-09-13 19:07:59.270,1789337279.2701366,-63
2026-09-13 19:07:59.277,1789337279.277829,-60
2026-09-13 19:07:59.285,1789337279.2855213,-67
2026-09-13 19:07:59.293,1789337279.2932136,-75
2026-09-13 19:07:59.300,1789337279.300906,-75
2026-09-13 19:07:59.308,1789337279.3085983,-70
2026-09-13 19:07:59.316,1789337279.3162906,-63
2026-09-13 19:07:59.323,1789337279.3239827,-53
2026-09-13 19:07:59.331,1789337279.331675,-36
2026-09-13 19:07:59.339,1789337279.3393674,-14
2026-09-13 19:07:59.347,1789337279.3470597,-7
2026-09-13 19:07:59.354,1789337279.354752,-19
2026-09-13 19:07:59.362,1789337279.3624444,-43
2026-09-13 19:07:59.370,1789337279.3701367,-63
2026-09-13 19:07:59.377,1789337279.377829,-70
2026-09-13 19:07:59.385,1789337279.3855212,-75
2026-09-13 19:07:59.393,1789337279.3932135,-75
2026-09-13 19:07:59.400,1789337279.4009058,-72
2026-09-13 19:07:59.408,1789337279.4085982,-67
2026-09-13 19:07:59.416,1789337279.4162905,-72
2026-09-13 19:07:59.423,1789337279.4239829,-87
2026-09-13 19:07:59.431,1789337279.4316752,-84
2026-09-13 19:07:59.439,1789337279.4393675,7
2026-09-13 19:07:59.447,1789337279.4470599,237
2026-09-13 19:07:59.454,1789337279.454752,606
2026-09-13 19:07:59.462,1789337279.4624443,766
2026-09-13 19:07:59.470,1789337279.4701366,240
2026-09-13 19:07:59.477,1789337279.4772367,-383
2026-09-13 19:07:59.484,1789337279.484929,-266
2026-09-13 19:07:59.492,1789337279.4926214,12
2026-09-13 19:07:59.500,1789337279.5003138,-94
2026-09-13 19:07:59.508,1789337279.508006,-157
2026-09-13 19:07:59.515,1789337279.5156982,-72
2026-09-13 19:07:59.523,1789337279.5233905,-82
2026-09-13 19:07:59.531,1789337279.5310829,-111
2026-09-13 19:07:59.538,1789337279.5387752,-77
2026-09-13 19:07:59.546,1789337279.5464675,-65
2026-09-13 19:07:59.554,1789337279.5541599,-75
2026-09-13 19:07:59.561,1789337279.5618522,-60
2026-09-13 19:07:59.569,1789337279.5695446,-48
2026-09-13 19:07:59.577,1789337279.5772367,-50
2026-09-13 19:07:59.584,1789337279.584929,-43
2026-09-13 19:07:59.592,1789337279.5926213,-29
2026-09-13 19:07:59.600,1789337279.6003137,-26
2026-09-13 19:07:59.608,1789337279.608006,-24
2026-09-13 19:07:59.615,1789337279.6156983,-16
2026-09-13 19:07:59.623,1789337279.6233907,-14
2026-09-13 19:07:59.631,1789337279.631083,-12
2026-09-13 19:07:59.638,1789337279.638775,-14
2026-09-13 19:07:59.646,1789337279.6464674,-19
2026-09-13 19:07:59.654,1789337279.6541598,-26
2026-09-13 19:07:59.661,1789337279.6618521,-33
2026-09-13 19:07:59.669,1789337279.6695445,-36
2026-09-13 19:07:59.677,1789337279.6772368,-36
2026-09-13 19:07:59.684,1789337279.6849291,-31
2026-09-13 19:07:59.692,1789337279.6926215,-31
2026-09-13 19:07:59.700,1789337279.7003136,-43
2026-09-13 19:07:59.708,1789337279.708006,-63
2026-09-13 19:07:59.715,1789337279.7156982,-77
2026-09-13 19:07:59.723,1789337279.7233906,-87
2026-09-13 19:07:59.731,1789337279.731083,-92
2026-09-13 19:07:59.738,1789337279.7387753,-94
2026-09-13 19:07:59.746,1789337279.7464676,-97
2026-09-13 19:07:59.754,1789337279.75416,-94
2026-09-13 19:07:59.761,1789337279.761852,-84
2026-09-13 19:07:59.769,1789337279.7695444,-75
2026-09-13 19:07:59.777,1789337279.7772367,-75
2026-09-13 19:07:59.784,1789337279.784929,-70
2026-09-13 19:07:59.792,1789337279.7926214,-65
2026-09-13 19:07:59.800,1789337279.8003137,-65
2026-09-13 19:07:59.808,1789337279.808006,-63
2026-09-13 19:07:59.815,1789337279.8156984,-58
2026-09-13 19:07:59.823,1789337279.8233905,-58
2026-09-13 19:07:59.831,1789337279.8310828,-60
2026-09-13 19:07:59.838,1789337279.8387752,-60
2026-09-13 19:07:59.846,1789337279.8464675,-65
2026-09-13 19:07:59.854,1789337279.8541598,-75
2026-09-13 19:07:59.861,1789337279.8618522,-77
2026-09-13 19:07:59.869,1789337279.8695445,-67
2026-09-13 19:07:59.877,1789337279.8772368,-60
2026-09-13 19:07:59.884,1789337279.884929,-48
2026-09-13 19:07:59.892,1789337279.8926213,-19
2026-09-13 19:07:59.900,1789337279.9003136,2
2026-09-13 19:07:59.908,1789337279.908006,-9
2026-09-13 19:07:59.915,1789337279.9156983,-33
2026-09-13 19:07:59.923,1789337279.9233906,-50
2026-09-13 19:07:59.931,1789337279.931083,-67
2026-09-13 19:07:59.938,1789337279.9387753,-75
2026-09-13 19:07:59.946,1789337279.9464674,-72
2026-09-13 19:07:59.954,1789337279.9541597,-75
2026-09-13 19:07:59.961,1789337279.961852,-75
2026-09-13 19:07:59.969,1789337279.9695444,-70
2026-09-13 19:07:59.977,1789337279.9772367,-77
2026-09-13 19:07:59.984,1789337279.984929,-94
2026-09-13 19:07:59.992,1789337279.9926214,-53
2026-09-13 19:08:00.000,1789337280.0003138,89
2026-09-13 19:08:00.008,1789337280.008006,346
2026-09-13 19:08:00.015,1789337280.0156982,688
2026-09-13 19:08:00.023,1789337280.0233905,637
2026-09-13 19:08:00.031,1789337280.0310829,-33
2026-09-13 19:08:00.038,1789337280.0381932,-417
2026-09-13 19:08:00.045,1789337280.0458856,-140
2026-09-13 19:08:00.053,1789337280.053578,-7
2026-09-13 19:08:00.061,1789337280.0612702,-143
2026-09-13 19:08:00.068,1789337280.0689626,-126
2026-09-13 19:08:00.076,1789337280.0766547,-67
2026-09-13 19:08:00.084,1789337280.084347,-101
2026-09-13 19:08:00.092,1789337280.0920393,-104
2026-09-13 19:08:00.099,1789337280.0997317,-72
2026-09-13 19:08:00.107,1789337280.107424,-72
2026-09-13 19:08:00.115,1789337280.1151164,-72
2026-09-13 19:08:00.122,1789337280.1228087,-58
2026-09-13 19:08:00.130,1789337280.130501,-48
2026-09-13 19:08:00.138,1789337280.1381931,-41
2026-09-13 19:08:00.145,1789337280.1458855,-38
2026-09-13 19:08:00.153,1789337280.1535778,-31
2026-09-13 19:08:00.161,1789337280.1612701,-24
2026-09-13 19:08:00.168,1789337280.1689625,-16
2026-09-13 19:08:00.176,1789337280.1766548,-9
2026-09-13 19:08:00.184,1789337280.1843472,-2
2026-09-13 19:08:00.192,1789337280.1920395,-2
2026-09-13 19:08:00.199,1789337280.1997316,-2
2026-09-13 19:08:00.207,1789337280.207424,-4
2026-09-13 19:08:00.215,1789337280.2151163,-9
2026-09-13 19:08:00.222,1789337280.2228086,-12
2026-09-13 19:08:00.230,1789337280.230501,-12
2026-09-13 19:08:00.238,1789337280.2381933,-12
2026-09-13 19:08:00.245,1789337280.2458856,-9
2026-09-13 19:08:00.253,1789337280.253578,-12
2026-09-13 19:08:00.261,1789337280.26127,-29
2026-09-13 19:08:00.268,1789337280.2689624,-53
2026-09-13 19:08:00.276,1789337280.2766547,-70
2026-09-13 19:08:00.284,1789337280.284347,-82
2026-09-13 19:08:00.292,1789337280.2920394,-87
2026-09-13 19:08:00.299,1789337280.2997317,-87
2026-09-13 19:08:00.307,1789337280.307424,-87
2026-09-13 19:08:00.315,1789337280.3151164,-84
2026-09-13 19:08:00.322,1789337280.3228085,-77
2026-09-13 19:08:00.330,1789337280.3305008,-70
2026-09-13 19:08:00.338,1789337280.3381932,-63
2026-09-13 19:08:00.345,1789337280.3458855,-60
2026-09-13 19:08:00.353,1789337280.3535779,-58
2026-09-13 19:08:00.361,1789337280.3612702,-55
2026-09-13 19:08:00.368,1789337280.3689625,-55
2026-09-13 19:08:00.376,1789337280.3766549,-53
2026-09-13 19:08:00.384,1789337280.384347,-53
2026-09-13 19:08:00.392,1789337280.3920393,-53
2026-09-13 19:08:00.399,1789337280.3997316,-50
2026-09-13 19:08:00.407,1789337280.407424,-50
2026-09-13 19:08:00.415,1789337280.4151163,-50
2026-09-13 19:08:00.422,1789337280.4228086,-53
2026-09-13 19:08:00.430,1789337280.430501,-63
2026-09-13 19:08:00.438,1789337280.4381933,-65
2026-09-13 19:08:00.445,1789337280.4458854,-60
2026-09-13 19:08:00.453,1789337280.4535778,-50
2026-09-13 19:08:00.461,1789337280.46127,-33
2026-09-13 19:08:00.468,1789337280.4689624,-7
2026-09-13 19:08:00.476,1789337280.4766548,12
2026-09-13 19:08:00.484,1789337280.484347,14
2026-09-13 19:08:00.492,1789337280.4920394,0
2026-09-13 19:08:00.499,1789337280.4997318,-16
2026-09-13 19:08:00.507,1789337280.5074239,-38
2026-09-13 19:08:00.515,1789337280.5151162,-53
2026-09-13 19:08:00.522,1789337280.5228086,-53
2026-09-13 19:08:00.530,1789337280.530501,-50
2026-09-13 19:08:00.538,1789337280.5381932,-53
2026-09-13 19:08:00.545,1789337280.5458856,-48
2026-09-13 19:08:00.553,1789337280.553578,-43
2026-09-13 19:08:00.561,1789337280.5612702,-55
2026-09-13 19:08:00.568,1789337280.5689626,-53
2026-09-13 19:08:00.576,1789337280.5766547,31
2026-09-13 19:08:00.584,1789337280.584347,225
2026-09-13 19:08:00.592,1789337280.5920393,531
2026-09-13 19:08:00.599,1789337280.5991597,688
2026-09-13 19:08:00.606,1789337280.606852,247
2026-09-13 19:08:00.614,1789337280.6145444,-315
2026-09-13 19:08:00.622,1789337280.6222367,-237
2026-09-13 19:08:00.629,1789337280.629929,16
2026-09-13 19:08:00.637,1789337280.6376212,-50
2026-09-13 19:08:00.645,1789337280.6453135,-101
2026-09-13 19:08:00.653,1789337280.6530058,-38
2026-09-13 19:08:00.660,1789337280.6606982,-41
2026-09-13 19:08:00.668,1789337280.6683905,-53
2026-09-13 19:08:00.676,1789337280.6760828,-26
2026-09-13 19:08:00.683,1789337280.6837752,-19
2026-09-13 19:08:00.691,1789337280.6914675,-21
2026-09-13 19:08:00.699,1789337280.6991596,-9
2026-09-13 19:08:00.706,1789337280.706852,4
2026-09-13 19:08:00.714,1789337280.7145443,12
2026-09-13 19:08:00.722,1789337280.7222366,19
2026-09-13 19:08:00.729,1789337280.729929,21
2026-09-13 19:08:00.737,1789337280.7376213,31
2026-09-13 19:08:00.745,1789337280.7453136,46
2026-09-13 19:08:00.753,1789337280.753006,55
2026-09-13 19:08:00.760,1789337280.760698,65
2026-09-13 19:08:00.768,1789337280.7683904,75
2026-09-13 19:08:00.776,1789337280.7760828,77
2026-09-13 19:08:00.783,1789337280.783775,80
2026-09-13 19:08:00.791,1789337280.7914674,82
2026-09-13 19:08:00.799,1789337280.7991598,82
2026-09-13 19:08:00.806,1789337280.806852,80
2026-09-13 19:08:00.814,1789337280.8145444,82
2026-09-13 19:08:00.822,1789337280.8222365,80
2026-09-13 19:08:00.829,1789337280.8299289,75
2026-09-13 19:08:00.837,1789337280.8376212,60
2026-09-13 19:08:00.845,1789337280.8453135,19
2026-09-13 19:08:00.853,1789337280.853006,-16
2026-09-13 19:08:00.860,1789337280.8606982,-38
2026-09-13 19:08:00.868,1789337280.8683906,-46
2026-09-13 19:08:00.876,1789337280.876083,-46
2026-09-13 19:08:00.883,1789337280.883775,-53
2026-09-13 19:08:00.891,1789337280.8914673,-58
2026-09-13 19:08:00.899,1789337280.8991597,-48
2026-09-13 19:08:00.906,1789337280.906852,-43
2026-09-13 19:08:00.914,1789337280.9145443,-41
2026-09-13 19:08:00.922,1789337280.9222367,-33
2026-09-13 19:08:00.929,1789337280.929929,-24
2026-09-13 19:08:00.937,1789337280.9376214,-26
2026-09-13 19:08:00.945,1789337280.9453135,-29
2026-09-13 19:08:00.953,1789337280.9530058,-24
2026-09-13 19:08:00.960,1789337280.9606981,-16
2026-09-13 19:08:00.968,1789337280.9683905,-14
2026-09-13 19:08:00.976,1789337280.9760828,-16
2026-09-13 19:08:00.983,1789337280.9837751,-16
2026-09-13 19:08:00.991,1789337280.9914675,-12
2026-09-13 19:08:00.999,1789337280.9991598,-16
2026-09-13 19:08:01.006,1789337281.006852,-24
2026-09-13 19:08:01.014,1789337281.0145442,-31
2026-09-13 19:08:01.022,1789337281.0222366,-31
2026-09-13 19:08:01.029,1789337281.029929,-24
2026-09-13 19:08:01.037,1789337281.0376213,-21
2026-09-13 19:08:01.045,1789337281.0453136,-14
2026-09-13 19:08:01.053,1789337281.053006,12
2026-09-13 19:08:01.060,1789337281.0606983,43
2026-09-13 19:08:01.068,1789337281.0683904,48
2026-09-13 19:08:01.076,1789337281.0760827,26
2026-09-13 19:08:01.083,1789337281.083775,4
2026-09-13 19:08:01.091,1789337281.0914674,-16
2026-09-13 19:08:01.099,1789337281.0991597,-24
2026-09-13 19:08:01.106,1789337281.106852,-19
2026-09-13 19:08:01.114,1789337281.1145444,-19
2026-09-13 19:08:01.122,1789337281.1222367,-29
2026-09-13 19:08:01.129,1789337281.129929,-33
2026-09-13 19:08:01.137,1789337281.1376212,-29
2026-09-13 19:08:01.145,1789337281.1453135,-24
2026-09-13 19:08:01.153,1789337281.1530058,0
2026-09-13 19:08:01.160,1789337281.1601062,116
2026-09-13 19:08:01.167,1789337281.1677985,371
2026-09-13 19:08:01.175,1789337281.1754909,703
2026-09-13 19:08:01.183,1789337281.1831832,725
2026-09-13 19:08:01.190,1789337281.1908755,101
2026-09-13 19:08:01.198,1789337281.1985676,-434
2026-09-13 19:08:01.206,1789337281.20626,-225
2026-09-13 19:08:01.213,1789337281.2139523,24
2026-09-13 19:08:01.221,1789337281.2216446,-70
2026-09-13 19:08:01.229,1789337281.229337,-82
2026-09-13 19:08:01.237,1789337281.2370293,-12
2026-09-13 19:08:01.244,1789337281.2447217,-38
2026-09-13 19:08:01.252,1789337281.252414,-53
2026-09-13 19:08:01.260,1789337281.260106,-14
2026-09-13 19:08:01.267,1789337281.2677984,-12
2026-09-13 19:08:01.275,1789337281.2754908,-21
2026-09-13 19:08:01.283,1789337281.283183,-2
2026-09-13 19:08:01.290,1789337281.2908754,9
2026-09-13 19:08:01.298,1789337281.2985678,16
2026-09-13 19:08:01.306,1789337281.30626,26
2026-09-13 19:08:01.313,1789337281.3139524,26
2026-09-13 19:08:01.321,1789337281.3216445,36
2026-09-13 19:08:01.329,1789337281.329337,63
2026-09-13 19:08:01.337,1789337281.3370292,72
2026-09-13 19:08:01.344,1789337281.3447216,75
2026-09-13 19:08:01.352,1789337281.352414,92
2026-09-13 19:08:01.360,1789337281.3601062,109
2026-09-13 19:08:01.367,1789337281.3677986,111
2026-09-13 19:08:01.375,1789337281.375491,113
2026-09-13 19:08:01.383,1789337281.383183,128
2026-09-13 19:08:01.390,1789337281.3908753,123
2026-09-13 19:08:01.398,1789337281.3985677,113
2026-09-13 19:08:01.406,1789337281.40626,118
2026-09-13 19:08:01.413,1789337281.4139524,111
2026-09-13 19:08:01.421,1789337281.4216447,63
2026-09-13 19:08:01.429,1789337281.429337,14
2026-09-13 19:08:01.437,1789337281.4370294,-16
2026-09-13 19:08:01.444,1789337281.4447215,-46
2026-09-13 19:08:01.452,1789337281.4524138,-67
2026-09-13 19:08:01.460,1789337281.4601061,-72
2026-09-13 19:08:01.467,1789337281.4677985,-82
2026-09-13 19:08:01.475,1789337281.4754908,-94
2026-09-13 19:08:01.483,1789337281.4831831,-92
2026-09-13 19:08:01.490,1789337281.4908755,-82
2026-09-13 19:08:01.498,1789337281.4985678,-84
2026-09-13 19:08:01.506,1789337281.50626,-77
2026-09-13 19:08:01.513,1789337281.5139523,-50
2026-09-13 19:08:01.521,1789337281.5216446,-33
2026-09-13 19:08:01.529,1789337281.529337,-38
2026-09-13 19:08:01.537,1789337281.5370293,-38
2026-09-13 19:08:01.544,1789337281.5447216,-36
2026-09-13 19:08:01.552,1789337281.552414,-48
2026-09-13 19:08:01.560,1789337281.5601063,-43
2026-09-13 19:08:01.567,1789337281.5677984,-33
2026-09-13 19:08:01.575,1789337281.5754907,-33
2026-09-13 19:08:01.583,1789337281.583183,-43
2026-09-13 19:08:01.590,1789337281.5908754,-58
2026-09-13 19:08:01.598,1789337281.5985677,-55
2026-09-13 19:08:01.606,1789337281.60626,-43
2026-09-13 19:08:01.613,1789337281.6139524,-36
2026-09-13 19:08:01.621,1789337281.6216447,-19
2026-09-13 19:08:01.629,1789337281.6293368,4
2026-09-13 19:08:01.637,1789337281.6370292,12
2026-09-13 19:08:01.644,1789337281.6447215,0
2026-09-13 19:08:01.652,1789337281.6524138,-19
2026-09-13 19:08:01.660,1789337281.6601062,-41
2026-09-13 19:08:01.667,1789337281.6677985,-53
2026-09-13 19:08:01.675,1789337281.6754909,-50
2026-09-13 19:08:01.683,1789337281.6831832,-50
2026-09-13 19:08:01.690,1789337281.6908755,-55
2026-09-13 19:08:01.698,1789337281.6985676,-53
2026-09-13 19:08:01.706,1789337281.70626,-41
2026-09-13 19:08:01.713,1789337281.7139523,-41
2026-09-13 19:08:01.721,1789337281.7210777,-53
2026-09-13 19:08:01.728,1789337281.72877,7
2026-09-13 19:08:01.736,1789337281.7364624,218
2026-09-13 19:08:01.744,1789337281.7441547,548
2026-09-13 19:08:01.751,1789337281.751847,749
2026-09-13 19:08:01.759,1789337281.7595391,354
2026-09-13 19:08:01.767,1789337281.7672315,-356
2026-09-13 19:08:01.774,1789337281.7749238,-414
2026-09-13 19:08:01.782,1789337281.7826161,-43
2026-09-13 19:08:01.790,1789337281.7903085,-26
2026-09-13 19:08:01.798,1789337281.7980008,-123
2026-09-13 19:08:01.805,1789337281.8056931,-50
2026-09-13 19:08:01.813,1789337281.8133855,-31
2026-09-13 19:08:01.821,1789337281.8210776,-70
2026-09-13 19:08:01.828,1789337281.82877,-53
2026-09-13 19:08:01.836,1789337281.8364623,-31
2026-09-13 19:08:01.844,1789337281.8441546,-38
2026-09-13 19:08:01.851,1789337281.851847,-33
2026-09-13 19:08:01.859,1789337281.8595393,-19
2026-09-13 19:08:01.867,1789337281.8672316,-14
2026-09-13 19:08:01.874,1789337281.874924,-9
2026-09-13 19:08:01.882,1789337281.882616,2
2026-09-13 19:08:01.890,1789337281.8903084,14
2026-09-13 19:08:01.898,1789337281.8980007,19
2026-09-13 19:08:01.905,1789337281.905693,29
2026-09-13 19:08:01.913,1789337281.9133854,43
2026-09-13 19:08:01.921,1789337281.9210777,55
2026-09-13 19:08:01.928,1789337281.92877,60
2026-09-13 19:08:01.936,1789337281.9364624,70
2026-09-13 19:08:01.944,1789337281.9441545,75
2026-09-13 19:08:01.951,1789337281.9518468,72
2026-09-13 19:08:01.959,1789337281.9595392,65
2026-09-13 19:08:01.967,1789337281.9672315,63
2026-09-13 19:08:01.974,1789337281.9749238,65
2026-09-13 19:08:01.982,1789337281.9826162,55
2026-09-13 19:08:01.990,1789337281.9903085,26
2026-09-13 19:08:01.998,1789337281.9980009,-14
2026-09-13 19:08:02.005,1789337282.005693,-48
2026-09-13 19:08:02.013,1789337282.0133853,-75
2026-09-13 19:08:02.021,1789337282.0210776,-97
2026-09-13 19:08:02.028,1789337282.02877,-109
2026-09-13 19:08:02.036,1789337282.0364623,-111
2026-09-13 19:08:02.044,1789337282.0441546,-116
2026-09-13 19:08:02.051,1789337282.051847,-116
2026-09-13 19:08:02.059,1789337282.0595393,-106
2026-09-13 19:08:02.067,1789337282.0672314,-97
2026-09-13 19:08:02.074,1789337282.0749238,-92
2026-09-13 19:08:02.082,1789337282.082616,-82
2026-09-13 19:08:02.090,1789337282.0903084,-77
2026-09-13 19:08:02.098,1789337282.0980008,-75
2026-09-13 19:08:02.105,1789337282.105693,-70
2026-09-13 19:08:02.113,1789337282.1133854,-67
2026-09-13 19:08:02.121,1789337282.1210778,-63
2026-09-13 19:08:02.128,1789337282.1287699,-63
2026-09-13 19:08:02.136,1789337282.1364622,-65
2026-09-13 19:08:02.144,1789337282.1441545,-70
2026-09-13 19:08:02.151,1789337282.151847,-80
2026-09-13 19:08:02.159,1789337282.1595392,-84
2026-09-13 19:08:02.167,1789337282.1672316,-77
2026-09-13 19:08:02.174,1789337282.174924,-70
2026-09-13 19:08:02.182,1789337282.1826162,-60
2026-09-13 19:08:02.190,1789337282.1903083,-41
2026-09-13 19:08:02.198,1789337282.1980007,-19
2026-09-13 19:08:02.205,1789337282.205693,-14
2026-09-13 19:08:02.213,1789337282.2133853,-26
2026-09-13 19:08:02.221,1789337282.2210777,-46
2026-09-13 19:08:02.228,1789337282.22877,-67
2026-09-13 19:08:02.236,1789337282.2364624,-75
2026-09-13 19:08:02.244,1789337282.2441547,-72
2026-09-13 19:08:02.251,1789337282.251847,-70
2026-09-13 19:08:02.259,1789337282.2595391,-67
2026-09-13 19:08:02.267,1789337282.2672315,-65
2026-09-13 19:08:02.274,1789337282.2749238,-67
2026-09-13 19:08:02.282,1789337282.2820292,-77
2026-09-13 19:08:02.289,1789337282.2897215,-70
2026-09-13 19:08:02.297,1789337282.2974138,26
2026-09-13 19:08:02.305,1789337282.3051062,254
2026-09-13 19:08:02.312,1789337282.3127985,601
2026-09-13 19:08:02.320,1789337282.3204906,773
2026-09-13 19:08:02.328,1789337282.328183,286
2026-09-13 19:08:02.335,1789337282.3358753,-363
2026-09-13 19:08:02.343,1789337282.3435676,-295
2026-09-13 19:08:02.351,1789337282.35126,7
2026-09-13 19:08:02.358,1789337282.3589523,-75
2026-09-13 19:08:02.366,1789337282.3666446,-155
2026-09-13 19:08:02.374,1789337282.374337,-70
2026-09-13 19:08:02.382,1789337282.382029,-67
2026-09-13 19:08:02.389,1789337282.3897214,-104
2026-09-13 19:08:02.397,1789337282.3974137,-75
2026-09-13 19:08:02.405,1789337282.405106,-55
2026-09-13 19:08:02.412,1789337282.4127984,-58
2026-09-13 19:08:02.420,1789337282.4204907,-46
2026-09-13 19:08:02.428,1789337282.428183,-33
2026-09-13 19:08:02.435,1789337282.4358754,-33
2026-09-13 19:08:02.443,1789337282.4435675,-26
2026-09-13 19:08:02.451,1789337282.4512599,-21
2026-09-13 19:08:02.458,1789337282.4589522,-14
2026-09-13 19:08:02.466,1789337282.4666445,-7
2026-09-13 19:08:02.474,1789337282.4743369,-4
2026-09-13 19:08:02.482,1789337282.4820292,-2
2026-09-13 19:08:02.489,1789337282.4897215,4
2026-09-13 19:08:02.497,1789337282.4974139,9
2026-09-13 19:08:02.505,1789337282.505106,4
2026-09-13 19:08:02.512,1789337282.5127983,-2
2026-09-13 19:08:02.520,1789337282.5204906,-7
2026-09-13 19:08:02.528,1789337282.528183,-9
2026-09-13 19:08:02.535,1789337282.5358753,-16
2026-09-13 19:08:02.543,1789337282.5435677,-14
2026-09-13 19:08:02.551,1789337282.55126,-12
2026-09-13 19:08:02.558,1789337282.5589523,-24
2026-09-13 19:08:02.566,1789337282.5666444,-46
2026-09-13 19:08:02.574,1789337282.5743368,-63
2026-09-13 19:08:02.582,1789337282.582029,-72
2026-09-13 19:08:02.589,1789337282.5897214,-82
2026-09-13 19:08:02.597,1789337282.5974138,-87
2026-09-13 19:08:02.605,1789337282.605106,-84
2026-09-13 19:08:02.612,1789337282.6127985,-82
2026-09-13 19:08:02.620,1789337282.6204908,-77
2026-09-13 19:08:02.628,1789337282.628183,-67
2026-09-13 19:08:02.635,1789337282.6358752,-65
2026-09-13 19:08:02.643,1789337282.6435676,-60
2026-09-13 19:08:02.651,1789337282.65126,-55
2026-09-13 19:08:02.658,1789337282.6589522,-48
2026-09-13 19:08:02.666,1789337282.6666446,-48
2026-09-13 19:08:02.674,1789337282.674337,-48
2026-09-13 19:08:02.682,1789337282.6820292,-46
2026-09-13 19:08:02.689,1789337282.6897213,-46
2026-09-13 19:08:02.697,1789337282.6974137,-43
2026-09-13 19:08:02.705,1789337282.705106,-43
2026-09-13 19:08:02.712,1789337282.7127984,-46
2026-09-13 19:08:02.720,1789337282.7204907,-48
2026-09-13 19:08:02.728,1789337282.728183,-55
2026-09-13 19:08:02.735,1789337282.7358754,-65
2026-09-13 19:08:02.743,1789337282.7435677,-70
2026-09-13 19:08:02.751,1789337282.7512598,-60
2026-09-13 19:08:02.758,1789337282.7589521,-48
2026-09-13 19:08:02.766,1789337282.7666445,-33
2026-09-13 19:08:02.774,1789337282.7743368,-9
2026-09-13 19:08:02.782,1789337282.7820292,9
2026-09-13 19:08:02.789,1789337282.7897215,7
2026-09-13 19:08:02.797,1789337282.7974138,-2
2026-09-13 19:08:02.805,1789337282.8051062,-21
2026-09-13 19:08:02.812,1789337282.8127985,-46
2026-09-13 19:08:02.820,1789337282.8204906,-60
2026-09-13 19:08:02.828,1789337282.828183,-58
2026-09-13 19:08:02.835,1789337282.8358753,-58
2026-09-13 19:08:02.842,1789337282.8429754,-55
2026-09-13 19:08:02.850,1789337282.8506677,-53
2026-09-13 19:08:02.858,1789337282.85836,-58
2026-09-13 19:08:02.866,1789337282.8660524,-70
2026-09-13 19:08:02.873,1789337282.8737447,-41
2026-09-13 19:08:02.881,1789337282.8814368,87
2026-09-13 19:08:02.889,1789337282.8891292,327
2026-09-13 19:08:02.896,1789337282.8968215,674
2026-09-13 19:08:02.904,1789337282.9045138,759
2026-09-13 19:08:02.912,1789337282.9122062,177
2026-09-13 19:08:02.919,1789337282.9198985,-361
2026-09-13 19:08:02.927,1789337282.9275908,-198
2026-09-13 19:08:02.935,1789337282.9352832,2
2026-09-13 19:08:02.942,1789337282.9429753,-116
2026-09-13 19:08:02.950,1789337282.9506676,-138
2026-09-13 19:08:02.958,1789337282.95836,-63
2026-09-13 19:08:02.966,1789337282.9660523,-89
2026-09-13 19:08:02.973,1789337282.9737446,-104
2026-09-13 19:08:02.981,1789337282.981437,-70
2026-09-13 19:08:02.989,1789337282.9891293,-65
2026-09-13 19:08:02.996,1789337282.9968216,-67
2026-09-13 19:08:03.004,1789337283.0045137,-53
2026-09-13 19:08:03.012,1789337283.012206,-48
2026-09-13 19:08:03.019,1789337283.0198984,-48
2026-09-13 19:08:03.027,1789337283.0275908,-41
2026-09-13 19:08:03.035,1789337283.035283,-33
2026-09-13 19:08:03.042,1789337283.0429754,-26
2026-09-13 19:08:03.050,1789337283.0506678,-19
2026-09-13 19:08:03.058,1789337283.05836,-14
2026-09-13 19:08:03.066,1789337283.0660522,-9
2026-09-13 19:08:03.073,1789337283.0737445,-7
2026-09-13 19:08:03.081,1789337283.0814369,-7
2026-09-13 19:08:03.089,1789337283.0891292,-7
2026-09-13 19:08:03.096,1789337283.0968215,-7
2026-09-13 19:08:03.104,1789337283.104514,-7
2026-09-13 19:08:03.112,1789337283.1122062,-9
2026-09-13 19:08:03.119,1789337283.1198986,-14
2026-09-13 19:08:03.127,1789337283.1275907,-12
2026-09-13 19:08:03.135,1789337283.135283,-7
2026-09-13 19:08:03.142,1789337283.1429753,-21
2026-09-13 19:08:03.150,1789337283.1506677,-48
2026-09-13 19:08:03.158,1789337283.15836,-70
2026-09-13 19:08:03.166,1789337283.1660523,-87
2026-09-13 19:08:03.173,1789337283.1737447,-97
2026-09-13 19:08:03.181,1789337283.181437,-97
2026-09-13 19:08:03.189,1789337283.189129,-97
2026-09-13 19:08:03.196,1789337283.1968215,-99
2026-09-13 19:08:03.204,1789337283.2045138,-97
2026-09-13 19:08:03.212,1789337283.2122061,-84
2026-09-13 19:08:03.219,1789337283.2198985,-77
2026-09-13 19:08:03.227,1789337283.2275908,-82
2026-09-13 19:08:03.235,1789337283.2352831,-80
2026-09-13 19:08:03.242,1789337283.2429755,-75
2026-09-13 19:08:03.250,1789337283.2506676,-75
2026-09-13 19:08:03.258,1789337283.25836,-75
2026-09-13 19:08:03.266,1789337283.2660522,-72
2026-09-13 19:08:03.273,1789337283.2737446,-70
2026-09-13 19:08:03.281,1789337283.281437,-67
2026-09-13 19:08:03.289,1789337283.2891293,-65
2026-09-13 19:08:03.296,1789337283.2968216,-65
2026-09-13 19:08:03.304,1789337283.304514,-70
2026-09-13 19:08:03.312,1789337283.312206,-72
2026-09-13 19:08:03.319,1789337283.3198984,-70
2026-09-13 19:08:03.327,1789337283.3275907,-77
2026-09-13 19:08:03.335,1789337283.335283,-87
2026-09-13 19:08:03.342,1789337283.3429754,-84
2026-09-13 19:08:03.350,1789337283.3506677,-70
2026-09-13 19:08:03.358,1789337283.35836,-53
2026-09-13 19:08:03.366,1789337283.3660524,-31
2026-09-13 19:08:03.373,1789337283.3737447,-7
2026-09-13 19:08:03.381,1789337283.3814368,-12
2026-09-13 19:08:03.389,1789337283.3891292,-31
2026-09-13 19:08:03.396,1789337283.3968215,-50
2026-09-13 19:08:03.403,1789337283.4039216,-72
2026-09-13 19:08:03.411,1789337283.411614,-84
2026-09-13 19:08:03.419,1789337283.4193063,-87
2026-09-13 19:08:03.426,1789337283.4269986,-92
2026-09-13 19:08:03.434,1789337283.434691,-87
2026-09-13 19:08:03.442,1789337283.442383,-80
2026-09-13 19:08:03.450,1789337283.4500754,-84
2026-09-13 19:08:03.457,1789337283.4577677,-94
2026-09-13 19:08:03.465,1789337283.46546,-87
2026-09-13 19:08:03.473,1789337283.4731524,-9
2026-09-13 19:08:03.480,1789337283.4808447,164
2026-09-13 19:08:03.488,1789337283.488537,441
2026-09-13 19:08:03.496,1789337283.4962294,603
2026-09-13 19:08:03.503,1789337283.5039215,244
2026-09-13 19:08:03.511,1789337283.5116138,-291
2026-09-13 19:08:03.519,1789337283.5193062,-288
2026-09-13 19:08:03.526,1789337283.5269985,-53
2026-09-13 19:08:03.534,1789337283.5346909,-82
2026-09-13 19:08:03.542,1789337283.5423832,-140
2026-09-13 19:08:03.550,1789337283.5500755,-94
2026-09-13 19:08:03.557,1789337283.5577679,-92
2026-09-13 19:08:03.565,1789337283.56546,-109
2026-09-13 19:08:03.573,1789337283.5731523,-84
2026-09-13 19:08:03.580,1789337283.5808446,-70
2026-09-13 19:08:03.588,1789337283.588537,-70
2026-09-13 19:08:03.596,1789337283.5962293,-60
2026-09-13 19:08:03.603,1789337283.6039217,-43
2026-09-13 19:08:03.611,1789337283.611614,-41
2026-09-13 19:08:03.619,1789337283.6193063,-43
2026-09-13 19:08:03.626,1789337283.6269984,-31
2026-09-13 19:08:03.634,1789337283.6346908,-21
2026-09-13 19:08:03.642,1789337283.642383,-16
2026-09-13 19:08:03.650,1789337283.6500754,-2
2026-09-13 19:08:03.657,1789337283.6577678,9
2026-09-13 19:08:03.665,1789337283.66546,14
2026-09-13 19:08:03.673,1789337283.6731524,21
2026-09-13 19:08:03.680,1789337283.6808448,29
2026-09-13 19:08:03.688,1789337283.688537,29
2026-09-13 19:08:03.696,1789337283.6962292,31
2026-09-13 19:08:03.703,1789337283.7039216,33
2026-09-13 19:08:03.711,1789337283.711614,41
2026-09-13 19:08:03.719,1789337283.7193062,41
2026-09-13 19:08:03.726,1789337283.7269986,29
2026-09-13 19:08:03.734,1789337283.734691,9
2026-09-13 19:08:03.742,1789337283.7423832,-12
2026-09-13 19:08:03.750,1789337283.7500753,-38
2026-09-13 19:08:03.757,1789337283.7577677,-65
2026-09-13 19:08:03.765,1789337283.76546,-80
2026-09-13 19:08:03.773,1789337283.7731524,-89
2026-09-13 19:08:03.780,1789337283.7808447,-99
2026-09-13 19:08:03.788,1789337283.788537,-94
2026-09-13 19:08:03.796,1789337283.7962294,-84
2026-09-13 19:08:03.803,1789337283.8039217,-84
2026-09-13 19:08:03.811,1789337283.8116138,-87
2026-09-13 19:08:03.819,1789337283.8193061,-80
2026-09-13 19:08:03.826,1789337283.8269985,-77
2026-09-13 19:08:03.834,1789337283.8346908,-67
2026-09-13 19:08:03.842,1789337283.8423831,-58
2026-09-13 19:08:03.850,1789337283.8500755,-58
2026-09-13 19:08:03.857,1789337283.8577678,-58
2026-09-13 19:08:03.865,1789337283.8654602,-60
2026-09-13 19:08:03.873,1789337283.8731523,-58
2026-09-13 19:08:03.880,1789337283.8808446,-50
2026-09-13 19:08:03.888,1789337283.888537,-53
2026-09-13 19:08:03.896,1789337283.8962293,-63
2026-09-13 19:08:03.903,1789337283.9039216,-67
2026-09-13 19:08:03.911,1789337283.911614,-72
2026-09-13 19:08:03.919,1789337283.9193063,-82
2026-09-13 19:08:03.926,1789337283.9269986,-75
2026-09-13 19:08:03.934,1789337283.934691,-55
2026-09-13 19:08:03.942,1789337283.942383,-43
2026-09-13 19:08:03.950,1789337283.9500754,-31
2026-09-13 19:08:03.957,1789337283.9577677,-7
2026-09-13 19:08:03.964,1789337283.964873,2
2026-09-13 19:08:03.972,1789337283.9725654,-9
2026-09-13 19:08:03.980,1789337283.9802577,-26
2026-09-13 19:08:03.987,1789337283.98795,-43
2026-09-13 19:08:03.995,1789337283.9956424,-55
2026-09-13 19:08:04.003,1789337284.0033345,-63
2026-09-13 19:08:04.011,1789337284.0110269,-67
2026-09-13 19:08:04.018,1789337284.0187192,-60
2026-09-13 19:08:04.026,1789337284.0264115,-58
2026-09-13 19:08:04.034,1789337284.0341039,-65
2026-09-13 19:08:04.041,1789337284.0417962,-75
2026-09-13 19:08:04.049,1789337284.0494885,-77
2026-09-13 19:08:04.057,1789337284.057181,-7
2026-09-13 19:08:04.064,1789337284.064873,189
2026-09-13 19:08:04.072,1789337284.0725653,485
2026-09-13 19:08:04.080,1789337284.0802577,715
2026-09-13 19:08:04.087,1789337284.08795,402
2026-09-13 19:08:04.095,1789337284.0956423,-291
2026-09-13 19:08:04.103,1789337284.1033347,-407
2026-09-13 19:08:04.111,1789337284.111027,-67
2026-09-13 19:08:04.118,1789337284.1187193,-46
2026-09-13 19:08:04.126,1789337284.1264114,-140
2026-09-13 19:08:04.134,1789337284.1341038,-72
2026-09-13 19:08:04.141,1789337284.141796,-48
2026-09-13 19:08:04.149,1789337284.1494884,-82
2026-09-13 19:08:04.157,1789337284.1571808,-63
2026-09-13 19:08:04.164,1789337284.1648731,-41
2026-09-13 19:08:04.172,1789337284.1725655,-48
2026-09-13 19:08:04.180,1789337284.1802578,-31
2026-09-13 19:08:04.187,1789337284.18795,-14
2026-09-13 19:08:04.195,1789337284.1956422,-21
2026-09-13 19:08:04.203,1789337284.2033346,-16
2026-09-13 19:08:04.211,1789337284.211027,-2
2026-09-13 19:08:04.218,1789337284.2187192,12
2026-09-13 19:08:04.226,1789337284.2264116,19
2026-09-13 19:08:04.234,1789337284.234104,24
2026-09-13 19:08:04.241,1789337284.2417963,38
2026-09-13 19:08:04.249,1789337284.2494884,60
2026-09-13 19:08:04.257,1789337284.2571807,72
2026-09-13 19:08:04.264,1789337284.264873,77
2026-09-13 19:08:04.272,1789337284.2725654,84
2026-09-13 19:08:04.280,1789337284.2802577,87
2026-09-13 19:08:04.287,1789337284.28795,97
2026-09-13 19:08:04.295,1789337284.2956424,101
2026-09-13 19:08:04.303,1789337284.3033347,101
2026-09-13 19:08:04.311,1789337284.3110268,94
2026-09-13 19:08:04.318,1789337284.3187191,60
2026-09-13 19:08:04.326,1789337284.3264115,12
2026-09-13 19:08:04.334,1789337284.3341038,-24
2026-09-13 19:08:04.341,1789337284.3417962,-50
2026-09-13 19:08:04.349,1789337284.3494885,-80
2026-09-13 19:08:04.357,1789337284.3571808,-104
2026-09-13 19:08:04.364,1789337284.3648732,-111
2026-09-13 19:08:04.372,1789337284.3725653,-116
2026-09-13 19:08:04.380,1789337284.3802576,-113
2026-09-13 19:08:04.387,1789337284.38795,-99
2026-09-13 19:08:04.395,1789337284.3956423,-94
2026-09-13 19:08:04.403,1789337284.4033346,-92
2026-09-13 19:08:04.411,1789337284.411027,-82
2026-09-13 19:08:04.418,1789337284.4187193,-75
2026-09-13 19:08:04.426,1789337284.4264116,-70
2026-09-13 19:08:04.434,1789337284.4341037,-58
2026-09-13 19:08:04.441,1789337284.441796,-53
2026-09-13 19:08:04.449,1789337284.4494884,-60
2026-09-13 19:08:04.457,1789337284.4571807,-67
2026-09-13 19:08:04.464,1789337284.464873,-53
2026-09-13 19:08:04.472,1789337284.4725654,-53
2026-09-13 19:08:04.480,1789337284.4802577,-75
2026-09-13 19:08:04.487,1789337284.48795,-72
2026-09-13 19:08:04.495,1789337284.4956424,-50
2026-09-13 19:08:04.503,1789337284.5033345,-67
2026-09-13 19:08:04.511,1789337284.5110269,-89
2026-09-13 19:08:04.518,1789337284.5187192,-58
2026-09-13 19:08:04.525,1789337284.5258446,-14
2026-09-13 19:08:04.533,1789337284.533537,-2
2026-09-13 19:08:04.541,1789337284.5412292,-7
2026-09-13 19:08:04.548,1789337284.5489216,-24
2026-09-13 19:08:04.556,1789337284.556614,-55
2026-09-13 19:08:04.564,1789337284.564306,-72
2026-09-13 19:08:04.571,1789337284.5719984,-63
2026-09-13 19:08:04.579,1789337284.5796907,-63
2026-09-13 19:08:04.587,1789337284.587383,-82
2026-09-13 19:08:04.595,1789337284.5950754,-72
2026-09-13 19:08:04.602,1789337284.6027677,-46
2026-09-13 19:08:04.610,1789337284.61046,-48
2026-09-13 19:08:04.618,1789337284.6181524,-82
2026-09-13 19:08:04.625,1789337284.6258445,-53
2026-09-13 19:08:04.633,1789337284.6335368,140
2026-09-13 19:08:04.641,1789337284.6412292,470
2026-09-13 19:08:04.648,1789337284.6489215,754
2026-09-13 19:08:04.656,1789337284.6566138,523
2026-09-13 19:08:04.664,1789337284.6643062,-203
2026-09-13 19:08:04.671,1789337284.6719985,-451
2026-09-13 19:08:04.679,1789337284.6796908,-106
2026-09-13 19:08:04.687,1789337284.687383,-16
2026-09-13 19:08:04.695,1789337284.6950753,-143
2026-09-13 19:08:04.702,1789337284.7027676,-97
2026-09-13 19:08:04.710,1789337284.71046,-50
2026-09-13 19:08:04.718,1789337284.7181523,-89
2026-09-13 19:08:04.725,1789337284.7258446,-80
2026-09-13 19:08:04.733,1789337284.733537,-50
2026-09-13 19:08:04.741,1789337284.7412293,-55
2026-09-13 19:08:04.748,1789337284.7489214,-50
2026-09-13 19:08:04.756,1789337284.7566137,-33
2026-09-13 19:08:04.764,1789337284.764306,-29
2026-09-13 19:08:04.771,1789337284.7719984,-31
2026-09-13 19:08:04.779,1789337284.7796907,-21
2026-09-13 19:08:04.787,1789337284.787383,-4
2026-09-13 19:08:04.795,1789337284.7950754,12
2026-09-13 19:08:04.802,1789337284.8027678,21
2026-09-13 19:08:04.810,1789337284.8104599,29
2026-09-13 19:08:04.818,1789337284.8181522,38
2026-09-13 19:08:04.825,1789337284.8258445,46
2026-09-13 19:08:04.833,1789337284.8335369,53
2026-09-13 19:08:04.841,1789337284.8412292,58
2026-09-13 19:08:04.848,1789337284.8489215,58
2026-09-13 19:08:04.856,1789337284.8566139,53
2026-09-13 19:08:04.864,1789337284.8643062,53
2026-09-13 19:08:04.871,1789337284.8719983,55
2026-09-13 19:08:04.879,1789337284.8796906,43
2026-09-13 19:08:04.887,1789337284.887383,16
2026-09-13 19:08:04.895,1789337284.8950753,-21
2026-09-13 19:08:04.902,1789337284.9027677,-63
2026-09-13 19:08:04.910,1789337284.91046,-92
2026-09-13 19:08:04.918,1789337284.9181523,-111
2026-09-13 19:08:04.925,1789337284.9258447,-130
2026-09-13 19:08:04.933,1789337284.9335368,-140
2026-09-13 19:08:04.941,1789337284.941229,-140
2026-09-13 19:08:04.948,1789337284.9489214,-138
2026-09-13 19:08:04.956,1789337284.9566138,-130
2026-09-13 19:08:04.964,1789337284.964306,-121
2026-09-13 19:08:04.971,1789337284.9719985,-116
2026-09-13 19:08:04.979,1789337284.9796908,-109
2026-09-13 19:08:04.987,1789337284.9873831,-99
2026-09-13 19:08:04.995,1789337284.9950752,-94
2026-09-13 19:08:05.002,1789337285.0027676,-94
2026-09-13 19:08:05.010,1789337285.01046,-92
2026-09-13 19:08:05.018,1789337285.0181522,-92
2026-09-13 19:08:05.025,1789337285.0258446,-89
2026-09-13 19:08:05.033,1789337285.033537,-89
2026-09-13 19:08:05.041,1789337285.0412292,-94
2026-09-13 19:08:05.048,1789337285.0489216,-101
2026-09-13 19:08:05.056,1789337285.056614,-101
2026-09-13 19:08:05.064,1789337285.064306,-94
2026-09-13 19:08:05.071,1789337285.0719984,-87
2026-09-13 19:08:05.079,1789337285.0796907,-72
2026-09-13 19:08:05.086,1789337285.086791,-46
2026-09-13 19:08:05.094,1789337285.0944834,-33
2026-09-13 19:08:05.102,1789337285.1021757,-46
2026-09-13 19:08:05.109,1789337285.109868,-70
2026-09-13 19:08:05.117,1789337285.1175604,-87
2026-09-13 19:08:05.125,1789337285.1252525,-97
2026-09-13 19:08:05.132,1789337285.1329448,-99
2026-09-13 19:08:05.140,1789337285.1406372,-101
2026-09-13 19:08:05.148,1789337285.1483295,-99
2026-09-13 19:08:05.156,1789337285.1560218,-92
2026-09-13 19:08:05.163,1789337285.1637142,-89
2026-09-13 19:08:05.171,1789337285.1714065,-99
2026-09-13 19:08:05.179,1789337285.1790988,-113
2026-09-13 19:08:05.186,1789337285.186791,-72
2026-09-13 19:08:05.194,1789337285.1944833,92
2026-09-13 19:08:05.202,1789337285.2021756,390
2026-09-13 19:08:05.209,1789337285.209868,691
2026-09-13 19:08:05.217,1789337285.2175603,506
2026-09-13 19:08:05.225,1789337285.2252526,-198
2026-09-13 19:08:05.232,1789337285.232945,-453
2026-09-13 19:08:05.240,1789337285.2406373,-116
2026-09-13 19:08:05.248,1789337285.2483294,-33
2026-09-13 19:08:05.256,1789337285.2560217,-169
2026-09-13 19:08:05.263,1789337285.263714,-118
2026-09-13 19:08:05.271,1789337285.2714064,-67
2026-09-13 19:08:05.279,1789337285.2790987,-116
2026-09-13 19:08:05.286,1789337285.286791,-111
2026-09-13 19:08:05.294,1789337285.2944834,-72
2026-09-13 19:08:05.302,1789337285.3021758,-72
2026-09-13 19:08:05.309,1789337285.3098679,-75
2026-09-13 19:08:05.317,1789337285.3175602,-60
2026-09-13 19:08:05.325,1789337285.3252525,-50
2026-09-13 19:08:05.332,1789337285.3329449,-46
2026-09-13 19:08:05.340,1789337285.3406372,-41
2026-09-13 19:08:05.348,1789337285.3483295,-33
2026-09-13 19:08:05.356,1789337285.356022,-31
2026-09-13 19:08:05.363,1789337285.3637142,-24
2026-09-13 19:08:05.371,1789337285.3714063,-9
2026-09-13 19:08:05.379,1789337285.3790987,-4
2026-09-13 19:08:05.386,1789337285.386791,0
2026-09-13 19:08:05.394,1789337285.3944833,7
2026-09-13 19:08:05.402,1789337285.4021757,7
2026-09-13 19:08:05.409,1789337285.409868,0
2026-09-13 19:08:05.417,1789337285.4175603,-7
2026-09-13 19:08:05.425,1789337285.4252527,-4
2026-09-13 19:08:05.432,1789337285.4329448,-2
2026-09-13 19:08:05.440,1789337285.440637,-2
2026-09-13 19:08:05.448,1789337285.4483294,-14
2026-09-13 19:08:05.456,1789337285.4560218,-38
2026-09-13 19:08:05.463,1789337285.4637141,-63
2026-09-13 19:08:05.471,1789337285.4714065,-82
2026-09-13 19:08:05.479,1789337285.4790988,-94
2026-09-13 19:08:05.486,1789337285.4867911,-101
2026-09-13 19:08:05.494,1789337285.4944832,-104
2026-09-13 19:08:05.502,1789337285.5021756,-101
2026-09-13 19:08:05.509,1789337285.509868,-99
2026-09-13 19:08:05.517,1789337285.5175602,-97
2026-09-13 19:08:05.525,1789337285.5252526,-89
2026-09-13 19:08:05.532,1789337285.532945,-82
2026-09-13 19:08:05.540,1789337285.5406373,-80
2026-09-13 19:08:05.548,1789337285.5483296,-77
2026-09-13 19:08:05.556,1789337285.5560217,-70
2026-09-13 19:08:05.563,1789337285.563714,-67
2026-09-13 19:08:05.571,1789337285.5714064,-67
2026-09-13 19:08:05.579,1789337285.5790987,-70
2026-09-13 19:08:05.586,1789337285.586791,-67
2026-09-13 19:08:05.594,1789337285.5944834,-70
2026-09-13 19:08:05.602,1789337285.6021757,-82
2026-09-13 19:08:05.609,1789337285.609868,-87
2026-09-13 19:08:05.617,1789337285.6175604,-77
2026-09-13 19:08:05.625,1789337285.6252525,-65
2026-09-13 19:08:05.632,1789337285.6329448,-53
2026-09-13 19:08:05.640,1789337285.6406372,-31
2026-09-13 19:08:05.647,1789337285.6477373,-14
2026-09-13 19:08:05.655,1789337285.6554296,-16
2026-09-13 19:08:05.663,1789337285.663122,-29
2026-09-13 19:08:05.670,1789337285.6708143,-48
2026-09-13 19:08:05.678,1789337285.6785066,-70
2026-09-13 19:08:05.686,1789337285.6861987,-82
2026-09-13 19:08:05.693,1789337285.693891,-80
2026-09-13 19:08:05.701,1789337285.7015834,-77
2026-09-13 19:08:05.709,1789337285.7092757,-80
2026-09-13 19:08:05.716,1789337285.716968,-77
2026-09-13 19:08:05.724,1789337285.7246604,-80
2026-09-13 19:08:05.732,1789337285.7323527,-94
2026-09-13 19:08:05.740,1789337285.740045,-87
2026-09-13 19:08:05.747,1789337285.7477372,19
2026-09-13 19:08:05.755,1789337285.7554295,249
2026-09-13 19:08:05.763,1789337285.7631218,591
2026-09-13 19:08:05.770,1789337285.7708142,691
2026-09-13 19:08:05.778,1789337285.7785065,135
2026-09-13 19:08:05.786,1789337285.7861989,-388
2026-09-13 19:08:05.793,1789337285.7938912,-218
2026-09-13 19:08:05.801,1789337285.8015835,-2
2026-09-13 19:08:05.809,1789337285.8092756,-116
2026-09-13 19:08:05.816,1789337285.816968,-143
2026-09-13 19:08:05.824,1789337285.8246603,-70
2026-09-13 19:08:05.832,1789337285.8323526,-87
2026-09-13 19:08:05.840,1789337285.840045,-106
2026-09-13 19:08:05.847,1789337285.8477373,-77
2026-09-13 19:08:05.855,1789337285.8554296,-63
2026-09-13 19:08:05.863,1789337285.863122,-67
2026-09-13 19:08:05.870,1789337285.870814,-55
2026-09-13 19:08:05.878,1789337285.8785064,-43
2026-09-13 19:08:05.886,1789337285.8861988,-43
2026-09-13 19:08:05.893,1789337285.893891,-36
2026-09-13 19:08:05.901,1789337285.9015834,-24
2026-09-13 19:08:05.909,1789337285.9092758,-21
2026-09-13 19:08:05.916,1789337285.916968,-14
2026-09-13 19:08:05.924,1789337285.9246604,-2
2026-09-13 19:08:05.932,1789337285.9323525,7
2026-09-13 19:08:05.940,1789337285.9400449,7
2026-09-13 19:08:05.947,1789337285.9477372,2
2026-09-13 19:08:05.955,1789337285.9554296,-2
2026-09-13 19:08:05.963,1789337285.963122,0
2026-09-13 19:08:05.970,1789337285.9708142,0
2026-09-13 19:08:05.978,1789337285.9785066,-7
2026-09-13 19:08:05.986,1789337285.986199,-7
2026-09-13 19:08:05.993,1789337285.993891,-2
2026-09-13 19:08:06.001,1789337286.0015833,-9
2026-09-13 19:08:06.009,1789337286.0092757,-29
2026-09-13 19:08:06.016,1789337286.016968,-48
2026-09-13 19:08:06.024,1789337286.0246603,-70
2026-09-13 19:08:06.032,1789337286.0323527,-82
2026-09-13 19:08:06.040,1789337286.040045,-87
2026-09-13 19:08:06.047,1789337286.0477374,-89
2026-09-13 19:08:06.055,1789337286.0554295,-92
2026-09-13 19:08:06.063,1789337286.0631218,-89
2026-09-13 19:08:06.070,1789337286.0708141,-82
2026-09-13 19:08:06.078,1789337286.0785065,-77
2026-09-13 19:08:06.086,1789337286.0861988,-75
2026-09-13 19:08:06.093,1789337286.0938911,-72
2026-09-13 19:08:06.101,1789337286.1015835,-65
2026-09-13 19:08:06.109,1789337286.1092758,-63
2026-09-13 19:08:06.116,1789337286.116968,-67
2026-09-13 19:08:06.124,1789337286.1246603,-65
2026-09-13 19:08:06.132,1789337286.1323526,-58
2026-09-13 19:08:06.140,1789337286.140045,-60
2026-09-13 19:08:06.147,1789337286.1477373,-65
2026-09-13 19:08:06.155,1789337286.1554296,-72
2026-09-13 19:08:06.163,1789337286.163122,-70
2026-09-13 19:08:06.170,1789337286.1708143,-63
2026-09-13 19:08:06.178,1789337286.1785066,-50
2026-09-13 19:08:06.186,1789337286.1861987,-43
2026-09-13 19:08:06.193,1789337286.193891,-26
2026-09-13 19:08:06.201,1789337286.2015834,-2
2026-09-13 19:08:06.208,1789337286.2086837,2
2026-09-13 19:08:06.216,1789337286.216376,-14
2026-09-13 19:08:06.224,1789337286.2240684,-31
2026-09-13 19:08:06.231,1789337286.2317607,-48
2026-09-13 19:08:06.239,1789337286.239453,-63
2026-09-13 19:08:06.247,1789337286.2471452,-75
2026-09-13 19:08:06.254,1789337286.2548375,-80
2026-09-13 19:08:06.262,1789337286.2625299,-77
2026-09-13 19:08:06.270,1789337286.2702222,-67
2026-09-13 19:08:06.277,1789337286.2779145,-72
2026-09-13 19:08:06.285,1789337286.2856069,-82
2026-09-13 19:08:06.293,1789337286.2932992,-87
2026-09-13 19:08:06.300,1789337286.3009915,-41
2026-09-13 19:08:06.308,1789337286.3086836,87
2026-09-13 19:08:06.316,1789337286.316376,327
2026-09-13 19:08:06.324,1789337286.3240683,577
2026-09-13 19:08:06.331,1789337286.3317606,385
2026-09-13 19:08:06.339,1789337286.339453,-186
2026-09-13 19:08:06.347,1789337286.3471453,-332
2026-09-13 19:08:06.354,1789337286.3548377,-72
2026-09-13 19:08:06.362,1789337286.36253,-43
2026-09-13 19:08:06.370,1789337286.370222,-135
2026-09-13 19:08:06.377,1789337286.3779144,-97
2026-09-13 19:08:06.385,1789337286.3856068,-70
2026-09-13 19:08:06.393,1789337286.393299,-92
2026-09-13 19:08:06.400,1789337286.4009914,-84
2026-09-13 19:08:06.408,1789337286.4086838,-70
2026-09-13 19:08:06.416,1789337286.416376,-65
2026-09-13 19:08:06.424,1789337286.4240685,-55
2026-09-13 19:08:06.431,1789337286.4317605,-46
2026-09-13 19:08:06.439,1789337286.439453,-46
2026-09-13 19:08:06.447,1789337286.4471452,-41
2026-09-13 19:08:06.454,1789337286.4548376,-31
2026-09-13 19:08:06.462,1789337286.46253,-24
2026-09-13 19:08:06.470,1789337286.4702222,-19
2026-09-13 19:08:06.477,1789337286.4779146,-9
2026-09-13 19:08:06.485,1789337286.485607,2
2026-09-13 19:08:06.493,1789337286.493299,7
2026-09-13 19:08:06.500,1789337286.5009913,9
2026-09-13 19:08:06.508,1789337286.5086837,12
2026-09-13 19:08:06.516,1789337286.516376,16
2026-09-13 19:08:06.524,1789337286.5240684,16
2026-09-13 19:08:06.531,1789337286.5317607,19
2026-09-13 19:08:06.539,1789337286.539453,21
2026-09-13 19:08:06.547,1789337286.5471454,21
2026-09-13 19:08:06.554,1789337286.5548375,21
2026-09-13 19:08:06.562,1789337286.5625298,4
2026-09-13 19:08:06.570,1789337286.5702221,-24
2026-09-13 19:08:06.577,1789337286.5779145,-50
2026-09-13 19:08:06.585,1789337286.5856068,-72
2026-09-13 19:08:06.593,1789337286.5932992,-87
2026-09-13 19:08:06.600,1789337286.6009915,-92
2026-09-13 19:08:06.608,1789337286.6086838,-94
2026-09-13 19:08:06.616,1789337286.616376,-97
2026-09-13 19:08:06.624,1789337286.6240683,-92
2026-09-13 19:08:06.631,1789337286.6317606,-82
2026-09-13 19:08:06.639,1789337286.639453,-80
2026-09-13 19:08:06.647,1789337286.6471453,-87
2026-09-13 19:08:06.654,1789337286.6548376,-82
2026-09-13 19:08:06.662,1789337286.66253,-67
2026-09-13 19:08:06.670,1789337286.6702223,-63
2026-09-13 19:08:06.677,1789337286.6779144,-70
2026-09-13 19:08:06.685,1789337286.6856067,-77
2026-09-13 19:08:06.693,1789337286.693299,-70
2026-09-13 19:08:06.700,1789337286.7009914,-58
2026-09-13 19:08:06.708,1789337286.7086837,-60
2026-09-13 19:08:06.716,1789337286.716376,-70
2026-09-13 19:08:06.724,1789337286.7240684,-72
2026-09-13 19:08:06.731,1789337286.7317607,-65
2026-09-13 19:08:06.739,1789337286.739453,-53
2026-09-13 19:08:06.747,1789337286.7471452,-33
2026-09-13 19:08:06.754,1789337286.7548375,-4
2026-09-13 19:08:06.762,1789337286.7625299,4
2026-09-13 19:08:06.769,1789337286.7696602,-9
2026-09-13 19:08:06.777,1789337286.7773526,-26
2026-09-13 19:08:06.785,1789337286.785045,-48
2026-09-13 19:08:06.792,1789337286.7927372,-72
2026-09-13 19:08:06.800,1789337286.8004296,-77
2026-09-13 19:08:06.808,1789337286.8081217,-70
2026-09-13 19:08:06.815,1789337286.815814,-72
2026-09-13 19:08:06.823,1789337286.8235064,-72
2026-09-13 19:08:06.831,1789337286.8311987,-67
2026-09-13 19:08:06.838,1789337286.838891,-80
2026-09-13 19:08:06.846,1789337286.8465834,-99
2026-09-13 19:08:06.854,1789337286.8542757,-72
2026-09-13 19:08:06.861,1789337286.861968,50
2026-09-13 19:08:06.869,1789337286.8696601,276
2026-09-13 19:08:06.877,1789337286.8773525,555
2026-09-13 19:08:06.885,1789337286.8850448,487
2026-09-13 19:08:06.892,1789337286.8927372,-111
2026-09-13 19:08:06.900,1789337286.9004295,-441
2026-09-13 19:08:06.908,1789337286.9081218,-177
2026-09-13 19:08:06.915,1789337286.9158142,-26
2026-09-13 19:08:06.923,1789337286.9235065,-118
2026-09-13 19:08:06.931,1789337286.9311986,-99
2026-09-13 19:08:06.938,1789337286.938891,-55
2026-09-13 19:08:06.946,1789337286.9465833,-89
2026-09-13 19:08:06.954,1789337286.9542756,-92
2026-09-13 19:08:06.961,1789337286.961968,-63
2026-09-13 19:08:06.969,1789337286.9696603,-65
2026-09-13 19:08:06.977,1789337286.9773526,-65
2026-09-13 19:08:06.985,1789337286.985045,-48
2026-09-13 19:08:06.992,1789337286.992737,-38
2026-09-13 19:08:07.000,1789337287.0004294,-33
2026-09-13 19:08:07.008,1789337287.0081217,-24
2026-09-13 19:08:07.015,1789337287.015814,-14
2026-09-13 19:08:07.023,1789337287.0235064,-2
2026-09-13 19:08:07.031,1789337287.0311987,7
2026-09-13 19:08:07.038,1789337287.038891,12
2026-09-13 19:08:07.046,1789337287.0465834,24
2026-09-13 19:08:07.054,1789337287.0542755,38
2026-09-13 19:08:07.061,1789337287.0619678,43
2026-09-13 19:08:07.069,1789337287.0696602,43
2026-09-13 19:08:07.077,1789337287.0773525,48
2026-09-13 19:08:07.085,1789337287.0850449,53
2026-09-13 19:08:07.092,1789337287.0927372,55
2026-09-13 19:08:07.100,1789337287.1004295,60
2026-09-13 19:08:07.108,1789337287.1081219,58
2026-09-13 19:08:07.115,1789337287.115814,36
2026-09-13 19:08:07.123,1789337287.1235063,-4
2026-09-13 19:08:07.131,1789337287.1311986,-41
2026-09-13 19:08:07.138,1789337287.138891,-72
2026-09-13 19:08:07.146,1789337287.1465833,-99
2026-09-13 19:08:07.154,1789337287.1542757,-116
2026-09-13 19:08:07.161,1789337287.161968,-123
2026-09-13 19:08:07.169,1789337287.1696603,-133
2026-09-13 19:08:07.177,1789337287.1773524,-135
2026-09-13 19:08:07.185,1789337287.1850448,-121
2026-09-13 19:08:07.192,1789337287.192737,-106
2026-09-13 19:08:07.200,1789337287.2004294,-104
2026-09-13 19:08:07.208,1789337287.2081218,-97
2026-09-13 19:08:07.215,1789337287.215814,-84
2026-09-13 19:08:07.223,1789337287.2235065,-92
2026-09-13 19:08:07.231,1789337287.2311988,-89
2026-09-13 19:08:07.238,1789337287.238891,-75
2026-09-13 19:08:07.246,1789337287.2465832,-77
2026-09-13 19:08:07.254,1789337287.2542756,-89
2026-09-13 19:08:07.261,1789337287.261968,-94
2026-09-13 19:08:07.269,1789337287.2696602,-97
2026-09-13 19:08:07.277,1789337287.2773526,-89
2026-09-13 19:08:07.285,1789337287.285045,-77
2026-09-13 19:08:07.292,1789337287.2927372,-65
2026-09-13 19:08:07.300,1789337287.3004296,-46
2026-09-13 19:08:07.308,1789337287.3081217,-31
2026-09-13 19:08:07.315,1789337287.315814,-24
2026-09-13 19:08:07.323,1789337287.3235064,-29
2026-09-13 19:08:07.330,1789337287.3306065,-48
2026-09-13 19:08:07.338,1789337287.3382988,-67
2026-09-13 19:08:07.345,1789337287.3459911,-77
2026-09-13 19:08:07.353,1789337287.3536835,-84
2026-09-13 19:08:07.361,1789337287.3613758,-87
2026-09-13 19:08:07.369,1789337287.369068,-89
2026-09-13 19:08:07.376,1789337287.3767602,-87
2026-09-13 19:08:07.384,1789337287.3844526,-84
2026-09-13 19:08:07.392,1789337287.392145,-94
2026-09-13 19:08:07.399,1789337287.3998373,-99
2026-09-13 19:08:07.407,1789337287.4075296,-24
2026-09-13 19:08:07.415,1789337287.415222,184
2026-09-13 19:08:07.422,1789337287.4229143,494
2026-09-13 19:08:07.430,1789337287.4306064,664
2026-09-13 19:08:07.438,1789337287.4382987,254
2026-09-13 19:08:07.445,1789337287.445991,-400
2026-09-13 19:08:07.453,1789337287.4536834,-400
2026-09-13 19:08:07.461,1789337287.4613757,-50
2026-09-13 19:08:07.469,1789337287.469068,-67
2026-09-13 19:08:07.476,1789337287.4767604,-152
2026-09-13 19:08:07.484,1789337287.4844527,-80
2026-09-13 19:08:07.492,1789337287.4921448,-70
2026-09-13 19:08:07.499,1789337287.4998372,-106
2026-09-13 19:08:07.507,1789337287.5075295,-77
2026-09-13 19:08:07.515,1789337287.5152218,-53
2026-09-13 19:08:07.522,1789337287.5229142,-65
2026-09-13 19:08:07.530,1789337287.5306065,-60
2026-09-13 19:08:07.538,1789337287.5382988,-33
2026-09-13 19:08:07.545,1789337287.5459912,-31
2026-09-13 19:08:07.553,1789337287.5536833,-38
2026-09-13 19:08:07.561,1789337287.5613756,-16
2026-09-13 19:08:07.569,1789337287.569068,14
2026-09-13 19:08:07.576,1789337287.5767603,19
2026-09-13 19:08:07.584,1789337287.5844526,14
2026-09-13 19:08:07.592,1789337287.592145,26
2026-09-13 19:08:07.599,1789337287.5998373,48
2026-09-13 19:08:07.607,1789337287.6075296,60
2026-09-13 19:08:07.615,1789337287.6152217,55
2026-09-13 19:08:07.622,1789337287.622914,60
2026-09-13 19:08:07.630,1789337287.6306064,77
2026-09-13 19:08:07.638,1789337287.6382987,77
2026-09-13 19:08:07.645,1789337287.645991,70
2026-09-13 19:08:07.653,1789337287.6536834,67
2026-09-13 19:08:07.661,1789337287.6613758,53
2026-09-13 19:08:07.669,1789337287.669068,21
2026-09-13 19:08:07.676,1789337287.6767602,-21
2026-09-13 19:08:07.684,1789337287.6844525,-60
2026-09-13 19:08:07.692,1789337287.6921449,-84
2026-09-13 19:08:07.699,1789337287.6998372,-99
2026-09-13 19:08:07.707,1789337287.7075295,-116
2026-09-13 19:08:07.715,1789337287.715222,-123
2026-09-13 19:08:07.722,1789337287.7229142,-116
2026-09-13 19:08:07.730,1789337287.7306066,-113
2026-09-13 19:08:07.738,1789337287.7382987,-109
2026-09-13 19:08:07.745,1789337287.745991,-97
2026-09-13 19:08:07.753,1789337287.7536833,-87
2026-09-13 19:08:07.761,1789337287.7613757,-80
2026-09-13 19:08:07.769,1789337287.769068,-75
2026-09-13 19:08:07.776,1789337287.7767603,-67
2026-09-13 19:08:07.784,1789337287.7844527,-63
2026-09-13 19:08:07.792,1789337287.792145,-60
2026-09-13 19:08:07.799,1789337287.799837,-65
2026-09-13 19:08:07.807,1789337287.8075294,-75
2026-09-13 19:08:07.815,1789337287.8152218,-70
2026-09-13 19:08:07.822,1789337287.8229141,-63
2026-09-13 19:08:07.830,1789337287.8306065,-58
2026-09-13 19:08:07.838,1789337287.8382988,-50
2026-09-13 19:08:07.845,1789337287.8459911,-33
2026-09-13 19:08:07.853,1789337287.8536835,-16
2026-09-13 19:08:07.861,1789337287.8613758,-12
2026-09-13 19:08:07.869,1789337287.869068,-31
2026-09-13 19:08:07.876,1789337287.8767602,-58
2026-09-13 19:08:07.884,1789337287.8844526,-72
2026-09-13 19:08:07.891,1789337287.891553,-75
2026-09-13 19:08:07.899,1789337287.8992453,-80
2026-09-13 19:08:07.906,1789337287.9069376,-84
2026-09-13 19:08:07.914,1789337287.91463,-77
2026-09-13 19:08:07.922,1789337287.9223223,-72
2026-09-13 19:08:07.930,1789337287.9300144,-82
2026-09-13 19:08:07.937,1789337287.9377067,-94
2026-09-13 19:08:07.945,1789337287.945399,-92
2026-09-13 19:08:07.953,1789337287.9530914,-9
2026-09-13 19:08:07.960,1789337287.9607837,218
2026-09-13 19:08:07.968,1789337287.968476,555
2026-09-13 19:08:07.976,1789337287.9761684,637
2026-09-13 19:08:07.983,1789337287.9838607,80
2026-09-13 19:08:07.991,1789337287.9915528,-470
2026-09-13 19:08:07.999,1789337287.9992452,-286
2026-09-13 19:08:08.006,1789337288.0069375,-7
2026-09-13 19:08:08.014,1789337288.0146298,-104
2026-09-13 19:08:08.022,1789337288.0223222,-147
2026-09-13 19:08:08.030,1789337288.0300145,-65
2026-09-13 19:08:08.037,1789337288.0377069,-80
2026-09-13 19:08:08.045,1789337288.0453992,-101
2026-09-13 19:08:08.053,1789337288.0530913,-72
2026-09-13 19:08:08.060,1789337288.0607836,-63
2026-09-13 19:08:08.068,1789337288.068476,-70
2026-09-13 19:08:08.076,1789337288.0761683,-55
2026-09-13 19:08:08.083,1789337288.0838606,-43
2026-09-13 19:08:08.091,1789337288.091553,-41
2026-09-13 19:08:08.099,1789337288.0992453,-33
2026-09-13 19:08:08.106,1789337288.1069376,-24
2026-09-13 19:08:08.114,1789337288.1146297,-19
2026-09-13 19:08:08.122,1789337288.122322,-12
2026-09-13 19:08:08.130,1789337288.1300144,0
2026-09-13 19:08:08.137,1789337288.1377068,7
2026-09-13 19:08:08.145,1789337288.145399,14
2026-09-13 19:08:08.153,1789337288.1530914,21
2026-09-13 19:08:08.160,1789337288.1607838,26
2026-09-13 19:08:08.168,1789337288.168476,26
2026-09-13 19:08:08.176,1789337288.1761682,21
2026-09-13 19:08:08.183,1789337288.1838605,21
2026-09-13 19:08:08.191,1789337288.1915529,19
2026-09-13 19:08:08.199,1789337288.1992452,14
2026-09-13 19:08:08.206,1789337288.2069376,0
2026-09-13 19:08:08.214,1789337288.21463,-26
2026-09-13 19:08:08.222,1789337288.2223222,-55
2026-09-13 19:08:08.230,1789337288.2300146,-75
2026-09-13 19:08:08.237,1789337288.2377067,-89
2026-09-13 19:08:08.245,1789337288.245399,-104
2026-09-13 19:08:08.253,1789337288.2530913,-111
2026-09-13 19:08:08.260,1789337288.2607837,-109
2026-09-13 19:08:08.268,1789337288.268476,-106
2026-09-13 19:08:08.276,1789337288.2761683,-104
2026-09-13 19:08:08.283,1789337288.2838607,-94
2026-09-13 19:08:08.291,1789337288.291553,-84
2026-09-13 19:08:08.299,1789337288.299245,-80
2026-09-13 19:08:08.306,1789337288.3069375,-77
2026-09-13 19:08:08.314,1789337288.3146298,-75
2026-09-13 19:08:08.322,1789337288.3223221,-67
2026-09-13 19:08:08.330,1789337288.3300145,-65
2026-09-13 19:08:08.337,1789337288.3377068,-67
2026-09-13 19:08:08.345,1789337288.3453991,-75
2026-09-13 19:08:08.353,1789337288.3530915,-82
2026-09-13 19:08:08.360,1789337288.3607836,-75
2026-09-13 19:08:08.368,1789337288.368476,-63
2026-09-13 19:08:08.376,1789337288.3761683,-58
2026-09-13 19:08:08.383,1789337288.3838606,-41
2026-09-13 19:08:08.391,1789337288.391553,-14
2026-09-13 19:08:08.399,1789337288.3992453,-4
2026-09-13 19:08:08.406,1789337288.4069376,-14
2026-09-13 19:08:08.414,1789337288.41463,-33
2026-09-13 19:08:08.422,1789337288.4223223,-55
2026-09-13 19:08:08.430,1789337288.4300144,-70
2026-09-13 19:08:08.437,1789337288.4377067,-70
2026-09-13 19:08:08.445,1789337288.445399,-70
2026-09-13 19:08:08.452,1789337288.4525247,-72
2026-09-13 19:08:08.460,1789337288.460217,-70
2026-09-13 19:08:08.467,1789337288.4679093,-67
2026-09-13 19:08:08.475,1789337288.4756017,-80
2026-09-13 19:08:08.483,1789337288.483294,-94
2026-09-13 19:08:08.490,1789337288.490986,-50
2026-09-13 19:08:08.498,1789337288.4986784,106
2026-09-13 19:08:08.506,1789337288.5063708,407
2026-09-13 19:08:08.514,1789337288.5140631,729
2026-09-13 19:08:08.521,1789337288.5217555,533
2026-09-13 19:08:08.529,1789337288.5294478,-177
2026-09-13 19:08:08.537,1789337288.5371401,-392
2026-09-13 19:08:08.544,1789337288.5448325,-60
2026-09-13 19:08:08.552,1789337288.5525246,-16
2026-09-13 19:08:08.560,1789337288.560217,-155
2026-09-13 19:08:08.567,1789337288.5679092,-104
2026-09-13 19:08:08.575,1789337288.5756016,-58
2026-09-13 19:08:08.583,1789337288.583294,-97
2026-09-13 19:08:08.590,1789337288.5909863,-89
2026-09-13 19:08:08.598,1789337288.5986786,-65
2026-09-13 19:08:08.606,1789337288.606371,-67
2026-09-13 19:08:08.614,1789337288.614063,-65
2026-09-13 19:08:08.621,1789337288.6217554,-48
2026-09-13 19:08:08.629,1789337288.6294477,-41
2026-09-13 19:08:08.637,1789337288.63714,-38
2026-09-13 19:08:08.644,1789337288.6448324,-33
2026-09-13 19:08:08.652,1789337288.6525247,-29
2026-09-13 19:08:08.660,1789337288.660217,-24
2026-09-13 19:08:08.667,1789337288.6679094,-16
2026-09-13 19:08:08.675,1789337288.6756015,-9
2026-09-13 19:08:08.683,1789337288.6832938,-4
2026-09-13 19:08:08.690,1789337288.6909862,-4
2026-09-13 19:08:08.698,1789337288.6986785,-7
2026-09-13 19:08:08.706,1789337288.7063708,-12
2026-09-13 19:08:08.714,1789337288.7140632,-19
2026-09-13 19:08:08.721,1789337288.7217555,-24
2026-09-13 19:08:08.729,1789337288.7294478,-24
2026-09-13 19:08:08.737,1789337288.73714,-21
2026-09-13 19:08:08.744,1789337288.7448323,-24
2026-09-13 19:08:08.752,1789337288.7525246,-36
2026-09-13 19:08:08.760,1789337288.760217,-55
2026-09-13 19:08:08.767,1789337288.7679093,-70
2026-09-13 19:08:08.775,1789337288.7756016,-82
2026-09-13 19:08:08.783,1789337288.783294,-87
2026-09-13 19:08:08.790,1789337288.7909863,-89
2026-09-13 19:08:08.798,1789337288.7986784,-97
2026-09-13 19:08:08.806,1789337288.8063707,-97
2026-09-13 19:08:08.814,1789337288.814063,-89
2026-09-13 19:08:08.821,1789337288.8217554,-82
2026-09-13 19:08:08.829,1789337288.8294477,-75
2026-09-13 19:08:08.837,1789337288.83714,-67
2026-09-13 19:08:08.844,1789337288.8448324,-67
2026-09-13 19:08:08.852,1789337288.8525248,-65
2026-09-13 19:08:08.860,1789337288.8602169,-58
2026-09-13 19:08:08.867,1789337288.8679092,-60
2026-09-13 19:08:08.875,1789337288.8756015,-63
2026-09-13 19:08:08.883,1789337288.8832939,-55
2026-09-13 19:08:08.890,1789337288.8909862,-53
2026-09-13 19:08:08.898,1789337288.8986785,-72
2026-09-13 19:08:08.906,1789337288.9063709,-80
2026-09-13 19:08:08.914,1789337288.9140632,-63
2026-09-13 19:08:08.921,1789337288.9217553,-53
2026-09-13 19:08:08.929,1789337288.9294477,-50
2026-09-13 19:08:08.937,1789337288.93714,-31
2026-09-13 19:08:08.944,1789337288.9448323,-4
2026-09-13 19:08:08.952,1789337288.9525247,0
2026-09-13 19:08:08.960,1789337288.960217,-16
2026-09-13 19:08:08.967,1789337288.9679093,-33
2026-09-13 19:08:08.975,1789337288.9756017,-55
2026-09-13 19:08:08.983,1789337288.983294,-67
2026-09-13 19:08:08.990,1789337288.990986,-70
2026-09-13 19:08:08.998,1789337288.9986784,-75
2026-09-13 19:08:09.006,1789337289.0063708,-72
2026-09-13 19:08:09.013,1789337289.0134656,-63
2026-09-13 19:08:09.021,1789337289.021158,-72
2026-09-13 19:08:09.028,1789337289.0288503,-89
2026-09-13 19:08:09.036,1789337289.0365427,-89
2026-09-13 19:08:09.044,1789337289.044235,-24
2026-09-13 19:08:09.051,1789337289.051927,143
2026-09-13 19:08:09.059,1789337289.0596194,451
2026-09-13 19:08:09.067,1789337289.0673118,683
2026-09-13 19:08:09.075,1789337289.075004,327
2026-09-13 19:08:09.082,1789337289.0826964,-303
2026-09-13 19:08:09.090,1789337289.0903888,-315
2026-09-13 19:08:09.098,1789337289.098081,-21
2026-09-13 19:08:09.105,1789337289.1057734,-65
2026-09-13 19:08:09.113,1789337289.1134655,-150
2026-09-13 19:08:09.121,1789337289.121158,-82
2026-09-13 19:08:09.128,1789337289.1288502,-75
2026-09-13 19:08:09.136,1789337289.1365426,-106
2026-09-13 19:08:09.144,1789337289.144235,-82
2026-09-13 19:08:09.151,1789337289.1519272,-65
2026-09-13 19:08:09.159,1789337289.1596196,-70
2026-09-13 19:08:09.167,1789337289.167312,-60
2026-09-13 19:08:09.175,1789337289.175004,-43
2026-09-13 19:08:09.182,1789337289.1826963,-43
2026-09-13 19:08:09.190,1789337289.1903887,-46
2026-09-13 19:08:09.198,1789337289.198081,-33
2026-09-13 19:08:09.205,1789337289.2057734,-21
2026-09-13 19:08:09.213,1789337289.2134657,-19
2026-09-13 19:08:09.221,1789337289.221158,-12
2026-09-13 19:08:09.228,1789337289.2288504,-4
2026-09-13 19:08:09.236,1789337289.2365425,0
2026-09-13 19:08:09.244,1789337289.2442348,4
2026-09-13 19:08:09.251,1789337289.2519271,7
2026-09-13 19:08:09.259,1789337289.2596195,0
2026-09-13 19:08:09.267,1789337289.2673118,-4
2026-09-13 19:08:09.275,1789337289.2750041,0
2026-09-13 19:08:09.282,1789337289.2826965,2
2026-09-13 19:08:09.290,1789337289.2903888,0
2026-09-13 19:08:09.298,1789337289.298081,-4
2026-09-13 19:08:09.305,1789337289.3057733,-19
2026-09-13 19:08:09.313,1789337289.3134656,-43
2026-09-13 19:08:09.321,1789337289.321158,-65
2026-09-13 19:08:09.328,1789337289.3288503,-75
2026-09-13 19:08:09.336,1789337289.3365426,-84
2026-09-13 19:08:09.344,1789337289.344235,-89
2026-09-13 19:08:09.351,1789337289.3519273,-92
2026-09-13 19:08:09.359,1789337289.3596194,-92
2026-09-13 19:08:09.367,1789337289.3673117,-82
2026-09-13 19:08:09.375,1789337289.375004,-72
2026-09-13 19:08:09.382,1789337289.3826964,-70
2026-09-13 19:08:09.390,1789337289.3903887,-67
2026-09-13 19:08:09.398,1789337289.398081,-60
2026-09-13 19:08:09.405,1789337289.4057734,-55
2026-09-13 19:08:09.413,1789337289.4134657,-55
2026-09-13 19:08:09.421,1789337289.4211578,-50
2026-09-13 19:08:09.428,1789337289.4288502,-48
2026-09-13 19:08:09.436,1789337289.4365425,-53
2026-09-13 19:08:09.444,1789337289.4442348,-53
2026-09-13 19:08:09.451,1789337289.4519272,-53
2026-09-13 19:08:09.459,1789337289.4596195,-60
2026-09-13 19:08:09.467,1789337289.4673119,-63
2026-09-13 19:08:09.475,1789337289.4750042,-48
2026-09-13 19:08:09.482,1789337289.4826963,-38
2026-09-13 19:08:09.490,1789337289.4903886,-29
2026-09-13 19:08:09.498,1789337289.498081,-7
2026-09-13 19:08:09.505,1789337289.5057733,14
2026-09-13 19:08:09.513,1789337289.5134656,16
2026-09-13 19:08:09.521,1789337289.521158,4
2026-09-13 19:08:09.528,1789337289.5288503,-12
2026-09-13 19:08:09.536,1789337289.5365427,-26
2026-09-13 19:08:09.544,1789337289.544235,-41
2026-09-13 19:08:09.551,1789337289.551927,-46
2026-09-13 19:08:09.559,1789337289.5596194,-43
2026-09-13 19:08:09.567,1789337289.5673118,-41
2026-09-13 19:08:09.574,1789337289.5744221,-43
2026-09-13 19:08:09.582,1789337289.5821145,-43
2026-09-13 19:08:09.589,1789337289.5898068,-50
2026-09-13 19:08:09.597,1789337289.5974991,-48
2026-09-13 19:08:09.605,1789337289.6051915,16
2026-09-13 19:08:09.612,1789337289.6128836,186
2026-09-13 19:08:09.620,1789337289.620576,465
2026-09-13 19:08:09.628,1789337289.6282682,669
2026-09-13 19:08:09.635,1789337289.6359606,339
2026-09-13 19:08:09.643,1789337289.643653,-252
2026-09-13 19:08:09.651,1789337289.6513453,-281
2026-09-13 19:08:09.659,1789337289.6590376,-9
2026-09-13 19:08:09.666,1789337289.66673,-26
2026-09-13 19:08:09.674,1789337289.674422,-92
2026-09-13 19:08:09.682,1789337289.6821144,-24
2026-09-13 19:08:09.689,1789337289.6898067,-19
2026-09-13 19:08:09.697,1789337289.697499,-55
2026-09-13 19:08:09.705,1789337289.7051914,-36
2026-09-13 19:08:09.712,1789337289.7128837,-12
2026-09-13 19:08:09.720,1789337289.720576,-9
2026-09-13 19:08:09.728,1789337289.7282684,2
2026-09-13 19:08:09.735,1789337289.7359605,16
2026-09-13 19:08:09.743,1789337289.7436528,19
2026-09-13 19:08:09.751,1789337289.7513452,21
2026-09-13 19:08:09.759,1789337289.7590375,36
2026-09-13 19:08:09.766,1789337289.7667298,50
2026-09-13 19:08:09.774,1789337289.7744222,53
2026-09-13 19:08:09.782,1789337289.7821145,55
2026-09-13 19:08:09.789,1789337289.7898068,70
2026-09-13 19:08:09.797,1789337289.797499,77
2026-09-13 19:08:09.805,1789337289.8051913,82
2026-09-13 19:08:09.812,1789337289.8128836,89
2026-09-13 19:08:09.820,1789337289.820576,89
2026-09-13 19:08:09.828,1789337289.8282683,82
2026-09-13 19:08:09.835,1789337289.8359606,82
2026-09-13 19:08:09.843,1789337289.843653,94
2026-09-13 19:08:09.851,1789337289.8513453,94
2026-09-13 19:08:09.859,1789337289.8590374,80
2026-09-13 19:08:09.866,1789337289.8667297,53
2026-09-13 19:08:09.874,1789337289.874422,21
2026-09-13 19:08:09.882,1789337289.8821144,-4
2026-09-13 19:08:09.889,1789337289.8898067,-29
2026-09-13 19:08:09.897,1789337289.897499,-48
2026-09-13 19:08:09.905,1789337289.9051914,-53
2026-09-13 19:08:09.912,1789337289.9128838,-48
2026-09-13 19:08:09.920,1789337289.9205759,-46
2026-09-13 19:08:09.928,1789337289.9282682,-48
2026-09-13 19:08:09.935,1789337289.9359605,-41
2026-09-13 19:08:09.943,1789337289.9436529,-31
2026-09-13 19:08:09.951,1789337289.9513452,-26
2026-09-13 19:08:09.959,1789337289.9590375,-33
2026-09-13 19:08:09.966,1789337289.9667299,-29
2026-09-13 19:08:09.974,1789337289.9744222,-19
2026-09-13 19:08:09.982,1789337289.9821143,-24
2026-09-13 19:08:09.989,1789337289.9898067,-21
2026-09-13 19:08:09.997,1789337289.997499,-2
2026-09-13 19:08:10.005,1789337290.0051913,-2
2026-09-13 19:08:10.012,1789337290.0128837,-24
2026-09-13 19:08:10.020,1789337290.020576,-26
2026-09-13 19:08:10.028,1789337290.0282683,-16
2026-09-13 19:08:10.035,1789337290.0359607,-21
2026-09-13 19:08:10.043,1789337290.0436528,-31
2026-09-13 19:08:10.051,1789337290.051345,-21
2026-09-13 19:08:10.059,1789337290.0590374,0
2026-09-13 19:08:10.066,1789337290.0667298,21
2026-09-13 19:08:10.074,1789337290.0744221,36
2026-09-13 19:08:10.082,1789337290.0821145,29
2026-09-13 19:08:10.089,1789337290.0898068,4
2026-09-13 19:08:10.097,1789337290.0974991,-4
2026-09-13 19:08:10.105,1789337290.1051915,-12
2026-09-13 19:08:10.112,1789337290.1128836,-26
2026-09-13 19:08:10.120,1789337290.120576,-31
2026-09-13 19:08:10.128,1789337290.1282682,-29
2026-09-13 19:08:10.135,1789337290.1353686,-33
2026-09-13 19:08:10.143,1789337290.143061,-31
2026-09-13 19:08:10.150,1789337290.1507533,-33
2026-09-13 19:08:10.158,1789337290.1584456,-46
2026-09-13 19:08:10.166,1789337290.166138,-2
2026-09-13 19:08:10.173,1789337290.17383,169
2026-09-13 19:08:10.181,1789337290.1815224,455
2026-09-13 19:08:10.189,1789337290.1892147,715
2026-09-13 19:08:10.196,1789337290.196907,523
2026-09-13 19:08:10.204,1789337290.2045994,-162
2026-09-13 19:08:10.212,1789337290.2122917,-429
2026-09-13 19:08:10.219,1789337290.219984,-99
2026-09-13 19:08:10.227,1789337290.2276764,16
2026-09-13 19:08:10.235,1789337290.2353685,-97
2026-09-13 19:08:10.243,1789337290.2430608,-65
2026-09-13 19:08:10.250,1789337290.2507532,-16
2026-09-13 19:08:10.258,1789337290.2584455,-43
2026-09-13 19:08:10.266,1789337290.2661378,-36
2026-09-13 19:08:10.273,1789337290.2738302,-14
2026-09-13 19:08:10.281,1789337290.2815225,-16
2026-09-13 19:08:10.289,1789337290.2892148,-9
2026-09-13 19:08:10.296,1789337290.296907,2
2026-09-13 19:08:10.304,1789337290.3045993,7
2026-09-13 19:08:10.312,1789337290.3122916,12
2026-09-13 19:08:10.319,1789337290.319984,21
2026-09-13 19:08:10.327,1789337290.3276763,38
2026-09-13 19:08:10.335,1789337290.3353686,50
2026-09-13 19:08:10.343,1789337290.343061,55
2026-09-13 19:08:10.350,1789337290.3507533,70
2026-09-13 19:08:10.358,1789337290.3584454,87
2026-09-13 19:08:10.366,1789337290.3661377,92
2026-09-13 19:08:10.373,1789337290.37383,97
2026-09-13 19:08:10.381,1789337290.3815224,111
2026-09-13 19:08:10.389,1789337290.3892148,116
2026-09-13 19:08:10.396,1789337290.396907,109
2026-09-13 19:08:10.404,1789337290.4045994,109
2026-09-13 19:08:10.412,1789337290.4122918,118
2026-09-13 19:08:10.419,1789337290.4199839,104
2026-09-13 19:08:10.427,1789337290.4276762,63
2026-09-13 19:08:10.435,1789337290.4353685,33
2026-09-13 19:08:10.443,1789337290.4430609,4
2026-09-13 19:08:10.450,1789337290.4507532,-46
2026-09-13 19:08:10.458,1789337290.4584455,-80
2026-09-13 19:08:10.466,1789337290.466138,-72
2026-09-13 19:08:10.473,1789337290.4738302,-67
2026-09-13 19:08:10.481,1789337290.4815223,-89
2026-09-13 19:08:10.489,1789337290.4892147,-101
2026-09-13 19:08:10.496,1789337290.496907,-84
2026-09-13 19:08:10.504,1789337290.5045993,-70
2026-09-13 19:08:10.512,1789337290.5122917,-70
2026-09-13 19:08:10.519,1789337290.519984,-63
2026-09-13 19:08:10.527,1789337290.5276763,-41
2026-09-13 19:08:10.535,1789337290.5353687,-36
2026-09-13 19:08:10.543,1789337290.5430608,-43
2026-09-13 19:08:10.550,1789337290.550753,-36
2026-09-13 19:08:10.558,1789337290.5584455,-31
2026-09-13 19:08:10.566,1789337290.5661378,-38
2026-09-13 19:08:10.573,1789337290.5738301,-43
2026-09-13 19:08:10.581,1789337290.5815225,-48
2026-09-13 19:08:10.589,1789337290.5892148,-46
2026-09-13 19:08:10.596,1789337290.5969071,-36
2026-09-13 19:08:10.604,1789337290.6045992,-38
2026-09-13 19:08:10.612,1789337290.6122916,-31
2026-09-13 19:08:10.619,1789337290.619984,0
2026-09-13 19:08:10.627,1789337290.6276762,14
2026-09-13 19:08:10.635,1789337290.6353686,2
2026-09-13 19:08:10.643,1789337290.643061,-9
2026-09-13 19:08:10.650,1789337290.6507533,-31
2026-09-13 19:08:10.658,1789337290.6584456,-50
2026-09-13 19:08:10.666,1789337290.666138,-53
2026-09-13 19:08:10.673,1789337290.67383,-50
2026-09-13 19:08:10.681,1789337290.6815224,-53
2026-09-13 19:08:10.689,1789337290.6892147,-48
2026-09-13 19:08:10.696,1789337290.6963148,-41
2026-09-13 19:08:10.704,1789337290.7040071,-48
2026-09-13 19:08:10.711,1789337290.7116995,-63
2026-09-13 19:08:10.719,1789337290.7193918,-26
2026-09-13 19:08:10.727,1789337290.7270842,135
2026-09-13 19:08:10.734,1789337290.7347763,436
2026-09-13 19:08:10.742,1789337290.7424686,720
2026-09-13 19:08:10.750,1789337290.750161,545
2026-09-13 19:08:10.757,1789337290.7578533,-152
2026-09-13 19:08:10.765,1789337290.7655456,-458
2026-09-13 19:08:10.773,1789337290.773238,-126
2026-09-13 19:08:10.780,1789337290.7809303,7
2026-09-13 19:08:10.788,1789337290.7886226,-118
2026-09-13 19:08:10.796,1789337290.7963147,-84
2026-09-13 19:08:10.804,1789337290.804007,-29
2026-09-13 19:08:10.811,1789337290.8116994,-70
2026-09-13 19:08:10.819,1789337290.8193917,-72
2026-09-13 19:08:10.827,1789337290.827084,-41
2026-09-13 19:08:10.834,1789337290.8347764,-38
2026-09-13 19:08:10.842,1789337290.8424687,-38
2026-09-13 19:08:10.850,1789337290.850161,-26
2026-09-13 19:08:10.857,1789337290.8578532,-21
2026-09-13 19:08:10.865,1789337290.8655455,-14
2026-09-13 19:08:10.873,1789337290.8732378,-2
2026-09-13 19:08:10.880,1789337290.8809302,4
2026-09-13 19:08:10.888,1789337290.8886225,12
2026-09-13 19:08:10.896,1789337290.8963149,26
2026-09-13 19:08:10.904,1789337290.9040072,36
2026-09-13 19:08:10.911,1789337290.9116995,41
2026-09-13 19:08:10.919,1789337290.9193916,48
2026-09-13 19:08:10.927,1789337290.927084,53
2026-09-13 19:08:10.934,1789337290.9347763,53
2026-09-13 19:08:10.942,1789337290.9424686,50
2026-09-13 19:08:10.950,1789337290.950161,50
2026-09-13 19:08:10.957,1789337290.9578533,48
2026-09-13 19:08:10.965,1789337290.9655457,46
2026-09-13 19:08:10.973,1789337290.973238,38
2026-09-13 19:08:10.980,1789337290.98093,14
2026-09-13 19:08:10.988,1789337290.9886224,-21
2026-09-13 19:08:10.996,1789337290.9963148,-53
2026-09-13 19:08:11.004,1789337291.004007,-80
2026-09-13 19:08:11.011,1789337291.0116994,-99
2026-09-13 19:08:11.019,1789337291.0193918,-109
2026-09-13 19:08:11.027,1789337291.027084,-113
2026-09-13 19:08:11.034,1789337291.0347764,-116
2026-09-13 19:08:11.042,1789337291.0424685,-113
2026-09-13 19:08:11.050,1789337291.050161,-106
2026-09-13 19:08:11.057,1789337291.0578532,-97
2026-09-13 19:08:11.065,1789337291.0655456,-87
2026-09-13 19:08:11.073,1789337291.073238,-84
2026-09-13 19:08:11.080,1789337291.0809302,-77
2026-09-13 19:08:11.088,1789337291.0886226,-72
2026-09-13 19:08:11.096,1789337291.096315,-70
2026-09-13 19:08:11.104,1789337291.104007,-70
2026-09-13 19:08:11.111,1789337291.1116993,-67
2026-09-13 19:08:11.119,1789337291.1193917,-72
2026-09-13 19:08:11.127,1789337291.127084,-80
2026-09-13 19:08:11.134,1789337291.1347764,-82
2026-09-13 19:08:11.142,1789337291.1424687,-77
2026-09-13 19:08:11.150,1789337291.150161,-72
2026-09-13 19:08:11.157,1789337291.1578534,-63
2026-09-13 19:08:11.165,1789337291.1655455,-41
2026-09-13 19:08:11.173,1789337291.1732378,-19
2026-09-13 19:08:11.180,1789337291.1809301,-14
2026-09-13 19:08:11.188,1789337291.1886225,-31
2026-09-13 19:08:11.196,1789337291.1963148,-53
2026-09-13 19:08:11.204,1789337291.2040071,-70
2026-09-13 19:08:11.211,1789337291.2116995,-77
2026-09-13 19:08:11.219,1789337291.2193918,-77
2026-09-13 19:08:11.227,1789337291.2270842,-75
2026-09-13 19:08:11.234,1789337291.2347763,-75
2026-09-13 19:08:11.242,1789337291.2424686,-70
2026-09-13 19:08:11.250,1789337291.250161,-70
2026-09-13 19:08:11.257,1789337291.257261,-84
2026-09-13 19:08:11.264,1789337291.2649534,-82
2026-09-13 19:08:11.272,1789337291.2726457,4
2026-09-13 19:08:11.280,1789337291.280338,227
2026-09-13 19:08:11.288,1789337291.2880304,579
2026-09-13 19:08:11.295,1789337291.2957225,737
2026-09-13 19:08:11.303,1789337291.3034148,230
2026-09-13 19:08:11.311,1789337291.3111072,-383
2026-09-13 19:08:11.318,1789337291.3187995,-269
2026-09-13 19:08:11.326,1789337291.3264918,14
2026-09-13 19:08:11.334,1789337291.3341842,-82
2026-09-13 19:08:11.341,1789337291.3418765,-147
2026-09-13 19:08:11.349,1789337291.3495688,-60
2026-09-13 19:08:11.357,1789337291.357261,-67
2026-09-13 19:08:11.364,1789337291.3649533,-99
2026-09-13 19:08:11.372,1789337291.3726456,-70
2026-09-13 19:08:11.380,1789337291.380338,-55
2026-09-13 19:08:11.388,1789337291.3880303,-60
2026-09-13 19:08:11.395,1789337291.3957226,-46
2026-09-13 19:08:11.403,1789337291.403415,-36
2026-09-13 19:08:11.411,1789337291.4111073,-36
2026-09-13 19:08:11.418,1789337291.4187994,-29
2026-09-13 19:08:11.426,1789337291.4264917,-16
2026-09-13 19:08:11.434,1789337291.434184,-14
2026-09-13 19:08:11.441,1789337291.4418764,-12
2026-09-13 19:08:11.449,1789337291.4495687,-4
2026-09-13 19:08:11.457,1789337291.457261,0
2026-09-13 19:08:11.464,1789337291.4649534,2
2026-09-13 19:08:11.472,1789337291.4726458,0
2026-09-13 19:08:11.480,1789337291.4803379,-4
2026-09-13 19:08:11.488,1789337291.4880302,-12
2026-09-13 19:08:11.495,1789337291.4957225,-19
2026-09-13 19:08:11.503,1789337291.5034149,-24
2026-09-13 19:08:11.511,1789337291.5111072,-21
2026-09-13 19:08:11.518,1789337291.5187995,-21
2026-09-13 19:08:11.526,1789337291.5264919,-24
2026-09-13 19:08:11.534,1789337291.5341842,-38
2026-09-13 19:08:11.541,1789337291.5418763,-58
2026-09-13 19:08:11.549,1789337291.5495687,-72
2026-09-13 19:08:11.557,1789337291.557261,-84
2026-09-13 19:08:11.564,1789337291.5649533,-94
2026-09-13 19:08:11.572,1789337291.5726457,-99
2026-09-13 19:08:11.580,1789337291.580338,-94
2026-09-13 19:08:11.588,1789337291.5880303,-89
2026-09-13 19:08:11.595,1789337291.5957227,-92
2026-09-13 19:08:11.603,1789337291.6034148,-87
2026-09-13 19:08:11.611,1789337291.611107,-72
2026-09-13 19:08:11.618,1789337291.6187994,-70
2026-09-13 19:08:11.626,1789337291.6264918,-67
2026-09-13 19:08:11.634,1789337291.6341841,-60
2026-09-13 19:08:11.641,1789337291.6418765,-58
2026-09-13 19:08:11.649,1789337291.6495688,-60
2026-09-13 19:08:11.657,1789337291.6572611,-58
2026-09-13 19:08:11.664,1789337291.6649532,-58
2026-09-13 19:08:11.672,1789337291.6726456,-58
2026-09-13 19:08:11.680,1789337291.680338,-65
2026-09-13 19:08:11.688,1789337291.6880302,-75
2026-09-13 19:08:11.695,1789337291.6957226,-75
2026-09-13 19:08:11.703,1789337291.703415,-65
2026-09-13 19:08:11.711,1789337291.7111073,-58
2026-09-13 19:08:11.718,1789337291.7187996,-46
2026-09-13 19:08:11.726,1789337291.7264917,-21
2026-09-13 19:08:11.734,1789337291.734184,-2
2026-09-13 19:08:11.741,1789337291.7418764,-7
2026-09-13 19:08:11.749,1789337291.7495687,-21
2026-09-13 19:08:11.757,1789337291.757261,-43
2026-09-13 19:08:11.764,1789337291.7649534,-63
2026-09-13 19:08:11.772,1789337291.7726457,-67
2026-09-13 19:08:11.780,1789337291.780338,-65
2026-09-13 19:08:11.788,1789337291.7880304,-67
2026-09-13 19:08:11.795,1789337291.7957225,-67
2026-09-13 19:08:11.803,1789337291.8034148,-65
2026-09-13 19:08:11.811,1789337291.8111072,-65
2026-09-13 19:08:11.818,1789337291.8182075,-77
2026-09-13 19:08:11.825,1789337291.8258998,-60
2026-09-13 19:08:11.833,1789337291.8335922,55
2026-09-13 19:08:11.841,1789337291.8412845,295
2026-09-13 19:08:11.848,1789337291.8489769,640
2026-09-13 19:08:11.856,1789337291.856669,693
2026-09-13 19:08:11.864,1789337291.8643613,94
2026-09-13 19:08:11.872,1789337291.8720536,-395
2026-09-13 19:08:11.879,1789337291.879746,-186
2026-09-13 19:08:11.887,1789337291.8874383,4
2026-09-13 19:08:11.895,1789337291.8951306,-116
2026-09-13 19:08:11.902,1789337291.902823,-130
2026-09-13 19:08:11.910,1789337291.9105153,-60
2026-09-13 19:08:11.918,1789337291.9182074,-84
2026-09-13 19:08:11.925,1789337291.9258997,-104
2026-09-13 19:08:11.933,1789337291.933592,-72
2026-09-13 19:08:11.941,1789337291.9412844,-60
2026-09-13 19:08:11.948,1789337291.9489768,-63
2026-09-13 19:08:11.956,1789337291.956669,-48
2026-09-13 19:08:11.964,1789337291.9643614,-36
2026-09-13 19:08:11.972,1789337291.9720538,-33
2026-09-13 19:08:11.979,1789337291.9797459,-31
2026-09-13 19:08:11.987,1789337291.9874382,-24
2026-09-13 19:08:11.995,1789337291.9951305,-19
2026-09-13 19:08:12.002,1789337292.0028229,-9
2026-09-13 19:08:12.010,1789337292.0105152,2
2026-09-13 19:08:12.018,1789337292.0182076,7
2026-09-13 19:08:12.025,1789337292.0259,7
2026-09-13 19:08:12.033,1789337292.0335922,7
2026-09-13 19:08:12.041,1789337292.0412843,4
2026-09-13 19:08:12.048,1789337292.0489767,-2
2026-09-13 19:08:12.056,1789337292.056669,-4
2026-09-13 19:08:12.064,1789337292.0643613,-4
2026-09-13 19:08:12.072,1789337292.0720537,-4
2026-09-13 19:08:12.079,1789337292.079746,-2
2026-09-13 19:08:12.087,1789337292.0874383,-12
2026-09-13 19:08:12.095,1789337292.0951307,-31
2026-09-13 19:08:12.102,1789337292.1028228,-53
2026-09-13 19:08:12.110,1789337292.110515,-70
2026-09-13 19:08:12.118,1789337292.1182075,-82
2026-09-13 19:08:12.125,1789337292.1258998,-92
2026-09-13 19:08:12.133,1789337292.1335921,-94
2026-09-13 19:08:12.141,1789337292.1412845,-94
2026-09-13 19:08:12.148,1789337292.1489768,-89
2026-09-13 19:08:12.156,1789337292.1566691,-89
2026-09-13 19:08:12.164,1789337292.1643612,-84
2026-09-13 19:08:12.172,1789337292.1720536,-75
2026-09-13 19:08:12.179,1789337292.179746,-67
2026-09-13 19:08:12.187,1789337292.1874382,-65
2026-09-13 19:08:12.195,1789337292.1951306,-63
2026-09-13 19:08:12.202,1789337292.202823,-63
2026-09-13 19:08:12.210,1789337292.2105153,-63
2026-09-13 19:08:12.218,1789337292.2182076,-60
2026-09-13 19:08:12.225,1789337292.2258997,-58
2026-09-13 19:08:12.233,1789337292.233592,-55
2026-09-13 19:08:12.241,1789337292.2412844,-53
2026-09-13 19:08:12.248,1789337292.2489767,-58
2026-09-13 19:08:12.256,1789337292.256669,-67
2026-09-13 19:08:12.264,1789337292.2643614,-72
2026-09-13 19:08:12.272,1789337292.2720537,-63
2026-09-13 19:08:12.279,1789337292.279746,-48
2026-09-13 19:08:12.287,1789337292.2874382,-36
2026-09-13 19:08:12.295,1789337292.2951305,-16
2026-09-13 19:08:12.302,1789337292.3028228,0
2026-09-13 19:08:12.310,1789337292.3105152,4
2026-09-13 19:08:12.318,1789337292.3182075,-9
2026-09-13 19:08:12.325,1789337292.3258998,-31
2026-09-13 19:08:12.333,1789337292.3335922,-53
2026-09-13 19:08:12.341,1789337292.3412845,-60
2026-09-13 19:08:12.348,1789337292.3489769,-65
2026-09-13 19:08:12.356,1789337292.356669,-70
2026-09-13 19:08:12.364,1789337292.3643613,-70
2026-09-13 19:08:12.372,1789337292.3720536,-65
2026-09-13 19:08:12.379,1789337292.379174,-65
2026-09-13 19:08:12.386,1789337292.3868663,-75
2026-09-13 19:08:12.394,1789337292.3945587,-72
2026-09-13 19:08:12.402,1789337292.402251,-9
2026-09-13 19:08:12.409,1789337292.4099433,152
2026-09-13 19:08:12.417,1789337292.4176354,426
2026-09-13 19:08:12.425,1789337292.4253278,611
2026-09-13 19:08:12.433,1789337292.43302,266
2026-09-13 19:08:12.440,1789337292.4407125,-288
2026-09-13 19:08:12.448,1789337292.4484048,-286
2026-09-13 19:08:12.456,1789337292.4560971,-26
2026-09-13 19:08:12.463,1789337292.4637895,-58
2026-09-13 19:08:12.471,1789337292.4714818,-123
2026-09-13 19:08:12.479,1789337292.479174,-65
2026-09-13 19:08:12.486,1789337292.4868662,-58
2026-09-13 19:08:12.494,1789337292.4945586,-84
2026-09-13 19:08:12.502,1789337292.502251,-65
2026-09-13 19:08:12.509,1789337292.5099432,-48
2026-09-13 19:08:12.517,1789337292.5176356,-48
2026-09-13 19:08:12.525,1789337292.525328,-36
2026-09-13 19:08:12.533,1789337292.5330203,-24
2026-09-13 19:08:12.540,1789337292.5407124,-21
2026-09-13 19:08:12.548,1789337292.5484047,-12
2026-09-13 19:08:12.556,1789337292.556097,2
2026-09-13 19:08:12.563,1789337292.5637894,2
2026-09-13 19:08:12.571,1789337292.5714817,0
2026-09-13 19:08:12.579,1789337292.579174,9
2026-09-13 19:08:12.586,1789337292.5868664,29
2026-09-13 19:08:12.594,1789337292.5945587,41
2026-09-13 19:08:12.602,1789337292.6022508,41
2026-09-13 19:08:12.609,1789337292.6099432,43
2026-09-13 19:08:12.617,1789337292.6176355,50
2026-09-13 19:08:12.625,1789337292.6253278,48
2026-09-13 19:08:12.633,1789337292.6330202,48
2026-09-13 19:08:12.640,1789337292.6407125,50
2026-09-13 19:08:12.648,1789337292.6484048,50
2026-09-13 19:08:12.656,1789337292.6560972,46
2026-09-13 19:08:12.663,1789337292.6637893,24
2026-09-13 19:08:12.671,1789337292.6714816,-7
2026-09-13 19:08:12.679,1789337292.679174,-41
2026-09-13 19:08:12.686,1789337292.6868663,-58
2026-09-13 19:08:12.694,1789337292.6945586,-65
2026-09-13 19:08:12.702,1789337292.702251,-72
2026-09-13 19:08:12.709,1789337292.7099433,-77
2026-09-13 19:08:12.717,1789337292.7176356,-72
2026-09-13 19:08:12.725,1789337292.7253277,-65
2026-09-13 19:08:12.733,1789337292.73302,-60
2026-09-13 19:08:12.740,1789337292.7407124,-55
2026-09-13 19:08:12.748,1789337292.7484047,-46
2026-09-13 19:08:12.756,1789337292.756097,-43
2026-09-13 19:08:12.763,1789337292.7637894,-43
2026-09-13 19:08:12.771,1789337292.7714818,-38
2026-09-13 19:08:12.779,1789337292.779174,-31
2026-09-13 19:08:12.786,1789337292.7868662,-31
2026-09-13 19:08:12.794,1789337292.7945585,-36
2026-09-13 19:08:12.802,1789337292.8022509,-36
2026-09-13 19:08:12.809,1789337292.8099432,-38
2026-09-13 19:08:12.817,1789337292.8176355,-36
2026-09-13 19:08:12.825,1789337292.8253279,-31
2026-09-13 19:08:12.833,1789337292.8330202,-36
2026-09-13 19:08:12.840,1789337292.8407125,-46
2026-09-13 19:08:12.848,1789337292.8484046,-41
2026-09-13 19:08:12.856,1789337292.856097,-29
2026-09-13 19:08:12.863,1789337292.8637893,-19
2026-09-13 19:08:12.871,1789337292.8714817,2
2026-09-13 19:08:12.879,1789337292.879174,26
2026-09-13 19:08:12.886,1789337292.8868663,31
2026-09-13 19:08:12.894,1789337292.8945587,14
2026-09-13 19:08:12.902,1789337292.902251,-7
2026-09-13 19:08:12.909,1789337292.9099433,-24
2026-09-13 19:08:12.917,1789337292.9176354,-38
2026-09-13 19:08:12.925,1789337292.9253278,-43
2026-09-13 19:08:12.933,1789337292.93302,-43
2026-09-13 19:08:12.940,1789337292.9401305,-43
2026-09-13 19:08:12.947,1789337292.9478228,-38
2026-09-13 19:08:12.955,1789337292.9555151,-36
2026-09-13 19:08:12.963,1789337292.9632075,-50
2026-09-13 19:08:12.970,1789337292.9708998,-58
2026-09-13 19:08:12.978,1789337292.978592,19
2026-09-13 19:08:12.986,1789337292.9862843,227
2026-09-13 19:08:12.993,1789337292.9939766,540
2026-09-13 19:08:13.001,1789337293.001669,691
2026-09-13 19:08:13.009,1789337293.0093613,252
2026-09-13 19:08:13.017,1789337293.0170536,-354
2026-09-13 19:08:13.024,1789337293.024746,-310
2026-09-13 19:08:13.032,1789337293.0324383,-12
2026-09-13 19:08:13.040,1789337293.0401304,-48
2026-09-13 19:08:13.047,1789337293.0478227,-106
2026-09-13 19:08:13.055,1789337293.055515,-38
2026-09-13 19:08:13.063,1789337293.0632074,-31
2026-09-13 19:08:13.070,1789337293.0708997,-58
2026-09-13 19:08:13.078,1789337293.078592,-41
2026-09-13 19:08:13.086,1789337293.0862844,-24
2026-09-13 19:08:13.093,1789337293.0939767,-21
2026-09-13 19:08:13.101,1789337293.1016688,-14
2026-09-13 19:08:13.109,1789337293.1093612,-4
2026-09-13 19:08:13.117,1789337293.1170535,2
2026-09-13 19:08:13.124,1789337293.1247458,12
2026-09-13 19:08:13.132,1789337293.1324382,21
2026-09-13 19:08:13.140,1789337293.1401305,38
2026-09-13 19:08:13.147,1789337293.1478229,50
2026-09-13 19:08:13.155,1789337293.1555152,60
2026-09-13 19:08:13.163,1789337293.1632073,75
2026-09-13 19:08:13.170,1789337293.1708996,80
2026-09-13 19:08:13.178,1789337293.178592,82
2026-09-13 19:08:13.186,1789337293.1862843,94
2026-09-13 19:08:13.193,1789337293.1939766,99
2026-09-13 19:08:13.201,1789337293.201669,99
2026-09-13 19:08:13.209,1789337293.2093613,109
2026-09-13 19:08:13.217,1789337293.2170537,121
2026-09-13 19:08:13.224,1789337293.2247458,123
2026-09-13 19:08:13.232,1789337293.232438,101
2026-09-13 19:08:13.240,1789337293.2401304,65
2026-09-13 19:08:13.247,1789337293.2478228,26
2026-09-13 19:08:13.255,1789337293.255515,-14
2026-09-13 19:08:13.263,1789337293.2632074,-41
2026-09-13 19:08:13.270,1789337293.2708998,-55
2026-09-13 19:08:13.278,1789337293.278592,-72
2026-09-13 19:08:13.286,1789337293.2862842,-87
2026-09-13 19:08:13.293,1789337293.2939765,-87
2026-09-13 19:08:13.301,1789337293.301669,-80
2026-09-13 19:08:13.309,1789337293.3093612,-67
2026-09-13 19:08:13.317,1789337293.3170536,-63
2026-09-13 19:08:13.324,1789337293.324746,-60
2026-09-13 19:08:13.332,1789337293.3324382,-50
2026-09-13 19:08:13.340,1789337293.3401306,-41
2026-09-13 19:08:13.347,1789337293.3478227,-31
2026-09-13 19:08:13.355,1789337293.355515,-31
2026-09-13 19:08:13.363,1789337293.3632073,-36
2026-09-13 19:08:13.370,1789337293.3708997,-31
2026-09-13 19:08:13.378,1789337293.378592,-21
2026-09-13 19:08:13.386,1789337293.3862844,-24
2026-09-13 19:08:13.393,1789337293.3939767,-38
2026-09-13 19:08:13.401,1789337293.401669,-46
2026-09-13 19:08:13.409,1789337293.4093611,-36
2026-09-13 19:08:13.417,1789337293.4170535,-29
2026-09-13 19:08:13.424,1789337293.4247458,-29
2026-09-13 19:08:13.432,1789337293.4324381,-16
2026-09-13 19:08:13.440,1789337293.4401305,16
2026-09-13 19:08:13.447,1789337293.4478228,38
2026-09-13 19:08:13.455,1789337293.4555151,21
2026-09-13 19:08:13.463,1789337293.4632075,-7
2026-09-13 19:08:13.470,1789337293.4708998,-19
2026-09-13 19:08:13.478,1789337293.478592,-26
2026-09-13 19:08:13.486,1789337293.4862843,-33
2026-09-13 19:08:13.493,1789337293.4939766,-41
2026-09-13 19:08:13.501,1789337293.5010767,-46
2026-09-13 19:08:13.508,1789337293.508769,-38
2026-09-13 19:08:13.516,1789337293.5164614,-33
2026-09-13 19:08:13.524,1789337293.5241537,-43
2026-09-13 19:08:13.531,1789337293.531846,-50
2026-09-13 19:08:13.539,1789337293.5395381,-26
2026-09-13 19:08:13.547,1789337293.5472305,116
2026-09-13 19:08:13.554,1789337293.5549228,417
2026-09-13 19:08:13.562,1789337293.5626152,737
2026-09-13 19:08:13.570,1789337293.5703075,599
2026-09-13 19:08:13.578,1789337293.5779998,-113
2026-09-13 19:08:13.585,1789337293.5856922,-463
2026-09-13 19:08:13.593,1789337293.5933845,-133
2026-09-13 19:08:13.601,1789337293.6010766,24
2026-09-13 19:08:13.608,1789337293.608769,-104
2026-09-13 19:08:13.616,1789337293.6164613,-80
2026-09-13 19:08:13.624,1789337293.6241536,-19
2026-09-13 19:08:13.631,1789337293.631846,-55
2026-09-13 19:08:13.639,1789337293.6395383,-55
2026-09-13 19:08:13.647,1789337293.6472306,-19
2026-09-13 19:08:13.654,1789337293.654923,-21
2026-09-13 19:08:13.662,1789337293.662615,-19
2026-09-13 19:08:13.670,1789337293.6703074,0
2026-09-13 19:08:13.678,1789337293.6779997,0
2026-09-13 19:08:13.685,1789337293.685692,0
2026-09-13 19:08:13.693,1789337293.6933844,21
2026-09-13 19:08:13.701,1789337293.7010767,36
2026-09-13 19:08:13.708,1789337293.708769,46
2026-09-13 19:08:13.716,1789337293.7164614,60
2026-09-13 19:08:13.724,1789337293.7241535,75
2026-09-13 19:08:13.731,1789337293.7318459,89
2026-09-13 19:08:13.739,1789337293.7395382,101
2026-09-13 19:08:13.747,1789337293.7472305,101
2026-09-13 19:08:13.754,1789337293.7549229,109
2026-09-13 19:08:13.762,1789337293.7626152,123
2026-09-13 19:08:13.770,1789337293.7703075,121
2026-09-13 19:08:13.778,1789337293.7779999,113
2026-09-13 19:08:13.785,1789337293.785692,121
2026-09-13 19:08:13.793,1789337293.7933843,113
2026-09-13 19:08:13.801,1789337293.8010767,82
2026-09-13 19:08:13.808,1789337293.808769,38
2026-09-13 19:08:13.816,1789337293.8164613,0
2026-09-13 19:08:13.824,1789337293.8241537,-31
2026-09-13 19:08:13.831,1789337293.831846,-58
2026-09-13 19:08:13.839,1789337293.8395383,-75
2026-09-13 19:08:13.847,1789337293.8472304,-84
2026-09-13 19:08:13.854,1789337293.8549228,-82
2026-09-13 19:08:13.862,1789337293.862615,-82
2026-09-13 19:08:13.870,1789337293.8703074,-80
2026-09-13 19:08:13.878,1789337293.8779998,-72
2026-09-13 19:08:13.885,1789337293.8856921,-63
2026-09-13 19:08:13.893,1789337293.8933845,-53
2026-09-13 19:08:13.901,1789337293.9010768,-43
2026-09-13 19:08:13.908,1789337293.908769,-41
2026-09-13 19:08:13.916,1789337293.9164612,-38
2026-09-13 19:08:13.924,1789337293.9241536,-31
2026-09-13 19:08:13.931,1789337293.931846,-26
2026-09-13 19:08:13.939,1789337293.9395382,-24
2026-09-13 19:08:13.947,1789337293.9472306,-26
2026-09-13 19:08:13.954,1789337293.954923,-31
2026-09-13 19:08:13.962,1789337293.9626153,-36
2026-09-13 19:08:13.970,1789337293.9703074,-33
2026-09-13 19:08:13.978,1789337293.9779997,-33
2026-09-13 19:08:13.985,1789337293.985692,-26
2026-09-13 19:08:13.993,1789337293.9933844,-2
2026-09-13 19:08:14.001,1789337294.0010767,19
2026-09-13 19:08:14.008,1789337294.008769,16
2026-09-13 19:08:14.016,1789337294.0164614,0
2026-09-13 19:08:14.024,1789337294.0241537,-19
2026-09-13 19:08:14.031,1789337294.031846,-36
2026-09-13 19:08:14.039,1789337294.0395381,-43
2026-09-13 19:08:14.047,1789337294.0472305,-46
2026-09-13 19:08:14.054,1789337294.0549228,-46
2026-09-13 19:08:14.062,1789337294.062028,-43
2026-09-13 19:08:14.069,1789337294.0697203,-38
2026-09-13 19:08:14.077,1789337294.0774126,-36
2026-09-13 19:08:14.085,1789337294.085105,-50
2026-09-13 19:08:14.092,1789337294.0927973,-65
2026-09-13 19:08:14.100,1789337294.1004894,-12
2026-09-13 19:08:14.108,1789337294.1081817,196
2026-09-13 19:08:14.115,1789337294.115874,550
2026-09-13 19:08:14.123,1789337294.1235664,710
2026-09-13 19:08:14.131,1789337294.1312587,225
2026-09-13 19:08:14.138,1789337294.138951,-409
2026-09-13 19:08:14.146,1789337294.1466434,-327
2026-09-13 19:08:14.154,1789337294.1543357,7
2026-09-13 19:08:14.162,1789337294.1620278,-46
2026-09-13 19:08:14.169,1789337294.1697202,-116
2026-09-13 19:08:14.177,1789337294.1774125,-38
2026-09-13 19:08:14.185,1789337294.1851048,-43
2026-09-13 19:08:14.192,1789337294.1927972,-80
2026-09-13 19:08:14.200,1789337294.2004895,-48
2026-09-13 19:08:14.208,1789337294.2081819,-26
2026-09-13 19:08:14.215,1789337294.2158742,-36
2026-09-13 19:08:14.223,1789337294.2235663,-31
2026-09-13 19:08:14.231,1789337294.2312586,-16
2026-09-13 19:08:14.238,1789337294.238951,-9
2026-09-13 19:08:14.246,1789337294.2466433,-2
2026-09-13 19:08:14.254,1789337294.2543356,12
2026-09-13 19:08:14.262,1789337294.262028,21
2026-09-13 19:08:14.269,1789337294.2697203,29
2026-09-13 19:08:14.277,1789337294.2774127,41
2026-09-13 19:08:14.285,1789337294.2851048,55
2026-09-13 19:08:14.292,1789337294.292797,63
2026-09-13 19:08:14.300,1789337294.3004894,70
2026-09-13 19:08:14.308,1789337294.3081818,77
2026-09-13 19:08:14.315,1789337294.315874,72
2026-09-13 19:08:14.323,1789337294.3235664,70
2026-09-13 19:08:14.331,1789337294.3312588,70
2026-09-13 19:08:14.338,1789337294.338951,67
2026-09-13 19:08:14.346,1789337294.3466432,58
2026-09-13 19:08:14.354,1789337294.3543355,43
2026-09-13 19:08:14.362,1789337294.362028,16
2026-09-13 19:08:14.369,1789337294.3697202,-16
2026-09-13 19:08:14.377,1789337294.3774126,-46
2026-09-13 19:08:14.385,1789337294.385105,-65
2026-09-13 19:08:14.392,1789337294.3927972,-77
2026-09-13 19:08:14.400,1789337294.4004896,-84
2026-09-13 19:08:14.408,1789337294.4081817,-89
2026-09-13 19:08:14.415,1789337294.415874,-89
2026-09-13 19:08:14.423,1789337294.4235663,-87
2026-09-13 19:08:14.431,1789337294.4312587,-80
2026-09-13 19:08:14.438,1789337294.438951,-70
2026-09-13 19:08:14.446,1789337294.4466434,-65
2026-09-13 19:08:14.454,1789337294.4543357,-58
2026-09-13 19:08:14.462,1789337294.462028,-53
2026-09-13 19:08:14.469,1789337294.4697201,-50
2026-09-13 19:08:14.477,1789337294.4774125,-53
2026-09-13 19:08:14.485,1789337294.4851048,-48
2026-09-13 19:08:14.492,1789337294.4927971,-48
2026-09-13 19:08:14.500,1789337294.5004895,-58
2026-09-13 19:08:14.508,1789337294.5081818,-65
2026-09-13 19:08:14.515,1789337294.5158741,-60
2026-09-13 19:08:14.523,1789337294.5235665,-55
2026-09-13 19:08:14.531,1789337294.5312586,-53
2026-09-13 19:08:14.538,1789337294.538951,-36
2026-09-13 19:08:14.546,1789337294.5466433,-14
2026-09-13 19:08:14.554,1789337294.5543356,-4
2026-09-13 19:08:14.562,1789337294.562028,-12
2026-09-13 19:08:14.569,1789337294.5697203,-26
2026-09-13 19:08:14.577,1789337294.5774126,-46
2026-09-13 19:08:14.585,1789337294.585105,-63
2026-09-13 19:08:14.592,1789337294.5927973,-72
2026-09-13 19:08:14.600,1789337294.6004894,-77
2026-09-13 19:08:14.608,1789337294.6081817,-75
2026-09-13 19:08:14.615,1789337294.615874,-70
2026-09-13 19:08:14.623,1789337294.6229997,-70
2026-09-13 19:08:14.630,1789337294.630692,-77
2026-09-13 19:08:14.638,1789337294.6383843,-92
2026-09-13 19:08:14.646,1789337294.6460767,-67
2026-09-13 19:08:14.653,1789337294.653769,60
2026-09-13 19:08:14.661,1789337294.661461,317
2026-09-13 19:08:14.669,1789337294.6691535,664
2026-09-13 19:08:14.676,1789337294.6768458,664
2026-09-13 19:08:14.684,1789337294.6845381,12
2026-09-13 19:08:14.692,1789337294.6922305,-434
2026-09-13 19:08:14.699,1789337294.6999228,-169
2026-09-13 19:08:14.707,1789337294.7076151,0
2026-09-13 19:08:14.715,1789337294.7153075,-143
2026-09-13 19:08:14.723,1789337294.7229996,-143
2026-09-13 19:08:14.730,1789337294.730692,-72
2026-09-13 19:08:14.738,1789337294.7383842,-104
2026-09-13 19:08:14.746,1789337294.7460766,-116
2026-09-13 19:08:14.753,1789337294.753769,-80
2026-09-13 19:08:14.761,1789337294.7614613,-72
2026-09-13 19:08:14.769,1789337294.7691536,-80
2026-09-13 19:08:14.776,1789337294.776846,-67
2026-09-13 19:08:14.784,1789337294.784538,-55
2026-09-13 19:08:14.792,1789337294.7922304,-50
2026-09-13 19:08:14.799,1789337294.7999227,-46
2026-09-13 19:08:14.807,1789337294.807615,-41
2026-09-13 19:08:14.815,1789337294.8153074,-33
2026-09-13 19:08:14.823,1789337294.8229997,-21
2026-09-13 19:08:14.830,1789337294.830692,-14
2026-09-13 19:08:14.838,1789337294.8383844,-14
2026-09-13 19:08:14.846,1789337294.8460765,-14
2026-09-13 19:08:14.853,1789337294.8537688,-14
2026-09-13 19:08:14.861,1789337294.8614612,-19
2026-09-13 19:08:14.869,1789337294.8691535,-21
2026-09-13 19:08:14.876,1789337294.8768458,-24
2026-09-13 19:08:14.884,1789337294.8845382,-31
2026-09-13 19:08:14.892,1789337294.8922305,-31
2026-09-13 19:08:14.899,1789337294.8999228,-26
2026-09-13 19:08:14.907,1789337294.907615,-38
2026-09-13 19:08:14.915,1789337294.9153073,-58
2026-09-13 19:08:14.923,1789337294.9229996,-75
2026-09-13 19:08:14.930,1789337294.930692,-89
2026-09-13 19:08:14.938,1789337294.9383843,-104
2026-09-13 19:08:14.946,1789337294.9460766,-106
2026-09-13 19:08:14.953,1789337294.953769,-106
2026-09-13 19:08:14.961,1789337294.9614613,-106
2026-09-13 19:08:14.969,1789337294.9691534,-106
2026-09-13 19:08:14.976,1789337294.9768457,-101
2026-09-13 19:08:14.984,1789337294.984538,-92
2026-09-13 19:08:14.992,1789337294.9922304,-84
2026-09-13 19:08:14.999,1789337294.9999228,-82
2026-09-13 19:08:15.007,1789337295.007615,-80
2026-09-13 19:08:15.015,1789337295.0153074,-77
2026-09-13 19:08:15.023,1789337295.0229998,-80
2026-09-13 19:08:15.030,1789337295.0306919,-77
2026-09-13 19:08:15.038,1789337295.0383842,-75
2026-09-13 19:08:15.046,1789337295.0460765,-75
2026-09-13 19:08:15.053,1789337295.0537689,-75
2026-09-13 19:08:15.061,1789337295.0614612,-77
2026-09-13 19:08:15.069,1789337295.0691535,-87
2026-09-13 19:08:15.076,1789337295.076846,-87
2026-09-13 19:08:15.084,1789337295.0845382,-72
2026-09-13 19:08:15.092,1789337295.0922303,-65
2026-09-13 19:08:15.099,1789337295.0999227,-53
2026-09-13 19:08:15.107,1789337295.107615,-26
2026-09-13 19:08:15.115,1789337295.1153073,-12
2026-09-13 19:08:15.123,1789337295.1229997,-21
2026-09-13 19:08:15.130,1789337295.130692,-36
2026-09-13 19:08:15.138,1789337295.1383843,-55
2026-09-13 19:08:15.146,1789337295.1460767,-77
2026-09-13 19:08:15.153,1789337295.153769,-84
2026-09-13 19:08:15.161,1789337295.161461,-84
2026-09-13 19:08:15.169,1789337295.1691535,-89
2026-09-13 19:08:15.176,1789337295.1768458,-89
2026-09-13 19:08:15.183,1789337295.183946,-80
2026-09-13 19:08:15.191,1789337295.1916382,-84
2026-09-13 19:08:15.199,1789337295.1993306,-104
2026-09-13 19:08:15.207,1789337295.207023,-89
2026-09-13 19:08:15.214,1789337295.2147152,19
2026-09-13 19:08:15.222,1789337295.2224073,237
2026-09-13 19:08:15.230,1789337295.2300997,562
2026-09-13 19:08:15.237,1789337295.237792,649
2026-09-13 19:08:15.245,1789337295.2454844,113
2026-09-13 19:08:15.253,1789337295.2531767,-375
2026-09-13 19:08:15.260,1789337295.260869,-210
2026-09-13 19:08:15.268,1789337295.2685614,-16
2026-09-13 19:08:15.276,1789337295.2762537,-123
2026-09-13 19:08:15.283,1789337295.2839458,-145
2026-09-13 19:08:15.291,1789337295.2916381,-72
2026-09-13 19:08:15.299,1789337295.2993305,-89
2026-09-13 19:08:15.307,1789337295.3070228,-111
2026-09-13 19:08:15.314,1789337295.3147151,-80
2026-09-13 19:08:15.322,1789337295.3224075,-67
2026-09-13 19:08:15.330,1789337295.3300998,-75
2026-09-13 19:08:15.337,1789337295.3377922,-60
2026-09-13 19:08:15.345,1789337295.3454843,-46
2026-09-13 19:08:15.353,1789337295.3531766,-46
2026-09-13 19:08:15.360,1789337295.360869,-38
2026-09-13 19:08:15.368,1789337295.3685613,-26
2026-09-13 19:08:15.376,1789337295.3762536,-21
2026-09-13 19:08:15.383,1789337295.383946,-16
2026-09-13 19:08:15.391,1789337295.3916383,-7
2026-09-13 19:08:15.399,1789337295.3993306,2
2026-09-13 19:08:15.407,1789337295.4070227,4
2026-09-13 19:08:15.414,1789337295.414715,4
2026-09-13 19:08:15.422,1789337295.4224074,4
2026-09-13 19:08:15.430,1789337295.4300997,4
2026-09-13 19:08:15.437,1789337295.437792,2
2026-09-13 19:08:15.445,1789337295.4454844,-2
2026-09-13 19:08:15.453,1789337295.4531767,-2
2026-09-13 19:08:15.460,1789337295.460869,0
2026-09-13 19:08:15.468,1789337295.4685612,-4
2026-09-13 19:08:15.476,1789337295.4762535,-21
2026-09-13 19:08:15.483,1789337295.4839458,-50
2026-09-13 19:08:15.491,1789337295.4916382,-75
2026-09-13 19:08:15.499,1789337295.4993305,-87
2026-09-13 19:08:15.507,1789337295.5070229,-94
2026-09-13 19:08:15.514,1789337295.5147152,-99
2026-09-13 19:08:15.522,1789337295.5224075,-99
2026-09-13 19:08:15.530,1789337295.5300996,-89
2026-09-13 19:08:15.537,1789337295.537792,-80
2026-09-13 19:08:15.545,1789337295.5454843,-75
2026-09-13 19:08:15.553,1789337295.5531766,-72
2026-09-13 19:08:15.560,1789337295.560869,-67
2026-09-13 19:08:15.568,1789337295.5685613,-63
2026-09-13 19:08:15.576,1789337295.5762537,-55
2026-09-13 19:08:15.583,1789337295.583946,-53
2026-09-13 19:08:15.591,1789337295.591638,-53
2026-09-13 19:08:15.599,1789337295.5993304,-55
2026-09-13 19:08:15.607,1789337295.6070228,-53
2026-09-13 19:08:15.614,1789337295.614715,-50
2026-09-13 19:08:15.622,1789337295.6224074,-48
2026-09-13 19:08:15.630,1789337295.6300998,-48
2026-09-13 19:08:15.637,1789337295.637792,-63
2026-09-13 19:08:15.645,1789337295.6454844,-65
2026-09-13 19:08:15.653,1789337295.6531765,-43
2026-09-13 19:08:15.660,1789337295.660869,-31
2026-09-13 19:08:15.668,1789337295.6685612,-21
2026-09-13 19:08:15.676,1789337295.6762536,4
2026-09-13 19:08:15.683,1789337295.683946,24
2026-09-13 19:08:15.691,1789337295.6916382,14
2026-09-13 19:08:15.699,1789337295.6993306,0
2026-09-13 19:08:15.707,1789337295.707023,-19
2026-09-13 19:08:15.714,1789337295.7147152,-48
2026-09-13 19:08:15.722,1789337295.7224073,-55
2026-09-13 19:08:15.730,1789337295.7300997,-46
2026-09-13 19:08:15.737,1789337295.737792,-46
2026-09-13 19:08:15.744,1789337295.7449126,-53
2026-09-13 19:08:15.752,1789337295.752605,-50
2026-09-13 19:08:15.760,1789337295.7602973,-46
2026-09-13 19:08:15.767,1789337295.7679896,-55
2026-09-13 19:08:15.775,1789337295.775682,-55
2026-09-13 19:08:15.783,1789337295.783374,24
2026-09-13 19:08:15.791,1789337295.7910664,218
2026-09-13 19:08:15.798,1789337295.7987587,502
2026-09-13 19:08:15.806,1789337295.806451,642
2026-09-13 19:08:15.814,1789337295.8141434,220
2026-09-13 19:08:15.821,1789337295.8218358,-373
2026-09-13 19:08:15.829,1789337295.829528,-322
2026-09-13 19:08:15.837,1789337295.8372204,-9
2026-09-13 19:08:15.844,1789337295.8449125,-33
2026-09-13 19:08:15.852,1789337295.8526049,-94
2026-09-13 19:08:15.860,1789337295.8602972,-24
2026-09-13 19:08:15.867,1789337295.8679895,-29
2026-09-13 19:08:15.875,1789337295.8756819,-58
2026-09-13 19:08:15.883,1789337295.8833742,-29
2026-09-13 19:08:15.891,1789337295.8910666,-14
2026-09-13 19:08:15.898,1789337295.898759,-21
2026-09-13 19:08:15.906,1789337295.906451,-9
2026-09-13 19:08:15.914,1789337295.9141433,4
2026-09-13 19:08:15.921,1789337295.9218357,7
2026-09-13 19:08:15.929,1789337295.929528,14
2026-09-13 19:08:15.937,1789337295.9372203,24
2026-09-13 19:08:15.944,1789337295.9449127,33
2026-09-13 19:08:15.952,1789337295.952605,48
2026-09-13 19:08:15.960,1789337295.9602973,58
2026-09-13 19:08:15.967,1789337295.9679894,63
2026-09-13 19:08:15.975,1789337295.9756818,75
2026-09-13 19:08:15.983,1789337295.983374,84
2026-09-13 19:08:15.991,1789337295.9910665,84
2026-09-13 19:08:15.998,1789337295.9987588,89
2026-09-13 19:08:16.006,1789337296.0064511,94
2026-09-13 19:08:16.014,1789337296.0141435,92
2026-09-13 19:08:16.021,1789337296.0218358,97
2026-09-13 19:08:16.029,1789337296.029528,94
2026-09-13 19:08:16.037,1789337296.0372202,77
2026-09-13 19:08:16.044,1789337296.0449126,43
2026-09-13 19:08:16.052,1789337296.052605,2
2026-09-13 19:08:16.060,1789337296.0602973,-21
2026-09-13 19:08:16.067,1789337296.0679896,-43
2026-09-13 19:08:16.075,1789337296.075682,-72
2026-09-13 19:08:16.083,1789337296.0833743,-87
2026-09-13 19:08:16.091,1789337296.0910664,-80
2026-09-13 19:08:16.098,1789337296.0987587,-77
2026-09-13 19:08:16.106,1789337296.106451,-82
2026-09-13 19:08:16.114,1789337296.1141434,-75
2026-09-13 19:08:16.121,1789337296.1218357,-60
2026-09-13 19:08:16.129,1789337296.129528,-60
2026-09-13 19:08:16.137,1789337296.1372204,-60
2026-09-13 19:08:16.144,1789337296.1449127,-48
2026-09-13 19:08:16.152,1789337296.1526048,-38
2026-09-13 19:08:16.160,1789337296.1602972,-31
2026-09-13 19:08:16.167,1789337296.1679895,-29
2026-09-13 19:08:16.175,1789337296.1756818,-36
2026-09-13 19:08:16.183,1789337296.1833742,-36
2026-09-13 19:08:16.191,1789337296.1910665,-29
2026-09-13 19:08:16.198,1789337296.1987588,-36
2026-09-13 19:08:16.206,1789337296.2064512,-48
2026-09-13 19:08:16.214,1789337296.2141433,-46
2026-09-13 19:08:16.221,1789337296.2218356,-38
2026-09-13 19:08:16.229,1789337296.229528,-36
2026-09-13 19:08:16.237,1789337296.2372203,-24
2026-09-13 19:08:16.244,1789337296.2449126,2
2026-09-13 19:08:16.252,1789337296.252605,16
2026-09-13 19:08:16.260,1789337296.2602973,12
2026-09-13 19:08:16.267,1789337296.2679896,0
2026-09-13 19:08:16.275,1789337296.275682,-24
2026-09-13 19:08:16.283,1789337296.283374,-41
2026-09-13 19:08:16.291,1789337296.2910664,-36
2026-09-13 19:08:16.298,1789337296.2987587,-41
2026-09-13 19:08:16.305,1789337296.3058689,-48
2026-09-13 19:08:16.313,1789337296.3135612,-36
2026-09-13 19:08:16.321,1789337296.3212535,-29
2026-09-13 19:08:16.328,1789337296.3289459,-38
2026-09-13 19:08:16.336,1789337296.3366382,-46
2026-09-13 19:08:16.344,1789337296.3443303,-48
2026-09-13 19:08:16.352,1789337296.3520226,36
2026-09-13 19:08:16.359,1789337296.359715,286
2026-09-13 19:08:16.367,1789337296.3674073,615
2026-09-13 19:08:16.375,1789337296.3750997,751
2026-09-13 19:08:16.382,1789337296.382792,310
2026-09-13 19:08:16.390,1789337296.3904843,-344
2026-09-13 19:08:16.398,1789337296.3981767,-349
2026-09-13 19:08:16.405,1789337296.4058688,-16
2026-09-13 19:08:16.413,1789337296.413561,-29
2026-09-13 19:08:16.421,1789337296.4212534,-106
2026-09-13 19:08:16.428,1789337296.4289458,-36
2026-09-13 19:08:16.436,1789337296.436638,-31
2026-09-13 19:08:16.444,1789337296.4443305,-70
2026-09-13 19:08:16.452,1789337296.4520228,-46
2026-09-13 19:08:16.459,1789337296.4597151,-16
2026-09-13 19:08:16.467,1789337296.4674072,-19
2026-09-13 19:08:16.475,1789337296.4750996,-19
2026-09-13 19:08:16.482,1789337296.482792,-9
2026-09-13 19:08:16.490,1789337296.4904842,-2
2026-09-13 19:08:16.498,1789337296.4981766,7
2026-09-13 19:08:16.505,1789337296.505869,19
2026-09-13 19:08:16.513,1789337296.5135612,33
2026-09-13 19:08:16.521,1789337296.5212536,43
2026-09-13 19:08:16.528,1789337296.5289457,50
2026-09-13 19:08:16.536,1789337296.536638,63
2026-09-13 19:08:16.544,1789337296.5443304,72
2026-09-13 19:08:16.552,1789337296.5520227,80
2026-09-13 19:08:16.559,1789337296.559715,84
2026-09-13 19:08:16.567,1789337296.5674074,87
2026-09-13 19:08:16.575,1789337296.5750997,87
2026-09-13 19:08:16.582,1789337296.582792,92
2026-09-13 19:08:16.590,1789337296.5904841,89
2026-09-13 19:08:16.598,1789337296.5981765,77
2026-09-13 19:08:16.605,1789337296.6058688,63
2026-09-13 19:08:16.613,1789337296.6135612,33
2026-09-13 19:08:16.621,1789337296.6212535,-12
2026-09-13 19:08:16.628,1789337296.6289458,-53
2026-09-13 19:08:16.636,1789337296.6366382,-67
2026-09-13 19:08:16.644,1789337296.6443305,-82
2026-09-13 19:08:16.652,1789337296.6520226,-97
2026-09-13 19:08:16.659,1789337296.659715,-101
2026-09-13 19:08:16.667,1789337296.6674073,-106
2026-09-13 19:08:16.675,1789337296.6750996,-104
2026-09-13 19:08:16.682,1789337296.682792,-82
2026-09-13 19:08:16.690,1789337296.6904843,-80
2026-09-13 19:08:16.698,1789337296.6981766,-84
2026-09-13 19:08:16.705,1789337296.705869,-70
2026-09-13 19:08:16.713,1789337296.713561,-63
2026-09-13 19:08:16.721,1789337296.7212534,-65
2026-09-13 19:08:16.728,1789337296.7289457,-48
2026-09-13 19:08:16.736,1789337296.736638,-43
2026-09-13 19:08:16.744,1789337296.7443304,-55
2026-09-13 19:08:16.752,1789337296.7520227,-53
2026-09-13 19:08:16.759,1789337296.759715,-43
2026-09-13 19:08:16.767,1789337296.7674074,-50
2026-09-13 19:08:16.775,1789337296.7750995,-60
2026-09-13 19:08:16.782,1789337296.7827919,-60
2026-09-13 19:08:16.790,1789337296.7904842,-55
2026-09-13 19:08:16.798,1789337296.7981765,-41
2026-09-13 19:08:16.805,1789337296.8058689,-16
2026-09-13 19:08:16.813,1789337296.8135612,0
2026-09-13 19:08:16.821,1789337296.8212535,-2
2026-09-13 19:08:16.828,1789337296.8289459,-16
2026-09-13 19:08:16.836,1789337296.8366382,-36
2026-09-13 19:08:16.844,1789337296.8443303,-53
2026-09-13 19:08:16.852,1789337296.8520226,-60
2026-09-13 19:08:16.859,1789337296.859715,-65
2026-09-13 19:08:16.866,1789337296.8668458,-65
2026-09-13 19:08:16.874,1789337296.8745382,-60
2026-09-13 19:08:16.882,1789337296.8822305,-55
2026-09-13 19:08:16.889,1789337296.8899229,-58
2026-09-13 19:08:16.897,1789337296.8976152,-67
2026-09-13 19:08:16.905,1789337296.9053073,-65
2026-09-13 19:08:16.913,1789337296.9129996,26
2026-09-13 19:08:16.920,1789337296.920692,278
2026-09-13 19:08:16.928,1789337296.9283843,623
2026-09-13 19:08:16.936,1789337296.9360766,703
2026-09-13 19:08:16.943,1789337296.943769,145
2026-09-13 19:08:16.951,1789337296.9514613,-448
2026-09-13 19:08:16.959,1789337296.9591537,-307
2026-09-13 19:08:16.966,1789337296.9668458,-9
2026-09-13 19:08:16.974,1789337296.974538,-82
2026-09-13 19:08:16.982,1789337296.9822304,-133
2026-09-13 19:08:16.989,1789337296.9899228,-55
2026-09-13 19:08:16.997,1789337296.997615,-67
2026-09-13 19:08:17.005,1789337297.0053074,-94
2026-09-13 19:08:17.013,1789337297.0129998,-65
2026-09-13 19:08:17.020,1789337297.020692,-50
2026-09-13 19:08:17.028,1789337297.0283842,-55
2026-09-13 19:08:17.036,1789337297.0360765,-43
2026-09-13 19:08:17.043,1789337297.043769,-31
2026-09-13 19:08:17.051,1789337297.0514612,-26
2026-09-13 19:08:17.059,1789337297.0591536,-19
2026-09-13 19:08:17.066,1789337297.066846,-9
2026-09-13 19:08:17.074,1789337297.0745382,-4
2026-09-13 19:08:17.082,1789337297.0822306,4
2026-09-13 19:08:17.089,1789337297.0899227,21
2026-09-13 19:08:17.097,1789337297.097615,33
2026-09-13 19:08:17.105,1789337297.1053073,41
2026-09-13 19:08:17.113,1789337297.1129997,46
2026-09-13 19:08:17.120,1789337297.120692,53
2026-09-13 19:08:17.128,1789337297.1283844,53
2026-09-13 19:08:17.136,1789337297.1360767,46
2026-09-13 19:08:17.143,1789337297.143769,43
2026-09-13 19:08:17.151,1789337297.1514611,46
2026-09-13 19:08:17.159,1789337297.1591535,41
2026-09-13 19:08:17.166,1789337297.1668458,16
2026-09-13 19:08:17.174,1789337297.1745381,-14
2026-09-13 19:08:17.182,1789337297.1822305,-46
2026-09-13 19:08:17.189,1789337297.1899228,-75
2026-09-13 19:08:17.197,1789337297.1976151,-99
2026-09-13 19:08:17.205,1789337297.2053075,-111
2026-09-13 19:08:17.213,1789337297.2129996,-113
2026-09-13 19:08:17.220,1789337297.220692,-116
2026-09-13 19:08:17.228,1789337297.2283843,-118
2026-09-13 19:08:17.236,1789337297.2360766,-113
2026-09-13 19:08:17.243,1789337297.243769,-104
2026-09-13 19:08:17.251,1789337297.2514613,-97
2026-09-13 19:08:17.259,1789337297.2591536,-89
2026-09-13 19:08:17.266,1789337297.266846,-82
2026-09-13 19:08:17.274,1789337297.274538,-75
2026-09-13 19:08:17.282,1789337297.2822304,-70
2026-09-13 19:08:17.289,1789337297.2899227,-67
2026-09-13 19:08:17.297,1789337297.297615,-65
2026-09-13 19:08:17.305,1789337297.3053074,-65
2026-09-13 19:08:17.313,1789337297.3129997,-65
2026-09-13 19:08:17.320,1789337297.320692,-72
2026-09-13 19:08:17.328,1789337297.3283844,-80
2026-09-13 19:08:17.336,1789337297.3360765,-80
2026-09-13 19:08:17.343,1789337297.3437688,-72
2026-09-13 19:08:17.351,1789337297.3514612,-65
2026-09-13 19:08:17.359,1789337297.3591535,-50
2026-09-13 19:08:17.366,1789337297.3668458,-29
2026-09-13 19:08:17.374,1789337297.3745382,-14
2026-09-13 19:08:17.382,1789337297.3822305,-21
2026-09-13 19:08:17.389,1789337297.3899229,-38
2026-09-13 19:08:17.397,1789337297.3976152,-58
2026-09-13 19:08:17.405,1789337297.4053073,-67
2026-09-13 19:08:17.413,1789337297.4129996,-72
2026-09-13 19:08:17.420,1789337297.420692,-72
2026-09-13 19:08:17.427,1789337297.427797,-72
2026-09-13 19:08:17.435,1789337297.4354894,-67
2026-09-13 19:08:17.443,1789337297.4431818,-65
2026-09-13 19:08:17.450,1789337297.450874,-67
2026-09-13 19:08:17.458,1789337297.4585664,-82
2026-09-13 19:08:17.466,1789337297.4662585,-63
2026-09-13 19:08:17.473,1789337297.4739509,72
2026-09-13 19:08:17.481,1789337297.4816432,349
2026-09-13 19:08:17.489,1789337297.4893355,703
2026-09-13 19:08:17.497,1789337297.4970279,696
2026-09-13 19:08:17.504,1789337297.5047202,38
2026-09-13 19:08:17.512,1789337297.5124125,-426
2026-09-13 19:08:17.520,1789337297.520105,-172
2026-09-13 19:08:17.527,1789337297.527797,19
2026-09-13 19:08:17.535,1789337297.5354893,-123
2026-09-13 19:08:17.543,1789337297.5431817,-130
2026-09-13 19:08:17.550,1789337297.550874,-53
2026-09-13 19:08:17.558,1789337297.5585663,-82
2026-09-13 19:08:17.566,1789337297.5662587,-97
2026-09-13 19:08:17.573,1789337297.573951,-58
2026-09-13 19:08:17.581,1789337297.5816433,-55
2026-09-13 19:08:17.589,1789337297.5893354,-60
2026-09-13 19:08:17.597,1789337297.5970278,-43
2026-09-13 19:08:17.604,1789337297.60472,-33
2026-09-13 19:08:17.612,1789337297.6124125,-33
2026-09-13 19:08:17.620,1789337297.6201048,-24
2026-09-13 19:08:17.627,1789337297.6277971,-14
2026-09-13 19:08:17.635,1789337297.6354895,-12
2026-09-13 19:08:17.643,1789337297.6431818,-9
2026-09-13 19:08:17.650,1789337297.650874,0
2026-09-13 19:08:17.658,1789337297.6585662,4
2026-09-13 19:08:17.666,1789337297.6662586,7
2026-09-13 19:08:17.673,1789337297.673951,4
2026-09-13 19:08:17.681,1789337297.6816432,0
2026-09-13 19:08:17.689,1789337297.6893356,-4
2026-09-13 19:08:17.697,1789337297.697028,-9
2026-09-13 19:08:17.704,1789337297.7047203,-12
2026-09-13 19:08:17.712,1789337297.7124124,-12
2026-09-13 19:08:17.720,1789337297.7201047,-16
2026-09-13 19:08:17.727,1789337297.727797,-26
2026-09-13 19:08:17.735,1789337297.7354894,-41
2026-09-13 19:08:17.743,1789337297.7431817,-60
2026-09-13 19:08:17.750,1789337297.750874,-75
2026-09-13 19:08:17.758,1789337297.7585664,-87
2026-09-13 19:08:17.766,1789337297.7662587,-92
2026-09-13 19:08:17.773,1789337297.7739508,-94
2026-09-13 19:08:17.781,1789337297.7816432,-94
2026-09-13 19:08:17.789,1789337297.7893355,-89
2026-09-13 19:08:17.797,1789337297.7970278,-80
2026-09-13 19:08:17.804,1789337297.8047202,-72
2026-09-13 19:08:17.812,1789337297.8124125,-70
2026-09-13 19:08:17.820,1789337297.8201048,-63
2026-09-13 19:08:17.827,1789337297.8277972,-58
2026-09-13 19:08:17.835,1789337297.8354893,-55
2026-09-13 19:08:17.843,1789337297.8431816,-53
2026-09-13 19:08:17.850,1789337297.850874,-50
2026-09-13 19:08:17.858,1789337297.8585663,-50
2026-09-13 19:08:17.866,1789337297.8662586,-46
2026-09-13 19:08:17.873,1789337297.873951,-46
2026-09-13 19:08:17.881,1789337297.8816433,-53
2026-09-13 19:08:17.889,1789337297.8893356,-58
2026-09-13 19:08:17.897,1789337297.8970277,-65
2026-09-13 19:08:17.904,1789337297.90472,-75
2026-09-13 19:08:17.912,1789337297.9124124,-70
2026-09-13 19:08:17.920,1789337297.9201047,-58
2026-09-13 19:08:17.927,1789337297.927797,-48
2026-09-13 19:08:17.935,1789337297.9354894,-26
2026-09-13 19:08:17.943,1789337297.9431818,-4
2026-09-13 19:08:17.950,1789337297.950874,-2
2026-09-13 19:08:17.958,1789337297.9585664,-24
2026-09-13 19:08:17.966,1789337297.9662585,-46
2026-09-13 19:08:17.973,1789337297.9739509,-60
2026-09-13 19:08:17.981,1789337297.9816432,-70
2026-09-13 19:08:17.988,1789337297.9887688,-72
2026-09-13 19:08:17.996,1789337297.9964612,-77
2026-09-13 19:08:18.004,1789337298.0041535,-77
2026-09-13 19:08:18.011,1789337298.0118458,-70
2026-09-13 19:08:18.019,1789337298.0195382,-70
2026-09-13 19:08:18.027,1789337298.0272303,-87
2026-09-13 19:08:18.034,1789337298.0349226,-82
2026-09-13 19:08:18.042,1789337298.042615,14
2026-09-13 19:08:18.050,1789337298.0503073,230
2026-09-13 19:08:18.058,1789337298.0579996,572
2026-09-13 19:08:18.065,1789337298.065692,805
2026-09-13 19:08:18.073,1789337298.0733843,383
2026-09-13 19:08:18.081,1789337298.0810766,-303
2026-09-13 19:08:18.088,1789337298.0887687,-312
2026-09-13 19:08:18.096,1789337298.096461,-19
2026-09-13 19:08:18.104,1789337298.1041534,-84
2026-09-13 19:08:18.111,1789337298.1118457,-172
2026-09-13 19:08:18.119,1789337298.119538,-89
2026-09-13 19:08:18.127,1789337298.1272304,-82
2026-09-13 19:08:18.134,1789337298.1349227,-118
2026-09-13 19:08:18.142,1789337298.142615,-89
2026-09-13 19:08:18.150,1789337298.1503072,-67
2026-09-13 19:08:18.158,1789337298.1579995,-72
2026-09-13 19:08:18.165,1789337298.1656919,-60
2026-09-13 19:08:18.173,1789337298.1733842,-48
2026-09-13 19:08:18.181,1789337298.1810765,-43
2026-09-13 19:08:18.188,1789337298.1887689,-36
2026-09-13 19:08:18.196,1789337298.1964612,-31
2026-09-13 19:08:18.204,1789337298.2041535,-26
2026-09-13 19:08:18.211,1789337298.2118456,-14
2026-09-13 19:08:18.219,1789337298.219538,-4
2026-09-13 19:08:18.227,1789337298.2272303,-2
2026-09-13 19:08:18.234,1789337298.2349226,2
2026-09-13 19:08:18.242,1789337298.242615,7
2026-09-13 19:08:18.250,1789337298.2503073,4
2026-09-13 19:08:18.258,1789337298.2579997,2
2026-09-13 19:08:18.265,1789337298.265692,-2
2026-09-13 19:08:18.273,1789337298.273384,-9
2026-09-13 19:08:18.281,1789337298.2810764,-7
2026-09-13 19:08:18.288,1789337298.2887688,-2
2026-09-13 19:08:18.296,1789337298.296461,-7
2026-09-13 19:08:18.304,1789337298.3041534,-21
2026-09-13 19:08:18.311,1789337298.3118458,-41
2026-09-13 19:08:18.319,1789337298.319538,-55
2026-09-13 19:08:18.327,1789337298.3272305,-67
2026-09-13 19:08:18.334,1789337298.3349226,-77
2026-09-13 19:08:18.342,1789337298.342615,-77
2026-09-13 19:08:18.350,1789337298.3503072,-75
2026-09-13 19:08:18.358,1789337298.3579996,-70
2026-09-13 19:08:18.365,1789337298.365692,-65
2026-09-13 19:08:18.373,1789337298.3733842,-58
2026-09-13 19:08:18.381,1789337298.3810766,-53
2026-09-13 19:08:18.388,1789337298.388769,-46
2026-09-13 19:08:18.396,1789337298.396461,-41
2026-09-13 19:08:18.404,1789337298.4041533,-41
2026-09-13 19:08:18.411,1789337298.4118457,-38
2026-09-13 19:08:18.419,1789337298.419538,-33
2026-09-13 19:08:18.427,1789337298.4272304,-36
2026-09-13 19:08:18.434,1789337298.4349227,-36
2026-09-13 19:08:18.442,1789337298.442615,-31
2026-09-13 19:08:18.450,1789337298.4503074,-26
2026-09-13 19:08:18.457,1789337298.4579995,-29
2026-09-13 19:08:18.465,1789337298.4656918,-31
2026-09-13 19:08:18.473,1789337298.4733841,-36
2026-09-13 19:08:18.481,1789337298.4810765,-43
2026-09-13 19:08:18.488,1789337298.4887688,-43
2026-09-13 19:08:18.496,1789337298.4964612,-41
2026-09-13 19:08:18.504,1789337298.5041535,-38
2026-09-13 19:08:18.511,1789337298.5118458,-29
2026-09-13 19:08:18.519,1789337298.5195382,0
2026-09-13 19:08:18.527,1789337298.5272303,29
2026-09-13 19:08:18.534,1789337298.5349226,41
2026-09-13 19:08:18.542,1789337298.542615,33
2026-09-13 19:08:18.549,1789337298.549715,19
2026-09-13 19:08:18.557,1789337298.5574074,-4
2026-09-13 19:08:18.565,1789337298.5650997,-24
2026-09-13 19:08:18.572,1789337298.572792,-21
2026-09-13 19:08:18.580,1789337298.5804844,-14
2026-09-13 19:08:18.588,1789337298.5881765,-16
2026-09-13 19:08:18.595,1789337298.5958688,-21
2026-09-13 19:08:18.603,1789337298.6035612,-14
2026-09-13 19:08:18.611,1789337298.6112535,-12
2026-09-13 19:08:18.618,1789337298.6189458,-24
2026-09-13 19:08:18.626,1789337298.6266382,0
2026-09-13 19:08:18.634,1789337298.6343305,138
2026-09-13 19:08:18.642,1789337298.6420228,388
2026-09-13 19:08:18.649,1789337298.649715,705
2026-09-13 19:08:18.657,1789337298.6574073,766
2026-09-13 19:08:18.665,1789337298.6650996,206
2026-09-13 19:08:18.672,1789337298.672792,-332
2026-09-13 19:08:18.680,1789337298.6804843,-184
2026-09-13 19:08:18.688,1789337298.6881766,41
2026-09-13 19:08:18.695,1789337298.695869,-55
2026-09-13 19:08:18.703,1789337298.7035613,-80
2026-09-13 19:08:18.711,1789337298.7112534,-4
2026-09-13 19:08:18.718,1789337298.7189457,-26
2026-09-13 19:08:18.726,1789337298.726638,-46
2026-09-13 19:08:18.734,1789337298.7343304,-14
2026-09-13 19:08:18.742,1789337298.7420228,-7
2026-09-13 19:08:18.749,1789337298.749715,-4
2026-09-13 19:08:18.757,1789337298.7574074,16
2026-09-13 19:08:18.765,1789337298.7650998,24
2026-09-13 19:08:18.772,1789337298.7727919,19
2026-09-13 19:08:18.780,1789337298.7804842,36
2026-09-13 19:08:18.788,1789337298.7881765,53
2026-09-13 19:08:18.795,1789337298.7958689,50
2026-09-13 19:08:18.803,1789337298.8035612,55
2026-09-13 19:08:18.811,1789337298.8112535,75
2026-09-13 19:08:18.818,1789337298.818946,89
2026-09-13 19:08:18.826,1789337298.8266382,94
2026-09-13 19:08:18.834,1789337298.8343303,94
2026-09-13 19:08:18.842,1789337298.8420227,101
2026-09-13 19:08:18.849,1789337298.849715,94
2026-09-13 19:08:18.857,1789337298.8574073,84
2026-09-13 19:08:18.865,1789337298.8650997,92
2026-09-13 19:08:18.872,1789337298.872792,101
2026-09-13 19:08:18.880,1789337298.8804843,89
2026-09-13 19:08:18.888,1789337298.8881767,70
2026-09-13 19:08:18.895,1789337298.8958688,53
2026-09-13 19:08:18.903,1789337298.903561,29
2026-09-13 19:08:18.911,1789337298.9112535,-2
2026-09-13 19:08:18.918,1789337298.9189458,-24
2026-09-13 19:08:18.926,1789337298.9266381,-43
2026-09-13 19:08:18.934,1789337298.9343305,-58
2026-09-13 19:08:18.942,1789337298.9420228,-60
2026-09-13 19:08:18.949,1789337298.9497151,-53
2026-09-13 19:08:18.957,1789337298.9574072,-48
2026-09-13 19:08:18.965,1789337298.9650996,-41
2026-09-13 19:08:18.972,1789337298.972792,-41
2026-09-13 19:08:18.980,1789337298.9804842,-41
2026-09-13 19:08:18.988,1789337298.9881766,-26
2026-09-13 19:08:18.995,1789337298.995869,-14
2026-09-13 19:08:19.003,1789337299.0035613,-16
2026-09-13 19:08:19.011,1789337299.0112536,-16
2026-09-13 19:08:19.018,1789337299.0189457,-14
2026-09-13 19:08:19.026,1789337299.026638,-16
2026-09-13 19:08:19.034,1789337299.0343304,-16
2026-09-13 19:08:19.042,1789337299.0420227,-19
2026-09-13 19:08:19.049,1789337299.049715,-19
2026-09-13 19:08:19.057,1789337299.0574074,-24
2026-09-13 19:08:19.065,1789337299.0650997,-31
2026-09-13 19:08:19.072,1789337299.072792,-33
2026-09-13 19:08:19.080,1789337299.0804844,-26
2026-09-13 19:08:19.088,1789337299.0881765,-26
2026-09-13 19:08:19.095,1789337299.0958688,-48
2026-09-13 19:08:19.103,1789337299.1035612,-43
2026-09-13 19:08:19.110,1789337299.110692,-16
2026-09-13 19:08:19.118,1789337299.1183844,-14
2026-09-13 19:08:19.126,1789337299.1260767,-14
2026-09-13 19:08:19.133,1789337299.133769,16
2026-09-13 19:08:19.141,1789337299.1414614,41
2026-09-13 19:08:19.149,1789337299.1491535,24
2026-09-13 19:08:19.156,1789337299.1568458,-7
2026-09-13 19:08:19.164,1789337299.1645381,-19
2026-09-13 19:08:19.172,1789337299.1722305,-29
2026-09-13 19:08:19.179,1789337299.1799228,-31
2026-09-13 19:08:19.187,1789337299.1876152,-26
2026-09-13 19:08:19.195,1789337299.1953075,-31
2026-09-13 19:08:19.203,1789337299.2029998,-29
2026-09-13 19:08:19.210,1789337299.210692,-16
2026-09-13 19:08:19.218,1789337299.2183843,-26
2026-09-13 19:08:19.226,1789337299.2260766,-19
2026-09-13 19:08:19.233,1789337299.233769,97
2026-09-13 19:08:19.241,1789337299.2414613,368
2026-09-13 19:08:19.249,1789337299.2491536,720
2026-09-13 19:08:19.256,1789337299.256846,843
2026-09-13 19:08:19.264,1789337299.2645383,322
2026-09-13 19:08:19.272,1789337299.2722304,-388
2026-09-13 19:08:19.279,1789337299.2799227,-363
2026-09-13 19:08:19.287,1789337299.287615,-2
2026-09-13 19:08:19.295,1789337299.2953074,-31
2026-09-13 19:08:19.303,1789337299.3029997,-128
2026-09-13 19:08:19.310,1789337299.310692,-63
2026-09-13 19:08:19.318,1789337299.3183844,-43
2026-09-13 19:08:19.326,1789337299.3260767,-55
2026-09-13 19:08:19.333,1789337299.3337688,-33
2026-09-13 19:08:19.341,1789337299.3414612,-21
2026-09-13 19:08:19.349,1789337299.3491535,-26
2026-09-13 19:08:19.356,1789337299.3568459,-26
2026-09-13 19:08:19.364,1789337299.3645382,-19
2026-09-13 19:08:19.372,1789337299.3722305,0
2026-09-13 19:08:19.379,1789337299.3799229,19
2026-09-13 19:08:19.387,1789337299.3876152,16
2026-09-13 19:08:19.395,1789337299.3953073,19
2026-09-13 19:08:19.403,1789337299.4029996,36
2026-09-13 19:08:19.410,1789337299.410692,46
2026-09-13 19:08:19.418,1789337299.4183843,60
2026-09-13 19:08:19.426,1789337299.4260767,80
2026-09-13 19:08:19.433,1789337299.433769,80
2026-09-13 19:08:19.441,1789337299.4414613,89
2026-09-13 19:08:19.449,1789337299.4491537,106
2026-09-13 19:08:19.456,1789337299.4568458,94
2026-09-13 19:08:19.464,1789337299.464538,75
2026-09-13 19:08:19.472,1789337299.4722304,80
2026-09-13 19:08:19.479,1789337299.4799228,82
2026-09-13 19:08:19.487,1789337299.487615,55
2026-09-13 19:08:19.495,1789337299.4953074,16
2026-09-13 19:08:19.503,1789337299.5029998,2
2026-09-13 19:08:19.510,1789337299.5106921,-4
2026-09-13 19:08:19.518,1789337299.5183842,-53
2026-09-13 19:08:19.526,1789337299.5260766,-104
2026-09-13 19:08:19.533,1789337299.533769,-106
2026-09-13 19:08:19.541,1789337299.5414612,-92
2026-09-13 19:08:19.549,1789337299.5491536,-97
2026-09-13 19:08:19.556,1789337299.556846,-99
2026-09-13 19:08:19.564,1789337299.5645382,-87
2026-09-13 19:08:19.572,1789337299.5722306,-72
2026-09-13 19:08:19.579,1789337299.5799227,-67
2026-09-13 19:08:19.587,1789337299.587615,-75
2026-09-13 19:08:19.595,1789337299.5953074,-67
2026-09-13 19:08:19.603,1789337299.6029997,-38
2026-09-13 19:08:19.610,1789337299.610692,-24
2026-09-13 19:08:19.618,1789337299.6183844,-33
2026-09-13 19:08:19.626,1789337299.6260767,-46
2026-09-13 19:08:19.633,1789337299.633769,-48
2026-09-13 19:08:19.641,1789337299.6414614,-43
2026-09-13 19:08:19.649,1789337299.6491535,-43
2026-09-13 19:08:19.656,1789337299.6568458,-43
2026-09-13 19:08:19.664,1789337299.6645381,-41
2026-09-13 19:08:19.671,1789337299.6716383,-50
2026-09-13 19:08:19.679,1789337299.6793306,-53
2026-09-13 19:08:19.687,1789337299.687023,-55
2026-09-13 19:08:19.694,1789337299.6947153,-58
2026-09-13 19:08:19.702,1789337299.7024076,-41
2026-09-13 19:08:19.710,1789337299.7100997,-7
2026-09-13 19:08:19.717,1789337299.717792,7
2026-09-13 19:08:19.725,1789337299.7254844,-2
2026-09-13 19:08:19.733,1789337299.7331767,-16
2026-09-13 19:08:19.740,1789337299.740869,-33
2026-09-13 19:08:19.748,1789337299.7485614,-53
2026-09-13 19:08:19.756,1789337299.7562537,-55
2026-09-13 19:08:19.763,1789337299.763946,-55
2026-09-13 19:08:19.771,1789337299.7716382,-60
2026-09-13 19:08:19.779,1789337299.7793305,-63
2026-09-13 19:08:19.787,1789337299.7870228,-53
2026-09-13 19:08:19.794,1789337299.7947152,-46
2026-09-13 19:08:19.802,1789337299.8024075,-53
2026-09-13 19:08:19.810,1789337299.8100998,-36
2026-09-13 19:08:19.817,1789337299.8177922,92
2026-09-13 19:08:19.825,1789337299.8254845,388
2026-09-13 19:08:19.833,1789337299.8331766,698
2026-09-13 19:08:19.840,1789337299.840869,599
2026-09-13 19:08:19.848,1789337299.8485613,-65
2026-09-13 19:08:19.856,1789337299.8562536,-485
2026-09-13 19:08:19.863,1789337299.863946,-213
2026-09-13 19:08:19.871,1789337299.8716383,2
2026-09-13 19:08:19.879,1789337299.8793306,-109
2026-09-13 19:08:19.887,1789337299.887023,-118
2026-09-13 19:08:19.894,1789337299.894715,-53
2026-09-13 19:08:19.902,1789337299.9024074,-80
2026-09-13 19:08:19.910,1789337299.9100997,-94
2026-09-13 19:08:19.917,1789337299.917792,-65
2026-09-13 19:08:19.925,1789337299.9254844,-55
2026-09-13 19:08:19.933,1789337299.9331768,-58
2026-09-13 19:08:19.940,1789337299.940869,-50
2026-09-13 19:08:19.948,1789337299.9485614,-41
2026-09-13 19:08:19.956,1789337299.9562535,-33
2026-09-13 19:08:19.963,1789337299.9639459,-26
2026-09-13 19:08:19.971,1789337299.9716382,-21
2026-09-13 19:08:19.979,1789337299.9793305,-14
2026-09-13 19:08:19.987,1789337299.9870229,-2
2026-09-13 19:08:19.994,1789337299.9947152,12
2026-09-13 19:08:20.002,1789337300.0024076,24
2026-09-13 19:08:20.010,1789337300.0101,31
2026-09-13 19:08:20.017,1789337300.017792,31
2026-09-13 19:08:20.025,1789337300.0254843,33
2026-09-13 19:08:20.033,1789337300.0331767,33
2026-09-13 19:08:20.040,1789337300.040869,29
2026-09-13 19:08:20.048,1789337300.0485613,26
2026-09-13 19:08:20.056,1789337300.0562537,26
2026-09-13 19:08:20.063,1789337300.063946,24
2026-09-13 19:08:20.071,1789337300.0716383,2
2026-09-13 19:08:20.079,1789337300.0793304,-33
2026-09-13 19:08:20.087,1789337300.0870228,-63
2026-09-13 19:08:20.094,1789337300.094715,-87
2026-09-13 19:08:20.102,1789337300.1024075,-106
2026-09-13 19:08:20.110,1789337300.1100998,-118
2026-09-13 19:08:20.117,1789337300.1177921,-121
2026-09-13 19:08:20.125,1789337300.1254845,-126
2026-09-13 19:08:20.133,1789337300.1331768,-128
2026-09-13 19:08:20.140,1789337300.140869,-123
2026-09-13 19:08:20.148,1789337300.1485612,-109
2026-09-13 19:08:20.156,1789337300.1562536,-101
2026-09-13 19:08:20.163,1789337300.163946,-97
2026-09-13 19:08:20.171,1789337300.1716383,-89
2026-09-13 19:08:20.179,1789337300.1793306,-84
2026-09-13 19:08:20.187,1789337300.187023,-82
2026-09-13 19:08:20.194,1789337300.1947153,-77
2026-09-13 19:08:20.202,1789337300.2024076,-75
2026-09-13 19:08:20.210,1789337300.2100997,-75
2026-09-13 19:08:20.217,1789337300.217792,-77
2026-09-13 19:08:20.225,1789337300.2254844,-77
2026-09-13 19:08:20.232,1789337300.232615,-77
2026-09-13 19:08:20.240,1789337300.2403073,-77
2026-09-13 19:08:20.248,1789337300.2479997,-84
2026-09-13 19:08:20.255,1789337300.255692,-94
2026-09-13 19:08:20.263,1789337300.2633843,-92
2026-09-13 19:08:20.271,1789337300.2710764,-87
2026-09-13 19:08:20.278,1789337300.2787688,-80
2026-09-13 19:08:20.286,1789337300.286461,-63
2026-09-13 19:08:20.294,1789337300.2941535,-38
2026-09-13 19:08:20.301,1789337300.3018458,-29
2026-09-13 19:08:20.309,1789337300.3095381,-36
2026-09-13 19:08:20.317,1789337300.3172305,-58
2026-09-13 19:08:20.324,1789337300.3249228,-75
2026-09-13 19:08:20.332,1789337300.332615,-84
2026-09-13 19:08:20.340,1789337300.3403072,-84
2026-09-13 19:08:20.348,1789337300.3479996,-87
2026-09-13 19:08:20.355,1789337300.355692,-84
2026-09-13 19:08:20.363,1789337300.3633842,-82
2026-09-13 19:08:20.371,1789337300.3710766,-77
2026-09-13 19:08:20.378,1789337300.378769,-82
2026-09-13 19:08:20.386,1789337300.3864613,-92
2026-09-13 19:08:20.394,1789337300.3941534,-36
2026-09-13 19:08:20.401,1789337300.4018457,147
2026-09-13 19:08:20.409,1789337300.409538,465
2026-09-13 19:08:20.417,1789337300.4172304,744
2026-09-13 19:08:20.424,1789337300.4249227,492
2026-09-13 19:08:20.432,1789337300.432615,-225
2026-09-13 19:08:20.440,1789337300.4403074,-426
2026-09-13 19:08:20.448,1789337300.4479997,-87
2026-09-13 19:08:20.455,1789337300.4556918,-38
2026-09-13 19:08:20.463,1789337300.4633842,-172
2026-09-13 19:08:20.471,1789337300.4710765,-118
2026-09-13 19:08:20.478,1789337300.4787688,-77
2026-09-13 19:08:20.486,1789337300.4864612,-118
2026-09-13 19:08:20.494,1789337300.4941535,-109
2026-09-13 19:08:20.501,1789337300.5018458,-77
2026-09-13 19:08:20.509,1789337300.5095382,-80
2026-09-13 19:08:20.517,1789337300.5172303,-75
2026-09-13 19:08:20.524,1789337300.5249226,-63
2026-09-13 19:08:20.532,1789337300.532615,-60
2026-09-13 19:08:20.540,1789337300.5403073,-53
2026-09-13 19:08:20.548,1789337300.5479996,-41
2026-09-13 19:08:20.555,1789337300.555692,-41
2026-09-13 19:08:20.563,1789337300.5633843,-38
2026-09-13 19:08:20.571,1789337300.5710766,-26
2026-09-13 19:08:20.578,1789337300.5787687,-19
2026-09-13 19:08:20.586,1789337300.586461,-14
2026-09-13 19:08:20.594,1789337300.5941534,-12
2026-09-13 19:08:20.601,1789337300.6018457,-16
2026-09-13 19:08:20.609,1789337300.609538,-24
2026-09-13 19:08:20.617,1789337300.6172304,-29
2026-09-13 19:08:20.624,1789337300.6249228,-33
2026-09-13 19:08:20.632,1789337300.632615,-36
2026-09-13 19:08:20.640,1789337300.6403072,-38
2026-09-13 19:08:20.648,1789337300.6479995,-38
2026-09-13 19:08:20.655,1789337300.6556919,-46
2026-09-13 19:08:20.663,1789337300.6633842,-63
2026-09-13 19:08:20.671,1789337300.6710765,-82
2026-09-13 19:08:20.678,1789337300.6787689,-94
2026-09-13 19:08:20.686,1789337300.6864612,-104
2026-09-13 19:08:20.694,1789337300.6941535,-109
2026-09-13 19:08:20.701,1789337300.7018456,-111
2026-09-13 19:08:20.709,1789337300.709538,-106
2026-09-13 19:08:20.717,1789337300.7172303,-101
2026-09-13 19:08:20.724,1789337300.7249227,-97
2026-09-13 19:08:20.732,1789337300.732615,-92
2026-09-13 19:08:20.740,1789337300.7403073,-82
2026-09-13 19:08:20.748,1789337300.7479997,-77
2026-09-13 19:08:20.755,1789337300.755692,-75
2026-09-13 19:08:20.763,1789337300.7633843,-72
2026-09-13 19:08:20.771,1789337300.7710764,-67
2026-09-13 19:08:20.778,1789337300.7787688,-67
2026-09-13 19:08:20.786,1789337300.786461,-67
2026-09-13 19:08:20.793,1789337300.7935612,-67
2026-09-13 19:08:20.801,1789337300.8012536,-65
2026-09-13 19:08:20.808,1789337300.808946,-67
2026-09-13 19:08:20.816,1789337300.8166382,-65
2026-09-13 19:08:20.824,1789337300.8243306,-67
2026-09-13 19:08:20.832,1789337300.8320227,-70
2026-09-13 19:08:20.839,1789337300.839715,-75
2026-09-13 19:08:20.847,1789337300.8474073,-87
2026-09-13 19:08:20.855,1789337300.8550997,-87
2026-09-13 19:08:20.862,1789337300.862792,-77
2026-09-13 19:08:20.870,1789337300.8704844,-63
2026-09-13 19:08:20.878,1789337300.8781767,-48
2026-09-13 19:08:20.885,1789337300.885869,-26
2026-09-13 19:08:20.893,1789337300.8935611,-9
2026-09-13 19:08:20.901,1789337300.9012535,-14
2026-09-13 19:08:20.908,1789337300.9089458,-36
2026-09-13 19:08:20.916,1789337300.9166381,-53
2026-09-13 19:08:20.924,1789337300.9243305,-63
2026-09-13 19:08:20.932,1789337300.9320228,-70
2026-09-13 19:08:20.939,1789337300.9397151,-75
2026-09-13 19:08:20.947,1789337300.9474075,-72
2026-09-13 19:08:20.955,1789337300.9550996,-70
2026-09-13 19:08:20.962,1789337300.962792,-67
2026-09-13 19:08:20.970,1789337300.9704843,-75
2026-09-13 19:08:20.978,1789337300.9781766,-82
2026-09-13 19:08:20.985,1789337300.985869,-29
2026-09-13 19:08:20.993,1789337300.9935613,143
2026-09-13 19:08:21.001,1789337301.0012536,436
2026-09-13 19:08:21.008,1789337301.008946,768
2026-09-13 19:08:21.016,1789337301.016638,652
2026-09-13 19:08:21.024,1789337301.0243304,-60
2026-09-13 19:08:21.032,1789337301.0320227,-409
2026-09-13 19:08:21.039,1789337301.039715,-118
2026-09-13 19:08:21.047,1789337301.0474074,-19
2026-09-13 19:08:21.055,1789337301.0550997,-160
2026-09-13 19:08:21.062,1789337301.062792,-130
2026-09-13 19:08:21.070,1789337301.0704844,-75
2026-09-13 19:08:21.078,1789337301.0781765,-113
2026-09-13 19:08:21.085,1789337301.0858688,-109
2026-09-13 19:08:21.093,1789337301.0935612,-75
2026-09-13 19:08:21.101,1789337301.1012535,-77
2026-09-13 19:08:21.108,1789337301.1089458,-77
2026-09-13 19:08:21.116,1789337301.1166382,-58
2026-09-13 19:08:21.124,1789337301.1243305,-53
2026-09-13 19:08:21.132,1789337301.1320229,-55
2026-09-13 19:08:21.139,1789337301.139715,-46
2026-09-13 19:08:21.147,1789337301.1474073,-33
2026-09-13 19:08:21.155,1789337301.1550996,-29
2026-09-13 19:08:21.162,1789337301.162792,-24
2026-09-13 19:08:21.170,1789337301.1704843,-14
2026-09-13 19:08:21.178,1789337301.1781766,-7
2026-09-13 19:08:21.185,1789337301.185869,-2
2026-09-13 19:08:21.193,1789337301.1935613,-4
2026-09-13 19:08:21.201,1789337301.2012534,-9
2026-09-13 19:08:21.208,1789337301.2089458,-12
2026-09-13 19:08:21.216,1789337301.216638,-14
2026-09-13 19:08:21.224,1789337301.2243304,-16
2026-09-13 19:08:21.232,1789337301.2320228,-16
2026-09-13 19:08:21.239,1789337301.239715,-16
2026-09-13 19:08:21.247,1789337301.2474074,-21
2026-09-13 19:08:21.255,1789337301.2550998,-36
2026-09-13 19:08:21.262,1789337301.2627919,-55
2026-09-13 19:08:21.270,1789337301.2704842,-72
2026-09-13 19:08:21.278,1789337301.2781765,-84
2026-09-13 19:08:21.285,1789337301.285869,-94
2026-09-13 19:08:21.293,1789337301.2935612,-97
2026-09-13 19:08:21.301,1789337301.3012536,-97
2026-09-13 19:08:21.308,1789337301.308946,-94
2026-09-13 19:08:21.316,1789337301.3166382,-87
2026-09-13 19:08:21.324,1789337301.3243306,-80
2026-09-13 19:08:21.332,1789337301.3320227,-72
2026-09-13 19:08:21.339,1789337301.339715,-70
2026-09-13 19:08:21.347,1789337301.3474073,-65
2026-09-13 19:08:21.354,1789337301.3545074,-60
2026-09-13 19:08:21.362,1789337301.3621998,-58
2026-09-13 19:08:21.369,1789337301.3698921,-58
2026-09-13 19:08:21.377,1789337301.3775845,-55
2026-09-13 19:08:21.385,1789337301.3852768,-53
2026-09-13 19:08:21.392,1789337301.392969,-55
2026-09-13 19:08:21.400,1789337301.4006612,-55
2026-09-13 19:08:21.408,1789337301.4083536,-53
2026-09-13 19:08:21.416,1789337301.416046,-50
2026-09-13 19:08:21.423,1789337301.4237382,-46
2026-09-13 19:08:21.431,1789337301.4314306,-48
2026-09-13 19:08:21.439,1789337301.439123,-60
2026-09-13 19:08:21.446,1789337301.4468153,-70
2026-09-13 19:08:21.454,1789337301.4545074,-67
2026-09-13 19:08:21.462,1789337301.4621997,-55
2026-09-13 19:08:21.469,1789337301.469892,-33
2026-09-13 19:08:21.477,1789337301.4775844,-9
2026-09-13 19:08:21.485,1789337301.4852767,14
2026-09-13 19:08:21.492,1789337301.492969,21
2026-09-13 19:08:21.500,1789337301.5006614,9
2026-09-13 19:08:21.508,1789337301.5083537,-7
2026-09-13 19:08:21.516,1789337301.5160458,-21
2026-09-13 19:08:21.523,1789337301.5237381,-36
2026-09-13 19:08:21.531,1789337301.5314305,-46
2026-09-13 19:08:21.539,1789337301.5391228,-50
2026-09-13 19:08:21.546,1789337301.5468152,-48
2026-09-13 19:08:21.554,1789337301.5545075,-41
2026-09-13 19:08:21.562,1789337301.5621998,-36
2026-09-13 19:08:21.569,1789337301.5698922,-46
2026-09-13 19:08:21.577,1789337301.5775843,-46
2026-09-13 19:08:21.585,1789337301.5852766,43
2026-09-13 19:08:21.592,1789337301.592969,244
2026-09-13 19:08:21.600,1789337301.6006613,528
2026-09-13 19:08:21.608,1789337301.6083536,744
2026-09-13 19:08:21.616,1789337301.616046,426
2026-09-13 19:08:21.623,1789337301.6237383,-247
2026-09-13 19:08:21.631,1789337301.6314306,-346
2026-09-13 19:08:21.639,1789337301.6391227,-24
2026-09-13 19:08:21.646,1789337301.646815,-14
2026-09-13 19:08:21.654,1789337301.6545074,-111
2026-09-13 19:08:21.662,1789337301.6621997,-58
2026-09-13 19:08:21.669,1789337301.669892,-38
2026-09-13 19:08:21.677,1789337301.6775844,-72
2026-09-13 19:08:21.685,1789337301.6852767,-53
2026-09-13 19:08:21.692,1789337301.692969,-26
2026-09-13 19:08:21.700,1789337301.7006612,-19
2026-09-13 19:08:21.708,1789337301.7083535,-9
2026-09-13 19:08:21.716,1789337301.7160459,-7
2026-09-13 19:08:21.723,1789337301.7237382,-9
2026-09-13 19:08:21.731,1789337301.7314305,4
2026-09-13 19:08:21.739,1789337301.7391229,31
2026-09-13 19:08:21.746,1789337301.7468152,41
2026-09-13 19:08:21.754,1789337301.7545075,38
2026-09-13 19:08:21.762,1789337301.7621996,43
2026-09-13 19:08:21.769,1789337301.769892,55
2026-09-13 19:08:21.777,1789337301.7775843,67
2026-09-13 19:08:21.785,1789337301.7852767,72
2026-09-13 19:08:21.792,1789337301.792969,77
2026-09-13 19:08:21.800,1789337301.8006613,82
2026-09-13 19:08:21.808,1789337301.8083537,84
2026-09-13 19:08:21.816,1789337301.816046,89
2026-09-13 19:08:21.823,1789337301.823738,99
2026-09-13 19:08:21.831,1789337301.8314304,101
2026-09-13 19:08:21.839,1789337301.8391228,82
2026-09-13 19:08:21.846,1789337301.846815,46
2026-09-13 19:08:21.854,1789337301.8545074,12
2026-09-13 19:08:21.862,1789337301.8621998,-14
2026-09-13 19:08:21.869,1789337301.8698921,-41
2026-09-13 19:08:21.877,1789337301.8775845,-60
2026-09-13 19:08:21.885,1789337301.8852768,-67
2026-09-13 19:08:21.892,1789337301.892969,-70
2026-09-13 19:08:21.900,1789337301.9006612,-72
2026-09-13 19:08:21.908,1789337301.9083536,-72
2026-09-13 19:08:21.915,1789337301.9154792,-63
2026-09-13 19:08:21.923,1789337301.9231715,-53
2026-09-13 19:08:21.930,1789337301.9308639,-50
2026-09-13 19:08:21.938,1789337301.9385562,-53
2026-09-13 19:08:21.946,1789337301.9462485,-46
2026-09-13 19:08:21.953,1789337301.9539406,-36
2026-09-13 19:08:21.961,1789337301.961633,-29
2026-09-13 19:08:21.969,1789337301.9693253,-21
2026-09-13 19:08:21.977,1789337301.9770176,-21
2026-09-13 19:08:21.984,1789337301.98471,-26
2026-09-13 19:08:21.992,1789337301.9924023,-24
2026-09-13 19:08:22.000,1789337302.0000947,-21
2026-09-13 19:08:22.007,1789337302.007787,-26
2026-09-13 19:08:22.015,1789337302.015479,-31
2026-09-13 19:08:22.023,1789337302.0231714,-38
2026-09-13 19:08:22.030,1789337302.0308638,-46
2026-09-13 19:08:22.038,1789337302.038556,-38
2026-09-13 19:08:22.046,1789337302.0462484,-33
2026-09-13 19:08:22.053,1789337302.0539408,-26
2026-09-13 19:08:22.061,1789337302.061633,2
2026-09-13 19:08:22.069,1789337302.0693254,26
2026-09-13 19:08:22.077,1789337302.0770175,21
2026-09-13 19:08:22.084,1789337302.08471,14
2026-09-13 19:08:22.092,1789337302.0924022,12
2026-09-13 19:08:22.100,1789337302.1000946,-4
2026-09-13 19:08:22.107,1789337302.107787,-31
2026-09-13 19:08:22.115,1789337302.1154792,-41
2026-09-13 19:08:22.123,1789337302.1231716,-21
2026-09-13 19:08:22.130,1789337302.130864,-12
2026-09-13 19:08:22.138,1789337302.138556,-26
2026-09-13 19:08:22.146,1789337302.1462483,-31
2026-09-13 19:08:22.153,1789337302.1539407,-26
2026-09-13 19:08:22.161,1789337302.161633,-36
2026-09-13 19:08:22.169,1789337302.1693254,-12
2026-09-13 19:08:22.177,1789337302.1770177,140
2026-09-13 19:08:22.184,1789337302.18471,446
2026-09-13 19:08:22.192,1789337302.1924024,759
2026-09-13 19:08:22.200,1789337302.2000945,662
2026-09-13 19:08:22.207,1789337302.2077868,-16
2026-09-13 19:08:22.215,1789337302.2154791,-455
2026-09-13 19:08:22.223,1789337302.2231715,-181
2026-09-13 19:08:22.230,1789337302.2308638,26
2026-09-13 19:08:22.238,1789337302.2385561,-87
2026-09-13 19:08:22.246,1789337302.2462485,-87
2026-09-13 19:08:22.253,1789337302.2539408,-12
2026-09-13 19:08:22.261,1789337302.261633,-36
2026-09-13 19:08:22.269,1789337302.2693253,-55
2026-09-13 19:08:22.277,1789337302.2770176,-29
2026-09-13 19:08:22.284,1789337302.28471,-21
2026-09-13 19:08:22.292,1789337302.2924023,-14
2026-09-13 19:08:22.300,1789337302.3000946,2
2026-09-13 19:08:22.307,1789337302.307787,2
2026-09-13 19:08:22.315,1789337302.3154793,-2
2026-09-13 19:08:22.323,1789337302.3231714,4
2026-09-13 19:08:22.330,1789337302.3308637,21
2026-09-13 19:08:22.338,1789337302.338556,48
2026-09-13 19:08:22.346,1789337302.3462484,63
2026-09-13 19:08:22.353,1789337302.3539407,55
2026-09-13 19:08:22.361,1789337302.361633,67
2026-09-13 19:08:22.369,1789337302.3693254,101
2026-09-13 19:08:22.377,1789337302.3770177,101
2026-09-13 19:08:22.384,1789337302.3847098,92
2026-09-13 19:08:22.392,1789337302.3924022,109
2026-09-13 19:08:22.400,1789337302.4000945,113
2026-09-13 19:08:22.407,1789337302.4077868,97
2026-09-13 19:08:22.415,1789337302.4154792,97
2026-09-13 19:08:22.423,1789337302.4231715,104
2026-09-13 19:08:22.430,1789337302.4308639,75
2026-09-13 19:08:22.438,1789337302.4385562,29
2026-09-13 19:08:22.446,1789337302.4462485,-7
2026-09-13 19:08:22.453,1789337302.4539406,-38
2026-09-13 19:08:22.461,1789337302.461633,-70
2026-09-13 19:08:22.469,1789337302.4693253,-82
2026-09-13 19:08:22.476,1789337302.4764304,-75
2026-09-13 19:08:22.484,1789337302.4841228,-84
2026-09-13 19:08:22.491,1789337302.491815,-94
2026-09-13 19:08:22.499,1789337302.4995074,-87
2026-09-13 19:08:22.507,1789337302.5071998,-70
2026-09-13 19:08:22.514,1789337302.5148919,-63
2026-09-13 19:08:22.522,1789337302.5225842,-70
2026-09-13 19:08:22.530,1789337302.5302765,-67
2026-09-13 19:08:22.537,1789337302.5379689,-48
2026-09-13 19:08:22.545,1789337302.5456612,-38
2026-09-13 19:08:22.553,1789337302.5533535,-43
2026-09-13 19:08:22.561,1789337302.561046,-46
2026-09-13 19:08:22.568,1789337302.5687382,-36
2026-09-13 19:08:22.576,1789337302.5764303,-38
2026-09-13 19:08:22.584,1789337302.5841227,-53
2026-09-13 19:08:22.591,1789337302.591815,-53
2026-09-13 19:08:22.599,1789337302.5995073,-50
2026-09-13 19:08:22.607,1789337302.6071997,-60
2026-09-13 19:08:22.614,1789337302.614892,-48
2026-09-13 19:08:22.622,1789337302.6225843,-36
2026-09-13 19:08:22.630,1789337302.6302767,-41
2026-09-13 19:08:22.637,1789337302.6379688,-21
2026-09-13 19:08:22.645,1789337302.645661,2
2026-09-13 19:08:22.653,1789337302.6533535,7
2026-09-13 19:08:22.661,1789337302.6610458,-2
2026-09-13 19:08:22.668,1789337302.6687381,-16
2026-09-13 19:08:22.676,1789337302.6764305,-31
2026-09-13 19:08:22.684,1789337302.6841228,-41
2026-09-13 19:08:22.691,1789337302.6918151,-46
2026-09-13 19:08:22.699,1789337302.6995072,-50
2026-09-13 19:08:22.707,1789337302.7071996,-48
2026-09-13 19:08:22.714,1789337302.714892,-41
2026-09-13 19:08:22.722,1789337302.7225842,-41
2026-09-13 19:08:22.730,1789337302.7302766,-36
2026-09-13 19:08:22.737,1789337302.737969,-38
2026-09-13 19:08:22.745,1789337302.7456613,-9
2026-09-13 19:08:22.753,1789337302.7533536,169
2026-09-13 19:08:22.761,1789337302.7610457,494
2026-09-13 19:08:22.768,1789337302.768738,727
2026-09-13 19:08:22.776,1789337302.7764304,409
2026-09-13 19:08:22.784,1789337302.7841227,-283
2026-09-13 19:08:22.791,1789337302.791815,-409
2026-09-13 19:08:22.799,1789337302.7995074,-48
2026-09-13 19:08:22.807,1789337302.8071997,-4
2026-09-13 19:08:22.814,1789337302.814892,-130
2026-09-13 19:08:22.822,1789337302.8225842,-67
2026-09-13 19:08:22.830,1789337302.8302765,-29
2026-09-13 19:08:22.837,1789337302.8379688,-72
2026-09-13 19:08:22.845,1789337302.8456612,-65
2026-09-13 19:08:22.853,1789337302.8533535,-41
2026-09-13 19:08:22.861,1789337302.8610458,-41
2026-09-13 19:08:22.868,1789337302.8687382,-36
2026-09-13 19:08:22.876,1789337302.8764305,-29
2026-09-13 19:08:22.884,1789337302.8841226,-21
2026-09-13 19:08:22.891,1789337302.891815,-12
2026-09-13 19:08:22.899,1789337302.8995073,-2
2026-09-13 19:08:22.907,1789337302.9071996,4
2026-09-13 19:08:22.914,1789337302.914892,14
2026-09-13 19:08:22.922,1789337302.9225843,24
2026-09-13 19:08:22.930,1789337302.9302766,31
2026-09-13 19:08:22.937,1789337302.937969,41
2026-09-13 19:08:22.945,1789337302.945661,50
2026-09-13 19:08:22.953,1789337302.9533534,53
2026-09-13 19:08:22.961,1789337302.9610457,53
2026-09-13 19:08:22.968,1789337302.968738,55
2026-09-13 19:08:22.976,1789337302.9764304,55
2026-09-13 19:08:22.984,1789337302.9841228,53
2026-09-13 19:08:22.991,1789337302.991815,48
2026-09-13 19:08:22.999,1789337302.9995074,38
2026-09-13 19:08:23.007,1789337303.0071998,14
2026-09-13 19:08:23.014,1789337303.0148919,-16
2026-09-13 19:08:23.022,1789337303.0225842,-46
2026-09-13 19:08:23.030,1789337303.0302765,-72
2026-09-13 19:08:23.037,1789337303.0373769,-87
2026-09-13 19:08:23.045,1789337303.0450692,-94
2026-09-13 19:08:23.052,1789337303.0527616,-99
2026-09-13 19:08:23.060,1789337303.060454,-104
2026-09-13 19:08:23.068,1789337303.0681462,-101
2026-09-13 19:08:23.075,1789337303.0758383,-92
2026-09-13 19:08:23.083,1789337303.0835307,-84
2026-09-13 19:08:23.091,1789337303.091223,-80
2026-09-13 19:08:23.098,1789337303.0989153,-75
2026-09-13 19:08:23.106,1789337303.1066077,-70
2026-09-13 19:08:23.114,1789337303.1143,-63
2026-09-13 19:08:23.121,1789337303.1219923,-58
2026-09-13 19:08:23.129,1789337303.1296847,-58
2026-09-13 19:08:23.137,1789337303.1373768,-60
2026-09-13 19:08:23.145,1789337303.1450691,-60
2026-09-13 19:08:23.152,1789337303.1527615,-58
2026-09-13 19:08:23.160,1789337303.1604538,-60
2026-09-13 19:08:23.168,1789337303.1681461,-70
2026-09-13 19:08:23.175,1789337303.1758385,-75
2026-09-13 19:08:23.183,1789337303.1835308,-67
2026-09-13 19:08:23.191,1789337303.1912231,-60
2026-09-13 19:08:23.198,1789337303.1989152,-50
2026-09-13 19:08:23.206,1789337303.2066076,-29
2026-09-13 19:08:23.214,1789337303.2143,-9
2026-09-13 19:08:23.221,1789337303.2219923,-9
2026-09-13 19:08:23.229,1789337303.2296846,-26
2026-09-13 19:08:23.237,1789337303.237377,-48
2026-09-13 19:08:23.245,1789337303.2450693,-65
2026-09-13 19:08:23.252,1789337303.2527616,-70
2026-09-13 19:08:23.260,1789337303.2604537,-70
2026-09-13 19:08:23.268,1789337303.268146,-70
2026-09-13 19:08:23.275,1789337303.2758384,-67
2026-09-13 19:08:23.283,1789337303.2835307,-63
2026-09-13 19:08:23.291,1789337303.291223,-65
2026-09-13 19:08:23.298,1789337303.2989154,-77
2026-09-13 19:08:23.306,1789337303.3066077,-72
2026-09-13 19:08:23.314,1789337303.3143,19
2026-09-13 19:08:23.321,1789337303.3219922,252
2026-09-13 19:08:23.329,1789337303.3296845,596
2026-09-13 19:08:23.337,1789337303.3373768,691
2026-09-13 19:08:23.345,1789337303.3450692,138
2026-09-13 19:08:23.352,1789337303.3527615,-417
2026-09-13 19:08:23.360,1789337303.3604538,-247
2026-09-13 19:08:23.368,1789337303.3681462,12
2026-09-13 19:08:23.375,1789337303.3758385,-99
2026-09-13 19:08:23.383,1789337303.3835306,-143
2026-09-13 19:08:23.391,1789337303.391223,-63
2026-09-13 19:08:23.398,1789337303.3989153,-80
2026-09-13 19:08:23.406,1789337303.4066076,-106
2026-09-13 19:08:23.414,1789337303.4143,-75
2026-09-13 19:08:23.421,1789337303.4219923,-63
2026-09-13 19:08:23.429,1789337303.4296846,-67
2026-09-13 19:08:23.437,1789337303.437377,-55
2026-09-13 19:08:23.445,1789337303.445069,-46
2026-09-13 19:08:23.452,1789337303.4527614,-41
2026-09-13 19:08:23.460,1789337303.4604537,-33
2026-09-13 19:08:23.468,1789337303.468146,-21
2026-09-13 19:08:23.475,1789337303.4758384,-19
2026-09-13 19:08:23.483,1789337303.4835308,-14
2026-09-13 19:08:23.491,1789337303.491223,-4
2026-09-13 19:08:23.498,1789337303.4989154,0
2026-09-13 19:08:23.506,1789337303.5066075,2
2026-09-13 19:08:23.514,1789337303.5142999,0
2026-09-13 19:08:23.521,1789337303.5219922,0
2026-09-13 19:08:23.529,1789337303.5296845,-2
2026-09-13 19:08:23.537,1789337303.5373769,-9
2026-09-13 19:08:23.545,1789337303.5450692,-12
2026-09-13 19:08:23.552,1789337303.5527616,-12
2026-09-13 19:08:23.560,1789337303.560454,-12
2026-09-13 19:08:23.568,1789337303.5681462,-19
2026-09-13 19:08:23.575,1789337303.5758383,-36
2026-09-13 19:08:23.583,1789337303.5835307,-55
2026-09-13 19:08:23.591,1789337303.591223,-72
2026-09-13 19:08:23.598,1789337303.5983334,-84
2026-09-13 19:08:23.606,1789337303.6060257,-89
2026-09-13 19:08:23.613,1789337303.613718,-94
2026-09-13 19:08:23.621,1789337303.6214104,-94
2026-09-13 19:08:23.629,1789337303.6291027,-92
2026-09-13 19:08:23.636,1789337303.6367948,-87
2026-09-13 19:08:23.644,1789337303.6444871,-84
2026-09-13 19:08:23.652,1789337303.6521795,-75
2026-09-13 19:08:23.659,1789337303.6598718,-65
2026-09-13 19:08:23.667,1789337303.6675642,-63
2026-09-13 19:08:23.675,1789337303.6752565,-63
2026-09-13 19:08:23.682,1789337303.6829488,-60
2026-09-13 19:08:23.690,1789337303.6906412,-58
2026-09-13 19:08:23.698,1789337303.6983333,-58
2026-09-13 19:08:23.706,1789337303.7060256,-58
2026-09-13 19:08:23.713,1789337303.713718,-58
2026-09-13 19:08:23.721,1789337303.7214103,-63
2026-09-13 19:08:23.729,1789337303.7291026,-75
2026-09-13 19:08:23.736,1789337303.736795,-75
2026-09-13 19:08:23.744,1789337303.7444873,-65
2026-09-13 19:08:23.752,1789337303.7521796,-60
2026-09-13 19:08:23.759,1789337303.7598717,-50
2026-09-13 19:08:23.767,1789337303.767564,-24
2026-09-13 19:08:23.775,1789337303.7752564,-4
2026-09-13 19:08:23.782,1789337303.7829487,-9
2026-09-13 19:08:23.790,1789337303.790641,-21
2026-09-13 19:08:23.798,1789337303.7983334,-38
2026-09-13 19:08:23.806,1789337303.8060257,-58
2026-09-13 19:08:23.813,1789337303.813718,-70
2026-09-13 19:08:23.821,1789337303.8214102,-67
2026-09-13 19:08:23.829,1789337303.8291025,-67
2026-09-13 19:08:23.836,1789337303.8367949,-65
2026-09-13 19:08:23.844,1789337303.8444872,-60
2026-09-13 19:08:23.852,1789337303.8521795,-65
2026-09-13 19:08:23.859,1789337303.8598719,-77
2026-09-13 19:08:23.867,1789337303.8675642,-67
2026-09-13 19:08:23.875,1789337303.8752565,26
2026-09-13 19:08:23.882,1789337303.8829486,242
2026-09-13 19:08:23.890,1789337303.890641,582
2026-09-13 19:08:23.898,1789337303.8983333,708
2026-09-13 19:08:23.906,1789337303.9060256,179
2026-09-13 19:08:23.913,1789337303.913718,-385
2026-09-13 19:08:23.921,1789337303.9214103,-240
2026-09-13 19:08:23.929,1789337303.9291027,14
2026-09-13 19:08:23.936,1789337303.936795,-87
2026-09-13 19:08:23.944,1789337303.944487,-130
2026-09-13 19:08:23.952,1789337303.9521794,-55
2026-09-13 19:08:23.959,1789337303.9598718,-72
2026-09-13 19:08:23.967,1789337303.967564,-97
2026-09-13 19:08:23.975,1789337303.9752564,-60
2026-09-13 19:08:23.982,1789337303.9829488,-50
2026-09-13 19:08:23.990,1789337303.990641,-58
2026-09-13 19:08:23.998,1789337303.9983335,-46
2026-09-13 19:08:24.006,1789337304.0060256,-33
2026-09-13 19:08:24.013,1789337304.013718,-33
2026-09-13 19:08:24.021,1789337304.0214102,-21
2026-09-13 19:08:24.029,1789337304.0291026,-12
2026-09-13 19:08:24.036,1789337304.036795,-7
2026-09-13 19:08:24.044,1789337304.0444872,0
2026-09-13 19:08:24.052,1789337304.0521796,9
2026-09-13 19:08:24.059,1789337304.059872,14
2026-09-13 19:08:24.067,1789337304.067564,19
2026-09-13 19:08:24.075,1789337304.0752563,24
2026-09-13 19:08:24.082,1789337304.0829487,19
2026-09-13 19:08:24.090,1789337304.090641,12
2026-09-13 19:08:24.098,1789337304.0983334,12
2026-09-13 19:08:24.106,1789337304.1060257,14
2026-09-13 19:08:24.113,1789337304.113718,14
2026-09-13 19:08:24.121,1789337304.1214104,12
2026-09-13 19:08:24.129,1789337304.1291027,2
2026-09-13 19:08:24.136,1789337304.1367948,-14
2026-09-13 19:08:24.144,1789337304.1444871,-33
2026-09-13 19:08:24.152,1789337304.1521795,-50
2026-09-13 19:08:24.159,1789337304.1592743,-63
2026-09-13 19:08:24.166,1789337304.1669667,-70
2026-09-13 19:08:24.174,1789337304.174659,-75
2026-09-13 19:08:24.182,1789337304.1823514,-75
2026-09-13 19:08:24.190,1789337304.1900437,-72
2026-09-13 19:08:24.197,1789337304.1977358,-63
2026-09-13 19:08:24.205,1789337304.2054281,-55
2026-09-13 19:08:24.213,1789337304.2131205,-50
2026-09-13 19:08:24.220,1789337304.2208128,-48
2026-09-13 19:08:24.228,1789337304.2285051,-48
2026-09-13 19:08:24.236,1789337304.2361975,-46
2026-09-13 19:08:24.243,1789337304.2438898,-43
2026-09-13 19:08:24.251,1789337304.2515821,-43
2026-09-13 19:08:24.259,1789337304.2592742,-41
2026-09-13 19:08:24.266,1789337304.2669666,-36
2026-09-13 19:08:24.274,1789337304.274659,-38
2026-09-13 19:08:24.282,1789337304.2823513,-43
2026-09-13 19:08:24.290,1789337304.2900436,-46
2026-09-13 19:08:24.297,1789337304.297736,-43
2026-09-13 19:08:24.305,1789337304.3054283,-33
2026-09-13 19:08:24.313,1789337304.3131206,-21
2026-09-13 19:08:24.320,1789337304.3208127,-4
2026-09-13 19:08:24.328,1789337304.328505,12
2026-09-13 19:08:24.336,1789337304.3361974,21
2026-09-13 19:08:24.343,1789337304.3438897,16
2026-09-13 19:08:24.351,1789337304.351582,2
2026-09-13 19:08:24.359,1789337304.3592744,-16
2026-09-13 19:08:24.366,1789337304.3669667,-33
2026-09-13 19:08:24.374,1789337304.374659,-41
2026-09-13 19:08:24.382,1789337304.3823512,-43
2026-09-13 19:08:24.390,1789337304.3900435,-43
2026-09-13 19:08:24.397,1789337304.3977358,-41
2026-09-13 19:08:24.405,1789337304.4054282,-38
2026-09-13 19:08:24.413,1789337304.4131205,-41
2026-09-13 19:08:24.420,1789337304.4208128,-55
2026-09-13 19:08:24.428,1789337304.4285052,-43
2026-09-13 19:08:24.436,1789337304.4361975,48
2026-09-13 19:08:24.443,1789337304.4438896,249
2026-09-13 19:08:24.451,1789337304.451582,557
2026-09-13 19:08:24.459,1789337304.4592743,569
2026-09-13 19:08:24.466,1789337304.4669666,9
2026-09-13 19:08:24.474,1789337304.474659,-373
2026-09-13 19:08:24.482,1789337304.4823513,-140
2026-09-13 19:08:24.490,1789337304.4900436,21
2026-09-13 19:08:24.497,1789337304.497736,-82
2026-09-13 19:08:24.505,1789337304.505428,-77
2026-09-13 19:08:24.513,1789337304.5131204,-21
2026-09-13 19:08:24.520,1789337304.5208127,-50
2026-09-13 19:08:24.528,1789337304.528505,-58
2026-09-13 19:08:24.536,1789337304.5361974,-33
2026-09-13 19:08:24.543,1789337304.5438898,-29
2026-09-13 19:08:24.551,1789337304.551582,-24
2026-09-13 19:08:24.559,1789337304.5592744,-14
2026-09-13 19:08:24.566,1789337304.5669665,-7
2026-09-13 19:08:24.574,1789337304.5746589,2
2026-09-13 19:08:24.582,1789337304.5823512,12
2026-09-13 19:08:24.590,1789337304.5900435,21
2026-09-13 19:08:24.597,1789337304.597736,29
2026-09-13 19:08:24.605,1789337304.6054282,33
2026-09-13 19:08:24.613,1789337304.6131206,43
2026-09-13 19:08:24.620,1789337304.620813,58
2026-09-13 19:08:24.628,1789337304.628505,65
2026-09-13 19:08:24.636,1789337304.6361973,60
2026-09-13 19:08:24.643,1789337304.6438897,63
2026-09-13 19:08:24.651,1789337304.651582,67
2026-09-13 19:08:24.659,1789337304.6592743,65
2026-09-13 19:08:24.666,1789337304.6669667,67
2026-09-13 19:08:24.674,1789337304.674659,75
2026-09-13 19:08:24.682,1789337304.6823514,67
2026-09-13 19:08:24.690,1789337304.6900437,46
2026-09-13 19:08:24.697,1789337304.6977358,19
2026-09-13 19:08:24.705,1789337304.7054281,-7
2026-09-13 19:08:24.713,1789337304.7131205,-33
2026-09-13 19:08:24.720,1789337304.720246,-46
2026-09-13 19:08:24.727,1789337304.7279384,-53
2026-09-13 19:08:24.735,1789337304.7356308,-60
2026-09-13 19:08:24.743,1789337304.743323,-63
2026-09-13 19:08:24.751,1789337304.7510154,-58
2026-09-13 19:08:24.758,1789337304.7587075,-50
2026-09-13 19:08:24.766,1789337304.7663999,-46
2026-09-13 19:08:24.774,1789337304.7740922,-36
2026-09-13 19:08:24.781,1789337304.7817845,-26
2026-09-13 19:08:24.789,1789337304.7894769,-24
2026-09-13 19:08:24.797,1789337304.7971692,-29
2026-09-13 19:08:24.804,1789337304.8048615,-26
2026-09-13 19:08:24.812,1789337304.812554,-19
2026-09-13 19:08:24.820,1789337304.820246,-21
2026-09-13 19:08:24.827,1789337304.8279383,-24
2026-09-13 19:08:24.835,1789337304.8356307,-21
2026-09-13 19:08:24.843,1789337304.843323,-26
2026-09-13 19:08:24.851,1789337304.8510153,-24
2026-09-13 19:08:24.858,1789337304.8587077,-16
2026-09-13 19:08:24.866,1789337304.8664,-9
2026-09-13 19:08:24.874,1789337304.8740923,7
2026-09-13 19:08:24.881,1789337304.8817844,36
2026-09-13 19:08:24.889,1789337304.8894768,53
2026-09-13 19:08:24.897,1789337304.897169,33
2026-09-13 19:08:24.904,1789337304.9048615,7
2026-09-13 19:08:24.912,1789337304.9125538,-4
2026-09-13 19:08:24.920,1789337304.9202461,-12
2026-09-13 19:08:24.927,1789337304.9279385,-26
2026-09-13 19:08:24.935,1789337304.9356308,-29
2026-09-13 19:08:24.943,1789337304.943323,-24
2026-09-13 19:08:24.951,1789337304.9510152,-26
2026-09-13 19:08:24.958,1789337304.9587076,-26
2026-09-13 19:08:24.966,1789337304.9664,-19
2026-09-13 19:08:24.974,1789337304.9740922,-19
2026-09-13 19:08:24.981,1789337304.9817846,9
2026-09-13 19:08:24.989,1789337304.989477,150
2026-09-13 19:08:24.997,1789337304.9971693,419
2026-09-13 19:08:25.004,1789337305.0048614,679
2026-09-13 19:08:25.012,1789337305.0125537,470
2026-09-13 19:08:25.020,1789337305.020246,-208
2026-09-13 19:08:25.027,1789337305.0279384,-429
2026-09-13 19:08:25.035,1789337305.0356307,-84
2026-09-13 19:08:25.043,1789337305.043323,21
2026-09-13 19:08:25.051,1789337305.0510154,-77
2026-09-13 19:08:25.058,1789337305.0587077,-31
2026-09-13 19:08:25.066,1789337305.0663998,4
2026-09-13 19:08:25.074,1789337305.0740921,-36
2026-09-13 19:08:25.081,1789337305.0817845,-31
2026-09-13 19:08:25.089,1789337305.0894768,-2
2026-09-13 19:08:25.097,1789337305.0971692,-9
2026-09-13 19:08:25.104,1789337305.1048615,-12
2026-09-13 19:08:25.112,1789337305.1125538,16
2026-09-13 19:08:25.120,1789337305.1202462,38
2026-09-13 19:08:25.127,1789337305.1279383,31
2026-09-13 19:08:25.135,1789337305.1356306,26
2026-09-13 19:08:25.143,1789337305.143323,36
2026-09-13 19:08:25.151,1789337305.1510153,58
2026-09-13 19:08:25.158,1789337305.1587076,82
2026-09-13 19:08:25.166,1789337305.1664,99
2026-09-13 19:08:25.174,1789337305.1740923,113
2026-09-13 19:08:25.181,1789337305.1817846,121
2026-09-13 19:08:25.189,1789337305.1894767,113
2026-09-13 19:08:25.197,1789337305.197169,118
2026-09-13 19:08:25.204,1789337305.2048614,130
2026-09-13 19:08:25.212,1789337305.2125537,138
2026-09-13 19:08:25.220,1789337305.220246,143
2026-09-13 19:08:25.227,1789337305.2279384,133
2026-09-13 19:08:25.235,1789337305.2356308,111
2026-09-13 19:08:25.243,1789337305.243323,84
2026-09-13 19:08:25.251,1789337305.2510154,46
2026-09-13 19:08:25.258,1789337305.2587075,-4
2026-09-13 19:08:25.266,1789337305.2663999,-46
2026-09-13 19:08:25.274,1789337305.2740922,-58
2026-09-13 19:08:25.281,1789337305.2811925,-53
2026-09-13 19:08:25.288,1789337305.2888849,-67
2026-09-13 19:08:25.296,1789337305.2965772,-84
2026-09-13 19:08:25.304,1789337305.3042696,-80
2026-09-13 19:08:25.311,1789337305.311962,-67
2026-09-13 19:08:25.319,1789337305.319654,-63
2026-09-13 19:08:25.327,1789337305.3273463,-58
2026-09-13 19:08:25.335,1789337305.3350387,-48
2026-09-13 19:08:25.342,1789337305.342731,-38
2026-09-13 19:08:25.350,1789337305.3504233,-33
2026-09-13 19:08:25.358,1789337305.3581157,-33
2026-09-13 19:08:25.365,1789337305.365808,-31
2026-09-13 19:08:25.373,1789337305.3735003,-31
2026-09-13 19:08:25.381,1789337305.3811924,-36
2026-09-13 19:08:25.388,1789337305.3888848,-36
2026-09-13 19:08:25.396,1789337305.3965771,-26
2026-09-13 19:08:25.404,1789337305.4042695,-21
2026-09-13 19:08:25.411,1789337305.4119618,-9
2026-09-13 19:08:25.419,1789337305.4196541,12
2026-09-13 19:08:25.427,1789337305.4273465,29
2026-09-13 19:08:25.435,1789337305.4350388,29
2026-09-13 19:08:25.442,1789337305.442731,9
2026-09-13 19:08:25.450,1789337305.4504232,-7
2026-09-13 19:08:25.458,1789337305.4581156,-19
2026-09-13 19:08:25.465,1789337305.465808,-29
2026-09-13 19:08:25.473,1789337305.4735003,-38
2026-09-13 19:08:25.481,1789337305.4811926,-46
2026-09-13 19:08:25.488,1789337305.488885,-31
2026-09-13 19:08:25.496,1789337305.4965773,-14
2026-09-13 19:08:25.504,1789337305.5042694,-29
2026-09-13 19:08:25.511,1789337305.5119617,-48
2026-09-13 19:08:25.519,1789337305.519654,-38
2026-09-13 19:08:25.527,1789337305.5273464,33
2026-09-13 19:08:25.535,1789337305.5350387,240
2026-09-13 19:08:25.542,1789337305.542731,562
2026-09-13 19:08:25.550,1789337305.5504234,696
2026-09-13 19:08:25.558,1789337305.5581157,220
2026-09-13 19:08:25.565,1789337305.5658078,-407
2026-09-13 19:08:25.573,1789337305.5735002,-317
2026-09-13 19:08:25.581,1789337305.5811925,36
2026-09-13 19:08:25.588,1789337305.5888848,-14
2026-09-13 19:08:25.596,1789337305.5965772,-104
2026-09-13 19:08:25.604,1789337305.6042695,-31
2026-09-13 19:08:25.611,1789337305.6119618,-19
2026-09-13 19:08:25.619,1789337305.6196542,-48
2026-09-13 19:08:25.627,1789337305.6273463,-31
2026-09-13 19:08:25.635,1789337305.6350386,-21
2026-09-13 19:08:25.642,1789337305.642731,-19
2026-09-13 19:08:25.650,1789337305.6504233,7
2026-09-13 19:08:25.658,1789337305.6581156,21
2026-09-13 19:08:25.665,1789337305.665808,14
2026-09-13 19:08:25.673,1789337305.6735003,12
2026-09-13 19:08:25.681,1789337305.6811926,26
2026-09-13 19:08:25.688,1789337305.6888847,31
2026-09-13 19:08:25.696,1789337305.696577,36
2026-09-13 19:08:25.704,1789337305.7042694,63
2026-09-13 19:08:25.711,1789337305.7119617,80
2026-09-13 19:08:25.719,1789337305.719654,80
2026-09-13 19:08:25.727,1789337305.7273464,87
2026-09-13 19:08:25.735,1789337305.7350388,94
2026-09-13 19:08:25.742,1789337305.742731,99
2026-09-13 19:08:25.750,1789337305.7504232,101
2026-09-13 19:08:25.758,1789337305.7581155,101
2026-09-13 19:08:25.765,1789337305.7658079,92
2026-09-13 19:08:25.773,1789337305.7735002,75
2026-09-13 19:08:25.781,1789337305.7811925,58
2026-09-13 19:08:25.788,1789337305.7888849,29
2026-09-13 19:08:25.796,1789337305.7965772,-14
2026-09-13 19:08:25.804,1789337305.8042696,-50
2026-09-13 19:08:25.811,1789337305.811962,-70
2026-09-13 19:08:25.819,1789337305.819654,-84
2026-09-13 19:08:25.827,1789337305.8273463,-97
2026-09-13 19:08:25.835,1789337305.8350387,-97
2026-09-13 19:08:25.842,1789337305.842159,-92
2026-09-13 19:08:25.849,1789337305.8498514,-89
2026-09-13 19:08:25.857,1789337305.8575437,-87
2026-09-13 19:08:25.865,1789337305.865236,-80
2026-09-13 19:08:25.872,1789337305.8729284,-72
2026-09-13 19:08:25.880,1789337305.8806205,-67
2026-09-13 19:08:25.888,1789337305.8883128,-58
2026-09-13 19:08:25.896,1789337305.8960052,-55
2026-09-13 19:08:25.903,1789337305.9036975,-60
2026-09-13 19:08:25.911,1789337305.9113898,-60
2026-09-13 19:08:25.919,1789337305.9190822,-63
2026-09-13 19:08:25.926,1789337305.9267745,-60
2026-09-13 19:08:25.934,1789337305.9344668,-58
2026-09-13 19:08:25.942,1789337305.942159,-53
2026-09-13 19:08:25.949,1789337305.9498513,-41
2026-09-13 19:08:25.957,1789337305.9575436,-24
2026-09-13 19:08:25.965,1789337305.965236,-7
2026-09-13 19:08:25.972,1789337305.9729283,-4
2026-09-13 19:08:25.980,1789337305.9806206,-24
2026-09-13 19:08:25.988,1789337305.988313,-50
2026-09-13 19:08:25.996,1789337305.9960053,-65
2026-09-13 19:08:26.003,1789337306.0036974,-65
2026-09-13 19:08:26.011,1789337306.0113897,-67
2026-09-13 19:08:26.019,1789337306.019082,-70
2026-09-13 19:08:26.026,1789337306.0267744,-72
2026-09-13 19:08:26.034,1789337306.0344667,-67
2026-09-13 19:08:26.042,1789337306.042159,-65
2026-09-13 19:08:26.049,1789337306.0498514,-75
2026-09-13 19:08:26.057,1789337306.0575438,-70
2026-09-13 19:08:26.065,1789337306.0652359,29
2026-09-13 19:08:26.072,1789337306.0729282,266
2026-09-13 19:08:26.080,1789337306.0806205,574
2026-09-13 19:08:26.088,1789337306.0883129,540
2026-09-13 19:08:26.096,1789337306.0960052,-84
2026-09-13 19:08:26.103,1789337306.1036975,-485
2026-09-13 19:08:26.111,1789337306.1113899,-186
2026-09-13 19:08:26.119,1789337306.1190822,21
2026-09-13 19:08:26.126,1789337306.1267743,-109
2026-09-13 19:08:26.134,1789337306.1344666,-111
2026-09-13 19:08:26.142,1789337306.142159,-33
2026-09-13 19:08:26.149,1789337306.1498513,-63
2026-09-13 19:08:26.157,1789337306.1575437,-80
2026-09-13 19:08:26.165,1789337306.165236,-46
2026-09-13 19:08:26.172,1789337306.1729283,-43
2026-09-13 19:08:26.180,1789337306.1806207,-53
2026-09-13 19:08:26.188,1789337306.1883128,-38
2026-09-13 19:08:26.196,1789337306.196005,-26
2026-09-13 19:08:26.203,1789337306.2036974,-24
2026-09-13 19:08:26.211,1789337306.2113898,-14
2026-09-13 19:08:26.219,1789337306.219082,-7
2026-09-13 19:08:26.226,1789337306.2267745,-2
2026-09-13 19:08:26.234,1789337306.2344668,9
2026-09-13 19:08:26.242,1789337306.2421591,19
2026-09-13 19:08:26.249,1789337306.2498512,24
2026-09-13 19:08:26.257,1789337306.2575436,31
2026-09-13 19:08:26.265,1789337306.265236,36
2026-09-13 19:08:26.272,1789337306.2729282,31
2026-09-13 19:08:26.280,1789337306.2806206,29
2026-09-13 19:08:26.288,1789337306.288313,29
2026-09-13 19:08:26.296,1789337306.2960052,26
2026-09-13 19:08:26.303,1789337306.3036976,24
2026-09-13 19:08:26.311,1789337306.3113897,16
2026-09-13 19:08:26.319,1789337306.319082,-2
2026-09-13 19:08:26.326,1789337306.3267744,-31
2026-09-13 19:08:26.334,1789337306.3344667,-55
2026-09-13 19:08:26.342,1789337306.342159,-75
2026-09-13 19:08:26.349,1789337306.3498514,-84
2026-09-13 19:08:26.357,1789337306.3575437,-92
2026-09-13 19:08:26.365,1789337306.365236,-94
2026-09-13 19:08:26.372,1789337306.3729284,-94
2026-09-13 19:08:26.380,1789337306.3806205,-89
2026-09-13 19:08:26.388,1789337306.3883128,-84
2026-09-13 19:08:26.396,1789337306.3960052,-77
2026-09-13 19:08:26.403,1789337306.4031157,-70
2026-09-13 19:08:26.410,1789337306.410808,-65
2026-09-13 19:08:26.418,1789337306.4185004,-58
2026-09-13 19:08:26.426,1789337306.4261928,-55
2026-09-13 19:08:26.433,1789337306.433885,-55
2026-09-13 19:08:26.441,1789337306.4415772,-63
2026-09-13 19:08:26.449,1789337306.4492695,-67
2026-09-13 19:08:26.456,1789337306.4569619,-60
2026-09-13 19:08:26.464,1789337306.4646542,-55
2026-09-13 19:08:26.472,1789337306.4723465,-50
2026-09-13 19:08:26.480,1789337306.480039,-31
2026-09-13 19:08:26.487,1789337306.4877312,-7
2026-09-13 19:08:26.495,1789337306.4954236,0
2026-09-13 19:08:26.503,1789337306.5031157,-9
2026-09-13 19:08:26.510,1789337306.510808,-26
2026-09-13 19:08:26.518,1789337306.5185003,-48
2026-09-13 19:08:26.526,1789337306.5261927,-63
2026-09-13 19:08:26.533,1789337306.533885,-63
2026-09-13 19:08:26.541,1789337306.5415773,-60
2026-09-13 19:08:26.549,1789337306.5492697,-60
2026-09-13 19:08:26.556,1789337306.556962,-60
2026-09-13 19:08:26.564,1789337306.564654,-58
2026-09-13 19:08:26.572,1789337306.5723464,-67
2026-09-13 19:08:26.580,1789337306.5800388,-77
2026-09-13 19:08:26.587,1789337306.5877311,-29
2026-09-13 19:08:26.595,1789337306.5954235,128
2026-09-13 19:08:26.603,1789337306.6031158,436
2026-09-13 19:08:26.610,1789337306.6108081,722
2026-09-13 19:08:26.618,1789337306.6185005,426
2026-09-13 19:08:26.626,1789337306.6261926,-276
2026-09-13 19:08:26.633,1789337306.633885,-375
2026-09-13 19:08:26.641,1789337306.6415772,-19
2026-09-13 19:08:26.649,1789337306.6492696,-21
2026-09-13 19:08:26.656,1789337306.656962,-143
2026-09-13 19:08:26.664,1789337306.6646543,-70
2026-09-13 19:08:26.672,1789337306.6723466,-43
2026-09-13 19:08:26.680,1789337306.680039,-89
2026-09-13 19:08:26.687,1789337306.687731,-70
2026-09-13 19:08:26.695,1789337306.6954234,-43
2026-09-13 19:08:26.703,1789337306.7031157,-50
2026-09-13 19:08:26.710,1789337306.710808,-43
2026-09-13 19:08:26.718,1789337306.7185004,-24
2026-09-13 19:08:26.726,1789337306.7261927,-21
2026-09-13 19:08:26.733,1789337306.733885,-19
2026-09-13 19:08:26.741,1789337306.7415774,-12
2026-09-13 19:08:26.749,1789337306.7492695,-4
2026-09-13 19:08:26.756,1789337306.7569618,2
2026-09-13 19:08:26.764,1789337306.7646542,9
2026-09-13 19:08:26.772,1789337306.7723465,16
2026-09-13 19:08:26.780,1789337306.7800388,21
2026-09-13 19:08:26.787,1789337306.7877312,21
2026-09-13 19:08:26.795,1789337306.7954235,16
2026-09-13 19:08:26.803,1789337306.8031158,14
2026-09-13 19:08:26.810,1789337306.810808,9
2026-09-13 19:08:26.818,1789337306.8185003,2
2026-09-13 19:08:26.826,1789337306.8261926,0
2026-09-13 19:08:26.833,1789337306.833885,2
2026-09-13 19:08:26.841,1789337306.8415773,0
2026-09-13 19:08:26.849,1789337306.8492696,-19
2026-09-13 19:08:26.856,1789337306.856962,-41
2026-09-13 19:08:26.864,1789337306.8646543,-55
2026-09-13 19:08:26.872,1789337306.8723464,-65
2026-09-13 19:08:26.880,1789337306.8800387,-75
2026-09-13 19:08:26.887,1789337306.887731,-77
2026-09-13 19:08:26.895,1789337306.8954234,-75
2026-09-13 19:08:26.903,1789337306.9031157,-67
2026-09-13 19:08:26.910,1789337306.910808,-65
2026-09-13 19:08:26.918,1789337306.9185004,-60
2026-09-13 19:08:26.926,1789337306.9261928,-53
2026-09-13 19:08:26.933,1789337306.933885,-46
2026-09-13 19:08:26.941,1789337306.9415772,-41
2026-09-13 19:08:26.949,1789337306.9492695,-41
2026-09-13 19:08:26.956,1789337306.9569619,-41
2026-09-13 19:08:26.964,1789337306.9640923,-38
2026-09-13 19:08:26.971,1789337306.9717846,-48
2026-09-13 19:08:26.979,1789337306.979477,-48
2026-09-13 19:08:26.987,1789337306.9871693,-36
2026-09-13 19:08:26.994,1789337306.9948616,-31
2026-09-13 19:08:27.002,1789337307.0025537,-26
2026-09-13 19:08:27.010,1789337307.010246,-4
2026-09-13 19:08:27.017,1789337307.0179384,14
2026-09-13 19:08:27.025,1789337307.0256307,12
2026-09-13 19:08:27.033,1789337307.033323,0
2026-09-13 19:08:27.041,1789337307.0410154,-16
2026-09-13 19:08:27.048,1789337307.0487077,-38
2026-09-13 19:08:27.056,1789337307.0564,-48
2026-09-13 19:08:27.064,1789337307.0640922,-48
2026-09-13 19:08:27.071,1789337307.0717845,-50
2026-09-13 19:08:27.079,1789337307.0794768,-46
2026-09-13 19:08:27.087,1789337307.0871692,-43
2026-09-13 19:08:27.094,1789337307.0948615,-48
2026-09-13 19:08:27.102,1789337307.1025538,-60
2026-09-13 19:08:27.110,1789337307.1102462,-53
2026-09-13 19:08:27.117,1789337307.1179385,29
2026-09-13 19:08:27.125,1789337307.1256306,223
2026-09-13 19:08:27.133,1789337307.133323,557
2026-09-13 19:08:27.141,1789337307.1410153,717
2026-09-13 19:08:27.148,1789337307.1487076,213
2026-09-13 19:08:27.156,1789337307.1564,-373
2026-09-13 19:08:27.164,1789337307.1640923,-242
2026-09-13 19:08:27.171,1789337307.1717846,29
2026-09-13 19:08:27.179,1789337307.179477,-67
2026-09-13 19:08:27.187,1789337307.187169,-121
2026-09-13 19:08:27.194,1789337307.1948614,-43
2026-09-13 19:08:27.202,1789337307.2025537,-53
2026-09-13 19:08:27.210,1789337307.210246,-80
2026-09-13 19:08:27.217,1789337307.2179384,-50
2026-09-13 19:08:27.225,1789337307.2256308,-41
2026-09-13 19:08:27.233,1789337307.233323,-46
2026-09-13 19:08:27.241,1789337307.2410154,-33
2026-09-13 19:08:27.248,1789337307.2487075,-24
2026-09-13 19:08:27.256,1789337307.2563999,-24
2026-09-13 19:08:27.264,1789337307.2640922,-14
2026-09-13 19:08:27.271,1789337307.2717845,-2
2026-09-13 19:08:27.279,1789337307.279477,0
2026-09-13 19:08:27.287,1789337307.2871692,7
2026-09-13 19:08:27.294,1789337307.2948616,16
2026-09-13 19:08:27.302,1789337307.302554,19
2026-09-13 19:08:27.310,1789337307.310246,24
2026-09-13 19:08:27.317,1789337307.3179383,29
2026-09-13 19:08:27.325,1789337307.3256307,26
2026-09-13 19:08:27.333,1789337307.333323,21
2026-09-13 19:08:27.341,1789337307.3410153,16
2026-09-13 19:08:27.348,1789337307.3487077,16
2026-09-13 19:08:27.356,1789337307.3564,19
2026-09-13 19:08:27.364,1789337307.3640924,19
2026-09-13 19:08:27.371,1789337307.3717844,4
2026-09-13 19:08:27.379,1789337307.3794768,-21
2026-09-13 19:08:27.387,1789337307.3871691,-43
2026-09-13 19:08:27.394,1789337307.3948615,-58
2026-09-13 19:08:27.402,1789337307.4025538,-67
2026-09-13 19:08:27.410,1789337307.4102461,-77
2026-09-13 19:08:27.417,1789337307.4179385,-80
2026-09-13 19:08:27.425,1789337307.4256308,-75
2026-09-13 19:08:27.433,1789337307.433323,-72
2026-09-13 19:08:27.441,1789337307.4410152,-65
2026-09-13 19:08:27.448,1789337307.4487076,-58
2026-09-13 19:08:27.456,1789337307.4564,-55
2026-09-13 19:08:27.464,1789337307.4640923,-50
2026-09-13 19:08:27.471,1789337307.4717846,-48
2026-09-13 19:08:27.479,1789337307.479477,-43
2026-09-13 19:08:27.487,1789337307.4871693,-43
2026-09-13 19:08:27.494,1789337307.4948616,-46
2026-09-13 19:08:27.502,1789337307.5025537,-43
2026-09-13 19:08:27.510,1789337307.510246,-46
2026-09-13 19:08:27.517,1789337307.5179384,-50
2026-09-13 19:08:27.525,1789337307.5250385,-41
2026-09-13 19:08:27.532,1789337307.5327308,-29
2026-09-13 19:08:27.540,1789337307.5404232,-16
2026-09-13 19:08:27.548,1789337307.5481155,7
2026-09-13 19:08:27.555,1789337307.5558078,24
2026-09-13 19:08:27.563,1789337307.5635,21
2026-09-13 19:08:27.571,1789337307.5711923,2
2026-09-13 19:08:27.578,1789337307.5788846,-19
2026-09-13 19:08:27.586,1789337307.586577,-36
2026-09-13 19:08:27.594,1789337307.5942693,-43
2026-09-13 19:08:27.601,1789337307.6019616,-43
2026-09-13 19:08:27.609,1789337307.609654,-46
2026-09-13 19:08:27.617,1789337307.6173463,-41
2026-09-13 19:08:27.625,1789337307.6250384,-33
2026-09-13 19:08:27.632,1789337307.6327307,-41
2026-09-13 19:08:27.640,1789337307.640423,-63
2026-09-13 19:08:27.648,1789337307.6481154,-50
2026-09-13 19:08:27.655,1789337307.6558077,43
2026-09-13 19:08:27.663,1789337307.6635,249
2026-09-13 19:08:27.671,1789337307.6711924,555
2026-09-13 19:08:27.678,1789337307.6788847,596
2026-09-13 19:08:27.686,1789337307.6865768,50
2026-09-13 19:08:27.694,1789337307.6942692,-371
2026-09-13 19:08:27.701,1789337307.7019615,-152
2026-09-13 19:08:27.709,1789337307.7096539,36
2026-09-13 19:08:27.717,1789337307.7173462,-67
2026-09-13 19:08:27.725,1789337307.7250385,-77
2026-09-13 19:08:27.732,1789337307.7327309,-16
2026-09-13 19:08:27.740,1789337307.7404232,-33
2026-09-13 19:08:27.748,1789337307.7481153,-46
2026-09-13 19:08:27.755,1789337307.7558076,-24
2026-09-13 19:08:27.763,1789337307.7635,-16
2026-09-13 19:08:27.771,1789337307.7711923,-16
2026-09-13 19:08:27.778,1789337307.7788846,-7
2026-09-13 19:08:27.786,1789337307.786577,7
2026-09-13 19:08:27.794,1789337307.7942693,21
2026-09-13 19:08:27.801,1789337307.8019617,24
2026-09-13 19:08:27.809,1789337307.8096538,29
2026-09-13 19:08:27.817,1789337307.817346,46
2026-09-13 19:08:27.825,1789337307.8250384,60
2026-09-13 19:08:27.832,1789337307.8327308,65
2026-09-13 19:08:27.840,1789337307.840423,70
2026-09-13 19:08:27.848,1789337307.8481154,77
2026-09-13 19:08:27.855,1789337307.8558078,84
2026-09-13 19:08:27.863,1789337307.8635,92
2026-09-13 19:08:27.871,1789337307.8711922,87
2026-09-13 19:08:27.878,1789337307.8788846,87
2026-09-13 19:08:27.886,1789337307.886577,97
2026-09-13 19:08:27.894,1789337307.8942692,101
2026-09-13 19:08:27.901,1789337307.9019616,87
2026-09-13 19:08:27.909,1789337307.909654,55
2026-09-13 19:08:27.917,1789337307.9173462,14
2026-09-13 19:08:27.925,1789337307.9250386,-12
2026-09-13 19:08:27.932,1789337307.9327307,-29
2026-09-13 19:08:27.940,1789337307.940423,-43
2026-09-13 19:08:27.948,1789337307.9481153,-50
2026-09-13 19:08:27.955,1789337307.9558077,-55
2026-09-13 19:08:27.963,1789337307.9635,-60
2026-09-13 19:08:27.971,1789337307.9711924,-63
2026-09-13 19:08:27.978,1789337307.9788847,-58
2026-09-13 19:08:27.986,1789337307.986577,-48
2026-09-13 19:08:27.994,1789337307.9942691,-33
2026-09-13 19:08:28.001,1789337308.0019615,-19
2026-09-13 19:08:28.009,1789337308.0096538,-24
2026-09-13 19:08:28.017,1789337308.0173461,-36
2026-09-13 19:08:28.025,1789337308.0250385,-31
2026-09-13 19:08:28.032,1789337308.0327308,-21
2026-09-13 19:08:28.040,1789337308.0404232,-19
2026-09-13 19:08:28.048,1789337308.0481155,-16
2026-09-13 19:08:28.055,1789337308.0558078,-26
2026-09-13 19:08:28.063,1789337308.0635,-31
2026-09-13 19:08:28.071,1789337308.0711923,-21
2026-09-13 19:08:28.078,1789337308.0788846,-7
2026-09-13 19:08:28.086,1789337308.0860155,7
2026-09-13 19:08:28.093,1789337308.0937078,24
2026-09-13 19:08:28.101,1789337308.1014001,43
2026-09-13 19:08:28.109,1789337308.1090925,38
2026-09-13 19:08:28.116,1789337308.1167848,14
2026-09-13 19:08:28.124,1789337308.124477,0
2026-09-13 19:08:28.132,1789337308.1321692,-12
2026-09-13 19:08:28.139,1789337308.1398616,-29
2026-09-13 19:08:28.147,1789337308.147554,-36
2026-09-13 19:08:28.155,1789337308.1552463,-29
2026-09-13 19:08:28.162,1789337308.1629386,-14
2026-09-13 19:08:28.170,1789337308.170631,-12
2026-09-13 19:08:28.178,1789337308.1783233,-26
2026-09-13 19:08:28.186,1789337308.1860154,-41
2026-09-13 19:08:28.193,1789337308.1937077,-9
2026-09-13 19:08:28.201,1789337308.2014,133
2026-09-13 19:08:28.209,1789337308.2090924,409
2026-09-13 19:08:28.216,1789337308.2167847,696
2026-09-13 19:08:28.224,1789337308.224477,545
2026-09-13 19:08:28.232,1789337308.2321694,-145
2026-09-13 19:08:28.239,1789337308.2398617,-468
2026-09-13 19:08:28.247,1789337308.2475538,-128
2026-09-13 19:08:28.255,1789337308.2552462,36
2026-09-13 19:08:28.262,1789337308.2629385,-80
2026-09-13 19:08:28.270,1789337308.2706308,-53
2026-09-13 19:08:28.278,1789337308.2783232,7
2026-09-13 19:08:28.286,1789337308.2860155,-31
2026-09-13 19:08:28.293,1789337308.2937078,-41
2026-09-13 19:08:28.301,1789337308.3014002,-9
2026-09-13 19:08:28.309,1789337308.3090923,4
2026-09-13 19:08:28.316,1789337308.3167846,4
2026-09-13 19:08:28.324,1789337308.324477,12
2026-09-13 19:08:28.332,1789337308.3321693,19
2026-09-13 19:08:28.339,1789337308.3398616,29
2026-09-13 19:08:28.347,1789337308.347554,36
2026-09-13 19:08:28.355,1789337308.3552463,43
2026-09-13 19:08:28.362,1789337308.3629386,55
2026-09-13 19:08:28.370,1789337308.3706307,70
2026-09-13 19:08:28.378,1789337308.378323,87
2026-09-13 19:08:28.386,1789337308.3860154,101
2026-09-13 19:08:28.393,1789337308.3937078,118
2026-09-13 19:08:28.401,1789337308.4014,135
2026-09-13 19:08:28.409,1789337308.4090924,135
2026-09-13 19:08:28.416,1789337308.4167848,121
2026-09-13 19:08:28.424,1789337308.424477,118
2026-09-13 19:08:28.432,1789337308.4321692,126
2026-09-13 19:08:28.439,1789337308.4398615,121
2026-09-13 19:08:28.447,1789337308.4475539,101
2026-09-13 19:08:28.455,1789337308.4552462,72
2026-09-13 19:08:28.462,1789337308.4629385,33
2026-09-13 19:08:28.470,1789337308.470631,-7
2026-09-13 19:08:28.478,1789337308.4783232,-43
2026-09-13 19:08:28.486,1789337308.4860156,-65
2026-09-13 19:08:28.493,1789337308.4937077,-75
2026-09-13 19:08:28.501,1789337308.5014,-87
2026-09-13 19:08:28.509,1789337308.5090923,-82
2026-09-13 19:08:28.516,1789337308.5167847,-77
2026-09-13 19:08:28.524,1789337308.524477,-89
2026-09-13 19:08:28.532,1789337308.5321693,-82
2026-09-13 19:08:28.539,1789337308.5398617,-53
2026-09-13 19:08:28.547,1789337308.547554,-46
2026-09-13 19:08:28.555,1789337308.555246,-50
2026-09-13 19:08:28.562,1789337308.5629385,-43
2026-09-13 19:08:28.570,1789337308.5706308,-36
2026-09-13 19:08:28.578,1789337308.5783231,-46
2026-09-13 19:08:28.586,1789337308.5860155,-41
2026-09-13 19:08:28.593,1789337308.5937078,-29
2026-09-13 19:08:28.601,1789337308.6014001,-38
2026-09-13 19:08:28.609,1789337308.6090925,-48
2026-09-13 19:08:28.616,1789337308.6167848,-36
2026-09-13 19:08:28.624,1789337308.624477,-19
2026-09-13 19:08:28.632,1789337308.6321692,0
2026-09-13 19:08:28.639,1789337308.6398616,19
2026-09-13 19:08:28.646,1789337308.6469615,14
2026-09-13 19:08:28.654,1789337308.6546538,-12
2026-09-13 19:08:28.662,1789337308.6623461,-33
2026-09-13 19:08:28.670,1789337308.6700385,-43
2026-09-13 19:08:28.677,1789337308.6777308,-43
2026-09-13 19:08:28.685,1789337308.685423,-50
2026-09-13 19:08:28.693,1789337308.6931152,-50
2026-09-13 19:08:28.700,1789337308.7008076,-36
2026-09-13 19:08:28.708,1789337308.7085,-43
2026-09-13 19:08:28.716,1789337308.7161922,-70
2026-09-13 19:08:28.723,1789337308.7238846,-67
2026-09-13 19:08:28.731,1789337308.731577,29
2026-09-13 19:08:28.739,1789337308.7392693,242
2026-09-13 19:08:28.746,1789337308.7469614,552
2026-09-13 19:08:28.754,1789337308.7546537,698
2026-09-13 19:08:28.762,1789337308.762346,227
2026-09-13 19:08:28.770,1789337308.7700384,-426
2026-09-13 19:08:28.777,1789337308.7777307,-354
2026-09-13 19:08:28.785,1789337308.785423,12
2026-09-13 19:08:28.793,1789337308.7931154,-33
2026-09-13 19:08:28.800,1789337308.8008077,-121
2026-09-13 19:08:28.808,1789337308.8084998,-33
2026-09-13 19:08:28.816,1789337308.8161922,-31
2026-09-13 19:08:28.823,1789337308.8238845,-75
2026-09-13 19:08:28.831,1789337308.8315768,-46
2026-09-13 19:08:28.839,1789337308.8392692,-24
2026-09-13 19:08:28.846,1789337308.8469615,-31
2026-09-13 19:08:28.854,1789337308.8546538,-21
2026-09-13 19:08:28.862,1789337308.8623462,-4
2026-09-13 19:08:28.870,1789337308.8700383,-2
2026-09-13 19:08:28.877,1789337308.8777306,4
2026-09-13 19:08:28.885,1789337308.885423,14
2026-09-13 19:08:28.893,1789337308.8931153,21
2026-09-13 19:08:28.900,1789337308.9008076,33
2026-09-13 19:08:28.908,1789337308.9085,48
2026-09-13 19:08:28.916,1789337308.9161923,58
2026-09-13 19:08:28.923,1789337308.9238846,65
2026-09-13 19:08:28.931,1789337308.9315767,75
2026-09-13 19:08:28.939,1789337308.939269,77
2026-09-13 19:08:28.946,1789337308.9469614,77
2026-09-13 19:08:28.954,1789337308.9546537,77
2026-09-13 19:08:28.962,1789337308.962346,77
2026-09-13 19:08:28.970,1789337308.9700384,72
2026-09-13 19:08:28.977,1789337308.9777308,63
2026-09-13 19:08:28.985,1789337308.985423,41
2026-09-13 19:08:28.993,1789337308.9931152,2
2026-09-13 19:08:29.000,1789337309.0008075,-36
2026-09-13 19:08:29.008,1789337309.0084999,-65
2026-09-13 19:08:29.016,1789337309.0161922,-82
2026-09-13 19:08:29.023,1789337309.0238845,-94
2026-09-13 19:08:29.031,1789337309.0315769,-104
2026-09-13 19:08:29.039,1789337309.0392692,-109
2026-09-13 19:08:29.046,1789337309.0469615,-109
2026-09-13 19:08:29.054,1789337309.0546536,-101
2026-09-13 19:08:29.062,1789337309.062346,-92
2026-09-13 19:08:29.070,1789337309.0700383,-84
2026-09-13 19:08:29.077,1789337309.0777307,-82
2026-09-13 19:08:29.085,1789337309.085423,-77
2026-09-13 19:08:29.093,1789337309.0931153,-67
2026-09-13 19:08:29.100,1789337309.1008077,-60
2026-09-13 19:08:29.108,1789337309.1085,-60
2026-09-13 19:08:29.116,1789337309.116192,-67
2026-09-13 19:08:29.123,1789337309.1238844,-72
2026-09-13 19:08:29.131,1789337309.1315768,-70
2026-09-13 19:08:29.139,1789337309.139269,-63
2026-09-13 19:08:29.146,1789337309.1469615,-60
2026-09-13 19:08:29.154,1789337309.1546538,-43
2026-09-13 19:08:29.162,1789337309.1623461,-21
2026-09-13 19:08:29.170,1789337309.1700385,-9
2026-09-13 19:08:29.177,1789337309.1777308,-16
2026-09-13 19:08:29.185,1789337309.185423,-38
2026-09-13 19:08:29.193,1789337309.1931152,-58
2026-09-13 19:08:29.200,1789337309.2008076,-72
2026-09-13 19:08:29.207,1789337309.207908,-80
2026-09-13 19:08:29.215,1789337309.2156003,-80
2026-09-13 19:08:29.223,1789337309.2232926,-80
2026-09-13 19:08:29.230,1789337309.230985,-77
2026-09-13 19:08:29.238,1789337309.2386773,-80
2026-09-13 19:08:29.246,1789337309.2463694,-92
2026-09-13 19:08:29.254,1789337309.2540617,-99
2026-09-13 19:08:29.261,1789337309.261754,-41
2026-09-13 19:08:29.269,1789337309.2694464,133
2026-09-13 19:08:29.277,1789337309.2771387,448
2026-09-13 19:08:29.284,1789337309.284831,693
2026-09-13 19:08:29.292,1789337309.2925234,349
2026-09-13 19:08:29.300,1789337309.3002157,-332
2026-09-13 19:08:29.307,1789337309.3079078,-385
2026-09-13 19:08:29.315,1789337309.3156002,-38
2026-09-13 19:08:29.323,1789337309.3232925,-53
2026-09-13 19:08:29.330,1789337309.3309848,-162
2026-09-13 19:08:29.338,1789337309.3386772,-89
2026-09-13 19:08:29.346,1789337309.3463695,-67
2026-09-13 19:08:29.354,1789337309.3540618,-109
2026-09-13 19:08:29.361,1789337309.3617542,-87
2026-09-13 19:08:29.369,1789337309.3694463,-65
2026-09-13 19:08:29.377,1789337309.3771386,-70
2026-09-13 19:08:29.384,1789337309.384831,-63
2026-09-13 19:08:29.392,1789337309.3925233,-50
2026-09-13 19:08:29.400,1789337309.4002156,-46
2026-09-13 19:08:29.407,1789337309.407908,-41
2026-09-13 19:08:29.415,1789337309.4156003,-36
2026-09-13 19:08:29.423,1789337309.4232926,-29
2026-09-13 19:08:29.430,1789337309.4309847,-21
2026-09-13 19:08:29.438,1789337309.438677,-14
2026-09-13 19:08:29.446,1789337309.4463694,-7
2026-09-13 19:08:29.454,1789337309.4540617,-4
2026-09-13 19:08:29.461,1789337309.461754,-4
2026-09-13 19:08:29.469,1789337309.4694464,-2
2026-09-13 19:08:29.477,1789337309.4771388,-7
2026-09-13 19:08:29.484,1789337309.484831,-16
2026-09-13 19:08:29.492,1789337309.4925232,-24
2026-09-13 19:08:29.500,1789337309.5002155,-24
2026-09-13 19:08:29.507,1789337309.5079079,-24
2026-09-13 19:08:29.515,1789337309.5156002,-29
2026-09-13 19:08:29.523,1789337309.5232925,-46
2026-09-13 19:08:29.530,1789337309.5309849,-67
2026-09-13 19:08:29.538,1789337309.5386772,-87
2026-09-13 19:08:29.546,1789337309.5463696,-99
2026-09-13 19:08:29.554,1789337309.5540617,-104
2026-09-13 19:08:29.561,1789337309.561754,-106
2026-09-13 19:08:29.569,1789337309.5694463,-104
2026-09-13 19:08:29.577,1789337309.5771387,-104
2026-09-13 19:08:29.584,1789337309.584831,-99
2026-09-13 19:08:29.592,1789337309.5925233,-94
2026-09-13 19:08:29.600,1789337309.6002157,-84
2026-09-13 19:08:29.607,1789337309.607908,-75
2026-09-13 19:08:29.615,1789337309.6156,-72
2026-09-13 19:08:29.623,1789337309.6232924,-70
2026-09-13 19:08:29.630,1789337309.6309848,-67
2026-09-13 19:08:29.638,1789337309.6386771,-65
2026-09-13 19:08:29.646,1789337309.6463695,-65
2026-09-13 19:08:29.654,1789337309.6540618,-70
2026-09-13 19:08:29.661,1789337309.6617541,-80
2026-09-13 19:08:29.669,1789337309.6694465,-77
2026-09-13 19:08:29.677,1789337309.6771386,-70
2026-09-13 19:08:29.684,1789337309.684831,-63
2026-09-13 19:08:29.692,1789337309.6925232,-43
2026-09-13 19:08:29.700,1789337309.7002156,-21
2026-09-13 19:08:29.707,1789337309.707908,-16
2026-09-13 19:08:29.715,1789337309.7156003,-26
2026-09-13 19:08:29.723,1789337309.7232926,-41
2026-09-13 19:08:29.730,1789337309.730985,-58
2026-09-13 19:08:29.738,1789337309.7386773,-75
2026-09-13 19:08:29.746,1789337309.7463694,-80
2026-09-13 19:08:29.754,1789337309.7540617,-77
2026-09-13 19:08:29.761,1789337309.761754,-80
2026-09-13 19:08:29.768,1789337309.7688847,-77
2026-09-13 19:08:29.776,1789337309.776577,-77
2026-09-13 19:08:29.784,1789337309.7842693,-89
2026-09-13 19:08:29.791,1789337309.7919617,-94
2026-09-13 19:08:29.799,1789337309.799654,-31
2026-09-13 19:08:29.807,1789337309.807346,152
2026-09-13 19:08:29.815,1789337309.8150384,480
2026-09-13 19:08:29.822,1789337309.8227308,734
2026-09-13 19:08:29.830,1789337309.830423,371
2026-09-13 19:08:29.838,1789337309.8381155,-312
2026-09-13 19:08:29.845,1789337309.8458078,-339
2026-09-13 19:08:29.853,1789337309.8535001,-19
2026-09-13 19:08:29.861,1789337309.8611925,-65
2026-09-13 19:08:29.868,1789337309.8688846,-162
2026-09-13 19:08:29.876,1789337309.876577,-84
2026-09-13 19:08:29.884,1789337309.8842692,-70
2026-09-13 19:08:29.891,1789337309.8919616,-109
2026-09-13 19:08:29.899,1789337309.899654,-84
2026-09-13 19:08:29.907,1789337309.9073462,-65
2026-09-13 19:08:29.915,1789337309.9150386,-72
2026-09-13 19:08:29.922,1789337309.922731,-58
2026-09-13 19:08:29.930,1789337309.930423,-33
2026-09-13 19:08:29.938,1789337309.9381154,-33
2026-09-13 19:08:29.945,1789337309.9458077,-36
2026-09-13 19:08:29.953,1789337309.9535,-26
2026-09-13 19:08:29.961,1789337309.9611924,-14
2026-09-13 19:08:29.968,1789337309.9688847,-12
2026-09-13 19:08:29.976,1789337309.976577,-4
2026-09-13 19:08:29.984,1789337309.9842694,2
2026-09-13 19:08:29.991,1789337309.9919615,4
2026-09-13 19:08:29.999,1789337309.9996538,4
2026-09-13 19:08:30.007,1789337310.0073462,7
2026-09-13 19:08:30.015,1789337310.0150385,4
2026-09-13 19:08:30.022,1789337310.0227308,-4
2026-09-13 19:08:30.030,1789337310.0304232,-9
2026-09-13 19:08:30.038,1789337310.0381155,-7
2026-09-13 19:08:30.045,1789337310.0458078,-2
2026-09-13 19:08:30.053,1789337310.0535,-9
2026-09-13 19:08:30.061,1789337310.0611923,-26
2026-09-13 19:08:30.068,1789337310.0688846,-48
2026-09-13 19:08:30.076,1789337310.076577,-65
2026-09-13 19:08:30.084,1789337310.0842693,-75
2026-09-13 19:08:30.091,1789337310.0919616,-80
2026-09-13 19:08:30.099,1789337310.099654,-84
2026-09-13 19:08:30.107,1789337310.1073463,-82
2026-09-13 19:08:30.115,1789337310.1150384,-75
2026-09-13 19:08:30.122,1789337310.1227307,-70
2026-09-13 19:08:30.130,1789337310.130423,-63
2026-09-13 19:08:30.138,1789337310.1381154,-55
2026-09-13 19:08:30.145,1789337310.1458077,-48
2026-09-13 19:08:30.153,1789337310.1535,-46
2026-09-13 19:08:30.161,1789337310.1611924,-43
2026-09-13 19:08:30.168,1789337310.1688848,-41
2026-09-13 19:08:30.176,1789337310.1765769,-38
2026-09-13 19:08:30.184,1789337310.1842692,-36
2026-09-13 19:08:30.191,1789337310.1919615,-36
2026-09-13 19:08:30.199,1789337310.1996539,-41
2026-09-13 19:08:30.207,1789337310.2073462,-48
2026-09-13 19:08:30.215,1789337310.2150385,-46
2026-09-13 19:08:30.222,1789337310.2227309,-33
2026-09-13 19:08:30.230,1789337310.2304232,-26
2026-09-13 19:08:30.238,1789337310.2381153,-12
2026-09-13 19:08:30.245,1789337310.2458076,9
2026-09-13 19:08:30.253,1789337310.2535,24
2026-09-13 19:08:30.261,1789337310.2611923,19
2026-09-13 19:08:30.268,1789337310.2688847,2
2026-09-13 19:08:30.276,1789337310.276577,-16
2026-09-13 19:08:30.284,1789337310.2842693,-31
2026-09-13 19:08:30.291,1789337310.2919617,-38
2026-09-13 19:08:30.299,1789337310.299654,-43
2026-09-13 19:08:30.307,1789337310.307346,-46
2026-09-13 19:08:30.315,1789337310.3150384,-38
2026-09-13 19:08:30.322,1789337310.3227308,-36
2026-09-13 19:08:30.329,1789337310.3298311,-46
2026-09-13 19:08:30.337,1789337310.3375235,-58
2026-09-13 19:08:30.345,1789337310.3452158,-31
2026-09-13 19:08:30.352,1789337310.3529081,82
2026-09-13 19:08:30.360,1789337310.3606005,320
2026-09-13 19:08:30.368,1789337310.3682926,640
2026-09-13 19:08:30.375,1789337310.375985,562
2026-09-13 19:08:30.383,1789337310.3836772,-70
2026-09-13 19:08:30.391,1789337310.3913696,-368
2026-09-13 19:08:30.399,1789337310.399062,-75
2026-09-13 19:08:30.406,1789337310.4067543,26
2026-09-13 19:08:30.414,1789337310.4144466,-92
2026-09-13 19:08:30.422,1789337310.422139,-60
2026-09-13 19:08:30.429,1789337310.429831,-12
2026-09-13 19:08:30.437,1789337310.4375234,-48
2026-09-13 19:08:30.445,1789337310.4452157,-43
2026-09-13 19:08:30.452,1789337310.452908,-12
2026-09-13 19:08:30.460,1789337310.4606004,-12
2026-09-13 19:08:30.468,1789337310.4682927,-14
2026-09-13 19:08:30.475,1789337310.475985,0
2026-09-13 19:08:30.483,1789337310.4836774,12
2026-09-13 19:08:30.491,1789337310.4913695,21
2026-09-13 19:08:30.499,1789337310.4990618,29
2026-09-13 19:08:30.506,1789337310.5067542,33
2026-09-13 19:08:30.514,1789337310.5144465,38
2026-09-13 19:08:30.522,1789337310.5221388,46
2026-09-13 19:08:30.529,1789337310.5298312,60
2026-09-13 19:08:30.537,1789337310.5375235,65
2026-09-13 19:08:30.545,1789337310.5452158,67
2026-09-13 19:08:30.552,1789337310.552908,77
2026-09-13 19:08:30.560,1789337310.5606003,77
2026-09-13 19:08:30.568,1789337310.5682926,60
2026-09-13 19:08:30.575,1789337310.575985,58
2026-09-13 19:08:30.583,1789337310.5836773,70
2026-09-13 19:08:30.591,1789337310.5913696,70
2026-09-13 19:08:30.599,1789337310.599062,60
2026-09-13 19:08:30.606,1789337310.6067543,43
2026-09-13 19:08:30.614,1789337310.6144464,14
2026-09-13 19:08:30.622,1789337310.6221387,-4
2026-09-13 19:08:30.629,1789337310.629831,-16
2026-09-13 19:08:30.637,1789337310.6375234,-29
2026-09-13 19:08:30.645,1789337310.6452157,-36
2026-09-13 19:08:30.652,1789337310.652908,-33
2026-09-13 19:08:30.660,1789337310.6606004,-31
2026-09-13 19:08:30.668,1789337310.6682928,-36
2026-09-13 19:08:30.675,1789337310.6759849,-26
2026-09-13 19:08:30.683,1789337310.6836772,-14
2026-09-13 19:08:30.691,1789337310.6913695,-9
2026-09-13 19:08:30.699,1789337310.6990619,-4
2026-09-13 19:08:30.706,1789337310.7067542,0
2026-09-13 19:08:30.714,1789337310.7144465,-2
2026-09-13 19:08:30.722,1789337310.722139,-4
2026-09-13 19:08:30.729,1789337310.7298312,2
2026-09-13 19:08:30.737,1789337310.7375233,7
2026-09-13 19:08:30.745,1789337310.7452157,4
2026-09-13 19:08:30.752,1789337310.752908,2
2026-09-13 19:08:30.760,1789337310.7606003,12
2026-09-13 19:08:30.768,1789337310.7682927,14
2026-09-13 19:08:30.775,1789337310.775985,0
2026-09-13 19:08:30.783,1789337310.7836773,-12
2026-09-13 19:08:30.791,1789337310.7913697,-16
2026-09-13 19:08:30.799,1789337310.7990618,0
2026-09-13 19:08:30.806,1789337310.806754,36
2026-09-13 19:08:30.814,1789337310.8144464,53
2026-09-13 19:08:30.822,1789337310.8221388,53
2026-09-13 19:08:30.829,1789337310.8298311,55
2026-09-13 19:08:30.837,1789337310.8375235,36
2026-09-13 19:08:30.845,1789337310.8452158,9
2026-09-13 19:08:30.852,1789337310.8529081,7
2026-09-13 19:08:30.860,1789337310.8606005,0
2026-09-13 19:08:30.868,1789337310.8682926,-19
2026-09-13 19:08:30.875,1789337310.875985,-4
2026-09-13 19:08:30.883,1789337310.8836772,9
2026-09-13 19:08:30.890,1789337310.8907824,-7
2026-09-13 19:08:30.898,1789337310.8984747,-19
2026-09-13 19:08:30.906,1789337310.906167,-16
2026-09-13 19:08:30.913,1789337310.9138594,50
2026-09-13 19:08:30.921,1789337310.9215517,261
2026-09-13 19:08:30.929,1789337310.9292438,594
2026-09-13 19:08:30.936,1789337310.9369361,776
2026-09-13 19:08:30.944,1789337310.9446285,356
2026-09-13 19:08:30.952,1789337310.9523208,-307
2026-09-13 19:08:30.960,1789337310.9600132,-310
2026-09-13 19:08:30.967,1789337310.9677055,26
2026-09-13 19:08:30.975,1789337310.9753978,-4
2026-09-13 19:08:30.983,1789337310.9830902,-101
2026-09-13 19:08:30.990,1789337310.9907823,-29
2026-09-13 19:08:30.998,1789337310.9984746,-12
2026-09-13 19:08:31.006,1789337311.006167,-38
2026-09-13 19:08:31.013,1789337311.0138593,-12
2026-09-13 19:08:31.021,1789337311.0215516,4
2026-09-13 19:08:31.029,1789337311.029244,0
2026-09-13 19:08:31.036,1789337311.0369363,14
2026-09-13 19:08:31.044,1789337311.0446286,19
2026-09-13 19:08:31.052,1789337311.0523207,14
2026-09-13 19:08:31.060,1789337311.060013,31
2026-09-13 19:08:31.067,1789337311.0677054,43
2026-09-13 19:08:31.075,1789337311.0753977,38
2026-09-13 19:08:31.083,1789337311.08309,55
2026-09-13 19:08:31.090,1789337311.0907824,87
2026-09-13 19:08:31.098,1789337311.0984747,97
2026-09-13 19:08:31.106,1789337311.106167,92
2026-09-13 19:08:31.113,1789337311.1138592,94
2026-09-13 19:08:31.121,1789337311.1215515,101
2026-09-13 19:08:31.129,1789337311.1292439,106
2026-09-13 19:08:31.136,1789337311.1369362,109
2026-09-13 19:08:31.144,1789337311.1446285,113
2026-09-13 19:08:31.152,1789337311.1523209,111
2026-09-13 19:08:31.160,1789337311.1600132,104
2026-09-13 19:08:31.167,1789337311.1677055,84
2026-09-13 19:08:31.175,1789337311.1753976,55
2026-09-13 19:08:31.183,1789337311.18309,29
2026-09-13 19:08:31.190,1789337311.1907823,-7
2026-09-13 19:08:31.198,1789337311.1984746,-48
2026-09-13 19:08:31.206,1789337311.206167,-67
2026-09-13 19:08:31.213,1789337311.2138593,-67
2026-09-13 19:08:31.221,1789337311.2215517,-72
2026-09-13 19:08:31.229,1789337311.229244,-75
2026-09-13 19:08:31.236,1789337311.236936,-72
2026-09-13 19:08:31.244,1789337311.2446284,-65
2026-09-13 19:08:31.252,1789337311.2523208,-53
2026-09-13 19:08:31.260,1789337311.260013,-41
2026-09-13 19:08:31.267,1789337311.2677054,-41
2026-09-13 19:08:31.275,1789337311.2753978,-41
2026-09-13 19:08:31.283,1789337311.28309,-31
2026-09-13 19:08:31.290,1789337311.2907825,-29
2026-09-13 19:08:31.298,1789337311.2984746,-26
2026-09-13 19:08:31.306,1789337311.306167,-19
2026-09-13 19:08:31.313,1789337311.3138592,-21
2026-09-13 19:08:31.321,1789337311.3215516,-36
2026-09-13 19:08:31.329,1789337311.329244,-36
2026-09-13 19:08:31.336,1789337311.3369362,-31
2026-09-13 19:08:31.344,1789337311.3446286,-38
2026-09-13 19:08:31.352,1789337311.352321,-43
2026-09-13 19:08:31.360,1789337311.360013,-19
2026-09-13 19:08:31.367,1789337311.3677053,16
2026-09-13 19:08:31.375,1789337311.3753977,21
2026-09-13 19:08:31.383,1789337311.38309,-2
2026-09-13 19:08:31.390,1789337311.3907824,-9
2026-09-13 19:08:31.398,1789337311.3984747,-7
2026-09-13 19:08:31.406,1789337311.406167,-31
2026-09-13 19:08:31.413,1789337311.4138594,-53
2026-09-13 19:08:31.421,1789337311.4215517,-41
2026-09-13 19:08:31.429,1789337311.4292438,-31
2026-09-13 19:08:31.436,1789337311.4369361,-41
2026-09-13 19:08:31.444,1789337311.4446285,-43
2026-09-13 19:08:31.451,1789337311.451754,-46
2026-09-13 19:08:31.459,1789337311.4594464,-58
2026-09-13 19:08:31.467,1789337311.4671388,-26
2026-09-13 19:08:31.474,1789337311.474831,145
2026-09-13 19:08:31.482,1789337311.4825234,453
2026-09-13 19:08:31.490,1789337311.4902155,727
2026-09-13 19:08:31.497,1789337311.4979079,521
2026-09-13 19:08:31.505,1789337311.5056002,-181
2026-09-13 19:08:31.513,1789337311.5132926,-448
2026-09-13 19:08:31.520,1789337311.520985,-97
2026-09-13 19:08:31.528,1789337311.5286772,19
2026-09-13 19:08:31.536,1789337311.5363696,-126
2026-09-13 19:08:31.544,1789337311.544062,-87
2026-09-13 19:08:31.551,1789337311.551754,-19
2026-09-13 19:08:31.559,1789337311.5594463,-60
2026-09-13 19:08:31.567,1789337311.5671387,-65
2026-09-13 19:08:31.574,1789337311.574831,-31
2026-09-13 19:08:31.582,1789337311.5825233,-33
2026-09-13 19:08:31.590,1789337311.5902157,-31
2026-09-13 19:08:31.597,1789337311.597908,-9
2026-09-13 19:08:31.605,1789337311.6056004,-7
2026-09-13 19:08:31.613,1789337311.6132925,-9
2026-09-13 19:08:31.620,1789337311.6209848,4
2026-09-13 19:08:31.628,1789337311.6286771,24
2026-09-13 19:08:31.636,1789337311.6363695,29
2026-09-13 19:08:31.644,1789337311.6440618,33
2026-09-13 19:08:31.651,1789337311.6517541,46
2026-09-13 19:08:31.659,1789337311.6594465,58
2026-09-13 19:08:31.667,1789337311.6671388,70
2026-09-13 19:08:31.674,1789337311.674831,75
2026-09-13 19:08:31.682,1789337311.6825233,67
2026-09-13 19:08:31.690,1789337311.6902156,67
2026-09-13 19:08:31.697,1789337311.697908,77
2026-09-13 19:08:31.705,1789337311.7056003,77
2026-09-13 19:08:31.713,1789337311.7132926,65
2026-09-13 19:08:31.720,1789337311.720985,48
2026-09-13 19:08:31.728,1789337311.7286773,24
2026-09-13 19:08:31.736,1789337311.7363694,-4
2026-09-13 19:08:31.744,1789337311.7440617,-41
2026-09-13 19:08:31.751,1789337311.751754,-70
2026-09-13 19:08:31.759,1789337311.7594464,-84
2026-09-13 19:08:31.767,1789337311.7671387,-92
2026-09-13 19:08:31.774,1789337311.774831,-99
2026-09-13 19:08:31.782,1789337311.7825234,-101
2026-09-13 19:08:31.790,1789337311.7902157,-101
2026-09-13 19:08:31.797,1789337311.7979078,-97
2026-09-13 19:08:31.805,1789337311.8056002,-87
2026-09-13 19:08:31.813,1789337311.8132925,-80
2026-09-13 19:08:31.820,1789337311.8209848,-72
2026-09-13 19:08:31.828,1789337311.8286772,-63
2026-09-13 19:08:31.836,1789337311.8363695,-55
2026-09-13 19:08:31.844,1789337311.8440619,-55
2026-09-13 19:08:31.851,1789337311.8517542,-50
2026-09-13 19:08:31.859,1789337311.8594463,-46
2026-09-13 19:08:31.867,1789337311.8671386,-48
2026-09-13 19:08:31.874,1789337311.874831,-58
2026-09-13 19:08:31.882,1789337311.8825233,-63
2026-09-13 19:08:31.890,1789337311.8902156,-60
2026-09-13 19:08:31.897,1789337311.897908,-60
2026-09-13 19:08:31.905,1789337311.9056003,-55
2026-09-13 19:08:31.913,1789337311.9132926,-41
2026-09-13 19:08:31.920,1789337311.9209847,-21
2026-09-13 19:08:31.928,1789337311.928677,-12
2026-09-13 19:08:31.936,1789337311.9363694,-19
2026-09-13 19:08:31.944,1789337311.9440618,-43
2026-09-13 19:08:31.951,1789337311.951754,-65
2026-09-13 19:08:31.959,1789337311.9594464,-72
2026-09-13 19:08:31.967,1789337311.9671388,-70
2026-09-13 19:08:31.974,1789337311.974831,-72
2026-09-13 19:08:31.982,1789337311.9825234,-72
2026-09-13 19:08:31.990,1789337311.9902155,-70
2026-09-13 19:08:31.997,1789337311.9979079,-70
2026-09-13 19:08:32.005,1789337312.0056002,-80
2026-09-13 19:08:32.012,1789337312.0127003,-77
2026-09-13 19:08:32.020,1789337312.0203927,4
2026-09-13 19:08:32.028,1789337312.028085,223
2026-09-13 19:08:32.035,1789337312.0357773,550
2026-09-13 19:08:32.043,1789337312.0434697,652
2026-09-13 19:08:32.051,1789337312.0511618,133
2026-09-13 19:08:32.058,1789337312.058854,-429
2026-09-13 19:08:32.066,1789337312.0665464,-288
2026-09-13 19:08:32.074,1789337312.0742388,-2
2026-09-13 19:08:32.081,1789337312.081931,-89
2026-09-13 19:08:32.089,1789337312.0896235,-145
2026-09-13 19:08:32.097,1789337312.0973158,-63
2026-09-13 19:08:32.105,1789337312.1050081,-72
2026-09-13 19:08:32.112,1789337312.1127002,-104
2026-09-13 19:08:32.120,1789337312.1203926,-75
2026-09-13 19:08:32.128,1789337312.128085,-60
2026-09-13 19:08:32.135,1789337312.1357772,-67
2026-09-13 19:08:32.143,1789337312.1434696,-55
2026-09-13 19:08:32.151,1789337312.151162,-46
2026-09-13 19:08:32.158,1789337312.1588542,-48
2026-09-13 19:08:32.166,1789337312.1665466,-41
2026-09-13 19:08:32.174,1789337312.1742387,-29
2026-09-13 19:08:32.181,1789337312.181931,-21
2026-09-13 19:08:32.189,1789337312.1896234,-16
2026-09-13 19:08:32.197,1789337312.1973157,-9
2026-09-13 19:08:32.205,1789337312.205008,-4
2026-09-13 19:08:32.212,1789337312.2127004,0
2026-09-13 19:08:32.220,1789337312.2203927,2
2026-09-13 19:08:32.228,1789337312.228085,-2
2026-09-13 19:08:32.235,1789337312.2357771,-7
2026-09-13 19:08:32.243,1789337312.2434695,-12
2026-09-13 19:08:32.251,1789337312.2511618,-14
2026-09-13 19:08:32.258,1789337312.2588542,-16
2026-09-13 19:08:32.266,1789337312.2665465,-19
2026-09-13 19:08:32.274,1789337312.2742388,-31
2026-09-13 19:08:32.281,1789337312.2819312,-50
2026-09-13 19:08:32.289,1789337312.2896235,-70
2026-09-13 19:08:32.297,1789337312.2973156,-89
2026-09-13 19:08:32.305,1789337312.305008,-106
2026-09-13 19:08:32.312,1789337312.3127003,-113
2026-09-13 19:08:32.320,1789337312.3203926,-116
2026-09-13 19:08:32.328,1789337312.328085,-118
2026-09-13 19:08:32.335,1789337312.3357773,-118
2026-09-13 19:08:32.343,1789337312.3434696,-113
2026-09-13 19:08:32.351,1789337312.351162,-109
2026-09-13 19:08:32.358,1789337312.358854,-99
2026-09-13 19:08:32.366,1789337312.3665464,-92
2026-09-13 19:08:32.374,1789337312.3742387,-87
2026-09-13 19:08:32.381,1789337312.381931,-87
2026-09-13 19:08:32.389,1789337312.3896234,-84
2026-09-13 19:08:32.397,1789337312.3973157,-82
2026-09-13 19:08:32.405,1789337312.405008,-82
2026-09-13 19:08:32.412,1789337312.4127004,-84
2026-09-13 19:08:32.420,1789337312.4203925,-84
2026-09-13 19:08:32.428,1789337312.4280849,-84
2026-09-13 19:08:32.435,1789337312.4357772,-97
2026-09-13 19:08:32.443,1789337312.4434695,-106
2026-09-13 19:08:32.451,1789337312.4511619,-101
2026-09-13 19:08:32.458,1789337312.4588542,-94
2026-09-13 19:08:32.466,1789337312.4665465,-80
2026-09-13 19:08:32.474,1789337312.4742389,-55
2026-09-13 19:08:32.481,1789337312.481931,-36
2026-09-13 19:08:32.489,1789337312.4896233,-43
2026-09-13 19:08:32.497,1789337312.4973156,-60
2026-09-13 19:08:32.505,1789337312.505008,-77
2026-09-13 19:08:32.512,1789337312.5127003,-94
2026-09-13 19:08:32.520,1789337312.5203927,-104
2026-09-13 19:08:32.528,1789337312.528085,-104
2026-09-13 19:08:32.535,1789337312.5357773,-104
2026-09-13 19:08:32.543,1789337312.5434697,-101
2026-09-13 19:08:32.551,1789337312.5511618,-99
2026-09-13 19:08:32.558,1789337312.558854,-109
2026-09-13 19:08:32.566,1789337312.5665464,-123
2026-09-13 19:08:32.573,1789337312.5736773,-84
2026-09-13 19:08:32.581,1789337312.5813696,72
2026-09-13 19:08:32.589,1789337312.589062,361
2026-09-13 19:08:32.596,1789337312.5967543,691
2026-09-13 19:08:32.604,1789337312.6044466,560
2026-09-13 19:08:32.612,1789337312.6121387,-147
2026-09-13 19:08:32.619,1789337312.619831,-460
2026-09-13 19:08:32.627,1789337312.6275234,-140
2026-09-13 19:08:32.635,1789337312.6352158,-48
2026-09-13 19:08:32.642,1789337312.642908,-196
2026-09-13 19:08:32.650,1789337312.6506004,-160
2026-09-13 19:08:32.658,1789337312.6582928,-101
2026-09-13 19:08:32.665,1789337312.665985,-140
2026-09-13 19:08:32.673,1789337312.6736772,-138
2026-09-13 19:08:32.681,1789337312.6813695,-104
2026-09-13 19:08:32.689,1789337312.6890619,-109
2026-09-13 19:08:32.696,1789337312.6967542,-106
2026-09-13 19:08:32.704,1789337312.7044466,-87
2026-09-13 19:08:32.712,1789337312.712139,-84
2026-09-13 19:08:32.719,1789337312.7198312,-82
2026-09-13 19:08:32.727,1789337312.7275236,-70
2026-09-13 19:08:32.735,1789337312.7352157,-63
2026-09-13 19:08:32.742,1789337312.742908,-60
2026-09-13 19:08:32.750,1789337312.7506003,-53
2026-09-13 19:08:32.758,1789337312.7582927,-46
2026-09-13 19:08:32.765,1789337312.765985,-43
2026-09-13 19:08:32.773,1789337312.7736773,-43
2026-09-13 19:08:32.781,1789337312.7813697,-46
2026-09-13 19:08:32.789,1789337312.789062,-46
2026-09-13 19:08:32.796,1789337312.7967541,-55
2026-09-13 19:08:32.804,1789337312.8044465,-65
2026-09-13 19:08:32.812,1789337312.8121388,-65
2026-09-13 19:08:32.819,1789337312.8198311,-60
2026-09-13 19:08:32.827,1789337312.8275235,-60
2026-09-13 19:08:32.835,1789337312.8352158,-67
2026-09-13 19:08:32.842,1789337312.8429081,-84
2026-09-13 19:08:32.850,1789337312.8506005,-99
2026-09-13 19:08:32.858,1789337312.8582926,-113
2026-09-13 19:08:32.865,1789337312.865985,-126
2026-09-13 19:08:32.873,1789337312.8736773,-128
2026-09-13 19:08:32.881,1789337312.8813696,-128
2026-09-13 19:08:32.889,1789337312.889062,-128
2026-09-13 19:08:32.896,1789337312.8967543,-123
2026-09-13 19:08:32.904,1789337312.9044466,-116
2026-09-13 19:08:32.912,1789337312.912139,-109
2026-09-13 19:08:32.919,1789337312.919831,-101
2026-09-13 19:08:32.927,1789337312.9275234,-97
2026-09-13 19:08:32.935,1789337312.9352157,-94
2026-09-13 19:08:32.942,1789337312.942908,-92
2026-09-13 19:08:32.950,1789337312.9506004,-89
2026-09-13 19:08:32.958,1789337312.9582927,-89
2026-09-13 19:08:32.965,1789337312.965985,-87
2026-09-13 19:08:32.973,1789337312.9736774,-89
2026-09-13 19:08:32.981,1789337312.9813695,-87
2026-09-13 19:08:32.989,1789337312.9890618,-84
2026-09-13 19:08:32.996,1789337312.9967542,-92
2026-09-13 19:08:33.004,1789337313.0044465,-99
2026-09-13 19:08:33.012,1789337313.0121388,-101
2026-09-13 19:08:33.019,1789337313.0198312,-97
2026-09-13 19:08:33.027,1789337313.0275235,-87
2026-09-13 19:08:33.035,1789337313.0352159,-70
2026-09-13 19:08:33.042,1789337313.042908,-48
2026-09-13 19:08:33.050,1789337313.0506003,-29
2026-09-13 19:08:33.058,1789337313.0582926,-31
2026-09-13 19:08:33.065,1789337313.065985,-46
2026-09-13 19:08:33.073,1789337313.0736773,-65
2026-09-13 19:08:33.081,1789337313.0813696,-87
2026-09-13 19:08:33.089,1789337313.089062,-99
2026-09-13 19:08:33.096,1789337313.0967543,-97
2026-09-13 19:08:33.104,1789337313.1044466,-94
2026-09-13 19:08:33.112,1789337313.1121387,-89
2026-09-13 19:08:33.119,1789337313.119831,-89
2026-09-13 19:08:33.127,1789337313.1275234,-94
2026-09-13 19:08:33.134,1789337313.1346233,-111
2026-09-13 19:08:33.142,1789337313.1423156,-99
2026-09-13 19:08:33.150,1789337313.150008,12
2026-09-13 19:08:33.157,1789337313.1577003,242
2026-09-13 19:08:33.165,1789337313.1653926,569
2026-09-13 19:08:33.173,1789337313.1730847,635
2026-09-13 19:08:33.180,1789337313.180777,67
2026-09-13 19:08:33.188,1789337313.1884694,-434
2026-09-13 19:08:33.196,1789337313.1961617,-242
2026-09-13 19:08:33.203,1789337313.203854,-21
2026-09-13 19:08:33.211,1789337313.2115464,-130
2026-09-13 19:08:33.219,1789337313.2192388,-152
2026-09-13 19:08:33.226,1789337313.226931,-82
2026-09-13 19:08:33.234,1789337313.2346232,-99
2026-09-13 19:08:33.242,1789337313.2423155,-113
2026-09-13 19:08:33.250,1789337313.2500079,-84
2026-09-13 19:08:33.257,1789337313.2577002,-75
2026-09-13 19:08:33.265,1789337313.2653925,-80
2026-09-13 19:08:33.273,1789337313.2730849,-67
2026-09-13 19:08:33.280,1789337313.2807772,-55
2026-09-13 19:08:33.288,1789337313.2884696,-50
2026-09-13 19:08:33.296,1789337313.2961617,-46
2026-09-13 19:08:33.303,1789337313.303854,-36
2026-09-13 19:08:33.311,1789337313.3115463,-26
2026-09-13 19:08:33.319,1789337313.3192387,-16
2026-09-13 19:08:33.326,1789337313.326931,-7
2026-09-13 19:08:33.334,1789337313.3346233,0
2026-09-13 19:08:33.342,1789337313.3423157,4
2026-09-13 19:08:33.350,1789337313.350008,4
2026-09-13 19:08:33.357,1789337313.3577,7
2026-09-13 19:08:33.365,1789337313.3653924,4
2026-09-13 19:08:33.373,1789337313.3730848,2
2026-09-13 19:08:33.380,1789337313.3807771,4
2026-09-13 19:08:33.388,1789337313.3884695,12
2026-09-13 19:08:33.396,1789337313.3961618,9
2026-09-13 19:08:33.403,1789337313.4038541,-2
2026-09-13 19:08:33.411,1789337313.4115465,-24
2026-09-13 19:08:33.419,1789337313.4192386,-50
2026-09-13 19:08:33.426,1789337313.426931,-70
2026-09-13 19:08:33.434,1789337313.4346232,-84
2026-09-13 19:08:33.442,1789337313.4423156,-92
2026-09-13 19:08:33.450,1789337313.450008,-97
2026-09-13 19:08:33.457,1789337313.4577003,-94
2026-09-13 19:08:33.465,1789337313.4653926,-89
2026-09-13 19:08:33.473,1789337313.473085,-82
2026-09-13 19:08:33.480,1789337313.480777,-75
2026-09-13 19:08:33.488,1789337313.4884694,-70
2026-09-13 19:08:33.496,1789337313.4961617,-65
2026-09-13 19:08:33.503,1789337313.503854,-65
2026-09-13 19:08:33.511,1789337313.5115464,-60
2026-09-13 19:08:33.519,1789337313.5192387,-53
2026-09-13 19:08:33.526,1789337313.526931,-50
2026-09-13 19:08:33.534,1789337313.5346234,-46
2026-09-13 19:08:33.542,1789337313.5423155,-43
2026-09-13 19:08:33.550,1789337313.5500078,-43
2026-09-13 19:08:33.557,1789337313.5577002,-46
2026-09-13 19:08:33.565,1789337313.5653925,-46
2026-09-13 19:08:33.573,1789337313.5730848,-53
2026-09-13 19:08:33.580,1789337313.5807772,-55
2026-09-13 19:08:33.588,1789337313.5884695,-53
2026-09-13 19:08:33.596,1789337313.5961618,-50
2026-09-13 19:08:33.603,1789337313.603854,-50
2026-09-13 19:08:33.611,1789337313.6115463,-48
2026-09-13 19:08:33.619,1789337313.6192386,-36
2026-09-13 19:08:33.626,1789337313.626931,-9
2026-09-13 19:08:33.634,1789337313.6346233,16
2026-09-13 19:08:33.642,1789337313.6423156,24
2026-09-13 19:08:33.650,1789337313.650008,12
2026-09-13 19:08:33.657,1789337313.6577003,-7
2026-09-13 19:08:33.665,1789337313.6653926,-24
2026-09-13 19:08:33.673,1789337313.6730847,-41
2026-09-13 19:08:33.680,1789337313.680777,-53
2026-09-13 19:08:33.688,1789337313.6884694,-53
2026-09-13 19:08:33.695,1789337313.6955798,-46
2026-09-13 19:08:33.703,1789337313.703272,-43
2026-09-13 19:08:33.710,1789337313.7109644,-43
2026-09-13 19:08:33.718,1789337313.7186568,-48
2026-09-13 19:08:33.726,1789337313.726349,-43
2026-09-13 19:08:33.734,1789337313.7340412,43
2026-09-13 19:08:33.741,1789337313.7417336,254
2026-09-13 19:08:33.749,1789337313.749426,552
2026-09-13 19:08:33.757,1789337313.7571182,710
2026-09-13 19:08:33.764,1789337313.7648106,307
2026-09-13 19:08:33.772,1789337313.772503,-327
2026-09-13 19:08:33.780,1789337313.7801952,-334
2026-09-13 19:08:33.787,1789337313.7878876,-21
2026-09-13 19:08:33.795,1789337313.7955797,-36
2026-09-13 19:08:33.803,1789337313.803272,-113
2026-09-13 19:08:33.810,1789337313.8109643,-46
2026-09-13 19:08:33.818,1789337313.8186567,-31
2026-09-13 19:08:33.826,1789337313.826349,-63
2026-09-13 19:08:33.834,1789337313.8340414,-46
2026-09-13 19:08:33.841,1789337313.8417337,-21
2026-09-13 19:08:33.849,1789337313.849426,-26
2026-09-13 19:08:33.857,1789337313.8571181,-26
2026-09-13 19:08:33.864,1789337313.8648105,-12
2026-09-13 19:08:33.872,1789337313.8725028,0
2026-09-13 19:08:33.880,1789337313.8801951,7
2026-09-13 19:08:33.887,1789337313.8878875,19
2026-09-13 19:08:33.895,1789337313.8955798,31
2026-09-13 19:08:33.903,1789337313.9032722,38
2026-09-13 19:08:33.910,1789337313.9109645,46
2026-09-13 19:08:33.918,1789337313.9186566,55
2026-09-13 19:08:33.926,1789337313.926349,63
2026-09-13 19:08:33.934,1789337313.9340413,75
2026-09-13 19:08:33.941,1789337313.9417336,77
2026-09-13 19:08:33.949,1789337313.949426,82
2026-09-13 19:08:33.957,1789337313.9571183,94
2026-09-13 19:08:33.964,1789337313.9648106,94
2026-09-13 19:08:33.972,1789337313.972503,89
2026-09-13 19:08:33.980,1789337313.980195,97
2026-09-13 19:08:33.987,1789337313.9878874,92
2026-09-13 19:08:33.995,1789337313.9955797,55
2026-09-13 19:08:34.003,1789337314.003272,16
2026-09-13 19:08:34.010,1789337314.0109644,-9
2026-09-13 19:08:34.018,1789337314.0186567,-38
2026-09-13 19:08:34.026,1789337314.026349,-65
2026-09-13 19:08:34.034,1789337314.0340414,-77
2026-09-13 19:08:34.041,1789337314.0417335,-82
2026-09-13 19:08:34.049,1789337314.0494258,-80
2026-09-13 19:08:34.057,1789337314.0571182,-72
2026-09-13 19:08:34.064,1789337314.0648105,-67
2026-09-13 19:08:34.072,1789337314.0725029,-58
2026-09-13 19:08:34.080,1789337314.0801952,-50
2026-09-13 19:08:34.087,1789337314.0878875,-38
2026-09-13 19:08:34.095,1789337314.0955799,-24
2026-09-13 19:08:34.103,1789337314.103272,-26
2026-09-13 19:08:34.110,1789337314.1109643,-33
2026-09-13 19:08:34.118,1789337314.1186566,-24
2026-09-13 19:08:34.126,1789337314.126349,-19
2026-09-13 19:08:34.134,1789337314.1340413,-26
2026-09-13 19:08:34.141,1789337314.1417336,-29
2026-09-13 19:08:34.149,1789337314.149426,-21
2026-09-13 19:08:34.157,1789337314.1571183,-16
2026-09-13 19:08:34.164,1789337314.1648104,-14
2026-09-13 19:08:34.172,1789337314.1725028,-19
2026-09-13 19:08:34.180,1789337314.180195,-31
2026-09-13 19:08:34.187,1789337314.1878874,-38
2026-09-13 19:08:34.195,1789337314.1955798,-31
2026-09-13 19:08:34.203,1789337314.203272,-19
2026-09-13 19:08:34.210,1789337314.2109644,4
2026-09-13 19:08:34.218,1789337314.2186568,33
2026-09-13 19:08:34.226,1789337314.226349,41
2026-09-13 19:08:34.234,1789337314.2340412,21
2026-09-13 19:08:34.241,1789337314.2417336,4
2026-09-13 19:08:34.249,1789337314.249426,-4
2026-09-13 19:08:34.256,1789337314.2565465,-16
2026-09-13 19:08:34.264,1789337314.2642388,-31
2026-09-13 19:08:34.271,1789337314.2719312,-21
2026-09-13 19:08:34.279,1789337314.2796235,0
2026-09-13 19:08:34.287,1789337314.2873158,-4
2026-09-13 19:08:34.295,1789337314.295008,-31
2026-09-13 19:08:34.302,1789337314.3027003,-31
2026-09-13 19:08:34.310,1789337314.3103926,-9
2026-09-13 19:08:34.318,1789337314.318085,63
2026-09-13 19:08:34.325,1789337314.3257773,281
2026-09-13 19:08:34.333,1789337314.3334696,620
2026-09-13 19:08:34.341,1789337314.341162,812
2026-09-13 19:08:34.348,1789337314.3488543,417
2026-09-13 19:08:34.356,1789337314.3565464,-283
2026-09-13 19:08:34.364,1789337314.3642387,-356
2026-09-13 19:08:34.371,1789337314.371931,-9
2026-09-13 19:08:34.379,1789337314.3796234,-4
2026-09-13 19:08:34.387,1789337314.3873158,-109
2026-09-13 19:08:34.395,1789337314.395008,-43
2026-09-13 19:08:34.402,1789337314.4027004,-16
2026-09-13 19:08:34.410,1789337314.4103928,-41
2026-09-13 19:08:34.418,1789337314.4180849,-14
2026-09-13 19:08:34.425,1789337314.4257772,-7
2026-09-13 19:08:34.433,1789337314.4334695,-26
2026-09-13 19:08:34.441,1789337314.4411619,-2
2026-09-13 19:08:34.448,1789337314.4488542,21
2026-09-13 19:08:34.456,1789337314.4565465,12
2026-09-13 19:08:34.464,1789337314.464239,21
2026-09-13 19:08:34.471,1789337314.4719312,48
2026-09-13 19:08:34.479,1789337314.4796233,50
2026-09-13 19:08:34.487,1789337314.4873157,48
2026-09-13 19:08:34.495,1789337314.495008,58
2026-09-13 19:08:34.502,1789337314.5027003,72
2026-09-13 19:08:34.510,1789337314.5103927,84
2026-09-13 19:08:34.518,1789337314.518085,99
2026-09-13 19:08:34.525,1789337314.5257773,111
2026-09-13 19:08:34.533,1789337314.5334697,106
2026-09-13 19:08:34.541,1789337314.5411618,92
2026-09-13 19:08:34.548,1789337314.548854,97
2026-09-13 19:08:34.556,1789337314.5565464,106
2026-09-13 19:08:34.564,1789337314.5642388,94
2026-09-13 19:08:34.571,1789337314.5719311,70
2026-09-13 19:08:34.579,1789337314.5796235,50
2026-09-13 19:08:34.587,1789337314.5873158,24
2026-09-13 19:08:34.595,1789337314.5950081,-21
2026-09-13 19:08:34.602,1789337314.6027002,-55
2026-09-13 19:08:34.610,1789337314.6103926,-58
2026-09-13 19:08:34.618,1789337314.618085,-65
2026-09-13 19:08:34.625,1789337314.6257772,-84
2026-09-13 19:08:34.633,1789337314.6334696,-87
2026-09-13 19:08:34.641,1789337314.641162,-80
2026-09-13 19:08:34.648,1789337314.6488543,-77
2026-09-13 19:08:34.656,1789337314.6565466,-72
2026-09-13 19:08:34.664,1789337314.6642387,-58
2026-09-13 19:08:34.671,1789337314.671931,-50
2026-09-13 19:08:34.679,1789337314.6796234,-48
2026-09-13 19:08:34.687,1789337314.6873157,-46
2026-09-13 19:08:34.695,1789337314.695008,-43
2026-09-13 19:08:34.702,1789337314.7027004,-41
2026-09-13 19:08:34.710,1789337314.7103927,-33
2026-09-13 19:08:34.718,1789337314.718085,-36
2026-09-13 19:08:34.725,1789337314.7257771,-41
2026-09-13 19:08:34.733,1789337314.7334695,-46
2026-09-13 19:08:34.741,1789337314.7411618,-53
2026-09-13 19:08:34.748,1789337314.7488542,-65
2026-09-13 19:08:34.756,1789337314.7565465,-65
2026-09-13 19:08:34.764,1789337314.7642388,-60
2026-09-13 19:08:34.771,1789337314.7719312,-58
2026-09-13 19:08:34.779,1789337314.7796235,-48
2026-09-13 19:08:34.787,1789337314.7873158,-26
2026-09-13 19:08:34.795,1789337314.795008,-9
2026-09-13 19:08:34.802,1789337314.8027003,-12
2026-09-13 19:08:34.810,1789337314.8103926,-29
2026-09-13 19:08:34.817,1789337314.8174927,-50
2026-09-13 19:08:34.825,1789337314.825185,-70
2026-09-13 19:08:34.832,1789337314.8328774,-75
2026-09-13 19:08:34.840,1789337314.8405697,-75
2026-09-13 19:08:34.848,1789337314.848262,-80
2026-09-13 19:08:34.855,1789337314.8559542,-77
2026-09-13 19:08:34.863,1789337314.8636465,-72
2026-09-13 19:08:34.871,1789337314.8713388,-82
2026-09-13 19:08:34.879,1789337314.8790312,-97
2026-09-13 19:08:34.886,1789337314.8867235,-67
2026-09-13 19:08:34.894,1789337314.8944159,65
2026-09-13 19:08:34.902,1789337314.9021082,337
2026-09-13 19:08:34.909,1789337314.9098005,654
2026-09-13 19:08:34.917,1789337314.9174926,567
2026-09-13 19:08:34.925,1789337314.925185,-104
2026-09-13 19:08:34.932,1789337314.9328773,-477
2026-09-13 19:08:34.940,1789337314.9405696,-177
2026-09-13 19:08:34.948,1789337314.948262,-16
2026-09-13 19:08:34.955,1789337314.9559543,-150
2026-09-13 19:08:34.963,1789337314.9636467,-138
2026-09-13 19:08:34.971,1789337314.971339,-72
2026-09-13 19:08:34.979,1789337314.979031,-111
2026-09-13 19:08:34.986,1789337314.9867234,-116
2026-09-13 19:08:34.994,1789337314.9944158,-82
2026-09-13 19:08:35.002,1789337315.002108,-84
2026-09-13 19:08:35.009,1789337315.0098004,-89
2026-09-13 19:08:35.017,1789337315.0174928,-75
2026-09-13 19:08:35.025,1789337315.025185,-70
2026-09-13 19:08:35.032,1789337315.0328774,-70
2026-09-13 19:08:35.040,1789337315.0405695,-60
2026-09-13 19:08:35.048,1789337315.048262,-53
2026-09-13 19:08:35.055,1789337315.0559542,-48
2026-09-13 19:08:35.063,1789337315.0636466,-38
2026-09-13 19:08:35.071,1789337315.071339,-36
2026-09-13 19:08:35.079,1789337315.0790312,-36
2026-09-13 19:08:35.086,1789337315.0867236,-29
2026-09-13 19:08:35.094,1789337315.094416,-24
2026-09-13 19:08:35.102,1789337315.102108,-29
2026-09-13 19:08:35.109,1789337315.1098003,-38
2026-09-13 19:08:35.117,1789337315.1174927,-41
2026-09-13 19:08:35.125,1789337315.125185,-43
2026-09-13 19:08:35.132,1789337315.1328773,-43
2026-09-13 19:08:35.140,1789337315.1405697,-48
2026-09-13 19:08:35.148,1789337315.148262,-63
2026-09-13 19:08:35.155,1789337315.1559544,-82
2026-09-13 19:08:35.163,1789337315.1636465,-106
2026-09-13 19:08:35.171,1789337315.1713388,-128
2026-09-13 19:08:35.179,1789337315.1790311,-140
2026-09-13 19:08:35.186,1789337315.1867235,-147
2026-09-13 19:08:35.194,1789337315.1944158,-150
2026-09-13 19:08:35.202,1789337315.2021081,-150
2026-09-13 19:08:35.209,1789337315.2098005,-147
2026-09-13 19:08:35.217,1789337315.2174928,-143
2026-09-13 19:08:35.225,1789337315.225185,-133
2026-09-13 19:08:35.232,1789337315.2328773,-126
2026-09-13 19:08:35.240,1789337315.2405696,-121
2026-09-13 19:08:35.248,1789337315.248262,-121
2026-09-13 19:08:35.255,1789337315.2559543,-116
2026-09-13 19:08:35.263,1789337315.2636466,-111
2026-09-13 19:08:35.271,1789337315.271339,-111
2026-09-13 19:08:35.279,1789337315.2790313,-113
2026-09-13 19:08:35.286,1789337315.2867234,-113
2026-09-13 19:08:35.294,1789337315.2944157,-111
2026-09-13 19:08:35.302,1789337315.302108,-111
2026-09-13 19:08:35.309,1789337315.3098004,-118
2026-09-13 19:08:35.317,1789337315.3174927,-133
2026-09-13 19:08:35.325,1789337315.325185,-135
2026-09-13 19:08:35.332,1789337315.3328774,-126
2026-09-13 19:08:35.340,1789337315.3405697,-116
2026-09-13 19:08:35.348,1789337315.348262,-109
2026-09-13 19:08:35.355,1789337315.3559542,-87
2026-09-13 19:08:35.363,1789337315.3636465,-65
2026-09-13 19:08:35.371,1789337315.3713388,-65
2026-09-13 19:08:35.378,1789337315.378439,-82
2026-09-13 19:08:35.386,1789337315.3861313,-104
2026-09-13 19:08:35.393,1789337315.3938236,-121
2026-09-13 19:08:35.401,1789337315.401516,-126
2026-09-13 19:08:35.409,1789337315.4092083,-128
2026-09-13 19:08:35.416,1789337315.4169004,-130
2026-09-13 19:08:35.424,1789337315.4245927,-128
2026-09-13 19:08:35.432,1789337315.432285,-123
2026-09-13 19:08:35.439,1789337315.4399774,-128
2026-09-13 19:08:35.447,1789337315.4476697,-140
2026-09-13 19:08:35.455,1789337315.455362,-121
2026-09-13 19:08:35.463,1789337315.4630544,-2
2026-09-13 19:08:35.470,1789337315.4707468,249
2026-09-13 19:08:35.478,1789337315.4784389,611
2026-09-13 19:08:35.486,1789337315.4861312,688
2026-09-13 19:08:35.493,1789337315.4938235,82
2026-09-13 19:08:35.501,1789337315.5015159,-460
2026-09-13 19:08:35.509,1789337315.5092082,-266
2026-09-13 19:08:35.516,1789337315.5169005,-46
2026-09-13 19:08:35.524,1789337315.5245929,-177
2026-09-13 19:08:35.532,1789337315.5322852,-203
2026-09-13 19:08:35.539,1789337315.5399773,-123
2026-09-13 19:08:35.547,1789337315.5476696,-145
2026-09-13 19:08:35.555,1789337315.555362,-164
2026-09-13 19:08:35.563,1789337315.5630543,-128
2026-09-13 19:08:35.570,1789337315.5707467,-118
2026-09-13 19:08:35.578,1789337315.578439,-126
2026-09-13 19:08:35.586,1789337315.5861313,-113
2026-09-13 19:08:35.593,1789337315.5938237,-101
2026-09-13 19:08:35.601,1789337315.6015158,-97
2026-09-13 19:08:35.609,1789337315.609208,-89
2026-09-13 19:08:35.616,1789337315.6169004,-80
2026-09-13 19:08:35.624,1789337315.6245928,-77
2026-09-13 19:08:35.632,1789337315.632285,-75
2026-09-13 19:08:35.639,1789337315.6399775,-67
2026-09-13 19:08:35.647,1789337315.6476698,-60
2026-09-13 19:08:35.655,1789337315.6553621,-60
2026-09-13 19:08:35.663,1789337315.6630542,-65
2026-09-13 19:08:35.670,1789337315.6707466,-70
2026-09-13 19:08:35.678,1789337315.678439,-75
2026-09-13 19:08:35.686,1789337315.6861312,-80
2026-09-13 19:08:35.693,1789337315.6938236,-84
2026-09-13 19:08:35.701,1789337315.701516,-84
2026-09-13 19:08:35.709,1789337315.7092083,-82
2026-09-13 19:08:35.716,1789337315.7169006,-84
2026-09-13 19:08:35.724,1789337315.7245927,-97
2026-09-13 19:08:35.732,1789337315.732285,-111
2026-09-13 19:08:35.739,1789337315.7399774,-126
2026-09-13 19:08:35.747,1789337315.7476697,-138
2026-09-13 19:08:35.755,1789337315.755362,-145
2026-09-13 19:08:35.763,1789337315.7630544,-147
2026-09-13 19:08:35.770,1789337315.7707467,-143
2026-09-13 19:08:35.778,1789337315.778439,-138
2026-09-13 19:08:35.786,1789337315.7861311,-133
2026-09-13 19:08:35.793,1789337315.7938235,-128
2026-09-13 19:08:35.801,1789337315.8015158,-121
2026-09-13 19:08:35.809,1789337315.8092082,-118
2026-09-13 19:08:35.816,1789337315.8169005,-111
2026-09-13 19:08:35.824,1789337315.8245928,-104
2026-09-13 19:08:35.832,1789337315.8322852,-106
2026-09-13 19:08:35.839,1789337315.8399775,-109
2026-09-13 19:08:35.847,1789337315.8476696,-101
2026-09-13 19:08:35.855,1789337315.855362,-99
2026-09-13 19:08:35.863,1789337315.8630543,-104
2026-09-13 19:08:35.870,1789337315.8707466,-101
2026-09-13 19:08:35.878,1789337315.878439,-101
2026-09-13 19:08:35.886,1789337315.8861313,-111
2026-09-13 19:08:35.893,1789337315.8938236,-121
2026-09-13 19:08:35.901,1789337315.901516,-118
2026-09-13 19:08:35.909,1789337315.9092083,-109
2026-09-13 19:08:35.916,1789337315.9169004,-99
2026-09-13 19:08:35.924,1789337315.9245927,-82
2026-09-13 19:08:35.932,1789337315.932285,-58
2026-09-13 19:08:35.939,1789337315.9393852,-46
2026-09-13 19:08:35.947,1789337315.9470775,-53
2026-09-13 19:08:35.954,1789337315.9547698,-70
2026-09-13 19:08:35.962,1789337315.9624622,-92
2026-09-13 19:08:35.970,1789337315.9701545,-111
2026-09-13 19:08:35.977,1789337315.9778466,-118
2026-09-13 19:08:35.985,1789337315.985539,-118
2026-09-13 19:08:35.993,1789337315.9932313,-118
2026-09-13 19:08:36.000,1789337316.0009236,-118
2026-09-13 19:08:36.008,1789337316.008616,-113
2026-09-13 19:08:36.016,1789337316.0163083,-121
2026-09-13 19:08:36.024,1789337316.0240006,-138
2026-09-13 19:08:36.031,1789337316.031693,-106
2026-09-13 19:08:36.039,1789337316.039385,33
2026-09-13 19:08:36.047,1789337316.0470774,291
2026-09-13 19:08:36.054,1789337316.0547698,611
2026-09-13 19:08:36.062,1789337316.062462,548
2026-09-13 19:08:36.070,1789337316.0701544,-101
2026-09-13 19:08:36.077,1789337316.0778468,-458
2026-09-13 19:08:36.085,1789337316.085539,-179
2026-09-13 19:08:36.093,1789337316.0932314,-53
2026-09-13 19:08:36.100,1789337316.1009235,-184
2026-09-13 19:08:36.108,1789337316.1086159,-164
2026-09-13 19:08:36.116,1789337316.1163082,-106
2026-09-13 19:08:36.124,1789337316.1240005,-143
2026-09-13 19:08:36.131,1789337316.131693,-147
2026-09-13 19:08:36.139,1789337316.1393852,-116
2026-09-13 19:08:36.147,1789337316.1470776,-113
2026-09-13 19:08:36.154,1789337316.15477,-116
2026-09-13 19:08:36.162,1789337316.162462,-99
2026-09-13 19:08:36.170,1789337316.1701543,-87
2026-09-13 19:08:36.177,1789337316.1778467,-87
2026-09-13 19:08:36.185,1789337316.185539,-82
2026-09-13 19:08:36.193,1789337316.1932313,-72
2026-09-13 19:08:36.200,1789337316.2009237,-65
2026-09-13 19:08:36.208,1789337316.208616,-58
2026-09-13 19:08:36.216,1789337316.2163084,-50
2026-09-13 19:08:36.224,1789337316.2240005,-43
2026-09-13 19:08:36.231,1789337316.2316928,-38
2026-09-13 19:08:36.239,1789337316.2393851,-38
2026-09-13 19:08:36.247,1789337316.2470775,-38
2026-09-13 19:08:36.254,1789337316.2547698,-41
2026-09-13 19:08:36.262,1789337316.2624621,-46
2026-09-13 19:08:36.270,1789337316.2701545,-48
2026-09-13 19:08:36.277,1789337316.2778468,-43
2026-09-13 19:08:36.285,1789337316.285539,-41
2026-09-13 19:08:36.293,1789337316.2932312,-55
2026-09-13 19:08:36.300,1789337316.3009236,-77
2026-09-13 19:08:36.308,1789337316.308616,-94
2026-09-13 19:08:36.316,1789337316.3163083,-106
2026-09-13 19:08:36.324,1789337316.3240006,-118
2026-09-13 19:08:36.331,1789337316.331693,-128
2026-09-13 19:08:36.339,1789337316.3393853,-130
2026-09-13 19:08:36.347,1789337316.3470774,-126
2026-09-13 19:08:36.354,1789337316.3547697,-118
2026-09-13 19:08:36.362,1789337316.362462,-116
2026-09-13 19:08:36.370,1789337316.3701544,-113
2026-09-13 19:08:36.377,1789337316.3778467,-104
2026-09-13 19:08:36.385,1789337316.385539,-99
2026-09-13 19:08:36.393,1789337316.3932314,-97
2026-09-13 19:08:36.400,1789337316.4009237,-94
2026-09-13 19:08:36.408,1789337316.4086158,-89
2026-09-13 19:08:36.416,1789337316.4163082,-87
2026-09-13 19:08:36.424,1789337316.4240005,-87
2026-09-13 19:08:36.431,1789337316.4316928,-87
2026-09-13 19:08:36.439,1789337316.4393852,-82
2026-09-13 19:08:36.447,1789337316.4470775,-82
2026-09-13 19:08:36.454,1789337316.4547698,-82
2026-09-13 19:08:36.462,1789337316.4624622,-87
2026-09-13 19:08:36.470,1789337316.4701545,-97
2026-09-13 19:08:36.477,1789337316.4778466,-99
2026-09-13 19:08:36.485,1789337316.485539,-92
2026-09-13 19:08:36.493,1789337316.4932313,-80
2026-09-13 19:08:36.500,1789337316.5003772,-65
2026-09-13 19:08:36.508,1789337316.5080695,-38
2026-09-13 19:08:36.515,1789337316.5157619,-19
2026-09-13 19:08:36.523,1789337316.5234542,-21
2026-09-13 19:08:36.531,1789337316.5311465,-38
2026-09-13 19:08:36.538,1789337316.5388386,-60
2026-09-13 19:08:36.546,1789337316.546531,-80
2026-09-13 19:08:36.554,1789337316.5542233,-87
2026-09-13 19:08:36.561,1789337316.5619156,-89
2026-09-13 19:08:36.569,1789337316.569608,-89
2026-09-13 19:08:36.577,1789337316.5773003,-87
2026-09-13 19:08:36.584,1789337316.5849926,-82
2026-09-13 19:08:36.592,1789337316.592685,-89
2026-09-13 19:08:36.600,1789337316.600377,-104
2026-09-13 19:08:36.608,1789337316.6080694,-94
2026-09-13 19:08:36.615,1789337316.6157618,-9
2026-09-13 19:08:36.623,1789337316.623454,186
2026-09-13 19:08:36.631,1789337316.6311464,499
2026-09-13 19:08:36.638,1789337316.6388388,596
2026-09-13 19:08:36.646,1789337316.646531,87
2026-09-13 19:08:36.654,1789337316.6542234,-404
2026-09-13 19:08:36.661,1789337316.6619155,-240
2026-09-13 19:08:36.669,1789337316.6696079,-14
2026-09-13 19:08:36.677,1789337316.6773002,-101
2026-09-13 19:08:36.684,1789337316.6849926,-126
2026-09-13 19:08:36.692,1789337316.692685,-58
2026-09-13 19:08:36.700,1789337316.7003772,-80
2026-09-13 19:08:36.708,1789337316.7080696,-106
2026-09-13 19:08:36.715,1789337316.715762,-72
2026-09-13 19:08:36.723,1789337316.723454,-53
2026-09-13 19:08:36.731,1789337316.7311463,-48
2026-09-13 19:08:36.738,1789337316.7388387,-43
2026-09-13 19:08:36.746,1789337316.746531,-38
2026-09-13 19:08:36.754,1789337316.7542233,-26
2026-09-13 19:08:36.761,1789337316.7619157,-14
2026-09-13 19:08:36.769,1789337316.769608,-9
2026-09-13 19:08:36.777,1789337316.7773004,-2
2026-09-13 19:08:36.784,1789337316.7849925,12
2026-09-13 19:08:36.792,1789337316.7926848,24
2026-09-13 19:08:36.800,1789337316.8003771,26
2026-09-13 19:08:36.808,1789337316.8080695,33
2026-09-13 19:08:36.815,1789337316.8157618,46
2026-09-13 19:08:36.823,1789337316.8234541,46
2026-09-13 19:08:36.831,1789337316.8311465,41
2026-09-13 19:08:36.838,1789337316.8388388,43
2026-09-13 19:08:36.846,1789337316.846531,50
2026-09-13 19:08:36.854,1789337316.8542233,53
2026-09-13 19:08:36.861,1789337316.8619156,43
2026-09-13 19:08:36.869,1789337316.869608,24
2026-09-13 19:08:36.877,1789337316.8773003,-7
2026-09-13 19:08:36.884,1789337316.8849926,-46
2026-09-13 19:08:36.892,1789337316.892685,-75
2026-09-13 19:08:36.900,1789337316.9003773,-80
2026-09-13 19:08:36.908,1789337316.9080694,-82
2026-09-13 19:08:36.915,1789337316.9157617,-94
2026-09-13 19:08:36.923,1789337316.923454,-101
2026-09-13 19:08:36.931,1789337316.9311464,-99
2026-09-13 19:08:36.938,1789337316.9388387,-94
2026-09-13 19:08:36.946,1789337316.946531,-89
2026-09-13 19:08:36.954,1789337316.9542234,-87
2026-09-13 19:08:36.961,1789337316.9619157,-75
2026-09-13 19:08:36.969,1789337316.9696078,-58
2026-09-13 19:08:36.977,1789337316.9773002,-58
2026-09-13 19:08:36.984,1789337316.9849925,-70
2026-09-13 19:08:36.992,1789337316.9926848,-65
2026-09-13 19:08:37.000,1789337317.0003772,-53
2026-09-13 19:08:37.008,1789337317.0080695,-55
2026-09-13 19:08:37.015,1789337317.0157619,-60
2026-09-13 19:08:37.023,1789337317.0234542,-53
2026-09-13 19:08:37.031,1789337317.0311465,-53
2026-09-13 19:08:37.038,1789337317.0388386,-70
2026-09-13 19:08:37.046,1789337317.046531,-77
2026-09-13 19:08:37.054,1789337317.0542233,-67
2026-09-13 19:08:37.061,1789337317.0613084,-60
2026-09-13 19:08:37.069,1789337317.0690007,-53
2026-09-13 19:08:37.076,1789337317.076693,-41
2026-09-13 19:08:37.084,1789337317.0843854,-14
2026-09-13 19:08:37.092,1789337317.0920777,12
2026-09-13 19:08:37.099,1789337317.0997698,12
2026-09-13 19:08:37.107,1789337317.1074622,-19
2026-09-13 19:08:37.115,1789337317.1151545,-55
2026-09-13 19:08:37.122,1789337317.1228468,-70
2026-09-13 19:08:37.130,1789337317.1305392,-60
2026-09-13 19:08:37.138,1789337317.1382315,-58
2026-09-13 19:08:37.145,1789337317.1459239,-58
2026-09-13 19:08:37.153,1789337317.1536162,-55
2026-09-13 19:08:37.161,1789337317.1613083,-48
2026-09-13 19:08:37.169,1789337317.1690006,-46
2026-09-13 19:08:37.176,1789337317.176693,-72
2026-09-13 19:08:37.184,1789337317.1843853,-53
2026-09-13 19:08:37.192,1789337317.1920776,101
2026-09-13 19:08:37.199,1789337317.19977,373
2026-09-13 19:08:37.207,1789337317.2074623,659
2026-09-13 19:08:37.215,1789337317.2151546,586
2026-09-13 19:08:37.222,1789337317.2228467,-67
2026-09-13 19:08:37.230,1789337317.230539,-482
2026-09-13 19:08:37.238,1789337317.2382314,-198
2026-09-13 19:08:37.245,1789337317.2459238,2
2026-09-13 19:08:37.253,1789337317.253616,-97
2026-09-13 19:08:37.261,1789337317.2613084,-82
2026-09-13 19:08:37.269,1789337317.2690008,-29
2026-09-13 19:08:37.276,1789337317.276693,-67
2026-09-13 19:08:37.284,1789337317.2843852,-70
2026-09-13 19:08:37.292,1789337317.2920775,-33
2026-09-13 19:08:37.299,1789337317.2997699,-26
2026-09-13 19:08:37.307,1789337317.3074622,-26
2026-09-13 19:08:37.315,1789337317.3151546,-19
2026-09-13 19:08:37.322,1789337317.322847,-16
2026-09-13 19:08:37.330,1789337317.3305392,-7
2026-09-13 19:08:37.338,1789337317.3382316,4
2026-09-13 19:08:37.345,1789337317.3459237,19
2026-09-13 19:08:37.353,1789337317.353616,33
2026-09-13 19:08:37.361,1789337317.3613083,43
2026-09-13 19:08:37.369,1789337317.3690007,53
2026-09-13 19:08:37.376,1789337317.376693,63
2026-09-13 19:08:37.384,1789337317.3843853,77
2026-09-13 19:08:37.392,1789337317.3920777,89
2026-09-13 19:08:37.399,1789337317.39977,87
2026-09-13 19:08:37.407,1789337317.4074621,94
2026-09-13 19:08:37.415,1789337317.4151545,101
2026-09-13 19:08:37.422,1789337317.4228468,101
2026-09-13 19:08:37.430,1789337317.4305391,104
2026-09-13 19:08:37.438,1789337317.4382315,92
2026-09-13 19:08:37.445,1789337317.4459238,60
2026-09-13 19:08:37.453,1789337317.4536161,19
2026-09-13 19:08:37.461,1789337317.4613085,-24
2026-09-13 19:08:37.469,1789337317.4690006,-60
2026-09-13 19:08:37.476,1789337317.476693,-72
2026-09-13 19:08:37.484,1789337317.4843853,-75
2026-09-13 19:08:37.492,1789337317.4920776,-97
2026-09-13 19:08:37.499,1789337317.49977,-113
2026-09-13 19:08:37.507,1789337317.5074623,-99
2026-09-13 19:08:37.515,1789337317.5151546,-80
2026-09-13 19:08:37.522,1789337317.522847,-82
2026-09-13 19:08:37.530,1789337317.530539,-87
2026-09-13 19:08:37.538,1789337317.5382314,-77
2026-09-13 19:08:37.545,1789337317.5459237,-63
2026-09-13 19:08:37.553,1789337317.553616,-58
2026-09-13 19:08:37.561,1789337317.5613084,-58
2026-09-13 19:08:37.569,1789337317.5690007,-53
2026-09-13 19:08:37.576,1789337317.576693,-43
2026-09-13 19:08:37.584,1789337317.5843854,-38
2026-09-13 19:08:37.592,1789337317.5920777,-41
2026-09-13 19:08:37.599,1789337317.5997698,-53
2026-09-13 19:08:37.607,1789337317.6074622,-67
2026-09-13 19:08:37.615,1789337317.6151545,-60
2026-09-13 19:08:37.622,1789337317.6222596,-48
2026-09-13 19:08:37.629,1789337317.629952,-55
2026-09-13 19:08:37.637,1789337317.6376443,-53
2026-09-13 19:08:37.645,1789337317.6453366,-21
2026-09-13 19:08:37.653,1789337317.653029,2
2026-09-13 19:08:37.660,1789337317.660721,0
2026-09-13 19:08:37.668,1789337317.6684134,-14
2026-09-13 19:08:37.676,1789337317.6761057,-36
2026-09-13 19:08:37.683,1789337317.683798,-55
2026-09-13 19:08:37.691,1789337317.6914904,-63
2026-09-13 19:08:37.699,1789337317.6991827,-60
2026-09-13 19:08:37.706,1789337317.706875,-58
2026-09-13 19:08:37.714,1789337317.7145674,-55
2026-09-13 19:08:37.722,1789337317.7222595,-50
2026-09-13 19:08:37.729,1789337317.7299519,-53
2026-09-13 19:08:37.737,1789337317.7376442,-60
2026-09-13 19:08:37.745,1789337317.7453365,-46
2026-09-13 19:08:37.753,1789337317.7530289,70
2026-09-13 19:08:37.760,1789337317.7607212,334
2026-09-13 19:08:37.768,1789337317.7684135,647
2026-09-13 19:08:37.776,1789337317.7761059,603
2026-09-13 19:08:37.783,1789337317.783798,-41
2026-09-13 19:08:37.791,1789337317.7914903,-489
2026-09-13 19:08:37.799,1789337317.7991827,-213
2026-09-13 19:08:37.806,1789337317.806875,9
2026-09-13 19:08:37.814,1789337317.8145673,-109
2026-09-13 19:08:37.822,1789337317.8222597,-113
2026-09-13 19:08:37.829,1789337317.829952,-36
2026-09-13 19:08:37.837,1789337317.8376443,-67
2026-09-13 19:08:37.845,1789337317.8453364,-87
2026-09-13 19:08:37.853,1789337317.8530288,-53
2026-09-13 19:08:37.860,1789337317.860721,-53
2026-09-13 19:08:37.868,1789337317.8684134,-58
2026-09-13 19:08:37.876,1789337317.8761058,-43
2026-09-13 19:08:37.883,1789337317.8837981,-36
2026-09-13 19:08:37.891,1789337317.8914905,-36
2026-09-13 19:08:37.899,1789337317.8991828,-24
2026-09-13 19:08:37.906,1789337317.906875,-12
2026-09-13 19:08:37.914,1789337317.9145672,-7
2026-09-13 19:08:37.922,1789337317.9222596,2
2026-09-13 19:08:37.929,1789337317.929952,16
2026-09-13 19:08:37.937,1789337317.9376442,29
2026-09-13 19:08:37.945,1789337317.9453366,31
2026-09-13 19:08:37.953,1789337317.953029,31
2026-09-13 19:08:37.960,1789337317.9607213,33
2026-09-13 19:08:37.968,1789337317.9684134,33
2026-09-13 19:08:37.976,1789337317.9761057,31
2026-09-13 19:08:37.983,1789337317.983798,31
2026-09-13 19:08:37.991,1789337317.9914904,31
2026-09-13 19:08:37.999,1789337317.9991827,26
2026-09-13 19:08:38.006,1789337318.006875,2
2026-09-13 19:08:38.014,1789337318.0145674,-26
2026-09-13 19:08:38.022,1789337318.0222597,-58
2026-09-13 19:08:38.029,1789337318.0299518,-84
2026-09-13 19:08:38.037,1789337318.0376441,-101
2026-09-13 19:08:38.045,1789337318.0453365,-111
2026-09-13 19:08:38.053,1789337318.0530288,-116
2026-09-13 19:08:38.060,1789337318.0607212,-116
2026-09-13 19:08:38.068,1789337318.0684135,-116
2026-09-13 19:08:38.076,1789337318.0761058,-116
2026-09-13 19:08:38.083,1789337318.0837982,-109
2026-09-13 19:08:38.091,1789337318.0914903,-101
2026-09-13 19:08:38.099,1789337318.0991826,-97
2026-09-13 19:08:38.106,1789337318.106875,-94
2026-09-13 19:08:38.114,1789337318.1145673,-89
2026-09-13 19:08:38.122,1789337318.1222596,-84
2026-09-13 19:08:38.129,1789337318.129952,-80
2026-09-13 19:08:38.137,1789337318.1376443,-77
2026-09-13 19:08:38.145,1789337318.1453366,-77
2026-09-13 19:08:38.153,1789337318.153029,-87
2026-09-13 19:08:38.160,1789337318.160721,-99
2026-09-13 19:08:38.168,1789337318.1684134,-97
2026-09-13 19:08:38.176,1789337318.1761057,-87
2026-09-13 19:08:38.183,1789337318.1832314,-82
2026-09-13 19:08:38.190,1789337318.1909237,-75
2026-09-13 19:08:38.198,1789337318.198616,-50
2026-09-13 19:08:38.206,1789337318.2063084,-33
2026-09-13 19:08:38.214,1789337318.2140007,-36
2026-09-13 19:08:38.221,1789337318.2216928,-50
2026-09-13 19:08:38.229,1789337318.2293851,-70
2026-09-13 19:08:38.237,1789337318.2370775,-87
2026-09-13 19:08:38.244,1789337318.2447698,-92
2026-09-13 19:08:38.252,1789337318.2524621,-94
2026-09-13 19:08:38.260,1789337318.2601545,-94
2026-09-13 19:08:38.267,1789337318.2678468,-92
2026-09-13 19:08:38.275,1789337318.2755392,-89
2026-09-13 19:08:38.283,1789337318.2832313,-97
2026-09-13 19:08:38.290,1789337318.2909236,-109
2026-09-13 19:08:38.298,1789337318.298616,-94
2026-09-13 19:08:38.306,1789337318.3063083,16
2026-09-13 19:08:38.314,1789337318.3140006,264
2026-09-13 19:08:38.321,1789337318.321693,611
2026-09-13 19:08:38.329,1789337318.3293853,640
2026-09-13 19:08:38.337,1789337318.3370776,21
2026-09-13 19:08:38.344,1789337318.3447697,-451
2026-09-13 19:08:38.352,1789337318.352462,-210
2026-09-13 19:08:38.360,1789337318.3601544,-9
2026-09-13 19:08:38.367,1789337318.3678467,-145
2026-09-13 19:08:38.375,1789337318.375539,-157
2026-09-13 19:08:38.383,1789337318.3832314,-80
2026-09-13 19:08:38.390,1789337318.3909237,-111
2026-09-13 19:08:38.398,1789337318.398616,-128
2026-09-13 19:08:38.406,1789337318.4063082,-89
2026-09-13 19:08:38.414,1789337318.4140005,-80
2026-09-13 19:08:38.421,1789337318.4216928,-84
2026-09-13 19:08:38.429,1789337318.4293852,-70
2026-09-13 19:08:38.437,1789337318.4370775,-63
2026-09-13 19:08:38.444,1789337318.4447699,-63
2026-09-13 19:08:38.452,1789337318.4524622,-53
2026-09-13 19:08:38.460,1789337318.4601545,-41
2026-09-13 19:08:38.467,1789337318.4678466,-38
2026-09-13 19:08:38.475,1789337318.475539,-36
2026-09-13 19:08:38.483,1789337318.4832313,-29
2026-09-13 19:08:38.490,1789337318.4909236,-24
2026-09-13 19:08:38.498,1789337318.498616,-21
2026-09-13 19:08:38.506,1789337318.5063083,-24
2026-09-13 19:08:38.514,1789337318.5140007,-33
2026-09-13 19:08:38.521,1789337318.521693,-41
2026-09-13 19:08:38.529,1789337318.529385,-43
2026-09-13 19:08:38.537,1789337318.5370774,-46
2026-09-13 19:08:38.544,1789337318.5447698,-41
2026-09-13 19:08:38.552,1789337318.552462,-41
2026-09-13 19:08:38.560,1789337318.5601544,-50
2026-09-13 19:08:38.567,1789337318.5678468,-63
2026-09-13 19:08:38.575,1789337318.575539,-75
2026-09-13 19:08:38.583,1789337318.5832314,-92
2026-09-13 19:08:38.590,1789337318.5909235,-106
2026-09-13 19:08:38.598,1789337318.598616,-106
2026-09-13 19:08:38.606,1789337318.6063082,-104
2026-09-13 19:08:38.614,1789337318.6140006,-109
2026-09-13 19:08:38.621,1789337318.621693,-106
2026-09-13 19:08:38.629,1789337318.6293852,-104
2026-09-13 19:08:38.637,1789337318.6370776,-97
2026-09-13 19:08:38.644,1789337318.64477,-87
2026-09-13 19:08:38.652,1789337318.652462,-80
2026-09-13 19:08:38.660,1789337318.6601543,-75
2026-09-13 19:08:38.667,1789337318.6678467,-72
2026-09-13 19:08:38.675,1789337318.675539,-72
2026-09-13 19:08:38.683,1789337318.6832314,-72
2026-09-13 19:08:38.690,1789337318.6909237,-70
2026-09-13 19:08:38.698,1789337318.698616,-70
2026-09-13 19:08:38.706,1789337318.7063084,-75
2026-09-13 19:08:38.714,1789337318.7140007,-84
2026-09-13 19:08:38.721,1789337318.7216928,-87
2026-09-13 19:08:38.729,1789337318.7293851,-75
2026-09-13 19:08:38.737,1789337318.7370775,-67
2026-09-13 19:08:38.744,1789337318.7441776,-60
2026-09-13 19:08:38.751,1789337318.75187,-38
2026-09-13 19:08:38.759,1789337318.7595623,-16
2026-09-13 19:08:38.767,1789337318.7672546,-19
2026-09-13 19:08:38.774,1789337318.774947,-38
2026-09-13 19:08:38.782,1789337318.782639,-53
2026-09-13 19:08:38.790,1789337318.7903314,-72
2026-09-13 19:08:38.798,1789337318.7980237,-84
2026-09-13 19:08:38.805,1789337318.805716,-84
2026-09-13 19:08:38.813,1789337318.8134084,-82
2026-09-13 19:08:38.821,1789337318.8211007,-82
2026-09-13 19:08:38.828,1789337318.828793,-77
2026-09-13 19:08:38.836,1789337318.8364854,-82
2026-09-13 19:08:38.844,1789337318.8441775,-99
2026-09-13 19:08:38.851,1789337318.8518698,-82
2026-09-13 19:08:38.859,1789337318.8595622,24
2026-09-13 19:08:38.867,1789337318.8672545,247
2026-09-13 19:08:38.874,1789337318.8749468,574
2026-09-13 19:08:38.882,1789337318.8826392,625
2026-09-13 19:08:38.890,1789337318.8903315,36
2026-09-13 19:08:38.898,1789337318.8980238,-434
2026-09-13 19:08:38.905,1789337318.905716,-206
2026-09-13 19:08:38.913,1789337318.9134083,-2
2026-09-13 19:08:38.921,1789337318.9211006,-123
2026-09-13 19:08:38.928,1789337318.928793,-138
2026-09-13 19:08:38.936,1789337318.9364853,-67
2026-09-13 19:08:38.944,1789337318.9441776,-94
2026-09-13 19:08:38.951,1789337318.95187,-109
2026-09-13 19:08:38.959,1789337318.9595623,-72
2026-09-13 19:08:38.967,1789337318.9672544,-67
2026-09-13 19:08:38.974,1789337318.9749467,-75
2026-09-13 19:08:38.982,1789337318.982639,-60
2026-09-13 19:08:38.990,1789337318.9903314,-50
2026-09-13 19:08:38.998,1789337318.9980237,-48
2026-09-13 19:08:39.005,1789337319.005716,-43
2026-09-13 19:08:39.013,1789337319.0134084,-31
2026-09-13 19:08:39.021,1789337319.0211008,-26
2026-09-13 19:08:39.028,1789337319.0287929,-19
2026-09-13 19:08:39.036,1789337319.0364852,-9
2026-09-13 19:08:39.044,1789337319.0441775,0
2026-09-13 19:08:39.051,1789337319.0518699,-2
2026-09-13 19:08:39.059,1789337319.0595622,-2
2026-09-13 19:08:39.067,1789337319.0672545,-2
2026-09-13 19:08:39.074,1789337319.0749469,-7
2026-09-13 19:08:39.082,1789337319.0826392,-12
2026-09-13 19:08:39.090,1789337319.0903313,-7
2026-09-13 19:08:39.098,1789337319.0980237,-4
2026-09-13 19:08:39.105,1789337319.105716,-7
2026-09-13 19:08:39.113,1789337319.1134083,-19
2026-09-13 19:08:39.121,1789337319.1211007,-38
2026-09-13 19:08:39.128,1789337319.128793,-60
2026-09-13 19:08:39.136,1789337319.1364853,-80
2026-09-13 19:08:39.144,1789337319.1441777,-92
2026-09-13 19:08:39.151,1789337319.1518698,-92
2026-09-13 19:08:39.159,1789337319.159562,-92
2026-09-13 19:08:39.167,1789337319.1672544,-92
2026-09-13 19:08:39.174,1789337319.1749468,-89
2026-09-13 19:08:39.182,1789337319.1826391,-87
2026-09-13 19:08:39.190,1789337319.1903315,-77
2026-09-13 19:08:39.198,1789337319.1980238,-75
2026-09-13 19:08:39.205,1789337319.2057161,-75
2026-09-13 19:08:39.213,1789337319.2134082,-67
2026-09-13 19:08:39.221,1789337319.2211006,-63
2026-09-13 19:08:39.228,1789337319.228793,-63
2026-09-13 19:08:39.236,1789337319.2364852,-60
2026-09-13 19:08:39.244,1789337319.2441776,-60
2026-09-13 19:08:39.251,1789337319.25187,-65
2026-09-13 19:08:39.259,1789337319.2595623,-70
2026-09-13 19:08:39.267,1789337319.2672546,-75
2026-09-13 19:08:39.274,1789337319.274947,-72
2026-09-13 19:08:39.282,1789337319.282639,-63
2026-09-13 19:08:39.290,1789337319.2903314,-55
2026-09-13 19:08:39.298,1789337319.2980237,-41
2026-09-13 19:08:39.305,1789337319.305124,-19
2026-09-13 19:08:39.312,1789337319.3128164,-2
2026-09-13 19:08:39.320,1789337319.3205087,-7
2026-09-13 19:08:39.328,1789337319.328201,-26
2026-09-13 19:08:39.335,1789337319.3358934,-48
2026-09-13 19:08:39.343,1789337319.3435855,-70
2026-09-13 19:08:39.351,1789337319.3512778,-75
2026-09-13 19:08:39.358,1789337319.3589702,-75
2026-09-13 19:08:39.366,1789337319.3666625,-77
2026-09-13 19:08:39.374,1789337319.3743548,-75
2026-09-13 19:08:39.382,1789337319.3820472,-70
2026-09-13 19:08:39.389,1789337319.3897395,-77
2026-09-13 19:08:39.397,1789337319.3974319,-94
2026-09-13 19:08:39.405,1789337319.405124,-80
2026-09-13 19:08:39.412,1789337319.4128163,12
2026-09-13 19:08:39.420,1789337319.4205086,213
2026-09-13 19:08:39.428,1789337319.428201,509
2026-09-13 19:08:39.435,1789337319.4358933,516
2026-09-13 19:08:39.443,1789337319.4435856,-38
2026-09-13 19:08:39.451,1789337319.451278,-407
2026-09-13 19:08:39.458,1789337319.4589703,-167
2026-09-13 19:08:39.466,1789337319.4666624,-7
2026-09-13 19:08:39.474,1789337319.4743547,-106
2026-09-13 19:08:39.482,1789337319.482047,-104
2026-09-13 19:08:39.489,1789337319.4897394,-55
2026-09-13 19:08:39.497,1789337319.4974318,-87
2026-09-13 19:08:39.505,1789337319.505124,-92
2026-09-13 19:08:39.512,1789337319.5128164,-60
2026-09-13 19:08:39.520,1789337319.5205088,-55
2026-09-13 19:08:39.528,1789337319.5282009,-53
2026-09-13 19:08:39.535,1789337319.5358932,-38
2026-09-13 19:08:39.543,1789337319.5435855,-33
2026-09-13 19:08:39.551,1789337319.5512779,-33
2026-09-13 19:08:39.558,1789337319.5589702,-19
2026-09-13 19:08:39.566,1789337319.5666625,-7
2026-09-13 19:08:39.574,1789337319.574355,-2
2026-09-13 19:08:39.582,1789337319.5820472,7
2026-09-13 19:08:39.589,1789337319.5897393,19
2026-09-13 19:08:39.597,1789337319.5974317,29
2026-09-13 19:08:39.605,1789337319.605124,36
2026-09-13 19:08:39.612,1789337319.6128163,38
2026-09-13 19:08:39.620,1789337319.6205087,33
2026-09-13 19:08:39.628,1789337319.628201,38
2026-09-13 19:08:39.635,1789337319.6358933,41
2026-09-13 19:08:39.643,1789337319.6435857,33
2026-09-13 19:08:39.651,1789337319.6512778,36
2026-09-13 19:08:39.658,1789337319.65897,33
2026-09-13 19:08:39.666,1789337319.6666625,7
2026-09-13 19:08:39.674,1789337319.6743548,-21
2026-09-13 19:08:39.682,1789337319.6820471,-38
2026-09-13 19:08:39.689,1789337319.6897395,-55
2026-09-13 19:08:39.697,1789337319.6974318,-67
2026-09-13 19:08:39.705,1789337319.7051241,-77
2026-09-13 19:08:39.712,1789337319.7128162,-82
2026-09-13 19:08:39.720,1789337319.7205086,-87
2026-09-13 19:08:39.728,1789337319.728201,-87
2026-09-13 19:08:39.735,1789337319.7358932,-80
2026-09-13 19:08:39.743,1789337319.7435856,-75
2026-09-13 19:08:39.751,1789337319.751278,-67
2026-09-13 19:08:39.758,1789337319.7589703,-55
2026-09-13 19:08:39.766,1789337319.7666626,-46
2026-09-13 19:08:39.774,1789337319.7743547,-48
2026-09-13 19:08:39.782,1789337319.782047,-53
2026-09-13 19:08:39.789,1789337319.7897394,-50
2026-09-13 19:08:39.797,1789337319.7974317,-43
2026-09-13 19:08:39.805,1789337319.805124,-46
2026-09-13 19:08:39.812,1789337319.8128164,-55
2026-09-13 19:08:39.820,1789337319.8205087,-63
2026-09-13 19:08:39.828,1789337319.828201,-65
2026-09-13 19:08:39.835,1789337319.8358934,-55
2026-09-13 19:08:39.843,1789337319.8435855,-36
2026-09-13 19:08:39.851,1789337319.8512778,-21
2026-09-13 19:08:39.858,1789337319.8589702,-9
2026-09-13 19:08:39.866,1789337319.8660855,2
2026-09-13 19:08:39.873,1789337319.8737779,7
2026-09-13 19:08:39.881,1789337319.8814702,2
2026-09-13 19:08:39.889,1789337319.8891625,-24
2026-09-13 19:08:39.896,1789337319.8968549,-55
2026-09-13 19:08:39.904,1789337319.904547,-65
2026-09-13 19:08:39.912,1789337319.9122393,-63
2026-09-13 19:08:39.919,1789337319.9199317,-60
2026-09-13 19:08:39.927,1789337319.927624,-55
2026-09-13 19:08:39.935,1789337319.9353163,-53
2026-09-13 19:08:39.943,1789337319.9430087,-60
2026-09-13 19:08:39.950,1789337319.950701,-77
2026-09-13 19:08:39.958,1789337319.9583933,-55
2026-09-13 19:08:39.966,1789337319.9660854,75
2026-09-13 19:08:39.973,1789337319.9737778,329
2026-09-13 19:08:39.981,1789337319.98147,613
2026-09-13 19:08:39.989,1789337319.9891624,545
2026-09-13 19:08:39.996,1789337319.9968548,-80
2026-09-13 19:08:40.004,1789337320.004547,-487
2026-09-13 19:08:40.012,1789337320.0122395,-215
2026-09-13 19:08:40.019,1789337320.0199318,-9
2026-09-13 19:08:40.027,1789337320.027624,-109
2026-09-13 19:08:40.035,1789337320.0353162,-97
2026-09-13 19:08:40.043,1789337320.0430086,-29
2026-09-13 19:08:40.050,1789337320.050701,-63
2026-09-13 19:08:40.058,1789337320.0583932,-72
2026-09-13 19:08:40.066,1789337320.0660856,-41
2026-09-13 19:08:40.073,1789337320.073778,-41
2026-09-13 19:08:40.081,1789337320.0814703,-46
2026-09-13 19:08:40.089,1789337320.0891623,-29
2026-09-13 19:08:40.096,1789337320.0968547,-9
2026-09-13 19:08:40.104,1789337320.104547,-2
2026-09-13 19:08:40.112,1789337320.1122394,-9
2026-09-13 19:08:40.119,1789337320.1199317,-2
2026-09-13 19:08:40.127,1789337320.127624,24
2026-09-13 19:08:40.135,1789337320.1353164,36
2026-09-13 19:08:40.143,1789337320.1430087,43
2026-09-13 19:08:40.150,1789337320.1507008,63
2026-09-13 19:08:40.158,1789337320.1583931,77
2026-09-13 19:08:40.166,1789337320.1660855,77
2026-09-13 19:08:40.173,1789337320.1737778,80
2026-09-13 19:08:40.181,1789337320.1814702,89
2026-09-13 19:08:40.189,1789337320.1891625,82
2026-09-13 19:08:40.196,1789337320.1968548,75
2026-09-13 19:08:40.204,1789337320.2045472,92
2026-09-13 19:08:40.212,1789337320.2122393,97
2026-09-13 19:08:40.219,1789337320.2199316,60
2026-09-13 19:08:40.227,1789337320.227624,7
2026-09-13 19:08:40.235,1789337320.2353163,-31
2026-09-13 19:08:40.243,1789337320.2430086,-48
2026-09-13 19:08:40.250,1789337320.250701,-70
2026-09-13 19:08:40.258,1789337320.2583933,-94
2026-09-13 19:08:40.266,1789337320.2660856,-106
2026-09-13 19:08:40.273,1789337320.2737777,-109
2026-09-13 19:08:40.281,1789337320.28147,-106
2026-09-13 19:08:40.289,1789337320.2891624,-104
2026-09-13 19:08:40.296,1789337320.2968547,-92
2026-09-13 19:08:40.304,1789337320.304547,-77
2026-09-13 19:08:40.312,1789337320.3122394,-75
2026-09-13 19:08:40.319,1789337320.3199317,-72
2026-09-13 19:08:40.327,1789337320.327624,-58
2026-09-13 19:08:40.335,1789337320.3353162,-50
2026-09-13 19:08:40.343,1789337320.3430085,-60
2026-09-13 19:08:40.350,1789337320.3507009,-58
2026-09-13 19:08:40.358,1789337320.3583932,-53
2026-09-13 19:08:40.366,1789337320.3660855,-58
2026-09-13 19:08:40.373,1789337320.3737779,-53
2026-09-13 19:08:40.381,1789337320.3814702,-50
2026-09-13 19:08:40.389,1789337320.3891625,-53
2026-09-13 19:08:40.396,1789337320.3968549,-33
2026-09-13 19:08:40.404,1789337320.404547,-4
2026-09-13 19:08:40.412,1789337320.4122393,12
2026-09-13 19:08:40.419,1789337320.4199317,0
2026-09-13 19:08:40.427,1789337320.427047,-26
2026-09-13 19:08:40.434,1789337320.4347394,-46
2026-09-13 19:08:40.442,1789337320.4424317,-48
2026-09-13 19:08:40.450,1789337320.450124,-58
2026-09-13 19:08:40.457,1789337320.4578164,-67
2026-09-13 19:08:40.465,1789337320.4655085,-58
2026-09-13 19:08:40.473,1789337320.4732008,-46
2026-09-13 19:08:40.480,1789337320.4808931,-50
2026-09-13 19:08:40.488,1789337320.4885855,-55
2026-09-13 19:08:40.496,1789337320.4962778,-60
2026-09-13 19:08:40.503,1789337320.5039701,-48
2026-09-13 19:08:40.511,1789337320.5116625,80
2026-09-13 19:08:40.519,1789337320.5193548,361
2026-09-13 19:08:40.527,1789337320.527047,662
2026-09-13 19:08:40.534,1789337320.5347393,550
2026-09-13 19:08:40.542,1789337320.5424316,-111
2026-09-13 19:08:40.550,1789337320.550124,-468
2026-09-13 19:08:40.557,1789337320.5578163,-167
2026-09-13 19:08:40.565,1789337320.5655086,2
2026-09-13 19:08:40.573,1789337320.573201,-101
2026-09-13 19:08:40.580,1789337320.5808933,-87
2026-09-13 19:08:40.588,1789337320.5885854,-43
2026-09-13 19:08:40.596,1789337320.5962777,-65
2026-09-13 19:08:40.603,1789337320.60397,-53
2026-09-13 19:08:40.611,1789337320.6116624,-38
2026-09-13 19:08:40.619,1789337320.6193547,-53
2026-09-13 19:08:40.627,1789337320.627047,-41
2026-09-13 19:08:40.634,1789337320.6347394,-9
2026-09-13 19:08:40.642,1789337320.6424317,-7
2026-09-13 19:08:40.650,1789337320.6501238,-12
2026-09-13 19:08:40.657,1789337320.6578162,-7
2026-09-13 19:08:40.665,1789337320.6655085,7
2026-09-13 19:08:40.673,1789337320.6732008,26
2026-09-13 19:08:40.680,1789337320.6808932,36
2026-09-13 19:08:40.688,1789337320.6885855,33
2026-09-13 19:08:40.696,1789337320.6962779,48
2026-09-13 19:08:40.703,1789337320.7039702,63
2026-09-13 19:08:40.711,1789337320.7116623,63
2026-09-13 19:08:40.719,1789337320.7193546,65
2026-09-13 19:08:40.727,1789337320.727047,70
2026-09-13 19:08:40.734,1789337320.7347393,67
2026-09-13 19:08:40.742,1789337320.7424316,60
2026-09-13 19:08:40.750,1789337320.750124,63
2026-09-13 19:08:40.757,1789337320.7578163,55
2026-09-13 19:08:40.765,1789337320.7655087,29
2026-09-13 19:08:40.773,1789337320.7732008,-9
2026-09-13 19:08:40.780,1789337320.780893,-41
2026-09-13 19:08:40.788,1789337320.7885854,-65
2026-09-13 19:08:40.796,1789337320.7962778,-80
2026-09-13 19:08:40.803,1789337320.80397,-89
2026-09-13 19:08:40.811,1789337320.8116624,-94
2026-09-13 19:08:40.819,1789337320.8193548,-94
2026-09-13 19:08:40.827,1789337320.827047,-94
2026-09-13 19:08:40.834,1789337320.8347392,-89
2026-09-13 19:08:40.842,1789337320.8424315,-82
2026-09-13 19:08:40.850,1789337320.850124,-72
2026-09-13 19:08:40.857,1789337320.8578162,-65
2026-09-13 19:08:40.865,1789337320.8655086,-60
2026-09-13 19:08:40.873,1789337320.873201,-58
2026-09-13 19:08:40.880,1789337320.8808932,-53
2026-09-13 19:08:40.888,1789337320.8885856,-50
2026-09-13 19:08:40.896,1789337320.8962777,-50
2026-09-13 19:08:40.903,1789337320.90397,-60
2026-09-13 19:08:40.911,1789337320.9116623,-58
2026-09-13 19:08:40.919,1789337320.9193547,-48
2026-09-13 19:08:40.927,1789337320.927047,-46
2026-09-13 19:08:40.934,1789337320.9347394,-38
2026-09-13 19:08:40.942,1789337320.9424317,-19
2026-09-13 19:08:40.950,1789337320.950124,-4
2026-09-13 19:08:40.957,1789337320.9578164,-2
2026-09-13 19:08:40.965,1789337320.9655085,-16
2026-09-13 19:08:40.973,1789337320.9732008,-46
2026-09-13 19:08:40.980,1789337320.9808931,-65
2026-09-13 19:08:40.987,1789337320.9879932,-65
2026-09-13 19:08:40.995,1789337320.9956856,-65
2026-09-13 19:08:41.003,1789337321.003378,-65
2026-09-13 19:08:41.011,1789337321.0110703,-65
2026-09-13 19:08:41.018,1789337321.0187626,-63
2026-09-13 19:08:41.026,1789337321.0264547,-65
2026-09-13 19:08:41.034,1789337321.034147,-75
2026-09-13 19:08:41.041,1789337321.0418394,-65
2026-09-13 19:08:41.049,1789337321.0495317,38
2026-09-13 19:08:41.057,1789337321.057224,291
2026-09-13 19:08:41.064,1789337321.0649164,615
2026-09-13 19:08:41.072,1789337321.0726087,555
2026-09-13 19:08:41.080,1789337321.080301,-94
2026-09-13 19:08:41.087,1789337321.0879931,-453
2026-09-13 19:08:41.095,1789337321.0956855,-143
2026-09-13 19:08:41.103,1789337321.1033778,12
2026-09-13 19:08:41.111,1789337321.1110702,-123
2026-09-13 19:08:41.118,1789337321.1187625,-106
2026-09-13 19:08:41.126,1789337321.1264548,-43
2026-09-13 19:08:41.134,1789337321.1341472,-82
2026-09-13 19:08:41.141,1789337321.1418395,-87
2026-09-13 19:08:41.149,1789337321.1495316,-53
2026-09-13 19:08:41.157,1789337321.157224,-53
2026-09-13 19:08:41.164,1789337321.1649163,-55
2026-09-13 19:08:41.172,1789337321.1726086,-36
2026-09-13 19:08:41.180,1789337321.180301,-29
2026-09-13 19:08:41.187,1789337321.1879933,-29
2026-09-13 19:08:41.195,1789337321.1956856,-19
2026-09-13 19:08:41.203,1789337321.203378,-9
2026-09-13 19:08:41.211,1789337321.21107,-7
2026-09-13 19:08:41.218,1789337321.2187624,2
2026-09-13 19:08:41.226,1789337321.2264547,12
2026-09-13 19:08:41.234,1789337321.234147,14
2026-09-13 19:08:41.241,1789337321.2418394,14
2026-09-13 19:08:41.249,1789337321.2495317,16
2026-09-13 19:08:41.257,1789337321.257224,16
2026-09-13 19:08:41.264,1789337321.2649164,14
2026-09-13 19:08:41.272,1789337321.2726085,7
2026-09-13 19:08:41.280,1789337321.2803009,2
2026-09-13 19:08:41.287,1789337321.2879932,2
2026-09-13 19:08:41.295,1789337321.2956855,-4
2026-09-13 19:08:41.303,1789337321.3033779,-19
2026-09-13 19:08:41.311,1789337321.3110702,-38
2026-09-13 19:08:41.318,1789337321.3187625,-60
2026-09-13 19:08:41.326,1789337321.3264549,-75
2026-09-13 19:08:41.334,1789337321.334147,-82
2026-09-13 19:08:41.341,1789337321.3418393,-87
2026-09-13 19:08:41.349,1789337321.3495317,-87
2026-09-13 19:08:41.357,1789337321.357224,-84
2026-09-13 19:08:41.364,1789337321.3649163,-82
2026-09-13 19:08:41.372,1789337321.3726087,-75
2026-09-13 19:08:41.380,1789337321.380301,-70
2026-09-13 19:08:41.387,1789337321.3879933,-60
2026-09-13 19:08:41.395,1789337321.3956854,-53
2026-09-13 19:08:41.403,1789337321.4033778,-53
2026-09-13 19:08:41.411,1789337321.41107,-50
2026-09-13 19:08:41.418,1789337321.4187624,-48
2026-09-13 19:08:41.426,1789337321.4264548,-48
2026-09-13 19:08:41.434,1789337321.4341471,-53
2026-09-13 19:08:41.441,1789337321.4418395,-60
2026-09-13 19:08:41.449,1789337321.4495318,-55
2026-09-13 19:08:41.457,1789337321.457224,-53
2026-09-13 19:08:41.464,1789337321.4649162,-50
2026-09-13 19:08:41.472,1789337321.4726086,-29
2026-09-13 19:08:41.480,1789337321.480301,2
2026-09-13 19:08:41.487,1789337321.4879932,7
2026-09-13 19:08:41.495,1789337321.4956856,-7
2026-09-13 19:08:41.503,1789337321.503378,-26
2026-09-13 19:08:41.511,1789337321.5110703,-46
2026-09-13 19:08:41.518,1789337321.5187626,-60
2026-09-13 19:08:41.526,1789337321.5264547,-60
2026-09-13 19:08:41.534,1789337321.534147,-60
2026-09-13 19:08:41.541,1789337321.5418394,-60
2026-09-13 19:08:41.548,1789337321.5489702,-55
2026-09-13 19:08:41.556,1789337321.5566626,-58
2026-09-13 19:08:41.564,1789337321.564355,-67
2026-09-13 19:08:41.572,1789337321.5720472,-77
2026-09-13 19:08:41.579,1789337321.5797396,-33
2026-09-13 19:08:41.587,1789337321.5874317,130
2026-09-13 19:08:41.595,1789337321.595124,455
2026-09-13 19:08:41.602,1789337321.6028163,722
2026-09-13 19:08:41.610,1789337321.6105087,388
2026-09-13 19:08:41.618,1789337321.618201,-305
2026-09-13 19:08:41.625,1789337321.6258934,-363
2026-09-13 19:08:41.633,1789337321.6335857,-16
2026-09-13 19:08:41.641,1789337321.641278,-36
2026-09-13 19:08:41.648,1789337321.6489701,-147
2026-09-13 19:08:41.656,1789337321.6566625,-75
2026-09-13 19:08:41.664,1789337321.6643548,-53
2026-09-13 19:08:41.672,1789337321.6720471,-99
2026-09-13 19:08:41.679,1789337321.6797395,-82
2026-09-13 19:08:41.687,1789337321.6874318,-53
2026-09-13 19:08:41.695,1789337321.6951241,-55
2026-09-13 19:08:41.702,1789337321.7028165,-55
2026-09-13 19:08:41.710,1789337321.7105086,-46
2026-09-13 19:08:41.718,1789337321.718201,-38
2026-09-13 19:08:41.725,1789337321.7258933,-31
2026-09-13 19:08:41.733,1789337321.7335856,-24
2026-09-13 19:08:41.741,1789337321.741278,-19
2026-09-13 19:08:41.748,1789337321.7489703,-12
2026-09-13 19:08:41.756,1789337321.7566626,-4
2026-09-13 19:08:41.764,1789337321.764355,0
2026-09-13 19:08:41.772,1789337321.772047,0
2026-09-13 19:08:41.779,1789337321.7797394,-2
2026-09-13 19:08:41.787,1789337321.7874317,-2
2026-09-13 19:08:41.795,1789337321.795124,-7
2026-09-13 19:08:41.802,1789337321.8028164,-14
2026-09-13 19:08:41.810,1789337321.8105087,-14
2026-09-13 19:08:41.818,1789337321.818201,-14
2026-09-13 19:08:41.825,1789337321.8258934,-14
2026-09-13 19:08:41.833,1789337321.8335855,-19
2026-09-13 19:08:41.841,1789337321.8412778,-36
2026-09-13 19:08:41.848,1789337321.8489702,-55
2026-09-13 19:08:41.856,1789337321.8566625,-72
2026-09-13 19:08:41.864,1789337321.8643548,-84
2026-09-13 19:08:41.872,1789337321.8720472,-92
2026-09-13 19:08:41.879,1789337321.8797395,-92
2026-09-13 19:08:41.887,1789337321.8874319,-89
2026-09-13 19:08:41.895,1789337321.895124,-84
2026-09-13 19:08:41.902,1789337321.9028163,-84
2026-09-13 19:08:41.910,1789337321.9105086,-77
2026-09-13 19:08:41.918,1789337321.918201,-67
2026-09-13 19:08:41.925,1789337321.9258933,-63
2026-09-13 19:08:41.933,1789337321.9335856,-63
2026-09-13 19:08:41.941,1789337321.941278,-58
2026-09-13 19:08:41.948,1789337321.9489703,-55
2026-09-13 19:08:41.956,1789337321.9566624,-53
2026-09-13 19:08:41.964,1789337321.9643548,-53
2026-09-13 19:08:41.972,1789337321.972047,-58
2026-09-13 19:08:41.979,1789337321.9797394,-67
2026-09-13 19:08:41.987,1789337321.9874318,-63
2026-09-13 19:08:41.995,1789337321.995124,-50
2026-09-13 19:08:42.002,1789337322.0028164,-46
2026-09-13 19:08:42.010,1789337322.0105088,-33
2026-09-13 19:08:42.018,1789337322.0182009,-12
2026-09-13 19:08:42.025,1789337322.0258932,7
2026-09-13 19:08:42.033,1789337322.0335855,2
2026-09-13 19:08:42.041,1789337322.041278,-19
2026-09-13 19:08:42.048,1789337322.0489702,-41
2026-09-13 19:08:42.056,1789337322.0566626,-58
2026-09-13 19:08:42.064,1789337322.064355,-65
2026-09-13 19:08:42.072,1789337322.0720472,-65
2026-09-13 19:08:42.079,1789337322.0797396,-67
2026-09-13 19:08:42.087,1789337322.0874317,-65
2026-09-13 19:08:42.095,1789337322.095124,-58
2026-09-13 19:08:42.102,1789337322.1028163,-60
2026-09-13 19:08:42.109,1789337322.1099162,-80
2026-09-13 19:08:42.117,1789337322.1176085,-63
2026-09-13 19:08:42.125,1789337322.125301,53
2026-09-13 19:08:42.132,1789337322.1329932,293
2026-09-13 19:08:42.140,1789337322.1406856,630
2026-09-13 19:08:42.148,1789337322.1483777,594
2026-09-13 19:08:42.156,1789337322.15607,-58
2026-09-13 19:08:42.163,1789337322.1637623,-414
2026-09-13 19:08:42.171,1789337322.1714547,-113
2026-09-13 19:08:42.179,1789337322.179147,24
2026-09-13 19:08:42.186,1789337322.1868393,-111
2026-09-13 19:08:42.194,1789337322.1945317,-89
2026-09-13 19:08:42.202,1789337322.202224,-26
2026-09-13 19:08:42.209,1789337322.209916,-65
2026-09-13 19:08:42.217,1789337322.2176085,-75
2026-09-13 19:08:42.225,1789337322.2253008,-38
2026-09-13 19:08:42.232,1789337322.2329931,-38
2026-09-13 19:08:42.240,1789337322.2406855,-43
2026-09-13 19:08:42.248,1789337322.2483778,-29
2026-09-13 19:08:42.256,1789337322.2560701,-19
2026-09-13 19:08:42.263,1789337322.2637625,-16
2026-09-13 19:08:42.271,1789337322.2714546,-14
2026-09-13 19:08:42.279,1789337322.279147,-2
2026-09-13 19:08:42.286,1789337322.2868392,7
2026-09-13 19:08:42.294,1789337322.2945316,12
2026-09-13 19:08:42.302,1789337322.302224,16
2026-09-13 19:08:42.309,1789337322.3099163,24
2026-09-13 19:08:42.317,1789337322.3176086,31
2026-09-13 19:08:42.325,1789337322.325301,26
2026-09-13 19:08:42.332,1789337322.332993,24
2026-09-13 19:08:42.340,1789337322.3406854,21
2026-09-13 19:08:42.348,1789337322.3483777,14
2026-09-13 19:08:42.356,1789337322.35607,14
2026-09-13 19:08:42.363,1789337322.3637624,19
2026-09-13 19:08:42.371,1789337322.3714547,16
2026-09-13 19:08:42.379,1789337322.379147,-2
2026-09-13 19:08:42.386,1789337322.3868394,-24
2026-09-13 19:08:42.394,1789337322.3945315,-46
2026-09-13 19:08:42.402,1789337322.4022238,-63
2026-09-13 19:08:42.409,1789337322.4099162,-70
2026-09-13 19:08:42.417,1789337322.4176085,-75
2026-09-13 19:08:42.425,1789337322.4253008,-77
2026-09-13 19:08:42.432,1789337322.4329932,-72
2026-09-13 19:08:42.440,1789337322.4406855,-72
2026-09-13 19:08:42.448,1789337322.4483778,-67
2026-09-13 19:08:42.456,1789337322.45607,-58
2026-09-13 19:08:42.463,1789337322.4637623,-55
2026-09-13 19:08:42.471,1789337322.4714546,-53
2026-09-13 19:08:42.479,1789337322.479147,-48
2026-09-13 19:08:42.486,1789337322.4868393,-43
2026-09-13 19:08:42.494,1789337322.4945316,-41
2026-09-13 19:08:42.502,1789337322.502224,-43
2026-09-13 19:08:42.509,1789337322.5099163,-41
2026-09-13 19:08:42.517,1789337322.5176084,-38
2026-09-13 19:08:42.525,1789337322.5253007,-46
2026-09-13 19:08:42.532,1789337322.532993,-48
2026-09-13 19:08:42.540,1789337322.5406854,-41
2026-09-13 19:08:42.548,1789337322.5483778,-31
2026-09-13 19:08:42.556,1789337322.55607,-19
2026-09-13 19:08:42.563,1789337322.5637624,2
2026-09-13 19:08:42.571,1789337322.5714548,24
2026-09-13 19:08:42.579,1789337322.5791469,24
2026-09-13 19:08:42.586,1789337322.5868392,2
2026-09-13 19:08:42.594,1789337322.5945315,-19
2026-09-13 19:08:42.602,1789337322.6022239,-33
2026-09-13 19:08:42.609,1789337322.6099162,-36
2026-09-13 19:08:42.617,1789337322.6176085,-38
2026-09-13 19:08:42.625,1789337322.625301,-43
2026-09-13 19:08:42.632,1789337322.6329932,-48
2026-09-13 19:08:42.640,1789337322.6406856,-48
2026-09-13 19:08:42.648,1789337322.6483777,-48
2026-09-13 19:08:42.656,1789337322.65607,-46
2026-09-13 19:08:42.663,1789337322.6637623,-36
2026-09-13 19:08:42.670,1789337322.670883,31
2026-09-13 19:08:42.678,1789337322.6785753,208
2026-09-13 19:08:42.686,1789337322.6862676,506
2026-09-13 19:08:42.693,1789337322.69396,654
2026-09-13 19:08:42.701,1789337322.7016523,198
2026-09-13 19:08:42.709,1789337322.7093444,-349
2026-09-13 19:08:42.717,1789337322.7170367,-235
2026-09-13 19:08:42.724,1789337322.724729,33
2026-09-13 19:08:42.732,1789337322.7324214,-36
2026-09-13 19:08:42.740,1789337322.7401137,-75
2026-09-13 19:08:42.747,1789337322.747806,-9
2026-09-13 19:08:42.755,1789337322.7554984,-31
2026-09-13 19:08:42.763,1789337322.7631907,-53
2026-09-13 19:08:42.770,1789337322.7708828,-16
2026-09-13 19:08:42.778,1789337322.7785752,-7
2026-09-13 19:08:42.786,1789337322.7862675,-14
2026-09-13 19:08:42.793,1789337322.7939599,2
2026-09-13 19:08:42.801,1789337322.8016522,21
2026-09-13 19:08:42.809,1789337322.8093445,24
2026-09-13 19:08:42.817,1789337322.8170369,26
2026-09-13 19:08:42.824,1789337322.8247292,33
2026-09-13 19:08:42.832,1789337322.8324213,43
2026-09-13 19:08:42.840,1789337322.8401136,63
2026-09-13 19:08:42.847,1789337322.847806,77
2026-09-13 19:08:42.855,1789337322.8554983,77
2026-09-13 19:08:42.863,1789337322.8631907,84
2026-09-13 19:08:42.870,1789337322.870883,94
2026-09-13 19:08:42.878,1789337322.8785753,94
2026-09-13 19:08:42.886,1789337322.8862677,92
2026-09-13 19:08:42.893,1789337322.8939598,89
2026-09-13 19:08:42.901,1789337322.901652,87
2026-09-13 19:08:42.909,1789337322.9093444,89
2026-09-13 19:08:42.917,1789337322.9170368,92
2026-09-13 19:08:42.924,1789337322.924729,75
2026-09-13 19:08:42.932,1789337322.9324214,36
2026-09-13 19:08:42.940,1789337322.9401138,0
2026-09-13 19:08:42.947,1789337322.9478061,-24
2026-09-13 19:08:42.955,1789337322.9554982,-43
2026-09-13 19:08:42.963,1789337322.9631906,-46
2026-09-13 19:08:42.970,1789337322.970883,-46
2026-09-13 19:08:42.978,1789337322.9785752,-50
2026-09-13 19:08:42.986,1789337322.9862676,-48
2026-09-13 19:08:42.993,1789337322.99396,-36
2026-09-13 19:08:43.001,1789337323.0016522,-33
2026-09-13 19:08:43.009,1789337323.0093446,-29
2026-09-13 19:08:43.017,1789337323.0170367,-19
2026-09-13 19:08:43.024,1789337323.024729,-21
2026-09-13 19:08:43.032,1789337323.0324214,-26
2026-09-13 19:08:43.040,1789337323.0401137,-14
2026-09-13 19:08:43.047,1789337323.047806,-2
2026-09-13 19:08:43.055,1789337323.0554984,-9
2026-09-13 19:08:43.063,1789337323.0631907,-7
2026-09-13 19:08:43.070,1789337323.070883,-2
2026-09-13 19:08:43.078,1789337323.0785751,-12
2026-09-13 19:08:43.086,1789337323.0862675,-19
2026-09-13 19:08:43.093,1789337323.0939598,-4
2026-09-13 19:08:43.101,1789337323.1016521,7
2026-09-13 19:08:43.109,1789337323.1093445,16
2026-09-13 19:08:43.117,1789337323.1170368,46
2026-09-13 19:08:43.124,1789337323.1247292,65
2026-09-13 19:08:43.132,1789337323.1324215,48
2026-09-13 19:08:43.140,1789337323.1401136,19
2026-09-13 19:08:43.147,1789337323.147806,0
2026-09-13 19:08:43.155,1789337323.1554983,-9
2026-09-13 19:08:43.163,1789337323.1631906,-9
2026-09-13 19:08:43.170,1789337323.170883,-12
2026-09-13 19:08:43.178,1789337323.1785753,-9
2026-09-13 19:08:43.186,1789337323.1862676,-4
2026-09-13 19:08:43.193,1789337323.19396,-7
2026-09-13 19:08:43.201,1789337323.2016523,-9
2026-09-13 19:08:43.209,1789337323.2093444,-12
2026-09-13 19:08:43.217,1789337323.2170367,36
2026-09-13 19:08:43.224,1789337323.224729,223
2026-09-13 19:08:43.231,1789337323.2318394,538
2026-09-13 19:08:43.239,1789337323.2395318,739
2026-09-13 19:08:43.247,1789337323.247224,383
2026-09-13 19:08:43.254,1789337323.2549164,-303
2026-09-13 19:08:43.262,1789337323.2626088,-385
2026-09-13 19:08:43.270,1789337323.2703009,-14
2026-09-13 19:08:43.277,1789337323.2779932,33
2026-09-13 19:08:43.285,1789337323.2856855,-63
2026-09-13 19:08:43.293,1789337323.2933779,-7
2026-09-13 19:08:43.301,1789337323.3010702,14
2026-09-13 19:08:43.308,1789337323.3087626,-19
2026-09-13 19:08:43.316,1789337323.316455,-2
2026-09-13 19:08:43.324,1789337323.3241472,21
2026-09-13 19:08:43.331,1789337323.3318393,19
2026-09-13 19:08:43.339,1789337323.3395317,24
2026-09-13 19:08:43.347,1789337323.347224,36
2026-09-13 19:08:43.354,1789337323.3549163,46
2026-09-13 19:08:43.362,1789337323.3626087,63
2026-09-13 19:08:43.370,1789337323.370301,80
2026-09-13 19:08:43.377,1789337323.3779933,72
2026-09-13 19:08:43.385,1789337323.3856857,70
2026-09-13 19:08:43.393,1789337323.3933778,94
2026-09-13 19:08:43.401,1789337323.40107,113
2026-09-13 19:08:43.408,1789337323.4087625,118
2026-09-13 19:08:43.416,1789337323.4164548,135
2026-09-13 19:08:43.424,1789337323.4241471,150
2026-09-13 19:08:43.431,1789337323.4318395,152
2026-09-13 19:08:43.439,1789337323.4395318,150
2026-09-13 19:08:43.447,1789337323.4472241,145
2026-09-13 19:08:43.454,1789337323.4549162,140
2026-09-13 19:08:43.462,1789337323.4626086,130
2026-09-13 19:08:43.470,1789337323.470301,118
2026-09-13 19:08:43.477,1789337323.4779932,82
2026-09-13 19:08:43.485,1789337323.4856856,31
2026-09-13 19:08:43.493,1789337323.493378,-9
2026-09-13 19:08:43.501,1789337323.5010703,-38
2026-09-13 19:08:43.508,1789337323.5087626,-41
2026-09-13 19:08:43.516,1789337323.5164547,-41
2026-09-13 19:08:43.524,1789337323.524147,-58
2026-09-13 19:08:43.531,1789337323.5318394,-63
2026-09-13 19:08:43.539,1789337323.5395317,-43
2026-09-13 19:08:43.547,1789337323.547224,-33
2026-09-13 19:08:43.554,1789337323.5549164,-53
2026-09-13 19:08:43.562,1789337323.5626087,-53
2026-09-13 19:08:43.570,1789337323.570301,-24
2026-09-13 19:08:43.577,1789337323.5779932,-7
2026-09-13 19:08:43.585,1789337323.5856855,-7
2026-09-13 19:08:43.593,1789337323.5933778,-12
2026-09-13 19:08:43.601,1789337323.6010702,-19
2026-09-13 19:08:43.608,1789337323.6087625,-16
2026-09-13 19:08:43.616,1789337323.6164548,-2
2026-09-13 19:08:43.624,1789337323.6241472,-4
2026-09-13 19:08:43.631,1789337323.6318395,-19
2026-09-13 19:08:43.639,1789337323.6395316,-14
2026-09-13 19:08:43.647,1789337323.647224,12
2026-09-13 19:08:43.654,1789337323.6549163,38
2026-09-13 19:08:43.662,1789337323.6626086,50
2026-09-13 19:08:43.670,1789337323.670301,31
2026-09-13 19:08:43.677,1789337323.6779933,9
2026-09-13 19:08:43.685,1789337323.6856856,4
2026-09-13 19:08:43.693,1789337323.693378,-4
2026-09-13 19:08:43.701,1789337323.70107,-14
2026-09-13 19:08:43.708,1789337323.7087624,-19
2026-09-13 19:08:43.716,1789337323.7164547,-19
2026-09-13 19:08:43.724,1789337323.724147,-19
2026-09-13 19:08:43.731,1789337323.7318394,-16
2026-09-13 19:08:43.739,1789337323.7395318,-16
2026-09-13 19:08:43.747,1789337323.747224,-21
2026-09-13 19:08:43.754,1789337323.7549164,-19
2026-09-13 19:08:43.762,1789337323.7626088,63
2026-09-13 19:08:43.770,1789337323.7703009,286
2026-09-13 19:08:43.777,1789337323.7779932,615
2026-09-13 19:08:43.785,1789337323.7856855,700
2026-09-13 19:08:43.792,1789337323.792796,152
2026-09-13 19:08:43.800,1789337323.8004882,-412
2026-09-13 19:08:43.808,1789337323.8081806,-242
2026-09-13 19:08:43.815,1789337323.815873,55
2026-09-13 19:08:43.823,1789337323.8235652,-29
2026-09-13 19:08:43.831,1789337323.8312573,-77
2026-09-13 19:08:43.838,1789337323.8389497,0
2026-09-13 19:08:43.846,1789337323.846642,-16
2026-09-13 19:08:43.854,1789337323.8543344,-46
2026-09-13 19:08:43.862,1789337323.8620267,-14
2026-09-13 19:08:43.869,1789337323.869719,0
2026-09-13 19:08:43.877,1789337323.8774114,-9
2026-09-13 19:08:43.885,1789337323.8851037,2
2026-09-13 19:08:43.892,1789337323.8927958,16
2026-09-13 19:08:43.900,1789337323.9004881,19
2026-09-13 19:08:43.908,1789337323.9081805,21
2026-09-13 19:08:43.915,1789337323.9158728,31
2026-09-13 19:08:43.923,1789337323.9235651,43
2026-09-13 19:08:43.931,1789337323.9312575,53
2026-09-13 19:08:43.938,1789337323.9389498,63
2026-09-13 19:08:43.946,1789337323.9466422,70
2026-09-13 19:08:43.954,1789337323.9543343,75
2026-09-13 19:08:43.962,1789337323.9620266,77
2026-09-13 19:08:43.969,1789337323.969719,80
2026-09-13 19:08:43.977,1789337323.9774113,77
2026-09-13 19:08:43.985,1789337323.9851036,72
2026-09-13 19:08:43.992,1789337323.992796,70
2026-09-13 19:08:44.000,1789337324.0004883,67
2026-09-13 19:08:44.008,1789337324.0081806,60
2026-09-13 19:08:44.015,1789337324.0158727,38
2026-09-13 19:08:44.023,1789337324.023565,7
2026-09-13 19:08:44.031,1789337324.0312574,-19
2026-09-13 19:08:44.038,1789337324.0389497,-43
2026-09-13 19:08:44.046,1789337324.046642,-63
2026-09-13 19:08:44.054,1789337324.0543344,-67
2026-09-13 19:08:44.062,1789337324.0620267,-72
2026-09-13 19:08:44.069,1789337324.069719,-80
2026-09-13 19:08:44.077,1789337324.0774112,-80
2026-09-13 19:08:44.085,1789337324.0851035,-70
2026-09-13 19:08:44.092,1789337324.0927958,-63
2026-09-13 19:08:44.100,1789337324.1004882,-58
2026-09-13 19:08:44.108,1789337324.1081805,-50
2026-09-13 19:08:44.115,1789337324.1158729,-46
2026-09-13 19:08:44.123,1789337324.1235652,-41
2026-09-13 19:08:44.131,1789337324.1312575,-33
2026-09-13 19:08:44.138,1789337324.1389496,-31
2026-09-13 19:08:44.146,1789337324.146642,-33
2026-09-13 19:08:44.154,1789337324.1543343,-38
2026-09-13 19:08:44.162,1789337324.1620266,-46
2026-09-13 19:08:44.169,1789337324.169719,-46
2026-09-13 19:08:44.177,1789337324.1774113,-38
2026-09-13 19:08:44.185,1789337324.1851037,-36
2026-09-13 19:08:44.192,1789337324.192796,-26
2026-09-13 19:08:44.200,1789337324.200488,-4
2026-09-13 19:08:44.208,1789337324.2081804,9
2026-09-13 19:08:44.215,1789337324.2158728,7
2026-09-13 19:08:44.223,1789337324.223565,-9
2026-09-13 19:08:44.231,1789337324.2312574,-31
2026-09-13 19:08:44.238,1789337324.2389498,-48
2026-09-13 19:08:44.246,1789337324.246642,-55
2026-09-13 19:08:44.254,1789337324.2543344,-58
2026-09-13 19:08:44.262,1789337324.2620265,-58
2026-09-13 19:08:44.269,1789337324.269719,-53
2026-09-13 19:08:44.277,1789337324.2774112,-53
2026-09-13 19:08:44.285,1789337324.2851036,-60
2026-09-13 19:08:44.292,1789337324.292796,-70
2026-09-13 19:08:44.300,1789337324.3004882,-48
2026-09-13 19:08:44.308,1789337324.3081806,70
2026-09-13 19:08:44.315,1789337324.315873,327
2026-09-13 19:08:44.323,1789337324.3235652,674
2026-09-13 19:08:44.331,1789337324.3312573,654
2026-09-13 19:08:44.338,1789337324.3389497,-2
2026-09-13 19:08:44.346,1789337324.346642,-424
2026-09-13 19:08:44.353,1789337324.3537624,-138
2026-09-13 19:08:44.361,1789337324.3614547,29
2026-09-13 19:08:44.369,1789337324.369147,-123
2026-09-13 19:08:44.376,1789337324.3768394,-118
2026-09-13 19:08:44.384,1789337324.3845317,-46
2026-09-13 19:08:44.392,1789337324.3922238,-84
2026-09-13 19:08:44.399,1789337324.3999162,-94
2026-09-13 19:08:44.407,1789337324.4076085,-55
2026-09-13 19:08:44.415,1789337324.4153008,-50
2026-09-13 19:08:44.422,1789337324.4229932,-53
2026-09-13 19:08:44.430,1789337324.4306855,-41
2026-09-13 19:08:44.438,1789337324.4383779,-33
2026-09-13 19:08:44.446,1789337324.4460702,-33
2026-09-13 19:08:44.453,1789337324.4537623,-24
2026-09-13 19:08:44.461,1789337324.4614546,-16
2026-09-13 19:08:44.469,1789337324.469147,-12
2026-09-13 19:08:44.476,1789337324.4768393,-4
2026-09-13 19:08:44.484,1789337324.4845316,0
2026-09-13 19:08:44.492,1789337324.492224,0
2026-09-13 19:08:44.499,1789337324.4999163,-2
2026-09-13 19:08:44.507,1789337324.5076087,-4
2026-09-13 19:08:44.515,1789337324.5153008,-9
2026-09-13 19:08:44.522,1789337324.522993,-19
2026-09-13 19:08:44.530,1789337324.5306854,-31
2026-09-13 19:08:44.538,1789337324.5383778,-31
2026-09-13 19:08:44.546,1789337324.54607,-26
2026-09-13 19:08:44.553,1789337324.5537624,-29
2026-09-13 19:08:44.561,1789337324.5614548,-36
2026-09-13 19:08:44.569,1789337324.569147,-50
2026-09-13 19:08:44.576,1789337324.5768392,-65
2026-09-13 19:08:44.584,1789337324.5845315,-75
2026-09-13 19:08:44.592,1789337324.592224,-80
2026-09-13 19:08:44.599,1789337324.5999162,-82
2026-09-13 19:08:44.607,1789337324.6076086,-82
2026-09-13 19:08:44.615,1789337324.615301,-84
2026-09-13 19:08:44.622,1789337324.6229932,-82
2026-09-13 19:08:44.630,1789337324.6306856,-75
2026-09-13 19:08:44.638,1789337324.6383777,-67
2026-09-13 19:08:44.646,1789337324.64607,-60
2026-09-13 19:08:44.653,1789337324.6537623,-55
2026-09-13 19:08:44.661,1789337324.6614547,-53
2026-09-13 19:08:44.669,1789337324.669147,-48
2026-09-13 19:08:44.676,1789337324.6768394,-43
2026-09-13 19:08:44.684,1789337324.6845317,-41
2026-09-13 19:08:44.692,1789337324.692224,-38
2026-09-13 19:08:44.699,1789337324.6999161,-41
2026-09-13 19:08:44.707,1789337324.7076085,-46
2026-09-13 19:08:44.715,1789337324.7153008,-48
2026-09-13 19:08:44.722,1789337324.7229931,-55
2026-09-13 19:08:44.730,1789337324.7306855,-60
2026-09-13 19:08:44.738,1789337324.7383778,-58
2026-09-13 19:08:44.746,1789337324.7460701,-50
2026-09-13 19:08:44.753,1789337324.7537625,-43
2026-09-13 19:08:44.761,1789337324.7614546,-21
2026-09-13 19:08:44.769,1789337324.769147,4
2026-09-13 19:08:44.776,1789337324.7768393,9
2026-09-13 19:08:44.784,1789337324.7845316,-2
2026-09-13 19:08:44.792,1789337324.792224,-14
2026-09-13 19:08:44.799,1789337324.7999163,-31
2026-09-13 19:08:44.807,1789337324.8076086,-50
2026-09-13 19:08:44.815,1789337324.815301,-55
2026-09-13 19:08:44.822,1789337324.822993,-50
2026-09-13 19:08:44.830,1789337324.8306854,-50
2026-09-13 19:08:44.838,1789337324.8383777,-55
2026-09-13 19:08:44.846,1789337324.84607,-50
2026-09-13 19:08:44.853,1789337324.8537624,-58
2026-09-13 19:08:44.861,1789337324.8614547,-70
2026-09-13 19:08:44.869,1789337324.869147,-4
2026-09-13 19:08:44.876,1789337324.8768394,177
2026-09-13 19:08:44.884,1789337324.8845317,482
2026-09-13 19:08:44.892,1789337324.8922238,754
2026-09-13 19:08:44.899,1789337324.8999162,463
2026-09-13 19:08:44.907,1789337324.9076085,-230
2026-09-13 19:08:44.914,1789337324.9147086,-349
2026-09-13 19:08:44.922,1789337324.922401,-24
2026-09-13 19:08:44.930,1789337324.9300933,-24
2026-09-13 19:08:44.937,1789337324.9377856,-140
2026-09-13 19:08:44.945,1789337324.945478,-80
2026-09-13 19:08:44.953,1789337324.95317,-53
2026-09-13 19:08:44.960,1789337324.9608624,-89
2026-09-13 19:08:44.968,1789337324.9685547,-72
2026-09-13 19:08:44.976,1789337324.976247,-50
2026-09-13 19:08:44.983,1789337324.9839394,-55
2026-09-13 19:08:44.991,1789337324.9916317,-43
2026-09-13 19:08:44.999,1789337324.999324,-29
2026-09-13 19:08:45.007,1789337325.0070164,-29
2026-09-13 19:08:45.014,1789337325.0147085,-19
2026-09-13 19:08:45.022,1789337325.0224009,-9
2026-09-13 19:08:45.030,1789337325.0300932,-9
2026-09-13 19:08:45.037,1789337325.0377855,-2
2026-09-13 19:08:45.045,1789337325.0454779,7
2026-09-13 19:08:45.053,1789337325.0531702,14
2026-09-13 19:08:45.060,1789337325.0608625,21
2026-09-13 19:08:45.068,1789337325.0685549,21
2026-09-13 19:08:45.076,1789337325.076247,19
2026-09-13 19:08:45.083,1789337325.0839393,14
2026-09-13 19:08:45.091,1789337325.0916317,7
2026-09-13 19:08:45.099,1789337325.099324,2
2026-09-13 19:08:45.107,1789337325.1070163,0
2026-09-13 19:08:45.114,1789337325.1147087,4
2026-09-13 19:08:45.122,1789337325.122401,4
2026-09-13 19:08:45.130,1789337325.1300933,-12
2026-09-13 19:08:45.137,1789337325.1377854,-33
2026-09-13 19:08:45.145,1789337325.1454778,-48
2026-09-13 19:08:45.153,1789337325.15317,-60
2026-09-13 19:08:45.160,1789337325.1608624,-70
2026-09-13 19:08:45.168,1789337325.1685548,-72
2026-09-13 19:08:45.176,1789337325.1762471,-72
2026-09-13 19:08:45.183,1789337325.1839395,-72
2026-09-13 19:08:45.191,1789337325.1916318,-70
2026-09-13 19:08:45.199,1789337325.199324,-63
2026-09-13 19:08:45.207,1789337325.2070162,-55
2026-09-13 19:08:45.214,1789337325.2147086,-48
2026-09-13 19:08:45.222,1789337325.222401,-46
2026-09-13 19:08:45.230,1789337325.2300932,-46
2026-09-13 19:08:45.237,1789337325.2377856,-43
2026-09-13 19:08:45.245,1789337325.245478,-41
2026-09-13 19:08:45.253,1789337325.2531703,-33
2026-09-13 19:08:45.260,1789337325.2608624,-31
2026-09-13 19:08:45.268,1789337325.2685547,-33
2026-09-13 19:08:45.276,1789337325.276247,-36
2026-09-13 19:08:45.283,1789337325.2839394,-31
2026-09-13 19:08:45.291,1789337325.2916317,-33
2026-09-13 19:08:45.299,1789337325.299324,-41
2026-09-13 19:08:45.307,1789337325.3070164,-36
2026-09-13 19:08:45.314,1789337325.3147087,-38
2026-09-13 19:08:45.322,1789337325.3224008,-48
2026-09-13 19:08:45.330,1789337325.3300931,-48
2026-09-13 19:08:45.337,1789337325.3377855,-36
2026-09-13 19:08:45.345,1789337325.3454778,-24
2026-09-13 19:08:45.353,1789337325.3531702,-7
2026-09-13 19:08:45.360,1789337325.3608625,16
2026-09-13 19:08:45.368,1789337325.3685548,26
2026-09-13 19:08:45.376,1789337325.3762472,16
2026-09-13 19:08:45.383,1789337325.3839393,-7
2026-09-13 19:08:45.391,1789337325.3916316,-26
2026-09-13 19:08:45.399,1789337325.399324,-36
2026-09-13 19:08:45.407,1789337325.4070163,-43
2026-09-13 19:08:45.414,1789337325.4147086,-48
2026-09-13 19:08:45.422,1789337325.422401,-48
2026-09-13 19:08:45.430,1789337325.4300933,-41
2026-09-13 19:08:45.437,1789337325.4377856,-38
2026-09-13 19:08:45.445,1789337325.445478,-50
2026-09-13 19:08:45.453,1789337325.45317,-60
2026-09-13 19:08:45.460,1789337325.4608624,-14
2026-09-13 19:08:45.468,1789337325.4685547,128
2026-09-13 19:08:45.475,1789337325.4756856,378
2026-09-13 19:08:45.483,1789337325.483378,647
2026-09-13 19:08:45.491,1789337325.4910703,487
2026-09-13 19:08:45.498,1789337325.4987626,-126
2026-09-13 19:08:45.506,1789337325.506455,-337
2026-09-13 19:08:45.514,1789337325.514147,-67
2026-09-13 19:08:45.521,1789337325.5218394,-12
2026-09-13 19:08:45.529,1789337325.5295317,-116
2026-09-13 19:08:45.537,1789337325.537224,-75
2026-09-13 19:08:45.544,1789337325.5449164,-38
2026-09-13 19:08:45.552,1789337325.5526087,-70
2026-09-13 19:08:45.560,1789337325.560301,-65
2026-09-13 19:08:45.567,1789337325.5679934,-41
2026-09-13 19:08:45.575,1789337325.5756855,-41
2026-09-13 19:08:45.583,1789337325.5833778,-36
2026-09-13 19:08:45.591,1789337325.5910702,-21
2026-09-13 19:08:45.598,1789337325.5987625,-19
2026-09-13 19:08:45.606,1789337325.6064548,-12
2026-09-13 19:08:45.614,1789337325.6141472,-4
2026-09-13 19:08:45.621,1789337325.6218395,0
2026-09-13 19:08:45.629,1789337325.6295319,9
2026-09-13 19:08:45.637,1789337325.637224,24
2026-09-13 19:08:45.644,1789337325.6449163,31
2026-09-13 19:08:45.652,1789337325.6526086,38
2026-09-13 19:08:45.660,1789337325.660301,46
2026-09-13 19:08:45.667,1789337325.6679933,48
2026-09-13 19:08:45.675,1789337325.6756856,43
2026-09-13 19:08:45.683,1789337325.683378,36
2026-09-13 19:08:45.691,1789337325.6910703,36
2026-09-13 19:08:45.698,1789337325.6987624,41
2026-09-13 19:08:45.706,1789337325.7064548,48
2026-09-13 19:08:45.714,1789337325.714147,48
2026-09-13 19:08:45.721,1789337325.7218394,31
2026-09-13 19:08:45.729,1789337325.7295318,7
2026-09-13 19:08:45.737,1789337325.737224,-19
2026-09-13 19:08:45.744,1789337325.7449164,-38
2026-09-13 19:08:45.752,1789337325.7526088,-53
2026-09-13 19:08:45.760,1789337325.7603009,-60
2026-09-13 19:08:45.767,1789337325.7679932,-63
2026-09-13 19:08:45.775,1789337325.7756855,-60
2026-09-13 19:08:45.783,1789337325.783378,-55
2026-09-13 19:08:45.791,1789337325.7910702,-48
2026-09-13 19:08:45.798,1789337325.7987626,-46
2026-09-13 19:08:45.806,1789337325.806455,-41
2026-09-13 19:08:45.814,1789337325.8141472,-36
2026-09-13 19:08:45.821,1789337325.8218393,-38
2026-09-13 19:08:45.829,1789337325.8295317,-36
2026-09-13 19:08:45.837,1789337325.837224,-29
2026-09-13 19:08:45.844,1789337325.8449163,-24
2026-09-13 19:08:45.852,1789337325.8526087,-29
2026-09-13 19:08:45.860,1789337325.860301,-29
2026-09-13 19:08:45.867,1789337325.8679934,-21
2026-09-13 19:08:45.875,1789337325.8756857,-24
2026-09-13 19:08:45.883,1789337325.8833778,-26
2026-09-13 19:08:45.891,1789337325.8910701,-24
2026-09-13 19:08:45.898,1789337325.8987625,-26
2026-09-13 19:08:45.906,1789337325.9064548,-31
2026-09-13 19:08:45.914,1789337325.9141471,-33
2026-09-13 19:08:45.921,1789337325.9218395,-36
2026-09-13 19:08:45.929,1789337325.9295318,-41
2026-09-13 19:08:45.937,1789337325.9372241,-36
2026-09-13 19:08:45.944,1789337325.9449162,-29
2026-09-13 19:08:45.952,1789337325.9526086,-21
2026-09-13 19:08:45.960,1789337325.960301,2
2026-09-13 19:08:45.967,1789337325.9679933,26
2026-09-13 19:08:45.975,1789337325.9756856,36
2026-09-13 19:08:45.983,1789337325.983378,24
2026-09-13 19:08:45.991,1789337325.9910703,2
2026-09-13 19:08:45.998,1789337325.9987626,-21
2026-09-13 19:08:46.006,1789337326.006455,-33
2026-09-13 19:08:46.014,1789337326.014147,-33
2026-09-13 19:08:46.021,1789337326.0218394,-31
2026-09-13 19:08:46.029,1789337326.0295317,-31
2026-09-13 19:08:46.036,1789337326.0366316,-29
2026-09-13 19:08:46.044,1789337326.044324,-31
2026-09-13 19:08:46.052,1789337326.0520163,-36
2026-09-13 19:08:46.059,1789337326.0597086,-36
2026-09-13 19:08:46.067,1789337326.067401,31
2026-09-13 19:08:46.075,1789337326.075093,232
2026-09-13 19:08:46.082,1789337326.0827854,533
2026-09-13 19:08:46.090,1789337326.0904777,732
2026-09-13 19:08:46.098,1789337326.09817,390
2026-09-13 19:08:46.105,1789337326.1058624,-286
2026-09-13 19:08:46.113,1789337326.1135547,-375
2026-09-13 19:08:46.121,1789337326.121247,-36
2026-09-13 19:08:46.128,1789337326.1289394,-16
2026-09-13 19:08:46.136,1789337326.1366315,-111
2026-09-13 19:08:46.144,1789337326.1443238,-43
2026-09-13 19:08:46.152,1789337326.1520162,-21
2026-09-13 19:08:46.159,1789337326.1597085,-58
2026-09-13 19:08:46.167,1789337326.1674008,-46
2026-09-13 19:08:46.175,1789337326.1750932,-21
2026-09-13 19:08:46.182,1789337326.1827855,-21
2026-09-13 19:08:46.190,1789337326.1904778,-21
2026-09-13 19:08:46.198,1789337326.19817,-12
2026-09-13 19:08:46.205,1789337326.2058623,4
2026-09-13 19:08:46.213,1789337326.2135546,16
2026-09-13 19:08:46.221,1789337326.221247,21
2026-09-13 19:08:46.228,1789337326.2289393,31
2026-09-13 19:08:46.236,1789337326.2366316,46
2026-09-13 19:08:46.244,1789337326.244324,60
2026-09-13 19:08:46.252,1789337326.2520163,70
2026-09-13 19:08:46.259,1789337326.2597084,75
2026-09-13 19:08:46.267,1789337326.2674007,80
2026-09-13 19:08:46.275,1789337326.275093,89
2026-09-13 19:08:46.282,1789337326.2827854,94
2026-09-13 19:08:46.290,1789337326.2904778,97
2026-09-13 19:08:46.298,1789337326.29817,101
2026-09-13 19:08:46.305,1789337326.3058624,101
2026-09-13 19:08:46.313,1789337326.3135548,101
2026-09-13 19:08:46.321,1789337326.3212469,84
2026-09-13 19:08:46.328,1789337326.3289392,55
2026-09-13 19:08:46.336,1789337326.3366315,26
2026-09-13 19:08:46.344,1789337326.3443239,-14
2026-09-13 19:08:46.352,1789337326.3520162,-53
2026-09-13 19:08:46.359,1789337326.3597085,-65
2026-09-13 19:08:46.367,1789337326.367401,-67
2026-09-13 19:08:46.375,1789337326.3750932,-82
2026-09-13 19:08:46.382,1789337326.3827853,-97
2026-09-13 19:08:46.390,1789337326.3904777,-92
2026-09-13 19:08:46.398,1789337326.39817,-67
2026-09-13 19:08:46.405,1789337326.4058623,-55
2026-09-13 19:08:46.413,1789337326.4135547,-55
2026-09-13 19:08:46.421,1789337326.421247,-53
2026-09-13 19:08:46.428,1789337326.4289393,-50
2026-09-13 19:08:46.436,1789337326.4366317,-46
2026-09-13 19:08:46.444,1789337326.4443238,-36
2026-09-13 19:08:46.452,1789337326.452016,-26
2026-09-13 19:08:46.459,1789337326.4597085,-24
2026-09-13 19:08:46.467,1789337326.4674008,-26
2026-09-13 19:08:46.475,1789337326.4750931,-29
2026-09-13 19:08:46.482,1789337326.4827855,-36
2026-09-13 19:08:46.490,1789337326.4904778,-38
2026-09-13 19:08:46.498,1789337326.4981701,-29
2026-09-13 19:08:46.505,1789337326.5058622,-36
2026-09-13 19:08:46.513,1789337326.5135546,-50
2026-09-13 19:08:46.521,1789337326.521247,-48
2026-09-13 19:08:46.528,1789337326.5289392,-41
2026-09-13 19:08:46.536,1789337326.5366316,-31
2026-09-13 19:08:46.544,1789337326.544324,-12
2026-09-13 19:08:46.552,1789337326.5520163,7
2026-09-13 19:08:46.559,1789337326.5597086,21
2026-09-13 19:08:46.567,1789337326.567401,24
2026-09-13 19:08:46.575,1789337326.575093,0
2026-09-13 19:08:46.582,1789337326.5827854,-26
2026-09-13 19:08:46.590,1789337326.5904777,-41
2026-09-13 19:08:46.597,1789337326.5976086,-36
2026-09-13 19:08:46.605,1789337326.605301,-41
2026-09-13 19:08:46.612,1789337326.6129932,-46
2026-09-13 19:08:46.620,1789337326.6206856,-33
2026-09-13 19:08:46.628,1789337326.628378,-21
2026-09-13 19:08:46.636,1789337326.63607,-29
2026-09-13 19:08:46.643,1789337326.6437624,-48
2026-09-13 19:08:46.651,1789337326.6514547,-4
2026-09-13 19:08:46.659,1789337326.659147,186
2026-09-13 19:08:46.666,1789337326.6668394,521
2026-09-13 19:08:46.674,1789337326.6745317,788
2026-09-13 19:08:46.682,1789337326.682224,528
2026-09-13 19:08:46.689,1789337326.6899164,-201
2026-09-13 19:08:46.697,1789337326.6976085,-443
2026-09-13 19:08:46.705,1789337326.7053008,-87
2026-09-13 19:08:46.712,1789337326.7129931,9
2026-09-13 19:08:46.720,1789337326.7206855,-113
2026-09-13 19:08:46.728,1789337326.7283778,-65
2026-09-13 19:08:46.736,1789337326.7360702,-14
2026-09-13 19:08:46.743,1789337326.7437625,-58
2026-09-13 19:08:46.751,1789337326.7514548,-55
2026-09-13 19:08:46.759,1789337326.759147,-31
2026-09-13 19:08:46.766,1789337326.7668393,-31
2026-09-13 19:08:46.774,1789337326.7745316,-19
2026-09-13 19:08:46.782,1789337326.782224,0
2026-09-13 19:08:46.789,1789337326.7899163,4
2026-09-13 19:08:46.797,1789337326.7976086,7
2026-09-13 19:08:46.805,1789337326.805301,21
2026-09-13 19:08:46.812,1789337326.8129933,36
2026-09-13 19:08:46.820,1789337326.8206854,43
2026-09-13 19:08:46.828,1789337326.8283777,53
2026-09-13 19:08:46.836,1789337326.83607,67
2026-09-13 19:08:46.843,1789337326.8437624,82
2026-09-13 19:08:46.851,1789337326.8514547,92
2026-09-13 19:08:46.859,1789337326.859147,99
2026-09-13 19:08:46.866,1789337326.8668394,101
2026-09-13 19:08:46.874,1789337326.8745317,99
2026-09-13 19:08:46.882,1789337326.8822238,99
2026-09-13 19:08:46.889,1789337326.8899162,99
2026-09-13 19:08:46.897,1789337326.8976085,97
2026-09-13 19:08:46.905,1789337326.9053009,82
2026-09-13 19:08:46.912,1789337326.9129932,50
2026-09-13 19:08:46.920,1789337326.9206855,14
2026-09-13 19:08:46.928,1789337326.9283779,-16
2026-09-13 19:08:46.936,1789337326.9360702,-46
2026-09-13 19:08:46.943,1789337326.9437623,-63
2026-09-13 19:08:46.951,1789337326.9514546,-70
2026-09-13 19:08:46.959,1789337326.959147,-75
2026-09-13 19:08:46.966,1789337326.9668393,-77
2026-09-13 19:08:46.974,1789337326.9745317,-80
2026-09-13 19:08:46.982,1789337326.982224,-77
2026-09-13 19:08:46.989,1789337326.9899163,-70
2026-09-13 19:08:46.997,1789337326.9976087,-63
2026-09-13 19:08:47.005,1789337327.0053008,-53
2026-09-13 19:08:47.012,1789337327.012993,-46
2026-09-13 19:08:47.020,1789337327.0206854,-43
2026-09-13 19:08:47.028,1789337327.0283778,-38
2026-09-13 19:08:47.036,1789337327.03607,-36
2026-09-13 19:08:47.043,1789337327.0437624,-33
2026-09-13 19:08:47.051,1789337327.0514548,-31
2026-09-13 19:08:47.059,1789337327.0591471,-31
2026-09-13 19:08:47.066,1789337327.0668392,-31
2026-09-13 19:08:47.074,1789337327.0745316,-36
2026-09-13 19:08:47.082,1789337327.082224,-48
2026-09-13 19:08:47.089,1789337327.0899162,-58
2026-09-13 19:08:47.097,1789337327.0976086,-55
2026-09-13 19:08:47.105,1789337327.105301,-48
2026-09-13 19:08:47.112,1789337327.1129932,-41
2026-09-13 19:08:47.120,1789337327.1206856,-19
2026-09-13 19:08:47.128,1789337327.128378,4
2026-09-13 19:08:47.136,1789337327.13607,9
2026-09-13 19:08:47.143,1789337327.1437624,-4
2026-09-13 19:08:47.151,1789337327.1514547,-26
2026-09-13 19:08:47.158,1789337327.1585548,-48
2026-09-13 19:08:47.166,1789337327.1662471,-55
2026-09-13 19:08:47.173,1789337327.1739395,-55
2026-09-13 19:08:47.181,1789337327.1816318,-58
2026-09-13 19:08:47.189,1789337327.1893241,-58
2026-09-13 19:08:47.197,1789337327.1970162,-53
2026-09-13 19:08:47.204,1789337327.2047086,-53
2026-09-13 19:08:47.212,1789337327.212401,-63
2026-09-13 19:08:47.220,1789337327.2200933,-63
2026-09-13 19:08:47.227,1789337327.2277856,12
2026-09-13 19:08:47.235,1789337327.235478,213
2026-09-13 19:08:47.243,1789337327.2431703,545
2026-09-13 19:08:47.250,1789337327.2508626,768
2026-09-13 19:08:47.258,1789337327.2585547,361
2026-09-13 19:08:47.266,1789337327.266247,-332
2026-09-13 19:08:47.273,1789337327.2739394,-344
2026-09-13 19:08:47.281,1789337327.2816317,-9
2026-09-13 19:08:47.289,1789337327.289324,-50
2026-09-13 19:08:47.297,1789337327.2970164,-150
2026-09-13 19:08:47.304,1789337327.3047087,-70
2026-09-13 19:08:47.312,1789337327.312401,-58
2026-09-13 19:08:47.320,1789337327.3200932,-97
2026-09-13 19:08:47.327,1789337327.3277855,-72
2026-09-13 19:08:47.335,1789337327.3354778,-50
2026-09-13 19:08:47.343,1789337327.3431702,-58
2026-09-13 19:08:47.350,1789337327.3508625,-46
2026-09-13 19:08:47.358,1789337327.3585548,-36
2026-09-13 19:08:47.366,1789337327.3662472,-36
2026-09-13 19:08:47.373,1789337327.3739395,-29
2026-09-13 19:08:47.381,1789337327.3816316,-16
2026-09-13 19:08:47.389,1789337327.389324,-12
2026-09-13 19:08:47.397,1789337327.3970163,-7
2026-09-13 19:08:47.404,1789337327.4047086,4
2026-09-13 19:08:47.412,1789337327.412401,12
2026-09-13 19:08:47.420,1789337327.4200933,14
2026-09-13 19:08:47.427,1789337327.4277856,14
2026-09-13 19:08:47.435,1789337327.435478,14
2026-09-13 19:08:47.443,1789337327.44317,7
2026-09-13 19:08:47.450,1789337327.4508624,2
2026-09-13 19:08:47.458,1789337327.4585547,0
2026-09-13 19:08:47.466,1789337327.466247,-2
2026-09-13 19:08:47.473,1789337327.4739394,-4
2026-09-13 19:08:47.481,1789337327.4816318,-9
2026-09-13 19:08:47.489,1789337327.489324,-26
2026-09-13 19:08:47.497,1789337327.4970164,-46
2026-09-13 19:08:47.504,1789337327.5047085,-65
2026-09-13 19:08:47.512,1789337327.5124009,-80
2026-09-13 19:08:47.520,1789337327.5200932,-84
2026-09-13 19:08:47.527,1789337327.5277855,-84
2026-09-13 19:08:47.535,1789337327.5354779,-87
2026-09-13 19:08:47.543,1789337327.5431702,-89
2026-09-13 19:08:47.550,1789337327.5508626,-84
2026-09-13 19:08:47.558,1789337327.558555,-75
2026-09-13 19:08:47.566,1789337327.566247,-67
2026-09-13 19:08:47.573,1789337327.5739393,-63
2026-09-13 19:08:47.581,1789337327.5816317,-55
2026-09-13 19:08:47.589,1789337327.589324,-53
2026-09-13 19:08:47.597,1789337327.5970163,-53
2026-09-13 19:08:47.604,1789337327.6047087,-48
2026-09-13 19:08:47.612,1789337327.612401,-48
2026-09-13 19:08:47.620,1789337327.6200933,-46
2026-09-13 19:08:47.627,1789337327.6277854,-43
2026-09-13 19:08:47.635,1789337327.6354778,-43
2026-09-13 19:08:47.643,1789337327.64317,-50
2026-09-13 19:08:47.650,1789337327.6508625,-50
2026-09-13 19:08:47.658,1789337327.6585548,-53
2026-09-13 19:08:47.666,1789337327.6662471,-63
2026-09-13 19:08:47.673,1789337327.6739395,-70
2026-09-13 19:08:47.681,1789337327.6816318,-60
2026-09-13 19:08:47.689,1789337327.6893241,-48
2026-09-13 19:08:47.697,1789337327.6970162,-41
2026-09-13 19:08:47.704,1789337327.7047086,-19
2026-09-13 19:08:47.712,1789337327.712401,4
2026-09-13 19:08:47.719,1789337327.7195318,0
2026-09-13 19:08:47.727,1789337327.727224,-19
2026-09-13 19:08:47.734,1789337327.7349164,-36
2026-09-13 19:08:47.742,1789337327.7426088,-53
2026-09-13 19:08:47.750,1789337327.7503011,-65
2026-09-13 19:08:47.757,1789337327.7579932,-67
2026-09-13 19:08:47.765,1789337327.7656856,-65
2026-09-13 19:08:47.773,1789337327.773378,-67
2026-09-13 19:08:47.781,1789337327.7810702,-63
2026-09-13 19:08:47.788,1789337327.7887626,-65
2026-09-13 19:08:47.796,1789337327.796455,-80
2026-09-13 19:08:47.804,1789337327.8041472,-65
2026-09-13 19:08:47.811,1789337327.8118396,46
2026-09-13 19:08:47.819,1789337327.8195317,266
2026-09-13 19:08:47.827,1789337327.827224,603
2026-09-13 19:08:47.834,1789337327.8349164,759
2026-09-13 19:08:47.842,1789337327.8426087,257
2026-09-13 19:08:47.850,1789337327.850301,-351
2026-09-13 19:08:47.857,1789337327.8579934,-259
2026-09-13 19:08:47.865,1789337327.8656857,-2
2026-09-13 19:08:47.873,1789337327.873378,-99
2026-09-13 19:08:47.881,1789337327.8810701,-155
2026-09-13 19:08:47.888,1789337327.8887625,-75
2026-09-13 19:08:47.896,1789337327.8964548,-82
2026-09-13 19:08:47.904,1789337327.9041471,-109
2026-09-13 19:08:47.911,1789337327.9118395,-80
2026-09-13 19:08:47.919,1789337327.9195318,-67
2026-09-13 19:08:47.927,1789337327.9272242,-75
2026-09-13 19:08:47.934,1789337327.9349165,-60
2026-09-13 19:08:47.942,1789337327.9426086,-48
2026-09-13 19:08:47.950,1789337327.950301,-46
2026-09-13 19:08:47.957,1789337327.9579933,-38
2026-09-13 19:08:47.965,1789337327.9656856,-29
2026-09-13 19:08:47.973,1789337327.973378,-26
2026-09-13 19:08:47.981,1789337327.9810703,-21
2026-09-13 19:08:47.988,1789337327.9887626,-14
2026-09-13 19:08:47.996,1789337327.996455,-4
2026-09-13 19:08:48.004,1789337328.004147,0
2026-09-13 19:08:48.011,1789337328.0118394,0
2026-09-13 19:08:48.019,1789337328.0195317,0
2026-09-13 19:08:48.027,1789337328.027224,-2
2026-09-13 19:08:48.034,1789337328.0349164,-4
2026-09-13 19:08:48.042,1789337328.0426087,-7
2026-09-13 19:08:48.050,1789337328.050301,-7
2026-09-13 19:08:48.057,1789337328.0579934,-7
2026-09-13 19:08:48.065,1789337328.0656855,-14
2026-09-13 19:08:48.073,1789337328.0733778,-36
2026-09-13 19:08:48.081,1789337328.0810702,-53
2026-09-13 19:08:48.088,1789337328.0887625,-67
2026-09-13 19:08:48.096,1789337328.0964549,-80
2026-09-13 19:08:48.104,1789337328.1041472,-87
2026-09-13 19:08:48.111,1789337328.1118395,-84
2026-09-13 19:08:48.119,1789337328.1195319,-89
2026-09-13 19:08:48.127,1789337328.127224,-92
2026-09-13 19:08:48.134,1789337328.1349163,-84
2026-09-13 19:08:48.142,1789337328.1426086,-70
2026-09-13 19:08:48.150,1789337328.150301,-70
2026-09-13 19:08:48.157,1789337328.1579933,-67
2026-09-13 19:08:48.165,1789337328.1656857,-60
2026-09-13 19:08:48.173,1789337328.173378,-58
2026-09-13 19:08:48.181,1789337328.1810703,-53
2026-09-13 19:08:48.188,1789337328.1887624,-50
2026-09-13 19:08:48.196,1789337328.1964548,-48
2026-09-13 19:08:48.204,1789337328.204147,-48
2026-09-13 19:08:48.211,1789337328.2118394,-48
2026-09-13 19:08:48.219,1789337328.2195318,-46
2026-09-13 19:08:48.227,1789337328.227224,-46
2026-09-13 19:08:48.234,1789337328.2349164,-48
2026-09-13 19:08:48.242,1789337328.2426088,-48
2026-09-13 19:08:48.250,1789337328.2503011,-53
2026-09-13 19:08:48.257,1789337328.2579932,-60
2026-09-13 19:08:48.265,1789337328.2656856,-60
2026-09-13 19:08:48.273,1789337328.273378,-50
2026-09-13 19:08:48.280,1789337328.2804778,-38
2026-09-13 19:08:48.288,1789337328.28817,-16
2026-09-13 19:08:48.295,1789337328.2958624,7
2026-09-13 19:08:48.303,1789337328.3035548,14
2026-09-13 19:08:48.311,1789337328.311247,2
2026-09-13 19:08:48.318,1789337328.3189392,-14
2026-09-13 19:08:48.326,1789337328.3266315,-31
2026-09-13 19:08:48.334,1789337328.334324,-48
2026-09-13 19:08:48.342,1789337328.3420162,-58
2026-09-13 19:08:48.349,1789337328.3497086,-58
2026-09-13 19:08:48.357,1789337328.357401,-58
2026-09-13 19:08:48.365,1789337328.3650932,-55
2026-09-13 19:08:48.372,1789337328.3727856,-55
2026-09-13 19:08:48.380,1789337328.3804777,-60
2026-09-13 19:08:48.388,1789337328.38817,-72
2026-09-13 19:08:48.395,1789337328.3958623,-38
2026-09-13 19:08:48.403,1789337328.4035547,94
2026-09-13 19:08:48.411,1789337328.411247,334
2026-09-13 19:08:48.418,1789337328.4189394,630
2026-09-13 19:08:48.426,1789337328.4266317,550
2026-09-13 19:08:48.434,1789337328.434324,-63
2026-09-13 19:08:48.442,1789337328.4420161,-371
2026-09-13 19:08:48.449,1789337328.4497085,-111
2026-09-13 19:08:48.457,1789337328.4574008,-7
2026-09-13 19:08:48.465,1789337328.4650931,-116
2026-09-13 19:08:48.472,1789337328.4727855,-92
2026-09-13 19:08:48.480,1789337328.4804778,-46
2026-09-13 19:08:48.488,1789337328.4881701,-77
2026-09-13 19:08:48.495,1789337328.4958625,-75
2026-09-13 19:08:48.503,1789337328.5035546,-46
2026-09-13 19:08:48.511,1789337328.511247,-46
2026-09-13 19:08:48.518,1789337328.5189393,-43
2026-09-13 19:08:48.526,1789337328.5266316,-31
2026-09-13 19:08:48.534,1789337328.534324,-24
2026-09-13 19:08:48.542,1789337328.5420163,-19
2026-09-13 19:08:48.549,1789337328.5497086,-7
2026-09-13 19:08:48.557,1789337328.557401,2
2026-09-13 19:08:48.565,1789337328.565093,7
2026-09-13 19:08:48.572,1789337328.5727854,19
2026-09-13 19:08:48.580,1789337328.5804777,31
2026-09-13 19:08:48.588,1789337328.58817,31
2026-09-13 19:08:48.595,1789337328.5958624,36
2026-09-13 19:08:48.603,1789337328.6035547,43
2026-09-13 19:08:48.611,1789337328.611247,43
2026-09-13 19:08:48.618,1789337328.6189394,41
2026-09-13 19:08:48.626,1789337328.6266315,43
2026-09-13 19:08:48.634,1789337328.6343238,46
2026-09-13 19:08:48.642,1789337328.6420162,41
2026-09-13 19:08:48.649,1789337328.6497085,33
2026-09-13 19:08:48.657,1789337328.6574008,19
2026-09-13 19:08:48.665,1789337328.6650932,-2
2026-09-13 19:08:48.672,1789337328.6727855,-31
2026-09-13 19:08:48.680,1789337328.6804779,-53
2026-09-13 19:08:48.688,1789337328.68817,-63
2026-09-13 19:08:48.695,1789337328.6958623,-67
2026-09-13 19:08:48.703,1789337328.7035546,-75
2026-09-13 19:08:48.711,1789337328.711247,-80
2026-09-13 19:08:48.718,1789337328.7189393,-80
2026-09-13 19:08:48.726,1789337328.7266316,-75
2026-09-13 19:08:48.734,1789337328.734324,-60
2026-09-13 19:08:48.742,1789337328.7420163,-50
2026-09-13 19:08:48.749,1789337328.7497084,-48
2026-09-13 19:08:48.757,1789337328.7574008,-48
2026-09-13 19:08:48.765,1789337328.765093,-43
2026-09-13 19:08:48.772,1789337328.7727854,-33
2026-09-13 19:08:48.780,1789337328.7804778,-33
2026-09-13 19:08:48.788,1789337328.78817,-33
2026-09-13 19:08:48.795,1789337328.7958624,-33
2026-09-13 19:08:48.803,1789337328.8035548,-33
2026-09-13 19:08:48.811,1789337328.811247,-33
2026-09-13 19:08:48.818,1789337328.8189392,-36
2026-09-13 19:08:48.826,1789337328.8266315,-38
2026-09-13 19:08:48.834,1789337328.834324,-38
2026-09-13 19:08:48.841,1789337328.8414242,-36
2026-09-13 19:08:48.849,1789337328.8491166,-46
2026-09-13 19:08:48.856,1789337328.856809,-53
2026-09-13 19:08:48.864,1789337328.8645012,-46
2026-09-13 19:08:48.872,1789337328.8721936,-31
2026-09-13 19:08:48.879,1789337328.8798857,-14
2026-09-13 19:08:48.887,1789337328.887578,9
2026-09-13 19:08:48.895,1789337328.8952703,26
2026-09-13 19:08:48.902,1789337328.9029627,21
2026-09-13 19:08:48.910,1789337328.910655,4
2026-09-13 19:08:48.918,1789337328.9183474,-19
2026-09-13 19:08:48.926,1789337328.9260397,-36
2026-09-13 19:08:48.933,1789337328.933732,-43
2026-09-13 19:08:48.941,1789337328.9414241,-43
2026-09-13 19:08:48.949,1789337328.9491165,-41
2026-09-13 19:08:48.956,1789337328.9568088,-38
2026-09-13 19:08:48.964,1789337328.9645011,-38
2026-09-13 19:08:48.972,1789337328.9721935,-41
2026-09-13 19:08:48.979,1789337328.9798858,-50
2026-09-13 19:08:48.987,1789337328.9875782,-24
2026-09-13 19:08:48.995,1789337328.9952705,128
2026-09-13 19:08:49.002,1789337329.0029626,404
2026-09-13 19:08:49.010,1789337329.010655,696
2026-09-13 19:08:49.018,1789337329.0183473,594
2026-09-13 19:08:49.026,1789337329.0260396,-63
2026-09-13 19:08:49.033,1789337329.033732,-438
2026-09-13 19:08:49.041,1789337329.0414243,-162
2026-09-13 19:08:49.049,1789337329.0491166,4
2026-09-13 19:08:49.056,1789337329.056809,-99
2026-09-13 19:08:49.064,1789337329.064501,-82
2026-09-13 19:08:49.072,1789337329.0721934,-24
2026-09-13 19:08:49.079,1789337329.0798857,-55
2026-09-13 19:08:49.087,1789337329.087578,-60
2026-09-13 19:08:49.095,1789337329.0952704,-26
2026-09-13 19:08:49.102,1789337329.1029627,-26
2026-09-13 19:08:49.110,1789337329.110655,-31
2026-09-13 19:08:49.118,1789337329.1183474,-16
2026-09-13 19:08:49.126,1789337329.1260395,-12
2026-09-13 19:08:49.133,1789337329.1337318,-7
2026-09-13 19:08:49.141,1789337329.1414242,14
2026-09-13 19:08:49.149,1789337329.1491165,29
2026-09-13 19:08:49.156,1789337329.1568089,33
2026-09-13 19:08:49.164,1789337329.1645012,48
2026-09-13 19:08:49.172,1789337329.1721935,63
2026-09-13 19:08:49.179,1789337329.1798859,70
2026-09-13 19:08:49.187,1789337329.187578,77
2026-09-13 19:08:49.195,1789337329.1952703,87
2026-09-13 19:08:49.202,1789337329.2029626,89
2026-09-13 19:08:49.210,1789337329.210655,92
2026-09-13 19:08:49.218,1789337329.2183473,99
2026-09-13 19:08:49.226,1789337329.2260396,111
2026-09-13 19:08:49.233,1789337329.233732,99
2026-09-13 19:08:49.241,1789337329.2414243,80
2026-09-13 19:08:49.249,1789337329.2491164,70
2026-09-13 19:08:49.256,1789337329.2568088,41
2026-09-13 19:08:49.264,1789337329.264501,-9
2026-09-13 19:08:49.272,1789337329.2721934,-43
2026-09-13 19:08:49.279,1789337329.2798858,-53
2026-09-13 19:08:49.287,1789337329.287578,-63
2026-09-13 19:08:49.295,1789337329.2952704,-70
2026-09-13 19:08:49.302,1789337329.3029628,-75
2026-09-13 19:08:49.310,1789337329.3106549,-75
2026-09-13 19:08:49.318,1789337329.3183472,-70
2026-09-13 19:08:49.326,1789337329.3260396,-60
2026-09-13 19:08:49.333,1789337329.333732,-55
2026-09-13 19:08:49.341,1789337329.3414242,-48
2026-09-13 19:08:49.349,1789337329.3491166,-41
2026-09-13 19:08:49.356,1789337329.356809,-33
2026-09-13 19:08:49.364,1789337329.3645012,-26
2026-09-13 19:08:49.372,1789337329.3721936,-21
2026-09-13 19:08:49.379,1789337329.3798857,-21
2026-09-13 19:08:49.387,1789337329.387578,-24
2026-09-13 19:08:49.395,1789337329.3952703,-19
2026-09-13 19:08:49.402,1789337329.4023907,-19
2026-09-13 19:08:49.410,1789337329.410083,-26
2026-09-13 19:08:49.417,1789337329.4177754,-29
2026-09-13 19:08:49.425,1789337329.4254677,-26
2026-09-13 19:08:49.433,1789337329.43316,-29
2026-09-13 19:08:49.440,1789337329.4408522,-36
2026-09-13 19:08:49.448,1789337329.4485445,-38
2026-09-13 19:08:49.456,1789337329.4562368,-24
2026-09-13 19:08:49.463,1789337329.4639292,2
2026-09-13 19:08:49.471,1789337329.4716215,26
2026-09-13 19:08:49.479,1789337329.4793139,26
2026-09-13 19:08:49.487,1789337329.4870062,7
2026-09-13 19:08:49.494,1789337329.4946985,-4
2026-09-13 19:08:49.502,1789337329.5023906,-12
2026-09-13 19:08:49.510,1789337329.510083,-26
2026-09-13 19:08:49.517,1789337329.5177753,-33
2026-09-13 19:08:49.525,1789337329.5254676,-33
2026-09-13 19:08:49.533,1789337329.53316,-33
2026-09-13 19:08:49.540,1789337329.5408523,-33
2026-09-13 19:08:49.548,1789337329.5485446,-24
2026-09-13 19:08:49.556,1789337329.556237,-24
2026-09-13 19:08:49.563,1789337329.563929,-38
2026-09-13 19:08:49.571,1789337329.5716214,24
2026-09-13 19:08:49.579,1789337329.5793138,244
2026-09-13 19:08:49.587,1789337329.587006,577
2026-09-13 19:08:49.594,1789337329.5946984,776
2026-09-13 19:08:49.602,1789337329.6023908,407
2026-09-13 19:08:49.610,1789337329.610083,-281
2026-09-13 19:08:49.617,1789337329.6177754,-363
2026-09-13 19:08:49.625,1789337329.6254675,-21
2026-09-13 19:08:49.633,1789337329.6331599,-12
2026-09-13 19:08:49.640,1789337329.6408522,-118
2026-09-13 19:08:49.648,1789337329.6485445,-50
2026-09-13 19:08:49.656,1789337329.656237,-24
2026-09-13 19:08:49.663,1789337329.6639292,-65
2026-09-13 19:08:49.671,1789337329.6716216,-43
2026-09-13 19:08:49.679,1789337329.679314,-12
2026-09-13 19:08:49.687,1789337329.687006,-24
2026-09-13 19:08:49.694,1789337329.6946983,-26
2026-09-13 19:08:49.702,1789337329.7023907,-7
2026-09-13 19:08:49.710,1789337329.710083,4
2026-09-13 19:08:49.717,1789337329.7177753,9
2026-09-13 19:08:49.725,1789337329.7254677,21
2026-09-13 19:08:49.733,1789337329.73316,24
2026-09-13 19:08:49.740,1789337329.7408524,26
2026-09-13 19:08:49.748,1789337329.7485445,50
2026-09-13 19:08:49.756,1789337329.7562368,70
2026-09-13 19:08:49.763,1789337329.7639291,72
2026-09-13 19:08:49.771,1789337329.7716215,77
2026-09-13 19:08:49.779,1789337329.7793138,84
2026-09-13 19:08:49.787,1789337329.7870061,82
2026-09-13 19:08:49.794,1789337329.7946985,84
2026-09-13 19:08:49.802,1789337329.8023908,92
2026-09-13 19:08:49.810,1789337329.810083,84
2026-09-13 19:08:49.817,1789337329.8177752,75
2026-09-13 19:08:49.825,1789337329.8254676,65
2026-09-13 19:08:49.833,1789337329.83316,36
2026-09-13 19:08:49.840,1789337329.8408523,-4
2026-09-13 19:08:49.848,1789337329.8485446,-33
2026-09-13 19:08:49.856,1789337329.856237,-58
2026-09-13 19:08:49.863,1789337329.8639293,-75
2026-09-13 19:08:49.871,1789337329.8716214,-77
2026-09-13 19:08:49.879,1789337329.8793137,-80
2026-09-13 19:08:49.887,1789337329.887006,-92
2026-09-13 19:08:49.894,1789337329.8946984,-92
2026-09-13 19:08:49.902,1789337329.9023907,-80
2026-09-13 19:08:49.910,1789337329.910083,-75
2026-09-13 19:08:49.917,1789337329.9177754,-67
2026-09-13 19:08:49.925,1789337329.9254677,-58
2026-09-13 19:08:49.933,1789337329.93316,-50
2026-09-13 19:08:49.940,1789337329.9408522,-46
2026-09-13 19:08:49.948,1789337329.9485445,-38
2026-09-13 19:08:49.956,1789337329.9562368,-36
2026-09-13 19:08:49.963,1789337329.9633474,-41
2026-09-13 19:08:49.971,1789337329.9710398,-41
2026-09-13 19:08:49.978,1789337329.978732,-33
2026-09-13 19:08:49.986,1789337329.9864244,-33
2026-09-13 19:08:49.994,1789337329.9941168,-43
2026-09-13 19:08:50.001,1789337330.001809,-50
2026-09-13 19:08:50.009,1789337330.0095012,-46
2026-09-13 19:08:50.017,1789337330.0171936,-46
2026-09-13 19:08:50.024,1789337330.024886,-41
2026-09-13 19:08:50.032,1789337330.0325782,-16
2026-09-13 19:08:50.040,1789337330.0402706,4
2026-09-13 19:08:50.047,1789337330.047963,7
2026-09-13 19:08:50.055,1789337330.0556552,-4
2026-09-13 19:08:50.063,1789337330.0633473,-24
2026-09-13 19:08:50.071,1789337330.0710397,-41
2026-09-13 19:08:50.078,1789337330.078732,-50
2026-09-13 19:08:50.086,1789337330.0864244,-55
2026-09-13 19:08:50.094,1789337330.0941167,-55
2026-09-13 19:08:50.101,1789337330.101809,-53
2026-09-13 19:08:50.109,1789337330.1095014,-50
2026-09-13 19:08:50.117,1789337330.1171937,-48
2026-09-13 19:08:50.124,1789337330.1248858,-53
2026-09-13 19:08:50.132,1789337330.1325781,-63
2026-09-13 19:08:50.140,1789337330.1402705,-24
2026-09-13 19:08:50.147,1789337330.1479628,140
2026-09-13 19:08:50.155,1789337330.1556551,443
2026-09-13 19:08:50.163,1789337330.1633475,722
2026-09-13 19:08:50.171,1789337330.1710398,477
2026-09-13 19:08:50.178,1789337330.1787322,-232
2026-09-13 19:08:50.186,1789337330.1864243,-426
2026-09-13 19:08:50.194,1789337330.1941166,-72
2026-09-13 19:08:50.201,1789337330.201809,-7
2026-09-13 19:08:50.209,1789337330.2095013,-133
2026-09-13 19:08:50.217,1789337330.2171936,-82
2026-09-13 19:08:50.224,1789337330.224886,-41
2026-09-13 19:08:50.232,1789337330.2325783,-84
2026-09-13 19:08:50.240,1789337330.2402706,-77
2026-09-13 19:08:50.247,1789337330.2479627,-46
2026-09-13 19:08:50.255,1789337330.255655,-48
2026-09-13 19:08:50.263,1789337330.2633474,-46
2026-09-13 19:08:50.271,1789337330.2710397,-31
2026-09-13 19:08:50.278,1789337330.278732,-26
2026-09-13 19:08:50.286,1789337330.2864244,-24
2026-09-13 19:08:50.294,1789337330.2941167,-12
2026-09-13 19:08:50.301,1789337330.301809,-4
2026-09-13 19:08:50.309,1789337330.3095012,2
2026-09-13 19:08:50.317,1789337330.3171935,14
2026-09-13 19:08:50.324,1789337330.3248858,24
2026-09-13 19:08:50.332,1789337330.3325782,29
2026-09-13 19:08:50.340,1789337330.3402705,31
2026-09-13 19:08:50.347,1789337330.3479629,33
2026-09-13 19:08:50.355,1789337330.3556552,33
2026-09-13 19:08:50.363,1789337330.3633475,31
2026-09-13 19:08:50.371,1789337330.3710396,29
2026-09-13 19:08:50.378,1789337330.378732,24
2026-09-13 19:08:50.386,1789337330.3864243,16
2026-09-13 19:08:50.394,1789337330.3941166,4
2026-09-13 19:08:50.401,1789337330.401809,-12
2026-09-13 19:08:50.409,1789337330.4095013,-33
2026-09-13 19:08:50.417,1789337330.4171937,-55
2026-09-13 19:08:50.424,1789337330.424886,-75
2026-09-13 19:08:50.432,1789337330.432578,-87
2026-09-13 19:08:50.440,1789337330.4402704,-92
2026-09-13 19:08:50.447,1789337330.4479628,-94
2026-09-13 19:08:50.455,1789337330.455655,-92
2026-09-13 19:08:50.463,1789337330.4633474,-87
2026-09-13 19:08:50.471,1789337330.4710398,-84
2026-09-13 19:08:50.478,1789337330.478732,-77
2026-09-13 19:08:50.486,1789337330.4864244,-70
2026-09-13 19:08:50.494,1789337330.4941168,-65
2026-09-13 19:08:50.501,1789337330.501809,-63
2026-09-13 19:08:50.509,1789337330.5095012,-55
2026-09-13 19:08:50.517,1789337330.5171936,-53
2026-09-13 19:08:50.524,1789337330.5242934,-50
2026-09-13 19:08:50.531,1789337330.5319858,-50
2026-09-13 19:08:50.539,1789337330.539678,-50
2026-09-13 19:08:50.547,1789337330.5473704,-50
2026-09-13 19:08:50.555,1789337330.5550628,-58
2026-09-13 19:08:50.562,1789337330.5627549,-67
2026-09-13 19:08:50.570,1789337330.5704472,-70
2026-09-13 19:08:50.578,1789337330.5781395,-58
2026-09-13 19:08:50.585,1789337330.5858319,-53
2026-09-13 19:08:50.593,1789337330.5935242,-43
2026-09-13 19:08:50.601,1789337330.6012166,-19
2026-09-13 19:08:50.608,1789337330.608909,-2
2026-09-13 19:08:50.616,1789337330.6166012,-7
2026-09-13 19:08:50.624,1789337330.6242933,-24
2026-09-13 19:08:50.631,1789337330.6319857,-41
2026-09-13 19:08:50.639,1789337330.639678,-55
2026-09-13 19:08:50.647,1789337330.6473703,-67
2026-09-13 19:08:50.655,1789337330.6550627,-70
2026-09-13 19:08:50.662,1789337330.662755,-70
2026-09-13 19:08:50.670,1789337330.6704473,-67
2026-09-13 19:08:50.678,1789337330.6781397,-65
2026-09-13 19:08:50.685,1789337330.6858318,-67
2026-09-13 19:08:50.693,1789337330.6935241,-82
2026-09-13 19:08:50.701,1789337330.7012165,-72
2026-09-13 19:08:50.708,1789337330.7089088,31
2026-09-13 19:08:50.716,1789337330.7166011,264
2026-09-13 19:08:50.724,1789337330.7242935,618
2026-09-13 19:08:50.731,1789337330.7319858,749
2026-09-13 19:08:50.739,1789337330.7396781,206
2026-09-13 19:08:50.747,1789337330.7473702,-390
2026-09-13 19:08:50.755,1789337330.7550626,-252
2026-09-13 19:08:50.762,1789337330.762755,7
2026-09-13 19:08:50.770,1789337330.7704473,-104
2026-09-13 19:08:50.778,1789337330.7781396,-155
2026-09-13 19:08:50.785,1789337330.785832,-72
2026-09-13 19:08:50.793,1789337330.7935243,-87
2026-09-13 19:08:50.801,1789337330.8012166,-111
2026-09-13 19:08:50.808,1789337330.8089087,-80
2026-09-13 19:08:50.816,1789337330.816601,-67
2026-09-13 19:08:50.824,1789337330.8242934,-72
2026-09-13 19:08:50.831,1789337330.8319857,-60
2026-09-13 19:08:50.839,1789337330.839678,-53
2026-09-13 19:08:50.847,1789337330.8473704,-48
2026-09-13 19:08:50.855,1789337330.8550627,-38
2026-09-13 19:08:50.862,1789337330.862755,-31
2026-09-13 19:08:50.870,1789337330.8704472,-26
2026-09-13 19:08:50.878,1789337330.8781395,-16
2026-09-13 19:08:50.885,1789337330.8858318,-9
2026-09-13 19:08:50.893,1789337330.8935242,-9
2026-09-13 19:08:50.901,1789337330.9012165,-2
2026-09-13 19:08:50.908,1789337330.9089088,0
2026-09-13 19:08:50.916,1789337330.9166012,-7
2026-09-13 19:08:50.924,1789337330.9242935,-14
2026-09-13 19:08:50.931,1789337330.9319856,-24
2026-09-13 19:08:50.939,1789337330.939678,-31
2026-09-13 19:08:50.947,1789337330.9473703,-26
2026-09-13 19:08:50.955,1789337330.9550626,-26
2026-09-13 19:08:50.962,1789337330.962755,-33
2026-09-13 19:08:50.970,1789337330.9704473,-48
2026-09-13 19:08:50.978,1789337330.9781396,-65
2026-09-13 19:08:50.985,1789337330.985832,-80
2026-09-13 19:08:50.993,1789337330.993524,-89
2026-09-13 19:08:51.001,1789337331.0012164,-94
2026-09-13 19:08:51.008,1789337331.0089087,-94
2026-09-13 19:08:51.016,1789337331.016601,-92
2026-09-13 19:08:51.024,1789337331.0242934,-89
2026-09-13 19:08:51.031,1789337331.0319858,-87
2026-09-13 19:08:51.039,1789337331.039678,-80
2026-09-13 19:08:51.047,1789337331.0473704,-77
2026-09-13 19:08:51.055,1789337331.0550628,-72
2026-09-13 19:08:51.062,1789337331.0627549,-65
2026-09-13 19:08:51.070,1789337331.0704472,-58
2026-09-13 19:08:51.078,1789337331.0781395,-55
2026-09-13 19:08:51.085,1789337331.085245,-55
2026-09-13 19:08:51.092,1789337331.0929372,-58
2026-09-13 19:08:51.100,1789337331.1006296,-53
2026-09-13 19:08:51.108,1789337331.108322,-50
2026-09-13 19:08:51.116,1789337331.1160142,-50
2026-09-13 19:08:51.123,1789337331.1237063,-55
2026-09-13 19:08:51.131,1789337331.1313987,-65
2026-09-13 19:08:51.139,1789337331.139091,-75
2026-09-13 19:08:51.146,1789337331.1467834,-70
2026-09-13 19:08:51.154,1789337331.1544757,-58
2026-09-13 19:08:51.162,1789337331.162168,-53
2026-09-13 19:08:51.169,1789337331.1698604,-38
2026-09-13 19:08:51.177,1789337331.1775527,-12
2026-09-13 19:08:51.185,1789337331.1852448,2
2026-09-13 19:08:51.192,1789337331.1929371,-7
2026-09-13 19:08:51.200,1789337331.2006295,-21
2026-09-13 19:08:51.208,1789337331.2083218,-46
2026-09-13 19:08:51.216,1789337331.2160141,-65
2026-09-13 19:08:51.223,1789337331.2237065,-70
2026-09-13 19:08:51.231,1789337331.2313988,-72
2026-09-13 19:08:51.239,1789337331.2390912,-72
2026-09-13 19:08:51.246,1789337331.2467833,-70
2026-09-13 19:08:51.254,1789337331.2544756,-70
2026-09-13 19:08:51.262,1789337331.262168,-75
2026-09-13 19:08:51.269,1789337331.2698603,-84
2026-09-13 19:08:51.277,1789337331.2775526,-70
2026-09-13 19:08:51.285,1789337331.285245,41
2026-09-13 19:08:51.292,1789337331.2929373,278
2026-09-13 19:08:51.300,1789337331.3006296,615
2026-09-13 19:08:51.308,1789337331.3083217,649
2026-09-13 19:08:51.316,1789337331.316014,53
2026-09-13 19:08:51.323,1789337331.3237064,-407
2026-09-13 19:08:51.331,1789337331.3313987,-191
2026-09-13 19:08:51.339,1789337331.339091,0
2026-09-13 19:08:51.346,1789337331.3467834,-118
2026-09-13 19:08:51.354,1789337331.3544757,-133
2026-09-13 19:08:51.362,1789337331.362168,-67
2026-09-13 19:08:51.369,1789337331.3698602,-89
2026-09-13 19:08:51.377,1789337331.3775525,-101
2026-09-13 19:08:51.385,1789337331.3852448,-70
2026-09-13 19:08:51.392,1789337331.3929372,-65
2026-09-13 19:08:51.400,1789337331.4006295,-70
2026-09-13 19:08:51.408,1789337331.4083219,-53
2026-09-13 19:08:51.416,1789337331.4160142,-43
2026-09-13 19:08:51.423,1789337331.4237065,-41
2026-09-13 19:08:51.431,1789337331.4313986,-29
2026-09-13 19:08:51.439,1789337331.439091,-19
2026-09-13 19:08:51.446,1789337331.4467833,-19
2026-09-13 19:08:51.454,1789337331.4544756,-9
2026-09-13 19:08:51.462,1789337331.462168,2
2026-09-13 19:08:51.469,1789337331.4698603,7
2026-09-13 19:08:51.477,1789337331.4775527,9
2026-09-13 19:08:51.485,1789337331.485245,9
2026-09-13 19:08:51.492,1789337331.492937,12
2026-09-13 19:08:51.500,1789337331.5006294,9
2026-09-13 19:08:51.508,1789337331.5083218,4
2026-09-13 19:08:51.516,1789337331.516014,4
2026-09-13 19:08:51.523,1789337331.5237064,4
2026-09-13 19:08:51.531,1789337331.5313988,2
2026-09-13 19:08:51.539,1789337331.539091,-9
2026-09-13 19:08:51.546,1789337331.5467834,-38
2026-09-13 19:08:51.554,1789337331.5544755,-63
2026-09-13 19:08:51.562,1789337331.562168,-65
2026-09-13 19:08:51.569,1789337331.5698602,-67
2026-09-13 19:08:51.577,1789337331.5775526,-82
2026-09-13 19:08:51.585,1789337331.585245,-92
2026-09-13 19:08:51.592,1789337331.5929372,-87
2026-09-13 19:08:51.600,1789337331.6006296,-75
2026-09-13 19:08:51.608,1789337331.608322,-67
2026-09-13 19:08:51.616,1789337331.6160142,-65
2026-09-13 19:08:51.623,1789337331.6237063,-58
2026-09-13 19:08:51.631,1789337331.6313987,-53
2026-09-13 19:08:51.639,1789337331.639091,-43
2026-09-13 19:08:51.646,1789337331.6462166,-41
2026-09-13 19:08:51.653,1789337331.653909,-46
2026-09-13 19:08:51.661,1789337331.6616013,-38
2026-09-13 19:08:51.669,1789337331.6692936,-29
2026-09-13 19:08:51.676,1789337331.676986,-33
2026-09-13 19:08:51.684,1789337331.684678,-33
2026-09-13 19:08:51.692,1789337331.6923704,-16
2026-09-13 19:08:51.700,1789337331.7000628,-16
2026-09-13 19:08:51.707,1789337331.707755,-31
2026-09-13 19:08:51.715,1789337331.7154474,-41
2026-09-13 19:08:51.723,1789337331.7231398,-43
2026-09-13 19:08:51.730,1789337331.730832,-36
2026-09-13 19:08:51.738,1789337331.7385244,-24
2026-09-13 19:08:51.746,1789337331.7462165,-16
2026-09-13 19:08:51.753,1789337331.7539089,-2
2026-09-13 19:08:51.761,1789337331.7616012,26
2026-09-13 19:08:51.769,1789337331.7692935,41
2026-09-13 19:08:51.776,1789337331.776986,24
2026-09-13 19:08:51.784,1789337331.7846782,-2
2026-09-13 19:08:51.792,1789337331.7923706,-21
2026-09-13 19:08:51.800,1789337331.800063,-31
2026-09-13 19:08:51.807,1789337331.807755,-36
2026-09-13 19:08:51.815,1789337331.8154473,-36
2026-09-13 19:08:51.823,1789337331.8231397,-33
2026-09-13 19:08:51.830,1789337331.830832,-38
2026-09-13 19:08:51.838,1789337331.8385243,-36
2026-09-13 19:08:51.846,1789337331.8462167,-31
2026-09-13 19:08:51.853,1789337331.853909,-43
2026-09-13 19:08:51.861,1789337331.8616014,-16
2026-09-13 19:08:51.869,1789337331.8692935,147
2026-09-13 19:08:51.876,1789337331.8769858,434
2026-09-13 19:08:51.884,1789337331.8846781,686
2026-09-13 19:08:51.892,1789337331.8923705,477
2026-09-13 19:08:51.900,1789337331.9000628,-181
2026-09-13 19:08:51.907,1789337331.9077551,-414
2026-09-13 19:08:51.915,1789337331.9154475,-94
2026-09-13 19:08:51.923,1789337331.9231398,4
2026-09-13 19:08:51.930,1789337331.930832,-104
2026-09-13 19:08:51.938,1789337331.9385242,-67
2026-09-13 19:08:51.946,1789337331.9462166,-21
2026-09-13 19:08:51.953,1789337331.953909,-55
2026-09-13 19:08:51.961,1789337331.9616013,-53
2026-09-13 19:08:51.969,1789337331.9692936,-24
2026-09-13 19:08:51.976,1789337331.976986,-21
2026-09-13 19:08:51.984,1789337331.9846783,-26
2026-09-13 19:08:51.992,1789337331.9923704,-12
2026-09-13 19:08:52.000,1789337332.0000627,7
2026-09-13 19:08:52.007,1789337332.007755,14
2026-09-13 19:08:52.015,1789337332.0154474,14
2026-09-13 19:08:52.023,1789337332.0231397,19
2026-09-13 19:08:52.030,1789337332.030832,33
2026-09-13 19:08:52.038,1789337332.0385244,50
2026-09-13 19:08:52.046,1789337332.0462167,63
2026-09-13 19:08:52.053,1789337332.0539088,72
2026-09-13 19:08:52.061,1789337332.0616012,77
2026-09-13 19:08:52.069,1789337332.0692935,77
2026-09-13 19:08:52.076,1789337332.0769858,87
2026-09-13 19:08:52.084,1789337332.0846782,99
2026-09-13 19:08:52.092,1789337332.0923705,97
2026-09-13 19:08:52.100,1789337332.1000628,94
2026-09-13 19:08:52.107,1789337332.1077552,94
2026-09-13 19:08:52.115,1789337332.1154473,84
2026-09-13 19:08:52.123,1789337332.1231396,53
2026-09-13 19:08:52.130,1789337332.130832,9
2026-09-13 19:08:52.138,1789337332.1385243,-19
2026-09-13 19:08:52.146,1789337332.1462166,-41
2026-09-13 19:08:52.153,1789337332.153909,-63
2026-09-13 19:08:52.161,1789337332.1616013,-75
2026-09-13 19:08:52.169,1789337332.1692936,-80
2026-09-13 19:08:52.176,1789337332.176986,-82
2026-09-13 19:08:52.184,1789337332.184678,-87
2026-09-13 19:08:52.192,1789337332.1923704,-80
2026-09-13 19:08:52.200,1789337332.2000628,-65
2026-09-13 19:08:52.207,1789337332.2071884,-60
2026-09-13 19:08:52.214,1789337332.2148807,-58
2026-09-13 19:08:52.222,1789337332.222573,-43
2026-09-13 19:08:52.230,1789337332.2302654,-33
2026-09-13 19:08:52.237,1789337332.2379577,-36
2026-09-13 19:08:52.245,1789337332.2456498,-33
2026-09-13 19:08:52.253,1789337332.2533422,-31
2026-09-13 19:08:52.261,1789337332.2610345,-33
2026-09-13 19:08:52.268,1789337332.2687268,-33
2026-09-13 19:08:52.276,1789337332.2764192,-31
2026-09-13 19:08:52.284,1789337332.2841115,-26
2026-09-13 19:08:52.291,1789337332.2918038,-33
2026-09-13 19:08:52.299,1789337332.2994962,-38
2026-09-13 19:08:52.307,1789337332.3071883,-31
2026-09-13 19:08:52.314,1789337332.3148806,-33
2026-09-13 19:08:52.322,1789337332.322573,-48
2026-09-13 19:08:52.330,1789337332.3302653,-24
2026-09-13 19:08:52.337,1789337332.3379576,14
2026-09-13 19:08:52.345,1789337332.34565,24
2026-09-13 19:08:52.353,1789337332.3533423,12
2026-09-13 19:08:52.361,1789337332.3610346,0
2026-09-13 19:08:52.368,1789337332.3687267,-19
2026-09-13 19:08:52.376,1789337332.376419,-38
2026-09-13 19:08:52.384,1789337332.3841114,-43
2026-09-13 19:08:52.391,1789337332.3918037,-38
2026-09-13 19:08:52.399,1789337332.399496,-29
2026-09-13 19:08:52.407,1789337332.4071884,-36
2026-09-13 19:08:52.414,1789337332.4148808,-48
2026-09-13 19:08:52.422,1789337332.422573,-41
2026-09-13 19:08:52.430,1789337332.4302652,-43
2026-09-13 19:08:52.437,1789337332.4379575,-41
2026-09-13 19:08:52.445,1789337332.4456499,92
2026-09-13 19:08:52.453,1789337332.4533422,390
2026-09-13 19:08:52.461,1789337332.4610345,715
2026-09-13 19:08:52.468,1789337332.4687269,676
2026-09-13 19:08:52.476,1789337332.4764192,41
2026-09-13 19:08:52.484,1789337332.4841115,-441
2026-09-13 19:08:52.491,1789337332.4918036,-208
2026-09-13 19:08:52.499,1789337332.499496,29
2026-09-13 19:08:52.507,1789337332.5071883,-92
2026-09-13 19:08:52.514,1789337332.5148807,-118
2026-09-13 19:08:52.522,1789337332.522573,-26
2026-09-13 19:08:52.530,1789337332.5302653,-36
2026-09-13 19:08:52.537,1789337332.5379577,-80
2026-09-13 19:08:52.545,1789337332.54565,-63
2026-09-13 19:08:52.553,1789337332.553342,-33
2026-09-13 19:08:52.561,1789337332.5610344,-19
2026-09-13 19:08:52.568,1789337332.5687268,-16
2026-09-13 19:08:52.576,1789337332.576419,-14
2026-09-13 19:08:52.584,1789337332.5841115,-9
2026-09-13 19:08:52.591,1789337332.5918038,0
2026-09-13 19:08:52.599,1789337332.5994961,7
2026-09-13 19:08:52.607,1789337332.6071885,7
2026-09-13 19:08:52.614,1789337332.6148806,29
2026-09-13 19:08:52.622,1789337332.622573,50
2026-09-13 19:08:52.630,1789337332.6302652,46
2026-09-13 19:08:52.637,1789337332.6379576,48
2026-09-13 19:08:52.645,1789337332.64565,75
2026-09-13 19:08:52.653,1789337332.6533422,84
2026-09-13 19:08:52.661,1789337332.6610346,75
2026-09-13 19:08:52.668,1789337332.668727,75
2026-09-13 19:08:52.676,1789337332.676419,65
2026-09-13 19:08:52.684,1789337332.6841114,55
2026-09-13 19:08:52.691,1789337332.6918037,55
2026-09-13 19:08:52.699,1789337332.699496,36
2026-09-13 19:08:52.707,1789337332.7071884,-12
2026-09-13 19:08:52.714,1789337332.7148807,-38
2026-09-13 19:08:52.722,1789337332.722573,-53
2026-09-13 19:08:52.730,1789337332.7302654,-72
2026-09-13 19:08:52.737,1789337332.7379577,-82
2026-09-13 19:08:52.745,1789337332.7456498,-80
2026-09-13 19:08:52.753,1789337332.7533422,-87
2026-09-13 19:08:52.761,1789337332.7610345,-92
2026-09-13 19:08:52.768,1789337332.7681396,-84
2026-09-13 19:08:52.775,1789337332.775832,-75
2026-09-13 19:08:52.783,1789337332.7835243,-70
2026-09-13 19:08:52.791,1789337332.7912166,-60
2026-09-13 19:08:52.798,1789337332.798909,-50
2026-09-13 19:08:52.806,1789337332.806601,-46
2026-09-13 19:08:52.814,1789337332.8142934,-38
2026-09-13 19:08:52.821,1789337332.8219857,-33
2026-09-13 19:08:52.829,1789337332.829678,-33
2026-09-13 19:08:52.837,1789337332.8373704,-33
2026-09-13 19:08:52.845,1789337332.8450627,-31
2026-09-13 19:08:52.852,1789337332.852755,-31
2026-09-13 19:08:52.860,1789337332.8604474,-33
2026-09-13 19:08:52.868,1789337332.8681395,-41
2026-09-13 19:08:52.875,1789337332.8758318,-46
2026-09-13 19:08:52.883,1789337332.8835242,-43
2026-09-13 19:08:52.891,1789337332.8912165,-38
2026-09-13 19:08:52.898,1789337332.8989089,-31
2026-09-13 19:08:52.906,1789337332.9066012,-14
2026-09-13 19:08:52.914,1789337332.9142935,7
2026-09-13 19:08:52.921,1789337332.9219859,12
2026-09-13 19:08:52.929,1789337332.929678,-4
2026-09-13 19:08:52.937,1789337332.9373703,-29
2026-09-13 19:08:52.945,1789337332.9450626,-48
2026-09-13 19:08:52.952,1789337332.952755,-55
2026-09-13 19:08:52.960,1789337332.9604473,-55
2026-09-13 19:08:52.968,1789337332.9681396,-55
2026-09-13 19:08:52.975,1789337332.975832,-50
2026-09-13 19:08:52.983,1789337332.9835243,-48
2026-09-13 19:08:52.991,1789337332.9912164,-48
2026-09-13 19:08:52.998,1789337332.9989088,-58
2026-09-13 19:08:53.006,1789337333.006601,-60
2026-09-13 19:08:53.014,1789337333.0142934,21
2026-09-13 19:08:53.021,1789337333.0219858,247
2026-09-13 19:08:53.029,1789337333.029678,589
2026-09-13 19:08:53.037,1789337333.0373704,703
2026-09-13 19:08:53.045,1789337333.0450628,169
2026-09-13 19:08:53.052,1789337333.0527549,-417
2026-09-13 19:08:53.060,1789337333.0604472,-281
2026-09-13 19:08:53.068,1789337333.0681396,12
2026-09-13 19:08:53.075,1789337333.075832,-72
2026-09-13 19:08:53.083,1789337333.0835242,-130
2026-09-13 19:08:53.091,1789337333.0912166,-50
2026-09-13 19:08:53.098,1789337333.098909,-58
2026-09-13 19:08:53.106,1789337333.1066012,-84
2026-09-13 19:08:53.114,1789337333.1142933,-55
2026-09-13 19:08:53.121,1789337333.1219857,-46
2026-09-13 19:08:53.129,1789337333.129678,-50
2026-09-13 19:08:53.137,1789337333.1373703,-41
2026-09-13 19:08:53.145,1789337333.1450627,-31
2026-09-13 19:08:53.152,1789337333.152755,-26
2026-09-13 19:08:53.160,1789337333.1604474,-19
2026-09-13 19:08:53.168,1789337333.1681397,-9
2026-09-13 19:08:53.175,1789337333.1758318,-2
2026-09-13 19:08:53.183,1789337333.1835241,4
2026-09-13 19:08:53.191,1789337333.1912165,14
2026-09-13 19:08:53.198,1789337333.1989088,21
2026-09-13 19:08:53.206,1789337333.2066011,26
2026-09-13 19:08:53.214,1789337333.2142935,29
2026-09-13 19:08:53.221,1789337333.2219858,29
2026-09-13 19:08:53.229,1789337333.2296782,21
2026-09-13 19:08:53.237,1789337333.2373703,16
2026-09-13 19:08:53.245,1789337333.2450626,12
2026-09-13 19:08:53.252,1789337333.252755,9
2026-09-13 19:08:53.260,1789337333.2604473,4
2026-09-13 19:08:53.268,1789337333.2681396,-7
2026-09-13 19:08:53.275,1789337333.275832,-29
2026-09-13 19:08:53.283,1789337333.2835243,-53
2026-09-13 19:08:53.291,1789337333.2912166,-72
2026-09-13 19:08:53.298,1789337333.298909,-82
2026-09-13 19:08:53.306,1789337333.306601,-89
2026-09-13 19:08:53.314,1789337333.3142934,-92
2026-09-13 19:08:53.321,1789337333.3219857,-92
2026-09-13 19:08:53.329,1789337333.3290858,-89
2026-09-13 19:08:53.336,1789337333.3367782,-84
2026-09-13 19:08:53.344,1789337333.3444705,-82
2026-09-13 19:08:53.352,1789337333.3521628,-77
2026-09-13 19:08:53.359,1789337333.3598552,-67
2026-09-13 19:08:53.367,1789337333.3675473,-60
2026-09-13 19:08:53.375,1789337333.3752396,-55
2026-09-13 19:08:53.382,1789337333.382932,-53
2026-09-13 19:08:53.390,1789337333.3906243,-48
2026-09-13 19:08:53.398,1789337333.3983166,-46
2026-09-13 19:08:53.406,1789337333.406009,-48
2026-09-13 19:08:53.413,1789337333.4137013,-46
2026-09-13 19:08:53.421,1789337333.4213936,-48
2026-09-13 19:08:53.429,1789337333.4290857,-50
2026-09-13 19:08:53.436,1789337333.436778,-58
2026-09-13 19:08:53.444,1789337333.4444704,-65
2026-09-13 19:08:53.452,1789337333.4521627,-70
2026-09-13 19:08:53.459,1789337333.459855,-63
2026-09-13 19:08:53.467,1789337333.4675474,-53
2026-09-13 19:08:53.475,1789337333.4752398,-43
2026-09-13 19:08:53.482,1789337333.482932,-19
2026-09-13 19:08:53.490,1789337333.4906242,0
2026-09-13 19:08:53.498,1789337333.4983165,-7
2026-09-13 19:08:53.506,1789337333.5060089,-24
2026-09-13 19:08:53.513,1789337333.5137012,-43
2026-09-13 19:08:53.521,1789337333.5213935,-58
2026-09-13 19:08:53.529,1789337333.5290859,-63
2026-09-13 19:08:53.536,1789337333.5367782,-60
2026-09-13 19:08:53.544,1789337333.5444705,-63
2026-09-13 19:08:53.552,1789337333.5521626,-63
2026-09-13 19:08:53.559,1789337333.559855,-60
2026-09-13 19:08:53.567,1789337333.5675473,-65
2026-09-13 19:08:53.575,1789337333.5752397,-77
2026-09-13 19:08:53.582,1789337333.582932,-58
2026-09-13 19:08:53.590,1789337333.5906243,67
2026-09-13 19:08:53.598,1789337333.5983167,327
2026-09-13 19:08:53.606,1789337333.606009,686
2026-09-13 19:08:53.613,1789337333.613701,739
2026-09-13 19:08:53.621,1789337333.6213934,113
2026-09-13 19:08:53.629,1789337333.6290858,-414
2026-09-13 19:08:53.636,1789337333.636778,-203
2026-09-13 19:08:53.644,1789337333.6444705,9
2026-09-13 19:08:53.652,1789337333.6521628,-126
2026-09-13 19:08:53.659,1789337333.6598551,-150
2026-09-13 19:08:53.667,1789337333.6675475,-70
2026-09-13 19:08:53.675,1789337333.6752396,-94
2026-09-13 19:08:53.682,1789337333.682932,-111
2026-09-13 19:08:53.690,1789337333.6906242,-75
2026-09-13 19:08:53.698,1789337333.6983166,-67
2026-09-13 19:08:53.706,1789337333.706009,-75
2026-09-13 19:08:53.713,1789337333.7137012,-63
2026-09-13 19:08:53.721,1789337333.7213936,-48
2026-09-13 19:08:53.729,1789337333.729086,-46
2026-09-13 19:08:53.736,1789337333.736778,-41
2026-09-13 19:08:53.744,1789337333.7444704,-33
2026-09-13 19:08:53.752,1789337333.7521627,-29
2026-09-13 19:08:53.759,1789337333.759855,-21
2026-09-13 19:08:53.767,1789337333.7675474,-14
2026-09-13 19:08:53.775,1789337333.7752397,-9
2026-09-13 19:08:53.782,1789337333.782932,-9
2026-09-13 19:08:53.790,1789337333.7906244,-12
2026-09-13 19:08:53.798,1789337333.7983165,-14
2026-09-13 19:08:53.806,1789337333.8060088,-16
2026-09-13 19:08:53.813,1789337333.8137012,-26
2026-09-13 19:08:53.821,1789337333.8213935,-36
2026-09-13 19:08:53.829,1789337333.8290858,-33
2026-09-13 19:08:53.836,1789337333.8367782,-26
2026-09-13 19:08:53.844,1789337333.8444705,-33
2026-09-13 19:08:53.852,1789337333.8521628,-53
2026-09-13 19:08:53.859,1789337333.8598552,-67
2026-09-13 19:08:53.867,1789337333.8675473,-77
2026-09-13 19:08:53.875,1789337333.8752396,-84
2026-09-13 19:08:53.882,1789337333.882932,-87
2026-09-13 19:08:53.890,1789337333.8900628,-87
2026-09-13 19:08:53.897,1789337333.8977551,-87
2026-09-13 19:08:53.905,1789337333.9054475,-84
2026-09-13 19:08:53.913,1789337333.9131398,-80
2026-09-13 19:08:53.920,1789337333.9208322,-75
2026-09-13 19:08:53.928,1789337333.9285243,-70
2026-09-13 19:08:53.936,1789337333.9362166,-63
2026-09-13 19:08:53.943,1789337333.943909,-55
2026-09-13 19:08:53.951,1789337333.9516013,-53
2026-09-13 19:08:53.959,1789337333.9592936,-50
2026-09-13 19:08:53.966,1789337333.966986,-46
2026-09-13 19:08:53.974,1789337333.9746783,-48
2026-09-13 19:08:53.982,1789337333.9823706,-50
2026-09-13 19:08:53.990,1789337333.9900627,-46
2026-09-13 19:08:53.997,1789337333.997755,-48
2026-09-13 19:08:54.005,1789337334.0054474,-50
2026-09-13 19:08:54.013,1789337334.0131397,-48
2026-09-13 19:08:54.020,1789337334.020832,-50
2026-09-13 19:08:54.028,1789337334.0285244,-58
2026-09-13 19:08:54.036,1789337334.0362167,-65
2026-09-13 19:08:54.043,1789337334.043909,-70
2026-09-13 19:08:54.051,1789337334.0516012,-63
2026-09-13 19:08:54.059,1789337334.0592935,-48
2026-09-13 19:08:54.066,1789337334.0669858,-36
2026-09-13 19:08:54.074,1789337334.0746782,-12
2026-09-13 19:08:54.082,1789337334.0823705,7
2026-09-13 19:08:54.090,1789337334.0900629,2
2026-09-13 19:08:54.097,1789337334.0977552,-16
2026-09-13 19:08:54.105,1789337334.1054475,-33
2026-09-13 19:08:54.113,1789337334.1131396,-53
2026-09-13 19:08:54.120,1789337334.120832,-60
2026-09-13 19:08:54.128,1789337334.1285243,-60
2026-09-13 19:08:54.136,1789337334.1362166,-63
2026-09-13 19:08:54.143,1789337334.143909,-63
2026-09-13 19:08:54.151,1789337334.1516013,-55
2026-09-13 19:08:54.159,1789337334.1592937,-60
2026-09-13 19:08:54.166,1789337334.166986,-75
2026-09-13 19:08:54.174,1789337334.174678,-55
2026-09-13 19:08:54.182,1789337334.1823704,60
2026-09-13 19:08:54.190,1789337334.1900628,291
2026-09-13 19:08:54.197,1789337334.197755,632
2026-09-13 19:08:54.205,1789337334.2054474,729
2026-09-13 19:08:54.213,1789337334.2131398,169
2026-09-13 19:08:54.220,1789337334.220832,-378
2026-09-13 19:08:54.228,1789337334.2285244,-223
2026-09-13 19:08:54.236,1789337334.2362165,2
2026-09-13 19:08:54.243,1789337334.243909,-99
2026-09-13 19:08:54.251,1789337334.2516012,-130
2026-09-13 19:08:54.259,1789337334.2592936,-60
2026-09-13 19:08:54.266,1789337334.266986,-82
2026-09-13 19:08:54.274,1789337334.2746782,-99
2026-09-13 19:08:54.282,1789337334.2823706,-63
2026-09-13 19:08:54.290,1789337334.290063,-55
2026-09-13 19:08:54.297,1789337334.297755,-65
2026-09-13 19:08:54.305,1789337334.3054473,-48
2026-09-13 19:08:54.313,1789337334.3131397,-36
2026-09-13 19:08:54.320,1789337334.320832,-38
2026-09-13 19:08:54.328,1789337334.3285244,-29
2026-09-13 19:08:54.336,1789337334.3362167,-16
2026-09-13 19:08:54.343,1789337334.343909,-12
2026-09-13 19:08:54.351,1789337334.3516014,-7
2026-09-13 19:08:54.359,1789337334.3592935,2
2026-09-13 19:08:54.366,1789337334.3669858,9
2026-09-13 19:08:54.374,1789337334.3746781,14
2026-09-13 19:08:54.382,1789337334.3823705,16
2026-09-13 19:08:54.390,1789337334.3900628,12
2026-09-13 19:08:54.397,1789337334.3977551,9
2026-09-13 19:08:54.405,1789337334.4054475,7
2026-09-13 19:08:54.413,1789337334.4131398,4
2026-09-13 19:08:54.420,1789337334.4208322,4
2026-09-13 19:08:54.428,1789337334.4285243,2
2026-09-13 19:08:54.436,1789337334.4362166,-7
2026-09-13 19:08:54.443,1789337334.443909,-21
2026-09-13 19:08:54.451,1789337334.451014,-41
2026-09-13 19:08:54.458,1789337334.4587064,-63
2026-09-13 19:08:54.466,1789337334.4663987,-70
2026-09-13 19:08:54.474,1789337334.474091,-75
2026-09-13 19:08:54.481,1789337334.4817834,-82
2026-09-13 19:08:54.489,1789337334.4894755,-84
2026-09-13 19:08:54.497,1789337334.4971678,-77
2026-09-13 19:08:54.504,1789337334.5048602,-75
2026-09-13 19:08:54.512,1789337334.5125525,-72
2026-09-13 19:08:54.520,1789337334.5202448,-63
2026-09-13 19:08:54.527,1789337334.5279372,-53
2026-09-13 19:08:54.535,1789337334.5356295,-50
2026-09-13 19:08:54.543,1789337334.5433218,-50
2026-09-13 19:08:54.551,1789337334.551014,-48
2026-09-13 19:08:54.558,1789337334.5587063,-46
2026-09-13 19:08:54.566,1789337334.5663986,-43
2026-09-13 19:08:54.574,1789337334.574091,-43
2026-09-13 19:08:54.581,1789337334.5817833,-41
2026-09-13 19:08:54.589,1789337334.5894756,-41
2026-09-13 19:08:54.597,1789337334.597168,-41
2026-09-13 19:08:54.604,1789337334.6048603,-41
2026-09-13 19:08:54.612,1789337334.6125524,-43
2026-09-13 19:08:54.620,1789337334.6202447,-43
2026-09-13 19:08:54.627,1789337334.627937,-43
2026-09-13 19:08:54.635,1789337334.6356294,-48
2026-09-13 19:08:54.643,1789337334.6433218,-58
2026-09-13 19:08:54.651,1789337334.651014,-65
2026-09-13 19:08:54.658,1789337334.6587064,-53
2026-09-13 19:08:54.666,1789337334.6663988,-33
2026-09-13 19:08:54.674,1789337334.6740909,-16
2026-09-13 19:08:54.681,1789337334.6817832,7
2026-09-13 19:08:54.689,1789337334.6894755,24
2026-09-13 19:08:54.697,1789337334.6971679,14
2026-09-13 19:08:54.704,1789337334.7048602,-7
2026-09-13 19:08:54.712,1789337334.7125525,-29
2026-09-13 19:08:54.720,1789337334.720245,-46
2026-09-13 19:08:54.727,1789337334.7279372,-53
2026-09-13 19:08:54.735,1789337334.7356293,-50
2026-09-13 19:08:54.743,1789337334.7433217,-41
2026-09-13 19:08:54.751,1789337334.751014,-38
2026-09-13 19:08:54.758,1789337334.7587063,-43
2026-09-13 19:08:54.766,1789337334.7663987,-41
2026-09-13 19:08:54.774,1789337334.774091,-43
2026-09-13 19:08:54.781,1789337334.7817833,-14
2026-09-13 19:08:54.789,1789337334.7894757,126
2026-09-13 19:08:54.797,1789337334.7971678,378
2026-09-13 19:08:54.804,1789337334.80486,662
2026-09-13 19:08:54.812,1789337334.8125525,589
2026-09-13 19:08:54.820,1789337334.8202448,-31
2026-09-13 19:08:54.827,1789337334.8279371,-404
2026-09-13 19:08:54.835,1789337334.8356295,-160
2026-09-13 19:08:54.843,1789337334.8433218,-4
2026-09-13 19:08:54.851,1789337334.8510141,-106
2026-09-13 19:08:54.858,1789337334.8587062,-92
2026-09-13 19:08:54.866,1789337334.8663986,-33
2026-09-13 19:08:54.874,1789337334.874091,-65
2026-09-13 19:08:54.881,1789337334.8817832,-72
2026-09-13 19:08:54.889,1789337334.8894756,-41
2026-09-13 19:08:54.897,1789337334.897168,-36
2026-09-13 19:08:54.904,1789337334.9048603,-33
2026-09-13 19:08:54.912,1789337334.9125526,-14
2026-09-13 19:08:54.920,1789337334.9202447,-7
2026-09-13 19:08:54.927,1789337334.927937,-9
2026-09-13 19:08:54.935,1789337334.9356294,2
2026-09-13 19:08:54.943,1789337334.9433217,14
2026-09-13 19:08:54.951,1789337334.951014,26
2026-09-13 19:08:54.958,1789337334.9587064,38
2026-09-13 19:08:54.966,1789337334.9663987,48
2026-09-13 19:08:54.974,1789337334.974091,53
2026-09-13 19:08:54.981,1789337334.9817834,65
2026-09-13 19:08:54.989,1789337334.9894755,72
2026-09-13 19:08:54.997,1789337334.9971678,75
2026-09-13 19:08:55.004,1789337335.0048602,80
2026-09-13 19:08:55.011,1789337335.0119858,80
2026-09-13 19:08:55.019,1789337335.019678,75
2026-09-13 19:08:55.027,1789337335.0273705,77
2026-09-13 19:08:55.035,1789337335.0350628,75
2026-09-13 19:08:55.042,1789337335.0427551,55
2026-09-13 19:08:55.050,1789337335.0504472,16
2026-09-13 19:08:55.058,1789337335.0581396,-19
2026-09-13 19:08:55.065,1789337335.065832,-41
2026-09-13 19:08:55.073,1789337335.0735242,-58
2026-09-13 19:08:55.081,1789337335.0812166,-72
2026-09-13 19:08:55.088,1789337335.088909,-70
2026-09-13 19:08:55.096,1789337335.0966012,-70
2026-09-13 19:08:55.104,1789337335.1042936,-72
2026-09-13 19:08:55.111,1789337335.1119857,-63
2026-09-13 19:08:55.119,1789337335.119678,-48
2026-09-13 19:08:55.127,1789337335.1273704,-43
2026-09-13 19:08:55.135,1789337335.1350627,-41
2026-09-13 19:08:55.142,1789337335.142755,-38
2026-09-13 19:08:55.150,1789337335.1504474,-29
2026-09-13 19:08:55.158,1789337335.1581397,-21
2026-09-13 19:08:55.165,1789337335.165832,-21
2026-09-13 19:08:55.173,1789337335.1735241,-29
2026-09-13 19:08:55.181,1789337335.1812165,-29
2026-09-13 19:08:55.188,1789337335.1889088,-21
2026-09-13 19:08:55.196,1789337335.1966012,-9
2026-09-13 19:08:55.204,1789337335.2042935,-12
2026-09-13 19:08:55.211,1789337335.2119858,-16
2026-09-13 19:08:55.219,1789337335.2196782,-16
2026-09-13 19:08:55.227,1789337335.2273705,-21
2026-09-13 19:08:55.235,1789337335.2350626,-33
2026-09-13 19:08:55.242,1789337335.242755,-36
2026-09-13 19:08:55.250,1789337335.2504473,-26
2026-09-13 19:08:55.258,1789337335.2581396,-31
2026-09-13 19:08:55.265,1789337335.265832,-24
2026-09-13 19:08:55.273,1789337335.2735243,12
2026-09-13 19:08:55.281,1789337335.2812166,43
2026-09-13 19:08:55.288,1789337335.288909,36
2026-09-13 19:08:55.296,1789337335.296601,21
2026-09-13 19:08:55.304,1789337335.3042934,9
2026-09-13 19:08:55.311,1789337335.3119857,-9
2026-09-13 19:08:55.319,1789337335.319678,-29
2026-09-13 19:08:55.327,1789337335.3273704,-33
2026-09-13 19:08:55.335,1789337335.3350627,-29
2026-09-13 19:08:55.342,1789337335.342755,-29
2026-09-13 19:08:55.350,1789337335.3504474,-24
2026-09-13 19:08:55.358,1789337335.3581395,-14
2026-09-13 19:08:55.365,1789337335.3658319,-19
2026-09-13 19:08:55.373,1789337335.3735242,-29
2026-09-13 19:08:55.381,1789337335.3812165,31
2026-09-13 19:08:55.388,1789337335.3889089,242
2026-09-13 19:08:55.396,1789337335.3966012,567
2026-09-13 19:08:55.404,1789337335.4042935,780
2026-09-13 19:08:55.411,1789337335.4119859,448
2026-09-13 19:08:55.419,1789337335.419678,-274
2026-09-13 19:08:55.427,1789337335.4273703,-426
2026-09-13 19:08:55.435,1789337335.4350626,-60
2026-09-13 19:08:55.442,1789337335.442755,4
2026-09-13 19:08:55.450,1789337335.4504473,-104
2026-09-13 19:08:55.458,1789337335.4581397,-50
2026-09-13 19:08:55.465,1789337335.465832,-21
2026-09-13 19:08:55.473,1789337335.4735243,-60
2026-09-13 19:08:55.481,1789337335.4812164,-41
2026-09-13 19:08:55.488,1789337335.4889088,-12
2026-09-13 19:08:55.496,1789337335.496601,-16
2026-09-13 19:08:55.504,1789337335.5042934,-12
2026-09-13 19:08:55.511,1789337335.5119858,9
2026-09-13 19:08:55.519,1789337335.519678,12
2026-09-13 19:08:55.527,1789337335.5273705,12
2026-09-13 19:08:55.535,1789337335.5350628,26
2026-09-13 19:08:55.542,1789337335.5427551,38
2026-09-13 19:08:55.550,1789337335.5504472,50
2026-09-13 19:08:55.558,1789337335.5581396,65
2026-09-13 19:08:55.565,1789337335.565832,70
2026-09-13 19:08:55.572,1789337335.5729575,84
2026-09-13 19:08:55.580,1789337335.5806499,109
2026-09-13 19:08:55.588,1789337335.5883422,121
2026-09-13 19:08:55.596,1789337335.5960345,111
2026-09-13 19:08:55.603,1789337335.6037269,111
2026-09-13 19:08:55.611,1789337335.611419,130
2026-09-13 19:08:55.619,1789337335.6191113,128
2026-09-13 19:08:55.626,1789337335.6268036,109
2026-09-13 19:08:55.634,1789337335.634496,97
2026-09-13 19:08:55.642,1789337335.6421883,67
2026-09-13 19:08:55.649,1789337335.6498806,9
2026-09-13 19:08:55.657,1789337335.657573,-31
2026-09-13 19:08:55.665,1789337335.6652653,-46
2026-09-13 19:08:55.672,1789337335.6729574,-58
2026-09-13 19:08:55.680,1789337335.6806498,-65
2026-09-13 19:08:55.688,1789337335.688342,-77
2026-09-13 19:08:55.696,1789337335.6960344,-89
2026-09-13 19:08:55.703,1789337335.7037268,-82
2026-09-13 19:08:55.711,1789337335.711419,-72
2026-09-13 19:08:55.719,1789337335.7191114,-63
2026-09-13 19:08:55.726,1789337335.7268038,-48
2026-09-13 19:08:55.734,1789337335.7344959,-48
2026-09-13 19:08:55.742,1789337335.7421882,-46
2026-09-13 19:08:55.749,1789337335.7498806,-29
2026-09-13 19:08:55.757,1789337335.757573,-24
2026-09-13 19:08:55.765,1789337335.7652652,-29
2026-09-13 19:08:55.772,1789337335.7729576,-29
2026-09-13 19:08:55.780,1789337335.78065,-24
2026-09-13 19:08:55.788,1789337335.7883422,-21
2026-09-13 19:08:55.796,1789337335.7960343,-19
2026-09-13 19:08:55.803,1789337335.8037267,-21
2026-09-13 19:08:55.811,1789337335.811419,-26
2026-09-13 19:08:55.819,1789337335.8191113,-31
2026-09-13 19:08:55.826,1789337335.8268037,-33
2026-09-13 19:08:55.834,1789337335.834496,-33
2026-09-13 19:08:55.842,1789337335.8421884,-31
2026-09-13 19:08:55.849,1789337335.8498807,-16
2026-09-13 19:08:55.857,1789337335.8575728,12
2026-09-13 19:08:55.865,1789337335.8652651,26
2026-09-13 19:08:55.872,1789337335.8729575,21
2026-09-13 19:08:55.880,1789337335.8806498,2
2026-09-13 19:08:55.888,1789337335.8883421,-19
2026-09-13 19:08:55.896,1789337335.8960345,-31
2026-09-13 19:08:55.903,1789337335.9037268,-31
2026-09-13 19:08:55.911,1789337335.9114192,-36
2026-09-13 19:08:55.919,1789337335.9191113,-36
2026-09-13 19:08:55.926,1789337335.9268036,-29
2026-09-13 19:08:55.934,1789337335.934496,-29
2026-09-13 19:08:55.942,1789337335.9421883,-31
2026-09-13 19:08:55.949,1789337335.9498806,-36
2026-09-13 19:08:55.957,1789337335.957573,-33
2026-09-13 19:08:55.965,1789337335.9652653,50
2026-09-13 19:08:55.972,1789337335.9729576,286
2026-09-13 19:08:55.980,1789337335.9806497,613
2026-09-13 19:08:55.988,1789337335.988342,679
2026-09-13 19:08:55.996,1789337335.9960344,123
2026-09-13 19:08:56.003,1789337336.0037267,-453
2026-09-13 19:08:56.011,1789337336.011419,-291
2026-09-13 19:08:56.019,1789337336.0191114,21
2026-09-13 19:08:56.026,1789337336.0268037,-50
2026-09-13 19:08:56.034,1789337336.034496,-101
2026-09-13 19:08:56.042,1789337336.0421882,-19
2026-09-13 19:08:56.049,1789337336.0498805,-29
2026-09-13 19:08:56.057,1789337336.0575728,-58
2026-09-13 19:08:56.065,1789337336.0652652,-29
2026-09-13 19:08:56.072,1789337336.0729575,-16
2026-09-13 19:08:56.080,1789337336.0806499,-21
2026-09-13 19:08:56.088,1789337336.0883422,-12
2026-09-13 19:08:56.096,1789337336.0960345,0
2026-09-13 19:08:56.103,1789337336.1037269,2
2026-09-13 19:08:56.111,1789337336.111419,12
2026-09-13 19:08:56.119,1789337336.1191113,21
2026-09-13 19:08:56.126,1789337336.1268036,26
2026-09-13 19:08:56.133,1789337336.133909,36
2026-09-13 19:08:56.141,1789337336.1416013,48
2026-09-13 19:08:56.149,1789337336.1492937,58
2026-09-13 19:08:56.156,1789337336.156986,67
2026-09-13 19:08:56.164,1789337336.1646783,75
2026-09-13 19:08:56.172,1789337336.1723704,77
2026-09-13 19:08:56.180,1789337336.1800628,75
2026-09-13 19:08:56.187,1789337336.187755,70
2026-09-13 19:08:56.195,1789337336.1954474,67
2026-09-13 19:08:56.203,1789337336.2031398,63
2026-09-13 19:08:56.210,1789337336.210832,53
2026-09-13 19:08:56.218,1789337336.2185245,33
2026-09-13 19:08:56.226,1789337336.2262168,4
2026-09-13 19:08:56.233,1789337336.233909,-26
2026-09-13 19:08:56.241,1789337336.2416012,-50
2026-09-13 19:08:56.249,1789337336.2492936,-67
2026-09-13 19:08:56.256,1789337336.256986,-82
2026-09-13 19:08:56.264,1789337336.2646782,-87
2026-09-13 19:08:56.272,1789337336.2723706,-87
2026-09-13 19:08:56.280,1789337336.280063,-87
2026-09-13 19:08:56.287,1789337336.2877553,-87
2026-09-13 19:08:56.295,1789337336.2954473,-82
2026-09-13 19:08:56.303,1789337336.3031397,-75
2026-09-13 19:08:56.310,1789337336.310832,-67
2026-09-13 19:08:56.318,1789337336.3185244,-65
2026-09-13 19:08:56.326,1789337336.3262167,-63
2026-09-13 19:08:56.333,1789337336.333909,-60
2026-09-13 19:08:56.341,1789337336.3416014,-55
2026-09-13 19:08:56.349,1789337336.3492937,-53
2026-09-13 19:08:56.356,1789337336.3569858,-55
2026-09-13 19:08:56.364,1789337336.3646781,-58
2026-09-13 19:08:56.372,1789337336.3723705,-58
2026-09-13 19:08:56.380,1789337336.3800628,-65
2026-09-13 19:08:56.387,1789337336.3877552,-72
2026-09-13 19:08:56.395,1789337336.3954475,-75
2026-09-13 19:08:56.403,1789337336.4031398,-72
2026-09-13 19:08:56.410,1789337336.4108322,-67
2026-09-13 19:08:56.418,1789337336.4185243,-63
2026-09-13 19:08:56.426,1789337336.4262166,-43
2026-09-13 19:08:56.433,1789337336.433909,-21
2026-09-13 19:08:56.441,1789337336.4416013,-16
2026-09-13 19:08:56.449,1789337336.4492936,-31
2026-09-13 19:08:56.456,1789337336.456986,-53
2026-09-13 19:08:56.464,1789337336.4646783,-72
2026-09-13 19:08:56.472,1789337336.4723706,-82
2026-09-13 19:08:56.480,1789337336.4800627,-87
2026-09-13 19:08:56.487,1789337336.487755,-92
2026-09-13 19:08:56.495,1789337336.4954474,-94
2026-09-13 19:08:56.503,1789337336.5031397,-94
2026-09-13 19:08:56.510,1789337336.510832,-92
2026-09-13 19:08:56.518,1789337336.5185244,-99
2026-09-13 19:08:56.526,1789337336.5262167,-109
2026-09-13 19:08:56.533,1789337336.533909,-55
2026-09-13 19:08:56.541,1789337336.5416012,113
2026-09-13 19:08:56.549,1789337336.5492935,417
2026-09-13 19:08:56.556,1789337336.5569859,705
2026-09-13 19:08:56.564,1789337336.5646782,453
2026-09-13 19:08:56.572,1789337336.5723705,-254
2026-09-13 19:08:56.580,1789337336.5800629,-424
2026-09-13 19:08:56.587,1789337336.5877552,-92
2026-09-13 19:08:56.595,1789337336.5954475,-70
2026-09-13 19:08:56.603,1789337336.6031396,-198
2026-09-13 19:08:56.610,1789337336.610832,-140
2026-09-13 19:08:56.618,1789337336.6185243,-106
2026-09-13 19:08:56.626,1789337336.6262167,-147
2026-09-13 19:08:56.633,1789337336.633909,-130
2026-09-13 19:08:56.641,1789337336.6416013,-101
2026-09-13 19:08:56.649,1789337336.6492937,-111
2026-09-13 19:08:56.656,1789337336.656986,-111
2026-09-13 19:08:56.664,1789337336.6646783,-94
2026-09-13 19:08:56.672,1789337336.6723704,-87
2026-09-13 19:08:56.680,1789337336.6800628,-82
2026-09-13 19:08:56.687,1789337336.687755,-72
2026-09-13 19:08:56.694,1789337336.6948855,-65
2026-09-13 19:08:56.702,1789337336.7025778,-63
2026-09-13 19:08:56.710,1789337336.7102702,-55
2026-09-13 19:08:56.717,1789337336.7179625,-46
2026-09-13 19:08:56.725,1789337336.7256548,-41
2026-09-13 19:08:56.733,1789337336.733347,-43
2026-09-13 19:08:56.741,1789337336.7410393,-46
2026-09-13 19:08:56.748,1789337336.7487316,-46
2026-09-13 19:08:56.756,1789337336.756424,-50
2026-09-13 19:08:56.764,1789337336.7641163,-53
2026-09-13 19:08:56.771,1789337336.7718086,-53
2026-09-13 19:08:56.779,1789337336.779501,-53
2026-09-13 19:08:56.787,1789337336.7871933,-58
2026-09-13 19:08:56.794,1789337336.7948854,-72
2026-09-13 19:08:56.802,1789337336.8025777,-89
2026-09-13 19:08:56.810,1789337336.81027,-109
2026-09-13 19:08:56.817,1789337336.8179624,-123
2026-09-13 19:08:56.825,1789337336.8256547,-128
2026-09-13 19:08:56.833,1789337336.833347,-130
2026-09-13 19:08:56.841,1789337336.8410394,-130
2026-09-13 19:08:56.848,1789337336.8487318,-130
2026-09-13 19:08:56.856,1789337336.8564239,-126
2026-09-13 19:08:56.864,1789337336.8641162,-123
2026-09-13 19:08:56.871,1789337336.8718085,-116
2026-09-13 19:08:56.879,1789337336.8795009,-106
2026-09-13 19:08:56.887,1789337336.8871932,-99
2026-09-13 19:08:56.894,1789337336.8948855,-99
2026-09-13 19:08:56.902,1789337336.9025779,-99
2026-09-13 19:08:56.910,1789337336.9102702,-97
2026-09-13 19:08:56.917,1789337336.9179623,-94
2026-09-13 19:08:56.925,1789337336.9256546,-89
2026-09-13 19:08:56.933,1789337336.933347,-92
2026-09-13 19:08:56.941,1789337336.9410393,-99
2026-09-13 19:08:56.948,1789337336.9487317,-97
2026-09-13 19:08:56.956,1789337336.956424,-92
2026-09-13 19:08:56.964,1789337336.9641163,-99
2026-09-13 19:08:56.971,1789337336.9718087,-111
2026-09-13 19:08:56.979,1789337336.9795008,-106
2026-09-13 19:08:56.987,1789337336.987193,-99
2026-09-13 19:08:56.994,1789337336.9948854,-92
2026-09-13 19:08:57.002,1789337337.0025778,-72
2026-09-13 19:08:57.010,1789337337.01027,-46
2026-09-13 19:08:57.017,1789337337.0179625,-38
2026-09-13 19:08:57.025,1789337337.0256548,-53
2026-09-13 19:08:57.033,1789337337.0333471,-67
2026-09-13 19:08:57.041,1789337337.0410392,-87
2026-09-13 19:08:57.048,1789337337.0487316,-106
2026-09-13 19:08:57.056,1789337337.056424,-111
2026-09-13 19:08:57.064,1789337337.0641162,-109
2026-09-13 19:08:57.071,1789337337.0718086,-109
2026-09-13 19:08:57.079,1789337337.079501,-111
2026-09-13 19:08:57.087,1789337337.0871933,-109
2026-09-13 19:08:57.094,1789337337.0948856,-111
2026-09-13 19:08:57.102,1789337337.1025777,-123
2026-09-13 19:08:57.110,1789337337.11027,-101
2026-09-13 19:08:57.117,1789337337.1179624,16
2026-09-13 19:08:57.125,1789337337.1256547,257
2026-09-13 19:08:57.133,1789337337.133347,569
2026-09-13 19:08:57.141,1789337337.1410394,548
2026-09-13 19:08:57.148,1789337337.1487317,-50
2026-09-13 19:08:57.156,1789337337.156424,-431
2026-09-13 19:08:57.164,1789337337.1641161,-194
2026-09-13 19:08:57.171,1789337337.1718085,-48
2026-09-13 19:08:57.179,1789337337.1795008,-162
2026-09-13 19:08:57.187,1789337337.1871932,-157
2026-09-13 19:08:57.194,1789337337.1948855,-101
2026-09-13 19:08:57.202,1789337337.2025778,-126
2026-09-13 19:08:57.210,1789337337.2102702,-128
2026-09-13 19:08:57.217,1789337337.2179625,-101
2026-09-13 19:08:57.225,1789337337.2256548,-99
2026-09-13 19:08:57.233,1789337337.233347,-97
2026-09-13 19:08:57.241,1789337337.2410393,-80
2026-09-13 19:08:57.248,1789337337.2487316,-77
2026-09-13 19:08:57.255,1789337337.255832,-72
2026-09-13 19:08:57.263,1789337337.2635243,-60
2026-09-13 19:08:57.271,1789337337.2712166,-55
2026-09-13 19:08:57.278,1789337337.278909,-53
2026-09-13 19:08:57.286,1789337337.2866013,-46
2026-09-13 19:08:57.294,1789337337.2942934,-29
2026-09-13 19:08:57.301,1789337337.3019857,-19
2026-09-13 19:08:57.309,1789337337.309678,-16
2026-09-13 19:08:57.317,1789337337.3173704,-14
2026-09-13 19:08:57.325,1789337337.3250628,-14
2026-09-13 19:08:57.332,1789337337.332755,-14
2026-09-13 19:08:57.340,1789337337.3404474,-14
2026-09-13 19:08:57.348,1789337337.3481398,-12
2026-09-13 19:08:57.355,1789337337.3558319,-9
2026-09-13 19:08:57.363,1789337337.3635242,-14
2026-09-13 19:08:57.371,1789337337.3712165,-31
2026-09-13 19:08:57.378,1789337337.3789089,-53
2026-09-13 19:08:57.386,1789337337.3866012,-72
2026-09-13 19:08:57.394,1789337337.3942935,-89
2026-09-13 19:08:57.401,1789337337.401986,-104
2026-09-13 19:08:57.409,1789337337.4096782,-111
2026-09-13 19:08:57.417,1789337337.4173703,-111
2026-09-13 19:08:57.425,1789337337.4250627,-109
2026-09-13 19:08:57.432,1789337337.432755,-106
2026-09-13 19:08:57.440,1789337337.4404473,-106
2026-09-13 19:08:57.448,1789337337.4481397,-99
2026-09-13 19:08:57.455,1789337337.455832,-92
2026-09-13 19:08:57.463,1789337337.4635243,-89
2026-09-13 19:08:57.471,1789337337.4712167,-82
2026-09-13 19:08:57.478,1789337337.4789088,-77
2026-09-13 19:08:57.486,1789337337.486601,-75
2026-09-13 19:08:57.494,1789337337.4942935,-75
2026-09-13 19:08:57.501,1789337337.5019858,-72
2026-09-13 19:08:57.509,1789337337.5096781,-70
2026-09-13 19:08:57.517,1789337337.5173705,-67
2026-09-13 19:08:57.525,1789337337.5250628,-65
2026-09-13 19:08:57.532,1789337337.5327551,-67
2026-09-13 19:08:57.540,1789337337.5404472,-70
2026-09-13 19:08:57.548,1789337337.5481396,-77
2026-09-13 19:08:57.555,1789337337.555832,-80
2026-09-13 19:08:57.563,1789337337.5635242,-70
2026-09-13 19:08:57.571,1789337337.5712166,-58
2026-09-13 19:08:57.578,1789337337.578909,-41
2026-09-13 19:08:57.586,1789337337.5866013,-19
2026-09-13 19:08:57.594,1789337337.5942936,0
2026-09-13 19:08:57.601,1789337337.6019857,-2
2026-09-13 19:08:57.609,1789337337.609678,-21
2026-09-13 19:08:57.617,1789337337.6173704,-43
2026-09-13 19:08:57.625,1789337337.6250627,-60
2026-09-13 19:08:57.632,1789337337.632755,-70
2026-09-13 19:08:57.640,1789337337.6404474,-75
2026-09-13 19:08:57.648,1789337337.6481397,-72
2026-09-13 19:08:57.655,1789337337.655832,-70
2026-09-13 19:08:57.663,1789337337.6635242,-63
2026-09-13 19:08:57.671,1789337337.6712165,-63
2026-09-13 19:08:57.678,1789337337.6789088,-72
2026-09-13 19:08:57.686,1789337337.6866012,-75
2026-09-13 19:08:57.694,1789337337.6942935,-19
2026-09-13 19:08:57.701,1789337337.7019858,126
2026-09-13 19:08:57.709,1789337337.7096782,395
2026-09-13 19:08:57.717,1789337337.7173705,640
2026-09-13 19:08:57.725,1789337337.7250626,371
2026-09-13 19:08:57.732,1789337337.732755,-247
2026-09-13 19:08:57.740,1789337337.7404473,-341
2026-09-13 19:08:57.748,1789337337.7481396,-48
2026-09-13 19:08:57.755,1789337337.755832,-31
2026-09-13 19:08:57.763,1789337337.7635243,-113
2026-09-13 19:08:57.771,1789337337.7712166,-63
2026-09-13 19:08:57.778,1789337337.778909,-43
2026-09-13 19:08:57.786,1789337337.7866013,-75
2026-09-13 19:08:57.794,1789337337.7942934,-60
2026-09-13 19:08:57.801,1789337337.8019857,-38
2026-09-13 19:08:57.809,1789337337.809678,-41
2026-09-13 19:08:57.816,1789337337.8168087,-31
2026-09-13 19:08:57.824,1789337337.824501,-16
2026-09-13 19:08:57.832,1789337337.8321934,-9
2026-09-13 19:08:57.839,1789337337.8398857,-9
2026-09-13 19:08:57.847,1789337337.847578,0
2026-09-13 19:08:57.855,1789337337.8552701,7
2026-09-13 19:08:57.862,1789337337.8629625,19
2026-09-13 19:08:57.870,1789337337.8706548,33
2026-09-13 19:08:57.878,1789337337.8783472,48
2026-09-13 19:08:57.886,1789337337.8860395,55
2026-09-13 19:08:57.893,1789337337.8937318,58
2026-09-13 19:08:57.901,1789337337.9014242,60
2026-09-13 19:08:57.909,1789337337.9091165,63
2026-09-13 19:08:57.916,1789337337.9168086,63
2026-09-13 19:08:57.924,1789337337.924501,67
2026-09-13 19:08:57.932,1789337337.9321933,67
2026-09-13 19:08:57.939,1789337337.9398856,65
2026-09-13 19:08:57.947,1789337337.947578,55
2026-09-13 19:08:57.955,1789337337.9552703,26
2026-09-13 19:08:57.962,1789337337.9629626,-7
2026-09-13 19:08:57.970,1789337337.970655,-33
2026-09-13 19:08:57.978,1789337337.978347,-50
2026-09-13 19:08:57.986,1789337337.9860394,-65
2026-09-13 19:08:57.993,1789337337.9937317,-70
2026-09-13 19:08:58.001,1789337338.001424,-67
2026-09-13 19:08:58.009,1789337338.0091164,-72
2026-09-13 19:08:58.016,1789337338.0168087,-70
2026-09-13 19:08:58.024,1789337338.024501,-58
2026-09-13 19:08:58.032,1789337338.0321934,-55
2026-09-13 19:08:58.039,1789337338.0398855,-58
2026-09-13 19:08:58.047,1789337338.0475779,-46
2026-09-13 19:08:58.055,1789337338.0552702,-38
2026-09-13 19:08:58.062,1789337338.0629625,-41
2026-09-13 19:08:58.070,1789337338.0706549,-36
2026-09-13 19:08:58.078,1789337338.0783472,-26
2026-09-13 19:08:58.086,1789337338.0860395,-24
2026-09-13 19:08:58.093,1789337338.0937319,-26
2026-09-13 19:08:58.101,1789337338.101424,-26
2026-09-13 19:08:58.109,1789337338.1091163,-33
2026-09-13 19:08:58.116,1789337338.1168087,-26
2026-09-13 19:08:58.124,1789337338.124501,-21
2026-09-13 19:08:58.132,1789337338.1321933,-33
2026-09-13 19:08:58.139,1789337338.1398857,-41
2026-09-13 19:08:58.147,1789337338.147578,-33
2026-09-13 19:08:58.155,1789337338.1552703,-19
2026-09-13 19:08:58.162,1789337338.1629624,2
2026-09-13 19:08:58.170,1789337338.1706548,29
2026-09-13 19:08:58.178,1789337338.178347,41
2026-09-13 19:08:58.186,1789337338.1860394,29
2026-09-13 19:08:58.193,1789337338.1937318,9
2026-09-13 19:08:58.201,1789337338.2014241,-9
2026-09-13 19:08:58.209,1789337338.2091165,-26
2026-09-13 19:08:58.216,1789337338.2168088,-26
2026-09-13 19:08:58.224,1789337338.224501,-26
2026-09-13 19:08:58.232,1789337338.2321932,-31
2026-09-13 19:08:58.239,1789337338.2398856,-31
2026-09-13 19:08:58.247,1789337338.247578,-26
2026-09-13 19:08:58.255,1789337338.2552702,-26
2026-09-13 19:08:58.262,1789337338.2629626,-38
2026-09-13 19:08:58.270,1789337338.270655,-12
2026-09-13 19:08:58.278,1789337338.2783473,138
2026-09-13 19:08:58.286,1789337338.2860394,426
2026-09-13 19:08:58.293,1789337338.2937317,717
2026-09-13 19:08:58.301,1789337338.301424,574
2026-09-13 19:08:58.309,1789337338.3091164,-101
2026-09-13 19:08:58.316,1789337338.3168087,-424
2026-09-13 19:08:58.324,1789337338.324501,-123
2026-09-13 19:08:58.332,1789337338.3321934,12
2026-09-13 19:08:58.339,1789337338.3398857,-97
2026-09-13 19:08:58.347,1789337338.347578,-63
2026-09-13 19:08:58.355,1789337338.3552701,-12
2026-09-13 19:08:58.362,1789337338.3629625,-50
2026-09-13 19:08:58.370,1789337338.3706548,-46
2026-09-13 19:08:58.377,1789337338.377755,-14
2026-09-13 19:08:58.385,1789337338.3854473,-21
2026-09-13 19:08:58.393,1789337338.3931396,-19
2026-09-13 19:08:58.400,1789337338.400832,2
2026-09-13 19:08:58.408,1789337338.4085243,9
2026-09-13 19:08:58.416,1789337338.4162164,9
2026-09-13 19:08:58.423,1789337338.4239087,16
2026-09-13 19:08:58.431,1789337338.431601,36
2026-09-13 19:08:58.439,1789337338.4392934,55
2026-09-13 19:08:58.446,1789337338.4469857,55
2026-09-13 19:08:58.454,1789337338.454678,67
2026-09-13 19:08:58.462,1789337338.4623704,94
2026-09-13 19:08:58.470,1789337338.4700627,106
2026-09-13 19:08:58.477,1789337338.4777548,106
2026-09-13 19:08:58.485,1789337338.4854472,106
2026-09-13 19:08:58.493,1789337338.4931395,106
2026-09-13 19:08:58.500,1789337338.5008318,116
2026-09-13 19:08:58.508,1789337338.5085242,121
2026-09-13 19:08:58.516,1789337338.5162165,116
2026-09-13 19:08:58.523,1789337338.5239089,104
2026-09-13 19:08:58.531,1789337338.5316012,75
2026-09-13 19:08:58.539,1789337338.5392933,33
2026-09-13 19:08:58.546,1789337338.5469856,0
2026-09-13 19:08:58.554,1789337338.554678,-29
2026-09-13 19:08:58.562,1789337338.5623703,-53
2026-09-13 19:08:58.570,1789337338.5700626,-63
2026-09-13 19:08:58.577,1789337338.577755,-65
2026-09-13 19:08:58.585,1789337338.5854473,-63
2026-09-13 19:08:58.593,1789337338.5931396,-67
2026-09-13 19:08:58.600,1789337338.6008317,-70
2026-09-13 19:08:58.608,1789337338.608524,-55
2026-09-13 19:08:58.616,1789337338.6162164,-38
2026-09-13 19:08:58.623,1789337338.6239088,-36
2026-09-13 19:08:58.631,1789337338.631601,-41
2026-09-13 19:08:58.639,1789337338.6392934,-36
2026-09-13 19:08:58.646,1789337338.6469858,-26
2026-09-13 19:08:58.654,1789337338.654678,-19
2026-09-13 19:08:58.662,1789337338.6623702,-9
2026-09-13 19:08:58.670,1789337338.6700625,-14
2026-09-13 19:08:58.677,1789337338.6777549,-31
2026-09-13 19:08:58.685,1789337338.6854472,-21
2026-09-13 19:08:58.693,1789337338.6931396,-7
2026-09-13 19:08:58.700,1789337338.700832,-26
2026-09-13 19:08:58.708,1789337338.7085242,-36
2026-09-13 19:08:58.716,1789337338.7162166,-19
2026-09-13 19:08:58.723,1789337338.7239087,-7
2026-09-13 19:08:58.731,1789337338.731601,4
2026-09-13 19:08:58.739,1789337338.7392933,26
2026-09-13 19:08:58.746,1789337338.7469857,33
2026-09-13 19:08:58.754,1789337338.754678,19
2026-09-13 19:08:58.762,1789337338.7623703,2
2026-09-13 19:08:58.770,1789337338.7700627,-16
2026-09-13 19:08:58.777,1789337338.777755,-31
2026-09-13 19:08:58.785,1789337338.7854471,-29
2026-09-13 19:08:58.793,1789337338.7931395,-24
2026-09-13 19:08:58.800,1789337338.8008318,-24
2026-09-13 19:08:58.808,1789337338.8085241,-24
2026-09-13 19:08:58.816,1789337338.8162165,-21
2026-09-13 19:08:58.823,1789337338.8239088,-29
2026-09-13 19:08:58.831,1789337338.8316011,-41
2026-09-13 19:08:58.839,1789337338.8392935,2
2026-09-13 19:08:58.846,1789337338.8469856,177
2026-09-13 19:08:58.854,1789337338.854678,475
2026-09-13 19:08:58.862,1789337338.8623703,739
2026-09-13 19:08:58.870,1789337338.8700626,494
2026-09-13 19:08:58.877,1789337338.877755,-213
2026-09-13 19:08:58.885,1789337338.8854473,-414
2026-09-13 19:08:58.893,1789337338.8931396,-55
2026-09-13 19:08:58.900,1789337338.900832,19
2026-09-13 19:08:58.908,1789337338.9085243,-104
2026-09-13 19:08:58.916,1789337338.9162164,-50
2026-09-13 19:08:58.923,1789337338.9239087,-12
2026-09-13 19:08:58.931,1789337338.931601,-53
2026-09-13 19:08:58.938,1789337338.9387317,-46
2026-09-13 19:08:58.946,1789337338.946424,-14
2026-09-13 19:08:58.954,1789337338.9541163,-16
2026-09-13 19:08:58.961,1789337338.9618087,-14
2026-09-13 19:08:58.969,1789337338.969501,-2
2026-09-13 19:08:58.977,1789337338.977193,4
2026-09-13 19:08:58.984,1789337338.9848855,12
2026-09-13 19:08:58.992,1789337338.9925778,21
2026-09-13 19:08:59.000,1789337339.0002701,31
2026-09-13 19:08:59.007,1789337339.0079625,41
2026-09-13 19:08:59.015,1789337339.0156548,55
2026-09-13 19:08:59.023,1789337339.0233471,65
2026-09-13 19:08:59.031,1789337339.0310395,67
2026-09-13 19:08:59.038,1789337339.0387316,77
2026-09-13 19:08:59.046,1789337339.046424,84
2026-09-13 19:08:59.054,1789337339.0541162,82
2026-09-13 19:08:59.061,1789337339.0618086,77
2026-09-13 19:08:59.069,1789337339.069501,75
2026-09-13 19:08:59.077,1789337339.0771933,72
2026-09-13 19:08:59.084,1789337339.0848856,67
2026-09-13 19:08:59.092,1789337339.092578,55
2026-09-13 19:08:59.100,1789337339.10027,29
2026-09-13 19:08:59.107,1789337339.1079624,-2
2026-09-13 19:08:59.115,1789337339.1156547,-29
2026-09-13 19:08:59.123,1789337339.123347,-50
2026-09-13 19:08:59.131,1789337339.1310394,-63
2026-09-13 19:08:59.138,1789337339.1387317,-67
2026-09-13 19:08:59.146,1789337339.146424,-72
2026-09-13 19:08:59.154,1789337339.1541164,-72
2026-09-13 19:08:59.161,1789337339.1618085,-65
2026-09-13 19:08:59.169,1789337339.1695008,-63
2026-09-13 19:08:59.177,1789337339.1771932,-58
2026-09-13 19:08:59.184,1789337339.1848855,-50
2026-09-13 19:08:59.192,1789337339.1925778,-43
2026-09-13 19:08:59.200,1789337339.2002702,-38
2026-09-13 19:08:59.207,1789337339.2079625,-33
2026-09-13 19:08:59.215,1789337339.2156549,-33
2026-09-13 19:08:59.223,1789337339.223347,-31
2026-09-13 19:08:59.231,1789337339.2310393,-29
2026-09-13 19:08:59.238,1789337339.2387316,-31
2026-09-13 19:08:59.246,1789337339.246424,-33
2026-09-13 19:08:59.254,1789337339.2541163,-41
2026-09-13 19:08:59.261,1789337339.2618086,-43
2026-09-13 19:08:59.269,1789337339.269501,-36
2026-09-13 19:08:59.277,1789337339.2771933,-29
2026-09-13 19:08:59.284,1789337339.2848854,-21
2026-09-13 19:08:59.292,1789337339.2925777,-4
2026-09-13 19:08:59.300,1789337339.30027,16
2026-09-13 19:08:59.307,1789337339.3079624,19
2026-09-13 19:08:59.315,1789337339.3156548,2
2026-09-13 19:08:59.323,1789337339.323347,-19
2026-09-13 19:08:59.331,1789337339.3310394,-36
2026-09-13 19:08:59.338,1789337339.3387318,-48
2026-09-13 19:08:59.346,1789337339.3464239,-48
2026-09-13 19:08:59.354,1789337339.3541162,-46
2026-09-13 19:08:59.361,1789337339.3618085,-46
2026-09-13 19:08:59.369,1789337339.3695009,-43
2026-09-13 19:08:59.377,1789337339.3771932,-43
2026-09-13 19:08:59.384,1789337339.3848855,-55
2026-09-13 19:08:59.392,1789337339.392578,-63
2026-09-13 19:08:59.400,1789337339.4002702,14
2026-09-13 19:08:59.407,1789337339.4079623,210
2026-09-13 19:08:59.415,1789337339.4156547,535
2026-09-13 19:08:59.423,1789337339.423347,768
2026-09-13 19:08:59.431,1789337339.4310393,390
2026-09-13 19:08:59.438,1789337339.4387317,-288
2026-09-13 19:08:59.446,1789337339.446424,-312
2026-09-13 19:08:59.454,1789337339.4541163,4
2026-09-13 19:08:59.461,1789337339.4618087,-38
2026-09-13 19:08:59.469,1789337339.469501,-140
2026-09-13 19:08:59.477,1789337339.477193,-58
2026-09-13 19:08:59.484,1789337339.4848855,-43
2026-09-13 19:08:59.492,1789337339.4925778,-84
2026-09-13 19:08:59.499,1789337339.4996781,-63
2026-09-13 19:08:59.507,1789337339.5073705,-38
2026-09-13 19:08:59.515,1789337339.5150628,-43
2026-09-13 19:08:59.522,1789337339.5227551,-36
2026-09-13 19:08:59.530,1789337339.5304475,-26
2026-09-13 19:08:59.538,1789337339.5381396,-21
2026-09-13 19:08:59.545,1789337339.545832,-14
2026-09-13 19:08:59.553,1789337339.5535243,-7
2026-09-13 19:08:59.561,1789337339.5612166,-2
2026-09-13 19:08:59.568,1789337339.568909,7
2026-09-13 19:08:59.576,1789337339.5766013,12
2026-09-13 19:08:59.584,1789337339.5842936,14
2026-09-13 19:08:59.591,1789337339.591986,19
2026-09-13 19:08:59.599,1789337339.599678,19
2026-09-13 19:08:59.607,1789337339.6073704,16
2026-09-13 19:08:59.615,1789337339.6150627,12
2026-09-13 19:08:59.622,1789337339.622755,7
2026-09-13 19:08:59.630,1789337339.6304474,0
2026-09-13 19:08:59.638,1789337339.6381397,-2
2026-09-13 19:08:59.645,1789337339.645832,-2
2026-09-13 19:08:59.653,1789337339.6535244,-7
2026-09-13 19:08:59.661,1789337339.6612165,-21
2026-09-13 19:08:59.668,1789337339.6689088,-41
2026-09-13 19:08:59.676,1789337339.6766012,-55
2026-09-13 19:08:59.684,1789337339.6842935,-65
2026-09-13 19:08:59.691,1789337339.6919858,-70
2026-09-13 19:08:59.699,1789337339.6996782,-70
2026-09-13 19:08:59.707,1789337339.7073705,-72
2026-09-13 19:08:59.715,1789337339.7150629,-70
2026-09-13 19:08:59.722,1789337339.722755,-67
2026-09-13 19:08:59.730,1789337339.7304473,-60
2026-09-13 19:08:59.738,1789337339.7381396,-53
2026-09-13 19:08:59.745,1789337339.745832,-48
2026-09-13 19:08:59.753,1789337339.7535243,-43
2026-09-13 19:08:59.761,1789337339.7612166,-38
2026-09-13 19:08:59.768,1789337339.768909,-36
2026-09-13 19:08:59.776,1789337339.7766013,-36
2026-09-13 19:08:59.784,1789337339.7842934,-36
2026-09-13 19:08:59.791,1789337339.7919858,-33
2026-09-13 19:08:59.799,1789337339.799678,-36
2026-09-13 19:08:59.807,1789337339.8073704,-36
2026-09-13 19:08:59.815,1789337339.8150628,-41
2026-09-13 19:08:59.822,1789337339.822755,-48
2026-09-13 19:08:59.830,1789337339.8304474,-50
2026-09-13 19:08:59.838,1789337339.8381398,-38
2026-09-13 19:08:59.845,1789337339.8458319,-31
2026-09-13 19:08:59.853,1789337339.8535242,-21
2026-09-13 19:08:59.861,1789337339.8612165,2
2026-09-13 19:08:59.868,1789337339.868909,16
2026-09-13 19:08:59.876,1789337339.8766012,12
2026-09-13 19:08:59.884,1789337339.8842936,-4
2026-09-13 19:08:59.891,1789337339.891986,-26
2026-09-13 19:08:59.899,1789337339.8996782,-46
2026-09-13 19:08:59.907,1789337339.9073703,-50
2026-09-13 19:08:59.915,1789337339.9150627,-48
2026-09-13 19:08:59.922,1789337339.922755,-50
2026-09-13 19:08:59.930,1789337339.9304473,-53
2026-09-13 19:08:59.938,1789337339.9381397,-48
2026-09-13 19:08:59.945,1789337339.945832,-53
2026-09-13 19:08:59.953,1789337339.9535244,-67
2026-09-13 19:08:59.961,1789337339.9612167,-50
2026-09-13 19:08:59.968,1789337339.9689088,50
2026-09-13 19:08:59.976,1789337339.9766011,269
2026-09-13 19:08:59.984,1789337339.9842935,599
2026-09-13 19:08:59.991,1789337339.9919858,691
2026-09-13 19:08:59.999,1789337339.9996781,143
2026-09-13 19:09:00.007,1789337340.0073705,-375
2026-09-13 19:09:00.015,1789337340.0150628,-198
2026-09-13 19:09:00.022,1789337340.0227551,26
2026-09-13 19:09:00.030,1789337340.0304475,-89
2026-09-13 19:09:00.038,1789337340.0381396,-123
2026-09-13 19:09:00.045,1789337340.045832,-46
2026-09-13 19:09:00.053,1789337340.0535243,-65
2026-09-13 19:09:00.060,1789337340.0606546,-87
2026-09-13 19:09:00.068,1789337340.068347,-53
2026-09-13 19:09:00.076,1789337340.0760393,-41
2026-09-13 19:09:00.083,1789337340.0837317,-46
2026-09-13 19:09:00.091,1789337340.091424,-36
2026-09-13 19:09:00.099,1789337340.099116,-24
2026-09-13 19:09:00.106,1789337340.1068084,-21
2026-09-13 19:09:00.114,1789337340.1145008,-16
2026-09-13 19:09:00.122,1789337340.122193,-7
2026-09-13 19:09:00.129,1789337340.1298854,2
2026-09-13 19:09:00.137,1789337340.1375778,7
2026-09-13 19:09:00.145,1789337340.14527,14
2026-09-13 19:09:00.152,1789337340.1529624,21
2026-09-13 19:09:00.160,1789337340.1606545,26
2026-09-13 19:09:00.168,1789337340.168347,29
2026-09-13 19:09:00.176,1789337340.1760392,29
2026-09-13 19:09:00.183,1789337340.1837316,24
2026-09-13 19:09:00.191,1789337340.191424,21
2026-09-13 19:09:00.199,1789337340.1991162,19
2026-09-13 19:09:00.206,1789337340.2068086,16
2026-09-13 19:09:00.214,1789337340.214501,16
2026-09-13 19:09:00.222,1789337340.222193,4
2026-09-13 19:09:00.229,1789337340.2298853,-16
2026-09-13 19:09:00.237,1789337340.2375777,-36
2026-09-13 19:09:00.245,1789337340.24527,-50
2026-09-13 19:09:00.252,1789337340.2529624,-58
2026-09-13 19:09:00.260,1789337340.2606547,-60
2026-09-13 19:09:00.268,1789337340.268347,-65
2026-09-13 19:09:00.276,1789337340.2760394,-70
2026-09-13 19:09:00.283,1789337340.2837315,-65
2026-09-13 19:09:00.291,1789337340.2914238,-58
2026-09-13 19:09:00.299,1789337340.2991161,-53
2026-09-13 19:09:00.306,1789337340.3068085,-48
2026-09-13 19:09:00.314,1789337340.3145008,-43
2026-09-13 19:09:00.322,1789337340.3221931,-36
2026-09-13 19:09:00.329,1789337340.3298855,-33
2026-09-13 19:09:00.337,1789337340.3375778,-29
2026-09-13 19:09:00.345,1789337340.34527,-29
2026-09-13 19:09:00.352,1789337340.3529623,-31
2026-09-13 19:09:00.360,1789337340.3606546,-29
2026-09-13 19:09:00.368,1789337340.368347,-21
2026-09-13 19:09:00.376,1789337340.3760393,-24
2026-09-13 19:09:00.383,1789337340.3837316,-31
2026-09-13 19:09:00.391,1789337340.391424,-36
2026-09-13 19:09:00.399,1789337340.3991163,-36
2026-09-13 19:09:00.406,1789337340.4068084,-29
2026-09-13 19:09:00.414,1789337340.4145007,-16
2026-09-13 19:09:00.422,1789337340.422193,-9
2026-09-13 19:09:00.429,1789337340.4298854,7
2026-09-13 19:09:00.437,1789337340.4375777,31
2026-09-13 19:09:00.445,1789337340.44527,33
2026-09-13 19:09:00.452,1789337340.4529624,12
2026-09-13 19:09:00.460,1789337340.4606547,-7
2026-09-13 19:09:00.468,1789337340.4683468,-24
2026-09-13 19:09:00.476,1789337340.4760392,-38
2026-09-13 19:09:00.483,1789337340.4837315,-43
2026-09-13 19:09:00.491,1789337340.4914238,-46
2026-09-13 19:09:00.499,1789337340.4991162,-46
2026-09-13 19:09:00.506,1789337340.5068085,-38
2026-09-13 19:09:00.514,1789337340.5145009,-36
2026-09-13 19:09:00.522,1789337340.5221932,-46
2026-09-13 19:09:00.529,1789337340.5298853,-58
2026-09-13 19:09:00.537,1789337340.5375776,-9
2026-09-13 19:09:00.545,1789337340.54527,133
2026-09-13 19:09:00.552,1789337340.5529623,385
2026-09-13 19:09:00.560,1789337340.5606546,637
2026-09-13 19:09:00.568,1789337340.568347,424
2026-09-13 19:09:00.576,1789337340.5760393,-189
2026-09-13 19:09:00.583,1789337340.5837317,-327
2026-09-13 19:09:00.591,1789337340.591424,-33
2026-09-13 19:09:00.599,1789337340.599116,-4
2026-09-13 19:09:00.606,1789337340.6068084,-101
2026-09-13 19:09:00.614,1789337340.6145008,-46
2026-09-13 19:09:00.621,1789337340.6216316,-14
2026-09-13 19:09:00.629,1789337340.629324,-48
2026-09-13 19:09:00.637,1789337340.6370163,-38
2026-09-13 19:09:00.644,1789337340.6447086,-19
2026-09-13 19:09:00.652,1789337340.652401,-26
2026-09-13 19:09:00.660,1789337340.660093,-24
2026-09-13 19:09:00.667,1789337340.6677854,-2
2026-09-13 19:09:00.675,1789337340.6754777,9
2026-09-13 19:09:00.683,1789337340.68317,12
2026-09-13 19:09:00.690,1789337340.6908624,19
2026-09-13 19:09:00.698,1789337340.6985548,26
2026-09-13 19:09:00.706,1789337340.706247,41
2026-09-13 19:09:00.713,1789337340.7139394,53
2026-09-13 19:09:00.721,1789337340.7216315,60
2026-09-13 19:09:00.729,1789337340.7293239,67
2026-09-13 19:09:00.737,1789337340.7370162,72
2026-09-13 19:09:00.744,1789337340.7447085,72
2026-09-13 19:09:00.752,1789337340.7524009,72
2026-09-13 19:09:00.760,1789337340.7600932,80
2026-09-13 19:09:00.767,1789337340.7677855,80
2026-09-13 19:09:00.775,1789337340.775478,75
2026-09-13 19:09:00.783,1789337340.78317,70
2026-09-13 19:09:00.790,1789337340.7908623,60
2026-09-13 19:09:00.798,1789337340.7985547,33
2026-09-13 19:09:00.806,1789337340.806247,2
2026-09-13 19:09:00.813,1789337340.8139393,-19
2026-09-13 19:09:00.821,1789337340.8216317,-38
2026-09-13 19:09:00.829,1789337340.829324,-53
2026-09-13 19:09:00.837,1789337340.8370163,-58
2026-09-13 19:09:00.844,1789337340.8447084,-60
2026-09-13 19:09:00.852,1789337340.8524008,-60
2026-09-13 19:09:00.860,1789337340.860093,-53
2026-09-13 19:09:00.867,1789337340.8677855,-46
2026-09-13 19:09:00.875,1789337340.8754778,-33
2026-09-13 19:09:00.883,1789337340.8831701,-26
2026-09-13 19:09:00.890,1789337340.8908625,-26
2026-09-13 19:09:00.898,1789337340.8985548,-24
2026-09-13 19:09:00.906,1789337340.906247,-14
2026-09-13 19:09:00.913,1789337340.9139392,-14
2026-09-13 19:09:00.921,1789337340.9216316,-21
2026-09-13 19:09:00.929,1789337340.929324,-19
2026-09-13 19:09:00.937,1789337340.9370162,-9
2026-09-13 19:09:00.944,1789337340.9447086,-12
2026-09-13 19:09:00.952,1789337340.952401,-19
2026-09-13 19:09:00.960,1789337340.9600933,-14
2026-09-13 19:09:00.967,1789337340.9677854,-14
2026-09-13 19:09:00.975,1789337340.9754777,-19
2026-09-13 19:09:00.983,1789337340.98317,-16
2026-09-13 19:09:00.990,1789337340.9908624,-7
2026-09-13 19:09:00.998,1789337340.9985547,9
2026-09-13 19:09:01.006,1789337341.006247,29
2026-09-13 19:09:01.013,1789337341.0139394,46
2026-09-13 19:09:01.021,1789337341.0216317,43
2026-09-13 19:09:01.029,1789337341.0293238,21
2026-09-13 19:09:01.037,1789337341.0370162,-7
2026-09-13 19:09:01.044,1789337341.0447085,-26
2026-09-13 19:09:01.052,1789337341.0524008,-26
2026-09-13 19:09:01.060,1789337341.0600932,-26
2026-09-13 19:09:01.067,1789337341.0677855,-29
2026-09-13 19:09:01.075,1789337341.0754778,-26
2026-09-13 19:09:01.083,1789337341.0831702,-16
2026-09-13 19:09:01.090,1789337341.0908623,-21
2026-09-13 19:09:01.098,1789337341.0985546,-33
2026-09-13 19:09:01.106,1789337341.106247,-9
2026-09-13 19:09:01.113,1789337341.1139393,113
2026-09-13 19:09:01.121,1789337341.1216316,380
2026-09-13 19:09:01.129,1789337341.129324,700
2026-09-13 19:09:01.137,1789337341.1370163,623
2026-09-13 19:09:01.144,1789337341.1447086,-46
2026-09-13 19:09:01.152,1789337341.152401,-455
2026-09-13 19:09:01.160,1789337341.160093,-174
2026-09-13 19:09:01.167,1789337341.1677854,16
2026-09-13 19:09:01.175,1789337341.1754777,-82
2026-09-13 19:09:01.182,1789337341.1825778,-63
2026-09-13 19:09:01.190,1789337341.1902702,2
2026-09-13 19:09:01.197,1789337341.1979625,-31
2026-09-13 19:09:01.205,1789337341.2056549,-48
2026-09-13 19:09:01.213,1789337341.2133472,-19
2026-09-13 19:09:01.221,1789337341.2210393,-14
2026-09-13 19:09:01.228,1789337341.2287316,-14
2026-09-13 19:09:01.236,1789337341.236424,4
2026-09-13 19:09:01.244,1789337341.2441163,16
2026-09-13 19:09:01.251,1789337341.2518086,16
2026-09-13 19:09:01.259,1789337341.259501,26
2026-09-13 19:09:01.267,1789337341.2671933,43
2026-09-13 19:09:01.274,1789337341.2748857,55
2026-09-13 19:09:01.282,1789337341.2825778,65
2026-09-13 19:09:01.290,1789337341.29027,82
2026-09-13 19:09:01.297,1789337341.2979624,89
2026-09-13 19:09:01.305,1789337341.3056548,92
2026-09-13 19:09:01.313,1789337341.313347,94
2026-09-13 19:09:01.321,1789337341.3210394,109
2026-09-13 19:09:01.328,1789337341.3287318,123
2026-09-13 19:09:01.336,1789337341.336424,123
2026-09-13 19:09:01.344,1789337341.3441162,116
2026-09-13 19:09:01.351,1789337341.3518085,113
2026-09-13 19:09:01.359,1789337341.359501,101
2026-09-13 19:09:01.367,1789337341.3671932,67
2026-09-13 19:09:01.374,1789337341.3748856,24
2026-09-13 19:09:01.382,1789337341.382578,-12
2026-09-13 19:09:01.390,1789337341.3902702,-38
2026-09-13 19:09:01.397,1789337341.3979626,-63
2026-09-13 19:09:01.405,1789337341.4056547,-70
2026-09-13 19:09:01.413,1789337341.413347,-63
2026-09-13 19:09:01.421,1789337341.4210393,-65
2026-09-13 19:09:01.428,1789337341.4287317,-77
2026-09-13 19:09:01.436,1789337341.436424,-77
2026-09-13 19:09:01.444,1789337341.4441164,-67
2026-09-13 19:09:01.451,1789337341.4518087,-58
2026-09-13 19:09:01.459,1789337341.459501,-48
2026-09-13 19:09:01.467,1789337341.4671931,-38
2026-09-13 19:09:01.474,1789337341.4748855,-33
2026-09-13 19:09:01.482,1789337341.4825778,-33
2026-09-13 19:09:01.490,1789337341.4902701,-33
2026-09-13 19:09:01.497,1789337341.4979625,-21
2026-09-13 19:09:01.505,1789337341.5056548,-14
2026-09-13 19:09:01.513,1789337341.5133471,-21
2026-09-13 19:09:01.521,1789337341.5210395,-29
2026-09-13 19:09:01.528,1789337341.5287316,-26
2026-09-13 19:09:01.536,1789337341.536424,-31
2026-09-13 19:09:01.544,1789337341.5441163,-33
2026-09-13 19:09:01.551,1789337341.5518086,-26
2026-09-13 19:09:01.559,1789337341.559501,-12
2026-09-13 19:09:01.567,1789337341.5671933,0
2026-09-13 19:09:01.574,1789337341.5748856,21
2026-09-13 19:09:01.582,1789337341.582578,33
2026-09-13 19:09:01.590,1789337341.59027,16
2026-09-13 19:09:01.597,1789337341.5979624,-14
2026-09-13 19:09:01.605,1789337341.6056547,-31
2026-09-13 19:09:01.613,1789337341.613347,-29
2026-09-13 19:09:01.621,1789337341.6210394,-38
2026-09-13 19:09:01.628,1789337341.6287317,-50
2026-09-13 19:09:01.636,1789337341.636424,-38
2026-09-13 19:09:01.644,1789337341.6441164,-24
2026-09-13 19:09:01.651,1789337341.6518085,-38
2026-09-13 19:09:01.659,1789337341.6595008,-50
2026-09-13 19:09:01.667,1789337341.6671932,-31
2026-09-13 19:09:01.674,1789337341.6748855,48
2026-09-13 19:09:01.682,1789337341.6825778,242
2026-09-13 19:09:01.690,1789337341.6902702,562
2026-09-13 19:09:01.697,1789337341.6979625,749
2026-09-13 19:09:01.705,1789337341.7056549,307
2026-09-13 19:09:01.713,1789337341.7133472,-371
2026-09-13 19:09:01.721,1789337341.7210393,-349
2026-09-13 19:09:01.728,1789337341.7287316,4
2026-09-13 19:09:01.736,1789337341.736424,-38
2026-09-13 19:09:01.743,1789337341.7435546,-130
2026-09-13 19:09:01.751,1789337341.751247,-43
2026-09-13 19:09:01.758,1789337341.7589393,-36
2026-09-13 19:09:01.766,1789337341.7666316,-80
2026-09-13 19:09:01.774,1789337341.774324,-50
2026-09-13 19:09:01.782,1789337341.782016,-24
2026-09-13 19:09:01.789,1789337341.7897084,-33
2026-09-13 19:09:01.797,1789337341.7974007,-31
2026-09-13 19:09:01.805,1789337341.805093,-12
2026-09-13 19:09:01.812,1789337341.8127854,0
2026-09-13 19:09:01.820,1789337341.8204777,-2
2026-09-13 19:09:01.828,1789337341.82817,2
2026-09-13 19:09:01.835,1789337341.8358624,21
2026-09-13 19:09:01.843,1789337341.8435545,33
2026-09-13 19:09:01.851,1789337341.8512468,41
2026-09-13 19:09:01.858,1789337341.8589392,50
2026-09-13 19:09:01.866,1789337341.8666315,60
2026-09-13 19:09:01.874,1789337341.8743238,65
2026-09-13 19:09:01.882,1789337341.8820162,72
2026-09-13 19:09:01.889,1789337341.8897085,80
2026-09-13 19:09:01.897,1789337341.8974009,75
2026-09-13 19:09:01.905,1789337341.905093,67
2026-09-13 19:09:01.912,1789337341.9127853,60
2026-09-13 19:09:01.920,1789337341.9204776,55
2026-09-13 19:09:01.928,1789337341.92817,36
2026-09-13 19:09:01.935,1789337341.9358623,-2
2026-09-13 19:09:01.943,1789337341.9435546,-36
2026-09-13 19:09:01.951,1789337341.951247,-58
2026-09-13 19:09:01.958,1789337341.9589393,-77
2026-09-13 19:09:01.966,1789337341.9666314,-89
2026-09-13 19:09:01.974,1789337341.9743237,-92
2026-09-13 19:09:01.982,1789337341.982016,-92
2026-09-13 19:09:01.989,1789337341.9897084,-92
2026-09-13 19:09:01.997,1789337341.9974008,-94
2026-09-13 19:09:02.005,1789337342.005093,-92
2026-09-13 19:09:02.012,1789337342.0127854,-82
2026-09-13 19:09:02.020,1789337342.0204778,-72
2026-09-13 19:09:02.028,1789337342.0281699,-65
2026-09-13 19:09:02.035,1789337342.0358622,-58
2026-09-13 19:09:02.043,1789337342.0435545,-53
2026-09-13 19:09:02.051,1789337342.051247,-55
2026-09-13 19:09:02.058,1789337342.0589392,-50
2026-09-13 19:09:02.066,1789337342.0666316,-43
2026-09-13 19:09:02.074,1789337342.074324,-41
2026-09-13 19:09:02.082,1789337342.0820162,-43
2026-09-13 19:09:02.089,1789337342.0897083,-50
2026-09-13 19:09:02.097,1789337342.0974007,-55
2026-09-13 19:09:02.105,1789337342.105093,-50
2026-09-13 19:09:02.112,1789337342.1127853,-46
2026-09-13 19:09:02.120,1789337342.1204777,-38
2026-09-13 19:09:02.128,1789337342.12817,-16
2026-09-13 19:09:02.135,1789337342.1358624,2
2026-09-13 19:09:02.143,1789337342.1435547,0
2026-09-13 19:09:02.151,1789337342.1512468,-16
2026-09-13 19:09:02.158,1789337342.1589391,-36
2026-09-13 19:09:02.166,1789337342.1666315,-55
2026-09-13 19:09:02.174,1789337342.1743238,-65
2026-09-13 19:09:02.182,1789337342.1820161,-63
2026-09-13 19:09:02.189,1789337342.1897085,-63
2026-09-13 19:09:02.197,1789337342.1974008,-63
2026-09-13 19:09:02.205,1789337342.2050931,-58
2026-09-13 19:09:02.212,1789337342.2127852,-58
2026-09-13 19:09:02.220,1789337342.2204776,-72
2026-09-13 19:09:02.228,1789337342.22817,-77
2026-09-13 19:09:02.235,1789337342.2358623,-4
2026-09-13 19:09:02.243,1789337342.2435546,201
2026-09-13 19:09:02.251,1789337342.251247,531
2026-09-13 19:09:02.258,1789337342.2589393,715
2026-09-13 19:09:02.266,1789337342.2666316,283
2026-09-13 19:09:02.274,1789337342.274324,-366
2026-09-13 19:09:02.282,1789337342.282016,-334
2026-09-13 19:09:02.289,1789337342.2897084,-4
2026-09-13 19:09:02.297,1789337342.2974007,-55
2026-09-13 19:09:02.304,1789337342.3045263,-150
2026-09-13 19:09:02.312,1789337342.3122187,-72
2026-09-13 19:09:02.319,1789337342.319911,-63
2026-09-13 19:09:02.327,1789337342.3276033,-97
2026-09-13 19:09:02.335,1789337342.3352957,-72
2026-09-13 19:09:02.342,1789337342.3429878,-53
2026-09-13 19:09:02.350,1789337342.35068,-63
2026-09-13 19:09:02.358,1789337342.3583724,-53
2026-09-13 19:09:02.366,1789337342.3660648,-36
2026-09-13 19:09:02.373,1789337342.3737571,-33
2026-09-13 19:09:02.381,1789337342.3814495,-29
2026-09-13 19:09:02.389,1789337342.3891418,-21
2026-09-13 19:09:02.396,1789337342.3968341,-16
2026-09-13 19:09:02.404,1789337342.4045262,-7
2026-09-13 19:09:02.412,1789337342.4122186,2
2026-09-13 19:09:02.419,1789337342.419911,9
2026-09-13 19:09:02.427,1789337342.4276032,12
2026-09-13 19:09:02.435,1789337342.4352956,14
2026-09-13 19:09:02.442,1789337342.442988,14
2026-09-13 19:09:02.450,1789337342.4506803,12
2026-09-13 19:09:02.458,1789337342.4583726,7
2026-09-13 19:09:02.466,1789337342.4660647,0
2026-09-13 19:09:02.473,1789337342.473757,0
2026-09-13 19:09:02.481,1789337342.4814494,0
2026-09-13 19:09:02.489,1789337342.4891417,-14
2026-09-13 19:09:02.496,1789337342.496834,-36
2026-09-13 19:09:02.504,1789337342.5045264,-58
2026-09-13 19:09:02.512,1789337342.5122187,-75
2026-09-13 19:09:02.519,1789337342.519911,-84
2026-09-13 19:09:02.527,1789337342.5276031,-89
2026-09-13 19:09:02.535,1789337342.5352955,-94
2026-09-13 19:09:02.542,1789337342.5429878,-97
2026-09-13 19:09:02.550,1789337342.5506802,-94
2026-09-13 19:09:02.558,1789337342.5583725,-92
2026-09-13 19:09:02.566,1789337342.5660648,-84
2026-09-13 19:09:02.573,1789337342.5737572,-77
2026-09-13 19:09:02.581,1789337342.5814495,-70
2026-09-13 19:09:02.589,1789337342.5891416,-65
2026-09-13 19:09:02.596,1789337342.596834,-63
2026-09-13 19:09:02.604,1789337342.6045263,-58
2026-09-13 19:09:02.612,1789337342.6122186,-53
2026-09-13 19:09:02.619,1789337342.619911,-48
2026-09-13 19:09:02.627,1789337342.6276033,-53
2026-09-13 19:09:02.635,1789337342.6352956,-55
2026-09-13 19:09:02.642,1789337342.642988,-53
2026-09-13 19:09:02.650,1789337342.65068,-55
2026-09-13 19:09:02.658,1789337342.6583724,-70
2026-09-13 19:09:02.666,1789337342.6660647,-77
2026-09-13 19:09:02.673,1789337342.673757,-70
2026-09-13 19:09:02.681,1789337342.6814494,-60
2026-09-13 19:09:02.689,1789337342.6891418,-55
2026-09-13 19:09:02.696,1789337342.696834,-36
2026-09-13 19:09:02.704,1789337342.7045264,-12
2026-09-13 19:09:02.712,1789337342.7122185,-4
2026-09-13 19:09:02.719,1789337342.7199109,-14
2026-09-13 19:09:02.727,1789337342.7276032,-36
2026-09-13 19:09:02.735,1789337342.7352955,-55
2026-09-13 19:09:02.742,1789337342.7429879,-67
2026-09-13 19:09:02.750,1789337342.7506802,-70
2026-09-13 19:09:02.758,1789337342.7583725,-72
2026-09-13 19:09:02.766,1789337342.766065,-72
2026-09-13 19:09:02.773,1789337342.773757,-70
2026-09-13 19:09:02.781,1789337342.7814493,-67
2026-09-13 19:09:02.789,1789337342.7891417,-75
2026-09-13 19:09:02.796,1789337342.796834,-87
2026-09-13 19:09:02.804,1789337342.8045263,-48
2026-09-13 19:09:02.812,1789337342.8122187,111
2026-09-13 19:09:02.819,1789337342.819911,402
2026-09-13 19:09:02.827,1789337342.8276033,734
2026-09-13 19:09:02.835,1789337342.8352957,608
2026-09-13 19:09:02.842,1789337342.8429878,-101
2026-09-13 19:09:02.850,1789337342.85068,-426
2026-09-13 19:09:02.858,1789337342.8583724,-111
2026-09-13 19:09:02.865,1789337342.8654778,-16
2026-09-13 19:09:02.873,1789337342.8731701,-160
2026-09-13 19:09:02.880,1789337342.8808625,-123
2026-09-13 19:09:02.888,1789337342.8885548,-70
2026-09-13 19:09:02.896,1789337342.8962471,-111
2026-09-13 19:09:02.903,1789337342.9039392,-106
2026-09-13 19:09:02.911,1789337342.9116316,-75
2026-09-13 19:09:02.919,1789337342.919324,-77
2026-09-13 19:09:02.927,1789337342.9270163,-77
2026-09-13 19:09:02.934,1789337342.9347086,-58
2026-09-13 19:09:02.942,1789337342.942401,-50
2026-09-13 19:09:02.950,1789337342.9500933,-48
2026-09-13 19:09:02.957,1789337342.9577856,-36
2026-09-13 19:09:02.965,1789337342.9654777,-29
2026-09-13 19:09:02.973,1789337342.97317,-24
2026-09-13 19:09:02.980,1789337342.9808624,-14
2026-09-13 19:09:02.988,1789337342.9885547,-4
2026-09-13 19:09:02.996,1789337342.996247,0
2026-09-13 19:09:03.003,1789337343.0039394,0
2026-09-13 19:09:03.011,1789337343.0116317,4
2026-09-13 19:09:03.019,1789337343.019324,4
2026-09-13 19:09:03.027,1789337343.0270162,-2
2026-09-13 19:09:03.034,1789337343.0347085,-7
2026-09-13 19:09:03.042,1789337343.0424008,-7
2026-09-13 19:09:03.050,1789337343.0500932,-7
2026-09-13 19:09:03.057,1789337343.0577855,-9
2026-09-13 19:09:03.065,1789337343.0654778,-21
2026-09-13 19:09:03.073,1789337343.0731702,-41
2026-09-13 19:09:03.080,1789337343.0808625,-58
2026-09-13 19:09:03.088,1789337343.0885546,-70
2026-09-13 19:09:03.096,1789337343.096247,-77
2026-09-13 19:09:03.103,1789337343.1039393,-82
2026-09-13 19:09:03.111,1789337343.1116316,-84
2026-09-13 19:09:03.119,1789337343.119324,-82
2026-09-13 19:09:03.127,1789337343.1270163,-77
2026-09-13 19:09:03.134,1789337343.1347086,-72
2026-09-13 19:09:03.142,1789337343.142401,-67
2026-09-13 19:09:03.150,1789337343.150093,-60
2026-09-13 19:09:03.157,1789337343.1577854,-48
2026-09-13 19:09:03.165,1789337343.1654778,-46
2026-09-13 19:09:03.173,1789337343.17317,-46
2026-09-13 19:09:03.180,1789337343.1808624,-38
2026-09-13 19:09:03.188,1789337343.1885548,-36
2026-09-13 19:09:03.196,1789337343.196247,-41
2026-09-13 19:09:03.203,1789337343.2039394,-36
2026-09-13 19:09:03.211,1789337343.2116315,-33
2026-09-13 19:09:03.219,1789337343.2193239,-36
2026-09-13 19:09:03.227,1789337343.2270162,-38
2026-09-13 19:09:03.234,1789337343.2347085,-41
2026-09-13 19:09:03.242,1789337343.242401,-46
2026-09-13 19:09:03.250,1789337343.2500932,-50
2026-09-13 19:09:03.257,1789337343.2577856,-43
2026-09-13 19:09:03.265,1789337343.265478,-33
2026-09-13 19:09:03.273,1789337343.27317,-19
2026-09-13 19:09:03.280,1789337343.2808623,4
2026-09-13 19:09:03.288,1789337343.2885547,21
2026-09-13 19:09:03.296,1789337343.296247,19
2026-09-13 19:09:03.303,1789337343.3039393,4
2026-09-13 19:09:03.311,1789337343.3116317,-14
2026-09-13 19:09:03.319,1789337343.319324,-38
2026-09-13 19:09:03.327,1789337343.3270164,-53
2026-09-13 19:09:03.334,1789337343.3347085,-53
2026-09-13 19:09:03.342,1789337343.3424008,-48
2026-09-13 19:09:03.350,1789337343.3500931,-46
2026-09-13 19:09:03.357,1789337343.3577855,-43
2026-09-13 19:09:03.365,1789337343.3654778,-48
2026-09-13 19:09:03.373,1789337343.3731701,-58
2026-09-13 19:09:03.380,1789337343.3808625,-60
2026-09-13 19:09:03.388,1789337343.3885548,12
2026-09-13 19:09:03.396,1789337343.3962471,203
2026-09-13 19:09:03.403,1789337343.4039392,504
2026-09-13 19:09:03.411,1789337343.4116316,722
2026-09-13 19:09:03.419,1789337343.419324,371
2026-09-13 19:09:03.426,1789337343.4264543,-266
2026-09-13 19:09:03.434,1789337343.4341466,-305
2026-09-13 19:09:03.441,1789337343.441839,-9
2026-09-13 19:09:03.449,1789337343.4495313,-38
2026-09-13 19:09:03.457,1789337343.4572237,-123
2026-09-13 19:09:03.464,1789337343.4649158,-60
2026-09-13 19:09:03.472,1789337343.472608,-46
2026-09-13 19:09:03.480,1789337343.4803004,-80
2026-09-13 19:09:03.487,1789337343.4879928,-60
2026-09-13 19:09:03.495,1789337343.495685,-38
2026-09-13 19:09:03.503,1789337343.5033774,-41
2026-09-13 19:09:03.511,1789337343.5110698,-26
2026-09-13 19:09:03.518,1789337343.518762,-14
2026-09-13 19:09:03.526,1789337343.5264542,-14
2026-09-13 19:09:03.534,1789337343.5341465,-12
2026-09-13 19:09:03.541,1789337343.541839,-2
2026-09-13 19:09:03.549,1789337343.5495312,12
2026-09-13 19:09:03.557,1789337343.5572236,26
2026-09-13 19:09:03.564,1789337343.564916,33
2026-09-13 19:09:03.572,1789337343.5726082,41
2026-09-13 19:09:03.580,1789337343.5803006,46
2026-09-13 19:09:03.587,1789337343.5879927,46
2026-09-13 19:09:03.595,1789337343.595685,48
2026-09-13 19:09:03.603,1789337343.6033773,53
2026-09-13 19:09:03.611,1789337343.6110697,46
2026-09-13 19:09:03.618,1789337343.618762,36
2026-09-13 19:09:03.626,1789337343.6264544,46
2026-09-13 19:09:03.634,1789337343.6341467,50
2026-09-13 19:09:03.641,1789337343.641839,38
2026-09-13 19:09:03.649,1789337343.6495311,14
2026-09-13 19:09:03.657,1789337343.6572235,-14
2026-09-13 19:09:03.664,1789337343.6649158,-43
2026-09-13 19:09:03.672,1789337343.6726081,-58
2026-09-13 19:09:03.680,1789337343.6803005,-60
2026-09-13 19:09:03.687,1789337343.6879928,-65
2026-09-13 19:09:03.695,1789337343.6956851,-63
2026-09-13 19:09:03.703,1789337343.7033775,-53
2026-09-13 19:09:03.711,1789337343.7110696,-50
2026-09-13 19:09:03.718,1789337343.718762,-58
2026-09-13 19:09:03.726,1789337343.7264543,-50
2026-09-13 19:09:03.734,1789337343.7341466,-33
2026-09-13 19:09:03.741,1789337343.741839,-24
2026-09-13 19:09:03.749,1789337343.7495313,-24
2026-09-13 19:09:03.757,1789337343.7572236,-24
2026-09-13 19:09:03.764,1789337343.764916,-24
2026-09-13 19:09:03.772,1789337343.772608,-21
2026-09-13 19:09:03.780,1789337343.7803004,-19
2026-09-13 19:09:03.787,1789337343.7879927,-14
2026-09-13 19:09:03.795,1789337343.795685,-9
2026-09-13 19:09:03.803,1789337343.8033774,-19
2026-09-13 19:09:03.811,1789337343.8110697,-26
2026-09-13 19:09:03.818,1789337343.818762,-19
2026-09-13 19:09:03.826,1789337343.8264544,-19
2026-09-13 19:09:03.834,1789337343.8341465,-33
2026-09-13 19:09:03.841,1789337343.8418388,-38
2026-09-13 19:09:03.849,1789337343.8495312,-26
2026-09-13 19:09:03.857,1789337343.8572235,-4
2026-09-13 19:09:03.864,1789337343.8649158,21
2026-09-13 19:09:03.872,1789337343.8726082,31
2026-09-13 19:09:03.880,1789337343.8803005,31
2026-09-13 19:09:03.887,1789337343.8879929,21
2026-09-13 19:09:03.895,1789337343.895685,7
2026-09-13 19:09:03.903,1789337343.9033773,-19
2026-09-13 19:09:03.911,1789337343.9110696,-33
2026-09-13 19:09:03.918,1789337343.918762,-31
2026-09-13 19:09:03.926,1789337343.9264543,-31
2026-09-13 19:09:03.934,1789337343.9341466,-33
2026-09-13 19:09:03.941,1789337343.941839,-26
2026-09-13 19:09:03.949,1789337343.9495313,-29
2026-09-13 19:09:03.957,1789337343.9572237,-33
2026-09-13 19:09:03.964,1789337343.9649158,-26
2026-09-13 19:09:03.972,1789337343.972608,48
2026-09-13 19:09:03.980,1789337343.9803004,269
2026-09-13 19:09:03.987,1789337343.9874108,601
2026-09-13 19:09:03.995,1789337343.9951031,790
2026-09-13 19:09:04.002,1789337344.0027955,402
2026-09-13 19:09:04.010,1789337344.0104878,-295
2026-09-13 19:09:04.018,1789337344.0181801,-378
2026-09-13 19:09:04.025,1789337344.0258722,-31
2026-09-13 19:09:04.033,1789337344.0335646,-14
2026-09-13 19:09:04.041,1789337344.041257,-111
2026-09-13 19:09:04.048,1789337344.0489492,-48
2026-09-13 19:09:04.056,1789337344.0566416,-21
2026-09-13 19:09:04.064,1789337344.064334,-55
2026-09-13 19:09:04.072,1789337344.0720263,-36
2026-09-13 19:09:04.079,1789337344.0797186,-9
2026-09-13 19:09:04.087,1789337344.0874107,-16
2026-09-13 19:09:04.095,1789337344.095103,-16
2026-09-13 19:09:04.102,1789337344.1027954,-2
2026-09-13 19:09:04.110,1789337344.1104877,12
2026-09-13 19:09:04.118,1789337344.11818,26
2026-09-13 19:09:04.125,1789337344.1258724,26
2026-09-13 19:09:04.133,1789337344.1335647,29
2026-09-13 19:09:04.141,1789337344.141257,48
2026-09-13 19:09:04.148,1789337344.1489491,63
2026-09-13 19:09:04.156,1789337344.1566415,65
2026-09-13 19:09:04.164,1789337344.1643338,84
2026-09-13 19:09:04.172,1789337344.1720262,104
2026-09-13 19:09:04.179,1789337344.1797185,94
2026-09-13 19:09:04.187,1789337344.1874108,89
2026-09-13 19:09:04.195,1789337344.1951032,106
2026-09-13 19:09:04.202,1789337344.2027955,118
2026-09-13 19:09:04.210,1789337344.2104876,101
2026-09-13 19:09:04.218,1789337344.21818,80
2026-09-13 19:09:04.225,1789337344.2258723,75
2026-09-13 19:09:04.233,1789337344.2335646,58
2026-09-13 19:09:04.241,1789337344.241257,16
2026-09-13 19:09:04.248,1789337344.2489493,-9
2026-09-13 19:09:04.256,1789337344.2566416,-36
2026-09-13 19:09:04.264,1789337344.264334,-72
2026-09-13 19:09:04.272,1789337344.272026,-77
2026-09-13 19:09:04.279,1789337344.2797184,-72
2026-09-13 19:09:04.287,1789337344.2874107,-72
2026-09-13 19:09:04.295,1789337344.295103,-63
2026-09-13 19:09:04.302,1789337344.3027954,-63
2026-09-13 19:09:04.310,1789337344.3104877,-50
2026-09-13 19:09:04.318,1789337344.31818,-26
2026-09-13 19:09:04.325,1789337344.3258724,-41
2026-09-13 19:09:04.333,1789337344.3335645,-60
2026-09-13 19:09:04.341,1789337344.3412569,-31
2026-09-13 19:09:04.348,1789337344.3489492,-9
2026-09-13 19:09:04.356,1789337344.3566415,-21
2026-09-13 19:09:04.364,1789337344.3643339,-24
2026-09-13 19:09:04.372,1789337344.3720262,-16
2026-09-13 19:09:04.379,1789337344.3797185,-14
2026-09-13 19:09:04.387,1789337344.3874109,-9
2026-09-13 19:09:04.395,1789337344.395103,-14
2026-09-13 19:09:04.402,1789337344.4027953,-24
2026-09-13 19:09:04.410,1789337344.4104877,-24
2026-09-13 19:09:04.418,1789337344.41818,-26
2026-09-13 19:09:04.425,1789337344.4258723,-33
2026-09-13 19:09:04.433,1789337344.4335647,-31
2026-09-13 19:09:04.441,1789337344.441257,0
2026-09-13 19:09:04.448,1789337344.4489493,36
2026-09-13 19:09:04.456,1789337344.4566414,41
2026-09-13 19:09:04.464,1789337344.4643338,24
2026-09-13 19:09:04.472,1789337344.472026,9
2026-09-13 19:09:04.479,1789337344.4797184,-14
2026-09-13 19:09:04.487,1789337344.4874108,-33
2026-09-13 19:09:04.495,1789337344.4951031,-19
2026-09-13 19:09:04.502,1789337344.5027955,-14
2026-09-13 19:09:04.510,1789337344.5104878,-29
2026-09-13 19:09:04.518,1789337344.5181801,-24
2026-09-13 19:09:04.525,1789337344.5258722,-14
2026-09-13 19:09:04.533,1789337344.5335646,-26
2026-09-13 19:09:04.541,1789337344.541257,-33
2026-09-13 19:09:04.548,1789337344.5483775,31
2026-09-13 19:09:04.556,1789337344.5560699,220
2026-09-13 19:09:04.563,1789337344.5637622,543
2026-09-13 19:09:04.571,1789337344.5714545,795
2026-09-13 19:09:04.579,1789337344.5791469,504
2026-09-13 19:09:04.586,1789337344.586839,-220
2026-09-13 19:09:04.594,1789337344.5945313,-402
2026-09-13 19:09:04.602,1789337344.6022236,-36
2026-09-13 19:09:04.609,1789337344.609916,31
2026-09-13 19:09:04.617,1789337344.6176083,-101
2026-09-13 19:09:04.625,1789337344.6253006,-53
2026-09-13 19:09:04.632,1789337344.632993,-19
2026-09-13 19:09:04.640,1789337344.6406853,-67
2026-09-13 19:09:04.648,1789337344.6483774,-55
2026-09-13 19:09:04.656,1789337344.6560698,-16
2026-09-13 19:09:04.663,1789337344.663762,-14
2026-09-13 19:09:04.671,1789337344.6714544,-12
2026-09-13 19:09:04.679,1789337344.6791468,9
2026-09-13 19:09:04.686,1789337344.686839,19
2026-09-13 19:09:04.694,1789337344.6945314,4
2026-09-13 19:09:04.702,1789337344.7022238,16
2026-09-13 19:09:04.709,1789337344.7099159,46
2026-09-13 19:09:04.717,1789337344.7176082,46
2026-09-13 19:09:04.725,1789337344.7253006,41
2026-09-13 19:09:04.732,1789337344.732993,58
2026-09-13 19:09:04.740,1789337344.7406852,75
2026-09-13 19:09:04.748,1789337344.7483776,82
2026-09-13 19:09:04.756,1789337344.75607,80
2026-09-13 19:09:04.763,1789337344.7637622,82
2026-09-13 19:09:04.771,1789337344.7714543,89
2026-09-13 19:09:04.779,1789337344.7791467,87
2026-09-13 19:09:04.786,1789337344.786839,77
2026-09-13 19:09:04.794,1789337344.7945313,72
2026-09-13 19:09:04.802,1789337344.8022237,60
2026-09-13 19:09:04.809,1789337344.809916,29
2026-09-13 19:09:04.817,1789337344.8176084,-4
2026-09-13 19:09:04.825,1789337344.8253007,-26
2026-09-13 19:09:04.832,1789337344.8329928,-41
2026-09-13 19:09:04.840,1789337344.8406851,-58
2026-09-13 19:09:04.848,1789337344.8483775,-67
2026-09-13 19:09:04.856,1789337344.8560698,-70
2026-09-13 19:09:04.863,1789337344.8637621,-70
2026-09-13 19:09:04.871,1789337344.8714545,-65
2026-09-13 19:09:04.879,1789337344.8791468,-63
2026-09-13 19:09:04.886,1789337344.8868392,-60
2026-09-13 19:09:04.894,1789337344.8945312,-53
2026-09-13 19:09:04.902,1789337344.9022236,-43
2026-09-13 19:09:04.909,1789337344.909916,-36
2026-09-13 19:09:04.917,1789337344.9176083,-31
2026-09-13 19:09:04.925,1789337344.9253006,-31
2026-09-13 19:09:04.932,1789337344.932993,-24
2026-09-13 19:09:04.940,1789337344.9406853,-16
2026-09-13 19:09:04.948,1789337344.9483776,-19
2026-09-13 19:09:04.956,1789337344.9560697,-21
2026-09-13 19:09:04.963,1789337344.963762,-21
2026-09-13 19:09:04.971,1789337344.9714544,-24
2026-09-13 19:09:04.979,1789337344.9791467,-33
2026-09-13 19:09:04.986,1789337344.986839,-33
2026-09-13 19:09:04.994,1789337344.9945314,-29
2026-09-13 19:09:05.002,1789337345.0022237,-24
2026-09-13 19:09:05.009,1789337345.009916,-14
2026-09-13 19:09:05.017,1789337345.0176082,7
2026-09-13 19:09:05.025,1789337345.0253005,19
2026-09-13 19:09:05.032,1789337345.0329928,9
2026-09-13 19:09:05.040,1789337345.0406852,-14
2026-09-13 19:09:05.048,1789337345.0483775,-33
2026-09-13 19:09:05.056,1789337345.0560699,-43
2026-09-13 19:09:05.063,1789337345.0637622,-46
2026-09-13 19:09:05.071,1789337345.0714545,-48
2026-09-13 19:09:05.079,1789337345.0791469,-48
2026-09-13 19:09:05.086,1789337345.086839,-43
2026-09-13 19:09:05.094,1789337345.0945313,-38
2026-09-13 19:09:05.102,1789337345.1022236,-43
2026-09-13 19:09:05.109,1789337345.1093545,-50
2026-09-13 19:09:05.117,1789337345.1170468,-26
2026-09-13 19:09:05.124,1789337345.1247392,106
2026-09-13 19:09:05.132,1789337345.1324315,392
2026-09-13 19:09:05.140,1789337345.1401238,717
2026-09-13 19:09:05.147,1789337345.147816,611
2026-09-13 19:09:05.155,1789337345.1555083,-67
2026-09-13 19:09:05.163,1789337345.1632006,-424
2026-09-13 19:09:05.170,1789337345.170893,-121
2026-09-13 19:09:05.178,1789337345.1785853,24
2026-09-13 19:09:05.186,1789337345.1862776,-118
2026-09-13 19:09:05.193,1789337345.19397,-101
2026-09-13 19:09:05.201,1789337345.2016623,-33
2026-09-13 19:09:05.209,1789337345.2093544,-70
2026-09-13 19:09:05.217,1789337345.2170467,-77
2026-09-13 19:09:05.224,1789337345.224739,-43
2026-09-13 19:09:05.232,1789337345.2324314,-38
2026-09-13 19:09:05.240,1789337345.2401237,-38
2026-09-13 19:09:05.247,1789337345.247816,-26
2026-09-13 19:09:05.255,1789337345.2555084,-21
2026-09-13 19:09:05.263,1789337345.2632008,-19
2026-09-13 19:09:05.270,1789337345.2708929,-9
2026-09-13 19:09:05.278,1789337345.2785852,2
2026-09-13 19:09:05.286,1789337345.2862775,9
2026-09-13 19:09:05.293,1789337345.2939699,14
2026-09-13 19:09:05.301,1789337345.3016622,19
2026-09-13 19:09:05.309,1789337345.3093545,24
2026-09-13 19:09:05.317,1789337345.3170469,24
2026-09-13 19:09:05.324,1789337345.3247392,24
2026-09-13 19:09:05.332,1789337345.3324313,21
2026-09-13 19:09:05.340,1789337345.3401237,14
2026-09-13 19:09:05.347,1789337345.347816,4
2026-09-13 19:09:05.355,1789337345.3555083,2
2026-09-13 19:09:05.363,1789337345.3632007,2
2026-09-13 19:09:05.370,1789337345.370893,0
2026-09-13 19:09:05.378,1789337345.3785853,-9
2026-09-13 19:09:05.386,1789337345.3862777,-29
2026-09-13 19:09:05.393,1789337345.3939698,-50
2026-09-13 19:09:05.401,1789337345.401662,-63
2026-09-13 19:09:05.409,1789337345.4093544,-70
2026-09-13 19:09:05.417,1789337345.4170468,-72
2026-09-13 19:09:05.424,1789337345.4247391,-72
2026-09-13 19:09:05.432,1789337345.4324315,-70
2026-09-13 19:09:05.440,1789337345.4401238,-70
2026-09-13 19:09:05.447,1789337345.4478161,-70
2026-09-13 19:09:05.455,1789337345.4555082,-63
2026-09-13 19:09:05.463,1789337345.4632006,-53
2026-09-13 19:09:05.470,1789337345.470893,-43
2026-09-13 19:09:05.478,1789337345.4785852,-38
2026-09-13 19:09:05.486,1789337345.4862776,-36
2026-09-13 19:09:05.493,1789337345.49397,-33
2026-09-13 19:09:05.501,1789337345.5016623,-31
2026-09-13 19:09:05.509,1789337345.5093546,-29
2026-09-13 19:09:05.517,1789337345.5170467,-26
2026-09-13 19:09:05.524,1789337345.524739,-24
2026-09-13 19:09:05.532,1789337345.5324314,-31
2026-09-13 19:09:05.540,1789337345.5401237,-41
2026-09-13 19:09:05.547,1789337345.547816,-46
2026-09-13 19:09:05.555,1789337345.5555084,-41
2026-09-13 19:09:05.563,1789337345.5632007,-36
2026-09-13 19:09:05.570,1789337345.570893,-29
2026-09-13 19:09:05.578,1789337345.5785851,-4
2026-09-13 19:09:05.586,1789337345.5862775,16
2026-09-13 19:09:05.593,1789337345.5939698,16
2026-09-13 19:09:05.601,1789337345.6016622,2
2026-09-13 19:09:05.609,1789337345.6093545,-12
2026-09-13 19:09:05.617,1789337345.6170468,-31
2026-09-13 19:09:05.624,1789337345.6247392,-48
2026-09-13 19:09:05.632,1789337345.6324315,-50
2026-09-13 19:09:05.640,1789337345.6401238,-48
2026-09-13 19:09:05.647,1789337345.647816,-48
2026-09-13 19:09:05.655,1789337345.6555083,-43
2026-09-13 19:09:05.663,1789337345.6632006,-43
2026-09-13 19:09:05.670,1789337345.6703005,-58
2026-09-13 19:09:05.677,1789337345.6779928,-65
2026-09-13 19:09:05.685,1789337345.6856852,4
2026-09-13 19:09:05.693,1789337345.6933775,201
2026-09-13 19:09:05.701,1789337345.7010698,533
2026-09-13 19:09:05.708,1789337345.708762,783
2026-09-13 19:09:05.716,1789337345.7164543,424
2026-09-13 19:09:05.724,1789337345.7241466,-283
2026-09-13 19:09:05.731,1789337345.731839,-346
2026-09-13 19:09:05.739,1789337345.7395313,-9
2026-09-13 19:09:05.747,1789337345.7472236,-38
2026-09-13 19:09:05.754,1789337345.754916,-150
2026-09-13 19:09:05.762,1789337345.7626083,-70
2026-09-13 19:09:05.770,1789337345.7703004,-50
2026-09-13 19:09:05.777,1789337345.7779927,-97
2026-09-13 19:09:05.785,1789337345.785685,-77
2026-09-13 19:09:05.793,1789337345.7933774,-48
2026-09-13 19:09:05.801,1789337345.8010697,-53
2026-09-13 19:09:05.808,1789337345.808762,-48
2026-09-13 19:09:05.816,1789337345.8164544,-38
2026-09-13 19:09:05.824,1789337345.8241467,-29
2026-09-13 19:09:05.831,1789337345.8318388,-21
2026-09-13 19:09:05.839,1789337345.8395312,-19
2026-09-13 19:09:05.847,1789337345.8472235,-14
2026-09-13 19:09:05.854,1789337345.8549159,-4
2026-09-13 19:09:05.862,1789337345.8626082,4
2026-09-13 19:09:05.870,1789337345.8703005,4
2026-09-13 19:09:05.877,1789337345.8779929,9
2026-09-13 19:09:05.885,1789337345.8856852,12
2026-09-13 19:09:05.893,1789337345.8933773,9
2026-09-13 19:09:05.901,1789337345.9010696,2
2026-09-13 19:09:05.908,1789337345.908762,-7
2026-09-13 19:09:05.916,1789337345.9164543,-9
2026-09-13 19:09:05.924,1789337345.9241467,-9
2026-09-13 19:09:05.931,1789337345.931839,-7
2026-09-13 19:09:05.939,1789337345.9395313,-14
2026-09-13 19:09:05.947,1789337345.9472237,-29
2026-09-13 19:09:05.954,1789337345.9549158,-48
2026-09-13 19:09:05.962,1789337345.962608,-65
2026-09-13 19:09:05.970,1789337345.9703004,-75
2026-09-13 19:09:05.977,1789337345.9779928,-75
2026-09-13 19:09:05.985,1789337345.985685,-77
2026-09-13 19:09:05.993,1789337345.9933774,-80
2026-09-13 19:09:06.001,1789337346.0010698,-77
2026-09-13 19:09:06.008,1789337346.0087621,-72
2026-09-13 19:09:06.016,1789337346.0164542,-67
2026-09-13 19:09:06.024,1789337346.0241466,-58
2026-09-13 19:09:06.031,1789337346.031839,-55
2026-09-13 19:09:06.039,1789337346.0395312,-53
2026-09-13 19:09:06.047,1789337346.0472236,-46
2026-09-13 19:09:06.054,1789337346.054916,-38
2026-09-13 19:09:06.062,1789337346.0626082,-38
2026-09-13 19:09:06.070,1789337346.0703006,-41
2026-09-13 19:09:06.077,1789337346.0779927,-41
2026-09-13 19:09:06.085,1789337346.085685,-41
2026-09-13 19:09:06.093,1789337346.0933774,-38
2026-09-13 19:09:06.101,1789337346.1010697,-41
2026-09-13 19:09:06.108,1789337346.108762,-50
2026-09-13 19:09:06.116,1789337346.1164544,-53
2026-09-13 19:09:06.124,1789337346.1241467,-46
2026-09-13 19:09:06.131,1789337346.131839,-38
2026-09-13 19:09:06.139,1789337346.1395311,-16
2026-09-13 19:09:06.147,1789337346.1472235,9
2026-09-13 19:09:06.154,1789337346.1549158,16
2026-09-13 19:09:06.162,1789337346.1626081,4
2026-09-13 19:09:06.170,1789337346.1703005,-12
2026-09-13 19:09:06.177,1789337346.1779928,-33
2026-09-13 19:09:06.185,1789337346.1856852,-50
2026-09-13 19:09:06.193,1789337346.1933775,-55
2026-09-13 19:09:06.201,1789337346.2010698,-53
2026-09-13 19:09:06.208,1789337346.208762,-53
2026-09-13 19:09:06.216,1789337346.2164543,-48
2026-09-13 19:09:06.224,1789337346.2241466,-46
2026-09-13 19:09:06.231,1789337346.2312775,-55
2026-09-13 19:09:06.238,1789337346.2389698,-70
2026-09-13 19:09:06.246,1789337346.2466621,-38
2026-09-13 19:09:06.254,1789337346.2543545,92
2026-09-13 19:09:06.262,1789337346.2620468,341
2026-09-13 19:09:06.269,1789337346.269739,652
2026-09-13 19:09:06.277,1789337346.2774312,565
2026-09-13 19:09:06.285,1789337346.2851236,-97
2026-09-13 19:09:06.292,1789337346.292816,-426
2026-09-13 19:09:06.300,1789337346.3005083,-118
2026-09-13 19:09:06.308,1789337346.3082006,9
2026-09-13 19:09:06.315,1789337346.315893,-118
2026-09-13 19:09:06.323,1789337346.3235853,-92
2026-09-13 19:09:06.331,1789337346.3312774,-38
2026-09-13 19:09:06.338,1789337346.3389697,-75
2026-09-13 19:09:06.346,1789337346.346662,-77
2026-09-13 19:09:06.354,1789337346.3543544,-46
2026-09-13 19:09:06.362,1789337346.3620467,-48
2026-09-13 19:09:06.369,1789337346.369739,-48
2026-09-13 19:09:06.377,1789337346.3774314,-31
2026-09-13 19:09:06.385,1789337346.3851237,-24
2026-09-13 19:09:06.392,1789337346.3928158,-19
2026-09-13 19:09:06.400,1789337346.4005082,-9
2026-09-13 19:09:06.408,1789337346.4082005,-2
2026-09-13 19:09:06.415,1789337346.4158928,4
2026-09-13 19:09:06.423,1789337346.4235852,12
2026-09-13 19:09:06.431,1789337346.4312775,21
2026-09-13 19:09:06.438,1789337346.4389699,29
2026-09-13 19:09:06.446,1789337346.4466622,33
2026-09-13 19:09:06.454,1789337346.4543543,36
2026-09-13 19:09:06.462,1789337346.4620466,36
2026-09-13 19:09:06.469,1789337346.469739,33
2026-09-13 19:09:06.477,1789337346.4774313,33
2026-09-13 19:09:06.485,1789337346.4851236,31
2026-09-13 19:09:06.492,1789337346.492816,26
2026-09-13 19:09:06.500,1789337346.5005083,19
2026-09-13 19:09:06.508,1789337346.5082006,2
2026-09-13 19:09:06.515,1789337346.5158927,-24
2026-09-13 19:09:06.523,1789337346.523585,-48
2026-09-13 19:09:06.531,1789337346.5312774,-67
2026-09-13 19:09:06.538,1789337346.5389698,-77
2026-09-13 19:09:06.546,1789337346.546662,-82
2026-09-13 19:09:06.554,1789337346.5543544,-82
2026-09-13 19:09:06.562,1789337346.5620468,-82
2026-09-13 19:09:06.569,1789337346.569739,-80
2026-09-13 19:09:06.577,1789337346.5774312,-77
2026-09-13 19:09:06.585,1789337346.5851235,-72
2026-09-13 19:09:06.592,1789337346.5928159,-65
2026-09-13 19:09:06.600,1789337346.6005082,-60
2026-09-13 19:09:06.608,1789337346.6082006,-55
2026-09-13 19:09:06.615,1789337346.615893,-53
2026-09-13 19:09:06.623,1789337346.6235852,-48
2026-09-13 19:09:06.631,1789337346.6312776,-46
2026-09-13 19:09:06.638,1789337346.6389697,-43
2026-09-13 19:09:06.646,1789337346.646662,-46
2026-09-13 19:09:06.654,1789337346.6543543,-50
2026-09-13 19:09:06.662,1789337346.6620467,-55
2026-09-13 19:09:06.669,1789337346.669739,-58
2026-09-13 19:09:06.677,1789337346.6774313,-53
2026-09-13 19:09:06.685,1789337346.6851237,-43
2026-09-13 19:09:06.692,1789337346.692816,-29
2026-09-13 19:09:06.700,1789337346.700508,-12
2026-09-13 19:09:06.708,1789337346.7082005,7
2026-09-13 19:09:06.715,1789337346.7158928,14
2026-09-13 19:09:06.723,1789337346.7235851,-7
2026-09-13 19:09:06.731,1789337346.7312775,-41
2026-09-13 19:09:06.738,1789337346.7389698,-58
2026-09-13 19:09:06.746,1789337346.7466621,-53
2026-09-13 19:09:06.754,1789337346.7543545,-55
2026-09-13 19:09:06.762,1789337346.7620468,-67
2026-09-13 19:09:06.769,1789337346.769739,-70
2026-09-13 19:09:06.777,1789337346.7774312,-53
2026-09-13 19:09:06.785,1789337346.7851236,-46
2026-09-13 19:09:06.792,1789337346.7922237,-70
2026-09-13 19:09:06.799,1789337346.799916,-65
2026-09-13 19:09:06.807,1789337346.8076084,43
2026-09-13 19:09:06.815,1789337346.8153007,264
2026-09-13 19:09:06.822,1789337346.822993,579
2026-09-13 19:09:06.830,1789337346.8306851,618
2026-09-13 19:09:06.838,1789337346.8383775,26
2026-09-13 19:09:06.846,1789337346.8460698,-455
2026-09-13 19:09:06.853,1789337346.8537621,-227
2026-09-13 19:09:06.861,1789337346.8614545,4
2026-09-13 19:09:06.869,1789337346.8691468,-97
2026-09-13 19:09:06.876,1789337346.8768392,-109
2026-09-13 19:09:06.884,1789337346.8845315,-36
2026-09-13 19:09:06.892,1789337346.8922236,-60
2026-09-13 19:09:06.899,1789337346.899916,-80
2026-09-13 19:09:06.907,1789337346.9076083,-46
2026-09-13 19:09:06.915,1789337346.9153006,-38
2026-09-13 19:09:06.922,1789337346.922993,-46
2026-09-13 19:09:06.930,1789337346.9306853,-29
2026-09-13 19:09:06.938,1789337346.9383776,-14
2026-09-13 19:09:06.946,1789337346.94607,-12
2026-09-13 19:09:06.953,1789337346.953762,-4
2026-09-13 19:09:06.961,1789337346.9614544,7
2026-09-13 19:09:06.969,1789337346.9691467,14
2026-09-13 19:09:06.976,1789337346.976839,31
2026-09-13 19:09:06.984,1789337346.9845314,46
2026-09-13 19:09:06.992,1789337346.9922237,48
2026-09-13 19:09:06.999,1789337346.999916,55
2026-09-13 19:09:07.007,1789337347.0076084,70
2026-09-13 19:09:07.015,1789337347.0153005,72
2026-09-13 19:09:07.022,1789337347.0229928,70
2026-09-13 19:09:07.030,1789337347.0306852,80
2026-09-13 19:09:07.038,1789337347.0383775,84
2026-09-13 19:09:07.046,1789337347.0460699,75
2026-09-13 19:09:07.053,1789337347.0537622,48
2026-09-13 19:09:07.061,1789337347.0614545,21
2026-09-13 19:09:07.069,1789337347.0691469,-4
2026-09-13 19:09:07.076,1789337347.076839,-36
2026-09-13 19:09:07.084,1789337347.0845313,-58
2026-09-13 19:09:07.092,1789337347.0922236,-72
2026-09-13 19:09:07.099,1789337347.099916,-80
2026-09-13 19:09:07.107,1789337347.1076083,-80
2026-09-13 19:09:07.115,1789337347.1153007,-82
2026-09-13 19:09:07.122,1789337347.122993,-92
2026-09-13 19:09:07.130,1789337347.1306853,-84
2026-09-13 19:09:07.138,1789337347.1383774,-63
2026-09-13 19:09:07.146,1789337347.1460698,-55
2026-09-13 19:09:07.153,1789337347.153762,-63
2026-09-13 19:09:07.161,1789337347.1614544,-63
2026-09-13 19:09:07.169,1789337347.1691468,-43
2026-09-13 19:09:07.176,1789337347.176839,-36
2026-09-13 19:09:07.184,1789337347.1845315,-46
2026-09-13 19:09:07.192,1789337347.1922238,-41
2026-09-13 19:09:07.199,1789337347.199916,-36
2026-09-13 19:09:07.207,1789337347.2076082,-43
2026-09-13 19:09:07.215,1789337347.2153006,-48
2026-09-13 19:09:07.222,1789337347.222993,-46
2026-09-13 19:09:07.230,1789337347.2306852,-31
2026-09-13 19:09:07.238,1789337347.2383776,-9
2026-09-13 19:09:07.246,1789337347.24607,12
2026-09-13 19:09:07.253,1789337347.2537622,21
2026-09-13 19:09:07.261,1789337347.2614543,12
2026-09-13 19:09:07.269,1789337347.2691467,-7
2026-09-13 19:09:07.276,1789337347.276839,-24
2026-09-13 19:09:07.284,1789337347.2845314,-36
2026-09-13 19:09:07.292,1789337347.2922237,-55
2026-09-13 19:09:07.299,1789337347.299916,-60
2026-09-13 19:09:07.307,1789337347.3076084,-55
2026-09-13 19:09:07.315,1789337347.3153007,-53
2026-09-13 19:09:07.322,1789337347.322993,-46
2026-09-13 19:09:07.330,1789337347.3306851,-48
2026-09-13 19:09:07.338,1789337347.3383775,-63
2026-09-13 19:09:07.346,1789337347.3460698,-19
2026-09-13 19:09:07.353,1789337347.3532004,138
2026-09-13 19:09:07.360,1789337347.3608928,402
2026-09-13 19:09:07.368,1789337347.368585,652
2026-09-13 19:09:07.376,1789337347.3762774,482
2026-09-13 19:09:07.383,1789337347.3839698,-189
2026-09-13 19:09:07.391,1789337347.391662,-489
2026-09-13 19:09:07.399,1789337347.3993542,-145
2026-09-13 19:09:07.407,1789337347.4070466,7
2026-09-13 19:09:07.414,1789337347.414739,-126
2026-09-13 19:09:07.422,1789337347.4224312,-94
2026-09-13 19:09:07.430,1789337347.4301236,-21
2026-09-13 19:09:07.437,1789337347.437816,-53
2026-09-13 19:09:07.445,1789337347.4455082,-72
2026-09-13 19:09:07.453,1789337347.4532003,-53
2026-09-13 19:09:07.460,1789337347.4608927,-36
2026-09-13 19:09:07.468,1789337347.468585,-29
2026-09-13 19:09:07.476,1789337347.4762774,-31
2026-09-13 19:09:07.483,1789337347.4839697,-29
2026-09-13 19:09:07.491,1789337347.491662,-12
2026-09-13 19:09:07.499,1789337347.4993544,-2
2026-09-13 19:09:07.507,1789337347.5070467,2
2026-09-13 19:09:07.514,1789337347.5147388,14
2026-09-13 19:09:07.522,1789337347.5224311,31
2026-09-13 19:09:07.530,1789337347.5301235,41
2026-09-13 19:09:07.537,1789337347.5378158,50
2026-09-13 19:09:07.545,1789337347.5455081,70
2026-09-13 19:09:07.553,1789337347.5532005,84
2026-09-13 19:09:07.560,1789337347.5608928,82
2026-09-13 19:09:07.568,1789337347.5685852,70
2026-09-13 19:09:07.576,1789337347.5762773,58
2026-09-13 19:09:07.583,1789337347.5839696,70
2026-09-13 19:09:07.591,1789337347.591662,82
2026-09-13 19:09:07.599,1789337347.5993543,55
2026-09-13 19:09:07.607,1789337347.6070466,12
2026-09-13 19:09:07.614,1789337347.614739,-19
2026-09-13 19:09:07.622,1789337347.6224313,-58
2026-09-13 19:09:07.630,1789337347.6301236,-109
2026-09-13 19:09:07.637,1789337347.6378157,-113
2026-09-13 19:09:07.645,1789337347.645508,-101
2026-09-13 19:09:07.653,1789337347.6532004,-106
2026-09-13 19:09:07.660,1789337347.6608927,-109
2026-09-13 19:09:07.668,1789337347.668585,-118
2026-09-13 19:09:07.676,1789337347.6762774,-121
2026-09-13 19:09:07.683,1789337347.6839697,-101
2026-09-13 19:09:07.691,1789337347.691662,-94
2026-09-13 19:09:07.699,1789337347.6993542,-94
2026-09-13 19:09:07.707,1789337347.7070465,-84
2026-09-13 19:09:07.714,1789337347.7147388,-75
2026-09-13 19:09:07.722,1789337347.7224312,-67
2026-09-13 19:09:07.730,1789337347.7301235,-67
2026-09-13 19:09:07.737,1789337347.7378159,-75
2026-09-13 19:09:07.745,1789337347.7455082,-77
2026-09-13 19:09:07.753,1789337347.7532005,-70
2026-09-13 19:09:07.760,1789337347.7608926,-63
2026-09-13 19:09:07.768,1789337347.768585,-63
2026-09-13 19:09:07.776,1789337347.7762773,-43
2026-09-13 19:09:07.783,1789337347.7839696,-21
2026-09-13 19:09:07.791,1789337347.791662,-12
2026-09-13 19:09:07.799,1789337347.7993543,-16
2026-09-13 19:09:07.807,1789337347.8070467,-31
2026-09-13 19:09:07.814,1789337347.814739,-55
2026-09-13 19:09:07.822,1789337347.822431,-72
2026-09-13 19:09:07.830,1789337347.8301234,-75
2026-09-13 19:09:07.837,1789337347.8378158,-80
2026-09-13 19:09:07.845,1789337347.845508,-84
2026-09-13 19:09:07.853,1789337347.8532004,-77
2026-09-13 19:09:07.860,1789337347.8608928,-70
2026-09-13 19:09:07.868,1789337347.868585,-75
2026-09-13 19:09:07.876,1789337347.8762774,-87
2026-09-13 19:09:07.883,1789337347.8839698,-70
2026-09-13 19:09:07.891,1789337347.891662,53
2026-09-13 19:09:07.899,1789337347.8993542,310
2026-09-13 19:09:07.907,1789337347.9070466,586
2026-09-13 19:09:07.914,1789337347.9141467,446
2026-09-13 19:09:07.921,1789337347.921839,-220
2026-09-13 19:09:07.929,1789337347.9295313,-516
2026-09-13 19:09:07.937,1789337347.9372237,-167
2026-09-13 19:09:07.944,1789337347.944916,-9
2026-09-13 19:09:07.952,1789337347.952608,-140
2026-09-13 19:09:07.960,1789337347.9603004,-118
2026-09-13 19:09:07.967,1789337347.9679928,-58
2026-09-13 19:09:07.975,1789337347.9756851,-97
2026-09-13 19:09:07.983,1789337347.9833775,-106
2026-09-13 19:09:07.991,1789337347.9910698,-75
2026-09-13 19:09:07.998,1789337347.9987621,-75
2026-09-13 19:09:08.006,1789337348.0064545,-82
2026-09-13 19:09:08.014,1789337348.0141466,-67
2026-09-13 19:09:08.021,1789337348.021839,-58
2026-09-13 19:09:08.029,1789337348.0295312,-50
2026-09-13 19:09:08.037,1789337348.0372236,-46
2026-09-13 19:09:08.044,1789337348.044916,-46
2026-09-13 19:09:08.052,1789337348.0526083,-36
2026-09-13 19:09:08.060,1789337348.0603006,-24
2026-09-13 19:09:08.067,1789337348.067993,-12
2026-09-13 19:09:08.075,1789337348.075685,-4
2026-09-13 19:09:08.083,1789337348.0833774,-4
2026-09-13 19:09:08.091,1789337348.0910697,-2
2026-09-13 19:09:08.098,1789337348.098762,0
2026-09-13 19:09:08.106,1789337348.1064544,-4
2026-09-13 19:09:08.114,1789337348.1141467,-9
2026-09-13 19:09:08.121,1789337348.121839,-9
2026-09-13 19:09:08.129,1789337348.1295314,-12
2026-09-13 19:09:08.137,1789337348.1372235,-21
2026-09-13 19:09:08.144,1789337348.1449158,-46
2026-09-13 19:09:08.152,1789337348.1526082,-75
2026-09-13 19:09:08.160,1789337348.1603005,-99
2026-09-13 19:09:08.167,1789337348.1679928,-116
2026-09-13 19:09:08.175,1789337348.1756852,-123
2026-09-13 19:09:08.183,1789337348.1833775,-126
2026-09-13 19:09:08.191,1789337348.1910698,-128
2026-09-13 19:09:08.198,1789337348.198762,-130
2026-09-13 19:09:08.206,1789337348.2064543,-130
2026-09-13 19:09:08.214,1789337348.2141466,-123
2026-09-13 19:09:08.221,1789337348.221839,-116
2026-09-13 19:09:08.229,1789337348.2295313,-109
2026-09-13 19:09:08.237,1789337348.2372236,-101
2026-09-13 19:09:08.244,1789337348.244916,-97
2026-09-13 19:09:08.252,1789337348.2526083,-94
2026-09-13 19:09:08.260,1789337348.2603004,-94
2026-09-13 19:09:08.267,1789337348.2679927,-99
2026-09-13 19:09:08.275,1789337348.275685,-104
2026-09-13 19:09:08.283,1789337348.2833774,-94
2026-09-13 19:09:08.291,1789337348.2910697,-84
2026-09-13 19:09:08.298,1789337348.298762,-80
2026-09-13 19:09:08.306,1789337348.3064544,-63
2026-09-13 19:09:08.314,1789337348.3141468,-38
2026-09-13 19:09:08.321,1789337348.3218389,-31
2026-09-13 19:09:08.329,1789337348.3295312,-43
2026-09-13 19:09:08.337,1789337348.3372235,-63
2026-09-13 19:09:08.344,1789337348.3449159,-80
2026-09-13 19:09:08.352,1789337348.3526082,-92
2026-09-13 19:09:08.360,1789337348.3603005,-97
2026-09-13 19:09:08.367,1789337348.3679929,-94
2026-09-13 19:09:08.375,1789337348.3756852,-97
2026-09-13 19:09:08.383,1789337348.3833773,-97
2026-09-13 19:09:08.391,1789337348.3910697,-92
2026-09-13 19:09:08.398,1789337348.398762,-97
2026-09-13 19:09:08.406,1789337348.4064543,-109
2026-09-13 19:09:08.414,1789337348.4141467,-77
2026-09-13 19:09:08.421,1789337348.421839,67
2026-09-13 19:09:08.429,1789337348.4295313,356
2026-09-13 19:09:08.437,1789337348.4372237,654
2026-09-13 19:09:08.444,1789337348.444916,441
2026-09-13 19:09:08.452,1789337348.452608,-257
2026-09-13 19:09:08.460,1789337348.4603004,-441
2026-09-13 19:09:08.467,1789337348.4679928,-84
2026-09-13 19:09:08.475,1789337348.4751236,-33
2026-09-13 19:09:08.482,1789337348.482816,-172
2026-09-13 19:09:08.490,1789337348.4905083,-116
2026-09-13 19:09:08.498,1789337348.4982007,-70
2026-09-13 19:09:08.505,1789337348.505893,-116
2026-09-13 19:09:08.513,1789337348.513585,-106
2026-09-13 19:09:08.521,1789337348.5212774,-75
2026-09-13 19:09:08.528,1789337348.5289698,-80
2026-09-13 19:09:08.536,1789337348.536662,-77
2026-09-13 19:09:08.544,1789337348.5443544,-60
2026-09-13 19:09:08.552,1789337348.5520468,-53
2026-09-13 19:09:08.559,1789337348.559739,-50
2026-09-13 19:09:08.567,1789337348.5674314,-41
2026-09-13 19:09:08.575,1789337348.5751235,-36
2026-09-13 19:09:08.582,1789337348.582816,-33
2026-09-13 19:09:08.590,1789337348.5905082,-26
2026-09-13 19:09:08.598,1789337348.5982006,-19
2026-09-13 19:09:08.605,1789337348.605893,-16
2026-09-13 19:09:08.613,1789337348.6135852,-16
2026-09-13 19:09:08.621,1789337348.6212776,-19
2026-09-13 19:09:08.628,1789337348.62897,-24
2026-09-13 19:09:08.636,1789337348.636662,-29
2026-09-13 19:09:08.644,1789337348.6443543,-33
2026-09-13 19:09:08.652,1789337348.6520467,-38
2026-09-13 19:09:08.659,1789337348.659739,-36
2026-09-13 19:09:08.667,1789337348.6674314,-38
2026-09-13 19:09:08.675,1789337348.6751237,-53
2026-09-13 19:09:08.682,1789337348.682816,-70
2026-09-13 19:09:08.690,1789337348.6905084,-84
2026-09-13 19:09:08.698,1789337348.6982005,-92
2026-09-13 19:09:08.705,1789337348.7058928,-97
2026-09-13 19:09:08.713,1789337348.7135851,-101
2026-09-13 19:09:08.721,1789337348.7212775,-99
2026-09-13 19:09:08.728,1789337348.7289698,-94
2026-09-13 19:09:08.736,1789337348.7366621,-92
2026-09-13 19:09:08.744,1789337348.7443545,-87
2026-09-13 19:09:08.752,1789337348.7520468,-77
2026-09-13 19:09:08.759,1789337348.759739,-72
2026-09-13 19:09:08.767,1789337348.7674313,-70
2026-09-13 19:09:08.775,1789337348.7751236,-67
2026-09-13 19:09:08.782,1789337348.782816,-63
2026-09-13 19:09:08.790,1789337348.7905083,-65
2026-09-13 19:09:08.798,1789337348.7982006,-72
2026-09-13 19:09:08.805,1789337348.805893,-72
2026-09-13 19:09:08.813,1789337348.8135853,-60
2026-09-13 19:09:08.821,1789337348.8212774,-53
2026-09-13 19:09:08.828,1789337348.8289697,-43
2026-09-13 19:09:08.836,1789337348.836662,-16
2026-09-13 19:09:08.844,1789337348.8443544,2
2026-09-13 19:09:08.852,1789337348.8520467,-7
2026-09-13 19:09:08.859,1789337348.859739,-26
2026-09-13 19:09:08.867,1789337348.8674314,-43
2026-09-13 19:09:08.875,1789337348.8751237,-60
2026-09-13 19:09:08.882,1789337348.8828158,-70
2026-09-13 19:09:08.890,1789337348.8905082,-67
2026-09-13 19:09:08.898,1789337348.8982005,-70
2026-09-13 19:09:08.905,1789337348.9058928,-70
2026-09-13 19:09:08.913,1789337348.9135852,-67
2026-09-13 19:09:08.921,1789337348.9212775,-67
2026-09-13 19:09:08.928,1789337348.9289699,-80
2026-09-13 19:09:08.936,1789337348.9366622,-70
2026-09-13 19:09:08.944,1789337348.9443543,24
2026-09-13 19:09:08.952,1789337348.9520466,249
2026-09-13 19:09:08.959,1789337348.959739,596
2026-09-13 19:09:08.967,1789337348.9674313,645
2026-09-13 19:09:08.975,1789337348.9751236,33
2026-09-13 19:09:08.982,1789337348.982816,-438
2026-09-13 19:09:08.990,1789337348.9905083,-194
2026-09-13 19:09:08.998,1789337348.9982007,14
2026-09-13 19:09:09.005,1789337349.005893,-113
2026-09-13 19:09:09.013,1789337349.013585,-123
2026-09-13 19:09:09.021,1789337349.0212774,-46
2026-09-13 19:09:09.028,1789337349.0289698,-75
2026-09-13 19:09:09.036,1789337349.0360699,-97
2026-09-13 19:09:09.043,1789337349.0437622,-65
2026-09-13 19:09:09.051,1789337349.0514545,-58
2026-09-13 19:09:09.059,1789337349.059147,-60
2026-09-13 19:09:09.066,1789337349.0668392,-46
2026-09-13 19:09:09.074,1789337349.0745313,-36
2026-09-13 19:09:09.082,1789337349.0822237,-36
2026-09-13 19:09:09.089,1789337349.089916,-26
2026-09-13 19:09:09.097,1789337349.0976083,-19
2026-09-13 19:09:09.105,1789337349.1053007,-9
2026-09-13 19:09:09.112,1789337349.112993,-4
2026-09-13 19:09:09.120,1789337349.1206853,0
2026-09-13 19:09:09.128,1789337349.1283777,4
2026-09-13 19:09:09.136,1789337349.1360698,9
2026-09-13 19:09:09.143,1789337349.143762,7
2026-09-13 19:09:09.151,1789337349.1514544,2
2026-09-13 19:09:09.159,1789337349.1591468,0
2026-09-13 19:09:09.166,1789337349.1668391,0
2026-09-13 19:09:09.174,1789337349.1745315,0
2026-09-13 19:09:09.182,1789337349.1822238,0
2026-09-13 19:09:09.189,1789337349.1899161,-4
2026-09-13 19:09:09.197,1789337349.1976082,-21
2026-09-13 19:09:09.205,1789337349.2053006,-41
2026-09-13 19:09:09.212,1789337349.212993,-58
2026-09-13 19:09:09.220,1789337349.2206852,-67
2026-09-13 19:09:09.228,1789337349.2283776,-77
2026-09-13 19:09:09.236,1789337349.23607,-87
2026-09-13 19:09:09.243,1789337349.2437623,-87
2026-09-13 19:09:09.251,1789337349.2514546,-82
2026-09-13 19:09:09.259,1789337349.2591467,-77
2026-09-13 19:09:09.266,1789337349.266839,-75
2026-09-13 19:09:09.274,1789337349.2745314,-70
2026-09-13 19:09:09.282,1789337349.2822237,-60
2026-09-13 19:09:09.289,1789337349.289916,-55
2026-09-13 19:09:09.297,1789337349.2976084,-53
2026-09-13 19:09:09.305,1789337349.3053007,-50
2026-09-13 19:09:09.312,1789337349.312993,-53
2026-09-13 19:09:09.320,1789337349.3206851,-63
2026-09-13 19:09:09.328,1789337349.3283775,-55
2026-09-13 19:09:09.336,1789337349.3360698,-41
2026-09-13 19:09:09.343,1789337349.3437622,-36
2026-09-13 19:09:09.351,1789337349.3514545,-21
2026-09-13 19:09:09.359,1789337349.3591468,0
2026-09-13 19:09:09.366,1789337349.3668392,12
2026-09-13 19:09:09.374,1789337349.3745315,4
2026-09-13 19:09:09.382,1789337349.3822236,-12
2026-09-13 19:09:09.389,1789337349.389916,-31
2026-09-13 19:09:09.397,1789337349.3976083,-53
2026-09-13 19:09:09.405,1789337349.4053006,-63
2026-09-13 19:09:09.412,1789337349.412993,-58
2026-09-13 19:09:09.420,1789337349.4206853,-58
2026-09-13 19:09:09.428,1789337349.4283776,-63
2026-09-13 19:09:09.436,1789337349.43607,-60
2026-09-13 19:09:09.443,1789337349.443762,-60
2026-09-13 19:09:09.451,1789337349.4514544,-70
2026-09-13 19:09:09.459,1789337349.4591467,-53
2026-09-13 19:09:09.466,1789337349.466839,38
2026-09-13 19:09:09.474,1789337349.4745314,244
2026-09-13 19:09:09.482,1789337349.4822237,552
2026-09-13 19:09:09.489,1789337349.489916,579
2026-09-13 19:09:09.497,1789337349.4976084,7
2026-09-13 19:09:09.505,1789337349.5053005,-409
2026-09-13 19:09:09.512,1789337349.5129929,-169
2026-09-13 19:09:09.520,1789337349.5206852,21
2026-09-13 19:09:09.528,1789337349.5283775,-80
2026-09-13 19:09:09.536,1789337349.5360699,-87
2026-09-13 19:09:09.543,1789337349.5437622,-43
2026-09-13 19:09:09.551,1789337349.5514545,-75
2026-09-13 19:09:09.559,1789337349.559147,-70
2026-09-13 19:09:09.566,1789337349.5668392,-38
2026-09-13 19:09:09.574,1789337349.5745313,-46
2026-09-13 19:09:09.582,1789337349.5822237,-46
2026-09-13 19:09:09.589,1789337349.589916,-26
2026-09-13 19:09:09.597,1789337349.5970466,-19
2026-09-13 19:09:09.604,1789337349.604739,-9
2026-09-13 19:09:09.612,1789337349.6124313,4
2026-09-13 19:09:09.620,1789337349.6201236,12
2026-09-13 19:09:09.627,1789337349.627816,14
2026-09-13 19:09:09.635,1789337349.635508,19
2026-09-13 19:09:09.643,1789337349.6432004,36
2026-09-13 19:09:09.650,1789337349.6508927,48
2026-09-13 19:09:09.658,1789337349.658585,46
2026-09-13 19:09:09.666,1789337349.6662774,41
2026-09-13 19:09:09.673,1789337349.6739697,43
2026-09-13 19:09:09.681,1789337349.681662,46
2026-09-13 19:09:09.689,1789337349.6893544,50
2026-09-13 19:09:09.697,1789337349.6970465,53
2026-09-13 19:09:09.704,1789337349.7047389,46
2026-09-13 19:09:09.712,1789337349.7124312,31
2026-09-13 19:09:09.720,1789337349.7201235,16
2026-09-13 19:09:09.727,1789337349.7278159,-7
2026-09-13 19:09:09.735,1789337349.7355082,-41
2026-09-13 19:09:09.743,1789337349.7432005,-60
2026-09-13 19:09:09.750,1789337349.7508929,-53
2026-09-13 19:09:09.758,1789337349.758585,-55
2026-09-13 19:09:09.766,1789337349.7662773,-67
2026-09-13 19:09:09.773,1789337349.7739697,-67
2026-09-13 19:09:09.781,1789337349.781662,-58
2026-09-13 19:09:09.789,1789337349.7893543,-50
2026-09-13 19:09:09.797,1789337349.7970467,-38
2026-09-13 19:09:09.804,1789337349.804739,-33
2026-09-13 19:09:09.812,1789337349.8124313,-38
2026-09-13 19:09:09.820,1789337349.8201234,-33
2026-09-13 19:09:09.827,1789337349.8278158,-26
2026-09-13 19:09:09.835,1789337349.835508,-33
2026-09-13 19:09:09.843,1789337349.8432004,-33
2026-09-13 19:09:09.850,1789337349.8508928,-26
2026-09-13 19:09:09.858,1789337349.8585851,-21
2026-09-13 19:09:09.866,1789337349.8662775,-7
2026-09-13 19:09:09.873,1789337349.8739698,14
2026-09-13 19:09:09.881,1789337349.881662,31
2026-09-13 19:09:09.889,1789337349.8893542,38
2026-09-13 19:09:09.897,1789337349.8970466,26
2026-09-13 19:09:09.904,1789337349.904739,2
2026-09-13 19:09:09.912,1789337349.9124312,-14
2026-09-13 19:09:09.920,1789337349.9201236,-29
2026-09-13 19:09:09.927,1789337349.927816,-38
2026-09-13 19:09:09.935,1789337349.9355083,-31
2026-09-13 19:09:09.943,1789337349.9432003,-26
2026-09-13 19:09:09.950,1789337349.9508927,-26
2026-09-13 19:09:09.958,1789337349.958585,-26
2026-09-13 19:09:09.966,1789337349.9662774,-41
2026-09-13 19:09:09.973,1789337349.9739697,-46
2026-09-13 19:09:09.981,1789337349.981662,24
2026-09-13 19:09:09.989,1789337349.9893544,203
2026-09-13 19:09:09.997,1789337349.9970467,480
2026-09-13 19:09:10.004,1789337350.0047388,669
2026-09-13 19:09:10.012,1789337350.0124311,332
2026-09-13 19:09:10.020,1789337350.0201235,-349
2026-09-13 19:09:10.027,1789337350.0278158,-434
2026-09-13 19:09:10.035,1789337350.0355082,-58
2026-09-13 19:09:10.043,1789337350.0432005,-7
2026-09-13 19:09:10.050,1789337350.0508928,-97
2026-09-13 19:09:10.058,1789337350.0585852,-29
2026-09-13 19:09:10.066,1789337350.0662773,-4
2026-09-13 19:09:10.073,1789337350.0739696,-43
2026-09-13 19:09:10.081,1789337350.081662,-31
2026-09-13 19:09:10.089,1789337350.0893543,-4
2026-09-13 19:09:10.097,1789337350.0970466,-4
2026-09-13 19:09:10.104,1789337350.104739,-12
2026-09-13 19:09:10.112,1789337350.1124313,-12
2026-09-13 19:09:10.120,1789337350.1201236,2
2026-09-13 19:09:10.127,1789337350.127816,26
2026-09-13 19:09:10.135,1789337350.135508,48
2026-09-13 19:09:10.143,1789337350.1432004,58
2026-09-13 19:09:10.150,1789337350.1508927,48
2026-09-13 19:09:10.157,1789337350.1579928,55
2026-09-13 19:09:10.165,1789337350.1656852,80
2026-09-13 19:09:10.173,1789337350.1733775,84
2026-09-13 19:09:10.181,1789337350.1810699,87
2026-09-13 19:09:10.188,1789337350.1887622,109
2026-09-13 19:09:10.196,1789337350.1964543,121
2026-09-13 19:09:10.204,1789337350.2041466,104
2026-09-13 19:09:10.211,1789337350.211839,109
2026-09-13 19:09:10.219,1789337350.2195313,126
2026-09-13 19:09:10.227,1789337350.2272236,113
2026-09-13 19:09:10.234,1789337350.234916,75
2026-09-13 19:09:10.242,1789337350.2426083,41
2026-09-13 19:09:10.250,1789337350.2503006,9
2026-09-13 19:09:10.257,1789337350.2579927,-31
2026-09-13 19:09:10.265,1789337350.265685,-65
2026-09-13 19:09:10.273,1789337350.2733774,-67
2026-09-13 19:09:10.281,1789337350.2810698,-65
2026-09-13 19:09:10.288,1789337350.288762,-75
2026-09-13 19:09:10.296,1789337350.2964544,-87
2026-09-13 19:09:10.304,1789337350.3041468,-75
2026-09-13 19:09:10.311,1789337350.311839,-53
2026-09-13 19:09:10.319,1789337350.3195312,-53
2026-09-13 19:09:10.327,1789337350.3272235,-55
2026-09-13 19:09:10.334,1789337350.3349159,-50
2026-09-13 19:09:10.342,1789337350.3426082,-46
2026-09-13 19:09:10.350,1789337350.3503006,-41
2026-09-13 19:09:10.357,1789337350.357993,-38
2026-09-13 19:09:10.365,1789337350.3656852,-33
2026-09-13 19:09:10.373,1789337350.3733776,-26
2026-09-13 19:09:10.381,1789337350.3810697,-19
2026-09-13 19:09:10.388,1789337350.388762,2
2026-09-13 19:09:10.396,1789337350.3964543,21
2026-09-13 19:09:10.404,1789337350.4041467,26
2026-09-13 19:09:10.411,1789337350.411839,21
2026-09-13 19:09:10.419,1789337350.4195313,-2
2026-09-13 19:09:10.427,1789337350.4272237,-29
2026-09-13 19:09:10.434,1789337350.434916,-36
2026-09-13 19:09:10.442,1789337350.442608,-33
2026-09-13 19:09:10.450,1789337350.4503005,-38
2026-09-13 19:09:10.457,1789337350.4579928,-41
2026-09-13 19:09:10.465,1789337350.4656851,-38
2026-09-13 19:09:10.473,1789337350.4733775,-36
2026-09-13 19:09:10.481,1789337350.4810698,-36
2026-09-13 19:09:10.488,1789337350.4887621,-46
2026-09-13 19:09:10.496,1789337350.4964545,-12
2026-09-13 19:09:10.504,1789337350.5041466,164
2026-09-13 19:09:10.511,1789337350.511839,468
2026-09-13 19:09:10.519,1789337350.5195312,679
2026-09-13 19:09:10.527,1789337350.5272236,354
2026-09-13 19:09:10.534,1789337350.534916,-324
2026-09-13 19:09:10.542,1789337350.5426083,-412
2026-09-13 19:09:10.550,1789337350.5503006,-36
2026-09-13 19:09:10.557,1789337350.557993,2
2026-09-13 19:09:10.565,1789337350.565685,-111
2026-09-13 19:09:10.573,1789337350.5733774,-46
2026-09-13 19:09:10.581,1789337350.5810697,-16
2026-09-13 19:09:10.588,1789337350.588762,-55
2026-09-13 19:09:10.596,1789337350.5964544,-43
2026-09-13 19:09:10.604,1789337350.6041467,-24
2026-09-13 19:09:10.611,1789337350.611839,-26
2026-09-13 19:09:10.619,1789337350.6195314,-21
2026-09-13 19:09:10.627,1789337350.6272235,-19
2026-09-13 19:09:10.634,1789337350.6349158,-9
2026-09-13 19:09:10.642,1789337350.6426082,12
2026-09-13 19:09:10.650,1789337350.6503005,16
2026-09-13 19:09:10.657,1789337350.6579928,14
2026-09-13 19:09:10.665,1789337350.6656852,26
2026-09-13 19:09:10.673,1789337350.6733775,43
2026-09-13 19:09:10.681,1789337350.6810699,48
2026-09-13 19:09:10.688,1789337350.6887622,50
2026-09-13 19:09:10.696,1789337350.6964543,60
2026-09-13 19:09:10.704,1789337350.7041466,60
2026-09-13 19:09:10.711,1789337350.711839,58
2026-09-13 19:09:10.718,1789337350.7189698,60
2026-09-13 19:09:10.726,1789337350.7266622,58
2026-09-13 19:09:10.734,1789337350.7343545,55
2026-09-13 19:09:10.742,1789337350.7420468,50
2026-09-13 19:09:10.749,1789337350.7497392,31
2026-09-13 19:09:10.757,1789337350.7574313,-4
2026-09-13 19:09:10.765,1789337350.7651236,-31
2026-09-13 19:09:10.772,1789337350.772816,-48
2026-09-13 19:09:10.780,1789337350.7805083,-67
2026-09-13 19:09:10.788,1789337350.7882006,-80
2026-09-13 19:09:10.795,1789337350.795893,-77
2026-09-13 19:09:10.803,1789337350.8035853,-77
2026-09-13 19:09:10.811,1789337350.8112776,-80
2026-09-13 19:09:10.818,1789337350.8189697,-80
2026-09-13 19:09:10.826,1789337350.826662,-72
2026-09-13 19:09:10.834,1789337350.8343544,-67
2026-09-13 19:09:10.842,1789337350.8420467,-63
2026-09-13 19:09:10.849,1789337350.849739,-55
2026-09-13 19:09:10.857,1789337350.8574314,-55
2026-09-13 19:09:10.865,1789337350.8651237,-58
2026-09-13 19:09:10.872,1789337350.872816,-55
2026-09-13 19:09:10.880,1789337350.8805082,-48
2026-09-13 19:09:10.888,1789337350.8882005,-41
2026-09-13 19:09:10.895,1789337350.8958929,-29
2026-09-13 19:09:10.903,1789337350.9035852,-12
2026-09-13 19:09:10.911,1789337350.9112775,4
2026-09-13 19:09:10.918,1789337350.9189699,12
2026-09-13 19:09:10.926,1789337350.9266622,0
2026-09-13 19:09:10.934,1789337350.9343545,-21
2026-09-13 19:09:10.942,1789337350.9420466,-46
2026-09-13 19:09:10.949,1789337350.949739,-55
2026-09-13 19:09:10.957,1789337350.9574313,-55
2026-09-13 19:09:10.965,1789337350.9651237,-60
2026-09-13 19:09:10.972,1789337350.972816,-60
2026-09-13 19:09:10.980,1789337350.9805083,-58
2026-09-13 19:09:10.988,1789337350.9882007,-60
2026-09-13 19:09:10.995,1789337350.995893,-75
2026-09-13 19:09:11.003,1789337351.003585,-67
2026-09-13 19:09:11.011,1789337351.0112774,21
2026-09-13 19:09:11.018,1789337351.0189698,242
2026-09-13 19:09:11.026,1789337351.026662,560
2026-09-13 19:09:11.034,1789337351.0343544,601
2026-09-13 19:09:11.042,1789337351.0420468,24
2026-09-13 19:09:11.049,1789337351.0497391,-448
2026-09-13 19:09:11.057,1789337351.0574315,-208
2026-09-13 19:09:11.065,1789337351.0651236,24
2026-09-13 19:09:11.072,1789337351.072816,-101
2026-09-13 19:09:11.080,1789337351.0805082,-126
2026-09-13 19:09:11.088,1789337351.0882006,-46
2026-09-13 19:09:11.095,1789337351.095893,-70
2026-09-13 19:09:11.103,1789337351.1035852,-94
2026-09-13 19:09:11.111,1789337351.1112776,-63
2026-09-13 19:09:11.118,1789337351.11897,-60
2026-09-13 19:09:11.126,1789337351.126662,-67
2026-09-13 19:09:11.134,1789337351.1343544,-50
2026-09-13 19:09:11.142,1789337351.1420467,-41
2026-09-13 19:09:11.149,1789337351.149739,-38
2026-09-13 19:09:11.157,1789337351.1574314,-31
2026-09-13 19:09:11.165,1789337351.1651237,-26
2026-09-13 19:09:11.172,1789337351.172816,-21
2026-09-13 19:09:11.180,1789337351.1805084,-14
2026-09-13 19:09:11.188,1789337351.1882005,-7
2026-09-13 19:09:11.195,1789337351.1958928,-2
2026-09-13 19:09:11.203,1789337351.2035851,-2
2026-09-13 19:09:11.211,1789337351.2112775,-7
2026-09-13 19:09:11.218,1789337351.2189698,-14
2026-09-13 19:09:11.226,1789337351.2266622,-19
2026-09-13 19:09:11.234,1789337351.2343545,-21
2026-09-13 19:09:11.242,1789337351.2420468,-19
2026-09-13 19:09:11.249,1789337351.2497392,-14
2026-09-13 19:09:11.257,1789337351.2574313,-16
2026-09-13 19:09:11.265,1789337351.2651236,-33
2026-09-13 19:09:11.272,1789337351.272816,-53
2026-09-13 19:09:11.279,1789337351.2799158,-67
2026-09-13 19:09:11.287,1789337351.2876081,-82
2026-09-13 19:09:11.295,1789337351.2953005,-92
2026-09-13 19:09:11.302,1789337351.3029928,-94
2026-09-13 19:09:11.310,1789337351.3106852,-97
2026-09-13 19:09:11.318,1789337351.3183773,-92
2026-09-13 19:09:11.326,1789337351.3260696,-87
2026-09-13 19:09:11.333,1789337351.333762,-82
2026-09-13 19:09:11.341,1789337351.3414543,-80
2026-09-13 19:09:11.349,1789337351.3491466,-72
2026-09-13 19:09:11.356,1789337351.356839,-65
2026-09-13 19:09:11.364,1789337351.3645313,-63
2026-09-13 19:09:11.372,1789337351.3722236,-67
2026-09-13 19:09:11.379,1789337351.3799157,-67
2026-09-13 19:09:11.387,1789337351.387608,-58
2026-09-13 19:09:11.395,1789337351.3953004,-50
2026-09-13 19:09:11.402,1789337351.4029927,-43
2026-09-13 19:09:11.410,1789337351.410685,-19
2026-09-13 19:09:11.418,1789337351.4183774,4
2026-09-13 19:09:11.426,1789337351.4260697,7
2026-09-13 19:09:11.433,1789337351.433762,-4
2026-09-13 19:09:11.441,1789337351.4414542,-26
2026-09-13 19:09:11.449,1789337351.4491465,-48
2026-09-13 19:09:11.456,1789337351.4568388,-60
2026-09-13 19:09:11.464,1789337351.4645312,-63
2026-09-13 19:09:11.472,1789337351.4722235,-63
2026-09-13 19:09:11.479,1789337351.4799159,-63
2026-09-13 19:09:11.487,1789337351.4876082,-63
2026-09-13 19:09:11.495,1789337351.4953005,-65
2026-09-13 19:09:11.502,1789337351.5029926,-75
2026-09-13 19:09:11.510,1789337351.510685,-70
2026-09-13 19:09:11.518,1789337351.5183773,7
2026-09-13 19:09:11.526,1789337351.5260696,194
2026-09-13 19:09:11.533,1789337351.533762,516
2026-09-13 19:09:11.541,1789337351.5414543,693
2026-09-13 19:09:11.549,1789337351.5491467,225
2026-09-13 19:09:11.556,1789337351.556839,-388
2026-09-13 19:09:11.564,1789337351.564531,-288
2026-09-13 19:09:11.572,1789337351.5722234,9
2026-09-13 19:09:11.579,1789337351.5799158,-70
2026-09-13 19:09:11.587,1789337351.587608,-140
2026-09-13 19:09:11.595,1789337351.5953004,-60
2026-09-13 19:09:11.602,1789337351.6029928,-63
2026-09-13 19:09:11.610,1789337351.610685,-94
2026-09-13 19:09:11.618,1789337351.6183774,-67
2026-09-13 19:09:11.626,1789337351.6260695,-50
2026-09-13 19:09:11.633,1789337351.633762,-58
2026-09-13 19:09:11.641,1789337351.6414542,-53
2026-09-13 19:09:11.649,1789337351.6491466,-36
2026-09-13 19:09:11.656,1789337351.656839,-29
2026-09-13 19:09:11.664,1789337351.6645312,-29
2026-09-13 19:09:11.672,1789337351.6722236,-24
2026-09-13 19:09:11.679,1789337351.679916,-14
2026-09-13 19:09:11.687,1789337351.687608,-7
2026-09-13 19:09:11.695,1789337351.6953003,-2
2026-09-13 19:09:11.702,1789337351.7029927,-2
2026-09-13 19:09:11.710,1789337351.710685,-2
2026-09-13 19:09:11.718,1789337351.7183774,-2
2026-09-13 19:09:11.726,1789337351.7260697,-9
2026-09-13 19:09:11.733,1789337351.733762,-14
2026-09-13 19:09:11.741,1789337351.7414544,-16
2026-09-13 19:09:11.749,1789337351.7491465,-16
2026-09-13 19:09:11.756,1789337351.7568388,-12
2026-09-13 19:09:11.764,1789337351.7645311,-12
2026-09-13 19:09:11.772,1789337351.7722235,-29
2026-09-13 19:09:11.779,1789337351.7799158,-53
2026-09-13 19:09:11.787,1789337351.7876081,-67
2026-09-13 19:09:11.795,1789337351.7953005,-82
2026-09-13 19:09:11.802,1789337351.8029928,-92
2026-09-13 19:09:11.810,1789337351.8106852,-89
2026-09-13 19:09:11.818,1789337351.8183773,-87
2026-09-13 19:09:11.826,1789337351.8260696,-87
2026-09-13 19:09:11.833,1789337351.833762,-84
2026-09-13 19:09:11.840,1789337351.840862,-82
2026-09-13 19:09:11.848,1789337351.8485544,-77
2026-09-13 19:09:11.856,1789337351.8562467,-65
2026-09-13 19:09:11.863,1789337351.863939,-55
2026-09-13 19:09:11.871,1789337351.8716314,-55
2026-09-13 19:09:11.879,1789337351.8793235,-55
2026-09-13 19:09:11.887,1789337351.8870158,-58
2026-09-13 19:09:11.894,1789337351.8947082,-58
2026-09-13 19:09:11.902,1789337351.9024005,-43
2026-09-13 19:09:11.910,1789337351.9100928,-31
2026-09-13 19:09:11.917,1789337351.9177852,-24
2026-09-13 19:09:11.925,1789337351.9254775,-2
2026-09-13 19:09:11.933,1789337351.9331698,16
2026-09-13 19:09:11.940,1789337351.940862,16
2026-09-13 19:09:11.948,1789337351.9485543,0
2026-09-13 19:09:11.956,1789337351.9562466,-21
2026-09-13 19:09:11.963,1789337351.963939,-43
2026-09-13 19:09:11.971,1789337351.9716313,-55
2026-09-13 19:09:11.979,1789337351.9793236,-53
2026-09-13 19:09:11.987,1789337351.987016,-55
2026-09-13 19:09:11.994,1789337351.9947083,-58
2026-09-13 19:09:12.002,1789337352.0024004,-53
2026-09-13 19:09:12.010,1789337352.0100927,-50
2026-09-13 19:09:12.017,1789337352.017785,-63
2026-09-13 19:09:12.025,1789337352.0254774,-46
2026-09-13 19:09:12.033,1789337352.0331697,53
2026-09-13 19:09:12.040,1789337352.040862,252
2026-09-13 19:09:12.048,1789337352.0485544,538
2026-09-13 19:09:12.056,1789337352.0562468,540
2026-09-13 19:09:12.063,1789337352.0639389,-16
2026-09-13 19:09:12.071,1789337352.0716312,-395
2026-09-13 19:09:12.079,1789337352.0793235,-152
2026-09-13 19:09:12.087,1789337352.0870159,19
2026-09-13 19:09:12.094,1789337352.0947082,-82
2026-09-13 19:09:12.102,1789337352.1024005,-84
2026-09-13 19:09:12.110,1789337352.1100929,-29
2026-09-13 19:09:12.117,1789337352.1177852,-53
2026-09-13 19:09:12.125,1789337352.1254773,-60
2026-09-13 19:09:12.133,1789337352.1331697,-33
2026-09-13 19:09:12.140,1789337352.140862,-31
2026-09-13 19:09:12.148,1789337352.1485543,-36
2026-09-13 19:09:12.156,1789337352.1562467,-21
2026-09-13 19:09:12.163,1789337352.163939,-9
2026-09-13 19:09:12.171,1789337352.1716313,-4
2026-09-13 19:09:12.179,1789337352.1793237,4
2026-09-13 19:09:12.187,1789337352.1870158,7
2026-09-13 19:09:12.194,1789337352.194708,14
2026-09-13 19:09:12.202,1789337352.2024004,24
2026-09-13 19:09:12.210,1789337352.2100928,31
2026-09-13 19:09:12.217,1789337352.2177851,33
2026-09-13 19:09:12.225,1789337352.2254775,36
2026-09-13 19:09:12.233,1789337352.2331698,33
2026-09-13 19:09:12.240,1789337352.2408621,36
2026-09-13 19:09:12.248,1789337352.2485542,38
2026-09-13 19:09:12.256,1789337352.2562466,36
2026-09-13 19:09:12.263,1789337352.263939,38
2026-09-13 19:09:12.271,1789337352.2716312,41
2026-09-13 19:09:12.279,1789337352.2793236,36
2026-09-13 19:09:12.287,1789337352.287016,16
2026-09-13 19:09:12.294,1789337352.2947083,-9
2026-09-13 19:09:12.302,1789337352.3024006,-31
2026-09-13 19:09:12.310,1789337352.3100927,-43
2026-09-13 19:09:12.317,1789337352.317785,-55
2026-09-13 19:09:12.325,1789337352.3254774,-58
2026-09-13 19:09:12.333,1789337352.3331697,-58
2026-09-13 19:09:12.340,1789337352.340862,-55
2026-09-13 19:09:12.348,1789337352.3485544,-50
2026-09-13 19:09:12.356,1789337352.3562467,-46
2026-09-13 19:09:12.363,1789337352.363939,-41
2026-09-13 19:09:12.371,1789337352.3716314,-31
2026-09-13 19:09:12.379,1789337352.3793235,-26
2026-09-13 19:09:12.387,1789337352.3870158,-29
2026-09-13 19:09:12.394,1789337352.3947082,-33
2026-09-13 19:09:12.401,1789337352.401839,-36
2026-09-13 19:09:12.409,1789337352.4095314,-29
2026-09-13 19:09:12.417,1789337352.4172237,-16
2026-09-13 19:09:12.424,1789337352.424916,-7
2026-09-13 19:09:12.432,1789337352.4326084,0
2026-09-13 19:09:12.440,1789337352.4403005,19
2026-09-13 19:09:12.447,1789337352.4479928,46
2026-09-13 19:09:12.455,1789337352.4556851,53
2026-09-13 19:09:12.463,1789337352.4633775,31
2026-09-13 19:09:12.471,1789337352.4710698,4
2026-09-13 19:09:12.478,1789337352.4787621,-19
2026-09-13 19:09:12.486,1789337352.4864545,-29
2026-09-13 19:09:12.494,1789337352.4941468,-26
2026-09-13 19:09:12.501,1789337352.501839,-31
2026-09-13 19:09:12.509,1789337352.5095313,-26
2026-09-13 19:09:12.517,1789337352.5172236,-19
2026-09-13 19:09:12.524,1789337352.524916,-26
2026-09-13 19:09:12.532,1789337352.5326083,-41
2026-09-13 19:09:12.540,1789337352.5403006,-16
2026-09-13 19:09:12.547,1789337352.547993,94
2026-09-13 19:09:12.555,1789337352.5556853,291
2026-09-13 19:09:12.563,1789337352.5633774,545
2026-09-13 19:09:12.571,1789337352.5710697,562
2026-09-13 19:09:12.578,1789337352.578762,43
2026-09-13 19:09:12.586,1789337352.5864544,-390
2026-09-13 19:09:12.594,1789337352.5941467,-189
2026-09-13 19:09:12.601,1789337352.601839,26
2026-09-13 19:09:12.609,1789337352.6095314,-58
2026-09-13 19:09:12.617,1789337352.6172237,-70
2026-09-13 19:09:12.624,1789337352.6249158,-2
2026-09-13 19:09:12.632,1789337352.6326082,-21
2026-09-13 19:09:12.640,1789337352.6403005,-38
2026-09-13 19:09:12.647,1789337352.6479928,-12
2026-09-13 19:09:12.655,1789337352.6556852,-4
2026-09-13 19:09:12.663,1789337352.6633775,-7
2026-09-13 19:09:12.671,1789337352.6710699,4
2026-09-13 19:09:12.678,1789337352.6787622,14
2026-09-13 19:09:12.686,1789337352.6864543,16
2026-09-13 19:09:12.694,1789337352.6941466,31
2026-09-13 19:09:12.701,1789337352.701839,53
2026-09-13 19:09:12.709,1789337352.7095313,55
2026-09-13 19:09:12.717,1789337352.7172236,50
2026-09-13 19:09:12.724,1789337352.724916,60
2026-09-13 19:09:12.732,1789337352.7326083,80
2026-09-13 19:09:12.740,1789337352.7403007,94
2026-09-13 19:09:12.747,1789337352.7479928,97
2026-09-13 19:09:12.755,1789337352.755685,92
2026-09-13 19:09:12.763,1789337352.7633774,94
2026-09-13 19:09:12.771,1789337352.7710698,104
2026-09-13 19:09:12.778,1789337352.778762,111
2026-09-13 19:09:12.786,1789337352.7864544,104
2026-09-13 19:09:12.794,1789337352.7941468,82
2026-09-13 19:09:12.801,1789337352.801839,58
2026-09-13 19:09:12.809,1789337352.8095312,26
2026-09-13 19:09:12.817,1789337352.8172235,-7
2026-09-13 19:09:12.824,1789337352.824916,-26
2026-09-13 19:09:12.832,1789337352.8326082,-41
2026-09-13 19:09:12.840,1789337352.8403006,-58
2026-09-13 19:09:12.847,1789337352.847993,-60
2026-09-13 19:09:12.855,1789337352.8556852,-48
2026-09-13 19:09:12.863,1789337352.8633776,-33
2026-09-13 19:09:12.871,1789337352.8710697,-33
2026-09-13 19:09:12.878,1789337352.878762,-41
2026-09-13 19:09:12.886,1789337352.8864543,-29
2026-09-13 19:09:12.894,1789337352.8941467,-12
2026-09-13 19:09:12.901,1789337352.901839,-19
2026-09-13 19:09:12.909,1789337352.9095314,-24
2026-09-13 19:09:12.917,1789337352.9172237,-16
2026-09-13 19:09:12.924,1789337352.924916,-12
2026-09-13 19:09:12.932,1789337352.9326084,-12
2026-09-13 19:09:12.940,1789337352.9403005,-4
2026-09-13 19:09:12.947,1789337352.9479928,7
2026-09-13 19:09:12.955,1789337352.9556851,21
2026-09-13 19:09:12.962,1789337352.9627852,38
2026-09-13 19:09:12.970,1789337352.9704776,48
2026-09-13 19:09:12.978,1789337352.97817,43
2026-09-13 19:09:12.985,1789337352.9858623,36
2026-09-13 19:09:12.993,1789337352.9935546,16
2026-09-13 19:09:13.001,1789337353.0012467,-16
2026-09-13 19:09:13.008,1789337353.008939,-31
2026-09-13 19:09:13.016,1789337353.0166314,-21
2026-09-13 19:09:13.024,1789337353.0243237,-4
2026-09-13 19:09:13.032,1789337353.032016,0
2026-09-13 19:09:13.039,1789337353.0397084,-16
2026-09-13 19:09:13.047,1789337353.0474007,-36
2026-09-13 19:09:13.055,1789337353.055093,-33
2026-09-13 19:09:13.062,1789337353.0627851,-2
2026-09-13 19:09:13.070,1789337353.0704775,123
2026-09-13 19:09:13.078,1789337353.0781698,390
2026-09-13 19:09:13.085,1789337353.0858622,681
2026-09-13 19:09:13.093,1789337353.0935545,552
2026-09-13 19:09:13.101,1789337353.1012468,-113
2026-09-13 19:09:13.108,1789337353.1089392,-455
2026-09-13 19:09:13.116,1789337353.1166315,-143
2026-09-13 19:09:13.124,1789337353.1243236,43
2026-09-13 19:09:13.132,1789337353.132016,-53
2026-09-13 19:09:13.139,1789337353.1397083,-55
2026-09-13 19:09:13.147,1789337353.1474006,-19
2026-09-13 19:09:13.155,1789337353.155093,-29
2026-09-13 19:09:13.162,1789337353.1627853,-24
2026-09-13 19:09:13.170,1789337353.1704776,-9
2026-09-13 19:09:13.178,1789337353.17817,-4
2026-09-13 19:09:13.185,1789337353.185862,4
2026-09-13 19:09:13.193,1789337353.1935544,9
2026-09-13 19:09:13.201,1789337353.2012467,24
2026-09-13 19:09:13.208,1789337353.208939,33
2026-09-13 19:09:13.216,1789337353.2166314,24
2026-09-13 19:09:13.224,1789337353.2243237,26
2026-09-13 19:09:13.232,1789337353.232016,55
2026-09-13 19:09:13.239,1789337353.2397084,70
2026-09-13 19:09:13.247,1789337353.2474005,77
2026-09-13 19:09:13.255,1789337353.2550929,89
2026-09-13 19:09:13.262,1789337353.2627852,94
2026-09-13 19:09:13.270,1789337353.2704775,101
2026-09-13 19:09:13.278,1789337353.2781699,101
2026-09-13 19:09:13.285,1789337353.2858622,89
2026-09-13 19:09:13.293,1789337353.2935545,92
2026-09-13 19:09:13.301,1789337353.301247,106
2026-09-13 19:09:13.308,1789337353.308939,113
2026-09-13 19:09:13.316,1789337353.3166313,99
2026-09-13 19:09:13.324,1789337353.3243237,55
2026-09-13 19:09:13.332,1789337353.332016,0
2026-09-13 19:09:13.339,1789337353.3397083,-29
2026-09-13 19:09:13.347,1789337353.3474007,-41
2026-09-13 19:09:13.355,1789337353.355093,-58
2026-09-13 19:09:13.362,1789337353.3627853,-63
2026-09-13 19:09:13.370,1789337353.3704774,-63
2026-09-13 19:09:13.378,1789337353.3781698,-75
2026-09-13 19:09:13.385,1789337353.385862,-77
2026-09-13 19:09:13.393,1789337353.3935544,-60
2026-09-13 19:09:13.401,1789337353.4012468,-48
2026-09-13 19:09:13.408,1789337353.4089391,-48
2026-09-13 19:09:13.416,1789337353.4166315,-43
2026-09-13 19:09:13.424,1789337353.4243238,-36
2026-09-13 19:09:13.432,1789337353.432016,-38
2026-09-13 19:09:13.439,1789337353.4397082,-43
2026-09-13 19:09:13.447,1789337353.4474006,-33
2026-09-13 19:09:13.455,1789337353.455093,-24
2026-09-13 19:09:13.462,1789337353.4627852,-21
2026-09-13 19:09:13.470,1789337353.4704776,-9
2026-09-13 19:09:13.478,1789337353.47817,16
2026-09-13 19:09:13.485,1789337353.4858623,31
2026-09-13 19:09:13.493,1789337353.4935546,29
2026-09-13 19:09:13.501,1789337353.5012467,12
2026-09-13 19:09:13.508,1789337353.508939,-16
2026-09-13 19:09:13.516,1789337353.5166314,-33
2026-09-13 19:09:13.523,1789337353.523762,-38
2026-09-13 19:09:13.531,1789337353.5314543,-43
2026-09-13 19:09:13.539,1789337353.5391467,-48
2026-09-13 19:09:13.546,1789337353.546839,-46
2026-09-13 19:09:13.554,1789337353.5545313,-43
2026-09-13 19:09:13.562,1789337353.5622234,-48
2026-09-13 19:09:13.569,1789337353.5699158,-60
2026-09-13 19:09:13.577,1789337353.577608,-36
2026-09-13 19:09:13.585,1789337353.5853004,106
2026-09-13 19:09:13.592,1789337353.5929928,371
2026-09-13 19:09:13.600,1789337353.6006851,637
2026-09-13 19:09:13.608,1789337353.6083775,487
2026-09-13 19:09:13.616,1789337353.6160698,-179
2026-09-13 19:09:13.623,1789337353.623762,-455
2026-09-13 19:09:13.631,1789337353.6314542,-106
2026-09-13 19:09:13.639,1789337353.6391466,24
2026-09-13 19:09:13.646,1789337353.646839,-109
2026-09-13 19:09:13.654,1789337353.6545312,-77
2026-09-13 19:09:13.662,1789337353.6622236,-21
2026-09-13 19:09:13.669,1789337353.669916,-63
2026-09-13 19:09:13.677,1789337353.6776083,-65
2026-09-13 19:09:13.685,1789337353.6853004,-31
2026-09-13 19:09:13.692,1789337353.6929927,-33
2026-09-13 19:09:13.700,1789337353.700685,-36
2026-09-13 19:09:13.708,1789337353.7083774,-24
2026-09-13 19:09:13.716,1789337353.7160697,-19
2026-09-13 19:09:13.723,1789337353.723762,-14
2026-09-13 19:09:13.731,1789337353.7314544,2
2026-09-13 19:09:13.739,1789337353.7391467,14
2026-09-13 19:09:13.746,1789337353.7468388,14
2026-09-13 19:09:13.754,1789337353.7545311,21
2026-09-13 19:09:13.762,1789337353.7622235,36
2026-09-13 19:09:13.769,1789337353.7699158,41
2026-09-13 19:09:13.777,1789337353.7776082,43
2026-09-13 19:09:13.785,1789337353.7853005,43
2026-09-13 19:09:13.792,1789337353.7929928,38
2026-09-13 19:09:13.800,1789337353.8006852,36
2026-09-13 19:09:13.808,1789337353.8083773,36
2026-09-13 19:09:13.816,1789337353.8160696,38
2026-09-13 19:09:13.823,1789337353.823762,33
2026-09-13 19:09:13.831,1789337353.8314543,21
2026-09-13 19:09:13.839,1789337353.8391466,-7
2026-09-13 19:09:13.846,1789337353.846839,-38
2026-09-13 19:09:13.854,1789337353.8545313,-58
2026-09-13 19:09:13.862,1789337353.8622236,-67
2026-09-13 19:09:13.869,1789337353.8699157,-80
2026-09-13 19:09:13.877,1789337353.877608,-89
2026-09-13 19:09:13.885,1789337353.8853004,-89
2026-09-13 19:09:13.892,1789337353.8929927,-84
2026-09-13 19:09:13.900,1789337353.900685,-84
2026-09-13 19:09:13.908,1789337353.9083774,-82
2026-09-13 19:09:13.916,1789337353.9160697,-72
2026-09-13 19:09:13.923,1789337353.923762,-63
2026-09-13 19:09:13.931,1789337353.9314542,-60
2026-09-13 19:09:13.939,1789337353.9391465,-55
2026-09-13 19:09:13.946,1789337353.9468389,-48
2026-09-13 19:09:13.954,1789337353.9545312,-53
2026-09-13 19:09:13.962,1789337353.9622235,-58
2026-09-13 19:09:13.969,1789337353.9699159,-50
2026-09-13 19:09:13.977,1789337353.9776082,-41
2026-09-13 19:09:13.985,1789337353.9853005,-36
2026-09-13 19:09:13.992,1789337353.9929926,-16
2026-09-13 19:09:14.000,1789337354.000685,4
2026-09-13 19:09:14.008,1789337354.0083773,7
2026-09-13 19:09:14.016,1789337354.0160697,-9
2026-09-13 19:09:14.023,1789337354.023762,-31
2026-09-13 19:09:14.031,1789337354.0314543,-53
2026-09-13 19:09:14.039,1789337354.0391467,-63
2026-09-13 19:09:14.046,1789337354.046839,-63
2026-09-13 19:09:14.054,1789337354.0545313,-65
2026-09-13 19:09:14.062,1789337354.0622234,-65
2026-09-13 19:09:14.069,1789337354.0699158,-58
2026-09-13 19:09:14.077,1789337354.077608,-63
2026-09-13 19:09:14.084,1789337354.0847082,-80
2026-09-13 19:09:14.092,1789337354.0924006,-60
2026-09-13 19:09:14.100,1789337354.100093,58
2026-09-13 19:09:14.107,1789337354.1077852,303
2026-09-13 19:09:14.115,1789337354.1154776,615
2026-09-13 19:09:14.123,1789337354.1231697,582
2026-09-13 19:09:14.130,1789337354.130862,-63
2026-09-13 19:09:14.138,1789337354.1385543,-472
2026-09-13 19:09:14.146,1789337354.1462467,-169
2026-09-13 19:09:14.153,1789337354.153939,24
2026-09-13 19:09:14.161,1789337354.1616313,-116
2026-09-13 19:09:14.169,1789337354.1693237,-111
2026-09-13 19:09:14.177,1789337354.177016,-38
2026-09-13 19:09:14.184,1789337354.184708,-80
2026-09-13 19:09:14.192,1789337354.1924005,-92
2026-09-13 19:09:14.200,1789337354.2000928,-55
2026-09-13 19:09:14.207,1789337354.2077851,-48
2026-09-13 19:09:14.215,1789337354.2154775,-48
2026-09-13 19:09:14.223,1789337354.2231698,-33
2026-09-13 19:09:14.230,1789337354.2308621,-26
2026-09-13 19:09:14.238,1789337354.2385545,-26
2026-09-13 19:09:14.246,1789337354.2462466,-19
2026-09-13 19:09:14.253,1789337354.253939,-9
2026-09-13 19:09:14.261,1789337354.2616313,-2
2026-09-13 19:09:14.269,1789337354.2693236,4
2026-09-13 19:09:14.277,1789337354.277016,9
2026-09-13 19:09:14.284,1789337354.2847083,14
2026-09-13 19:09:14.292,1789337354.2924006,19
2026-09-13 19:09:14.300,1789337354.300093,19
2026-09-13 19:09:14.307,1789337354.307785,14
2026-09-13 19:09:14.315,1789337354.3154774,9
2026-09-13 19:09:14.323,1789337354.3231697,7
2026-09-13 19:09:14.330,1789337354.330862,7
2026-09-13 19:09:14.338,1789337354.3385544,7
2026-09-13 19:09:14.346,1789337354.3462467,4
2026-09-13 19:09:14.353,1789337354.353939,-14
2026-09-13 19:09:14.361,1789337354.3616314,-43
2026-09-13 19:09:14.369,1789337354.3693235,-63
2026-09-13 19:09:14.377,1789337354.3770158,-72
2026-09-13 19:09:14.384,1789337354.3847082,-82
2026-09-13 19:09:14.392,1789337354.3924005,-89
2026-09-13 19:09:14.400,1789337354.4000928,-92
2026-09-13 19:09:14.407,1789337354.4077852,-87
2026-09-13 19:09:14.415,1789337354.4154775,-87
2026-09-13 19:09:14.423,1789337354.4231699,-84
2026-09-13 19:09:14.430,1789337354.430862,-70
2026-09-13 19:09:14.438,1789337354.4385543,-58
2026-09-13 19:09:14.446,1789337354.4462466,-58
2026-09-13 19:09:14.453,1789337354.453939,-55
2026-09-13 19:09:14.461,1789337354.4616313,-50
2026-09-13 19:09:14.469,1789337354.4693236,-53
2026-09-13 19:09:14.477,1789337354.477016,-55
2026-09-13 19:09:14.484,1789337354.4847083,-55
2026-09-13 19:09:14.492,1789337354.4924004,-53
2026-09-13 19:09:14.500,1789337354.5000927,-53
2026-09-13 19:09:14.507,1789337354.507785,-43
2026-09-13 19:09:14.515,1789337354.5154774,-16
2026-09-13 19:09:14.523,1789337354.5231698,0
2026-09-13 19:09:14.530,1789337354.530862,0
2026-09-13 19:09:14.538,1789337354.5385544,-14
2026-09-13 19:09:14.546,1789337354.5462468,-33
2026-09-13 19:09:14.553,1789337354.5539389,-53
2026-09-13 19:09:14.561,1789337354.5616312,-60
2026-09-13 19:09:14.569,1789337354.5693235,-65
2026-09-13 19:09:14.577,1789337354.5770159,-70
2026-09-13 19:09:14.584,1789337354.5847082,-70
2026-09-13 19:09:14.592,1789337354.5924006,-63
2026-09-13 19:09:14.600,1789337354.600093,-65
2026-09-13 19:09:14.607,1789337354.6077852,-82
2026-09-13 19:09:14.615,1789337354.6154776,-70
2026-09-13 19:09:14.623,1789337354.6231697,43
2026-09-13 19:09:14.630,1789337354.630862,286
2026-09-13 19:09:14.638,1789337354.6385543,608
2026-09-13 19:09:14.645,1789337354.6456852,606
2026-09-13 19:09:14.653,1789337354.6533775,-21
2026-09-13 19:09:14.661,1789337354.6610699,-465
2026-09-13 19:09:14.668,1789337354.6687622,-191
2026-09-13 19:09:14.676,1789337354.6764545,16
2026-09-13 19:09:14.684,1789337354.6841466,-116
2026-09-13 19:09:14.691,1789337354.691839,-121
2026-09-13 19:09:14.699,1789337354.6995313,-46
2026-09-13 19:09:14.707,1789337354.7072237,-82
2026-09-13 19:09:14.714,1789337354.714916,-94
2026-09-13 19:09:14.722,1789337354.7226083,-58
2026-09-13 19:09:14.730,1789337354.7303007,-55
2026-09-13 19:09:14.737,1789337354.737993,-58
2026-09-13 19:09:14.745,1789337354.745685,-43
2026-09-13 19:09:14.753,1789337354.7533774,-31
2026-09-13 19:09:14.761,1789337354.7610698,-29
2026-09-13 19:09:14.768,1789337354.768762,-24
2026-09-13 19:09:14.776,1789337354.7764544,-16
2026-09-13 19:09:14.784,1789337354.7841468,-12
2026-09-13 19:09:14.791,1789337354.7918391,-4
2026-09-13 19:09:14.799,1789337354.7995315,4
2026-09-13 19:09:14.807,1789337354.8072236,9
2026-09-13 19:09:14.814,1789337354.814916,12
2026-09-13 19:09:14.822,1789337354.8226082,12
2026-09-13 19:09:14.830,1789337354.8303006,4
2026-09-13 19:09:14.837,1789337354.837993,0
2026-09-13 19:09:14.845,1789337354.8456852,0
2026-09-13 19:09:14.853,1789337354.8533776,0
2026-09-13 19:09:14.861,1789337354.86107,-2
2026-09-13 19:09:14.868,1789337354.868762,-4
2026-09-13 19:09:14.876,1789337354.8764544,-19
2026-09-13 19:09:14.884,1789337354.8841467,-43
2026-09-13 19:09:14.891,1789337354.891839,-67
2026-09-13 19:09:14.899,1789337354.8995314,-82
2026-09-13 19:09:14.907,1789337354.9072237,-89
2026-09-13 19:09:14.914,1789337354.914916,-97
2026-09-13 19:09:14.922,1789337354.9226084,-94
2026-09-13 19:09:14.930,1789337354.9303005,-89
2026-09-13 19:09:14.937,1789337354.9379928,-84
2026-09-13 19:09:14.945,1789337354.9456851,-84
2026-09-13 19:09:14.953,1789337354.9533775,-80
2026-09-13 19:09:14.961,1789337354.9610698,-70
2026-09-13 19:09:14.968,1789337354.9687622,-58
2026-09-13 19:09:14.976,1789337354.9764545,-55
2026-09-13 19:09:14.984,1789337354.9841468,-58
2026-09-13 19:09:14.991,1789337354.991839,-53
2026-09-13 19:09:14.999,1789337354.9995313,-50
2026-09-13 19:09:15.007,1789337355.0072236,-55
2026-09-13 19:09:15.014,1789337355.014916,-60
2026-09-13 19:09:15.022,1789337355.0226083,-60
2026-09-13 19:09:15.030,1789337355.0303006,-58
2026-09-13 19:09:15.037,1789337355.037993,-48
2026-09-13 19:09:15.045,1789337355.0456853,-29
2026-09-13 19:09:15.053,1789337355.0533774,-14
2026-09-13 19:09:15.061,1789337355.0610697,-4
2026-09-13 19:09:15.068,1789337355.068762,-9
2026-09-13 19:09:15.076,1789337355.0764544,-29
2026-09-13 19:09:15.084,1789337355.0841467,-50
2026-09-13 19:09:15.091,1789337355.091839,-63
2026-09-13 19:09:15.099,1789337355.0995314,-70
2026-09-13 19:09:15.107,1789337355.1072237,-70
2026-09-13 19:09:15.114,1789337355.1149158,-67
2026-09-13 19:09:15.122,1789337355.1226082,-60
2026-09-13 19:09:15.130,1789337355.1303005,-63
2026-09-13 19:09:15.137,1789337355.1379929,-75
2026-09-13 19:09:15.145,1789337355.1456852,-77
2026-09-13 19:09:15.153,1789337355.1533775,4
2026-09-13 19:09:15.161,1789337355.1610699,218
2026-09-13 19:09:15.168,1789337355.1687622,538
2026-09-13 19:09:15.176,1789337355.1764545,688
2026-09-13 19:09:15.184,1789337355.1841466,213
2026-09-13 19:09:15.191,1789337355.191839,-404
2026-09-13 19:09:15.199,1789337355.1995313,-312
2026-09-13 19:09:15.206,1789337355.2066617,0
2026-09-13 19:09:15.214,1789337355.214354,-72
2026-09-13 19:09:15.222,1789337355.2220464,-143
2026-09-13 19:09:15.229,1789337355.2297387,-63
2026-09-13 19:09:15.237,1789337355.237431,-65
2026-09-13 19:09:15.245,1789337355.2451231,-94
2026-09-13 19:09:15.252,1789337355.2528155,-65
2026-09-13 19:09:15.260,1789337355.2605078,-48
2026-09-13 19:09:15.268,1789337355.2682002,-53
2026-09-13 19:09:15.275,1789337355.2758925,-43
2026-09-13 19:09:15.283,1789337355.2835848,-31
2026-09-13 19:09:15.291,1789337355.2912772,-26
2026-09-13 19:09:15.298,1789337355.2989695,-19
2026-09-13 19:09:15.306,1789337355.3066616,-14
2026-09-13 19:09:15.314,1789337355.314354,-9
2026-09-13 19:09:15.322,1789337355.3220463,0
2026-09-13 19:09:15.329,1789337355.3297386,9
2026-09-13 19:09:15.337,1789337355.337431,12
2026-09-13 19:09:15.345,1789337355.3451233,16
2026-09-13 19:09:15.352,1789337355.3528156,16
2026-09-13 19:09:15.360,1789337355.360508,14
2026-09-13 19:09:15.368,1789337355.3682,7
2026-09-13 19:09:15.375,1789337355.3758924,2
2026-09-13 19:09:15.383,1789337355.3835847,7
2026-09-13 19:09:15.391,1789337355.391277,9
2026-09-13 19:09:15.398,1789337355.3989694,7
2026-09-13 19:09:15.406,1789337355.4066617,-2
2026-09-13 19:09:15.414,1789337355.414354,-21
2026-09-13 19:09:15.422,1789337355.4220464,-43
2026-09-13 19:09:15.429,1789337355.4297385,-60
2026-09-13 19:09:15.437,1789337355.4374309,-72
2026-09-13 19:09:15.445,1789337355.4451232,-77
2026-09-13 19:09:15.452,1789337355.4528155,-77
2026-09-13 19:09:15.460,1789337355.4605079,-77
2026-09-13 19:09:15.468,1789337355.4682002,-72
2026-09-13 19:09:15.475,1789337355.4758925,-65
2026-09-13 19:09:15.483,1789337355.483585,-63
2026-09-13 19:09:15.491,1789337355.491277,-55
2026-09-13 19:09:15.498,1789337355.4989693,-46
2026-09-13 19:09:15.506,1789337355.5066617,-41
2026-09-13 19:09:15.514,1789337355.514354,-43
2026-09-13 19:09:15.522,1789337355.5220463,-36
2026-09-13 19:09:15.529,1789337355.5297387,-31
2026-09-13 19:09:15.537,1789337355.537431,-31
2026-09-13 19:09:15.545,1789337355.5451233,-33
2026-09-13 19:09:15.552,1789337355.5528154,-36
2026-09-13 19:09:15.560,1789337355.5605078,-46
2026-09-13 19:09:15.568,1789337355.5682,-48
2026-09-13 19:09:15.575,1789337355.5758924,-43
2026-09-13 19:09:15.583,1789337355.5835848,-36
2026-09-13 19:09:15.591,1789337355.5912771,-21
2026-09-13 19:09:15.598,1789337355.5989695,-2
2026-09-13 19:09:15.606,1789337355.6066618,12
2026-09-13 19:09:15.614,1789337355.614354,9
2026-09-13 19:09:15.622,1789337355.6220462,-9
2026-09-13 19:09:15.629,1789337355.6297386,-26
2026-09-13 19:09:15.637,1789337355.637431,-33
2026-09-13 19:09:15.645,1789337355.6451232,-43
2026-09-13 19:09:15.652,1789337355.6528156,-48
2026-09-13 19:09:15.660,1789337355.660508,-48
2026-09-13 19:09:15.668,1789337355.6682003,-43
2026-09-13 19:09:15.675,1789337355.6758924,-38
2026-09-13 19:09:15.683,1789337355.6835847,-46
2026-09-13 19:09:15.691,1789337355.691277,-60
2026-09-13 19:09:15.698,1789337355.6989694,-19
2026-09-13 19:09:15.706,1789337355.7066617,155
2026-09-13 19:09:15.714,1789337355.714354,455
2026-09-13 19:09:15.722,1789337355.7220464,734
2026-09-13 19:09:15.729,1789337355.7297387,504
2026-09-13 19:09:15.737,1789337355.737431,-206
2026-09-13 19:09:15.745,1789337355.7451231,-407
2026-09-13 19:09:15.752,1789337355.7528155,-53
2026-09-13 19:09:15.760,1789337355.7605078,7
2026-09-13 19:09:15.767,1789337355.7676082,-126
2026-09-13 19:09:15.775,1789337355.7753005,-70
2026-09-13 19:09:15.782,1789337355.7829928,-26
2026-09-13 19:09:15.790,1789337355.7906852,-65
2026-09-13 19:09:15.798,1789337355.7983775,-58
2026-09-13 19:09:15.806,1789337355.8060696,-33
2026-09-13 19:09:15.813,1789337355.813762,-38
2026-09-13 19:09:15.821,1789337355.8214543,-31
2026-09-13 19:09:15.829,1789337355.8291466,-12
2026-09-13 19:09:15.836,1789337355.836839,-7
2026-09-13 19:09:15.844,1789337355.8445313,-9
2026-09-13 19:09:15.852,1789337355.8522236,0
2026-09-13 19:09:15.859,1789337355.859916,9
2026-09-13 19:09:15.867,1789337355.867608,14
2026-09-13 19:09:15.875,1789337355.8753004,21
2026-09-13 19:09:15.882,1789337355.8829927,29
2026-09-13 19:09:15.890,1789337355.890685,29
2026-09-13 19:09:15.898,1789337355.8983774,33
2026-09-13 19:09:15.906,1789337355.9060698,33
2026-09-13 19:09:15.913,1789337355.913762,26
2026-09-13 19:09:15.921,1789337355.9214544,19
2026-09-13 19:09:15.929,1789337355.9291465,19
2026-09-13 19:09:15.936,1789337355.9368389,21
2026-09-13 19:09:15.944,1789337355.9445312,26
2026-09-13 19:09:15.952,1789337355.9522235,21
2026-09-13 19:09:15.959,1789337355.9599159,7
2026-09-13 19:09:15.967,1789337355.9676082,-12
2026-09-13 19:09:15.975,1789337355.9753006,-33
2026-09-13 19:09:15.982,1789337355.982993,-48
2026-09-13 19:09:15.990,1789337355.990685,-55
2026-09-13 19:09:15.998,1789337355.9983773,-58
2026-09-13 19:09:16.006,1789337356.0060697,-60
2026-09-13 19:09:16.013,1789337356.013762,-60
2026-09-13 19:09:16.021,1789337356.0214543,-55
2026-09-13 19:09:16.029,1789337356.0291467,-46
2026-09-13 19:09:16.036,1789337356.036839,-36
2026-09-13 19:09:16.044,1789337356.0445313,-33
2026-09-13 19:09:16.052,1789337356.0522234,-29
2026-09-13 19:09:16.059,1789337356.0599158,-21
2026-09-13 19:09:16.067,1789337356.067608,-19
2026-09-13 19:09:16.075,1789337356.0753005,-16
2026-09-13 19:09:16.082,1789337356.0829928,-16
2026-09-13 19:09:16.090,1789337356.0906851,-16
2026-09-13 19:09:16.098,1789337356.0983775,-14
2026-09-13 19:09:16.106,1789337356.1060698,-14
2026-09-13 19:09:16.113,1789337356.113762,-21
2026-09-13 19:09:16.121,1789337356.1214542,-31
2026-09-13 19:09:16.129,1789337356.1291466,-36
2026-09-13 19:09:16.136,1789337356.136839,-31
2026-09-13 19:09:16.144,1789337356.1445312,-26
2026-09-13 19:09:16.152,1789337356.1522236,-12
2026-09-13 19:09:16.159,1789337356.159916,12
2026-09-13 19:09:16.167,1789337356.1676083,33
2026-09-13 19:09:16.175,1789337356.1753004,31
2026-09-13 19:09:16.182,1789337356.1829927,9
2026-09-13 19:09:16.190,1789337356.190685,-12
2026-09-13 19:09:16.198,1789337356.1983774,-29
2026-09-13 19:09:16.206,1789337356.2060697,-33
2026-09-13 19:09:16.213,1789337356.213762,-33
2026-09-13 19:09:16.221,1789337356.2214544,-33
2026-09-13 19:09:16.229,1789337356.2291467,-31
2026-09-13 19:09:16.236,1789337356.2368388,-29
2026-09-13 19:09:16.244,1789337356.2445312,-38
2026-09-13 19:09:16.252,1789337356.2522235,-53
2026-09-13 19:09:16.259,1789337356.2599158,-7
2026-09-13 19:09:16.267,1789337356.2676082,157
2026-09-13 19:09:16.275,1789337356.2753005,443
2026-09-13 19:09:16.282,1789337356.2829928,739
2026-09-13 19:09:16.290,1789337356.2906852,579
2026-09-13 19:09:16.298,1789337356.2983775,-130
2026-09-13 19:09:16.306,1789337356.3060696,-431
2026-09-13 19:09:16.313,1789337356.313762,-84
2026-09-13 19:09:16.321,1789337356.3214543,31
2026-09-13 19:09:16.328,1789337356.328585,-109
2026-09-13 19:09:16.336,1789337356.3362772,-80
2026-09-13 19:09:16.343,1789337356.3439696,-24
2026-09-13 19:09:16.351,1789337356.351662,-65
2026-09-13 19:09:16.359,1789337356.3593543,-60
2026-09-13 19:09:16.367,1789337356.3670464,-29
2026-09-13 19:09:16.374,1789337356.3747387,-31
2026-09-13 19:09:16.382,1789337356.382431,-29
2026-09-13 19:09:16.390,1789337356.3901234,-12
2026-09-13 19:09:16.397,1789337356.3978157,-4
2026-09-13 19:09:16.405,1789337356.405508,-7
2026-09-13 19:09:16.413,1789337356.4132004,0
2026-09-13 19:09:16.420,1789337356.4208927,12
2026-09-13 19:09:16.428,1789337356.4285848,19
2026-09-13 19:09:16.436,1789337356.4362772,26
2026-09-13 19:09:16.443,1789337356.4439695,33
2026-09-13 19:09:16.451,1789337356.4516618,36
2026-09-13 19:09:16.459,1789337356.4593542,36
2026-09-13 19:09:16.467,1789337356.4670465,33
2026-09-13 19:09:16.474,1789337356.4747388,31
2026-09-13 19:09:16.482,1789337356.4824312,26
2026-09-13 19:09:16.490,1789337356.4901233,21
2026-09-13 19:09:16.497,1789337356.4978156,21
2026-09-13 19:09:16.505,1789337356.505508,26
2026-09-13 19:09:16.513,1789337356.5132003,26
2026-09-13 19:09:16.520,1789337356.5208926,12
2026-09-13 19:09:16.528,1789337356.528585,-9
2026-09-13 19:09:16.536,1789337356.5362773,-31
2026-09-13 19:09:16.543,1789337356.5439696,-48
2026-09-13 19:09:16.551,1789337356.5516617,-58
2026-09-13 19:09:16.559,1789337356.559354,-63
2026-09-13 19:09:16.567,1789337356.5670464,-65
2026-09-13 19:09:16.574,1789337356.5747387,-63
2026-09-13 19:09:16.582,1789337356.582431,-58
2026-09-13 19:09:16.590,1789337356.5901234,-53
2026-09-13 19:09:16.597,1789337356.5978158,-48
2026-09-13 19:09:16.605,1789337356.605508,-38
2026-09-13 19:09:16.613,1789337356.6132002,-33
2026-09-13 19:09:16.620,1789337356.6208925,-31
2026-09-13 19:09:16.628,1789337356.6285849,-29
2026-09-13 19:09:16.636,1789337356.6362772,-24
2026-09-13 19:09:16.643,1789337356.6439695,-21
2026-09-13 19:09:16.651,1789337356.6516619,-21
2026-09-13 19:09:16.659,1789337356.6593542,-21
2026-09-13 19:09:16.667,1789337356.6670465,-24
2026-09-13 19:09:16.674,1789337356.6747386,-24
2026-09-13 19:09:16.682,1789337356.682431,-24
2026-09-13 19:09:16.690,1789337356.6901233,-29
2026-09-13 19:09:16.697,1789337356.6978157,-41
2026-09-13 19:09:16.705,1789337356.705508,-46
2026-09-13 19:09:16.713,1789337356.7132003,-41
2026-09-13 19:09:16.720,1789337356.7208927,-33
2026-09-13 19:09:16.728,1789337356.728585,-21
2026-09-13 19:09:16.736,1789337356.736277,2
2026-09-13 19:09:16.743,1789337356.7439694,21
2026-09-13 19:09:16.751,1789337356.7516618,24
2026-09-13 19:09:16.759,1789337356.759354,7
2026-09-13 19:09:16.767,1789337356.7670465,-12
2026-09-13 19:09:16.774,1789337356.7747388,-26
2026-09-13 19:09:16.782,1789337356.7824311,-36
2026-09-13 19:09:16.790,1789337356.7901235,-38
2026-09-13 19:09:16.797,1789337356.7978156,-36
2026-09-13 19:09:16.805,1789337356.805508,-31
2026-09-13 19:09:16.813,1789337356.8132002,-29
2026-09-13 19:09:16.820,1789337356.8208926,-36
2026-09-13 19:09:16.828,1789337356.828585,-46
2026-09-13 19:09:16.836,1789337356.8362772,-12
2026-09-13 19:09:16.843,1789337356.8439696,138
2026-09-13 19:09:16.851,1789337356.851662,417
2026-09-13 19:09:16.859,1789337356.8593543,732
2026-09-13 19:09:16.867,1789337356.8670464,652
2026-09-13 19:09:16.874,1789337356.8747387,-36
2026-09-13 19:09:16.882,1789337356.882431,-441
2026-09-13 19:09:16.889,1789337356.8895617,-145
2026-09-13 19:09:16.897,1789337356.897254,24
2026-09-13 19:09:16.904,1789337356.9049463,-113
2026-09-13 19:09:16.912,1789337356.9126387,-109
2026-09-13 19:09:16.920,1789337356.920331,-46
2026-09-13 19:09:16.928,1789337356.928023,-77
2026-09-13 19:09:16.935,1789337356.9357154,-77
2026-09-13 19:09:16.943,1789337356.9434078,-46
2026-09-13 19:09:16.951,1789337356.9511,-31
2026-09-13 19:09:16.958,1789337356.9587924,-16
2026-09-13 19:09:16.966,1789337356.9664848,-14
2026-09-13 19:09:16.974,1789337356.9741771,-19
2026-09-13 19:09:16.981,1789337356.9818695,-9
2026-09-13 19:09:16.989,1789337356.9895616,-2
2026-09-13 19:09:16.997,1789337356.997254,0
2026-09-13 19:09:17.004,1789337357.0049462,9
2026-09-13 19:09:17.012,1789337357.0126386,16
2026-09-13 19:09:17.020,1789337357.020331,16
2026-09-13 19:09:17.028,1789337357.0280232,16
2026-09-13 19:09:17.035,1789337357.0357156,26
2026-09-13 19:09:17.043,1789337357.043408,29
2026-09-13 19:09:17.051,1789337357.0511,14
2026-09-13 19:09:17.058,1789337357.0587924,9
2026-09-13 19:09:17.066,1789337357.0664847,14
2026-09-13 19:09:17.074,1789337357.074177,12
2026-09-13 19:09:17.081,1789337357.0818694,9
2026-09-13 19:09:17.089,1789337357.0895617,21
2026-09-13 19:09:17.097,1789337357.097254,16
2026-09-13 19:09:17.104,1789337357.1049464,-16
2026-09-13 19:09:17.112,1789337357.1126385,-38
2026-09-13 19:09:17.120,1789337357.1203308,-43
2026-09-13 19:09:17.128,1789337357.1280231,-58
2026-09-13 19:09:17.135,1789337357.1357155,-75
2026-09-13 19:09:17.143,1789337357.1434078,-75
2026-09-13 19:09:17.151,1789337357.1511002,-67
2026-09-13 19:09:17.158,1789337357.1587925,-63
2026-09-13 19:09:17.166,1789337357.1664848,-60
2026-09-13 19:09:17.174,1789337357.174177,-55
2026-09-13 19:09:17.181,1789337357.1818693,-48
2026-09-13 19:09:17.189,1789337357.1895616,-38
2026-09-13 19:09:17.197,1789337357.197254,-33
2026-09-13 19:09:17.204,1789337357.2049463,-33
2026-09-13 19:09:17.212,1789337357.2126386,-31
2026-09-13 19:09:17.220,1789337357.220331,-26
2026-09-13 19:09:17.228,1789337357.2280233,-26
2026-09-13 19:09:17.235,1789337357.2357154,-29
2026-09-13 19:09:17.243,1789337357.2434077,-31
2026-09-13 19:09:17.251,1789337357.2511,-31
2026-09-13 19:09:17.258,1789337357.2587924,-29
2026-09-13 19:09:17.266,1789337357.2664847,-31
2026-09-13 19:09:17.274,1789337357.274177,-43
2026-09-13 19:09:17.281,1789337357.2818694,-46
2026-09-13 19:09:17.289,1789337357.2895617,-43
2026-09-13 19:09:17.297,1789337357.2972538,-41
2026-09-13 19:09:17.304,1789337357.3049462,-31
2026-09-13 19:09:17.312,1789337357.3126385,-9
2026-09-13 19:09:17.320,1789337357.3203309,12
2026-09-13 19:09:17.328,1789337357.3280232,24
2026-09-13 19:09:17.335,1789337357.3357155,19
2026-09-13 19:09:17.343,1789337357.3434079,-2
2026-09-13 19:09:17.351,1789337357.3511002,-26
2026-09-13 19:09:17.358,1789337357.3587923,-38
2026-09-13 19:09:17.366,1789337357.3664846,-41
2026-09-13 19:09:17.374,1789337357.374177,-41
2026-09-13 19:09:17.381,1789337357.3818693,-38
2026-09-13 19:09:17.389,1789337357.3895617,-36
2026-09-13 19:09:17.397,1789337357.397254,-36
2026-09-13 19:09:17.404,1789337357.4049463,-46
2026-09-13 19:09:17.412,1789337357.4126387,-36
2026-09-13 19:09:17.420,1789337357.420331,65
2026-09-13 19:09:17.428,1789337357.428023,298
2026-09-13 19:09:17.435,1789337357.4357154,632
2026-09-13 19:09:17.443,1789337357.4434078,756
2026-09-13 19:09:17.450,1789337357.4505079,230
2026-09-13 19:09:17.458,1789337357.4582002,-395
2026-09-13 19:09:17.465,1789337357.4658926,-283
2026-09-13 19:09:17.473,1789337357.473585,19
2026-09-13 19:09:17.481,1789337357.4812772,-63
2026-09-13 19:09:17.488,1789337357.4889693,-126
2026-09-13 19:09:17.496,1789337357.4966617,-48
2026-09-13 19:09:17.504,1789337357.504354,-53
2026-09-13 19:09:17.512,1789337357.5120463,-82
2026-09-13 19:09:17.519,1789337357.5197387,-50
2026-09-13 19:09:17.527,1789337357.527431,-36
2026-09-13 19:09:17.535,1789337357.5351233,-43
2026-09-13 19:09:17.542,1789337357.5428157,-31
2026-09-13 19:09:17.550,1789337357.5505078,-16
2026-09-13 19:09:17.558,1789337357.5582001,-14
2026-09-13 19:09:17.565,1789337357.5658925,-9
2026-09-13 19:09:17.573,1789337357.5735848,-2
2026-09-13 19:09:17.581,1789337357.5812771,2
2026-09-13 19:09:17.588,1789337357.5889695,9
2026-09-13 19:09:17.596,1789337357.5966618,16
2026-09-13 19:09:17.604,1789337357.6043541,21
2026-09-13 19:09:17.612,1789337357.6120462,24
2026-09-13 19:09:17.619,1789337357.6197386,24
2026-09-13 19:09:17.627,1789337357.627431,19
2026-09-13 19:09:17.635,1789337357.6351233,14
2026-09-13 19:09:17.642,1789337357.6428156,12
2026-09-13 19:09:17.650,1789337357.650508,12
2026-09-13 19:09:17.658,1789337357.6582003,14
2026-09-13 19:09:17.665,1789337357.6658926,16
2026-09-13 19:09:17.673,1789337357.6735847,12
2026-09-13 19:09:17.681,1789337357.681277,-2
2026-09-13 19:09:17.688,1789337357.6889694,-24
2026-09-13 19:09:17.696,1789337357.6966617,-43
2026-09-13 19:09:17.704,1789337357.704354,-58
2026-09-13 19:09:17.712,1789337357.7120464,-67
2026-09-13 19:09:17.719,1789337357.7197387,-70
2026-09-13 19:09:17.727,1789337357.727431,-70
2026-09-13 19:09:17.735,1789337357.7351232,-67
2026-09-13 19:09:17.742,1789337357.7428155,-65
2026-09-13 19:09:17.750,1789337357.7505078,-58
2026-09-13 19:09:17.758,1789337357.7582002,-48
2026-09-13 19:09:17.765,1789337357.7658925,-46
2026-09-13 19:09:17.773,1789337357.7735848,-41
2026-09-13 19:09:17.781,1789337357.7812772,-36
2026-09-13 19:09:17.788,1789337357.7889695,-31
2026-09-13 19:09:17.796,1789337357.7966616,-31
2026-09-13 19:09:17.804,1789337357.804354,-29
2026-09-13 19:09:17.812,1789337357.8120463,-26
2026-09-13 19:09:17.819,1789337357.8197386,-26
2026-09-13 19:09:17.827,1789337357.827431,-29
2026-09-13 19:09:17.835,1789337357.8351233,-29
2026-09-13 19:09:17.842,1789337357.8428156,-29
2026-09-13 19:09:17.850,1789337357.850508,-31
2026-09-13 19:09:17.858,1789337357.8582,-36
2026-09-13 19:09:17.865,1789337357.8658924,-46
2026-09-13 19:09:17.873,1789337357.8735847,-50
2026-09-13 19:09:17.881,1789337357.881277,-48
2026-09-13 19:09:17.888,1789337357.8889694,-41
2026-09-13 19:09:17.896,1789337357.8966618,-26
2026-09-13 19:09:17.904,1789337357.904354,0
2026-09-13 19:09:17.912,1789337357.9120464,24
2026-09-13 19:09:17.919,1789337357.9197385,21
2026-09-13 19:09:17.927,1789337357.9274309,2
2026-09-13 19:09:17.935,1789337357.9351232,-19
2026-09-13 19:09:17.942,1789337357.9428155,-33
2026-09-13 19:09:17.950,1789337357.9505079,-41
2026-09-13 19:09:17.958,1789337357.9582002,-43
2026-09-13 19:09:17.965,1789337357.9658926,-41
2026-09-13 19:09:17.973,1789337357.973585,-36
2026-09-13 19:09:17.981,1789337357.9812772,-36
2026-09-13 19:09:17.988,1789337357.9889693,-43
2026-09-13 19:09:17.996,1789337357.9966617,-50
2026-09-13 19:09:18.004,1789337358.004354,-9
2026-09-13 19:09:18.011,1789337358.0114849,143
2026-09-13 19:09:18.019,1789337358.0191772,426
2026-09-13 19:09:18.026,1789337358.0268695,744
2026-09-13 19:09:18.034,1789337358.0345619,632
2026-09-13 19:09:18.042,1789337358.0422542,-72
2026-09-13 19:09:18.049,1789337358.0499463,-436
2026-09-13 19:09:18.057,1789337358.0576386,-121
2026-09-13 19:09:18.065,1789337358.065331,21
2026-09-13 19:09:18.073,1789337358.0730233,-118
2026-09-13 19:09:18.080,1789337358.0807157,-94
2026-09-13 19:09:18.088,1789337358.088408,-31
2026-09-13 19:09:18.096,1789337358.0961003,-70
2026-09-13 19:09:18.103,1789337358.1037927,-72
2026-09-13 19:09:18.111,1789337358.1114848,-38
2026-09-13 19:09:18.119,1789337358.119177,-38
2026-09-13 19:09:18.126,1789337358.1268694,-41
2026-09-13 19:09:18.134,1789337358.1345618,-26
2026-09-13 19:09:18.142,1789337358.142254,-19
2026-09-13 19:09:18.149,1789337358.1499465,-16
2026-09-13 19:09:18.157,1789337358.1576388,-7
2026-09-13 19:09:18.165,1789337358.1653311,-2
2026-09-13 19:09:18.173,1789337358.1730232,2
2026-09-13 19:09:18.180,1789337358.1807156,12
2026-09-13 19:09:18.188,1789337358.188408,16
2026-09-13 19:09:18.196,1789337358.1961002,21
2026-09-13 19:09:18.203,1789337358.2037926,21
2026-09-13 19:09:18.211,1789337358.211485,19
2026-09-13 19:09:18.219,1789337358.2191772,14
2026-09-13 19:09:18.226,1789337358.2268696,9
2026-09-13 19:09:18.234,1789337358.2345617,7
2026-09-13 19:09:18.242,1789337358.242254,9
2026-09-13 19:09:18.249,1789337358.2499464,14
2026-09-13 19:09:18.257,1789337358.2576387,16
2026-09-13 19:09:18.265,1789337358.265331,4
2026-09-13 19:09:18.273,1789337358.2730234,-14
2026-09-13 19:09:18.280,1789337358.2807157,-31
2026-09-13 19:09:18.288,1789337358.288408,-46
2026-09-13 19:09:18.296,1789337358.2961001,-55
2026-09-13 19:09:18.303,1789337358.3037925,-65
2026-09-13 19:09:18.311,1789337358.3114848,-70
2026-09-13 19:09:18.319,1789337358.3191772,-72
2026-09-13 19:09:18.326,1789337358.3268695,-67
2026-09-13 19:09:18.334,1789337358.3345618,-63
2026-09-13 19:09:18.342,1789337358.3422542,-58
2026-09-13 19:09:18.349,1789337358.3499465,-50
2026-09-13 19:09:18.357,1789337358.3576386,-43
2026-09-13 19:09:18.365,1789337358.365331,-38
2026-09-13 19:09:18.373,1789337358.3730233,-33
2026-09-13 19:09:18.380,1789337358.3807156,-31
2026-09-13 19:09:18.388,1789337358.388408,-29
2026-09-13 19:09:18.396,1789337358.3961003,-31
2026-09-13 19:09:18.403,1789337358.4037926,-29
2026-09-13 19:09:18.411,1789337358.411485,-26
2026-09-13 19:09:18.419,1789337358.419177,-26
2026-09-13 19:09:18.426,1789337358.4268694,-29
2026-09-13 19:09:18.434,1789337358.4345617,-31
2026-09-13 19:09:18.442,1789337358.442254,-38
2026-09-13 19:09:18.449,1789337358.4499464,-50
2026-09-13 19:09:18.457,1789337358.4576387,-55
2026-09-13 19:09:18.465,1789337358.465331,-48
2026-09-13 19:09:18.473,1789337358.4730234,-38
2026-09-13 19:09:18.480,1789337358.4807155,-24
2026-09-13 19:09:18.488,1789337358.4884079,0
2026-09-13 19:09:18.496,1789337358.4961002,21
2026-09-13 19:09:18.503,1789337358.5037925,16
2026-09-13 19:09:18.511,1789337358.5114849,-2
2026-09-13 19:09:18.519,1789337358.5191772,-21
2026-09-13 19:09:18.526,1789337358.5268695,-36
2026-09-13 19:09:18.534,1789337358.5345619,-43
2026-09-13 19:09:18.542,1789337358.5422542,-43
2026-09-13 19:09:18.549,1789337358.5499463,-41
2026-09-13 19:09:18.557,1789337358.5576386,-36
2026-09-13 19:09:18.565,1789337358.565331,-33
2026-09-13 19:09:18.572,1789337358.572431,-41
2026-09-13 19:09:18.580,1789337358.5801234,-50
2026-09-13 19:09:18.587,1789337358.5878158,-9
2026-09-13 19:09:18.595,1789337358.595508,150
2026-09-13 19:09:18.603,1789337358.6032004,434
2026-09-13 19:09:18.610,1789337358.6108925,732
2026-09-13 19:09:18.618,1789337358.6185849,560
2026-09-13 19:09:18.626,1789337358.6262772,-145
2026-09-13 19:09:18.633,1789337358.6339695,-424
2026-09-13 19:09:18.641,1789337358.641662,-82
2026-09-13 19:09:18.649,1789337358.6493542,24
2026-09-13 19:09:18.657,1789337358.6570466,-111
2026-09-13 19:09:18.664,1789337358.664739,-75
2026-09-13 19:09:18.672,1789337358.672431,-21
2026-09-13 19:09:18.680,1789337358.6801233,-60
2026-09-13 19:09:18.687,1789337358.6878157,-55
2026-09-13 19:09:18.695,1789337358.695508,-24
2026-09-13 19:09:18.703,1789337358.7032003,-29
2026-09-13 19:09:18.710,1789337358.7108927,-26
2026-09-13 19:09:18.718,1789337358.718585,-12
2026-09-13 19:09:18.726,1789337358.7262774,-9
2026-09-13 19:09:18.733,1789337358.7339694,-7
2026-09-13 19:09:18.741,1789337358.7416618,2
2026-09-13 19:09:18.749,1789337358.7493541,9
2026-09-13 19:09:18.757,1789337358.7570465,16
2026-09-13 19:09:18.764,1789337358.7647388,24
2026-09-13 19:09:18.772,1789337358.7724311,31
2026-09-13 19:09:18.780,1789337358.7801235,36
2026-09-13 19:09:18.787,1789337358.7878158,41
2026-09-13 19:09:18.795,1789337358.795508,38
2026-09-13 19:09:18.803,1789337358.8032002,33
2026-09-13 19:09:18.810,1789337358.8108926,33
2026-09-13 19:09:18.818,1789337358.818585,31
2026-09-13 19:09:18.826,1789337358.8262773,31
2026-09-13 19:09:18.833,1789337358.8339696,31
2026-09-13 19:09:18.841,1789337358.841662,33
2026-09-13 19:09:18.849,1789337358.8493543,24
2026-09-13 19:09:18.857,1789337358.8570464,4
2026-09-13 19:09:18.864,1789337358.8647387,-19
2026-09-13 19:09:18.872,1789337358.872431,-38
2026-09-13 19:09:18.880,1789337358.8801234,-48
2026-09-13 19:09:18.887,1789337358.8878157,-53
2026-09-13 19:09:18.895,1789337358.895508,-50
2026-09-13 19:09:18.903,1789337358.9032004,-53
2026-09-13 19:09:18.910,1789337358.9108927,-55
2026-09-13 19:09:18.918,1789337358.9185848,-48
2026-09-13 19:09:18.926,1789337358.9262772,-38
2026-09-13 19:09:18.933,1789337358.9339695,-33
2026-09-13 19:09:18.941,1789337358.9416618,-26
2026-09-13 19:09:18.949,1789337358.9493542,-21
2026-09-13 19:09:18.957,1789337358.9570465,-21
2026-09-13 19:09:18.964,1789337358.9647388,-19
2026-09-13 19:09:18.972,1789337358.9724312,-16
2026-09-13 19:09:18.980,1789337358.9801233,-16
2026-09-13 19:09:18.987,1789337358.9878156,-14
2026-09-13 19:09:18.995,1789337358.995508,-14
2026-09-13 19:09:19.003,1789337359.0032003,-16
2026-09-13 19:09:19.010,1789337359.0108926,-19
2026-09-13 19:09:19.018,1789337359.018585,-21
2026-09-13 19:09:19.026,1789337359.0262773,-29
2026-09-13 19:09:19.033,1789337359.0339696,-36
2026-09-13 19:09:19.041,1789337359.0416617,-36
2026-09-13 19:09:19.049,1789337359.049354,-29
2026-09-13 19:09:19.057,1789337359.0570464,-14
2026-09-13 19:09:19.064,1789337359.0647388,12
2026-09-13 19:09:19.072,1789337359.072431,33
2026-09-13 19:09:19.080,1789337359.0801234,33
2026-09-13 19:09:19.087,1789337359.0878158,14
2026-09-13 19:09:19.095,1789337359.095508,-7
2026-09-13 19:09:19.103,1789337359.1032004,-24
2026-09-13 19:09:19.110,1789337359.1108925,-31
2026-09-13 19:09:19.118,1789337359.1185849,-33
2026-09-13 19:09:19.126,1789337359.1262772,-36
2026-09-13 19:09:19.133,1789337359.1334078,-31
2026-09-13 19:09:19.141,1789337359.1411002,-26
2026-09-13 19:09:19.148,1789337359.1487925,-33
2026-09-13 19:09:19.156,1789337359.1564848,-43
2026-09-13 19:09:19.164,1789337359.1641772,-16
2026-09-13 19:09:19.171,1789337359.1718693,116
2026-09-13 19:09:19.179,1789337359.1795616,373
2026-09-13 19:09:19.187,1789337359.187254,681
2026-09-13 19:09:19.194,1789337359.1949463,603
2026-09-13 19:09:19.202,1789337359.2026386,-60
2026-09-13 19:09:19.210,1789337359.210331,-431
2026-09-13 19:09:19.218,1789337359.2180233,-126
2026-09-13 19:09:19.225,1789337359.2257156,38
2026-09-13 19:09:19.233,1789337359.2334077,-94
2026-09-13 19:09:19.241,1789337359.2411,-80
2026-09-13 19:09:19.248,1789337359.2487924,-16
2026-09-13 19:09:19.256,1789337359.2564847,-48
2026-09-13 19:09:19.264,1789337359.264177,-53
2026-09-13 19:09:19.271,1789337359.2718694,-21
2026-09-13 19:09:19.279,1789337359.2795618,-21
2026-09-13 19:09:19.287,1789337359.287254,-21
2026-09-13 19:09:19.294,1789337359.2949462,-7
2026-09-13 19:09:19.302,1789337359.3026385,-2
2026-09-13 19:09:19.310,1789337359.3103309,2
2026-09-13 19:09:19.318,1789337359.3180232,12
2026-09-13 19:09:19.325,1789337359.3257155,16
2026-09-13 19:09:19.333,1789337359.3334079,19
2026-09-13 19:09:19.341,1789337359.3411002,29
2026-09-13 19:09:19.348,1789337359.3487926,41
2026-09-13 19:09:19.356,1789337359.3564847,43
2026-09-13 19:09:19.364,1789337359.364177,43
2026-09-13 19:09:19.371,1789337359.3718693,48
2026-09-13 19:09:19.379,1789337359.3795617,48
2026-09-13 19:09:19.387,1789337359.387254,43
2026-09-13 19:09:19.394,1789337359.3949463,41
2026-09-13 19:09:19.402,1789337359.4026387,46
2026-09-13 19:09:19.410,1789337359.410331,48
2026-09-13 19:09:19.418,1789337359.418023,43
2026-09-13 19:09:19.425,1789337359.4257154,31
2026-09-13 19:09:19.433,1789337359.4334078,9
2026-09-13 19:09:19.441,1789337359.4411001,-16
2026-09-13 19:09:19.448,1789337359.4487925,-38
2026-09-13 19:09:19.456,1789337359.4564848,-48
2026-09-13 19:09:19.464,1789337359.4641771,-58
2026-09-13 19:09:19.471,1789337359.4718695,-63
2026-09-13 19:09:19.479,1789337359.4795616,-63
2026-09-13 19:09:19.487,1789337359.487254,-60
2026-09-13 19:09:19.494,1789337359.4949462,-58
2026-09-13 19:09:19.502,1789337359.5026386,-53
2026-09-13 19:09:19.510,1789337359.510331,-46
2026-09-13 19:09:19.518,1789337359.5180233,-38
2026-09-13 19:09:19.525,1789337359.5257156,-36
2026-09-13 19:09:19.533,1789337359.533408,-38
2026-09-13 19:09:19.541,1789337359.5411,-33
2026-09-13 19:09:19.548,1789337359.5487924,-26
2026-09-13 19:09:19.556,1789337359.5564847,-26
2026-09-13 19:09:19.564,1789337359.564177,-29
2026-09-13 19:09:19.571,1789337359.5718694,-31
2026-09-13 19:09:19.579,1789337359.5795617,-29
2026-09-13 19:09:19.587,1789337359.587254,-29
2026-09-13 19:09:19.594,1789337359.5949464,-36
2026-09-13 19:09:19.602,1789337359.6026385,-46
2026-09-13 19:09:19.610,1789337359.6103308,-48
2026-09-13 19:09:19.618,1789337359.6180232,-38
2026-09-13 19:09:19.625,1789337359.6257155,-29
2026-09-13 19:09:19.633,1789337359.6334078,-12
2026-09-13 19:09:19.641,1789337359.6411002,12
2026-09-13 19:09:19.648,1789337359.6487925,24
2026-09-13 19:09:19.656,1789337359.6564848,14
2026-09-13 19:09:19.664,1789337359.6641772,-4
2026-09-13 19:09:19.671,1789337359.6718693,-26
2026-09-13 19:09:19.679,1789337359.6795616,-38
2026-09-13 19:09:19.687,1789337359.687254,-41
2026-09-13 19:09:19.694,1789337359.694354,-41
2026-09-13 19:09:19.702,1789337359.7020464,-41
2026-09-13 19:09:19.709,1789337359.7097387,-36
2026-09-13 19:09:19.717,1789337359.717431,-38
2026-09-13 19:09:19.725,1789337359.7251234,-48
2026-09-13 19:09:19.732,1789337359.7328155,-50
2026-09-13 19:09:19.740,1789337359.7405078,19
2026-09-13 19:09:19.748,1789337359.7482002,215
2026-09-13 19:09:19.755,1789337359.7558925,533
2026-09-13 19:09:19.763,1789337359.7635849,703
2026-09-13 19:09:19.771,1789337359.7712772,252
2026-09-13 19:09:19.778,1789337359.7789695,-385
2026-09-13 19:09:19.786,1789337359.7866619,-322
2026-09-13 19:09:19.794,1789337359.794354,9
2026-09-13 19:09:19.802,1789337359.8020463,-36
2026-09-13 19:09:19.809,1789337359.8097386,-111
2026-09-13 19:09:19.817,1789337359.817431,-36
2026-09-13 19:09:19.825,1789337359.8251233,-33
2026-09-13 19:09:19.832,1789337359.8328156,-67
2026-09-13 19:09:19.840,1789337359.840508,-43
2026-09-13 19:09:19.848,1789337359.8482003,-26
2026-09-13 19:09:19.855,1789337359.8558924,-33
2026-09-13 19:09:19.863,1789337359.8635848,-26
2026-09-13 19:09:19.871,1789337359.871277,-14
2026-09-13 19:09:19.878,1789337359.8789694,-12
2026-09-13 19:09:19.886,1789337359.8866618,-7
2026-09-13 19:09:19.894,1789337359.894354,0
2026-09-13 19:09:19.902,1789337359.9020464,7
2026-09-13 19:09:19.909,1789337359.9097388,16
2026-09-13 19:09:19.917,1789337359.9174309,24
2026-09-13 19:09:19.925,1789337359.9251232,31
2026-09-13 19:09:19.932,1789337359.9328156,36
2026-09-13 19:09:19.940,1789337359.940508,36
2026-09-13 19:09:19.948,1789337359.9482002,36
2026-09-13 19:09:19.955,1789337359.9558926,36
2026-09-13 19:09:19.963,1789337359.963585,38
2026-09-13 19:09:19.971,1789337359.9712772,38
2026-09-13 19:09:19.978,1789337359.9789693,43
2026-09-13 19:09:19.986,1789337359.9866617,46
2026-09-13 19:09:19.994,1789337359.994354,31
2026-09-13 19:09:20.002,1789337360.0020463,7
2026-09-13 19:09:20.009,1789337360.0097387,-16
2026-09-13 19:09:20.017,1789337360.017431,-38
2026-09-13 19:09:20.025,1789337360.0251234,-55
2026-09-13 19:09:20.032,1789337360.0328157,-67
2026-09-13 19:09:20.040,1789337360.0405078,-70
2026-09-13 19:09:20.048,1789337360.0482001,-70
2026-09-13 19:09:20.055,1789337360.0558925,-70
2026-09-13 19:09:20.063,1789337360.0635848,-67
2026-09-13 19:09:20.071,1789337360.0712771,-63
2026-09-13 19:09:20.078,1789337360.0789695,-58
2026-09-13 19:09:20.086,1789337360.0866618,-53
2026-09-13 19:09:20.094,1789337360.0943542,-46
2026-09-13 19:09:20.102,1789337360.1020463,-43
2026-09-13 19:09:20.109,1789337360.1097386,-43
2026-09-13 19:09:20.117,1789337360.117431,-41
2026-09-13 19:09:20.125,1789337360.1251233,-36
2026-09-13 19:09:20.132,1789337360.1328156,-36
2026-09-13 19:09:20.140,1789337360.140508,-38
2026-09-13 19:09:20.148,1789337360.1482003,-38
2026-09-13 19:09:20.155,1789337360.1558926,-46
2026-09-13 19:09:20.163,1789337360.1635847,-50
2026-09-13 19:09:20.171,1789337360.171277,-50
2026-09-13 19:09:20.178,1789337360.1789694,-43
2026-09-13 19:09:20.186,1789337360.1866617,-29
2026-09-13 19:09:20.194,1789337360.194354,-4
2026-09-13 19:09:20.202,1789337360.2020464,14
2026-09-13 19:09:20.209,1789337360.2097387,14
2026-09-13 19:09:20.217,1789337360.217431,0
2026-09-13 19:09:20.225,1789337360.2251234,-24
2026-09-13 19:09:20.232,1789337360.2328155,-43
2026-09-13 19:09:20.240,1789337360.2405078,-53
2026-09-13 19:09:20.248,1789337360.2482002,-53
2026-09-13 19:09:20.255,1789337360.255331,-50
2026-09-13 19:09:20.263,1789337360.2630234,-48
2026-09-13 19:09:20.270,1789337360.2707157,-46
2026-09-13 19:09:20.278,1789337360.278408,-48
2026-09-13 19:09:20.286,1789337360.2861004,-58
2026-09-13 19:09:20.293,1789337360.2937925,-46
2026-09-13 19:09:20.301,1789337360.3014848,58
2026-09-13 19:09:20.309,1789337360.3091772,288
2026-09-13 19:09:20.316,1789337360.3168695,599
2026-09-13 19:09:20.324,1789337360.3245618,565
2026-09-13 19:09:20.332,1789337360.3322542,-65
2026-09-13 19:09:20.339,1789337360.3399465,-460
2026-09-13 19:09:20.347,1789337360.3476388,-164
2026-09-13 19:09:20.355,1789337360.355331,31
2026-09-13 19:09:20.363,1789337360.3630233,-87
2026-09-13 19:09:20.370,1789337360.3707156,-84
2026-09-13 19:09:20.378,1789337360.378408,-21
2026-09-13 19:09:20.386,1789337360.3861003,-55
2026-09-13 19:09:20.393,1789337360.3937926,-63
2026-09-13 19:09:20.401,1789337360.401485,-29
2026-09-13 19:09:20.409,1789337360.4091773,-29
2026-09-13 19:09:20.416,1789337360.4168694,-31
2026-09-13 19:09:20.424,1789337360.4245617,-12
2026-09-13 19:09:20.432,1789337360.432254,-7
2026-09-13 19:09:20.439,1789337360.4399464,-7
2026-09-13 19:09:20.447,1789337360.4476388,0
2026-09-13 19:09:20.455,1789337360.455331,9
2026-09-13 19:09:20.463,1789337360.4630234,16
2026-09-13 19:09:20.470,1789337360.4707158,26
2026-09-13 19:09:20.478,1789337360.4784079,33
2026-09-13 19:09:20.486,1789337360.4861002,38
2026-09-13 19:09:20.493,1789337360.4937925,48
2026-09-13 19:09:20.501,1789337360.5014849,50
2026-09-13 19:09:20.509,1789337360.5091772,48
2026-09-13 19:09:20.516,1789337360.5168695,50
2026-09-13 19:09:20.524,1789337360.524562,53
2026-09-13 19:09:20.532,1789337360.5322542,55
2026-09-13 19:09:20.539,1789337360.5399463,55
2026-09-13 19:09:20.547,1789337360.5476387,53
2026-09-13 19:09:20.555,1789337360.555331,33
2026-09-13 19:09:20.563,1789337360.5630233,7
2026-09-13 19:09:20.570,1789337360.5707157,-16
2026-09-13 19:09:20.578,1789337360.578408,-33
2026-09-13 19:09:20.586,1789337360.5861003,-50
2026-09-13 19:09:20.593,1789337360.5937927,-58
2026-09-13 19:09:20.601,1789337360.6014848,-60
2026-09-13 19:09:20.609,1789337360.609177,-60
2026-09-13 19:09:20.616,1789337360.6168694,-60
2026-09-13 19:09:20.624,1789337360.6245618,-55
2026-09-13 19:09:20.632,1789337360.6322541,-48
2026-09-13 19:09:20.639,1789337360.6399465,-41
2026-09-13 19:09:20.647,1789337360.6476388,-36
2026-09-13 19:09:20.655,1789337360.6553311,-33
2026-09-13 19:09:20.663,1789337360.6630232,-29
2026-09-13 19:09:20.670,1789337360.6707156,-26
2026-09-13 19:09:20.678,1789337360.678408,-26
2026-09-13 19:09:20.686,1789337360.6861002,-26
2026-09-13 19:09:20.693,1789337360.6937926,-26
2026-09-13 19:09:20.701,1789337360.701485,-33
2026-09-13 19:09:20.709,1789337360.7091773,-36
2026-09-13 19:09:20.716,1789337360.7168696,-29
2026-09-13 19:09:20.724,1789337360.7245617,-19
2026-09-13 19:09:20.732,1789337360.732254,-9
2026-09-13 19:09:20.739,1789337360.7399464,12
2026-09-13 19:09:20.747,1789337360.7476387,33
2026-09-13 19:09:20.755,1789337360.755331,36
2026-09-13 19:09:20.763,1789337360.7630234,16
2026-09-13 19:09:20.770,1789337360.7707157,-7
2026-09-13 19:09:20.778,1789337360.778408,-24
2026-09-13 19:09:20.786,1789337360.7861004,-31
2026-09-13 19:09:20.793,1789337360.7937925,-33
2026-09-13 19:09:20.801,1789337360.8014848,-31
2026-09-13 19:09:20.809,1789337360.8091772,-26
2026-09-13 19:09:20.816,1789337360.816277,-24
2026-09-13 19:09:20.823,1789337360.8239694,-29
2026-09-13 19:09:20.831,1789337360.8316617,-38
2026-09-13 19:09:20.839,1789337360.839354,-19
2026-09-13 19:09:20.847,1789337360.8470464,82
2026-09-13 19:09:20.854,1789337360.8547385,303
2026-09-13 19:09:20.862,1789337360.8624308,603
2026-09-13 19:09:20.870,1789337360.8701231,560
2026-09-13 19:09:20.877,1789337360.8778155,-72
2026-09-13 19:09:20.885,1789337360.8855078,-441
2026-09-13 19:09:20.893,1789337360.8932002,-133
2026-09-13 19:09:20.900,1789337360.9008925,50
2026-09-13 19:09:20.908,1789337360.9085848,-70
2026-09-13 19:09:20.916,1789337360.916277,-63
2026-09-13 19:09:20.923,1789337360.9239693,2
2026-09-13 19:09:20.931,1789337360.9316616,-26
2026-09-13 19:09:20.939,1789337360.939354,-36
2026-09-13 19:09:20.947,1789337360.9470463,-9
2026-09-13 19:09:20.954,1789337360.9547386,-4
2026-09-13 19:09:20.962,1789337360.962431,-4
2026-09-13 19:09:20.970,1789337360.9701233,4
2026-09-13 19:09:20.977,1789337360.9778154,12
2026-09-13 19:09:20.985,1789337360.9855077,19
2026-09-13 19:09:20.993,1789337360.9932,29
2026-09-13 19:09:21.000,1789337361.0008924,31
2026-09-13 19:09:21.008,1789337361.0085847,36
2026-09-13 19:09:21.016,1789337361.016277,46
2026-09-13 19:09:21.023,1789337361.0239694,55
2026-09-13 19:09:21.031,1789337361.0316617,63
2026-09-13 19:09:21.039,1789337361.0393538,67
2026-09-13 19:09:21.047,1789337361.0470462,72
2026-09-13 19:09:21.054,1789337361.0547385,70
2026-09-13 19:09:21.062,1789337361.0624309,67
2026-09-13 19:09:21.070,1789337361.0701232,70
2026-09-13 19:09:21.077,1789337361.0778155,75
2026-09-13 19:09:21.085,1789337361.0855079,77
2026-09-13 19:09:21.093,1789337361.0932002,72
2026-09-13 19:09:21.100,1789337361.1008923,48
2026-09-13 19:09:21.108,1789337361.1085846,16
2026-09-13 19:09:21.116,1789337361.116277,-7
2026-09-13 19:09:21.123,1789337361.1239693,-24
2026-09-13 19:09:21.131,1789337361.1316617,-41
2026-09-13 19:09:21.139,1789337361.139354,-50
2026-09-13 19:09:21.147,1789337361.1470463,-53
2026-09-13 19:09:21.154,1789337361.1547387,-48
2026-09-13 19:09:21.162,1789337361.1624308,-46
2026-09-13 19:09:21.170,1789337361.170123,-43
2026-09-13 19:09:21.177,1789337361.1778154,-38
2026-09-13 19:09:21.185,1789337361.1855078,-33
2026-09-13 19:09:21.193,1789337361.1932,-29
2026-09-13 19:09:21.200,1789337361.2008924,-24
2026-09-13 19:09:21.208,1789337361.2085848,-21
2026-09-13 19:09:21.216,1789337361.2162771,-19
2026-09-13 19:09:21.223,1789337361.2239692,-21
2026-09-13 19:09:21.231,1789337361.2316616,-24
2026-09-13 19:09:21.239,1789337361.239354,-33
2026-09-13 19:09:21.247,1789337361.2470462,-33
2026-09-13 19:09:21.254,1789337361.2547386,-24
2026-09-13 19:09:21.262,1789337361.262431,-19
2026-09-13 19:09:21.270,1789337361.2701232,-9
2026-09-13 19:09:21.277,1789337361.2778156,14
2026-09-13 19:09:21.285,1789337361.2855077,33
2026-09-13 19:09:21.293,1789337361.2932,33
2026-09-13 19:09:21.300,1789337361.3008924,14
2026-09-13 19:09:21.308,1789337361.3085847,-7
2026-09-13 19:09:21.316,1789337361.316277,-26
2026-09-13 19:09:21.323,1789337361.3239694,-36
2026-09-13 19:09:21.331,1789337361.3316617,-36
2026-09-13 19:09:21.339,1789337361.339354,-33
2026-09-13 19:09:21.347,1789337361.3470464,-31
2026-09-13 19:09:21.354,1789337361.3547385,-29
2026-09-13 19:09:21.362,1789337361.3624308,-33
2026-09-13 19:09:21.370,1789337361.3701231,-46
2026-09-13 19:09:21.377,1789337361.377254,-31
2026-09-13 19:09:21.384,1789337361.3849463,60
2026-09-13 19:09:21.392,1789337361.3926387,266
2026-09-13 19:09:21.400,1789337361.400331,569
2026-09-13 19:09:21.408,1789337361.4080234,560
2026-09-13 19:09:21.415,1789337361.4157155,-55
2026-09-13 19:09:21.423,1789337361.4234078,-468
2026-09-13 19:09:21.431,1789337361.4311001,-174
2026-09-13 19:09:21.438,1789337361.4387925,41
2026-09-13 19:09:21.446,1789337361.4464848,-75
2026-09-13 19:09:21.454,1789337361.4541771,-80
2026-09-13 19:09:21.461,1789337361.4618695,-12
2026-09-13 19:09:21.469,1789337361.4695618,-41
2026-09-13 19:09:21.477,1789337361.477254,-55
2026-09-13 19:09:21.484,1789337361.4849463,-26
2026-09-13 19:09:21.492,1789337361.4926386,-24
2026-09-13 19:09:21.500,1789337361.500331,-29
2026-09-13 19:09:21.508,1789337361.5080233,-14
2026-09-13 19:09:21.515,1789337361.5157156,-4
2026-09-13 19:09:21.523,1789337361.523408,-4
2026-09-13 19:09:21.531,1789337361.5311003,2
2026-09-13 19:09:21.538,1789337361.5387924,12
2026-09-13 19:09:21.546,1789337361.5464847,16
2026-09-13 19:09:21.554,1789337361.554177,24
2026-09-13 19:09:21.561,1789337361.5618694,33
2026-09-13 19:09:21.569,1789337361.5695617,38
2026-09-13 19:09:21.577,1789337361.577254,43
2026-09-13 19:09:21.584,1789337361.5849464,46
2026-09-13 19:09:21.592,1789337361.5926387,48
2026-09-13 19:09:21.600,1789337361.6003308,48
2026-09-13 19:09:21.608,1789337361.6080232,50
2026-09-13 19:09:21.615,1789337361.6157155,50
2026-09-13 19:09:21.623,1789337361.6234078,53
2026-09-13 19:09:21.631,1789337361.6311002,48
2026-09-13 19:09:21.638,1789337361.6387925,26
2026-09-13 19:09:21.646,1789337361.6464849,-4
2026-09-13 19:09:21.654,1789337361.6541772,-31
2026-09-13 19:09:21.661,1789337361.6618693,-50
2026-09-13 19:09:21.669,1789337361.6695616,-67
2026-09-13 19:09:21.677,1789337361.677254,-75
2026-09-13 19:09:21.684,1789337361.6849463,-80
2026-09-13 19:09:21.692,1789337361.6926386,-82
2026-09-13 19:09:21.700,1789337361.700331,-80
2026-09-13 19:09:21.708,1789337361.7080233,-72
2026-09-13 19:09:21.715,1789337361.7157156,-65
2026-09-13 19:09:21.723,1789337361.7234077,-63
2026-09-13 19:09:21.731,1789337361.7311,-63
2026-09-13 19:09:21.738,1789337361.7387924,-58
2026-09-13 19:09:21.746,1789337361.7464848,-53
2026-09-13 19:09:21.754,1789337361.754177,-48
2026-09-13 19:09:21.761,1789337361.7618694,-48
2026-09-13 19:09:21.769,1789337361.7695618,-55
2026-09-13 19:09:21.777,1789337361.777254,-58
2026-09-13 19:09:21.784,1789337361.7849462,-53
2026-09-13 19:09:21.792,1789337361.7926385,-48
2026-09-13 19:09:21.800,1789337361.8003309,-38
2026-09-13 19:09:21.808,1789337361.8080232,-16
2026-09-13 19:09:21.815,1789337361.8157156,2
2026-09-13 19:09:21.823,1789337361.823408,12
2026-09-13 19:09:21.831,1789337361.8311002,2
2026-09-13 19:09:21.838,1789337361.8387926,-26
2026-09-13 19:09:21.846,1789337361.8464847,-48
2026-09-13 19:09:21.854,1789337361.854177,-53
2026-09-13 19:09:21.861,1789337361.8618693,-55
2026-09-13 19:09:21.869,1789337361.8695617,-63
2026-09-13 19:09:21.877,1789337361.877254,-63
2026-09-13 19:09:21.884,1789337361.8849463,-58
2026-09-13 19:09:21.892,1789337361.8926387,-58
2026-09-13 19:09:21.900,1789337361.900331,-63
2026-09-13 19:09:21.908,1789337361.9080234,-60
2026-09-13 19:09:21.915,1789337361.9157155,2
2026-09-13 19:09:21.923,1789337361.9234078,179
2026-09-13 19:09:21.931,1789337361.9311001,475
2026-09-13 19:09:21.938,1789337361.9382002,601
2026-09-13 19:09:21.945,1789337361.9458926,126
2026-09-13 19:09:21.953,1789337361.953585,-451
2026-09-13 19:09:21.961,1789337361.9612772,-320
2026-09-13 19:09:21.968,1789337361.9689696,-2
2026-09-13 19:09:21.976,1789337361.9766617,-60
2026-09-13 19:09:21.984,1789337361.984354,-111
2026-09-13 19:09:21.992,1789337361.9920464,-33
2026-09-13 19:09:21.999,1789337361.9997387,-43
2026-09-13 19:09:22.007,1789337362.007431,-75
2026-09-13 19:09:22.015,1789337362.0151234,-50
2026-09-13 19:09:22.022,1789337362.0228157,-38
2026-09-13 19:09:22.030,1789337362.030508,-46
2026-09-13 19:09:22.038,1789337362.0382001,-33
2026-09-13 19:09:22.045,1789337362.0458925,-21
2026-09-13 19:09:22.053,1789337362.0535848,-21
2026-09-13 19:09:22.061,1789337362.0612772,-12
2026-09-13 19:09:22.068,1789337362.0689695,0
2026-09-13 19:09:22.076,1789337362.0766618,4
2026-09-13 19:09:22.084,1789337362.0843542,9
2026-09-13 19:09:22.092,1789337362.0920465,21
2026-09-13 19:09:22.099,1789337362.0997386,31
2026-09-13 19:09:22.107,1789337362.107431,36
2026-09-13 19:09:22.115,1789337362.1151233,38
2026-09-13 19:09:22.122,1789337362.1228156,41
2026-09-13 19:09:22.130,1789337362.130508,43
2026-09-13 19:09:22.138,1789337362.1382003,41
2026-09-13 19:09:22.145,1789337362.1458926,43
2026-09-13 19:09:22.153,1789337362.153585,50
2026-09-13 19:09:22.161,1789337362.161277,46
2026-09-13 19:09:22.168,1789337362.1689694,19
2026-09-13 19:09:22.176,1789337362.1766617,-12
2026-09-13 19:09:22.184,1789337362.184354,-41
2026-09-13 19:09:22.192,1789337362.1920464,-63
2026-09-13 19:09:22.199,1789337362.1997387,-82
2026-09-13 19:09:22.207,1789337362.207431,-87
2026-09-13 19:09:22.215,1789337362.2151234,-84
2026-09-13 19:09:22.222,1789337362.2228155,-87
2026-09-13 19:09:22.230,1789337362.2305079,-89
2026-09-13 19:09:22.238,1789337362.2382002,-87
2026-09-13 19:09:22.245,1789337362.2458925,-82
2026-09-13 19:09:22.253,1789337362.2535849,-80
2026-09-13 19:09:22.261,1789337362.2612772,-75
2026-09-13 19:09:22.268,1789337362.2689695,-67
2026-09-13 19:09:22.276,1789337362.2766619,-60
2026-09-13 19:09:22.284,1789337362.284354,-55
2026-09-13 19:09:22.292,1789337362.2920463,-58
2026-09-13 19:09:22.299,1789337362.2997386,-65
2026-09-13 19:09:22.307,1789337362.307431,-67
2026-09-13 19:09:22.315,1789337362.3151233,-60
2026-09-13 19:09:22.322,1789337362.3228157,-55
2026-09-13 19:09:22.330,1789337362.330508,-41
2026-09-13 19:09:22.338,1789337362.3382003,-16
2026-09-13 19:09:22.345,1789337362.3458924,-2
2026-09-13 19:09:22.353,1789337362.3535848,2
2026-09-13 19:09:22.361,1789337362.361277,-7
2026-09-13 19:09:22.368,1789337362.3689694,-31
2026-09-13 19:09:22.376,1789337362.3766618,-50
2026-09-13 19:09:22.384,1789337362.384354,-65
2026-09-13 19:09:22.392,1789337362.3920465,-67
2026-09-13 19:09:22.399,1789337362.3997388,-63
2026-09-13 19:09:22.407,1789337362.407431,-58
2026-09-13 19:09:22.415,1789337362.4151232,-63
2026-09-13 19:09:22.422,1789337362.4228156,-63
2026-09-13 19:09:22.430,1789337362.430508,-65
2026-09-13 19:09:22.438,1789337362.4382002,-48
2026-09-13 19:09:22.445,1789337362.4458926,63
2026-09-13 19:09:22.453,1789337362.453585,298
2026-09-13 19:09:22.461,1789337362.4612772,599
2026-09-13 19:09:22.468,1789337362.4689696,572
2026-09-13 19:09:22.476,1789337362.4766617,-58
2026-09-13 19:09:22.484,1789337362.484354,-502
2026-09-13 19:09:22.492,1789337362.4920464,-223
2026-09-13 19:09:22.499,1789337362.4991772,2
2026-09-13 19:09:22.506,1789337362.5068696,-109
2026-09-13 19:09:22.514,1789337362.514562,-106
2026-09-13 19:09:22.522,1789337362.5222542,-33
2026-09-13 19:09:22.529,1789337362.5299466,-67
2026-09-13 19:09:22.537,1789337362.5376387,-82
2026-09-13 19:09:22.545,1789337362.545331,-50
2026-09-13 19:09:22.553,1789337362.5530233,-43
2026-09-13 19:09:22.560,1789337362.5607157,-48
2026-09-13 19:09:22.568,1789337362.568408,-36
2026-09-13 19:09:22.576,1789337362.5761003,-26
2026-09-13 19:09:22.583,1789337362.5837927,-19
2026-09-13 19:09:22.591,1789337362.591485,-9
2026-09-13 19:09:22.599,1789337362.5991771,-2
2026-09-13 19:09:22.606,1789337362.6068695,4
2026-09-13 19:09:22.614,1789337362.6145618,14
2026-09-13 19:09:22.622,1789337362.6222541,24
2026-09-13 19:09:22.629,1789337362.6299465,36
2026-09-13 19:09:22.637,1789337362.6376388,46
2026-09-13 19:09:22.645,1789337362.6453311,50
2026-09-13 19:09:22.653,1789337362.6530235,55
2026-09-13 19:09:22.660,1789337362.6607156,55
2026-09-13 19:09:22.668,1789337362.668408,58
2026-09-13 19:09:22.676,1789337362.6761003,63
2026-09-13 19:09:22.683,1789337362.6837926,63
2026-09-13 19:09:22.691,1789337362.691485,53
2026-09-13 19:09:22.699,1789337362.6991773,26
2026-09-13 19:09:22.706,1789337362.7068696,-14
2026-09-13 19:09:22.714,1789337362.714562,-50
2026-09-13 19:09:22.722,1789337362.722254,-75
2026-09-13 19:09:22.729,1789337362.7299464,-89
2026-09-13 19:09:22.737,1789337362.7376387,-101
2026-09-13 19:09:22.745,1789337362.745331,-106
2026-09-13 19:09:22.753,1789337362.7530234,-109
2026-09-13 19:09:22.760,1789337362.7607157,-109
2026-09-13 19:09:22.768,1789337362.768408,-101
2026-09-13 19:09:22.776,1789337362.7761004,-94
2026-09-13 19:09:22.783,1789337362.7837925,-89
2026-09-13 19:09:22.791,1789337362.7914848,-84
2026-09-13 19:09:22.799,1789337362.7991772,-77
2026-09-13 19:09:22.806,1789337362.8068695,-75
2026-09-13 19:09:22.814,1789337362.8145618,-75
2026-09-13 19:09:22.822,1789337362.8222542,-77
2026-09-13 19:09:22.829,1789337362.8299465,-80
2026-09-13 19:09:22.837,1789337362.8376389,-72
2026-09-13 19:09:22.845,1789337362.845331,-67
2026-09-13 19:09:22.853,1789337362.8530233,-58
2026-09-13 19:09:22.860,1789337362.8607156,-36
2026-09-13 19:09:22.868,1789337362.868408,-14
2026-09-13 19:09:22.876,1789337362.8761003,-9
2026-09-13 19:09:22.883,1789337362.8837926,-29
2026-09-13 19:09:22.891,1789337362.891485,-53
2026-09-13 19:09:22.899,1789337362.8991773,-70
2026-09-13 19:09:22.906,1789337362.9068694,-77
2026-09-13 19:09:22.914,1789337362.9145617,-82
2026-09-13 19:09:22.922,1789337362.922254,-84
2026-09-13 19:09:22.929,1789337362.9299464,-80
2026-09-13 19:09:22.937,1789337362.9376388,-77
2026-09-13 19:09:22.945,1789337362.945331,-82
2026-09-13 19:09:22.953,1789337362.9530234,-92
2026-09-13 19:09:22.960,1789337362.9607158,-80
2026-09-13 19:09:22.968,1789337362.9684079,12
2026-09-13 19:09:22.976,1789337362.9761002,227
2026-09-13 19:09:22.983,1789337362.9837925,538
2026-09-13 19:09:22.991,1789337362.9914849,584
2026-09-13 19:09:22.999,1789337362.9991772,0
2026-09-13 19:09:23.006,1789337363.0068696,-506
2026-09-13 19:09:23.014,1789337363.014562,-274
2026-09-13 19:09:23.022,1789337363.0222542,-7
2026-09-13 19:09:23.029,1789337363.0299466,-111
2026-09-13 19:09:23.037,1789337363.0376387,-133
2026-09-13 19:09:23.045,1789337363.045331,-55
2026-09-13 19:09:23.053,1789337363.0530233,-80
2026-09-13 19:09:23.060,1789337363.0601437,-101
2026-09-13 19:09:23.067,1789337363.067836,-72
2026-09-13 19:09:23.075,1789337363.0755284,-67
2026-09-13 19:09:23.083,1789337363.0832207,-72
2026-09-13 19:09:23.090,1789337363.090913,-58
2026-09-13 19:09:23.098,1789337363.0986052,-46
2026-09-13 19:09:23.106,1789337363.1062975,-43
2026-09-13 19:09:23.113,1789337363.1139898,-36
2026-09-13 19:09:23.121,1789337363.1216822,-29
2026-09-13 19:09:23.129,1789337363.1293745,-24
2026-09-13 19:09:23.137,1789337363.1370668,-16
2026-09-13 19:09:23.144,1789337363.1447592,-4
2026-09-13 19:09:23.152,1789337363.1524515,2
2026-09-13 19:09:23.160,1789337363.1601436,7
2026-09-13 19:09:23.167,1789337363.167836,14
2026-09-13 19:09:23.175,1789337363.1755283,16
2026-09-13 19:09:23.183,1789337363.1832206,12
2026-09-13 19:09:23.190,1789337363.190913,12
2026-09-13 19:09:23.198,1789337363.1986053,16
2026-09-13 19:09:23.206,1789337363.2062976,24
2026-09-13 19:09:23.213,1789337363.21399,14
2026-09-13 19:09:23.221,1789337363.221682,-14
2026-09-13 19:09:23.229,1789337363.2293744,-43
2026-09-13 19:09:23.237,1789337363.2370667,-67
2026-09-13 19:09:23.244,1789337363.244759,-89
2026-09-13 19:09:23.252,1789337363.2524514,-104
2026-09-13 19:09:23.260,1789337363.2601438,-109
2026-09-13 19:09:23.267,1789337363.267836,-109
2026-09-13 19:09:23.275,1789337363.2755284,-111
2026-09-13 19:09:23.283,1789337363.2832205,-113
2026-09-13 19:09:23.290,1789337363.2909129,-109
2026-09-13 19:09:23.298,1789337363.2986052,-101
2026-09-13 19:09:23.306,1789337363.3062975,-94
2026-09-13 19:09:23.313,1789337363.3139899,-87
2026-09-13 19:09:23.321,1789337363.3216822,-84
2026-09-13 19:09:23.329,1789337363.3293746,-82
2026-09-13 19:09:23.337,1789337363.337067,-82
2026-09-13 19:09:23.344,1789337363.344759,-84
2026-09-13 19:09:23.352,1789337363.3524513,-87
2026-09-13 19:09:23.360,1789337363.3601437,-80
2026-09-13 19:09:23.367,1789337363.367836,-75
2026-09-13 19:09:23.375,1789337363.3755283,-70
2026-09-13 19:09:23.383,1789337363.3832207,-46
2026-09-13 19:09:23.390,1789337363.390913,-21
2026-09-13 19:09:23.398,1789337363.3986053,-16
2026-09-13 19:09:23.406,1789337363.4062974,-33
2026-09-13 19:09:23.413,1789337363.4139898,-55
2026-09-13 19:09:23.421,1789337363.4216821,-75
2026-09-13 19:09:23.429,1789337363.4293745,-84
2026-09-13 19:09:23.437,1789337363.4370668,-87
2026-09-13 19:09:23.444,1789337363.4447591,-87
2026-09-13 19:09:23.452,1789337363.4524515,-84
2026-09-13 19:09:23.460,1789337363.4601438,-80
2026-09-13 19:09:23.467,1789337363.467836,-84
2026-09-13 19:09:23.475,1789337363.4755282,-97
2026-09-13 19:09:23.483,1789337363.4832206,-94
2026-09-13 19:09:23.490,1789337363.490913,-14
2026-09-13 19:09:23.498,1789337363.4986053,186
2026-09-13 19:09:23.506,1789337363.5062976,516
2026-09-13 19:09:23.513,1789337363.51399,637
2026-09-13 19:09:23.521,1789337363.5216823,101
2026-09-13 19:09:23.529,1789337363.5293744,-465
2026-09-13 19:09:23.537,1789337363.5370667,-288
2026-09-13 19:09:23.544,1789337363.544759,-2
2026-09-13 19:09:23.552,1789337363.5524514,-104
2026-09-13 19:09:23.560,1789337363.5601437,-150
2026-09-13 19:09:23.567,1789337363.567836,-67
2026-09-13 19:09:23.575,1789337363.5755284,-82
2026-09-13 19:09:23.583,1789337363.5832207,-109
2026-09-13 19:09:23.590,1789337363.590913,-77
2026-09-13 19:09:23.598,1789337363.5986052,-65
2026-09-13 19:09:23.606,1789337363.6062975,-70
2026-09-13 19:09:23.613,1789337363.6139898,-58
2026-09-13 19:09:23.621,1789337363.6211002,-48
2026-09-13 19:09:23.628,1789337363.6287925,-48
2026-09-13 19:09:23.636,1789337363.6364849,-41
2026-09-13 19:09:23.644,1789337363.6441772,-31
2026-09-13 19:09:23.651,1789337363.6518695,-26
2026-09-13 19:09:23.659,1789337363.6595616,-21
2026-09-13 19:09:23.667,1789337363.667254,-12
2026-09-13 19:09:23.674,1789337363.6749463,-4
2026-09-13 19:09:23.682,1789337363.6826386,-4
2026-09-13 19:09:23.690,1789337363.690331,-4
2026-09-13 19:09:23.698,1789337363.6980233,-4
2026-09-13 19:09:23.705,1789337363.7057157,-9
2026-09-13 19:09:23.713,1789337363.713408,-14
2026-09-13 19:09:23.721,1789337363.7211,-12
2026-09-13 19:09:23.728,1789337363.7287924,-4
2026-09-13 19:09:23.736,1789337363.7364848,-7
2026-09-13 19:09:23.744,1789337363.744177,-19
2026-09-13 19:09:23.751,1789337363.7518694,-43
2026-09-13 19:09:23.759,1789337363.7595618,-65
2026-09-13 19:09:23.767,1789337363.767254,-84
2026-09-13 19:09:23.774,1789337363.7749465,-97
2026-09-13 19:09:23.782,1789337363.7826385,-99
2026-09-13 19:09:23.790,1789337363.790331,-99
2026-09-13 19:09:23.798,1789337363.7980232,-101
2026-09-13 19:09:23.805,1789337363.8057156,-99
2026-09-13 19:09:23.813,1789337363.813408,-94
2026-09-13 19:09:23.821,1789337363.8211002,-87
2026-09-13 19:09:23.828,1789337363.8287926,-77
2026-09-13 19:09:23.836,1789337363.836485,-70
2026-09-13 19:09:23.844,1789337363.844177,-65
2026-09-13 19:09:23.851,1789337363.8518693,-65
2026-09-13 19:09:23.859,1789337363.8595617,-67
2026-09-13 19:09:23.867,1789337363.867254,-72
2026-09-13 19:09:23.874,1789337363.8749464,-70
2026-09-13 19:09:23.882,1789337363.8826387,-67
2026-09-13 19:09:23.890,1789337363.890331,-63
2026-09-13 19:09:23.898,1789337363.8980234,-50
2026-09-13 19:09:23.905,1789337363.9057155,-29
2026-09-13 19:09:23.913,1789337363.9134078,-12
2026-09-13 19:09:23.921,1789337363.9211001,-7
2026-09-13 19:09:23.928,1789337363.9287925,-21
2026-09-13 19:09:23.936,1789337363.9364848,-48
2026-09-13 19:09:23.944,1789337363.9441772,-67
2026-09-13 19:09:23.951,1789337363.9518695,-75
2026-09-13 19:09:23.959,1789337363.9595618,-72
2026-09-13 19:09:23.967,1789337363.967254,-75
2026-09-13 19:09:23.974,1789337363.9749463,-75
2026-09-13 19:09:23.982,1789337363.9826386,-72
2026-09-13 19:09:23.990,1789337363.990331,-75
2026-09-13 19:09:23.998,1789337363.9980233,-89
2026-09-13 19:09:24.005,1789337364.0057156,-72
2026-09-13 19:09:24.013,1789337364.013408,31
2026-09-13 19:09:24.021,1789337364.0211003,269
2026-09-13 19:09:24.028,1789337364.0287924,601
2026-09-13 19:09:24.036,1789337364.0364847,584
2026-09-13 19:09:24.044,1789337364.044177,-65
2026-09-13 19:09:24.051,1789337364.0518694,-482
2026-09-13 19:09:24.059,1789337364.0595617,-179
2026-09-13 19:09:24.067,1789337364.067254,12
2026-09-13 19:09:24.074,1789337364.0749464,-123
2026-09-13 19:09:24.082,1789337364.0826387,-121
2026-09-13 19:09:24.090,1789337364.0903308,-50
2026-09-13 19:09:24.098,1789337364.0980232,-84
2026-09-13 19:09:24.105,1789337364.1057155,-94
2026-09-13 19:09:24.113,1789337364.1134079,-63
2026-09-13 19:09:24.121,1789337364.1211002,-63
2026-09-13 19:09:24.128,1789337364.1287925,-65
2026-09-13 19:09:24.136,1789337364.1364849,-50
2026-09-13 19:09:24.144,1789337364.1441772,-43
2026-09-13 19:09:24.151,1789337364.1518695,-38
2026-09-13 19:09:24.159,1789337364.1595616,-29
2026-09-13 19:09:24.167,1789337364.167254,-24
2026-09-13 19:09:24.174,1789337364.1749463,-21
2026-09-13 19:09:24.182,1789337364.182077,-14
2026-09-13 19:09:24.189,1789337364.1897693,-4
2026-09-13 19:09:24.197,1789337364.1974616,2
2026-09-13 19:09:24.205,1789337364.205154,2
2026-09-13 19:09:24.212,1789337364.2128463,0
2026-09-13 19:09:24.220,1789337364.2205384,-2
2026-09-13 19:09:24.228,1789337364.2282307,0
2026-09-13 19:09:24.235,1789337364.235923,-2
2026-09-13 19:09:24.243,1789337364.2436154,-4
2026-09-13 19:09:24.251,1789337364.2513077,-2
2026-09-13 19:09:24.259,1789337364.259,-9
2026-09-13 19:09:24.266,1789337364.2666924,-26
2026-09-13 19:09:24.274,1789337364.2743847,-46
2026-09-13 19:09:24.282,1789337364.2820768,-65
2026-09-13 19:09:24.289,1789337364.2897692,-82
2026-09-13 19:09:24.297,1789337364.2974615,-92
2026-09-13 19:09:24.305,1789337364.3051538,-97
2026-09-13 19:09:24.312,1789337364.3128462,-99
2026-09-13 19:09:24.320,1789337364.3205385,-94
2026-09-13 19:09:24.328,1789337364.3282309,-92
2026-09-13 19:09:24.335,1789337364.3359232,-84
2026-09-13 19:09:24.343,1789337364.3436153,-75
2026-09-13 19:09:24.351,1789337364.3513076,-70
2026-09-13 19:09:24.359,1789337364.359,-70
2026-09-13 19:09:24.366,1789337364.3666923,-67
2026-09-13 19:09:24.374,1789337364.3743846,-63
2026-09-13 19:09:24.382,1789337364.382077,-60
2026-09-13 19:09:24.389,1789337364.3897693,-67
2026-09-13 19:09:24.397,1789337364.3974617,-72
2026-09-13 19:09:24.405,1789337364.4051538,-67
2026-09-13 19:09:24.412,1789337364.412846,-60
2026-09-13 19:09:24.420,1789337364.4205384,-48
2026-09-13 19:09:24.428,1789337364.4282308,-31
2026-09-13 19:09:24.435,1789337364.435923,-9
2026-09-13 19:09:24.443,1789337364.4436154,-2
2026-09-13 19:09:24.451,1789337364.4513078,-16
2026-09-13 19:09:24.459,1789337364.459,-38
2026-09-13 19:09:24.466,1789337364.4666922,-55
2026-09-13 19:09:24.474,1789337364.4743845,-70
2026-09-13 19:09:24.482,1789337364.482077,-72
2026-09-13 19:09:24.489,1789337364.4897692,-75
2026-09-13 19:09:24.497,1789337364.4974616,-72
2026-09-13 19:09:24.505,1789337364.505154,-67
2026-09-13 19:09:24.512,1789337364.5128462,-70
2026-09-13 19:09:24.520,1789337364.5205386,-89
2026-09-13 19:09:24.528,1789337364.5282307,-82
2026-09-13 19:09:24.535,1789337364.535923,14
2026-09-13 19:09:24.543,1789337364.5436153,237
2026-09-13 19:09:24.551,1789337364.5513077,569
2026-09-13 19:09:24.559,1789337364.559,630
2026-09-13 19:09:24.566,1789337364.5666924,36
2026-09-13 19:09:24.574,1789337364.5743847,-470
2026-09-13 19:09:24.582,1789337364.582077,-232
2026-09-13 19:09:24.589,1789337364.5897691,16
2026-09-13 19:09:24.597,1789337364.5974615,-99
2026-09-13 19:09:24.605,1789337364.6051538,-126
2026-09-13 19:09:24.612,1789337364.6128461,-50
2026-09-13 19:09:24.620,1789337364.6205385,-72
2026-09-13 19:09:24.628,1789337364.6282308,-92
2026-09-13 19:09:24.635,1789337364.6359231,-60
2026-09-13 19:09:24.643,1789337364.6436155,-55
2026-09-13 19:09:24.651,1789337364.6513076,-63
2026-09-13 19:09:24.659,1789337364.659,-46
2026-09-13 19:09:24.666,1789337364.6666923,-33
2026-09-13 19:09:24.674,1789337364.6743846,-33
2026-09-13 19:09:24.682,1789337364.682077,-29
2026-09-13 19:09:24.689,1789337364.6897693,-14
2026-09-13 19:09:24.697,1789337364.6974616,-7
2026-09-13 19:09:24.705,1789337364.705154,-4
2026-09-13 19:09:24.712,1789337364.7128463,0
2026-09-13 19:09:24.720,1789337364.7205384,7
2026-09-13 19:09:24.728,1789337364.7282307,9
2026-09-13 19:09:24.735,1789337364.735923,9
2026-09-13 19:09:24.743,1789337364.7430232,4
2026-09-13 19:09:24.750,1789337364.7507155,0
2026-09-13 19:09:24.758,1789337364.7584078,-4
2026-09-13 19:09:24.766,1789337364.7661002,-2
2026-09-13 19:09:24.773,1789337364.7737925,0
2026-09-13 19:09:24.781,1789337364.7814846,-4
2026-09-13 19:09:24.789,1789337364.789177,-19
2026-09-13 19:09:24.796,1789337364.7968693,-43
2026-09-13 19:09:24.804,1789337364.8045616,-65
2026-09-13 19:09:24.812,1789337364.812254,-80
2026-09-13 19:09:24.819,1789337364.8199463,-89
2026-09-13 19:09:24.827,1789337364.8276386,-92
2026-09-13 19:09:24.835,1789337364.835331,-92
2026-09-13 19:09:24.843,1789337364.843023,-92
2026-09-13 19:09:24.850,1789337364.8507154,-89
2026-09-13 19:09:24.858,1789337364.8584077,-82
2026-09-13 19:09:24.866,1789337364.8661,-77
2026-09-13 19:09:24.873,1789337364.8737924,-67
2026-09-13 19:09:24.881,1789337364.8814847,-60
2026-09-13 19:09:24.889,1789337364.889177,-55
2026-09-13 19:09:24.896,1789337364.8968694,-53
2026-09-13 19:09:24.904,1789337364.9045615,-53
2026-09-13 19:09:24.912,1789337364.9122539,-58
2026-09-13 19:09:24.919,1789337364.9199462,-63
2026-09-13 19:09:24.927,1789337364.9276385,-63
2026-09-13 19:09:24.935,1789337364.9353309,-58
2026-09-13 19:09:24.943,1789337364.9430232,-53
2026-09-13 19:09:24.950,1789337364.9507155,-43
2026-09-13 19:09:24.958,1789337364.9584079,-16
2026-09-13 19:09:24.966,1789337364.9661,2
2026-09-13 19:09:24.973,1789337364.9737923,2
2026-09-13 19:09:24.981,1789337364.9814847,-16
2026-09-13 19:09:24.989,1789337364.989177,-38
2026-09-13 19:09:24.996,1789337364.9968693,-58
2026-09-13 19:09:25.004,1789337365.0045617,-65
2026-09-13 19:09:25.012,1789337365.012254,-63
2026-09-13 19:09:25.019,1789337365.0199463,-65
2026-09-13 19:09:25.027,1789337365.0276384,-65
2026-09-13 19:09:25.035,1789337365.0353308,-63
2026-09-13 19:09:25.043,1789337365.043023,-67
2026-09-13 19:09:25.050,1789337365.0507154,-80
2026-09-13 19:09:25.058,1789337365.0584078,-63
2026-09-13 19:09:25.066,1789337365.0661001,50
2026-09-13 19:09:25.073,1789337365.0737925,293
2026-09-13 19:09:25.081,1789337365.0814848,620
2026-09-13 19:09:25.089,1789337365.089177,591
2026-09-13 19:09:25.096,1789337365.0968692,-67
2026-09-13 19:09:25.104,1789337365.1045616,-468
2026-09-13 19:09:25.112,1789337365.112254,-160
2026-09-13 19:09:25.119,1789337365.1199462,21
2026-09-13 19:09:25.127,1789337365.1276386,-116
2026-09-13 19:09:25.135,1789337365.135331,-106
2026-09-13 19:09:25.143,1789337365.1430233,-36
2026-09-13 19:09:25.150,1789337365.1507154,-72
2026-09-13 19:09:25.158,1789337365.1584077,-82
2026-09-13 19:09:25.166,1789337365.1661,-48
2026-09-13 19:09:25.173,1789337365.1737924,-48
2026-09-13 19:09:25.181,1789337365.1814847,-53
2026-09-13 19:09:25.189,1789337365.189177,-36
2026-09-13 19:09:25.196,1789337365.1968694,-29
2026-09-13 19:09:25.204,1789337365.2045617,-24
2026-09-13 19:09:25.212,1789337365.2122538,-14
2026-09-13 19:09:25.219,1789337365.2199461,-7
2026-09-13 19:09:25.227,1789337365.2276385,-4
2026-09-13 19:09:25.235,1789337365.2353308,4
2026-09-13 19:09:25.243,1789337365.2430232,14
2026-09-13 19:09:25.250,1789337365.2507155,16
2026-09-13 19:09:25.258,1789337365.2584078,16
2026-09-13 19:09:25.266,1789337365.2661002,16
2026-09-13 19:09:25.273,1789337365.2737925,16
2026-09-13 19:09:25.281,1789337365.2814846,12
2026-09-13 19:09:25.289,1789337365.289177,9
2026-09-13 19:09:25.296,1789337365.2968693,7
2026-09-13 19:09:25.303,1789337365.3039694,9
2026-09-13 19:09:25.311,1789337365.3116617,9
2026-09-13 19:09:25.319,1789337365.319354,-9
2026-09-13 19:09:25.327,1789337365.3270464,-33
2026-09-13 19:09:25.334,1789337365.3347387,-50
2026-09-13 19:09:25.342,1789337365.3424308,-67
2026-09-13 19:09:25.350,1789337365.3501232,-77
2026-09-13 19:09:25.357,1789337365.3578155,-77
2026-09-13 19:09:25.365,1789337365.3655078,-75
2026-09-13 19:09:25.373,1789337365.3732002,-72
2026-09-13 19:09:25.380,1789337365.3808925,-70
2026-09-13 19:09:25.388,1789337365.3885849,-65
2026-09-13 19:09:25.396,1789337365.3962772,-58
2026-09-13 19:09:25.403,1789337365.4039693,-50
2026-09-13 19:09:25.411,1789337365.4116616,-48
2026-09-13 19:09:25.419,1789337365.419354,-46
2026-09-13 19:09:25.427,1789337365.4270463,-43
2026-09-13 19:09:25.434,1789337365.4347386,-41
2026-09-13 19:09:25.442,1789337365.442431,-36
2026-09-13 19:09:25.450,1789337365.4501233,-33
2026-09-13 19:09:25.457,1789337365.4578156,-41
2026-09-13 19:09:25.465,1789337365.4655077,-50
2026-09-13 19:09:25.473,1789337365.4732,-50
2026-09-13 19:09:25.480,1789337365.4808924,-41
2026-09-13 19:09:25.488,1789337365.4885848,-33
2026-09-13 19:09:25.496,1789337365.496277,-16
2026-09-13 19:09:25.503,1789337365.5039694,7
2026-09-13 19:09:25.511,1789337365.5116618,14
2026-09-13 19:09:25.519,1789337365.519354,4
2026-09-13 19:09:25.527,1789337365.5270462,-14
2026-09-13 19:09:25.534,1789337365.5347385,-33
2026-09-13 19:09:25.542,1789337365.5424309,-46
2026-09-13 19:09:25.550,1789337365.5501232,-50
2026-09-13 19:09:25.557,1789337365.5578156,-50
2026-09-13 19:09:25.565,1789337365.565508,-48
2026-09-13 19:09:25.573,1789337365.5732002,-46
2026-09-13 19:09:25.580,1789337365.5808926,-46
2026-09-13 19:09:25.588,1789337365.5885847,-58
2026-09-13 19:09:25.596,1789337365.596277,-65
2026-09-13 19:09:25.603,1789337365.6039693,0
2026-09-13 19:09:25.611,1789337365.6116617,189
2026-09-13 19:09:25.619,1789337365.619354,509
2026-09-13 19:09:25.627,1789337365.6270463,729
2026-09-13 19:09:25.634,1789337365.6347387,320
2026-09-13 19:09:25.642,1789337365.642431,-361
2026-09-13 19:09:25.650,1789337365.6501231,-341
2026-09-13 19:09:25.657,1789337365.6578155,7
2026-09-13 19:09:25.665,1789337365.6655078,-31
2026-09-13 19:09:25.673,1789337365.6732001,-128
2026-09-13 19:09:25.680,1789337365.6808925,-50
2026-09-13 19:09:25.688,1789337365.6885848,-38
2026-09-13 19:09:25.696,1789337365.6962771,-77
2026-09-13 19:09:25.703,1789337365.7039695,-55
2026-09-13 19:09:25.711,1789337365.7116616,-36
2026-09-13 19:09:25.719,1789337365.719354,-43
2026-09-13 19:09:25.727,1789337365.7270463,-33
2026-09-13 19:09:25.734,1789337365.7347386,-21
2026-09-13 19:09:25.742,1789337365.742431,-16
2026-09-13 19:09:25.750,1789337365.7501233,-9
2026-09-13 19:09:25.757,1789337365.7578156,0
2026-09-13 19:09:25.765,1789337365.765508,4
2026-09-13 19:09:25.773,1789337365.7732,9
2026-09-13 19:09:25.780,1789337365.7808924,19
2026-09-13 19:09:25.788,1789337365.7885847,24
2026-09-13 19:09:25.796,1789337365.796277,29
2026-09-13 19:09:25.803,1789337365.8039694,29
2026-09-13 19:09:25.811,1789337365.8116617,24
2026-09-13 19:09:25.819,1789337365.819354,21
2026-09-13 19:09:25.827,1789337365.8270464,21
2026-09-13 19:09:25.834,1789337365.8347387,19
2026-09-13 19:09:25.842,1789337365.8424308,21
2026-09-13 19:09:25.850,1789337365.8501232,21
2026-09-13 19:09:25.857,1789337365.8578155,9
2026-09-13 19:09:25.864,1789337365.8649464,-9
2026-09-13 19:09:25.872,1789337365.8726387,-31
2026-09-13 19:09:25.880,1789337365.880331,-53
2026-09-13 19:09:25.888,1789337365.8880234,-67
2026-09-13 19:09:25.895,1789337365.8957157,-72
2026-09-13 19:09:25.903,1789337365.9034078,-75
2026-09-13 19:09:25.911,1789337365.9111001,-75
2026-09-13 19:09:25.918,1789337365.9187925,-70
2026-09-13 19:09:25.926,1789337365.9264848,-67
2026-09-13 19:09:25.934,1789337365.9341772,-60
2026-09-13 19:09:25.941,1789337365.9418695,-50
2026-09-13 19:09:25.949,1789337365.9495618,-41
2026-09-13 19:09:25.957,1789337365.9572542,-36
2026-09-13 19:09:25.964,1789337365.9649463,-33
2026-09-13 19:09:25.972,1789337365.9726386,-31
2026-09-13 19:09:25.980,1789337365.980331,-26
2026-09-13 19:09:25.988,1789337365.9880233,-24
2026-09-13 19:09:25.995,1789337365.9957156,-24
2026-09-13 19:09:26.003,1789337366.003408,-29
2026-09-13 19:09:26.011,1789337366.0111003,-38
2026-09-13 19:09:26.018,1789337366.0187926,-41
2026-09-13 19:09:26.026,1789337366.0264847,-38
2026-09-13 19:09:26.034,1789337366.034177,-33
2026-09-13 19:09:26.041,1789337366.0418694,-19
2026-09-13 19:09:26.049,1789337366.0495617,4
2026-09-13 19:09:26.057,1789337366.057254,24
2026-09-13 19:09:26.064,1789337366.0649464,21
2026-09-13 19:09:26.072,1789337366.0726388,4
2026-09-13 19:09:26.080,1789337366.080331,-14
2026-09-13 19:09:26.088,1789337366.0880232,-31
2026-09-13 19:09:26.095,1789337366.0957155,-41
2026-09-13 19:09:26.103,1789337366.1034079,-43
2026-09-13 19:09:26.111,1789337366.1111002,-43
2026-09-13 19:09:26.118,1789337366.1187925,-38
2026-09-13 19:09:26.126,1789337366.1264849,-36
2026-09-13 19:09:26.134,1789337366.1341772,-43
2026-09-13 19:09:26.141,1789337366.1418695,-58
2026-09-13 19:09:26.149,1789337366.1495616,-33
2026-09-13 19:09:26.157,1789337366.157254,97
2026-09-13 19:09:26.164,1789337366.1649463,361
2026-09-13 19:09:26.172,1789337366.1726387,691
2026-09-13 19:09:26.180,1789337366.180331,615
2026-09-13 19:09:26.188,1789337366.1880233,-70
2026-09-13 19:09:26.195,1789337366.1957157,-448
2026-09-13 19:09:26.203,1789337366.203408,-128
2026-09-13 19:09:26.211,1789337366.2111,33
2026-09-13 19:09:26.218,1789337366.2187924,-104
2026-09-13 19:09:26.226,1789337366.2264848,-87
2026-09-13 19:09:26.234,1789337366.234177,-21
2026-09-13 19:09:26.241,1789337366.2418694,-60
2026-09-13 19:09:26.249,1789337366.2495618,-65
2026-09-13 19:09:26.257,1789337366.2572541,-31
2026-09-13 19:09:26.264,1789337366.2649465,-31
2026-09-13 19:09:26.272,1789337366.2726386,-36
2026-09-13 19:09:26.280,1789337366.280331,-19
2026-09-13 19:09:26.288,1789337366.2880232,-7
2026-09-13 19:09:26.295,1789337366.2957156,-4
2026-09-13 19:09:26.303,1789337366.303408,2
2026-09-13 19:09:26.311,1789337366.3111002,9
2026-09-13 19:09:26.318,1789337366.3187926,12
2026-09-13 19:09:26.326,1789337366.326485,21
2026-09-13 19:09:26.334,1789337366.334177,31
2026-09-13 19:09:26.341,1789337366.3418694,36
2026-09-13 19:09:26.349,1789337366.3495617,41
2026-09-13 19:09:26.357,1789337366.357254,41
2026-09-13 19:09:26.364,1789337366.3649464,38
2026-09-13 19:09:26.372,1789337366.3726387,31
2026-09-13 19:09:26.380,1789337366.380331,24
2026-09-13 19:09:26.388,1789337366.3880234,24
2026-09-13 19:09:26.395,1789337366.3957157,29
2026-09-13 19:09:26.403,1789337366.4034078,24
2026-09-13 19:09:26.411,1789337366.4111001,7
2026-09-13 19:09:26.418,1789337366.4187925,-16
2026-09-13 19:09:26.425,1789337366.4258926,-38
2026-09-13 19:09:26.433,1789337366.433585,-53
2026-09-13 19:09:26.441,1789337366.4412773,-63
2026-09-13 19:09:26.448,1789337366.4489696,-67
2026-09-13 19:09:26.456,1789337366.456662,-70
2026-09-13 19:09:26.464,1789337366.464354,-67
2026-09-13 19:09:26.472,1789337366.4720464,-65
2026-09-13 19:09:26.479,1789337366.4797387,-58
2026-09-13 19:09:26.487,1789337366.487431,-50
2026-09-13 19:09:26.495,1789337366.4951234,-43
2026-09-13 19:09:26.502,1789337366.5028157,-38
2026-09-13 19:09:26.510,1789337366.510508,-33
2026-09-13 19:09:26.518,1789337366.5182004,-29
2026-09-13 19:09:26.525,1789337366.5258925,-26
2026-09-13 19:09:26.533,1789337366.5335848,-24
2026-09-13 19:09:26.541,1789337366.5412772,-24
2026-09-13 19:09:26.548,1789337366.5489695,-24
2026-09-13 19:09:26.556,1789337366.5566618,-24
2026-09-13 19:09:26.564,1789337366.5643542,-26
2026-09-13 19:09:26.572,1789337366.5720465,-33
2026-09-13 19:09:26.579,1789337366.5797389,-41
2026-09-13 19:09:26.587,1789337366.587431,-36
2026-09-13 19:09:26.595,1789337366.5951233,-29
2026-09-13 19:09:26.602,1789337366.6028156,-16
2026-09-13 19:09:26.610,1789337366.610508,2
2026-09-13 19:09:26.618,1789337366.6182003,21
2026-09-13 19:09:26.625,1789337366.6258926,24
2026-09-13 19:09:26.633,1789337366.633585,7
2026-09-13 19:09:26.641,1789337366.6412773,-12
2026-09-13 19:09:26.648,1789337366.6489694,-29
2026-09-13 19:09:26.656,1789337366.6566617,-38
2026-09-13 19:09:26.664,1789337366.664354,-38
2026-09-13 19:09:26.672,1789337366.6720464,-38
2026-09-13 19:09:26.679,1789337366.6797388,-38
2026-09-13 19:09:26.687,1789337366.687431,-33
2026-09-13 19:09:26.695,1789337366.6951234,-38
2026-09-13 19:09:26.702,1789337366.7028158,-50
2026-09-13 19:09:26.710,1789337366.7105079,-31
2026-09-13 19:09:26.718,1789337366.7182002,89
2026-09-13 19:09:26.725,1789337366.7258925,346
2026-09-13 19:09:26.733,1789337366.733585,683
2026-09-13 19:09:26.741,1789337366.7412772,688
2026-09-13 19:09:26.748,1789337366.7489696,38
2026-09-13 19:09:26.756,1789337366.756662,-446
2026-09-13 19:09:26.764,1789337366.7643542,-179
2026-09-13 19:09:26.772,1789337366.7720463,41
2026-09-13 19:09:26.779,1789337366.7797387,-87
2026-09-13 19:09:26.787,1789337366.787431,-97
2026-09-13 19:09:26.795,1789337366.7951233,-24
2026-09-13 19:09:26.802,1789337366.8028157,-53
2026-09-13 19:09:26.810,1789337366.810508,-67
2026-09-13 19:09:26.818,1789337366.8182003,-33
2026-09-13 19:09:26.825,1789337366.8258927,-31
2026-09-13 19:09:26.833,1789337366.8335848,-33
2026-09-13 19:09:26.841,1789337366.8412771,-16
2026-09-13 19:09:26.848,1789337366.8489695,-9
2026-09-13 19:09:26.856,1789337366.8566618,-7
2026-09-13 19:09:26.864,1789337366.8643541,2
2026-09-13 19:09:26.872,1789337366.8720465,14
2026-09-13 19:09:26.879,1789337366.8797388,16
2026-09-13 19:09:26.887,1789337366.8874311,24
2026-09-13 19:09:26.895,1789337366.8951232,36
2026-09-13 19:09:26.902,1789337366.9028156,41
2026-09-13 19:09:26.910,1789337366.910508,41
2026-09-13 19:09:26.918,1789337366.9182003,43
2026-09-13 19:09:26.925,1789337366.9258926,43
2026-09-13 19:09:26.933,1789337366.933585,36
2026-09-13 19:09:26.941,1789337366.9412773,31
2026-09-13 19:09:26.948,1789337366.9489696,31
2026-09-13 19:09:26.956,1789337366.956662,33
2026-09-13 19:09:26.964,1789337366.964354,31
2026-09-13 19:09:26.972,1789337366.9720464,16
2026-09-13 19:09:26.979,1789337366.9797387,-7
2026-09-13 19:09:26.986,1789337366.986854,-33
2026-09-13 19:09:26.994,1789337366.9945464,-50
2026-09-13 19:09:27.002,1789337367.0022388,-63
2026-09-13 19:09:27.009,1789337367.009931,-70
2026-09-13 19:09:27.017,1789337367.0176234,-72
2026-09-13 19:09:27.025,1789337367.0253155,-70
2026-09-13 19:09:27.033,1789337367.0330079,-65
2026-09-13 19:09:27.040,1789337367.0407002,-58
2026-09-13 19:09:27.048,1789337367.0483925,-50
2026-09-13 19:09:27.056,1789337367.0560849,-46
2026-09-13 19:09:27.063,1789337367.0637772,-38
2026-09-13 19:09:27.071,1789337367.0714695,-31
2026-09-13 19:09:27.079,1789337367.079162,-29
2026-09-13 19:09:27.086,1789337367.086854,-29
2026-09-13 19:09:27.094,1789337367.0945463,-26
2026-09-13 19:09:27.102,1789337367.1022387,-21
2026-09-13 19:09:27.109,1789337367.109931,-21
2026-09-13 19:09:27.117,1789337367.1176233,-24
2026-09-13 19:09:27.125,1789337367.1253157,-24
2026-09-13 19:09:27.133,1789337367.133008,-24
2026-09-13 19:09:27.140,1789337367.1407003,-26
2026-09-13 19:09:27.148,1789337367.1483924,-31
2026-09-13 19:09:27.156,1789337367.1560848,-43
2026-09-13 19:09:27.163,1789337367.163777,-46
2026-09-13 19:09:27.171,1789337367.1714694,-41
2026-09-13 19:09:27.179,1789337367.1791618,-31
2026-09-13 19:09:27.186,1789337367.1868541,-9
2026-09-13 19:09:27.194,1789337367.1945465,16
2026-09-13 19:09:27.202,1789337367.2022388,24
2026-09-13 19:09:27.209,1789337367.209931,14
2026-09-13 19:09:27.217,1789337367.2176232,-2
2026-09-13 19:09:27.225,1789337367.2253156,-19
2026-09-13 19:09:27.233,1789337367.233008,-31
2026-09-13 19:09:27.240,1789337367.2407002,-36
2026-09-13 19:09:27.248,1789337367.2483926,-41
2026-09-13 19:09:27.256,1789337367.256085,-41
2026-09-13 19:09:27.263,1789337367.2637773,-33
2026-09-13 19:09:27.271,1789337367.2714694,-31
2026-09-13 19:09:27.279,1789337367.2791617,-41
2026-09-13 19:09:27.286,1789337367.286854,-46
2026-09-13 19:09:27.294,1789337367.2945464,26
2026-09-13 19:09:27.302,1789337367.3022387,235
2026-09-13 19:09:27.309,1789337367.309931,562
2026-09-13 19:09:27.317,1789337367.3176234,785
2026-09-13 19:09:27.325,1789337367.3253157,404
2026-09-13 19:09:27.333,1789337367.3330078,-310
2026-09-13 19:09:27.340,1789337367.3407001,-371
2026-09-13 19:09:27.348,1789337367.3483925,-9
2026-09-13 19:09:27.356,1789337367.3560848,-16
2026-09-13 19:09:27.363,1789337367.3637772,-126
2026-09-13 19:09:27.371,1789337367.3714695,-55
2026-09-13 19:09:27.379,1789337367.3791618,-36
2026-09-13 19:09:27.386,1789337367.3868542,-77
2026-09-13 19:09:27.394,1789337367.3945463,-55
2026-09-13 19:09:27.402,1789337367.4022386,-31
2026-09-13 19:09:27.409,1789337367.409931,-38
2026-09-13 19:09:27.417,1789337367.4176233,-31
2026-09-13 19:09:27.425,1789337367.4253156,-16
2026-09-13 19:09:27.433,1789337367.433008,-14
2026-09-13 19:09:27.440,1789337367.4407003,-9
2026-09-13 19:09:27.448,1789337367.4483926,2
2026-09-13 19:09:27.456,1789337367.4560847,9
2026-09-13 19:09:27.463,1789337367.463777,14
2026-09-13 19:09:27.471,1789337367.4714694,24
2026-09-13 19:09:27.479,1789337367.4791617,29
2026-09-13 19:09:27.486,1789337367.486854,36
2026-09-13 19:09:27.494,1789337367.4945464,38
2026-09-13 19:09:27.502,1789337367.5022388,38
2026-09-13 19:09:27.509,1789337367.509931,33
2026-09-13 19:09:27.517,1789337367.5176234,26
2026-09-13 19:09:27.525,1789337367.5253155,24
2026-09-13 19:09:27.533,1789337367.5330079,24
2026-09-13 19:09:27.540,1789337367.5407002,24
2026-09-13 19:09:27.547,1789337367.5478156,21
2026-09-13 19:09:27.555,1789337367.555508,2
2026-09-13 19:09:27.563,1789337367.5632002,-21
2026-09-13 19:09:27.570,1789337367.5708926,-43
2026-09-13 19:09:27.578,1789337367.578585,-60
2026-09-13 19:09:27.586,1789337367.586277,-70
2026-09-13 19:09:27.593,1789337367.5939693,-77
2026-09-13 19:09:27.601,1789337367.6016617,-75
2026-09-13 19:09:27.609,1789337367.609354,-72
2026-09-13 19:09:27.617,1789337367.6170464,-70
2026-09-13 19:09:27.624,1789337367.6247387,-65
2026-09-13 19:09:27.632,1789337367.632431,-53
2026-09-13 19:09:27.640,1789337367.6401234,-46
2026-09-13 19:09:27.647,1789337367.6478155,-41
2026-09-13 19:09:27.655,1789337367.6555078,-33
2026-09-13 19:09:27.663,1789337367.6632001,-29
2026-09-13 19:09:27.670,1789337367.6708925,-29
2026-09-13 19:09:27.678,1789337367.6785848,-26
2026-09-13 19:09:27.686,1789337367.6862772,-24
2026-09-13 19:09:27.693,1789337367.6939695,-24
2026-09-13 19:09:27.701,1789337367.7016618,-24
2026-09-13 19:09:27.709,1789337367.709354,-26
2026-09-13 19:09:27.717,1789337367.7170463,-26
2026-09-13 19:09:27.724,1789337367.7247386,-29
2026-09-13 19:09:27.732,1789337367.732431,-31
2026-09-13 19:09:27.740,1789337367.7401233,-31
2026-09-13 19:09:27.747,1789337367.7478156,-38
2026-09-13 19:09:27.755,1789337367.755508,-46
2026-09-13 19:09:27.763,1789337367.7632003,-50
2026-09-13 19:09:27.770,1789337367.7708924,-48
2026-09-13 19:09:27.778,1789337367.7785847,-36
2026-09-13 19:09:27.786,1789337367.786277,-14
2026-09-13 19:09:27.793,1789337367.7939694,12
2026-09-13 19:09:27.801,1789337367.8016617,24
2026-09-13 19:09:27.809,1789337367.809354,16
2026-09-13 19:09:27.817,1789337367.8170464,2
2026-09-13 19:09:27.824,1789337367.8247387,-12
2026-09-13 19:09:27.832,1789337367.8324308,-29
2026-09-13 19:09:27.840,1789337367.8401232,-38
2026-09-13 19:09:27.847,1789337367.8478155,-36
2026-09-13 19:09:27.855,1789337367.8555079,-36
2026-09-13 19:09:27.863,1789337367.8632002,-36
2026-09-13 19:09:27.870,1789337367.8708925,-33
2026-09-13 19:09:27.878,1789337367.8785849,-36
2026-09-13 19:09:27.886,1789337367.8862772,-43
2026-09-13 19:09:27.893,1789337367.8939693,12
2026-09-13 19:09:27.901,1789337367.9016616,203
2026-09-13 19:09:27.909,1789337367.909354,521
2026-09-13 19:09:27.917,1789337367.9170463,809
2026-09-13 19:09:27.924,1789337367.9247386,579
2026-09-13 19:09:27.932,1789337367.932431,-172
2026-09-13 19:09:27.940,1789337367.9401233,-431
2026-09-13 19:09:27.947,1789337367.9478157,-80
2026-09-13 19:09:27.955,1789337367.9555078,7
2026-09-13 19:09:27.963,1789337367.9632,-133
2026-09-13 19:09:27.970,1789337367.9708924,-84
2026-09-13 19:09:27.978,1789337367.9785848,-36
2026-09-13 19:09:27.986,1789337367.986277,-77
2026-09-13 19:09:27.993,1789337367.9939694,-70
2026-09-13 19:09:28.001,1789337368.0016618,-41
2026-09-13 19:09:28.009,1789337368.009354,-43
2026-09-13 19:09:28.017,1789337368.0170462,-43
2026-09-13 19:09:28.024,1789337368.0247386,-26
2026-09-13 19:09:28.032,1789337368.032431,-21
2026-09-13 19:09:28.040,1789337368.0401232,-16
2026-09-13 19:09:28.047,1789337368.0478156,-7
2026-09-13 19:09:28.055,1789337368.055508,0
2026-09-13 19:09:28.063,1789337368.0632002,7
2026-09-13 19:09:28.070,1789337368.0708926,12
2026-09-13 19:09:28.078,1789337368.078585,19
2026-09-13 19:09:28.086,1789337368.086277,24
2026-09-13 19:09:28.093,1789337368.0939693,29
2026-09-13 19:09:28.101,1789337368.1016617,29
2026-09-13 19:09:28.108,1789337368.1087925,24
2026-09-13 19:09:28.116,1789337368.1164849,19
2026-09-13 19:09:28.124,1789337368.1241772,16
2026-09-13 19:09:28.131,1789337368.1318696,14
2026-09-13 19:09:28.139,1789337368.139562,14
2026-09-13 19:09:28.147,1789337368.147254,14
2026-09-13 19:09:28.154,1789337368.1549463,2
2026-09-13 19:09:28.162,1789337368.1626387,-21
2026-09-13 19:09:28.170,1789337368.170331,-46
2026-09-13 19:09:28.178,1789337368.1780233,-65
2026-09-13 19:09:28.185,1789337368.1857157,-75
2026-09-13 19:09:28.193,1789337368.193408,-82
2026-09-13 19:09:28.201,1789337368.2011003,-87
2026-09-13 19:09:28.208,1789337368.2087924,-89
2026-09-13 19:09:28.216,1789337368.2164848,-82
2026-09-13 19:09:28.224,1789337368.2241771,-75
2026-09-13 19:09:28.231,1789337368.2318695,-70
2026-09-13 19:09:28.239,1789337368.2395618,-60
2026-09-13 19:09:28.247,1789337368.2472541,-53
2026-09-13 19:09:28.254,1789337368.2549465,-48
2026-09-13 19:09:28.262,1789337368.2626388,-46
2026-09-13 19:09:28.270,1789337368.270331,-41
2026-09-13 19:09:28.278,1789337368.2780232,-38
2026-09-13 19:09:28.285,1789337368.2857156,-38
2026-09-13 19:09:28.293,1789337368.293408,-36
2026-09-13 19:09:28.301,1789337368.3011003,-38
2026-09-13 19:09:28.308,1789337368.3087926,-41
2026-09-13 19:09:28.316,1789337368.316485,-41
2026-09-13 19:09:28.324,1789337368.3241773,-41
2026-09-13 19:09:28.331,1789337368.3318694,-43
2026-09-13 19:09:28.339,1789337368.3395617,-43
2026-09-13 19:09:28.347,1789337368.347254,-43
2026-09-13 19:09:28.354,1789337368.3549464,-43
2026-09-13 19:09:28.362,1789337368.3626387,-46
2026-09-13 19:09:28.370,1789337368.370331,-55
2026-09-13 19:09:28.378,1789337368.3780234,-63
2026-09-13 19:09:28.385,1789337368.3857157,-58
2026-09-13 19:09:28.393,1789337368.3934078,-48
2026-09-13 19:09:28.401,1789337368.4011002,-36
2026-09-13 19:09:28.408,1789337368.4087925,-12
2026-09-13 19:09:28.416,1789337368.4164848,12
2026-09-13 19:09:28.424,1789337368.4241772,14
2026-09-13 19:09:28.431,1789337368.4318695,-4
2026-09-13 19:09:28.439,1789337368.4395618,-24
2026-09-13 19:09:28.447,1789337368.4472542,-38
2026-09-13 19:09:28.454,1789337368.4549463,-46
2026-09-13 19:09:28.462,1789337368.4626386,-48
2026-09-13 19:09:28.470,1789337368.470331,-46
2026-09-13 19:09:28.478,1789337368.4780233,-46
2026-09-13 19:09:28.485,1789337368.4857156,-43
2026-09-13 19:09:28.493,1789337368.493408,-46
2026-09-13 19:09:28.501,1789337368.5011003,-50
2026-09-13 19:09:28.508,1789337368.5087926,-7
2026-09-13 19:09:28.516,1789337368.5164847,164
2026-09-13 19:09:28.524,1789337368.524177,465
2026-09-13 19:09:28.531,1789337368.5318694,788
2026-09-13 19:09:28.539,1789337368.5395617,681
2026-09-13 19:09:28.547,1789337368.547254,-43
2026-09-13 19:09:28.554,1789337368.5549464,-460
2026-09-13 19:09:28.562,1789337368.5626388,-157
2026-09-13 19:09:28.570,1789337368.570331,7
2026-09-13 19:09:28.578,1789337368.5780232,-133
2026-09-13 19:09:28.585,1789337368.5857155,-116
2026-09-13 19:09:28.593,1789337368.5934079,-46
2026-09-13 19:09:28.601,1789337368.6011002,-82
2026-09-13 19:09:28.608,1789337368.6087925,-87
2026-09-13 19:09:28.616,1789337368.6164849,-48
2026-09-13 19:09:28.624,1789337368.6241772,-50
2026-09-13 19:09:28.631,1789337368.6318696,-55
2026-09-13 19:09:28.639,1789337368.639562,-38
2026-09-13 19:09:28.647,1789337368.647254,-29
2026-09-13 19:09:28.654,1789337368.6549463,-29
2026-09-13 19:09:28.662,1789337368.6626387,-16
2026-09-13 19:09:28.669,1789337368.6697385,-7
2026-09-13 19:09:28.677,1789337368.6774309,-4
2026-09-13 19:09:28.685,1789337368.6851232,7
2026-09-13 19:09:28.692,1789337368.6928155,16
2026-09-13 19:09:28.700,1789337368.7005079,19
2026-09-13 19:09:28.708,1789337368.7082,24
2026-09-13 19:09:28.715,1789337368.7158923,29
2026-09-13 19:09:28.723,1789337368.7235847,29
2026-09-13 19:09:28.731,1789337368.731277,21
2026-09-13 19:09:28.738,1789337368.7389693,16
2026-09-13 19:09:28.746,1789337368.7466617,16
2026-09-13 19:09:28.754,1789337368.754354,16
2026-09-13 19:09:28.762,1789337368.7620463,16
2026-09-13 19:09:28.769,1789337368.7697384,9
2026-09-13 19:09:28.777,1789337368.7774308,-14
2026-09-13 19:09:28.785,1789337368.785123,-38
2026-09-13 19:09:28.792,1789337368.7928154,-58
2026-09-13 19:09:28.800,1789337368.8005078,-72
2026-09-13 19:09:28.808,1789337368.8082001,-82
2026-09-13 19:09:28.815,1789337368.8158925,-87
2026-09-13 19:09:28.823,1789337368.8235848,-87
2026-09-13 19:09:28.831,1789337368.831277,-87
2026-09-13 19:09:28.838,1789337368.8389692,-80
2026-09-13 19:09:28.846,1789337368.8466616,-70
2026-09-13 19:09:28.854,1789337368.854354,-65
2026-09-13 19:09:28.862,1789337368.8620462,-55
2026-09-13 19:09:28.869,1789337368.8697386,-48
2026-09-13 19:09:28.877,1789337368.877431,-43
2026-09-13 19:09:28.885,1789337368.8851233,-43
2026-09-13 19:09:28.892,1789337368.8928154,-38
2026-09-13 19:09:28.900,1789337368.9005077,-36
2026-09-13 19:09:28.908,1789337368.9082,-36
2026-09-13 19:09:28.915,1789337368.9158924,-33
2026-09-13 19:09:28.923,1789337368.9235847,-33
2026-09-13 19:09:28.931,1789337368.931277,-36
2026-09-13 19:09:28.938,1789337368.9389694,-38
2026-09-13 19:09:28.946,1789337368.9466617,-38
2026-09-13 19:09:28.954,1789337368.9543538,-38
2026-09-13 19:09:28.962,1789337368.9620461,-38
2026-09-13 19:09:28.969,1789337368.9697385,-43
2026-09-13 19:09:28.977,1789337368.9774308,-46
2026-09-13 19:09:28.985,1789337368.9851232,-53
2026-09-13 19:09:28.992,1789337368.9928155,-60
2026-09-13 19:09:29.000,1789337369.0005078,-55
2026-09-13 19:09:29.008,1789337369.0082002,-46
2026-09-13 19:09:29.015,1789337369.0158923,-31
2026-09-13 19:09:29.023,1789337369.0235846,-4
2026-09-13 19:09:29.031,1789337369.031277,16
2026-09-13 19:09:29.038,1789337369.0389693,14
2026-09-13 19:09:29.046,1789337369.0466616,-2
2026-09-13 19:09:29.054,1789337369.054354,-19
2026-09-13 19:09:29.062,1789337369.0620463,-36
2026-09-13 19:09:29.069,1789337369.0697386,-43
2026-09-13 19:09:29.077,1789337369.0774307,-41
2026-09-13 19:09:29.085,1789337369.085123,-43
2026-09-13 19:09:29.092,1789337369.0928154,-43
2026-09-13 19:09:29.100,1789337369.1005077,-41
2026-09-13 19:09:29.108,1789337369.1082,-43
2026-09-13 19:09:29.115,1789337369.1158924,-46
2026-09-13 19:09:29.123,1789337369.1235847,9
2026-09-13 19:09:29.131,1789337369.131277,194
2026-09-13 19:09:29.138,1789337369.1389692,502
2026-09-13 19:09:29.146,1789337369.1466615,802
2026-09-13 19:09:29.154,1789337369.1543539,613
2026-09-13 19:09:29.162,1789337369.1620462,-133
2026-09-13 19:09:29.169,1789337369.1697385,-446
2026-09-13 19:09:29.177,1789337369.1774309,-104
2026-09-13 19:09:29.185,1789337369.1851232,9
2026-09-13 19:09:29.192,1789337369.1928155,-130
2026-09-13 19:09:29.200,1789337369.2005079,-94
2026-09-13 19:09:29.208,1789337369.2082,-38
2026-09-13 19:09:29.215,1789337369.2158923,-77
2026-09-13 19:09:29.223,1789337369.2235847,-75
2026-09-13 19:09:29.230,1789337369.2307155,-41
2026-09-13 19:09:29.238,1789337369.2384079,-43
2026-09-13 19:09:29.246,1789337369.2461002,-43
2026-09-13 19:09:29.253,1789337369.2537925,-29
2026-09-13 19:09:29.261,1789337369.2614849,-21
2026-09-13 19:09:29.269,1789337369.269177,-14
2026-09-13 19:09:29.276,1789337369.2768693,-7
2026-09-13 19:09:29.284,1789337369.2845616,0
2026-09-13 19:09:29.292,1789337369.292254,7
2026-09-13 19:09:29.299,1789337369.2999463,19
2026-09-13 19:09:29.307,1789337369.3076386,26
2026-09-13 19:09:29.315,1789337369.315331,33
2026-09-13 19:09:29.323,1789337369.3230233,38
2026-09-13 19:09:29.330,1789337369.3307154,41
2026-09-13 19:09:29.338,1789337369.3384078,38
2026-09-13 19:09:29.346,1789337369.3461,33
2026-09-13 19:09:29.353,1789337369.3537924,31
2026-09-13 19:09:29.361,1789337369.3614848,29
2026-09-13 19:09:29.369,1789337369.369177,31
2026-09-13 19:09:29.376,1789337369.3768694,31
2026-09-13 19:09:29.384,1789337369.3845618,16
2026-09-13 19:09:29.392,1789337369.3922539,-9
2026-09-13 19:09:29.399,1789337369.3999462,-33
2026-09-13 19:09:29.407,1789337369.4076385,-53
2026-09-13 19:09:29.415,1789337369.415331,-65
2026-09-13 19:09:29.423,1789337369.4230232,-75
2026-09-13 19:09:29.430,1789337369.4307156,-80
2026-09-13 19:09:29.438,1789337369.438408,-82
2026-09-13 19:09:29.446,1789337369.4461002,-82
2026-09-13 19:09:29.453,1789337369.4537923,-75
2026-09-13 19:09:29.461,1789337369.4614847,-65
2026-09-13 19:09:29.469,1789337369.469177,-60
2026-09-13 19:09:29.476,1789337369.4768693,-53
2026-09-13 19:09:29.484,1789337369.4845617,-46
2026-09-13 19:09:29.492,1789337369.492254,-46
2026-09-13 19:09:29.499,1789337369.4999464,-41
2026-09-13 19:09:29.507,1789337369.5076387,-36
2026-09-13 19:09:29.515,1789337369.5153308,-36
2026-09-13 19:09:29.523,1789337369.5230231,-38
2026-09-13 19:09:29.530,1789337369.5307155,-38
2026-09-13 19:09:29.538,1789337369.5384078,-33
2026-09-13 19:09:29.546,1789337369.5461001,-33
2026-09-13 19:09:29.553,1789337369.5537925,-33
2026-09-13 19:09:29.561,1789337369.5614848,-36
2026-09-13 19:09:29.569,1789337369.5691772,-36
2026-09-13 19:09:29.576,1789337369.5768692,-38
2026-09-13 19:09:29.584,1789337369.5845616,-38
2026-09-13 19:09:29.592,1789337369.592254,-41
2026-09-13 19:09:29.599,1789337369.5999463,-46
2026-09-13 19:09:29.607,1789337369.6076386,-53
2026-09-13 19:09:29.615,1789337369.615331,-58
2026-09-13 19:09:29.623,1789337369.6230233,-50
2026-09-13 19:09:29.630,1789337369.6307156,-38
2026-09-13 19:09:29.638,1789337369.6384077,-21
2026-09-13 19:09:29.646,1789337369.6461,4
2026-09-13 19:09:29.653,1789337369.6537924,21
2026-09-13 19:09:29.661,1789337369.6614847,19
2026-09-13 19:09:29.669,1789337369.669177,-2
2026-09-13 19:09:29.676,1789337369.6768694,-21
2026-09-13 19:09:29.684,1789337369.6845617,-33
2026-09-13 19:09:29.692,1789337369.692254,-41
2026-09-13 19:09:29.699,1789337369.6999462,-43
2026-09-13 19:09:29.707,1789337369.7076385,-41
2026-09-13 19:09:29.715,1789337369.7153308,-36
2026-09-13 19:09:29.723,1789337369.7230232,-36
2026-09-13 19:09:29.730,1789337369.7307155,-46
2026-09-13 19:09:29.738,1789337369.7384079,-41
2026-09-13 19:09:29.746,1789337369.7461002,38
2026-09-13 19:09:29.753,1789337369.7537925,252
2026-09-13 19:09:29.761,1789337369.7614849,584
2026-09-13 19:09:29.769,1789337369.769177,819
2026-09-13 19:09:29.776,1789337369.7768693,455
2026-09-13 19:09:29.784,1789337369.7845616,-288
2026-09-13 19:09:29.791,1789337369.7916923,-400
2026-09-13 19:09:29.799,1789337369.7993846,-38
2026-09-13 19:09:29.807,1789337369.807077,-24
2026-09-13 19:09:29.814,1789337369.8147693,-140
2026-09-13 19:09:29.822,1789337369.8224616,-70
2026-09-13 19:09:29.830,1789337369.8301537,-41
2026-09-13 19:09:29.837,1789337369.837846,-84
2026-09-13 19:09:29.845,1789337369.8455384,-67
2026-09-13 19:09:29.853,1789337369.8532307,-41
2026-09-13 19:09:29.860,1789337369.860923,-46
2026-09-13 19:09:29.868,1789337369.8686154,-38
2026-09-13 19:09:29.876,1789337369.8763077,-21
2026-09-13 19:09:29.884,1789337369.884,-16
2026-09-13 19:09:29.891,1789337369.8916922,-9
2026-09-13 19:09:29.899,1789337369.8993845,0
2026-09-13 19:09:29.907,1789337369.9070768,12
2026-09-13 19:09:29.914,1789337369.9147692,16
2026-09-13 19:09:29.922,1789337369.9224615,24
2026-09-13 19:09:29.930,1789337369.9301538,36
2026-09-13 19:09:29.937,1789337369.9378462,43
2026-09-13 19:09:29.945,1789337369.9455385,48
2026-09-13 19:09:29.953,1789337369.9532306,48
2026-09-13 19:09:29.960,1789337369.960923,48
2026-09-13 19:09:29.968,1789337369.9686153,43
2026-09-13 19:09:29.976,1789337369.9763076,38
2026-09-13 19:09:29.984,1789337369.984,38
2026-09-13 19:09:29.991,1789337369.9916923,43
2026-09-13 19:09:29.999,1789337369.9993846,36
2026-09-13 19:09:30.007,1789337370.007077,16
2026-09-13 19:09:30.014,1789337370.014769,-7
2026-09-13 19:09:30.022,1789337370.0224614,-31
2026-09-13 19:09:30.030,1789337370.0301538,-50
2026-09-13 19:09:30.037,1789337370.037846,-63
2026-09-13 19:09:30.045,1789337370.0455384,-72
2026-09-13 19:09:30.053,1789337370.0532308,-77
2026-09-13 19:09:30.060,1789337370.060923,-80
2026-09-13 19:09:30.068,1789337370.0686154,-75
2026-09-13 19:09:30.076,1789337370.0763075,-67
2026-09-13 19:09:30.084,1789337370.0839999,-63
2026-09-13 19:09:30.091,1789337370.0916922,-55
2026-09-13 19:09:30.099,1789337370.0993845,-48
2026-09-13 19:09:30.107,1789337370.107077,-41
2026-09-13 19:09:30.114,1789337370.1147692,-38
2026-09-13 19:09:30.122,1789337370.1224616,-36
2026-09-13 19:09:30.130,1789337370.130154,-31
2026-09-13 19:09:30.137,1789337370.137846,-29
2026-09-13 19:09:30.145,1789337370.1455383,-29
2026-09-13 19:09:30.153,1789337370.1532307,-26
2026-09-13 19:09:30.160,1789337370.160923,-26
2026-09-13 19:09:30.168,1789337370.1686153,-31
2026-09-13 19:09:30.176,1789337370.1763077,-33
2026-09-13 19:09:30.184,1789337370.184,-31
2026-09-13 19:09:30.191,1789337370.1916924,-33
2026-09-13 19:09:30.199,1789337370.1993845,-38
2026-09-13 19:09:30.207,1789337370.2070768,-38
2026-09-13 19:09:30.214,1789337370.2147691,-41
2026-09-13 19:09:30.222,1789337370.2224615,-50
2026-09-13 19:09:30.230,1789337370.2301538,-58
2026-09-13 19:09:30.237,1789337370.2378461,-50
2026-09-13 19:09:30.245,1789337370.2455385,-41
2026-09-13 19:09:30.253,1789337370.2532308,-24
2026-09-13 19:09:30.260,1789337370.260923,7
2026-09-13 19:09:30.268,1789337370.2686152,26
2026-09-13 19:09:30.276,1789337370.2763076,19
2026-09-13 19:09:30.284,1789337370.284,-2
2026-09-13 19:09:30.291,1789337370.2916923,-21
2026-09-13 19:09:30.299,1789337370.2993846,-33
2026-09-13 19:09:30.307,1789337370.307077,-38
2026-09-13 19:09:30.314,1789337370.3147693,-41
2026-09-13 19:09:30.322,1789337370.3224616,-38
2026-09-13 19:09:30.330,1789337370.3301537,-36
2026-09-13 19:09:30.337,1789337370.337846,-38
2026-09-13 19:09:30.345,1789337370.3455384,-43
2026-09-13 19:09:30.352,1789337370.3526382,-41
2026-09-13 19:09:30.360,1789337370.3603306,33
2026-09-13 19:09:30.368,1789337370.368023,242
2026-09-13 19:09:30.375,1789337370.3757153,567
2026-09-13 19:09:30.383,1789337370.3834076,805
2026-09-13 19:09:30.391,1789337370.3910997,453
2026-09-13 19:09:30.398,1789337370.398792,-281
2026-09-13 19:09:30.406,1789337370.4064844,-397
2026-09-13 19:09:30.414,1789337370.4141767,-36
2026-09-13 19:09:30.421,1789337370.421869,-16
2026-09-13 19:09:30.429,1789337370.4295614,-135
2026-09-13 19:09:30.437,1789337370.4372537,-65
2026-09-13 19:09:30.444,1789337370.444946,-33
2026-09-13 19:09:30.452,1789337370.4526381,-77
2026-09-13 19:09:30.460,1789337370.4603305,-58
2026-09-13 19:09:30.468,1789337370.4680228,-33
2026-09-13 19:09:30.475,1789337370.4757152,-41
2026-09-13 19:09:30.483,1789337370.4834075,-31
2026-09-13 19:09:30.491,1789337370.4910998,-16
2026-09-13 19:09:30.498,1789337370.4987922,-14
2026-09-13 19:09:30.506,1789337370.5064845,-9
2026-09-13 19:09:30.514,1789337370.5141766,2
2026-09-13 19:09:30.521,1789337370.521869,7
2026-09-13 19:09:30.529,1789337370.5295613,16
2026-09-13 19:09:30.537,1789337370.5372536,26
2026-09-13 19:09:30.544,1789337370.544946,36
2026-09-13 19:09:30.552,1789337370.5526383,43
2026-09-13 19:09:30.560,1789337370.5603306,48
2026-09-13 19:09:30.568,1789337370.568023,48
2026-09-13 19:09:30.575,1789337370.575715,46
2026-09-13 19:09:30.583,1789337370.5834074,43
2026-09-13 19:09:30.591,1789337370.5910997,38
2026-09-13 19:09:30.598,1789337370.598792,43
2026-09-13 19:09:30.606,1789337370.6064844,43
2026-09-13 19:09:30.614,1789337370.6141768,33
2026-09-13 19:09:30.621,1789337370.621869,16
2026-09-13 19:09:30.629,1789337370.6295614,-9
2026-09-13 19:09:30.637,1789337370.6372535,-38
2026-09-13 19:09:30.644,1789337370.6449459,-60
2026-09-13 19:09:30.652,1789337370.6526382,-70
2026-09-13 19:09:30.660,1789337370.6603305,-77
2026-09-13 19:09:30.668,1789337370.6680229,-84
2026-09-13 19:09:30.675,1789337370.6757152,-84
2026-09-13 19:09:30.683,1789337370.6834075,-80
2026-09-13 19:09:30.691,1789337370.6911,-75
2026-09-13 19:09:30.698,1789337370.698792,-67
2026-09-13 19:09:30.706,1789337370.7064843,-63
2026-09-13 19:09:30.714,1789337370.7141767,-58
2026-09-13 19:09:30.721,1789337370.721869,-48
2026-09-13 19:09:30.729,1789337370.7295613,-41
2026-09-13 19:09:30.737,1789337370.7372537,-41
2026-09-13 19:09:30.744,1789337370.744946,-38
2026-09-13 19:09:30.752,1789337370.7526383,-36
2026-09-13 19:09:30.760,1789337370.7603304,-33
2026-09-13 19:09:30.768,1789337370.7680228,-36
2026-09-13 19:09:30.775,1789337370.775715,-33
2026-09-13 19:09:30.783,1789337370.7834074,-31
2026-09-13 19:09:30.791,1789337370.7910998,-36
2026-09-13 19:09:30.798,1789337370.7987921,-41
2026-09-13 19:09:30.806,1789337370.8064845,-38
2026-09-13 19:09:30.814,1789337370.8141768,-36
2026-09-13 19:09:30.821,1789337370.821869,-41
2026-09-13 19:09:30.829,1789337370.8295612,-53
2026-09-13 19:09:30.837,1789337370.8372536,-50
2026-09-13 19:09:30.844,1789337370.844946,-41
2026-09-13 19:09:30.852,1789337370.8526382,-31
2026-09-13 19:09:30.860,1789337370.8603306,-4
2026-09-13 19:09:30.868,1789337370.868023,24
2026-09-13 19:09:30.875,1789337370.8757153,24
2026-09-13 19:09:30.883,1789337370.8834076,9
2026-09-13 19:09:30.891,1789337370.8910997,-12
2026-09-13 19:09:30.898,1789337370.898792,-29
2026-09-13 19:09:30.906,1789337370.9064844,-36
2026-09-13 19:09:30.913,1789337370.9136152,-36
2026-09-13 19:09:30.921,1789337370.9213076,-38
2026-09-13 19:09:30.929,1789337370.929,-38
2026-09-13 19:09:30.936,1789337370.9366922,-31
2026-09-13 19:09:30.944,1789337370.9443846,-31
2026-09-13 19:09:30.952,1789337370.9520767,-41
2026-09-13 19:09:30.959,1789337370.959769,-24
2026-09-13 19:09:30.967,1789337370.9674613,97
2026-09-13 19:09:30.975,1789337370.9751537,354
2026-09-13 19:09:30.982,1789337370.982846,686
2026-09-13 19:09:30.990,1789337370.9905384,722
2026-09-13 19:09:30.998,1789337370.9982307,109
2026-09-13 19:09:31.005,1789337371.005923,-448
2026-09-13 19:09:31.013,1789337371.0136151,-247
2026-09-13 19:09:31.021,1789337371.0213075,26
2026-09-13 19:09:31.029,1789337371.0289998,-72
2026-09-13 19:09:31.036,1789337371.0366921,-101
2026-09-13 19:09:31.044,1789337371.0443845,-21
2026-09-13 19:09:31.052,1789337371.0520768,-43
2026-09-13 19:09:31.059,1789337371.0597692,-67
2026-09-13 19:09:31.067,1789337371.0674615,-33
2026-09-13 19:09:31.075,1789337371.0751536,-24
2026-09-13 19:09:31.082,1789337371.082846,-31
2026-09-13 19:09:31.090,1789337371.0905383,-16
2026-09-13 19:09:31.098,1789337371.0982306,-7
2026-09-13 19:09:31.105,1789337371.105923,-4
2026-09-13 19:09:31.113,1789337371.1136153,4
2026-09-13 19:09:31.121,1789337371.1213076,19
2026-09-13 19:09:31.129,1789337371.129,29
2026-09-13 19:09:31.136,1789337371.136692,33
2026-09-13 19:09:31.144,1789337371.1443844,41
2026-09-13 19:09:31.152,1789337371.1520767,55
2026-09-13 19:09:31.159,1789337371.159769,70
2026-09-13 19:09:31.167,1789337371.1674614,70
2026-09-13 19:09:31.175,1789337371.1751537,70
2026-09-13 19:09:31.182,1789337371.182846,70
2026-09-13 19:09:31.190,1789337371.1905384,72
2026-09-13 19:09:31.198,1789337371.1982305,72
2026-09-13 19:09:31.205,1789337371.2059228,75
2026-09-13 19:09:31.213,1789337371.2136152,67
2026-09-13 19:09:31.221,1789337371.2213075,46
2026-09-13 19:09:31.229,1789337371.2289999,14
2026-09-13 19:09:31.236,1789337371.2366922,-19
2026-09-13 19:09:31.244,1789337371.2443845,-43
2026-09-13 19:09:31.252,1789337371.2520769,-60
2026-09-13 19:09:31.259,1789337371.259769,-75
2026-09-13 19:09:31.267,1789337371.2674613,-82
2026-09-13 19:09:31.275,1789337371.2751536,-82
2026-09-13 19:09:31.282,1789337371.282846,-84
2026-09-13 19:09:31.290,1789337371.2905383,-82
2026-09-13 19:09:31.298,1789337371.2982306,-72
2026-09-13 19:09:31.305,1789337371.305923,-67
2026-09-13 19:09:31.313,1789337371.3136153,-63
2026-09-13 19:09:31.321,1789337371.3213074,-53
2026-09-13 19:09:31.329,1789337371.3289998,-46
2026-09-13 19:09:31.336,1789337371.336692,-43
2026-09-13 19:09:31.344,1789337371.3443844,-41
2026-09-13 19:09:31.352,1789337371.3520768,-36
2026-09-13 19:09:31.359,1789337371.359769,-38
2026-09-13 19:09:31.367,1789337371.3674614,-38
2026-09-13 19:09:31.375,1789337371.3751538,-33
2026-09-13 19:09:31.382,1789337371.3828459,-33
2026-09-13 19:09:31.390,1789337371.3905382,-36
2026-09-13 19:09:31.398,1789337371.3982306,-38
2026-09-13 19:09:31.405,1789337371.405923,-36
2026-09-13 19:09:31.413,1789337371.4136152,-41
2026-09-13 19:09:31.421,1789337371.4213076,-48
2026-09-13 19:09:31.429,1789337371.429,-50
2026-09-13 19:09:31.436,1789337371.4366922,-43
2026-09-13 19:09:31.444,1789337371.4443846,-36
2026-09-13 19:09:31.452,1789337371.4520767,-16
2026-09-13 19:09:31.459,1789337371.459769,12
2026-09-13 19:09:31.467,1789337371.4674613,24
2026-09-13 19:09:31.474,1789337371.4745665,12
2026-09-13 19:09:31.482,1789337371.4822588,-9
2026-09-13 19:09:31.489,1789337371.4899511,-26
2026-09-13 19:09:31.497,1789337371.4976435,-38
2026-09-13 19:09:31.505,1789337371.5053358,-43
2026-09-13 19:09:31.513,1789337371.513028,-43
2026-09-13 19:09:31.520,1789337371.5207202,-41
2026-09-13 19:09:31.528,1789337371.5284126,-38
2026-09-13 19:09:31.536,1789337371.536105,-38
2026-09-13 19:09:31.543,1789337371.5437973,-46
2026-09-13 19:09:31.551,1789337371.5514896,-50
2026-09-13 19:09:31.559,1789337371.559182,9
2026-09-13 19:09:31.566,1789337371.5668743,215
2026-09-13 19:09:31.574,1789337371.5745664,543
2026-09-13 19:09:31.582,1789337371.5822587,761
2026-09-13 19:09:31.589,1789337371.589951,383
2026-09-13 19:09:31.597,1789337371.5976434,-332
2026-09-13 19:09:31.605,1789337371.6053357,-404
2026-09-13 19:09:31.613,1789337371.613028,-43
2026-09-13 19:09:31.620,1789337371.6207204,-26
2026-09-13 19:09:31.628,1789337371.6284127,-123
2026-09-13 19:09:31.636,1789337371.6361048,-48
2026-09-13 19:09:31.643,1789337371.6437972,-29
2026-09-13 19:09:31.651,1789337371.6514895,-67
2026-09-13 19:09:31.659,1789337371.6591818,-48
2026-09-13 19:09:31.666,1789337371.6668742,-24
2026-09-13 19:09:31.674,1789337371.6745665,-29
2026-09-13 19:09:31.682,1789337371.6822588,-24
2026-09-13 19:09:31.689,1789337371.6899512,-9
2026-09-13 19:09:31.697,1789337371.6976433,-2
2026-09-13 19:09:31.705,1789337371.7053356,4
2026-09-13 19:09:31.713,1789337371.713028,12
2026-09-13 19:09:31.720,1789337371.7207203,19
2026-09-13 19:09:31.728,1789337371.7284126,31
2026-09-13 19:09:31.736,1789337371.736105,46
2026-09-13 19:09:31.743,1789337371.7437973,55
2026-09-13 19:09:31.751,1789337371.7514896,65
2026-09-13 19:09:31.759,1789337371.7591817,75
2026-09-13 19:09:31.766,1789337371.766874,82
2026-09-13 19:09:31.774,1789337371.7745664,87
2026-09-13 19:09:31.782,1789337371.7822587,89
2026-09-13 19:09:31.789,1789337371.789951,87
2026-09-13 19:09:31.797,1789337371.7976434,84
2026-09-13 19:09:31.805,1789337371.8053358,84
2026-09-13 19:09:31.813,1789337371.813028,70
2026-09-13 19:09:31.820,1789337371.8207202,36
2026-09-13 19:09:31.828,1789337371.8284125,-2
2026-09-13 19:09:31.836,1789337371.8361049,-31
2026-09-13 19:09:31.843,1789337371.8437972,-55
2026-09-13 19:09:31.851,1789337371.8514895,-72
2026-09-13 19:09:31.859,1789337371.859182,-80
2026-09-13 19:09:31.866,1789337371.8668742,-84
2026-09-13 19:09:31.874,1789337371.8745666,-84
2026-09-13 19:09:31.882,1789337371.8822587,-84
2026-09-13 19:09:31.889,1789337371.889951,-82
2026-09-13 19:09:31.897,1789337371.8976433,-77
2026-09-13 19:09:31.905,1789337371.9053357,-70
2026-09-13 19:09:31.913,1789337371.913028,-60
2026-09-13 19:09:31.920,1789337371.9207203,-53
2026-09-13 19:09:31.928,1789337371.9284127,-50
2026-09-13 19:09:31.936,1789337371.936105,-48
2026-09-13 19:09:31.943,1789337371.943797,-46
2026-09-13 19:09:31.951,1789337371.9514894,-43
2026-09-13 19:09:31.959,1789337371.9591818,-38
2026-09-13 19:09:31.966,1789337371.9668741,-36
2026-09-13 19:09:31.974,1789337371.9745665,-38
2026-09-13 19:09:31.982,1789337371.9822588,-41
2026-09-13 19:09:31.989,1789337371.9899511,-43
2026-09-13 19:09:31.997,1789337371.9976435,-43
2026-09-13 19:09:32.005,1789337372.0053358,-48
2026-09-13 19:09:32.013,1789337372.013028,-58
2026-09-13 19:09:32.020,1789337372.0207202,-58
2026-09-13 19:09:32.028,1789337372.0284126,-50
2026-09-13 19:09:32.035,1789337372.0355384,-46
2026-09-13 19:09:32.043,1789337372.0432308,-29
2026-09-13 19:09:32.050,1789337372.050923,0
2026-09-13 19:09:32.058,1789337372.0586154,14
2026-09-13 19:09:32.066,1789337372.0663078,7
2026-09-13 19:09:32.074,1789337372.074,-12
2026-09-13 19:09:32.081,1789337372.0816922,-31
2026-09-13 19:09:32.089,1789337372.0893846,-46
2026-09-13 19:09:32.097,1789337372.097077,-53
2026-09-13 19:09:32.104,1789337372.1047692,-50
2026-09-13 19:09:32.112,1789337372.1124616,-46
2026-09-13 19:09:32.120,1789337372.120154,-46
2026-09-13 19:09:32.127,1789337372.1278462,-43
2026-09-13 19:09:32.135,1789337372.1355383,-46
2026-09-13 19:09:32.143,1789337372.1432307,-55
2026-09-13 19:09:32.150,1789337372.150923,-9
2026-09-13 19:09:32.158,1789337372.1586154,179
2026-09-13 19:09:32.166,1789337372.1663077,504
2026-09-13 19:09:32.174,1789337372.174,763
2026-09-13 19:09:32.181,1789337372.1816924,455
2026-09-13 19:09:32.189,1789337372.1893847,-276
2026-09-13 19:09:32.197,1789337372.1970768,-429
2026-09-13 19:09:32.204,1789337372.2047691,-63
2026-09-13 19:09:32.212,1789337372.2124615,-16
2026-09-13 19:09:32.220,1789337372.2201538,-135
2026-09-13 19:09:32.227,1789337372.2278461,-72
2026-09-13 19:09:32.235,1789337372.2355385,-36
2026-09-13 19:09:32.243,1789337372.2432308,-72
2026-09-13 19:09:32.250,1789337372.2509232,-60
2026-09-13 19:09:32.258,1789337372.2586153,-36
2026-09-13 19:09:32.266,1789337372.2663076,-36
2026-09-13 19:09:32.274,1789337372.274,-31
2026-09-13 19:09:32.281,1789337372.2816923,-19
2026-09-13 19:09:32.289,1789337372.2893846,-16
2026-09-13 19:09:32.297,1789337372.297077,-9
2026-09-13 19:09:32.304,1789337372.3047693,2
2026-09-13 19:09:32.312,1789337372.3124616,9
2026-09-13 19:09:32.320,1789337372.3201537,19
2026-09-13 19:09:32.327,1789337372.327846,31
2026-09-13 19:09:32.335,1789337372.3355384,41
2026-09-13 19:09:32.343,1789337372.3432307,50
2026-09-13 19:09:32.350,1789337372.350923,60
2026-09-13 19:09:32.358,1789337372.3586154,63
2026-09-13 19:09:32.366,1789337372.3663077,63
2026-09-13 19:09:32.374,1789337372.374,63
2026-09-13 19:09:32.381,1789337372.3816922,63
2026-09-13 19:09:32.389,1789337372.3893845,63
2026-09-13 19:09:32.397,1789337372.3970768,58
2026-09-13 19:09:32.404,1789337372.4047692,43
2026-09-13 19:09:32.412,1789337372.4124615,19
2026-09-13 19:09:32.420,1789337372.4201539,-12
2026-09-13 19:09:32.427,1789337372.4278462,-41
2026-09-13 19:09:32.435,1789337372.4355385,-60
2026-09-13 19:09:32.443,1789337372.4432306,-77
2026-09-13 19:09:32.450,1789337372.450923,-87
2026-09-13 19:09:32.458,1789337372.4586153,-87
2026-09-13 19:09:32.466,1789337372.4663076,-87
2026-09-13 19:09:32.474,1789337372.474,-87
2026-09-13 19:09:32.481,1789337372.4816923,-82
2026-09-13 19:09:32.489,1789337372.4893847,-75
2026-09-13 19:09:32.497,1789337372.497077,-70
2026-09-13 19:09:32.504,1789337372.504769,-60
2026-09-13 19:09:32.512,1789337372.5124614,-53
2026-09-13 19:09:32.520,1789337372.5201538,-53
2026-09-13 19:09:32.527,1789337372.527846,-50
2026-09-13 19:09:32.535,1789337372.5355384,-48
2026-09-13 19:09:32.543,1789337372.5432308,-43
2026-09-13 19:09:32.550,1789337372.550923,-43
2026-09-13 19:09:32.558,1789337372.5586154,-41
2026-09-13 19:09:32.566,1789337372.5663078,-41
2026-09-13 19:09:32.574,1789337372.574,-43
2026-09-13 19:09:32.581,1789337372.5816922,-46
2026-09-13 19:09:32.589,1789337372.5893846,-48
2026-09-13 19:09:32.596,1789337372.5965102,-55
2026-09-13 19:09:32.604,1789337372.6042025,-60
2026-09-13 19:09:32.611,1789337372.6118948,-55
2026-09-13 19:09:32.619,1789337372.6195872,-50
2026-09-13 19:09:32.627,1789337372.6272795,-36
2026-09-13 19:09:32.634,1789337372.6349716,-9
2026-09-13 19:09:32.642,1789337372.642664,12
2026-09-13 19:09:32.650,1789337372.6503563,9
2026-09-13 19:09:32.658,1789337372.6580486,-12
2026-09-13 19:09:32.665,1789337372.665741,-31
2026-09-13 19:09:32.673,1789337372.6734333,-41
2026-09-13 19:09:32.681,1789337372.6811256,-46
2026-09-13 19:09:32.688,1789337372.688818,-50
2026-09-13 19:09:32.696,1789337372.69651,-53
2026-09-13 19:09:32.704,1789337372.7042024,-50
2026-09-13 19:09:32.711,1789337372.7118948,-43
2026-09-13 19:09:32.719,1789337372.719587,-48
2026-09-13 19:09:32.727,1789337372.7272794,-63
2026-09-13 19:09:32.734,1789337372.7349718,-36
2026-09-13 19:09:32.742,1789337372.742664,109
2026-09-13 19:09:32.750,1789337372.7503564,395
2026-09-13 19:09:32.758,1789337372.7580485,722
2026-09-13 19:09:32.765,1789337372.7657409,632
2026-09-13 19:09:32.773,1789337372.7734332,-70
2026-09-13 19:09:32.781,1789337372.7811255,-463
2026-09-13 19:09:32.788,1789337372.788818,-152
2026-09-13 19:09:32.796,1789337372.7965102,16
2026-09-13 19:09:32.804,1789337372.8042026,-118
2026-09-13 19:09:32.811,1789337372.811895,-101
2026-09-13 19:09:32.819,1789337372.819587,-36
2026-09-13 19:09:32.827,1789337372.8272793,-72
2026-09-13 19:09:32.834,1789337372.8349717,-75
2026-09-13 19:09:32.842,1789337372.842664,-38
2026-09-13 19:09:32.850,1789337372.8503563,-41
2026-09-13 19:09:32.858,1789337372.8580487,-43
2026-09-13 19:09:32.865,1789337372.865741,-29
2026-09-13 19:09:32.873,1789337372.8734334,-19
2026-09-13 19:09:32.881,1789337372.8811255,-16
2026-09-13 19:09:32.888,1789337372.8888178,-9
2026-09-13 19:09:32.896,1789337372.8965101,0
2026-09-13 19:09:32.904,1789337372.9042025,7
2026-09-13 19:09:32.911,1789337372.9118948,16
2026-09-13 19:09:32.919,1789337372.9195871,26
2026-09-13 19:09:32.927,1789337372.9272795,33
2026-09-13 19:09:32.934,1789337372.9349718,41
2026-09-13 19:09:32.942,1789337372.942664,46
2026-09-13 19:09:32.950,1789337372.9503562,46
2026-09-13 19:09:32.958,1789337372.9580486,43
2026-09-13 19:09:32.965,1789337372.965741,38
2026-09-13 19:09:32.973,1789337372.9734333,36
2026-09-13 19:09:32.981,1789337372.9811256,33
2026-09-13 19:09:32.988,1789337372.988818,26
2026-09-13 19:09:32.996,1789337372.9965103,9
2026-09-13 19:09:33.004,1789337373.0042024,-19
2026-09-13 19:09:33.011,1789337373.0118947,-46
2026-09-13 19:09:33.019,1789337373.019587,-65
2026-09-13 19:09:33.027,1789337373.0272794,-80
2026-09-13 19:09:33.034,1789337373.0349717,-89
2026-09-13 19:09:33.042,1789337373.042664,-92
2026-09-13 19:09:33.050,1789337373.0503564,-89
2026-09-13 19:09:33.058,1789337373.0580487,-84
2026-09-13 19:09:33.065,1789337373.0657408,-82
2026-09-13 19:09:33.073,1789337373.0734332,-80
2026-09-13 19:09:33.081,1789337373.0811255,-72
2026-09-13 19:09:33.088,1789337373.0888178,-65
2026-09-13 19:09:33.096,1789337373.0965102,-58
2026-09-13 19:09:33.104,1789337373.1042025,-55
2026-09-13 19:09:33.111,1789337373.1118948,-50
2026-09-13 19:09:33.119,1789337373.1195872,-46
2026-09-13 19:09:33.127,1789337373.1272795,-46
2026-09-13 19:09:33.134,1789337373.1349716,-43
2026-09-13 19:09:33.142,1789337373.142664,-43
2026-09-13 19:09:33.150,1789337373.1503563,-46
2026-09-13 19:09:33.157,1789337373.1574817,-43
2026-09-13 19:09:33.165,1789337373.165174,-41
2026-09-13 19:09:33.172,1789337373.1728663,-46
2026-09-13 19:09:33.180,1789337373.1805587,-55
2026-09-13 19:09:33.188,1789337373.188251,-63
2026-09-13 19:09:33.195,1789337373.195943,-60
2026-09-13 19:09:33.203,1789337373.2036355,-55
2026-09-13 19:09:33.211,1789337373.2113278,-48
2026-09-13 19:09:33.219,1789337373.2190201,-26
2026-09-13 19:09:33.226,1789337373.2267125,0
2026-09-13 19:09:33.234,1789337373.2344048,9
2026-09-13 19:09:33.242,1789337373.2420971,-2
2026-09-13 19:09:33.249,1789337373.2497895,-24
2026-09-13 19:09:33.257,1789337373.2574816,-41
2026-09-13 19:09:33.265,1789337373.265174,-50
2026-09-13 19:09:33.272,1789337373.2728662,-50
2026-09-13 19:09:33.280,1789337373.2805586,-50
2026-09-13 19:09:33.288,1789337373.288251,-53
2026-09-13 19:09:33.295,1789337373.2959433,-50
2026-09-13 19:09:33.303,1789337373.3036356,-48
2026-09-13 19:09:33.311,1789337373.311328,-58
2026-09-13 19:09:33.319,1789337373.31902,-60
2026-09-13 19:09:33.326,1789337373.3267124,12
2026-09-13 19:09:33.334,1789337373.3344047,213
2026-09-13 19:09:33.342,1789337373.342097,543
2026-09-13 19:09:33.349,1789337373.3497894,785
2026-09-13 19:09:33.357,1789337373.3574817,424
2026-09-13 19:09:33.365,1789337373.365174,-298
2026-09-13 19:09:33.372,1789337373.3728664,-383
2026-09-13 19:09:33.380,1789337373.3805585,-29
2026-09-13 19:09:33.388,1789337373.3882508,-31
2026-09-13 19:09:33.395,1789337373.3959432,-145
2026-09-13 19:09:33.403,1789337373.4036355,-72
2026-09-13 19:09:33.411,1789337373.4113278,-46
2026-09-13 19:09:33.419,1789337373.4190202,-87
2026-09-13 19:09:33.426,1789337373.4267125,-67
2026-09-13 19:09:33.434,1789337373.4344049,-41
2026-09-13 19:09:33.442,1789337373.442097,-46
2026-09-13 19:09:33.449,1789337373.4497893,-41
2026-09-13 19:09:33.457,1789337373.4574816,-24
2026-09-13 19:09:33.465,1789337373.465174,-19
2026-09-13 19:09:33.472,1789337373.4728663,-14
2026-09-13 19:09:33.480,1789337373.4805586,-4
2026-09-13 19:09:33.488,1789337373.488251,4
2026-09-13 19:09:33.495,1789337373.4959433,12
2026-09-13 19:09:33.503,1789337373.5036354,19
2026-09-13 19:09:33.511,1789337373.5113277,26
2026-09-13 19:09:33.519,1789337373.51902,33
2026-09-13 19:09:33.526,1789337373.5267124,41
2026-09-13 19:09:33.534,1789337373.5344048,41
2026-09-13 19:09:33.542,1789337373.542097,36
2026-09-13 19:09:33.549,1789337373.5497894,33
2026-09-13 19:09:33.557,1789337373.5574818,29
2026-09-13 19:09:33.565,1789337373.5651739,26
2026-09-13 19:09:33.572,1789337373.5728662,26
2026-09-13 19:09:33.580,1789337373.5805585,16
2026-09-13 19:09:33.588,1789337373.5882509,-2
2026-09-13 19:09:33.595,1789337373.5959432,-26
2026-09-13 19:09:33.603,1789337373.6036355,-48
2026-09-13 19:09:33.611,1789337373.611328,-63
2026-09-13 19:09:33.619,1789337373.6190202,-72
2026-09-13 19:09:33.626,1789337373.6267123,-77
2026-09-13 19:09:33.634,1789337373.6344047,-77
2026-09-13 19:09:33.642,1789337373.642097,-77
2026-09-13 19:09:33.649,1789337373.6497893,-72
2026-09-13 19:09:33.657,1789337373.6574817,-67
2026-09-13 19:09:33.665,1789337373.665174,-65
2026-09-13 19:09:33.672,1789337373.6728663,-60
2026-09-13 19:09:33.680,1789337373.6805587,-50
2026-09-13 19:09:33.688,1789337373.688251,-43
2026-09-13 19:09:33.695,1789337373.695943,-43
2026-09-13 19:09:33.703,1789337373.7036355,-38
2026-09-13 19:09:33.711,1789337373.7113278,-36
2026-09-13 19:09:33.718,1789337373.7184384,-36
2026-09-13 19:09:33.726,1789337373.7261307,-36
2026-09-13 19:09:33.733,1789337373.733823,-33
2026-09-13 19:09:33.741,1789337373.7415154,-33
2026-09-13 19:09:33.749,1789337373.7492077,-33
2026-09-13 19:09:33.756,1789337373.7568998,-36
2026-09-13 19:09:33.764,1789337373.7645922,-38
2026-09-13 19:09:33.772,1789337373.7722845,-41
2026-09-13 19:09:33.779,1789337373.7799768,-50
2026-09-13 19:09:33.787,1789337373.7876692,-55
2026-09-13 19:09:33.795,1789337373.7953615,-50
2026-09-13 19:09:33.803,1789337373.8030539,-43
2026-09-13 19:09:33.810,1789337373.8107462,-33
2026-09-13 19:09:33.818,1789337373.8184383,-9
2026-09-13 19:09:33.826,1789337373.8261306,16
2026-09-13 19:09:33.833,1789337373.833823,21
2026-09-13 19:09:33.841,1789337373.8415153,7
2026-09-13 19:09:33.849,1789337373.8492076,-14
2026-09-13 19:09:33.856,1789337373.8569,-33
2026-09-13 19:09:33.864,1789337373.8645923,-46
2026-09-13 19:09:33.872,1789337373.8722847,-48
2026-09-13 19:09:33.879,1789337373.8799767,-46
2026-09-13 19:09:33.887,1789337373.887669,-43
2026-09-13 19:09:33.895,1789337373.8953614,-41
2026-09-13 19:09:33.903,1789337373.9030538,-43
2026-09-13 19:09:33.910,1789337373.910746,-50
2026-09-13 19:09:33.918,1789337373.9184384,-43
2026-09-13 19:09:33.926,1789337373.9261308,58
2026-09-13 19:09:33.933,1789337373.933823,300
2026-09-13 19:09:33.941,1789337373.9415152,645
2026-09-13 19:09:33.949,1789337373.9492075,802
2026-09-13 19:09:33.956,1789337373.9569,307
2026-09-13 19:09:33.964,1789337373.9645922,-366
2026-09-13 19:09:33.972,1789337373.9722846,-312
2026-09-13 19:09:33.979,1789337373.979977,7
2026-09-13 19:09:33.987,1789337373.9876692,-58
2026-09-13 19:09:33.995,1789337373.9953616,-135
2026-09-13 19:09:34.003,1789337374.0030537,-50
2026-09-13 19:09:34.010,1789337374.010746,-48
2026-09-13 19:09:34.018,1789337374.0184383,-87
2026-09-13 19:09:34.026,1789337374.0261307,-58
2026-09-13 19:09:34.033,1789337374.033823,-38
2026-09-13 19:09:34.041,1789337374.0415154,-46
2026-09-13 19:09:34.049,1789337374.0492077,-36
2026-09-13 19:09:34.056,1789337374.0569,-21
2026-09-13 19:09:34.064,1789337374.0645921,-16
2026-09-13 19:09:34.072,1789337374.0722845,-9
2026-09-13 19:09:34.079,1789337374.0799768,-2
2026-09-13 19:09:34.087,1789337374.0876691,2
2026-09-13 19:09:34.095,1789337374.0953615,12
2026-09-13 19:09:34.103,1789337374.1030538,24
2026-09-13 19:09:34.110,1789337374.1107461,29
2026-09-13 19:09:34.118,1789337374.1184385,33
2026-09-13 19:09:34.126,1789337374.1261306,38
2026-09-13 19:09:34.133,1789337374.133823,38
2026-09-13 19:09:34.141,1789337374.1415153,33
2026-09-13 19:09:34.149,1789337374.1492076,29
2026-09-13 19:09:34.156,1789337374.1569,26
2026-09-13 19:09:34.164,1789337374.1645923,24
2026-09-13 19:09:34.172,1789337374.1722846,21
2026-09-13 19:09:34.179,1789337374.179977,12
2026-09-13 19:09:34.187,1789337374.187669,-7
2026-09-13 19:09:34.195,1789337374.1953614,-31
2026-09-13 19:09:34.203,1789337374.2030537,-50
2026-09-13 19:09:34.210,1789337374.210746,-65
2026-09-13 19:09:34.218,1789337374.2184384,-72
2026-09-13 19:09:34.226,1789337374.2261307,-75
2026-09-13 19:09:34.233,1789337374.233823,-77
2026-09-13 19:09:34.241,1789337374.2415154,-77
2026-09-13 19:09:34.249,1789337374.2492077,-75
2026-09-13 19:09:34.256,1789337374.2568998,-67
2026-09-13 19:09:34.264,1789337374.2645922,-60
2026-09-13 19:09:34.272,1789337374.2722845,-53
2026-09-13 19:09:34.279,1789337374.279415,-48
2026-09-13 19:09:34.287,1789337374.2871072,-43
2026-09-13 19:09:34.294,1789337374.2947996,-38
2026-09-13 19:09:34.302,1789337374.302492,-36
2026-09-13 19:09:34.310,1789337374.3101842,-33
2026-09-13 19:09:34.317,1789337374.3178763,-36
2026-09-13 19:09:34.325,1789337374.3255687,-33
2026-09-13 19:09:34.333,1789337374.333261,-33
2026-09-13 19:09:34.340,1789337374.3409534,-31
2026-09-13 19:09:34.348,1789337374.3486457,-33
2026-09-13 19:09:34.356,1789337374.356338,-33
2026-09-13 19:09:34.364,1789337374.3640304,-33
2026-09-13 19:09:34.371,1789337374.3717227,-41
2026-09-13 19:09:34.379,1789337374.3794148,-50
2026-09-13 19:09:34.387,1789337374.3871071,-48
2026-09-13 19:09:34.394,1789337374.3947995,-41
2026-09-13 19:09:34.402,1789337374.4024918,-33
2026-09-13 19:09:34.410,1789337374.4101841,-14
2026-09-13 19:09:34.417,1789337374.4178765,12
2026-09-13 19:09:34.425,1789337374.4255688,21
2026-09-13 19:09:34.433,1789337374.4332612,9
2026-09-13 19:09:34.440,1789337374.4409533,-12
2026-09-13 19:09:34.448,1789337374.4486456,-29
2026-09-13 19:09:34.456,1789337374.456338,-41
2026-09-13 19:09:34.464,1789337374.4640303,-43
2026-09-13 19:09:34.471,1789337374.4717226,-43
2026-09-13 19:09:34.479,1789337374.479415,-41
2026-09-13 19:09:34.487,1789337374.4871073,-36
2026-09-13 19:09:34.494,1789337374.4947996,-36
2026-09-13 19:09:34.502,1789337374.5024917,-46
2026-09-13 19:09:34.510,1789337374.510184,-48
2026-09-13 19:09:34.517,1789337374.5178764,29
2026-09-13 19:09:34.525,1789337374.5255687,240
2026-09-13 19:09:34.533,1789337374.533261,569
2026-09-13 19:09:34.540,1789337374.5409534,790
2026-09-13 19:09:34.548,1789337374.5486457,397
2026-09-13 19:09:34.556,1789337374.556338,-315
2026-09-13 19:09:34.564,1789337374.5640302,-371
2026-09-13 19:09:34.571,1789337374.5717225,-16
2026-09-13 19:09:34.579,1789337374.5794148,-26
2026-09-13 19:09:34.587,1789337374.5871072,-133
2026-09-13 19:09:34.594,1789337374.5947995,-58
2026-09-13 19:09:34.602,1789337374.6024919,-38
2026-09-13 19:09:34.610,1789337374.6101842,-77
2026-09-13 19:09:34.617,1789337374.6178765,-58
2026-09-13 19:09:34.625,1789337374.6255686,-36
2026-09-13 19:09:34.633,1789337374.633261,-41
2026-09-13 19:09:34.640,1789337374.6409533,-33
2026-09-13 19:09:34.648,1789337374.6486456,-21
2026-09-13 19:09:34.656,1789337374.656338,-16
2026-09-13 19:09:34.664,1789337374.6640303,-12
2026-09-13 19:09:34.671,1789337374.6717227,0
2026-09-13 19:09:34.679,1789337374.679415,9
2026-09-13 19:09:34.687,1789337374.687107,16
2026-09-13 19:09:34.694,1789337374.6947994,24
2026-09-13 19:09:34.702,1789337374.7024918,33
2026-09-13 19:09:34.710,1789337374.710184,41
2026-09-13 19:09:34.717,1789337374.7178764,46
2026-09-13 19:09:34.725,1789337374.7255688,48
2026-09-13 19:09:34.733,1789337374.733261,43
2026-09-13 19:09:34.740,1789337374.7409534,38
2026-09-13 19:09:34.748,1789337374.7486455,36
2026-09-13 19:09:34.756,1789337374.756338,33
2026-09-13 19:09:34.764,1789337374.7640302,29
2026-09-13 19:09:34.771,1789337374.7717226,19
2026-09-13 19:09:34.779,1789337374.779415,0
2026-09-13 19:09:34.787,1789337374.7871072,-26
2026-09-13 19:09:34.794,1789337374.7947996,-48
2026-09-13 19:09:34.802,1789337374.802492,-63
2026-09-13 19:09:34.810,1789337374.8101842,-75
2026-09-13 19:09:34.817,1789337374.8178763,-80
2026-09-13 19:09:34.825,1789337374.8255687,-80
2026-09-13 19:09:34.833,1789337374.833261,-80
2026-09-13 19:09:34.840,1789337374.8403919,-77
2026-09-13 19:09:34.848,1789337374.8480842,-72
2026-09-13 19:09:34.855,1789337374.8557765,-65
2026-09-13 19:09:34.863,1789337374.863469,-60
2026-09-13 19:09:34.871,1789337374.8711612,-53
2026-09-13 19:09:34.878,1789337374.8788533,-48
2026-09-13 19:09:34.886,1789337374.8865457,-43
2026-09-13 19:09:34.894,1789337374.894238,-38
2026-09-13 19:09:34.901,1789337374.9019303,-33
2026-09-13 19:09:34.909,1789337374.9096227,-33
2026-09-13 19:09:34.917,1789337374.917315,-33
2026-09-13 19:09:34.925,1789337374.9250073,-33
2026-09-13 19:09:34.932,1789337374.9326997,-33
2026-09-13 19:09:34.940,1789337374.9403918,-33
2026-09-13 19:09:34.948,1789337374.948084,-33
2026-09-13 19:09:34.955,1789337374.9557765,-31
2026-09-13 19:09:34.963,1789337374.9634688,-33
2026-09-13 19:09:34.971,1789337374.9711611,-43
2026-09-13 19:09:34.978,1789337374.9788535,-53
2026-09-13 19:09:34.986,1789337374.9865458,-53
2026-09-13 19:09:34.994,1789337374.9942381,-43
2026-09-13 19:09:35.001,1789337375.0019302,-36
2026-09-13 19:09:35.009,1789337375.0096226,-21
2026-09-13 19:09:35.017,1789337375.017315,7
2026-09-13 19:09:35.025,1789337375.0250072,21
2026-09-13 19:09:35.032,1789337375.0326996,14
2026-09-13 19:09:35.040,1789337375.040392,-7
2026-09-13 19:09:35.048,1789337375.0480843,-24
2026-09-13 19:09:35.055,1789337375.0557766,-41
2026-09-13 19:09:35.063,1789337375.0634687,-46
2026-09-13 19:09:35.071,1789337375.071161,-43
2026-09-13 19:09:35.078,1789337375.0788534,-41
2026-09-13 19:09:35.086,1789337375.0865457,-38
2026-09-13 19:09:35.094,1789337375.094238,-38
2026-09-13 19:09:35.101,1789337375.1019304,-43
2026-09-13 19:09:35.109,1789337375.1096227,-50
2026-09-13 19:09:35.117,1789337375.117315,4
2026-09-13 19:09:35.125,1789337375.1250072,189
2026-09-13 19:09:35.132,1789337375.1326995,499
2026-09-13 19:09:35.140,1789337375.1403918,785
2026-09-13 19:09:35.148,1789337375.1480842,557
2026-09-13 19:09:35.155,1789337375.1557765,-184
2026-09-13 19:09:35.163,1789337375.1634688,-438
2026-09-13 19:09:35.171,1789337375.1711612,-84
2026-09-13 19:09:35.178,1789337375.1788535,2
2026-09-13 19:09:35.186,1789337375.1865456,-133
2026-09-13 19:09:35.194,1789337375.194238,-89
2026-09-13 19:09:35.201,1789337375.2019303,-38
2026-09-13 19:09:35.209,1789337375.2096226,-77
2026-09-13 19:09:35.217,1789337375.217315,-70
2026-09-13 19:09:35.225,1789337375.2250073,-41
2026-09-13 19:09:35.232,1789337375.2326996,-43
2026-09-13 19:09:35.240,1789337375.240392,-41
2026-09-13 19:09:35.248,1789337375.248084,-29
2026-09-13 19:09:35.255,1789337375.2557764,-21
2026-09-13 19:09:35.263,1789337375.2634687,-14
2026-09-13 19:09:35.271,1789337375.271161,-4
2026-09-13 19:09:35.278,1789337375.2788534,2
2026-09-13 19:09:35.286,1789337375.2865458,12
2026-09-13 19:09:35.294,1789337375.294238,21
2026-09-13 19:09:35.301,1789337375.3019304,31
2026-09-13 19:09:35.309,1789337375.3096225,41
2026-09-13 19:09:35.317,1789337375.3173149,46
2026-09-13 19:09:35.325,1789337375.3250072,46
2026-09-13 19:09:35.332,1789337375.3326995,46
2026-09-13 19:09:35.340,1789337375.3403919,46
2026-09-13 19:09:35.348,1789337375.3480842,38
2026-09-13 19:09:35.355,1789337375.3557765,33
2026-09-13 19:09:35.363,1789337375.363469,33
2026-09-13 19:09:35.371,1789337375.3711612,29
2026-09-13 19:09:35.378,1789337375.3788533,9
2026-09-13 19:09:35.386,1789337375.3865457,-16
2026-09-13 19:09:35.394,1789337375.394238,-38
2026-09-13 19:09:35.401,1789337375.4013684,-58
2026-09-13 19:09:35.409,1789337375.4090607,-72
2026-09-13 19:09:35.416,1789337375.416753,-80
2026-09-13 19:09:35.424,1789337375.4244454,-80
2026-09-13 19:09:35.432,1789337375.4321377,-82
2026-09-13 19:09:35.439,1789337375.4398298,-82
2026-09-13 19:09:35.447,1789337375.4475222,-75
2026-09-13 19:09:35.455,1789337375.4552145,-65
2026-09-13 19:09:35.462,1789337375.4629068,-60
2026-09-13 19:09:35.470,1789337375.4705992,-55
2026-09-13 19:09:35.478,1789337375.4782915,-48
2026-09-13 19:09:35.485,1789337375.4859838,-41
2026-09-13 19:09:35.493,1789337375.4936762,-38
2026-09-13 19:09:35.501,1789337375.5013683,-36
2026-09-13 19:09:35.509,1789337375.5090606,-31
2026-09-13 19:09:35.516,1789337375.516753,-29
2026-09-13 19:09:35.524,1789337375.5244453,-29
2026-09-13 19:09:35.532,1789337375.5321376,-29
2026-09-13 19:09:35.539,1789337375.53983,-29
2026-09-13 19:09:35.547,1789337375.5475223,-31
2026-09-13 19:09:35.555,1789337375.5552146,-29
2026-09-13 19:09:35.562,1789337375.5629067,-29
2026-09-13 19:09:35.570,1789337375.570599,-38
2026-09-13 19:09:35.578,1789337375.5782914,-48
2026-09-13 19:09:35.585,1789337375.5859838,-50
2026-09-13 19:09:35.593,1789337375.593676,-43
2026-09-13 19:09:35.601,1789337375.6013684,-33
2026-09-13 19:09:35.609,1789337375.6090608,-16
2026-09-13 19:09:35.616,1789337375.616753,12
2026-09-13 19:09:35.624,1789337375.6244452,26
2026-09-13 19:09:35.632,1789337375.6321375,16
2026-09-13 19:09:35.639,1789337375.6398299,-4
2026-09-13 19:09:35.647,1789337375.6475222,-24
2026-09-13 19:09:35.655,1789337375.6552145,-38
2026-09-13 19:09:35.662,1789337375.662907,-43
2026-09-13 19:09:35.670,1789337375.6705992,-41
2026-09-13 19:09:35.678,1789337375.6782916,-38
2026-09-13 19:09:35.685,1789337375.6859837,-36
2026-09-13 19:09:35.693,1789337375.693676,-36
2026-09-13 19:09:35.701,1789337375.7013683,-43
2026-09-13 19:09:35.709,1789337375.7090607,-50
2026-09-13 19:09:35.716,1789337375.716753,4
2026-09-13 19:09:35.724,1789337375.7244453,191
2026-09-13 19:09:35.732,1789337375.7321377,506
2026-09-13 19:09:35.739,1789337375.73983,785
2026-09-13 19:09:35.747,1789337375.747522,528
2026-09-13 19:09:35.755,1789337375.7552145,-213
2026-09-13 19:09:35.762,1789337375.7629068,-431
2026-09-13 19:09:35.770,1789337375.7705991,-72
2026-09-13 19:09:35.778,1789337375.7782915,0
2026-09-13 19:09:35.785,1789337375.7859838,-130
2026-09-13 19:09:35.793,1789337375.7936761,-80
2026-09-13 19:09:35.801,1789337375.8013685,-33
2026-09-13 19:09:35.809,1789337375.8090606,-75
2026-09-13 19:09:35.816,1789337375.816753,-65
2026-09-13 19:09:35.824,1789337375.8244452,-36
2026-09-13 19:09:35.832,1789337375.8321376,-41
2026-09-13 19:09:35.839,1789337375.83983,-38
2026-09-13 19:09:35.847,1789337375.8475223,-24
2026-09-13 19:09:35.855,1789337375.8552146,-16
2026-09-13 19:09:35.862,1789337375.862907,-14
2026-09-13 19:09:35.870,1789337375.870599,-4
2026-09-13 19:09:35.878,1789337375.8782914,4
2026-09-13 19:09:35.885,1789337375.8859837,12
2026-09-13 19:09:35.893,1789337375.893676,24
2026-09-13 19:09:35.901,1789337375.9013684,36
2026-09-13 19:09:35.909,1789337375.9090607,43
2026-09-13 19:09:35.916,1789337375.916753,46
2026-09-13 19:09:35.924,1789337375.9244454,48
2026-09-13 19:09:35.932,1789337375.9321377,48
2026-09-13 19:09:35.939,1789337375.9398298,46
2026-09-13 19:09:35.947,1789337375.9475222,41
2026-09-13 19:09:35.955,1789337375.9552145,38
2026-09-13 19:09:35.962,1789337375.9623148,33
2026-09-13 19:09:35.970,1789337375.9700072,24
2026-09-13 19:09:35.977,1789337375.9776995,7
2026-09-13 19:09:35.985,1789337375.9853919,-19
2026-09-13 19:09:35.993,1789337375.9930842,-43
2026-09-13 19:09:36.000,1789337376.0007763,-60
2026-09-13 19:09:36.008,1789337376.0084686,-75
2026-09-13 19:09:36.016,1789337376.016161,-80
2026-09-13 19:09:36.023,1789337376.0238533,-80
2026-09-13 19:09:36.031,1789337376.0315456,-80
2026-09-13 19:09:36.039,1789337376.039238,-77
2026-09-13 19:09:36.046,1789337376.0469303,-72
2026-09-13 19:09:36.054,1789337376.0546227,-65
2026-09-13 19:09:36.062,1789337376.0623147,-58
2026-09-13 19:09:36.070,1789337376.070007,-50
2026-09-13 19:09:36.077,1789337376.0776994,-46
2026-09-13 19:09:36.085,1789337376.0853918,-41
2026-09-13 19:09:36.093,1789337376.093084,-38
2026-09-13 19:09:36.100,1789337376.1007764,-36
2026-09-13 19:09:36.108,1789337376.1084688,-33
2026-09-13 19:09:36.116,1789337376.116161,-33
2026-09-13 19:09:36.123,1789337376.1238532,-36
2026-09-13 19:09:36.131,1789337376.1315455,-36
2026-09-13 19:09:36.139,1789337376.1392379,-36
2026-09-13 19:09:36.146,1789337376.1469302,-36
2026-09-13 19:09:36.154,1789337376.1546226,-36
2026-09-13 19:09:36.162,1789337376.162315,-36
2026-09-13 19:09:36.170,1789337376.1700072,-46
2026-09-13 19:09:36.177,1789337376.1776996,-55
2026-09-13 19:09:36.185,1789337376.1853917,-50
2026-09-13 19:09:36.193,1789337376.193084,-41
2026-09-13 19:09:36.200,1789337376.2007763,-29
2026-09-13 19:09:36.208,1789337376.2084687,-4
2026-09-13 19:09:36.216,1789337376.216161,16
2026-09-13 19:09:36.223,1789337376.2238533,12
2026-09-13 19:09:36.231,1789337376.2315457,-7
2026-09-13 19:09:36.239,1789337376.239238,-26
2026-09-13 19:09:36.246,1789337376.2469301,-41
2026-09-13 19:09:36.254,1789337376.2546225,-48
2026-09-13 19:09:36.262,1789337376.2623148,-48
2026-09-13 19:09:36.270,1789337376.2700071,-48
2026-09-13 19:09:36.277,1789337376.2776995,-48
2026-09-13 19:09:36.285,1789337376.2853918,-43
2026-09-13 19:09:36.293,1789337376.2930841,-46
2026-09-13 19:09:36.300,1789337376.3007765,-58
2026-09-13 19:09:36.308,1789337376.3084686,-36
2026-09-13 19:09:36.316,1789337376.316161,94
2026-09-13 19:09:36.323,1789337376.3238533,361
2026-09-13 19:09:36.331,1789337376.3315456,696
2026-09-13 19:09:36.339,1789337376.339238,691
2026-09-13 19:09:36.346,1789337376.3469303,38
2026-09-13 19:09:36.354,1789337376.3546226,-460
2026-09-13 19:09:36.362,1789337376.362315,-213
2026-09-13 19:09:36.370,1789337376.370007,19
2026-09-13 19:09:36.377,1789337376.3776994,-101
2026-09-13 19:09:36.385,1789337376.3853917,-118
2026-09-13 19:09:36.393,1789337376.393084,-43
2026-09-13 19:09:36.400,1789337376.4007764,-67
2026-09-13 19:09:36.408,1789337376.4084687,-82
2026-09-13 19:09:36.416,1789337376.416161,-50
2026-09-13 19:09:36.423,1789337376.4238534,-46
2026-09-13 19:09:36.431,1789337376.4315455,-50
2026-09-13 19:09:36.439,1789337376.4392378,-33
2026-09-13 19:09:36.446,1789337376.4469302,-24
2026-09-13 19:09:36.454,1789337376.4546225,-21
2026-09-13 19:09:36.462,1789337376.4623148,-12
2026-09-13 19:09:36.470,1789337376.4700072,0
2026-09-13 19:09:36.477,1789337376.4776995,7
2026-09-13 19:09:36.485,1789337376.4853919,14
2026-09-13 19:09:36.493,1789337376.4930842,26
2026-09-13 19:09:36.500,1789337376.5007763,38
2026-09-13 19:09:36.508,1789337376.5084686,46
2026-09-13 19:09:36.516,1789337376.516161,48
2026-09-13 19:09:36.523,1789337376.5232916,50
2026-09-13 19:09:36.530,1789337376.530984,46
2026-09-13 19:09:36.538,1789337376.5386763,41
2026-09-13 19:09:36.546,1789337376.5463686,38
2026-09-13 19:09:36.554,1789337376.554061,36
2026-09-13 19:09:36.561,1789337376.561753,29
2026-09-13 19:09:36.569,1789337376.5694454,14
2026-09-13 19:09:36.577,1789337376.5771377,-9
2026-09-13 19:09:36.584,1789337376.58483,-38
2026-09-13 19:09:36.592,1789337376.5925224,-58
2026-09-13 19:09:36.600,1789337376.6002147,-70
2026-09-13 19:09:36.607,1789337376.607907,-77
2026-09-13 19:09:36.615,1789337376.6155994,-80
2026-09-13 19:09:36.623,1789337376.6232915,-80
2026-09-13 19:09:36.630,1789337376.6309838,-77
2026-09-13 19:09:36.638,1789337376.6386762,-72
2026-09-13 19:09:36.646,1789337376.6463685,-67
2026-09-13 19:09:36.654,1789337376.6540608,-63
2026-09-13 19:09:36.661,1789337376.6617532,-53
2026-09-13 19:09:36.669,1789337376.6694455,-46
2026-09-13 19:09:36.677,1789337376.6771379,-43
2026-09-13 19:09:36.684,1789337376.68483,-41
2026-09-13 19:09:36.692,1789337376.6925223,-36
2026-09-13 19:09:36.700,1789337376.7002146,-33
2026-09-13 19:09:36.707,1789337376.707907,-33
2026-09-13 19:09:36.715,1789337376.7155993,-29
2026-09-13 19:09:36.723,1789337376.7232916,-29
2026-09-13 19:09:36.730,1789337376.730984,-31
2026-09-13 19:09:36.738,1789337376.7386763,-31
2026-09-13 19:09:36.746,1789337376.7463684,-29
2026-09-13 19:09:36.754,1789337376.7540607,-33
2026-09-13 19:09:36.761,1789337376.761753,-43
2026-09-13 19:09:36.769,1789337376.7694454,-48
2026-09-13 19:09:36.777,1789337376.7771378,-43
2026-09-13 19:09:36.784,1789337376.78483,-36
2026-09-13 19:09:36.792,1789337376.7925224,-24
2026-09-13 19:09:36.800,1789337376.8002148,0
2026-09-13 19:09:36.807,1789337376.8079069,21
2026-09-13 19:09:36.815,1789337376.8155992,24
2026-09-13 19:09:36.823,1789337376.8232915,7
2026-09-13 19:09:36.830,1789337376.8309839,-9
2026-09-13 19:09:36.838,1789337376.8386762,-24
2026-09-13 19:09:36.846,1789337376.8463686,-36
2026-09-13 19:09:36.854,1789337376.854061,-38
2026-09-13 19:09:36.861,1789337376.8617532,-38
2026-09-13 19:09:36.869,1789337376.8694453,-36
2026-09-13 19:09:36.877,1789337376.8771377,-31
2026-09-13 19:09:36.884,1789337376.88483,-31
2026-09-13 19:09:36.892,1789337376.8925223,-43
2026-09-13 19:09:36.900,1789337376.9002147,-38
2026-09-13 19:09:36.907,1789337376.907907,63
2026-09-13 19:09:36.915,1789337376.9155993,298
2026-09-13 19:09:36.923,1789337376.9232917,635
2026-09-13 19:09:36.930,1789337376.9309838,761
2026-09-13 19:09:36.938,1789337376.938676,232
2026-09-13 19:09:36.946,1789337376.9463685,-400
2026-09-13 19:09:36.954,1789337376.9540608,-293
2026-09-13 19:09:36.961,1789337376.9617531,26
2026-09-13 19:09:36.969,1789337376.9694455,-43
2026-09-13 19:09:36.977,1789337376.9771378,-109
2026-09-13 19:09:36.984,1789337376.9848301,-26
2026-09-13 19:09:36.992,1789337376.9925222,-31
2026-09-13 19:09:37.000,1789337377.0002146,-63
2026-09-13 19:09:37.007,1789337377.007907,-31
2026-09-13 19:09:37.015,1789337377.0155993,-14
2026-09-13 19:09:37.023,1789337377.0232916,-24
2026-09-13 19:09:37.030,1789337377.030984,-14
2026-09-13 19:09:37.038,1789337377.0386763,0
2026-09-13 19:09:37.046,1789337377.0463686,4
2026-09-13 19:09:37.054,1789337377.054061,12
2026-09-13 19:09:37.061,1789337377.061753,21
2026-09-13 19:09:37.069,1789337377.0694454,29
2026-09-13 19:09:37.077,1789337377.0771377,38
2026-09-13 19:09:37.084,1789337377.0842683,48
2026-09-13 19:09:37.091,1789337377.0919607,60
2026-09-13 19:09:37.099,1789337377.099653,67
2026-09-13 19:09:37.107,1789337377.1073453,75
2026-09-13 19:09:37.115,1789337377.1150377,75
2026-09-13 19:09:37.122,1789337377.1227298,77
2026-09-13 19:09:37.130,1789337377.130422,72
2026-09-13 19:09:37.138,1789337377.1381145,67
2026-09-13 19:09:37.145,1789337377.1458068,67
2026-09-13 19:09:37.153,1789337377.1534991,63
2026-09-13 19:09:37.161,1789337377.1611915,48
2026-09-13 19:09:37.168,1789337377.1688838,21
2026-09-13 19:09:37.176,1789337377.1765761,-4
2026-09-13 19:09:37.184,1789337377.1842682,-26
2026-09-13 19:09:37.191,1789337377.1919606,-41
2026-09-13 19:09:37.199,1789337377.199653,-48
2026-09-13 19:09:37.207,1789337377.2073452,-53
2026-09-13 19:09:37.215,1789337377.2150376,-55
2026-09-13 19:09:37.222,1789337377.22273,-53
2026-09-13 19:09:37.230,1789337377.2304223,-50
2026-09-13 19:09:37.238,1789337377.2381146,-46
2026-09-13 19:09:37.245,1789337377.2458067,-41
2026-09-13 19:09:37.253,1789337377.253499,-33
2026-09-13 19:09:37.261,1789337377.2611914,-26
2026-09-13 19:09:37.268,1789337377.2688837,-21
2026-09-13 19:09:37.276,1789337377.276576,-19
2026-09-13 19:09:37.284,1789337377.2842684,-14
2026-09-13 19:09:37.291,1789337377.2919607,-9
2026-09-13 19:09:37.299,1789337377.299653,-9
2026-09-13 19:09:37.307,1789337377.3073452,-9
2026-09-13 19:09:37.315,1789337377.3150375,-9
2026-09-13 19:09:37.322,1789337377.3227298,-7
2026-09-13 19:09:37.330,1789337377.3304222,-4
2026-09-13 19:09:37.338,1789337377.3381145,-7
2026-09-13 19:09:37.345,1789337377.3458068,-9
2026-09-13 19:09:37.353,1789337377.3534992,-16
2026-09-13 19:09:37.361,1789337377.3611915,-29
2026-09-13 19:09:37.368,1789337377.3688836,-26
2026-09-13 19:09:37.376,1789337377.376576,-14
2026-09-13 19:09:37.384,1789337377.3842683,-4
2026-09-13 19:09:37.391,1789337377.3919606,14
2026-09-13 19:09:37.399,1789337377.399653,38
2026-09-13 19:09:37.407,1789337377.4073453,43
2026-09-13 19:09:37.415,1789337377.4150376,31
2026-09-13 19:09:37.422,1789337377.42273,12
2026-09-13 19:09:37.430,1789337377.430422,-7
2026-09-13 19:09:37.438,1789337377.4381144,-19
2026-09-13 19:09:37.445,1789337377.4458067,-24
2026-09-13 19:09:37.453,1789337377.453499,-21
2026-09-13 19:09:37.461,1789337377.4611914,-19
2026-09-13 19:09:37.468,1789337377.4688838,-19
2026-09-13 19:09:37.476,1789337377.476576,-21
2026-09-13 19:09:37.484,1789337377.4842684,-26
2026-09-13 19:09:37.491,1789337377.4919605,-24
2026-09-13 19:09:37.499,1789337377.4996529,55
2026-09-13 19:09:37.507,1789337377.5073452,269
2026-09-13 19:09:37.515,1789337377.5150375,599
2026-09-13 19:09:37.522,1789337377.5227299,793
2026-09-13 19:09:37.530,1789337377.5304222,361
2026-09-13 19:09:37.538,1789337377.5381145,-332
2026-09-13 19:09:37.545,1789337377.545807,-337
2026-09-13 19:09:37.553,1789337377.553499,14
2026-09-13 19:09:37.561,1789337377.5611913,-12
2026-09-13 19:09:37.568,1789337377.5688837,-109
2026-09-13 19:09:37.576,1789337377.576576,-33
2026-09-13 19:09:37.584,1789337377.5842683,-16
2026-09-13 19:09:37.591,1789337377.5919607,-55
2026-09-13 19:09:37.599,1789337377.599653,-33
2026-09-13 19:09:37.607,1789337377.6073453,-12
2026-09-13 19:09:37.615,1789337377.6150377,-21
2026-09-13 19:09:37.622,1789337377.6227298,-14
2026-09-13 19:09:37.630,1789337377.630422,2
2026-09-13 19:09:37.638,1789337377.6381145,7
2026-09-13 19:09:37.645,1789337377.6452146,9
2026-09-13 19:09:37.652,1789337377.652907,19
2026-09-13 19:09:37.660,1789337377.6605992,29
2026-09-13 19:09:37.668,1789337377.6682916,41
2026-09-13 19:09:37.675,1789337377.675984,50
2026-09-13 19:09:37.683,1789337377.683676,58
2026-09-13 19:09:37.691,1789337377.6913683,65
2026-09-13 19:09:37.699,1789337377.6990607,70
2026-09-13 19:09:37.706,1789337377.706753,70
2026-09-13 19:09:37.714,1789337377.7144454,67
2026-09-13 19:09:37.722,1789337377.7221377,65
2026-09-13 19:09:37.729,1789337377.72983,60
2026-09-13 19:09:37.737,1789337377.7375224,58
2026-09-13 19:09:37.745,1789337377.7452145,53
2026-09-13 19:09:37.752,1789337377.7529068,41
2026-09-13 19:09:37.760,1789337377.7605991,16
2026-09-13 19:09:37.768,1789337377.7682915,-7
2026-09-13 19:09:37.775,1789337377.7759838,-29
2026-09-13 19:09:37.783,1789337377.7836761,-46
2026-09-13 19:09:37.791,1789337377.7913685,-58
2026-09-13 19:09:37.799,1789337377.7990608,-63
2026-09-13 19:09:37.806,1789337377.806753,-63
2026-09-13 19:09:37.814,1789337377.8144453,-63
2026-09-13 19:09:37.822,1789337377.8221376,-63
2026-09-13 19:09:37.829,1789337377.82983,-55
2026-09-13 19:09:37.837,1789337377.8375223,-48
2026-09-13 19:09:37.845,1789337377.8452146,-43
2026-09-13 19:09:37.852,1789337377.852907,-38
2026-09-13 19:09:37.860,1789337377.8605993,-33
2026-09-13 19:09:37.868,1789337377.8682914,-29
2026-09-13 19:09:37.875,1789337377.8759837,-26
2026-09-13 19:09:37.883,1789337377.883676,-21
2026-09-13 19:09:37.891,1789337377.8913684,-19
2026-09-13 19:09:37.899,1789337377.8990607,-19
2026-09-13 19:09:37.906,1789337377.906753,-19
2026-09-13 19:09:37.914,1789337377.9144454,-19
2026-09-13 19:09:37.922,1789337377.9221377,-19
2026-09-13 19:09:37.929,1789337377.9298298,-21
2026-09-13 19:09:37.937,1789337377.9375222,-24
2026-09-13 19:09:37.945,1789337377.9452145,-29
2026-09-13 19:09:37.952,1789337377.9529068,-38
2026-09-13 19:09:37.960,1789337377.9605992,-38
2026-09-13 19:09:37.968,1789337377.9682915,-36
2026-09-13 19:09:37.975,1789337377.9759839,-26
2026-09-13 19:09:37.983,1789337377.9836762,-4
2026-09-13 19:09:37.991,1789337377.9913683,21
2026-09-13 19:09:37.999,1789337377.9990606,31
2026-09-13 19:09:38.006,1789337378.006753,21
2026-09-13 19:09:38.014,1789337378.0144453,2
2026-09-13 19:09:38.022,1789337378.0221376,-16
2026-09-13 19:09:38.029,1789337378.02983,-31
2026-09-13 19:09:38.037,1789337378.0375223,-36
2026-09-13 19:09:38.045,1789337378.0452147,-36
2026-09-13 19:09:38.052,1789337378.0529068,-31
2026-09-13 19:09:38.060,1789337378.060599,-29
2026-09-13 19:09:38.068,1789337378.0682914,-29
2026-09-13 19:09:38.075,1789337378.0759838,-33
2026-09-13 19:09:38.083,1789337378.083676,-43
2026-09-13 19:09:38.091,1789337378.0913684,-2
2026-09-13 19:09:38.099,1789337378.0990608,162
2026-09-13 19:09:38.106,1789337378.106753,455
2026-09-13 19:09:38.114,1789337378.1144452,756
2026-09-13 19:09:38.122,1789337378.1221375,584
2026-09-13 19:09:38.129,1789337378.12983,-143
2026-09-13 19:09:38.137,1789337378.1375222,-443
2026-09-13 19:09:38.145,1789337378.1452146,-99
2026-09-13 19:09:38.152,1789337378.152907,21
2026-09-13 19:09:38.160,1789337378.1605992,-116
2026-09-13 19:09:38.168,1789337378.1682916,-80
2026-09-13 19:09:38.175,1789337378.175984,-21
2026-09-13 19:09:38.183,1789337378.183676,-63
2026-09-13 19:09:38.191,1789337378.1913683,-63
2026-09-13 19:09:38.199,1789337378.1990607,-31
2026-09-13 19:09:38.206,1789337378.2061915,-31
2026-09-13 19:09:38.213,1789337378.2138839,-33
2026-09-13 19:09:38.221,1789337378.2215762,-19
2026-09-13 19:09:38.229,1789337378.2292686,-12
2026-09-13 19:09:38.236,1789337378.236961,-4
2026-09-13 19:09:38.244,1789337378.244653,4
2026-09-13 19:09:38.252,1789337378.2523453,14
2026-09-13 19:09:38.260,1789337378.2600377,21
2026-09-13 19:09:38.267,1789337378.26773,31
2026-09-13 19:09:38.275,1789337378.2754223,43
2026-09-13 19:09:38.283,1789337378.2831147,50
2026-09-13 19:09:38.290,1789337378.290807,55
2026-09-13 19:09:38.298,1789337378.2984993,60
2026-09-13 19:09:38.306,1789337378.3061914,58
2026-09-13 19:09:38.313,1789337378.3138838,53
2026-09-13 19:09:38.321,1789337378.321576,50
2026-09-13 19:09:38.329,1789337378.3292685,48
2026-09-13 19:09:38.336,1789337378.3369608,46
2026-09-13 19:09:38.344,1789337378.3446531,38
2026-09-13 19:09:38.352,1789337378.3523455,16
2026-09-13 19:09:38.360,1789337378.3600378,-12
2026-09-13 19:09:38.367,1789337378.36773,-36
2026-09-13 19:09:38.375,1789337378.3754222,-53
2026-09-13 19:09:38.383,1789337378.3831146,-67
2026-09-13 19:09:38.390,1789337378.390807,-75
2026-09-13 19:09:38.398,1789337378.3984993,-77
2026-09-13 19:09:38.406,1789337378.4061916,-77
2026-09-13 19:09:38.413,1789337378.413884,-77
2026-09-13 19:09:38.421,1789337378.4215763,-75
2026-09-13 19:09:38.429,1789337378.4292684,-67
2026-09-13 19:09:38.436,1789337378.4369607,-60
2026-09-13 19:09:38.444,1789337378.444653,-55
2026-09-13 19:09:38.452,1789337378.4523454,-50
2026-09-13 19:09:38.460,1789337378.4600377,-43
2026-09-13 19:09:38.467,1789337378.46773,-38
2026-09-13 19:09:38.475,1789337378.4754224,-38
2026-09-13 19:09:38.483,1789337378.4831147,-36
2026-09-13 19:09:38.490,1789337378.4908068,-31
2026-09-13 19:09:38.498,1789337378.4984992,-31
2026-09-13 19:09:38.506,1789337378.5061915,-33
2026-09-13 19:09:38.513,1789337378.5138838,-33
2026-09-13 19:09:38.521,1789337378.5215762,-33
2026-09-13 19:09:38.529,1789337378.5292685,-36
2026-09-13 19:09:38.536,1789337378.5369608,-41
2026-09-13 19:09:38.544,1789337378.5446532,-48
2026-09-13 19:09:38.552,1789337378.5523453,-53
2026-09-13 19:09:38.560,1789337378.5600376,-48
2026-09-13 19:09:38.567,1789337378.56773,-43
2026-09-13 19:09:38.575,1789337378.5754223,-29
2026-09-13 19:09:38.583,1789337378.5831146,2
2026-09-13 19:09:38.590,1789337378.590807,19
2026-09-13 19:09:38.598,1789337378.5984993,12
2026-09-13 19:09:38.606,1789337378.6061916,-7
2026-09-13 19:09:38.613,1789337378.6138837,-29
2026-09-13 19:09:38.621,1789337378.621576,-43
2026-09-13 19:09:38.629,1789337378.6292684,-50
2026-09-13 19:09:38.636,1789337378.6369607,-48
2026-09-13 19:09:38.644,1789337378.644653,-50
2026-09-13 19:09:38.652,1789337378.6523454,-48
2026-09-13 19:09:38.660,1789337378.6600378,-43
2026-09-13 19:09:38.667,1789337378.66773,-48
2026-09-13 19:09:38.675,1789337378.6754222,-60
2026-09-13 19:09:38.683,1789337378.6831145,-38
2026-09-13 19:09:38.690,1789337378.6908069,94
2026-09-13 19:09:38.698,1789337378.6984992,363
2026-09-13 19:09:38.706,1789337378.7061915,696
2026-09-13 19:09:38.713,1789337378.7138839,671
2026-09-13 19:09:38.721,1789337378.7215762,7
2026-09-13 19:09:38.729,1789337378.7292686,-468
2026-09-13 19:09:38.736,1789337378.736961,-201
2026-09-13 19:09:38.744,1789337378.744653,19
2026-09-13 19:09:38.752,1789337378.7523453,-106
2026-09-13 19:09:38.760,1789337378.7600377,-111
2026-09-13 19:09:38.767,1789337378.7671378,-36
2026-09-13 19:09:38.774,1789337378.77483,-65
2026-09-13 19:09:38.782,1789337378.7825224,-82
2026-09-13 19:09:38.790,1789337378.7902148,-50
2026-09-13 19:09:38.797,1789337378.797907,-46
2026-09-13 19:09:38.805,1789337378.8055992,-46
2026-09-13 19:09:38.813,1789337378.8132915,-29
2026-09-13 19:09:38.820,1789337378.820984,-21
2026-09-13 19:09:38.828,1789337378.8286762,-19
2026-09-13 19:09:38.836,1789337378.8363686,-7
2026-09-13 19:09:38.844,1789337378.844061,4
2026-09-13 19:09:38.851,1789337378.8517532,7
2026-09-13 19:09:38.859,1789337378.8594456,16
2026-09-13 19:09:38.867,1789337378.8671377,29
2026-09-13 19:09:38.874,1789337378.87483,38
2026-09-13 19:09:38.882,1789337378.8825223,46
2026-09-13 19:09:38.890,1789337378.8902147,48
2026-09-13 19:09:38.897,1789337378.897907,50
2026-09-13 19:09:38.905,1789337378.9055994,50
2026-09-13 19:09:38.913,1789337378.9132917,43
2026-09-13 19:09:38.920,1789337378.920984,36
2026-09-13 19:09:38.928,1789337378.9286761,36
2026-09-13 19:09:38.936,1789337378.9363685,31
2026-09-13 19:09:38.944,1789337378.9440608,9
2026-09-13 19:09:38.951,1789337378.9517531,-16
2026-09-13 19:09:38.959,1789337378.9594455,-41
2026-09-13 19:09:38.967,1789337378.9671378,-60
2026-09-13 19:09:38.974,1789337378.9748302,-72
2026-09-13 19:09:38.982,1789337378.9825225,-80
2026-09-13 19:09:38.990,1789337378.9902146,-84
2026-09-13 19:09:38.997,1789337378.997907,-84
2026-09-13 19:09:39.005,1789337379.0055993,-82
2026-09-13 19:09:39.013,1789337379.0132916,-80
2026-09-13 19:09:39.020,1789337379.020984,-75
2026-09-13 19:09:39.028,1789337379.0286763,-67
2026-09-13 19:09:39.036,1789337379.0363686,-58
2026-09-13 19:09:39.044,1789337379.044061,-50
2026-09-13 19:09:39.051,1789337379.051753,-46
2026-09-13 19:09:39.059,1789337379.0594454,-43
2026-09-13 19:09:39.067,1789337379.0671377,-43
2026-09-13 19:09:39.074,1789337379.07483,-38
2026-09-13 19:09:39.082,1789337379.0825224,-36
2026-09-13 19:09:39.090,1789337379.0902147,-38
2026-09-13 19:09:39.097,1789337379.097907,-36
2026-09-13 19:09:39.105,1789337379.1055994,-33
2026-09-13 19:09:39.113,1789337379.1132915,-36
2026-09-13 19:09:39.120,1789337379.1209838,-38
2026-09-13 19:09:39.128,1789337379.1286762,-43
2026-09-13 19:09:39.136,1789337379.1363685,-53
2026-09-13 19:09:39.144,1789337379.1440609,-55
2026-09-13 19:09:39.151,1789337379.1517532,-48
2026-09-13 19:09:39.159,1789337379.1594455,-41
2026-09-13 19:09:39.167,1789337379.1671379,-26
2026-09-13 19:09:39.174,1789337379.17483,2
2026-09-13 19:09:39.182,1789337379.1825223,19
2026-09-13 19:09:39.190,1789337379.1902146,9
2026-09-13 19:09:39.197,1789337379.197907,-9
2026-09-13 19:09:39.205,1789337379.2055993,-29
2026-09-13 19:09:39.213,1789337379.2132916,-41
2026-09-13 19:09:39.220,1789337379.220984,-48
2026-09-13 19:09:39.228,1789337379.2286763,-50
2026-09-13 19:09:39.236,1789337379.2363684,-48
2026-09-13 19:09:39.244,1789337379.2440608,-46
2026-09-13 19:09:39.251,1789337379.251753,-46
2026-09-13 19:09:39.259,1789337379.2594454,-48
2026-09-13 19:09:39.267,1789337379.2671378,-58
2026-09-13 19:09:39.274,1789337379.27483,-33
2026-09-13 19:09:39.282,1789337379.2825224,99
2026-09-13 19:09:39.290,1789337379.2902148,363
2026-09-13 19:09:39.297,1789337379.297907,693
2026-09-13 19:09:39.305,1789337379.3055992,671
2026-09-13 19:09:39.313,1789337379.3132915,9
2026-09-13 19:09:39.320,1789337379.320984,-465
2026-09-13 19:09:39.328,1789337379.3281145,-201
2026-09-13 19:09:39.335,1789337379.3358068,19
2026-09-13 19:09:39.343,1789337379.3434992,-104
2026-09-13 19:09:39.351,1789337379.3511915,-111
2026-09-13 19:09:39.358,1789337379.3588839,-36
2026-09-13 19:09:39.366,1789337379.366576,-65
2026-09-13 19:09:39.374,1789337379.3742683,-80
2026-09-13 19:09:39.381,1789337379.3819606,-48
2026-09-13 19:09:39.389,1789337379.389653,-41
2026-09-13 19:09:39.397,1789337379.3973453,-46
2026-09-13 19:09:39.405,1789337379.4050376,-33
2026-09-13 19:09:39.412,1789337379.41273,-24
2026-09-13 19:09:39.420,1789337379.4204223,-21
2026-09-13 19:09:39.428,1789337379.4281144,-14
2026-09-13 19:09:39.435,1789337379.4358068,0
2026-09-13 19:09:39.443,1789337379.443499,9
2026-09-13 19:09:39.451,1789337379.4511914,19
2026-09-13 19:09:39.458,1789337379.4588838,26
2026-09-13 19:09:39.466,1789337379.466576,36
2026-09-13 19:09:39.474,1789337379.4742684,46
2026-09-13 19:09:39.481,1789337379.4819608,50
2026-09-13 19:09:39.489,1789337379.4896529,48
2026-09-13 19:09:39.497,1789337379.4973452,48
2026-09-13 19:09:39.505,1789337379.5050375,46
2026-09-13 19:09:39.512,1789337379.51273,41
2026-09-13 19:09:39.520,1789337379.5204222,36
2026-09-13 19:09:39.528,1789337379.5281146,29
2026-09-13 19:09:39.535,1789337379.535807,14
2026-09-13 19:09:39.543,1789337379.5434992,-12
2026-09-13 19:09:39.551,1789337379.5511913,-38
2026-09-13 19:09:39.558,1789337379.5588837,-60
2026-09-13 19:09:39.566,1789337379.566576,-75
2026-09-13 19:09:39.574,1789337379.5742683,-80
2026-09-13 19:09:39.581,1789337379.5819607,-82
2026-09-13 19:09:39.589,1789337379.589653,-82
2026-09-13 19:09:39.597,1789337379.5973454,-82
2026-09-13 19:09:39.605,1789337379.6050377,-80
2026-09-13 19:09:39.612,1789337379.6127298,-77
2026-09-13 19:09:39.620,1789337379.6204221,-67
2026-09-13 19:09:39.628,1789337379.6281145,-60
2026-09-13 19:09:39.635,1789337379.6358068,-55
2026-09-13 19:09:39.643,1789337379.6434991,-50
2026-09-13 19:09:39.651,1789337379.6511915,-43
2026-09-13 19:09:39.658,1789337379.6588838,-38
2026-09-13 19:09:39.666,1789337379.6665761,-38
2026-09-13 19:09:39.674,1789337379.6742682,-38
2026-09-13 19:09:39.681,1789337379.6819606,-38
2026-09-13 19:09:39.689,1789337379.689653,-36
2026-09-13 19:09:39.697,1789337379.6973453,-38
2026-09-13 19:09:39.705,1789337379.7050376,-38
2026-09-13 19:09:39.712,1789337379.71273,-36
2026-09-13 19:09:39.720,1789337379.7204223,-41
2026-09-13 19:09:39.728,1789337379.7281146,-53
2026-09-13 19:09:39.735,1789337379.7358067,-55
2026-09-13 19:09:39.743,1789337379.743499,-46
2026-09-13 19:09:39.751,1789337379.7511914,-38
2026-09-13 19:09:39.758,1789337379.7588837,-24
2026-09-13 19:09:39.766,1789337379.766576,2
2026-09-13 19:09:39.774,1789337379.7742684,19
2026-09-13 19:09:39.781,1789337379.7819607,9
2026-09-13 19:09:39.789,1789337379.789653,-14
2026-09-13 19:09:39.797,1789337379.7973452,-33
2026-09-13 19:09:39.805,1789337379.8050375,-46
2026-09-13 19:09:39.812,1789337379.8127298,-50
2026-09-13 19:09:39.820,1789337379.8204222,-48
2026-09-13 19:09:39.828,1789337379.8281145,-50
2026-09-13 19:09:39.835,1789337379.8358068,-48
2026-09-13 19:09:39.843,1789337379.8434992,-43
2026-09-13 19:09:39.851,1789337379.8511915,-48
2026-09-13 19:09:39.858,1789337379.8588839,-60
2026-09-13 19:09:39.866,1789337379.866576,-31
2026-09-13 19:09:39.874,1789337379.8742683,113
2026-09-13 19:09:39.881,1789337379.8819606,388
2026-09-13 19:09:39.889,1789337379.8890913,712
2026-09-13 19:09:39.896,1789337379.8967836,642
2026-09-13 19:09:39.904,1789337379.904476,-48
2026-09-13 19:09:39.912,1789337379.9121683,-465
2026-09-13 19:09:39.919,1789337379.9198606,-164
2026-09-13 19:09:39.927,1789337379.9275527,19
2026-09-13 19:09:39.935,1789337379.935245,-111
2026-09-13 19:09:39.942,1789337379.9429374,-104
2026-09-13 19:09:39.950,1789337379.9506297,-36
2026-09-13 19:09:39.958,1789337379.958322,-67
2026-09-13 19:09:39.966,1789337379.9660144,-77
2026-09-13 19:09:39.973,1789337379.9737067,-46
2026-09-13 19:09:39.981,1789337379.981399,-41
2026-09-13 19:09:39.989,1789337379.9890912,-43
2026-09-13 19:09:39.996,1789337379.9967835,-29
2026-09-13 19:09:40.004,1789337380.0044758,-19
2026-09-13 19:09:40.012,1789337380.0121682,-14
2026-09-13 19:09:40.019,1789337380.0198605,-2
2026-09-13 19:09:40.027,1789337380.0275528,4
2026-09-13 19:09:40.035,1789337380.0352452,12
2026-09-13 19:09:40.042,1789337380.0429375,21
2026-09-13 19:09:40.050,1789337380.0506296,33
2026-09-13 19:09:40.058,1789337380.058322,41
2026-09-13 19:09:40.066,1789337380.0660143,48
2026-09-13 19:09:40.073,1789337380.0737066,53
2026-09-13 19:09:40.081,1789337380.081399,55
2026-09-13 19:09:40.089,1789337380.0890913,48
2026-09-13 19:09:40.096,1789337380.0967836,46
2026-09-13 19:09:40.104,1789337380.104476,43
2026-09-13 19:09:40.112,1789337380.112168,38
2026-09-13 19:09:40.119,1789337380.1198604,31
2026-09-13 19:09:40.127,1789337380.1275527,12
2026-09-13 19:09:40.135,1789337380.135245,-14
2026-09-13 19:09:40.142,1789337380.1429374,-41
2026-09-13 19:09:40.150,1789337380.1506298,-60
2026-09-13 19:09:40.158,1789337380.158322,-72
2026-09-13 19:09:40.166,1789337380.1660144,-75
2026-09-13 19:09:40.173,1789337380.1737065,-77
2026-09-13 19:09:40.181,1789337380.1813989,-77
2026-09-13 19:09:40.189,1789337380.1890912,-77
2026-09-13 19:09:40.196,1789337380.1967835,-75
2026-09-13 19:09:40.204,1789337380.2044759,-72
2026-09-13 19:09:40.212,1789337380.2121682,-63
2026-09-13 19:09:40.219,1789337380.2198606,-53
2026-09-13 19:09:40.227,1789337380.227553,-46
2026-09-13 19:09:40.235,1789337380.235245,-41
2026-09-13 19:09:40.242,1789337380.2429373,-36
2026-09-13 19:09:40.250,1789337380.2506297,-33
2026-09-13 19:09:40.258,1789337380.258322,-33
2026-09-13 19:09:40.266,1789337380.2660143,-31
2026-09-13 19:09:40.273,1789337380.2737067,-29
2026-09-13 19:09:40.281,1789337380.281399,-29
2026-09-13 19:09:40.289,1789337380.2890913,-31
2026-09-13 19:09:40.296,1789337380.2967834,-33
2026-09-13 19:09:40.304,1789337380.3044758,-33
2026-09-13 19:09:40.312,1789337380.3121681,-38
2026-09-13 19:09:40.319,1789337380.3198605,-48
2026-09-13 19:09:40.327,1789337380.3275528,-46
2026-09-13 19:09:40.335,1789337380.3352451,-36
2026-09-13 19:09:40.342,1789337380.3429375,-26
2026-09-13 19:09:40.350,1789337380.3506298,-7
2026-09-13 19:09:40.358,1789337380.358322,16
2026-09-13 19:09:40.366,1789337380.3660142,19
2026-09-13 19:09:40.373,1789337380.3737066,2
2026-09-13 19:09:40.381,1789337380.381399,-16
2026-09-13 19:09:40.389,1789337380.3890913,-36
2026-09-13 19:09:40.396,1789337380.3967836,-46
2026-09-13 19:09:40.404,1789337380.404476,-46
2026-09-13 19:09:40.412,1789337380.4121683,-43
2026-09-13 19:09:40.419,1789337380.4198606,-43
2026-09-13 19:09:40.427,1789337380.4275527,-41
2026-09-13 19:09:40.435,1789337380.435245,-41
2026-09-13 19:09:40.442,1789337380.4429374,-48
2026-09-13 19:09:40.450,1789337380.4500682,-55
2026-09-13 19:09:40.457,1789337380.4577606,12
2026-09-13 19:09:40.465,1789337380.465453,208
2026-09-13 19:09:40.473,1789337380.4731452,531
2026-09-13 19:09:40.480,1789337380.4808376,766
2026-09-13 19:09:40.488,1789337380.4885297,409
2026-09-13 19:09:40.496,1789337380.496222,-307
2026-09-13 19:09:40.503,1789337380.5039144,-392
2026-09-13 19:09:40.511,1789337380.5116067,-29
2026-09-13 19:09:40.519,1789337380.519299,-14
2026-09-13 19:09:40.526,1789337380.5269914,-128
2026-09-13 19:09:40.534,1789337380.5346837,-58
2026-09-13 19:09:40.542,1789337380.542376,-33
2026-09-13 19:09:40.550,1789337380.5500681,-72
2026-09-13 19:09:40.557,1789337380.5577605,-55
2026-09-13 19:09:40.565,1789337380.5654528,-31
2026-09-13 19:09:40.573,1789337380.5731452,-38
2026-09-13 19:09:40.580,1789337380.5808375,-31
2026-09-13 19:09:40.588,1789337380.5885298,-14
2026-09-13 19:09:40.596,1789337380.5962222,-12
2026-09-13 19:09:40.603,1789337380.6039145,-7
2026-09-13 19:09:40.611,1789337380.6116066,7
2026-09-13 19:09:40.619,1789337380.619299,12
2026-09-13 19:09:40.626,1789337380.6269913,19
2026-09-13 19:09:40.634,1789337380.6346836,29
2026-09-13 19:09:40.642,1789337380.642376,41
2026-09-13 19:09:40.650,1789337380.6500683,48
2026-09-13 19:09:40.657,1789337380.6577606,55
2026-09-13 19:09:40.665,1789337380.665453,58
2026-09-13 19:09:40.673,1789337380.673145,55
2026-09-13 19:09:40.680,1789337380.6808374,53
2026-09-13 19:09:40.688,1789337380.6885297,48
2026-09-13 19:09:40.696,1789337380.696222,46
2026-09-13 19:09:40.703,1789337380.7039144,41
2026-09-13 19:09:40.711,1789337380.7116067,26
2026-09-13 19:09:40.719,1789337380.719299,4
2026-09-13 19:09:40.726,1789337380.7269914,-21
2026-09-13 19:09:40.734,1789337380.7346835,-43
2026-09-13 19:09:40.742,1789337380.7423759,-60
2026-09-13 19:09:40.750,1789337380.7500682,-70
2026-09-13 19:09:40.757,1789337380.7577605,-72
2026-09-13 19:09:40.765,1789337380.7654529,-72
2026-09-13 19:09:40.773,1789337380.7731452,-75
2026-09-13 19:09:40.780,1789337380.7808375,-75
2026-09-13 19:09:40.788,1789337380.7885299,-70
2026-09-13 19:09:40.796,1789337380.796222,-65
2026-09-13 19:09:40.803,1789337380.8039143,-58
2026-09-13 19:09:40.811,1789337380.8116066,-53
2026-09-13 19:09:40.819,1789337380.819299,-43
2026-09-13 19:09:40.826,1789337380.8269913,-38
2026-09-13 19:09:40.834,1789337380.8346837,-36
2026-09-13 19:09:40.842,1789337380.842376,-33
2026-09-13 19:09:40.850,1789337380.8500683,-29
2026-09-13 19:09:40.857,1789337380.8577604,-29
2026-09-13 19:09:40.865,1789337380.8654528,-31
2026-09-13 19:09:40.873,1789337380.873145,-29
2026-09-13 19:09:40.880,1789337380.8808374,-29
2026-09-13 19:09:40.888,1789337380.8885298,-31
2026-09-13 19:09:40.896,1789337380.896222,-33
2026-09-13 19:09:40.903,1789337380.9039145,-43
2026-09-13 19:09:40.911,1789337380.9116068,-50
2026-09-13 19:09:40.919,1789337380.919299,-43
2026-09-13 19:09:40.926,1789337380.9269912,-36
2026-09-13 19:09:40.934,1789337380.9346836,-24
2026-09-13 19:09:40.942,1789337380.942376,0
2026-09-13 19:09:40.950,1789337380.9500682,19
2026-09-13 19:09:40.957,1789337380.9577606,16
2026-09-13 19:09:40.965,1789337380.965453,-2
2026-09-13 19:09:40.973,1789337380.9731452,-21
2026-09-13 19:09:40.980,1789337380.9808376,-36
2026-09-13 19:09:40.988,1789337380.9885297,-41
2026-09-13 19:09:40.996,1789337380.996222,-43
2026-09-13 19:09:41.003,1789337381.0039144,-46
2026-09-13 19:09:41.011,1789337381.0110142,-43
2026-09-13 19:09:41.018,1789337381.0187066,-38
2026-09-13 19:09:41.026,1789337381.026399,-43
2026-09-13 19:09:41.034,1789337381.0340912,-55
2026-09-13 19:09:41.041,1789337381.0417836,-46
2026-09-13 19:09:41.049,1789337381.0494757,55
2026-09-13 19:09:41.057,1789337381.057168,293
2026-09-13 19:09:41.064,1789337381.0648603,628
2026-09-13 19:09:41.072,1789337381.0725527,744
2026-09-13 19:09:41.080,1789337381.080245,203
2026-09-13 19:09:41.087,1789337381.0879374,-419
2026-09-13 19:09:41.095,1789337381.0956297,-295
2026-09-13 19:09:41.103,1789337381.103322,14
2026-09-13 19:09:41.111,1789337381.1110141,-65
2026-09-13 19:09:41.118,1789337381.1187065,-128
2026-09-13 19:09:41.126,1789337381.1263988,-46
2026-09-13 19:09:41.134,1789337381.1340911,-53
2026-09-13 19:09:41.141,1789337381.1417835,-82
2026-09-13 19:09:41.149,1789337381.1494758,-50
2026-09-13 19:09:41.157,1789337381.1571681,-38
2026-09-13 19:09:41.164,1789337381.1648605,-46
2026-09-13 19:09:41.172,1789337381.1725526,-33
2026-09-13 19:09:41.180,1789337381.180245,-19
2026-09-13 19:09:41.187,1789337381.1879373,-14
2026-09-13 19:09:41.195,1789337381.1956296,-9
2026-09-13 19:09:41.203,1789337381.203322,0
2026-09-13 19:09:41.211,1789337381.2110143,7
2026-09-13 19:09:41.218,1789337381.2187066,14
2026-09-13 19:09:41.226,1789337381.226399,26
2026-09-13 19:09:41.234,1789337381.234091,38
2026-09-13 19:09:41.241,1789337381.2417834,46
2026-09-13 19:09:41.249,1789337381.2494757,50
2026-09-13 19:09:41.257,1789337381.257168,50
2026-09-13 19:09:41.264,1789337381.2648604,50
2026-09-13 19:09:41.272,1789337381.2725527,46
2026-09-13 19:09:41.280,1789337381.280245,41
2026-09-13 19:09:41.287,1789337381.2879374,38
2026-09-13 19:09:41.295,1789337381.2956295,33
2026-09-13 19:09:41.303,1789337381.3033218,14
2026-09-13 19:09:41.311,1789337381.3110142,-12
2026-09-13 19:09:41.318,1789337381.3187065,-36
2026-09-13 19:09:41.326,1789337381.3263988,-55
2026-09-13 19:09:41.334,1789337381.3340912,-70
2026-09-13 19:09:41.341,1789337381.3417835,-80
2026-09-13 19:09:41.349,1789337381.3494759,-82
2026-09-13 19:09:41.357,1789337381.357168,-84
2026-09-13 19:09:41.364,1789337381.3648603,-82
2026-09-13 19:09:41.372,1789337381.3725526,-80
2026-09-13 19:09:41.380,1789337381.380245,-77
2026-09-13 19:09:41.387,1789337381.3879373,-70
2026-09-13 19:09:41.395,1789337381.3956296,-63
2026-09-13 19:09:41.403,1789337381.403322,-58
2026-09-13 19:09:41.411,1789337381.4110143,-50
2026-09-13 19:09:41.418,1789337381.4187064,-46
2026-09-13 19:09:41.426,1789337381.4263988,-41
2026-09-13 19:09:41.434,1789337381.434091,-38
2026-09-13 19:09:41.441,1789337381.4417834,-41
2026-09-13 19:09:41.449,1789337381.4494758,-41
2026-09-13 19:09:41.457,1789337381.457168,-38
2026-09-13 19:09:41.464,1789337381.4648604,-36
2026-09-13 19:09:41.472,1789337381.4725528,-36
2026-09-13 19:09:41.480,1789337381.4802449,-38
2026-09-13 19:09:41.487,1789337381.4879372,-38
2026-09-13 19:09:41.495,1789337381.4956295,-43
2026-09-13 19:09:41.503,1789337381.503322,-55
2026-09-13 19:09:41.511,1789337381.5110142,-58
2026-09-13 19:09:41.518,1789337381.5187066,-50
2026-09-13 19:09:41.526,1789337381.526399,-41
2026-09-13 19:09:41.534,1789337381.5340912,-26
2026-09-13 19:09:41.541,1789337381.5417836,0
2026-09-13 19:09:41.549,1789337381.5494757,16
2026-09-13 19:09:41.557,1789337381.557168,9
2026-09-13 19:09:41.564,1789337381.5648603,-12
