timestamp_local,timestamp_epoch_s,x_mg,y_mg,z_mg
2026-09-13 19:33:05.067,1789338785.067797,92,58,997
2026-09-13 19:33:05.087,1789338785.087797,94,60,980
2026-09-13 19:33:05.107,1789338785.107797,95,59,957
2026-09-13 19:33:05.127,1789338785.127797,93,59,980
2026-09-13 19:33:05.147,1789338785.1477969,88,63,990
2026-09-13 19:33:05.167,1789338785.1677969,88,63,991
2026-09-13 19:33:05.187,1789338785.1877968,91,59,987
2026-09-13 19:33:05.207,1789338785.207797,92,62,982
2026-09-13 19:33:05.227,1789338785.227797,94,63,984
2026-09-13 19:33:05.247,1789338785.247797,95,61,986
2026-09-13 19:33:05.267,1789338785.267797,94,59,985
2026-09-13 19:33:05.287,1789338785.287797,95,58,986
2026-09-13 19:33:05.307,1789338785.307797,95,59,985
2026-09-13 19:33:05.327,1789338785.327797,95,59,986
2026-09-13 19:33:05.347,1789338785.347797,93,60,987
2026-09-13 19:33:05.367,1789338785.367797,92,58,981
2026-09-13 19:33:05.387,1789338785.3877969,92,60,988
2026-09-13 19:33:05.407,1789338785.4077969,93,56,978
2026-09-13 19:33:05.427,1789338785.4277968,95,55,986
2026-09-13 19:33:05.447,1789338785.447797,95,59,979
2026-09-13 19:33:05.467,1789338785.467797,97,60,981
2026-09-13 19:33:05.487,1789338785.487797,95,59,985
2026-09-13 19:33:05.507,1789338785.507797,95,59,987
2026-09-13 19:33:05.527,1789338785.527797,94,58,984
2026-09-13 19:33:05.547,1789338785.547797,95,58,984
2026-09-13 19:33:05.567,1789338785.567797,95,60,978
2026-09-13 19:33:05.587,1789338785.587797,96,60,983
2026-09-13 19:33:05.607,1789338785.607797,94,60,986
2026-09-13 19:33:05.627,1789338785.627797,94,59,982
2026-09-13 19:33:05.647,1789338785.6477969,96,56,981
2026-09-13 19:33:05.667,1789338785.6677969,97,57,984
2026-09-13 19:33:05.687,1789338785.6877968,96,59,982
2026-09-13 19:33:05.707,1789338785.707797,97,63,983
2026-09-13 19:33:05.727,1789338785.727797,97,63,982
2026-09-13 19:33:05.747,1789338785.747797,96,60,981
2026-09-13 19:33:05.767,1789338785.767797,97,59,982
2026-09-13 19:33:05.775,1789338785.7750819,99,58,981
2026-09-13 19:33:05.795,1789338785.7950819,100,59,981
2026-09-13 19:33:05.815,1789338785.8150818,99,60,981
2026-09-13 19:33:05.835,1789338785.8350818,100,62,982
2026-09-13 19:33:05.855,1789338785.8550818,99,60,982
2026-09-13 19:33:05.875,1789338785.8750818,99,61,982
2026-09-13 19:33:05.895,1789338785.8950818,100,59,983
2026-09-13 19:33:05.915,1789338785.915082,100,60,983
2026-09-13 19:33:05.935,1789338785.935082,101,59,980
2026-09-13 19:33:05.955,1789338785.955082,102,61,983
2026-09-13 19:33:05.975,1789338785.975082,101,60,983
2026-09-13 19:33:05.995,1789338785.995082,101,59,987
2026-09-13 19:33:06.015,1789338786.015082,104,60,988
2026-09-13 19:33:06.035,1789338786.0350819,101,62,980
2026-09-13 19:33:06.055,1789338786.0550818,101,67,972
2026-09-13 19:33:06.075,1789338786.0750818,109,70,973
2026-09-13 19:33:06.095,1789338786.0950818,114,70,977
2026-09-13 19:33:06.115,1789338786.1150818,112,72,985
2026-09-13 19:33:06.135,1789338786.1350818,103,71,992
2026-09-13 19:33:06.155,1789338786.155082,94,65,989
2026-09-13 19:33:06.175,1789338786.175082,96,66,980
2026-09-13 19:33:06.195,1789338786.195082,101,64,985
2026-09-13 19:33:06.215,1789338786.215082,100,67,972
2026-09-13 19:33:06.235,1789338786.235082,111,66,983
2026-09-13 19:33:06.255,1789338786.255082,107,61,996
2026-09-13 19:33:06.275,1789338786.2750819,103,60,987
2026-09-13 19:33:06.295,1789338786.2950819,112,58,970
2026-09-13 19:33:06.315,1789338786.3150818,124,60,973
2026-09-13 19:33:06.335,1789338786.3350818,117,67,981
2026-09-13 19:33:06.355,1789338786.3550818,108,66,985
2026-09-13 19:33:06.375,1789338786.3750818,104,65,983
2026-09-13 19:33:06.395,1789338786.3950818,105,63,985
2026-09-13 19:33:06.415,1789338786.415082,113,67,978
2026-09-13 19:33:06.435,1789338786.435082,124,65,978
2026-09-13 19:33:06.455,1789338786.455082,123,69,979
2026-09-13 19:33:06.475,1789338786.475082,128,69,981
2026-09-13 19:33:06.482,1789338786.4823368,126,70,983
2026-09-13 19:33:06.502,1789338786.5023367,118,72,983
2026-09-13 19:33:06.522,1789338786.5223367,116,71,981
2026-09-13 19:33:06.542,1789338786.5423367,117,72,977
2026-09-13 19:33:06.562,1789338786.5623367,116,75,982
2026-09-13 19:33:06.582,1789338786.5823367,116,70,981
2026-09-13 19:33:06.602,1789338786.6023366,115,69,985
2026-09-13 19:33:06.622,1789338786.6223369,115,72,976
2026-09-13 19:33:06.642,1789338786.6423368,117,68,982
2026-09-13 19:33:06.662,1789338786.6623368,117,65,984
2026-09-13 19:33:06.682,1789338786.6823368,120,65,984
2026-09-13 19:33:06.702,1789338786.7023368,127,64,978
2026-09-13 19:33:06.722,1789338786.7223368,132,66,980
2026-09-13 19:33:06.742,1789338786.7423368,133,66,977
2026-09-13 19:33:06.762,1789338786.7623367,128,65,984
2026-09-13 19:33:06.782,1789338786.7823367,129,65,981
2026-09-13 19:33:06.802,1789338786.8023367,138,65,970
2026-09-13 19:33:06.822,1789338786.8223367,144,66,976
2026-09-13 19:33:06.842,1789338786.8423367,138,66,981
2026-09-13 19:33:06.862,1789338786.8623369,135,68,985
2026-09-13 19:33:06.882,1789338786.8823369,128,70,984
2026-09-13 19:33:06.902,1789338786.9023368,132,72,980
2026-09-13 19:33:06.922,1789338786.9223368,140,70,975
2026-09-13 19:33:06.942,1789338786.9423368,142,68,975
2026-09-13 19:33:06.962,1789338786.9623368,148,69,977
2026-09-13 19:33:06.982,1789338786.9823368,152,66,979
2026-09-13 19:33:07.002,1789338787.0023367,152,67,974
2026-09-13 19:33:07.022,1789338787.0223367,151,68,979
2026-09-13 19:33:07.042,1789338787.0423367,145,65,984
2026-09-13 19:33:07.062,1789338787.0623367,144,68,979
2026-09-13 19:33:07.082,1789338787.0823367,149,65,975
2026-09-13 19:33:07.102,1789338787.1023366,156,66,978
2026-09-13 19:33:07.122,1789338787.1223369,160,65,977
2026-09-13 19:33:07.142,1789338787.1423368,159,63,978
2026-09-13 19:33:07.162,1789338787.1623368,152,62,977
2026-09-13 19:33:07.182,1789338787.1823368,155,61,980
2026-09-13 19:33:07.189,1789338787.189805,157,62,983
2026-09-13 19:33:07.209,1789338787.209805,159,66,983
2026-09-13 19:33:07.229,1789338787.229805,164,68,973
2026-09-13 19:33:07.249,1789338787.249805,168,66,977
2026-09-13 19:33:07.269,1789338787.269805,164,62,980
2026-09-13 19:33:07.289,1789338787.289805,159,64,976
2026-09-13 19:33:07.309,1789338787.309805,159,63,973
2026-09-13 19:33:07.329,1789338787.3298051,165,64,990
2026-09-13 19:33:07.349,1789338787.349805,166,65,988
2026-09-13 19:33:07.369,1789338787.369805,165,67,968
2026-09-13 19:33:07.389,1789338787.389805,168,65,977
2026-09-13 19:33:07.409,1789338787.409805,159,65,980
2026-09-13 19:33:07.429,1789338787.429805,156,65,982
2026-09-13 19:33:07.449,1789338787.449805,155,64,978
2026-09-13 19:33:07.469,1789338787.469805,159,60,980
2026-09-13 19:33:07.489,1789338787.489805,163,61,979
2026-09-13 19:33:07.509,1789338787.509805,165,64,983
2026-09-13 19:33:07.529,1789338787.529805,165,64,981
2026-09-13 19:33:07.549,1789338787.549805,165,63,981
2026-09-13 19:33:07.569,1789338787.5698051,166,61,976
2026-09-13 19:33:07.589,1789338787.5898051,166,62,977
2026-09-13 19:33:07.609,1789338787.609805,164,62,978
2026-09-13 19:33:07.629,1789338787.629805,162,59,973
2026-09-13 19:33:07.649,1789338787.649805,165,61,979
2026-09-13 19:33:07.669,1789338787.669805,161,58,974
2026-09-13 19:33:07.689,1789338787.689805,161,62,980
2026-09-13 19:33:07.709,1789338787.709805,157,63,975
2026-09-13 19:33:07.729,1789338787.729805,155,59,981
2026-09-13 19:33:07.749,1789338787.749805,159,60,981
2026-09-13 19:33:07.769,1789338787.769805,163,61,980
2026-09-13 19:33:07.789,1789338787.789805,167,64,979
2026-09-13 19:33:07.809,1789338787.809805,165,63,977
2026-09-13 19:33:07.829,1789338787.8298051,167,63,977
2026-09-13 19:33:07.849,1789338787.849805,165,62,976
2026-09-13 19:33:07.869,1789338787.869805,165,61,977
2026-09-13 19:33:07.889,1789338787.889805,162,60,981
2026-09-13 19:33:07.897,1789338787.8973646,161,60,977
2026-09-13 19:33:07.917,1789338787.9173646,162,61,973
2026-09-13 19:33:07.937,1789338787.9373646,162,61,971
2026-09-13 19:33:07.957,1789338787.9573646,160,62,978
2026-09-13 19:33:07.977,1789338787.9773645,156,61,981
2026-09-13 19:33:07.997,1789338787.9973645,154,59,986
2026-09-13 19:33:08.017,1789338788.0173645,146,59,988
2026-09-13 19:33:08.037,1789338788.0373647,148,58,983
2026-09-13 19:33:08.057,1789338788.0573647,154,58,978
2026-09-13 19:33:08.077,1789338788.0773647,160,61,976
2026-09-13 19:33:08.097,1789338788.0973647,158,58,975
2026-09-13 19:33:08.117,1789338788.1173646,149,57,976
2026-09-13 19:33:08.137,1789338788.1373646,140,55,987
2026-09-13 19:33:08.157,1789338788.1573646,127,61,990
2026-09-13 19:33:08.177,1789338788.1773646,125,64,983
2026-09-13 19:33:08.197,1789338788.1973646,133,64,983
2026-09-13 19:33:08.217,1789338788.2173645,136,64,979
2026-09-13 19:33:08.237,1789338788.2373645,133,61,972
2026-09-13 19:33:08.257,1789338788.2573645,137,59,974
2026-09-13 19:33:08.277,1789338788.2773647,136,58,979
2026-09-13 19:33:08.297,1789338788.2973647,124,61,979
2026-09-13 19:33:08.317,1789338788.3173647,117,62,986
2026-09-13 19:33:08.337,1789338788.3373647,113,66,982
2026-09-13 19:33:08.357,1789338788.3573647,109,67,973
2026-09-13 19:33:08.377,1789338788.3773646,120,62,987
2026-09-13 19:33:08.397,1789338788.3973646,122,58,992
2026-09-13 19:33:08.417,1789338788.4173646,118,60,966
2026-09-13 19:33:08.437,1789338788.4373646,118,57,962
2026-09-13 19:33:08.457,1789338788.4573646,111,55,988
2026-09-13 19:33:08.477,1789338788.4773645,99,58,994
2026-09-13 19:33:08.497,1789338788.4973645,100,59,986
2026-09-13 19:33:08.517,1789338788.5173645,107,60,989
2026-09-13 19:33:08.537,1789338788.5373647,114,58,985
2026-09-13 19:33:08.557,1789338788.5573647,119,57,987
2026-09-13 19:33:08.577,1789338788.5773647,118,57,980
2026-09-13 19:33:08.597,1789338788.5973647,117,59,979
2026-09-13 19:33:08.605,1789338788.6051075,114,59,981
2026-09-13 19:33:08.625,1789338788.6251075,110,61,981
2026-09-13 19:33:08.645,1789338788.6451075,109,61,985
2026-09-13 19:33:08.665,1789338788.6651075,105,59,983
2026-09-13 19:33:08.685,1789338788.6851075,102,61,989
2026-09-13 19:33:08.705,1789338788.7051075,100,62,976
2026-09-13 19:33:08.725,1789338788.7251074,106,56,981
2026-09-13 19:33:08.745,1789338788.7451077,103,57,981
2026-09-13 19:33:08.765,1789338788.7651076,99,57,987
2026-09-13 19:33:08.785,1789338788.7851076,98,56,989
2026-09-13 19:33:08.805,1789338788.8051076,100,59,993
2026-09-13 19:33:08.825,1789338788.8251076,103,60,985
2026-09-13 19:33:08.845,1789338788.8451076,102,56,986
2026-09-13 19:33:08.865,1789338788.8651075,102,56,981
2026-09-13 19:33:08.885,1789338788.8851075,106,61,977
2026-09-13 19:33:08.905,1789338788.9051075,102,58,983
2026-09-13 19:33:08.925,1789338788.9251075,98,55,981
2026-09-13 19:33:08.945,1789338788.9451075,98,57,982
2026-09-13 19:33:08.965,1789338788.9651074,95,55,986
2026-09-13 19:33:08.985,1789338788.9851077,91,57,987
2026-09-13 19:33:09.005,1789338789.0051076,91,56,991
2026-09-13 19:33:09.025,1789338789.0251076,94,57,989
2026-09-13 19:33:09.045,1789338789.0451076,96,55,980
2026-09-13 19:33:09.065,1789338789.0651076,100,55,981
2026-09-13 19:33:09.085,1789338789.0851076,100,55,980
2026-09-13 19:33:09.105,1789338789.1051075,101,56,983
2026-09-13 19:33:09.125,1789338789.1251075,102,57,982
2026-09-13 19:33:09.145,1789338789.1451075,98,60,984
2026-09-13 19:33:09.165,1789338789.1651075,95,58,988
2026-09-13 19:33:09.185,1789338789.1851075,93,58,982
2026-09-13 19:33:09.205,1789338789.2051075,92,58,968
2026-09-13 19:33:09.225,1789338789.2251074,100,58,984
2026-09-13 19:33:09.245,1789338789.2451077,99,56,995
2026-09-13 19:33:09.265,1789338789.2651076,95,57,981
2026-09-13 19:33:09.285,1789338789.2851076,92,56,970
2026-09-13 19:33:09.305,1789338789.3051076,93,54,985
2026-09-13 19:33:09.312,1789338789.3126981,89,53,989
2026-09-13 19:33:09.332,1789338789.332698,91,56,985
2026-09-13 19:33:09.352,1789338789.352698,93,54,986
2026-09-13 19:33:09.372,1789338789.372698,95,59,984
2026-09-13 19:33:09.392,1789338789.392698,98,60,984
2026-09-13 19:33:09.412,1789338789.412698,96,56,987
2026-09-13 19:33:09.432,1789338789.432698,95,58,987
2026-09-13 19:33:09.452,1789338789.4526982,94,59,984
2026-09-13 19:33:09.472,1789338789.4726982,91,60,982
2026-09-13 19:33:09.492,1789338789.4926982,90,61,987
2026-09-13 19:33:09.512,1789338789.5126982,89,60,991
2026-09-13 19:33:09.532,1789338789.5326982,89,58,997
2026-09-13 19:33:09.552,1789338789.5526981,90,56,978
2026-09-13 19:33:09.572,1789338789.572698,94,54,974
2026-09-13 19:33:09.592,1789338789.592698,99,59,976
2026-09-13 19:33:09.612,1789338789.612698,97,57,981
2026-09-13 19:33:09.632,1789338789.632698,95,57,979
2026-09-13 19:33:09.652,1789338789.652698,96,59,981
2026-09-13 19:33:09.672,1789338789.672698,99,60,983
2026-09-13 19:33:09.692,1789338789.6926982,99,59,984
2026-09-13 19:33:09.712,1789338789.7126982,96,62,983
2026-09-13 19:33:09.732,1789338789.7326982,96,61,981
2026-09-13 19:33:09.752,1789338789.7526982,96,61,976
2026-09-13 19:33:09.772,1789338789.7726982,98,60,976
2026-09-13 19:33:09.792,1789338789.7926981,96,62,978
2026-09-13 19:33:09.812,1789338789.8126981,92,61,982
2026-09-13 19:33:09.832,1789338789.832698,91,60,984
2026-09-13 19:33:09.852,1789338789.852698,91,61,988
2026-09-13 19:33:09.872,1789338789.872698,91,61,985
2026-09-13 19:33:09.892,1789338789.892698,92,61,985
2026-09-13 19:33:09.912,1789338789.912698,92,61,985
2026-09-13 19:33:09.932,1789338789.932698,92,62,983
2026-09-13 19:33:09.952,1789338789.9526982,90,62,982
2026-09-13 19:33:09.972,1789338789.9726982,92,63,962
2026-09-13 19:33:09.992,1789338789.9926982,96,58,998
2026-09-13 19:33:10.012,1789338790.0126982,91,59,988
2026-09-13 19:33:10.020,1789338790.0201054,88,59,978
2026-09-13 19:33:10.040,1789338790.0401053,87,57,986
2026-09-13 19:33:10.060,1789338790.0601053,82,59,994
2026-09-13 19:33:10.080,1789338790.0801053,85,63,987
2026-09-13 19:33:10.100,1789338790.1001053,91,60,986
2026-09-13 19:33:10.120,1789338790.1201053,95,60,984
2026-09-13 19:33:10.140,1789338790.1401052,99,61,981
2026-09-13 19:33:10.160,1789338790.1601055,100,61,984
2026-09-13 19:33:10.180,1789338790.1801054,100,62,982
2026-09-13 19:33:10.200,1789338790.2001054,99,63,979
2026-09-13 19:33:10.220,1789338790.2201054,96,61,983
2026-09-13 19:33:10.240,1789338790.2401054,92,64,983
2026-09-13 19:33:10.260,1789338790.2601054,90,62,987
2026-09-13 19:33:10.280,1789338790.2801054,92,63,984
2026-09-13 19:33:10.300,1789338790.3001053,91,62,988
2026-09-13 19:33:10.320,1789338790.3201053,90,62,979
2026-09-13 19:33:10.340,1789338790.3401053,102,61,988
2026-09-13 19:33:10.360,1789338790.3601053,109,63,972
2026-09-13 19:33:10.380,1789338790.3801053,90,65,974
2026-09-13 19:33:10.400,1789338790.4001055,93,59,981
2026-09-13 19:33:10.420,1789338790.4201055,96,59,985
2026-09-13 19:33:10.440,1789338790.4401054,96,59,982
2026-09-13 19:33:10.460,1789338790.4601054,95,59,990
2026-09-13 19:33:10.480,1789338790.4801054,96,59,990
2026-09-13 19:33:10.500,1789338790.5001054,95,61,974
2026-09-13 19:33:10.520,1789338790.5201054,94,63,975
2026-09-13 19:33:10.540,1789338790.5401053,94,61,986
2026-09-13 19:33:10.560,1789338790.5601053,95,57,990
2026-09-13 19:33:10.580,1789338790.5801053,96,59,989
2026-09-13 19:33:10.600,1789338790.6001053,95,62,975
2026-09-13 19:33:10.620,1789338790.6201053,94,64,979
2026-09-13 19:33:10.640,1789338790.6401052,99,64,988
2026-09-13 19:33:10.660,1789338790.6601055,99,63,980
2026-09-13 19:33:10.680,1789338790.6801054,97,62,986
2026-09-13 19:33:10.700,1789338790.7001054,97,66,966
2026-09-13 19:33:10.720,1789338790.7201054,103,61,989
2026-09-13 19:33:10.727,1789338790.7279398,98,58,981
2026-09-13 19:33:10.747,1789338790.7479398,99,61,961
2026-09-13 19:33:10.767,1789338790.7679398,100,66,966
2026-09-13 19:33:10.787,1789338790.7879398,95,64,986
2026-09-13 19:33:10.807,1789338790.8079398,89,65,988
2026-09-13 19:33:10.827,1789338790.8279397,94,59,989
2026-09-13 19:33:10.847,1789338790.8479397,96,59,984
2026-09-13 19:33:10.867,1789338790.86794,97,62,976
2026-09-13 19:33:10.887,1789338790.88794,100,62,979
2026-09-13 19:33:10.907,1789338790.90794,99,63,982
2026-09-13 19:33:10.927,1789338790.92794,96,61,984
2026-09-13 19:33:10.947,1789338790.9479399,94,61,985
2026-09-13 19:33:10.967,1789338790.9679399,93,62,984
2026-09-13 19:33:10.987,1789338790.9879398,90,62,987
2026-09-13 19:33:11.007,1789338791.0079398,91,61,986
2026-09-13 19:33:11.027,1789338791.0279398,91,61,989
2026-09-13 19:33:11.047,1789338791.0479398,93,63,977
2026-09-13 19:33:11.067,1789338791.0679398,97,58,975
2026-09-13 19:33:11.087,1789338791.0879397,96,59,983
2026-09-13 19:33:11.107,1789338791.10794,95,63,981
2026-09-13 19:33:11.127,1789338791.12794,93,60,984
2026-09-13 19:33:11.147,1789338791.14794,94,62,987
2026-09-13 19:33:11.167,1789338791.16794,93,60,990
2026-09-13 19:33:11.187,1789338791.18794,93,58,986
2026-09-13 19:33:11.207,1789338791.2079399,95,59,980
2026-09-13 19:33:11.227,1789338791.2279398,95,61,979
2026-09-13 19:33:11.247,1789338791.2479398,93,61,985
2026-09-13 19:33:11.267,1789338791.2679398,93,61,984
2026-09-13 19:33:11.287,1789338791.2879398,93,61,985
2026-09-13 19:33:11.307,1789338791.3079398,93,58,984
2026-09-13 19:33:11.327,1789338791.3279397,94,61,983
2026-09-13 19:33:11.347,1789338791.3479397,96,64,981
2026-09-13 19:33:11.367,1789338791.36794,96,60,979
2026-09-13 19:33:11.387,1789338791.38794,95,60,984
2026-09-13 19:33:11.407,1789338791.40794,92,63,980
2026-09-13 19:33:11.427,1789338791.42794,93,61,983
2026-09-13 19:33:11.435,1789338791.4356215,93,62,970
2026-09-13 19:33:11.455,1789338791.4556215,101,61,987
2026-09-13 19:33:11.475,1789338791.4756215,96,58,996
2026-09-13 19:33:11.495,1789338791.4956214,96,60,982
2026-09-13 19:33:11.515,1789338791.5156214,99,60,961
2026-09-13 19:33:11.535,1789338791.5356214,99,56,979
2026-09-13 19:33:11.555,1789338791.5556214,93,61,990
2026-09-13 19:33:11.575,1789338791.5756216,93,62,990
2026-09-13 19:33:11.595,1789338791.5956216,93,63,985
2026-09-13 19:33:11.615,1789338791.6156216,96,63,980
2026-09-13 19:33:11.635,1789338791.6356215,98,63,981
2026-09-13 19:33:11.655,1789338791.6556215,102,61,985
2026-09-13 19:33:11.675,1789338791.6756215,101,62,986
2026-09-13 19:33:11.695,1789338791.6956215,101,63,981
2026-09-13 19:33:11.715,1789338791.7156215,103,64,984
2026-09-13 19:33:11.735,1789338791.7356215,103,63,984
2026-09-13 19:33:11.755,1789338791.7556214,99,62,984
2026-09-13 19:33:11.775,1789338791.7756214,96,59,990
2026-09-13 19:33:11.795,1789338791.7956214,97,63,977
2026-09-13 19:33:11.815,1789338791.8156216,107,61,978
2026-09-13 19:33:11.835,1789338791.8356216,105,59,981
2026-09-13 19:33:11.855,1789338791.8556216,103,62,975
2026-09-13 19:33:11.875,1789338791.8756216,100,58,979
2026-09-13 19:33:11.895,1789338791.8956215,99,61,988
2026-09-13 19:33:11.915,1789338791.9156215,102,63,987
2026-09-13 19:33:11.935,1789338791.9356215,104,63,987
2026-09-13 19:33:11.955,1789338791.9556215,103,62,981
2026-09-13 19:33:11.975,1789338791.9756215,102,62,979
2026-09-13 19:33:11.995,1789338791.9956214,104,62,981
2026-09-13 19:33:12.015,1789338792.0156214,105,62,978
2026-09-13 19:33:12.035,1789338792.0356214,104,63,981
2026-09-13 19:33:12.055,1789338792.0556214,103,64,983
2026-09-13 19:33:12.075,1789338792.0756216,104,64,983
2026-09-13 19:33:12.095,1789338792.0956216,105,63,985
2026-09-13 19:33:12.115,1789338792.1156216,106,62,984
2026-09-13 19:33:12.135,1789338792.1356215,105,61,985
2026-09-13 19:33:12.143,1789338792.1432426,106,62,982
2026-09-13 19:33:12.163,1789338792.1632426,108,64,980
2026-09-13 19:33:12.183,1789338792.1832426,107,64,975
2026-09-13 19:33:12.203,1789338792.2032425,105,63,982
2026-09-13 19:33:12.223,1789338792.2232425,105,63,983
2026-09-13 19:33:12.243,1789338792.2432425,104,64,985
2026-09-13 19:33:12.263,1789338792.2632425,104,64,983
2026-09-13 19:33:12.283,1789338792.2832427,104,63,983
2026-09-13 19:33:12.303,1789338792.3032427,107,63,982
2026-09-13 19:33:12.323,1789338792.3232427,106,61,982
2026-09-13 19:33:12.343,1789338792.3432426,106,62,984
2026-09-13 19:33:12.363,1789338792.3632426,105,64,981
2026-09-13 19:33:12.383,1789338792.3832426,103,61,980
2026-09-13 19:33:12.403,1789338792.4032426,104,60,980
2026-09-13 19:33:12.423,1789338792.4232426,106,62,981
2026-09-13 19:33:12.443,1789338792.4432425,107,63,983
2026-09-13 19:33:12.463,1789338792.4632425,105,63,987
2026-09-13 19:33:12.483,1789338792.4832425,103,65,982
2026-09-13 19:33:12.503,1789338792.5032425,106,64,983
2026-09-13 19:33:12.523,1789338792.5232427,104,65,977
2026-09-13 19:33:12.543,1789338792.5432427,105,65,972
2026-09-13 19:33:12.563,1789338792.5632427,109,60,1004
2026-09-13 19:33:12.583,1789338792.5832427,101,64,990
2026-09-13 19:33:12.603,1789338792.6032426,107,62,959
2026-09-13 19:33:12.623,1789338792.6232426,112,59,971
2026-09-13 19:33:12.643,1789338792.6432426,108,61,983
2026-09-13 19:33:12.663,1789338792.6632426,102,63,988
2026-09-13 19:33:12.683,1789338792.6832426,99,62,991
2026-09-13 19:33:12.703,1789338792.7032425,99,61,987
2026-09-13 19:33:12.723,1789338792.7232425,101,61,980
2026-09-13 19:33:12.743,1789338792.7432425,107,62,979
2026-09-13 19:33:12.763,1789338792.7632425,107,62,981
2026-09-13 19:33:12.783,1789338792.7832427,107,60,983
2026-09-13 19:33:12.803,1789338792.8032427,106,60,982
2026-09-13 19:33:12.823,1789338792.8232427,105,60,984
2026-09-13 19:33:12.843,1789338792.8432426,105,60,984
2026-09-13 19:33:12.850,1789338792.8507414,103,59,983
2026-09-13 19:33:12.870,1789338792.8707414,101,62,981
2026-09-13 19:33:12.890,1789338792.8907413,105,58,977
2026-09-13 19:33:12.910,1789338792.9107413,107,57,985
2026-09-13 19:33:12.930,1789338792.9307413,102,62,977
2026-09-13 19:33:12.950,1789338792.9507413,100,61,982
2026-09-13 19:33:12.970,1789338792.9707413,98,59,988
2026-09-13 19:33:12.990,1789338792.9907415,101,58,985
2026-09-13 19:33:13.010,1789338793.0107415,103,59,987
2026-09-13 19:33:13.030,1789338793.0307415,107,62,984
2026-09-13 19:33:13.050,1789338793.0507414,111,63,978
2026-09-13 19:33:13.070,1789338793.0707414,106,65,984
2026-09-13 19:33:13.090,1789338793.0907414,98,63,987
2026-09-13 19:33:13.110,1789338793.1107414,100,63,984
2026-09-13 19:33:13.130,1789338793.1307414,106,59,981
2026-09-13 19:33:13.150,1789338793.1507413,109,60,977
2026-09-13 19:33:13.170,1789338793.1707413,107,63,982
2026-09-13 19:33:13.190,1789338793.1907413,106,63,986
2026-09-13 19:33:13.210,1789338793.2107413,102,64,987
2026-09-13 19:33:13.230,1789338793.2307415,100,60,986
2026-09-13 19:33:13.250,1789338793.2507415,106,58,978
2026-09-13 19:33:13.270,1789338793.2707415,120,59,977
2026-09-13 19:33:13.290,1789338793.2907414,129,62,973
2026-09-13 19:33:13.310,1789338793.3107414,129,61,976
2026-09-13 19:33:13.330,1789338793.3307414,116,59,983
2026-09-13 19:33:13.350,1789338793.3507414,111,60,983
2026-09-13 19:33:13.370,1789338793.3707414,113,61,981
2026-09-13 19:33:13.390,1789338793.3907413,117,63,981
2026-09-13 19:33:13.410,1789338793.4107413,120,63,981
2026-09-13 19:33:13.430,1789338793.4307413,118,67,981
2026-09-13 19:33:13.450,1789338793.4507413,116,63,982
2026-09-13 19:33:13.470,1789338793.4707413,116,61,980
2026-09-13 19:33:13.490,1789338793.4907415,118,60,984
2026-09-13 19:33:13.510,1789338793.5107415,114,62,985
2026-09-13 19:33:13.530,1789338793.5307415,120,66,979
2026-09-13 19:33:13.550,1789338793.5507414,119,65,983
2026-09-13 19:33:13.558,1789338793.5582707,120,63,979
2026-09-13 19:33:13.578,1789338793.5782707,122,64,976
2026-09-13 19:33:13.598,1789338793.5982707,127,65,981
2026-09-13 19:33:13.618,1789338793.6182706,124,65,976
2026-09-13 19:33:13.638,1789338793.6382706,126,63,975
2026-09-13 19:33:13.658,1789338793.6582706,131,61,993
2026-09-13 19:33:13.678,1789338793.6782706,129,61,984
2026-09-13 19:33:13.698,1789338793.6982708,133,62,962
2026-09-13 19:33:13.718,1789338793.7182708,140,61,973
2026-09-13 19:33:13.738,1789338793.7382708,125,62,983
2026-09-13 19:33:13.758,1789338793.7582707,117,63,989
2026-09-13 19:33:13.778,1789338793.7782707,115,65,989
2026-09-13 19:33:13.798,1789338793.7982707,119,66,985
2026-09-13 19:33:13.818,1789338793.8182707,124,63,980
2026-09-13 19:33:13.838,1789338793.8382707,131,62,981
2026-09-13 19:33:13.858,1789338793.8582706,135,65,981
2026-09-13 19:33:13.878,1789338793.8782706,139,64,984
2026-09-13 19:33:13.898,1789338793.8982706,135,65,982
2026-09-13 19:33:13.918,1789338793.9182706,132,65,978
2026-09-13 19:33:13.938,1789338793.9382708,127,63,982
2026-09-13 19:33:13.958,1789338793.9582708,123,64,978
2026-09-13 19:33:13.978,1789338793.9782708,124,65,979
2026-09-13 19:33:13.998,1789338793.9982708,124,63,975
2026-09-13 19:33:14.018,1789338794.0182707,125,61,980
2026-09-13 19:33:14.038,1789338794.0382707,120,62,977
2026-09-13 19:33:14.058,1789338794.0582707,120,60,984
2026-09-13 19:33:14.078,1789338794.0782707,120,60,988
2026-09-13 19:33:14.098,1789338794.0982707,123,61,983
2026-09-13 19:33:14.118,1789338794.1182706,124,63,986
2026-09-13 19:33:14.138,1789338794.1382706,117,61,979
2026-09-13 19:33:14.158,1789338794.1582706,115,64,975
2026-09-13 19:33:14.178,1789338794.1782706,115,63,981
2026-09-13 19:33:14.198,1789338794.1982708,112,60,983
2026-09-13 19:33:14.218,1789338794.2182708,109,64,968
2026-09-13 19:33:14.238,1789338794.2382708,113,67,972
2026-09-13 19:33:14.258,1789338794.2582707,107,65,998
2026-09-13 19:33:14.265,1789338794.2658916,98,60,995
2026-09-13 19:33:14.285,1789338794.2858915,102,61,988
2026-09-13 19:33:14.305,1789338794.3058915,107,62,983
2026-09-13 19:33:14.325,1789338794.3258915,111,60,976
2026-09-13 19:33:14.345,1789338794.3458915,113,58,977
2026-09-13 19:33:14.365,1789338794.3658915,112,58,975
2026-09-13 19:33:14.385,1789338794.3858914,109,57,982
2026-09-13 19:33:14.405,1789338794.4058917,105,56,991
2026-09-13 19:33:14.425,1789338794.4258916,106,57,984
2026-09-13 19:33:14.445,1789338794.4458916,100,57,987
2026-09-13 19:33:14.465,1789338794.4658916,97,56,983
2026-09-13 19:33:14.485,1789338794.4858916,96,57,981
2026-09-13 19:33:14.505,1789338794.5058916,96,53,986
2026-09-13 19:33:14.525,1789338794.5258915,96,56,987
2026-09-13 19:33:14.545,1789338794.5458915,96,61,981
2026-09-13 19:33:14.565,1789338794.5658915,98,61,981
2026-09-13 19:33:14.585,1789338794.5858915,98,59,982
2026-09-13 19:33:14.605,1789338794.6058915,98,59,984
2026-09-13 19:33:14.625,1789338794.6258914,96,62,981
2026-09-13 19:33:14.645,1789338794.6458917,96,61,989
2026-09-13 19:33:14.665,1789338794.6658916,96,62,982
2026-09-13 19:33:14.685,1789338794.6858916,94,61,964
2026-09-13 19:33:14.705,1789338794.7058916,104,57,988
2026-09-13 19:33:14.725,1789338794.7258916,101,57,992
2026-09-13 19:33:14.745,1789338794.7458916,95,60,968
2026-09-13 19:33:14.765,1789338794.7658916,95,58,971
2026-09-13 19:33:14.785,1789338794.7858915,93,59,987
2026-09-13 19:33:14.805,1789338794.8058915,91,59,984
2026-09-13 19:33:14.825,1789338794.8258915,96,59,979
2026-09-13 19:33:14.845,1789338794.8458915,97,61,983
2026-09-13 19:33:14.865,1789338794.8658915,94,58,981
2026-09-13 19:33:14.885,1789338794.8858914,96,61,980
2026-09-13 19:33:14.905,1789338794.9058917,94,60,988
2026-09-13 19:33:14.925,1789338794.9258916,95,58,985
2026-09-13 19:33:14.945,1789338794.9458916,95,62,988
2026-09-13 19:33:14.965,1789338794.9658916,94,63,982
2026-09-13 19:33:14.973,1789338794.9734209,92,59,982
2026-09-13 19:33:14.993,1789338794.9934208,92,57,991
2026-09-13 19:33:15.013,1789338795.0134208,92,61,984
2026-09-13 19:33:15.033,1789338795.0334208,94,59,975
2026-09-13 19:33:15.053,1789338795.0534208,92,57,980
2026-09-13 19:33:15.073,1789338795.0734208,90,61,984
2026-09-13 19:33:15.093,1789338795.0934207,89,59,984
2026-09-13 19:33:15.113,1789338795.113421,91,58,983
2026-09-13 19:33:15.133,1789338795.133421,92,58,985
2026-09-13 19:33:15.153,1789338795.153421,94,62,987
2026-09-13 19:33:15.173,1789338795.173421,93,60,983
2026-09-13 19:33:15.193,1789338795.193421,93,59,981
2026-09-13 19:33:15.213,1789338795.2134209,91,61,978
2026-09-13 19:33:15.233,1789338795.2334208,91,60,984
2026-09-13 19:33:15.253,1789338795.2534208,92,61,984
2026-09-13 19:33:15.273,1789338795.2734208,90,59,982
2026-09-13 19:33:15.293,1789338795.2934208,89,60,982
2026-09-13 19:33:15.313,1789338795.3134208,89,60,983
2026-09-13 19:33:15.333,1789338795.3334208,90,60,987
2026-09-13 19:33:15.353,1789338795.353421,88,60,983
2026-09-13 19:33:15.373,1789338795.373421,89,61,987
2026-09-13 19:33:15.393,1789338795.393421,90,58,985
2026-09-13 19:33:15.413,1789338795.413421,91,61,980
2026-09-13 19:33:15.433,1789338795.433421,91,62,983
2026-09-13 19:33:15.453,1789338795.4534209,91,61,983
2026-09-13 19:33:15.473,1789338795.4734209,90,61,983
2026-09-13 19:33:15.493,1789338795.4934208,89,61,984
2026-09-13 19:33:15.513,1789338795.5134208,89,63,984
2026-09-13 19:33:15.533,1789338795.5334208,90,66,981
2026-09-13 19:33:15.553,1789338795.5534208,87,64,964
2026-09-13 19:33:15.573,1789338795.5734208,93,58,1000
2026-09-13 19:33:15.593,1789338795.5934207,88,59,989
2026-09-13 19:33:15.613,1789338795.613421,89,56,972
2026-09-13 19:33:15.633,1789338795.633421,89,56,978
2026-09-13 19:33:15.653,1789338795.653421,87,59,991
2026-09-13 19:33:15.673,1789338795.673421,85,61,987
2026-09-13 19:33:15.680,1789338795.6809196,87,57,986
2026-09-13 19:33:15.700,1789338795.7009196,88,59,984
2026-09-13 19:33:15.720,1789338795.7209196,90,61,981
2026-09-13 19:33:15.740,1789338795.7409196,90,61,985
2026-09-13 19:33:15.760,1789338795.7609196,89,60,997
2026-09-13 19:33:15.780,1789338795.7809196,85,64,972
2026-09-13 19:33:15.800,1789338795.8009195,87,63,984
2026-09-13 19:33:15.820,1789338795.8209198,82,63,985
2026-09-13 19:33:15.840,1789338795.8409197,89,62,982
2026-09-13 19:33:15.860,1789338795.8609197,88,59,980
2026-09-13 19:33:15.880,1789338795.8809197,89,59,993
2026-09-13 19:33:15.900,1789338795.9009197,89,59,971
2026-09-13 19:33:15.920,1789338795.9209197,89,57,979
2026-09-13 19:33:15.940,1789338795.9409196,90,61,986
2026-09-13 19:33:15.960,1789338795.9609196,87,60,986
2026-09-13 19:33:15.980,1789338795.9809196,85,61,986
2026-09-13 19:33:16.000,1789338796.0009196,88,61,983
2026-09-13 19:33:16.020,1789338796.0209196,88,60,986
2026-09-13 19:33:16.040,1789338796.0409195,87,60,987
2026-09-13 19:33:16.060,1789338796.0609198,87,62,983
2026-09-13 19:33:16.080,1789338796.0809197,88,62,982
2026-09-13 19:33:16.100,1789338796.1009197,89,63,984
2026-09-13 19:33:16.120,1789338796.1209197,89,60,981
2026-09-13 19:33:16.140,1789338796.1409197,89,61,986
2026-09-13 19:33:16.160,1789338796.1609197,88,61,982
2026-09-13 19:33:16.180,1789338796.1809196,87,64,982
2026-09-13 19:33:16.200,1789338796.2009196,87,63,985
2026-09-13 19:33:16.220,1789338796.2209196,87,61,987
2026-09-13 19:33:16.240,1789338796.2409196,88,60,982
2026-09-13 19:33:16.260,1789338796.2609196,90,60,979
2026-09-13 19:33:16.280,1789338796.2809196,89,61,982
2026-09-13 19:33:16.300,1789338796.3009195,89,64,985
2026-09-13 19:33:16.320,1789338796.3209198,89,61,982
2026-09-13 19:33:16.340,1789338796.3409197,91,62,964
2026-09-13 19:33:16.360,1789338796.3609197,93,60,1001
2026-09-13 19:33:16.380,1789338796.3809197,88,64,981
2026-09-13 19:33:16.388,1789338796.3884795,89,61,957
2026-09-13 19:33:16.408,1789338796.4084795,91,58,981
2026-09-13 19:33:16.428,1789338796.4284794,86,61,994
2026-09-13 19:33:16.448,1789338796.4484794,87,62,982
2026-09-13 19:33:16.468,1789338796.4684794,89,62,984
2026-09-13 19:33:16.488,1789338796.4884794,91,61,982
2026-09-13 19:33:16.508,1789338796.5084794,92,62,980
2026-09-13 19:33:16.528,1789338796.5284796,93,61,987
2026-09-13 19:33:16.548,1789338796.5484796,93,60,983
2026-09-13 19:33:16.568,1789338796.5684795,93,60,974
2026-09-13 19:33:16.588,1789338796.5884795,91,61,980
2026-09-13 19:33:16.608,1789338796.6084795,89,60,989
2026-09-13 19:33:16.628,1789338796.6284795,86,63,989
2026-09-13 19:33:16.648,1789338796.6484795,87,60,986
2026-09-13 19:33:16.668,1789338796.6684794,90,61,987
2026-09-13 19:33:16.688,1789338796.6884794,93,60,973
2026-09-13 19:33:16.708,1789338796.7084794,94,56,978
2026-09-13 19:33:16.728,1789338796.7284794,90,60,977
2026-09-13 19:33:16.748,1789338796.7484794,91,62,981
2026-09-13 19:33:16.768,1789338796.7684796,90,61,983
2026-09-13 19:33:16.788,1789338796.7884796,90,60,986
2026-09-13 19:33:16.808,1789338796.8084795,90,60,988
2026-09-13 19:33:16.828,1789338796.8284795,91,61,986
2026-09-13 19:33:16.848,1789338796.8484795,92,62,980
2026-09-13 19:33:16.868,1789338796.8684795,93,61,977
2026-09-13 19:33:16.888,1789338796.8884795,92,59,982
2026-09-13 19:33:16.908,1789338796.9084795,92,59,982
2026-09-13 19:33:16.928,1789338796.9284794,92,59,987
2026-09-13 19:33:16.948,1789338796.9484794,93,60,984
2026-09-13 19:33:16.968,1789338796.9684794,92,59,979
2026-09-13 19:33:16.988,1789338796.9884794,91,61,981
2026-09-13 19:33:17.008,1789338797.0084794,92,61,981
2026-09-13 19:33:17.028,1789338797.0284796,92,62,983
2026-09-13 19:33:17.048,1789338797.0484796,93,61,986
2026-09-13 19:33:17.068,1789338797.0684795,93,62,989
2026-09-13 19:33:17.088,1789338797.0884795,92,63,983
2026-09-13 19:33:17.096,1789338797.0960393,94,61,986
2026-09-13 19:33:17.116,1789338797.1160393,93,62,961
2026-09-13 19:33:17.136,1789338797.1360393,101,59,999
2026-09-13 19:33:17.156,1789338797.1560392,98,62,994
2026-09-13 19:33:17.176,1789338797.1760392,98,63,968
2026-09-13 19:33:17.196,1789338797.1960392,103,59,967
2026-09-13 19:33:17.216,1789338797.2160392,99,59,983
2026-09-13 19:33:17.236,1789338797.2360394,95,63,989
2026-09-13 19:33:17.256,1789338797.2560394,96,63,986
2026-09-13 19:33:17.276,1789338797.2760394,97,64,980
2026-09-13 19:33:17.296,1789338797.2960393,100,63,980
2026-09-13 19:33:17.316,1789338797.3160393,101,65,982
2026-09-13 19:33:17.336,1789338797.3360393,99,64,983
2026-09-13 19:33:17.356,1789338797.3560393,99,62,984
2026-09-13 19:33:17.376,1789338797.3760393,100,63,984
2026-09-13 19:33:17.396,1789338797.3960392,101,63,987
2026-09-13 19:33:17.416,1789338797.4160392,102,65,982
2026-09-13 19:33:17.436,1789338797.4360392,103,64,978
2026-09-13 19:33:17.456,1789338797.4560392,103,62,983
2026-09-13 19:33:17.476,1789338797.4760394,99,63,975
2026-09-13 19:33:17.496,1789338797.4960394,102,61,983
2026-09-13 19:33:17.516,1789338797.5160394,100,63,981
2026-09-13 19:33:17.536,1789338797.5360394,101,65,979
2026-09-13 19:33:17.556,1789338797.5560393,100,64,984
2026-09-13 19:33:17.576,1789338797.5760393,97,63,983
2026-09-13 19:33:17.596,1789338797.5960393,97,63,981
2026-09-13 19:33:17.616,1789338797.6160393,98,62,985
2026-09-13 19:33:17.636,1789338797.6360393,98,63,983
2026-09-13 19:33:17.656,1789338797.6560392,100,62,979
2026-09-13 19:33:17.676,1789338797.6760392,100,62,981
2026-09-13 19:33:17.696,1789338797.6960392,99,61,980
2026-09-13 19:33:17.716,1789338797.7160392,98,61,978
2026-09-13 19:33:17.736,1789338797.7360394,97,57,982
2026-09-13 19:33:17.756,1789338797.7560394,97,60,984
2026-09-13 19:33:17.776,1789338797.7760394,96,59,985
2026-09-13 19:33:17.796,1789338797.7960393,96,60,985
2026-09-13 19:33:17.803,1789338797.8035076,96,59,984
2026-09-13 19:33:17.823,1789338797.8235075,96,60,983
2026-09-13 19:33:17.843,1789338797.8435075,98,63,981
2026-09-13 19:33:17.863,1789338797.8635075,98,62,980
2026-09-13 19:33:17.883,1789338797.8835075,99,64,981
2026-09-13 19:33:17.903,1789338797.9035075,98,63,985
2026-09-13 19:33:17.923,1789338797.9235075,96,63,984
2026-09-13 19:33:17.943,1789338797.9435077,95,63,983
2026-09-13 19:33:17.963,1789338797.9635077,97,63,986
2026-09-13 19:33:17.983,1789338797.9835076,96,63,984
2026-09-13 19:33:18.003,1789338798.0035076,97,64,981
2026-09-13 19:33:18.023,1789338798.0235076,97,63,983
2026-09-13 19:33:18.043,1789338798.0435076,95,64,976
2026-09-13 19:33:18.063,1789338798.0635076,98,63,978
2026-09-13 19:33:18.083,1789338798.0835075,101,62,1000
2026-09-13 19:33:18.103,1789338798.1035075,98,63,986
2026-09-13 19:33:18.123,1789338798.1235075,99,63,964
2026-09-13 19:33:18.143,1789338798.1435075,101,57,972
2026-09-13 19:33:18.163,1789338798.1635075,100,63,983
2026-09-13 19:33:18.183,1789338798.1835077,98,62,987
2026-09-13 19:33:18.203,1789338798.2035077,97,61,988
2026-09-13 19:33:18.223,1789338798.2235076,100,60,982
2026-09-13 19:33:18.243,1789338798.2435076,104,61,979
2026-09-13 19:33:18.263,1789338798.2635076,107,62,978
2026-09-13 19:33:18.283,1789338798.2835076,106,64,977
2026-09-13 19:33:18.303,1789338798.3035076,104,64,985
2026-09-13 19:33:18.323,1789338798.3235075,102,59,990
2026-09-13 19:33:18.343,1789338798.3435075,103,63,988
2026-09-13 19:33:18.363,1789338798.3635075,104,64,985
2026-09-13 19:33:18.383,1789338798.3835075,105,62,982
2026-09-13 19:33:18.403,1789338798.4035075,102,65,976
2026-09-13 19:33:18.423,1789338798.4235075,108,63,976
2026-09-13 19:33:18.443,1789338798.4435077,108,61,977
2026-09-13 19:33:18.463,1789338798.4635077,105,62,977
2026-09-13 19:33:18.483,1789338798.4835076,100,61,984
2026-09-13 19:33:18.503,1789338798.5035076,99,60,986
2026-09-13 19:33:18.511,1789338798.5110369,99,60,990
2026-09-13 19:33:18.531,1789338798.5310369,101,61,984
2026-09-13 19:33:18.551,1789338798.5510368,111,62,981
2026-09-13 19:33:18.571,1789338798.5710368,116,64,978
2026-09-13 19:33:18.591,1789338798.5910368,116,63,978
2026-09-13 19:33:18.611,1789338798.6110368,115,63,981
2026-09-13 19:33:18.631,1789338798.6310368,110,61,984
2026-09-13 19:33:18.651,1789338798.651037,111,62,982
2026-09-13 19:33:18.671,1789338798.671037,111,62,979
2026-09-13 19:33:18.691,1789338798.691037,116,64,979
2026-09-13 19:33:18.711,1789338798.711037,118,65,983
2026-09-13 19:33:18.731,1789338798.731037,116,66,984
2026-09-13 19:33:18.751,1789338798.751037,114,65,983
2026-09-13 19:33:18.771,1789338798.7710369,117,63,982
2026-09-13 19:33:18.791,1789338798.7910368,121,63,980
2026-09-13 19:33:18.811,1789338798.8110368,119,64,982
2026-09-13 19:33:18.831,1789338798.8310368,122,65,983
2026-09-13 19:33:18.851,1789338798.8510368,122,62,982
2026-09-13 19:33:18.871,1789338798.8710368,120,62,986
2026-09-13 19:33:18.891,1789338798.891037,121,63,981
2026-09-13 19:33:18.911,1789338798.911037,125,62,982
2026-09-13 19:33:18.931,1789338798.931037,122,62,980
2026-09-13 19:33:18.951,1789338798.951037,126,62,976
2026-09-13 19:33:18.971,1789338798.971037,132,60,982
2026-09-13 19:33:18.991,1789338798.991037,135,63,983
2026-09-13 19:33:19.011,1789338799.0110369,135,64,978
2026-09-13 19:33:19.031,1789338799.0310369,134,64,980
2026-09-13 19:33:19.051,1789338799.0510368,126,64,975
2026-09-13 19:33:19.071,1789338799.0710368,130,61,977
2026-09-13 19:33:19.091,1789338799.0910368,142,60,991
2026-09-13 19:33:19.111,1789338799.1110368,145,62,981
2026-09-13 19:33:19.131,1789338799.1310368,150,64,967
2026-09-13 19:33:19.151,1789338799.151037,144,62,975
2026-09-13 19:33:19.171,1789338799.171037,131,63,983
2026-09-13 19:33:19.191,1789338799.191037,124,64,985
2026-09-13 19:33:19.211,1789338799.211037,132,65,982
2026-09-13 19:33:19.218,1789338799.2186272,133,63,982
2026-09-13 19:33:19.238,1789338799.2386272,141,61,983
2026-09-13 19:33:19.258,1789338799.2586272,139,61,983
2026-09-13 19:33:19.278,1789338799.2786272,144,62,983
2026-09-13 19:33:19.298,1789338799.2986271,147,63,983
2026-09-13 19:33:19.318,1789338799.318627,146,63,980
2026-09-13 19:33:19.338,1789338799.338627,144,62,982
2026-09-13 19:33:19.358,1789338799.3586273,136,61,979
2026-09-13 19:33:19.378,1789338799.3786273,136,61,978
2026-09-13 19:33:19.398,1789338799.3986273,139,62,977
2026-09-13 19:33:19.418,1789338799.4186273,142,60,980
2026-09-13 19:33:19.438,1789338799.4386272,135,63,979
2026-09-13 19:33:19.458,1789338799.4586272,130,59,978
2026-09-13 19:33:19.478,1789338799.4786272,133,59,987
2026-09-13 19:33:19.498,1789338799.4986272,132,59,985
2026-09-13 19:33:19.518,1789338799.5186272,134,61,982
2026-09-13 19:33:19.538,1789338799.5386271,141,60,982
2026-09-13 19:33:19.558,1789338799.5586271,144,62,979
2026-09-13 19:33:19.578,1789338799.578627,144,64,980
2026-09-13 19:33:19.598,1789338799.5986273,139,64,979
2026-09-13 19:33:19.618,1789338799.6186273,136,64,976
2026-09-13 19:33:19.638,1789338799.6386273,139,62,975
2026-09-13 19:33:19.658,1789338799.6586273,139,60,978
2026-09-13 19:33:19.678,1789338799.6786273,132,61,983
2026-09-13 19:33:19.698,1789338799.6986272,129,61,986
2026-09-13 19:33:19.718,1789338799.7186272,128,61,982
2026-09-13 19:33:19.738,1789338799.7386272,130,62,978
2026-09-13 19:33:19.758,1789338799.7586272,139,63,975
2026-09-13 19:33:19.778,1789338799.7786272,143,60,975
2026-09-13 19:33:19.798,1789338799.7986271,143,61,976
2026-09-13 19:33:19.818,1789338799.818627,142,62,980
2026-09-13 19:33:19.838,1789338799.838627,135,62,981
2026-09-13 19:33:19.858,1789338799.8586273,132,62,982
2026-09-13 19:33:19.878,1789338799.8786273,130,64,982
2026-09-13 19:33:19.898,1789338799.8986273,133,63,982
2026-09-13 19:33:19.918,1789338799.9186273,136,63,977
2026-09-13 19:33:19.926,1789338799.926004,134,64,976
2026-09-13 19:33:19.946,1789338799.946004,135,60,978
2026-09-13 19:33:19.966,1789338799.966004,136,63,985
2026-09-13 19:33:19.986,1789338799.9860039,130,65,981
2026-09-13 19:33:20.006,1789338800.0060039,130,65,982
2026-09-13 19:33:20.026,1789338800.0260038,126,64,974
2026-09-13 19:33:20.046,1789338800.0460038,127,62,966
2026-09-13 19:33:20.066,1789338800.066004,143,61,985
2026-09-13 19:33:20.086,1789338800.086004,148,65,986
2026-09-13 19:33:20.106,1789338800.106004,144,65,965
2026-09-13 19:33:20.126,1789338800.126004,140,64,977
2026-09-13 19:33:20.146,1789338800.146004,121,63,989
2026-09-13 19:33:20.166,1789338800.166004,105,63,992
2026-09-13 19:33:20.186,1789338800.186004,109,67,988
2026-09-13 19:33:20.206,1789338800.206004,113,68,987
2026-09-13 19:33:20.226,1789338800.226004,109,68,994
2026-09-13 19:33:20.246,1789338800.2460039,104,65,991
2026-09-13 19:33:20.266,1789338800.2660038,118,63,980
2026-09-13 19:33:20.286,1789338800.2860038,132,64,967
2026-09-13 19:33:20.306,1789338800.306004,142,65,960
2026-09-13 19:33:20.326,1789338800.326004,139,65,975
2026-09-13 19:33:20.346,1789338800.346004,131,66,981
2026-09-13 19:33:20.366,1789338800.366004,126,67,982
2026-09-13 19:33:20.386,1789338800.386004,118,69,969
2026-09-13 19:33:20.406,1789338800.406004,116,60,977
2026-09-13 19:33:20.426,1789338800.426004,109,55,991
2026-09-13 19:33:20.446,1789338800.446004,101,58,986
2026-09-13 19:33:20.466,1789338800.466004,99,60,985
2026-09-13 19:33:20.486,1789338800.4860039,103,59,983
2026-09-13 19:33:20.506,1789338800.5060039,102,59,981
2026-09-13 19:33:20.526,1789338800.5260038,106,58,987
2026-09-13 19:33:20.546,1789338800.5460038,107,59,983
2026-09-13 19:33:20.566,1789338800.566004,107,64,980
2026-09-13 19:33:20.586,1789338800.586004,110,62,982
2026-09-13 19:33:20.606,1789338800.606004,105,61,980
2026-09-13 19:33:20.626,1789338800.626004,105,63,980
2026-09-13 19:33:20.633,1789338800.633228,105,62,984
2026-09-13 19:33:20.653,1789338800.653228,101,63,986
2026-09-13 19:33:20.673,1789338800.673228,98,61,983
2026-09-13 19:33:20.693,1789338800.693228,99,64,981
2026-09-13 19:33:20.713,1789338800.713228,104,65,980
2026-09-13 19:33:20.733,1789338800.733228,102,64,981
2026-09-13 19:33:20.753,1789338800.753228,98,63,985
2026-09-13 19:33:20.773,1789338800.7732282,97,64,981
2026-09-13 19:33:20.793,1789338800.7932281,98,63,981
2026-09-13 19:33:20.813,1789338800.8132281,97,64,981
2026-09-13 19:33:20.833,1789338800.833228,99,63,988
2026-09-13 19:33:20.853,1789338800.853228,98,64,986
2026-09-13 19:33:20.873,1789338800.873228,97,63,982
2026-09-13 19:33:20.893,1789338800.893228,96,61,987
2026-09-13 19:33:20.913,1789338800.913228,95,63,983
2026-09-13 19:33:20.933,1789338800.933228,93,61,961
2026-09-13 19:33:20.953,1789338800.953228,107,59,997
2026-09-13 19:33:20.973,1789338800.973228,100,59,989
2026-09-13 19:33:20.993,1789338800.993228,96,61,970
2026-09-13 19:33:21.013,1789338801.0132282,95,59,976
2026-09-13 19:33:21.033,1789338801.0332282,92,61,988
2026-09-13 19:33:21.053,1789338801.0532281,89,63,986
2026-09-13 19:33:21.073,1789338801.0732281,94,62,984
2026-09-13 19:33:21.093,1789338801.093228,98,64,986
2026-09-13 19:33:21.113,1789338801.113228,98,64,983
2026-09-13 19:33:21.133,1789338801.133228,98,65,982
2026-09-13 19:33:21.153,1789338801.153228,97,63,982
2026-09-13 19:33:21.173,1789338801.173228,97,62,986
2026-09-13 19:33:21.193,1789338801.193228,96,62,988
2026-09-13 19:33:21.213,1789338801.213228,94,62,980
2026-09-13 19:33:21.233,1789338801.233228,94,63,982
2026-09-13 19:33:21.253,1789338801.253228,95,62,990
2026-09-13 19:33:21.273,1789338801.2732282,94,62,975
2026-09-13 19:33:21.293,1789338801.2932281,97,57,978
2026-09-13 19:33:21.313,1789338801.3132281,94,56,980
2026-09-13 19:33:21.333,1789338801.333228,94,61,984
2026-09-13 19:33:21.340,1789338801.340849,93,63,984
2026-09-13 19:33:21.360,1789338801.360849,93,61,982
2026-09-13 19:33:21.380,1789338801.380849,93,61,982
2026-09-13 19:33:21.400,1789338801.4008489,94,64,986
2026-09-13 19:33:21.420,1789338801.4208488,92,64,982
2026-09-13 19:33:21.440,1789338801.4408488,93,65,982
2026-09-13 19:33:21.460,1789338801.4608488,94,65,981
2026-09-13 19:33:21.480,1789338801.480849,94,62,984
2026-09-13 19:33:21.500,1789338801.500849,93,64,980
2026-09-13 19:33:21.520,1789338801.520849,91,67,983
2026-09-13 19:33:21.540,1789338801.540849,91,66,986
2026-09-13 19:33:21.560,1789338801.560849,92,65,985
2026-09-13 19:33:21.580,1789338801.580849,92,66,982
2026-09-13 19:33:21.600,1789338801.600849,93,67,983
2026-09-13 19:33:21.620,1789338801.620849,93,65,984
2026-09-13 19:33:21.640,1789338801.6408489,93,66,981
2026-09-13 19:33:21.660,1789338801.6608489,92,64,983
2026-09-13 19:33:21.680,1789338801.6808488,93,65,984
2026-09-13 19:33:21.700,1789338801.7008488,90,66,970
2026-09-13 19:33:21.720,1789338801.720849,93,66,974
2026-09-13 19:33:21.740,1789338801.740849,97,60,1002
2026-09-13 19:33:21.760,1789338801.760849,92,64,979
2026-09-13 19:33:21.780,1789338801.780849,92,63,964
2026-09-13 19:33:21.800,1789338801.800849,91,62,981
2026-09-13 19:33:21.820,1789338801.820849,87,66,990
2026-09-13 19:33:21.840,1789338801.840849,88,68,987
2026-09-13 19:33:21.860,1789338801.860849,90,67,985
2026-09-13 19:33:21.880,1789338801.880849,92,67,983
2026-09-13 19:33:21.900,1789338801.9008489,92,66,984
2026-09-13 19:33:21.920,1789338801.9208488,93,65,986
2026-09-13 19:33:21.940,1789338801.9408488,93,65,984
2026-09-13 19:33:21.960,1789338801.9608488,93,68,984
2026-09-13 19:33:21.980,1789338801.980849,92,67,981
2026-09-13 19:33:22.000,1789338802.000849,92,68,983
2026-09-13 19:33:22.020,1789338802.020849,93,66,984
2026-09-13 19:33:22.040,1789338802.040849,91,64,990
2026-09-13 19:33:22.048,1789338802.048348,90,66,979
2026-09-13 19:33:22.068,1789338802.068348,91,66,971
2026-09-13 19:33:22.088,1789338802.088348,91,64,984
2026-09-13 19:33:22.108,1789338802.108348,89,69,982
2026-09-13 19:33:22.128,1789338802.1283479,89,65,986
2026-09-13 19:33:22.148,1789338802.1483479,90,65,986
2026-09-13 19:33:22.168,1789338802.1683478,91,66,984
2026-09-13 19:33:22.188,1789338802.188348,91,66,983
2026-09-13 19:33:22.208,1789338802.208348,91,66,986
2026-09-13 19:33:22.228,1789338802.228348,92,63,983
2026-09-13 19:33:22.248,1789338802.248348,94,65,982
2026-09-13 19:33:22.268,1789338802.268348,93,64,981
2026-09-13 19:33:22.288,1789338802.288348,90,66,977
2026-09-13 19:33:22.308,1789338802.308348,90,65,976
2026-09-13 19:33:22.328,1789338802.328348,89,66,978
2026-09-13 19:33:22.348,1789338802.348348,89,65,980
2026-09-13 19:33:22.368,1789338802.368348,89,68,981
2026-09-13 19:33:22.388,1789338802.3883479,88,67,980
2026-09-13 19:33:22.408,1789338802.4083478,88,67,978
2026-09-13 19:33:22.428,1789338802.428348,89,64,983
2026-09-13 19:33:22.448,1789338802.448348,89,67,972
2026-09-13 19:33:22.468,1789338802.468348,95,66,987
2026-09-13 19:33:22.488,1789338802.488348,91,64,998
2026-09-13 19:33:22.508,1789338802.508348,90,64,974
2026-09-13 19:33:22.528,1789338802.528348,92,65,963
2026-09-13 19:33:22.548,1789338802.548348,91,63,986
2026-09-13 19:33:22.568,1789338802.568348,86,67,990
2026-09-13 19:33:22.588,1789338802.588348,87,66,987
2026-09-13 19:33:22.608,1789338802.608348,90,65,985
2026-09-13 19:33:22.628,1789338802.6283479,92,66,985
2026-09-13 19:33:22.648,1789338802.6483479,94,67,985
2026-09-13 19:33:22.668,1789338802.6683478,94,65,983
2026-09-13 19:33:22.688,1789338802.688348,94,65,983
2026-09-13 19:33:22.708,1789338802.708348,93,65,977
2026-09-13 19:33:22.728,1789338802.728348,93,66,978
2026-09-13 19:33:22.748,1789338802.748348,93,66,983
2026-09-13 19:33:22.755,1789338802.7557855,91,64,987
2026-09-13 19:33:22.775,1789338802.7757854,90,63,988
2026-09-13 19:33:22.795,1789338802.7957854,90,66,978
2026-09-13 19:33:22.815,1789338802.8157854,94,61,979
2026-09-13 19:33:22.835,1789338802.8357854,92,62,982
2026-09-13 19:33:22.855,1789338802.8557854,92,67,978
2026-09-13 19:33:22.875,1789338802.8757854,91,63,986
2026-09-13 19:33:22.895,1789338802.8957856,90,62,987
2026-09-13 19:33:22.915,1789338802.9157856,92,63,988
2026-09-13 19:33:22.935,1789338802.9357855,92,61,984
2026-09-13 19:33:22.955,1789338802.9557855,93,61,983
2026-09-13 19:33:22.975,1789338802.9757855,93,63,983
2026-09-13 19:33:22.995,1789338802.9957855,93,63,985
2026-09-13 19:33:23.015,1789338803.0157855,91,62,986
2026-09-13 19:33:23.035,1789338803.0357854,91,63,980
2026-09-13 19:33:23.055,1789338803.0557854,92,64,981
2026-09-13 19:33:23.075,1789338803.0757854,92,63,985
2026-09-13 19:33:23.095,1789338803.0957854,91,62,982
2026-09-13 19:33:23.115,1789338803.1157854,93,65,984
2026-09-13 19:33:23.135,1789338803.1357856,94,65,985
2026-09-13 19:33:23.155,1789338803.1557856,93,63,984
2026-09-13 19:33:23.175,1789338803.1757855,91,62,984
2026-09-13 19:33:23.195,1789338803.1957855,94,64,983
2026-09-13 19:33:23.215,1789338803.2157855,93,65,969
2026-09-13 19:33:23.235,1789338803.2357855,96,61,974
2026-09-13 19:33:23.255,1789338803.2557855,96,59,1004
2026-09-13 19:33:23.275,1789338803.2757854,93,63,988
2026-09-13 19:33:23.295,1789338803.2957854,95,64,961
2026-09-13 19:33:23.315,1789338803.3157854,96,60,977
2026-09-13 19:33:23.335,1789338803.3357854,91,61,986
2026-09-13 19:33:23.355,1789338803.3557854,91,64,991
2026-09-13 19:33:23.375,1789338803.3757854,92,63,991
2026-09-13 19:33:23.395,1789338803.3957856,94,64,984
2026-09-13 19:33:23.415,1789338803.4157856,96,65,984
2026-09-13 19:33:23.435,1789338803.4357855,98,65,981
2026-09-13 19:33:23.455,1789338803.4557855,101,66,981
2026-09-13 19:33:23.463,1789338803.4631011,101,64,981
2026-09-13 19:33:23.483,1789338803.4831011,98,64,983
2026-09-13 19:33:23.503,1789338803.503101,97,66,985
2026-09-13 19:33:23.523,1789338803.523101,97,65,986
2026-09-13 19:33:23.543,1789338803.543101,96,64,986
2026-09-13 19:33:23.563,1789338803.563101,95,64,977
2026-09-13 19:33:23.583,1789338803.583101,100,60,980
2026-09-13 19:33:23.603,1789338803.6031013,98,63,984
2026-09-13 19:33:23.623,1789338803.6231012,97,64,979
2026-09-13 19:33:23.643,1789338803.6431012,98,63,982
2026-09-13 19:33:23.663,1789338803.6631012,98,63,986
2026-09-13 19:33:23.683,1789338803.6831012,98,60,985
2026-09-13 19:33:23.703,1789338803.7031012,98,62,982
2026-09-13 19:33:23.723,1789338803.7231011,99,62,983
2026-09-13 19:33:23.743,1789338803.7431011,100,65,978
2026-09-13 19:33:23.763,1789338803.763101,101,65,981
2026-09-13 19:33:23.783,1789338803.783101,99,63,983
2026-09-13 19:33:23.803,1789338803.803101,99,63,981
2026-09-13 19:33:23.823,1789338803.823101,99,64,978
2026-09-13 19:33:23.843,1789338803.8431013,99,65,979
2026-09-13 19:33:23.863,1789338803.8631012,100,64,981
2026-09-13 19:33:23.883,1789338803.8831012,100,65,982
2026-09-13 19:33:23.903,1789338803.9031012,99,65,981
2026-09-13 19:33:23.923,1789338803.9231012,101,67,979
2026-09-13 19:33:23.943,1789338803.9431012,101,64,980
2026-09-13 19:33:23.963,1789338803.9631011,100,65,983
2026-09-13 19:33:23.983,1789338803.9831011,100,64,985
2026-09-13 19:33:24.003,1789338804.003101,98,63,984
2026-09-13 19:33:24.023,1789338804.023101,98,63,984
2026-09-13 19:33:24.043,1789338804.043101,98,64,983
2026-09-13 19:33:24.063,1789338804.063101,99,65,978
2026-09-13 19:33:24.083,1789338804.083101,101,64,981
2026-09-13 19:33:24.103,1789338804.1031013,102,61,986
2026-09-13 19:33:24.123,1789338804.1231012,98,63,986
2026-09-13 19:33:24.143,1789338804.1431012,99,65,980
2026-09-13 19:33:24.163,1789338804.1631012,102,65,984
2026-09-13 19:33:24.170,1789338804.1702948,95,66,964
2026-09-13 19:33:24.190,1789338804.1902947,105,62,993
2026-09-13 19:33:24.210,1789338804.2102947,100,61,996
2026-09-13 19:33:24.230,1789338804.2302947,99,65,970
2026-09-13 19:33:24.250,1789338804.2502947,104,62,968
2026-09-13 19:33:24.270,1789338804.2702947,102,58,975
2026-09-13 19:33:24.290,1789338804.2902946,101,64,984
2026-09-13 19:33:24.310,1789338804.3102949,98,66,990
2026-09-13 19:33:24.330,1789338804.3302948,94,65,988
2026-09-13 19:33:24.350,1789338804.3502948,94,63,987
2026-09-13 19:33:24.370,1789338804.3702948,96,62,983
2026-09-13 19:33:24.390,1789338804.3902948,100,64,978
2026-09-13 19:33:24.410,1789338804.4102948,103,65,979
2026-09-13 19:33:24.430,1789338804.4302948,106,65,983
2026-09-13 19:33:24.450,1789338804.4502947,105,66,987
2026-09-13 19:33:24.470,1789338804.4702947,98,65,990
2026-09-13 19:33:24.490,1789338804.4902947,95,63,987
2026-09-13 19:33:24.510,1789338804.5102947,99,69,978
2026-09-13 19:33:24.530,1789338804.5302947,103,66,972
2026-09-13 19:33:24.550,1789338804.5502949,106,62,977
2026-09-13 19:33:24.570,1789338804.5702949,101,63,979
2026-09-13 19:33:24.590,1789338804.5902948,99,64,986
2026-09-13 19:33:24.610,1789338804.6102948,93,63,989
2026-09-13 19:33:24.630,1789338804.6302948,95,62,983
2026-09-13 19:33:24.650,1789338804.6502948,102,62,980
2026-09-13 19:33:24.670,1789338804.6702948,107,61,979
2026-09-13 19:33:24.690,1789338804.6902947,106,64,978
2026-09-13 19:33:24.710,1789338804.7102947,106,63,981
2026-09-13 19:33:24.730,1789338804.7302947,106,64,981
2026-09-13 19:33:24.750,1789338804.7502947,103,64,976
2026-09-13 19:33:24.770,1789338804.7702947,102,65,978
2026-09-13 19:33:24.790,1789338804.7902946,101,63,981
2026-09-13 19:33:24.810,1789338804.8102949,101,66,986
2026-09-13 19:33:24.830,1789338804.8302948,97,66,985
2026-09-13 19:33:24.850,1789338804.8502948,98,66,984
2026-09-13 19:33:24.870,1789338804.8702948,98,64,984
2026-09-13 19:33:24.877,1789338804.877641,100,63,980
2026-09-13 19:33:24.897,1789338804.897641,105,62,979
2026-09-13 19:33:24.917,1789338804.917641,105,63,980
2026-09-13 19:33:24.937,1789338804.937641,105,62,980
2026-09-13 19:33:24.957,1789338804.957641,104,63,983
2026-09-13 19:33:24.977,1789338804.9776409,105,63,981
2026-09-13 19:33:24.997,1789338804.9976408,108,61,978
2026-09-13 19:33:25.017,1789338805.017641,112,62,975
2026-09-13 19:33:25.037,1789338805.037641,114,62,977
2026-09-13 19:33:25.057,1789338805.057641,113,62,988
2026-09-13 19:33:25.077,1789338805.077641,106,65,988
2026-09-13 19:33:25.097,1789338805.097641,101,68,978
2026-09-13 19:33:25.117,1789338805.117641,101,65,986
2026-09-13 19:33:25.137,1789338805.137641,101,62,983
2026-09-13 19:33:25.157,1789338805.157641,107,62,980
2026-09-13 19:33:25.177,1789338805.177641,115,60,979
2026-09-13 19:33:25.197,1789338805.197641,113,58,977
2026-09-13 19:33:25.217,1789338805.2176409,115,59,968
2026-09-13 19:33:25.237,1789338805.2376409,125,57,991
2026-09-13 19:33:25.257,1789338805.257641,118,61,987
2026-09-13 19:33:25.277,1789338805.277641,113,62,968
2026-09-13 19:33:25.297,1789338805.297641,118,60,973
2026-09-13 19:33:25.317,1789338805.317641,107,61,983
2026-09-13 19:33:25.337,1789338805.337641,104,62,984
2026-09-13 19:33:25.357,1789338805.357641,107,61,983
2026-09-13 19:33:25.377,1789338805.377641,111,60,986
2026-09-13 19:33:25.397,1789338805.397641,115,59,985
2026-09-13 19:33:25.417,1789338805.417641,117,61,987
2026-09-13 19:33:25.437,1789338805.437641,115,62,984
2026-09-13 19:33:25.457,1789338805.457641,115,61,985
2026-09-13 19:33:25.477,1789338805.4776409,116,61,982
2026-09-13 19:33:25.497,1789338805.4976408,119,63,977
2026-09-13 19:33:25.517,1789338805.517641,118,62,986
2026-09-13 19:33:25.537,1789338805.537641,114,60,980
2026-09-13 19:33:25.557,1789338805.557641,115,62,977
2026-09-13 19:33:25.577,1789338805.577641,117,60,977
2026-09-13 19:33:25.585,1789338805.585018,111,56,979
2026-09-13 19:33:25.605,1789338805.605018,109,57,979
2026-09-13 19:33:25.625,1789338805.625018,107,56,986
2026-09-13 19:33:25.645,1789338805.6450179,109,55,987
2026-09-13 19:33:25.665,1789338805.6650178,112,60,984
2026-09-13 19:33:25.685,1789338805.6850178,115,58,982
2026-09-13 19:33:25.705,1789338805.7050178,118,59,981
2026-09-13 19:33:25.725,1789338805.725018,117,61,979
2026-09-13 19:33:25.745,1789338805.745018,114,59,980
2026-09-13 19:33:25.765,1789338805.765018,110,60,980
2026-09-13 19:33:25.785,1789338805.785018,111,62,981
2026-09-13 19:33:25.805,1789338805.805018,111,62,981
2026-09-13 19:33:25.825,1789338805.825018,112,62,983
2026-09-13 19:33:25.845,1789338805.845018,110,61,982
2026-09-13 19:33:25.865,1789338805.865018,110,61,981
2026-09-13 19:33:25.885,1789338805.8850179,110,60,982
2026-09-13 19:33:25.905,1789338805.9050179,113,60,981
2026-09-13 19:33:25.925,1789338805.9250178,114,62,982
2026-09-13 19:33:25.945,1789338805.9450178,115,61,977
2026-09-13 19:33:25.965,1789338805.965018,112,60,980
2026-09-13 19:33:25.985,1789338805.985018,109,59,980
2026-09-13 19:33:26.005,1789338806.005018,107,60,985
2026-09-13 19:33:26.025,1789338806.025018,107,59,985
2026-09-13 19:33:26.045,1789338806.045018,109,59,985
2026-09-13 19:33:26.065,1789338806.065018,108,60,983
2026-09-13 19:33:26.085,1789338806.085018,108,61,979
2026-09-13 19:33:26.105,1789338806.105018,105,60,975
2026-09-13 19:33:26.125,1789338806.125018,107,62,977
2026-09-13 19:33:26.145,1789338806.1450179,107,62,977
2026-09-13 19:33:26.165,1789338806.1650178,105,64,985
2026-09-13 19:33:26.185,1789338806.1850178,100,62,989
2026-09-13 19:33:26.205,1789338806.2050178,96,65,979
2026-09-13 19:33:26.225,1789338806.225018,100,62,964
2026-09-13 19:33:26.245,1789338806.245018,115,60,990
2026-09-13 19:33:26.265,1789338806.265018,104,63,988
2026-09-13 19:33:26.285,1789338806.285018,98,61,972
2026-09-13 19:33:26.292,1789338806.2922113,96,52,981
2026-09-13 19:33:26.312,1789338806.3122113,92,57,987
2026-09-13 19:33:26.332,1789338806.3322113,91,61,995
2026-09-13 19:33:26.352,1789338806.3522112,94,59,986
2026-09-13 19:33:26.372,1789338806.3722112,100,59,987
2026-09-13 19:33:26.392,1789338806.3922112,104,58,978
2026-09-13 19:33:26.412,1789338806.4122112,104,59,985
2026-09-13 19:33:26.432,1789338806.4322114,100,55,988
2026-09-13 19:33:26.452,1789338806.4522114,96,55,985
2026-09-13 19:33:26.472,1789338806.4722114,98,59,985
2026-09-13 19:33:26.492,1789338806.4922113,99,59,983
2026-09-13 19:33:26.512,1789338806.5122113,99,56,986
2026-09-13 19:33:26.532,1789338806.5322113,98,58,990
2026-09-13 19:33:26.552,1789338806.5522113,95,60,976
2026-09-13 19:33:26.572,1789338806.5722113,97,58,980
2026-09-13 19:33:26.592,1789338806.5922112,95,54,987
2026-09-13 19:33:26.612,1789338806.6122112,93,56,983
2026-09-13 19:33:26.632,1789338806.6322112,95,56,988
2026-09-13 19:33:26.652,1789338806.6522112,96,56,987
2026-09-13 19:33:26.672,1789338806.6722114,96,58,985
2026-09-13 19:33:26.692,1789338806.6922114,96,58,984
2026-09-13 19:33:26.712,1789338806.7122114,95,59,982
2026-09-13 19:33:26.732,1789338806.7322114,97,60,981
2026-09-13 19:33:26.752,1789338806.7522113,96,60,979
2026-09-13 19:33:26.772,1789338806.7722113,94,58,980
2026-09-13 19:33:26.792,1789338806.7922113,94,57,982
2026-09-13 19:33:26.812,1789338806.8122113,93,59,982
2026-09-13 19:33:26.832,1789338806.8322113,93,60,980
2026-09-13 19:33:26.852,1789338806.8522112,93,60,984
2026-09-13 19:33:26.872,1789338806.8722112,94,59,986
2026-09-13 19:33:26.892,1789338806.8922112,94,59,984
2026-09-13 19:33:26.912,1789338806.9122112,95,59,984
2026-09-13 19:33:26.932,1789338806.9322114,95,61,984
2026-09-13 19:33:26.952,1789338806.9522114,95,59,979
2026-09-13 19:33:26.972,1789338806.9722114,94,59,980
2026-09-13 19:33:26.992,1789338806.9922113,93,58,985
2026-09-13 19:33:26.999,1789338806.99971,94,57,986
2026-09-13 19:33:27.019,1789338807.01971,95,62,984
2026-09-13 19:33:27.039,1789338807.03971,93,61,992
2026-09-13 19:33:27.059,1789338807.05971,90,59,984
2026-09-13 19:33:27.079,1789338807.07971,90,59,963
2026-09-13 19:33:27.099,1789338807.09971,102,58,997
2026-09-13 19:33:27.119,1789338807.11971,96,60,993
2026-09-13 19:33:27.139,1789338807.1397102,92,60,972
2026-09-13 19:33:27.159,1789338807.1597102,92,58,975
2026-09-13 19:33:27.179,1789338807.1797101,91,60,990
2026-09-13 19:33:27.199,1789338807.1997101,89,63,986
2026-09-13 19:33:27.219,1789338807.21971,93,60,984
2026-09-13 19:33:27.239,1789338807.23971,96,61,985
2026-09-13 19:33:27.259,1789338807.25971,95,61,981
2026-09-13 19:33:27.279,1789338807.27971,94,60,989
2026-09-13 19:33:27.299,1789338807.29971,94,60,988
2026-09-13 19:33:27.319,1789338807.31971,93,61,985
2026-09-13 19:33:27.339,1789338807.33971,92,61,984
2026-09-13 19:33:27.359,1789338807.35971,93,59,984
2026-09-13 19:33:27.379,1789338807.3797102,91,59,985
2026-09-13 19:33:27.399,1789338807.3997102,92,58,990
2026-09-13 19:33:27.419,1789338807.4197102,91,60,977
2026-09-13 19:33:27.439,1789338807.4397101,92,57,976
2026-09-13 19:33:27.459,1789338807.4597101,93,56,978
2026-09-13 19:33:27.479,1789338807.47971,91,62,982
2026-09-13 19:33:27.499,1789338807.49971,90,59,982
2026-09-13 19:33:27.519,1789338807.51971,92,58,984
2026-09-13 19:33:27.539,1789338807.53971,93,59,985
2026-09-13 19:33:27.559,1789338807.55971,93,57,989
2026-09-13 19:33:27.579,1789338807.57971,93,59,987
2026-09-13 19:33:27.599,1789338807.59971,92,63,981
2026-09-13 19:33:27.619,1789338807.61971,92,62,982
2026-09-13 19:33:27.639,1789338807.6397102,92,61,982
2026-09-13 19:33:27.659,1789338807.6597102,91,61,982
2026-09-13 19:33:27.679,1789338807.6797101,91,62,981
2026-09-13 19:33:27.699,1789338807.6997101,91,63,987
2026-09-13 19:33:27.706,1789338807.7069955,90,60,983
2026-09-13 19:33:27.726,1789338807.7269955,92,63,982
2026-09-13 19:33:27.746,1789338807.7469954,92,64,984
2026-09-13 19:33:27.766,1789338807.7669954,90,62,985
2026-09-13 19:33:27.786,1789338807.7869954,87,60,984
2026-09-13 19:33:27.806,1789338807.8069954,87,60,985
2026-09-13 19:33:27.826,1789338807.8269954,90,62,988
2026-09-13 19:33:27.846,1789338807.8469956,86,65,969
2026-09-13 19:33:27.866,1789338807.8669956,92,60,993
2026-09-13 19:33:27.886,1789338807.8869956,91,56,994
2026-09-13 19:33:27.906,1789338807.9069955,90,59,971
2026-09-13 19:33:27.926,1789338807.9269955,92,57,964
2026-09-13 19:33:27.946,1789338807.9469955,89,59,985
2026-09-13 19:33:27.966,1789338807.9669955,83,63,984
2026-09-13 19:33:27.986,1789338807.9869955,87,60,989
2026-09-13 19:33:28.006,1789338808.0069954,91,61,989
2026-09-13 19:33:28.026,1789338808.0269954,91,63,985
2026-09-13 19:33:28.046,1789338808.0469954,91,62,981
2026-09-13 19:33:28.066,1789338808.0669954,91,61,985
2026-09-13 19:33:28.086,1789338808.0869956,90,62,988
2026-09-13 19:33:28.106,1789338808.1069956,89,62,985
2026-09-13 19:33:28.126,1789338808.1269956,90,62,984
2026-09-13 19:33:28.146,1789338808.1469955,88,62,984
2026-09-13 19:33:28.166,1789338808.1669955,88,61,983
2026-09-13 19:33:28.186,1789338808.1869955,86,61,986
2026-09-13 19:33:28.206,1789338808.2069955,87,62,973
2026-09-13 19:33:28.226,1789338808.2269955,92,60,981
2026-09-13 19:33:28.246,1789338808.2469954,89,61,986
2026-09-13 19:33:28.266,1789338808.2669954,90,62,989
2026-09-13 19:33:28.286,1789338808.2869954,89,60,983
2026-09-13 19:33:28.306,1789338808.3069954,88,60,986
2026-09-13 19:33:28.326,1789338808.3269954,90,58,992
2026-09-13 19:33:28.346,1789338808.3469956,92,59,985
2026-09-13 19:33:28.366,1789338808.3669956,93,62,977
2026-09-13 19:33:28.386,1789338808.3869956,91,62,978
2026-09-13 19:33:28.406,1789338808.4069955,88,59,978
2026-09-13 19:33:28.414,1789338808.4142804,88,60,979
2026-09-13 19:33:28.434,1789338808.4342804,87,62,985
2026-09-13 19:33:28.454,1789338808.4542804,86,62,983
2026-09-13 19:33:28.474,1789338808.4742804,87,63,983
2026-09-13 19:33:28.494,1789338808.4942803,89,61,984
2026-09-13 19:33:28.514,1789338808.5142803,91,61,985
2026-09-13 19:33:28.534,1789338808.5342803,90,62,983
2026-09-13 19:33:28.554,1789338808.5542805,90,63,984
2026-09-13 19:33:28.574,1789338808.5742805,90,61,987
2026-09-13 19:33:28.594,1789338808.5942805,88,64,974
2026-09-13 19:33:28.614,1789338808.6142805,92,61,974
2026-09-13 19:33:28.634,1789338808.6342804,88,59,1004
2026-09-13 19:33:28.654,1789338808.6542804,89,60,985
2026-09-13 19:33:28.674,1789338808.6742804,92,59,963
2026-09-13 19:33:28.694,1789338808.6942804,91,58,979
2026-09-13 19:33:28.714,1789338808.7142804,85,65,987
2026-09-13 19:33:28.734,1789338808.7342803,85,62,986
2026-09-13 19:33:28.754,1789338808.7542803,88,62,985
2026-09-13 19:33:28.774,1789338808.7742803,91,62,986
2026-09-13 19:33:28.794,1789338808.7942805,91,62,986
2026-09-13 19:33:28.814,1789338808.8142805,91,61,987
2026-09-13 19:33:28.834,1789338808.8342805,92,60,984
2026-09-13 19:33:28.854,1789338808.8542805,93,62,984
2026-09-13 19:33:28.874,1789338808.8742805,91,63,982
2026-09-13 19:33:28.894,1789338808.8942804,90,63,983
2026-09-13 19:33:28.914,1789338808.9142804,89,61,983
2026-09-13 19:33:28.934,1789338808.9342804,88,59,988
2026-09-13 19:33:28.954,1789338808.9542804,89,61,980
2026-09-13 19:33:28.974,1789338808.9742804,93,56,980
2026-09-13 19:33:28.994,1789338808.9942803,90,59,984
2026-09-13 19:33:29.014,1789338809.0142803,91,61,980
2026-09-13 19:33:29.034,1789338809.0342803,90,57,984
2026-09-13 19:33:29.054,1789338809.0542805,92,59,987
2026-09-13 19:33:29.074,1789338809.0742805,92,58,986
2026-09-13 19:33:29.094,1789338809.0942805,91,58,984
2026-09-13 19:33:29.114,1789338809.1142805,91,59,983
2026-09-13 19:33:29.121,1789338809.1217794,92,59,982
2026-09-13 19:33:29.141,1789338809.1417794,92,59,984
2026-09-13 19:33:29.161,1789338809.1617794,92,60,986
2026-09-13 19:33:29.181,1789338809.1817794,91,61,983
2026-09-13 19:33:29.201,1789338809.2017794,90,59,979
2026-09-13 19:33:29.221,1789338809.2217793,91,59,982
2026-09-13 19:33:29.241,1789338809.2417793,91,61,985
2026-09-13 19:33:29.261,1789338809.2617795,91,63,987
2026-09-13 19:33:29.281,1789338809.2817795,92,64,983
2026-09-13 19:33:29.301,1789338809.3017795,94,63,981
2026-09-13 19:33:29.321,1789338809.3217795,92,60,985
2026-09-13 19:33:29.341,1789338809.3417795,91,59,983
2026-09-13 19:33:29.361,1789338809.3617795,91,60,985
2026-09-13 19:33:29.381,1789338809.3817794,90,65,979
2026-09-13 19:33:29.401,1789338809.4017794,92,63,969
2026-09-13 19:33:29.421,1789338809.4217794,93,57,1008
2026-09-13 19:33:29.441,1789338809.4417794,90,58,991
2026-09-13 19:33:29.461,1789338809.4617794,95,59,959
2026-09-13 19:33:29.481,1789338809.4817793,98,57,971
2026-09-13 19:33:29.501,1789338809.5017796,93,60,984
2026-09-13 19:33:29.521,1789338809.5217795,91,63,989
2026-09-13 19:33:29.541,1789338809.5417795,91,61,992
2026-09-13 19:33:29.561,1789338809.5617795,91,61,984
2026-09-13 19:33:29.581,1789338809.5817795,92,62,983
2026-09-13 19:33:29.601,1789338809.6017795,94,61,981
2026-09-13 19:33:29.621,1789338809.6217794,96,62,983
2026-09-13 19:33:29.641,1789338809.6417794,96,62,981
2026-09-13 19:33:29.661,1789338809.6617794,96,62,984
2026-09-13 19:33:29.681,1789338809.6817794,96,61,984
2026-09-13 19:33:29.701,1789338809.7017794,95,61,986
2026-09-13 19:33:29.721,1789338809.7217793,94,60,987
2026-09-13 19:33:29.741,1789338809.7417793,92,65,978
2026-09-13 19:33:29.761,1789338809.7617795,95,59,981
2026-09-13 19:33:29.781,1789338809.7817795,94,58,984
2026-09-13 19:33:29.801,1789338809.8017795,94,59,980
2026-09-13 19:33:29.821,1789338809.8217795,94,59,986
2026-09-13 19:33:29.829,1789338809.8294003,92,59,988
2026-09-13 19:33:29.849,1789338809.8494003,94,58,987
2026-09-13 19:33:29.869,1789338809.8694003,96,60,985
2026-09-13 19:33:29.889,1789338809.8894002,97,59,981
2026-09-13 19:33:29.909,1789338809.9094002,95,59,981
2026-09-13 19:33:29.929,1789338809.9294002,96,61,983
2026-09-13 19:33:29.949,1789338809.9494002,95,61,986
2026-09-13 19:33:29.969,1789338809.9694004,95,60,987
2026-09-13 19:33:29.989,1789338809.9894004,95,62,984
2026-09-13 19:33:30.009,1789338810.0094004,95,60,982
2026-09-13 19:33:30.029,1789338810.0294003,96,61,981
2026-09-13 19:33:30.049,1789338810.0494003,97,61,984
2026-09-13 19:33:30.069,1789338810.0694003,97,62,985
2026-09-13 19:33:30.089,1789338810.0894003,95,62,985
2026-09-13 19:33:30.109,1789338810.1094003,96,62,985
2026-09-13 19:33:30.129,1789338810.1294003,96,61,984
2026-09-13 19:33:30.149,1789338810.1494002,98,60,985
2026-09-13 19:33:30.169,1789338810.1694002,97,60,984
2026-09-13 19:33:30.189,1789338810.1894002,98,60,984
2026-09-13 19:33:30.209,1789338810.2094004,98,62,982
2026-09-13 19:33:30.229,1789338810.2294004,100,62,985
2026-09-13 19:33:30.249,1789338810.2494004,98,61,987
2026-09-13 19:33:30.269,1789338810.2694004,98,63,979
2026-09-13 19:33:30.289,1789338810.2894003,100,62,979
2026-09-13 19:33:30.309,1789338810.3094003,99,61,971
2026-09-13 19:33:30.329,1789338810.3294003,104,61,971
2026-09-13 19:33:30.349,1789338810.3494003,108,60,1001
2026-09-13 19:33:30.369,1789338810.3694003,100,62,992
2026-09-13 19:33:30.389,1789338810.3894002,99,63,961
2026-09-13 19:33:30.409,1789338810.4094002,100,57,973
2026-09-13 19:33:30.429,1789338810.4294002,97,58,983
2026-09-13 19:33:30.449,1789338810.4494002,96,61,992
2026-09-13 19:33:30.469,1789338810.4694004,97,63,992
2026-09-13 19:33:30.489,1789338810.4894004,97,62,987
2026-09-13 19:33:30.509,1789338810.5094004,99,62,983
2026-09-13 19:33:30.529,1789338810.5294003,103,61,982
2026-09-13 19:33:30.536,1789338810.5367157,108,61,982
2026-09-13 19:33:30.556,1789338810.5567157,109,61,984
2026-09-13 19:33:30.576,1789338810.5767157,106,61,984
2026-09-13 19:33:30.596,1789338810.5967157,103,63,983
2026-09-13 19:33:30.616,1789338810.6167157,100,59,988
2026-09-13 19:33:30.636,1789338810.6367157,97,60,987
2026-09-13 19:33:30.656,1789338810.6567156,99,61,977
2026-09-13 19:33:30.676,1789338810.6767159,103,58,981
2026-09-13 19:33:30.696,1789338810.6967158,99,60,979
2026-09-13 19:33:30.716,1789338810.7167158,99,62,980
2026-09-13 19:33:30.736,1789338810.7367158,97,58,985
2026-09-13 19:33:30.756,1789338810.7567158,99,59,989
2026-09-13 19:33:30.776,1789338810.7767158,100,58,986
2026-09-13 19:33:30.796,1789338810.7967157,100,61,981
2026-09-13 19:33:30.816,1789338810.8167157,100,57,982
2026-09-13 19:33:30.836,1789338810.8367157,103,58,979
2026-09-13 19:33:30.856,1789338810.8567157,105,62,980
2026-09-13 19:33:30.876,1789338810.8767157,101,68,981
2026-09-13 19:33:30.896,1789338810.8967156,101,70,981
2026-09-13 19:33:30.916,1789338810.9167159,99,63,983
2026-09-13 19:33:30.936,1789338810.9367158,100,60,980
2026-09-13 19:33:30.956,1789338810.9567158,103,59,983
2026-09-13 19:33:30.976,1789338810.9767158,107,60,986
2026-09-13 19:33:30.996,1789338810.9967158,103,64,988
2026-09-13 19:33:31.016,1789338811.0167158,98,64,987
2026-09-13 19:33:31.036,1789338811.0367157,97,61,984
2026-09-13 19:33:31.056,1789338811.0567157,102,63,982
2026-09-13 19:33:31.076,1789338811.0767157,105,64,981
2026-09-13 19:33:31.096,1789338811.0967157,108,65,980
2026-09-13 19:33:31.116,1789338811.1167157,108,65,981
2026-09-13 19:33:31.136,1789338811.1367157,107,63,985
2026-09-13 19:33:31.156,1789338811.1567156,109,66,984
2026-09-13 19:33:31.176,1789338811.1767159,106,63,983
2026-09-13 19:33:31.196,1789338811.1967158,105,63,982
2026-09-13 19:33:31.216,1789338811.2167158,108,66,981
2026-09-13 19:33:31.236,1789338811.2367158,108,66,982
2026-09-13 19:33:31.244,1789338811.2441535,110,65,986
2026-09-13 19:33:31.264,1789338811.2641535,109,65,984
2026-09-13 19:33:31.284,1789338811.2841535,109,69,978
2026-09-13 19:33:31.304,1789338811.3041534,110,67,982
2026-09-13 19:33:31.324,1789338811.3241534,107,69,964
2026-09-13 19:33:31.344,1789338811.3441534,124,70,987
2026-09-13 19:33:31.364,1789338811.3641534,118,70,990
2026-09-13 19:33:31.384,1789338811.3841536,117,70,970
2026-09-13 19:33:31.404,1789338811.4041536,126,62,969
2026-09-13 19:33:31.424,1789338811.4241536,118,60,979
2026-09-13 19:33:31.444,1789338811.4441535,109,63,992
2026-09-13 19:33:31.464,1789338811.4641535,102,63,994
2026-09-13 19:33:31.484,1789338811.4841535,106,62,988
2026-09-13 19:33:31.504,1789338811.5041535,115,64,979
2026-09-13 19:33:31.524,1789338811.5241535,127,64,977
2026-09-13 19:33:31.544,1789338811.5441535,134,65,979
2026-09-13 19:33:31.564,1789338811.5641534,134,65,980
2026-09-13 19:33:31.584,1789338811.5841534,132,63,984
2026-09-13 19:33:31.604,1789338811.6041534,129,63,984
2026-09-13 19:33:31.624,1789338811.6241536,128,64,982
2026-09-13 19:33:31.644,1789338811.6441536,127,69,980
2026-09-13 19:33:31.664,1789338811.6641536,127,71,974
2026-09-13 19:33:31.684,1789338811.6841536,130,65,980
2026-09-13 19:33:31.704,1789338811.7041535,128,64,981
2026-09-13 19:33:31.724,1789338811.7241535,125,66,980
2026-09-13 19:33:31.744,1789338811.7441535,125,64,985
2026-09-13 19:33:31.764,1789338811.7641535,126,65,985
2026-09-13 19:33:31.784,1789338811.7841535,134,64,983
2026-09-13 19:33:31.804,1789338811.8041534,139,65,981
2026-09-13 19:33:31.824,1789338811.8241534,142,65,977
2026-09-13 19:33:31.844,1789338811.8441534,142,67,979
2026-09-13 19:33:31.864,1789338811.8641534,140,63,984
2026-09-13 19:33:31.884,1789338811.8841536,137,63,984
2026-09-13 19:33:31.904,1789338811.9041536,134,64,980
2026-09-13 19:33:31.924,1789338811.9241536,133,63,979
2026-09-13 19:33:31.944,1789338811.9441535,137,63,980
2026-09-13 19:33:31.951,1789338811.951683,140,64,982
2026-09-13 19:33:31.971,1789338811.971683,131,62,985
2026-09-13 19:33:31.991,1789338811.991683,127,63,984
2026-09-13 19:33:32.011,1789338812.011683,129,66,987
2026-09-13 19:33:32.031,1789338812.031683,131,64,989
2026-09-13 19:33:32.051,1789338812.051683,135,66,983
2026-09-13 19:33:32.071,1789338812.071683,133,65,987
2026-09-13 19:33:32.091,1789338812.0916831,128,63,984
2026-09-13 19:33:32.111,1789338812.1116831,127,61,982
2026-09-13 19:33:32.131,1789338812.131683,123,63,986
2026-09-13 19:33:32.151,1789338812.151683,119,66,985
2026-09-13 19:33:32.171,1789338812.171683,115,62,984
2026-09-13 19:33:32.191,1789338812.191683,108,57,980
2026-09-13 19:33:32.211,1789338812.211683,110,60,973
2026-09-13 19:33:32.231,1789338812.231683,114,64,981
2026-09-13 19:33:32.251,1789338812.251683,109,63,985
2026-09-13 19:33:32.271,1789338812.271683,103,63,985
2026-09-13 19:33:32.291,1789338812.291683,103,66,980
2026-09-13 19:33:32.311,1789338812.311683,103,67,968
2026-09-13 19:33:32.331,1789338812.3316832,109,62,993
2026-09-13 19:33:32.351,1789338812.3516831,106,60,993
2026-09-13 19:33:32.371,1789338812.3716831,104,61,970
2026-09-13 19:33:32.391,1789338812.391683,104,58,970
2026-09-13 19:33:32.411,1789338812.411683,98,57,989
2026-09-13 19:33:32.431,1789338812.431683,93,62,993
2026-09-13 19:33:32.451,1789338812.451683,94,61,985
2026-09-13 19:33:32.471,1789338812.471683,100,60,987
2026-09-13 19:33:32.491,1789338812.491683,101,58,991
2026-09-13 19:33:32.511,1789338812.511683,101,59,985
2026-09-13 19:33:32.531,1789338812.531683,103,60,978
2026-09-13 19:33:32.551,1789338812.551683,100,61,985
2026-09-13 19:33:32.571,1789338812.571683,96,58,986
2026-09-13 19:33:32.591,1789338812.5916831,96,57,985
2026-09-13 19:33:32.611,1789338812.6116831,95,58,986
2026-09-13 19:33:32.631,1789338812.631683,95,60,989
2026-09-13 19:33:32.651,1789338812.651683,94,60,979
2026-09-13 19:33:32.659,1789338812.659304,98,54,977
2026-09-13 19:33:32.679,1789338812.679304,95,55,985
2026-09-13 19:33:32.699,1789338812.6993039,92,61,980
2026-09-13 19:33:32.719,1789338812.7193038,92,59,985
2026-09-13 19:33:32.739,1789338812.7393038,92,55,987
2026-09-13 19:33:32.759,1789338812.7593038,94,55,988
2026-09-13 19:33:32.779,1789338812.7793038,96,58,985
2026-09-13 19:33:32.799,1789338812.799304,97,59,983
2026-09-13 19:33:32.819,1789338812.819304,95,59,982
2026-09-13 19:33:32.839,1789338812.839304,94,58,978
2026-09-13 19:33:32.859,1789338812.859304,94,58,983
2026-09-13 19:33:32.879,1789338812.879304,93,61,983
2026-09-13 19:33:32.899,1789338812.899304,93,62,979
2026-09-13 19:33:32.919,1789338812.919304,91,59,980
2026-09-13 19:33:32.939,1789338812.9393039,91,56,983
2026-09-13 19:33:32.959,1789338812.9593039,92,59,984
2026-09-13 19:33:32.979,1789338812.9793038,92,60,986
2026-09-13 19:33:32.999,1789338812.9993038,92,59,985
2026-09-13 19:33:33.019,1789338813.0193038,93,58,980
2026-09-13 19:33:33.039,1789338813.039304,95,59,982
2026-09-13 19:33:33.059,1789338813.059304,95,58,986
2026-09-13 19:33:33.079,1789338813.079304,93,57,981
2026-09-13 19:33:33.099,1789338813.099304,92,60,985
2026-09-13 19:33:33.119,1789338813.119304,91,60,988
2026-09-13 19:33:33.139,1789338813.139304,91,60,982
2026-09-13 19:33:33.159,1789338813.159304,91,59,961
2026-09-13 19:33:33.179,1789338813.179304,99,57,998
2026-09-13 19:33:33.199,1789338813.1993039,94,57,990
2026-09-13 19:33:33.219,1789338813.2193038,93,60,969
2026-09-13 19:33:33.239,1789338813.2393038,93,58,975
2026-09-13 19:33:33.259,1789338813.2593038,89,59,987
2026-09-13 19:33:33.279,1789338813.2793038,86,64,986
2026-09-13 19:33:33.299,1789338813.299304,91,58,989
2026-09-13 19:33:33.319,1789338813.319304,94,60,987
2026-09-13 19:33:33.339,1789338813.339304,96,64,984
2026-09-13 19:33:33.359,1789338813.359304,95,61,986
2026-09-13 19:33:33.367,1789338813.3670774,92,58,985
2026-09-13 19:33:33.387,1789338813.3870773,93,58,988
2026-09-13 19:33:33.407,1789338813.4070773,92,59,984
2026-09-13 19:33:33.427,1789338813.4270773,92,62,981
2026-09-13 19:33:33.447,1789338813.4470773,92,61,983
2026-09-13 19:33:33.467,1789338813.4670773,91,59,993
2026-09-13 19:33:33.487,1789338813.4870772,91,59,983
2026-09-13 19:33:33.507,1789338813.5070775,90,57,975
2026-09-13 19:33:33.527,1789338813.5270774,91,56,983
2026-09-13 19:33:33.547,1789338813.5470774,91,60,985
2026-09-13 19:33:33.567,1789338813.5670774,90,57,985
2026-09-13 19:33:33.587,1789338813.5870774,90,58,982
2026-09-13 19:33:33.607,1789338813.6070774,91,58,988
2026-09-13 19:33:33.627,1789338813.6270773,91,57,986
2026-09-13 19:33:33.647,1789338813.6470773,91,61,986
2026-09-13 19:33:33.667,1789338813.6670773,92,60,983
2026-09-13 19:33:33.687,1789338813.6870773,92,61,985
2026-09-13 19:33:33.707,1789338813.7070773,90,60,981
2026-09-13 19:33:33.727,1789338813.7270772,90,63,984
2026-09-13 19:33:33.747,1789338813.7470775,89,62,983
2026-09-13 19:33:33.767,1789338813.7670774,90,60,983
2026-09-13 19:33:33.787,1789338813.7870774,89,61,985
2026-09-13 19:33:33.807,1789338813.8070774,92,62,981
2026-09-13 19:33:33.827,1789338813.8270774,91,63,985
2026-09-13 19:33:33.847,1789338813.8470774,90,60,982
2026-09-13 19:33:33.867,1789338813.8670774,90,62,980
2026-09-13 19:33:33.887,1789338813.8870773,90,63,984
2026-09-13 19:33:33.907,1789338813.9070773,88,61,987
2026-09-13 19:33:33.927,1789338813.9270773,87,63,965
2026-09-13 19:33:33.947,1789338813.9470773,92,60,996
2026-09-13 19:33:33.967,1789338813.9670773,88,62,992
2026-09-13 19:33:33.987,1789338813.9870772,90,60,973
2026-09-13 19:33:34.007,1789338814.0070775,92,59,975
2026-09-13 19:33:34.027,1789338814.0270774,89,60,987
2026-09-13 19:33:34.047,1789338814.0470774,83,64,986
2026-09-13 19:33:34.067,1789338814.0670774,87,62,990
2026-09-13 19:33:34.074,1789338814.0746067,90,65,988
2026-09-13 19:33:34.094,1789338814.0946066,91,64,986
2026-09-13 19:33:34.114,1789338814.1146066,89,61,984
2026-09-13 19:33:34.134,1789338814.1346066,90,64,985
2026-09-13 19:33:34.154,1789338814.1546066,91,63,984
2026-09-13 19:33:34.174,1789338814.1746066,90,63,984
2026-09-13 19:33:34.194,1789338814.1946065,90,62,981
2026-09-13 19:33:34.214,1789338814.2146068,90,63,984
2026-09-13 19:33:34.234,1789338814.2346067,89,63,989
2026-09-13 19:33:34.254,1789338814.2546067,89,59,995
2026-09-13 19:33:34.274,1789338814.2746067,90,62,974
2026-09-13 19:33:34.294,1789338814.2946067,91,58,983
2026-09-13 19:33:34.314,1789338814.3146067,87,65,977
2026-09-13 19:33:34.334,1789338814.3346066,88,61,986
2026-09-13 19:33:34.354,1789338814.3546066,88,61,984
2026-09-13 19:33:34.374,1789338814.3746066,89,62,984
2026-09-13 19:33:34.394,1789338814.3946066,89,61,979
2026-09-13 19:33:34.414,1789338814.4146066,90,60,980
2026-09-13 19:33:34.434,1789338814.4346066,91,61,980
2026-09-13 19:33:34.454,1789338814.4546068,91,63,981
2026-09-13 19:33:34.474,1789338814.4746068,91,62,983
2026-09-13 19:33:34.494,1789338814.4946067,90,63,985
2026-09-13 19:33:34.514,1789338814.5146067,88,61,988
2026-09-13 19:33:34.534,1789338814.5346067,89,62,984
2026-09-13 19:33:34.554,1789338814.5546067,90,62,981
2026-09-13 19:33:34.574,1789338814.5746067,90,63,980
2026-09-13 19:33:34.594,1789338814.5946066,89,62,983
2026-09-13 19:33:34.614,1789338814.6146066,89,61,988
2026-09-13 19:33:34.634,1789338814.6346066,89,61,984
2026-09-13 19:33:34.654,1789338814.6546066,88,63,984
2026-09-13 19:33:34.674,1789338814.6746066,88,64,967
2026-09-13 19:33:34.694,1789338814.6946065,92,59,987
2026-09-13 19:33:34.714,1789338814.7146068,88,57,1002
2026-09-13 19:33:34.734,1789338814.7346067,91,59,978
2026-09-13 19:33:34.754,1789338814.7546067,93,62,961
2026-09-13 19:33:34.774,1789338814.7746067,91,59,981
2026-09-13 19:33:34.781,1789338814.7818305,86,65,993
2026-09-13 19:33:34.801,1789338814.8018305,87,63,993
2026-09-13 19:33:34.821,1789338814.8218305,87,63,985
2026-09-13 19:33:34.841,1789338814.8418305,89,62,984
2026-09-13 19:33:34.861,1789338814.8618305,91,62,983
2026-09-13 19:33:34.881,1789338814.8818305,92,61,986
2026-09-13 19:33:34.901,1789338814.9018304,92,60,983
2026-09-13 19:33:34.921,1789338814.9218307,91,61,986
2026-09-13 19:33:34.941,1789338814.9418306,92,63,985
2026-09-13 19:33:34.961,1789338814.9618306,91,63,984
2026-09-13 19:33:34.981,1789338814.9818306,90,61,983
2026-09-13 19:33:35.001,1789338815.0018306,89,60,987
2026-09-13 19:33:35.021,1789338815.0218306,90,59,973
2026-09-13 19:33:35.041,1789338815.0418305,94,56,981
2026-09-13 19:33:35.061,1789338815.0618305,92,60,980
2026-09-13 19:33:35.081,1789338815.0818305,92,63,981
2026-09-13 19:33:35.101,1789338815.1018305,91,61,984
2026-09-13 19:33:35.121,1789338815.1218305,91,60,987
2026-09-13 19:33:35.141,1789338815.1418304,92,58,986
2026-09-13 19:33:35.161,1789338815.1618307,93,58,985
2026-09-13 19:33:35.181,1789338815.1818306,95,61,980
2026-09-13 19:33:35.201,1789338815.2018306,92,62,980
2026-09-13 19:33:35.221,1789338815.2218306,92,63,981
2026-09-13 19:33:35.241,1789338815.2418306,91,61,989
2026-09-13 19:33:35.261,1789338815.2618306,91,59,985
2026-09-13 19:33:35.281,1789338815.2818305,92,60,984
2026-09-13 19:33:35.301,1789338815.3018305,92,61,988
2026-09-13 19:33:35.321,1789338815.3218305,92,63,984
2026-09-13 19:33:35.341,1789338815.3418305,93,62,983
2026-09-13 19:33:35.361,1789338815.3618305,94,59,981
2026-09-13 19:33:35.381,1789338815.3818305,94,59,981
2026-09-13 19:33:35.401,1789338815.4018304,93,63,983
2026-09-13 19:33:35.421,1789338815.4218307,96,62,984
2026-09-13 19:33:35.441,1789338815.4418306,94,62,982
2026-09-13 19:33:35.461,1789338815.4618306,93,61,980
2026-09-13 19:33:35.481,1789338815.4818306,92,60,983
2026-09-13 19:33:35.488,1789338815.488902,91,61,965
2026-09-13 19:33:35.508,1789338815.508902,98,59,1004
2026-09-13 19:33:35.528,1789338815.528902,92,61,993
2026-09-13 19:33:35.548,1789338815.548902,95,61,966
2026-09-13 19:33:35.568,1789338815.568902,99,58,968
2026-09-13 19:33:35.588,1789338815.588902,96,58,984
2026-09-13 19:33:35.608,1789338815.608902,93,65,990
2026-09-13 19:33:35.628,1789338815.6289022,93,64,991
2026-09-13 19:33:35.648,1789338815.6489022,93,62,987
2026-09-13 19:33:35.668,1789338815.6689022,94,63,983
2026-09-13 19:33:35.688,1789338815.6889021,96,61,982
2026-09-13 19:33:35.708,1789338815.7089021,98,59,985
2026-09-13 19:33:35.728,1789338815.728902,98,63,985
2026-09-13 19:33:35.748,1789338815.748902,98,64,985
2026-09-13 19:33:35.768,1789338815.768902,98,63,984
2026-09-13 19:33:35.788,1789338815.788902,98,62,986
2026-09-13 19:33:35.808,1789338815.808902,96,59,986
2026-09-13 19:33:35.828,1789338815.828902,96,63,980
2026-09-13 19:33:35.848,1789338815.848902,101,60,975
2026-09-13 19:33:35.868,1789338815.8689022,98,60,979
2026-09-13 19:33:35.888,1789338815.8889022,98,62,975
2026-09-13 19:33:35.908,1789338815.9089022,97,61,984
2026-09-13 19:33:35.928,1789338815.9289021,95,61,987
2026-09-13 19:33:35.948,1789338815.9489021,95,60,986
2026-09-13 19:33:35.968,1789338815.968902,96,60,987
2026-09-13 19:33:35.988,1789338815.988902,97,61,984
2026-09-13 19:33:36.008,1789338816.008902,98,63,980
2026-09-13 19:33:36.028,1789338816.028902,98,62,980
2026-09-13 19:33:36.048,1789338816.048902,98,62,983
2026-09-13 19:33:36.068,1789338816.068902,97,63,983
2026-09-13 19:33:36.088,1789338816.088902,97,63,982
2026-09-13 19:33:36.108,1789338816.108902,98,64,982
2026-09-13 19:33:36.128,1789338816.1289022,99,63,979
2026-09-13 19:33:36.148,1789338816.1489022,100,63,979
2026-09-13 19:33:36.168,1789338816.1689022,99,64,982
2026-09-13 19:33:36.188,1789338816.1889021,98,64,984
2026-09-13 19:33:36.196,1789338816.1961265,98,64,982
2026-09-13 19:33:36.216,1789338816.2161264,98,63,983
2026-09-13 19:33:36.236,1789338816.2361264,97,63,985
2026-09-13 19:33:36.256,1789338816.2561264,98,63,982
2026-09-13 19:33:36.276,1789338816.2761264,99,62,983
2026-09-13 19:33:36.296,1789338816.2961264,99,63,983
2026-09-13 19:33:36.316,1789338816.3161263,99,63,982
2026-09-13 19:33:36.336,1789338816.3361266,98,61,982
2026-09-13 19:33:36.356,1789338816.3561265,99,62,979
2026-09-13 19:33:36.376,1789338816.3761265,100,63,984
2026-09-13 19:33:36.396,1789338816.3961265,99,64,985
2026-09-13 19:33:36.416,1789338816.4161265,97,63,979
2026-09-13 19:33:36.436,1789338816.4361265,99,64,983
2026-09-13 19:33:36.456,1789338816.4561265,95,64,973
2026-09-13 19:33:36.476,1789338816.4761264,101,61,978
2026-09-13 19:33:36.496,1789338816.4961264,104,59,1002
2026-09-13 19:33:36.516,1789338816.5161264,99,63,988
2026-09-13 19:33:36.536,1789338816.5361264,101,62,963
2026-09-13 19:33:36.556,1789338816.5561264,103,57,971
2026-09-13 19:33:36.576,1789338816.5761266,101,58,983
2026-09-13 19:33:36.596,1789338816.5961266,97,65,992
2026-09-13 19:33:36.616,1789338816.6161265,96,64,991
2026-09-13 19:33:36.636,1789338816.6361265,93,61,988
2026-09-13 19:33:36.656,1789338816.6561265,95,60,984
2026-09-13 19:33:36.676,1789338816.6761265,100,60,980
2026-09-13 19:33:36.696,1789338816.6961265,104,63,984
2026-09-13 19:33:36.716,1789338816.7161264,105,61,984
2026-09-13 19:33:36.736,1789338816.7361264,102,60,986
2026-09-13 19:33:36.756,1789338816.7561264,101,59,985
2026-09-13 19:33:36.776,1789338816.7761264,98,55,989
2026-09-13 19:33:36.796,1789338816.7961264,97,60,987
2026-09-13 19:33:36.816,1789338816.8161263,98,61,975
2026-09-13 19:33:36.836,1789338816.8361266,104,59,981
2026-09-13 19:33:36.856,1789338816.8561265,102,60,978
2026-09-13 19:33:36.876,1789338816.8761265,100,61,978
2026-09-13 19:33:36.896,1789338816.8961265,99,58,987
2026-09-13 19:33:36.903,1789338816.903808,99,56,991
2026-09-13 19:33:36.923,1789338816.923808,99,57,987
2026-09-13 19:33:36.943,1789338816.943808,100,57,981
2026-09-13 19:33:36.963,1789338816.963808,105,60,978
2026-09-13 19:33:36.983,1789338816.983808,103,58,974
2026-09-13 19:33:37.003,1789338817.003808,109,57,975
2026-09-13 19:33:37.023,1789338817.023808,108,59,983
2026-09-13 19:33:37.043,1789338817.0438082,105,60,986
2026-09-13 19:33:37.063,1789338817.0638082,105,64,986
2026-09-13 19:33:37.083,1789338817.0838082,103,64,986
2026-09-13 19:33:37.103,1789338817.1038082,101,62,984
2026-09-13 19:33:37.123,1789338817.1238081,102,61,980
2026-09-13 19:33:37.143,1789338817.1438081,106,63,979
2026-09-13 19:33:37.163,1789338817.163808,110,64,979
2026-09-13 19:33:37.183,1789338817.183808,114,66,981
2026-09-13 19:33:37.203,1789338817.203808,112,64,982
2026-09-13 19:33:37.223,1789338817.223808,110,63,981
2026-09-13 19:33:37.243,1789338817.243808,108,59,982
2026-09-13 19:33:37.263,1789338817.263808,108,60,979
2026-09-13 19:33:37.283,1789338817.2838082,108,61,983
2026-09-13 19:33:37.303,1789338817.3038082,111,62,981
2026-09-13 19:33:37.323,1789338817.3238082,110,60,984
2026-09-13 19:33:37.343,1789338817.3438082,108,58,982
2026-09-13 19:33:37.363,1789338817.3638082,105,59,981
2026-09-13 19:33:37.383,1789338817.3838081,109,62,982
2026-09-13 19:33:37.403,1789338817.403808,112,64,983
2026-09-13 19:33:37.423,1789338817.423808,112,60,987
2026-09-13 19:33:37.443,1789338817.443808,107,61,981
2026-09-13 19:33:37.463,1789338817.463808,109,61,982
2026-09-13 19:33:37.483,1789338817.483808,111,62,984
2026-09-13 19:33:37.503,1789338817.503808,105,62,966
2026-09-13 19:33:37.523,1789338817.523808,123,61,993
2026-09-13 19:33:37.543,1789338817.5438082,119,61,996
2026-09-13 19:33:37.563,1789338817.5638082,110,60,969
2026-09-13 19:33:37.583,1789338817.5838082,120,59,975
2026-09-13 19:33:37.603,1789338817.6038082,115,62,981
2026-09-13 19:33:37.611,1789338817.611307,105,61,987
2026-09-13 19:33:37.631,1789338817.631307,102,61,990
2026-09-13 19:33:37.651,1789338817.6513069,107,61,983
2026-09-13 19:33:37.671,1789338817.6713068,118,58,982
2026-09-13 19:33:37.691,1789338817.6913068,125,63,981
2026-09-13 19:33:37.711,1789338817.7113068,126,65,983
2026-09-13 19:33:37.731,1789338817.7313068,122,62,982
2026-09-13 19:33:37.751,1789338817.751307,120,62,982
2026-09-13 19:33:37.771,1789338817.771307,118,62,983
2026-09-13 19:33:37.791,1789338817.791307,117,62,988
2026-09-13 19:33:37.811,1789338817.811307,113,63,986
2026-09-13 19:33:37.831,1789338817.831307,113,64,979
2026-09-13 19:33:37.851,1789338817.851307,116,60,977
2026-09-13 19:33:37.871,1789338817.871307,117,60,982
2026-09-13 19:33:37.891,1789338817.8913069,111,62,979
2026-09-13 19:33:37.911,1789338817.9113069,113,61,985
2026-09-13 19:33:37.931,1789338817.9313068,112,58,983
2026-09-13 19:33:37.951,1789338817.9513068,113,57,983
2026-09-13 19:33:37.971,1789338817.9713068,117,61,983
2026-09-13 19:33:37.991,1789338817.991307,118,62,982
2026-09-13 19:33:38.011,1789338818.011307,111,62,982
2026-09-13 19:33:38.031,1789338818.031307,112,62,981
2026-09-13 19:33:38.051,1789338818.051307,116,62,980
2026-09-13 19:33:38.071,1789338818.071307,119,62,979
2026-09-13 19:33:38.091,1789338818.091307,117,65,978
2026-09-13 19:33:38.111,1789338818.111307,106,64,984
2026-09-13 19:33:38.131,1789338818.131307,98,61,989
2026-09-13 19:33:38.151,1789338818.1513069,100,61,986
2026-09-13 19:33:38.171,1789338818.1713068,107,61,982
2026-09-13 19:33:38.191,1789338818.1913068,114,63,974
2026-09-13 19:33:38.211,1789338818.2113068,117,64,970
2026-09-13 19:33:38.231,1789338818.2313068,116,60,982
2026-09-13 19:33:38.251,1789338818.251307,111,62,983
2026-09-13 19:33:38.271,1789338818.271307,104,61,985
2026-09-13 19:33:38.291,1789338818.291307,102,61,984
2026-09-13 19:33:38.311,1789338818.311307,100,60,983
2026-09-13 19:33:38.318,1789338818.318653,99,61,985
2026-09-13 19:33:38.338,1789338818.338653,98,57,980
2026-09-13 19:33:38.358,1789338818.358653,102,61,981
2026-09-13 19:33:38.378,1789338818.378653,104,60,981
2026-09-13 19:33:38.398,1789338818.398653,101,60,989
2026-09-13 19:33:38.418,1789338818.418653,100,59,990
2026-09-13 19:33:38.438,1789338818.438653,101,61,982
2026-09-13 19:33:38.458,1789338818.4586532,102,62,984
2026-09-13 19:33:38.478,1789338818.4786532,96,58,987
2026-09-13 19:33:38.498,1789338818.4986532,93,57,965
2026-09-13 19:33:38.518,1789338818.5186532,108,58,993
2026-09-13 19:33:38.538,1789338818.5386531,107,60,997
2026-09-13 19:33:38.558,1789338818.558653,99,60,971
2026-09-13 19:33:38.578,1789338818.578653,96,57,973
2026-09-13 19:33:38.598,1789338818.598653,92,58,986
2026-09-13 19:33:38.618,1789338818.618653,91,60,987
2026-09-13 19:33:38.638,1789338818.638653,96,61,989
2026-09-13 19:33:38.658,1789338818.658653,100,62,982
2026-09-13 19:33:38.678,1789338818.678653,102,63,981
2026-09-13 19:33:38.698,1789338818.6986532,100,60,985
2026-09-13 19:33:38.718,1789338818.7186532,98,59,985
2026-09-13 19:33:38.738,1789338818.7386532,98,58,987
2026-09-13 19:33:38.758,1789338818.7586532,98,59,985
2026-09-13 19:33:38.778,1789338818.7786531,98,60,985
2026-09-13 19:33:38.798,1789338818.7986531,96,55,986
2026-09-13 19:33:38.818,1789338818.818653,96,58,991
2026-09-13 19:33:38.838,1789338818.838653,94,59,979
2026-09-13 19:33:38.858,1789338818.858653,95,55,981
2026-09-13 19:33:38.878,1789338818.878653,94,57,979
2026-09-13 19:33:38.898,1789338818.898653,92,58,987
2026-09-13 19:33:38.918,1789338818.918653,90,55,988
2026-09-13 19:33:38.938,1789338818.938653,93,55,987
2026-09-13 19:33:38.958,1789338818.9586532,97,61,985
2026-09-13 19:33:38.978,1789338818.9786532,96,59,983
2026-09-13 19:33:38.998,1789338818.9986532,96,58,982
2026-09-13 19:33:39.018,1789338819.0186532,95,57,983
2026-09-13 19:33:39.026,1789338819.026274,96,59,985
2026-09-13 19:33:39.046,1789338819.046274,95,61,983
2026-09-13 19:33:39.066,1789338819.066274,94,58,983
2026-09-13 19:33:39.086,1789338819.086274,93,57,986
2026-09-13 19:33:39.106,1789338819.106274,91,57,984
2026-09-13 19:33:39.126,1789338819.1262739,91,60,984
2026-09-13 19:33:39.146,1789338819.1462739,92,59,986
2026-09-13 19:33:39.166,1789338819.166274,92,58,985
2026-09-13 19:33:39.186,1789338819.186274,93,58,983
2026-09-13 19:33:39.206,1789338819.206274,93,59,979
2026-09-13 19:33:39.226,1789338819.226274,93,60,982
2026-09-13 19:33:39.246,1789338819.246274,93,59,987
2026-09-13 19:33:39.266,1789338819.266274,93,60,987
2026-09-13 19:33:39.286,1789338819.286274,91,59,983
2026-09-13 19:33:39.306,1789338819.306274,92,61,987
2026-09-13 19:33:39.326,1789338819.326274,89,62,974
2026-09-13 19:33:39.346,1789338819.346274,91,60,972
2026-09-13 19:33:39.366,1789338819.3662739,95,54,1007
2026-09-13 19:33:39.386,1789338819.3862739,91,62,983
2026-09-13 19:33:39.406,1789338819.406274,90,60,967
2026-09-13 19:33:39.426,1789338819.426274,91,56,983
2026-09-13 19:33:39.446,1789338819.446274,88,62,989
2026-09-13 19:33:39.466,1789338819.466274,89,63,986
2026-09-13 19:33:39.486,1789338819.486274,91,62,985
2026-09-13 19:33:39.506,1789338819.506274,93,61,983
2026-09-13 19:33:39.526,1789338819.526274,94,62,985
2026-09-13 19:33:39.546,1789338819.546274,93,63,986
2026-09-13 19:33:39.566,1789338819.566274,92,64,984
2026-09-13 19:33:39.586,1789338819.586274,91,61,984
2026-09-13 19:33:39.606,1789338819.606274,91,60,982
2026-09-13 19:33:39.626,1789338819.6262739,91,61,985
2026-09-13 19:33:39.646,1789338819.6462739,89,63,989
2026-09-13 19:33:39.666,1789338819.666274,89,60,992
2026-09-13 19:33:39.686,1789338819.686274,88,59,980
2026-09-13 19:33:39.706,1789338819.706274,91,57,978
2026-09-13 19:33:39.726,1789338819.726274,91,59,984
2026-09-13 19:33:39.733,1789338819.7339256,89,62,981
2026-09-13 19:33:39.753,1789338819.7539256,88,57,986
2026-09-13 19:33:39.773,1789338819.7739255,89,58,989
2026-09-13 19:33:39.793,1789338819.7939255,91,60,986
2026-09-13 19:33:39.813,1789338819.8139255,90,60,984
2026-09-13 19:33:39.833,1789338819.8339255,90,61,983
2026-09-13 19:33:39.853,1789338819.8539255,90,63,982
2026-09-13 19:33:39.873,1789338819.8739257,90,60,987
2026-09-13 19:33:39.893,1789338819.8939257,89,61,986
2026-09-13 19:33:39.913,1789338819.9139256,87,64,980
2026-09-13 19:33:39.933,1789338819.9339256,87,64,984
2026-09-13 19:33:39.953,1789338819.9539256,89,62,987
2026-09-13 19:33:39.973,1789338819.9739256,87,61,985
2026-09-13 19:33:39.993,1789338819.9939256,88,60,984
2026-09-13 19:33:40.013,1789338820.0139256,88,64,983
2026-09-13 19:33:40.033,1789338820.0339255,86,62,982
2026-09-13 19:33:40.053,1789338820.0539255,88,62,983
2026-09-13 19:33:40.073,1789338820.0739255,87,62,986
2026-09-13 19:33:40.093,1789338820.0939255,84,61,987
2026-09-13 19:33:40.113,1789338820.1139257,85,62,962
2026-09-13 19:33:40.133,1789338820.1339257,93,57,1009
2026-09-13 19:33:40.153,1789338820.1539257,88,62,988
2026-09-13 19:33:40.173,1789338820.1739256,89,59,958
2026-09-13 19:33:40.193,1789338820.1939256,89,58,973
2026-09-13 19:33:40.213,1789338820.2139256,84,63,991
2026-09-13 19:33:40.233,1789338820.2339256,84,64,987
2026-09-13 19:33:40.253,1789338820.2539256,85,62,987
2026-09-13 19:33:40.273,1789338820.2739255,85,62,982
2026-09-13 19:33:40.293,1789338820.2939255,89,62,981
2026-09-13 19:33:40.313,1789338820.3139255,92,62,984
2026-09-13 19:33:40.333,1789338820.3339255,91,64,984
2026-09-13 19:33:40.353,1789338820.3539255,91,64,980
2026-09-13 19:33:40.373,1789338820.3739257,89,62,983
2026-09-13 19:33:40.393,1789338820.3939257,89,61,986
2026-09-13 19:33:40.413,1789338820.4139256,89,63,988
2026-09-13 19:33:40.433,1789338820.4339256,89,60,988
2026-09-13 19:33:40.441,1789338820.441699,88,60,989
2026-09-13 19:33:40.461,1789338820.461699,89,60,971
2026-09-13 19:33:40.481,1789338820.481699,89,59,988
2026-09-13 19:33:40.501,1789338820.501699,87,62,979
2026-09-13 19:33:40.521,1789338820.521699,89,62,982
2026-09-13 19:33:40.541,1789338820.541699,90,60,984
2026-09-13 19:33:40.561,1789338820.561699,90,61,986
2026-09-13 19:33:40.581,1789338820.5816991,91,60,985
2026-09-13 19:33:40.601,1789338820.601699,92,58,982
2026-09-13 19:33:40.621,1789338820.621699,91,60,981
2026-09-13 19:33:40.641,1789338820.641699,91,62,986
2026-09-13 19:33:40.661,1789338820.661699,89,63,984
2026-09-13 19:33:40.681,1789338820.681699,90,62,981
2026-09-13 19:33:40.701,1789338820.701699,90,62,982
2026-09-13 19:33:40.721,1789338820.721699,91,60,982
2026-09-13 19:33:40.741,1789338820.741699,89,62,980
2026-09-13 19:33:40.761,1789338820.761699,89,63,981
2026-09-13 19:33:40.781,1789338820.781699,89,62,986
2026-09-13 19:33:40.801,1789338820.801699,90,59,984
2026-09-13 19:33:40.821,1789338820.8216991,91,60,983
2026-09-13 19:33:40.841,1789338820.8416991,92,61,980
2026-09-13 19:33:40.861,1789338820.861699,91,64,975
2026-09-13 19:33:40.881,1789338820.881699,90,59,967
2026-09-13 19:33:40.901,1789338820.901699,93,57,1009
2026-09-13 19:33:40.921,1789338820.921699,89,59,992
2026-09-13 19:33:40.941,1789338820.941699,93,60,961
2026-09-13 19:33:40.961,1789338820.961699,95,58,971
2026-09-13 19:33:40.981,1789338820.981699,91,60,980
2026-09-13 19:33:41.001,1789338821.001699,90,63,991
2026-09-13 19:33:41.021,1789338821.021699,89,63,989
2026-09-13 19:33:41.041,1789338821.041699,90,60,983
2026-09-13 19:33:41.061,1789338821.061699,91,60,981
2026-09-13 19:33:41.081,1789338821.0816991,91,60,986
2026-09-13 19:33:41.101,1789338821.101699,93,59,982
2026-09-13 19:33:41.121,1789338821.121699,93,57,983
2026-09-13 19:33:41.141,1789338821.141699,94,58,984
2026-09-13 19:33:41.149,1789338821.1492586,95,61,986
2026-09-13 19:33:41.169,1789338821.1692586,93,63,983
2026-09-13 19:33:41.189,1789338821.1892586,92,58,986
2026-09-13 19:33:41.209,1789338821.2092586,91,59,982
2026-09-13 19:33:41.229,1789338821.2292585,92,56,975
2026-09-13 19:33:41.249,1789338821.2492585,93,58,984
2026-09-13 19:33:41.269,1789338821.2692585,92,62,979
2026-09-13 19:33:41.289,1789338821.2892587,92,59,987
2026-09-13 19:33:41.309,1789338821.3092587,93,58,987
2026-09-13 19:33:41.329,1789338821.3292587,92,58,987
2026-09-13 19:33:41.349,1789338821.3492587,95,60,986
2026-09-13 19:33:41.369,1789338821.3692586,94,60,983
2026-09-13 19:33:41.389,1789338821.3892586,95,60,980
2026-09-13 19:33:41.409,1789338821.4092586,95,60,982
2026-09-13 19:33:41.429,1789338821.4292586,94,60,984
2026-09-13 19:33:41.449,1789338821.4492586,93,60,981
2026-09-13 19:33:41.469,1789338821.4692585,94,61,980
2026-09-13 19:33:41.489,1789338821.4892585,94,60,982
2026-09-13 19:33:41.509,1789338821.5092585,93,60,985
2026-09-13 19:33:41.529,1789338821.5292587,92,59,983
2026-09-13 19:33:41.549,1789338821.5492587,94,59,984
2026-09-13 19:33:41.569,1789338821.5692587,94,59,985
2026-09-13 19:33:41.589,1789338821.5892587,96,58,984
2026-09-13 19:33:41.609,1789338821.6092587,96,59,979
2026-09-13 19:33:41.629,1789338821.6292586,95,61,973
2026-09-13 19:33:41.649,1789338821.6492586,96,59,980
2026-09-13 19:33:41.669,1789338821.6692586,93,59,984
2026-09-13 19:33:41.689,1789338821.6892586,92,59,981
2026-09-13 19:33:41.709,1789338821.7092586,93,60,988
2026-09-13 19:33:41.729,1789338821.7292585,91,63,966
2026-09-13 19:33:41.749,1789338821.7492585,98,62,991
2026-09-13 19:33:41.769,1789338821.7692585,96,59,1000
2026-09-13 19:33:41.789,1789338821.7892587,96,62,978
2026-09-13 19:33:41.809,1789338821.8092587,102,59,958
2026-09-13 19:33:41.829,1789338821.8292587,98,57,972
2026-09-13 19:33:41.849,1789338821.8492587,94,63,989
2026-09-13 19:33:41.857,1789338821.8571239,93,64,995
2026-09-13 19:33:41.877,1789338821.8771238,92,63,992
2026-09-13 19:33:41.897,1789338821.8971238,91,63,985
2026-09-13 19:33:41.917,1789338821.9171238,93,62,981
2026-09-13 19:33:41.937,1789338821.9371238,97,62,980
2026-09-13 19:33:41.957,1789338821.9571238,99,62,981
2026-09-13 19:33:41.977,1789338821.9771237,97,60,982
2026-09-13 19:33:41.997,1789338821.997124,97,60,985
2026-09-13 19:33:42.017,1789338822.017124,97,63,989
2026-09-13 19:33:42.037,1789338822.037124,94,59,987
2026-09-13 19:33:42.057,1789338822.057124,94,64,984
2026-09-13 19:33:42.077,1789338822.0771239,95,62,976
2026-09-13 19:33:42.097,1789338822.0971239,96,60,985
2026-09-13 19:33:42.117,1789338822.1171238,95,59,980
2026-09-13 19:33:42.137,1789338822.1371238,95,61,983
2026-09-13 19:33:42.157,1789338822.1571238,94,62,988
2026-09-13 19:33:42.177,1789338822.1771238,94,60,987
2026-09-13 19:33:42.197,1789338822.1971238,95,60,986
2026-09-13 19:33:42.217,1789338822.2171237,97,58,984
2026-09-13 19:33:42.237,1789338822.237124,99,58,981
2026-09-13 19:33:42.257,1789338822.257124,100,59,979
2026-09-13 19:33:42.277,1789338822.277124,99,61,983
2026-09-13 19:33:42.297,1789338822.297124,97,58,985
2026-09-13 19:33:42.317,1789338822.317124,96,58,986
2026-09-13 19:33:42.337,1789338822.3371239,95,58,983
2026-09-13 19:33:42.357,1789338822.3571239,96,59,985
2026-09-13 19:33:42.377,1789338822.3771238,98,60,984
2026-09-13 19:33:42.397,1789338822.3971238,97,61,981
2026-09-13 19:33:42.417,1789338822.4171238,99,63,982
2026-09-13 19:33:42.437,1789338822.4371238,98,63,982
2026-09-13 19:33:42.457,1789338822.4571238,100,63,985
2026-09-13 19:33:42.477,1789338822.4771237,98,62,988
2026-09-13 19:33:42.497,1789338822.497124,96,61,987
2026-09-13 19:33:42.517,1789338822.517124,95,61,985
2026-09-13 19:33:42.537,1789338822.537124,97,61,985
2026-09-13 19:33:42.557,1789338822.557124,99,63,979
2026-09-13 19:33:42.564,1789338822.564653,101,64,985
2026-09-13 19:33:42.584,1789338822.584653,98,63,984
2026-09-13 19:33:42.604,1789338822.604653,101,66,982
2026-09-13 19:33:42.624,1789338822.6246529,102,63,986
2026-09-13 19:33:42.644,1789338822.6446528,94,63,972
2026-09-13 19:33:42.664,1789338822.6646528,101,61,986
2026-09-13 19:33:42.684,1789338822.6846528,106,62,995
2026-09-13 19:33:42.704,1789338822.704653,105,63,980
2026-09-13 19:33:42.724,1789338822.724653,105,61,967
2026-09-13 19:33:42.744,1789338822.744653,100,59,976
2026-09-13 19:33:42.764,1789338822.764653,96,65,987
2026-09-13 19:33:42.784,1789338822.784653,97,65,989
2026-09-13 19:33:42.804,1789338822.804653,99,62,986
2026-09-13 19:33:42.824,1789338822.824653,103,63,980
2026-09-13 19:33:42.844,1789338822.844653,106,65,979
2026-09-13 19:33:42.864,1789338822.8646529,110,68,981
2026-09-13 19:33:42.884,1789338822.8846529,109,68,985
2026-09-13 19:33:42.904,1789338822.9046528,109,69,983
2026-09-13 19:33:42.924,1789338822.9246528,105,66,986
2026-09-13 19:33:42.944,1789338822.944653,108,68,983
2026-09-13 19:33:42.964,1789338822.964653,107,63,983
2026-09-13 19:33:42.984,1789338822.984653,107,67,981
2026-09-13 19:33:43.004,1789338823.004653,108,65,975
2026-09-13 19:33:43.024,1789338823.024653,109,63,986
2026-09-13 19:33:43.044,1789338823.044653,103,64,980
2026-09-13 19:33:43.064,1789338823.064653,104,63,982
2026-09-13 19:33:43.084,1789338823.084653,103,60,986
2026-09-13 19:33:43.104,1789338823.104653,107,62,984
2026-09-13 19:33:43.124,1789338823.1246529,111,63,982
2026-09-13 19:33:43.144,1789338823.1446528,116,65,984
2026-09-13 19:33:43.164,1789338823.1646528,114,65,984
2026-09-13 19:33:43.184,1789338823.1846528,112,62,984
2026-09-13 19:33:43.204,1789338823.204653,112,63,980
2026-09-13 19:33:43.224,1789338823.224653,113,63,981
2026-09-13 19:33:43.244,1789338823.244653,112,64,979
2026-09-13 19:33:43.264,1789338823.264653,110,65,979
2026-09-13 19:33:43.272,1789338823.2723045,106,64,985
2026-09-13 19:33:43.292,1789338823.2923045,107,63,987
2026-09-13 19:33:43.312,1789338823.3123045,108,63,986
2026-09-13 19:33:43.332,1789338823.3323045,108,63,985
2026-09-13 19:33:43.352,1789338823.3523045,109,64,982
2026-09-13 19:33:43.372,1789338823.3723044,113,62,984
2026-09-13 19:33:43.392,1789338823.3923044,117,62,982
2026-09-13 19:33:43.412,1789338823.4123046,117,64,982
2026-09-13 19:33:43.432,1789338823.4323046,114,64,982
2026-09-13 19:33:43.452,1789338823.4523046,111,64,983
2026-09-13 19:33:43.472,1789338823.4723046,108,60,985
2026-09-13 19:33:43.492,1789338823.4923046,111,63,982
2026-09-13 19:33:43.512,1789338823.5123045,111,62,983
2026-09-13 19:33:43.532,1789338823.5323045,112,63,983
2026-09-13 19:33:43.552,1789338823.5523045,115,62,986
2026-09-13 19:33:43.572,1789338823.5723045,110,63,984
2026-09-13 19:33:43.592,1789338823.5923045,113,63,984
2026-09-13 19:33:43.612,1789338823.6123044,110,64,983
2026-09-13 19:33:43.632,1789338823.6323044,107,62,969
2026-09-13 19:33:43.652,1789338823.6523046,122,60,990
2026-09-13 19:33:43.672,1789338823.6723046,119,62,998
2026-09-13 19:33:43.692,1789338823.6923046,114,61,971
2026-09-13 19:33:43.712,1789338823.7123046,118,62,972
2026-09-13 19:33:43.732,1789338823.7323046,110,62,985
2026-09-13 19:33:43.752,1789338823.7523046,103,63,990
2026-09-13 19:33:43.772,1789338823.7723045,105,62,986
2026-09-13 19:33:43.792,1789338823.7923045,109,64,986
2026-09-13 19:33:43.812,1789338823.8123045,111,61,984
2026-09-13 19:33:43.832,1789338823.8323045,118,62,981
2026-09-13 19:33:43.852,1789338823.8523045,123,64,982
2026-09-13 19:33:43.872,1789338823.8723044,119,66,984
2026-09-13 19:33:43.892,1789338823.8923044,116,63,982
2026-09-13 19:33:43.912,1789338823.9123046,115,63,981
2026-09-13 19:33:43.932,1789338823.9323046,113,62,980
2026-09-13 19:33:43.952,1789338823.9523046,110,64,980
2026-09-13 19:33:43.972,1789338823.9723046,110,64,973
2026-09-13 19:33:43.979,1789338823.9798033,116,63,978
2026-09-13 19:33:43.999,1789338823.9998033,111,63,987
2026-09-13 19:33:44.019,1789338824.0198033,103,60,984
2026-09-13 19:33:44.039,1789338824.0398033,103,59,984
2026-09-13 19:33:44.059,1789338824.0598032,109,58,977
2026-09-13 19:33:44.079,1789338824.0798032,111,61,982
2026-09-13 19:33:44.099,1789338824.0998032,110,64,991
2026-09-13 19:33:44.119,1789338824.1198034,106,63,989
2026-09-13 19:33:44.139,1789338824.1398034,103,60,983
2026-09-13 19:33:44.159,1789338824.1598034,102,61,975
2026-09-13 19:33:44.179,1789338824.1798034,106,63,984
2026-09-13 19:33:44.199,1789338824.1998034,102,61,988
2026-09-13 19:33:44.219,1789338824.2198033,99,60,985
2026-09-13 19:33:44.239,1789338824.2398033,99,57,983
2026-09-13 19:33:44.259,1789338824.2598033,100,58,985
2026-09-13 19:33:44.279,1789338824.2798033,101,58,985
2026-09-13 19:33:44.299,1789338824.2998033,100,59,985
2026-09-13 19:33:44.319,1789338824.3198032,101,57,982
2026-09-13 19:33:44.339,1789338824.3398032,98,57,985
2026-09-13 19:33:44.359,1789338824.3598034,102,55,983
2026-09-13 19:33:44.379,1789338824.3798034,102,59,981
2026-09-13 19:33:44.399,1789338824.3998034,103,60,984
2026-09-13 19:33:44.419,1789338824.4198034,97,58,979
2026-09-13 19:33:44.439,1789338824.4398034,98,61,985
2026-09-13 19:33:44.459,1789338824.4598033,94,61,984
2026-09-13 19:33:44.479,1789338824.4798033,95,59,966
2026-09-13 19:33:44.499,1789338824.4998033,106,60,986
2026-09-13 19:33:44.519,1789338824.5198033,100,59,995
2026-09-13 19:33:44.539,1789338824.5398033,97,63,976
2026-09-13 19:33:44.559,1789338824.5598032,94,58,972
2026-09-13 19:33:44.579,1789338824.5798032,93,56,985
2026-09-13 19:33:44.599,1789338824.5998032,92,62,989
2026-09-13 19:33:44.619,1789338824.6198034,97,65,986
2026-09-13 19:33:44.639,1789338824.6398034,102,63,987
2026-09-13 19:33:44.659,1789338824.6598034,99,59,983
2026-09-13 19:33:44.679,1789338824.6798034,99,58,984
2026-09-13 19:33:44.687,1789338824.687363,99,58,985
2026-09-13 19:33:44.707,1789338824.707363,98,61,985
2026-09-13 19:33:44.727,1789338824.7273629,97,60,983
2026-09-13 19:33:44.747,1789338824.7473629,96,59,981
2026-09-13 19:33:44.767,1789338824.7673628,97,58,983
2026-09-13 19:33:44.787,1789338824.7873628,96,59,993
2026-09-13 19:33:44.807,1789338824.8073628,94,59,973
2026-09-13 19:33:44.827,1789338824.827363,96,57,980
2026-09-13 19:33:44.847,1789338824.847363,95,57,982
2026-09-13 19:33:44.867,1789338824.867363,93,60,983
2026-09-13 19:33:44.887,1789338824.887363,93,59,984
2026-09-13 19:33:44.907,1789338824.907363,93,58,984
2026-09-13 19:33:44.927,1789338824.927363,95,59,982
2026-09-13 19:33:44.947,1789338824.947363,97,59,986
2026-09-13 19:33:44.967,1789338824.9673629,98,61,983
2026-09-13 19:33:44.987,1789338824.9873629,97,63,980
2026-09-13 19:33:45.007,1789338825.0073628,96,61,982
2026-09-13 19:33:45.027,1789338825.0273628,92,58,981
2026-09-13 19:33:45.047,1789338825.0473628,93,59,983
2026-09-13 19:33:45.067,1789338825.067363,93,61,986
2026-09-13 19:33:45.087,1789338825.087363,93,62,985
2026-09-13 19:33:45.107,1789338825.107363,92,62,982
2026-09-13 19:33:45.127,1789338825.127363,92,61,981
2026-09-13 19:33:45.147,1789338825.147363,94,60,983
2026-09-13 19:33:45.167,1789338825.167363,95,62,981
2026-09-13 19:33:45.187,1789338825.187363,94,61,984
2026-09-13 19:33:45.207,1789338825.207363,93,59,984
2026-09-13 19:33:45.227,1789338825.2273629,92,59,985
2026-09-13 19:33:45.247,1789338825.2473629,94,60,983
2026-09-13 19:33:45.267,1789338825.2673628,93,60,980
2026-09-13 19:33:45.287,1789338825.2873628,92,61,980
2026-09-13 19:33:45.307,1789338825.3073628,92,60,984
2026-09-13 19:33:45.327,1789338825.327363,91,60,985
2026-09-13 19:33:45.347,1789338825.347363,91,60,984
2026-09-13 19:33:45.367,1789338825.367363,92,62,987
2026-09-13 19:33:45.387,1789338825.387363,91,62,984
2026-09-13 19:33:45.394,1789338825.3947399,91,65,956
2026-09-13 19:33:45.414,1789338825.4147398,101,59,1001
2026-09-13 19:33:45.434,1789338825.4347398,93,61,995
2026-09-13 19:33:45.454,1789338825.4547398,91,63,961
2026-09-13 19:33:45.474,1789338825.4747398,92,58,978
2026-09-13 19:33:45.494,1789338825.4947398,87,62,993
2026-09-13 19:33:45.514,1789338825.5147398,87,63,990
2026-09-13 19:33:45.534,1789338825.53474,91,62,983
2026-09-13 19:33:45.554,1789338825.55474,94,62,983
2026-09-13 19:33:45.574,1789338825.57474,94,61,984
2026-09-13 19:33:45.594,1789338825.59474,94,61,986
2026-09-13 19:33:45.614,1789338825.61474,94,60,984
2026-09-13 19:33:45.634,1789338825.6347399,94,62,982
2026-09-13 19:33:45.654,1789338825.6547399,96,62,984
2026-09-13 19:33:45.674,1789338825.6747398,95,60,985
2026-09-13 19:33:45.694,1789338825.6947398,92,63,982
2026-09-13 19:33:45.714,1789338825.7147398,92,59,988
2026-09-13 19:33:45.734,1789338825.7347398,91,62,986
2026-09-13 19:33:45.754,1789338825.7547398,92,58,974
2026-09-13 19:33:45.774,1789338825.77474,92,58,983
2026-09-13 19:33:45.794,1789338825.79474,90,63,982
2026-09-13 19:33:45.814,1789338825.81474,91,59,985
2026-09-13 19:33:45.834,1789338825.83474,91,59,984
2026-09-13 19:33:45.854,1789338825.85474,91,58,987
2026-09-13 19:33:45.874,1789338825.87474,92,57,983
2026-09-13 19:33:45.894,1789338825.8947399,94,62,984
2026-09-13 19:33:45.914,1789338825.9147398,94,64,982
2026-09-13 19:33:45.934,1789338825.9347398,93,61,982
2026-09-13 19:33:45.954,1789338825.9547398,91,60,983
2026-09-13 19:33:45.974,1789338825.9747398,90,61,983
2026-09-13 19:33:45.994,1789338825.9947398,91,65,981
2026-09-13 19:33:46.014,1789338826.0147398,91,62,983
2026-09-13 19:33:46.034,1789338826.03474,90,60,985
2026-09-13 19:33:46.054,1789338826.05474,90,60,981
2026-09-13 19:33:46.074,1789338826.07474,91,62,987
2026-09-13 19:33:46.094,1789338826.09474,91,62,981
2026-09-13 19:33:46.101,1789338826.1015673,92,61,981
2026-09-13 19:33:46.121,1789338826.1215672,91,59,985
2026-09-13 19:33:46.141,1789338826.1415672,89,62,988
2026-09-13 19:33:46.161,1789338826.1615672,89,64,963
2026-09-13 19:33:46.181,1789338826.1815672,92,60,997
2026-09-13 19:33:46.201,1789338826.2015672,88,58,994
2026-09-13 19:33:46.221,1789338826.2215672,92,61,973
2026-09-13 19:33:46.241,1789338826.2415674,95,64,967
2026-09-13 19:33:46.261,1789338826.2615674,91,60,986
2026-09-13 19:33:46.281,1789338826.2815673,85,62,991
2026-09-13 19:33:46.301,1789338826.3015673,87,61,982
2026-09-13 19:33:46.321,1789338826.3215673,91,63,984
2026-09-13 19:33:46.341,1789338826.3415673,93,63,982
2026-09-13 19:33:46.361,1789338826.3615673,93,63,982
2026-09-13 19:33:46.381,1789338826.3815672,94,65,984
2026-09-13 19:33:46.401,1789338826.4015672,91,64,980
2026-09-13 19:33:46.421,1789338826.4215672,92,63,981
2026-09-13 19:33:46.441,1789338826.4415672,91,63,983
2026-09-13 19:33:46.461,1789338826.4615672,90,63,988
2026-09-13 19:33:46.481,1789338826.4815674,90,61,984
2026-09-13 19:33:46.501,1789338826.5015674,90,60,989
2026-09-13 19:33:46.521,1789338826.5215673,91,61,976
2026-09-13 19:33:46.541,1789338826.5415673,93,57,983
2026-09-13 19:33:46.561,1789338826.5615673,90,61,977
2026-09-13 19:33:46.581,1789338826.5815673,90,61,980
2026-09-13 19:33:46.601,1789338826.6015673,89,61,984
2026-09-13 19:33:46.621,1789338826.6215672,91,63,983
2026-09-13 19:33:46.641,1789338826.6415672,92,63,984
2026-09-13 19:33:46.661,1789338826.6615672,92,60,984
2026-09-13 19:33:46.681,1789338826.6815672,92,59,981
2026-09-13 19:33:46.701,1789338826.7015672,92,61,983
2026-09-13 19:33:46.721,1789338826.7215672,92,63,983
2026-09-13 19:33:46.741,1789338826.7415674,91,63,979
2026-09-13 19:33:46.761,1789338826.7615674,90,61,982
2026-09-13 19:33:46.781,1789338826.7815673,90,61,982
2026-09-13 19:33:46.801,1789338826.8015673,89,61,985
2026-09-13 19:33:46.809,1789338826.8090966,90,63,984
2026-09-13 19:33:46.829,1789338826.8290966,91,63,985
2026-09-13 19:33:46.849,1789338826.8490965,91,60,986
2026-09-13 19:33:46.869,1789338826.8690965,90,63,984
2026-09-13 19:33:46.889,1789338826.8890965,91,61,984
2026-09-13 19:33:46.909,1789338826.9090965,91,59,980
2026-09-13 19:33:46.929,1789338826.9290965,92,60,966
2026-09-13 19:33:46.949,1789338826.9490967,95,58,1006
2026-09-13 19:33:46.969,1789338826.9690967,87,60,994
2026-09-13 19:33:46.989,1789338826.9890966,92,60,969
2026-09-13 19:33:47.009,1789338827.0090966,95,58,969
2026-09-13 19:33:47.029,1789338827.0290966,92,56,984
2026-09-13 19:33:47.049,1789338827.0490966,89,61,988
2026-09-13 19:33:47.069,1789338827.0690966,90,61,992
2026-09-13 19:33:47.089,1789338827.0890965,90,62,988
2026-09-13 19:33:47.109,1789338827.1090965,91,62,984
2026-09-13 19:33:47.129,1789338827.1290965,93,61,986
2026-09-13 19:33:47.149,1789338827.1490965,93,60,985
2026-09-13 19:33:47.169,1789338827.1690965,94,60,982
2026-09-13 19:33:47.189,1789338827.1890967,93,59,983
2026-09-13 19:33:47.209,1789338827.2090967,96,60,986
2026-09-13 19:33:47.229,1789338827.2290967,94,62,988
2026-09-13 19:33:47.249,1789338827.2490966,93,59,989
2026-09-13 19:33:47.269,1789338827.2690966,91,60,983
2026-09-13 19:33:47.289,1789338827.2890966,94,56,977
2026-09-13 19:33:47.309,1789338827.3090966,92,54,985
2026-09-13 19:33:47.329,1789338827.3290966,91,60,976
2026-09-13 19:33:47.349,1789338827.3490965,92,60,983
2026-09-13 19:33:47.369,1789338827.3690965,91,60,986
2026-09-13 19:33:47.389,1789338827.3890965,93,59,989
2026-09-13 19:33:47.409,1789338827.4090965,94,57,988
2026-09-13 19:33:47.429,1789338827.4290965,94,58,984
2026-09-13 19:33:47.449,1789338827.4490967,94,60,983
2026-09-13 19:33:47.469,1789338827.4690967,94,62,981
2026-09-13 19:33:47.489,1789338827.4890966,94,61,985
2026-09-13 19:33:47.509,1789338827.5090966,94,59,984
2026-09-13 19:33:47.516,1789338827.516412,91,58,984
2026-09-13 19:33:47.536,1789338827.536412,92,59,980
2026-09-13 19:33:47.556,1789338827.556412,93,56,982
2026-09-13 19:33:47.576,1789338827.576412,93,58,980
2026-09-13 19:33:47.596,1789338827.596412,93,61,990
2026-09-13 19:33:47.616,1789338827.616412,92,63,987
2026-09-13 19:33:47.636,1789338827.636412,93,59,987
2026-09-13 19:33:47.656,1789338827.6564121,94,57,986
2026-09-13 19:33:47.676,1789338827.676412,95,58,981
2026-09-13 19:33:47.696,1789338827.696412,96,59,981
2026-09-13 19:33:47.716,1789338827.716412,96,61,983
2026-09-13 19:33:47.736,1789338827.736412,96,60,986
2026-09-13 19:33:47.756,1789338827.756412,95,59,984
2026-09-13 19:33:47.776,1789338827.776412,95,58,986
2026-09-13 19:33:47.796,1789338827.796412,94,63,978
2026-09-13 19:33:47.816,1789338827.816412,96,61,972
2026-09-13 19:33:47.836,1789338827.836412,98,58,1004
2026-09-13 19:33:47.856,1789338827.856412,96,60,995
2026-09-13 19:33:47.876,1789338827.876412,97,61,966
2026-09-13 19:33:47.896,1789338827.8964121,99,59,971
2026-09-13 19:33:47.916,1789338827.916412,98,61,982
2026-09-13 19:33:47.936,1789338827.936412,96,63,990
2026-09-13 19:33:47.956,1789338827.956412,94,62,993
2026-09-13 19:33:47.976,1789338827.976412,93,59,990
2026-09-13 19:33:47.996,1789338827.996412,93,60,985
2026-09-13 19:33:48.016,1789338828.016412,98,62,982
2026-09-13 19:33:48.036,1789338828.036412,100,64,982
2026-09-13 19:33:48.056,1789338828.056412,98,61,983
2026-09-13 19:33:48.076,1789338828.076412,98,59,986
2026-09-13 19:33:48.096,1789338828.096412,98,59,987
2026-09-13 19:33:48.116,1789338828.116412,97,59,991
2026-09-13 19:33:48.136,1789338828.136412,99,60,986
2026-09-13 19:33:48.156,1789338828.1564121,98,60,975
2026-09-13 19:33:48.176,1789338828.176412,101,57,978
2026-09-13 19:33:48.196,1789338828.196412,99,54,980
2026-09-13 19:33:48.216,1789338828.216412,98,58,982
2026-09-13 19:33:48.223,1789338828.223789,97,59,985
2026-09-13 19:33:48.243,1789338828.243789,96,56,989
2026-09-13 19:33:48.263,1789338828.263789,94,56,985
2026-09-13 19:33:48.283,1789338828.283789,97,59,986
2026-09-13 19:33:48.303,1789338828.303789,101,60,984
2026-09-13 19:33:48.323,1789338828.323789,102,64,981
2026-09-13 19:33:48.343,1789338828.3437889,104,63,982
2026-09-13 19:33:48.363,1789338828.363789,101,62,985
2026-09-13 19:33:48.383,1789338828.383789,98,61,983
2026-09-13 19:33:48.403,1789338828.403789,97,60,981
2026-09-13 19:33:48.423,1789338828.423789,100,61,987
2026-09-13 19:33:48.443,1789338828.443789,99,62,987
2026-09-13 19:33:48.463,1789338828.463789,99,62,985
2026-09-13 19:33:48.483,1789338828.483789,98,64,983
2026-09-13 19:33:48.503,1789338828.503789,101,64,982
2026-09-13 19:33:48.523,1789338828.523789,100,63,984
2026-09-13 19:33:48.543,1789338828.543789,100,62,990
2026-09-13 19:33:48.563,1789338828.563789,99,60,990
2026-09-13 19:33:48.583,1789338828.5837889,93,58,992
2026-09-13 19:33:48.603,1789338828.603789,94,53,986
2026-09-13 19:33:48.623,1789338828.623789,105,56,975
2026-09-13 19:33:48.643,1789338828.643789,124,59,969
2026-09-13 19:33:48.663,1789338828.663789,126,62,975
2026-09-13 19:33:48.683,1789338828.683789,118,61,979
2026-09-13 19:33:48.703,1789338828.703789,116,60,983
2026-09-13 19:33:48.723,1789338828.723789,114,58,978
2026-09-13 19:33:48.743,1789338828.743789,113,59,984
2026-09-13 19:33:48.763,1789338828.763789,113,61,986
2026-09-13 19:33:48.783,1789338828.783789,115,67,979
2026-09-13 19:33:48.803,1789338828.803789,121,65,986
2026-09-13 19:33:48.823,1789338828.823789,108,62,971
2026-09-13 19:33:48.843,1789338828.8437889,121,58,981
2026-09-13 19:33:48.863,1789338828.863789,123,57,995
2026-09-13 19:33:48.883,1789338828.883789,119,62,977
2026-09-13 19:33:48.903,1789338828.903789,129,62,967
2026-09-13 19:33:48.923,1789338828.923789,129,62,977
2026-09-13 19:33:48.931,1789338828.9311962,117,63,989
2026-09-13 19:33:48.951,1789338828.9511962,115,62,989
2026-09-13 19:33:48.971,1789338828.9711962,115,59,987
2026-09-13 19:33:48.991,1789338828.9911962,122,59,979
2026-09-13 19:33:49.011,1789338829.0111961,129,59,980
2026-09-13 19:33:49.031,1789338829.031196,133,62,980
2026-09-13 19:33:49.051,1789338829.051196,132,60,984
2026-09-13 19:33:49.071,1789338829.0711963,129,61,984
2026-09-13 19:33:49.091,1789338829.0911963,128,59,987
2026-09-13 19:33:49.111,1789338829.1111963,130,59,983
2026-09-13 19:33:49.131,1789338829.1311963,126,58,980
2026-09-13 19:33:49.151,1789338829.1511962,129,62,979
2026-09-13 19:33:49.171,1789338829.1711962,132,61,974
2026-09-13 19:33:49.191,1789338829.1911962,139,59,981
2026-09-13 19:33:49.211,1789338829.2111962,134,61,979
2026-09-13 19:33:49.231,1789338829.2311962,130,59,986
2026-09-13 19:33:49.251,1789338829.2511961,124,56,987
2026-09-13 19:33:49.271,1789338829.2711961,129,59,985
2026-09-13 19:33:49.291,1789338829.291196,143,60,979
2026-09-13 19:33:49.311,1789338829.3111963,144,61,979
2026-09-13 19:33:49.331,1789338829.3311963,146,62,980
2026-09-13 19:33:49.351,1789338829.3511963,142,60,981
2026-09-13 19:33:49.371,1789338829.3711963,144,59,982
2026-09-13 19:33:49.391,1789338829.3911963,140,59,978
2026-09-13 19:33:49.411,1789338829.4111962,144,61,979
2026-09-13 19:33:49.431,1789338829.4311962,139,62,980
2026-09-13 19:33:49.451,1789338829.4511962,142,61,980
2026-09-13 19:33:49.471,1789338829.4711962,139,60,984
2026-09-13 19:33:49.491,1789338829.4911962,140,59,982
2026-09-13 19:33:49.511,1789338829.5111961,143,60,980
2026-09-13 19:33:49.531,1789338829.531196,141,62,979
2026-09-13 19:33:49.551,1789338829.551196,142,61,978
2026-09-13 19:33:49.571,1789338829.5711963,146,61,982
2026-09-13 19:33:49.591,1789338829.5911963,145,60,981
2026-09-13 19:33:49.611,1789338829.6111963,145,59,979
2026-09-13 19:33:49.631,1789338829.6311963,143,61,979
2026-09-13 19:33:49.638,1789338829.6384814,143,59,982
2026-09-13 19:33:49.658,1789338829.6584814,136,59,984
2026-09-13 19:33:49.678,1789338829.6784813,136,60,983
2026-09-13 19:33:49.698,1789338829.6984813,140,60,979
2026-09-13 19:33:49.718,1789338829.7184813,144,61,979
2026-09-13 19:33:49.738,1789338829.7384813,139,62,980
2026-09-13 19:33:49.758,1789338829.7584813,138,61,982
2026-09-13 19:33:49.778,1789338829.7784815,139,59,981
2026-09-13 19:33:49.798,1789338829.7984815,143,62,981
2026-09-13 19:33:49.818,1789338829.8184814,141,62,984
2026-09-13 19:33:49.838,1789338829.8384814,131,62,967
2026-09-13 19:33:49.858,1789338829.8584814,144,60,979
2026-09-13 19:33:49.878,1789338829.8784814,145,59,993
2026-09-13 19:33:49.898,1789338829.8984814,130,63,976
2026-09-13 19:33:49.918,1789338829.9184813,127,62,969
2026-09-13 19:33:49.938,1789338829.9384813,130,60,977
2026-09-13 19:33:49.958,1789338829.9584813,122,61,989
2026-09-13 19:33:49.978,1789338829.9784813,123,62,989
2026-09-13 19:33:49.998,1789338829.9984813,127,59,982
2026-09-13 19:33:50.018,1789338830.0184815,126,57,987
2026-09-13 19:33:50.038,1789338830.0384815,124,62,985
2026-09-13 19:33:50.058,1789338830.0584815,124,64,982
2026-09-13 19:33:50.078,1789338830.0784814,129,63,977
2026-09-13 19:33:50.098,1789338830.0984814,128,65,975
2026-09-13 19:33:50.118,1789338830.1184814,120,62,979
2026-09-13 19:33:50.138,1789338830.1384814,111,59,987
2026-09-13 19:33:50.158,1789338830.1584814,103,58,988
2026-09-13 19:33:50.178,1789338830.1784813,102,60,976
2026-09-13 19:33:50.198,1789338830.1984813,107,57,976
2026-09-13 19:33:50.218,1789338830.2184813,109,58,989
2026-09-13 19:33:50.238,1789338830.2384813,104,64,984
2026-09-13 19:33:50.258,1789338830.2584813,105,64,985
2026-09-13 19:33:50.278,1789338830.2784815,105,60,986
2026-09-13 19:33:50.298,1789338830.2984815,105,57,981
2026-09-13 19:33:50.318,1789338830.3184814,106,58,984
2026-09-13 19:33:50.338,1789338830.3384814,108,59,989
2026-09-13 19:33:50.346,1789338830.3460717,106,57,982
2026-09-13 19:33:50.366,1789338830.3660717,103,60,977
2026-09-13 19:33:50.386,1789338830.3860717,101,58,984
2026-09-13 19:33:50.406,1789338830.4060717,100,57,984
2026-09-13 19:33:50.426,1789338830.4260716,100,60,981
2026-09-13 19:33:50.446,1789338830.4460716,102,60,982
2026-09-13 19:33:50.466,1789338830.4660716,100,60,983
2026-09-13 19:33:50.486,1789338830.4860718,98,60,983
2026-09-13 19:33:50.506,1789338830.5060718,96,60,986
2026-09-13 19:33:50.526,1789338830.5260718,97,61,982
2026-09-13 19:33:50.546,1789338830.5460718,101,63,982
2026-09-13 19:33:50.566,1789338830.5660717,101,60,982
2026-09-13 19:33:50.586,1789338830.5860717,99,61,983
2026-09-13 19:33:50.606,1789338830.6060717,99,61,980
2026-09-13 19:33:50.626,1789338830.6260717,100,61,982
2026-09-13 19:33:50.646,1789338830.6460717,98,60,985
2026-09-13 19:33:50.666,1789338830.6660717,96,56,987
2026-09-13 19:33:50.686,1789338830.6860716,96,60,984
2026-09-13 19:33:50.706,1789338830.7060716,96,60,985
2026-09-13 19:33:50.726,1789338830.7260718,94,60,989
2026-09-13 19:33:50.746,1789338830.7460718,92,61,965
2026-09-13 19:33:50.766,1789338830.7660718,101,57,987
2026-09-13 19:33:50.786,1789338830.7860718,100,57,999
2026-09-13 19:33:50.806,1789338830.8060718,95,59,978
2026-09-13 19:33:50.826,1789338830.8260717,93,56,970
2026-09-13 19:33:50.846,1789338830.8460717,93,58,988
2026-09-13 19:33:50.866,1789338830.8660717,90,61,989
2026-09-13 19:33:50.886,1789338830.8860717,93,62,987
2026-09-13 19:33:50.906,1789338830.9060717,97,61,989
2026-09-13 19:33:50.926,1789338830.9260716,97,61,982
2026-09-13 19:33:50.946,1789338830.9460716,97,60,985
2026-09-13 19:33:50.966,1789338830.9660716,96,60,985
2026-09-13 19:33:50.986,1789338830.9860718,96,61,987
2026-09-13 19:33:51.006,1789338831.0060718,94,61,985
2026-09-13 19:33:51.026,1789338831.0260718,94,60,983
2026-09-13 19:33:51.046,1789338831.0460718,94,59,985
2026-09-13 19:33:51.053,1789338831.0535092,95,58,992
2026-09-13 19:33:51.073,1789338831.0735092,94,62,977
2026-09-13 19:33:51.093,1789338831.0935092,97,57,977
2026-09-13 19:33:51.113,1789338831.1135092,94,58,979
2026-09-13 19:33:51.133,1789338831.1335092,91,61,986
2026-09-13 19:33:51.153,1789338831.1535091,90,61,986
2026-09-13 19:33:51.173,1789338831.1735091,89,60,986
2026-09-13 19:33:51.193,1789338831.1935093,91,60,985
2026-09-13 19:33:51.213,1789338831.2135093,92,60,988
2026-09-13 19:33:51.233,1789338831.2335093,92,60,982
2026-09-13 19:33:51.253,1789338831.2535093,93,60,981
2026-09-13 19:33:51.273,1789338831.2735093,93,60,984
2026-09-13 19:33:51.293,1789338831.2935092,93,62,984
2026-09-13 19:33:51.313,1789338831.3135092,92,64,983
2026-09-13 19:33:51.333,1789338831.3335092,91,63,986
2026-09-13 19:33:51.353,1789338831.3535092,90,62,986
2026-09-13 19:33:51.373,1789338831.3735092,88,61,982
2026-09-13 19:33:51.393,1789338831.3935091,89,63,983
2026-09-13 19:33:51.413,1789338831.4135091,91,65,983
2026-09-13 19:33:51.433,1789338831.4335093,91,64,985
2026-09-13 19:33:51.453,1789338831.4535093,91,61,985
2026-09-13 19:33:51.473,1789338831.4735093,89,59,983
2026-09-13 19:33:51.493,1789338831.4935093,90,62,982
2026-09-13 19:33:51.513,1789338831.5135093,90,63,989
2026-09-13 19:33:51.533,1789338831.5335093,88,63,972
2026-09-13 19:33:51.553,1789338831.5535092,90,61,982
2026-09-13 19:33:51.573,1789338831.5735092,91,55,999
2026-09-13 19:33:51.593,1789338831.5935092,89,62,977
2026-09-13 19:33:51.613,1789338831.6135092,91,61,966
2026-09-13 19:33:51.633,1789338831.6335092,89,58,982
2026-09-13 19:33:51.653,1789338831.6535091,84,66,990
2026-09-13 19:33:51.673,1789338831.6735091,86,62,990
2026-09-13 19:33:51.693,1789338831.6935093,90,60,987
2026-09-13 19:33:51.713,1789338831.7135093,90,61,985
2026-09-13 19:33:51.733,1789338831.7335093,91,63,983
2026-09-13 19:33:51.753,1789338831.7535093,91,63,985
2026-09-13 19:33:51.760,1789338831.7608557,91,64,989
2026-09-13 19:33:51.780,1789338831.7808557,89,64,986
2026-09-13 19:33:51.800,1789338831.8008556,90,64,984
2026-09-13 19:33:51.820,1789338831.8208556,89,64,985
2026-09-13 19:33:51.840,1789338831.8408556,89,61,982
2026-09-13 19:33:51.860,1789338831.8608556,88,61,989
2026-09-13 19:33:51.880,1789338831.8808556,88,64,976
2026-09-13 19:33:51.900,1789338831.9008558,89,60,976
2026-09-13 19:33:51.920,1789338831.9208558,88,61,986
2026-09-13 19:33:51.940,1789338831.9408557,85,63,984
2026-09-13 19:33:51.960,1789338831.9608557,86,61,984
2026-09-13 19:33:51.980,1789338831.9808557,87,61,988
2026-09-13 19:33:52.000,1789338832.0008557,89,61,984
2026-09-13 19:33:52.020,1789338832.0208557,88,61,983
2026-09-13 19:33:52.040,1789338832.0408556,90,61,984
2026-09-13 19:33:52.060,1789338832.0608556,90,64,983
2026-09-13 19:33:52.080,1789338832.0808556,88,61,984
2026-09-13 19:33:52.100,1789338832.1008556,86,62,983
2026-09-13 19:33:52.120,1789338832.1208556,86,64,985
2026-09-13 19:33:52.140,1789338832.1408558,87,65,983
2026-09-13 19:33:52.160,1789338832.1608558,87,62,983
2026-09-13 19:33:52.180,1789338832.1808558,87,63,985
2026-09-13 19:33:52.200,1789338832.2008557,87,62,979
2026-09-13 19:33:52.220,1789338832.2208557,87,64,983
2026-09-13 19:33:52.240,1789338832.2408557,90,64,980
2026-09-13 19:33:52.260,1789338832.2608557,88,63,984
2026-09-13 19:33:52.280,1789338832.2808557,87,64,968
2026-09-13 19:33:52.300,1789338832.3008556,90,60,993
2026-09-13 19:33:52.320,1789338832.3208556,85,58,1000
2026-09-13 19:33:52.340,1789338832.3408556,90,60,970
2026-09-13 19:33:52.360,1789338832.3608556,93,60,959
2026-09-13 19:33:52.380,1789338832.3808556,89,60,985
2026-09-13 19:33:52.400,1789338832.4008558,80,64,987
2026-09-13 19:33:52.420,1789338832.4208558,81,66,984
2026-09-13 19:33:52.440,1789338832.4408557,88,66,985
2026-09-13 19:33:52.460,1789338832.4608557,90,66,985
2026-09-13 19:33:52.468,1789338832.4684155,92,62,989
2026-09-13 19:33:52.488,1789338832.4884155,91,61,987
2026-09-13 19:33:52.508,1789338832.5084155,92,62,983
2026-09-13 19:33:52.528,1789338832.5284154,92,63,981
2026-09-13 19:33:52.548,1789338832.5484154,91,65,981
2026-09-13 19:33:52.568,1789338832.5684154,90,63,985
2026-09-13 19:33:52.588,1789338832.5884154,88,59,985
2026-09-13 19:33:52.608,1789338832.6084156,88,61,990
2026-09-13 19:33:52.628,1789338832.6284156,88,63,973
2026-09-13 19:33:52.648,1789338832.6484156,91,60,978
2026-09-13 19:33:52.668,1789338832.6684155,88,63,979
2026-09-13 19:33:52.688,1789338832.6884155,90,64,983
2026-09-13 19:33:52.708,1789338832.7084155,86,61,984
2026-09-13 19:33:52.728,1789338832.7284155,88,64,985
2026-09-13 19:33:52.748,1789338832.7484155,90,64,985
2026-09-13 19:33:52.768,1789338832.7684155,91,64,988
2026-09-13 19:33:52.788,1789338832.7884154,90,61,984
2026-09-13 19:33:52.808,1789338832.8084154,90,63,984
2026-09-13 19:33:52.828,1789338832.8284154,90,61,981
2026-09-13 19:33:52.848,1789338832.8484156,91,62,983
2026-09-13 19:33:52.868,1789338832.8684156,90,63,979
2026-09-13 19:33:52.888,1789338832.8884156,90,63,980
2026-09-13 19:33:52.908,1789338832.9084156,90,60,985
2026-09-13 19:33:52.928,1789338832.9284155,90,60,986
2026-09-13 19:33:52.948,1789338832.9484155,90,63,987
2026-09-13 19:33:52.968,1789338832.9684155,91,62,985
2026-09-13 19:33:52.988,1789338832.9884155,90,63,983
2026-09-13 19:33:53.008,1789338833.0084155,90,63,984
2026-09-13 19:33:53.028,1789338833.0284154,90,63,982
2026-09-13 19:33:53.048,1789338833.0484154,89,62,967
2026-09-13 19:33:53.068,1789338833.0684154,92,59,1008
2026-09-13 19:33:53.088,1789338833.0884154,89,60,992
2026-09-13 19:33:53.108,1789338833.1084156,92,60,959
2026-09-13 19:33:53.128,1789338833.1284156,94,57,967
2026-09-13 19:33:53.148,1789338833.1484156,91,59,987
2026-09-13 19:33:53.168,1789338833.1684155,88,65,995
2026-09-13 19:33:53.175,1789338833.1757617,88,63,992
2026-09-13 19:33:53.195,1789338833.1957617,90,64,986
2026-09-13 19:33:53.215,1789338833.2157617,92,63,981
2026-09-13 19:33:53.235,1789338833.2357616,92,62,986
2026-09-13 19:33:53.255,1789338833.2557616,92,63,984
2026-09-13 19:33:53.275,1789338833.2757616,93,63,984
2026-09-13 19:33:53.295,1789338833.2957616,93,62,981
2026-09-13 19:33:53.315,1789338833.3157618,94,64,983
2026-09-13 19:33:53.335,1789338833.3357618,93,63,986
2026-09-13 19:33:53.355,1789338833.3557618,92,60,984
2026-09-13 19:33:53.375,1789338833.3757617,91,64,983
2026-09-13 19:33:53.395,1789338833.3957617,93,59,981
2026-09-13 19:33:53.415,1789338833.4157617,92,61,984
2026-09-13 19:33:53.435,1789338833.4357617,91,63,981
2026-09-13 19:33:53.455,1789338833.4557617,92,62,984
2026-09-13 19:33:53.475,1789338833.4757617,92,60,986
2026-09-13 19:33:53.495,1789338833.4957616,92,60,988
2026-09-13 19:33:53.515,1789338833.5157616,93,59,983
2026-09-13 19:33:53.535,1789338833.5357616,95,62,982
2026-09-13 19:33:53.555,1789338833.5557618,94,63,977
2026-09-13 19:33:53.575,1789338833.5757618,93,64,979
2026-09-13 19:33:53.595,1789338833.5957618,94,61,985
2026-09-13 19:33:53.615,1789338833.6157618,92,61,986
2026-09-13 19:33:53.635,1789338833.6357617,92,64,985
2026-09-13 19:33:53.655,1789338833.6557617,92,66,984
2026-09-13 19:33:53.675,1789338833.6757617,93,63,982
2026-09-13 19:33:53.695,1789338833.6957617,93,63,985
2026-09-13 19:33:53.715,1789338833.7157617,94,62,986
2026-09-13 19:33:53.735,1789338833.7357616,93,62,989
2026-09-13 19:33:53.755,1789338833.7557616,93,61,987
2026-09-13 19:33:53.775,1789338833.7757616,94,61,987
2026-09-13 19:33:53.795,1789338833.7957616,95,63,982
2026-09-13 19:33:53.815,1789338833.8157618,97,64,979
2026-09-13 19:33:53.835,1789338833.8357618,97,61,984
2026-09-13 19:33:53.855,1789338833.8557618,95,61,981
2026-09-13 19:33:53.875,1789338833.8757617,95,62,982
2026-09-13 19:33:53.883,1789338833.8830163,92,63,983
2026-09-13 19:33:53.903,1789338833.9030163,92,62,972
2026-09-13 19:33:53.923,1789338833.9230163,98,59,1001
2026-09-13 19:33:53.943,1789338833.9430163,95,58,997
2026-09-13 19:33:53.963,1789338833.9630163,94,60,967
2026-09-13 19:33:53.983,1789338833.9830163,98,58,967
2026-09-13 19:33:54.003,1789338834.0030162,98,59,978
2026-09-13 19:33:54.023,1789338834.0230165,98,64,988
2026-09-13 19:33:54.043,1789338834.0430164,96,64,990
2026-09-13 19:33:54.063,1789338834.0630164,92,58,988
2026-09-13 19:33:54.083,1789338834.0830164,92,59,985
2026-09-13 19:33:54.103,1789338834.1030164,95,62,983
2026-09-13 19:33:54.123,1789338834.1230164,99,64,983
2026-09-13 19:33:54.143,1789338834.1430163,100,64,982
2026-09-13 19:33:54.163,1789338834.1630163,100,62,982
2026-09-13 19:33:54.183,1789338834.1830163,98,62,983
2026-09-13 19:33:54.203,1789338834.2030163,99,61,987
2026-09-13 19:33:54.223,1789338834.2230163,101,63,987
2026-09-13 19:33:54.243,1789338834.2430162,97,64,978
2026-09-13 19:33:54.263,1789338834.2630165,98,56,980
2026-09-13 19:33:54.283,1789338834.2830164,97,52,979
2026-09-13 19:33:54.303,1789338834.3030164,98,55,977
2026-09-13 19:33:54.323,1789338834.3230164,98,58,983
2026-09-13 19:33:54.343,1789338834.3430164,95,58,989
2026-09-13 19:33:54.363,1789338834.3630164,95,59,984
2026-09-13 19:33:54.383,1789338834.3830163,99,58,985
2026-09-13 19:33:54.403,1789338834.4030163,102,59,982
2026-09-13 19:33:54.423,1789338834.4230163,105,58,978
2026-09-13 19:33:54.443,1789338834.4430163,103,60,979
2026-09-13 19:33:54.463,1789338834.4630163,100,60,982
2026-09-13 19:33:54.483,1789338834.4830163,98,59,984
2026-09-13 19:33:54.503,1789338834.5030162,100,59,986
2026-09-13 19:33:54.523,1789338834.5230165,98,61,986
2026-09-13 19:33:54.543,1789338834.5430164,99,65,986
2026-09-13 19:33:54.563,1789338834.5630164,101,65,980
2026-09-13 19:33:54.583,1789338834.5830164,106,62,978
2026-09-13 19:33:54.590,1789338834.590332,109,60,978
2026-09-13 19:33:54.610,1789338834.610332,106,61,982
2026-09-13 19:33:54.630,1789338834.630332,108,61,984
2026-09-13 19:33:54.650,1789338834.650332,104,60,984
2026-09-13 19:33:54.670,1789338834.670332,104,58,984
2026-09-13 19:33:54.690,1789338834.690332,104,59,984
2026-09-13 19:33:54.710,1789338834.710332,104,54,981
2026-09-13 19:33:54.730,1789338834.7303321,105,55,982
2026-09-13 19:33:54.750,1789338834.750332,107,57,982
2026-09-13 19:33:54.770,1789338834.770332,107,59,981
2026-09-13 19:33:54.790,1789338834.790332,106,56,988
2026-09-13 19:33:54.810,1789338834.810332,105,58,986
2026-09-13 19:33:54.830,1789338834.830332,108,61,984
2026-09-13 19:33:54.850,1789338834.850332,106,60,985
2026-09-13 19:33:54.870,1789338834.870332,98,59,971
2026-09-13 19:33:54.890,1789338834.890332,112,58,979
2026-09-13 19:33:54.910,1789338834.910332,125,59,991
2026-09-13 19:33:54.930,1789338834.930332,123,64,975
2026-09-13 19:33:54.950,1789338834.950332,121,65,968
2026-09-13 19:33:54.970,1789338834.9703321,112,62,977
2026-09-13 19:33:54.990,1789338834.9903321,106,62,990
2026-09-13 19:33:55.010,1789338835.010332,104,61,991
2026-09-13 19:33:55.030,1789338835.030332,102,60,988
2026-09-13 19:33:55.050,1789338835.050332,110,61,980
2026-09-13 19:33:55.070,1789338835.070332,121,61,976
2026-09-13 19:33:55.090,1789338835.090332,127,60,980
2026-09-13 19:33:55.110,1789338835.110332,125,59,984
2026-09-13 19:33:55.130,1789338835.130332,126,58,982
2026-09-13 19:33:55.150,1789338835.150332,128,57,984
2026-09-13 19:33:55.170,1789338835.170332,126,59,986
2026-09-13 19:33:55.190,1789338835.190332,117,58,981
2026-09-13 19:33:55.210,1789338835.210332,119,62,979
2026-09-13 19:33:55.230,1789338835.2303321,125,57,977
2026-09-13 19:33:55.250,1789338835.250332,128,58,982
2026-09-13 19:33:55.270,1789338835.270332,116,60,979
2026-09-13 19:33:55.290,1789338835.290332,117,60,985
2026-09-13 19:33:55.297,1789338835.2978919,111,59,989
2026-09-13 19:33:55.317,1789338835.3178918,116,59,985
2026-09-13 19:33:55.337,1789338835.3378918,126,58,983
2026-09-13 19:33:55.357,1789338835.3578918,133,61,978
2026-09-13 19:33:55.377,1789338835.3778918,134,61,979
2026-09-13 19:33:55.397,1789338835.3978918,129,61,982
2026-09-13 19:33:55.417,1789338835.4178917,127,60,981
2026-09-13 19:33:55.437,1789338835.437892,124,61,983
2026-09-13 19:33:55.457,1789338835.457892,121,61,981
2026-09-13 19:33:55.477,1789338835.477892,122,62,983
2026-09-13 19:33:55.497,1789338835.497892,125,62,983
2026-09-13 19:33:55.517,1789338835.517892,126,61,982
2026-09-13 19:33:55.537,1789338835.5378919,128,59,982
2026-09-13 19:33:55.557,1789338835.5578918,126,60,982
2026-09-13 19:33:55.577,1789338835.5778918,121,60,985
2026-09-13 19:33:55.597,1789338835.5978918,124,62,981
2026-09-13 19:33:55.617,1789338835.6178918,126,61,980
2026-09-13 19:33:55.637,1789338835.6378918,126,60,980
2026-09-13 19:33:55.657,1789338835.6578918,126,60,981
2026-09-13 19:33:55.677,1789338835.677892,128,59,980
2026-09-13 19:33:55.697,1789338835.697892,125,59,979
2026-09-13 19:33:55.717,1789338835.717892,123,60,984
2026-09-13 19:33:55.737,1789338835.737892,124,59,979
2026-09-13 19:33:55.757,1789338835.757892,123,61,981
2026-09-13 19:33:55.777,1789338835.7778919,126,62,978
2026-09-13 19:33:55.797,1789338835.7978919,124,60,982
2026-09-13 19:33:55.817,1789338835.8178918,123,62,982
2026-09-13 19:33:55.837,1789338835.8378918,123,61,983
2026-09-13 19:33:55.857,1789338835.8578918,122,60,984
2026-09-13 19:33:55.877,1789338835.8778918,117,63,966
2026-09-13 19:33:55.897,1789338835.8978918,134,59,982
2026-09-13 19:33:55.917,1789338835.9178917,132,59,994
2026-09-13 19:33:55.937,1789338835.937892,127,62,968
2026-09-13 19:33:55.957,1789338835.957892,135,61,970
2026-09-13 19:33:55.977,1789338835.977892,123,61,983
2026-09-13 19:33:55.997,1789338835.997892,110,60,988
2026-09-13 19:33:56.005,1789338836.005177,109,57,987
2026-09-13 19:33:56.025,1789338836.025177,116,57,982
2026-09-13 19:33:56.045,1789338836.045177,122,61,977
2026-09-13 19:33:56.065,1789338836.065177,126,65,972
2026-09-13 19:33:56.085,1789338836.085177,137,67,976
2026-09-13 19:33:56.105,1789338836.105177,138,68,986
2026-09-13 19:33:56.125,1789338836.125177,134,67,990
2026-09-13 19:33:56.145,1789338836.1451771,125,65,987
2026-09-13 19:33:56.165,1789338836.165177,115,62,991
2026-09-13 19:33:56.185,1789338836.185177,108,63,991
2026-09-13 19:33:56.205,1789338836.205177,110,62,979
2026-09-13 19:33:56.225,1789338836.225177,117,59,981
2026-09-13 19:33:56.245,1789338836.245177,113,60,978
2026-09-13 19:33:56.265,1789338836.265177,112,59,974
2026-09-13 19:33:56.285,1789338836.285177,120,63,974
2026-09-13 19:33:56.305,1789338836.305177,118,62,984
2026-09-13 19:33:56.325,1789338836.325177,107,59,988
2026-09-13 19:33:56.345,1789338836.345177,104,58,988
2026-09-13 19:33:56.365,1789338836.365177,106,61,990
2026-09-13 19:33:56.385,1789338836.3851771,104,62,985
2026-09-13 19:33:56.405,1789338836.405177,105,61,979
2026-09-13 19:33:56.425,1789338836.425177,104,60,972
2026-09-13 19:33:56.445,1789338836.445177,104,62,981
2026-09-13 19:33:56.465,1789338836.465177,103,61,984
2026-09-13 19:33:56.485,1789338836.485177,98,59,984
2026-09-13 19:33:56.505,1789338836.505177,98,59,987
2026-09-13 19:33:56.525,1789338836.525177,97,60,986
2026-09-13 19:33:56.545,1789338836.545177,97,61,984
2026-09-13 19:33:56.565,1789338836.565177,99,62,984
2026-09-13 19:33:56.585,1789338836.585177,98,62,984
2026-09-13 19:33:56.605,1789338836.605177,97,62,984
2026-09-13 19:33:56.625,1789338836.625177,94,59,984
2026-09-13 19:33:56.645,1789338836.6451771,96,62,982
2026-09-13 19:33:56.665,1789338836.665177,97,62,985
2026-09-13 19:33:56.685,1789338836.685177,96,63,984
2026-09-13 19:33:56.705,1789338836.705177,94,61,981
2026-09-13 19:33:56.712,1789338836.7124622,95,57,979
2026-09-13 19:33:56.732,1789338836.7324622,95,59,987
2026-09-13 19:33:56.752,1789338836.7524621,94,60,986
2026-09-13 19:33:56.772,1789338836.7724621,95,62,984
2026-09-13 19:33:56.792,1789338836.792462,93,62,990
2026-09-13 19:33:56.812,1789338836.812462,90,62,966
2026-09-13 19:33:56.832,1789338836.832462,99,57,987
2026-09-13 19:33:56.852,1789338836.8524623,101,61,1000
2026-09-13 19:33:56.872,1789338836.8724623,94,62,977
2026-09-13 19:33:56.892,1789338836.8924623,92,60,970
2026-09-13 19:33:56.912,1789338836.9124622,89,56,987
2026-09-13 19:33:56.932,1789338836.9324622,87,61,991
2026-09-13 19:33:56.952,1789338836.9524622,91,61,989
2026-09-13 19:33:56.972,1789338836.9724622,94,62,988
2026-09-13 19:33:56.992,1789338836.9924622,95,61,985
2026-09-13 19:33:57.012,1789338837.0124621,94,60,986
2026-09-13 19:33:57.032,1789338837.0324621,96,58,986
2026-09-13 19:33:57.052,1789338837.052462,94,58,986
2026-09-13 19:33:57.072,1789338837.072462,94,60,985
2026-09-13 19:33:57.092,1789338837.0924623,93,59,981
2026-09-13 19:33:57.112,1789338837.1124623,91,57,986
2026-09-13 19:33:57.132,1789338837.1324623,92,58,990
2026-09-13 19:33:57.152,1789338837.1524622,90,60,979
2026-09-13 19:33:57.172,1789338837.1724622,93,56,980
2026-09-13 19:33:57.192,1789338837.1924622,91,56,980
2026-09-13 19:33:57.212,1789338837.2124622,90,59,982
2026-09-13 19:33:57.232,1789338837.2324622,91,58,985
2026-09-13 19:33:57.252,1789338837.2524621,91,60,986
2026-09-13 19:33:57.272,1789338837.2724621,92,61,983
2026-09-13 19:33:57.292,1789338837.292462,93,59,983
2026-09-13 19:33:57.312,1789338837.312462,92,60,984
2026-09-13 19:33:57.332,1789338837.332462,91,61,984
2026-09-13 19:33:57.352,1789338837.3524623,92,60,984
2026-09-13 19:33:57.372,1789338837.3724623,91,60,981
2026-09-13 19:33:57.392,1789338837.3924623,91,63,983
2026-09-13 19:33:57.412,1789338837.4124622,91,62,983
2026-09-13 19:33:57.419,1789338837.419961,90,61,981
2026-09-13 19:33:57.439,1789338837.439961,91,60,985
2026-09-13 19:33:57.459,1789338837.459961,89,59,984
2026-09-13 19:33:57.479,1789338837.479961,90,58,988
2026-09-13 19:33:57.499,1789338837.499961,91,58,985
2026-09-13 19:33:57.519,1789338837.5199609,92,61,979
2026-09-13 19:33:57.539,1789338837.5399609,92,62,980
2026-09-13 19:33:57.559,1789338837.559961,91,60,984
2026-09-13 19:33:57.579,1789338837.579961,89,60,983
2026-09-13 19:33:57.599,1789338837.599961,90,58,984
2026-09-13 19:33:57.619,1789338837.619961,89,62,987
2026-09-13 19:33:57.639,1789338837.639961,87,65,963
2026-09-13 19:33:57.659,1789338837.659961,96,60,990
2026-09-13 19:33:57.679,1789338837.679961,93,57,997
2026-09-13 19:33:57.699,1789338837.699961,89,59,977
2026-09-13 19:33:57.719,1789338837.719961,90,57,970
2026-09-13 19:33:57.739,1789338837.739961,89,58,992
2026-09-13 19:33:57.759,1789338837.759961,86,65,989
2026-09-13 19:33:57.779,1789338837.7799609,88,62,988
2026-09-13 19:33:57.799,1789338837.799961,90,61,984
2026-09-13 19:33:57.819,1789338837.819961,91,61,984
2026-09-13 19:33:57.839,1789338837.839961,92,59,986
2026-09-13 19:33:57.859,1789338837.859961,91,60,987
2026-09-13 19:33:57.879,1789338837.879961,91,64,986
2026-09-13 19:33:57.899,1789338837.899961,91,64,985
2026-09-13 19:33:57.919,1789338837.919961,91,60,981
2026-09-13 19:33:57.939,1789338837.939961,91,59,984
2026-09-13 19:33:57.959,1789338837.959961,90,61,986
2026-09-13 19:33:57.979,1789338837.979961,90,62,990
2026-09-13 19:33:57.999,1789338837.999961,90,61,973
2026-09-13 19:33:58.019,1789338838.0199609,90,57,979
2026-09-13 19:33:58.039,1789338838.0399609,88,63,985
2026-09-13 19:33:58.059,1789338838.059961,88,64,985
2026-09-13 19:33:58.079,1789338838.079961,89,60,985
2026-09-13 19:33:58.099,1789338838.099961,89,58,986
2026-09-13 19:33:58.119,1789338838.119961,90,60,987
2026-09-13 19:33:58.127,1789338838.1272767,90,62,988
2026-09-13 19:33:58.147,1789338838.1472766,90,62,986
2026-09-13 19:33:58.167,1789338838.1672766,90,61,983
2026-09-13 19:33:58.187,1789338838.1872766,89,60,982
2026-09-13 19:33:58.207,1789338838.2072766,88,61,982
2026-09-13 19:33:58.227,1789338838.2272766,89,61,981
2026-09-13 19:33:58.247,1789338838.2472765,89,63,983
2026-09-13 19:33:58.267,1789338838.2672768,87,63,987
2026-09-13 19:33:58.287,1789338838.2872767,88,62,987
2026-09-13 19:33:58.307,1789338838.3072767,88,60,985
2026-09-13 19:33:58.327,1789338838.3272767,89,63,985
2026-09-13 19:33:58.347,1789338838.3472767,89,63,980
2026-09-13 19:33:58.367,1789338838.3672767,89,62,984
2026-09-13 19:33:58.387,1789338838.3872766,88,61,987
2026-09-13 19:33:58.407,1789338838.4072766,86,61,985
2026-09-13 19:33:58.427,1789338838.4272766,87,64,956
2026-09-13 19:33:58.447,1789338838.4472766,93,58,1002
2026-09-13 19:33:58.467,1789338838.4672766,87,61,992
2026-09-13 19:33:58.487,1789338838.4872766,90,60,968
2026-09-13 19:33:58.507,1789338838.5072768,92,58,973
2026-09-13 19:33:58.527,1789338838.5272768,88,61,992
2026-09-13 19:33:58.547,1789338838.5472767,84,66,985
2026-09-13 19:33:58.567,1789338838.5672767,87,62,981
2026-09-13 19:33:58.587,1789338838.5872767,89,62,978
2026-09-13 19:33:58.607,1789338838.6072767,91,62,983
2026-09-13 19:33:58.627,1789338838.6272767,93,63,987
2026-09-13 19:33:58.647,1789338838.6472766,92,64,989
2026-09-13 19:33:58.667,1789338838.6672766,92,64,986
2026-09-13 19:33:58.687,1789338838.6872766,91,61,981
2026-09-13 19:33:58.707,1789338838.7072766,92,61,979
2026-09-13 19:33:58.727,1789338838.7272766,91,61,980
2026-09-13 19:33:58.747,1789338838.7472765,89,60,983
2026-09-13 19:33:58.767,1789338838.7672768,87,62,992
2026-09-13 19:33:58.787,1789338838.7872767,88,61,970
2026-09-13 19:33:58.807,1789338838.8072767,90,54,980
2026-09-13 19:33:58.827,1789338838.8272767,89,61,981
2026-09-13 19:33:58.834,1789338838.8343482,90,63,984
2026-09-13 19:33:58.854,1789338838.8543482,90,62,986
2026-09-13 19:33:58.874,1789338838.8743482,90,62,988
2026-09-13 19:33:58.894,1789338838.8943481,90,61,984
2026-09-13 19:33:58.914,1789338838.9143481,91,60,988
2026-09-13 19:33:58.934,1789338838.934348,91,58,982
2026-09-13 19:33:58.954,1789338838.954348,91,62,978
2026-09-13 19:33:58.974,1789338838.9743483,91,63,981
2026-09-13 19:33:58.994,1789338838.9943483,90,60,981
2026-09-13 19:33:59.014,1789338839.0143483,89,62,985
2026-09-13 19:33:59.034,1789338839.0343482,90,60,987
2026-09-13 19:33:59.054,1789338839.0543482,90,60,986
2026-09-13 19:33:59.074,1789338839.0743482,90,59,985
2026-09-13 19:33:59.094,1789338839.0943482,90,61,983
2026-09-13 19:33:59.114,1789338839.1143482,91,61,981
2026-09-13 19:33:59.134,1789338839.1343482,92,60,982
2026-09-13 19:33:59.154,1789338839.1543481,91,59,984
2026-09-13 19:33:59.174,1789338839.174348,90,61,984
2026-09-13 19:33:59.194,1789338839.194348,89,61,985
2026-09-13 19:33:59.214,1789338839.2143483,89,59,987
2026-09-13 19:33:59.234,1789338839.2343483,90,61,968
2026-09-13 19:33:59.254,1789338839.2543483,93,58,1008
2026-09-13 19:33:59.274,1789338839.2743483,87,58,994
2026-09-13 19:33:59.294,1789338839.2943482,89,58,966
2026-09-13 19:33:59.314,1789338839.3143482,93,56,967
2026-09-13 19:33:59.334,1789338839.3343482,91,59,985
2026-09-13 19:33:59.354,1789338839.3543482,89,64,990
2026-09-13 19:33:59.374,1789338839.3743482,89,61,989
2026-09-13 19:33:59.394,1789338839.3943481,88,62,986
2026-09-13 19:33:59.414,1789338839.4143481,90,60,983
2026-09-13 19:33:59.434,1789338839.434348,91,57,985
2026-09-13 19:33:59.454,1789338839.454348,92,59,980
2026-09-13 19:33:59.474,1789338839.4743483,91,62,982
2026-09-13 19:33:59.494,1789338839.4943483,92,61,984
2026-09-13 19:33:59.514,1789338839.5143483,90,58,986
2026-09-13 19:33:59.534,1789338839.5343482,89,60,985
2026-09-13 19:33:59.541,1789338839.5412061,89,59,986
2026-09-13 19:33:59.561,1789338839.561206,89,63,984
2026-09-13 19:33:59.581,1789338839.581206,90,57,977
2026-09-13 19:33:59.601,1789338839.601206,92,56,984
2026-09-13 19:33:59.621,1789338839.621206,90,58,977
2026-09-13 19:33:59.641,1789338839.641206,90,60,981
2026-09-13 19:33:59.661,1789338839.661206,91,60,989
2026-09-13 19:33:59.681,1789338839.6812062,91,60,988
2026-09-13 19:33:59.701,1789338839.7012062,92,61,983
2026-09-13 19:33:59.721,1789338839.7212062,93,61,980
2026-09-13 19:33:59.741,1789338839.7412062,92,62,976
2026-09-13 19:33:59.761,1789338839.7612062,91,60,976
2026-09-13 19:33:59.781,1789338839.7812061,91,60,984
2026-09-13 19:33:59.801,1789338839.801206,90,59,990
2026-09-13 19:33:59.821,1789338839.821206,89,60,989
2026-09-13 19:33:59.841,1789338839.841206,89,60,986
2026-09-13 19:33:59.861,1789338839.861206,91,59,984
2026-09-13 19:33:59.881,1789338839.881206,91,61,984
2026-09-13 19:33:59.901,1789338839.901206,92,58,982
2026-09-13 19:33:59.921,1789338839.9212062,92,58,981
2026-09-13 19:33:59.941,1789338839.9412062,94,58,984
2026-09-13 19:33:59.961,1789338839.9612062,94,58,986
2026-09-13 19:33:59.981,1789338839.9812062,93,59,984
2026-09-13 19:34:00.001,1789338840.0012062,92,59,983
2026-09-13 19:34:00.021,1789338840.0212061,94,59,984
2026-09-13 19:34:00.041,1789338840.0412061,94,62,982
2026-09-13 19:34:00.061,1789338840.061206,93,62,981
2026-09-13 19:34:00.081,1789338840.081206,93,62,980
2026-09-13 19:34:00.101,1789338840.101206,96,63,982
2026-09-13 19:34:00.121,1789338840.121206,95,61,986
2026-09-13 19:34:00.141,1789338840.141206,94,62,984
2026-09-13 19:34:00.161,1789338840.161206,94,62,981
2026-09-13 19:34:00.181,1789338840.1812062,94,62,987
2026-09-13 19:34:00.201,1789338840.2012062,92,62,966
2026-09-13 19:34:00.221,1789338840.2212062,100,59,994
2026-09-13 19:34:00.241,1789338840.2412062,98,58,998
2026-09-13 19:34:00.248,1789338840.2485828,98,62,967
2026-09-13 19:34:00.268,1789338840.2685828,104,58,967
2026-09-13 19:34:00.288,1789338840.2885828,101,60,979
2026-09-13 19:34:00.308,1789338840.3085828,98,66,991
2026-09-13 19:34:00.328,1789338840.3285828,92,63,996
2026-09-13 19:34:00.348,1789338840.3485827,91,60,990
2026-09-13 19:34:00.368,1789338840.3685827,96,61,982
2026-09-13 19:34:00.388,1789338840.388583,103,64,976
2026-09-13 19:34:00.408,1789338840.408583,103,67,973
2026-09-13 19:34:00.428,1789338840.428583,108,65,978
2026-09-13 19:34:00.448,1789338840.448583,107,65,983
2026-09-13 19:34:00.468,1789338840.4685829,105,65,990
2026-09-13 19:34:00.488,1789338840.4885828,98,62,990
2026-09-13 19:34:00.508,1789338840.5085828,96,58,986
2026-09-13 19:34:00.528,1789338840.5285828,96,65,977
2026-09-13 19:34:00.548,1789338840.5485828,101,61,970
2026-09-13 19:34:00.568,1789338840.5685828,102,58,979
2026-09-13 19:34:00.588,1789338840.5885828,98,64,975
2026-09-13 19:34:00.608,1789338840.6085827,100,64,983
2026-09-13 19:34:00.628,1789338840.628583,100,62,986
2026-09-13 19:34:00.648,1789338840.648583,102,60,985
2026-09-13 19:34:00.668,1789338840.668583,104,60,982
2026-09-13 19:34:00.688,1789338840.688583,106,62,980
2026-09-13 19:34:00.708,1789338840.7085829,108,66,978
2026-09-13 19:34:00.728,1789338840.7285829,106,65,978
2026-09-13 19:34:00.748,1789338840.7485828,108,65,981
2026-09-13 19:34:00.768,1789338840.7685828,104,65,982
2026-09-13 19:34:00.788,1789338840.7885828,105,65,981
2026-09-13 19:34:00.808,1789338840.8085828,105,63,982
2026-09-13 19:34:00.828,1789338840.8285828,106,62,985
2026-09-13 19:34:00.848,1789338840.8485827,106,62,981
2026-09-13 19:34:00.868,1789338840.8685827,105,66,981
2026-09-13 19:34:00.888,1789338840.888583,108,65,985
2026-09-13 19:34:00.908,1789338840.908583,109,64,984
2026-09-13 19:34:00.928,1789338840.928583,110,65,980
2026-09-13 19:34:00.948,1789338840.948583,110,63,982
2026-09-13 19:34:00.956,1789338840.9562342,110,63,982
2026-09-13 19:34:00.976,1789338840.9762342,109,63,985
2026-09-13 19:34:00.996,1789338840.9962342,109,65,981
2026-09-13 19:34:01.016,1789338841.0162342,110,64,984
2026-09-13 19:34:01.036,1789338841.0362341,107,65,983
2026-09-13 19:34:01.056,1789338841.0562341,106,63,986
2026-09-13 19:34:01.076,1789338841.076234,109,64,982
2026-09-13 19:34:01.096,1789338841.0962343,110,64,980
2026-09-13 19:34:01.116,1789338841.1162343,113,64,983
2026-09-13 19:34:01.136,1789338841.1362343,111,64,982
2026-09-13 19:34:01.156,1789338841.1562343,110,65,983
2026-09-13 19:34:01.176,1789338841.1762342,113,66,978
2026-09-13 19:34:01.196,1789338841.1962342,112,64,984
2026-09-13 19:34:01.216,1789338841.2162342,106,66,969
2026-09-13 19:34:01.236,1789338841.2362342,119,65,984
2026-09-13 19:34:01.256,1789338841.2562342,118,61,997
2026-09-13 19:34:01.276,1789338841.2762341,113,65,973
2026-09-13 19:34:01.296,1789338841.2962341,116,64,970
2026-09-13 19:34:01.316,1789338841.316234,110,62,983
2026-09-13 19:34:01.336,1789338841.3362343,102,64,990
2026-09-13 19:34:01.356,1789338841.3562343,101,62,987
2026-09-13 19:34:01.376,1789338841.3762343,104,63,984
2026-09-13 19:34:01.396,1789338841.3962343,112,64,981
2026-09-13 19:34:01.416,1789338841.4162343,118,66,978
2026-09-13 19:34:01.436,1789338841.4362342,119,66,981
2026-09-13 19:34:01.456,1789338841.4562342,116,64,984
2026-09-13 19:34:01.476,1789338841.4762342,111,63,984
2026-09-13 19:34:01.496,1789338841.4962342,113,65,981
2026-09-13 19:34:01.516,1789338841.5162342,114,64,985
2026-09-13 19:34:01.536,1789338841.5362341,111,62,982
2026-09-13 19:34:01.556,1789338841.5562341,108,66,979
2026-09-13 19:34:01.576,1789338841.576234,109,62,977
2026-09-13 19:34:01.596,1789338841.5962343,111,62,983
2026-09-13 19:34:01.616,1789338841.6162343,104,63,980
2026-09-13 19:34:01.636,1789338841.6362343,104,63,985
2026-09-13 19:34:01.656,1789338841.6562343,105,62,986
2026-09-13 19:34:01.663,1789338841.6637638,109,61,987
2026-09-13 19:34:01.683,1789338841.6837637,112,65,985
2026-09-13 19:34:01.703,1789338841.7037637,114,63,980
2026-09-13 19:34:01.723,1789338841.7237637,114,63,980
2026-09-13 19:34:01.743,1789338841.7437637,110,64,980
2026-09-13 19:34:01.763,1789338841.7637637,108,62,984
2026-09-13 19:34:01.783,1789338841.7837636,104,62,983
2026-09-13 19:34:01.803,1789338841.8037639,105,63,981
2026-09-13 19:34:01.823,1789338841.8237638,107,66,979
2026-09-13 19:34:01.843,1789338841.8437638,108,66,980
2026-09-13 19:34:01.863,1789338841.8637638,106,64,982
2026-09-13 19:34:01.883,1789338841.8837638,106,64,982
2026-09-13 19:34:01.903,1789338841.9037638,108,65,982
2026-09-13 19:34:01.923,1789338841.9237638,110,67,980
2026-09-13 19:34:01.943,1789338841.9437637,113,66,982
2026-09-13 19:34:01.963,1789338841.9637637,111,65,983
2026-09-13 19:34:01.983,1789338841.9837637,110,64,982
2026-09-13 19:34:02.003,1789338842.0037637,107,63,983
2026-09-13 19:34:02.023,1789338842.0237637,104,61,986
2026-09-13 19:34:02.043,1789338842.0437639,105,63,985
2026-09-13 19:34:02.063,1789338842.0637639,105,63,983
2026-09-13 19:34:02.083,1789338842.0837638,107,62,982
2026-09-13 19:34:02.103,1789338842.1037638,107,61,980
2026-09-13 19:34:02.123,1789338842.1237638,105,61,981
2026-09-13 19:34:02.143,1789338842.1437638,108,61,979
2026-09-13 19:34:02.163,1789338842.1637638,108,58,974
2026-09-13 19:34:02.183,1789338842.1837637,108,61,979
2026-09-13 19:34:02.203,1789338842.2037637,107,63,990
2026-09-13 19:34:02.223,1789338842.2237637,98,66,971
2026-09-13 19:34:02.243,1789338842.2437637,106,65,975
2026-09-13 19:34:02.263,1789338842.2637637,115,64,1000
2026-09-13 19:34:02.283,1789338842.2837636,105,64,975
2026-09-13 19:34:02.303,1789338842.3037639,102,63,968
2026-09-13 19:34:02.323,1789338842.3237638,97,60,985
2026-09-13 19:34:02.343,1789338842.3437638,92,63,995
2026-09-13 19:34:02.363,1789338842.3637638,98,68,991
2026-09-13 19:34:02.371,1789338842.3712013,105,65,989
2026-09-13 19:34:02.391,1789338842.3912013,107,64,987
2026-09-13 19:34:02.411,1789338842.4112012,108,63,984
2026-09-13 19:34:02.431,1789338842.4312012,111,61,982
2026-09-13 19:34:02.451,1789338842.4512012,109,60,985
2026-09-13 19:34:02.471,1789338842.4712012,106,62,984
2026-09-13 19:34:02.491,1789338842.4912012,102,61,982
2026-09-13 19:34:02.511,1789338842.5112014,101,58,984
2026-09-13 19:34:02.531,1789338842.5312014,100,59,984
2026-09-13 19:34:02.551,1789338842.5512013,98,62,983
2026-09-13 19:34:02.571,1789338842.5712013,98,59,973
2026-09-13 19:34:02.591,1789338842.5912013,98,55,981
2026-09-13 19:34:02.611,1789338842.6112013,98,59,987
2026-09-13 19:34:02.631,1789338842.6312013,96,58,981
2026-09-13 19:34:02.651,1789338842.6512012,99,59,983
2026-09-13 19:34:02.671,1789338842.6712012,100,59,987
2026-09-13 19:34:02.691,1789338842.6912012,101,59,983
2026-09-13 19:34:02.711,1789338842.7112012,100,59,985
2026-09-13 19:34:02.731,1789338842.7312012,98,61,985
2026-09-13 19:34:02.751,1789338842.7512014,101,65,981
2026-09-13 19:34:02.771,1789338842.7712014,100,64,979
2026-09-13 19:34:02.791,1789338842.7912014,97,62,982
2026-09-13 19:34:02.811,1789338842.8112013,95,59,982
2026-09-13 19:34:02.831,1789338842.8312013,95,59,983
2026-09-13 19:34:02.851,1789338842.8512013,95,61,984
2026-09-13 19:34:02.871,1789338842.8712013,97,59,984
2026-09-13 19:34:02.891,1789338842.8912013,98,61,982
2026-09-13 19:34:02.911,1789338842.9112012,99,62,981
2026-09-13 19:34:02.931,1789338842.9312012,97,61,981
2026-09-13 19:34:02.951,1789338842.9512012,98,61,984
2026-09-13 19:34:02.971,1789338842.9712012,97,58,981
2026-09-13 19:34:02.991,1789338842.9912012,99,58,980
2026-09-13 19:34:03.011,1789338843.0112014,97,59,984
2026-09-13 19:34:03.031,1789338843.0312014,95,61,981
2026-09-13 19:34:03.051,1789338843.0512013,95,64,981
2026-09-13 19:34:03.071,1789338843.0712013,96,62,994
2026-09-13 19:34:03.078,1789338843.0780287,91,62,976
2026-09-13 19:34:03.098,1789338843.0980287,96,60,973
2026-09-13 19:34:03.118,1789338843.1180286,106,59,1002
2026-09-13 19:34:03.138,1789338843.1380286,97,63,983
2026-09-13 19:34:03.158,1789338843.1580286,96,63,963
2026-09-13 19:34:03.178,1789338843.1780286,94,58,980
2026-09-13 19:34:03.198,1789338843.1980286,91,62,990
2026-09-13 19:34:03.218,1789338843.2180288,93,64,983
2026-09-13 19:34:03.238,1789338843.2380288,98,65,983
2026-09-13 19:34:03.258,1789338843.2580287,98,65,981
2026-09-13 19:34:03.278,1789338843.2780287,97,63,982
2026-09-13 19:34:03.298,1789338843.2980287,98,62,983
2026-09-13 19:34:03.318,1789338843.3180287,97,63,987
2026-09-13 19:34:03.338,1789338843.3380287,95,63,983
2026-09-13 19:34:03.358,1789338843.3580287,95,63,986
2026-09-13 19:34:03.378,1789338843.3780286,94,62,985
2026-09-13 19:34:03.398,1789338843.3980286,94,61,986
2026-09-13 19:34:03.418,1789338843.4180286,94,59,991
2026-09-13 19:34:03.438,1789338843.4380286,94,61,972
2026-09-13 19:34:03.458,1789338843.4580288,97,59,975
2026-09-13 19:34:03.478,1789338843.4780288,94,61,980
2026-09-13 19:34:03.498,1789338843.4980288,92,60,983
2026-09-13 19:34:03.518,1789338843.5180287,92,60,985
2026-09-13 19:34:03.538,1789338843.5380287,93,60,984
2026-09-13 19:34:03.558,1789338843.5580287,94,62,986
2026-09-13 19:34:03.578,1789338843.5780287,93,61,984
2026-09-13 19:34:03.598,1789338843.5980287,92,61,984
2026-09-13 19:34:03.618,1789338843.6180286,93,64,979
2026-09-13 19:34:03.638,1789338843.6380286,93,62,985
2026-09-13 19:34:03.658,1789338843.6580286,91,63,983
2026-09-13 19:34:03.678,1789338843.6780286,91,62,983
2026-09-13 19:34:03.698,1789338843.6980286,89,59,982
2026-09-13 19:34:03.718,1789338843.7180288,90,61,983
2026-09-13 19:34:03.738,1789338843.7380288,89,59,984
2026-09-13 19:34:03.758,1789338843.7580287,91,59,981
2026-09-13 19:34:03.778,1789338843.7780287,91,60,982
2026-09-13 19:34:03.785,1789338843.7851918,89,59,987
2026-09-13 19:34:03.805,1789338843.8051918,90,60,979
2026-09-13 19:34:03.825,1789338843.8251917,90,63,980
2026-09-13 19:34:03.845,1789338843.8451917,89,61,986
2026-09-13 19:34:03.865,1789338843.8651917,87,62,973
2026-09-13 19:34:03.885,1789338843.8851917,90,61,975
2026-09-13 19:34:03.905,1789338843.9051917,92,56,1008
2026-09-13 19:34:03.925,1789338843.9251919,90,62,984
2026-09-13 19:34:03.945,1789338843.9451919,92,63,960
2026-09-13 19:34:03.965,1789338843.9651918,90,59,984
2026-09-13 19:34:03.985,1789338843.9851918,84,61,986
2026-09-13 19:34:04.005,1789338844.0051918,85,63,985
2026-09-13 19:34:04.025,1789338844.0251918,86,63,984
2026-09-13 19:34:04.045,1789338844.0451918,89,66,982
2026-09-13 19:34:04.065,1789338844.0651917,90,62,988
2026-09-13 19:34:04.085,1789338844.0851917,90,61,989
2026-09-13 19:34:04.105,1789338844.1051917,91,62,985
2026-09-13 19:34:04.125,1789338844.1251917,90,63,985
2026-09-13 19:34:04.145,1789338844.1451917,90,62,985
2026-09-13 19:34:04.165,1789338844.165192,89,61,983
2026-09-13 19:34:04.185,1789338844.1851919,89,62,979
2026-09-13 19:34:04.205,1789338844.2051919,87,61,985
2026-09-13 19:34:04.225,1789338844.2251918,88,60,983
2026-09-13 19:34:04.245,1789338844.2451918,90,59,978
2026-09-13 19:34:04.265,1789338844.2651918,90,58,989
2026-09-13 19:34:04.285,1789338844.2851918,87,64,978
2026-09-13 19:34:04.305,1789338844.3051918,88,59,984
2026-09-13 19:34:04.325,1789338844.3251917,90,60,993
2026-09-13 19:34:04.345,1789338844.3451917,91,60,989
2026-09-13 19:34:04.365,1789338844.3651917,91,60,983
2026-09-13 19:34:04.385,1789338844.3851917,91,60,982
2026-09-13 19:34:04.405,1789338844.4051917,90,61,986
2026-09-13 19:34:04.425,1789338844.4251919,90,61,986
2026-09-13 19:34:04.445,1789338844.4451919,88,60,981
2026-09-13 19:34:04.465,1789338844.4651918,89,62,976
2026-09-13 19:34:04.485,1789338844.4851918,88,62,980
2026-09-13 19:34:04.492,1789338844.4925077,90,62,986
2026-09-13 19:34:04.512,1789338844.5125077,89,62,985
2026-09-13 19:34:04.532,1789338844.5325077,90,62,984
2026-09-13 19:34:04.552,1789338844.5525076,90,61,988
2026-09-13 19:34:04.572,1789338844.5725076,90,59,987
2026-09-13 19:34:04.592,1789338844.5925076,91,61,981
2026-09-13 19:34:04.612,1789338844.6125076,91,60,981
2026-09-13 19:34:04.632,1789338844.6325078,90,62,961
2026-09-13 19:34:04.652,1789338844.6525078,94,58,1004
2026-09-13 19:34:04.672,1789338844.6725078,86,58,999
2026-09-13 19:34:04.692,1789338844.6925077,90,57,972
2026-09-13 19:34:04.712,1789338844.7125077,93,57,964
2026-09-13 19:34:04.732,1789338844.7325077,92,57,980
2026-09-13 19:34:04.752,1789338844.7525077,87,66,985
2026-09-13 19:34:04.772,1789338844.7725077,86,62,987
2026-09-13 19:34:04.792,1789338844.7925076,89,60,985
2026-09-13 19:34:04.812,1789338844.8125076,91,60,986
2026-09-13 19:34:04.832,1789338844.8325076,92,61,985
2026-09-13 19:34:04.852,1789338844.8525076,95,62,984
2026-09-13 19:34:04.872,1789338844.8725078,95,63,987
2026-09-13 19:34:04.892,1789338844.8925078,94,60,986
2026-09-13 19:34:04.912,1789338844.9125078,92,61,987
2026-09-13 19:34:04.932,1789338844.9325078,90,62,982
2026-09-13 19:34:04.952,1789338844.9525077,89,59,982
2026-09-13 19:34:04.972,1789338844.9725077,90,62,982
2026-09-13 19:34:04.992,1789338844.9925077,90,60,973
2026-09-13 19:34:05.012,1789338845.0125077,93,56,986
2026-09-13 19:34:05.032,1789338845.0325077,90,61,981
2026-09-13 19:34:05.052,1789338845.0525076,93,60,985
2026-09-13 19:34:05.072,1789338845.0725076,92,58,986
2026-09-13 19:34:05.092,1789338845.0925076,92,59,988
2026-09-13 19:34:05.112,1789338845.1125076,93,59,984
2026-09-13 19:34:05.132,1789338845.1325078,93,58,982
2026-09-13 19:34:05.152,1789338845.1525078,91,56,983
2026-09-13 19:34:05.172,1789338845.1725078,91,57,984
2026-09-13 19:34:05.192,1789338845.1925077,92,59,986
2026-09-13 19:34:05.200,1789338845.2000062,91,60,987
2026-09-13 19:34:05.220,1789338845.2200062,91,60,984
2026-09-13 19:34:05.240,1789338845.2400062,91,59,985
2026-09-13 19:34:05.260,1789338845.2600062,91,58,985
2026-09-13 19:34:05.280,1789338845.2800062,91,58,985
2026-09-13 19:34:05.300,1789338845.3000062,92,61,984
2026-09-13 19:34:05.320,1789338845.3200061,95,60,981
2026-09-13 19:34:05.340,1789338845.3400064,94,59,981
2026-09-13 19:34:05.360,1789338845.3600063,93,59,982
2026-09-13 19:34:05.380,1789338845.3800063,93,59,982
2026-09-13 19:34:05.400,1789338845.4000063,92,60,988
2026-09-13 19:34:05.420,1789338845.4200063,90,62,966
2026-09-13 19:34:05.440,1789338845.4400063,95,59,985
2026-09-13 19:34:05.460,1789338845.4600062,91,59,998
2026-09-13 19:34:05.480,1789338845.4800062,91,61,987
2026-09-13 19:34:05.500,1789338845.5000062,92,58,963
2026-09-13 19:34:05.520,1789338845.5200062,94,56,968
2026-09-13 19:34:05.540,1789338845.5400062,94,63,987
2026-09-13 19:34:05.560,1789338845.5600061,94,66,994
2026-09-13 19:34:05.580,1789338845.5800064,92,61,995
2026-09-13 19:34:05.600,1789338845.6000063,89,61,991
2026-09-13 19:34:05.620,1789338845.6200063,90,61,984
2026-09-13 19:34:05.640,1789338845.6400063,96,61,981
2026-09-13 19:34:05.660,1789338845.6600063,98,62,972
2026-09-13 19:34:05.680,1789338845.6800063,100,63,975
2026-09-13 19:34:05.700,1789338845.7000062,98,61,980
2026-09-13 19:34:05.720,1789338845.7200062,99,63,985
2026-09-13 19:34:05.740,1789338845.7400062,97,60,984
2026-09-13 19:34:05.760,1789338845.7600062,93,64,986
2026-09-13 19:34:05.780,1789338845.7800062,93,64,979
2026-09-13 19:34:05.800,1789338845.8000062,95,58,984
2026-09-13 19:34:05.820,1789338845.8200061,95,61,980
2026-09-13 19:34:05.840,1789338845.8400064,97,62,978
2026-09-13 19:34:05.860,1789338845.8600063,97,62,983
2026-09-13 19:34:05.880,1789338845.8800063,97,62,984
2026-09-13 19:34:05.900,1789338845.9000063,96,61,985
2026-09-13 19:34:05.907,1789338845.9074748,99,61,984
2026-09-13 19:34:05.927,1789338845.9274747,99,60,983
2026-09-13 19:34:05.947,1789338845.9474747,98,63,979
2026-09-13 19:34:05.967,1789338845.9674747,96,60,981
2026-09-13 19:34:05.987,1789338845.9874747,96,61,983
2026-09-13 19:34:06.007,1789338846.0074747,95,62,986
2026-09-13 19:34:06.027,1789338846.0274746,95,61,983
2026-09-13 19:34:06.047,1789338846.0474749,95,61,983
2026-09-13 19:34:06.067,1789338846.0674748,95,62,983
2026-09-13 19:34:06.087,1789338846.0874748,97,62,980
2026-09-13 19:34:06.107,1789338846.1074748,99,67,979
2026-09-13 19:34:06.127,1789338846.1274748,105,70,981
2026-09-13 19:34:06.147,1789338846.1474748,103,68,987
2026-09-13 19:34:06.167,1789338846.1674747,95,67,983
2026-09-13 19:34:06.187,1789338846.1874747,94,64,990
2026-09-13 19:34:06.207,1789338846.2074747,93,63,990
2026-09-13 19:34:06.227,1789338846.2274747,96,62,979
2026-09-13 19:34:06.247,1789338846.2474747,103,65,978
2026-09-13 19:34:06.267,1789338846.2674747,104,62,985
2026-09-13 19:34:06.287,1789338846.2874749,100,63,983
2026-09-13 19:34:06.307,1789338846.3074749,96,64,989
2026-09-13 19:34:06.327,1789338846.3274748,92,67,989
2026-09-13 19:34:06.347,1789338846.3474748,94,65,981
2026-09-13 19:34:06.367,1789338846.3674748,106,63,992
2026-09-13 19:34:06.387,1789338846.3874748,112,65,987
2026-09-13 19:34:06.407,1789338846.4074748,111,64,968
2026-09-13 19:34:06.427,1789338846.4274747,109,63,970
2026-09-13 19:34:06.447,1789338846.4474747,109,69,984
2026-09-13 19:34:06.467,1789338846.4674747,105,70,988
2026-09-13 19:34:06.487,1789338846.4874747,107,67,988
2026-09-13 19:34:06.507,1789338846.5074747,108,69,980
2026-09-13 19:34:06.527,1789338846.5274746,114,71,982
2026-09-13 19:34:06.547,1789338846.5474749,116,73,979
2026-09-13 19:34:06.567,1789338846.5674748,122,74,976
2026-09-13 19:34:06.587,1789338846.5874748,119,72,981
2026-09-13 19:34:06.607,1789338846.6074748,117,72,982
2026-09-13 19:34:06.614,1789338846.6148207,113,72,983
2026-09-13 19:34:06.634,1789338846.6348207,113,70,986
2026-09-13 19:34:06.654,1789338846.6548207,113,73,984
2026-09-13 19:34:06.674,1789338846.6748207,112,73,973
2026-09-13 19:34:06.694,1789338846.6948206,121,68,975
2026-09-13 19:34:06.714,1789338846.7148206,119,67,976
2026-09-13 19:34:06.734,1789338846.7348206,118,69,978
2026-09-13 19:34:06.754,1789338846.7548208,119,69,983
2026-09-13 19:34:06.774,1789338846.7748208,115,68,986
2026-09-13 19:34:06.794,1789338846.7948208,115,67,984
2026-09-13 19:34:06.814,1789338846.8148208,122,67,984
2026-09-13 19:34:06.834,1789338846.8348207,123,68,980
2026-09-13 19:34:06.854,1789338846.8548207,124,71,977
2026-09-13 19:34:06.874,1789338846.8748207,129,67,977
2026-09-13 19:34:06.894,1789338846.8948207,124,69,979
2026-09-13 19:34:06.914,1789338846.9148207,119,68,980
2026-09-13 19:34:06.934,1789338846.9348207,116,69,983
2026-09-13 19:34:06.954,1789338846.9548206,119,69,980
2026-09-13 19:34:06.974,1789338846.9748206,120,69,983
2026-09-13 19:34:06.994,1789338846.9948208,120,69,982
2026-09-13 19:34:07.014,1789338847.0148208,121,71,980
2026-09-13 19:34:07.034,1789338847.0348208,125,70,980
2026-09-13 19:34:07.054,1789338847.0548208,124,69,983
2026-09-13 19:34:07.074,1789338847.0748208,124,68,979
2026-09-13 19:34:07.094,1789338847.0948207,122,67,982
2026-09-13 19:34:07.114,1789338847.1148207,125,69,983
2026-09-13 19:34:07.134,1789338847.1348207,123,68,983
2026-09-13 19:34:07.154,1789338847.1548207,122,67,984
2026-09-13 19:34:07.174,1789338847.1748207,120,66,980
2026-09-13 19:34:07.194,1789338847.1948206,123,64,982
2026-09-13 19:34:07.214,1789338847.2148206,125,67,983
2026-09-13 19:34:07.234,1789338847.2348206,123,67,976
2026-09-13 19:34:07.254,1789338847.2548208,126,67,983
2026-09-13 19:34:07.274,1789338847.2748208,118,68,976
2026-09-13 19:34:07.294,1789338847.2948208,124,66,974
2026-09-13 19:34:07.314,1789338847.3148208,138,65,991
2026-09-13 19:34:07.322,1789338847.322289,132,67,988
2026-09-13 19:34:07.342,1789338847.342289,128,71,968
2026-09-13 19:34:07.362,1789338847.362289,130,68,975
2026-09-13 19:34:07.382,1789338847.382289,116,69,985
2026-09-13 19:34:07.402,1789338847.402289,112,68,989
2026-09-13 19:34:07.422,1789338847.422289,118,68,984
2026-09-13 19:34:07.442,1789338847.4422889,123,67,979
2026-09-13 19:34:07.462,1789338847.462289,127,66,979
2026-09-13 19:34:07.482,1789338847.482289,132,68,979
2026-09-13 19:34:07.502,1789338847.502289,130,68,982
2026-09-13 19:34:07.522,1789338847.522289,130,67,984
2026-09-13 19:34:07.542,1789338847.542289,131,66,980
2026-09-13 19:34:07.562,1789338847.562289,127,66,980
2026-09-13 19:34:07.582,1789338847.582289,120,64,981
2026-09-13 19:34:07.602,1789338847.602289,120,66,980
2026-09-13 19:34:07.622,1789338847.622289,122,65,976
2026-09-13 19:34:07.642,1789338847.642289,123,64,982
2026-09-13 19:34:07.662,1789338847.662289,117,63,981
2026-09-13 19:34:07.682,1789338847.682289,118,64,978
2026-09-13 19:34:07.702,1789338847.702289,119,66,983
2026-09-13 19:34:07.722,1789338847.722289,117,65,986
2026-09-13 19:34:07.742,1789338847.742289,118,63,983
2026-09-13 19:34:07.762,1789338847.762289,121,64,982
2026-09-13 19:34:07.782,1789338847.782289,121,67,979
2026-09-13 19:34:07.802,1789338847.802289,126,67,983
2026-09-13 19:34:07.822,1789338847.822289,123,68,976
2026-09-13 19:34:07.842,1789338847.842289,119,64,978
2026-09-13 19:34:07.862,1789338847.862289,116,64,980
2026-09-13 19:34:07.882,1789338847.882289,119,64,982
2026-09-13 19:34:07.902,1789338847.902289,118,63,981
2026-09-13 19:34:07.922,1789338847.922289,119,66,980
2026-09-13 19:34:07.942,1789338847.9422889,120,66,977
2026-09-13 19:34:07.962,1789338847.962289,112,63,982
2026-09-13 19:34:07.982,1789338847.982289,108,59,984
2026-09-13 19:34:08.002,1789338848.002289,109,58,987
2026-09-13 19:34:08.022,1789338848.022289,109,58,987
2026-09-13 19:34:08.029,1789338848.0297575,106,60,985
2026-09-13 19:34:08.049,1789338848.0497575,105,60,983
2026-09-13 19:34:08.069,1789338848.0697575,104,60,982
2026-09-13 19:34:08.089,1789338848.0897574,103,58,980
2026-09-13 19:34:08.109,1789338848.1097574,105,59,977
2026-09-13 19:34:08.129,1789338848.1297574,104,59,981
2026-09-13 19:34:08.149,1789338848.1497574,101,62,983
2026-09-13 19:34:08.169,1789338848.1697576,99,62,985
2026-09-13 19:34:08.189,1789338848.1897576,96,59,990
2026-09-13 19:34:08.209,1789338848.2097576,95,60,972
2026-09-13 19:34:08.229,1789338848.2297575,103,58,987
2026-09-13 19:34:08.249,1789338848.2497575,105,56,997
2026-09-13 19:34:08.269,1789338848.2697575,98,59,978
2026-09-13 19:34:08.289,1789338848.2897575,99,58,971
2026-09-13 19:34:08.309,1789338848.3097575,96,53,989
2026-09-13 19:34:08.329,1789338848.3297575,90,58,995
2026-09-13 19:34:08.349,1789338848.3497574,92,59,986
2026-09-13 19:34:08.369,1789338848.3697574,96,57,981
2026-09-13 19:34:08.389,1789338848.3897574,101,57,985
2026-09-13 19:34:08.409,1789338848.4097576,101,57,985
2026-09-13 19:34:08.429,1789338848.4297576,100,55,986
2026-09-13 19:34:08.449,1789338848.4497576,97,57,987
2026-09-13 19:34:08.469,1789338848.4697576,96,55,984
2026-09-13 19:34:08.489,1789338848.4897575,96,58,979
2026-09-13 19:34:08.509,1789338848.5097575,95,57,986
2026-09-13 19:34:08.529,1789338848.5297575,94,54,989
2026-09-13 19:34:08.549,1789338848.5497575,91,59,979
2026-09-13 19:34:08.569,1789338848.5697575,94,54,979
2026-09-13 19:34:08.589,1789338848.5897574,93,50,981
2026-09-13 19:34:08.609,1789338848.6097574,92,55,982
2026-09-13 19:34:08.629,1789338848.6297574,92,55,983
2026-09-13 19:34:08.649,1789338848.6497574,92,53,988
2026-09-13 19:34:08.669,1789338848.6697576,93,52,985
2026-09-13 19:34:08.689,1789338848.6897576,94,53,981
2026-09-13 19:34:08.709,1789338848.7097576,93,54,985
2026-09-13 19:34:08.729,1789338848.7297575,93,54,986
2026-09-13 19:34:08.737,1789338848.737195,93,56,985
2026-09-13 19:34:08.757,1789338848.757195,93,57,985
2026-09-13 19:34:08.777,1789338848.777195,92,60,983
2026-09-13 19:34:08.797,1789338848.797195,91,57,980
2026-09-13 19:34:08.817,1789338848.817195,91,53,984
2026-09-13 19:34:08.837,1789338848.837195,90,54,987
2026-09-13 19:34:08.857,1789338848.857195,91,57,985
2026-09-13 19:34:08.877,1789338848.8771951,92,58,984
2026-09-13 19:34:08.897,1789338848.897195,91,59,981
2026-09-13 19:34:08.917,1789338848.917195,92,57,981
2026-09-13 19:34:08.937,1789338848.937195,92,56,983
2026-09-13 19:34:08.957,1789338848.957195,91,54,985
2026-09-13 19:34:08.977,1789338848.977195,89,57,983
2026-09-13 19:34:08.997,1789338848.997195,91,58,988
2026-09-13 19:34:09.017,1789338849.017195,89,59,982
2026-09-13 19:34:09.037,1789338849.037195,88,58,964
2026-09-13 19:34:09.057,1789338849.057195,94,52,999
2026-09-13 19:34:09.077,1789338849.077195,91,54,990
2026-09-13 19:34:09.097,1789338849.097195,88,57,973
2026-09-13 19:34:09.117,1789338849.1171951,90,55,978
2026-09-13 19:34:09.137,1789338849.137195,89,55,992
2026-09-13 19:34:09.157,1789338849.157195,87,60,987
2026-09-13 19:34:09.177,1789338849.177195,89,56,987
2026-09-13 19:34:09.197,1789338849.197195,91,58,984
2026-09-13 19:34:09.217,1789338849.217195,93,61,982
2026-09-13 19:34:09.237,1789338849.237195,94,60,982
2026-09-13 19:34:09.257,1789338849.257195,93,60,988
2026-09-13 19:34:09.277,1789338849.277195,92,59,984
2026-09-13 19:34:09.297,1789338849.297195,93,58,982
2026-09-13 19:34:09.317,1789338849.317195,93,59,987
2026-09-13 19:34:09.337,1789338849.337195,91,61,986
2026-09-13 19:34:09.357,1789338849.357195,90,58,985
2026-09-13 19:34:09.377,1789338849.3771951,88,59,982
2026-09-13 19:34:09.397,1789338849.397195,90,54,979
2026-09-13 19:34:09.417,1789338849.417195,90,57,982
2026-09-13 19:34:09.437,1789338849.437195,88,61,984
2026-09-13 19:34:09.444,1789338849.4449685,86,60,985
2026-09-13 19:34:09.464,1789338849.4649684,88,56,984
2026-09-13 19:34:09.484,1789338849.4849684,90,59,986
2026-09-13 19:34:09.504,1789338849.5049684,91,58,986
2026-09-13 19:34:09.524,1789338849.5249684,91,58,984
2026-09-13 19:34:09.544,1789338849.5449684,89,60,984
2026-09-13 19:34:09.564,1789338849.5649683,89,61,983
2026-09-13 19:34:09.584,1789338849.5849686,89,60,983
2026-09-13 19:34:09.604,1789338849.6049685,89,60,985
2026-09-13 19:34:09.624,1789338849.6249685,88,61,985
2026-09-13 19:34:09.644,1789338849.6449685,88,60,983
2026-09-13 19:34:09.664,1789338849.6649685,87,60,984
2026-09-13 19:34:09.684,1789338849.6849685,87,61,985
2026-09-13 19:34:09.704,1789338849.7049685,86,61,989
2026-09-13 19:34:09.724,1789338849.7249684,86,59,985
2026-09-13 19:34:09.744,1789338849.7449684,86,61,983
2026-09-13 19:34:09.764,1789338849.7649684,86,59,986
2026-09-13 19:34:09.784,1789338849.7849684,86,62,988
2026-09-13 19:34:09.804,1789338849.8049684,86,61,961
2026-09-13 19:34:09.824,1789338849.8249686,91,57,1003
2026-09-13 19:34:09.844,1789338849.8449686,83,57,991
2026-09-13 19:34:09.864,1789338849.8649685,83,60,971
2026-09-13 19:34:09.884,1789338849.8849685,85,59,974
2026-09-13 19:34:09.904,1789338849.9049685,83,58,992
2026-09-13 19:34:09.924,1789338849.9249685,77,63,993
2026-09-13 19:34:09.944,1789338849.9449685,82,61,989
2026-09-13 19:34:09.964,1789338849.9649684,85,60,985
2026-09-13 19:34:09.984,1789338849.9849684,86,60,982
2026-09-13 19:34:10.004,1789338850.0049684,87,60,985
2026-09-13 19:34:10.024,1789338850.0249684,87,62,987
2026-09-13 19:34:10.044,1789338850.0449684,84,62,988
2026-09-13 19:34:10.064,1789338850.0649683,84,59,989
2026-09-13 19:34:10.084,1789338850.0849686,85,60,988
2026-09-13 19:34:10.104,1789338850.1049685,85,59,986
2026-09-13 19:34:10.124,1789338850.1249685,83,57,994
2026-09-13 19:34:10.144,1789338850.1449685,75,59,982
2026-09-13 19:34:10.152,1789338850.15262,75,59,973
2026-09-13 19:34:10.172,1789338850.17262,83,59,990
2026-09-13 19:34:10.192,1789338850.19262,81,64,982
2026-09-13 19:34:10.212,1789338850.21262,81,58,986
2026-09-13 19:34:10.232,1789338850.23262,85,57,986
2026-09-13 19:34:10.252,1789338850.25262,88,59,987
2026-09-13 19:34:10.272,1789338850.27262,88,58,986
2026-09-13 19:34:10.292,1789338850.2926202,88,60,982
2026-09-13 19:34:10.312,1789338850.3126202,89,61,980
2026-09-13 19:34:10.332,1789338850.3326201,87,58,987
2026-09-13 19:34:10.352,1789338850.3526201,85,58,980
2026-09-13 19:34:10.372,1789338850.37262,84,60,983
2026-09-13 19:34:10.392,1789338850.39262,83,61,985
2026-09-13 19:34:10.412,1789338850.41262,85,56,983
2026-09-13 19:34:10.432,1789338850.43262,88,56,980
2026-09-13 19:34:10.452,1789338850.45262,88,61,979
2026-09-13 19:34:10.472,1789338850.47262,86,63,984
2026-09-13 19:34:10.492,1789338850.49262,83,63,983
2026-09-13 19:34:10.512,1789338850.51262,84,62,985
2026-09-13 19:34:10.532,1789338850.5326202,87,58,987
2026-09-13 19:34:10.552,1789338850.5526202,89,62,959
2026-09-13 19:34:10.572,1789338850.5726202,94,60,997
2026-09-13 19:34:10.592,1789338850.5926201,86,60,998
2026-09-13 19:34:10.612,1789338850.61262,86,61,974
2026-09-13 19:34:10.632,1789338850.63262,90,59,966
2026-09-13 19:34:10.652,1789338850.65262,90,57,982
2026-09-13 19:34:10.672,1789338850.67262,85,63,983
2026-09-13 19:34:10.692,1789338850.69262,85,61,987
2026-09-13 19:34:10.712,1789338850.71262,84,63,990
2026-09-13 19:34:10.732,1789338850.73262,85,64,988
2026-09-13 19:34:10.752,1789338850.75262,88,59,987
2026-09-13 19:34:10.772,1789338850.77262,89,55,983
2026-09-13 19:34:10.792,1789338850.7926202,91,58,980
2026-09-13 19:34:10.812,1789338850.8126202,91,61,978
2026-09-13 19:34:10.832,1789338850.8326201,91,62,984
2026-09-13 19:34:10.852,1789338850.8526201,89,60,987
2026-09-13 19:34:10.860,1789338850.8601186,87,59,989
2026-09-13 19:34:10.880,1789338850.8801186,86,59,988
2026-09-13 19:34:10.900,1789338850.9001186,89,58,975
2026-09-13 19:34:10.920,1789338850.9201186,93,56,982
2026-09-13 19:34:10.940,1789338850.9401186,90,61,978
2026-09-13 19:34:10.960,1789338850.9601185,89,58,987
2026-09-13 19:34:10.980,1789338850.9801185,87,54,991
2026-09-13 19:34:11.000,1789338851.0001187,88,60,987
2026-09-13 19:34:11.020,1789338851.0201187,90,61,987
2026-09-13 19:34:11.040,1789338851.0401187,92,58,988
2026-09-13 19:34:11.060,1789338851.0601187,91,55,990
2026-09-13 19:34:11.080,1789338851.0801187,91,57,984
2026-09-13 19:34:11.100,1789338851.1001186,92,56,983
2026-09-13 19:34:11.120,1789338851.1201186,93,60,984
2026-09-13 19:34:11.140,1789338851.1401186,92,57,981
2026-09-13 19:34:11.160,1789338851.1601186,91,55,981
2026-09-13 19:34:11.180,1789338851.1801186,92,58,988
2026-09-13 19:34:11.200,1789338851.2001185,91,60,988
2026-09-13 19:34:11.220,1789338851.2201185,91,58,989
2026-09-13 19:34:11.240,1789338851.2401187,91,56,982
2026-09-13 19:34:11.260,1789338851.2601187,92,57,981
2026-09-13 19:34:11.280,1789338851.2801187,92,56,985
2026-09-13 19:34:11.300,1789338851.3001187,92,58,982
2026-09-13 19:34:11.320,1789338851.3201187,93,58,980
2026-09-13 19:34:11.340,1789338851.3401186,94,57,990
2026-09-13 19:34:11.360,1789338851.3601186,91,60,969
2026-09-13 19:34:11.380,1789338851.3801186,95,59,1001
2026-09-13 19:34:11.400,1789338851.4001186,93,56,1000
2026-09-13 19:34:11.420,1789338851.4201186,92,54,976
2026-09-13 19:34:11.440,1789338851.4401186,95,50,966
2026-09-13 19:34:11.460,1789338851.4601185,94,50,978
2026-09-13 19:34:11.480,1789338851.4801185,93,56,987
2026-09-13 19:34:11.500,1789338851.5001187,92,59,990
2026-09-13 19:34:11.520,1789338851.5201187,90,57,992
2026-09-13 19:34:11.540,1789338851.5401187,90,59,986
2026-09-13 19:34:11.560,1789338851.5601187,92,58,984
2026-09-13 19:34:11.567,1789338851.5676785,95,59,982
2026-09-13 19:34:11.587,1789338851.5876784,99,59,982
2026-09-13 19:34:11.607,1789338851.6076784,99,59,981
2026-09-13 19:34:11.627,1789338851.6276784,99,59,983
2026-09-13 19:34:11.647,1789338851.6476784,98,61,986
2026-09-13 19:34:11.667,1789338851.6676784,96,58,988
2026-09-13 19:34:11.687,1789338851.6876783,96,63,981
2026-09-13 19:34:11.707,1789338851.7076786,96,59,978
2026-09-13 19:34:11.727,1789338851.7276785,97,54,983
2026-09-13 19:34:11.747,1789338851.7476785,97,56,977
2026-09-13 19:34:11.767,1789338851.7676785,97,57,982
2026-09-13 19:34:11.787,1789338851.7876785,97,58,987
2026-09-13 19:34:11.807,1789338851.8076785,96,59,989
2026-09-13 19:34:11.827,1789338851.8276784,94,56,988
2026-09-13 19:34:11.847,1789338851.8476784,95,58,990
2026-09-13 19:34:11.867,1789338851.8676784,97,59,981
2026-09-13 19:34:11.887,1789338851.8876784,101,61,979
2026-09-13 19:34:11.907,1789338851.9076784,102,57,981
2026-09-13 19:34:11.927,1789338851.9276783,100,56,983
2026-09-13 19:34:11.947,1789338851.9476786,102,59,984
2026-09-13 19:34:11.967,1789338851.9676785,105,62,980
2026-09-13 19:34:11.987,1789338851.9876785,101,60,977
2026-09-13 19:34:12.007,1789338852.0076785,100,58,981
2026-09-13 19:34:12.027,1789338852.0276785,102,61,979
2026-09-13 19:34:12.047,1789338852.0476785,105,60,983
2026-09-13 19:34:12.067,1789338852.0676785,103,62,985
2026-09-13 19:34:12.087,1789338852.0876784,100,60,987
2026-09-13 19:34:12.107,1789338852.1076784,101,58,984
2026-09-13 19:34:12.127,1789338852.1276784,103,59,981
2026-09-13 19:34:12.147,1789338852.1476784,111,61,979
2026-09-13 19:34:12.167,1789338852.1676784,112,61,983
2026-09-13 19:34:12.187,1789338852.1876783,108,60,983
2026-09-13 19:34:12.207,1789338852.2076786,110,57,982
2026-09-13 19:34:12.227,1789338852.2276785,112,58,977
2026-09-13 19:34:12.247,1789338852.2476785,117,61,983
2026-09-13 19:34:12.267,1789338852.2676785,115,63,984
2026-09-13 19:34:12.275,1789338852.2750857,108,61,982
2026-09-13 19:34:12.295,1789338852.2950857,111,59,984
2026-09-13 19:34:12.315,1789338852.3150856,108,61,975
2026-09-13 19:34:12.335,1789338852.3350856,119,61,976
2026-09-13 19:34:12.355,1789338852.3550856,127,60,990
2026-09-13 19:34:12.375,1789338852.3750856,125,61,987
2026-09-13 19:34:12.395,1789338852.3950856,127,62,968
2026-09-13 19:34:12.415,1789338852.4150858,132,59,973
2026-09-13 19:34:12.435,1789338852.4350858,121,62,984
2026-09-13 19:34:12.455,1789338852.4550858,117,63,992
2026-09-13 19:34:12.475,1789338852.4750857,115,63,987
2026-09-13 19:34:12.495,1789338852.4950857,118,62,980
2026-09-13 19:34:12.515,1789338852.5150857,130,61,977
2026-09-13 19:34:12.535,1789338852.5350857,140,64,976
2026-09-13 19:34:12.555,1789338852.5550857,147,63,979
2026-09-13 19:34:12.575,1789338852.5750856,146,65,983
2026-09-13 19:34:12.595,1789338852.5950856,142,63,985
2026-09-13 19:34:12.615,1789338852.6150856,140,63,983
2026-09-13 19:34:12.635,1789338852.6350856,136,61,979
2026-09-13 19:34:12.655,1789338852.6550858,138,63,981
2026-09-13 19:34:12.675,1789338852.6750858,136,61,972
2026-09-13 19:34:12.695,1789338852.6950858,145,60,978
2026-09-13 19:34:12.715,1789338852.7150857,140,63,980
2026-09-13 19:34:12.735,1789338852.7350857,137,65,978
2026-09-13 19:34:12.755,1789338852.7550857,140,61,978
2026-09-13 19:34:12.775,1789338852.7750857,145,60,982
2026-09-13 19:34:12.795,1789338852.7950857,147,60,978
2026-09-13 19:34:12.815,1789338852.8150856,152,62,980
2026-09-13 19:34:12.835,1789338852.8350856,153,65,980
2026-09-13 19:34:12.855,1789338852.8550856,152,63,980
2026-09-13 19:34:12.875,1789338852.8750856,148,61,980
2026-09-13 19:34:12.895,1789338852.8950856,150,65,977
2026-09-13 19:34:12.915,1789338852.9150858,152,64,979
2026-09-13 19:34:12.935,1789338852.9350858,149,64,976
2026-09-13 19:34:12.955,1789338852.9550858,145,62,977
2026-09-13 19:34:12.975,1789338852.9750857,151,62,976
2026-09-13 19:34:12.982,1789338852.9826458,155,60,980
2026-09-13 19:34:13.002,1789338853.0026457,153,63,979
2026-09-13 19:34:13.022,1789338853.0226457,151,63,980
2026-09-13 19:34:13.042,1789338853.0426457,150,64,979
2026-09-13 19:34:13.062,1789338853.0626457,153,65,979
2026-09-13 19:34:13.082,1789338853.0826457,151,63,982
2026-09-13 19:34:13.102,1789338853.1026456,147,62,978
2026-09-13 19:34:13.122,1789338853.1226459,144,61,983
2026-09-13 19:34:13.142,1789338853.1426458,144,63,982
2026-09-13 19:34:13.162,1789338853.1626458,145,61,985
2026-09-13 19:34:13.182,1789338853.1826458,144,63,978
2026-09-13 19:34:13.202,1789338853.2026458,149,62,977
2026-09-13 19:34:13.222,1789338853.2226458,147,60,974
2026-09-13 19:34:13.242,1789338853.2426457,149,62,981
2026-09-13 19:34:13.262,1789338853.2626457,147,63,981
2026-09-13 19:34:13.282,1789338853.2826457,147,63,978
2026-09-13 19:34:13.302,1789338853.3026457,142,61,983
2026-09-13 19:34:13.322,1789338853.3226457,136,62,978
2026-09-13 19:34:13.342,1789338853.3426456,143,61,970
2026-09-13 19:34:13.362,1789338853.3626459,152,60,988
2026-09-13 19:34:13.382,1789338853.3826458,150,60,987
2026-09-13 19:34:13.402,1789338853.4026458,148,63,967
2026-09-13 19:34:13.422,1789338853.4226458,152,61,974
2026-09-13 19:34:13.442,1789338853.4426458,129,61,985
2026-09-13 19:34:13.462,1789338853.4626458,123,64,986
2026-09-13 19:34:13.482,1789338853.4826458,131,66,987
2026-09-13 19:34:13.502,1789338853.5026457,140,63,979
2026-09-13 19:34:13.522,1789338853.5226457,145,61,979
2026-09-13 19:34:13.542,1789338853.5426457,150,60,980
2026-09-13 19:34:13.562,1789338853.5626457,152,64,978
2026-09-13 19:34:13.582,1789338853.5826457,149,62,981
2026-09-13 19:34:13.602,1789338853.6026456,144,60,982
2026-09-13 19:34:13.622,1789338853.6226459,144,62,981
2026-09-13 19:34:13.642,1789338853.6426458,141,63,981
2026-09-13 19:34:13.662,1789338853.6626458,141,66,981
2026-09-13 19:34:13.682,1789338853.6826458,141,60,976
2026-09-13 19:34:13.690,1789338853.6901445,144,56,976
2026-09-13 19:34:13.710,1789338853.7101445,137,54,980
2026-09-13 19:34:13.730,1789338853.7301445,132,56,983
2026-09-13 19:34:13.750,1789338853.7501445,131,59,986
2026-09-13 19:34:13.770,1789338853.7701445,131,59,984
2026-09-13 19:34:13.790,1789338853.7901444,134,57,980
2026-09-13 19:34:13.810,1789338853.8101444,146,58,978
2026-09-13 19:34:13.830,1789338853.8301446,143,59,981
2026-09-13 19:34:13.850,1789338853.8501446,137,51,983
2026-09-13 19:34:13.870,1789338853.8701446,119,65,978
2026-09-13 19:34:13.890,1789338853.8901446,133,63,966
2026-09-13 19:34:13.910,1789338853.9101446,131,109,976
2026-09-13 19:34:13.930,1789338853.9301445,99,99,1001
2026-09-13 19:34:13.950,1789338853.9501445,135,58,979
2026-09-13 19:34:13.970,1789338853.9701445,183,35,962
2026-09-13 19:34:13.990,1789338853.9901445,105,51,965
2026-09-13 19:34:14.010,1789338854.0101445,126,18,973
2026-09-13 19:34:14.030,1789338854.0301445,214,61,965
2026-09-13 19:34:14.050,1789338854.0501444,231,162,998
2026-09-13 19:34:14.070,1789338854.0701447,102,91,1030
2026-09-13 19:34:14.090,1789338854.0901446,27,75,956
2026-09-13 19:34:14.110,1789338854.1101446,48,-33,965
2026-09-13 19:34:14.130,1789338854.1301446,34,-92,911
2026-09-13 19:34:14.150,1789338854.1501446,191,23,985
2026-09-13 19:34:14.170,1789338854.1701446,144,256,1020
2026-09-13 19:34:14.190,1789338854.1901445,91,229,1006
2026-09-13 19:34:14.210,1789338854.2101445,225,116,993
2026-09-13 19:34:14.230,1789338854.2301445,210,75,979
2026-09-13 19:34:14.250,1789338854.2501445,111,19,964
2026-09-13 19:34:14.270,1789338854.2701445,127,-12,968
2026-09-13 19:34:14.290,1789338854.2901444,149,3,964
2026-09-13 19:34:14.310,1789338854.3101444,115,20,967
2026-09-13 19:34:14.330,1789338854.3301446,83,31,1000
2026-09-13 19:34:14.350,1789338854.3501446,57,34,984
2026-09-13 19:34:14.370,1789338854.3701446,88,17,967
2026-09-13 19:34:14.390,1789338854.3901446,115,54,999
2026-09-13 19:34:14.397,1789338854.3977041,83,109,1001
2026-09-13 19:34:14.417,1789338854.417704,92,97,983
2026-09-13 19:34:14.437,1789338854.437704,110,89,982
2026-09-13 19:34:14.457,1789338854.457704,119,92,982
2026-09-13 19:34:14.477,1789338854.477704,127,80,980
2026-09-13 19:34:14.497,1789338854.497704,133,76,979
2026-09-13 19:34:14.517,1789338854.517704,130,72,983
2026-09-13 19:34:14.537,1789338854.5377042,119,65,987
2026-09-13 19:34:14.557,1789338854.5577042,106,60,982
2026-09-13 19:34:14.577,1789338854.5777042,100,59,984
2026-09-13 19:34:14.597,1789338854.5977042,96,57,988
2026-09-13 19:34:14.617,1789338854.6177042,92,58,990
2026-09-13 19:34:14.637,1789338854.6377041,92,51,975
2026-09-13 19:34:14.657,1789338854.657704,95,46,985
2026-09-13 19:34:14.677,1789338854.677704,95,54,986
2026-09-13 19:34:14.697,1789338854.697704,96,52,985
2026-09-13 19:34:14.717,1789338854.717704,96,50,983
2026-09-13 19:34:14.737,1789338854.737704,100,52,983
2026-09-13 19:34:14.757,1789338854.757704,100,54,982
2026-09-13 19:34:14.777,1789338854.7777042,101,58,985
2026-09-13 19:34:14.797,1789338854.7977042,100,62,981
2026-09-13 19:34:14.817,1789338854.8177042,98,60,980
2026-09-13 19:34:14.837,1789338854.8377042,95,58,982
2026-09-13 19:34:14.857,1789338854.8577042,92,57,982
2026-09-13 19:34:14.877,1789338854.8777041,93,59,981
2026-09-13 19:34:14.897,1789338854.8977041,94,62,978
2026-09-13 19:34:14.917,1789338854.917704,93,64,978
2026-09-13 19:34:14.937,1789338854.937704,94,64,980
2026-09-13 19:34:14.957,1789338854.957704,95,64,984
2026-09-13 19:34:14.977,1789338854.977704,97,62,986
2026-09-13 19:34:14.997,1789338854.997704,98,65,984
2026-09-13 19:34:15.017,1789338855.017704,98,63,981
2026-09-13 19:34:15.037,1789338855.0377042,96,64,982
2026-09-13 19:34:15.057,1789338855.0577042,95,61,982
2026-09-13 19:34:15.077,1789338855.0777042,94,57,986
2026-09-13 19:34:15.097,1789338855.0977042,93,56,987
2026-09-13 19:34:15.105,1789338855.1052642,92,56,992
2026-09-13 19:34:15.125,1789338855.1252642,91,59,966
2026-09-13 19:34:15.145,1789338855.1452641,99,56,985
2026-09-13 19:34:15.165,1789338855.1652641,100,52,996
2026-09-13 19:34:15.185,1789338855.185264,94,56,974
2026-09-13 19:34:15.205,1789338855.205264,93,54,968
2026-09-13 19:34:15.225,1789338855.225264,92,55,981
2026-09-13 19:34:15.245,1789338855.2452643,88,62,981
2026-09-13 19:34:15.265,1789338855.2652643,91,60,986
2026-09-13 19:34:15.285,1789338855.2852643,96,62,985
2026-09-13 19:34:15.305,1789338855.3052642,98,66,981
2026-09-13 19:34:15.325,1789338855.3252642,97,65,987
2026-09-13 19:34:15.345,1789338855.3452642,97,64,989
2026-09-13 19:34:15.365,1789338855.3652642,95,64,991
2026-09-13 19:34:15.385,1789338855.3852642,93,62,986
2026-09-13 19:34:15.405,1789338855.4052641,94,62,980
2026-09-13 19:34:15.425,1789338855.4252641,94,62,986
2026-09-13 19:34:15.445,1789338855.445264,94,61,990
2026-09-13 19:34:15.465,1789338855.465264,92,56,989
2026-09-13 19:34:15.485,1789338855.4852643,94,55,975
2026-09-13 19:34:15.505,1789338855.5052643,96,54,987
2026-09-13 19:34:15.525,1789338855.5252643,94,61,986
2026-09-13 19:34:15.545,1789338855.5452642,92,60,983
2026-09-13 19:34:15.565,1789338855.5652642,95,58,979
2026-09-13 19:34:15.585,1789338855.5852642,96,59,978
2026-09-13 19:34:15.605,1789338855.6052642,96,61,985
2026-09-13 19:34:15.625,1789338855.6252642,93,60,987
2026-09-13 19:34:15.645,1789338855.6452641,93,63,980
2026-09-13 19:34:15.665,1789338855.6652641,93,64,972
2026-09-13 19:34:15.685,1789338855.685264,94,64,969
2026-09-13 19:34:15.705,1789338855.705264,93,63,982
2026-09-13 19:34:15.725,1789338855.725264,96,61,990
2026-09-13 19:34:15.745,1789338855.7452643,98,62,993
2026-09-13 19:34:15.765,1789338855.7652643,98,62,995
2026-09-13 19:34:15.785,1789338855.7852643,96,61,988
2026-09-13 19:34:15.805,1789338855.8052642,91,60,983
2026-09-13 19:34:15.812,1789338855.8126101,91,60,973
2026-09-13 19:34:15.832,1789338855.8326101,88,61,963
2026-09-13 19:34:15.852,1789338855.85261,86,61,977
2026-09-13 19:34:15.872,1789338855.87261,78,60,979
2026-09-13 19:34:15.892,1789338855.89261,82,62,970
2026-09-13 19:34:15.912,1789338855.91261,90,61,958
2026-09-13 19:34:15.932,1789338855.93261,97,60,968
2026-09-13 19:34:15.952,1789338855.9526103,113,56,1012
2026-09-13 19:34:15.972,1789338855.9726102,109,59,997
2026-09-13 19:34:15.992,1789338855.9926102,104,63,959
2026-09-13 19:34:16.012,1789338856.0126102,99,58,980
2026-09-13 19:34:16.032,1789338856.0326102,86,62,1001
2026-09-13 19:34:16.052,1789338856.0526102,78,65,997
2026-09-13 19:34:16.072,1789338856.0726101,77,66,987
2026-09-13 19:34:16.092,1789338856.0926101,73,68,970
2026-09-13 19:34:16.112,1789338856.11261,76,66,977
2026-09-13 19:34:16.132,1789338856.13261,86,62,983
2026-09-13 19:34:16.152,1789338856.15261,91,62,992
2026-09-13 19:34:16.172,1789338856.17261,93,62,988
2026-09-13 19:34:16.192,1789338856.1926103,95,61,982
2026-09-13 19:34:16.212,1789338856.2126102,98,61,980
2026-09-13 19:34:16.232,1789338856.2326102,95,61,979
2026-09-13 19:34:16.252,1789338856.2526102,92,58,985
2026-09-13 19:34:16.272,1789338856.2726102,86,61,989
2026-09-13 19:34:16.292,1789338856.2926102,85,58,976
2026-09-13 19:34:16.312,1789338856.3126101,84,56,991
2026-09-13 19:34:16.332,1789338856.3326101,83,61,984
2026-09-13 19:34:16.352,1789338856.35261,84,60,988
2026-09-13 19:34:16.372,1789338856.37261,86,57,988
2026-09-13 19:34:16.392,1789338856.39261,89,57,983
2026-09-13 19:34:16.412,1789338856.41261,91,59,983
2026-09-13 19:34:16.432,1789338856.43261,90,56,984
2026-09-13 19:34:16.452,1789338856.4526103,89,58,979
2026-09-13 19:34:16.472,1789338856.4726102,90,60,983
2026-09-13 19:34:16.492,1789338856.4926102,89,62,987
2026-09-13 19:34:16.512,1789338856.5126102,89,63,984
2026-09-13 19:34:16.520,1789338856.5200787,87,63,984
2026-09-13 19:34:16.540,1789338856.5400786,88,61,983
2026-09-13 19:34:16.560,1789338856.5600786,87,60,985
2026-09-13 19:34:16.580,1789338856.5800786,85,62,986
2026-09-13 19:34:16.600,1789338856.6000786,85,61,986
2026-09-13 19:34:16.620,1789338856.6200786,86,61,980
2026-09-13 19:34:16.640,1789338856.6400785,88,60,978
2026-09-13 19:34:16.660,1789338856.6600788,88,59,985
2026-09-13 19:34:16.680,1789338856.6800787,88,56,991
2026-09-13 19:34:16.700,1789338856.7000787,87,59,987
2026-09-13 19:34:16.720,1789338856.7200787,89,59,991
2026-09-13 19:34:16.740,1789338856.7400787,88,59,971
2026-09-13 19:34:16.760,1789338856.7600787,93,59,983
2026-09-13 19:34:16.780,1789338856.7800786,93,54,994
2026-09-13 19:34:16.800,1789338856.8000786,91,56,978
2026-09-13 19:34:16.820,1789338856.8200786,92,54,968
2026-09-13 19:34:16.840,1789338856.8400786,91,55,984
2026-09-13 19:34:16.860,1789338856.8600786,89,65,992
2026-09-13 19:34:16.880,1789338856.8800786,88,64,990
2026-09-13 19:34:16.900,1789338856.9000788,90,61,989
2026-09-13 19:34:16.920,1789338856.9200788,90,58,985
2026-09-13 19:34:16.940,1789338856.9400787,92,59,985
2026-09-13 19:34:16.960,1789338856.9600787,95,58,982
2026-09-13 19:34:16.980,1789338856.9800787,97,59,981
2026-09-13 19:34:17.000,1789338857.0000787,97,61,984
2026-09-13 19:34:17.020,1789338857.0200787,97,63,982
2026-09-13 19:34:17.040,1789338857.0400786,96,61,986
2026-09-13 19:34:17.060,1789338857.0600786,96,60,987
2026-09-13 19:34:17.080,1789338857.0800786,94,59,986
2026-09-13 19:34:17.100,1789338857.1000786,94,63,980
2026-09-13 19:34:17.120,1789338857.1200786,98,57,980
2026-09-13 19:34:17.140,1789338857.1400785,97,56,980
2026-09-13 19:34:17.160,1789338857.1600788,97,59,978
2026-09-13 19:34:17.180,1789338857.1800787,97,60,985
2026-09-13 19:34:17.200,1789338857.2000787,96,60,991
2026-09-13 19:34:17.220,1789338857.2200787,94,59,988
2026-09-13 19:34:17.227,1789338857.227333,94,58,990
2026-09-13 19:34:17.247,1789338857.247333,97,57,985
2026-09-13 19:34:17.267,1789338857.267333,104,57,976
2026-09-13 19:34:17.287,1789338857.287333,106,56,981
2026-09-13 19:34:17.307,1789338857.307333,101,59,987
2026-09-13 19:34:17.327,1789338857.327333,96,61,986
2026-09-13 19:34:17.347,1789338857.347333,97,60,981
2026-09-13 19:34:17.367,1789338857.3673332,103,61,979
2026-09-13 19:34:17.387,1789338857.3873332,105,62,981
2026-09-13 19:34:17.407,1789338857.4073331,102,58,982
2026-09-13 19:34:17.427,1789338857.427333,102,57,986
2026-09-13 19:34:17.447,1789338857.447333,103,61,983
2026-09-13 19:34:17.467,1789338857.467333,103,62,984
2026-09-13 19:34:17.487,1789338857.487333,101,58,984
2026-09-13 19:34:17.507,1789338857.507333,103,58,981
2026-09-13 19:34:17.527,1789338857.527333,106,59,977
2026-09-13 19:34:17.547,1789338857.547333,107,59,981
2026-09-13 19:34:17.567,1789338857.567333,106,58,984
2026-09-13 19:34:17.587,1789338857.587333,107,58,985
2026-09-13 19:34:17.607,1789338857.6073332,105,60,981
2026-09-13 19:34:17.627,1789338857.6273332,111,61,984
2026-09-13 19:34:17.647,1789338857.6473331,105,60,974
2026-09-13 19:34:17.667,1789338857.6673331,110,56,975
2026-09-13 19:34:17.687,1789338857.687333,116,57,995
2026-09-13 19:34:17.707,1789338857.707333,114,58,991
2026-09-13 19:34:17.727,1789338857.727333,114,59,967
2026-09-13 19:34:17.747,1789338857.747333,122,57,977
2026-09-13 19:34:17.767,1789338857.767333,109,63,981
2026-09-13 19:34:17.787,1789338857.787333,109,65,986
2026-09-13 19:34:17.807,1789338857.807333,107,61,989
2026-09-13 19:34:17.827,1789338857.827333,109,57,983
2026-09-13 19:34:17.847,1789338857.847333,117,59,985
2026-09-13 19:34:17.867,1789338857.8673332,126,62,980
2026-09-13 19:34:17.887,1789338857.8873332,130,62,981
2026-09-13 19:34:17.907,1789338857.9073331,127,62,984
2026-09-13 19:34:17.927,1789338857.927333,123,59,986
2026-09-13 19:34:17.934,1789338857.9346795,122,61,985
2026-09-13 19:34:17.954,1789338857.9546795,122,61,982
2026-09-13 19:34:17.974,1789338857.9746795,121,60,974
2026-09-13 19:34:17.994,1789338857.9946795,125,61,973
2026-09-13 19:34:18.014,1789338858.0146794,136,55,977
2026-09-13 19:34:18.034,1789338858.0346794,129,56,980
2026-09-13 19:34:18.054,1789338858.0546794,123,60,982
2026-09-13 19:34:18.074,1789338858.0746796,123,61,991
2026-09-13 19:34:18.094,1789338858.0946796,122,61,985
2026-09-13 19:34:18.114,1789338858.1146796,132,61,982
2026-09-13 19:34:18.134,1789338858.1346796,135,59,976
2026-09-13 19:34:18.154,1789338858.1546795,142,62,977
2026-09-13 19:34:18.174,1789338858.1746795,144,61,972
2026-09-13 19:34:18.194,1789338858.1946795,143,60,982
2026-09-13 19:34:18.214,1789338858.2146795,133,60,983
2026-09-13 19:34:18.234,1789338858.2346795,125,59,985
2026-09-13 19:34:18.254,1789338858.2546794,125,62,988
2026-09-13 19:34:18.274,1789338858.2746794,121,62,988
2026-09-13 19:34:18.294,1789338858.2946794,122,63,986
2026-09-13 19:34:18.314,1789338858.3146796,126,64,979
2026-09-13 19:34:18.334,1789338858.3346796,132,61,981
2026-09-13 19:34:18.354,1789338858.3546796,132,60,981
2026-09-13 19:34:18.374,1789338858.3746796,130,62,982
2026-09-13 19:34:18.394,1789338858.3946795,130,61,982
2026-09-13 19:34:18.414,1789338858.4146795,125,60,980
2026-09-13 19:34:18.434,1789338858.4346795,122,62,981
2026-09-13 19:34:18.454,1789338858.4546795,119,60,982
2026-09-13 19:34:18.474,1789338858.4746795,124,59,984
2026-09-13 19:34:18.494,1789338858.4946795,123,58,981
2026-09-13 19:34:18.514,1789338858.5146794,125,61,975
2026-09-13 19:34:18.534,1789338858.5346794,125,60,980
2026-09-13 19:34:18.554,1789338858.5546794,123,60,983
2026-09-13 19:34:18.574,1789338858.5746796,122,61,981
2026-09-13 19:34:18.594,1789338858.5946796,121,60,985
2026-09-13 19:34:18.614,1789338858.6146796,116,62,983
2026-09-13 19:34:18.634,1789338858.6346796,118,61,971
2026-09-13 19:34:18.642,1789338858.642239,135,58,988
2026-09-13 19:34:18.662,1789338858.662239,134,60,987
2026-09-13 19:34:18.682,1789338858.682239,130,63,965
2026-09-13 19:34:18.702,1789338858.702239,130,60,973
2026-09-13 19:34:18.722,1789338858.722239,114,62,985
2026-09-13 19:34:18.742,1789338858.742239,110,62,989
2026-09-13 19:34:18.762,1789338858.762239,114,61,986
2026-09-13 19:34:18.782,1789338858.7822392,120,61,984
2026-09-13 19:34:18.802,1789338858.8022392,127,62,980
2026-09-13 19:34:18.822,1789338858.8222392,132,65,980
2026-09-13 19:34:18.842,1789338858.8422391,135,64,981
2026-09-13 19:34:18.862,1789338858.8622391,128,62,983
2026-09-13 19:34:18.882,1789338858.882239,125,60,983
2026-09-13 19:34:18.902,1789338858.902239,126,61,980
2026-09-13 19:34:18.922,1789338858.922239,122,60,984
2026-09-13 19:34:18.942,1789338858.942239,119,60,983
2026-09-13 19:34:18.962,1789338858.962239,121,61,979
2026-09-13 19:34:18.982,1789338858.982239,124,59,977
2026-09-13 19:34:19.002,1789338859.002239,119,61,979
2026-09-13 19:34:19.022,1789338859.0222392,114,60,981
2026-09-13 19:34:19.042,1789338859.0422392,119,59,984
2026-09-13 19:34:19.062,1789338859.0622392,124,60,982
2026-09-13 19:34:19.082,1789338859.0822392,126,62,978
2026-09-13 19:34:19.102,1789338859.1022391,129,63,979
2026-09-13 19:34:19.122,1789338859.122239,127,62,976
2026-09-13 19:34:19.142,1789338859.142239,124,62,981
2026-09-13 19:34:19.162,1789338859.162239,122,64,979
2026-09-13 19:34:19.182,1789338859.182239,120,62,980
2026-09-13 19:34:19.202,1789338859.202239,120,63,981
2026-09-13 19:34:19.222,1789338859.222239,120,63,980
2026-09-13 19:34:19.242,1789338859.242239,120,62,980
2026-09-13 19:34:19.262,1789338859.262239,119,62,982
2026-09-13 19:34:19.282,1789338859.2822392,119,63,982
2026-09-13 19:34:19.302,1789338859.3022392,120,62,981
2026-09-13 19:34:19.322,1789338859.3222392,122,63,981
2026-09-13 19:34:19.342,1789338859.3422391,121,61,984
2026-09-13 19:34:19.349,1789338859.349677,121,62,981
2026-09-13 19:34:19.369,1789338859.369677,118,61,982
2026-09-13 19:34:19.389,1789338859.389677,117,60,981
2026-09-13 19:34:19.409,1789338859.409677,118,60,980
2026-09-13 19:34:19.429,1789338859.429677,116,61,978
2026-09-13 19:34:19.449,1789338859.449677,117,62,982
2026-09-13 19:34:19.469,1789338859.469677,116,61,984
2026-09-13 19:34:19.489,1789338859.4896772,121,61,984
2026-09-13 19:34:19.509,1789338859.5096772,119,64,981
2026-09-13 19:34:19.529,1789338859.5296772,118,63,985
2026-09-13 19:34:19.549,1789338859.5496771,111,64,976
2026-09-13 19:34:19.569,1789338859.569677,117,60,971
2026-09-13 19:34:19.589,1789338859.589677,131,57,992
2026-09-13 19:34:19.609,1789338859.609677,122,64,985
2026-09-13 19:34:19.629,1789338859.629677,121,63,967
2026-09-13 19:34:19.649,1789338859.649677,118,63,975
2026-09-13 19:34:19.669,1789338859.669677,107,61,983
2026-09-13 19:34:19.689,1789338859.689677,108,62,988
2026-09-13 19:34:19.709,1789338859.709677,112,62,986
2026-09-13 19:34:19.729,1789338859.7296772,114,61,980
2026-09-13 19:34:19.749,1789338859.7496772,117,61,977
2026-09-13 19:34:19.769,1789338859.7696772,127,63,978
2026-09-13 19:34:19.789,1789338859.7896771,128,62,981
2026-09-13 19:34:19.809,1789338859.8096771,117,62,982
2026-09-13 19:34:19.829,1789338859.829677,116,62,983
2026-09-13 19:34:19.849,1789338859.849677,115,62,981
2026-09-13 19:34:19.869,1789338859.869677,112,59,982
2026-09-13 19:34:19.889,1789338859.889677,111,61,987
2026-09-13 19:34:19.909,1789338859.909677,111,62,978
2026-09-13 19:34:19.929,1789338859.929677,111,58,979
2026-09-13 19:34:19.949,1789338859.949677,104,57,983
2026-09-13 19:34:19.969,1789338859.969677,101,59,978
2026-09-13 19:34:19.989,1789338859.9896772,106,58,982
2026-09-13 19:34:20.009,1789338860.0096772,106,61,977
2026-09-13 19:34:20.029,1789338860.0296772,111,60,977
2026-09-13 19:34:20.049,1789338860.0496771,119,61,978
2026-09-13 19:34:20.057,1789338860.0570843,119,62,973
2026-09-13 19:34:20.077,1789338860.0770843,115,61,974
2026-09-13 19:34:20.097,1789338860.0970843,109,64,986
2026-09-13 19:34:20.117,1789338860.1170843,103,64,989
2026-09-13 19:34:20.137,1789338860.1370842,99,62,988
2026-09-13 19:34:20.157,1789338860.1570842,101,60,982
2026-09-13 19:34:20.177,1789338860.1770842,102,63,979
2026-09-13 19:34:20.197,1789338860.1970844,105,63,980
2026-09-13 19:34:20.217,1789338860.2170844,105,66,989
2026-09-13 19:34:20.237,1789338860.2370844,101,67,989
2026-09-13 19:34:20.257,1789338860.2570844,100,68,983
2026-09-13 19:34:20.277,1789338860.2770844,101,67,982
2026-09-13 19:34:20.297,1789338860.2970843,101,64,981
2026-09-13 19:34:20.317,1789338860.3170843,102,60,983
2026-09-13 19:34:20.337,1789338860.3370843,101,60,980
2026-09-13 19:34:20.357,1789338860.3570843,99,61,985
2026-09-13 19:34:20.377,1789338860.3770843,98,60,985
2026-09-13 19:34:20.397,1789338860.3970842,96,63,984
2026-09-13 19:34:20.417,1789338860.4170842,98,61,984
2026-09-13 19:34:20.437,1789338860.4370844,97,60,989
2026-09-13 19:34:20.457,1789338860.4570844,93,58,969
2026-09-13 19:34:20.477,1789338860.4770844,102,59,983
2026-09-13 19:34:20.497,1789338860.4970844,107,60,994
2026-09-13 19:34:20.517,1789338860.5170844,97,64,972
2026-09-13 19:34:20.537,1789338860.5370843,94,60,971
2026-09-13 19:34:20.557,1789338860.5570843,93,59,988
2026-09-13 19:34:20.577,1789338860.5770843,90,65,991
2026-09-13 19:34:20.597,1789338860.5970843,94,66,983
2026-09-13 19:34:20.617,1789338860.6170843,98,67,984
2026-09-13 19:34:20.637,1789338860.6370842,98,65,982
2026-09-13 19:34:20.657,1789338860.6570842,97,65,983
2026-09-13 19:34:20.677,1789338860.6770842,95,64,984
2026-09-13 19:34:20.697,1789338860.6970844,97,66,984
2026-09-13 19:34:20.717,1789338860.7170844,97,65,984
2026-09-13 19:34:20.737,1789338860.7370844,96,64,984
2026-09-13 19:34:20.757,1789338860.7570844,96,61,985
2026-09-13 19:34:20.764,1789338860.764583,95,63,984
2026-09-13 19:34:20.784,1789338860.784583,94,64,982
2026-09-13 19:34:20.804,1789338860.804583,96,59,974
2026-09-13 19:34:20.824,1789338860.824583,95,56,981
2026-09-13 19:34:20.844,1789338860.844583,92,62,987
2026-09-13 19:34:20.864,1789338860.864583,92,61,988
2026-09-13 19:34:20.884,1789338860.884583,93,61,985
2026-09-13 19:34:20.904,1789338860.9045832,94,60,986
2026-09-13 19:34:20.924,1789338860.9245832,95,59,984
2026-09-13 19:34:20.944,1789338860.9445832,95,61,984
2026-09-13 19:34:20.964,1789338860.9645832,95,63,983
2026-09-13 19:34:20.984,1789338860.9845831,93,64,985
2026-09-13 19:34:21.004,1789338861.0045831,93,63,980
2026-09-13 19:34:21.024,1789338861.024583,94,63,983
2026-09-13 19:34:21.044,1789338861.044583,94,64,985
2026-09-13 19:34:21.064,1789338861.064583,93,64,982
2026-09-13 19:34:21.084,1789338861.084583,93,63,985
2026-09-13 19:34:21.104,1789338861.104583,93,64,984
2026-09-13 19:34:21.124,1789338861.124583,93,63,980
2026-09-13 19:34:21.144,1789338861.1445832,93,64,980
2026-09-13 19:34:21.164,1789338861.1645832,93,64,982
2026-09-13 19:34:21.184,1789338861.1845832,92,62,981
2026-09-13 19:34:21.204,1789338861.2045832,92,61,984
2026-09-13 19:34:21.224,1789338861.2245831,92,59,984
2026-09-13 19:34:21.244,1789338861.2445831,91,64,980
2026-09-13 19:34:21.264,1789338861.264583,91,64,962
2026-09-13 19:34:21.284,1789338861.284583,103,60,1000
2026-09-13 19:34:21.304,1789338861.304583,94,61,990
2026-09-13 19:34:21.324,1789338861.324583,91,60,967
2026-09-13 19:34:21.344,1789338861.344583,92,59,973
2026-09-13 19:34:21.364,1789338861.364583,90,62,989
2026-09-13 19:34:21.384,1789338861.384583,89,65,988
2026-09-13 19:34:21.404,1789338861.4045832,92,63,985
2026-09-13 19:34:21.424,1789338861.4245832,93,65,985
2026-09-13 19:34:21.444,1789338861.4445832,94,65,985
2026-09-13 19:34:21.464,1789338861.4645832,94,65,983
2026-09-13 19:34:21.471,1789338861.4718378,93,62,983
2026-09-13 19:34:21.491,1789338861.4918377,93,65,985
2026-09-13 19:34:21.511,1789338861.5118377,94,64,983
2026-09-13 19:34:21.531,1789338861.5318377,94,65,984
2026-09-13 19:34:21.551,1789338861.5518377,92,64,986
2026-09-13 19:34:21.571,1789338861.5718377,91,61,984
2026-09-13 19:34:21.591,1789338861.5918376,92,63,991
2026-09-13 19:34:21.611,1789338861.6118379,92,61,973
2026-09-13 19:34:21.631,1789338861.6318378,93,59,981
2026-09-13 19:34:21.651,1789338861.6518378,90,61,983
2026-09-13 19:34:21.671,1789338861.6718378,90,61,983
2026-09-13 19:34:21.691,1789338861.6918378,91,60,982
2026-09-13 19:34:21.711,1789338861.7118378,93,63,984
2026-09-13 19:34:21.731,1789338861.7318377,92,61,984
2026-09-13 19:34:21.751,1789338861.7518377,92,60,985
2026-09-13 19:34:21.771,1789338861.7718377,92,63,982
2026-09-13 19:34:21.791,1789338861.7918377,91,62,983
2026-09-13 19:34:21.811,1789338861.8118377,92,62,986
2026-09-13 19:34:21.831,1789338861.8318377,91,65,982
2026-09-13 19:34:21.851,1789338861.8518379,89,66,980
2026-09-13 19:34:21.871,1789338861.8718379,90,62,979
2026-09-13 19:34:21.891,1789338861.8918378,88,62,983
2026-09-13 19:34:21.911,1789338861.9118378,89,62,983
2026-09-13 19:34:21.931,1789338861.9318378,91,62,985
2026-09-13 19:34:21.951,1789338861.9518378,92,61,986
2026-09-13 19:34:21.971,1789338861.9718378,90,63,984
2026-09-13 19:34:21.991,1789338861.9918377,91,63,986
2026-09-13 19:34:22.011,1789338862.0118377,91,63,986
2026-09-13 19:34:22.031,1789338862.0318377,90,65,959
2026-09-13 19:34:22.051,1789338862.0518377,96,59,1004
2026-09-13 19:34:22.071,1789338862.0718377,89,57,996
2026-09-13 19:34:22.091,1789338862.0918376,90,60,958
2026-09-13 19:34:22.111,1789338862.1118379,93,63,966
2026-09-13 19:34:22.131,1789338862.1318378,89,64,984
2026-09-13 19:34:22.151,1789338862.1518378,86,64,985
2026-09-13 19:34:22.171,1789338862.1718378,88,61,984
2026-09-13 19:34:22.179,1789338862.1792142,90,62,981
2026-09-13 19:34:22.199,1789338862.1992142,92,64,986
2026-09-13 19:34:22.219,1789338862.2192142,92,64,984
2026-09-13 19:34:22.239,1789338862.2392142,91,66,984
2026-09-13 19:34:22.259,1789338862.2592142,92,65,982
2026-09-13 19:34:22.279,1789338862.2792141,92,63,986
2026-09-13 19:34:22.299,1789338862.2992141,91,62,984
2026-09-13 19:34:22.319,1789338862.3192143,90,62,986
2026-09-13 19:34:22.339,1789338862.3392143,90,61,983
2026-09-13 19:34:22.359,1789338862.3592143,89,59,992
2026-09-13 19:34:22.379,1789338862.3792143,90,60,971
2026-09-13 19:34:22.399,1789338862.3992143,93,60,987
2026-09-13 19:34:22.419,1789338862.4192142,90,64,981
2026-09-13 19:34:22.439,1789338862.4392142,91,60,988
2026-09-13 19:34:22.459,1789338862.4592142,92,60,988
2026-09-13 19:34:22.479,1789338862.4792142,93,61,985
2026-09-13 19:34:22.499,1789338862.4992142,94,61,987
2026-09-13 19:34:22.519,1789338862.5192142,94,60,986
2026-09-13 19:34:22.539,1789338862.5392141,94,60,984
2026-09-13 19:34:22.559,1789338862.5592144,92,61,978
2026-09-13 19:34:22.579,1789338862.5792143,93,63,980
2026-09-13 19:34:22.599,1789338862.5992143,92,63,978
2026-09-13 19:34:22.619,1789338862.6192143,92,62,980
2026-09-13 19:34:22.639,1789338862.6392143,91,61,979
2026-09-13 19:34:22.659,1789338862.6592143,91,62,983
2026-09-13 19:34:22.679,1789338862.6792142,91,63,988
2026-09-13 19:34:22.699,1789338862.6992142,92,62,988
2026-09-13 19:34:22.719,1789338862.7192142,92,61,987
2026-09-13 19:34:22.739,1789338862.7392142,91,60,984
2026-09-13 19:34:22.759,1789338862.7592142,90,61,981
2026-09-13 19:34:22.779,1789338862.7792141,92,60,980
2026-09-13 19:34:22.799,1789338862.7992141,91,62,960
2026-09-13 19:34:22.819,1789338862.8192143,97,57,997
2026-09-13 19:34:22.839,1789338862.8392143,91,54,999
2026-09-13 19:34:22.859,1789338862.8592143,93,58,974
2026-09-13 19:34:22.879,1789338862.8792143,96,57,965
2026-09-13 19:34:22.886,1789338862.8867438,94,55,979
2026-09-13 19:34:22.906,1789338862.9067438,91,61,991
2026-09-13 19:34:22.926,1789338862.9267437,91,62,996
2026-09-13 19:34:22.946,1789338862.9467437,89,62,991
2026-09-13 19:34:22.966,1789338862.9667437,89,61,982
2026-09-13 19:34:22.986,1789338862.9867437,92,61,980
2026-09-13 19:34:23.006,1789338863.0067437,95,58,980
2026-09-13 19:34:23.026,1789338863.026744,96,59,981
2026-09-13 19:34:23.046,1789338863.0467439,95,62,985
2026-09-13 19:34:23.066,1789338863.0667439,95,62,986
2026-09-13 19:34:23.086,1789338863.0867438,93,61,987
2026-09-13 19:34:23.106,1789338863.1067438,93,59,986
2026-09-13 19:34:23.126,1789338863.1267438,92,61,983
2026-09-13 19:34:23.146,1789338863.1467438,91,61,973
2026-09-13 19:34:23.166,1789338863.1667438,93,59,984
2026-09-13 19:34:23.186,1789338863.1867437,92,62,978
2026-09-13 19:34:23.206,1789338863.2067437,93,61,984
2026-09-13 19:34:23.226,1789338863.2267437,92,58,986
2026-09-13 19:34:23.246,1789338863.2467437,90,58,988
2026-09-13 19:34:23.266,1789338863.266744,93,59,987
2026-09-13 19:34:23.286,1789338863.2867439,94,58,984
2026-09-13 19:34:23.306,1789338863.3067439,95,58,982
2026-09-13 19:34:23.326,1789338863.3267438,95,59,980
2026-09-13 19:34:23.346,1789338863.3467438,95,57,982
2026-09-13 19:34:23.366,1789338863.3667438,94,60,986
2026-09-13 19:34:23.386,1789338863.3867438,92,62,987
2026-09-13 19:34:23.406,1789338863.4067438,92,62,987
2026-09-13 19:34:23.426,1789338863.4267437,93,61,987
2026-09-13 19:34:23.446,1789338863.4467437,94,59,985
2026-09-13 19:34:23.466,1789338863.4667437,94,57,980
2026-09-13 19:34:23.486,1789338863.4867437,95,58,980
2026-09-13 19:34:23.506,1789338863.5067437,96,62,983
2026-09-13 19:34:23.526,1789338863.526744,94,62,987
2026-09-13 19:34:23.546,1789338863.5467439,91,59,988
2026-09-13 19:34:23.566,1789338863.5667439,92,58,987
2026-09-13 19:34:23.586,1789338863.5867438,91,57,989
2026-09-13 19:34:23.594,1789338863.59409,92,59,981
2026-09-13 19:34:23.614,1789338863.61409,94,62,979
2026-09-13 19:34:23.634,1789338863.63409,98,64,989
2026-09-13 19:34:23.654,1789338863.65409,92,64,970
2026-09-13 19:34:23.674,1789338863.67409,98,61,990
2026-09-13 19:34:23.694,1789338863.69409,96,58,999
2026-09-13 19:34:23.714,1789338863.7140899,100,62,976
2026-09-13 19:34:23.734,1789338863.73409,109,61,968
2026-09-13 19:34:23.754,1789338863.75409,103,62,973
2026-09-13 19:34:23.774,1789338863.77409,101,64,986
2026-09-13 19:34:23.794,1789338863.79409,97,65,994
2026-09-13 19:34:23.814,1789338863.81409,95,62,988
2026-09-13 19:34:23.834,1789338863.83409,97,59,987
2026-09-13 19:34:23.854,1789338863.85409,102,61,979
2026-09-13 19:34:23.874,1789338863.87409,106,61,981
2026-09-13 19:34:23.894,1789338863.89409,107,57,983
2026-09-13 19:34:23.914,1789338863.91409,110,58,973
2026-09-13 19:34:23.934,1789338863.93409,117,61,970
2026-09-13 19:34:23.954,1789338863.9540899,122,58,976
2026-09-13 19:34:23.974,1789338863.97409,117,53,981
2026-09-13 19:34:23.994,1789338863.99409,106,55,979
2026-09-13 19:34:24.014,1789338864.01409,104,56,989
2026-09-13 19:34:24.034,1789338864.03409,98,60,992
2026-09-13 19:34:24.054,1789338864.05409,97,63,983
2026-09-13 19:34:24.074,1789338864.07409,100,61,976
2026-09-13 19:34:24.094,1789338864.09409,106,59,978
2026-09-13 19:34:24.114,1789338864.11409,114,60,988
2026-09-13 19:34:24.134,1789338864.13409,118,61,985
2026-09-13 19:34:24.154,1789338864.15409,121,62,983
2026-09-13 19:34:24.174,1789338864.17409,117,64,983
2026-09-13 19:34:24.194,1789338864.19409,114,60,986
2026-09-13 19:34:24.214,1789338864.2140899,117,59,982
2026-09-13 19:34:24.234,1789338864.23409,121,59,981
2026-09-13 19:34:24.254,1789338864.25409,122,59,983
2026-09-13 19:34:24.274,1789338864.27409,117,59,980
2026-09-13 19:34:24.294,1789338864.29409,117,59,983
2026-09-13 19:34:24.301,1789338864.3016803,120,57,984
2026-09-13 19:34:24.321,1789338864.3216803,120,59,981
2026-09-13 19:34:24.341,1789338864.3416803,124,61,984
2026-09-13 19:34:24.361,1789338864.3616803,129,64,979
2026-09-13 19:34:24.381,1789338864.3816803,130,63,980
2026-09-13 19:34:24.401,1789338864.4016802,132,61,981
2026-09-13 19:34:24.421,1789338864.4216802,134,60,976
2026-09-13 19:34:24.441,1789338864.4416804,138,59,982
2026-09-13 19:34:24.461,1789338864.4616804,138,59,977
2026-09-13 19:34:24.481,1789338864.4816804,142,58,981
2026-09-13 19:34:24.501,1789338864.5016804,139,57,980
2026-09-13 19:34:24.521,1789338864.5216804,139,61,980
2026-09-13 19:34:24.541,1789338864.5416803,145,61,986
2026-09-13 19:34:24.561,1789338864.5616803,145,60,978
2026-09-13 19:34:24.581,1789338864.5816803,148,61,981
2026-09-13 19:34:24.601,1789338864.6016803,148,62,974
2026-09-13 19:34:24.621,1789338864.6216803,151,61,984
2026-09-13 19:34:24.641,1789338864.6416802,142,62,979
2026-09-13 19:34:24.661,1789338864.6616802,148,61,974
2026-09-13 19:34:24.681,1789338864.6816804,159,61,988
2026-09-13 19:34:24.701,1789338864.7016804,157,62,981
2026-09-13 19:34:24.721,1789338864.7216804,158,63,966
2026-09-13 19:34:24.741,1789338864.7416804,153,62,978
2026-09-13 19:34:24.761,1789338864.7616804,137,68,988
2026-09-13 19:34:24.781,1789338864.7816803,138,65,988
2026-09-13 19:34:24.801,1789338864.8016803,147,64,979
2026-09-13 19:34:24.821,1789338864.8216803,152,62,980
2026-09-13 19:34:24.841,1789338864.8416803,161,61,982
2026-09-13 19:34:24.861,1789338864.8616803,166,61,977
2026-09-13 19:34:24.881,1789338864.8816803,166,58,983
2026-09-13 19:34:24.901,1789338864.9016802,163,59,980
2026-09-13 19:34:24.921,1789338864.9216802,158,60,979
2026-09-13 19:34:24.941,1789338864.9416804,158,61,981
2026-09-13 19:34:24.961,1789338864.9616804,158,62,980
2026-09-13 19:34:24.981,1789338864.9816804,159,66,979
2026-09-13 19:34:25.001,1789338865.0016804,155,63,977
2026-09-13 19:34:25.009,1789338865.0093012,153,58,982
2026-09-13 19:34:25.029,1789338865.0293012,149,59,980
2026-09-13 19:34:25.049,1789338865.0493011,149,60,980
2026-09-13 19:34:25.069,1789338865.0693011,150,61,981
2026-09-13 19:34:25.089,1789338865.089301,154,63,980
2026-09-13 19:34:25.109,1789338865.109301,156,64,976
2026-09-13 19:34:25.129,1789338865.129301,156,62,982
2026-09-13 19:34:25.149,1789338865.1493013,156,61,980
2026-09-13 19:34:25.169,1789338865.1693013,154,64,976
2026-09-13 19:34:25.189,1789338865.1893013,152,61,977
2026-09-13 19:34:25.209,1789338865.2093012,152,62,976
2026-09-13 19:34:25.229,1789338865.2293012,146,61,980
2026-09-13 19:34:25.249,1789338865.2493012,146,60,984
2026-09-13 19:34:25.269,1789338865.2693012,145,60,980
2026-09-13 19:34:25.289,1789338865.2893012,145,60,977
2026-09-13 19:34:25.309,1789338865.3093011,146,60,979
2026-09-13 19:34:25.329,1789338865.329301,149,61,978
2026-09-13 19:34:25.349,1789338865.349301,148,63,981
2026-09-13 19:34:25.369,1789338865.369301,146,61,980
2026-09-13 19:34:25.389,1789338865.3893013,144,61,981
2026-09-13 19:34:25.409,1789338865.4093013,142,59,983
2026-09-13 19:34:25.429,1789338865.4293013,139,59,983
2026-09-13 19:34:25.449,1789338865.4493012,142,61,978
2026-09-13 19:34:25.469,1789338865.4693012,143,60,979
2026-09-13 19:34:25.489,1789338865.4893012,136,62,982
2026-09-13 19:34:25.509,1789338865.5093012,138,60,978
2026-09-13 19:34:25.529,1789338865.5293012,140,60,980
2026-09-13 19:34:25.549,1789338865.5493011,146,62,978
2026-09-13 19:34:25.569,1789338865.5693011,145,62,979
2026-09-13 19:34:25.589,1789338865.589301,140,63,981
2026-09-13 19:34:25.609,1789338865.609301,137,62,969
2026-09-13 19:34:25.629,1789338865.629301,150,59,976
2026-09-13 19:34:25.649,1789338865.6493013,154,59,991
2026-09-13 19:34:25.669,1789338865.6693013,152,61,969
2026-09-13 19:34:25.689,1789338865.6893013,148,60,973
2026-09-13 19:34:25.709,1789338865.7093012,134,60,988
2026-09-13 19:34:25.716,1789338865.7167084,118,63,988
2026-09-13 19:34:25.736,1789338865.7367084,131,63,987
2026-09-13 19:34:25.756,1789338865.7567084,136,61,980
2026-09-13 19:34:25.776,1789338865.7767084,147,61,976
2026-09-13 19:34:25.796,1789338865.7967083,153,63,975
2026-09-13 19:34:25.816,1789338865.8167083,153,63,976
2026-09-13 19:34:25.836,1789338865.8367083,150,62,984
2026-09-13 19:34:25.856,1789338865.8567085,141,62,984
2026-09-13 19:34:25.876,1789338865.8767085,139,62,985
2026-09-13 19:34:25.896,1789338865.8967085,135,58,983
2026-09-13 19:34:25.916,1789338865.9167085,133,60,989
2026-09-13 19:34:25.936,1789338865.9367085,132,60,980
2026-09-13 19:34:25.956,1789338865.9567084,133,54,976
2026-09-13 19:34:25.976,1789338865.9767084,122,49,980
2026-09-13 19:34:25.996,1789338865.9967084,117,53,979
2026-09-13 19:34:26.016,1789338866.0167084,119,57,986
2026-09-13 19:34:26.036,1789338866.0367084,120,62,984
2026-09-13 19:34:26.056,1789338866.0567083,125,64,981
2026-09-13 19:34:26.076,1789338866.0767083,131,61,980
2026-09-13 19:34:26.096,1789338866.0967085,134,57,979
2026-09-13 19:34:26.116,1789338866.1167085,129,55,974
2026-09-13 19:34:26.136,1789338866.1367085,123,55,973
2026-09-13 19:34:26.156,1789338866.1567085,120,57,974
2026-09-13 19:34:26.176,1789338866.1767085,115,60,976
2026-09-13 19:34:26.196,1789338866.1967084,113,62,986
2026-09-13 19:34:26.216,1789338866.2167084,108,62,985
2026-09-13 19:34:26.236,1789338866.2367084,111,59,977
2026-09-13 19:34:26.256,1789338866.2567084,113,58,976
2026-09-13 19:34:26.276,1789338866.2767084,114,56,976
2026-09-13 19:34:26.296,1789338866.2967083,116,58,978
2026-09-13 19:34:26.316,1789338866.3167083,115,61,986
2026-09-13 19:34:26.336,1789338866.3367083,112,60,989
2026-09-13 19:34:26.356,1789338866.3567085,107,61,983
2026-09-13 19:34:26.376,1789338866.3767085,104,58,982
2026-09-13 19:34:26.396,1789338866.3967085,105,57,986
2026-09-13 19:34:26.416,1789338866.4167085,102,57,989
2026-09-13 19:34:26.424,1789338866.4241462,102,56,985
2026-09-13 19:34:26.444,1789338866.4441462,102,58,986
2026-09-13 19:34:26.464,1789338866.4641461,101,57,988
2026-09-13 19:34:26.484,1789338866.484146,95,59,971
2026-09-13 19:34:26.504,1789338866.504146,106,58,979
2026-09-13 19:34:26.524,1789338866.524146,114,58,997
2026-09-13 19:34:26.544,1789338866.544146,103,60,975
2026-09-13 19:34:26.564,1789338866.5641463,98,57,968
2026-09-13 19:34:26.584,1789338866.5841463,96,54,991
2026-09-13 19:34:26.604,1789338866.6041462,93,58,992
2026-09-13 19:34:26.624,1789338866.6241462,96,60,986
2026-09-13 19:34:26.644,1789338866.6441462,104,60,983
2026-09-13 19:34:26.664,1789338866.6641462,105,60,983
2026-09-13 19:34:26.684,1789338866.6841462,101,57,985
2026-09-13 19:34:26.704,1789338866.7041461,102,55,984
2026-09-13 19:34:26.724,1789338866.7241461,102,54,989
2026-09-13 19:34:26.744,1789338866.744146,99,55,984
2026-09-13 19:34:26.764,1789338866.764146,100,56,981
2026-09-13 19:34:26.784,1789338866.784146,100,58,985
2026-09-13 19:34:26.804,1789338866.8041463,99,55,987
2026-09-13 19:34:26.824,1789338866.8241463,95,59,987
2026-09-13 19:34:26.844,1789338866.8441463,97,58,977
2026-09-13 19:34:26.864,1789338866.8641462,97,54,980
2026-09-13 19:34:26.884,1789338866.8841462,95,54,983
2026-09-13 19:34:26.904,1789338866.9041462,94,56,985
2026-09-13 19:34:26.924,1789338866.9241462,94,57,987
2026-09-13 19:34:26.944,1789338866.9441462,95,58,987
2026-09-13 19:34:26.964,1789338866.9641461,96,58,984
2026-09-13 19:34:26.984,1789338866.984146,97,59,982
2026-09-13 19:34:27.004,1789338867.004146,96,59,983
2026-09-13 19:34:27.024,1789338867.024146,95,55,981
2026-09-13 19:34:27.044,1789338867.044146,96,55,985
2026-09-13 19:34:27.064,1789338867.0641463,94,56,983
2026-09-13 19:34:27.084,1789338867.0841463,93,57,983
2026-09-13 19:34:27.104,1789338867.1041462,93,57,982
2026-09-13 19:34:27.124,1789338867.1241462,94,53,983
2026-09-13 19:34:27.131,1789338867.131645,94,55,987
2026-09-13 19:34:27.151,1789338867.151645,93,59,980
2026-09-13 19:34:27.171,1789338867.171645,94,60,982
2026-09-13 19:34:27.191,1789338867.191645,95,59,984
2026-09-13 19:34:27.211,1789338867.211645,93,54,986
2026-09-13 19:34:27.231,1789338867.2316449,92,57,985
2026-09-13 19:34:27.251,1789338867.2516448,93,59,988
2026-09-13 19:34:27.271,1789338867.271645,91,59,975
2026-09-13 19:34:27.291,1789338867.291645,94,55,974
2026-09-13 19:34:27.311,1789338867.311645,101,52,1001
2026-09-13 19:34:27.331,1789338867.331645,93,55,984
2026-09-13 19:34:27.351,1789338867.351645,91,57,964
2026-09-13 19:34:27.371,1789338867.371645,92,55,982
2026-09-13 19:34:27.391,1789338867.391645,87,59,989
2026-09-13 19:34:27.411,1789338867.411645,88,60,989
2026-09-13 19:34:27.431,1789338867.431645,93,59,989
2026-09-13 19:34:27.451,1789338867.451645,94,62,985
2026-09-13 19:34:27.471,1789338867.4716449,95,59,984
2026-09-13 19:34:27.491,1789338867.4916449,96,58,985
2026-09-13 19:34:27.511,1789338867.511645,94,59,987
2026-09-13 19:34:27.531,1789338867.531645,93,61,988
2026-09-13 19:34:27.551,1789338867.551645,92,61,983
2026-09-13 19:34:27.571,1789338867.571645,92,61,984
2026-09-13 19:34:27.591,1789338867.591645,90,58,988
2026-09-13 19:34:27.611,1789338867.611645,91,58,991
2026-09-13 19:34:27.631,1789338867.631645,91,57,984
2026-09-13 19:34:27.651,1789338867.651645,93,56,974
2026-09-13 19:34:27.671,1789338867.671645,93,54,984
2026-09-13 19:34:27.691,1789338867.691645,90,59,983
2026-09-13 19:34:27.711,1789338867.711645,90,58,987
2026-09-13 19:34:27.731,1789338867.7316449,91,60,988
2026-09-13 19:34:27.751,1789338867.7516448,92,59,983
2026-09-13 19:34:27.771,1789338867.771645,92,58,983
2026-09-13 19:34:27.791,1789338867.791645,91,58,984
2026-09-13 19:34:27.811,1789338867.811645,92,58,983
2026-09-13 19:34:27.831,1789338867.831645,91,61,986
2026-09-13 19:34:27.839,1789338867.8390522,91,59,984
2026-09-13 19:34:27.859,1789338867.8590522,90,60,983
2026-09-13 19:34:27.879,1789338867.8790522,91,58,984
2026-09-13 19:34:27.899,1789338867.8990521,90,59,984
2026-09-13 19:34:27.919,1789338867.9190521,90,59,983
2026-09-13 19:34:27.939,1789338867.939052,91,60,985
2026-09-13 19:34:27.959,1789338867.959052,89,59,987
2026-09-13 19:34:27.979,1789338867.9790523,89,59,985
2026-09-13 19:34:27.999,1789338867.9990523,88,58,981
2026-09-13 19:34:28.019,1789338868.0190523,88,59,988
2026-09-13 19:34:28.039,1789338868.0390522,87,63,967
2026-09-13 19:34:28.059,1789338868.0590522,92,58,996
2026-09-13 19:34:28.079,1789338868.0790522,87,55,999
2026-09-13 19:34:28.099,1789338868.0990522,87,58,970
2026-09-13 19:34:28.119,1789338868.1190522,89,57,968
2026-09-13 19:34:28.139,1789338868.1390522,86,57,987
2026-09-13 19:34:28.159,1789338868.1590521,80,61,993
2026-09-13 19:34:28.179,1789338868.179052,85,59,989
2026-09-13 19:34:28.199,1789338868.199052,86,61,985
2026-09-13 19:34:28.219,1789338868.2190523,89,61,979
2026-09-13 19:34:28.239,1789338868.2390523,90,58,980
2026-09-13 19:34:28.259,1789338868.2590523,89,57,985
2026-09-13 19:34:28.279,1789338868.2790523,87,61,983
2026-09-13 19:34:28.299,1789338868.2990522,88,62,983
2026-09-13 19:34:28.319,1789338868.3190522,89,62,987
2026-09-13 19:34:28.339,1789338868.3390522,87,59,987
2026-09-13 19:34:28.359,1789338868.3590522,87,58,987
2026-09-13 19:34:28.379,1789338868.3790522,86,55,991
2026-09-13 19:34:28.399,1789338868.3990521,87,57,969
2026-09-13 19:34:28.419,1789338868.4190521,90,55,983
2026-09-13 19:34:28.439,1789338868.439052,88,60,977
2026-09-13 19:34:28.459,1789338868.459052,87,58,981
2026-09-13 19:34:28.479,1789338868.4790523,85,57,982
2026-09-13 19:34:28.499,1789338868.4990523,87,58,986
2026-09-13 19:34:28.519,1789338868.5190523,88,58,984
2026-09-13 19:34:28.539,1789338868.5390522,88,58,984
2026-09-13 19:34:28.546,1789338868.5462458,87,58,979
2026-09-13 19:34:28.566,1789338868.5662458,87,58,983
2026-09-13 19:34:28.586,1789338868.5862458,87,59,989
2026-09-13 19:34:28.606,1789338868.6062458,87,60,986
2026-09-13 19:34:28.626,1789338868.6262457,88,61,983
2026-09-13 19:34:28.646,1789338868.6462457,89,61,980
2026-09-13 19:34:28.666,1789338868.6662457,88,59,984
2026-09-13 19:34:28.686,1789338868.686246,87,59,984
2026-09-13 19:34:28.706,1789338868.706246,88,60,983
2026-09-13 19:34:28.726,1789338868.7262459,87,59,981
2026-09-13 19:34:28.746,1789338868.7462459,88,60,984
2026-09-13 19:34:28.766,1789338868.7662458,88,62,985
2026-09-13 19:34:28.786,1789338868.7862458,87,64,958
2026-09-13 19:34:28.806,1789338868.8062458,94,57,1001
2026-09-13 19:34:28.826,1789338868.8262458,87,55,997
2026-09-13 19:34:28.846,1789338868.8462458,89,57,968
2026-09-13 19:34:28.866,1789338868.8662457,92,56,963
2026-09-13 19:34:28.886,1789338868.8862457,90,57,982
2026-09-13 19:34:28.906,1789338868.9062457,86,63,988
2026-09-13 19:34:28.926,1789338868.926246,86,59,992
2026-09-13 19:34:28.946,1789338868.946246,86,59,985
2026-09-13 19:34:28.966,1789338868.966246,88,60,981
2026-09-13 19:34:28.986,1789338868.9862459,92,59,981
2026-09-13 19:34:29.006,1789338869.0062459,92,57,981
2026-09-13 19:34:29.026,1789338869.0262458,91,60,982
2026-09-13 19:34:29.046,1789338869.0462458,90,59,982
2026-09-13 19:34:29.066,1789338869.0662458,89,60,988
2026-09-13 19:34:29.086,1789338869.0862458,90,62,986
2026-09-13 19:34:29.106,1789338869.1062458,90,58,985
2026-09-13 19:34:29.126,1789338869.1262457,89,61,984
2026-09-13 19:34:29.146,1789338869.1462457,90,58,972
2026-09-13 19:34:29.166,1789338869.1662457,92,56,984
2026-09-13 19:34:29.186,1789338869.186246,89,59,980
2026-09-13 19:34:29.206,1789338869.206246,88,57,984
2026-09-13 19:34:29.226,1789338869.2262459,89,58,986
2026-09-13 19:34:29.246,1789338869.2462459,90,59,987
2026-09-13 19:34:29.253,1789338869.2533479,92,56,984
2026-09-13 19:34:29.273,1789338869.2733479,91,55,984
2026-09-13 19:34:29.293,1789338869.2933478,90,55,985
2026-09-13 19:34:29.313,1789338869.3133478,90,55,981
2026-09-13 19:34:29.333,1789338869.3333478,90,56,983
2026-09-13 19:34:29.353,1789338869.3533478,90,57,984
2026-09-13 19:34:29.373,1789338869.3733478,90,57,981
2026-09-13 19:34:29.393,1789338869.393348,90,58,983
2026-09-13 19:34:29.413,1789338869.413348,90,58,984
2026-09-13 19:34:29.433,1789338869.433348,89,58,986
2026-09-13 19:34:29.453,1789338869.453348,89,58,985
2026-09-13 19:34:29.473,1789338869.473348,90,60,984
2026-09-13 19:34:29.493,1789338869.493348,90,58,984
2026-09-13 19:34:29.513,1789338869.5133479,91,55,985
2026-09-13 19:34:29.533,1789338869.5333478,91,58,980
2026-09-13 19:34:29.553,1789338869.5533478,92,58,989
2026-09-13 19:34:29.573,1789338869.5733478,89,60,972
2026-09-13 19:34:29.593,1789338869.5933478,94,59,985
2026-09-13 19:34:29.613,1789338869.6133478,92,55,997
2026-09-13 19:34:29.633,1789338869.633348,93,56,987
2026-09-13 19:34:29.653,1789338869.653348,94,57,967
2026-09-13 19:34:29.673,1789338869.673348,94,55,977
2026-09-13 19:34:29.693,1789338869.693348,92,60,988
2026-09-13 19:34:29.713,1789338869.713348,92,62,989
2026-09-13 19:34:29.733,1789338869.733348,91,61,984
2026-09-13 19:34:29.753,1789338869.7533479,92,58,981
2026-09-13 19:34:29.773,1789338869.7733479,95,61,983
2026-09-13 19:34:29.793,1789338869.7933478,96,61,985
2026-09-13 19:34:29.813,1789338869.8133478,96,61,987
2026-09-13 19:34:29.833,1789338869.8333478,95,58,986
2026-09-13 19:34:29.853,1789338869.8533478,94,56,985
2026-09-13 19:34:29.873,1789338869.8733478,95,57,989
2026-09-13 19:34:29.893,1789338869.893348,98,59,988
2026-09-13 19:34:29.913,1789338869.913348,97,63,983
2026-09-13 19:34:29.933,1789338869.933348,96,61,975
2026-09-13 19:34:29.953,1789338869.953348,98,58,981
2026-09-13 19:34:29.960,1789338869.96045,97,56,979
2026-09-13 19:34:29.980,1789338869.98045,97,60,984
2026-09-13 19:34:30.000,1789338870.00045,97,61,987
2026-09-13 19:34:30.020,1789338870.0204499,95,62,989
2026-09-13 19:34:30.040,1789338870.0404499,94,58,990
2026-09-13 19:34:30.060,1789338870.0604498,94,59,989
2026-09-13 19:34:30.080,1789338870.0804498,97,56,984
2026-09-13 19:34:30.100,1789338870.10045,99,59,972
2026-09-13 19:34:30.120,1789338870.12045,102,58,979
2026-09-13 19:34:30.140,1789338870.14045,100,60,984
2026-09-13 19:34:30.160,1789338870.16045,97,61,983
2026-09-13 19:34:30.180,1789338870.18045,98,63,981
2026-09-13 19:34:30.200,1789338870.20045,98,60,981
2026-09-13 19:34:30.220,1789338870.22045,96,59,987
2026-09-13 19:34:30.240,1789338870.24045,95,59,985
2026-09-13 19:34:30.260,1789338870.26045,96,62,983
2026-09-13 19:34:30.280,1789338870.2804499,97,62,977
2026-09-13 19:34:30.300,1789338870.3004498,99,57,981
2026-09-13 19:34:30.320,1789338870.3204498,99,59,986
2026-09-13 19:34:30.340,1789338870.34045,97,58,989
2026-09-13 19:34:30.360,1789338870.36045,95,57,984
2026-09-13 19:34:30.380,1789338870.38045,95,57,980
2026-09-13 19:34:30.400,1789338870.40045,99,57,984
2026-09-13 19:34:30.420,1789338870.42045,101,56,987
2026-09-13 19:34:30.440,1789338870.44045,104,59,986
2026-09-13 19:34:30.460,1789338870.46045,105,61,987
2026-09-13 19:34:30.480,1789338870.48045,97,59,971
2026-09-13 19:34:30.500,1789338870.50045,105,58,986
2026-09-13 19:34:30.520,1789338870.5204499,107,57,994
2026-09-13 19:34:30.540,1789338870.5404499,111,60,976
2026-09-13 19:34:30.560,1789338870.5604498,117,60,969
2026-09-13 19:34:30.580,1789338870.5804498,110,61,979
2026-09-13 19:34:30.600,1789338870.60045,101,64,986
2026-09-13 19:34:30.620,1789338870.62045,101,62,987
2026-09-13 19:34:30.640,1789338870.64045,103,59,986
2026-09-13 19:34:30.660,1789338870.66045,112,59,983
2026-09-13 19:34:30.667,1789338870.6677046,118,58,979
2026-09-13 19:34:30.687,1789338870.6877046,118,61,979
2026-09-13 19:34:30.707,1789338870.7077045,113,62,984
2026-09-13 19:34:30.727,1789338870.7277045,106,60,989
2026-09-13 19:34:30.747,1789338870.7477045,105,58,989
2026-09-13 19:34:30.767,1789338870.7677045,114,60,987
2026-09-13 19:34:30.787,1789338870.7877045,111,64,986
2026-09-13 19:34:30.807,1789338870.8077047,106,64,981
2026-09-13 19:34:30.827,1789338870.8277047,108,58,976
2026-09-13 19:34:30.847,1789338870.8477046,112,57,984
2026-09-13 19:34:30.867,1789338870.8677046,110,60,976
2026-09-13 19:34:30.887,1789338870.8877046,109,60,982
2026-09-13 19:34:30.907,1789338870.9077046,108,59,987
2026-09-13 19:34:30.927,1789338870.9277046,112,59,984
2026-09-13 19:34:30.947,1789338870.9477046,117,60,985
2026-09-13 19:34:30.967,1789338870.9677045,117,59,982
2026-09-13 19:34:30.987,1789338870.9877045,117,59,981
2026-09-13 19:34:31.007,1789338871.0077045,116,62,984
2026-09-13 19:34:31.027,1789338871.0277045,114,62,982
2026-09-13 19:34:31.047,1789338871.0477047,115,62,982
2026-09-13 19:34:31.067,1789338871.0677047,112,61,983
2026-09-13 19:34:31.087,1789338871.0877047,115,62,981
2026-09-13 19:34:31.107,1789338871.1077046,116,61,981
2026-09-13 19:34:31.127,1789338871.1277046,115,61,983
2026-09-13 19:34:31.147,1789338871.1477046,114,60,980
2026-09-13 19:34:31.167,1789338871.1677046,115,62,982
2026-09-13 19:34:31.187,1789338871.1877046,115,63,980
2026-09-13 19:34:31.207,1789338871.2077045,117,59,981
2026-09-13 19:34:31.227,1789338871.2277045,114,60,985
2026-09-13 19:34:31.247,1789338871.2477045,114,61,982
2026-09-13 19:34:31.267,1789338871.2677045,115,60,981
2026-09-13 19:34:31.287,1789338871.2877045,115,61,984
2026-09-13 19:34:31.307,1789338871.3077047,112,60,980
2026-09-13 19:34:31.327,1789338871.3277047,117,60,980
2026-09-13 19:34:31.347,1789338871.3477046,114,59,980
2026-09-13 19:34:31.367,1789338871.3677046,114,59,984
2026-09-13 19:34:31.375,1789338871.3751729,114,60,984
2026-09-13 19:34:31.395,1789338871.3951728,113,60,980
2026-09-13 19:34:31.415,1789338871.4151728,114,61,985
2026-09-13 19:34:31.435,1789338871.4351728,111,63,976
2026-09-13 19:34:31.455,1789338871.4551728,116,60,970
2026-09-13 19:34:31.475,1789338871.4751728,129,59,990
2026-09-13 19:34:31.495,1789338871.4951727,118,61,985
2026-09-13 19:34:31.515,1789338871.515173,117,63,969
2026-09-13 19:34:31.535,1789338871.535173,117,61,979
2026-09-13 19:34:31.555,1789338871.555173,106,60,987
2026-09-13 19:34:31.575,1789338871.575173,105,61,990
2026-09-13 19:34:31.595,1789338871.595173,106,59,982
2026-09-13 19:34:31.615,1789338871.6151729,112,59,982
2026-09-13 19:34:31.635,1789338871.6351728,120,61,981
2026-09-13 19:34:31.655,1789338871.6551728,124,64,980
2026-09-13 19:34:31.675,1789338871.6751728,123,65,982
2026-09-13 19:34:31.695,1789338871.6951728,118,59,984
2026-09-13 19:34:31.715,1789338871.7151728,115,59,983
2026-09-13 19:34:31.735,1789338871.7351727,117,60,984
2026-09-13 19:34:31.755,1789338871.755173,114,58,983
2026-09-13 19:34:31.775,1789338871.775173,112,60,983
2026-09-13 19:34:31.795,1789338871.795173,109,57,978
2026-09-13 19:34:31.815,1789338871.815173,116,59,981
2026-09-13 19:34:31.835,1789338871.835173,108,59,979
2026-09-13 19:34:31.855,1789338871.8551729,105,59,986
2026-09-13 19:34:31.875,1789338871.8751729,106,56,989
2026-09-13 19:34:31.895,1789338871.8951728,111,55,984
2026-09-13 19:34:31.915,1789338871.9151728,115,60,980
2026-09-13 19:34:31.935,1789338871.9351728,118,60,980
2026-09-13 19:34:31.955,1789338871.9551728,114,62,981
2026-09-13 19:34:31.975,1789338871.9751728,118,63,981
2026-09-13 19:34:31.995,1789338871.9951727,115,61,984
2026-09-13 19:34:32.015,1789338872.015173,107,60,982
2026-09-13 19:34:32.035,1789338872.035173,104,58,983
2026-09-13 19:34:32.055,1789338872.055173,104,60,983
2026-09-13 19:34:32.075,1789338872.075173,107,61,984
2026-09-13 19:34:32.082,1789338872.0826411,107,60,983
2026-09-13 19:34:32.102,1789338872.102641,104,58,979
2026-09-13 19:34:32.122,1789338872.122641,102,59,972
2026-09-13 19:34:32.142,1789338872.142641,104,55,976
2026-09-13 19:34:32.162,1789338872.162641,107,58,991
2026-09-13 19:34:32.182,1789338872.182641,102,56,993
2026-09-13 19:34:32.202,1789338872.202641,102,56,990
2026-09-13 19:34:32.222,1789338872.2226412,100,54,984
2026-09-13 19:34:32.242,1789338872.2426412,101,52,979
2026-09-13 19:34:32.262,1789338872.2626412,102,56,984
2026-09-13 19:34:32.282,1789338872.2826412,100,58,988
2026-09-13 19:34:32.302,1789338872.3026412,99,59,984
2026-09-13 19:34:32.322,1789338872.3226411,101,59,982
2026-09-13 19:34:32.342,1789338872.342641,103,62,973
2026-09-13 19:34:32.362,1789338872.362641,110,61,973
2026-09-13 19:34:32.382,1789338872.382641,116,59,997
2026-09-13 19:34:32.402,1789338872.402641,106,62,988
2026-09-13 19:34:32.422,1789338872.422641,102,59,968
2026-09-13 19:34:32.442,1789338872.442641,103,52,982
2026-09-13 19:34:32.462,1789338872.4626412,95,56,990
2026-09-13 19:34:32.482,1789338872.4826412,93,61,986
2026-09-13 19:34:32.502,1789338872.5026412,98,63,984
2026-09-13 19:34:32.522,1789338872.5226412,102,60,986
2026-09-13 19:34:32.542,1789338872.5426412,103,58,987
2026-09-13 19:34:32.562,1789338872.5626411,102,58,987
2026-09-13 19:34:32.582,1789338872.5826411,101,57,987
2026-09-13 19:34:32.602,1789338872.602641,101,56,984
2026-09-13 19:34:32.622,1789338872.622641,101,55,982
2026-09-13 19:34:32.642,1789338872.642641,103,57,985
2026-09-13 19:34:32.662,1789338872.662641,99,55,989
2026-09-13 19:34:32.682,1789338872.682641,96,58,987
2026-09-13 19:34:32.702,1789338872.702641,97,54,977
2026-09-13 19:34:32.722,1789338872.7226412,99,50,986
2026-09-13 19:34:32.742,1789338872.7426412,95,52,986
2026-09-13 19:34:32.762,1789338872.7626412,94,55,981
2026-09-13 19:34:32.782,1789338872.7826412,96,54,986
2026-09-13 19:34:32.790,1789338872.790201,98,55,988
2026-09-13 19:34:32.810,1789338872.810201,97,54,984
2026-09-13 19:34:32.830,1789338872.830201,97,54,987
2026-09-13 19:34:32.850,1789338872.850201,97,57,986
2026-09-13 19:34:32.870,1789338872.8702009,98,59,982
2026-09-13 19:34:32.890,1789338872.8902009,97,61,984
2026-09-13 19:34:32.910,1789338872.9102008,95,58,982
2026-09-13 19:34:32.930,1789338872.930201,94,57,980
2026-09-13 19:34:32.950,1789338872.950201,95,56,979
2026-09-13 19:34:32.970,1789338872.970201,93,52,986
2026-09-13 19:34:32.990,1789338872.990201,92,52,984
2026-09-13 19:34:33.010,1789338873.010201,94,54,983
2026-09-13 19:34:33.030,1789338873.030201,96,57,981
2026-09-13 19:34:33.050,1789338873.050201,96,58,982
2026-09-13 19:34:33.070,1789338873.070201,96,56,983
2026-09-13 19:34:33.090,1789338873.090201,94,52,981
2026-09-13 19:34:33.110,1789338873.110201,93,52,989
2026-09-13 19:34:33.130,1789338873.1302009,90,58,974
2026-09-13 19:34:33.150,1789338873.1502008,97,60,979
2026-09-13 19:34:33.170,1789338873.170201,103,57,997
2026-09-13 19:34:33.190,1789338873.190201,96,56,983
2026-09-13 19:34:33.210,1789338873.210201,92,55,968
2026-09-13 19:34:33.230,1789338873.230201,94,56,984
2026-09-13 19:34:33.250,1789338873.250201,90,59,987
2026-09-13 19:34:33.270,1789338873.270201,91,61,984
2026-09-13 19:34:33.290,1789338873.290201,94,61,984
2026-09-13 19:34:33.310,1789338873.310201,94,59,983
2026-09-13 19:34:33.330,1789338873.330201,95,57,981
2026-09-13 19:34:33.350,1789338873.350201,96,57,984
2026-09-13 19:34:33.370,1789338873.3702009,94,58,985
2026-09-13 19:34:33.390,1789338873.3902009,93,57,986
2026-09-13 19:34:33.410,1789338873.4102008,94,60,985
2026-09-13 19:34:33.430,1789338873.430201,93,58,983
2026-09-13 19:34:33.450,1789338873.450201,93,57,981
2026-09-13 19:34:33.470,1789338873.470201,91,56,989
2026-09-13 19:34:33.490,1789338873.490201,91,55,975
2026-09-13 19:34:33.497,1789338873.4976997,94,55,981
2026-09-13 19:34:33.517,1789338873.5176997,92,58,982
2026-09-13 19:34:33.537,1789338873.5376997,91,57,985
2026-09-13 19:34:33.557,1789338873.5576997,91,54,985
2026-09-13 19:34:33.577,1789338873.5776997,91,53,985
2026-09-13 19:34:33.597,1789338873.5976996,92,55,986
2026-09-13 19:34:33.617,1789338873.6176996,92,58,983
2026-09-13 19:34:33.637,1789338873.6376998,92,60,980
2026-09-13 19:34:33.657,1789338873.6576998,92,60,983
2026-09-13 19:34:33.677,1789338873.6776998,92,58,981
2026-09-13 19:34:33.697,1789338873.6976998,91,56,986
2026-09-13 19:34:33.717,1789338873.7176998,92,58,982
2026-09-13 19:34:33.737,1789338873.7376997,91,61,983
2026-09-13 19:34:33.757,1789338873.7576997,91,61,981
2026-09-13 19:34:33.777,1789338873.7776997,92,59,985
2026-09-13 19:34:33.797,1789338873.7976997,90,55,989
2026-09-13 19:34:33.817,1789338873.8176997,89,55,985
2026-09-13 19:34:33.837,1789338873.8376997,90,59,982
2026-09-13 19:34:33.857,1789338873.8576996,90,60,985
2026-09-13 19:34:33.877,1789338873.8776999,89,63,964
2026-09-13 19:34:33.897,1789338873.8976998,95,55,999
2026-09-13 19:34:33.917,1789338873.9176998,91,55,993
2026-09-13 19:34:33.937,1789338873.9376998,90,51,968
2026-09-13 19:34:33.957,1789338873.9576998,92,51,972
2026-09-13 19:34:33.977,1789338873.9776998,91,59,990
2026-09-13 19:34:33.997,1789338873.9976997,87,68,985
2026-09-13 19:34:34.017,1789338874.0176997,89,60,984
2026-09-13 19:34:34.037,1789338874.0376997,90,59,985
2026-09-13 19:34:34.057,1789338874.0576997,91,61,984
2026-09-13 19:34:34.077,1789338874.0776997,92,63,987
2026-09-13 19:34:34.097,1789338874.0976996,92,61,982
2026-09-13 19:34:34.117,1789338874.1176996,91,61,981
2026-09-13 19:34:34.137,1789338874.1376998,91,59,983
2026-09-13 19:34:34.157,1789338874.1576998,91,60,985
2026-09-13 19:34:34.177,1789338874.1776998,90,58,986
2026-09-13 19:34:34.197,1789338874.1976998,88,59,984
2026-09-13 19:34:34.205,1789338874.205168,87,60,990
2026-09-13 19:34:34.225,1789338874.225168,90,58,970
2026-09-13 19:34:34.245,1789338874.245168,92,56,986
2026-09-13 19:34:34.265,1789338874.265168,89,58,983
2026-09-13 19:34:34.285,1789338874.285168,89,58,983
2026-09-13 19:34:34.305,1789338874.305168,90,61,984
2026-09-13 19:34:34.325,1789338874.325168,92,59,985
2026-09-13 19:34:34.345,1789338874.345168,91,58,984
2026-09-13 19:34:34.365,1789338874.365168,92,56,986
2026-09-13 19:34:34.385,1789338874.385168,92,58,984
2026-09-13 19:34:34.405,1789338874.405168,92,60,983
2026-09-13 19:34:34.425,1789338874.425168,91,59,981
2026-09-13 19:34:34.445,1789338874.445168,90,57,977
2026-09-13 19:34:34.465,1789338874.465168,89,59,980
2026-09-13 19:34:34.485,1789338874.485168,89,58,983
2026-09-13 19:34:34.505,1789338874.505168,92,59,984
2026-09-13 19:34:34.525,1789338874.525168,91,63,983
2026-09-13 19:34:34.545,1789338874.545168,91,63,983
2026-09-13 19:34:34.565,1789338874.565168,91,61,979
2026-09-13 19:34:34.585,1789338874.5851681,91,58,984
2026-09-13 19:34:34.605,1789338874.605168,89,61,966
2026-09-13 19:34:34.625,1789338874.625168,95,62,984
2026-09-13 19:34:34.645,1789338874.645168,89,60,998
2026-09-13 19:34:34.665,1789338874.665168,89,60,982
2026-09-13 19:34:34.685,1789338874.685168,92,59,960
2026-09-13 19:34:34.705,1789338874.705168,92,56,979
2026-09-13 19:34:34.725,1789338874.725168,88,64,989
2026-09-13 19:34:34.745,1789338874.745168,88,61,992
2026-09-13 19:34:34.765,1789338874.765168,90,61,985
2026-09-13 19:34:34.785,1789338874.785168,91,59,983
2026-09-13 19:34:34.805,1789338874.805168,94,58,984
2026-09-13 19:34:34.825,1789338874.825168,93,57,986
2026-09-13 19:34:34.845,1789338874.845168,93,60,985
2026-09-13 19:34:34.865,1789338874.865168,92,60,985
2026-09-13 19:34:34.885,1789338874.885168,91,57,986
2026-09-13 19:34:34.905,1789338874.905168,91,58,985
2026-09-13 19:34:34.912,1789338874.9127278,90,57,986
2026-09-13 19:34:34.932,1789338874.9327278,89,60,991
2026-09-13 19:34:34.952,1789338874.9527278,89,58,977
2026-09-13 19:34:34.972,1789338874.9727278,93,53,984
2026-09-13 19:34:34.992,1789338874.9927278,90,57,980
2026-09-13 19:34:35.012,1789338875.0127277,92,59,983
2026-09-13 19:34:35.032,1789338875.0327277,90,57,987
2026-09-13 19:34:35.052,1789338875.052728,91,57,988
2026-09-13 19:34:35.072,1789338875.072728,91,58,986
2026-09-13 19:34:35.092,1789338875.092728,91,58,985
2026-09-13 19:34:35.112,1789338875.1127279,91,58,983
2026-09-13 19:34:35.132,1789338875.1327279,92,60,982
2026-09-13 19:34:35.152,1789338875.1527278,92,59,988
2026-09-13 19:34:35.172,1789338875.1727278,90,59,987
2026-09-13 19:34:35.192,1789338875.1927278,89,58,986
2026-09-13 19:34:35.212,1789338875.2127278,89,59,981
2026-09-13 19:34:35.232,1789338875.2327278,89,60,985
2026-09-13 19:34:35.252,1789338875.2527277,88,57,983
2026-09-13 19:34:35.272,1789338875.2727277,88,57,984
2026-09-13 19:34:35.292,1789338875.292728,89,58,983
2026-09-13 19:34:35.312,1789338875.312728,90,59,984
2026-09-13 19:34:35.332,1789338875.332728,91,58,986
2026-09-13 19:34:35.352,1789338875.352728,89,59,983
2026-09-13 19:34:35.372,1789338875.3727279,90,59,985
2026-09-13 19:34:35.392,1789338875.3927279,88,62,975
2026-09-13 19:34:35.412,1789338875.4127278,91,59,982
2026-09-13 19:34:35.432,1789338875.4327278,91,55,998
2026-09-13 19:34:35.452,1789338875.4527278,90,60,989
2026-09-13 19:34:35.472,1789338875.4727278,92,62,962
2026-09-13 19:34:35.492,1789338875.4927278,93,56,973
2026-09-13 19:34:35.512,1789338875.5127277,90,60,985
2026-09-13 19:34:35.532,1789338875.5327277,90,62,989
2026-09-13 19:34:35.552,1789338875.552728,89,62,993
2026-09-13 19:34:35.572,1789338875.572728,88,62,989
2026-09-13 19:34:35.592,1789338875.592728,88,62,987
2026-09-13 19:34:35.612,1789338875.6127279,90,61,983
2026-09-13 19:34:35.620,1789338875.620135,92,58,982
2026-09-13 19:34:35.640,1789338875.640135,94,62,980
2026-09-13 19:34:35.660,1789338875.660135,95,61,981
2026-09-13 19:34:35.680,1789338875.680135,95,62,985
2026-09-13 19:34:35.700,1789338875.700135,93,61,989
2026-09-13 19:34:35.720,1789338875.720135,91,62,990
2026-09-13 19:34:35.740,1789338875.740135,91,63,979
2026-09-13 19:34:35.760,1789338875.7601352,93,62,985
2026-09-13 19:34:35.780,1789338875.7801352,92,61,983
2026-09-13 19:34:35.800,1789338875.8001351,93,62,985
2026-09-13 19:34:35.820,1789338875.820135,93,61,983
2026-09-13 19:34:35.840,1789338875.840135,92,59,985
2026-09-13 19:34:35.860,1789338875.860135,95,61,986
2026-09-13 19:34:35.880,1789338875.880135,97,63,984
2026-09-13 19:34:35.900,1789338875.900135,96,59,981
2026-09-13 19:34:35.920,1789338875.920135,95,59,980
2026-09-13 19:34:35.940,1789338875.940135,97,62,983
2026-09-13 19:34:35.960,1789338875.960135,96,62,983
2026-09-13 19:34:35.980,1789338875.980135,95,59,984
2026-09-13 19:34:36.000,1789338876.0001352,95,58,983
2026-09-13 19:34:36.020,1789338876.0201352,95,61,980
2026-09-13 19:34:36.040,1789338876.0401351,96,60,983
2026-09-13 19:34:36.060,1789338876.0601351,94,62,984
2026-09-13 19:34:36.080,1789338876.080135,94,60,986
2026-09-13 19:34:36.100,1789338876.100135,94,62,985
2026-09-13 19:34:36.120,1789338876.120135,96,66,986
2026-09-13 19:34:36.140,1789338876.140135,97,67,984
2026-09-13 19:34:36.160,1789338876.160135,97,67,985
2026-09-13 19:34:36.180,1789338876.180135,97,66,981
2026-09-13 19:34:36.200,1789338876.200135,97,65,982
2026-09-13 19:34:36.220,1789338876.220135,98,63,983
2026-09-13 19:34:36.240,1789338876.240135,98,65,984
2026-09-13 19:34:36.260,1789338876.2601352,97,66,984
2026-09-13 19:34:36.280,1789338876.2801352,98,65,984
2026-09-13 19:34:36.300,1789338876.3001351,99,61,987
2026-09-13 19:34:36.320,1789338876.320135,98,64,982
2026-09-13 19:34:36.327,1789338876.3273287,100,62,981
2026-09-13 19:34:36.347,1789338876.3473287,97,58,975
2026-09-13 19:34:36.367,1789338876.3673286,102,62,974
2026-09-13 19:34:36.387,1789338876.3873286,104,63,997
2026-09-13 19:34:36.407,1789338876.4073286,99,67,995
2026-09-13 19:34:36.427,1789338876.4273286,99,69,968
2026-09-13 19:34:36.447,1789338876.4473286,107,63,972
2026-09-13 19:34:36.467,1789338876.4673288,107,65,980
2026-09-13 19:34:36.487,1789338876.4873288,105,68,987
2026-09-13 19:34:36.507,1789338876.5073287,102,70,988
2026-09-13 19:34:36.527,1789338876.5273287,100,68,982
2026-09-13 19:34:36.547,1789338876.5473287,105,68,981
2026-09-13 19:34:36.567,1789338876.5673287,106,69,979
2026-09-13 19:34:36.587,1789338876.5873287,109,70,982
2026-09-13 19:34:36.607,1789338876.6073287,109,69,981
2026-09-13 19:34:36.627,1789338876.6273286,114,69,981
2026-09-13 19:34:36.647,1789338876.6473286,115,70,980
2026-09-13 19:34:36.667,1789338876.6673286,115,69,982
2026-09-13 19:34:36.687,1789338876.6873286,106,68,981
2026-09-13 19:34:36.707,1789338876.7073288,107,68,977
2026-09-13 19:34:36.727,1789338876.7273288,113,64,981
2026-09-13 19:34:36.747,1789338876.7473288,111,66,979
2026-09-13 19:34:36.767,1789338876.7673287,109,65,978
2026-09-13 19:34:36.787,1789338876.7873287,109,68,985
2026-09-13 19:34:36.807,1789338876.8073287,110,65,983
2026-09-13 19:34:36.827,1789338876.8273287,112,63,981
2026-09-13 19:34:36.847,1789338876.8473287,113,63,984
2026-09-13 19:34:36.867,1789338876.8673286,117,68,983
2026-09-13 19:34:36.887,1789338876.8873286,121,69,973
2026-09-13 19:34:36.907,1789338876.9073286,124,69,977
2026-09-13 19:34:36.927,1789338876.9273286,117,65,980
2026-09-13 19:34:36.947,1789338876.9473286,115,67,981
2026-09-13 19:34:36.967,1789338876.9673288,117,69,980
2026-09-13 19:34:36.987,1789338876.9873288,122,69,978
2026-09-13 19:34:37.007,1789338877.0073287,120,69,979
2026-09-13 19:34:37.027,1789338877.0273287,117,68,979
2026-09-13 19:34:37.034,1789338877.0347664,118,66,983
2026-09-13 19:34:37.054,1789338877.0547664,118,69,984
2026-09-13 19:34:37.074,1789338877.0747664,123,70,986
2026-09-13 19:34:37.094,1789338877.0947664,125,68,983
2026-09-13 19:34:37.114,1789338877.1147664,129,66,980
2026-09-13 19:34:37.134,1789338877.1347663,131,67,974
2026-09-13 19:34:37.154,1789338877.1547663,129,67,980
2026-09-13 19:34:37.174,1789338877.1747665,124,66,979
2026-09-13 19:34:37.194,1789338877.1947665,131,63,978
2026-09-13 19:34:37.214,1789338877.2147665,133,62,980
2026-09-13 19:34:37.234,1789338877.2347665,133,66,978
2026-09-13 19:34:37.254,1789338877.2547665,131,65,980
2026-09-13 19:34:37.274,1789338877.2747664,129,66,985
2026-09-13 19:34:37.294,1789338877.2947664,125,64,987
2026-09-13 19:34:37.314,1789338877.3147664,119,68,977
2026-09-13 19:34:37.334,1789338877.3347664,123,65,987
2026-09-13 19:34:37.354,1789338877.3547664,120,67,977
2026-09-13 19:34:37.374,1789338877.3747663,131,66,971
2026-09-13 19:34:37.394,1789338877.3947663,143,64,988
2026-09-13 19:34:37.414,1789338877.4147666,135,63,989
2026-09-13 19:34:37.434,1789338877.4347665,132,67,966
2026-09-13 19:34:37.454,1789338877.4547665,136,65,977
2026-09-13 19:34:37.474,1789338877.4747665,123,65,984
2026-09-13 19:34:37.494,1789338877.4947665,116,65,987
2026-09-13 19:34:37.514,1789338877.5147665,119,65,983
2026-09-13 19:34:37.534,1789338877.5347664,123,63,982
2026-09-13 19:34:37.554,1789338877.5547664,132,64,980
2026-09-13 19:34:37.574,1789338877.5747664,135,66,979
2026-09-13 19:34:37.594,1789338877.5947664,136,66,982
2026-09-13 19:34:37.614,1789338877.6147664,132,66,984
2026-09-13 19:34:37.634,1789338877.6347663,131,64,983
2026-09-13 19:34:37.654,1789338877.6547663,129,64,982
2026-09-13 19:34:37.674,1789338877.6747665,126,64,982
2026-09-13 19:34:37.694,1789338877.6947665,127,65,978
2026-09-13 19:34:37.714,1789338877.7147665,126,64,979
2026-09-13 19:34:37.734,1789338877.7347665,124,64,981
2026-09-13 19:34:37.741,1789338877.74196,118,64,981
2026-09-13 19:34:37.761,1789338877.76196,119,63,981
2026-09-13 19:34:37.781,1789338877.78196,124,65,984
2026-09-13 19:34:37.801,1789338877.80196,125,62,984
2026-09-13 19:34:37.821,1789338877.82196,128,64,979
2026-09-13 19:34:37.841,1789338877.84196,131,63,981
2026-09-13 19:34:37.861,1789338877.86196,130,64,980
2026-09-13 19:34:37.881,1789338877.8819602,132,65,983
2026-09-13 19:34:37.901,1789338877.9019601,124,62,979
2026-09-13 19:34:37.921,1789338877.92196,120,64,982
2026-09-13 19:34:37.941,1789338877.94196,121,65,982
2026-09-13 19:34:37.961,1789338877.96196,121,65,982
2026-09-13 19:34:37.981,1789338877.98196,124,66,978
2026-09-13 19:34:38.001,1789338878.00196,124,65,978
2026-09-13 19:34:38.021,1789338878.02196,124,66,978
2026-09-13 19:34:38.041,1789338878.04196,125,65,980
2026-09-13 19:34:38.061,1789338878.06196,124,64,979
2026-09-13 19:34:38.081,1789338878.08196,123,65,982
2026-09-13 19:34:38.101,1789338878.10196,123,64,982
2026-09-13 19:34:38.121,1789338878.1219602,121,63,981
2026-09-13 19:34:38.141,1789338878.1419601,118,63,981
2026-09-13 19:34:38.161,1789338878.1619601,116,66,981
2026-09-13 19:34:38.181,1789338878.18196,118,64,980
2026-09-13 19:34:38.201,1789338878.20196,119,64,976
2026-09-13 19:34:38.221,1789338878.22196,116,62,981
2026-09-13 19:34:38.241,1789338878.24196,114,61,986
2026-09-13 19:34:38.261,1789338878.26196,111,64,976
2026-09-13 19:34:38.281,1789338878.28196,115,66,984
2026-09-13 19:34:38.301,1789338878.30196,107,63,992
2026-09-13 19:34:38.321,1789338878.32196,102,62,970
2026-09-13 19:34:38.341,1789338878.34196,115,62,975
2026-09-13 19:34:38.361,1789338878.36196,122,63,994
2026-09-13 19:34:38.381,1789338878.3819602,112,64,985
2026-09-13 19:34:38.401,1789338878.4019601,102,58,974
2026-09-13 19:34:38.421,1789338878.42196,103,54,992
2026-09-13 19:34:38.441,1789338878.44196,97,59,989
2026-09-13 19:34:38.449,1789338878.4493368,98,61,988
2026-09-13 19:34:38.469,1789338878.4693367,106,60,981
2026-09-13 19:34:38.489,1789338878.4893367,111,60,983
2026-09-13 19:34:38.509,1789338878.5093367,111,61,988
2026-09-13 19:34:38.529,1789338878.5293367,113,61,984
2026-09-13 19:34:38.549,1789338878.5493367,111,61,985
2026-09-13 19:34:38.569,1789338878.5693367,108,59,986
2026-09-13 19:34:38.589,1789338878.5893369,107,61,984
2026-09-13 19:34:38.609,1789338878.6093369,106,61,984
2026-09-13 19:34:38.629,1789338878.6293368,105,62,985
2026-09-13 19:34:38.649,1789338878.6493368,101,63,979
2026-09-13 19:34:38.669,1789338878.6693368,105,62,977
2026-09-13 19:34:38.689,1789338878.6893368,103,56,984
2026-09-13 19:34:38.709,1789338878.7093368,99,58,982
2026-09-13 19:34:38.729,1789338878.7293367,100,61,982
2026-09-13 19:34:38.749,1789338878.7493367,103,61,980
2026-09-13 19:34:38.769,1789338878.7693367,103,62,978
2026-09-13 19:34:38.789,1789338878.7893367,104,59,976
2026-09-13 19:34:38.809,1789338878.8093367,106,61,978
2026-09-13 19:34:38.829,1789338878.829337,107,65,980
2026-09-13 19:34:38.849,1789338878.8493369,105,65,983
2026-09-13 19:34:38.869,1789338878.8693368,100,62,981
2026-09-13 19:34:38.889,1789338878.8893368,100,61,983
2026-09-13 19:34:38.909,1789338878.9093368,102,62,982
2026-09-13 19:34:38.929,1789338878.9293368,103,63,980
2026-09-13 19:34:38.949,1789338878.9493368,102,63,983
2026-09-13 19:34:38.969,1789338878.9693367,101,64,982
2026-09-13 19:34:38.989,1789338878.9893367,101,61,982
2026-09-13 19:34:39.009,1789338879.0093367,103,60,985
2026-09-13 19:34:39.029,1789338879.0293367,107,60,981
2026-09-13 19:34:39.049,1789338879.0493367,108,62,980
2026-09-13 19:34:39.069,1789338879.0693367,104,61,985
2026-09-13 19:34:39.089,1789338879.0893369,101,61,982
2026-09-13 19:34:39.109,1789338879.1093369,101,62,981
2026-09-13 19:34:39.129,1789338879.1293368,103,59,988
2026-09-13 19:34:39.149,1789338879.1493368,98,63,974
2026-09-13 19:34:39.156,1789338879.1567442,103,61,978
2026-09-13 19:34:39.176,1789338879.1767442,111,59,996
2026-09-13 19:34:39.196,1789338879.1967442,104,61,987
2026-09-13 19:34:39.216,1789338879.2167442,106,61,965
2026-09-13 19:34:39.236,1789338879.2367442,105,59,977
2026-09-13 19:34:39.256,1789338879.2567441,97,60,987
2026-09-13 19:34:39.276,1789338879.2767441,98,62,991
2026-09-13 19:34:39.296,1789338879.2967443,101,63,987
2026-09-13 19:34:39.316,1789338879.3167443,104,64,983
2026-09-13 19:34:39.336,1789338879.3367443,107,62,980
2026-09-13 19:34:39.356,1789338879.3567443,108,65,980
2026-09-13 19:34:39.376,1789338879.3767443,109,62,984
2026-09-13 19:34:39.396,1789338879.3967443,109,63,986
2026-09-13 19:34:39.416,1789338879.4167442,106,62,984
2026-09-13 19:34:39.436,1789338879.4367442,105,63,982
2026-09-13 19:34:39.456,1789338879.4567442,104,60,983
2026-09-13 19:34:39.476,1789338879.4767442,102,61,986
2026-09-13 19:34:39.496,1789338879.4967442,102,62,978
2026-09-13 19:34:39.516,1789338879.5167441,103,57,979
2026-09-13 19:34:39.536,1789338879.5367444,100,57,982
2026-09-13 19:34:39.556,1789338879.5567443,100,59,983
2026-09-13 19:34:39.576,1789338879.5767443,102,61,984
2026-09-13 19:34:39.596,1789338879.5967443,102,60,984
2026-09-13 19:34:39.616,1789338879.6167443,104,61,981
2026-09-13 19:34:39.636,1789338879.6367443,107,60,981
2026-09-13 19:34:39.656,1789338879.6567442,104,61,980
2026-09-13 19:34:39.676,1789338879.6767442,106,62,982
2026-09-13 19:34:39.696,1789338879.6967442,102,62,984
2026-09-13 19:34:39.716,1789338879.7167442,100,62,982
2026-09-13 19:34:39.736,1789338879.7367442,102,61,980
2026-09-13 19:34:39.756,1789338879.7567441,104,63,982
2026-09-13 19:34:39.776,1789338879.7767441,103,62,981
2026-09-13 19:34:39.796,1789338879.7967443,102,62,984
2026-09-13 19:34:39.816,1789338879.8167443,104,61,982
2026-09-13 19:34:39.836,1789338879.8367443,104,62,982
2026-09-13 19:34:39.856,1789338879.8567443,103,61,980
2026-09-13 19:34:39.864,1789338879.8640292,103,58,983
2026-09-13 19:34:39.884,1789338879.8840292,105,59,985
2026-09-13 19:34:39.904,1789338879.9040291,103,59,984
2026-09-13 19:34:39.924,1789338879.924029,103,62,982
2026-09-13 19:34:39.944,1789338879.944029,102,59,986
2026-09-13 19:34:39.964,1789338879.964029,98,62,966
2026-09-13 19:34:39.984,1789338879.984029,111,60,990
2026-09-13 19:34:40.004,1789338880.0040293,107,58,997
2026-09-13 19:34:40.024,1789338880.0240293,102,61,974
2026-09-13 19:34:40.044,1789338880.0440292,108,62,968
2026-09-13 19:34:40.064,1789338880.0640292,103,59,979
2026-09-13 19:34:40.084,1789338880.0840292,97,59,989
2026-09-13 19:34:40.104,1789338880.1040292,97,62,991
2026-09-13 19:34:40.124,1789338880.1240292,102,61,985
2026-09-13 19:34:40.144,1789338880.1440291,104,61,981
2026-09-13 19:34:40.164,1789338880.1640291,106,63,978
2026-09-13 19:34:40.184,1789338880.184029,110,64,983
2026-09-13 19:34:40.204,1789338880.204029,109,61,985
2026-09-13 19:34:40.224,1789338880.224029,109,62,985
2026-09-13 19:34:40.244,1789338880.2440293,104,62,982
2026-09-13 19:34:40.264,1789338880.2640293,103,61,983
2026-09-13 19:34:40.284,1789338880.2840292,104,59,983
2026-09-13 19:34:40.304,1789338880.3040292,104,60,981
2026-09-13 19:34:40.324,1789338880.3240292,104,62,975
2026-09-13 19:34:40.344,1789338880.3440292,105,58,980
2026-09-13 19:34:40.364,1789338880.3640292,100,58,978
2026-09-13 19:34:40.384,1789338880.3840292,98,59,982
2026-09-13 19:34:40.404,1789338880.4040291,99,59,988
2026-09-13 19:34:40.424,1789338880.424029,103,60,985
2026-09-13 19:34:40.444,1789338880.444029,107,61,983
2026-09-13 19:34:40.464,1789338880.464029,107,60,981
2026-09-13 19:34:40.484,1789338880.484029,104,59,979
2026-09-13 19:34:40.504,1789338880.5040293,105,61,982
2026-09-13 19:34:40.524,1789338880.5240293,103,60,984
2026-09-13 19:34:40.544,1789338880.5440292,100,62,983
2026-09-13 19:34:40.564,1789338880.5640292,101,62,981
2026-09-13 19:34:40.571,1789338880.571467,102,61,983
2026-09-13 19:34:40.591,1789338880.591467,101,61,983
2026-09-13 19:34:40.611,1789338880.611467,102,61,983
2026-09-13 19:34:40.631,1789338880.6314669,103,61,982
2026-09-13 19:34:40.651,1789338880.6514668,105,61,980
2026-09-13 19:34:40.671,1789338880.6714668,105,60,979
2026-09-13 19:34:40.691,1789338880.6914668,105,60,984
2026-09-13 19:34:40.711,1789338880.711467,104,60,982
2026-09-13 19:34:40.731,1789338880.731467,103,61,980
2026-09-13 19:34:40.751,1789338880.751467,102,56,988
2026-09-13 19:34:40.771,1789338880.771467,97,61,968
2026-09-13 19:34:40.791,1789338880.791467,105,59,990
2026-09-13 19:34:40.811,1789338880.811467,104,60,1000
2026-09-13 19:34:40.831,1789338880.831467,105,62,977
2026-09-13 19:34:40.851,1789338880.851467,111,62,967
2026-09-13 19:34:40.871,1789338880.8714669,108,59,978
2026-09-13 19:34:40.891,1789338880.8914669,98,58,989
2026-09-13 19:34:40.911,1789338880.9114668,98,62,992
2026-09-13 19:34:40.931,1789338880.9314668,102,63,986
2026-09-13 19:34:40.951,1789338880.951467,104,60,982
2026-09-13 19:34:40.971,1789338880.971467,106,61,979
2026-09-13 19:34:40.991,1789338880.991467,111,64,981
2026-09-13 19:34:41.011,1789338881.011467,111,64,985
2026-09-13 19:34:41.031,1789338881.031467,109,64,984
2026-09-13 19:34:41.051,1789338881.051467,107,61,983
2026-09-13 19:34:41.071,1789338881.071467,106,61,983
2026-09-13 19:34:41.091,1789338881.091467,104,58,985
2026-09-13 19:34:41.111,1789338881.111467,104,61,984
2026-09-13 19:34:41.131,1789338881.1314669,106,60,976
2026-09-13 19:34:41.151,1789338881.1514668,106,56,986
2026-09-13 19:34:41.171,1789338881.1714668,101,56,978
2026-09-13 19:34:41.191,1789338881.1914668,101,58,984
2026-09-13 19:34:41.211,1789338881.211467,100,60,989
2026-09-13 19:34:41.231,1789338881.231467,102,60,984
2026-09-13 19:34:41.251,1789338881.251467,106,62,981
2026-09-13 19:34:41.271,1789338881.271467,108,60,981
2026-09-13 19:34:41.278,1789338881.2788436,107,61,982
2026-09-13 19:34:41.298,1789338881.2988436,106,60,982
2026-09-13 19:34:41.318,1789338881.3188436,104,60,983
2026-09-13 19:34:41.338,1789338881.3388436,101,61,985
2026-09-13 19:34:41.358,1789338881.3588436,102,60,982
2026-09-13 19:34:41.378,1789338881.3788435,102,62,981
2026-09-13 19:34:41.398,1789338881.3988435,104,60,982
2026-09-13 19:34:41.418,1789338881.4188437,103,59,981
2026-09-13 19:34:41.438,1789338881.4388437,103,60,981
2026-09-13 19:34:41.458,1789338881.4588437,105,61,984
2026-09-13 19:34:41.478,1789338881.4788437,104,61,985
2026-09-13 19:34:41.498,1789338881.4988437,101,61,981
2026-09-13 19:34:41.518,1789338881.5188437,102,62,983
2026-09-13 19:34:41.538,1789338881.5388436,99,59,984
2026-09-13 19:34:41.558,1789338881.5588436,100,60,970
2026-09-13 19:34:41.578,1789338881.5788436,112,58,992
2026-09-13 19:34:41.598,1789338881.5988436,108,59,992
2026-09-13 19:34:41.618,1789338881.6188436,104,61,967
2026-09-13 19:34:41.638,1789338881.6388435,105,60,969
2026-09-13 19:34:41.658,1789338881.6588438,102,57,983
2026-09-13 19:34:41.678,1789338881.6788437,98,58,992
2026-09-13 19:34:41.698,1789338881.6988437,98,63,992
2026-09-13 19:34:41.718,1789338881.7188437,102,62,983
2026-09-13 19:34:41.738,1789338881.7388437,104,62,980
2026-09-13 19:34:41.758,1789338881.7588437,109,63,978
2026-09-13 19:34:41.778,1789338881.7788436,112,64,982
2026-09-13 19:34:41.798,1789338881.7988436,109,62,985
2026-09-13 19:34:41.818,1789338881.8188436,107,61,983
2026-09-13 19:34:41.838,1789338881.8388436,105,61,982
2026-09-13 19:34:41.858,1789338881.8588436,103,60,985
2026-09-13 19:34:41.878,1789338881.8788435,105,59,984
2026-09-13 19:34:41.898,1789338881.8988435,102,61,979
2026-09-13 19:34:41.918,1789338881.9188437,104,59,979
2026-09-13 19:34:41.938,1789338881.9388437,101,58,984
2026-09-13 19:34:41.958,1789338881.9588437,99,58,979
2026-09-13 19:34:41.978,1789338881.9788437,103,61,983
2026-09-13 19:34:41.985,1789338881.9859762,102,56,986
2026-09-13 19:34:42.005,1789338882.0059762,102,60,984
2026-09-13 19:34:42.025,1789338882.0259762,106,61,983
2026-09-13 19:34:42.045,1789338882.0459762,106,61,980
2026-09-13 19:34:42.065,1789338882.0659761,105,60,978
2026-09-13 19:34:42.085,1789338882.0859761,104,61,981
2026-09-13 19:34:42.105,1789338882.105976,100,62,985
2026-09-13 19:34:42.125,1789338882.1259763,101,63,982
2026-09-13 19:34:42.145,1789338882.1459763,101,62,979
2026-09-13 19:34:42.165,1789338882.1659763,103,62,979
2026-09-13 19:34:42.185,1789338882.1859763,105,61,985
2026-09-13 19:34:42.205,1789338882.2059762,105,63,985
2026-09-13 19:34:42.225,1789338882.2259762,103,64,981
2026-09-13 19:34:42.245,1789338882.2459762,104,60,986
2026-09-13 19:34:42.265,1789338882.2659762,98,60,975
2026-09-13 19:34:42.285,1789338882.2859762,106,60,978
2026-09-13 19:34:42.305,1789338882.3059762,109,56,994
2026-09-13 19:34:42.325,1789338882.3259761,108,59,988
2026-09-13 19:34:42.345,1789338882.345976,106,59,969
2026-09-13 19:34:42.365,1789338882.3659763,105,58,973
2026-09-13 19:34:42.385,1789338882.3859763,98,58,985
2026-09-13 19:34:42.405,1789338882.4059763,96,60,990
2026-09-13 19:34:42.425,1789338882.4259763,98,64,990
2026-09-13 19:34:42.445,1789338882.4459763,100,61,983
2026-09-13 19:34:42.465,1789338882.4659762,105,62,981
2026-09-13 19:34:42.485,1789338882.4859762,110,64,981
2026-09-13 19:34:42.505,1789338882.5059762,112,63,984
2026-09-13 19:34:42.525,1789338882.5259762,110,61,982
2026-09-13 19:34:42.545,1789338882.5459762,107,61,983
2026-09-13 19:34:42.565,1789338882.5659761,103,62,984
2026-09-13 19:34:42.585,1789338882.5859761,102,62,983
2026-09-13 19:34:42.605,1789338882.605976,102,60,986
2026-09-13 19:34:42.625,1789338882.6259763,101,59,976
2026-09-13 19:34:42.645,1789338882.6459763,104,57,983
2026-09-13 19:34:42.665,1789338882.6659763,98,58,982
2026-09-13 19:34:42.685,1789338882.6859763,99,60,983
2026-09-13 19:34:42.693,1789338882.6932616,101,60,987
2026-09-13 19:34:42.713,1789338882.7132616,102,58,984
2026-09-13 19:34:42.733,1789338882.7332616,104,58,985
2026-09-13 19:34:42.753,1789338882.7532616,107,59,983
2026-09-13 19:34:42.773,1789338882.7732615,106,61,982
2026-09-13 19:34:42.793,1789338882.7932615,104,60,980
2026-09-13 19:34:42.813,1789338882.8132615,102,61,983
2026-09-13 19:34:42.833,1789338882.8332617,99,60,984
2026-09-13 19:34:42.853,1789338882.8532617,100,61,980
2026-09-13 19:34:42.873,1789338882.8732617,102,61,982
2026-09-13 19:34:42.893,1789338882.8932617,104,61,979
2026-09-13 19:34:42.913,1789338882.9132617,104,59,985
2026-09-13 19:34:42.933,1789338882.9332616,102,62,983
2026-09-13 19:34:42.953,1789338882.9532616,102,62,983
2026-09-13 19:34:42.973,1789338882.9732616,102,60,986
2026-09-13 19:34:42.993,1789338882.9932616,99,60,968
2026-09-13 19:34:43.013,1789338883.0132616,110,59,991
2026-09-13 19:34:43.033,1789338883.0332615,107,61,993
2026-09-13 19:34:43.053,1789338883.0532615,103,59,976
2026-09-13 19:34:43.073,1789338883.0732617,107,60,968
2026-09-13 19:34:43.093,1789338883.0932617,103,55,980
2026-09-13 19:34:43.113,1789338883.1132617,97,58,990
2026-09-13 19:34:43.133,1789338883.1332617,96,61,991
2026-09-13 19:34:43.153,1789338883.1532617,98,60,986
2026-09-13 19:34:43.173,1789338883.1732616,105,59,979
2026-09-13 19:34:43.193,1789338883.1932616,108,62,980
2026-09-13 19:34:43.213,1789338883.2132616,111,65,982
2026-09-13 19:34:43.233,1789338883.2332616,109,63,986
2026-09-13 19:34:43.253,1789338883.2532616,107,61,983
2026-09-13 19:34:43.273,1789338883.2732615,106,60,983
2026-09-13 19:34:43.293,1789338883.2932615,103,58,984
2026-09-13 19:34:43.313,1789338883.3132615,102,60,986
2026-09-13 19:34:43.333,1789338883.3332617,102,62,980
2026-09-13 19:34:43.353,1789338883.3532617,102,58,979
2026-09-13 19:34:43.373,1789338883.3732617,99,56,983
2026-09-13 19:34:43.393,1789338883.3932617,98,58,979
2026-09-13 19:34:43.400,1789338883.4001803,101,60,987
2026-09-13 19:34:43.420,1789338883.4201803,101,59,988
2026-09-13 19:34:43.440,1789338883.4401803,105,61,982
2026-09-13 19:34:43.460,1789338883.4601803,107,59,981
2026-09-13 19:34:43.480,1789338883.4801803,108,60,982
2026-09-13 19:34:43.500,1789338883.5001802,106,61,981
2026-09-13 19:34:43.520,1789338883.5201802,104,62,984
2026-09-13 19:34:43.540,1789338883.5401804,101,61,982
2026-09-13 19:34:43.560,1789338883.5601804,102,63,981
2026-09-13 19:34:43.580,1789338883.5801804,100,61,981
2026-09-13 19:34:43.600,1789338883.6001804,102,60,984
2026-09-13 19:34:43.620,1789338883.6201804,103,60,984
2026-09-13 19:34:43.640,1789338883.6401803,103,60,979
2026-09-13 19:34:43.660,1789338883.6601803,104,62,980
2026-09-13 19:34:43.680,1789338883.6801803,105,62,985
2026-09-13 19:34:43.700,1789338883.7001803,104,61,984
2026-09-13 19:34:43.720,1789338883.7201803,103,61,979
2026-09-13 19:34:43.740,1789338883.7401803,102,59,986
2026-09-13 19:34:43.760,1789338883.7601802,97,59,978
2026-09-13 19:34:43.780,1789338883.7801805,104,59,976
2026-09-13 19:34:43.800,1789338883.8001804,108,54,995
2026-09-13 19:34:43.820,1789338883.8201804,105,59,987
2026-09-13 19:34:43.840,1789338883.8401804,105,63,966
2026-09-13 19:34:43.860,1789338883.8601804,106,60,972
2026-09-13 19:34:43.880,1789338883.8801804,98,58,985
2026-09-13 19:34:43.900,1789338883.9001803,97,62,991
2026-09-13 19:34:43.920,1789338883.9201803,99,63,989
2026-09-13 19:34:43.940,1789338883.9401803,101,60,980
2026-09-13 19:34:43.960,1789338883.9601803,104,61,978
2026-09-13 19:34:43.980,1789338883.9801803,110,65,980
2026-09-13 19:34:44.000,1789338884.0001802,112,65,984
2026-09-13 19:34:44.020,1789338884.0201802,110,62,982
2026-09-13 19:34:44.040,1789338884.0401804,104,60,984
2026-09-13 19:34:44.060,1789338884.0601804,102,61,984
2026-09-13 19:34:44.080,1789338884.0801804,102,59,982
2026-09-13 19:34:44.100,1789338884.1001804,102,61,984
2026-09-13 19:34:44.106,1789338884.1069772,102,60,975
2026-09-13 19:34:44.126,1789338884.1269772,101,57,983
2026-09-13 19:34:44.146,1789338884.1469772,97,58,979
2026-09-13 19:34:44.166,1789338884.1669772,100,58,983
2026-09-13 19:34:44.186,1789338884.1869771,101,59,987
2026-09-13 19:34:44.206,1789338884.2069771,103,58,984
2026-09-13 19:34:44.226,1789338884.226977,108,60,980
2026-09-13 19:34:44.246,1789338884.2469773,108,61,979
2026-09-13 19:34:44.266,1789338884.2669773,107,63,978
2026-09-13 19:34:44.286,1789338884.2869773,104,62,983
2026-09-13 19:34:44.306,1789338884.3069773,101,61,985
2026-09-13 19:34:44.326,1789338884.3269773,100,61,984
2026-09-13 19:34:44.346,1789338884.3469772,100,62,981
2026-09-13 19:34:44.366,1789338884.3669772,102,63,981
2026-09-13 19:34:44.386,1789338884.3869772,104,63,980
2026-09-13 19:34:44.406,1789338884.4069772,104,63,982
2026-09-13 19:34:44.426,1789338884.4269772,104,61,981
2026-09-13 19:34:44.446,1789338884.4469771,103,60,983
2026-09-13 19:34:44.466,1789338884.4669771,104,60,982
2026-09-13 19:34:44.486,1789338884.4869773,103,60,981
2026-09-13 19:34:44.506,1789338884.5069773,103,59,981
2026-09-13 19:34:44.526,1789338884.5269773,106,61,979
2026-09-13 19:34:44.546,1789338884.5469773,104,59,977
2026-09-13 19:34:44.566,1789338884.5669773,103,59,982
2026-09-13 19:34:44.586,1789338884.5869772,100,60,986
2026-09-13 19:34:44.606,1789338884.6069772,101,63,982
2026-09-13 19:34:44.626,1789338884.6269772,103,60,986
2026-09-13 19:34:44.646,1789338884.6469772,99,62,973
2026-09-13 19:34:44.666,1789338884.6669772,106,62,974
2026-09-13 19:34:44.686,1789338884.6869771,113,59,993
2026-09-13 19:34:44.706,1789338884.7069771,104,60,988
2026-09-13 19:34:44.726,1789338884.726977,105,61,968
2026-09-13 19:34:44.746,1789338884.7469773,107,61,976
2026-09-13 19:34:44.766,1789338884.7669773,97,58,986
2026-09-13 19:34:44.786,1789338884.7869773,96,61,992
2026-09-13 19:34:44.806,1789338884.8069773,99,63,989
2026-09-13 19:34:44.814,1789338884.8143847,101,59,979
2026-09-13 19:34:44.834,1789338884.8343847,105,62,981
2026-09-13 19:34:44.854,1789338884.8543847,111,64,981
2026-09-13 19:34:44.874,1789338884.8743846,111,63,982
2026-09-13 19:34:44.894,1789338884.8943846,108,61,984
2026-09-13 19:34:44.914,1789338884.9143846,105,59,984
2026-09-13 19:34:44.934,1789338884.9343846,103,60,984
2026-09-13 19:34:44.954,1789338884.9543848,104,58,984
2026-09-13 19:34:44.974,1789338884.9743848,102,59,982
2026-09-13 19:34:44.994,1789338884.9943848,101,59,979
2026-09-13 19:34:45.014,1789338885.0143847,102,59,982
2026-09-13 19:34:45.034,1789338885.0343847,99,57,981
2026-09-13 19:34:45.054,1789338885.0543847,100,59,983
2026-09-13 19:34:45.074,1789338885.0743847,103,59,985
2026-09-13 19:34:45.094,1789338885.0943847,103,59,984
2026-09-13 19:34:45.114,1789338885.1143847,106,62,981
2026-09-13 19:34:45.134,1789338885.1343846,109,61,981
2026-09-13 19:34:45.154,1789338885.1543846,103,58,981
2026-09-13 19:34:45.174,1789338885.1743846,104,60,981
2026-09-13 19:34:45.194,1789338885.1943848,101,59,983
2026-09-13 19:34:45.214,1789338885.2143848,100,59,984
2026-09-13 19:34:45.234,1789338885.2343848,99,61,982
2026-09-13 19:34:45.254,1789338885.2543848,101,60,980
2026-09-13 19:34:45.274,1789338885.2743847,104,60,983
2026-09-13 19:34:45.294,1789338885.2943847,103,60,982
2026-09-13 19:34:45.314,1789338885.3143847,103,61,982
2026-09-13 19:34:45.334,1789338885.3343847,102,60,984
2026-09-13 19:34:45.354,1789338885.3543847,103,59,984
2026-09-13 19:34:45.374,1789338885.3743846,104,58,982
2026-09-13 19:34:45.394,1789338885.3943846,104,60,979
2026-09-13 19:34:45.414,1789338885.4143846,102,60,983
2026-09-13 19:34:45.434,1789338885.4343846,100,60,981
2026-09-13 19:34:45.454,1789338885.4543848,101,59,982
2026-09-13 19:34:45.474,1789338885.4743848,103,60,979
2026-09-13 19:34:45.494,1789338885.4943848,102,59,983
2026-09-13 19:34:45.514,1789338885.5143847,102,60,985
2026-09-13 19:34:45.521,1789338885.5217001,104,62,980
2026-09-13 19:34:45.541,1789338885.5417001,102,61,984
2026-09-13 19:34:45.561,1789338885.5617,99,60,982
2026-09-13 19:34:45.581,1789338885.5817,101,62,967
2026-09-13 19:34:45.601,1789338885.6017,112,60,993
2026-09-13 19:34:45.621,1789338885.6217,105,61,993
2026-09-13 19:34:45.641,1789338885.6417,102,62,964
2026-09-13 19:34:45.661,1789338885.6617002,107,59,972
2026-09-13 19:34:45.681,1789338885.6817002,99,58,985
2026-09-13 19:34:45.701,1789338885.7017002,97,60,990
2026-09-13 19:34:45.721,1789338885.7217002,97,63,988
2026-09-13 19:34:45.741,1789338885.7417002,100,59,983
2026-09-13 19:34:45.761,1789338885.7617002,105,61,980
2026-09-13 19:34:45.781,1789338885.7817001,110,64,979
2026-09-13 19:34:45.801,1789338885.8017,113,62,982
2026-09-13 19:34:45.821,1789338885.8217,107,62,984
2026-09-13 19:34:45.841,1789338885.8417,106,60,983
2026-09-13 19:34:45.861,1789338885.8617,103,60,983
2026-09-13 19:34:45.881,1789338885.8817,104,58,985
2026-09-13 19:34:45.901,1789338885.9017003,102,58,983
2026-09-13 19:34:45.921,1789338885.9217002,100,60,976
2026-09-13 19:34:45.941,1789338885.9417002,102,60,980
2026-09-13 19:34:45.961,1789338885.9617002,100,58,980
2026-09-13 19:34:45.981,1789338885.9817002,99,61,980
2026-09-13 19:34:46.001,1789338886.0017002,102,61,984
2026-09-13 19:34:46.021,1789338886.0217001,103,58,983
2026-09-13 19:34:46.041,1789338886.0417001,104,60,982
2026-09-13 19:34:46.061,1789338886.0617,109,59,981
2026-09-13 19:34:46.081,1789338886.0817,107,60,980
2026-09-13 19:34:46.101,1789338886.1017,103,61,979
2026-09-13 19:34:46.121,1789338886.1217,103,60,982
2026-09-13 19:34:46.141,1789338886.1417,100,60,983
2026-09-13 19:34:46.161,1789338886.1617002,100,60,982
2026-09-13 19:34:46.181,1789338886.1817002,102,60,982
2026-09-13 19:34:46.201,1789338886.2017002,102,59,982
2026-09-13 19:34:46.221,1789338886.2217002,102,60,982
2026-09-13 19:34:46.228,1789338886.2287717,103,60,982
2026-09-13 19:34:46.248,1789338886.2487717,104,61,984
2026-09-13 19:34:46.268,1789338886.2687716,104,61,982
2026-09-13 19:34:46.288,1789338886.2887716,105,59,981
2026-09-13 19:34:46.308,1789338886.3087716,105,60,981
2026-09-13 19:34:46.328,1789338886.3287716,101,59,984
2026-09-13 19:34:46.348,1789338886.3487716,100,58,984
2026-09-13 19:34:46.368,1789338886.3687718,102,61,982
2026-09-13 19:34:46.388,1789338886.3887718,102,59,982
2026-09-13 19:34:46.408,1789338886.4087718,102,60,981
2026-09-13 19:34:46.428,1789338886.4287717,103,60,981
2026-09-13 19:34:46.448,1789338886.4487717,104,60,985
2026-09-13 19:34:46.468,1789338886.4687717,102,61,984
2026-09-13 19:34:46.488,1789338886.4887717,101,62,982
2026-09-13 19:34:46.508,1789338886.5087717,102,60,987
2026-09-13 19:34:46.528,1789338886.5287716,97,62,971
2026-09-13 19:34:46.548,1789338886.5487716,107,61,979
2026-09-13 19:34:46.568,1789338886.5687716,110,59,996
2026-09-13 19:34:46.588,1789338886.5887716,102,62,980
2026-09-13 19:34:46.608,1789338886.6087718,106,62,964
2026-09-13 19:34:46.628,1789338886.6287718,104,58,978
2026-09-13 19:34:46.648,1789338886.6487718,96,58,987
2026-09-13 19:34:46.668,1789338886.6687717,98,60,991
2026-09-13 19:34:46.688,1789338886.6887717,99,63,983
2026-09-13 19:34:46.708,1789338886.7087717,102,59,980
2026-09-13 19:34:46.728,1789338886.7287717,105,61,979
2026-09-13 19:34:46.748,1789338886.7487717,109,64,982
2026-09-13 19:34:46.768,1789338886.7687716,110,62,984
2026-09-13 19:34:46.788,1789338886.7887716,107,61,984
2026-09-13 19:34:46.808,1789338886.8087716,104,60,982
2026-09-13 19:34:46.828,1789338886.8287716,102,60,982
2026-09-13 19:34:46.848,1789338886.8487716,103,59,981
2026-09-13 19:34:46.868,1789338886.8687718,102,58,985
2026-09-13 19:34:46.888,1789338886.8887718,99,59,977
2026-09-13 19:34:46.908,1789338886.9087718,100,58,980
2026-09-13 19:34:46.928,1789338886.9287717,98,57,983
2026-09-13 19:34:46.936,1789338886.9360569,101,58,984
2026-09-13 19:34:46.956,1789338886.9560568,101,63,987
2026-09-13 19:34:46.976,1789338886.9760568,104,59,984
2026-09-13 19:34:46.996,1789338886.9960568,105,61,982
2026-09-13 19:34:47.016,1789338887.0160568,106,59,982
2026-09-13 19:34:47.036,1789338887.0360568,104,61,980
2026-09-13 19:34:47.056,1789338887.0560567,105,61,981
2026-09-13 19:34:47.076,1789338887.076057,101,60,984
2026-09-13 19:34:47.096,1789338887.096057,100,59,981
2026-09-13 19:34:47.116,1789338887.116057,100,60,982
2026-09-13 19:34:47.136,1789338887.136057,101,61,981
2026-09-13 19:34:47.156,1789338887.156057,103,62,982
2026-09-13 19:34:47.176,1789338887.1760569,100,60,984
2026-09-13 19:34:47.196,1789338887.1960568,102,58,983
2026-09-13 19:34:47.216,1789338887.2160568,103,59,982
2026-09-13 19:34:47.236,1789338887.2360568,103,60,983
2026-09-13 19:34:47.256,1789338887.2560568,104,60,983
2026-09-13 19:34:47.276,1789338887.2760568,104,62,982
2026-09-13 19:34:47.296,1789338887.2960567,104,60,981
2026-09-13 19:34:47.316,1789338887.316057,101,59,983
2026-09-13 19:34:47.336,1789338887.336057,99,57,983
2026-09-13 19:34:47.356,1789338887.356057,101,60,983
2026-09-13 19:34:47.376,1789338887.376057,104,59,981
2026-09-13 19:34:47.396,1789338887.396057,102,61,979
2026-09-13 19:34:47.416,1789338887.4160569,102,60,985
2026-09-13 19:34:47.436,1789338887.4360569,101,62,983
2026-09-13 19:34:47.456,1789338887.4560568,103,62,980
2026-09-13 19:34:47.476,1789338887.4760568,103,59,987
2026-09-13 19:34:47.496,1789338887.4960568,98,62,968
2026-09-13 19:34:47.516,1789338887.5160568,109,61,984
2026-09-13 19:34:47.536,1789338887.5360568,107,60,997
2026-09-13 19:34:47.556,1789338887.5560567,102,61,974
2026-09-13 19:34:47.576,1789338887.576057,106,62,968
2026-09-13 19:34:47.596,1789338887.596057,102,57,981
2026-09-13 19:34:47.616,1789338887.616057,96,59,988
2026-09-13 19:34:47.636,1789338887.636057,97,63,990
2026-09-13 19:34:47.642,1789338887.6429758,99,61,983
2026-09-13 19:34:47.662,1789338887.6629758,105,59,982
2026-09-13 19:34:47.682,1789338887.6829758,107,62,980
2026-09-13 19:34:47.702,1789338887.7029757,108,64,981
2026-09-13 19:34:47.722,1789338887.7229757,108,62,984
2026-09-13 19:34:47.742,1789338887.7429757,107,62,986
2026-09-13 19:34:47.762,1789338887.7629757,103,59,983
2026-09-13 19:34:47.782,1789338887.782976,104,62,982
2026-09-13 19:34:47.802,1789338887.802976,101,59,981
2026-09-13 19:34:47.822,1789338887.8229759,101,59,987
2026-09-13 19:34:47.842,1789338887.8429759,99,56,980
2026-09-13 19:34:47.862,1789338887.8629758,102,57,982
2026-09-13 19:34:47.882,1789338887.8829758,100,60,981
2026-09-13 19:34:47.902,1789338887.9029758,100,62,981
2026-09-13 19:34:47.922,1789338887.9229758,103,61,986
2026-09-13 19:34:47.942,1789338887.9429758,101,57,982
2026-09-13 19:34:47.962,1789338887.9629757,106,60,981
2026-09-13 19:34:47.982,1789338887.9829757,107,61,984
2026-09-13 19:34:48.002,1789338888.0029757,103,61,981
2026-09-13 19:34:48.022,1789338888.022976,103,60,981
2026-09-13 19:34:48.042,1789338888.042976,100,60,983
2026-09-13 19:34:48.062,1789338888.062976,100,60,984
2026-09-13 19:34:48.082,1789338888.0829759,100,62,981
2026-09-13 19:34:48.102,1789338888.1029758,103,61,981
2026-09-13 19:34:48.122,1789338888.1229758,103,61,981
2026-09-13 19:34:48.142,1789338888.1429758,101,61,982
2026-09-13 19:34:48.162,1789338888.1629758,103,62,983
2026-09-13 19:34:48.182,1789338888.1829758,104,61,980
2026-09-13 19:34:48.202,1789338888.2029757,102,61,982
2026-09-13 19:34:48.222,1789338888.2229757,101,61,981
2026-09-13 19:34:48.242,1789338888.2429757,102,60,982
2026-09-13 19:34:48.262,1789338888.2629757,102,58,982
2026-09-13 19:34:48.282,1789338888.282976,102,58,983
2026-09-13 19:34:48.302,1789338888.302976,103,61,981
2026-09-13 19:34:48.322,1789338888.3229759,102,61,981
2026-09-13 19:34:48.342,1789338888.3429759,102,61,981
2026-09-13 19:34:48.349,1789338888.3496506,103,59,981
2026-09-13 19:34:48.369,1789338888.3696506,104,61,985
2026-09-13 19:34:48.389,1789338888.3896506,102,62,984
2026-09-13 19:34:48.409,1789338888.4096506,102,63,981
2026-09-13 19:34:48.429,1789338888.4296505,103,59,985
2026-09-13 19:34:48.449,1789338888.4496505,99,62,970
2026-09-13 19:34:48.469,1789338888.4696505,107,61,982
2026-09-13 19:34:48.489,1789338888.4896507,109,60,996
2026-09-13 19:34:48.509,1789338888.5096507,102,61,976
2026-09-13 19:34:48.529,1789338888.5296507,106,62,966
2026-09-13 19:34:48.549,1789338888.5496507,102,57,981
2026-09-13 19:34:48.569,1789338888.5696507,96,59,990
2026-09-13 19:34:48.589,1789338888.5896506,97,60,991
2026-09-13 19:34:48.609,1789338888.6096506,99,61,986
2026-09-13 19:34:48.629,1789338888.6296506,102,58,979
2026-09-13 19:34:48.649,1789338888.6496506,104,62,981
2026-09-13 19:34:48.669,1789338888.6696506,108,63,983
2026-09-13 19:34:48.689,1789338888.6896505,109,61,986
2026-09-13 19:34:48.709,1789338888.7096505,107,61,984
2026-09-13 19:34:48.729,1789338888.7296507,106,62,982
2026-09-13 19:34:48.749,1789338888.7496507,102,62,982
2026-09-13 19:34:48.769,1789338888.7696507,102,59,982
2026-09-13 19:34:48.789,1789338888.7896507,103,59,986
2026-09-13 19:34:48.809,1789338888.8096507,99,60,979
2026-09-13 19:34:48.829,1789338888.8296506,101,58,979
2026-09-13 19:34:48.849,1789338888.8496506,100,60,983
2026-09-13 19:34:48.869,1789338888.8696506,99,59,983
2026-09-13 19:34:48.889,1789338888.8896506,102,61,984
2026-09-13 19:34:48.909,1789338888.9096506,103,58,985
2026-09-13 19:34:48.929,1789338888.9296505,106,60,979
2026-09-13 19:34:48.949,1789338888.9496505,108,60,981
2026-09-13 19:34:48.969,1789338888.9696505,103,61,981
2026-09-13 19:34:48.989,1789338888.9896507,102,61,981
2026-09-13 19:34:49.009,1789338889.0096507,103,61,983
2026-09-13 19:34:49.029,1789338889.0296507,100,59,983
2026-09-13 19:34:49.049,1789338889.0496507,100,63,979
2026-09-13 19:34:49.056,1789338889.0563254,102,63,982
2026-09-13 19:34:49.076,1789338889.0763254,103,60,983
2026-09-13 19:34:49.096,1789338889.0963254,103,61,982
2026-09-13 19:34:49.116,1789338889.1163254,103,61,981
2026-09-13 19:34:49.136,1789338889.1363254,103,63,981
2026-09-13 19:34:49.156,1789338889.1563253,103,62,982
2026-09-13 19:34:49.176,1789338889.1763253,103,59,983
2026-09-13 19:34:49.196,1789338889.1963255,104,61,982
2026-09-13 19:34:49.216,1789338889.2163255,102,61,981
2026-09-13 19:34:49.236,1789338889.2363255,101,61,981
2026-09-13 19:34:49.256,1789338889.2563255,100,59,982
2026-09-13 19:34:49.276,1789338889.2763255,102,58,982
2026-09-13 19:34:49.296,1789338889.2963254,102,58,981
2026-09-13 19:34:49.316,1789338889.3163254,102,62,982
2026-09-13 19:34:49.336,1789338889.3363254,101,59,986
2026-09-13 19:34:49.356,1789338889.3563254,101,59,982
2026-09-13 19:34:49.376,1789338889.3763254,102,61,985
2026-09-13 19:34:49.396,1789338889.3963253,100,61,985
2026-09-13 19:34:49.416,1789338889.4163253,99,60,967
2026-09-13 19:34:49.436,1789338889.4363256,110,60,992
2026-09-13 19:34:49.456,1789338889.4563255,105,60,995
2026-09-13 19:34:49.476,1789338889.4763255,102,61,966
2026-09-13 19:34:49.496,1789338889.4963255,106,60,973
2026-09-13 19:34:49.516,1789338889.5163255,99,58,984
2026-09-13 19:34:49.536,1789338889.5363255,97,60,991
2026-09-13 19:34:49.556,1789338889.5563254,98,62,987
2026-09-13 19:34:49.576,1789338889.5763254,101,62,980
2026-09-13 19:34:49.596,1789338889.5963254,103,60,980
2026-09-13 19:34:49.616,1789338889.6163254,107,64,981
2026-09-13 19:34:49.636,1789338889.6363254,107,61,985
2026-09-13 19:34:49.656,1789338889.6563253,108,64,984
2026-09-13 19:34:49.676,1789338889.6763253,106,61,984
2026-09-13 19:34:49.696,1789338889.6963255,104,61,983
2026-09-13 19:34:49.716,1789338889.7163255,103,61,983
2026-09-13 19:34:49.736,1789338889.7363255,103,58,982
2026-09-13 19:34:49.756,1789338889.7563255,100,61,983
2026-09-13 19:34:49.763,1789338889.7633665,101,60,976
2026-09-13 19:34:49.783,1789338889.7833664,101,59,982
2026-09-13 19:34:49.803,1789338889.8033664,98,58,983
2026-09-13 19:34:49.823,1789338889.8233664,100,60,985
2026-09-13 19:34:49.843,1789338889.8433664,102,60,987
2026-09-13 19:34:49.863,1789338889.8633664,103,59,982
2026-09-13 19:34:49.883,1789338889.8833663,105,59,981
2026-09-13 19:34:49.903,1789338889.9033666,105,59,985
2026-09-13 19:34:49.923,1789338889.9233665,103,60,981
2026-09-13 19:34:49.943,1789338889.9433665,103,60,981
2026-09-13 19:34:49.963,1789338889.9633665,101,61,984
2026-09-13 19:34:49.983,1789338889.9833665,99,61,982
2026-09-13 19:34:50.003,1789338890.0033665,99,61,983
2026-09-13 19:34:50.023,1789338890.0233665,101,59,983
2026-09-13 19:34:50.043,1789338890.0433664,104,60,981
2026-09-13 19:34:50.063,1789338890.0633664,104,63,982
2026-09-13 19:34:50.083,1789338890.0833664,104,62,981
2026-09-13 19:34:50.103,1789338890.1033664,104,62,981
2026-09-13 19:34:50.123,1789338890.1233664,104,59,982
2026-09-13 19:34:50.143,1789338890.1433666,103,60,983
2026-09-13 19:34:50.163,1789338890.1633666,102,61,982
2026-09-13 19:34:50.183,1789338890.1833665,102,58,982
2026-09-13 19:34:50.203,1789338890.2033665,102,59,981
2026-09-13 19:34:50.223,1789338890.2233665,103,60,981
2026-09-13 19:34:50.243,1789338890.2433665,103,61,984
2026-09-13 19:34:50.263,1789338890.2633665,103,60,986
2026-09-13 19:34:50.283,1789338890.2833664,103,62,980
2026-09-13 19:34:50.303,1789338890.3033664,102,60,987
2026-09-13 19:34:50.323,1789338890.3233664,98,61,975
2026-09-13 19:34:50.343,1789338890.3433664,107,60,979
2026-09-13 19:34:50.363,1789338890.3633664,109,58,997
2026-09-13 19:34:50.383,1789338890.3833663,104,61,983
2026-09-13 19:34:50.403,1789338890.4033666,105,63,967
2026-09-13 19:34:50.423,1789338890.4233665,103,59,977
2026-09-13 19:34:50.443,1789338890.4433665,96,58,987
2026-09-13 19:34:50.463,1789338890.4633665,98,60,990
2026-09-13 19:34:50.470,1789338890.4706821,99,61,985
2026-09-13 19:34:50.490,1789338890.4906821,103,61,981
2026-09-13 19:34:50.510,1789338890.510682,104,62,981
2026-09-13 19:34:50.530,1789338890.530682,107,63,983
2026-09-13 19:34:50.550,1789338890.550682,109,62,985
2026-09-13 19:34:50.570,1789338890.570682,108,60,983
2026-09-13 19:34:50.590,1789338890.590682,105,60,982
2026-09-13 19:34:50.610,1789338890.6106822,102,61,981
2026-09-13 19:34:50.630,1789338890.6306822,102,60,984
2026-09-13 19:34:50.650,1789338890.6506822,104,57,984
2026-09-13 19:34:50.670,1789338890.6706822,100,59,979
2026-09-13 19:34:50.690,1789338890.6906822,99,58,979
2026-09-13 19:34:50.710,1789338890.7106822,100,58,986
2026-09-13 19:34:50.730,1789338890.7306821,99,58,981
2026-09-13 19:34:50.750,1789338890.750682,100,59,984
2026-09-13 19:34:50.770,1789338890.770682,101,59,985
2026-09-13 19:34:50.790,1789338890.790682,104,58,983
2026-09-13 19:34:50.810,1789338890.810682,104,59,983
2026-09-13 19:34:50.830,1789338890.830682,104,59,982
2026-09-13 19:34:50.850,1789338890.8506823,104,62,980
2026-09-13 19:34:50.870,1789338890.8706822,101,57,983
2026-09-13 19:34:50.890,1789338890.8906822,99,59,983
2026-09-13 19:34:50.910,1789338890.9106822,98,59,984
2026-09-13 19:34:50.930,1789338890.9306822,100,61,982
2026-09-13 19:34:50.950,1789338890.9506822,103,61,981
2026-09-13 19:34:50.970,1789338890.9706821,101,60,982
2026-09-13 19:34:50.990,1789338890.9906821,101,59,982
2026-09-13 19:34:51.010,1789338891.010682,104,59,985
2026-09-13 19:34:51.030,1789338891.030682,105,61,982
2026-09-13 19:34:51.050,1789338891.050682,103,59,980
2026-09-13 19:34:51.070,1789338891.070682,101,59,982
2026-09-13 19:34:51.090,1789338891.090682,101,59,983
2026-09-13 19:34:51.110,1789338891.1106822,103,58,982
2026-09-13 19:34:51.130,1789338891.1306822,103,61,982
2026-09-13 19:34:51.150,1789338891.1506822,101,58,985
2026-09-13 19:34:51.170,1789338891.1706822,101,61,983
2026-09-13 19:34:51.177,1789338891.1778758,103,62,980
2026-09-13 19:34:51.197,1789338891.1978757,103,60,986
2026-09-13 19:34:51.217,1789338891.2178757,100,62,968
2026-09-13 19:34:51.237,1789338891.2378757,110,61,986
2026-09-13 19:34:51.257,1789338891.2578757,106,59,996
2026-09-13 19:34:51.277,1789338891.2778757,103,62,976
2026-09-13 19:34:51.297,1789338891.2978756,108,62,967
2026-09-13 19:34:51.317,1789338891.3178759,102,58,982
2026-09-13 19:34:51.337,1789338891.3378758,96,60,989
2026-09-13 19:34:51.357,1789338891.3578758,97,63,989
2026-09-13 19:34:51.377,1789338891.3778758,99,61,983
2026-09-13 19:34:51.397,1789338891.3978758,103,59,979
2026-09-13 19:34:51.417,1789338891.4178758,105,63,981
2026-09-13 19:34:51.437,1789338891.4378757,110,64,980
2026-09-13 19:34:51.457,1789338891.4578757,109,63,984
2026-09-13 19:34:51.477,1789338891.4778757,107,63,983
2026-09-13 19:34:51.497,1789338891.4978757,105,61,982
2026-09-13 19:34:51.517,1789338891.5178757,104,61,982
2026-09-13 19:34:51.537,1789338891.5378757,104,61,982
2026-09-13 19:34:51.557,1789338891.5578759,101,58,985
2026-09-13 19:34:51.577,1789338891.5778759,98,58,976
2026-09-13 19:34:51.597,1789338891.5978758,103,58,978
2026-09-13 19:34:51.617,1789338891.6178758,99,59,981
2026-09-13 19:34:51.637,1789338891.6378758,100,62,980
2026-09-13 19:34:51.657,1789338891.6578758,102,61,984
2026-09-13 19:34:51.677,1789338891.6778758,105,59,982
2026-09-13 19:34:51.697,1789338891.6978757,104,60,979
2026-09-13 19:34:51.717,1789338891.7178757,106,61,983
2026-09-13 19:34:51.737,1789338891.7378757,102,60,983
2026-09-13 19:34:51.757,1789338891.7578757,103,60,981
2026-09-13 19:34:51.777,1789338891.7778757,100,62,982
2026-09-13 19:34:51.797,1789338891.7978756,100,61,982
2026-09-13 19:34:51.817,1789338891.8178759,101,61,979
2026-09-13 19:34:51.837,1789338891.8378758,103,60,981
2026-09-13 19:34:51.857,1789338891.8578758,102,62,984
2026-09-13 19:34:51.877,1789338891.8778758,103,63,982
2026-09-13 19:34:51.885,1789338891.8851,101,60,982
2026-09-13 19:34:51.905,1789338891.9050999,103,60,983
2026-09-13 19:34:51.925,1789338891.9250998,103,60,982
2026-09-13 19:34:51.945,1789338891.9450998,104,60,981
2026-09-13 19:34:51.965,1789338891.9650998,103,61,980
2026-09-13 19:34:51.985,1789338891.9850998,103,60,979
2026-09-13 19:34:52.005,1789338892.0050998,102,59,982
2026-09-13 19:34:52.025,1789338892.0251,101,60,985
2026-09-13 19:34:52.045,1789338892.0451,102,61,985
2026-09-13 19:34:52.065,1789338892.0651,101,63,981
2026-09-13 19:34:52.085,1789338892.0851,102,60,987
2026-09-13 19:34:52.105,1789338892.1051,98,61,971
2026-09-13 19:34:52.125,1789338892.1251,108,61,982
2026-09-13 19:34:52.145,1789338892.1450999,107,58,998
2026-09-13 19:34:52.165,1789338892.1650999,102,59,981
2026-09-13 19:34:52.185,1789338892.1850998,105,62,967
2026-09-13 19:34:52.205,1789338892.2050998,105,57,977
2026-09-13 19:34:52.225,1789338892.2250998,96,58,989
2026-09-13 19:34:52.245,1789338892.2450998,97,61,992
2026-09-13 19:34:52.265,1789338892.2651,98,62,983
2026-09-13 19:34:52.285,1789338892.2851,100,58,981
2026-09-13 19:34:52.305,1789338892.3051,106,61,980
2026-09-13 19:34:52.325,1789338892.3251,107,63,981
2026-09-13 19:34:52.345,1789338892.3451,109,62,984
2026-09-13 19:34:52.365,1789338892.3651,107,61,982
2026-09-13 19:34:52.385,1789338892.3851,105,59,981
2026-09-13 19:34:52.405,1789338892.4050999,103,60,983
2026-09-13 19:34:52.425,1789338892.4250998,102,59,983
2026-09-13 19:34:52.445,1789338892.4450998,101,58,984
2026-09-13 19:34:52.465,1789338892.4650998,99,58,978
2026-09-13 19:34:52.485,1789338892.4850998,101,58,980
2026-09-13 19:34:52.505,1789338892.5050998,99,58,983
2026-09-13 19:34:52.525,1789338892.5251,99,59,981
2026-09-13 19:34:52.545,1789338892.5451,102,62,985
2026-09-13 19:34:52.565,1789338892.5651,102,58,983
2026-09-13 19:34:52.585,1789338892.5851,104,60,980
2026-09-13 19:34:52.592,1789338892.5922632,107,59,984
2026-09-13 19:34:52.612,1789338892.6122632,103,59,981
2026-09-13 19:34:52.632,1789338892.6322632,104,60,981
2026-09-13 19:34:52.652,1789338892.6522632,102,59,981
2026-09-13 19:34:52.672,1789338892.6722631,100,61,982
2026-09-13 19:34:52.692,1789338892.6922631,99,60,982
2026-09-13 19:34:52.712,1789338892.712263,100,60,982
2026-09-13 19:34:52.732,1789338892.7322633,102,60,981
2026-09-13 19:34:52.752,1789338892.7522633,101,59,982
2026-09-13 19:34:52.772,1789338892.7722633,101,59,984
2026-09-13 19:34:52.792,1789338892.7922633,104,62,984
2026-09-13 19:34:52.812,1789338892.8122633,103,60,981
2026-09-13 19:34:52.832,1789338892.8322632,102,60,982
2026-09-13 19:34:52.852,1789338892.8522632,101,59,982
2026-09-13 19:34:52.872,1789338892.8722632,101,59,982
2026-09-13 19:34:52.892,1789338892.8922632,102,58,982
2026-09-13 19:34:52.912,1789338892.9122632,103,58,984
2026-09-13 19:34:52.932,1789338892.9322631,100,60,986
2026-09-13 19:34:52.952,1789338892.952263,101,62,982
2026-09-13 19:34:52.972,1789338892.9722633,101,61,984
2026-09-13 19:34:52.992,1789338892.9922633,99,60,981
2026-09-13 19:34:53.012,1789338893.0122633,100,62,970
2026-09-13 19:34:53.032,1789338893.0322633,110,57,992
2026-09-13 19:34:53.052,1789338893.0522633,105,59,996
2026-09-13 19:34:53.072,1789338893.0722632,104,62,969
2026-09-13 19:34:53.092,1789338893.0922632,106,59,972
2026-09-13 19:34:53.112,1789338893.1122632,100,58,986
2026-09-13 19:34:53.132,1789338893.1322632,96,56,991
2026-09-13 19:34:53.152,1789338893.1522632,96,61,988
2026-09-13 19:34:53.172,1789338893.1722631,98,59,984
2026-09-13 19:34:53.192,1789338893.1922631,103,59,981
2026-09-13 19:34:53.212,1789338893.212263,105,61,985
2026-09-13 19:34:53.232,1789338893.2322633,108,63,985
2026-09-13 19:34:53.252,1789338893.2522633,108,62,985
2026-09-13 19:34:53.272,1789338893.2722633,105,60,985
2026-09-13 19:34:53.292,1789338893.2922633,103,59,983
2026-09-13 19:34:53.299,1789338893.2996092,102,61,985
2026-09-13 19:34:53.319,1789338893.3196092,104,58,984
2026-09-13 19:34:53.339,1789338893.3396091,100,60,984
2026-09-13 19:34:53.359,1789338893.3596091,99,60,977
2026-09-13 19:34:53.379,1789338893.379609,102,58,984
2026-09-13 19:34:53.399,1789338893.399609,99,58,981
2026-09-13 19:34:53.419,1789338893.419609,100,59,985
2026-09-13 19:34:53.439,1789338893.4396093,101,58,988
2026-09-13 19:34:53.459,1789338893.4596093,102,58,985
2026-09-13 19:34:53.479,1789338893.4796093,105,60,982
2026-09-13 19:34:53.499,1789338893.4996092,106,59,984
2026-09-13 19:34:53.519,1789338893.5196092,104,60,980
2026-09-13 19:34:53.539,1789338893.5396092,102,61,980
2026-09-13 19:34:53.559,1789338893.5596092,100,59,982
2026-09-13 19:34:53.579,1789338893.5796092,100,60,984
2026-09-13 19:34:53.599,1789338893.5996091,101,62,981
2026-09-13 19:34:53.619,1789338893.619609,102,61,983
2026-09-13 19:34:53.639,1789338893.639609,101,60,983
2026-09-13 19:34:53.659,1789338893.659609,102,60,983
2026-09-13 19:34:53.679,1789338893.6796093,103,60,984
2026-09-13 19:34:53.699,1789338893.6996093,103,61,983
2026-09-13 19:34:53.719,1789338893.7196093,103,60,981
2026-09-13 19:34:53.739,1789338893.7396092,102,60,983
2026-09-13 19:34:53.759,1789338893.7596092,103,57,982
2026-09-13 19:34:53.779,1789338893.7796092,101,58,981
2026-09-13 19:34:53.799,1789338893.7996092,101,59,979
2026-09-13 19:34:53.819,1789338893.8196092,101,60,983
2026-09-13 19:34:53.839,1789338893.8396091,100,59,985
2026-09-13 19:34:53.859,1789338893.8596091,102,61,983
2026-09-13 19:34:53.879,1789338893.879609,103,60,983
2026-09-13 19:34:53.899,1789338893.899609,99,59,983
2026-09-13 19:34:53.919,1789338893.919609,98,60,969
2026-09-13 19:34:53.939,1789338893.9396093,110,58,993
2026-09-13 19:34:53.959,1789338893.9596093,105,59,996
2026-09-13 19:34:53.979,1789338893.9796093,104,62,970
2026-09-13 19:34:53.999,1789338893.9996092,108,61,970
2026-09-13 19:34:54.006,1789338894.0068638,100,57,983
2026-09-13 19:34:54.026,1789338894.0268638,95,57,989
2026-09-13 19:34:54.046,1789338894.0468638,98,61,988
2026-09-13 19:34:54.066,1789338894.0668638,101,62,981
2026-09-13 19:34:54.086,1789338894.0868638,102,59,981
2026-09-13 19:34:54.106,1789338894.1068637,106,62,981
2026-09-13 19:34:54.126,1789338894.1268637,109,62,982
2026-09-13 19:34:54.146,1789338894.146864,107,61,985
2026-09-13 19:34:54.166,1789338894.166864,107,61,983
2026-09-13 19:34:54.186,1789338894.186864,104,61,982
2026-09-13 19:34:54.206,1789338894.2068639,102,59,982
2026-09-13 19:34:54.226,1789338894.2268639,102,57,983
2026-09-13 19:34:54.246,1789338894.2468638,102,60,985
2026-09-13 19:34:54.266,1789338894.2668638,99,58,978
2026-09-13 19:34:54.286,1789338894.2868638,101,59,983
2026-09-13 19:34:54.306,1789338894.3068638,99,58,982
2026-09-13 19:34:54.326,1789338894.3268638,101,61,982
2026-09-13 19:34:54.346,1789338894.3468637,101,60,986
2026-09-13 19:34:54.366,1789338894.3668637,102,59,981
2026-09-13 19:34:54.386,1789338894.386864,104,59,982
2026-09-13 19:34:54.406,1789338894.406864,106,60,983
2026-09-13 19:34:54.426,1789338894.426864,102,61,980
2026-09-13 19:34:54.446,1789338894.446864,103,60,982
2026-09-13 19:34:54.466,1789338894.4668639,100,60,982
2026-09-13 19:34:54.486,1789338894.4868639,99,60,982
2026-09-13 19:34:54.506,1789338894.5068638,101,61,980
2026-09-13 19:34:54.526,1789338894.5268638,103,61,982
2026-09-13 19:34:54.546,1789338894.5468638,102,60,983
2026-09-13 19:34:54.566,1789338894.5668638,101,61,983
2026-09-13 19:34:54.586,1789338894.5868638,103,61,983
2026-09-13 19:34:54.606,1789338894.6068637,104,62,983
2026-09-13 19:34:54.626,1789338894.6268637,104,60,982
2026-09-13 19:34:54.646,1789338894.646864,103,60,982
2026-09-13 19:34:54.666,1789338894.666864,102,59,982
2026-09-13 19:34:54.686,1789338894.686864,101,60,982
2026-09-13 19:34:54.706,1789338894.7068639,103,59,981
2026-09-13 19:34:54.714,1789338894.7140574,102,58,982
2026-09-13 19:34:54.734,1789338894.7340574,102,60,986
2026-09-13 19:34:54.754,1789338894.7540574,101,61,983
2026-09-13 19:34:54.774,1789338894.7740574,101,62,983
2026-09-13 19:34:54.794,1789338894.7940574,102,60,986
2026-09-13 19:34:54.814,1789338894.8140574,100,62,968
2026-09-13 19:34:54.834,1789338894.8340573,110,60,986
2026-09-13 19:34:54.854,1789338894.8540576,107,59,996
2026-09-13 19:34:54.874,1789338894.8740575,104,61,975
2026-09-13 19:34:54.894,1789338894.8940575,107,63,969
2026-09-13 19:34:54.914,1789338894.9140575,101,58,982
2026-09-13 19:34:54.934,1789338894.9340575,95,57,989
2026-09-13 19:34:54.954,1789338894.9540575,96,61,989
2026-09-13 19:34:54.974,1789338894.9740574,100,62,984
2026-09-13 19:34:54.994,1789338894.9940574,103,59,980
2026-09-13 19:34:55.014,1789338895.0140574,108,62,982
2026-09-13 19:34:55.034,1789338895.0340574,108,64,983
2026-09-13 19:34:55.054,1789338895.0540574,110,64,985
2026-09-13 19:34:55.074,1789338895.0740573,107,61,984
2026-09-13 19:34:55.094,1789338895.0940576,103,59,982
2026-09-13 19:34:55.114,1789338895.1140575,103,60,982
2026-09-13 19:34:55.134,1789338895.1340575,103,59,980
2026-09-13 19:34:55.154,1789338895.1540575,101,60,986
2026-09-13 19:34:55.174,1789338895.1740575,99,60,978
2026-09-13 19:34:55.194,1789338895.1940575,102,58,982
2026-09-13 19:34:55.214,1789338895.2140574,101,59,983
2026-09-13 19:34:55.234,1789338895.2340574,101,61,981
2026-09-13 19:34:55.254,1789338895.2540574,100,61,986
2026-09-13 19:34:55.274,1789338895.2740574,101,57,983
2026-09-13 19:34:55.294,1789338895.2940574,106,59,981
2026-09-13 19:34:55.314,1789338895.3140574,107,60,983
2026-09-13 19:34:55.334,1789338895.3340573,103,62,981
2026-09-13 19:34:55.354,1789338895.3540576,103,62,979
2026-09-13 19:34:55.374,1789338895.3740575,101,59,983
2026-09-13 19:34:55.394,1789338895.3940575,100,60,983
2026-09-13 19:34:55.414,1789338895.4140575,100,62,982
2026-09-13 19:34:55.421,1789338895.4210374,100,61,982
2026-09-13 19:34:55.441,1789338895.4410374,102,61,982
2026-09-13 19:34:55.461,1789338895.4610374,102,60,980
2026-09-13 19:34:55.481,1789338895.4810374,103,61,983
2026-09-13 19:34:55.501,1789338895.5010374,103,62,983
2026-09-13 19:34:55.521,1789338895.5210373,103,61,984
2026-09-13 19:34:55.541,1789338895.5410373,104,58,981
2026-09-13 19:34:55.561,1789338895.5610375,101,58,981
2026-09-13 19:34:55.581,1789338895.5810375,100,60,983
2026-09-13 19:34:55.601,1789338895.6010375,102,58,981
2026-09-13 19:34:55.621,1789338895.6210375,103,60,980
2026-09-13 19:34:55.641,1789338895.6410375,102,60,983
2026-09-13 19:34:55.661,1789338895.6610374,103,60,984
2026-09-13 19:34:55.681,1789338895.6810374,101,61,981
2026-09-13 19:34:55.701,1789338895.7010374,102,61,986
2026-09-13 19:34:55.721,1789338895.7210374,101,60,983
2026-09-13 19:34:55.741,1789338895.7410374,102,61,967
2026-09-13 19:34:55.761,1789338895.7610373,111,57,989
2026-09-13 19:34:55.781,1789338895.7810373,104,61,995
2026-09-13 19:34:55.801,1789338895.8010375,104,62,968
2026-09-13 19:34:55.821,1789338895.8210375,105,60,971
2026-09-13 19:34:55.841,1789338895.8410375,99,57,987
2026-09-13 19:34:55.861,1789338895.8610375,96,60,989
2026-09-13 19:34:55.881,1789338895.8810375,97,62,989
2026-09-13 19:34:55.901,1789338895.9010375,100,60,981
2026-09-13 19:34:55.921,1789338895.9210374,102,58,981
2026-09-13 19:34:55.941,1789338895.9410374,106,62,981
2026-09-13 19:34:55.961,1789338895.9610374,109,65,982
2026-09-13 19:34:55.981,1789338895.9810374,108,61,981
2026-09-13 19:34:56.001,1789338896.0010374,106,61,982
2026-09-13 19:34:56.021,1789338896.0210373,104,61,982
2026-09-13 19:34:56.041,1789338896.0410373,102,60,981
2026-09-13 19:34:56.061,1789338896.0610375,102,59,983
2026-09-13 19:34:56.081,1789338896.0810375,101,61,984
2026-09-13 19:34:56.101,1789338896.1010375,98,59,978
2026-09-13 19:34:56.121,1789338896.1210375,102,57,984
2026-09-13 19:34:56.127,1789338896.1279564,98,59,982
2026-09-13 19:34:56.147,1789338896.1479564,102,60,984
2026-09-13 19:34:56.167,1789338896.1679564,101,60,986
2026-09-13 19:34:56.187,1789338896.1879563,102,58,984
2026-09-13 19:34:56.207,1789338896.2079563,104,59,982
2026-09-13 19:34:56.227,1789338896.2279563,104,60,984
2026-09-13 19:34:56.247,1789338896.2479563,101,60,980
2026-09-13 19:34:56.267,1789338896.2679565,104,60,982
2026-09-13 19:34:56.287,1789338896.2879565,100,60,984
2026-09-13 19:34:56.307,1789338896.3079565,99,60,982
2026-09-13 19:34:56.327,1789338896.3279564,100,61,981
2026-09-13 19:34:56.347,1789338896.3479564,101,62,982
2026-09-13 19:34:56.367,1789338896.3679564,102,60,982
2026-09-13 19:34:56.387,1789338896.3879564,100,60,981
2026-09-13 19:34:56.407,1789338896.4079564,103,61,984
2026-09-13 19:34:56.427,1789338896.4279563,104,60,981
2026-09-13 19:34:56.447,1789338896.4479563,104,60,981
2026-09-13 19:34:56.467,1789338896.4679563,103,59,982
2026-09-13 19:34:56.487,1789338896.4879563,102,59,983
2026-09-13 19:34:56.507,1789338896.5079565,101,58,980
2026-09-13 19:34:56.527,1789338896.5279565,102,60,982
2026-09-13 19:34:56.547,1789338896.5479565,103,59,980
2026-09-13 19:34:56.567,1789338896.5679564,102,59,985
2026-09-13 19:34:56.587,1789338896.5879564,101,61,980
2026-09-13 19:34:56.607,1789338896.6079564,104,63,981
2026-09-13 19:34:56.627,1789338896.6279564,102,61,983
2026-09-13 19:34:56.647,1789338896.6479564,101,61,967
2026-09-13 19:34:56.667,1789338896.6679564,109,58,990
2026-09-13 19:34:56.687,1789338896.6879563,106,60,996
2026-09-13 19:34:56.707,1789338896.7079563,104,61,970
2026-09-13 19:34:56.727,1789338896.7279563,108,61,972
2026-09-13 19:34:56.747,1789338896.7479563,103,58,983
2026-09-13 19:34:56.767,1789338896.7679565,97,58,989
2026-09-13 19:34:56.787,1789338896.7879565,98,62,987
2026-09-13 19:34:56.807,1789338896.8079565,99,62,981
2026-09-13 19:34:56.827,1789338896.8279564,103,58,981
2026-09-13 19:34:56.834,1789338896.8348753,107,60,981
2026-09-13 19:34:56.854,1789338896.8548753,109,64,981
2026-09-13 19:34:56.874,1789338896.8748753,109,62,983
2026-09-13 19:34:56.894,1789338896.8948753,105,60,983
2026-09-13 19:34:56.914,1789338896.9148753,104,60,979
2026-09-13 19:34:56.934,1789338896.9348752,104,60,982
2026-09-13 19:34:56.954,1789338896.9548752,102,59,983
2026-09-13 19:34:56.974,1789338896.9748755,101,60,986
2026-09-13 19:34:56.994,1789338896.9948754,99,59,976
2026-09-13 19:34:57.014,1789338897.0148754,102,57,982
2026-09-13 19:34:57.034,1789338897.0348754,98,59,978
2026-09-13 19:34:57.054,1789338897.0548754,101,62,982
2026-09-13 19:34:57.074,1789338897.0748754,102,62,985
2026-09-13 19:34:57.094,1789338897.0948753,104,59,984
2026-09-13 19:34:57.114,1789338897.1148753,104,60,981
2026-09-13 19:34:57.134,1789338897.1348753,105,60,982
2026-09-13 19:34:57.154,1789338897.1548753,104,61,980
2026-09-13 19:34:57.174,1789338897.1748753,103,62,980
2026-09-13 19:34:57.194,1789338897.1948752,102,61,983
2026-09-13 19:34:57.214,1789338897.2148755,100,60,981
2026-09-13 19:34:57.234,1789338897.2348754,101,61,980
2026-09-13 19:34:57.254,1789338897.2548754,102,61,982
2026-09-13 19:34:57.274,1789338897.2748754,102,61,981
2026-09-13 19:34:57.294,1789338897.2948754,102,61,980
2026-09-13 19:34:57.314,1789338897.3148754,103,62,981
2026-09-13 19:34:57.334,1789338897.3348753,104,62,980
2026-09-13 19:34:57.354,1789338897.3548753,103,62,981
2026-09-13 19:34:57.374,1789338897.3748753,103,60,982
2026-09-13 19:34:57.394,1789338897.3948753,102,59,982
2026-09-13 19:34:57.414,1789338897.4148753,103,59,980
2026-09-13 19:34:57.434,1789338897.4348752,104,60,981
2026-09-13 19:34:57.454,1789338897.4548752,102,60,982
2026-09-13 19:34:57.474,1789338897.4748755,102,61,983
2026-09-13 19:34:57.494,1789338897.4948754,101,62,983
2026-09-13 19:34:57.514,1789338897.5148754,101,62,980
2026-09-13 19:34:57.534,1789338897.5348754,103,60,984
2026-09-13 19:34:57.542,1789338897.542069,100,60,971
2026-09-13 19:34:57.562,1789338897.562069,109,60,985
2026-09-13 19:34:57.582,1789338897.582069,106,61,994
2026-09-13 19:34:57.602,1789338897.602069,103,61,978
2026-09-13 19:34:57.622,1789338897.622069,106,62,967
2026-09-13 19:34:57.642,1789338897.6420689,104,59,978
2026-09-13 19:34:57.662,1789338897.6620688,96,58,988
2026-09-13 19:34:57.682,1789338897.682069,98,62,989
2026-09-13 19:34:57.702,1789338897.702069,101,63,984
2026-09-13 19:34:57.722,1789338897.722069,103,59,981
2026-09-13 19:34:57.742,1789338897.742069,106,62,981
2026-09-13 19:34:57.762,1789338897.762069,111,64,981
2026-09-13 19:34:57.782,1789338897.782069,109,62,984
2026-09-13 19:34:57.802,1789338897.802069,107,62,983
2026-09-13 19:34:57.822,1789338897.822069,104,61,981
2026-09-13 19:34:57.842,1789338897.842069,103,59,982
2026-09-13 19:34:57.862,1789338897.862069,104,59,983
2026-09-13 19:34:57.882,1789338897.8820689,103,57,985
2026-09-13 19:34:57.902,1789338897.9020689,100,61,978
2026-09-13 19:34:57.922,1789338897.922069,102,61,980
2026-09-13 19:34:57.942,1789338897.942069,101,60,981
2026-09-13 19:34:57.962,1789338897.962069,102,60,978
2026-09-13 19:34:57.982,1789338897.982069,101,62,984
2026-09-13 19:34:58.002,1789338898.002069,102,59,985
2026-09-13 19:34:58.022,1789338898.022069,105,59,982
2026-09-13 19:34:58.042,1789338898.042069,108,61,980
2026-09-13 19:34:58.062,1789338898.062069,106,62,981
2026-09-13 19:34:58.082,1789338898.082069,103,62,980
2026-09-13 19:34:58.102,1789338898.102069,102,61,983
2026-09-13 19:34:58.122,1789338898.122069,100,60,982
2026-09-13 19:34:58.142,1789338898.1420689,102,61,982
2026-09-13 19:34:58.162,1789338898.1620688,100,61,979
2026-09-13 19:34:58.182,1789338898.182069,102,62,983
2026-09-13 19:34:58.202,1789338898.202069,104,61,982
2026-09-13 19:34:58.222,1789338898.222069,103,59,983
2026-09-13 19:34:58.242,1789338898.242069,104,62,981
2026-09-13 19:34:58.249,1789338898.2493238,103,61,980
2026-09-13 19:34:58.269,1789338898.2693238,104,61,982
2026-09-13 19:34:58.289,1789338898.2893238,102,59,982
2026-09-13 19:34:58.309,1789338898.3093238,103,61,980
2026-09-13 19:34:58.329,1789338898.3293238,101,59,979
2026-09-13 19:34:58.349,1789338898.3493237,103,57,981
2026-09-13 19:34:58.369,1789338898.3693237,101,60,985
2026-09-13 19:34:58.389,1789338898.389324,101,63,983
2026-09-13 19:34:58.409,1789338898.409324,103,62,981
2026-09-13 19:34:58.429,1789338898.429324,102,59,983
2026-09-13 19:34:58.449,1789338898.449324,100,61,970
2026-09-13 19:34:58.469,1789338898.4693239,110,60,990
2026-09-13 19:34:58.489,1789338898.4893239,104,61,994
2026-09-13 19:34:58.509,1789338898.5093238,104,61,972
2026-09-13 19:34:58.529,1789338898.5293238,107,60,969
2026-09-13 19:34:58.549,1789338898.5493238,101,59,983
2026-09-13 19:34:58.569,1789338898.5693238,95,59,989
2026-09-13 19:34:58.589,1789338898.5893238,98,61,989
2026-09-13 19:34:58.609,1789338898.6093237,102,62,982
2026-09-13 19:34:58.629,1789338898.629324,103,61,982
2026-09-13 19:34:58.649,1789338898.649324,107,62,981
2026-09-13 19:34:58.669,1789338898.669324,111,65,982
2026-09-13 19:34:58.689,1789338898.689324,109,61,983
2026-09-13 19:34:58.709,1789338898.709324,108,61,984
2026-09-13 19:34:58.729,1789338898.7293239,104,61,982
2026-09-13 19:34:58.749,1789338898.7493238,104,61,983
2026-09-13 19:34:58.769,1789338898.7693238,103,58,981
2026-09-13 19:34:58.789,1789338898.7893238,103,60,984
2026-09-13 19:34:58.809,1789338898.8093238,99,60,977
2026-09-13 19:34:58.829,1789338898.8293238,103,58,982
2026-09-13 19:34:58.849,1789338898.8493237,98,58,980
2026-09-13 19:34:58.869,1789338898.8693237,102,60,982
2026-09-13 19:34:58.889,1789338898.889324,101,60,985
2026-09-13 19:34:58.909,1789338898.909324,103,59,983
2026-09-13 19:34:58.929,1789338898.929324,105,59,981
2026-09-13 19:34:58.949,1789338898.949324,106,59,983
2026-09-13 19:34:58.956,1789338898.9565477,105,63,979
2026-09-13 19:34:58.976,1789338898.9765477,103,60,981
2026-09-13 19:34:58.996,1789338898.9965477,100,59,984
2026-09-13 19:34:59.016,1789338899.0165477,100,60,982
2026-09-13 19:34:59.036,1789338899.0365477,102,61,981
2026-09-13 19:34:59.056,1789338899.0565476,101,60,982
2026-09-13 19:34:59.076,1789338899.0765476,100,60,982
2026-09-13 19:34:59.096,1789338899.0965478,102,61,982
2026-09-13 19:34:59.116,1789338899.1165478,102,60,981
2026-09-13 19:34:59.136,1789338899.1365478,104,60,984
2026-09-13 19:34:59.156,1789338899.1565478,104,61,981
2026-09-13 19:34:59.176,1789338899.1765478,103,60,983
2026-09-13 19:34:59.196,1789338899.1965477,102,58,982
2026-09-13 19:34:59.216,1789338899.2165477,101,59,981
2026-09-13 19:34:59.236,1789338899.2365477,102,60,982
2026-09-13 19:34:59.256,1789338899.2565477,101,61,988
2026-09-13 19:34:59.276,1789338899.2765477,103,61,984
2026-09-13 19:34:59.296,1789338899.2965477,101,60,981
2026-09-13 19:34:59.316,1789338899.3165476,101,59,984
2026-09-13 19:34:59.336,1789338899.3365479,100,62,969
2026-09-13 19:34:59.356,1789338899.3565478,109,60,985
2026-09-13 19:34:59.376,1789338899.3765478,106,59,994
2026-09-13 19:34:59.396,1789338899.3965478,103,60,979
2026-09-13 19:34:59.416,1789338899.4165478,106,60,968
2026-09-13 19:34:59.436,1789338899.4365478,104,57,978
2026-09-13 19:34:59.456,1789338899.4565477,97,59,989
2026-09-13 19:34:59.476,1789338899.4765477,96,63,988
2026-09-13 19:34:59.496,1789338899.4965477,99,64,985
2026-09-13 19:34:59.516,1789338899.5165477,101,58,980
2026-09-13 19:34:59.536,1789338899.5365477,103,60,981
2026-09-13 19:34:59.556,1789338899.5565476,108,62,982
2026-09-13 19:34:59.576,1789338899.5765476,110,64,984
2026-09-13 19:34:59.596,1789338899.5965478,107,63,983
2026-09-13 19:34:59.616,1789338899.6165478,105,61,982
2026-09-13 19:34:59.636,1789338899.6365478,102,60,982
2026-09-13 19:34:59.656,1789338899.6565478,102,58,983
2026-09-13 19:34:59.663,1789338899.6637414,102,56,986
2026-09-13 19:34:59.683,1789338899.6837413,98,60,980
2026-09-13 19:34:59.703,1789338899.7037413,102,60,981
2026-09-13 19:34:59.723,1789338899.7237413,99,60,982
2026-09-13 19:34:59.743,1789338899.7437413,100,60,981
2026-09-13 19:34:59.763,1789338899.7637413,102,61,986
2026-09-13 19:34:59.783,1789338899.7837412,101,59,986
2026-09-13 19:34:59.803,1789338899.8037415,105,61,981
2026-09-13 19:34:59.823,1789338899.8237414,106,61,983
2026-09-13 19:34:59.843,1789338899.8437414,104,61,981
2026-09-13 19:34:59.863,1789338899.8637414,104,61,979
2026-09-13 19:34:59.883,1789338899.8837414,101,62,983
2026-09-13 19:34:59.903,1789338899.9037414,99,60,982
2026-09-13 19:34:59.923,1789338899.9237413,100,61,980
2026-09-13 19:34:59.943,1789338899.9437413,102,61,982
2026-09-13 19:34:59.963,1789338899.9637413,103,61,983
2026-09-13 19:34:59.983,1789338899.9837413,102,60,982
2026-09-13 19:35:00.003,1789338900.0037413,103,62,982
2026-09-13 19:35:00.023,1789338900.0237412,104,61,981
2026-09-13 19:35:00.043,1789338900.0437415,104,60,983
2026-09-13 19:35:00.063,1789338900.0637414,103,60,981
2026-09-13 19:35:00.083,1789338900.0837414,101,61,980
2026-09-13 19:35:00.103,1789338900.1037414,101,60,979
2026-09-13 19:35:00.123,1789338900.1237414,101,59,980
2026-09-13 19:35:00.143,1789338900.1437414,102,60,979
2026-09-13 19:35:00.163,1789338900.1637414,102,61,981
2026-09-13 19:35:00.183,1789338900.1837413,102,60,986
2026-09-13 19:35:00.203,1789338900.2037413,101,62,983
2026-09-13 19:35:00.223,1789338900.2237413,103,62,982
2026-09-13 19:35:00.243,1789338900.2437413,102,60,984
2026-09-13 19:35:00.263,1789338900.2637413,99,62,968
2026-09-13 19:35:00.283,1789338900.2837412,111,60,989
2026-09-13 19:35:00.303,1789338900.3037415,102,58,993
2026-09-13 19:35:00.323,1789338900.3237414,104,59,974
2026-09-13 19:35:00.343,1789338900.3437414,105,60,972
2026-09-13 19:35:00.363,1789338900.3637414,101,59,981
2026-09-13 19:35:00.370,1789338900.3708434,96,60,990
2026-09-13 19:35:00.390,1789338900.3908434,97,61,987
2026-09-13 19:35:00.410,1789338900.4108434,101,62,984
2026-09-13 19:35:00.430,1789338900.4308434,101,57,982
2026-09-13 19:35:00.450,1789338900.4508433,108,61,981
2026-09-13 19:35:00.470,1789338900.4708433,110,64,981
2026-09-13 19:35:00.490,1789338900.4908433,109,63,983
2026-09-13 19:35:00.510,1789338900.5108435,106,62,984
2026-09-13 19:35:00.530,1789338900.5308435,104,61,982
2026-09-13 19:35:00.550,1789338900.5508435,102,59,984
2026-09-13 19:35:00.570,1789338900.5708435,102,58,981
2026-09-13 19:35:00.590,1789338900.5908434,101,59,985
2026-09-13 19:35:00.610,1789338900.6108434,99,60,977
2026-09-13 19:35:00.630,1789338900.6308434,103,57,981
2026-09-13 19:35:00.650,1789338900.6508434,98,58,982
2026-09-13 19:35:00.670,1789338900.6708434,101,60,981
2026-09-13 19:35:00.690,1789338900.6908433,101,63,985
2026-09-13 19:35:00.710,1789338900.7108433,103,59,981
2026-09-13 19:35:00.730,1789338900.7308433,104,60,980
2026-09-13 19:35:00.750,1789338900.7508435,105,60,982
2026-09-13 19:35:00.770,1789338900.7708435,102,61,981
2026-09-13 19:35:00.790,1789338900.7908435,101,60,982
2026-09-13 19:35:00.810,1789338900.8108435,101,60,982
2026-09-13 19:35:00.830,1789338900.8308434,100,62,979
2026-09-13 19:35:00.850,1789338900.8508434,101,62,978
2026-09-13 19:35:00.870,1789338900.8708434,102,63,980
2026-09-13 19:35:00.890,1789338900.8908434,103,61,982
2026-09-13 19:35:00.910,1789338900.9108434,104,61,981
2026-09-13 19:35:00.930,1789338900.9308434,103,63,981
2026-09-13 19:35:00.950,1789338900.9508433,103,61,981
2026-09-13 19:35:00.970,1789338900.9708433,103,60,982
2026-09-13 19:35:00.990,1789338900.9908433,103,59,982
2026-09-13 19:35:01.010,1789338901.0108435,102,60,980
2026-09-13 19:35:01.030,1789338901.0308435,101,62,978
2026-09-13 19:35:01.050,1789338901.0508435,101,60,980
2026-09-13 19:35:01.070,1789338901.0708435,102,59,984
2026-09-13 19:35:01.077,1789338901.0779455,103,60,983
2026-09-13 19:35:01.097,1789338901.0979455,102,64,979
2026-09-13 19:35:01.117,1789338901.1179454,102,61,984
2026-09-13 19:35:01.137,1789338901.1379454,100,62,975
2026-09-13 19:35:01.157,1789338901.1579454,104,59,976
2026-09-13 19:35:01.177,1789338901.1779454,109,60,994
2026-09-13 19:35:01.197,1789338901.1979454,103,61,989
2026-09-13 19:35:01.217,1789338901.2179456,103,61,967
2026-09-13 19:35:01.237,1789338901.2379456,106,61,973
2026-09-13 19:35:01.257,1789338901.2579455,98,59,986
2026-09-13 19:35:01.277,1789338901.2779455,97,59,986
2026-09-13 19:35:01.297,1789338901.2979455,98,63,987
2026-09-13 19:35:01.317,1789338901.3179455,100,60,981
2026-09-13 19:35:01.337,1789338901.3379455,103,59,982
2026-09-13 19:35:01.357,1789338901.3579454,106,63,981
2026-09-13 19:35:01.377,1789338901.3779454,109,63,982
2026-09-13 19:35:01.397,1789338901.3979454,108,62,982
2026-09-13 19:35:01.417,1789338901.4179454,104,61,984
2026-09-13 19:35:01.437,1789338901.4379454,102,60,982
2026-09-13 19:35:01.457,1789338901.4579456,102,60,983
2026-09-13 19:35:01.477,1789338901.4779456,102,56,984
2026-09-13 19:35:01.497,1789338901.4979455,100,60,980
2026-09-13 19:35:01.517,1789338901.5179455,99,58,976
2026-09-13 19:35:01.537,1789338901.5379455,101,59,984
2026-09-13 19:35:01.557,1789338901.5579455,99,60,980
2026-09-13 19:35:01.577,1789338901.5779455,103,61,983
2026-09-13 19:35:01.597,1789338901.5979455,101,60,985
2026-09-13 19:35:01.617,1789338901.6179454,102,60,981
2026-09-13 19:35:01.637,1789338901.6379454,105,60,982
2026-09-13 19:35:01.657,1789338901.6579454,105,62,983
2026-09-13 19:35:01.677,1789338901.6779454,102,62,980
2026-09-13 19:35:01.697,1789338901.6979454,103,61,982
2026-09-13 19:35:01.717,1789338901.7179456,100,59,981
2026-09-13 19:35:01.737,1789338901.7379456,100,62,982
2026-09-13 19:35:01.757,1789338901.7579455,101,63,982
2026-09-13 19:35:01.777,1789338901.7779455,102,61,983
2026-09-13 19:35:01.785,1789338901.7852917,103,61,983
2026-09-13 19:35:01.805,1789338901.8052917,102,62,983
2026-09-13 19:35:01.825,1789338901.8252916,103,62,983
2026-09-13 19:35:01.845,1789338901.8452916,102,59,983
2026-09-13 19:35:01.865,1789338901.8652916,102,60,983
2026-09-13 19:35:01.885,1789338901.8852916,102,59,982
2026-09-13 19:35:01.905,1789338901.9052916,101,59,979
2026-09-13 19:35:01.925,1789338901.9252918,102,58,981
2026-09-13 19:35:01.945,1789338901.9452918,102,57,985
2026-09-13 19:35:01.965,1789338901.9652917,101,61,984
2026-09-13 19:35:01.985,1789338901.9852917,102,62,981
2026-09-13 19:35:02.005,1789338902.0052917,102,60,986
2026-09-13 19:35:02.025,1789338902.0252917,99,62,974
2026-09-13 19:35:02.045,1789338902.0452917,106,61,976
2026-09-13 19:35:02.065,1789338902.0652916,110,60,993
2026-09-13 19:35:02.085,1789338902.0852916,102,61,985
2026-09-13 19:35:02.105,1789338902.1052916,104,62,967
2026-09-13 19:35:02.125,1789338902.1252916,106,60,972
2026-09-13 19:35:02.145,1789338902.1452916,100,59,985
2026-09-13 19:35:02.165,1789338902.1652918,97,59,987
2026-09-13 19:35:02.185,1789338902.1852918,98,61,986
2026-09-13 19:35:02.205,1789338902.2052917,100,61,982
2026-09-13 19:35:02.225,1789338902.2252917,105,61,980
2026-09-13 19:35:02.245,1789338902.2452917,107,62,981
2026-09-13 19:35:02.265,1789338902.2652917,109,63,983
2026-09-13 19:35:02.285,1789338902.2852917,108,63,982
2026-09-13 19:35:02.305,1789338902.3052917,105,61,982
2026-09-13 19:35:02.325,1789338902.3252916,102,62,981
2026-09-13 19:35:02.345,1789338902.3452916,102,60,982
2026-09-13 19:35:02.365,1789338902.3652916,103,59,984
2026-09-13 19:35:02.385,1789338902.3852916,99,58,984
2026-09-13 19:35:02.405,1789338902.4052916,99,57,979
2026-09-13 19:35:02.425,1789338902.4252918,101,58,985
2026-09-13 19:35:02.445,1789338902.4452918,99,60,979
2026-09-13 19:35:02.465,1789338902.4652917,102,62,983
2026-09-13 19:35:02.485,1789338902.4852917,102,59,987
2026-09-13 19:35:02.492,1789338902.4924242,102,59,983
2026-09-13 19:35:02.512,1789338902.5124242,106,61,981
2026-09-13 19:35:02.532,1789338902.5324242,105,61,981
2026-09-13 19:35:02.552,1789338902.5524242,103,62,979
2026-09-13 19:35:02.572,1789338902.5724242,102,61,984
2026-09-13 19:35:02.592,1789338902.5924242,99,61,981
2026-09-13 19:35:02.612,1789338902.6124241,100,63,982
2026-09-13 19:35:02.632,1789338902.6324244,100,62,982
2026-09-13 19:35:02.652,1789338902.6524243,101,62,980
2026-09-13 19:35:02.672,1789338902.6724243,103,61,983
2026-09-13 19:35:02.692,1789338902.6924243,103,61,983
2026-09-13 19:35:02.712,1789338902.7124243,103,62,984
2026-09-13 19:35:02.732,1789338902.7324243,103,61,981
2026-09-13 19:35:02.752,1789338902.7524242,103,60,982
2026-09-13 19:35:02.772,1789338902.7724242,102,62,982
2026-09-13 19:35:02.792,1789338902.7924242,102,60,982
2026-09-13 19:35:02.812,1789338902.8124242,104,62,979
2026-09-13 19:35:02.832,1789338902.8324242,102,59,980
2026-09-13 19:35:02.852,1789338902.8524241,102,61,984
2026-09-13 19:35:02.872,1789338902.8724244,102,62,983
2026-09-13 19:35:02.892,1789338902.8924243,101,62,980
2026-09-13 19:35:02.912,1789338902.9124243,103,61,983
2026-09-13 19:35:02.932,1789338902.9324243,99,63,972
2026-09-13 19:35:02.952,1789338902.9524243,106,61,979
2026-09-13 19:35:02.972,1789338902.9724243,108,61,993
2026-09-13 19:35:02.992,1789338902.9924242,103,61,982
2026-09-13 19:35:03.012,1789338903.0124242,104,62,968
2026-09-13 19:35:03.032,1789338903.0324242,104,59,976
2026-09-13 19:35:03.052,1789338903.0524242,98,59,987
2026-09-13 19:35:03.072,1789338903.0724242,96,60,988
2026-09-13 19:35:03.092,1789338903.0924242,97,62,984
2026-09-13 19:35:03.112,1789338903.1124241,102,59,982
2026-09-13 19:35:03.132,1789338903.1324244,104,58,982
2026-09-13 19:35:03.152,1789338903.1524243,107,65,981
2026-09-13 19:35:03.172,1789338903.1724243,108,65,984
2026-09-13 19:35:03.192,1789338903.1924243,107,63,984
2026-09-13 19:35:03.199,1789338903.1993737,107,61,983
2026-09-13 19:35:03.219,1789338903.2193737,102,61,982
2026-09-13 19:35:03.239,1789338903.2393737,100,60,983
2026-09-13 19:35:03.259,1789338903.2593737,101,57,985
2026-09-13 19:35:03.279,1789338903.2793736,98,60,982
2026-09-13 19:35:03.299,1789338903.2993736,100,60,978
2026-09-13 19:35:03.319,1789338903.3193736,102,59,983
2026-09-13 19:35:03.339,1789338903.3393738,100,60,977
2026-09-13 19:35:03.359,1789338903.3593738,101,61,985
2026-09-13 19:35:03.379,1789338903.3793738,101,60,986
2026-09-13 19:35:03.399,1789338903.3993738,102,59,982
2026-09-13 19:35:03.419,1789338903.4193738,106,62,980
2026-09-13 19:35:03.439,1789338903.4393737,105,62,980
2026-09-13 19:35:03.459,1789338903.4593737,103,63,981
2026-09-13 19:35:03.479,1789338903.4793737,104,62,982
2026-09-13 19:35:03.499,1789338903.4993737,100,59,981
2026-09-13 19:35:03.519,1789338903.5193737,99,61,980
2026-09-13 19:35:03.539,1789338903.5393736,101,61,980
2026-09-13 19:35:03.559,1789338903.5593736,104,60,981
2026-09-13 19:35:03.579,1789338903.5793738,102,61,981
2026-09-13 19:35:03.599,1789338903.5993738,102,63,981
2026-09-13 19:35:03.619,1789338903.6193738,104,64,981
2026-09-13 19:35:03.639,1789338903.6393738,104,61,982
2026-09-13 19:35:03.659,1789338903.6593738,103,62,981
2026-09-13 19:35:03.679,1789338903.6793737,103,60,980
2026-09-13 19:35:03.699,1789338903.6993737,102,60,982
2026-09-13 19:35:03.719,1789338903.7193737,102,60,984
2026-09-13 19:35:03.739,1789338903.7393737,100,59,979
2026-09-13 19:35:03.759,1789338903.7593737,102,59,981
2026-09-13 19:35:03.779,1789338903.7793736,102,60,983
2026-09-13 19:35:03.799,1789338903.7993736,101,60,983
2026-09-13 19:35:03.819,1789338903.8193736,100,62,982
2026-09-13 19:35:03.839,1789338903.8393738,102,63,983
2026-09-13 19:35:03.859,1789338903.8593738,100,60,982
2026-09-13 19:35:03.879,1789338903.8793738,101,61,969
2026-09-13 19:35:03.899,1789338903.8993738,110,59,991
2026-09-13 19:35:03.906,1789338903.9064147,104,60,993
2026-09-13 19:35:03.926,1789338903.9264147,103,60,972
2026-09-13 19:35:03.946,1789338903.9464147,106,62,971
2026-09-13 19:35:03.966,1789338903.9664147,101,60,983
2026-09-13 19:35:03.986,1789338903.9864147,95,59,989
2026-09-13 19:35:04.006,1789338904.0064147,97,61,988
2026-09-13 19:35:04.026,1789338904.0264146,100,60,981
2026-09-13 19:35:04.046,1789338904.0464149,102,60,981
2026-09-13 19:35:04.066,1789338904.0664148,105,62,981
2026-09-13 19:35:04.086,1789338904.0864148,108,66,983
2026-09-13 19:35:04.106,1789338904.1064148,108,62,984
2026-09-13 19:35:04.126,1789338904.1264148,106,60,984
2026-09-13 19:35:04.146,1789338904.1464148,102,61,982
2026-09-13 19:35:04.166,1789338904.1664147,103,61,983
2026-09-13 19:35:04.186,1789338904.1864147,101,60,983
2026-09-13 19:35:04.206,1789338904.2064147,101,58,985
2026-09-13 19:35:04.226,1789338904.2264147,98,57,977
2026-09-13 19:35:04.246,1789338904.2464147,101,57,984
2026-09-13 19:35:04.266,1789338904.2664146,98,59,981
2026-09-13 19:35:04.286,1789338904.2864149,101,60,980
2026-09-13 19:35:04.306,1789338904.3064148,100,61,985
2026-09-13 19:35:04.326,1789338904.3264148,101,60,983
2026-09-13 19:35:04.346,1789338904.3464148,105,59,980
2026-09-13 19:35:04.366,1789338904.3664148,107,59,982
2026-09-13 19:35:04.386,1789338904.3864148,102,61,980
2026-09-13 19:35:04.406,1789338904.4064147,102,61,980
2026-09-13 19:35:04.426,1789338904.4264147,99,59,982
2026-09-13 19:35:04.446,1789338904.4464147,99,61,983
2026-09-13 19:35:04.466,1789338904.4664147,101,62,980
2026-09-13 19:35:04.486,1789338904.4864147,101,61,981
2026-09-13 19:35:04.506,1789338904.5064147,101,60,982
2026-09-13 19:35:04.526,1789338904.5264146,101,59,983
2026-09-13 19:35:04.546,1789338904.5464149,101,59,983
2026-09-13 19:35:04.566,1789338904.5664148,104,61,982
2026-09-13 19:35:04.586,1789338904.5864148,101,60,981
2026-09-13 19:35:04.606,1789338904.6064148,101,60,982
2026-09-13 19:35:04.613,1789338904.6135473,101,61,981
2026-09-13 19:35:04.633,1789338904.6335473,101,60,983
2026-09-13 19:35:04.653,1789338904.6535473,100,56,980
2026-09-13 19:35:04.673,1789338904.6735473,100,59,980
2026-09-13 19:35:04.693,1789338904.6935472,102,59,984
2026-09-13 19:35:04.713,1789338904.7135472,101,61,985
2026-09-13 19:35:04.733,1789338904.7335472,101,62,980
2026-09-13 19:35:04.753,1789338904.7535474,102,60,985
2026-09-13 19:35:04.773,1789338904.7735474,99,62,979
2026-09-13 19:35:04.793,1789338904.7935474,101,61,972
2026-09-13 19:35:04.813,1789338904.8135474,109,59,992
2026-09-13 19:35:04.833,1789338904.8335474,102,59,991
2026-09-13 19:35:04.853,1789338904.8535473,103,62,969
2026-09-13 19:35:04.873,1789338904.8735473,104,60,973
2026-09-13 19:35:04.893,1789338904.8935473,100,59,987
2026-09-13 19:35:04.913,1789338904.9135473,96,58,989
2026-09-13 19:35:04.933,1789338904.9335473,97,62,986
2026-09-13 19:35:04.953,1789338904.9535472,98,61,982
2026-09-13 19:35:04.973,1789338904.9735472,100,57,981
2026-09-13 19:35:04.993,1789338904.9935474,104,61,981
2026-09-13 19:35:05.013,1789338905.0135474,109,64,981
2026-09-13 19:35:05.033,1789338905.0335474,107,63,982
2026-09-13 19:35:05.053,1789338905.0535474,102,62,983
2026-09-13 19:35:05.073,1789338905.0735474,103,60,982
2026-09-13 19:35:05.093,1789338905.0935473,102,61,982
2026-09-13 19:35:05.113,1789338905.1135473,101,57,981
2026-09-13 19:35:05.133,1789338905.1335473,99,59,984
2026-09-13 19:35:05.153,1789338905.1535473,97,57,978
2026-09-13 19:35:05.173,1789338905.1735473,102,59,982
2026-09-13 19:35:05.193,1789338905.1935472,99,60,980
2026-09-13 19:35:05.213,1789338905.2135472,101,62,984
2026-09-13 19:35:05.233,1789338905.2335472,101,61,984
2026-09-13 19:35:05.253,1789338905.2535474,102,59,982
2026-09-13 19:35:05.273,1789338905.2735474,104,61,981
2026-09-13 19:35:05.293,1789338905.2935474,104,60,983
2026-09-13 19:35:05.313,1789338905.3135474,102,62,979
